ISO-10303-21;
HEADER;
FILE_DESCRIPTION(('FreeCAD Model'),'2;1');
FILE_NAME('Open CASCADE Shape Model','2026-07-16T12:01:50',(''),(''),
  'Open CASCADE STEP processor 7.8','FreeCAD','Unknown');
FILE_SCHEMA(('AUTOMOTIVE_DESIGN { 1 0 10303 214 1 1 1 1 }'));
ENDSEC;
DATA;
#1 = APPLICATION_PROTOCOL_DEFINITION('international standard',
  'automotive_design',2000,#2);
#2 = APPLICATION_CONTEXT(
  'core data for automotive mechanical design processes');
#3 = SHAPE_DEFINITION_REPRESENTATION(#4,#10);
#4 = PRODUCT_DEFINITION_SHAPE('','',#5);
#5 = PRODUCT_DEFINITION('design','',#6,#9);
#6 = PRODUCT_DEFINITION_FORMATION('','',#7);
#7 = PRODUCT('Body','Body','',(#8));
#8 = PRODUCT_CONTEXT('',#2,'mechanical');
#9 = PRODUCT_DEFINITION_CONTEXT('part definition',#2,'design');
#10 = ADVANCED_BREP_SHAPE_REPRESENTATION('',(#11,#15),#3947);
#11 = AXIS2_PLACEMENT_3D('',#12,#13,#14);
#12 = CARTESIAN_POINT('',(0.,0.,0.));
#13 = DIRECTION('',(0.,0.,1.));
#14 = DIRECTION('',(1.,0.,-0.));
#15 = MANIFOLD_SOLID_BREP('',#16);
#16 = CLOSED_SHELL('',(#17,#207,#232,#271,#303,#334,#358,#382,#414,#455,
    #487,#518,#558,#582,#622,#663,#695,#719,#759,#791,#824,#849,#874,
    #913,#946,#962,#1038,#1085,#1102,#1135,#1159,#1176,#1208,#1224,#1271
    ,#1293,#1562,#1579,#1603,#1627,#1651,#1668,#1808,#1825,#1842,#1866,
    #1883,#1908,#1920,#1945,#1976,#1998,#2029,#2060,#2084,#2109,#2121,
    #2139,#2151,#2163,#2210,#2242,#2266,#2280,#2304,#2336,#2360,#2399,
    #2431,#2455,#2487,#2526,#2550,#2597,#2636,#2668,#2700,#2717,#2742,
    #2766,#2791,#2815,#2832,#2849,#2866,#2883,#2914,#2938,#2962,#2979,
    #3010,#3034,#3058,#3075,#3087,#3104,#3116,#3133,#3171,#3183,#3249,
    #3281,#3305,#3328,#3348,#3360,#3425,#3441,#3463,#3487,#3511,#3523,
    #3546,#3566,#3578,#3593,#3627,#3642,#3684,#3708,#3733,#3766,#3783,
    #3804,#3836,#3853,#3885,#3902,#3923,#3935));
#17 = ADVANCED_FACE('',(#18,#29,#191),#202,.T.);
#18 = FACE_BOUND('',#19,.T.);
#19 = EDGE_LOOP('',(#20));
#20 = ORIENTED_EDGE('',*,*,#21,.F.);
#21 = EDGE_CURVE('',#22,#22,#24,.T.);
#22 = VERTEX_POINT('',#23);
#23 = CARTESIAN_POINT('',(17.05,-15.,-34.5));
#24 = CIRCLE('',#25,2.95);
#25 = AXIS2_PLACEMENT_3D('',#26,#27,#28);
#26 = CARTESIAN_POINT('',(20.,-15.,-34.5));
#27 = DIRECTION('',(0.,1.,-2.3E-16));
#28 = DIRECTION('',(-1.,0.,0.));
#29 = FACE_BOUND('',#30,.T.);
#30 = EDGE_LOOP('',(#31,#41,#49,#57,#65,#73,#81,#89,#97,#105,#113,#121,
    #129,#137,#145,#153,#161,#169,#177,#185));
#31 = ORIENTED_EDGE('',*,*,#32,.T.);
#32 = EDGE_CURVE('',#33,#35,#37,.T.);
#33 = VERTEX_POINT('',#34);
#34 = CARTESIAN_POINT('',(-27.5,-15.,-43.5));
#35 = VERTEX_POINT('',#36);
#36 = CARTESIAN_POINT('',(-27.5,-15.,-11.22474487139));
#37 = LINE('',#38,#39);
#38 = CARTESIAN_POINT('',(-27.5,-15.,-45.5));
#39 = VECTOR('',#40,1.);
#40 = DIRECTION('',(0.,2.2E-16,1.));
#41 = ORIENTED_EDGE('',*,*,#42,.F.);
#42 = EDGE_CURVE('',#43,#35,#45,.T.);
#43 = VERTEX_POINT('',#44);
#44 = CARTESIAN_POINT('',(-27.72474487139,-15.,-11.));
#45 = LINE('',#46,#47);
#46 = CARTESIAN_POINT('',(-16.23737243569,-15.,-22.48737243569));
#47 = VECTOR('',#48,1.);
#48 = DIRECTION('',(0.707106781187,-1.6E-16,-0.707106781187));
#49 = ORIENTED_EDGE('',*,*,#50,.T.);
#50 = EDGE_CURVE('',#43,#51,#53,.T.);
#51 = VERTEX_POINT('',#52);
#52 = CARTESIAN_POINT('',(27.724744871392,-15.,-11.));
#53 = LINE('',#54,#55);
#54 = CARTESIAN_POINT('',(-27.5,-15.,-11.));
#55 = VECTOR('',#56,1.);
#56 = DIRECTION('',(1.,0.,0.));
#57 = ORIENTED_EDGE('',*,*,#58,.T.);
#58 = EDGE_CURVE('',#51,#59,#61,.T.);
#59 = VERTEX_POINT('',#60);
#60 = CARTESIAN_POINT('',(27.5,-15.,-11.22474487139));
#61 = LINE('',#62,#63);
#62 = CARTESIAN_POINT('',(16.237372435696,-15.,-22.48737243569));
#63 = VECTOR('',#64,1.);
#64 = DIRECTION('',(-0.707106781187,-1.6E-16,-0.707106781187));
#65 = ORIENTED_EDGE('',*,*,#66,.T.);
#66 = EDGE_CURVE('',#59,#67,#69,.T.);
#67 = VERTEX_POINT('',#68);
#68 = CARTESIAN_POINT('',(27.5,-15.,-43.5));
#69 = LINE('',#70,#71);
#70 = CARTESIAN_POINT('',(27.5,-15.,-10.));
#71 = VECTOR('',#72,1.);
#72 = DIRECTION('',(0.,-2.2E-16,-1.));
#73 = ORIENTED_EDGE('',*,*,#74,.F.);
#74 = EDGE_CURVE('',#75,#67,#77,.T.);
#75 = VERTEX_POINT('',#76);
#76 = CARTESIAN_POINT('',(17.5,-15.,-43.5));
#77 = LINE('',#78,#79);
#78 = CARTESIAN_POINT('',(19.5,-15.,-43.5));
#79 = VECTOR('',#80,1.);
#80 = DIRECTION('',(1.,0.,0.));
#81 = ORIENTED_EDGE('',*,*,#82,.F.);
#82 = EDGE_CURVE('',#83,#75,#85,.T.);
#83 = VERTEX_POINT('',#84);
#84 = CARTESIAN_POINT('',(17.5,-15.,-55.5));
#85 = LINE('',#86,#87);
#86 = CARTESIAN_POINT('',(17.5,-15.,-55.5));
#87 = VECTOR('',#88,1.);
#88 = DIRECTION('',(0.,2.2E-16,1.));
#89 = ORIENTED_EDGE('',*,*,#90,.F.);
#90 = EDGE_CURVE('',#91,#83,#93,.T.);
#91 = VERTEX_POINT('',#92);
#92 = CARTESIAN_POINT('',(19.5,-15.,-55.5));
#93 = LINE('',#94,#95);
#94 = CARTESIAN_POINT('',(12.25,-15.,-55.5));
#95 = VECTOR('',#96,1.);
#96 = DIRECTION('',(-1.,0.,0.));
#97 = ORIENTED_EDGE('',*,*,#98,.F.);
#98 = EDGE_CURVE('',#99,#91,#101,.T.);
#99 = VERTEX_POINT('',#100);
#100 = CARTESIAN_POINT('',(24.5,-15.,-55.5));
#101 = LINE('',#102,#103);
#102 = CARTESIAN_POINT('',(24.5,-15.,-55.5));
#103 = VECTOR('',#104,1.);
#104 = DIRECTION('',(-1.,0.,0.));
#105 = ORIENTED_EDGE('',*,*,#106,.F.);
#106 = EDGE_CURVE('',#107,#99,#109,.T.);
#107 = VERTEX_POINT('',#108);
#108 = CARTESIAN_POINT('',(24.5,-15.,-63.));
#109 = LINE('',#110,#111);
#110 = CARTESIAN_POINT('',(24.5,-15.,-63.));
#111 = VECTOR('',#112,1.);
#112 = DIRECTION('',(0.,0.,1.));
#113 = ORIENTED_EDGE('',*,*,#114,.T.);
#114 = EDGE_CURVE('',#107,#115,#117,.T.);
#115 = VERTEX_POINT('',#116);
#116 = CARTESIAN_POINT('',(7.5,-15.,-63.));
#117 = LINE('',#118,#119);
#118 = CARTESIAN_POINT('',(29.5,-15.,-63.));
#119 = VECTOR('',#120,1.);
#120 = DIRECTION('',(-1.,0.,0.));
#121 = ORIENTED_EDGE('',*,*,#122,.F.);
#122 = EDGE_CURVE('',#123,#115,#125,.T.);
#123 = VERTEX_POINT('',#124);
#124 = CARTESIAN_POINT('',(12.5,-15.,-58.));
#125 = LINE('',#126,#127);
#126 = CARTESIAN_POINT('',(15.375,-15.,-55.125));
#127 = VECTOR('',#128,1.);
#128 = DIRECTION('',(-0.707106781187,-1.6E-16,-0.707106781187));
#129 = ORIENTED_EDGE('',*,*,#130,.F.);
#130 = EDGE_CURVE('',#131,#123,#133,.T.);
#131 = VERTEX_POINT('',#132);
#132 = CARTESIAN_POINT('',(-12.5,-15.,-58.));
#133 = LINE('',#134,#135);
#134 = CARTESIAN_POINT('',(-6.25,-15.,-58.));
#135 = VECTOR('',#136,1.);
#136 = DIRECTION('',(1.,0.,0.));
#137 = ORIENTED_EDGE('',*,*,#138,.F.);
#138 = EDGE_CURVE('',#139,#131,#141,.T.);
#139 = VERTEX_POINT('',#140);
#140 = CARTESIAN_POINT('',(-7.5,-15.,-63.));
#141 = LINE('',#142,#143);
#142 = CARTESIAN_POINT('',(-12.875,-15.,-57.625));
#143 = VECTOR('',#144,1.);
#144 = DIRECTION('',(-0.707106781187,1.6E-16,0.707106781187));
#145 = ORIENTED_EDGE('',*,*,#146,.T.);
#146 = EDGE_CURVE('',#139,#147,#149,.T.);
#147 = VERTEX_POINT('',#148);
#148 = CARTESIAN_POINT('',(-24.5,-15.,-63.));
#149 = LINE('',#150,#151);
#150 = CARTESIAN_POINT('',(29.5,-15.,-63.));
#151 = VECTOR('',#152,1.);
#152 = DIRECTION('',(-1.,0.,0.));
#153 = ORIENTED_EDGE('',*,*,#154,.F.);
#154 = EDGE_CURVE('',#155,#147,#157,.T.);
#155 = VERTEX_POINT('',#156);
#156 = CARTESIAN_POINT('',(-24.5,-15.,-55.5));
#157 = LINE('',#158,#159);
#158 = CARTESIAN_POINT('',(-24.5,-15.,-45.5));
#159 = VECTOR('',#160,1.);
#160 = DIRECTION('',(0.,0.,-1.));
#161 = ORIENTED_EDGE('',*,*,#162,.F.);
#162 = EDGE_CURVE('',#163,#155,#165,.T.);
#163 = VERTEX_POINT('',#164);
#164 = CARTESIAN_POINT('',(-19.5,-15.,-55.5));
#165 = LINE('',#166,#167);
#166 = CARTESIAN_POINT('',(-19.5,-15.,-55.5));
#167 = VECTOR('',#168,1.);
#168 = DIRECTION('',(-1.,0.,0.));
#169 = ORIENTED_EDGE('',*,*,#170,.T.);
#170 = EDGE_CURVE('',#163,#171,#173,.T.);
#171 = VERTEX_POINT('',#172);
#172 = CARTESIAN_POINT('',(-17.5,-15.,-55.5));
#173 = LINE('',#174,#175);
#174 = CARTESIAN_POINT('',(-9.75,-15.,-55.5));
#175 = VECTOR('',#176,1.);
#176 = DIRECTION('',(1.,0.,0.));
#177 = ORIENTED_EDGE('',*,*,#178,.F.);
#178 = EDGE_CURVE('',#179,#171,#181,.T.);
#179 = VERTEX_POINT('',#180);
#180 = CARTESIAN_POINT('',(-17.5,-15.,-43.5));
#181 = LINE('',#182,#183);
#182 = CARTESIAN_POINT('',(-17.5,-15.,-45.5));
#183 = VECTOR('',#184,1.);
#184 = DIRECTION('',(0.,-2.2E-16,-1.));
#185 = ORIENTED_EDGE('',*,*,#186,.F.);
#186 = EDGE_CURVE('',#33,#179,#187,.T.);
#187 = LINE('',#188,#189);
#188 = CARTESIAN_POINT('',(-29.5,-15.,-43.5));
#189 = VECTOR('',#190,1.);
#190 = DIRECTION('',(1.,0.,0.));
#191 = FACE_BOUND('',#192,.T.);
#192 = EDGE_LOOP('',(#193));
#193 = ORIENTED_EDGE('',*,*,#194,.F.);
#194 = EDGE_CURVE('',#195,#195,#197,.T.);
#195 = VERTEX_POINT('',#196);
#196 = CARTESIAN_POINT('',(-22.95,-15.,-34.5));
#197 = CIRCLE('',#198,2.95);
#198 = AXIS2_PLACEMENT_3D('',#199,#200,#201);
#199 = CARTESIAN_POINT('',(-20.,-15.,-34.5));
#200 = DIRECTION('',(0.,1.,-2.3E-16));
#201 = DIRECTION('',(-1.,0.,0.));
#202 = PLANE('',#203);
#203 = AXIS2_PLACEMENT_3D('',#204,#205,#206);
#204 = CARTESIAN_POINT('',(9.7E-16,-15.,-34.));
#205 = DIRECTION('',(0.,1.,-2.3E-16));
#206 = DIRECTION('',(0.,2.3E-16,1.));
#207 = ADVANCED_FACE('',(#208),#227,.F.);
#208 = FACE_BOUND('',#209,.T.);
#209 = EDGE_LOOP('',(#210,#218,#219,#220));
#210 = ORIENTED_EDGE('',*,*,#211,.F.);
#211 = EDGE_CURVE('',#22,#212,#214,.T.);
#212 = VERTEX_POINT('',#213);
#213 = CARTESIAN_POINT('',(18.5,-16.8,-34.5));
#214 = LINE('',#215,#216);
#215 = CARTESIAN_POINT('',(18.5,-16.8,-34.5));
#216 = VECTOR('',#217,1.);
#217 = DIRECTION('',(0.627329537873,-0.778753909083,1.8E-16));
#218 = ORIENTED_EDGE('',*,*,#21,.T.);
#219 = ORIENTED_EDGE('',*,*,#211,.T.);
#220 = ORIENTED_EDGE('',*,*,#221,.F.);
#221 = EDGE_CURVE('',#212,#212,#222,.T.);
#222 = CIRCLE('',#223,1.5);
#223 = AXIS2_PLACEMENT_3D('',#224,#225,#226);
#224 = CARTESIAN_POINT('',(20.,-16.8,-34.5));
#225 = DIRECTION('',(0.,1.,-2.3E-16));
#226 = DIRECTION('',(-1.,0.,0.));
#227 = CONICAL_SURFACE('',#228,1.5,0.678119307749);
#228 = AXIS2_PLACEMENT_3D('',#229,#230,#231);
#229 = CARTESIAN_POINT('',(20.,-16.8,-34.5));
#230 = DIRECTION('',(-0.,1.,-2.3E-16));
#231 = DIRECTION('',(-1.,0.,0.));
#232 = ADVANCED_FACE('',(#233),#266,.T.);
#233 = FACE_BOUND('',#234,.T.);
#234 = EDGE_LOOP('',(#235,#245,#253,#259,#260));
#235 = ORIENTED_EDGE('',*,*,#236,.T.);
#236 = EDGE_CURVE('',#237,#239,#241,.T.);
#237 = VERTEX_POINT('',#238);
#238 = CARTESIAN_POINT('',(-29.5,-13.,-43.5));
#239 = VERTEX_POINT('',#240);
#240 = CARTESIAN_POINT('',(-29.5,-13.,-9.414213562373));
#241 = LINE('',#242,#243);
#242 = CARTESIAN_POINT('',(-29.5,-13.,-45.5));
#243 = VECTOR('',#244,1.);
#244 = DIRECTION('',(0.,2.2E-16,1.));
#245 = ORIENTED_EDGE('',*,*,#246,.F.);
#246 = EDGE_CURVE('',#247,#239,#249,.T.);
#247 = VERTEX_POINT('',#248);
#248 = CARTESIAN_POINT('',(-29.63397459621,-12.86602540378,
    -9.090770275176));
#249 = LINE('',#250,#251);
#250 = CARTESIAN_POINT('',(-24.02606634139,-18.47393365861,
    -22.62945844052));
#251 = VECTOR('',#252,1.);
#252 = DIRECTION('',(0.357406744337,-0.357406744337,-0.862856209461));
#253 = ORIENTED_EDGE('',*,*,#254,.T.);
#254 = EDGE_CURVE('',#247,#35,#255,.T.);
#255 = LINE('',#256,#257);
#256 = CARTESIAN_POINT('',(-29.90824829046,-12.59175170953,
    -8.816496580928));
#257 = VECTOR('',#258,1.);
#258 = DIRECTION('',(0.57735026919,-0.57735026919,-0.57735026919));
#259 = ORIENTED_EDGE('',*,*,#32,.F.);
#260 = ORIENTED_EDGE('',*,*,#261,.T.);
#261 = EDGE_CURVE('',#33,#237,#262,.T.);
#262 = LINE('',#263,#264);
#263 = CARTESIAN_POINT('',(-28.5,-14.,-43.5));
#264 = VECTOR('',#265,1.);
#265 = DIRECTION('',(-0.707106781187,0.707106781187,2.5E-15));
#266 = PLANE('',#267);
#267 = AXIS2_PLACEMENT_3D('',#268,#269,#270);
#268 = CARTESIAN_POINT('',(-28.5,-14.,-45.5));
#269 = DIRECTION('',(0.707106781187,0.707106781187,-1.2E-16));
#270 = DIRECTION('',(-2.514718625761E-17,1.948528137424E-16,1.));
#271 = ADVANCED_FACE('',(#272),#298,.T.);
#272 = FACE_BOUND('',#273,.T.);
#273 = EDGE_LOOP('',(#274,#282,#283,#284,#292));
#274 = ORIENTED_EDGE('',*,*,#275,.T.);
#275 = EDGE_CURVE('',#276,#43,#278,.T.);
#276 = VERTEX_POINT('',#277);
#277 = CARTESIAN_POINT('',(-28.0176380902,-15.70710678118,
    -10.70710678118));
#278 = LINE('',#279,#280);
#279 = CARTESIAN_POINT('',(-27.77086416974,-15.11134183558,
    -10.95388070164));
#280 = VECTOR('',#281,1.);
#281 = DIRECTION('',(0.357406744337,0.862856209461,-0.357406744337));
#282 = ORIENTED_EDGE('',*,*,#42,.T.);
#283 = ORIENTED_EDGE('',*,*,#254,.F.);
#284 = ORIENTED_EDGE('',*,*,#285,.F.);
#285 = EDGE_CURVE('',#286,#247,#288,.T.);
#286 = VERTEX_POINT('',#287);
#287 = CARTESIAN_POINT('',(-30.5,-13.22474487139,-8.224744871392));
#288 = LINE('',#289,#290);
#289 = CARTESIAN_POINT('',(-30.10012969755,-13.05911316892,
    -8.624615173838));
#290 = VECTOR('',#291,1.);
#291 = DIRECTION('',(0.678598344546,0.281084637715,-0.678598344546));
#292 = ORIENTED_EDGE('',*,*,#293,.T.);
#293 = EDGE_CURVE('',#286,#276,#294,.T.);
#294 = LINE('',#295,#296);
#295 = CARTESIAN_POINT('',(-30.31649658092,-13.40824829046,
    -8.408248290464));
#296 = VECTOR('',#297,1.);
#297 = DIRECTION('',(0.57735026919,-0.57735026919,-0.57735026919));
#298 = PLANE('',#299);
#299 = AXIS2_PLACEMENT_3D('',#300,#301,#302);
#300 = CARTESIAN_POINT('',(-30.11237243569,-13.,-8.612372435696));
#301 = DIRECTION('',(0.707106781187,-2.E-16,0.707106781187));
#302 = DIRECTION('',(0.57735026919,-0.57735026919,-0.57735026919));
#303 = ADVANCED_FACE('',(#304),#329,.F.);
#304 = FACE_BOUND('',#305,.F.);
#305 = EDGE_LOOP('',(#306,#314,#322,#328));
#306 = ORIENTED_EDGE('',*,*,#307,.F.);
#307 = EDGE_CURVE('',#308,#33,#310,.T.);
#308 = VERTEX_POINT('',#309);
#309 = CARTESIAN_POINT('',(-27.5,-13.,-45.5));
#310 = LINE('',#311,#312);
#311 = CARTESIAN_POINT('',(-27.5,-13.5,-45.));
#312 = VECTOR('',#313,1.);
#313 = DIRECTION('',(6.7E-16,-0.707106781187,0.707106781187));
#314 = ORIENTED_EDGE('',*,*,#315,.T.);
#315 = EDGE_CURVE('',#308,#316,#318,.T.);
#316 = VERTEX_POINT('',#317);
#317 = CARTESIAN_POINT('',(-19.5,-13.,-45.5));
#318 = LINE('',#319,#320);
#319 = CARTESIAN_POINT('',(-29.5,-13.,-45.5));
#320 = VECTOR('',#321,1.);
#321 = DIRECTION('',(1.,0.,0.));
#322 = ORIENTED_EDGE('',*,*,#323,.F.);
#323 = EDGE_CURVE('',#179,#316,#324,.T.);
#324 = LINE('',#325,#326);
#325 = CARTESIAN_POINT('',(-20.5,-12.,-46.5));
#326 = VECTOR('',#327,1.);
#327 = DIRECTION('',(-0.57735026919,0.57735026919,-0.57735026919));
#328 = ORIENTED_EDGE('',*,*,#186,.F.);
#329 = PLANE('',#330);
#330 = AXIS2_PLACEMENT_3D('',#331,#332,#333);
#331 = CARTESIAN_POINT('',(-29.5,-14.,-44.5));
#332 = DIRECTION('',(0.,-0.707106781187,-0.707106781187));
#333 = DIRECTION('',(1.,0.,0.));
#334 = ADVANCED_FACE('',(#335),#353,.T.);
#335 = FACE_BOUND('',#336,.F.);
#336 = EDGE_LOOP('',(#337,#338,#339,#347));
#337 = ORIENTED_EDGE('',*,*,#275,.T.);
#338 = ORIENTED_EDGE('',*,*,#50,.T.);
#339 = ORIENTED_EDGE('',*,*,#340,.F.);
#340 = EDGE_CURVE('',#341,#51,#343,.T.);
#341 = VERTEX_POINT('',#342);
#342 = CARTESIAN_POINT('',(28.017638090205,-15.70710678118,
    -10.70710678118));
#343 = LINE('',#344,#345);
#344 = CARTESIAN_POINT('',(24.258025695074,-6.630599547594,
    -14.46671917631));
#345 = VECTOR('',#346,1.);
#346 = DIRECTION('',(-0.357406744337,0.862856209461,-0.357406744337));
#347 = ORIENTED_EDGE('',*,*,#348,.F.);
#348 = EDGE_CURVE('',#276,#341,#349,.T.);
#349 = LINE('',#350,#351);
#350 = CARTESIAN_POINT('',(-27.5,-15.70710678118,-10.70710678118));
#351 = VECTOR('',#352,1.);
#352 = DIRECTION('',(1.,0.,0.));
#353 = PLANE('',#354);
#354 = AXIS2_PLACEMENT_3D('',#355,#356,#357);
#355 = CARTESIAN_POINT('',(-27.5,-15.35355339059,-10.85355339059));
#356 = DIRECTION('',(0.,0.382683432365,0.923879532511));
#357 = DIRECTION('',(-1.,0.,0.));
#358 = ADVANCED_FACE('',(#359),#377,.T.);
#359 = FACE_BOUND('',#360,.T.);
#360 = EDGE_LOOP('',(#361,#362,#363,#371));
#361 = ORIENTED_EDGE('',*,*,#323,.F.);
#362 = ORIENTED_EDGE('',*,*,#178,.T.);
#363 = ORIENTED_EDGE('',*,*,#364,.T.);
#364 = EDGE_CURVE('',#171,#365,#367,.T.);
#365 = VERTEX_POINT('',#366);
#366 = CARTESIAN_POINT('',(-19.5,-13.,-55.5));
#367 = LINE('',#368,#369);
#368 = CARTESIAN_POINT('',(-18.5,-14.,-55.5));
#369 = VECTOR('',#370,1.);
#370 = DIRECTION('',(-0.707106781187,0.707106781187,-1.6E-16));
#371 = ORIENTED_EDGE('',*,*,#372,.F.);
#372 = EDGE_CURVE('',#316,#365,#373,.T.);
#373 = LINE('',#374,#375);
#374 = CARTESIAN_POINT('',(-19.5,-13.,-45.5));
#375 = VECTOR('',#376,1.);
#376 = DIRECTION('',(0.,-2.2E-16,-1.));
#377 = PLANE('',#378);
#378 = AXIS2_PLACEMENT_3D('',#379,#380,#381);
#379 = CARTESIAN_POINT('',(-18.5,-14.,-45.5));
#380 = DIRECTION('',(0.707106781187,0.707106781187,-2.3E-16));
#381 = DIRECTION('',(-5.263455967291E-17,-2.726345596729E-16,-1.));
#382 = ADVANCED_FACE('',(#383),#409,.T.);
#383 = FACE_BOUND('',#384,.F.);
#384 = EDGE_LOOP('',(#385,#386,#387,#395,#403));
#385 = ORIENTED_EDGE('',*,*,#340,.T.);
#386 = ORIENTED_EDGE('',*,*,#58,.T.);
#387 = ORIENTED_EDGE('',*,*,#388,.F.);
#388 = EDGE_CURVE('',#389,#59,#391,.T.);
#389 = VERTEX_POINT('',#390);
#390 = CARTESIAN_POINT('',(29.633974596216,-12.86602540378,
    -9.090770275176));
#391 = LINE('',#392,#393);
#392 = CARTESIAN_POINT('',(29.908248290464,-12.59175170953,
    -8.816496580928));
#393 = VECTOR('',#394,1.);
#394 = DIRECTION('',(-0.57735026919,-0.57735026919,-0.57735026919));
#395 = ORIENTED_EDGE('',*,*,#396,.F.);
#396 = EDGE_CURVE('',#397,#389,#399,.T.);
#397 = VERTEX_POINT('',#398);
#398 = CARTESIAN_POINT('',(30.5,-13.22474487139,-8.224744871392));
#399 = LINE('',#400,#401);
#400 = CARTESIAN_POINT('',(30.235005769248,-13.11498066706,
    -8.489739102143));
#401 = VECTOR('',#402,1.);
#402 = DIRECTION('',(-0.678598344546,0.281084637715,-0.678598344546));
#403 = ORIENTED_EDGE('',*,*,#404,.T.);
#404 = EDGE_CURVE('',#397,#341,#405,.T.);
#405 = LINE('',#406,#407);
#406 = CARTESIAN_POINT('',(30.316496580928,-13.40824829046,
    -8.408248290464));
#407 = VECTOR('',#408,1.);
#408 = DIRECTION('',(-0.57735026919,-0.57735026919,-0.57735026919));
#409 = PLANE('',#410);
#410 = AXIS2_PLACEMENT_3D('',#411,#412,#413);
#411 = CARTESIAN_POINT('',(30.112372435696,-13.,-8.612372435696));
#412 = DIRECTION('',(-0.707106781187,0.,0.707106781187));
#413 = DIRECTION('',(0.57735026919,0.57735026919,0.57735026919));
#414 = ADVANCED_FACE('',(#415),#450,.F.);
#415 = FACE_BOUND('',#416,.F.);
#416 = EDGE_LOOP('',(#417,#425,#433,#441,#447,#448,#449));
#417 = ORIENTED_EDGE('',*,*,#418,.T.);
#418 = EDGE_CURVE('',#365,#419,#421,.T.);
#419 = VERTEX_POINT('',#420);
#420 = CARTESIAN_POINT('',(-19.5,-12.,-55.5));
#421 = LINE('',#422,#423);
#422 = CARTESIAN_POINT('',(-19.5,-15.,-55.5));
#423 = VECTOR('',#424,1.);
#424 = DIRECTION('',(0.,1.,-2.2E-16));
#425 = ORIENTED_EDGE('',*,*,#426,.T.);
#426 = EDGE_CURVE('',#419,#427,#429,.T.);
#427 = VERTEX_POINT('',#428);
#428 = CARTESIAN_POINT('',(-21.5,-10.,-55.5));
#429 = LINE('',#430,#431);
#430 = CARTESIAN_POINT('',(-19.25,-12.25,-55.5));
#431 = VECTOR('',#432,1.);
#432 = DIRECTION('',(-0.707106781187,0.707106781187,-1.6E-16));
#433 = ORIENTED_EDGE('',*,*,#434,.T.);
#434 = EDGE_CURVE('',#427,#435,#437,.T.);
#435 = VERTEX_POINT('',#436);
#436 = CARTESIAN_POINT('',(-24.5,-10.,-55.5));
#437 = LINE('',#438,#439);
#438 = CARTESIAN_POINT('',(-19.5,-10.,-55.5));
#439 = VECTOR('',#440,1.);
#440 = DIRECTION('',(-1.,0.,0.));
#441 = ORIENTED_EDGE('',*,*,#442,.F.);
#442 = EDGE_CURVE('',#155,#435,#443,.T.);
#443 = LINE('',#444,#445);
#444 = CARTESIAN_POINT('',(-24.5,-15.,-55.5));
#445 = VECTOR('',#446,1.);
#446 = DIRECTION('',(0.,1.,-2.2E-16));
#447 = ORIENTED_EDGE('',*,*,#162,.F.);
#448 = ORIENTED_EDGE('',*,*,#170,.T.);
#449 = ORIENTED_EDGE('',*,*,#364,.T.);
#450 = PLANE('',#451);
#451 = AXIS2_PLACEMENT_3D('',#452,#453,#454);
#452 = CARTESIAN_POINT('',(-19.5,-15.,-55.5));
#453 = DIRECTION('',(0.,2.2E-16,1.));
#454 = DIRECTION('',(-1.,0.,0.));
#455 = ADVANCED_FACE('',(#456),#482,.T.);
#456 = FACE_BOUND('',#457,.T.);
#457 = EDGE_LOOP('',(#458,#468,#474,#475,#476));
#458 = ORIENTED_EDGE('',*,*,#459,.T.);
#459 = EDGE_CURVE('',#460,#462,#464,.T.);
#460 = VERTEX_POINT('',#461);
#461 = CARTESIAN_POINT('',(29.5,-13.,-9.414213562373));
#462 = VERTEX_POINT('',#463);
#463 = CARTESIAN_POINT('',(29.5,-13.,-43.5));
#464 = LINE('',#465,#466);
#465 = CARTESIAN_POINT('',(29.5,-13.,-10.));
#466 = VECTOR('',#467,1.);
#467 = DIRECTION('',(0.,-2.2E-16,-1.));
#468 = ORIENTED_EDGE('',*,*,#469,.T.);
#469 = EDGE_CURVE('',#462,#67,#470,.T.);
#470 = LINE('',#471,#472);
#471 = CARTESIAN_POINT('',(28.5,-14.,-43.5));
#472 = VECTOR('',#473,1.);
#473 = DIRECTION('',(-0.707106781187,-0.707106781187,-1.15E-15));
#474 = ORIENTED_EDGE('',*,*,#66,.F.);
#475 = ORIENTED_EDGE('',*,*,#388,.F.);
#476 = ORIENTED_EDGE('',*,*,#477,.T.);
#477 = EDGE_CURVE('',#389,#460,#478,.T.);
#478 = LINE('',#479,#480);
#479 = CARTESIAN_POINT('',(29.718065104776,-12.78193489522,
    -8.887757828943));
#480 = VECTOR('',#481,1.);
#481 = DIRECTION('',(-0.357406744337,-0.357406744337,-0.862856209461));
#482 = PLANE('',#483);
#483 = AXIS2_PLACEMENT_3D('',#484,#485,#486);
#484 = CARTESIAN_POINT('',(28.5,-14.,-10.));
#485 = DIRECTION('',(-0.707106781187,0.707106781187,-2.6E-16));
#486 = DIRECTION('',(7.38477631085E-17,-2.938477631085E-16,-1.));
#487 = ADVANCED_FACE('',(#488),#513,.F.);
#488 = FACE_BOUND('',#489,.F.);
#489 = EDGE_LOOP('',(#490,#498,#506,#512));
#490 = ORIENTED_EDGE('',*,*,#491,.F.);
#491 = EDGE_CURVE('',#492,#75,#494,.T.);
#492 = VERTEX_POINT('',#493);
#493 = CARTESIAN_POINT('',(19.5,-13.,-45.5));
#494 = LINE('',#495,#496);
#495 = CARTESIAN_POINT('',(20.5,-12.,-46.5));
#496 = VECTOR('',#497,1.);
#497 = DIRECTION('',(-0.57735026919,-0.57735026919,0.57735026919));
#498 = ORIENTED_EDGE('',*,*,#499,.T.);
#499 = EDGE_CURVE('',#492,#500,#502,.T.);
#500 = VERTEX_POINT('',#501);
#501 = CARTESIAN_POINT('',(27.5,-13.,-45.5));
#502 = LINE('',#503,#504);
#503 = CARTESIAN_POINT('',(19.5,-13.,-45.5));
#504 = VECTOR('',#505,1.);
#505 = DIRECTION('',(1.,0.,0.));
#506 = ORIENTED_EDGE('',*,*,#507,.T.);
#507 = EDGE_CURVE('',#500,#67,#508,.T.);
#508 = LINE('',#509,#510);
#509 = CARTESIAN_POINT('',(27.5,-13.5,-45.));
#510 = VECTOR('',#511,1.);
#511 = DIRECTION('',(-6.7E-16,-0.707106781187,0.707106781187));
#512 = ORIENTED_EDGE('',*,*,#74,.F.);
#513 = PLANE('',#514);
#514 = AXIS2_PLACEMENT_3D('',#515,#516,#517);
#515 = CARTESIAN_POINT('',(19.5,-14.,-44.5));
#516 = DIRECTION('',(-5.2E-16,-0.707106781187,-0.707106781187));
#517 = DIRECTION('',(1.,-3.67695526217E-16,-3.67695526217E-16));
#518 = ADVANCED_FACE('',(#519),#553,.F.);
#519 = FACE_BOUND('',#520,.F.);
#520 = EDGE_LOOP('',(#521,#529,#537,#545,#551,#552));
#521 = ORIENTED_EDGE('',*,*,#522,.T.);
#522 = EDGE_CURVE('',#435,#523,#525,.T.);
#523 = VERTEX_POINT('',#524);
#524 = CARTESIAN_POINT('',(-24.5,-10.,-47.5));
#525 = LINE('',#526,#527);
#526 = CARTESIAN_POINT('',(-24.5,-10.,-55.5));
#527 = VECTOR('',#528,1.);
#528 = DIRECTION('',(0.,0.,1.));
#529 = ORIENTED_EDGE('',*,*,#530,.T.);
#530 = EDGE_CURVE('',#523,#531,#533,.T.);
#531 = VERTEX_POINT('',#532);
#532 = CARTESIAN_POINT('',(-24.5,5.,-47.5));
#533 = LINE('',#534,#535);
#534 = CARTESIAN_POINT('',(-24.5,-10.,-47.5));
#535 = VECTOR('',#536,1.);
#536 = DIRECTION('',(0.,1.,-2.2E-16));
#537 = ORIENTED_EDGE('',*,*,#538,.T.);
#538 = EDGE_CURVE('',#531,#539,#541,.T.);
#539 = VERTEX_POINT('',#540);
#540 = CARTESIAN_POINT('',(-24.5,5.,-63.));
#541 = LINE('',#542,#543);
#542 = CARTESIAN_POINT('',(-24.5,5.,-45.5));
#543 = VECTOR('',#544,1.);
#544 = DIRECTION('',(0.,0.,-1.));
#545 = ORIENTED_EDGE('',*,*,#546,.F.);
#546 = EDGE_CURVE('',#147,#539,#547,.T.);
#547 = LINE('',#548,#549);
#548 = CARTESIAN_POINT('',(-24.5,-15.,-63.));
#549 = VECTOR('',#550,1.);
#550 = DIRECTION('',(0.,1.,-2.2E-16));
#551 = ORIENTED_EDGE('',*,*,#154,.F.);
#552 = ORIENTED_EDGE('',*,*,#442,.T.);
#553 = PLANE('',#554);
#554 = AXIS2_PLACEMENT_3D('',#555,#556,#557);
#555 = CARTESIAN_POINT('',(-24.5,-15.,-45.5));
#556 = DIRECTION('',(-1.,0.,0.));
#557 = DIRECTION('',(-0.,-2.2E-16,-1.));
#558 = ADVANCED_FACE('',(#559),#577,.T.);
#559 = FACE_BOUND('',#560,.T.);
#560 = EDGE_LOOP('',(#561,#569,#570,#571));
#561 = ORIENTED_EDGE('',*,*,#562,.F.);
#562 = EDGE_CURVE('',#83,#563,#565,.T.);
#563 = VERTEX_POINT('',#564);
#564 = CARTESIAN_POINT('',(19.5,-13.,-55.5));
#565 = LINE('',#566,#567);
#566 = CARTESIAN_POINT('',(19.75,-12.75,-55.5));
#567 = VECTOR('',#568,1.);
#568 = DIRECTION('',(0.707106781187,0.707106781187,-1.6E-16));
#569 = ORIENTED_EDGE('',*,*,#82,.T.);
#570 = ORIENTED_EDGE('',*,*,#491,.F.);
#571 = ORIENTED_EDGE('',*,*,#572,.F.);
#572 = EDGE_CURVE('',#563,#492,#573,.T.);
#573 = LINE('',#574,#575);
#574 = CARTESIAN_POINT('',(19.5,-13.,-55.5));
#575 = VECTOR('',#576,1.);
#576 = DIRECTION('',(0.,2.2E-16,1.));
#577 = PLANE('',#578);
#578 = AXIS2_PLACEMENT_3D('',#579,#580,#581);
#579 = CARTESIAN_POINT('',(18.5,-14.,-55.5));
#580 = DIRECTION('',(-0.707106781187,0.707106781187,-2.6E-16));
#581 = DIRECTION('',(-7.38477631085E-17,2.938477631085E-16,1.));
#582 = ADVANCED_FACE('',(#583),#617,.T.);
#583 = FACE_BOUND('',#584,.T.);
#584 = EDGE_LOOP('',(#585,#595,#601,#602,#603,#611));
#585 = ORIENTED_EDGE('',*,*,#586,.F.);
#586 = EDGE_CURVE('',#587,#589,#591,.T.);
#587 = VERTEX_POINT('',#588);
#588 = CARTESIAN_POINT('',(-29.5,5.,-63.));
#589 = VERTEX_POINT('',#590);
#590 = CARTESIAN_POINT('',(-29.5,-19.,-63.));
#591 = LINE('',#592,#593);
#592 = CARTESIAN_POINT('',(-29.5,5.,-63.));
#593 = VECTOR('',#594,1.);
#594 = DIRECTION('',(0.,-1.,2.2E-16));
#595 = ORIENTED_EDGE('',*,*,#596,.F.);
#596 = EDGE_CURVE('',#539,#587,#597,.T.);
#597 = LINE('',#598,#599);
#598 = CARTESIAN_POINT('',(-24.5,5.,-63.));
#599 = VECTOR('',#600,1.);
#600 = DIRECTION('',(-1.,0.,0.));
#601 = ORIENTED_EDGE('',*,*,#546,.F.);
#602 = ORIENTED_EDGE('',*,*,#146,.F.);
#603 = ORIENTED_EDGE('',*,*,#604,.T.);
#604 = EDGE_CURVE('',#139,#605,#607,.T.);
#605 = VERTEX_POINT('',#606);
#606 = CARTESIAN_POINT('',(-7.5,-19.,-63.));
#607 = LINE('',#608,#609);
#608 = CARTESIAN_POINT('',(-7.5,5.,-63.));
#609 = VECTOR('',#610,1.);
#610 = DIRECTION('',(0.,-1.,2.2E-16));
#611 = ORIENTED_EDGE('',*,*,#612,.F.);
#612 = EDGE_CURVE('',#589,#605,#613,.T.);
#613 = LINE('',#614,#615);
#614 = CARTESIAN_POINT('',(-29.5,-19.,-63.));
#615 = VECTOR('',#616,1.);
#616 = DIRECTION('',(1.,0.,0.));
#617 = PLANE('',#618);
#618 = AXIS2_PLACEMENT_3D('',#619,#620,#621);
#619 = CARTESIAN_POINT('',(0.,-11.3596491228,-63.));
#620 = DIRECTION('',(-0.,-0.,-1.));
#621 = DIRECTION('',(-1.,0.,0.));
#622 = ADVANCED_FACE('',(#623),#658,.F.);
#623 = FACE_BOUND('',#624,.F.);
#624 = EDGE_LOOP('',(#625,#633,#634,#635,#636,#644,#652));
#625 = ORIENTED_EDGE('',*,*,#626,.F.);
#626 = EDGE_CURVE('',#563,#627,#629,.T.);
#627 = VERTEX_POINT('',#628);
#628 = CARTESIAN_POINT('',(19.5,-12.,-55.5));
#629 = LINE('',#630,#631);
#630 = CARTESIAN_POINT('',(19.5,-15.,-55.5));
#631 = VECTOR('',#632,1.);
#632 = DIRECTION('',(0.,1.,-2.2E-16));
#633 = ORIENTED_EDGE('',*,*,#562,.F.);
#634 = ORIENTED_EDGE('',*,*,#90,.F.);
#635 = ORIENTED_EDGE('',*,*,#98,.F.);
#636 = ORIENTED_EDGE('',*,*,#637,.T.);
#637 = EDGE_CURVE('',#99,#638,#640,.T.);
#638 = VERTEX_POINT('',#639);
#639 = CARTESIAN_POINT('',(24.5,-10.,-55.5));
#640 = LINE('',#641,#642);
#641 = CARTESIAN_POINT('',(24.5,-15.,-55.5));
#642 = VECTOR('',#643,1.);
#643 = DIRECTION('',(0.,1.,-2.2E-16));
#644 = ORIENTED_EDGE('',*,*,#645,.T.);
#645 = EDGE_CURVE('',#638,#646,#648,.T.);
#646 = VERTEX_POINT('',#647);
#647 = CARTESIAN_POINT('',(21.5,-10.,-55.5));
#648 = LINE('',#649,#650);
#649 = CARTESIAN_POINT('',(24.5,-10.,-55.5));
#650 = VECTOR('',#651,1.);
#651 = DIRECTION('',(-1.,0.,0.));
#652 = ORIENTED_EDGE('',*,*,#653,.T.);
#653 = EDGE_CURVE('',#646,#627,#654,.T.);
#654 = LINE('',#655,#656);
#655 = CARTESIAN_POINT('',(20.5,-11.,-55.5));
#656 = VECTOR('',#657,1.);
#657 = DIRECTION('',(-0.707106781187,-0.707106781187,1.6E-16));
#658 = PLANE('',#659);
#659 = AXIS2_PLACEMENT_3D('',#660,#661,#662);
#660 = CARTESIAN_POINT('',(24.5,-15.,-55.5));
#661 = DIRECTION('',(0.,2.2E-16,1.));
#662 = DIRECTION('',(-1.,0.,0.));
#663 = ADVANCED_FACE('',(#664),#690,.F.);
#664 = FACE_BOUND('',#665,.F.);
#665 = EDGE_LOOP('',(#666,#676,#682,#683,#684));
#666 = ORIENTED_EDGE('',*,*,#667,.T.);
#667 = EDGE_CURVE('',#668,#670,#672,.T.);
#668 = VERTEX_POINT('',#669);
#669 = CARTESIAN_POINT('',(-8.5,-20.,-62.));
#670 = VERTEX_POINT('',#671);
#671 = CARTESIAN_POINT('',(-12.5,-20.,-58.));
#672 = LINE('',#673,#674);
#673 = CARTESIAN_POINT('',(-13.5,-20.,-57.));
#674 = VECTOR('',#675,1.);
#675 = DIRECTION('',(-0.707106781187,1.6E-16,0.707106781187));
#676 = ORIENTED_EDGE('',*,*,#677,.F.);
#677 = EDGE_CURVE('',#131,#670,#678,.T.);
#678 = LINE('',#679,#680);
#679 = CARTESIAN_POINT('',(-12.5,5.,-58.));
#680 = VECTOR('',#681,1.);
#681 = DIRECTION('',(0.,-1.,2.2E-16));
#682 = ORIENTED_EDGE('',*,*,#138,.F.);
#683 = ORIENTED_EDGE('',*,*,#604,.T.);
#684 = ORIENTED_EDGE('',*,*,#685,.T.);
#685 = EDGE_CURVE('',#605,#668,#686,.T.);
#686 = LINE('',#687,#688);
#687 = CARTESIAN_POINT('',(-7.333333333333,-18.83333333333,
    -63.16666666666));
#688 = VECTOR('',#689,1.);
#689 = DIRECTION('',(-0.57735026919,-0.57735026919,0.57735026919));
#690 = PLANE('',#691);
#691 = AXIS2_PLACEMENT_3D('',#692,#693,#694);
#692 = CARTESIAN_POINT('',(-7.5,5.,-63.));
#693 = DIRECTION('',(-0.707106781187,-1.6E-16,-0.707106781187));
#694 = DIRECTION('',(-0.707106781187,1.6E-16,0.707106781187));
#695 = ADVANCED_FACE('',(#696),#714,.F.);
#696 = FACE_BOUND('',#697,.F.);
#697 = EDGE_LOOP('',(#698,#699,#700,#708));
#698 = ORIENTED_EDGE('',*,*,#130,.F.);
#699 = ORIENTED_EDGE('',*,*,#677,.T.);
#700 = ORIENTED_EDGE('',*,*,#701,.T.);
#701 = EDGE_CURVE('',#670,#702,#704,.T.);
#702 = VERTEX_POINT('',#703);
#703 = CARTESIAN_POINT('',(12.5,-20.,-58.));
#704 = LINE('',#705,#706);
#705 = CARTESIAN_POINT('',(-6.25,-20.,-58.));
#706 = VECTOR('',#707,1.);
#707 = DIRECTION('',(1.,0.,0.));
#708 = ORIENTED_EDGE('',*,*,#709,.F.);
#709 = EDGE_CURVE('',#123,#702,#710,.T.);
#710 = LINE('',#711,#712);
#711 = CARTESIAN_POINT('',(12.5,5.,-58.));
#712 = VECTOR('',#713,1.);
#713 = DIRECTION('',(0.,-1.,2.2E-16));
#714 = PLANE('',#715);
#715 = AXIS2_PLACEMENT_3D('',#716,#717,#718);
#716 = CARTESIAN_POINT('',(-12.5,5.,-58.));
#717 = DIRECTION('',(0.,2.2E-16,1.));
#718 = DIRECTION('',(1.,0.,0.));
#719 = ADVANCED_FACE('',(#720),#754,.F.);
#720 = FACE_BOUND('',#721,.F.);
#721 = EDGE_LOOP('',(#722,#730,#731,#732,#740,#748));
#722 = ORIENTED_EDGE('',*,*,#723,.T.);
#723 = EDGE_CURVE('',#724,#638,#726,.T.);
#724 = VERTEX_POINT('',#725);
#725 = CARTESIAN_POINT('',(24.5,-10.,-47.5));
#726 = LINE('',#727,#728);
#727 = CARTESIAN_POINT('',(24.5,-10.,-45.5));
#728 = VECTOR('',#729,1.);
#729 = DIRECTION('',(0.,0.,-1.));
#730 = ORIENTED_EDGE('',*,*,#637,.F.);
#731 = ORIENTED_EDGE('',*,*,#106,.F.);
#732 = ORIENTED_EDGE('',*,*,#733,.T.);
#733 = EDGE_CURVE('',#107,#734,#736,.T.);
#734 = VERTEX_POINT('',#735);
#735 = CARTESIAN_POINT('',(24.5,5.,-63.));
#736 = LINE('',#737,#738);
#737 = CARTESIAN_POINT('',(24.5,-15.,-63.));
#738 = VECTOR('',#739,1.);
#739 = DIRECTION('',(0.,1.,-2.2E-16));
#740 = ORIENTED_EDGE('',*,*,#741,.T.);
#741 = EDGE_CURVE('',#734,#742,#744,.T.);
#742 = VERTEX_POINT('',#743);
#743 = CARTESIAN_POINT('',(24.5,5.,-47.5));
#744 = LINE('',#745,#746);
#745 = CARTESIAN_POINT('',(24.5,5.,-63.));
#746 = VECTOR('',#747,1.);
#747 = DIRECTION('',(0.,0.,1.));
#748 = ORIENTED_EDGE('',*,*,#749,.F.);
#749 = EDGE_CURVE('',#724,#742,#750,.T.);
#750 = LINE('',#751,#752);
#751 = CARTESIAN_POINT('',(24.5,-10.,-47.5));
#752 = VECTOR('',#753,1.);
#753 = DIRECTION('',(0.,1.,-2.2E-16));
#754 = PLANE('',#755);
#755 = AXIS2_PLACEMENT_3D('',#756,#757,#758);
#756 = CARTESIAN_POINT('',(24.5,-15.,-63.));
#757 = DIRECTION('',(1.,0.,0.));
#758 = DIRECTION('',(0.,2.2E-16,1.));
#759 = ADVANCED_FACE('',(#760),#786,.F.);
#760 = FACE_BOUND('',#761,.F.);
#761 = EDGE_LOOP('',(#762,#770,#771,#772,#780));
#762 = ORIENTED_EDGE('',*,*,#763,.F.);
#763 = EDGE_CURVE('',#115,#764,#766,.T.);
#764 = VERTEX_POINT('',#765);
#765 = CARTESIAN_POINT('',(7.5,-19.,-63.));
#766 = LINE('',#767,#768);
#767 = CARTESIAN_POINT('',(7.5,5.,-63.));
#768 = VECTOR('',#769,1.);
#769 = DIRECTION('',(0.,-1.,2.2E-16));
#770 = ORIENTED_EDGE('',*,*,#122,.F.);
#771 = ORIENTED_EDGE('',*,*,#709,.T.);
#772 = ORIENTED_EDGE('',*,*,#773,.T.);
#773 = EDGE_CURVE('',#702,#774,#776,.T.);
#774 = VERTEX_POINT('',#775);
#775 = CARTESIAN_POINT('',(8.5,-20.,-62.));
#776 = LINE('',#777,#778);
#777 = CARTESIAN_POINT('',(16.,-20.,-54.5));
#778 = VECTOR('',#779,1.);
#779 = DIRECTION('',(-0.707106781187,-1.6E-16,-0.707106781187));
#780 = ORIENTED_EDGE('',*,*,#781,.F.);
#781 = EDGE_CURVE('',#764,#774,#782,.T.);
#782 = LINE('',#783,#784);
#783 = CARTESIAN_POINT('',(5.333333333333,-16.83333333333,
    -65.16666666666));
#784 = VECTOR('',#785,1.);
#785 = DIRECTION('',(0.57735026919,-0.57735026919,0.57735026919));
#786 = PLANE('',#787);
#787 = AXIS2_PLACEMENT_3D('',#788,#789,#790);
#788 = CARTESIAN_POINT('',(12.5,5.,-58.));
#789 = DIRECTION('',(0.707106781187,-1.6E-16,-0.707106781187));
#790 = DIRECTION('',(-0.707106781187,-1.6E-16,-0.707106781187));
#791 = ADVANCED_FACE('',(#792),#819,.T.);
#792 = FACE_BOUND('',#793,.T.);
#793 = EDGE_LOOP('',(#794,#804,#810,#811,#812,#813));
#794 = ORIENTED_EDGE('',*,*,#795,.T.);
#795 = EDGE_CURVE('',#796,#798,#800,.T.);
#796 = VERTEX_POINT('',#797);
#797 = CARTESIAN_POINT('',(29.5,5.,-63.));
#798 = VERTEX_POINT('',#799);
#799 = CARTESIAN_POINT('',(29.5,-19.,-63.));
#800 = LINE('',#801,#802);
#801 = CARTESIAN_POINT('',(29.5,5.,-63.));
#802 = VECTOR('',#803,1.);
#803 = DIRECTION('',(0.,-1.,2.2E-16));
#804 = ORIENTED_EDGE('',*,*,#805,.F.);
#805 = EDGE_CURVE('',#764,#798,#806,.T.);
#806 = LINE('',#807,#808);
#807 = CARTESIAN_POINT('',(7.5,-19.,-63.));
#808 = VECTOR('',#809,1.);
#809 = DIRECTION('',(1.,0.,0.));
#810 = ORIENTED_EDGE('',*,*,#763,.F.);
#811 = ORIENTED_EDGE('',*,*,#114,.F.);
#812 = ORIENTED_EDGE('',*,*,#733,.T.);
#813 = ORIENTED_EDGE('',*,*,#814,.T.);
#814 = EDGE_CURVE('',#734,#796,#815,.T.);
#815 = LINE('',#816,#817);
#816 = CARTESIAN_POINT('',(-34.5,5.,-63.));
#817 = VECTOR('',#818,1.);
#818 = DIRECTION('',(1.,0.,0.));
#819 = PLANE('',#820);
#820 = AXIS2_PLACEMENT_3D('',#821,#822,#823);
#821 = CARTESIAN_POINT('',(0.,-11.3596491228,-63.));
#822 = DIRECTION('',(-0.,-0.,-1.));
#823 = DIRECTION('',(-1.,0.,0.));
#824 = ADVANCED_FACE('',(#825),#844,.F.);
#825 = FACE_BOUND('',#826,.T.);
#826 = EDGE_LOOP('',(#827,#835,#836,#837));
#827 = ORIENTED_EDGE('',*,*,#828,.F.);
#828 = EDGE_CURVE('',#195,#829,#831,.T.);
#829 = VERTEX_POINT('',#830);
#830 = CARTESIAN_POINT('',(-21.5,-16.8,-34.5));
#831 = LINE('',#832,#833);
#832 = CARTESIAN_POINT('',(-21.5,-16.8,-34.5));
#833 = VECTOR('',#834,1.);
#834 = DIRECTION('',(0.627329537873,-0.778753909083,1.8E-16));
#835 = ORIENTED_EDGE('',*,*,#194,.T.);
#836 = ORIENTED_EDGE('',*,*,#828,.T.);
#837 = ORIENTED_EDGE('',*,*,#838,.F.);
#838 = EDGE_CURVE('',#829,#829,#839,.T.);
#839 = CIRCLE('',#840,1.5);
#840 = AXIS2_PLACEMENT_3D('',#841,#842,#843);
#841 = CARTESIAN_POINT('',(-20.,-16.8,-34.5));
#842 = DIRECTION('',(0.,1.,-2.3E-16));
#843 = DIRECTION('',(-1.,0.,0.));
#844 = CONICAL_SURFACE('',#845,1.5,0.678119307749);
#845 = AXIS2_PLACEMENT_3D('',#846,#847,#848);
#846 = CARTESIAN_POINT('',(-20.,-16.8,-34.5));
#847 = DIRECTION('',(-0.,1.,-2.3E-16));
#848 = DIRECTION('',(-1.,0.,0.));
#849 = ADVANCED_FACE('',(#850),#869,.F.);
#850 = FACE_BOUND('',#851,.F.);
#851 = EDGE_LOOP('',(#852,#860,#861,#862));
#852 = ORIENTED_EDGE('',*,*,#853,.F.);
#853 = EDGE_CURVE('',#212,#854,#856,.T.);
#854 = VERTEX_POINT('',#855);
#855 = CARTESIAN_POINT('',(18.5,-20.,-34.5));
#856 = LINE('',#857,#858);
#857 = CARTESIAN_POINT('',(18.5,-15.,-34.5));
#858 = VECTOR('',#859,1.);
#859 = DIRECTION('',(0.,-1.,2.2E-16));
#860 = ORIENTED_EDGE('',*,*,#221,.F.);
#861 = ORIENTED_EDGE('',*,*,#853,.T.);
#862 = ORIENTED_EDGE('',*,*,#863,.T.);
#863 = EDGE_CURVE('',#854,#854,#864,.T.);
#864 = CIRCLE('',#865,1.5);
#865 = AXIS2_PLACEMENT_3D('',#866,#867,#868);
#866 = CARTESIAN_POINT('',(20.,-20.,-34.5));
#867 = DIRECTION('',(0.,1.,-2.2E-16));
#868 = DIRECTION('',(-1.,0.,0.));
#869 = CYLINDRICAL_SURFACE('',#870,1.5);
#870 = AXIS2_PLACEMENT_3D('',#871,#872,#873);
#871 = CARTESIAN_POINT('',(20.,-15.,-34.5));
#872 = DIRECTION('',(0.,1.,-2.2E-16));
#873 = DIRECTION('',(-1.,0.,0.));
#874 = ADVANCED_FACE('',(#875),#908,.F.);
#875 = FACE_BOUND('',#876,.F.);
#876 = EDGE_LOOP('',(#877,#887,#895,#901,#902));
#877 = ORIENTED_EDGE('',*,*,#878,.F.);
#878 = EDGE_CURVE('',#879,#881,#883,.T.);
#879 = VERTEX_POINT('',#880);
#880 = CARTESIAN_POINT('',(-29.5,5.,-7.));
#881 = VERTEX_POINT('',#882);
#882 = CARTESIAN_POINT('',(-29.5,-10.58578643762,-7.));
#883 = LINE('',#884,#885);
#884 = CARTESIAN_POINT('',(-29.5,5.,-7.));
#885 = VECTOR('',#886,1.);
#886 = DIRECTION('',(0.,-1.,2.2E-16));
#887 = ORIENTED_EDGE('',*,*,#888,.F.);
#888 = EDGE_CURVE('',#889,#879,#891,.T.);
#889 = VERTEX_POINT('',#890);
#890 = CARTESIAN_POINT('',(-29.5,5.,-43.5));
#891 = LINE('',#892,#893);
#892 = CARTESIAN_POINT('',(-29.5,5.,-63.));
#893 = VECTOR('',#894,1.);
#894 = DIRECTION('',(0.,0.,1.));
#895 = ORIENTED_EDGE('',*,*,#896,.F.);
#896 = EDGE_CURVE('',#237,#889,#897,.T.);
#897 = LINE('',#898,#899);
#898 = CARTESIAN_POINT('',(-29.5,-15.,-43.5));
#899 = VECTOR('',#900,1.);
#900 = DIRECTION('',(0.,1.,-2.2E-16));
#901 = ORIENTED_EDGE('',*,*,#236,.T.);
#902 = ORIENTED_EDGE('',*,*,#903,.T.);
#903 = EDGE_CURVE('',#239,#881,#904,.T.);
#904 = LINE('',#905,#906);
#905 = CARTESIAN_POINT('',(-29.5,-12.29289321881,-8.707106781187));
#906 = VECTOR('',#907,1.);
#907 = DIRECTION('',(0.,0.707106781187,0.707106781187));
#908 = PLANE('',#909);
#909 = AXIS2_PLACEMENT_3D('',#910,#911,#912);
#910 = CARTESIAN_POINT('',(-29.5,5.,-63.));
#911 = DIRECTION('',(-1.,0.,0.));
#912 = DIRECTION('',(0.,2.2E-16,1.));
#913 = ADVANCED_FACE('',(#914),#941,.F.);
#914 = FACE_BOUND('',#915,.T.);
#915 = EDGE_LOOP('',(#916,#926,#932,#933,#934,#935));
#916 = ORIENTED_EDGE('',*,*,#917,.F.);
#917 = EDGE_CURVE('',#918,#920,#922,.T.);
#918 = VERTEX_POINT('',#919);
#919 = CARTESIAN_POINT('',(-30.5,-11.7752551286,-6.775255128608));
#920 = VERTEX_POINT('',#921);
#921 = CARTESIAN_POINT('',(-29.63397459621,-10.90922972482,
    -7.133974596216));
#922 = LINE('',#923,#924);
#923 = CARTESIAN_POINT('',(-29.50475791263,-10.78001304124,
    -7.187497899038));
#924 = VECTOR('',#925,1.);
#925 = DIRECTION('',(0.678598344546,0.678598344546,-0.281084637715));
#926 = ORIENTED_EDGE('',*,*,#927,.F.);
#927 = EDGE_CURVE('',#286,#918,#928,.T.);
#928 = LINE('',#929,#930);
#929 = CARTESIAN_POINT('',(-30.5,-13.,-8.));
#930 = VECTOR('',#931,1.);
#931 = DIRECTION('',(0.,0.707106781187,0.707106781187));
#932 = ORIENTED_EDGE('',*,*,#285,.T.);
#933 = ORIENTED_EDGE('',*,*,#246,.T.);
#934 = ORIENTED_EDGE('',*,*,#903,.T.);
#935 = ORIENTED_EDGE('',*,*,#936,.F.);
#936 = EDGE_CURVE('',#920,#881,#937,.T.);
#937 = LINE('',#938,#939);
#938 = CARTESIAN_POINT('',(-27.40513538987,-5.528335884516,
    -4.90513538987));
#939 = VECTOR('',#940,1.);
#940 = DIRECTION('',(0.357406744337,0.862856209461,0.357406744337));
#941 = PLANE('',#942);
#942 = AXIS2_PLACEMENT_3D('',#943,#944,#945);
#943 = CARTESIAN_POINT('',(-30.,-12.6464466094,-8.353553390593));
#944 = DIRECTION('',(-0.707106781187,0.5,-0.5));
#945 = DIRECTION('',(-8.326672684689E-17,-0.707106781187,-0.707106781187
    ));
#946 = ADVANCED_FACE('',(#947),#957,.T.);
#947 = FACE_BOUND('',#948,.T.);
#948 = EDGE_LOOP('',(#949,#950,#956));
#949 = ORIENTED_EDGE('',*,*,#307,.F.);
#950 = ORIENTED_EDGE('',*,*,#951,.T.);
#951 = EDGE_CURVE('',#308,#237,#952,.T.);
#952 = LINE('',#953,#954);
#953 = CARTESIAN_POINT('',(-28.,-13.,-45.));
#954 = VECTOR('',#955,1.);
#955 = DIRECTION('',(-0.707106781187,3.17E-15,0.707106781187));
#956 = ORIENTED_EDGE('',*,*,#261,.F.);
#957 = PLANE('',#958);
#958 = AXIS2_PLACEMENT_3D('',#959,#960,#961);
#959 = CARTESIAN_POINT('',(-27.5,-13.,-45.5));
#960 = DIRECTION('',(0.57735026919,0.57735026919,0.57735026919));
#961 = DIRECTION('',(-0.707106781187,0.707106781187,2.470246229791E-15)
  );
#962 = ADVANCED_FACE('',(#963,#997),#1033,.T.);
#963 = FACE_BOUND('',#964,.T.);
#964 = EDGE_LOOP('',(#965,#975,#983,#991));
#965 = ORIENTED_EDGE('',*,*,#966,.F.);
#966 = EDGE_CURVE('',#967,#969,#971,.T.);
#967 = VERTEX_POINT('',#968);
#968 = CARTESIAN_POINT('',(-33.5,-19.29289321881,-14.29289321881));
#969 = VERTEX_POINT('',#970);
#970 = CARTESIAN_POINT('',(-33.5,-5.707106781187,-0.707106781187));
#971 = LINE('',#972,#973);
#972 = CARTESIAN_POINT('',(-33.5,-20.,-15.));
#973 = VECTOR('',#974,1.);
#974 = DIRECTION('',(0.,0.707106781187,0.707106781187));
#975 = ORIENTED_EDGE('',*,*,#976,.F.);
#976 = EDGE_CURVE('',#977,#967,#979,.T.);
#977 = VERTEX_POINT('',#978);
#978 = CARTESIAN_POINT('',(33.5,-19.29289321881,-14.29289321881));
#979 = LINE('',#980,#981);
#980 = CARTESIAN_POINT('',(34.5,-19.29289321881,-14.29289321881));
#981 = VECTOR('',#982,1.);
#982 = DIRECTION('',(-1.,-0.,-0.));
#983 = ORIENTED_EDGE('',*,*,#984,.F.);
#984 = EDGE_CURVE('',#985,#977,#987,.T.);
#985 = VERTEX_POINT('',#986);
#986 = CARTESIAN_POINT('',(33.5,-5.707106781187,-0.707106781187));
#987 = LINE('',#988,#989);
#988 = CARTESIAN_POINT('',(33.5,-5.,1.1E-16));
#989 = VECTOR('',#990,1.);
#990 = DIRECTION('',(0.,-0.707106781187,-0.707106781187));
#991 = ORIENTED_EDGE('',*,*,#992,.T.);
#992 = EDGE_CURVE('',#985,#969,#993,.T.);
#993 = LINE('',#994,#995);
#994 = CARTESIAN_POINT('',(34.5,-5.707106781187,-0.707106781187));
#995 = VECTOR('',#996,1.);
#996 = DIRECTION('',(-1.,0.,0.));
#997 = FACE_BOUND('',#998,.T.);
#998 = EDGE_LOOP('',(#999,#1009,#1017,#1023,#1024,#1025,#1026,#1027));
#999 = ORIENTED_EDGE('',*,*,#1000,.T.);
#1000 = EDGE_CURVE('',#1001,#1003,#1005,.T.);
#1001 = VERTEX_POINT('',#1002);
#1002 = CARTESIAN_POINT('',(-28.0176380902,-9.292893218813,
    -4.292893218813));
#1003 = VERTEX_POINT('',#1004);
#1004 = CARTESIAN_POINT('',(28.017638090205,-9.292893218813,
    -4.292893218813));
#1005 = LINE('',#1006,#1007);
#1006 = CARTESIAN_POINT('',(-27.5,-9.292893218813,-4.292893218813));
#1007 = VECTOR('',#1008,1.);
#1008 = DIRECTION('',(1.,0.,0.));
#1009 = ORIENTED_EDGE('',*,*,#1010,.F.);
#1010 = EDGE_CURVE('',#1011,#1003,#1013,.T.);
#1011 = VERTEX_POINT('',#1012);
#1012 = CARTESIAN_POINT('',(30.5,-11.7752551286,-6.775255128608));
#1013 = LINE('',#1014,#1015);
#1014 = CARTESIAN_POINT('',(30.316496580928,-11.59175170953,
    -6.591751709536));
#1015 = VECTOR('',#1016,1.);
#1016 = DIRECTION('',(-0.57735026919,0.57735026919,0.57735026919));
#1017 = ORIENTED_EDGE('',*,*,#1018,.T.);
#1018 = EDGE_CURVE('',#1011,#397,#1019,.T.);
#1019 = LINE('',#1020,#1021);
#1020 = CARTESIAN_POINT('',(30.5,-12.,-7.));
#1021 = VECTOR('',#1022,1.);
#1022 = DIRECTION('',(0.,-0.707106781187,-0.707106781187));
#1023 = ORIENTED_EDGE('',*,*,#404,.T.);
#1024 = ORIENTED_EDGE('',*,*,#348,.F.);
#1025 = ORIENTED_EDGE('',*,*,#293,.F.);
#1026 = ORIENTED_EDGE('',*,*,#927,.T.);
#1027 = ORIENTED_EDGE('',*,*,#1028,.F.);
#1028 = EDGE_CURVE('',#1001,#918,#1029,.T.);
#1029 = LINE('',#1030,#1031);
#1030 = CARTESIAN_POINT('',(-28.31649658092,-9.591751709536,
    -4.591751709536));
#1031 = VECTOR('',#1032,1.);
#1032 = DIRECTION('',(-0.57735026919,-0.57735026919,-0.57735026919));
#1033 = PLANE('',#1034);
#1034 = AXIS2_PLACEMENT_3D('',#1035,#1036,#1037);
#1035 = CARTESIAN_POINT('',(34.5,-5.,0.));
#1036 = DIRECTION('',(0.,-0.707106781187,0.707106781187));
#1037 = DIRECTION('',(0.,-0.707106781187,-0.707106781187));
#1038 = ADVANCED_FACE('',(#1039),#1080,.T.);
#1039 = FACE_BOUND('',#1040,.T.);
#1040 = EDGE_LOOP('',(#1041,#1049,#1057,#1065,#1073,#1079));
#1041 = ORIENTED_EDGE('',*,*,#1042,.T.);
#1042 = EDGE_CURVE('',#316,#1043,#1045,.T.);
#1043 = VERTEX_POINT('',#1044);
#1044 = CARTESIAN_POINT('',(-19.5,-12.,-45.5));
#1045 = LINE('',#1046,#1047);
#1046 = CARTESIAN_POINT('',(-19.5,-15.,-45.5));
#1047 = VECTOR('',#1048,1.);
#1048 = DIRECTION('',(0.,1.,-2.2E-16));
#1049 = ORIENTED_EDGE('',*,*,#1050,.F.);
#1050 = EDGE_CURVE('',#1051,#1043,#1053,.T.);
#1051 = VERTEX_POINT('',#1052);
#1052 = CARTESIAN_POINT('',(-26.5,-12.,-45.5));
#1053 = LINE('',#1054,#1055);
#1054 = CARTESIAN_POINT('',(-24.5,-12.,-45.5));
#1055 = VECTOR('',#1056,1.);
#1056 = DIRECTION('',(1.,0.,0.));
#1057 = ORIENTED_EDGE('',*,*,#1058,.T.);
#1058 = EDGE_CURVE('',#1051,#1059,#1061,.T.);
#1059 = VERTEX_POINT('',#1060);
#1060 = CARTESIAN_POINT('',(-26.5,5.,-45.5));
#1061 = LINE('',#1062,#1063);
#1062 = CARTESIAN_POINT('',(-26.5,-10.,-45.5));
#1063 = VECTOR('',#1064,1.);
#1064 = DIRECTION('',(0.,1.,-2.2E-16));
#1065 = ORIENTED_EDGE('',*,*,#1066,.F.);
#1066 = EDGE_CURVE('',#1067,#1059,#1069,.T.);
#1067 = VERTEX_POINT('',#1068);
#1068 = CARTESIAN_POINT('',(-27.5,5.,-45.5));
#1069 = LINE('',#1070,#1071);
#1070 = CARTESIAN_POINT('',(-29.5,5.,-45.5));
#1071 = VECTOR('',#1072,1.);
#1072 = DIRECTION('',(1.,0.,0.));
#1073 = ORIENTED_EDGE('',*,*,#1074,.F.);
#1074 = EDGE_CURVE('',#308,#1067,#1075,.T.);
#1075 = LINE('',#1076,#1077);
#1076 = CARTESIAN_POINT('',(-27.5,-15.,-45.5));
#1077 = VECTOR('',#1078,1.);
#1078 = DIRECTION('',(0.,1.,-2.2E-16));
#1079 = ORIENTED_EDGE('',*,*,#315,.T.);
#1080 = PLANE('',#1081);
#1081 = AXIS2_PLACEMENT_3D('',#1082,#1083,#1084);
#1082 = CARTESIAN_POINT('',(-25.75,-6.25,-45.5));
#1083 = DIRECTION('',(-6.6E-16,3.7E-16,1.));
#1084 = DIRECTION('',(1.,0.,6.6E-16));
#1085 = ADVANCED_FACE('',(#1086),#1097,.F.);
#1086 = FACE_BOUND('',#1087,.F.);
#1087 = EDGE_LOOP('',(#1088,#1089,#1095,#1096));
#1088 = ORIENTED_EDGE('',*,*,#1042,.T.);
#1089 = ORIENTED_EDGE('',*,*,#1090,.T.);
#1090 = EDGE_CURVE('',#1043,#419,#1091,.T.);
#1091 = LINE('',#1092,#1093);
#1092 = CARTESIAN_POINT('',(-19.5,-12.,-45.5));
#1093 = VECTOR('',#1094,1.);
#1094 = DIRECTION('',(0.,-2.2E-16,-1.));
#1095 = ORIENTED_EDGE('',*,*,#418,.F.);
#1096 = ORIENTED_EDGE('',*,*,#372,.F.);
#1097 = PLANE('',#1098);
#1098 = AXIS2_PLACEMENT_3D('',#1099,#1100,#1101);
#1099 = CARTESIAN_POINT('',(-19.5,-15.,-45.5));
#1100 = DIRECTION('',(-1.,0.,0.));
#1101 = DIRECTION('',(-0.,-2.2E-16,-1.));
#1102 = ADVANCED_FACE('',(#1103),#1130,.F.);
#1103 = FACE_BOUND('',#1104,.T.);
#1104 = EDGE_LOOP('',(#1105,#1106,#1107,#1115,#1123,#1129));
#1105 = ORIENTED_EDGE('',*,*,#396,.F.);
#1106 = ORIENTED_EDGE('',*,*,#1018,.F.);
#1107 = ORIENTED_EDGE('',*,*,#1108,.T.);
#1108 = EDGE_CURVE('',#1011,#1109,#1111,.T.);
#1109 = VERTEX_POINT('',#1110);
#1110 = CARTESIAN_POINT('',(29.633974596216,-10.90922972482,
    -7.133974596216));
#1111 = LINE('',#1112,#1113);
#1112 = CARTESIAN_POINT('',(30.100129697553,-11.37538482616,
    -6.940886831072));
#1113 = VECTOR('',#1114,1.);
#1114 = DIRECTION('',(-0.678598344546,0.678598344546,-0.281084637715));
#1115 = ORIENTED_EDGE('',*,*,#1116,.T.);
#1116 = EDGE_CURVE('',#1109,#1117,#1119,.T.);
#1117 = VERTEX_POINT('',#1118);
#1118 = CARTESIAN_POINT('',(29.5,-10.58578643762,-7.));
#1119 = LINE('',#1120,#1121);
#1120 = CARTESIAN_POINT('',(27.187070285094,-5.001880151086,
    -4.687070285094));
#1121 = VECTOR('',#1122,1.);
#1122 = DIRECTION('',(-0.357406744337,0.862856209461,0.357406744337));
#1123 = ORIENTED_EDGE('',*,*,#1124,.T.);
#1124 = EDGE_CURVE('',#1117,#460,#1125,.T.);
#1125 = LINE('',#1126,#1127);
#1126 = CARTESIAN_POINT('',(29.5,-11.29289321881,-7.707106781187));
#1127 = VECTOR('',#1128,1.);
#1128 = DIRECTION('',(0.,-0.707106781187,-0.707106781187));
#1129 = ORIENTED_EDGE('',*,*,#477,.F.);
#1130 = PLANE('',#1131);
#1131 = AXIS2_PLACEMENT_3D('',#1132,#1133,#1134);
#1132 = CARTESIAN_POINT('',(30.,-11.6464466094,-7.353553390593));
#1133 = DIRECTION('',(0.707106781187,0.5,-0.5));
#1134 = DIRECTION('',(5.551115123126E-17,0.707106781187,0.707106781187)
  );
#1135 = ADVANCED_FACE('',(#1136),#1154,.F.);
#1136 = FACE_BOUND('',#1137,.T.);
#1137 = EDGE_LOOP('',(#1138,#1146,#1147,#1148));
#1138 = ORIENTED_EDGE('',*,*,#1139,.F.);
#1139 = EDGE_CURVE('',#1043,#1140,#1142,.T.);
#1140 = VERTEX_POINT('',#1141);
#1141 = CARTESIAN_POINT('',(-21.5,-10.,-47.5));
#1142 = LINE('',#1143,#1144);
#1143 = CARTESIAN_POINT('',(-21.,-10.5,-47.));
#1144 = VECTOR('',#1145,1.);
#1145 = DIRECTION('',(-0.57735026919,0.57735026919,-0.57735026919));
#1146 = ORIENTED_EDGE('',*,*,#1090,.T.);
#1147 = ORIENTED_EDGE('',*,*,#426,.T.);
#1148 = ORIENTED_EDGE('',*,*,#1149,.F.);
#1149 = EDGE_CURVE('',#1140,#427,#1150,.T.);
#1150 = LINE('',#1151,#1152);
#1151 = CARTESIAN_POINT('',(-21.5,-10.,-45.5));
#1152 = VECTOR('',#1153,1.);
#1153 = DIRECTION('',(0.,-2.2E-16,-1.));
#1154 = PLANE('',#1155);
#1155 = AXIS2_PLACEMENT_3D('',#1156,#1157,#1158);
#1156 = CARTESIAN_POINT('',(-20.5,-11.,-45.5));
#1157 = DIRECTION('',(-0.707106781187,-0.707106781187,0.));
#1158 = DIRECTION('',(-1.1E-16,1.1E-16,1.));
#1159 = ADVANCED_FACE('',(#1160),#1171,.T.);
#1160 = FACE_BOUND('',#1161,.T.);
#1161 = EDGE_LOOP('',(#1162,#1163,#1169,#1170));
#1162 = ORIENTED_EDGE('',*,*,#522,.T.);
#1163 = ORIENTED_EDGE('',*,*,#1164,.T.);
#1164 = EDGE_CURVE('',#523,#1140,#1165,.T.);
#1165 = LINE('',#1166,#1167);
#1166 = CARTESIAN_POINT('',(-24.5,-10.,-47.5));
#1167 = VECTOR('',#1168,1.);
#1168 = DIRECTION('',(1.,0.,0.));
#1169 = ORIENTED_EDGE('',*,*,#1149,.T.);
#1170 = ORIENTED_EDGE('',*,*,#434,.T.);
#1171 = PLANE('',#1172);
#1172 = AXIS2_PLACEMENT_3D('',#1173,#1174,#1175);
#1173 = CARTESIAN_POINT('',(-4.7E-16,-10.,-50.5));
#1174 = DIRECTION('',(0.,1.,0.));
#1175 = DIRECTION('',(0.,0.,1.));
#1176 = ADVANCED_FACE('',(#1177),#1203,.F.);
#1177 = FACE_BOUND('',#1178,.F.);
#1178 = EDGE_LOOP('',(#1179,#1187,#1188,#1189,#1197));
#1179 = ORIENTED_EDGE('',*,*,#1180,.T.);
#1180 = EDGE_CURVE('',#1181,#1117,#1183,.T.);
#1181 = VERTEX_POINT('',#1182);
#1182 = CARTESIAN_POINT('',(29.5,5.,-7.));
#1183 = LINE('',#1184,#1185);
#1184 = CARTESIAN_POINT('',(29.5,5.,-7.));
#1185 = VECTOR('',#1186,1.);
#1186 = DIRECTION('',(0.,-1.,2.2E-16));
#1187 = ORIENTED_EDGE('',*,*,#1124,.T.);
#1188 = ORIENTED_EDGE('',*,*,#459,.T.);
#1189 = ORIENTED_EDGE('',*,*,#1190,.T.);
#1190 = EDGE_CURVE('',#462,#1191,#1193,.T.);
#1191 = VERTEX_POINT('',#1192);
#1192 = CARTESIAN_POINT('',(29.5,5.,-43.5));
#1193 = LINE('',#1194,#1195);
#1194 = CARTESIAN_POINT('',(29.5,-15.,-43.5));
#1195 = VECTOR('',#1196,1.);
#1196 = DIRECTION('',(0.,1.,-2.2E-16));
#1197 = ORIENTED_EDGE('',*,*,#1198,.F.);
#1198 = EDGE_CURVE('',#1181,#1191,#1199,.T.);
#1199 = LINE('',#1200,#1201);
#1200 = CARTESIAN_POINT('',(29.5,5.,-5.));
#1201 = VECTOR('',#1202,1.);
#1202 = DIRECTION('',(0.,0.,-1.));
#1203 = PLANE('',#1204);
#1204 = AXIS2_PLACEMENT_3D('',#1205,#1206,#1207);
#1205 = CARTESIAN_POINT('',(29.5,5.,-5.));
#1206 = DIRECTION('',(1.,0.,0.));
#1207 = DIRECTION('',(0.,-2.2E-16,-1.));
#1208 = ADVANCED_FACE('',(#1209),#1219,.T.);
#1209 = FACE_BOUND('',#1210,.T.);
#1210 = EDGE_LOOP('',(#1211,#1217,#1218));
#1211 = ORIENTED_EDGE('',*,*,#1212,.F.);
#1212 = EDGE_CURVE('',#500,#462,#1213,.T.);
#1213 = LINE('',#1214,#1215);
#1214 = CARTESIAN_POINT('',(28.,-13.,-45.));
#1215 = VECTOR('',#1216,1.);
#1216 = DIRECTION('',(0.707106781187,1.83E-15,0.707106781187));
#1217 = ORIENTED_EDGE('',*,*,#507,.T.);
#1218 = ORIENTED_EDGE('',*,*,#469,.F.);
#1219 = PLANE('',#1220);
#1220 = AXIS2_PLACEMENT_3D('',#1221,#1222,#1223);
#1221 = CARTESIAN_POINT('',(27.5,-13.,-45.5));
#1222 = DIRECTION('',(-0.57735026919,0.57735026919,0.57735026919));
#1223 = DIRECTION('',(-0.707106781187,-0.707106781187,0.));
#1224 = ADVANCED_FACE('',(#1225),#1266,.T.);
#1225 = FACE_BOUND('',#1226,.T.);
#1226 = EDGE_LOOP('',(#1227,#1235,#1236,#1244,#1252,#1260));
#1227 = ORIENTED_EDGE('',*,*,#1228,.F.);
#1228 = EDGE_CURVE('',#492,#1229,#1231,.T.);
#1229 = VERTEX_POINT('',#1230);
#1230 = CARTESIAN_POINT('',(19.5,-12.,-45.5));
#1231 = LINE('',#1232,#1233);
#1232 = CARTESIAN_POINT('',(19.5,-15.,-45.5));
#1233 = VECTOR('',#1234,1.);
#1234 = DIRECTION('',(0.,1.,-2.2E-16));
#1235 = ORIENTED_EDGE('',*,*,#499,.T.);
#1236 = ORIENTED_EDGE('',*,*,#1237,.T.);
#1237 = EDGE_CURVE('',#500,#1238,#1240,.T.);
#1238 = VERTEX_POINT('',#1239);
#1239 = CARTESIAN_POINT('',(27.5,5.,-45.5));
#1240 = LINE('',#1241,#1242);
#1241 = CARTESIAN_POINT('',(27.5,-15.,-45.5));
#1242 = VECTOR('',#1243,1.);
#1243 = DIRECTION('',(0.,1.,-2.2E-16));
#1244 = ORIENTED_EDGE('',*,*,#1245,.F.);
#1245 = EDGE_CURVE('',#1246,#1238,#1248,.T.);
#1246 = VERTEX_POINT('',#1247);
#1247 = CARTESIAN_POINT('',(26.5,5.,-45.5));
#1248 = LINE('',#1249,#1250);
#1249 = CARTESIAN_POINT('',(24.5,5.,-45.5));
#1250 = VECTOR('',#1251,1.);
#1251 = DIRECTION('',(1.,0.,0.));
#1252 = ORIENTED_EDGE('',*,*,#1253,.F.);
#1253 = EDGE_CURVE('',#1254,#1246,#1256,.T.);
#1254 = VERTEX_POINT('',#1255);
#1255 = CARTESIAN_POINT('',(26.5,-12.,-45.5));
#1256 = LINE('',#1257,#1258);
#1257 = CARTESIAN_POINT('',(26.5,-10.,-45.5));
#1258 = VECTOR('',#1259,1.);
#1259 = DIRECTION('',(0.,1.,-2.2E-16));
#1260 = ORIENTED_EDGE('',*,*,#1261,.F.);
#1261 = EDGE_CURVE('',#1229,#1254,#1262,.T.);
#1262 = LINE('',#1263,#1264);
#1263 = CARTESIAN_POINT('',(19.5,-12.,-45.5));
#1264 = VECTOR('',#1265,1.);
#1265 = DIRECTION('',(1.,0.,0.));
#1266 = PLANE('',#1267);
#1267 = AXIS2_PLACEMENT_3D('',#1268,#1269,#1270);
#1268 = CARTESIAN_POINT('',(25.75,-6.25,-45.5));
#1269 = DIRECTION('',(6.6E-16,3.7E-16,1.));
#1270 = DIRECTION('',(1.,0.,-6.6E-16));
#1271 = ADVANCED_FACE('',(#1272),#1288,.F.);
#1272 = FACE_BOUND('',#1273,.F.);
#1273 = EDGE_LOOP('',(#1274,#1280,#1281,#1287));
#1274 = ORIENTED_EDGE('',*,*,#1275,.F.);
#1275 = EDGE_CURVE('',#1051,#523,#1276,.T.);
#1276 = LINE('',#1277,#1278);
#1277 = CARTESIAN_POINT('',(-25.16666666666,-10.66666666666,
    -46.83333333333));
#1278 = VECTOR('',#1279,1.);
#1279 = DIRECTION('',(0.57735026919,0.57735026919,-0.57735026919));
#1280 = ORIENTED_EDGE('',*,*,#1058,.T.);
#1281 = ORIENTED_EDGE('',*,*,#1282,.T.);
#1282 = EDGE_CURVE('',#1059,#531,#1283,.T.);
#1283 = LINE('',#1284,#1285);
#1284 = CARTESIAN_POINT('',(-29.98621673003,5.,-42.01378326996));
#1285 = VECTOR('',#1286,1.);
#1286 = DIRECTION('',(0.707106781187,-1.6E-16,-0.707106781187));
#1287 = ORIENTED_EDGE('',*,*,#530,.F.);
#1288 = PLANE('',#1289);
#1289 = AXIS2_PLACEMENT_3D('',#1290,#1291,#1292);
#1290 = CARTESIAN_POINT('',(-25.5,-10.,-46.5));
#1291 = DIRECTION('',(-0.707106781187,0.,-0.707106781187));
#1292 = DIRECTION('',(1.1E-16,1.,-1.1E-16));
#1293 = ADVANCED_FACE('',(#1294,#1495,#1515,#1526,#1546),#1557,.T.);
#1294 = FACE_BOUND('',#1295,.T.);
#1295 = EDGE_LOOP('',(#1296,#1297,#1303,#1304,#1310,#1311,#1319,#1327,
    #1333,#1334,#1340,#1341,#1342,#1343,#1344,#1352,#1360,#1368,#1376,
    #1384,#1392,#1400,#1408,#1416,#1424,#1432,#1440,#1448,#1456,#1464,
    #1472,#1480,#1488,#1494));
#1296 = ORIENTED_EDGE('',*,*,#741,.T.);
#1297 = ORIENTED_EDGE('',*,*,#1298,.T.);
#1298 = EDGE_CURVE('',#742,#1246,#1299,.T.);
#1299 = LINE('',#1300,#1301);
#1300 = CARTESIAN_POINT('',(29.986216730038,5.,-42.01378326996));
#1301 = VECTOR('',#1302,1.);
#1302 = DIRECTION('',(0.707106781187,1.6E-16,0.707106781187));
#1303 = ORIENTED_EDGE('',*,*,#1245,.T.);
#1304 = ORIENTED_EDGE('',*,*,#1305,.T.);
#1305 = EDGE_CURVE('',#1238,#1191,#1306,.T.);
#1306 = LINE('',#1307,#1308);
#1307 = CARTESIAN_POINT('',(31.736216730038,5.,-41.26378326996));
#1308 = VECTOR('',#1309,1.);
#1309 = DIRECTION('',(0.707106781187,1.6E-16,0.707106781187));
#1310 = ORIENTED_EDGE('',*,*,#1198,.F.);
#1311 = ORIENTED_EDGE('',*,*,#1312,.T.);
#1312 = EDGE_CURVE('',#1181,#1313,#1315,.T.);
#1313 = VERTEX_POINT('',#1314);
#1314 = CARTESIAN_POINT('',(27.5,5.,-5.));
#1315 = LINE('',#1316,#1317);
#1316 = CARTESIAN_POINT('',(20.638783269962,5.,1.861216730038));
#1317 = VECTOR('',#1318,1.);
#1318 = DIRECTION('',(-0.707106781187,1.6E-16,0.707106781187));
#1319 = ORIENTED_EDGE('',*,*,#1320,.F.);
#1320 = EDGE_CURVE('',#1321,#1313,#1323,.T.);
#1321 = VERTEX_POINT('',#1322);
#1322 = CARTESIAN_POINT('',(-27.5,5.,-5.));
#1323 = LINE('',#1324,#1325);
#1324 = CARTESIAN_POINT('',(-29.5,5.,-5.));
#1325 = VECTOR('',#1326,1.);
#1326 = DIRECTION('',(1.,0.,0.));
#1327 = ORIENTED_EDGE('',*,*,#1328,.T.);
#1328 = EDGE_CURVE('',#1321,#879,#1329,.T.);
#1329 = LINE('',#1330,#1331);
#1330 = CARTESIAN_POINT('',(-20.63878326996,5.,1.861216730038));
#1331 = VECTOR('',#1332,1.);
#1332 = DIRECTION('',(-0.707106781187,-1.6E-16,-0.707106781187));
#1333 = ORIENTED_EDGE('',*,*,#888,.F.);
#1334 = ORIENTED_EDGE('',*,*,#1335,.T.);
#1335 = EDGE_CURVE('',#889,#1067,#1336,.T.);
#1336 = LINE('',#1337,#1338);
#1337 = CARTESIAN_POINT('',(-31.73621673003,5.,-41.26378326996));
#1338 = VECTOR('',#1339,1.);
#1339 = DIRECTION('',(0.707106781187,-1.6E-16,-0.707106781187));
#1340 = ORIENTED_EDGE('',*,*,#1066,.T.);
#1341 = ORIENTED_EDGE('',*,*,#1282,.T.);
#1342 = ORIENTED_EDGE('',*,*,#538,.T.);
#1343 = ORIENTED_EDGE('',*,*,#596,.T.);
#1344 = ORIENTED_EDGE('',*,*,#1345,.F.);
#1345 = EDGE_CURVE('',#1346,#587,#1348,.T.);
#1346 = VERTEX_POINT('',#1347);
#1347 = CARTESIAN_POINT('',(-34.5,5.,-58.));
#1348 = LINE('',#1349,#1350);
#1349 = CARTESIAN_POINT('',(-38.36121673003,5.,-54.13878326996));
#1350 = VECTOR('',#1351,1.);
#1351 = DIRECTION('',(0.707106781187,-1.6E-16,-0.707106781187));
#1352 = ORIENTED_EDGE('',*,*,#1353,.F.);
#1353 = EDGE_CURVE('',#1354,#1346,#1356,.T.);
#1354 = VERTEX_POINT('',#1355);
#1355 = CARTESIAN_POINT('',(-34.5,5.,21.));
#1356 = LINE('',#1357,#1358);
#1357 = CARTESIAN_POINT('',(-34.5,5.,63.));
#1358 = VECTOR('',#1359,1.);
#1359 = DIRECTION('',(0.,0.,-1.));
#1360 = ORIENTED_EDGE('',*,*,#1361,.F.);
#1361 = EDGE_CURVE('',#1362,#1354,#1364,.T.);
#1362 = VERTEX_POINT('',#1363);
#1363 = CARTESIAN_POINT('',(-29.5,5.,16.));
#1364 = LINE('',#1365,#1366);
#1365 = CARTESIAN_POINT('',(-29.5,5.,16.));
#1366 = VECTOR('',#1367,1.);
#1367 = DIRECTION('',(-0.707106781187,0.,0.707106781187));
#1368 = ORIENTED_EDGE('',*,*,#1369,.F.);
#1369 = EDGE_CURVE('',#1370,#1362,#1372,.T.);
#1370 = VERTEX_POINT('',#1371);
#1371 = CARTESIAN_POINT('',(-29.5,5.,41.));
#1372 = LINE('',#1373,#1374);
#1373 = CARTESIAN_POINT('',(-29.5,5.,41.));
#1374 = VECTOR('',#1375,1.);
#1375 = DIRECTION('',(0.,0.,-1.));
#1376 = ORIENTED_EDGE('',*,*,#1377,.F.);
#1377 = EDGE_CURVE('',#1378,#1370,#1380,.T.);
#1378 = VERTEX_POINT('',#1379);
#1379 = CARTESIAN_POINT('',(-34.5,5.,36.));
#1380 = LINE('',#1381,#1382);
#1381 = CARTESIAN_POINT('',(-34.5,5.,36.));
#1382 = VECTOR('',#1383,1.);
#1383 = DIRECTION('',(0.707106781187,0.,0.707106781187));
#1384 = ORIENTED_EDGE('',*,*,#1385,.F.);
#1385 = EDGE_CURVE('',#1386,#1378,#1388,.T.);
#1386 = VERTEX_POINT('',#1387);
#1387 = CARTESIAN_POINT('',(-34.5,5.,58.));
#1388 = LINE('',#1389,#1390);
#1389 = CARTESIAN_POINT('',(-34.5,5.,63.));
#1390 = VECTOR('',#1391,1.);
#1391 = DIRECTION('',(0.,0.,-1.));
#1392 = ORIENTED_EDGE('',*,*,#1393,.F.);
#1393 = EDGE_CURVE('',#1394,#1386,#1396,.T.);
#1394 = VERTEX_POINT('',#1395);
#1395 = CARTESIAN_POINT('',(-29.5,5.,63.));
#1396 = LINE('',#1397,#1398);
#1397 = CARTESIAN_POINT('',(-39.88878326996,5.,52.611216730038));
#1398 = VECTOR('',#1399,1.);
#1399 = DIRECTION('',(-0.707106781187,-1.6E-16,-0.707106781187));
#1400 = ORIENTED_EDGE('',*,*,#1401,.F.);
#1401 = EDGE_CURVE('',#1402,#1394,#1404,.T.);
#1402 = VERTEX_POINT('',#1403);
#1403 = CARTESIAN_POINT('',(-7.5,5.,63.));
#1404 = LINE('',#1405,#1406);
#1405 = CARTESIAN_POINT('',(34.5,5.,63.));
#1406 = VECTOR('',#1407,1.);
#1407 = DIRECTION('',(-1.,0.,0.));
#1408 = ORIENTED_EDGE('',*,*,#1409,.F.);
#1409 = EDGE_CURVE('',#1410,#1402,#1412,.T.);
#1410 = VERTEX_POINT('',#1411);
#1411 = CARTESIAN_POINT('',(-12.5,5.,58.));
#1412 = LINE('',#1413,#1414);
#1413 = CARTESIAN_POINT('',(-12.5,5.,58.));
#1414 = VECTOR('',#1415,1.);
#1415 = DIRECTION('',(0.707106781187,0.,0.707106781187));
#1416 = ORIENTED_EDGE('',*,*,#1417,.F.);
#1417 = EDGE_CURVE('',#1418,#1410,#1420,.T.);
#1418 = VERTEX_POINT('',#1419);
#1419 = CARTESIAN_POINT('',(12.5,5.,58.));
#1420 = LINE('',#1421,#1422);
#1421 = CARTESIAN_POINT('',(12.5,5.,58.));
#1422 = VECTOR('',#1423,1.);
#1423 = DIRECTION('',(-1.,0.,0.));
#1424 = ORIENTED_EDGE('',*,*,#1425,.F.);
#1425 = EDGE_CURVE('',#1426,#1418,#1428,.T.);
#1426 = VERTEX_POINT('',#1427);
#1427 = CARTESIAN_POINT('',(7.5,5.,63.));
#1428 = LINE('',#1429,#1430);
#1429 = CARTESIAN_POINT('',(7.5,5.,63.));
#1430 = VECTOR('',#1431,1.);
#1431 = DIRECTION('',(0.707106781187,0.,-0.707106781187));
#1432 = ORIENTED_EDGE('',*,*,#1433,.F.);
#1433 = EDGE_CURVE('',#1434,#1426,#1436,.T.);
#1434 = VERTEX_POINT('',#1435);
#1435 = CARTESIAN_POINT('',(29.5,5.,63.));
#1436 = LINE('',#1437,#1438);
#1437 = CARTESIAN_POINT('',(34.5,5.,63.));
#1438 = VECTOR('',#1439,1.);
#1439 = DIRECTION('',(-1.,0.,0.));
#1440 = ORIENTED_EDGE('',*,*,#1441,.T.);
#1441 = EDGE_CURVE('',#1434,#1442,#1444,.T.);
#1442 = VERTEX_POINT('',#1443);
#1443 = CARTESIAN_POINT('',(34.5,5.,58.));
#1444 = LINE('',#1445,#1446);
#1445 = CARTESIAN_POINT('',(39.888783269962,5.,52.611216730038));
#1446 = VECTOR('',#1447,1.);
#1447 = DIRECTION('',(0.707106781187,-1.6E-16,-0.707106781187));
#1448 = ORIENTED_EDGE('',*,*,#1449,.F.);
#1449 = EDGE_CURVE('',#1450,#1442,#1452,.T.);
#1450 = VERTEX_POINT('',#1451);
#1451 = CARTESIAN_POINT('',(34.5,5.,36.000000000007));
#1452 = LINE('',#1453,#1454);
#1453 = CARTESIAN_POINT('',(34.5,5.,-63.));
#1454 = VECTOR('',#1455,1.);
#1455 = DIRECTION('',(0.,0.,1.));
#1456 = ORIENTED_EDGE('',*,*,#1457,.T.);
#1457 = EDGE_CURVE('',#1450,#1458,#1460,.T.);
#1458 = VERTEX_POINT('',#1459);
#1459 = CARTESIAN_POINT('',(29.5,5.,41.));
#1460 = LINE('',#1461,#1462);
#1461 = CARTESIAN_POINT('',(34.5,5.,36.000000000007));
#1462 = VECTOR('',#1463,1.);
#1463 = DIRECTION('',(-0.707106781187,0.,0.707106781186));
#1464 = ORIENTED_EDGE('',*,*,#1465,.T.);
#1465 = EDGE_CURVE('',#1458,#1466,#1468,.T.);
#1466 = VERTEX_POINT('',#1467);
#1467 = CARTESIAN_POINT('',(29.5,5.,16.));
#1468 = LINE('',#1469,#1470);
#1469 = CARTESIAN_POINT('',(29.5,5.,41.));
#1470 = VECTOR('',#1471,1.);
#1471 = DIRECTION('',(0.,0.,-1.));
#1472 = ORIENTED_EDGE('',*,*,#1473,.T.);
#1473 = EDGE_CURVE('',#1466,#1474,#1476,.T.);
#1474 = VERTEX_POINT('',#1475);
#1475 = CARTESIAN_POINT('',(34.5,5.,20.999999999993));
#1476 = LINE('',#1477,#1478);
#1477 = CARTESIAN_POINT('',(29.5,5.,16.));
#1478 = VECTOR('',#1479,1.);
#1479 = DIRECTION('',(0.707106781187,0.,0.707106781186));
#1480 = ORIENTED_EDGE('',*,*,#1481,.F.);
#1481 = EDGE_CURVE('',#1482,#1474,#1484,.T.);
#1482 = VERTEX_POINT('',#1483);
#1483 = CARTESIAN_POINT('',(34.5,5.,-58.));
#1484 = LINE('',#1485,#1486);
#1485 = CARTESIAN_POINT('',(34.5,5.,-63.));
#1486 = VECTOR('',#1487,1.);
#1487 = DIRECTION('',(0.,0.,1.));
#1488 = ORIENTED_EDGE('',*,*,#1489,.T.);
#1489 = EDGE_CURVE('',#1482,#796,#1490,.T.);
#1490 = LINE('',#1491,#1492);
#1491 = CARTESIAN_POINT('',(38.361216730038,5.,-54.13878326996));
#1492 = VECTOR('',#1493,1.);
#1493 = DIRECTION('',(-0.707106781187,-1.6E-16,-0.707106781187));
#1494 = ORIENTED_EDGE('',*,*,#814,.F.);
#1495 = FACE_BOUND('',#1496,.T.);
#1496 = EDGE_LOOP('',(#1497,#1508));
#1497 = ORIENTED_EDGE('',*,*,#1498,.F.);
#1498 = EDGE_CURVE('',#1499,#1501,#1503,.T.);
#1499 = VERTEX_POINT('',#1500);
#1500 = CARTESIAN_POINT('',(-28.5,5.,-52.));
#1501 = VERTEX_POINT('',#1502);
#1502 = CARTESIAN_POINT('',(-25.5,5.,-52.));
#1503 = CIRCLE('',#1504,1.5);
#1504 = AXIS2_PLACEMENT_3D('',#1505,#1506,#1507);
#1505 = CARTESIAN_POINT('',(-27.,5.,-52.));
#1506 = DIRECTION('',(0.,1.,-2.2E-16));
#1507 = DIRECTION('',(-1.,0.,0.));
#1508 = ORIENTED_EDGE('',*,*,#1509,.F.);
#1509 = EDGE_CURVE('',#1501,#1499,#1510,.T.);
#1510 = CIRCLE('',#1511,1.5);
#1511 = AXIS2_PLACEMENT_3D('',#1512,#1513,#1514);
#1512 = CARTESIAN_POINT('',(-27.,5.,-52.));
#1513 = DIRECTION('',(0.,1.,-2.2E-16));
#1514 = DIRECTION('',(-1.,0.,0.));
#1515 = FACE_BOUND('',#1516,.T.);
#1516 = EDGE_LOOP('',(#1517));
#1517 = ORIENTED_EDGE('',*,*,#1518,.T.);
#1518 = EDGE_CURVE('',#1519,#1519,#1521,.T.);
#1519 = VERTEX_POINT('',#1520);
#1520 = CARTESIAN_POINT('',(-25.5,5.,54.));
#1521 = CIRCLE('',#1522,1.5);
#1522 = AXIS2_PLACEMENT_3D('',#1523,#1524,#1525);
#1523 = CARTESIAN_POINT('',(-27.,5.,54.));
#1524 = DIRECTION('',(0.,-1.,2.2E-16));
#1525 = DIRECTION('',(1.,0.,0.));
#1526 = FACE_BOUND('',#1527,.T.);
#1527 = EDGE_LOOP('',(#1528,#1539));
#1528 = ORIENTED_EDGE('',*,*,#1529,.F.);
#1529 = EDGE_CURVE('',#1530,#1532,#1534,.T.);
#1530 = VERTEX_POINT('',#1531);
#1531 = CARTESIAN_POINT('',(25.5,5.,-52.));
#1532 = VERTEX_POINT('',#1533);
#1533 = CARTESIAN_POINT('',(28.5,5.,-52.));
#1534 = CIRCLE('',#1535,1.5);
#1535 = AXIS2_PLACEMENT_3D('',#1536,#1537,#1538);
#1536 = CARTESIAN_POINT('',(27.,5.,-52.));
#1537 = DIRECTION('',(0.,1.,-2.2E-16));
#1538 = DIRECTION('',(-1.,0.,0.));
#1539 = ORIENTED_EDGE('',*,*,#1540,.F.);
#1540 = EDGE_CURVE('',#1532,#1530,#1541,.T.);
#1541 = CIRCLE('',#1542,1.5);
#1542 = AXIS2_PLACEMENT_3D('',#1543,#1544,#1545);
#1543 = CARTESIAN_POINT('',(27.,5.,-52.));
#1544 = DIRECTION('',(0.,1.,-2.2E-16));
#1545 = DIRECTION('',(-1.,0.,0.));
#1546 = FACE_BOUND('',#1547,.T.);
#1547 = EDGE_LOOP('',(#1548));
#1548 = ORIENTED_EDGE('',*,*,#1549,.T.);
#1549 = EDGE_CURVE('',#1550,#1550,#1552,.T.);
#1550 = VERTEX_POINT('',#1551);
#1551 = CARTESIAN_POINT('',(28.5,5.,54.));
#1552 = CIRCLE('',#1553,1.5);
#1553 = AXIS2_PLACEMENT_3D('',#1554,#1555,#1556);
#1554 = CARTESIAN_POINT('',(27.,5.,54.));
#1555 = DIRECTION('',(0.,-1.,2.2E-16));
#1556 = DIRECTION('',(1.,0.,0.));
#1557 = PLANE('',#1558);
#1558 = AXIS2_PLACEMENT_3D('',#1559,#1560,#1561);
#1559 = CARTESIAN_POINT('',(0.,5.,-3.055133079848));
#1560 = DIRECTION('',(0.,1.,-2.2E-16));
#1561 = DIRECTION('',(0.,2.2E-16,1.));
#1562 = ADVANCED_FACE('',(#1563),#1574,.F.);
#1563 = FACE_BOUND('',#1564,.F.);
#1564 = EDGE_LOOP('',(#1565,#1566,#1572,#1573));
#1565 = ORIENTED_EDGE('',*,*,#626,.T.);
#1566 = ORIENTED_EDGE('',*,*,#1567,.T.);
#1567 = EDGE_CURVE('',#627,#1229,#1568,.T.);
#1568 = LINE('',#1569,#1570);
#1569 = CARTESIAN_POINT('',(19.5,-12.,-55.5));
#1570 = VECTOR('',#1571,1.);
#1571 = DIRECTION('',(0.,2.2E-16,1.));
#1572 = ORIENTED_EDGE('',*,*,#1228,.F.);
#1573 = ORIENTED_EDGE('',*,*,#572,.F.);
#1574 = PLANE('',#1575);
#1575 = AXIS2_PLACEMENT_3D('',#1576,#1577,#1578);
#1576 = CARTESIAN_POINT('',(19.5,-15.,-55.5));
#1577 = DIRECTION('',(1.,0.,0.));
#1578 = DIRECTION('',(0.,2.2E-16,1.));
#1579 = ADVANCED_FACE('',(#1580),#1598,.T.);
#1580 = FACE_BOUND('',#1581,.F.);
#1581 = EDGE_LOOP('',(#1582,#1590,#1596,#1597));
#1582 = ORIENTED_EDGE('',*,*,#1583,.T.);
#1583 = EDGE_CURVE('',#1346,#1584,#1586,.T.);
#1584 = VERTEX_POINT('',#1585);
#1585 = CARTESIAN_POINT('',(-34.5,-19.,-58.));
#1586 = LINE('',#1587,#1588);
#1587 = CARTESIAN_POINT('',(-34.5,5.,-58.));
#1588 = VECTOR('',#1589,1.);
#1589 = DIRECTION('',(0.,-1.,2.2E-16));
#1590 = ORIENTED_EDGE('',*,*,#1591,.T.);
#1591 = EDGE_CURVE('',#1584,#589,#1592,.T.);
#1592 = LINE('',#1593,#1594);
#1593 = CARTESIAN_POINT('',(-34.5,-19.,-58.));
#1594 = VECTOR('',#1595,1.);
#1595 = DIRECTION('',(0.707106781187,-1.6E-16,-0.707106781187));
#1596 = ORIENTED_EDGE('',*,*,#586,.F.);
#1597 = ORIENTED_EDGE('',*,*,#1345,.F.);
#1598 = PLANE('',#1599);
#1599 = AXIS2_PLACEMENT_3D('',#1600,#1601,#1602);
#1600 = CARTESIAN_POINT('',(-32.,5.,-60.5));
#1601 = DIRECTION('',(-0.707106781187,0.,-0.707106781187));
#1602 = DIRECTION('',(1.1E-16,1.,-1.1E-16));
#1603 = ADVANCED_FACE('',(#1604),#1622,.F.);
#1604 = FACE_BOUND('',#1605,.T.);
#1605 = EDGE_LOOP('',(#1606,#1614,#1615,#1616));
#1606 = ORIENTED_EDGE('',*,*,#1607,.F.);
#1607 = EDGE_CURVE('',#589,#1608,#1610,.T.);
#1608 = VERTEX_POINT('',#1609);
#1609 = CARTESIAN_POINT('',(-29.08578643762,-20.,-62.));
#1610 = LINE('',#1611,#1612);
#1611 = CARTESIAN_POINT('',(-29.02991893949,-20.13487607169,
    -61.8651239283));
#1612 = VECTOR('',#1613,1.);
#1613 = DIRECTION('',(0.281084637715,-0.678598344546,0.678598344546));
#1614 = ORIENTED_EDGE('',*,*,#612,.T.);
#1615 = ORIENTED_EDGE('',*,*,#685,.T.);
#1616 = ORIENTED_EDGE('',*,*,#1617,.F.);
#1617 = EDGE_CURVE('',#1608,#668,#1618,.T.);
#1618 = LINE('',#1619,#1620);
#1619 = CARTESIAN_POINT('',(-29.5,-20.,-62.));
#1620 = VECTOR('',#1621,1.);
#1621 = DIRECTION('',(1.,0.,0.));
#1622 = PLANE('',#1623);
#1623 = AXIS2_PLACEMENT_3D('',#1624,#1625,#1626);
#1624 = CARTESIAN_POINT('',(-29.5,-19.5,-62.5));
#1625 = DIRECTION('',(0.,0.707106781187,0.707106781187));
#1626 = DIRECTION('',(-1.,0.,0.));
#1627 = ADVANCED_FACE('',(#1628),#1646,.F.);
#1628 = FACE_BOUND('',#1629,.F.);
#1629 = EDGE_LOOP('',(#1630,#1631,#1639,#1645));
#1630 = ORIENTED_EDGE('',*,*,#653,.F.);
#1631 = ORIENTED_EDGE('',*,*,#1632,.T.);
#1632 = EDGE_CURVE('',#646,#1633,#1635,.T.);
#1633 = VERTEX_POINT('',#1634);
#1634 = CARTESIAN_POINT('',(21.5,-10.,-47.5));
#1635 = LINE('',#1636,#1637);
#1636 = CARTESIAN_POINT('',(21.5,-10.,-55.5));
#1637 = VECTOR('',#1638,1.);
#1638 = DIRECTION('',(0.,2.2E-16,1.));
#1639 = ORIENTED_EDGE('',*,*,#1640,.T.);
#1640 = EDGE_CURVE('',#1633,#1229,#1641,.T.);
#1641 = LINE('',#1642,#1643);
#1642 = CARTESIAN_POINT('',(21.833333333333,-9.666666666667,
    -47.83333333333));
#1643 = VECTOR('',#1644,1.);
#1644 = DIRECTION('',(-0.57735026919,-0.57735026919,0.57735026919));
#1645 = ORIENTED_EDGE('',*,*,#1567,.F.);
#1646 = PLANE('',#1647);
#1647 = AXIS2_PLACEMENT_3D('',#1648,#1649,#1650);
#1648 = CARTESIAN_POINT('',(20.5,-11.,-55.5));
#1649 = DIRECTION('',(0.707106781187,-0.707106781187,0.));
#1650 = DIRECTION('',(1.1E-16,1.1E-16,1.));
#1651 = ADVANCED_FACE('',(#1652),#1663,.T.);
#1652 = FACE_BOUND('',#1653,.T.);
#1653 = EDGE_LOOP('',(#1654,#1655,#1656,#1657));
#1654 = ORIENTED_EDGE('',*,*,#723,.T.);
#1655 = ORIENTED_EDGE('',*,*,#645,.T.);
#1656 = ORIENTED_EDGE('',*,*,#1632,.T.);
#1657 = ORIENTED_EDGE('',*,*,#1658,.T.);
#1658 = EDGE_CURVE('',#1633,#724,#1659,.T.);
#1659 = LINE('',#1660,#1661);
#1660 = CARTESIAN_POINT('',(19.5,-10.,-47.5));
#1661 = VECTOR('',#1662,1.);
#1662 = DIRECTION('',(1.,0.,0.));
#1663 = PLANE('',#1664);
#1664 = AXIS2_PLACEMENT_3D('',#1665,#1666,#1667);
#1665 = CARTESIAN_POINT('',(-4.7E-16,-10.,-50.5));
#1666 = DIRECTION('',(0.,1.,0.));
#1667 = DIRECTION('',(0.,0.,1.));
#1668 = ADVANCED_FACE('',(#1669,#1721,#1755,#1766,#1800),#1803,.F.);
#1669 = FACE_BOUND('',#1670,.F.);
#1670 = EDGE_LOOP('',(#1671,#1672,#1673,#1681,#1689,#1697,#1705,#1713,
    #1719,#1720));
#1671 = ORIENTED_EDGE('',*,*,#667,.F.);
#1672 = ORIENTED_EDGE('',*,*,#1617,.F.);
#1673 = ORIENTED_EDGE('',*,*,#1674,.F.);
#1674 = EDGE_CURVE('',#1675,#1608,#1677,.T.);
#1675 = VERTEX_POINT('',#1676);
#1676 = CARTESIAN_POINT('',(-33.5,-20.,-57.58578643762));
#1677 = LINE('',#1678,#1679);
#1678 = CARTESIAN_POINT('',(-33.79289321881,-20.,-57.29289321881));
#1679 = VECTOR('',#1680,1.);
#1680 = DIRECTION('',(0.707106781187,-1.6E-16,-0.707106781187));
#1681 = ORIENTED_EDGE('',*,*,#1682,.F.);
#1682 = EDGE_CURVE('',#1683,#1675,#1685,.T.);
#1683 = VERTEX_POINT('',#1684);
#1684 = CARTESIAN_POINT('',(-33.5,-20.,-16.));
#1685 = LINE('',#1686,#1687);
#1686 = CARTESIAN_POINT('',(-33.5,-20.,-15.));
#1687 = VECTOR('',#1688,1.);
#1688 = DIRECTION('',(0.,-2.2E-16,-1.));
#1689 = ORIENTED_EDGE('',*,*,#1690,.F.);
#1690 = EDGE_CURVE('',#1691,#1683,#1693,.T.);
#1691 = VERTEX_POINT('',#1692);
#1692 = CARTESIAN_POINT('',(33.5,-20.,-16.));
#1693 = LINE('',#1694,#1695);
#1694 = CARTESIAN_POINT('',(34.5,-20.,-16.));
#1695 = VECTOR('',#1696,1.);
#1696 = DIRECTION('',(-1.,-0.,-0.));
#1697 = ORIENTED_EDGE('',*,*,#1698,.F.);
#1698 = EDGE_CURVE('',#1699,#1691,#1701,.T.);
#1699 = VERTEX_POINT('',#1700);
#1700 = CARTESIAN_POINT('',(33.5,-20.,-57.58578643762));
#1701 = LINE('',#1702,#1703);
#1702 = CARTESIAN_POINT('',(33.5,-20.,-58.));
#1703 = VECTOR('',#1704,1.);
#1704 = DIRECTION('',(0.,2.2E-16,1.));
#1705 = ORIENTED_EDGE('',*,*,#1706,.T.);
#1706 = EDGE_CURVE('',#1699,#1707,#1709,.T.);
#1707 = VERTEX_POINT('',#1708);
#1708 = CARTESIAN_POINT('',(29.085786437627,-20.,-62.));
#1709 = LINE('',#1710,#1711);
#1710 = CARTESIAN_POINT('',(33.792893218813,-20.,-57.29289321881));
#1711 = VECTOR('',#1712,1.);
#1712 = DIRECTION('',(-0.707106781187,-1.6E-16,-0.707106781187));
#1713 = ORIENTED_EDGE('',*,*,#1714,.F.);
#1714 = EDGE_CURVE('',#774,#1707,#1715,.T.);
#1715 = LINE('',#1716,#1717);
#1716 = CARTESIAN_POINT('',(7.5,-20.,-62.));
#1717 = VECTOR('',#1718,1.);
#1718 = DIRECTION('',(1.,0.,0.));
#1719 = ORIENTED_EDGE('',*,*,#773,.F.);
#1720 = ORIENTED_EDGE('',*,*,#701,.F.);
#1721 = FACE_BOUND('',#1722,.F.);
#1722 = EDGE_LOOP('',(#1723,#1733,#1741,#1749));
#1723 = ORIENTED_EDGE('',*,*,#1724,.T.);
#1724 = EDGE_CURVE('',#1725,#1727,#1729,.T.);
#1725 = VERTEX_POINT('',#1726);
#1726 = CARTESIAN_POINT('',(-27.,-20.,-55.88908729652));
#1727 = VERTEX_POINT('',#1728);
#1728 = CARTESIAN_POINT('',(-23.11091270347,-20.,-52.));
#1729 = LINE('',#1730,#1731);
#1730 = CARTESIAN_POINT('',(-27.,-20.,-55.88908729652));
#1731 = VECTOR('',#1732,1.);
#1732 = DIRECTION('',(0.707106781187,0.,0.707106781187));
#1733 = ORIENTED_EDGE('',*,*,#1734,.T.);
#1734 = EDGE_CURVE('',#1727,#1735,#1737,.T.);
#1735 = VERTEX_POINT('',#1736);
#1736 = CARTESIAN_POINT('',(-27.,-20.,-48.11091270347));
#1737 = LINE('',#1738,#1739);
#1738 = CARTESIAN_POINT('',(-23.11091270347,-20.,-52.));
#1739 = VECTOR('',#1740,1.);
#1740 = DIRECTION('',(-0.707106781187,0.,0.707106781187));
#1741 = ORIENTED_EDGE('',*,*,#1742,.T.);
#1742 = EDGE_CURVE('',#1735,#1743,#1745,.T.);
#1743 = VERTEX_POINT('',#1744);
#1744 = CARTESIAN_POINT('',(-30.88908729652,-20.,-52.));
#1745 = LINE('',#1746,#1747);
#1746 = CARTESIAN_POINT('',(-27.,-20.,-48.11091270347));
#1747 = VECTOR('',#1748,1.);
#1748 = DIRECTION('',(-0.707106781187,-0.,-0.707106781187));
#1749 = ORIENTED_EDGE('',*,*,#1750,.T.);
#1750 = EDGE_CURVE('',#1743,#1725,#1751,.T.);
#1751 = LINE('',#1752,#1753);
#1752 = CARTESIAN_POINT('',(-30.88908729652,-20.,-52.));
#1753 = VECTOR('',#1754,1.);
#1754 = DIRECTION('',(0.707106781187,0.,-0.707106781187));
#1755 = FACE_BOUND('',#1756,.F.);
#1756 = EDGE_LOOP('',(#1757));
#1757 = ORIENTED_EDGE('',*,*,#1758,.F.);
#1758 = EDGE_CURVE('',#1759,#1759,#1761,.T.);
#1759 = VERTEX_POINT('',#1760);
#1760 = CARTESIAN_POINT('',(-21.5,-20.,-34.5));
#1761 = CIRCLE('',#1762,1.5);
#1762 = AXIS2_PLACEMENT_3D('',#1763,#1764,#1765);
#1763 = CARTESIAN_POINT('',(-20.,-20.,-34.5));
#1764 = DIRECTION('',(0.,1.,-2.2E-16));
#1765 = DIRECTION('',(-1.,0.,0.));
#1766 = FACE_BOUND('',#1767,.F.);
#1767 = EDGE_LOOP('',(#1768,#1778,#1786,#1794));
#1768 = ORIENTED_EDGE('',*,*,#1769,.T.);
#1769 = EDGE_CURVE('',#1770,#1772,#1774,.T.);
#1770 = VERTEX_POINT('',#1771);
#1771 = CARTESIAN_POINT('',(27.,-20.,-48.11091270347));
#1772 = VERTEX_POINT('',#1773);
#1773 = CARTESIAN_POINT('',(23.110912703474,-20.,-52.));
#1774 = LINE('',#1775,#1776);
#1775 = CARTESIAN_POINT('',(27.,-20.,-48.11091270347));
#1776 = VECTOR('',#1777,1.);
#1777 = DIRECTION('',(-0.707106781187,-0.,-0.707106781187));
#1778 = ORIENTED_EDGE('',*,*,#1779,.T.);
#1779 = EDGE_CURVE('',#1772,#1780,#1782,.T.);
#1780 = VERTEX_POINT('',#1781);
#1781 = CARTESIAN_POINT('',(27.,-20.,-55.88908729652));
#1782 = LINE('',#1783,#1784);
#1783 = CARTESIAN_POINT('',(23.110912703474,-20.,-52.));
#1784 = VECTOR('',#1785,1.);
#1785 = DIRECTION('',(0.707106781187,0.,-0.707106781187));
#1786 = ORIENTED_EDGE('',*,*,#1787,.T.);
#1787 = EDGE_CURVE('',#1780,#1788,#1790,.T.);
#1788 = VERTEX_POINT('',#1789);
#1789 = CARTESIAN_POINT('',(30.889087296526,-20.,-52.));
#1790 = LINE('',#1791,#1792);
#1791 = CARTESIAN_POINT('',(27.,-20.,-55.88908729652));
#1792 = VECTOR('',#1793,1.);
#1793 = DIRECTION('',(0.707106781187,0.,0.707106781187));
#1794 = ORIENTED_EDGE('',*,*,#1795,.T.);
#1795 = EDGE_CURVE('',#1788,#1770,#1796,.T.);
#1796 = LINE('',#1797,#1798);
#1797 = CARTESIAN_POINT('',(30.889087296526,-20.,-52.));
#1798 = VECTOR('',#1799,1.);
#1799 = DIRECTION('',(-0.707106781187,0.,0.707106781187));
#1800 = FACE_BOUND('',#1801,.F.);
#1801 = EDGE_LOOP('',(#1802));
#1802 = ORIENTED_EDGE('',*,*,#863,.F.);
#1803 = PLANE('',#1804);
#1804 = AXIS2_PLACEMENT_3D('',#1805,#1806,#1807);
#1805 = CARTESIAN_POINT('',(0.,-20.,-31.5));
#1806 = DIRECTION('',(0.,1.,-2.3E-16));
#1807 = DIRECTION('',(0.,2.3E-16,1.));
#1808 = ADVANCED_FACE('',(#1809),#1820,.F.);
#1809 = FACE_BOUND('',#1810,.F.);
#1810 = EDGE_LOOP('',(#1811,#1817,#1818,#1819));
#1811 = ORIENTED_EDGE('',*,*,#1812,.T.);
#1812 = EDGE_CURVE('',#1254,#724,#1813,.T.);
#1813 = LINE('',#1814,#1815);
#1814 = CARTESIAN_POINT('',(24.333333333333,-9.833333333333,
    -47.66666666666));
#1815 = VECTOR('',#1816,1.);
#1816 = DIRECTION('',(-0.57735026919,0.57735026919,-0.57735026919));
#1817 = ORIENTED_EDGE('',*,*,#749,.T.);
#1818 = ORIENTED_EDGE('',*,*,#1298,.T.);
#1819 = ORIENTED_EDGE('',*,*,#1253,.F.);
#1820 = PLANE('',#1821);
#1821 = AXIS2_PLACEMENT_3D('',#1822,#1823,#1824);
#1822 = CARTESIAN_POINT('',(25.5,-10.,-46.5));
#1823 = DIRECTION('',(0.707106781187,0.,-0.707106781187));
#1824 = DIRECTION('',(-1.1E-16,1.,-1.1E-16));
#1825 = ADVANCED_FACE('',(#1826),#1837,.F.);
#1826 = FACE_BOUND('',#1827,.T.);
#1827 = EDGE_LOOP('',(#1828,#1829,#1830,#1836));
#1828 = ORIENTED_EDGE('',*,*,#781,.F.);
#1829 = ORIENTED_EDGE('',*,*,#805,.T.);
#1830 = ORIENTED_EDGE('',*,*,#1831,.T.);
#1831 = EDGE_CURVE('',#798,#1707,#1832,.T.);
#1832 = LINE('',#1833,#1834);
#1833 = CARTESIAN_POINT('',(28.160824630339,-22.23305533983,
    -59.76694466016));
#1834 = VECTOR('',#1835,1.);
#1835 = DIRECTION('',(-0.281084637715,-0.678598344546,0.678598344546));
#1836 = ORIENTED_EDGE('',*,*,#1714,.F.);
#1837 = PLANE('',#1838);
#1838 = AXIS2_PLACEMENT_3D('',#1839,#1840,#1841);
#1839 = CARTESIAN_POINT('',(7.5,-19.5,-62.5));
#1840 = DIRECTION('',(0.,0.707106781187,0.707106781187));
#1841 = DIRECTION('',(-1.,0.,0.));
#1842 = ADVANCED_FACE('',(#1843),#1861,.T.);
#1843 = FACE_BOUND('',#1844,.T.);
#1844 = EDGE_LOOP('',(#1845,#1853,#1859,#1860));
#1845 = ORIENTED_EDGE('',*,*,#1846,.T.);
#1846 = EDGE_CURVE('',#1482,#1847,#1849,.T.);
#1847 = VERTEX_POINT('',#1848);
#1848 = CARTESIAN_POINT('',(34.5,-19.,-58.));
#1849 = LINE('',#1850,#1851);
#1850 = CARTESIAN_POINT('',(34.5,5.,-58.));
#1851 = VECTOR('',#1852,1.);
#1852 = DIRECTION('',(0.,-1.,2.2E-16));
#1853 = ORIENTED_EDGE('',*,*,#1854,.T.);
#1854 = EDGE_CURVE('',#1847,#798,#1855,.T.);
#1855 = LINE('',#1856,#1857);
#1856 = CARTESIAN_POINT('',(34.5,-19.,-58.));
#1857 = VECTOR('',#1858,1.);
#1858 = DIRECTION('',(-0.707106781187,-1.6E-16,-0.707106781187));
#1859 = ORIENTED_EDGE('',*,*,#795,.F.);
#1860 = ORIENTED_EDGE('',*,*,#1489,.F.);
#1861 = PLANE('',#1862);
#1862 = AXIS2_PLACEMENT_3D('',#1863,#1864,#1865);
#1863 = CARTESIAN_POINT('',(32.,5.,-60.5));
#1864 = DIRECTION('',(0.707106781187,0.,-0.707106781187));
#1865 = DIRECTION('',(1.1E-16,-1.,1.1E-16));
#1866 = ADVANCED_FACE('',(#1867),#1878,.F.);
#1867 = FACE_BOUND('',#1868,.F.);
#1868 = EDGE_LOOP('',(#1869,#1875,#1876,#1877));
#1869 = ORIENTED_EDGE('',*,*,#1870,.F.);
#1870 = EDGE_CURVE('',#829,#1759,#1871,.T.);
#1871 = LINE('',#1872,#1873);
#1872 = CARTESIAN_POINT('',(-21.5,-15.,-34.5));
#1873 = VECTOR('',#1874,1.);
#1874 = DIRECTION('',(0.,-1.,2.2E-16));
#1875 = ORIENTED_EDGE('',*,*,#838,.F.);
#1876 = ORIENTED_EDGE('',*,*,#1870,.T.);
#1877 = ORIENTED_EDGE('',*,*,#1758,.T.);
#1878 = CYLINDRICAL_SURFACE('',#1879,1.5);
#1879 = AXIS2_PLACEMENT_3D('',#1880,#1881,#1882);
#1880 = CARTESIAN_POINT('',(-20.,-15.,-34.5));
#1881 = DIRECTION('',(0.,1.,-2.2E-16));
#1882 = DIRECTION('',(-1.,0.,0.));
#1883 = ADVANCED_FACE('',(#1884),#1903,.F.);
#1884 = FACE_BOUND('',#1885,.T.);
#1885 = EDGE_LOOP('',(#1886,#1894,#1900,#1901,#1902));
#1886 = ORIENTED_EDGE('',*,*,#1887,.T.);
#1887 = EDGE_CURVE('',#1321,#1888,#1890,.T.);
#1888 = VERTEX_POINT('',#1889);
#1889 = CARTESIAN_POINT('',(-27.5,-8.775255128608,-5.));
#1890 = LINE('',#1891,#1892);
#1891 = CARTESIAN_POINT('',(-27.5,5.,-5.));
#1892 = VECTOR('',#1893,1.);
#1893 = DIRECTION('',(0.,-1.,2.2E-16));
#1894 = ORIENTED_EDGE('',*,*,#1895,.T.);
#1895 = EDGE_CURVE('',#1888,#920,#1896,.T.);
#1896 = LINE('',#1897,#1898);
#1897 = CARTESIAN_POINT('',(-27.90824829046,-9.183503419072,
    -5.408248290464));
#1898 = VECTOR('',#1899,1.);
#1899 = DIRECTION('',(-0.57735026919,-0.57735026919,-0.57735026919));
#1900 = ORIENTED_EDGE('',*,*,#936,.T.);
#1901 = ORIENTED_EDGE('',*,*,#878,.F.);
#1902 = ORIENTED_EDGE('',*,*,#1328,.F.);
#1903 = PLANE('',#1904);
#1904 = AXIS2_PLACEMENT_3D('',#1905,#1906,#1907);
#1905 = CARTESIAN_POINT('',(-28.5,5.,-6.));
#1906 = DIRECTION('',(-0.707106781187,2.E-16,0.707106781187));
#1907 = DIRECTION('',(3.142135623731E-17,1.,-2.514213562373E-16));
#1908 = ADVANCED_FACE('',(#1909),#1915,.T.);
#1909 = FACE_BOUND('',#1910,.F.);
#1910 = EDGE_LOOP('',(#1911,#1912,#1913,#1914));
#1911 = ORIENTED_EDGE('',*,*,#951,.T.);
#1912 = ORIENTED_EDGE('',*,*,#896,.T.);
#1913 = ORIENTED_EDGE('',*,*,#1335,.T.);
#1914 = ORIENTED_EDGE('',*,*,#1074,.F.);
#1915 = PLANE('',#1916);
#1916 = AXIS2_PLACEMENT_3D('',#1917,#1918,#1919);
#1917 = CARTESIAN_POINT('',(-28.5,-15.,-44.5));
#1918 = DIRECTION('',(0.707106781187,5.2E-16,0.707106781187));
#1919 = DIRECTION('',(2.57695526217E-16,-1.,4.77695526217E-16));
#1920 = ADVANCED_FACE('',(#1921),#1940,.T.);
#1921 = FACE_BOUND('',#1922,.F.);
#1922 = EDGE_LOOP('',(#1923,#1931,#1937,#1938,#1939));
#1923 = ORIENTED_EDGE('',*,*,#1924,.T.);
#1924 = EDGE_CURVE('',#1001,#1925,#1927,.T.);
#1925 = VERTEX_POINT('',#1926);
#1926 = CARTESIAN_POINT('',(-27.72474487139,-9.,-5.));
#1927 = LINE('',#1928,#1929);
#1928 = CARTESIAN_POINT('',(-27.8237756366,-9.099030765217,
    -4.760918583521));
#1929 = VECTOR('',#1930,1.);
#1930 = DIRECTION('',(0.357406744337,0.357406744337,-0.862856209461));
#1931 = ORIENTED_EDGE('',*,*,#1932,.T.);
#1932 = EDGE_CURVE('',#1925,#1888,#1933,.T.);
#1933 = LINE('',#1934,#1935);
#1934 = CARTESIAN_POINT('',(-24.86237243569,-6.137627564304,-5.));
#1935 = VECTOR('',#1936,1.);
#1936 = DIRECTION('',(0.707106781187,0.707106781187,-1.6E-16));
#1937 = ORIENTED_EDGE('',*,*,#1895,.T.);
#1938 = ORIENTED_EDGE('',*,*,#917,.F.);
#1939 = ORIENTED_EDGE('',*,*,#1028,.F.);
#1940 = PLANE('',#1941);
#1941 = AXIS2_PLACEMENT_3D('',#1942,#1943,#1944);
#1942 = CARTESIAN_POINT('',(-28.11237243569,-9.387627564304,-5.));
#1943 = DIRECTION('',(0.707106781187,-0.707106781187,-1.1E-16));
#1944 = DIRECTION('',(0.57735026919,0.57735026919,0.57735026919));
#1945 = ADVANCED_FACE('',(#1946),#1971,.T.);
#1946 = FACE_BOUND('',#1947,.F.);
#1947 = EDGE_LOOP('',(#1948,#1956,#1964,#1970));
#1948 = ORIENTED_EDGE('',*,*,#1949,.F.);
#1949 = EDGE_CURVE('',#1950,#967,#1952,.T.);
#1950 = VERTEX_POINT('',#1951);
#1951 = CARTESIAN_POINT('',(-34.5,-18.58578643762,-15.));
#1952 = LINE('',#1953,#1954);
#1953 = CARTESIAN_POINT('',(-34.35355339059,-18.68933982822,
    -14.8964466094));
#1954 = VECTOR('',#1955,1.);
#1955 = DIRECTION('',(0.707106781187,-0.5,0.5));
#1956 = ORIENTED_EDGE('',*,*,#1957,.T.);
#1957 = EDGE_CURVE('',#1950,#1958,#1960,.T.);
#1958 = VERTEX_POINT('',#1959);
#1959 = CARTESIAN_POINT('',(-34.5,-5.,-1.414213562373));
#1960 = LINE('',#1961,#1962);
#1961 = CARTESIAN_POINT('',(-34.5,-19.29289321881,-15.70710678118));
#1962 = VECTOR('',#1963,1.);
#1963 = DIRECTION('',(0.,0.707106781187,0.707106781187));
#1964 = ORIENTED_EDGE('',*,*,#1965,.T.);
#1965 = EDGE_CURVE('',#1958,#969,#1966,.T.);
#1966 = LINE('',#1967,#1968);
#1967 = CARTESIAN_POINT('',(-34.25,-5.176776695297,-1.237436867076));
#1968 = VECTOR('',#1969,1.);
#1969 = DIRECTION('',(0.707106781187,-0.5,0.5));
#1970 = ORIENTED_EDGE('',*,*,#966,.F.);
#1971 = PLANE('',#1972);
#1972 = AXIS2_PLACEMENT_3D('',#1973,#1974,#1975);
#1973 = CARTESIAN_POINT('',(-34.,-19.6464466094,-15.35355339059));
#1974 = DIRECTION('',(-0.707106781187,-0.5,0.5));
#1975 = DIRECTION('',(8.326672684689E-17,-0.707106781187,-0.707106781187
    ));
#1976 = ADVANCED_FACE('',(#1977),#1993,.F.);
#1977 = FACE_BOUND('',#1978,.F.);
#1978 = EDGE_LOOP('',(#1979,#1980,#1986,#1987));
#1979 = ORIENTED_EDGE('',*,*,#1690,.T.);
#1980 = ORIENTED_EDGE('',*,*,#1981,.T.);
#1981 = EDGE_CURVE('',#1683,#967,#1982,.T.);
#1982 = LINE('',#1983,#1984);
#1983 = CARTESIAN_POINT('',(-33.5,-19.75,-15.3964466094));
#1984 = VECTOR('',#1985,1.);
#1985 = DIRECTION('',(3.3E-16,0.382683432365,0.923879532511));
#1986 = ORIENTED_EDGE('',*,*,#976,.F.);
#1987 = ORIENTED_EDGE('',*,*,#1988,.F.);
#1988 = EDGE_CURVE('',#1691,#977,#1989,.T.);
#1989 = LINE('',#1990,#1991);
#1990 = CARTESIAN_POINT('',(33.5,-19.75,-15.3964466094));
#1991 = VECTOR('',#1992,1.);
#1992 = DIRECTION('',(-4.1E-16,0.382683432365,0.923879532511));
#1993 = PLANE('',#1994);
#1994 = AXIS2_PLACEMENT_3D('',#1995,#1996,#1997);
#1995 = CARTESIAN_POINT('',(34.5,-19.6464466094,-15.1464466094));
#1996 = DIRECTION('',(0.,0.923879532511,-0.382683432365));
#1997 = DIRECTION('',(-1.,0.,0.));
#1998 = ADVANCED_FACE('',(#1999),#2024,.T.);
#1999 = FACE_BOUND('',#2000,.F.);
#2000 = EDGE_LOOP('',(#2001,#2002,#2010,#2018));
#2001 = ORIENTED_EDGE('',*,*,#992,.T.);
#2002 = ORIENTED_EDGE('',*,*,#2003,.T.);
#2003 = EDGE_CURVE('',#969,#2004,#2006,.T.);
#2004 = VERTEX_POINT('',#2005);
#2005 = CARTESIAN_POINT('',(-33.5,-5.,1.));
#2006 = LINE('',#2007,#2008);
#2007 = CARTESIAN_POINT('',(-33.5,-5.603553390593,-0.457106781187));
#2008 = VECTOR('',#2009,1.);
#2009 = DIRECTION('',(-4.9E-16,0.382683432365,0.923879532511));
#2010 = ORIENTED_EDGE('',*,*,#2011,.F.);
#2011 = EDGE_CURVE('',#2012,#2004,#2014,.T.);
#2012 = VERTEX_POINT('',#2013);
#2013 = CARTESIAN_POINT('',(33.5,-5.,1.));
#2014 = LINE('',#2015,#2016);
#2015 = CARTESIAN_POINT('',(34.5,-5.,1.));
#2016 = VECTOR('',#2017,1.);
#2017 = DIRECTION('',(-1.,0.,0.));
#2018 = ORIENTED_EDGE('',*,*,#2019,.F.);
#2019 = EDGE_CURVE('',#985,#2012,#2020,.T.);
#2020 = LINE('',#2021,#2022);
#2021 = CARTESIAN_POINT('',(33.5,-5.603553390593,-0.457106781187));
#2022 = VECTOR('',#2023,1.);
#2023 = DIRECTION('',(-8.E-17,0.382683432365,0.923879532511));
#2024 = PLANE('',#2025);
#2025 = AXIS2_PLACEMENT_3D('',#2026,#2027,#2028);
#2026 = CARTESIAN_POINT('',(34.5,-5.353553390593,0.146446609407));
#2027 = DIRECTION('',(0.,-0.923879532511,0.382683432365));
#2028 = DIRECTION('',(1.,0.,0.));
#2029 = ADVANCED_FACE('',(#2030),#2055,.T.);
#2030 = FACE_BOUND('',#2031,.F.);
#2031 = EDGE_LOOP('',(#2032,#2040,#2048,#2054));
#2032 = ORIENTED_EDGE('',*,*,#2033,.F.);
#2033 = EDGE_CURVE('',#2034,#985,#2036,.T.);
#2034 = VERTEX_POINT('',#2035);
#2035 = CARTESIAN_POINT('',(34.5,-5.,-1.414213562373));
#2036 = LINE('',#2037,#2038);
#2037 = CARTESIAN_POINT('',(34.25,-5.176776695297,-1.237436867076));
#2038 = VECTOR('',#2039,1.);
#2039 = DIRECTION('',(-0.707106781187,-0.5,0.5));
#2040 = ORIENTED_EDGE('',*,*,#2041,.T.);
#2041 = EDGE_CURVE('',#2034,#2042,#2044,.T.);
#2042 = VERTEX_POINT('',#2043);
#2043 = CARTESIAN_POINT('',(34.5,-18.58578643762,-15.));
#2044 = LINE('',#2045,#2046);
#2045 = CARTESIAN_POINT('',(34.5,-4.292893218813,-0.707106781187));
#2046 = VECTOR('',#2047,1.);
#2047 = DIRECTION('',(0.,-0.707106781187,-0.707106781187));
#2048 = ORIENTED_EDGE('',*,*,#2049,.T.);
#2049 = EDGE_CURVE('',#2042,#977,#2050,.T.);
#2050 = LINE('',#2051,#2052);
#2051 = CARTESIAN_POINT('',(34.353553390593,-18.68933982822,
    -14.8964466094));
#2052 = VECTOR('',#2053,1.);
#2053 = DIRECTION('',(-0.707106781187,-0.5,0.5));
#2054 = ORIENTED_EDGE('',*,*,#984,.F.);
#2055 = PLANE('',#2056);
#2056 = AXIS2_PLACEMENT_3D('',#2057,#2058,#2059);
#2057 = CARTESIAN_POINT('',(34.,-4.646446609407,-0.353553390593));
#2058 = DIRECTION('',(0.707106781187,-0.5,0.5));
#2059 = DIRECTION('',(5.551115123126E-17,0.707106781187,0.707106781187)
  );
#2060 = ADVANCED_FACE('',(#2061),#2079,.F.);
#2061 = FACE_BOUND('',#2062,.T.);
#2062 = EDGE_LOOP('',(#2063,#2064,#2072,#2078));
#2063 = ORIENTED_EDGE('',*,*,#1924,.T.);
#2064 = ORIENTED_EDGE('',*,*,#2065,.T.);
#2065 = EDGE_CURVE('',#1925,#2066,#2068,.T.);
#2066 = VERTEX_POINT('',#2067);
#2067 = CARTESIAN_POINT('',(27.724744871392,-9.,-5.));
#2068 = LINE('',#2069,#2070);
#2069 = CARTESIAN_POINT('',(-27.5,-9.,-5.));
#2070 = VECTOR('',#2071,1.);
#2071 = DIRECTION('',(1.,0.,0.));
#2072 = ORIENTED_EDGE('',*,*,#2073,.F.);
#2073 = EDGE_CURVE('',#1003,#2066,#2074,.T.);
#2074 = LINE('',#2075,#2076);
#2075 = CARTESIAN_POINT('',(24.258025695074,-5.533280823682,
    -13.3694004524));
#2076 = VECTOR('',#2077,1.);
#2077 = DIRECTION('',(-0.357406744337,0.357406744337,-0.862856209461));
#2078 = ORIENTED_EDGE('',*,*,#1000,.F.);
#2079 = PLANE('',#2080);
#2080 = AXIS2_PLACEMENT_3D('',#2081,#2082,#2083);
#2081 = CARTESIAN_POINT('',(-27.5,-9.146446609407,-4.646446609407));
#2082 = DIRECTION('',(0.,0.923879532511,0.382683432365));
#2083 = DIRECTION('',(-1.,-0.,-0.));
#2084 = ADVANCED_FACE('',(#2085),#2104,.T.);
#2085 = FACE_BOUND('',#2086,.F.);
#2086 = EDGE_LOOP('',(#2087,#2088,#2089,#2090,#2098));
#2087 = ORIENTED_EDGE('',*,*,#2073,.F.);
#2088 = ORIENTED_EDGE('',*,*,#1010,.F.);
#2089 = ORIENTED_EDGE('',*,*,#1108,.T.);
#2090 = ORIENTED_EDGE('',*,*,#2091,.T.);
#2091 = EDGE_CURVE('',#1109,#2092,#2094,.T.);
#2092 = VERTEX_POINT('',#2093);
#2093 = CARTESIAN_POINT('',(27.5,-8.775255128608,-5.));
#2094 = LINE('',#2095,#2096);
#2095 = CARTESIAN_POINT('',(29.908248290464,-11.18350341907,
    -7.408248290464));
#2096 = VECTOR('',#2097,1.);
#2097 = DIRECTION('',(-0.57735026919,0.57735026919,0.57735026919));
#2098 = ORIENTED_EDGE('',*,*,#2099,.F.);
#2099 = EDGE_CURVE('',#2066,#2092,#2100,.T.);
#2100 = LINE('',#2101,#2102);
#2101 = CARTESIAN_POINT('',(11.112372435696,7.612372435696,-5.));
#2102 = VECTOR('',#2103,1.);
#2103 = DIRECTION('',(-0.707106781187,0.707106781187,-1.6E-16));
#2104 = PLANE('',#2105);
#2105 = AXIS2_PLACEMENT_3D('',#2106,#2107,#2108);
#2106 = CARTESIAN_POINT('',(30.112372435696,-11.3876275643,-7.));
#2107 = DIRECTION('',(-0.707106781187,-0.707106781187,8.E-17));
#2108 = DIRECTION('',(0.57735026919,-0.57735026919,-0.57735026919));
#2109 = ADVANCED_FACE('',(#2110),#2116,.T.);
#2110 = FACE_BOUND('',#2111,.T.);
#2111 = EDGE_LOOP('',(#2112,#2113,#2114,#2115));
#2112 = ORIENTED_EDGE('',*,*,#1275,.F.);
#2113 = ORIENTED_EDGE('',*,*,#1050,.T.);
#2114 = ORIENTED_EDGE('',*,*,#1139,.T.);
#2115 = ORIENTED_EDGE('',*,*,#1164,.F.);
#2116 = PLANE('',#2117);
#2117 = AXIS2_PLACEMENT_3D('',#2118,#2119,#2120);
#2118 = CARTESIAN_POINT('',(-24.5,-11.,-46.5));
#2119 = DIRECTION('',(-4.9E-16,0.707106781187,0.707106781187));
#2120 = DIRECTION('',(1.,3.464823227814E-16,3.464823227814E-16));
#2121 = ADVANCED_FACE('',(#2122),#2134,.F.);
#2122 = FACE_BOUND('',#2123,.T.);
#2123 = EDGE_LOOP('',(#2124,#2125,#2126,#2127,#2133));
#2124 = ORIENTED_EDGE('',*,*,#1180,.T.);
#2125 = ORIENTED_EDGE('',*,*,#1116,.F.);
#2126 = ORIENTED_EDGE('',*,*,#2091,.T.);
#2127 = ORIENTED_EDGE('',*,*,#2128,.F.);
#2128 = EDGE_CURVE('',#1313,#2092,#2129,.T.);
#2129 = LINE('',#2130,#2131);
#2130 = CARTESIAN_POINT('',(27.5,5.,-5.));
#2131 = VECTOR('',#2132,1.);
#2132 = DIRECTION('',(0.,-1.,2.2E-16));
#2133 = ORIENTED_EDGE('',*,*,#1312,.F.);
#2134 = PLANE('',#2135);
#2135 = AXIS2_PLACEMENT_3D('',#2136,#2137,#2138);
#2136 = CARTESIAN_POINT('',(28.5,5.,-6.));
#2137 = DIRECTION('',(0.707106781187,1.2E-16,0.707106781187));
#2138 = DIRECTION('',(2.514718625761E-17,1.,-1.948528137424E-16));
#2139 = ADVANCED_FACE('',(#2140),#2146,.T.);
#2140 = FACE_BOUND('',#2141,.F.);
#2141 = EDGE_LOOP('',(#2142,#2143,#2144,#2145));
#2142 = ORIENTED_EDGE('',*,*,#1212,.F.);
#2143 = ORIENTED_EDGE('',*,*,#1237,.T.);
#2144 = ORIENTED_EDGE('',*,*,#1305,.T.);
#2145 = ORIENTED_EDGE('',*,*,#1190,.F.);
#2146 = PLANE('',#2147);
#2147 = AXIS2_PLACEMENT_3D('',#2148,#2149,#2150);
#2148 = CARTESIAN_POINT('',(28.5,-15.,-44.5));
#2149 = DIRECTION('',(-0.707106781187,4.9E-16,0.707106781187));
#2150 = DIRECTION('',(-2.364823227814E-16,-1.,4.564823227814E-16));
#2151 = ADVANCED_FACE('',(#2152),#2158,.T.);
#2152 = FACE_BOUND('',#2153,.T.);
#2153 = EDGE_LOOP('',(#2154,#2155,#2156,#2157));
#2154 = ORIENTED_EDGE('',*,*,#1640,.T.);
#2155 = ORIENTED_EDGE('',*,*,#1261,.T.);
#2156 = ORIENTED_EDGE('',*,*,#1812,.T.);
#2157 = ORIENTED_EDGE('',*,*,#1658,.F.);
#2158 = PLANE('',#2159);
#2159 = AXIS2_PLACEMENT_3D('',#2160,#2161,#2162);
#2160 = CARTESIAN_POINT('',(19.5,-11.,-46.5));
#2161 = DIRECTION('',(4.9E-16,0.707106781187,0.707106781187));
#2162 = DIRECTION('',(1.,-3.464823227814E-16,-3.464823227814E-16));
#2163 = ADVANCED_FACE('',(#2164),#2205,.T.);
#2164 = FACE_BOUND('',#2165,.T.);
#2165 = EDGE_LOOP('',(#2166,#2174,#2182,#2188,#2189,#2197,#2203,#2204));
#2166 = ORIENTED_EDGE('',*,*,#2167,.T.);
#2167 = EDGE_CURVE('',#1474,#2168,#2170,.T.);
#2168 = VERTEX_POINT('',#2169);
#2169 = CARTESIAN_POINT('',(34.5,-4.,20.999999999993));
#2170 = LINE('',#2171,#2172);
#2171 = CARTESIAN_POINT('',(34.5,5.,20.999999999993));
#2172 = VECTOR('',#2173,1.);
#2173 = DIRECTION('',(0.,-1.,2.2E-16));
#2174 = ORIENTED_EDGE('',*,*,#2175,.F.);
#2175 = EDGE_CURVE('',#2176,#2168,#2178,.T.);
#2176 = VERTEX_POINT('',#2177);
#2177 = CARTESIAN_POINT('',(34.5,-4.,1.));
#2178 = LINE('',#2179,#2180);
#2179 = CARTESIAN_POINT('',(34.5,-4.,8.9E-16));
#2180 = VECTOR('',#2181,1.);
#2181 = DIRECTION('',(0.,2.2E-16,1.));
#2182 = ORIENTED_EDGE('',*,*,#2183,.F.);
#2183 = EDGE_CURVE('',#2034,#2176,#2184,.T.);
#2184 = LINE('',#2185,#2186);
#2185 = CARTESIAN_POINT('',(34.5,-5.25709122239,-2.034886678233));
#2186 = VECTOR('',#2187,1.);
#2187 = DIRECTION('',(0.,0.382683432365,0.923879532511));
#2188 = ORIENTED_EDGE('',*,*,#2041,.T.);
#2189 = ORIENTED_EDGE('',*,*,#2190,.F.);
#2190 = EDGE_CURVE('',#2191,#2042,#2193,.T.);
#2191 = VERTEX_POINT('',#2192);
#2192 = CARTESIAN_POINT('',(34.5,-19.,-16.));
#2193 = LINE('',#2194,#2195);
#2194 = CARTESIAN_POINT('',(34.5,-15.65353783179,-7.920925647554));
#2195 = VECTOR('',#2196,1.);
#2196 = DIRECTION('',(0.,0.382683432365,0.923879532511));
#2197 = ORIENTED_EDGE('',*,*,#2198,.F.);
#2198 = EDGE_CURVE('',#1847,#2191,#2199,.T.);
#2199 = LINE('',#2200,#2201);
#2200 = CARTESIAN_POINT('',(34.5,-19.,-58.));
#2201 = VECTOR('',#2202,1.);
#2202 = DIRECTION('',(0.,2.2E-16,1.));
#2203 = ORIENTED_EDGE('',*,*,#1846,.F.);
#2204 = ORIENTED_EDGE('',*,*,#1481,.T.);
#2205 = PLANE('',#2206);
#2206 = AXIS2_PLACEMENT_3D('',#2207,#2208,#2209);
#2207 = CARTESIAN_POINT('',(34.5,-4.370860927152,-3.129139072848));
#2208 = DIRECTION('',(1.,0.,0.));
#2209 = DIRECTION('',(0.,0.,1.));
#2210 = ADVANCED_FACE('',(#2211),#2237,.T.);
#2211 = FACE_BOUND('',#2212,.T.);
#2212 = EDGE_LOOP('',(#2213,#2214,#2215,#2223,#2231));
#2213 = ORIENTED_EDGE('',*,*,#2167,.F.);
#2214 = ORIENTED_EDGE('',*,*,#1473,.F.);
#2215 = ORIENTED_EDGE('',*,*,#2216,.T.);
#2216 = EDGE_CURVE('',#1466,#2217,#2219,.T.);
#2217 = VERTEX_POINT('',#2218);
#2218 = CARTESIAN_POINT('',(29.5,-5.,16.));
#2219 = LINE('',#2220,#2221);
#2220 = CARTESIAN_POINT('',(29.5,5.,16.));
#2221 = VECTOR('',#2222,1.);
#2222 = DIRECTION('',(0.,-1.,2.2E-16));
#2223 = ORIENTED_EDGE('',*,*,#2224,.T.);
#2224 = EDGE_CURVE('',#2217,#2225,#2227,.T.);
#2225 = VERTEX_POINT('',#2226);
#2226 = CARTESIAN_POINT('',(33.5,-5.,19.999999999994));
#2227 = LINE('',#2228,#2229);
#2228 = CARTESIAN_POINT('',(18.124999999989,-5.,4.625000000006));
#2229 = VECTOR('',#2230,1.);
#2230 = DIRECTION('',(0.707106781187,0.,0.707106781186));
#2231 = ORIENTED_EDGE('',*,*,#2232,.F.);
#2232 = EDGE_CURVE('',#2168,#2225,#2233,.T.);
#2233 = LINE('',#2234,#2235);
#2234 = CARTESIAN_POINT('',(30.666666666672,-7.833333333328,
    17.16666666667));
#2235 = VECTOR('',#2236,1.);
#2236 = DIRECTION('',(-0.57735026919,-0.57735026919,-0.577350269189));
#2237 = PLANE('',#2238);
#2238 = AXIS2_PLACEMENT_3D('',#2239,#2240,#2241);
#2239 = CARTESIAN_POINT('',(29.5,5.,16.));
#2240 = DIRECTION('',(-0.707106781186,1.6E-16,0.707106781187));
#2241 = DIRECTION('',(0.707106781187,1.6E-16,0.707106781186));
#2242 = ADVANCED_FACE('',(#2243),#2261,.T.);
#2243 = FACE_BOUND('',#2244,.T.);
#2244 = EDGE_LOOP('',(#2245,#2246,#2254,#2260));
#2245 = ORIENTED_EDGE('',*,*,#1465,.F.);
#2246 = ORIENTED_EDGE('',*,*,#2247,.T.);
#2247 = EDGE_CURVE('',#1458,#2248,#2250,.T.);
#2248 = VERTEX_POINT('',#2249);
#2249 = CARTESIAN_POINT('',(29.5,-5.,41.));
#2250 = LINE('',#2251,#2252);
#2251 = CARTESIAN_POINT('',(29.5,5.,41.));
#2252 = VECTOR('',#2253,1.);
#2253 = DIRECTION('',(0.,-1.,2.2E-16));
#2254 = ORIENTED_EDGE('',*,*,#2255,.T.);
#2255 = EDGE_CURVE('',#2248,#2217,#2256,.T.);
#2256 = LINE('',#2257,#2258);
#2257 = CARTESIAN_POINT('',(29.5,-5.,20.5));
#2258 = VECTOR('',#2259,1.);
#2259 = DIRECTION('',(0.,0.,-1.));
#2260 = ORIENTED_EDGE('',*,*,#2216,.F.);
#2261 = PLANE('',#2262);
#2262 = AXIS2_PLACEMENT_3D('',#2263,#2264,#2265);
#2263 = CARTESIAN_POINT('',(29.5,5.,41.));
#2264 = DIRECTION('',(1.,0.,0.));
#2265 = DIRECTION('',(0.,-2.2E-16,-1.));
#2266 = ADVANCED_FACE('',(#2267),#2275,.F.);
#2267 = FACE_BOUND('',#2268,.F.);
#2268 = EDGE_LOOP('',(#2269,#2270,#2271,#2272,#2273,#2274));
#2269 = ORIENTED_EDGE('',*,*,#1887,.T.);
#2270 = ORIENTED_EDGE('',*,*,#1932,.F.);
#2271 = ORIENTED_EDGE('',*,*,#2065,.T.);
#2272 = ORIENTED_EDGE('',*,*,#2099,.T.);
#2273 = ORIENTED_EDGE('',*,*,#2128,.F.);
#2274 = ORIENTED_EDGE('',*,*,#1320,.F.);
#2275 = PLANE('',#2276);
#2276 = AXIS2_PLACEMENT_3D('',#2277,#2278,#2279);
#2277 = CARTESIAN_POINT('',(-29.5,5.,-5.));
#2278 = DIRECTION('',(0.,2.2E-16,1.));
#2279 = DIRECTION('',(1.,0.,0.));
#2280 = ADVANCED_FACE('',(#2281),#2299,.T.);
#2281 = FACE_BOUND('',#2282,.T.);
#2282 = EDGE_LOOP('',(#2283,#2291,#2292,#2293));
#2283 = ORIENTED_EDGE('',*,*,#2284,.T.);
#2284 = EDGE_CURVE('',#2285,#2248,#2287,.T.);
#2285 = VERTEX_POINT('',#2286);
#2286 = CARTESIAN_POINT('',(34.499999999998,-5.,36.000000000005));
#2287 = LINE('',#2288,#2289);
#2288 = CARTESIAN_POINT('',(35.25,-5.,35.25));
#2289 = VECTOR('',#2290,1.);
#2290 = DIRECTION('',(-0.707106781187,1.6E-16,0.707106781187));
#2291 = ORIENTED_EDGE('',*,*,#2247,.F.);
#2292 = ORIENTED_EDGE('',*,*,#1457,.F.);
#2293 = ORIENTED_EDGE('',*,*,#2294,.T.);
#2294 = EDGE_CURVE('',#1450,#2285,#2295,.T.);
#2295 = LINE('',#2296,#2297);
#2296 = CARTESIAN_POINT('',(34.5,5.,36.000000000007));
#2297 = VECTOR('',#2298,1.);
#2298 = DIRECTION('',(0.,-1.,2.2E-16));
#2299 = PLANE('',#2300);
#2300 = AXIS2_PLACEMENT_3D('',#2301,#2302,#2303);
#2301 = CARTESIAN_POINT('',(21.,-4.006845168494,49.500000000001));
#2302 = DIRECTION('',(-0.707106781187,7.324E-14,-0.707106781187));
#2303 = DIRECTION('',(-0.707106781187,0.,0.707106781187));
#2304 = ADVANCED_FACE('',(#2305),#2331,.T.);
#2305 = FACE_BOUND('',#2306,.T.);
#2306 = EDGE_LOOP('',(#2307,#2315,#2316,#2317,#2325));
#2307 = ORIENTED_EDGE('',*,*,#2308,.F.);
#2308 = EDGE_CURVE('',#2285,#2309,#2311,.T.);
#2309 = VERTEX_POINT('',#2310);
#2310 = CARTESIAN_POINT('',(34.5,-9.,41.656854249406));
#2311 = LINE('',#2312,#2313);
#2312 = CARTESIAN_POINT('',(34.5,-6.999281502392,38.827411015641));
#2313 = VECTOR('',#2314,1.);
#2314 = DIRECTION('',(0.,-0.577350269195,0.816496580924));
#2315 = ORIENTED_EDGE('',*,*,#2294,.F.);
#2316 = ORIENTED_EDGE('',*,*,#1449,.T.);
#2317 = ORIENTED_EDGE('',*,*,#2318,.T.);
#2318 = EDGE_CURVE('',#1442,#2319,#2321,.T.);
#2319 = VERTEX_POINT('',#2320);
#2320 = CARTESIAN_POINT('',(34.5,-9.,58.));
#2321 = LINE('',#2322,#2323);
#2322 = CARTESIAN_POINT('',(34.5,-5.,58.));
#2323 = VECTOR('',#2324,1.);
#2324 = DIRECTION('',(0.,-1.,2.2E-16));
#2325 = ORIENTED_EDGE('',*,*,#2326,.F.);
#2326 = EDGE_CURVE('',#2309,#2319,#2327,.T.);
#2327 = LINE('',#2328,#2329);
#2328 = CARTESIAN_POINT('',(34.5,-9.,43.071067811758));
#2329 = VECTOR('',#2330,1.);
#2330 = DIRECTION('',(0.,2.2E-16,1.));
#2331 = PLANE('',#2332);
#2332 = AXIS2_PLACEMENT_3D('',#2333,#2334,#2335);
#2333 = CARTESIAN_POINT('',(34.5,-2.5,47.000000000003));
#2334 = DIRECTION('',(1.,0.,0.));
#2335 = DIRECTION('',(0.,0.,1.));
#2336 = ADVANCED_FACE('',(#2337),#2355,.T.);
#2337 = FACE_BOUND('',#2338,.T.);
#2338 = EDGE_LOOP('',(#2339,#2347,#2353,#2354));
#2339 = ORIENTED_EDGE('',*,*,#2340,.T.);
#2340 = EDGE_CURVE('',#1434,#2341,#2343,.T.);
#2341 = VERTEX_POINT('',#2342);
#2342 = CARTESIAN_POINT('',(29.5,-9.,63.));
#2343 = LINE('',#2344,#2345);
#2344 = CARTESIAN_POINT('',(29.5,-5.,63.));
#2345 = VECTOR('',#2346,1.);
#2346 = DIRECTION('',(0.,-1.,2.2E-16));
#2347 = ORIENTED_EDGE('',*,*,#2348,.T.);
#2348 = EDGE_CURVE('',#2341,#2319,#2349,.T.);
#2349 = LINE('',#2350,#2351);
#2350 = CARTESIAN_POINT('',(29.5,-9.,63.));
#2351 = VECTOR('',#2352,1.);
#2352 = DIRECTION('',(0.707106781187,-1.6E-16,-0.707106781187));
#2353 = ORIENTED_EDGE('',*,*,#2318,.F.);
#2354 = ORIENTED_EDGE('',*,*,#1441,.F.);
#2355 = PLANE('',#2356);
#2356 = AXIS2_PLACEMENT_3D('',#2357,#2358,#2359);
#2357 = CARTESIAN_POINT('',(32.,-2.5,60.5));
#2358 = DIRECTION('',(0.707106781187,1.4E-16,0.707106781187));
#2359 = DIRECTION('',(0.707106781187,0.,-0.707106781187));
#2360 = ADVANCED_FACE('',(#2361),#2394,.T.);
#2361 = FACE_BOUND('',#2362,.T.);
#2362 = EDGE_LOOP('',(#2363,#2364,#2365,#2373,#2381,#2388));
#2363 = ORIENTED_EDGE('',*,*,#2340,.F.);
#2364 = ORIENTED_EDGE('',*,*,#1433,.T.);
#2365 = ORIENTED_EDGE('',*,*,#2366,.T.);
#2366 = EDGE_CURVE('',#1426,#2367,#2369,.T.);
#2367 = VERTEX_POINT('',#2368);
#2368 = CARTESIAN_POINT('',(7.5,-3.775255128602,63.));
#2369 = LINE('',#2370,#2371);
#2370 = CARTESIAN_POINT('',(7.5,5.,63.));
#2371 = VECTOR('',#2372,1.);
#2372 = DIRECTION('',(0.,-1.,2.2E-16));
#2373 = ORIENTED_EDGE('',*,*,#2374,.F.);
#2374 = EDGE_CURVE('',#2375,#2367,#2377,.T.);
#2375 = VERTEX_POINT('',#2376);
#2376 = CARTESIAN_POINT('',(14.725768350143,-8.884644928349,63.));
#2377 = LINE('',#2378,#2379);
#2378 = CARTESIAN_POINT('',(15.148418080954,-9.183503419076,63.));
#2379 = VECTOR('',#2380,1.);
#2380 = DIRECTION('',(-0.816496580924,0.577350269195,0.));
#2381 = ORIENTED_EDGE('',*,*,#2382,.T.);
#2382 = EDGE_CURVE('',#2375,#2383,#2385,.T.);
#2383 = VERTEX_POINT('',#2384);
#2384 = CARTESIAN_POINT('',(16.985281374131,-9.,63.));
#2385 = B_SPLINE_CURVE_WITH_KNOTS('',1,(#2386,#2387),.UNSPECIFIED.,.F.,
  .F.,(2,2),(0.,1.),.PIECEWISE_BEZIER_KNOTS.);
#2386 = CARTESIAN_POINT('',(14.725768350143,-8.884644928349,63.));
#2387 = CARTESIAN_POINT('',(16.985281374131,-9.,63.));
#2388 = ORIENTED_EDGE('',*,*,#2389,.F.);
#2389 = EDGE_CURVE('',#2341,#2383,#2390,.T.);
#2390 = LINE('',#2391,#2392);
#2391 = CARTESIAN_POINT('',(29.5,-9.,63.));
#2392 = VECTOR('',#2393,1.);
#2393 = DIRECTION('',(-1.,0.,0.));
#2394 = PLANE('',#2395);
#2395 = AXIS2_PLACEMENT_3D('',#2396,#2397,#2398);
#2396 = CARTESIAN_POINT('',(18.5,-2.5,63.));
#2397 = DIRECTION('',(0.,0.,1.));
#2398 = DIRECTION('',(1.,0.,0.));
#2399 = ADVANCED_FACE('',(#2400),#2426,.T.);
#2400 = FACE_BOUND('',#2401,.T.);
#2401 = EDGE_LOOP('',(#2402,#2403,#2404,#2412,#2420));
#2402 = ORIENTED_EDGE('',*,*,#2366,.F.);
#2403 = ORIENTED_EDGE('',*,*,#1425,.T.);
#2404 = ORIENTED_EDGE('',*,*,#2405,.T.);
#2405 = EDGE_CURVE('',#1418,#2406,#2408,.T.);
#2406 = VERTEX_POINT('',#2407);
#2407 = CARTESIAN_POINT('',(12.5,-5.,58.));
#2408 = LINE('',#2409,#2410);
#2409 = CARTESIAN_POINT('',(12.5,5.,58.));
#2410 = VECTOR('',#2411,1.);
#2411 = DIRECTION('',(0.,-1.,2.2E-16));
#2412 = ORIENTED_EDGE('',*,*,#2413,.T.);
#2413 = EDGE_CURVE('',#2406,#2414,#2416,.T.);
#2414 = VERTEX_POINT('',#2415);
#2415 = CARTESIAN_POINT('',(8.366025403782,-5.,62.133974596218));
#2416 = LINE('',#2417,#2418);
#2417 = CARTESIAN_POINT('',(35.25,-5.,35.25));
#2418 = VECTOR('',#2419,1.);
#2419 = DIRECTION('',(-0.707106781187,1.6E-16,0.707106781187));
#2420 = ORIENTED_EDGE('',*,*,#2421,.F.);
#2421 = EDGE_CURVE('',#2367,#2414,#2422,.T.);
#2422 = LINE('',#2423,#2424);
#2423 = CARTESIAN_POINT('',(12.900213025783,-11.41230962942,
    57.599786974216));
#2424 = VECTOR('',#2425,1.);
#2425 = DIRECTION('',(0.499999999998,-0.707106781189,-0.499999999998));
#2426 = PLANE('',#2427);
#2427 = AXIS2_PLACEMENT_3D('',#2428,#2429,#2430);
#2428 = CARTESIAN_POINT('',(21.,-4.006845168494,49.500000000001));
#2429 = DIRECTION('',(-0.707106781187,7.324E-14,-0.707106781187));
#2430 = DIRECTION('',(-0.707106781187,0.,0.707106781187));
#2431 = ADVANCED_FACE('',(#2432),#2450,.F.);
#2432 = FACE_BOUND('',#2433,.F.);
#2433 = EDGE_LOOP('',(#2434,#2435,#2436,#2444));
#2434 = ORIENTED_EDGE('',*,*,#1417,.F.);
#2435 = ORIENTED_EDGE('',*,*,#2405,.T.);
#2436 = ORIENTED_EDGE('',*,*,#2437,.T.);
#2437 = EDGE_CURVE('',#2406,#2438,#2440,.T.);
#2438 = VERTEX_POINT('',#2439);
#2439 = CARTESIAN_POINT('',(-12.5,-5.,58.));
#2440 = LINE('',#2441,#2442);
#2441 = CARTESIAN_POINT('',(6.25,-5.,58.));
#2442 = VECTOR('',#2443,1.);
#2443 = DIRECTION('',(-1.,0.,0.));
#2444 = ORIENTED_EDGE('',*,*,#2445,.F.);
#2445 = EDGE_CURVE('',#1410,#2438,#2446,.T.);
#2446 = LINE('',#2447,#2448);
#2447 = CARTESIAN_POINT('',(-12.5,5.,58.));
#2448 = VECTOR('',#2449,1.);
#2449 = DIRECTION('',(0.,-1.,2.2E-16));
#2450 = PLANE('',#2451);
#2451 = AXIS2_PLACEMENT_3D('',#2452,#2453,#2454);
#2452 = CARTESIAN_POINT('',(12.5,5.,58.));
#2453 = DIRECTION('',(-0.,-2.2E-16,-1.));
#2454 = DIRECTION('',(-1.,0.,0.));
#2455 = ADVANCED_FACE('',(#2456),#2482,.T.);
#2456 = FACE_BOUND('',#2457,.T.);
#2457 = EDGE_LOOP('',(#2458,#2466,#2467,#2468,#2476));
#2458 = ORIENTED_EDGE('',*,*,#2459,.F.);
#2459 = EDGE_CURVE('',#2438,#2460,#2462,.T.);
#2460 = VERTEX_POINT('',#2461);
#2461 = CARTESIAN_POINT('',(-8.366025403782,-5.,62.133974596218));
#2462 = LINE('',#2463,#2464);
#2463 = CARTESIAN_POINT('',(-35.25,-5.,35.25));
#2464 = VECTOR('',#2465,1.);
#2465 = DIRECTION('',(0.707106781187,0.,0.707106781187));
#2466 = ORIENTED_EDGE('',*,*,#2445,.F.);
#2467 = ORIENTED_EDGE('',*,*,#1409,.T.);
#2468 = ORIENTED_EDGE('',*,*,#2469,.T.);
#2469 = EDGE_CURVE('',#1402,#2470,#2472,.T.);
#2470 = VERTEX_POINT('',#2471);
#2471 = CARTESIAN_POINT('',(-7.5,-3.775255128602,63.));
#2472 = LINE('',#2473,#2474);
#2473 = CARTESIAN_POINT('',(-7.5,-5.,63.));
#2474 = VECTOR('',#2475,1.);
#2475 = DIRECTION('',(0.,-1.,2.2E-16));
#2476 = ORIENTED_EDGE('',*,*,#2477,.T.);
#2477 = EDGE_CURVE('',#2470,#2460,#2478,.T.);
#2478 = LINE('',#2479,#2480);
#2479 = CARTESIAN_POINT('',(-12.90021302578,-11.41230962942,
    57.599786974217));
#2480 = VECTOR('',#2481,1.);
#2481 = DIRECTION('',(-0.499999999998,-0.707106781189,-0.499999999998));
#2482 = PLANE('',#2483);
#2483 = AXIS2_PLACEMENT_3D('',#2484,#2485,#2486);
#2484 = CARTESIAN_POINT('',(-21.,-4.006845168494,49.5));
#2485 = DIRECTION('',(0.707106781187,-1.4E-16,-0.707106781187));
#2486 = DIRECTION('',(0.707106781187,0.,0.707106781187));
#2487 = ADVANCED_FACE('',(#2488),#2521,.T.);
#2488 = FACE_BOUND('',#2489,.T.);
#2489 = EDGE_LOOP('',(#2490,#2491,#2492,#2500,#2508,#2515));
#2490 = ORIENTED_EDGE('',*,*,#2469,.F.);
#2491 = ORIENTED_EDGE('',*,*,#1401,.T.);
#2492 = ORIENTED_EDGE('',*,*,#2493,.T.);
#2493 = EDGE_CURVE('',#1394,#2494,#2496,.T.);
#2494 = VERTEX_POINT('',#2495);
#2495 = CARTESIAN_POINT('',(-29.5,-9.,63.));
#2496 = LINE('',#2497,#2498);
#2497 = CARTESIAN_POINT('',(-29.5,5.,63.));
#2498 = VECTOR('',#2499,1.);
#2499 = DIRECTION('',(0.,-1.,2.2E-16));
#2500 = ORIENTED_EDGE('',*,*,#2501,.F.);
#2501 = EDGE_CURVE('',#2502,#2494,#2504,.T.);
#2502 = VERTEX_POINT('',#2503);
#2503 = CARTESIAN_POINT('',(-16.98528137413,-9.,63.));
#2504 = LINE('',#2505,#2506);
#2505 = CARTESIAN_POINT('',(-14.57106781175,-9.,63.));
#2506 = VECTOR('',#2507,1.);
#2507 = DIRECTION('',(-1.,0.,0.));
#2508 = ORIENTED_EDGE('',*,*,#2509,.T.);
#2509 = EDGE_CURVE('',#2502,#2510,#2512,.T.);
#2510 = VERTEX_POINT('',#2511);
#2511 = CARTESIAN_POINT('',(-14.72576835014,-8.884644928349,63.));
#2512 = B_SPLINE_CURVE_WITH_KNOTS('',1,(#2513,#2514),.UNSPECIFIED.,.F.,
  .F.,(2,2),(0.,1.),.PIECEWISE_BEZIER_KNOTS.);
#2513 = CARTESIAN_POINT('',(-16.98528137413,-9.,63.));
#2514 = CARTESIAN_POINT('',(-14.72576835014,-8.884644928349,63.));
#2515 = ORIENTED_EDGE('',*,*,#2516,.T.);
#2516 = EDGE_CURVE('',#2510,#2470,#2517,.T.);
#2517 = LINE('',#2518,#2519);
#2518 = CARTESIAN_POINT('',(-15.14841808095,-9.183503419076,63.));
#2519 = VECTOR('',#2520,1.);
#2520 = DIRECTION('',(0.816496580924,0.577350269195,0.));
#2521 = PLANE('',#2522);
#2522 = AXIS2_PLACEMENT_3D('',#2523,#2524,#2525);
#2523 = CARTESIAN_POINT('',(-18.5,-2.5,63.));
#2524 = DIRECTION('',(0.,0.,1.));
#2525 = DIRECTION('',(1.,0.,0.));
#2526 = ADVANCED_FACE('',(#2527),#2545,.T.);
#2527 = FACE_BOUND('',#2528,.T.);
#2528 = EDGE_LOOP('',(#2529,#2537,#2543,#2544));
#2529 = ORIENTED_EDGE('',*,*,#2530,.T.);
#2530 = EDGE_CURVE('',#1386,#2531,#2533,.T.);
#2531 = VERTEX_POINT('',#2532);
#2532 = CARTESIAN_POINT('',(-34.5,-9.,58.));
#2533 = LINE('',#2534,#2535);
#2534 = CARTESIAN_POINT('',(-34.5,5.,58.));
#2535 = VECTOR('',#2536,1.);
#2536 = DIRECTION('',(0.,-1.,2.2E-16));
#2537 = ORIENTED_EDGE('',*,*,#2538,.F.);
#2538 = EDGE_CURVE('',#2494,#2531,#2539,.T.);
#2539 = LINE('',#2540,#2541);
#2540 = CARTESIAN_POINT('',(-29.5,-9.,63.));
#2541 = VECTOR('',#2542,1.);
#2542 = DIRECTION('',(-0.707106781187,-1.6E-16,-0.707106781187));
#2543 = ORIENTED_EDGE('',*,*,#2493,.F.);
#2544 = ORIENTED_EDGE('',*,*,#1393,.T.);
#2545 = PLANE('',#2546);
#2546 = AXIS2_PLACEMENT_3D('',#2547,#2548,#2549);
#2547 = CARTESIAN_POINT('',(-32.,-2.5,60.5));
#2548 = DIRECTION('',(-0.707106781187,1.4E-16,0.707106781187));
#2549 = DIRECTION('',(-0.707106781187,0.,-0.707106781187));
#2550 = ADVANCED_FACE('',(#2551),#2592,.T.);
#2551 = FACE_BOUND('',#2552,.T.);
#2552 = EDGE_LOOP('',(#2553,#2554,#2562,#2568,#2569,#2577,#2585,#2591));
#2553 = ORIENTED_EDGE('',*,*,#1583,.T.);
#2554 = ORIENTED_EDGE('',*,*,#2555,.F.);
#2555 = EDGE_CURVE('',#2556,#1584,#2558,.T.);
#2556 = VERTEX_POINT('',#2557);
#2557 = CARTESIAN_POINT('',(-34.5,-19.,-16.));
#2558 = LINE('',#2559,#2560);
#2559 = CARTESIAN_POINT('',(-34.5,-19.,-15.));
#2560 = VECTOR('',#2561,1.);
#2561 = DIRECTION('',(0.,-2.2E-16,-1.));
#2562 = ORIENTED_EDGE('',*,*,#2563,.T.);
#2563 = EDGE_CURVE('',#2556,#1950,#2564,.T.);
#2564 = LINE('',#2565,#2566);
#2565 = CARTESIAN_POINT('',(-34.5,-15.65353783179,-7.920925647554));
#2566 = VECTOR('',#2567,1.);
#2567 = DIRECTION('',(0.,0.382683432365,0.923879532511));
#2568 = ORIENTED_EDGE('',*,*,#1957,.T.);
#2569 = ORIENTED_EDGE('',*,*,#2570,.T.);
#2570 = EDGE_CURVE('',#1958,#2571,#2573,.T.);
#2571 = VERTEX_POINT('',#2572);
#2572 = CARTESIAN_POINT('',(-34.5,-4.,1.));
#2573 = LINE('',#2574,#2575);
#2574 = CARTESIAN_POINT('',(-34.5,-5.25709122239,-2.034886678233));
#2575 = VECTOR('',#2576,1.);
#2576 = DIRECTION('',(0.,0.382683432365,0.923879532511));
#2577 = ORIENTED_EDGE('',*,*,#2578,.F.);
#2578 = EDGE_CURVE('',#2579,#2571,#2581,.T.);
#2579 = VERTEX_POINT('',#2580);
#2580 = CARTESIAN_POINT('',(-34.5,-4.,21.));
#2581 = LINE('',#2582,#2583);
#2582 = CARTESIAN_POINT('',(-34.5,-4.,21.));
#2583 = VECTOR('',#2584,1.);
#2584 = DIRECTION('',(0.,-2.2E-16,-1.));
#2585 = ORIENTED_EDGE('',*,*,#2586,.F.);
#2586 = EDGE_CURVE('',#1354,#2579,#2587,.T.);
#2587 = LINE('',#2588,#2589);
#2588 = CARTESIAN_POINT('',(-34.5,5.,21.));
#2589 = VECTOR('',#2590,1.);
#2590 = DIRECTION('',(0.,-1.,2.2E-16));
#2591 = ORIENTED_EDGE('',*,*,#1353,.T.);
#2592 = PLANE('',#2593);
#2593 = AXIS2_PLACEMENT_3D('',#2594,#2595,#2596);
#2594 = CARTESIAN_POINT('',(-34.5,-4.370860927152,-3.129139072848));
#2595 = DIRECTION('',(-1.,-0.,-0.));
#2596 = DIRECTION('',(0.,0.,-1.));
#2597 = ADVANCED_FACE('',(#2598),#2631,.T.);
#2598 = FACE_BOUND('',#2599,.T.);
#2599 = EDGE_LOOP('',(#2600,#2601,#2602,#2610,#2618,#2625));
#2600 = ORIENTED_EDGE('',*,*,#2530,.F.);
#2601 = ORIENTED_EDGE('',*,*,#1385,.T.);
#2602 = ORIENTED_EDGE('',*,*,#2603,.T.);
#2603 = EDGE_CURVE('',#1378,#2604,#2606,.T.);
#2604 = VERTEX_POINT('',#2605);
#2605 = CARTESIAN_POINT('',(-34.5,-3.775255128602,36.));
#2606 = LINE('',#2607,#2608);
#2607 = CARTESIAN_POINT('',(-34.5,-5.,36.));
#2608 = VECTOR('',#2609,1.);
#2609 = DIRECTION('',(0.,-1.,2.2E-16));
#2610 = ORIENTED_EDGE('',*,*,#2611,.T.);
#2611 = EDGE_CURVE('',#2604,#2612,#2614,.T.);
#2612 = VERTEX_POINT('',#2613);
#2613 = CARTESIAN_POINT('',(-34.5,-8.884644928349,43.225768350143));
#2614 = LINE('',#2615,#2616);
#2615 = CARTESIAN_POINT('',(-34.5,-4.183503419076,36.577350269195));
#2616 = VECTOR('',#2617,1.);
#2617 = DIRECTION('',(0.,-0.577350269195,0.816496580924));
#2618 = ORIENTED_EDGE('',*,*,#2619,.T.);
#2619 = EDGE_CURVE('',#2612,#2620,#2622,.T.);
#2620 = VERTEX_POINT('',#2621);
#2621 = CARTESIAN_POINT('',(-34.5,-9.,45.485281374131));
#2622 = B_SPLINE_CURVE_WITH_KNOTS('',1,(#2623,#2624),.UNSPECIFIED.,.F.,
  .F.,(2,2),(0.,1.),.PIECEWISE_BEZIER_KNOTS.);
#2623 = CARTESIAN_POINT('',(-34.5,-8.884644928349,43.225768350143));
#2624 = CARTESIAN_POINT('',(-34.5,-9.,45.485281374131));
#2625 = ORIENTED_EDGE('',*,*,#2626,.F.);
#2626 = EDGE_CURVE('',#2531,#2620,#2627,.T.);
#2627 = LINE('',#2628,#2629);
#2628 = CARTESIAN_POINT('',(-34.5,-9.,58.));
#2629 = VECTOR('',#2630,1.);
#2630 = DIRECTION('',(0.,-2.2E-16,-1.));
#2631 = PLANE('',#2632);
#2632 = AXIS2_PLACEMENT_3D('',#2633,#2634,#2635);
#2633 = CARTESIAN_POINT('',(-34.5,-2.5,47.));
#2634 = DIRECTION('',(-1.,-0.,-0.));
#2635 = DIRECTION('',(0.,0.,-1.));
#2636 = ADVANCED_FACE('',(#2637),#2663,.F.);
#2637 = FACE_BOUND('',#2638,.F.);
#2638 = EDGE_LOOP('',(#2639,#2640,#2641,#2649,#2657));
#2639 = ORIENTED_EDGE('',*,*,#2586,.F.);
#2640 = ORIENTED_EDGE('',*,*,#1361,.F.);
#2641 = ORIENTED_EDGE('',*,*,#2642,.T.);
#2642 = EDGE_CURVE('',#1362,#2643,#2645,.T.);
#2643 = VERTEX_POINT('',#2644);
#2644 = CARTESIAN_POINT('',(-29.5,-5.,16.));
#2645 = LINE('',#2646,#2647);
#2646 = CARTESIAN_POINT('',(-29.5,5.,16.));
#2647 = VECTOR('',#2648,1.);
#2648 = DIRECTION('',(0.,-1.,2.2E-16));
#2649 = ORIENTED_EDGE('',*,*,#2650,.T.);
#2650 = EDGE_CURVE('',#2643,#2651,#2653,.T.);
#2651 = VERTEX_POINT('',#2652);
#2652 = CARTESIAN_POINT('',(-33.5,-5.,20.));
#2653 = LINE('',#2654,#2655);
#2654 = CARTESIAN_POINT('',(-18.125,-5.,4.625));
#2655 = VECTOR('',#2656,1.);
#2656 = DIRECTION('',(-0.707106781187,0.,0.707106781187));
#2657 = ORIENTED_EDGE('',*,*,#2658,.F.);
#2658 = EDGE_CURVE('',#2579,#2651,#2659,.T.);
#2659 = LINE('',#2660,#2661);
#2660 = CARTESIAN_POINT('',(-34.16666666666,-4.333333333333,
    20.666666666667));
#2661 = VECTOR('',#2662,1.);
#2662 = DIRECTION('',(0.57735026919,-0.57735026919,-0.57735026919));
#2663 = PLANE('',#2664);
#2664 = AXIS2_PLACEMENT_3D('',#2665,#2666,#2667);
#2665 = CARTESIAN_POINT('',(-29.5,5.,16.));
#2666 = DIRECTION('',(-0.707106781187,-1.6E-16,-0.707106781187));
#2667 = DIRECTION('',(-0.707106781187,1.6E-16,0.707106781187));
#2668 = ADVANCED_FACE('',(#2669),#2695,.T.);
#2669 = FACE_BOUND('',#2670,.T.);
#2670 = EDGE_LOOP('',(#2671,#2672,#2673,#2681,#2689));
#2671 = ORIENTED_EDGE('',*,*,#2603,.F.);
#2672 = ORIENTED_EDGE('',*,*,#1377,.T.);
#2673 = ORIENTED_EDGE('',*,*,#2674,.T.);
#2674 = EDGE_CURVE('',#1370,#2675,#2677,.T.);
#2675 = VERTEX_POINT('',#2676);
#2676 = CARTESIAN_POINT('',(-29.5,-5.,41.));
#2677 = LINE('',#2678,#2679);
#2678 = CARTESIAN_POINT('',(-29.5,5.,41.));
#2679 = VECTOR('',#2680,1.);
#2680 = DIRECTION('',(0.,-1.,2.2E-16));
#2681 = ORIENTED_EDGE('',*,*,#2682,.F.);
#2682 = EDGE_CURVE('',#2683,#2675,#2685,.T.);
#2683 = VERTEX_POINT('',#2684);
#2684 = CARTESIAN_POINT('',(-33.63397459621,-5.,36.866025403782));
#2685 = LINE('',#2686,#2687);
#2686 = CARTESIAN_POINT('',(-35.25,-5.,35.25));
#2687 = VECTOR('',#2688,1.);
#2688 = DIRECTION('',(0.707106781187,0.,0.707106781187));
#2689 = ORIENTED_EDGE('',*,*,#2690,.F.);
#2690 = EDGE_CURVE('',#2604,#2683,#2691,.T.);
#2691 = LINE('',#2692,#2693);
#2692 = CARTESIAN_POINT('',(-30.86755392716,-8.912309629437,
    39.632446072837));
#2693 = VECTOR('',#2694,1.);
#2694 = DIRECTION('',(0.499999999998,-0.707106781189,0.499999999998));
#2695 = PLANE('',#2696);
#2696 = AXIS2_PLACEMENT_3D('',#2697,#2698,#2699);
#2697 = CARTESIAN_POINT('',(-21.,-4.006845168494,49.5));
#2698 = DIRECTION('',(0.707106781187,-1.4E-16,-0.707106781187));
#2699 = DIRECTION('',(0.707106781187,0.,0.707106781187));
#2700 = ADVANCED_FACE('',(#2701),#2712,.F.);
#2701 = FACE_BOUND('',#2702,.F.);
#2702 = EDGE_LOOP('',(#2703,#2704,#2705,#2711));
#2703 = ORIENTED_EDGE('',*,*,#1369,.F.);
#2704 = ORIENTED_EDGE('',*,*,#2674,.T.);
#2705 = ORIENTED_EDGE('',*,*,#2706,.T.);
#2706 = EDGE_CURVE('',#2675,#2643,#2707,.T.);
#2707 = LINE('',#2708,#2709);
#2708 = CARTESIAN_POINT('',(-29.5,-5.,20.5));
#2709 = VECTOR('',#2710,1.);
#2710 = DIRECTION('',(0.,0.,-1.));
#2711 = ORIENTED_EDGE('',*,*,#2642,.F.);
#2712 = PLANE('',#2713);
#2713 = AXIS2_PLACEMENT_3D('',#2714,#2715,#2716);
#2714 = CARTESIAN_POINT('',(-29.5,5.,41.));
#2715 = DIRECTION('',(1.,0.,0.));
#2716 = DIRECTION('',(0.,-2.2E-16,-1.));
#2717 = ADVANCED_FACE('',(#2718),#2737,.F.);
#2718 = FACE_BOUND('',#2719,.F.);
#2719 = EDGE_LOOP('',(#2720,#2721,#2728,#2735,#2736));
#2720 = ORIENTED_EDGE('',*,*,#1509,.F.);
#2721 = ORIENTED_EDGE('',*,*,#2722,.T.);
#2722 = EDGE_CURVE('',#1501,#2723,#2725,.T.);
#2723 = VERTEX_POINT('',#2724);
#2724 = CARTESIAN_POINT('',(-25.5,-13.,-52.));
#2725 = B_SPLINE_CURVE_WITH_KNOTS('',1,(#2726,#2727),.UNSPECIFIED.,.F.,
  .F.,(2,2),(-25.,0.),.PIECEWISE_BEZIER_KNOTS.);
#2726 = CARTESIAN_POINT('',(-25.5,5.,-52.));
#2727 = CARTESIAN_POINT('',(-25.5,-20.,-52.));
#2728 = ORIENTED_EDGE('',*,*,#2729,.F.);
#2729 = EDGE_CURVE('',#2723,#2723,#2730,.T.);
#2730 = CIRCLE('',#2731,1.5);
#2731 = AXIS2_PLACEMENT_3D('',#2732,#2733,#2734);
#2732 = CARTESIAN_POINT('',(-27.,-13.,-52.));
#2733 = DIRECTION('',(0.,-1.,2.2E-16));
#2734 = DIRECTION('',(1.,0.,0.));
#2735 = ORIENTED_EDGE('',*,*,#2722,.F.);
#2736 = ORIENTED_EDGE('',*,*,#1498,.F.);
#2737 = CYLINDRICAL_SURFACE('',#2738,1.5);
#2738 = AXIS2_PLACEMENT_3D('',#2739,#2740,#2741);
#2739 = CARTESIAN_POINT('',(-27.,-20.,-52.));
#2740 = DIRECTION('',(0.,-1.,2.2E-16));
#2741 = DIRECTION('',(1.,0.,0.));
#2742 = ADVANCED_FACE('',(#2743),#2761,.F.);
#2743 = FACE_BOUND('',#2744,.F.);
#2744 = EDGE_LOOP('',(#2745,#2752,#2753,#2754));
#2745 = ORIENTED_EDGE('',*,*,#2746,.F.);
#2746 = EDGE_CURVE('',#1519,#2747,#2749,.T.);
#2747 = VERTEX_POINT('',#2748);
#2748 = CARTESIAN_POINT('',(-25.5,-8.,54.));
#2749 = B_SPLINE_CURVE_WITH_KNOTS('',1,(#2750,#2751),.UNSPECIFIED.,.F.,
  .F.,(2,2),(-25.,-10.),.PIECEWISE_BEZIER_KNOTS.);
#2750 = CARTESIAN_POINT('',(-25.5,5.,54.));
#2751 = CARTESIAN_POINT('',(-25.5,-10.,54.));
#2752 = ORIENTED_EDGE('',*,*,#1518,.T.);
#2753 = ORIENTED_EDGE('',*,*,#2746,.T.);
#2754 = ORIENTED_EDGE('',*,*,#2755,.F.);
#2755 = EDGE_CURVE('',#2747,#2747,#2756,.T.);
#2756 = CIRCLE('',#2757,1.5);
#2757 = AXIS2_PLACEMENT_3D('',#2758,#2759,#2760);
#2758 = CARTESIAN_POINT('',(-27.,-8.,54.));
#2759 = DIRECTION('',(0.,-1.,2.2E-16));
#2760 = DIRECTION('',(1.,0.,0.));
#2761 = CYLINDRICAL_SURFACE('',#2762,1.5);
#2762 = AXIS2_PLACEMENT_3D('',#2763,#2764,#2765);
#2763 = CARTESIAN_POINT('',(-27.,-20.,54.));
#2764 = DIRECTION('',(0.,-1.,2.2E-16));
#2765 = DIRECTION('',(1.,0.,0.));
#2766 = ADVANCED_FACE('',(#2767),#2786,.F.);
#2767 = FACE_BOUND('',#2768,.F.);
#2768 = EDGE_LOOP('',(#2769,#2770,#2777,#2784,#2785));
#2769 = ORIENTED_EDGE('',*,*,#1540,.F.);
#2770 = ORIENTED_EDGE('',*,*,#2771,.T.);
#2771 = EDGE_CURVE('',#1532,#2772,#2774,.T.);
#2772 = VERTEX_POINT('',#2773);
#2773 = CARTESIAN_POINT('',(28.5,-13.,-52.));
#2774 = B_SPLINE_CURVE_WITH_KNOTS('',1,(#2775,#2776),.UNSPECIFIED.,.F.,
  .F.,(2,2),(-25.,0.),.PIECEWISE_BEZIER_KNOTS.);
#2775 = CARTESIAN_POINT('',(28.5,5.,-52.));
#2776 = CARTESIAN_POINT('',(28.5,-20.,-52.));
#2777 = ORIENTED_EDGE('',*,*,#2778,.F.);
#2778 = EDGE_CURVE('',#2772,#2772,#2779,.T.);
#2779 = CIRCLE('',#2780,1.5);
#2780 = AXIS2_PLACEMENT_3D('',#2781,#2782,#2783);
#2781 = CARTESIAN_POINT('',(27.,-13.,-52.));
#2782 = DIRECTION('',(0.,-1.,2.2E-16));
#2783 = DIRECTION('',(1.,0.,0.));
#2784 = ORIENTED_EDGE('',*,*,#2771,.F.);
#2785 = ORIENTED_EDGE('',*,*,#1529,.F.);
#2786 = CYLINDRICAL_SURFACE('',#2787,1.5);
#2787 = AXIS2_PLACEMENT_3D('',#2788,#2789,#2790);
#2788 = CARTESIAN_POINT('',(27.,-20.,-52.));
#2789 = DIRECTION('',(0.,-1.,2.2E-16));
#2790 = DIRECTION('',(1.,0.,0.));
#2791 = ADVANCED_FACE('',(#2792),#2810,.F.);
#2792 = FACE_BOUND('',#2793,.F.);
#2793 = EDGE_LOOP('',(#2794,#2801,#2802,#2803));
#2794 = ORIENTED_EDGE('',*,*,#2795,.F.);
#2795 = EDGE_CURVE('',#1550,#2796,#2798,.T.);
#2796 = VERTEX_POINT('',#2797);
#2797 = CARTESIAN_POINT('',(28.5,-8.,54.));
#2798 = B_SPLINE_CURVE_WITH_KNOTS('',1,(#2799,#2800),.UNSPECIFIED.,.F.,
  .F.,(2,2),(-25.,-10.),.PIECEWISE_BEZIER_KNOTS.);
#2799 = CARTESIAN_POINT('',(28.5,5.,54.));
#2800 = CARTESIAN_POINT('',(28.5,-10.,54.));
#2801 = ORIENTED_EDGE('',*,*,#1549,.T.);
#2802 = ORIENTED_EDGE('',*,*,#2795,.T.);
#2803 = ORIENTED_EDGE('',*,*,#2804,.F.);
#2804 = EDGE_CURVE('',#2796,#2796,#2805,.T.);
#2805 = CIRCLE('',#2806,1.5);
#2806 = AXIS2_PLACEMENT_3D('',#2807,#2808,#2809);
#2807 = CARTESIAN_POINT('',(27.,-8.,54.));
#2808 = DIRECTION('',(0.,-1.,2.2E-16));
#2809 = DIRECTION('',(1.,0.,0.));
#2810 = CYLINDRICAL_SURFACE('',#2811,1.5);
#2811 = AXIS2_PLACEMENT_3D('',#2812,#2813,#2814);
#2812 = CARTESIAN_POINT('',(27.,-20.,54.));
#2813 = DIRECTION('',(0.,-1.,2.2E-16));
#2814 = DIRECTION('',(1.,0.,0.));
#2815 = ADVANCED_FACE('',(#2816),#2827,.T.);
#2816 = FACE_BOUND('',#2817,.T.);
#2817 = EDGE_LOOP('',(#2818,#2824,#2825,#2826));
#2818 = ORIENTED_EDGE('',*,*,#2819,.F.);
#2819 = EDGE_CURVE('',#1584,#1675,#2820,.T.);
#2820 = LINE('',#2821,#2822);
#2821 = CARTESIAN_POINT('',(-29.93851753542,-23.56148246457,
    -56.11057209864));
#2822 = VECTOR('',#2823,1.);
#2823 = DIRECTION('',(0.678598344546,-0.678598344546,0.281084637715));
#2824 = ORIENTED_EDGE('',*,*,#1591,.T.);
#2825 = ORIENTED_EDGE('',*,*,#1607,.T.);
#2826 = ORIENTED_EDGE('',*,*,#1674,.F.);
#2827 = PLANE('',#2828);
#2828 = AXIS2_PLACEMENT_3D('',#2829,#2830,#2831);
#2829 = CARTESIAN_POINT('',(-34.1464466094,-19.5,-57.6464466094));
#2830 = DIRECTION('',(-0.5,-0.707106781187,-0.5));
#2831 = DIRECTION('',(0.707106781187,-2.498001805407E-16,-0.707106781187
    ));
#2832 = ADVANCED_FACE('',(#2833),#2844,.F.);
#2833 = FACE_BOUND('',#2834,.T.);
#2834 = EDGE_LOOP('',(#2835,#2841,#2842,#2843));
#2835 = ORIENTED_EDGE('',*,*,#2836,.F.);
#2836 = EDGE_CURVE('',#2556,#1683,#2837,.T.);
#2837 = LINE('',#2838,#2839);
#2838 = CARTESIAN_POINT('',(-34.25,-19.25,-16.));
#2839 = VECTOR('',#2840,1.);
#2840 = DIRECTION('',(0.707106781187,-0.707106781187,-6.12E-15));
#2841 = ORIENTED_EDGE('',*,*,#2555,.T.);
#2842 = ORIENTED_EDGE('',*,*,#2819,.T.);
#2843 = ORIENTED_EDGE('',*,*,#1682,.F.);
#2844 = PLANE('',#2845);
#2845 = AXIS2_PLACEMENT_3D('',#2846,#2847,#2848);
#2846 = CARTESIAN_POINT('',(-34.,-19.5,-15.));
#2847 = DIRECTION('',(0.707106781187,0.707106781187,0.));
#2848 = DIRECTION('',(-1.1E-16,1.1E-16,1.));
#2849 = ADVANCED_FACE('',(#2850),#2861,.F.);
#2850 = FACE_BOUND('',#2851,.F.);
#2851 = EDGE_LOOP('',(#2852,#2858,#2859,#2860));
#2852 = ORIENTED_EDGE('',*,*,#2853,.F.);
#2853 = EDGE_CURVE('',#1847,#1699,#2854,.T.);
#2854 = LINE('',#2855,#2856);
#2855 = CARTESIAN_POINT('',(34.03950428678,-19.46049571322,
    -57.80925643016));
#2856 = VECTOR('',#2857,1.);
#2857 = DIRECTION('',(-0.678598344546,-0.678598344546,0.281084637715));
#2858 = ORIENTED_EDGE('',*,*,#1854,.T.);
#2859 = ORIENTED_EDGE('',*,*,#1831,.T.);
#2860 = ORIENTED_EDGE('',*,*,#1706,.F.);
#2861 = PLANE('',#2862);
#2862 = AXIS2_PLACEMENT_3D('',#2863,#2864,#2865);
#2863 = CARTESIAN_POINT('',(34.146446609407,-19.5,-57.6464466094));
#2864 = DIRECTION('',(-0.5,0.707106781187,0.5));
#2865 = DIRECTION('',(-0.707106781187,-2.498001805407E-16,
    -0.707106781187));
#2866 = ADVANCED_FACE('',(#2867),#2878,.F.);
#2867 = FACE_BOUND('',#2868,.T.);
#2868 = EDGE_LOOP('',(#2869,#2870,#2871,#2877));
#2869 = ORIENTED_EDGE('',*,*,#2853,.F.);
#2870 = ORIENTED_EDGE('',*,*,#2198,.T.);
#2871 = ORIENTED_EDGE('',*,*,#2872,.T.);
#2872 = EDGE_CURVE('',#2191,#1691,#2873,.T.);
#2873 = LINE('',#2874,#2875);
#2874 = CARTESIAN_POINT('',(34.25,-19.25,-16.));
#2875 = VECTOR('',#2876,1.);
#2876 = DIRECTION('',(-0.707106781187,-0.707106781187,-1.086E-14));
#2877 = ORIENTED_EDGE('',*,*,#1698,.F.);
#2878 = PLANE('',#2879);
#2879 = AXIS2_PLACEMENT_3D('',#2880,#2881,#2882);
#2880 = CARTESIAN_POINT('',(34.,-19.5,-58.));
#2881 = DIRECTION('',(-0.707106781187,0.707106781187,-2.7E-16));
#2882 = DIRECTION('',(8.091883092037E-17,-3.009188309204E-16,-1.));
#2883 = ADVANCED_FACE('',(#2884),#2909,.F.);
#2884 = FACE_BOUND('',#2885,.F.);
#2885 = EDGE_LOOP('',(#2886,#2894,#2902,#2908));
#2886 = ORIENTED_EDGE('',*,*,#2887,.T.);
#2887 = EDGE_CURVE('',#1725,#2888,#2890,.T.);
#2888 = VERTEX_POINT('',#2889);
#2889 = CARTESIAN_POINT('',(-27.,-13.,-55.88908729652));
#2890 = LINE('',#2891,#2892);
#2891 = CARTESIAN_POINT('',(-27.,-20.,-55.88908729652));
#2892 = VECTOR('',#2893,1.);
#2893 = DIRECTION('',(0.,1.,-2.2E-16));
#2894 = ORIENTED_EDGE('',*,*,#2895,.T.);
#2895 = EDGE_CURVE('',#2888,#2896,#2898,.T.);
#2896 = VERTEX_POINT('',#2897);
#2897 = CARTESIAN_POINT('',(-23.11091270347,-13.,-52.));
#2898 = LINE('',#2899,#2900);
#2899 = CARTESIAN_POINT('',(-27.,-13.,-55.88908729652));
#2900 = VECTOR('',#2901,1.);
#2901 = DIRECTION('',(0.707106781187,0.,0.707106781187));
#2902 = ORIENTED_EDGE('',*,*,#2903,.F.);
#2903 = EDGE_CURVE('',#1727,#2896,#2904,.T.);
#2904 = LINE('',#2905,#2906);
#2905 = CARTESIAN_POINT('',(-23.11091270347,-20.,-52.));
#2906 = VECTOR('',#2907,1.);
#2907 = DIRECTION('',(0.,1.,-2.2E-16));
#2908 = ORIENTED_EDGE('',*,*,#1724,.F.);
#2909 = PLANE('',#2910);
#2910 = AXIS2_PLACEMENT_3D('',#2911,#2912,#2913);
#2911 = CARTESIAN_POINT('',(-27.,-20.,-55.88908729652));
#2912 = DIRECTION('',(0.707106781187,-1.6E-16,-0.707106781187));
#2913 = DIRECTION('',(0.707106781187,1.6E-16,0.707106781187));
#2914 = ADVANCED_FACE('',(#2915),#2933,.F.);
#2915 = FACE_BOUND('',#2916,.F.);
#2916 = EDGE_LOOP('',(#2917,#2925,#2931,#2932));
#2917 = ORIENTED_EDGE('',*,*,#2918,.T.);
#2918 = EDGE_CURVE('',#1743,#2919,#2921,.T.);
#2919 = VERTEX_POINT('',#2920);
#2920 = CARTESIAN_POINT('',(-30.88908729652,-13.,-52.));
#2921 = LINE('',#2922,#2923);
#2922 = CARTESIAN_POINT('',(-30.88908729652,-20.,-52.));
#2923 = VECTOR('',#2924,1.);
#2924 = DIRECTION('',(0.,1.,-2.2E-16));
#2925 = ORIENTED_EDGE('',*,*,#2926,.T.);
#2926 = EDGE_CURVE('',#2919,#2888,#2927,.T.);
#2927 = LINE('',#2928,#2929);
#2928 = CARTESIAN_POINT('',(-30.88908729652,-13.,-52.));
#2929 = VECTOR('',#2930,1.);
#2930 = DIRECTION('',(0.707106781187,0.,-0.707106781187));
#2931 = ORIENTED_EDGE('',*,*,#2887,.F.);
#2932 = ORIENTED_EDGE('',*,*,#1750,.F.);
#2933 = PLANE('',#2934);
#2934 = AXIS2_PLACEMENT_3D('',#2935,#2936,#2937);
#2935 = CARTESIAN_POINT('',(-30.88908729652,-20.,-52.));
#2936 = DIRECTION('',(-0.707106781187,-1.6E-16,-0.707106781187));
#2937 = DIRECTION('',(0.707106781187,-1.6E-16,-0.707106781187));
#2938 = ADVANCED_FACE('',(#2939),#2957,.F.);
#2939 = FACE_BOUND('',#2940,.F.);
#2940 = EDGE_LOOP('',(#2941,#2942,#2950,#2956));
#2941 = ORIENTED_EDGE('',*,*,#2903,.T.);
#2942 = ORIENTED_EDGE('',*,*,#2943,.T.);
#2943 = EDGE_CURVE('',#2896,#2944,#2946,.T.);
#2944 = VERTEX_POINT('',#2945);
#2945 = CARTESIAN_POINT('',(-27.,-13.,-48.11091270347));
#2946 = LINE('',#2947,#2948);
#2947 = CARTESIAN_POINT('',(-23.11091270347,-13.,-52.));
#2948 = VECTOR('',#2949,1.);
#2949 = DIRECTION('',(-0.707106781187,0.,0.707106781187));
#2950 = ORIENTED_EDGE('',*,*,#2951,.F.);
#2951 = EDGE_CURVE('',#1735,#2944,#2952,.T.);
#2952 = LINE('',#2953,#2954);
#2953 = CARTESIAN_POINT('',(-27.,-20.,-48.11091270347));
#2954 = VECTOR('',#2955,1.);
#2955 = DIRECTION('',(0.,1.,-2.2E-16));
#2956 = ORIENTED_EDGE('',*,*,#1734,.F.);
#2957 = PLANE('',#2958);
#2958 = AXIS2_PLACEMENT_3D('',#2959,#2960,#2961);
#2959 = CARTESIAN_POINT('',(-23.11091270347,-20.,-52.));
#2960 = DIRECTION('',(0.707106781187,1.6E-16,0.707106781187));
#2961 = DIRECTION('',(-0.707106781187,1.6E-16,0.707106781187));
#2962 = ADVANCED_FACE('',(#2963),#2974,.F.);
#2963 = FACE_BOUND('',#2964,.F.);
#2964 = EDGE_LOOP('',(#2965,#2966,#2972,#2973));
#2965 = ORIENTED_EDGE('',*,*,#2951,.T.);
#2966 = ORIENTED_EDGE('',*,*,#2967,.T.);
#2967 = EDGE_CURVE('',#2944,#2919,#2968,.T.);
#2968 = LINE('',#2969,#2970);
#2969 = CARTESIAN_POINT('',(-27.,-13.,-48.11091270347));
#2970 = VECTOR('',#2971,1.);
#2971 = DIRECTION('',(-0.707106781187,-0.,-0.707106781187));
#2972 = ORIENTED_EDGE('',*,*,#2918,.F.);
#2973 = ORIENTED_EDGE('',*,*,#1742,.F.);
#2974 = PLANE('',#2975);
#2975 = AXIS2_PLACEMENT_3D('',#2976,#2977,#2978);
#2976 = CARTESIAN_POINT('',(-27.,-20.,-48.11091270347));
#2977 = DIRECTION('',(-0.707106781187,1.6E-16,0.707106781187));
#2978 = DIRECTION('',(-0.707106781187,-1.6E-16,-0.707106781187));
#2979 = ADVANCED_FACE('',(#2980),#3005,.F.);
#2980 = FACE_BOUND('',#2981,.F.);
#2981 = EDGE_LOOP('',(#2982,#2990,#2998,#3004));
#2982 = ORIENTED_EDGE('',*,*,#2983,.T.);
#2983 = EDGE_CURVE('',#1770,#2984,#2986,.T.);
#2984 = VERTEX_POINT('',#2985);
#2985 = CARTESIAN_POINT('',(27.,-13.,-48.11091270347));
#2986 = LINE('',#2987,#2988);
#2987 = CARTESIAN_POINT('',(27.,-20.,-48.11091270347));
#2988 = VECTOR('',#2989,1.);
#2989 = DIRECTION('',(0.,1.,-2.2E-16));
#2990 = ORIENTED_EDGE('',*,*,#2991,.T.);
#2991 = EDGE_CURVE('',#2984,#2992,#2994,.T.);
#2992 = VERTEX_POINT('',#2993);
#2993 = CARTESIAN_POINT('',(23.110912703474,-13.,-52.));
#2994 = LINE('',#2995,#2996);
#2995 = CARTESIAN_POINT('',(27.,-13.,-48.11091270347));
#2996 = VECTOR('',#2997,1.);
#2997 = DIRECTION('',(-0.707106781187,-0.,-0.707106781187));
#2998 = ORIENTED_EDGE('',*,*,#2999,.F.);
#2999 = EDGE_CURVE('',#1772,#2992,#3000,.T.);
#3000 = LINE('',#3001,#3002);
#3001 = CARTESIAN_POINT('',(23.110912703474,-20.,-52.));
#3002 = VECTOR('',#3003,1.);
#3003 = DIRECTION('',(0.,1.,-2.2E-16));
#3004 = ORIENTED_EDGE('',*,*,#1769,.F.);
#3005 = PLANE('',#3006);
#3006 = AXIS2_PLACEMENT_3D('',#3007,#3008,#3009);
#3007 = CARTESIAN_POINT('',(27.,-20.,-48.11091270347));
#3008 = DIRECTION('',(-0.707106781187,1.6E-16,0.707106781187));
#3009 = DIRECTION('',(-0.707106781187,-1.6E-16,-0.707106781187));
#3010 = ADVANCED_FACE('',(#3011),#3029,.F.);
#3011 = FACE_BOUND('',#3012,.F.);
#3012 = EDGE_LOOP('',(#3013,#3021,#3027,#3028));
#3013 = ORIENTED_EDGE('',*,*,#3014,.T.);
#3014 = EDGE_CURVE('',#1788,#3015,#3017,.T.);
#3015 = VERTEX_POINT('',#3016);
#3016 = CARTESIAN_POINT('',(30.889087296526,-13.,-52.));
#3017 = LINE('',#3018,#3019);
#3018 = CARTESIAN_POINT('',(30.889087296526,-20.,-52.));
#3019 = VECTOR('',#3020,1.);
#3020 = DIRECTION('',(0.,1.,-2.2E-16));
#3021 = ORIENTED_EDGE('',*,*,#3022,.T.);
#3022 = EDGE_CURVE('',#3015,#2984,#3023,.T.);
#3023 = LINE('',#3024,#3025);
#3024 = CARTESIAN_POINT('',(30.889087296526,-13.,-52.));
#3025 = VECTOR('',#3026,1.);
#3026 = DIRECTION('',(-0.707106781187,0.,0.707106781187));
#3027 = ORIENTED_EDGE('',*,*,#2983,.F.);
#3028 = ORIENTED_EDGE('',*,*,#1795,.F.);
#3029 = PLANE('',#3030);
#3030 = AXIS2_PLACEMENT_3D('',#3031,#3032,#3033);
#3031 = CARTESIAN_POINT('',(30.889087296526,-20.,-52.));
#3032 = DIRECTION('',(0.707106781187,1.6E-16,0.707106781187));
#3033 = DIRECTION('',(-0.707106781187,1.6E-16,0.707106781187));
#3034 = ADVANCED_FACE('',(#3035),#3053,.F.);
#3035 = FACE_BOUND('',#3036,.F.);
#3036 = EDGE_LOOP('',(#3037,#3038,#3046,#3052));
#3037 = ORIENTED_EDGE('',*,*,#2999,.T.);
#3038 = ORIENTED_EDGE('',*,*,#3039,.T.);
#3039 = EDGE_CURVE('',#2992,#3040,#3042,.T.);
#3040 = VERTEX_POINT('',#3041);
#3041 = CARTESIAN_POINT('',(27.,-13.,-55.88908729652));
#3042 = LINE('',#3043,#3044);
#3043 = CARTESIAN_POINT('',(23.110912703474,-13.,-52.));
#3044 = VECTOR('',#3045,1.);
#3045 = DIRECTION('',(0.707106781187,0.,-0.707106781187));
#3046 = ORIENTED_EDGE('',*,*,#3047,.F.);
#3047 = EDGE_CURVE('',#1780,#3040,#3048,.T.);
#3048 = LINE('',#3049,#3050);
#3049 = CARTESIAN_POINT('',(27.,-20.,-55.88908729652));
#3050 = VECTOR('',#3051,1.);
#3051 = DIRECTION('',(0.,1.,-2.2E-16));
#3052 = ORIENTED_EDGE('',*,*,#1779,.F.);
#3053 = PLANE('',#3054);
#3054 = AXIS2_PLACEMENT_3D('',#3055,#3056,#3057);
#3055 = CARTESIAN_POINT('',(23.110912703474,-20.,-52.));
#3056 = DIRECTION('',(-0.707106781187,-1.6E-16,-0.707106781187));
#3057 = DIRECTION('',(0.707106781187,-1.6E-16,-0.707106781187));
#3058 = ADVANCED_FACE('',(#3059),#3070,.F.);
#3059 = FACE_BOUND('',#3060,.F.);
#3060 = EDGE_LOOP('',(#3061,#3062,#3068,#3069));
#3061 = ORIENTED_EDGE('',*,*,#3047,.T.);
#3062 = ORIENTED_EDGE('',*,*,#3063,.T.);
#3063 = EDGE_CURVE('',#3040,#3015,#3064,.T.);
#3064 = LINE('',#3065,#3066);
#3065 = CARTESIAN_POINT('',(27.,-13.,-55.88908729652));
#3066 = VECTOR('',#3067,1.);
#3067 = DIRECTION('',(0.707106781187,0.,0.707106781187));
#3068 = ORIENTED_EDGE('',*,*,#3014,.F.);
#3069 = ORIENTED_EDGE('',*,*,#1787,.F.);
#3070 = PLANE('',#3071);
#3071 = AXIS2_PLACEMENT_3D('',#3072,#3073,#3074);
#3072 = CARTESIAN_POINT('',(27.,-20.,-55.88908729652));
#3073 = DIRECTION('',(0.707106781187,-1.6E-16,-0.707106781187));
#3074 = DIRECTION('',(0.707106781187,1.6E-16,0.707106781187));
#3075 = ADVANCED_FACE('',(#3076),#3082,.F.);
#3076 = FACE_BOUND('',#3077,.F.);
#3077 = EDGE_LOOP('',(#3078,#3079,#3080,#3081));
#3078 = ORIENTED_EDGE('',*,*,#2836,.F.);
#3079 = ORIENTED_EDGE('',*,*,#2563,.T.);
#3080 = ORIENTED_EDGE('',*,*,#1949,.T.);
#3081 = ORIENTED_EDGE('',*,*,#1981,.F.);
#3082 = PLANE('',#3083);
#3083 = AXIS2_PLACEMENT_3D('',#3084,#3085,#3086);
#3084 = CARTESIAN_POINT('',(-34.5,-19.,-16.));
#3085 = DIRECTION('',(0.678598344546,0.678598344546,-0.281084637715));
#3086 = DIRECTION('',(-2.775557561563E-17,0.382683432365,0.923879532511)
  );
#3087 = ADVANCED_FACE('',(#3088),#3099,.F.);
#3088 = FACE_BOUND('',#3089,.F.);
#3089 = EDGE_LOOP('',(#3090,#3091,#3092,#3098));
#3090 = ORIENTED_EDGE('',*,*,#1965,.F.);
#3091 = ORIENTED_EDGE('',*,*,#2570,.T.);
#3092 = ORIENTED_EDGE('',*,*,#3093,.T.);
#3093 = EDGE_CURVE('',#2571,#2004,#3094,.T.);
#3094 = LINE('',#3095,#3096);
#3095 = CARTESIAN_POINT('',(-34.,-4.5,1.));
#3096 = VECTOR('',#3097,1.);
#3097 = DIRECTION('',(0.707106781187,-0.707106781187,-2.76E-15));
#3098 = ORIENTED_EDGE('',*,*,#2003,.F.);
#3099 = PLANE('',#3100);
#3100 = AXIS2_PLACEMENT_3D('',#3101,#3102,#3103);
#3101 = CARTESIAN_POINT('',(-34.5,-5.,-1.414213562373));
#3102 = DIRECTION('',(0.678598344546,0.678598344546,-0.281084637715));
#3103 = DIRECTION('',(2.775557561563E-17,0.382683432365,0.923879532511)
  );
#3104 = ADVANCED_FACE('',(#3105),#3111,.T.);
#3105 = FACE_BOUND('',#3106,.T.);
#3106 = EDGE_LOOP('',(#3107,#3108,#3109,#3110));
#3107 = ORIENTED_EDGE('',*,*,#2872,.F.);
#3108 = ORIENTED_EDGE('',*,*,#2190,.T.);
#3109 = ORIENTED_EDGE('',*,*,#2049,.T.);
#3110 = ORIENTED_EDGE('',*,*,#1988,.F.);
#3111 = PLANE('',#3112);
#3112 = AXIS2_PLACEMENT_3D('',#3113,#3114,#3115);
#3113 = CARTESIAN_POINT('',(34.5,-19.,-16.));
#3114 = DIRECTION('',(0.678598344546,-0.678598344546,0.281084637715));
#3115 = DIRECTION('',(0.,0.382683432365,0.923879532511));
#3116 = ADVANCED_FACE('',(#3117),#3128,.T.);
#3117 = FACE_BOUND('',#3118,.T.);
#3118 = EDGE_LOOP('',(#3119,#3120,#3121,#3127));
#3119 = ORIENTED_EDGE('',*,*,#2033,.F.);
#3120 = ORIENTED_EDGE('',*,*,#2183,.T.);
#3121 = ORIENTED_EDGE('',*,*,#3122,.T.);
#3122 = EDGE_CURVE('',#2176,#2012,#3123,.T.);
#3123 = LINE('',#3124,#3125);
#3124 = CARTESIAN_POINT('',(34.,-4.5,1.));
#3125 = VECTOR('',#3126,1.);
#3126 = DIRECTION('',(-0.707106781187,-0.707106781187,0.));
#3127 = ORIENTED_EDGE('',*,*,#2019,.F.);
#3128 = PLANE('',#3129);
#3129 = AXIS2_PLACEMENT_3D('',#3130,#3131,#3132);
#3130 = CARTESIAN_POINT('',(34.5,-5.,-1.414213562373));
#3131 = DIRECTION('',(0.678598344546,-0.678598344546,0.281084637715));
#3132 = DIRECTION('',(-2.775557561563E-17,0.382683432365,0.923879532511)
  );
#3133 = ADVANCED_FACE('',(#3134),#3166,.F.);
#3134 = FACE_BOUND('',#3135,.F.);
#3135 = EDGE_LOOP('',(#3136,#3137,#3138,#3144,#3145,#3151,#3152,#3153,
    #3159,#3160));
#3136 = ORIENTED_EDGE('',*,*,#2650,.F.);
#3137 = ORIENTED_EDGE('',*,*,#2706,.F.);
#3138 = ORIENTED_EDGE('',*,*,#3139,.T.);
#3139 = EDGE_CURVE('',#2675,#2438,#3140,.T.);
#3140 = LINE('',#3141,#3142);
#3141 = CARTESIAN_POINT('',(-34.5,-5.,36.));
#3142 = VECTOR('',#3143,1.);
#3143 = DIRECTION('',(0.707106781187,0.,0.707106781187));
#3144 = ORIENTED_EDGE('',*,*,#2437,.F.);
#3145 = ORIENTED_EDGE('',*,*,#3146,.T.);
#3146 = EDGE_CURVE('',#2406,#2248,#3147,.T.);
#3147 = LINE('',#3148,#3149);
#3148 = CARTESIAN_POINT('',(7.5,-5.,63.));
#3149 = VECTOR('',#3150,1.);
#3150 = DIRECTION('',(0.707106781187,0.,-0.707106781187));
#3151 = ORIENTED_EDGE('',*,*,#2255,.T.);
#3152 = ORIENTED_EDGE('',*,*,#2224,.T.);
#3153 = ORIENTED_EDGE('',*,*,#3154,.F.);
#3154 = EDGE_CURVE('',#2012,#2225,#3155,.T.);
#3155 = LINE('',#3156,#3157);
#3156 = CARTESIAN_POINT('',(33.5,-5.,1.11E-15));
#3157 = VECTOR('',#3158,1.);
#3158 = DIRECTION('',(0.,2.2E-16,1.));
#3159 = ORIENTED_EDGE('',*,*,#2011,.T.);
#3160 = ORIENTED_EDGE('',*,*,#3161,.F.);
#3161 = EDGE_CURVE('',#2651,#2004,#3162,.T.);
#3162 = LINE('',#3163,#3164);
#3163 = CARTESIAN_POINT('',(-33.5,-5.,21.));
#3164 = VECTOR('',#3165,1.);
#3165 = DIRECTION('',(0.,-2.2E-16,-1.));
#3166 = PLANE('',#3167);
#3167 = AXIS2_PLACEMENT_3D('',#3168,#3169,#3170);
#3168 = CARTESIAN_POINT('',(0.,-5.,1.E-15));
#3169 = DIRECTION('',(0.,1.,0.));
#3170 = DIRECTION('',(0.,0.,1.));
#3171 = ADVANCED_FACE('',(#3172),#3178,.F.);
#3172 = FACE_BOUND('',#3173,.T.);
#3173 = EDGE_LOOP('',(#3174,#3175,#3176,#3177));
#3174 = ORIENTED_EDGE('',*,*,#3122,.F.);
#3175 = ORIENTED_EDGE('',*,*,#2175,.T.);
#3176 = ORIENTED_EDGE('',*,*,#2232,.T.);
#3177 = ORIENTED_EDGE('',*,*,#3154,.F.);
#3178 = PLANE('',#3179);
#3179 = AXIS2_PLACEMENT_3D('',#3180,#3181,#3182);
#3180 = CARTESIAN_POINT('',(34.,-4.5,1.E-15));
#3181 = DIRECTION('',(-0.707106781187,0.707106781187,0.));
#3182 = DIRECTION('',(-1.1E-16,-1.1E-16,-1.));
#3183 = ADVANCED_FACE('',(#3184),#3244,.T.);
#3184 = FACE_BOUND('',#3185,.F.);
#3185 = EDGE_LOOP('',(#3186,#3187,#3188,#3189,#3190,#3198,#3206,#3214,
    #3222,#3230,#3238));
#3186 = ORIENTED_EDGE('',*,*,#2308,.F.);
#3187 = ORIENTED_EDGE('',*,*,#2284,.T.);
#3188 = ORIENTED_EDGE('',*,*,#3146,.F.);
#3189 = ORIENTED_EDGE('',*,*,#2413,.T.);
#3190 = ORIENTED_EDGE('',*,*,#3191,.F.);
#3191 = EDGE_CURVE('',#3192,#2414,#3194,.T.);
#3192 = VERTEX_POINT('',#3193);
#3193 = CARTESIAN_POINT('',(14.437093215548,-9.292893218808,
    62.133974596218));
#3194 = LINE('',#3195,#3196);
#3195 = CARTESIAN_POINT('',(14.859742946358,-9.591751709535,
    62.133974596218));
#3196 = VECTOR('',#3197,1.);
#3197 = DIRECTION('',(-0.816496580924,0.577350269195,0.));
#3198 = ORIENTED_EDGE('',*,*,#3199,.F.);
#3199 = EDGE_CURVE('',#3200,#3192,#3202,.T.);
#3200 = VERTEX_POINT('',#3201);
#3201 = CARTESIAN_POINT('',(22.840990257522,-9.292893218808,
    53.730077554243));
#3202 = LINE('',#3203,#3204);
#3203 = CARTESIAN_POINT('',(22.84099025762,-9.292893218808,
    53.730077554146));
#3204 = VECTOR('',#3205,1.);
#3205 = DIRECTION('',(-0.707106781187,1.6E-16,0.707106781187));
#3206 = ORIENTED_EDGE('',*,*,#3207,.F.);
#3207 = EDGE_CURVE('',#3208,#3200,#3210,.T.);
#3208 = VERTEX_POINT('',#3209);
#3209 = CARTESIAN_POINT('',(21.926776695164,-8.,52.815863991891));
#3210 = LINE('',#3211,#3212);
#3211 = CARTESIAN_POINT('',(21.411881088934,-7.271827650523,
    52.30096838576));
#3212 = VECTOR('',#3213,1.);
#3213 = DIRECTION('',(0.500000000015,-0.707106781192,0.499999999978));
#3214 = ORIENTED_EDGE('',*,*,#3215,.F.);
#3215 = EDGE_CURVE('',#3216,#3208,#3218,.T.);
#3216 = VERTEX_POINT('',#3217);
#3217 = CARTESIAN_POINT('',(25.81586399179,-8.,48.926776695264));
#3218 = LINE('',#3219,#3220);
#3219 = CARTESIAN_POINT('',(24.284502387524,-8.,50.458138299531));
#3220 = VECTOR('',#3221,1.);
#3221 = DIRECTION('',(-0.707106781187,0.,0.707106781187));
#3222 = ORIENTED_EDGE('',*,*,#3223,.F.);
#3223 = EDGE_CURVE('',#3224,#3216,#3226,.T.);
#3224 = VERTEX_POINT('',#3225);
#3225 = CARTESIAN_POINT('',(26.730077554146,-9.292893218808,
    49.840990257619));
#3226 = LINE('',#3227,#3228);
#3227 = CARTESIAN_POINT('',(25.300968385469,-7.271827650322,
    48.411881088941));
#3228 = VECTOR('',#3229,1.);
#3229 = DIRECTION('',(-0.499999999996,0.707106781192,-0.499999999996));
#3230 = ORIENTED_EDGE('',*,*,#3231,.F.);
#3231 = EDGE_CURVE('',#3232,#3224,#3234,.T.);
#3232 = VERTEX_POINT('',#3233);
#3233 = CARTESIAN_POINT('',(34.207106781192,-9.292893218808,
    42.363961030574));
#3234 = LINE('',#3235,#3236);
#3235 = CARTESIAN_POINT('',(34.000000000004,-9.292893218808,
    42.571067811762));
#3236 = VECTOR('',#3237,1.);
#3237 = DIRECTION('',(-0.707106781187,1.6E-16,0.707106781187));
#3238 = ORIENTED_EDGE('',*,*,#3239,.T.);
#3239 = EDGE_CURVE('',#3232,#2309,#3240,.T.);
#3240 = LINE('',#3241,#3242);
#3241 = CARTESIAN_POINT('',(35.509353514251,-7.990646485749,
    39.220059306094));
#3242 = VECTOR('',#3243,1.);
#3243 = DIRECTION('',(0.357406744339,0.357406744339,-0.862856209459));
#3244 = PLANE('',#3245);
#3245 = AXIS2_PLACEMENT_3D('',#3246,#3247,#3248);
#3246 = CARTESIAN_POINT('',(35.25,-5.,35.25));
#3247 = DIRECTION('',(-0.500000000004,-0.707106781181,-0.500000000004));
#3248 = DIRECTION('',(-0.499999999996,0.707106781192,-0.499999999996));
#3249 = ADVANCED_FACE('',(#3250),#3276,.F.);
#3250 = FACE_BOUND('',#3251,.T.);
#3251 = EDGE_LOOP('',(#3252,#3260,#3261,#3262,#3270));
#3252 = ORIENTED_EDGE('',*,*,#3253,.T.);
#3253 = EDGE_CURVE('',#3254,#3232,#3256,.T.);
#3254 = VERTEX_POINT('',#3255);
#3255 = CARTESIAN_POINT('',(33.5,-10.,45.485281374131));
#3256 = LINE('',#3257,#3258);
#3257 = CARTESIAN_POINT('',(34.042550690705,-9.457449309295,
    43.090346756967));
#3258 = VECTOR('',#3259,1.);
#3259 = DIRECTION('',(0.215739405274,0.215739405274,-0.95231980869));
#3260 = ORIENTED_EDGE('',*,*,#3239,.T.);
#3261 = ORIENTED_EDGE('',*,*,#2326,.T.);
#3262 = ORIENTED_EDGE('',*,*,#3263,.T.);
#3263 = EDGE_CURVE('',#2319,#3264,#3266,.T.);
#3264 = VERTEX_POINT('',#3265);
#3265 = CARTESIAN_POINT('',(33.5,-10.,57.585786437627));
#3266 = LINE('',#3267,#3268);
#3267 = CARTESIAN_POINT('',(31.941325018633,-11.55867498136,
    56.940162121013));
#3268 = VECTOR('',#3269,1.);
#3269 = DIRECTION('',(-0.678598344546,-0.678598344546,-0.281084637715));
#3270 = ORIENTED_EDGE('',*,*,#3271,.F.);
#3271 = EDGE_CURVE('',#3254,#3264,#3272,.T.);
#3272 = LINE('',#3273,#3274);
#3273 = CARTESIAN_POINT('',(33.5,-10.,43.071067811758));
#3274 = VECTOR('',#3275,1.);
#3275 = DIRECTION('',(0.,2.2E-16,1.));
#3276 = PLANE('',#3277);
#3277 = AXIS2_PLACEMENT_3D('',#3278,#3279,#3280);
#3278 = CARTESIAN_POINT('',(34.,-9.5,43.071067811758));
#3279 = DIRECTION('',(-0.707106781187,0.707106781187,-1.4E-16));
#3280 = DIRECTION('',(-1.100505063388E-17,-2.089949493661E-16,-1.));
#3281 = ADVANCED_FACE('',(#3282),#3300,.F.);
#3282 = FACE_BOUND('',#3283,.F.);
#3283 = EDGE_LOOP('',(#3284,#3292,#3293,#3294));
#3284 = ORIENTED_EDGE('',*,*,#3285,.F.);
#3285 = EDGE_CURVE('',#2341,#3286,#3288,.T.);
#3286 = VERTEX_POINT('',#3287);
#3287 = CARTESIAN_POINT('',(29.085786437627,-10.,62.));
#3288 = LINE('',#3289,#3290);
#3289 = CARTESIAN_POINT('',(29.309256430169,-9.46049571322,
    62.53950428678));
#3290 = VECTOR('',#3291,1.);
#3291 = DIRECTION('',(-0.281084637715,-0.678598344546,-0.678598344546));
#3292 = ORIENTED_EDGE('',*,*,#2348,.T.);
#3293 = ORIENTED_EDGE('',*,*,#3263,.T.);
#3294 = ORIENTED_EDGE('',*,*,#3295,.F.);
#3295 = EDGE_CURVE('',#3286,#3264,#3296,.T.);
#3296 = LINE('',#3297,#3298);
#3297 = CARTESIAN_POINT('',(28.792893218813,-10.,62.292893218813));
#3298 = VECTOR('',#3299,1.);
#3299 = DIRECTION('',(0.707106781187,-1.6E-16,-0.707106781187));
#3300 = PLANE('',#3301);
#3301 = AXIS2_PLACEMENT_3D('',#3302,#3303,#3304);
#3302 = CARTESIAN_POINT('',(29.146446609407,-9.5,62.646446609407));
#3303 = DIRECTION('',(-0.5,0.707106781187,-0.5));
#3304 = DIRECTION('',(0.707106781187,-3.053113317719E-16,-0.707106781187
    ));
#3305 = ADVANCED_FACE('',(#3306),#3323,.F.);
#3306 = FACE_BOUND('',#3307,.T.);
#3307 = EDGE_LOOP('',(#3308,#3309,#3310,#3317));
#3308 = ORIENTED_EDGE('',*,*,#3285,.F.);
#3309 = ORIENTED_EDGE('',*,*,#2389,.T.);
#3310 = ORIENTED_EDGE('',*,*,#3311,.T.);
#3311 = EDGE_CURVE('',#2383,#3312,#3314,.T.);
#3312 = VERTEX_POINT('',#3313);
#3313 = CARTESIAN_POINT('',(16.985281374131,-10.,62.));
#3314 = B_SPLINE_CURVE_WITH_KNOTS('',1,(#3315,#3316),.UNSPECIFIED.,.F.,
  .F.,(2,2),(0.,1.),.PIECEWISE_BEZIER_KNOTS.);
#3315 = CARTESIAN_POINT('',(16.985281374131,-9.,63.));
#3316 = CARTESIAN_POINT('',(16.985281374131,-10.,62.));
#3317 = ORIENTED_EDGE('',*,*,#3318,.F.);
#3318 = EDGE_CURVE('',#3286,#3312,#3319,.T.);
#3319 = LINE('',#3320,#3321);
#3320 = CARTESIAN_POINT('',(29.5,-10.,62.));
#3321 = VECTOR('',#3322,1.);
#3322 = DIRECTION('',(-1.,0.,0.));
#3323 = PLANE('',#3324);
#3324 = AXIS2_PLACEMENT_3D('',#3325,#3326,#3327);
#3325 = CARTESIAN_POINT('',(29.5,-9.5,62.5));
#3326 = DIRECTION('',(0.,0.707106781187,-0.707106781187));
#3327 = DIRECTION('',(1.,0.,0.));
#3328 = ADVANCED_FACE('',(#3329),#3343,.F.);
#3329 = FACE_BOUND('',#3330,.F.);
#3330 = EDGE_LOOP('',(#3331,#3336,#3337,#3338));
#3331 = ORIENTED_EDGE('',*,*,#3332,.F.);
#3332 = EDGE_CURVE('',#2375,#3192,#3333,.T.);
#3333 = B_SPLINE_CURVE_WITH_KNOTS('',1,(#3334,#3335),.UNSPECIFIED.,.F.,
  .F.,(2,2),(0.,1.),.PIECEWISE_BEZIER_KNOTS.);
#3334 = CARTESIAN_POINT('',(14.725768350143,-8.884644928349,63.));
#3335 = CARTESIAN_POINT('',(14.437093215548,-9.292893218808,
    62.133974596218));
#3336 = ORIENTED_EDGE('',*,*,#2382,.T.);
#3337 = ORIENTED_EDGE('',*,*,#3311,.T.);
#3338 = ORIENTED_EDGE('',*,*,#3339,.F.);
#3339 = EDGE_CURVE('',#3192,#3312,#3340,.T.);
#3340 = B_SPLINE_CURVE_WITH_KNOTS('',1,(#3341,#3342),.UNSPECIFIED.,.F.,
  .F.,(2,2),(0.,1.),.PIECEWISE_BEZIER_KNOTS.);
#3341 = CARTESIAN_POINT('',(14.437093215548,-9.292893218808,
    62.133974596218));
#3342 = CARTESIAN_POINT('',(16.985281374131,-10.,62.));
#3343 = B_SPLINE_SURFACE_WITH_KNOTS('',1,1,(
    (#3344,#3345)
    ,(#3346,#3347
    )),.UNSPECIFIED.,.F.,.F.,.F.,(2,2),(2,2),(0.,1.),(0.,1.),
  .PIECEWISE_BEZIER_KNOTS.);
#3344 = CARTESIAN_POINT('',(14.725768350143,-8.884644928349,63.));
#3345 = CARTESIAN_POINT('',(14.437093215548,-9.292893218808,
    62.133974596218));
#3346 = CARTESIAN_POINT('',(16.985281374131,-9.,63.));
#3347 = CARTESIAN_POINT('',(16.985281374131,-10.,62.));
#3348 = ADVANCED_FACE('',(#3349),#3355,.F.);
#3349 = FACE_BOUND('',#3350,.T.);
#3350 = EDGE_LOOP('',(#3351,#3352,#3353,#3354));
#3351 = ORIENTED_EDGE('',*,*,#3332,.F.);
#3352 = ORIENTED_EDGE('',*,*,#2374,.T.);
#3353 = ORIENTED_EDGE('',*,*,#2421,.T.);
#3354 = ORIENTED_EDGE('',*,*,#3191,.F.);
#3355 = PLANE('',#3356);
#3356 = AXIS2_PLACEMENT_3D('',#3357,#3358,#3359);
#3357 = CARTESIAN_POINT('',(15.004080513656,-9.387627564306,
    62.566987298109));
#3358 = DIRECTION('',(0.500000000006,0.707106781184,-0.499999999998));
#3359 = DIRECTION('',(0.816496580924,-0.577350269195,2.775557561563E-17)
  );
#3360 = ADVANCED_FACE('',(#3361),#3420,.T.);
#3361 = FACE_BOUND('',#3362,.T.);
#3362 = EDGE_LOOP('',(#3363,#3373,#3381,#3387,#3388,#3389,#3390,#3398,
    #3406,#3414));
#3363 = ORIENTED_EDGE('',*,*,#3364,.F.);
#3364 = EDGE_CURVE('',#3365,#3367,#3369,.T.);
#3365 = VERTEX_POINT('',#3366);
#3366 = CARTESIAN_POINT('',(-26.73007755414,-9.292893218808,
    49.84099025762));
#3367 = VERTEX_POINT('',#3368);
#3368 = CARTESIAN_POINT('',(-25.81586399179,-8.,48.926776695264));
#3369 = LINE('',#3370,#3371);
#3370 = CARTESIAN_POINT('',(-25.30096838546,-7.271827650323,
    48.411881088943));
#3371 = VECTOR('',#3372,1.);
#3372 = DIRECTION('',(0.499999999996,0.707106781192,-0.499999999996));
#3373 = ORIENTED_EDGE('',*,*,#3374,.F.);
#3374 = EDGE_CURVE('',#3375,#3365,#3377,.T.);
#3375 = VERTEX_POINT('',#3376);
#3376 = CARTESIAN_POINT('',(-33.63397459621,-9.292893218808,
    42.937093215548));
#3377 = LINE('',#3378,#3379);
#3378 = CARTESIAN_POINT('',(-34.,-9.292893218808,42.571067811762));
#3379 = VECTOR('',#3380,1.);
#3380 = DIRECTION('',(0.707106781187,0.,0.707106781187));
#3381 = ORIENTED_EDGE('',*,*,#3382,.F.);
#3382 = EDGE_CURVE('',#2683,#3375,#3383,.T.);
#3383 = LINE('',#3384,#3385);
#3384 = CARTESIAN_POINT('',(-33.63397459621,-4.591751709535,
    36.2886751346));
#3385 = VECTOR('',#3386,1.);
#3386 = DIRECTION('',(0.,-0.577350269195,0.816496580924));
#3387 = ORIENTED_EDGE('',*,*,#2682,.T.);
#3388 = ORIENTED_EDGE('',*,*,#3139,.T.);
#3389 = ORIENTED_EDGE('',*,*,#2459,.T.);
#3390 = ORIENTED_EDGE('',*,*,#3391,.F.);
#3391 = EDGE_CURVE('',#3392,#2460,#3394,.T.);
#3392 = VERTEX_POINT('',#3393);
#3393 = CARTESIAN_POINT('',(-14.43709321554,-9.292893218808,
    62.133974596218));
#3394 = LINE('',#3395,#3396);
#3395 = CARTESIAN_POINT('',(-14.85974294635,-9.591751709535,
    62.133974596218));
#3396 = VECTOR('',#3397,1.);
#3397 = DIRECTION('',(0.816496580924,0.577350269195,0.));
#3398 = ORIENTED_EDGE('',*,*,#3399,.F.);
#3399 = EDGE_CURVE('',#3400,#3392,#3402,.T.);
#3400 = VERTEX_POINT('',#3401);
#3401 = CARTESIAN_POINT('',(-22.84099025762,-9.292893218808,
    53.730077554146));
#3402 = LINE('',#3403,#3404);
#3403 = CARTESIAN_POINT('',(-22.84099025762,-9.292893218808,
    53.730077554146));
#3404 = VECTOR('',#3405,1.);
#3405 = DIRECTION('',(0.707106781187,0.,0.707106781187));
#3406 = ORIENTED_EDGE('',*,*,#3407,.F.);
#3407 = EDGE_CURVE('',#3408,#3400,#3410,.T.);
#3408 = VERTEX_POINT('',#3409);
#3409 = CARTESIAN_POINT('',(-21.92677669526,-8.,52.81586399179));
#3410 = LINE('',#3411,#3412);
#3411 = CARTESIAN_POINT('',(-21.41188108894,-7.271827650323,
    52.300968385469));
#3412 = VECTOR('',#3413,1.);
#3413 = DIRECTION('',(-0.499999999996,-0.707106781192,0.499999999996));
#3414 = ORIENTED_EDGE('',*,*,#3415,.F.);
#3415 = EDGE_CURVE('',#3367,#3408,#3416,.T.);
#3416 = LINE('',#3417,#3418);
#3417 = CARTESIAN_POINT('',(-24.28450238746,-8.,50.458138299589));
#3418 = VECTOR('',#3419,1.);
#3419 = DIRECTION('',(0.707106781187,0.,0.707106781187));
#3420 = PLANE('',#3421);
#3421 = AXIS2_PLACEMENT_3D('',#3422,#3423,#3424);
#3422 = CARTESIAN_POINT('',(-35.25,-5.,35.25));
#3423 = DIRECTION('',(0.500000000004,-0.707106781181,-0.500000000004));
#3424 = DIRECTION('',(-0.499999999996,-0.707106781192,0.499999999996));
#3425 = ADVANCED_FACE('',(#3426),#3436,.T.);
#3426 = FACE_BOUND('',#3427,.F.);
#3427 = EDGE_LOOP('',(#3428,#3433,#3434,#3435));
#3428 = ORIENTED_EDGE('',*,*,#3429,.F.);
#3429 = EDGE_CURVE('',#2510,#3392,#3430,.T.);
#3430 = B_SPLINE_CURVE_WITH_KNOTS('',1,(#3431,#3432),.UNSPECIFIED.,.F.,
  .F.,(2,2),(0.,1.),.PIECEWISE_BEZIER_KNOTS.);
#3431 = CARTESIAN_POINT('',(-14.72576835014,-8.884644928349,63.));
#3432 = CARTESIAN_POINT('',(-14.43709321554,-9.292893218808,
    62.133974596218));
#3433 = ORIENTED_EDGE('',*,*,#2516,.T.);
#3434 = ORIENTED_EDGE('',*,*,#2477,.T.);
#3435 = ORIENTED_EDGE('',*,*,#3391,.F.);
#3436 = PLANE('',#3437);
#3437 = AXIS2_PLACEMENT_3D('',#3438,#3439,#3440);
#3438 = CARTESIAN_POINT('',(-15.00408051365,-9.387627564306,
    62.566987298109));
#3439 = DIRECTION('',(0.500000000006,-0.707106781184,0.499999999998));
#3440 = DIRECTION('',(-0.816496580924,-0.577350269195,5.551115123126E-17
    ));
#3441 = ADVANCED_FACE('',(#3442),#3458,.F.);
#3442 = FACE_BOUND('',#3443,.F.);
#3443 = EDGE_LOOP('',(#3444,#3451,#3452,#3453));
#3444 = ORIENTED_EDGE('',*,*,#3445,.F.);
#3445 = EDGE_CURVE('',#2502,#3446,#3448,.T.);
#3446 = VERTEX_POINT('',#3447);
#3447 = CARTESIAN_POINT('',(-16.98528137413,-10.,62.));
#3448 = B_SPLINE_CURVE_WITH_KNOTS('',1,(#3449,#3450),.UNSPECIFIED.,.F.,
  .F.,(2,2),(0.,1.),.PIECEWISE_BEZIER_KNOTS.);
#3449 = CARTESIAN_POINT('',(-16.98528137413,-9.,63.));
#3450 = CARTESIAN_POINT('',(-16.98528137413,-10.,62.));
#3451 = ORIENTED_EDGE('',*,*,#2509,.T.);
#3452 = ORIENTED_EDGE('',*,*,#3429,.T.);
#3453 = ORIENTED_EDGE('',*,*,#3454,.F.);
#3454 = EDGE_CURVE('',#3446,#3392,#3455,.T.);
#3455 = B_SPLINE_CURVE_WITH_KNOTS('',1,(#3456,#3457),.UNSPECIFIED.,.F.,
  .F.,(2,2),(0.,1.),.PIECEWISE_BEZIER_KNOTS.);
#3456 = CARTESIAN_POINT('',(-16.98528137413,-10.,62.));
#3457 = CARTESIAN_POINT('',(-14.43709321554,-9.292893218808,
    62.133974596218));
#3458 = B_SPLINE_SURFACE_WITH_KNOTS('',1,1,(
    (#3459,#3460)
    ,(#3461,#3462
    )),.UNSPECIFIED.,.F.,.F.,.F.,(2,2),(2,2),(0.,1.),(0.,1.),
  .PIECEWISE_BEZIER_KNOTS.);
#3459 = CARTESIAN_POINT('',(-16.98528137413,-9.,63.));
#3460 = CARTESIAN_POINT('',(-16.98528137413,-10.,62.));
#3461 = CARTESIAN_POINT('',(-14.72576835014,-8.884644928349,63.));
#3462 = CARTESIAN_POINT('',(-14.43709321554,-9.292893218808,
    62.133974596218));
#3463 = ADVANCED_FACE('',(#3464),#3482,.F.);
#3464 = FACE_BOUND('',#3465,.T.);
#3465 = EDGE_LOOP('',(#3466,#3467,#3468,#3476));
#3466 = ORIENTED_EDGE('',*,*,#3445,.F.);
#3467 = ORIENTED_EDGE('',*,*,#2501,.T.);
#3468 = ORIENTED_EDGE('',*,*,#3469,.T.);
#3469 = EDGE_CURVE('',#2494,#3470,#3472,.T.);
#3470 = VERTEX_POINT('',#3471);
#3471 = CARTESIAN_POINT('',(-29.08578643762,-10.,62.));
#3472 = LINE('',#3473,#3474);
#3473 = CARTESIAN_POINT('',(-28.71949961169,-10.88429462289,
    61.115705377108));
#3474 = VECTOR('',#3475,1.);
#3475 = DIRECTION('',(0.281084637715,-0.678598344546,-0.678598344546));
#3476 = ORIENTED_EDGE('',*,*,#3477,.F.);
#3477 = EDGE_CURVE('',#3446,#3470,#3478,.T.);
#3478 = LINE('',#3479,#3480);
#3479 = CARTESIAN_POINT('',(-14.57106781175,-10.,62.));
#3480 = VECTOR('',#3481,1.);
#3481 = DIRECTION('',(-1.,0.,0.));
#3482 = PLANE('',#3483);
#3483 = AXIS2_PLACEMENT_3D('',#3484,#3485,#3486);
#3484 = CARTESIAN_POINT('',(-14.57106781175,-9.5,62.5));
#3485 = DIRECTION('',(0.,0.707106781187,-0.707106781187));
#3486 = DIRECTION('',(1.,0.,0.));
#3487 = ADVANCED_FACE('',(#3488),#3506,.F.);
#3488 = FACE_BOUND('',#3489,.T.);
#3489 = EDGE_LOOP('',(#3490,#3491,#3492,#3500));
#3490 = ORIENTED_EDGE('',*,*,#3469,.F.);
#3491 = ORIENTED_EDGE('',*,*,#2538,.T.);
#3492 = ORIENTED_EDGE('',*,*,#3493,.T.);
#3493 = EDGE_CURVE('',#2531,#3494,#3496,.T.);
#3494 = VERTEX_POINT('',#3495);
#3495 = CARTESIAN_POINT('',(-33.5,-10.,57.585786437627));
#3496 = LINE('',#3497,#3498);
#3497 = CARTESIAN_POINT('',(-33.3651239283,-10.13487607169,
    57.529918939491));
#3498 = VECTOR('',#3499,1.);
#3499 = DIRECTION('',(0.678598344546,-0.678598344546,-0.281084637715));
#3500 = ORIENTED_EDGE('',*,*,#3501,.F.);
#3501 = EDGE_CURVE('',#3470,#3494,#3502,.T.);
#3502 = LINE('',#3503,#3504);
#3503 = CARTESIAN_POINT('',(-28.79289321881,-10.,62.292893218813));
#3504 = VECTOR('',#3505,1.);
#3505 = DIRECTION('',(-0.707106781187,-1.6E-16,-0.707106781187));
#3506 = PLANE('',#3507);
#3507 = AXIS2_PLACEMENT_3D('',#3508,#3509,#3510);
#3508 = CARTESIAN_POINT('',(-29.1464466094,-9.5,62.646446609407));
#3509 = DIRECTION('',(0.5,0.707106781187,-0.5));
#3510 = DIRECTION('',(0.707106781187,1.110223024625E-16,0.707106781187)
  );
#3511 = ADVANCED_FACE('',(#3512),#3518,.F.);
#3512 = FACE_BOUND('',#3513,.T.);
#3513 = EDGE_LOOP('',(#3514,#3515,#3516,#3517));
#3514 = ORIENTED_EDGE('',*,*,#2658,.F.);
#3515 = ORIENTED_EDGE('',*,*,#2578,.T.);
#3516 = ORIENTED_EDGE('',*,*,#3093,.T.);
#3517 = ORIENTED_EDGE('',*,*,#3161,.F.);
#3518 = PLANE('',#3519);
#3519 = AXIS2_PLACEMENT_3D('',#3520,#3521,#3522);
#3520 = CARTESIAN_POINT('',(-34.,-4.5,21.));
#3521 = DIRECTION('',(0.707106781187,0.707106781187,0.));
#3522 = DIRECTION('',(-1.1E-16,1.1E-16,1.));
#3523 = ADVANCED_FACE('',(#3524),#3541,.F.);
#3524 = FACE_BOUND('',#3525,.T.);
#3525 = EDGE_LOOP('',(#3526,#3527,#3528,#3535));
#3526 = ORIENTED_EDGE('',*,*,#3493,.F.);
#3527 = ORIENTED_EDGE('',*,*,#2626,.T.);
#3528 = ORIENTED_EDGE('',*,*,#3529,.T.);
#3529 = EDGE_CURVE('',#2620,#3530,#3532,.T.);
#3530 = VERTEX_POINT('',#3531);
#3531 = CARTESIAN_POINT('',(-33.5,-10.,45.485281374131));
#3532 = B_SPLINE_CURVE_WITH_KNOTS('',1,(#3533,#3534),.UNSPECIFIED.,.F.,
  .F.,(2,2),(0.,1.),.PIECEWISE_BEZIER_KNOTS.);
#3533 = CARTESIAN_POINT('',(-34.5,-9.,45.485281374131));
#3534 = CARTESIAN_POINT('',(-33.5,-10.,45.485281374131));
#3535 = ORIENTED_EDGE('',*,*,#3536,.F.);
#3536 = EDGE_CURVE('',#3494,#3530,#3537,.T.);
#3537 = LINE('',#3538,#3539);
#3538 = CARTESIAN_POINT('',(-33.5,-10.,58.));
#3539 = VECTOR('',#3540,1.);
#3540 = DIRECTION('',(0.,-2.2E-16,-1.));
#3541 = PLANE('',#3542);
#3542 = AXIS2_PLACEMENT_3D('',#3543,#3544,#3545);
#3543 = CARTESIAN_POINT('',(-34.,-9.5,58.));
#3544 = DIRECTION('',(0.707106781187,0.707106781187,-1.1E-16));
#3545 = DIRECTION('',(-3.221825406948E-17,1.877817459305E-16,1.));
#3546 = ADVANCED_FACE('',(#3547),#3561,.F.);
#3547 = FACE_BOUND('',#3548,.F.);
#3548 = EDGE_LOOP('',(#3549,#3554,#3555,#3556));
#3549 = ORIENTED_EDGE('',*,*,#3550,.F.);
#3550 = EDGE_CURVE('',#2612,#3375,#3551,.T.);
#3551 = B_SPLINE_CURVE_WITH_KNOTS('',1,(#3552,#3553),.UNSPECIFIED.,.F.,
  .F.,(2,2),(0.,1.),.PIECEWISE_BEZIER_KNOTS.);
#3552 = CARTESIAN_POINT('',(-34.5,-8.884644928349,43.225768350143));
#3553 = CARTESIAN_POINT('',(-33.63397459621,-9.292893218808,
    42.937093215548));
#3554 = ORIENTED_EDGE('',*,*,#2619,.T.);
#3555 = ORIENTED_EDGE('',*,*,#3529,.T.);
#3556 = ORIENTED_EDGE('',*,*,#3557,.F.);
#3557 = EDGE_CURVE('',#3375,#3530,#3558,.T.);
#3558 = B_SPLINE_CURVE_WITH_KNOTS('',1,(#3559,#3560),.UNSPECIFIED.,.F.,
  .F.,(2,2),(0.,1.),.PIECEWISE_BEZIER_KNOTS.);
#3559 = CARTESIAN_POINT('',(-33.63397459621,-9.292893218808,
    42.937093215548));
#3560 = CARTESIAN_POINT('',(-33.5,-10.,45.485281374131));
#3561 = B_SPLINE_SURFACE_WITH_KNOTS('',1,1,(
    (#3562,#3563)
    ,(#3564,#3565
    )),.UNSPECIFIED.,.F.,.F.,.F.,(2,2),(2,2),(0.,1.),(0.,1.),
  .PIECEWISE_BEZIER_KNOTS.);
#3562 = CARTESIAN_POINT('',(-34.5,-8.884644928349,43.225768350143));
#3563 = CARTESIAN_POINT('',(-33.63397459621,-9.292893218808,
    42.937093215548));
#3564 = CARTESIAN_POINT('',(-34.5,-9.,45.485281374131));
#3565 = CARTESIAN_POINT('',(-33.5,-10.,45.485281374131));
#3566 = ADVANCED_FACE('',(#3567),#3573,.T.);
#3567 = FACE_BOUND('',#3568,.F.);
#3568 = EDGE_LOOP('',(#3569,#3570,#3571,#3572));
#3569 = ORIENTED_EDGE('',*,*,#2690,.F.);
#3570 = ORIENTED_EDGE('',*,*,#2611,.T.);
#3571 = ORIENTED_EDGE('',*,*,#3550,.T.);
#3572 = ORIENTED_EDGE('',*,*,#3382,.F.);
#3573 = PLANE('',#3574);
#3574 = AXIS2_PLACEMENT_3D('',#3575,#3576,#3577);
#3575 = CARTESIAN_POINT('',(-34.0669872981,-4.387627564306,
    36.433012701898));
#3576 = DIRECTION('',(-0.499999999998,-0.707106781184,-0.500000000006));
#3577 = DIRECTION('',(-2.775557561563E-17,0.577350269195,-0.816496580924
    ));
#3578 = ADVANCED_FACE('',(#3579,#3585),#3588,.F.);
#3579 = FACE_BOUND('',#3580,.F.);
#3580 = EDGE_LOOP('',(#3581,#3582,#3583,#3584));
#3581 = ORIENTED_EDGE('',*,*,#2943,.F.);
#3582 = ORIENTED_EDGE('',*,*,#2895,.F.);
#3583 = ORIENTED_EDGE('',*,*,#2926,.F.);
#3584 = ORIENTED_EDGE('',*,*,#2967,.F.);
#3585 = FACE_BOUND('',#3586,.F.);
#3586 = EDGE_LOOP('',(#3587));
#3587 = ORIENTED_EDGE('',*,*,#2729,.T.);
#3588 = PLANE('',#3589);
#3589 = AXIS2_PLACEMENT_3D('',#3590,#3591,#3592);
#3590 = CARTESIAN_POINT('',(-1.76E-14,-13.,-52.));
#3591 = DIRECTION('',(0.,1.,0.));
#3592 = DIRECTION('',(0.,0.,1.));
#3593 = ADVANCED_FACE('',(#3594,#3619),#3622,.F.);
#3594 = FACE_BOUND('',#3595,.F.);
#3595 = EDGE_LOOP('',(#3596,#3606,#3612,#3613));
#3596 = ORIENTED_EDGE('',*,*,#3597,.F.);
#3597 = EDGE_CURVE('',#3598,#3600,#3602,.T.);
#3598 = VERTEX_POINT('',#3599);
#3599 = CARTESIAN_POINT('',(-27.,-8.,57.889087296526));
#3600 = VERTEX_POINT('',#3601);
#3601 = CARTESIAN_POINT('',(-30.88908729652,-8.,54.));
#3602 = LINE('',#3603,#3604);
#3603 = CARTESIAN_POINT('',(-27.,-8.,57.889087296526));
#3604 = VECTOR('',#3605,1.);
#3605 = DIRECTION('',(-0.707106781187,-0.,-0.707106781187));
#3606 = ORIENTED_EDGE('',*,*,#3607,.F.);
#3607 = EDGE_CURVE('',#3408,#3598,#3608,.T.);
#3608 = LINE('',#3609,#3610);
#3609 = CARTESIAN_POINT('',(-23.11091270347,-8.,54.));
#3610 = VECTOR('',#3611,1.);
#3611 = DIRECTION('',(-0.707106781187,1.6E-16,0.707106781187));
#3612 = ORIENTED_EDGE('',*,*,#3415,.F.);
#3613 = ORIENTED_EDGE('',*,*,#3614,.F.);
#3614 = EDGE_CURVE('',#3600,#3367,#3615,.T.);
#3615 = LINE('',#3616,#3617);
#3616 = CARTESIAN_POINT('',(-27.,-8.,50.110912703474));
#3617 = VECTOR('',#3618,1.);
#3618 = DIRECTION('',(0.707106781187,-1.6E-16,-0.707106781187));
#3619 = FACE_BOUND('',#3620,.F.);
#3620 = EDGE_LOOP('',(#3621));
#3621 = ORIENTED_EDGE('',*,*,#2755,.T.);
#3622 = PLANE('',#3623);
#3623 = AXIS2_PLACEMENT_3D('',#3624,#3625,#3626);
#3624 = CARTESIAN_POINT('',(1.1610594E-10,-8.,52.347271824131));
#3625 = DIRECTION('',(0.,1.,0.));
#3626 = DIRECTION('',(0.,0.,1.));
#3627 = ADVANCED_FACE('',(#3628,#3634),#3637,.F.);
#3628 = FACE_BOUND('',#3629,.F.);
#3629 = EDGE_LOOP('',(#3630,#3631,#3632,#3633));
#3630 = ORIENTED_EDGE('',*,*,#3039,.F.);
#3631 = ORIENTED_EDGE('',*,*,#2991,.F.);
#3632 = ORIENTED_EDGE('',*,*,#3022,.F.);
#3633 = ORIENTED_EDGE('',*,*,#3063,.F.);
#3634 = FACE_BOUND('',#3635,.F.);
#3635 = EDGE_LOOP('',(#3636));
#3636 = ORIENTED_EDGE('',*,*,#2778,.T.);
#3637 = PLANE('',#3638);
#3638 = AXIS2_PLACEMENT_3D('',#3639,#3640,#3641);
#3639 = CARTESIAN_POINT('',(-1.76E-14,-13.,-52.));
#3640 = DIRECTION('',(0.,1.,0.));
#3641 = DIRECTION('',(0.,0.,1.));
#3642 = ADVANCED_FACE('',(#3643,#3676),#3679,.F.);
#3643 = FACE_BOUND('',#3644,.F.);
#3644 = EDGE_LOOP('',(#3645,#3655,#3663,#3669,#3670));
#3645 = ORIENTED_EDGE('',*,*,#3646,.F.);
#3646 = EDGE_CURVE('',#3647,#3649,#3651,.T.);
#3647 = VERTEX_POINT('',#3648);
#3648 = CARTESIAN_POINT('',(27.,-8.,57.889087296526));
#3649 = VERTEX_POINT('',#3650);
#3650 = CARTESIAN_POINT('',(23.110912703474,-8.,54.));
#3651 = LINE('',#3652,#3653);
#3652 = CARTESIAN_POINT('',(27.,-8.,57.889087296526));
#3653 = VECTOR('',#3654,1.);
#3654 = DIRECTION('',(-0.707106781187,-0.,-0.707106781187));
#3655 = ORIENTED_EDGE('',*,*,#3656,.F.);
#3656 = EDGE_CURVE('',#3657,#3647,#3659,.T.);
#3657 = VERTEX_POINT('',#3658);
#3658 = CARTESIAN_POINT('',(30.889087296526,-8.,54.));
#3659 = LINE('',#3660,#3661);
#3660 = CARTESIAN_POINT('',(30.889087296526,-8.,54.));
#3661 = VECTOR('',#3662,1.);
#3662 = DIRECTION('',(-0.707106781187,0.,0.707106781187));
#3663 = ORIENTED_EDGE('',*,*,#3664,.F.);
#3664 = EDGE_CURVE('',#3216,#3657,#3665,.T.);
#3665 = LINE('',#3666,#3667);
#3666 = CARTESIAN_POINT('',(27.,-8.,50.110912703474));
#3667 = VECTOR('',#3668,1.);
#3668 = DIRECTION('',(0.707106781187,1.6E-16,0.707106781187));
#3669 = ORIENTED_EDGE('',*,*,#3215,.T.);
#3670 = ORIENTED_EDGE('',*,*,#3671,.F.);
#3671 = EDGE_CURVE('',#3649,#3208,#3672,.T.);
#3672 = LINE('',#3673,#3674);
#3673 = CARTESIAN_POINT('',(23.110912703474,-8.,54.));
#3674 = VECTOR('',#3675,1.);
#3675 = DIRECTION('',(-0.707106781247,-0.,-0.707106781126));
#3676 = FACE_BOUND('',#3677,.F.);
#3677 = EDGE_LOOP('',(#3678));
#3678 = ORIENTED_EDGE('',*,*,#2804,.T.);
#3679 = PLANE('',#3680);
#3680 = AXIS2_PLACEMENT_3D('',#3681,#3682,#3683);
#3681 = CARTESIAN_POINT('',(1.1610594E-10,-8.,52.347271824131));
#3682 = DIRECTION('',(0.,1.,0.));
#3683 = DIRECTION('',(0.,0.,1.));
#3684 = ADVANCED_FACE('',(#3685),#3703,.T.);
#3685 = FACE_BOUND('',#3686,.F.);
#3686 = EDGE_LOOP('',(#3687,#3688,#3689,#3697));
#3687 = ORIENTED_EDGE('',*,*,#3253,.T.);
#3688 = ORIENTED_EDGE('',*,*,#3231,.T.);
#3689 = ORIENTED_EDGE('',*,*,#3690,.T.);
#3690 = EDGE_CURVE('',#3224,#3691,#3693,.T.);
#3691 = VERTEX_POINT('',#3692);
#3692 = CARTESIAN_POINT('',(27.937184335328,-10.,51.048097038803));
#3693 = LINE('',#3694,#3695);
#3694 = CARTESIAN_POINT('',(27.234979249462,-9.588657784262,
    50.345891952935));
#3695 = VECTOR('',#3696,1.);
#3696 = DIRECTION('',(0.653281482437,-0.382683432369,0.653281482437));
#3697 = ORIENTED_EDGE('',*,*,#3698,.F.);
#3698 = EDGE_CURVE('',#3254,#3691,#3699,.T.);
#3699 = LINE('',#3700,#3701);
#3700 = CARTESIAN_POINT('',(35.207106781187,-10.,43.778174592945));
#3701 = VECTOR('',#3702,1.);
#3702 = DIRECTION('',(-0.707106781187,1.6E-16,0.707106781187));
#3703 = PLANE('',#3704);
#3704 = AXIS2_PLACEMENT_3D('',#3705,#3706,#3707);
#3705 = CARTESIAN_POINT('',(34.603553390595,-9.646446609404,
    43.174621202353));
#3706 = DIRECTION('',(-0.270598050076,-0.92387953251,-0.270598050076));
#3707 = DIRECTION('',(0.707106781187,-1.942890293094E-16,-0.707106781187
    ));
#3708 = ADVANCED_FACE('',(#3709),#3728,.F.);
#3709 = FACE_BOUND('',#3710,.F.);
#3710 = EDGE_LOOP('',(#3711,#3719,#3720,#3721,#3722));
#3711 = ORIENTED_EDGE('',*,*,#3712,.F.);
#3712 = EDGE_CURVE('',#3691,#3713,#3715,.T.);
#3713 = VERTEX_POINT('',#3714);
#3714 = CARTESIAN_POINT('',(30.889087296526,-10.,54.));
#3715 = LINE('',#3716,#3717);
#3716 = CARTESIAN_POINT('',(23.694543648265,-10.,46.805456351735));
#3717 = VECTOR('',#3718,1.);
#3718 = DIRECTION('',(0.707106781186,1.6E-16,0.707106781187));
#3719 = ORIENTED_EDGE('',*,*,#3690,.F.);
#3720 = ORIENTED_EDGE('',*,*,#3223,.T.);
#3721 = ORIENTED_EDGE('',*,*,#3664,.T.);
#3722 = ORIENTED_EDGE('',*,*,#3723,.F.);
#3723 = EDGE_CURVE('',#3713,#3657,#3724,.T.);
#3724 = LINE('',#3725,#3726);
#3725 = CARTESIAN_POINT('',(30.889087296526,-10.,54.));
#3726 = VECTOR('',#3727,1.);
#3727 = DIRECTION('',(0.,1.,-2.2E-16));
#3728 = PLANE('',#3729);
#3729 = AXIS2_PLACEMENT_3D('',#3730,#3731,#3732);
#3730 = CARTESIAN_POINT('',(27.291815472395,-9.,50.402728175868));
#3731 = DIRECTION('',(0.707106781187,0.,-0.707106781186));
#3732 = DIRECTION('',(0.707106781186,0.,0.707106781187));
#3733 = ADVANCED_FACE('',(#3734),#3761,.F.);
#3734 = FACE_BOUND('',#3735,.F.);
#3735 = EDGE_LOOP('',(#3736,#3746,#3752,#3753,#3754,#3755));
#3736 = ORIENTED_EDGE('',*,*,#3737,.F.);
#3737 = EDGE_CURVE('',#3738,#3740,#3742,.T.);
#3738 = VERTEX_POINT('',#3739);
#3739 = CARTESIAN_POINT('',(27.,-10.,57.889087296526));
#3740 = VERTEX_POINT('',#3741);
#3741 = CARTESIAN_POINT('',(24.048097038803,-10.,54.937184335329));
#3742 = LINE('',#3743,#3744);
#3743 = CARTESIAN_POINT('',(27.,-10.,57.889087296526));
#3744 = VECTOR('',#3745,1.);
#3745 = DIRECTION('',(-0.707106781187,-0.,-0.707106781187));
#3746 = ORIENTED_EDGE('',*,*,#3747,.T.);
#3747 = EDGE_CURVE('',#3738,#3647,#3748,.T.);
#3748 = LINE('',#3749,#3750);
#3749 = CARTESIAN_POINT('',(27.,-10.,57.889087296526));
#3750 = VECTOR('',#3751,1.);
#3751 = DIRECTION('',(0.,1.,-2.2E-16));
#3752 = ORIENTED_EDGE('',*,*,#3646,.T.);
#3753 = ORIENTED_EDGE('',*,*,#3671,.T.);
#3754 = ORIENTED_EDGE('',*,*,#3207,.T.);
#3755 = ORIENTED_EDGE('',*,*,#3756,.T.);
#3756 = EDGE_CURVE('',#3200,#3740,#3757,.T.);
#3757 = LINE('',#3758,#3759);
#3758 = CARTESIAN_POINT('',(23.345891952857,-9.588657784263,
    54.234979249542));
#3759 = VECTOR('',#3760,1.);
#3760 = DIRECTION('',(0.653281482461,-0.382683432369,0.653281482413));
#3761 = PLANE('',#3762);
#3762 = AXIS2_PLACEMENT_3D('',#3763,#3764,#3765);
#3763 = CARTESIAN_POINT('',(23.402728175791,-9.,54.291815472472));
#3764 = DIRECTION('',(-0.707106781161,0.,0.707106781212));
#3765 = DIRECTION('',(0.707106781212,0.,0.707106781161));
#3766 = ADVANCED_FACE('',(#3767),#3778,.T.);
#3767 = FACE_BOUND('',#3768,.F.);
#3768 = EDGE_LOOP('',(#3769,#3770,#3771,#3772));
#3769 = ORIENTED_EDGE('',*,*,#3756,.F.);
#3770 = ORIENTED_EDGE('',*,*,#3199,.T.);
#3771 = ORIENTED_EDGE('',*,*,#3339,.T.);
#3772 = ORIENTED_EDGE('',*,*,#3773,.F.);
#3773 = EDGE_CURVE('',#3740,#3312,#3774,.T.);
#3774 = LINE('',#3775,#3776);
#3775 = CARTESIAN_POINT('',(24.048097038803,-10.,54.937184335329));
#3776 = VECTOR('',#3777,1.);
#3777 = DIRECTION('',(-0.707106781187,1.6E-16,0.707106781187));
#3778 = PLANE('',#3779);
#3779 = AXIS2_PLACEMENT_3D('',#3780,#3781,#3782);
#3780 = CARTESIAN_POINT('',(23.444543648211,-9.646446609404,
    54.333630944737));
#3781 = DIRECTION('',(-0.270598050076,-0.92387953251,-0.270598050076));
#3782 = DIRECTION('',(0.707106781187,-2.498001805407E-16,-0.707106781187
    ));
#3783 = ADVANCED_FACE('',(#3784),#3799,.F.);
#3784 = FACE_BOUND('',#3785,.F.);
#3785 = EDGE_LOOP('',(#3786,#3787,#3788,#3789,#3790,#3791,#3792,#3793));
#3786 = ORIENTED_EDGE('',*,*,#3737,.T.);
#3787 = ORIENTED_EDGE('',*,*,#3773,.T.);
#3788 = ORIENTED_EDGE('',*,*,#3318,.F.);
#3789 = ORIENTED_EDGE('',*,*,#3295,.T.);
#3790 = ORIENTED_EDGE('',*,*,#3271,.F.);
#3791 = ORIENTED_EDGE('',*,*,#3698,.T.);
#3792 = ORIENTED_EDGE('',*,*,#3712,.T.);
#3793 = ORIENTED_EDGE('',*,*,#3794,.T.);
#3794 = EDGE_CURVE('',#3713,#3738,#3795,.T.);
#3795 = LINE('',#3796,#3797);
#3796 = CARTESIAN_POINT('',(30.889087296526,-10.,54.));
#3797 = VECTOR('',#3798,1.);
#3798 = DIRECTION('',(-0.707106781187,0.,0.707106781187));
#3799 = PLANE('',#3800);
#3800 = AXIS2_PLACEMENT_3D('',#3801,#3802,#3803);
#3801 = CARTESIAN_POINT('',(-1.2724E-12,-10.,53.156457519191));
#3802 = DIRECTION('',(0.,1.,-2.3E-16));
#3803 = DIRECTION('',(0.,2.3E-16,1.));
#3804 = ADVANCED_FACE('',(#3805),#3831,.F.);
#3805 = FACE_BOUND('',#3806,.F.);
#3806 = EDGE_LOOP('',(#3807,#3817,#3823,#3824,#3825));
#3807 = ORIENTED_EDGE('',*,*,#3808,.F.);
#3808 = EDGE_CURVE('',#3809,#3811,#3813,.T.);
#3809 = VERTEX_POINT('',#3810);
#3810 = CARTESIAN_POINT('',(-30.88908729652,-10.,54.));
#3811 = VERTEX_POINT('',#3812);
#3812 = CARTESIAN_POINT('',(-27.93718433532,-10.,51.048097038803));
#3813 = LINE('',#3814,#3815);
#3814 = CARTESIAN_POINT('',(-30.88908729652,-10.,54.));
#3815 = VECTOR('',#3816,1.);
#3816 = DIRECTION('',(0.707106781187,-1.6E-16,-0.707106781187));
#3817 = ORIENTED_EDGE('',*,*,#3818,.T.);
#3818 = EDGE_CURVE('',#3809,#3600,#3819,.T.);
#3819 = LINE('',#3820,#3821);
#3820 = CARTESIAN_POINT('',(-30.88908729652,-10.,54.));
#3821 = VECTOR('',#3822,1.);
#3822 = DIRECTION('',(0.,1.,-2.2E-16));
#3823 = ORIENTED_EDGE('',*,*,#3614,.T.);
#3824 = ORIENTED_EDGE('',*,*,#3364,.F.);
#3825 = ORIENTED_EDGE('',*,*,#3826,.T.);
#3826 = EDGE_CURVE('',#3365,#3811,#3827,.T.);
#3827 = LINE('',#3828,#3829);
#3828 = CARTESIAN_POINT('',(-27.23497924946,-9.588657784263,
    50.345891952936));
#3829 = VECTOR('',#3830,1.);
#3830 = DIRECTION('',(-0.653281482437,-0.382683432369,0.653281482437));
#3831 = PLANE('',#3832);
#3832 = AXIS2_PLACEMENT_3D('',#3833,#3834,#3835);
#3833 = CARTESIAN_POINT('',(-27.29181547239,-9.,50.402728175868));
#3834 = DIRECTION('',(-0.707106781187,-0.,-0.707106781187));
#3835 = DIRECTION('',(0.707106781187,0.,-0.707106781187));
#3836 = ADVANCED_FACE('',(#3837),#3848,.F.);
#3837 = FACE_BOUND('',#3838,.T.);
#3838 = EDGE_LOOP('',(#3839,#3840,#3841,#3847));
#3839 = ORIENTED_EDGE('',*,*,#3374,.T.);
#3840 = ORIENTED_EDGE('',*,*,#3826,.T.);
#3841 = ORIENTED_EDGE('',*,*,#3842,.F.);
#3842 = EDGE_CURVE('',#3530,#3811,#3843,.T.);
#3843 = LINE('',#3844,#3845);
#3844 = CARTESIAN_POINT('',(-35.20710678118,-10.,43.778174592945));
#3845 = VECTOR('',#3846,1.);
#3846 = DIRECTION('',(0.707106781187,0.,0.707106781187));
#3847 = ORIENTED_EDGE('',*,*,#3557,.F.);
#3848 = PLANE('',#3849);
#3849 = AXIS2_PLACEMENT_3D('',#3850,#3851,#3852);
#3850 = CARTESIAN_POINT('',(-34.60355339059,-9.646446609404,
    43.174621202353));
#3851 = DIRECTION('',(-0.270598050076,0.92387953251,0.270598050076));
#3852 = DIRECTION('',(-0.707106781187,-3.053113317719E-16,
    -0.707106781187));
#3853 = ADVANCED_FACE('',(#3854),#3880,.F.);
#3854 = FACE_BOUND('',#3855,.F.);
#3855 = EDGE_LOOP('',(#3856,#3866,#3872,#3873,#3874));
#3856 = ORIENTED_EDGE('',*,*,#3857,.F.);
#3857 = EDGE_CURVE('',#3858,#3860,#3862,.T.);
#3858 = VERTEX_POINT('',#3859);
#3859 = CARTESIAN_POINT('',(-24.0480970388,-10.,54.937184335329));
#3860 = VERTEX_POINT('',#3861);
#3861 = CARTESIAN_POINT('',(-27.,-10.,57.889087296526));
#3862 = LINE('',#3863,#3864);
#3863 = CARTESIAN_POINT('',(-19.80545635173,-10.,50.694543648263));
#3864 = VECTOR('',#3865,1.);
#3865 = DIRECTION('',(-0.707106781187,1.6E-16,0.707106781187));
#3866 = ORIENTED_EDGE('',*,*,#3867,.F.);
#3867 = EDGE_CURVE('',#3400,#3858,#3868,.T.);
#3868 = LINE('',#3869,#3870);
#3869 = CARTESIAN_POINT('',(-23.34589195293,-9.588657784263,
    54.234979249462));
#3870 = VECTOR('',#3871,1.);
#3871 = DIRECTION('',(-0.653281482437,-0.382683432369,0.653281482437));
#3872 = ORIENTED_EDGE('',*,*,#3407,.F.);
#3873 = ORIENTED_EDGE('',*,*,#3607,.T.);
#3874 = ORIENTED_EDGE('',*,*,#3875,.F.);
#3875 = EDGE_CURVE('',#3860,#3598,#3876,.T.);
#3876 = LINE('',#3877,#3878);
#3877 = CARTESIAN_POINT('',(-27.,-10.,57.889087296526));
#3878 = VECTOR('',#3879,1.);
#3879 = DIRECTION('',(0.,1.,-2.2E-16));
#3880 = PLANE('',#3881);
#3881 = AXIS2_PLACEMENT_3D('',#3882,#3883,#3884);
#3882 = CARTESIAN_POINT('',(-23.40272817586,-9.,54.291815472395));
#3883 = DIRECTION('',(0.707106781187,0.,0.707106781187));
#3884 = DIRECTION('',(-0.707106781187,0.,0.707106781187));
#3885 = ADVANCED_FACE('',(#3886),#3897,.F.);
#3886 = FACE_BOUND('',#3887,.T.);
#3887 = EDGE_LOOP('',(#3888,#3889,#3890,#3891));
#3888 = ORIENTED_EDGE('',*,*,#3867,.F.);
#3889 = ORIENTED_EDGE('',*,*,#3399,.T.);
#3890 = ORIENTED_EDGE('',*,*,#3454,.F.);
#3891 = ORIENTED_EDGE('',*,*,#3892,.F.);
#3892 = EDGE_CURVE('',#3858,#3446,#3893,.T.);
#3893 = LINE('',#3894,#3895);
#3894 = CARTESIAN_POINT('',(-24.0480970388,-10.,54.937184335329));
#3895 = VECTOR('',#3896,1.);
#3896 = DIRECTION('',(0.707106781187,0.,0.707106781187));
#3897 = PLANE('',#3898);
#3898 = AXIS2_PLACEMENT_3D('',#3899,#3900,#3901);
#3899 = CARTESIAN_POINT('',(-23.44454364821,-9.646446609404,
    54.333630944737));
#3900 = DIRECTION('',(-0.270598050076,0.92387953251,0.270598050076));
#3901 = DIRECTION('',(-0.707106781187,-5.551115123126E-17,
    -0.707106781187));
#3902 = ADVANCED_FACE('',(#3903),#3918,.F.);
#3903 = FACE_BOUND('',#3904,.F.);
#3904 = EDGE_LOOP('',(#3905,#3906,#3907,#3908,#3909,#3910,#3911,#3912));
#3905 = ORIENTED_EDGE('',*,*,#3808,.T.);
#3906 = ORIENTED_EDGE('',*,*,#3842,.F.);
#3907 = ORIENTED_EDGE('',*,*,#3536,.F.);
#3908 = ORIENTED_EDGE('',*,*,#3501,.F.);
#3909 = ORIENTED_EDGE('',*,*,#3477,.F.);
#3910 = ORIENTED_EDGE('',*,*,#3892,.F.);
#3911 = ORIENTED_EDGE('',*,*,#3857,.T.);
#3912 = ORIENTED_EDGE('',*,*,#3913,.T.);
#3913 = EDGE_CURVE('',#3860,#3809,#3914,.T.);
#3914 = LINE('',#3915,#3916);
#3915 = CARTESIAN_POINT('',(-27.,-10.,57.889087296526));
#3916 = VECTOR('',#3917,1.);
#3917 = DIRECTION('',(-0.707106781187,-0.,-0.707106781187));
#3918 = PLANE('',#3919);
#3919 = AXIS2_PLACEMENT_3D('',#3920,#3921,#3922);
#3920 = CARTESIAN_POINT('',(-1.2724E-12,-10.,53.156457519191));
#3921 = DIRECTION('',(0.,1.,-2.3E-16));
#3922 = DIRECTION('',(0.,2.3E-16,1.));
#3923 = ADVANCED_FACE('',(#3924),#3930,.F.);
#3924 = FACE_BOUND('',#3925,.F.);
#3925 = EDGE_LOOP('',(#3926,#3927,#3928,#3929));
#3926 = ORIENTED_EDGE('',*,*,#3875,.T.);
#3927 = ORIENTED_EDGE('',*,*,#3597,.T.);
#3928 = ORIENTED_EDGE('',*,*,#3818,.F.);
#3929 = ORIENTED_EDGE('',*,*,#3913,.F.);
#3930 = PLANE('',#3931);
#3931 = AXIS2_PLACEMENT_3D('',#3932,#3933,#3934);
#3932 = CARTESIAN_POINT('',(-27.,-10.,57.889087296526));
#3933 = DIRECTION('',(-0.707106781187,1.6E-16,0.707106781187));
#3934 = DIRECTION('',(-0.707106781187,-1.6E-16,-0.707106781187));
#3935 = ADVANCED_FACE('',(#3936),#3942,.F.);
#3936 = FACE_BOUND('',#3937,.F.);
#3937 = EDGE_LOOP('',(#3938,#3939,#3940,#3941));
#3938 = ORIENTED_EDGE('',*,*,#3723,.T.);
#3939 = ORIENTED_EDGE('',*,*,#3656,.T.);
#3940 = ORIENTED_EDGE('',*,*,#3747,.F.);
#3941 = ORIENTED_EDGE('',*,*,#3794,.F.);
#3942 = PLANE('',#3943);
#3943 = AXIS2_PLACEMENT_3D('',#3944,#3945,#3946);
#3944 = CARTESIAN_POINT('',(30.889087296526,-10.,54.));
#3945 = DIRECTION('',(0.707106781187,1.6E-16,0.707106781187));
#3946 = DIRECTION('',(-0.707106781187,1.6E-16,0.707106781187));
#3947 = ( GEOMETRIC_REPRESENTATION_CONTEXT(3) 
GLOBAL_UNCERTAINTY_ASSIGNED_CONTEXT((#3951)) 
GLOBAL_UNIT_ASSIGNED_CONTEXT((#3948,#3949,#3950)) REPRESENTATION_CONTEXT
('Context #1','3D Context with UNIT and UNCERTAINTY') );
#3948 = ( LENGTH_UNIT() NAMED_UNIT(*) SI_UNIT(.MILLI.,.METRE.) );
#3949 = ( NAMED_UNIT(*) PLANE_ANGLE_UNIT() SI_UNIT($,.RADIAN.) );
#3950 = ( NAMED_UNIT(*) SI_UNIT($,.STERADIAN.) SOLID_ANGLE_UNIT() );
#3951 = UNCERTAINTY_MEASURE_WITH_UNIT(LENGTH_MEASURE(2.E-05),#3948,
  'distance_accuracy_value','confusion accuracy');
#3952 = PRODUCT_RELATED_PRODUCT_CATEGORY('part',$,(#7));
#3953 = MECHANICAL_DESIGN_GEOMETRIC_PRESENTATION_REPRESENTATION('',(
    #3954),#3947);
#3954 = STYLED_ITEM('color',(#3955),#15);
#3955 = PRESENTATION_STYLE_ASSIGNMENT((#3956,#3962));
#3956 = SURFACE_STYLE_USAGE(.BOTH.,#3957);
#3957 = SURFACE_SIDE_STYLE('',(#3958));
#3958 = SURFACE_STYLE_FILL_AREA(#3959);
#3959 = FILL_AREA_STYLE('',(#3960));
#3960 = FILL_AREA_STYLE_COLOUR('',#3961);
#3961 = COLOUR_RGB('',0.447058818107,0.474509808674,0.501960817233);
#3962 = CURVE_STYLE('',#3963,POSITIVE_LENGTH_MEASURE(0.1),#3964);
#3963 = DRAUGHTING_PRE_DEFINED_CURVE_FONT('continuous');
#3964 = COLOUR_RGB('',9.803921802644E-02,9.803921802644E-02,
  9.803921802644E-02);
ENDSEC;
END-ISO-10303-21;
