ISO-10303-21;
HEADER;
FILE_DESCRIPTION(('FreeCAD Model'),'2;1');
FILE_NAME('Open CASCADE Shape Model','2026-09-06T12:30:44',('FreeCAD'),(
    'FreeCAD'),'Open CASCADE STEP processor 7.8','FreeCAD','Unknown');
FILE_SCHEMA(('AUTOMOTIVE_DESIGN { 1 0 10303 214 1 1 1 1 }'));
ENDSEC;
DATA;
#1 = APPLICATION_PROTOCOL_DEFINITION('international standard',
  'automotive_design',2000,#2);
#2 = APPLICATION_CONTEXT(
  'core data for automotive mechanical design processes');
#3 = SHAPE_DEFINITION_REPRESENTATION(#4,#10);
#4 = PRODUCT_DEFINITION_SHAPE('','',#5);
#5 = PRODUCT_DEFINITION('design','',#6,#9);
#6 = PRODUCT_DEFINITION_FORMATION('','',#7);
#7 = PRODUCT('Open CASCADE STEP translator 7.8 253',
  'Open CASCADE STEP translator 7.8 253','',(#8));
#8 = PRODUCT_CONTEXT('',#2,'mechanical');
#9 = PRODUCT_DEFINITION_CONTEXT('part definition',#2,'design');
#10 = ADVANCED_BREP_SHAPE_REPRESENTATION('',(#11,#15),#2889);
#11 = AXIS2_PLACEMENT_3D('',#12,#13,#14);
#12 = CARTESIAN_POINT('',(0.,0.,0.));
#13 = DIRECTION('',(0.,0.,1.));
#14 = DIRECTION('',(1.,0.,-0.));
#15 = MANIFOLD_SOLID_BREP('',#16);
#16 = CLOSED_SHELL('',(#17,#50,#75,#118,#138,#207,#231,#255,#286,#311,
    #383,#407,#442,#466,#644,#660,#676,#707,#741,#758,#789,#806,#830,
    #854,#878,#909,#925,#949,#974,#990,#1007,#1031,#1048,#1072,#1096,
    #1120,#1144,#1168,#1192,#1216,#1248,#1280,#1342,#1367,#1392,#1417,
    #1442,#1467,#1516,#1533,#1584,#1600,#1649,#1665,#1708,#1743,#1801,
    #1825,#1841,#1857,#1881,#1916,#1951,#1975,#2048,#2065,#2090,#2153,
    #2177,#2199,#2230,#2254,#2276,#2293,#2310,#2322,#2344,#2375,#2406,
    #2423,#2440,#2465,#2482,#2513,#2537,#2561,#2578,#2595,#2612,#2629,
    #2646,#2671,#2696,#2707,#2734,#2745,#2770,#2787,#2798,#2809,#2829,
    #2844,#2861,#2875));
#17 = ADVANCED_FACE('',(#18),#45,.F.);
#18 = FACE_BOUND('',#19,.F.);
#19 = EDGE_LOOP('',(#20,#30,#37,#38));
#20 = ORIENTED_EDGE('',*,*,#21,.F.);
#21 = EDGE_CURVE('',#22,#24,#26,.T.);
#22 = VERTEX_POINT('',#23);
#23 = CARTESIAN_POINT('',(39.5,9.7,2.E-15));
#24 = VERTEX_POINT('',#25);
#25 = CARTESIAN_POINT('',(39.5,1.5,5.E-15));
#26 = LINE('',#27,#28);
#27 = CARTESIAN_POINT('',(39.5,22.,0.));
#28 = VECTOR('',#29,1.);
#29 = DIRECTION('',(0.,-1.,2.2E-16));
#30 = ORIENTED_EDGE('',*,*,#31,.F.);
#31 = EDGE_CURVE('',#22,#22,#32,.T.);
#32 = CIRCLE('',#33,1.5);
#33 = AXIS2_PLACEMENT_3D('',#34,#35,#36);
#34 = CARTESIAN_POINT('',(41.,9.7,0.));
#35 = DIRECTION('',(0.,1.,-0.));
#36 = DIRECTION('',(-1.,0.,1.55E-15));
#37 = ORIENTED_EDGE('',*,*,#21,.T.);
#38 = ORIENTED_EDGE('',*,*,#39,.T.);
#39 = EDGE_CURVE('',#24,#24,#40,.T.);
#40 = CIRCLE('',#41,1.5);
#41 = AXIS2_PLACEMENT_3D('',#42,#43,#44);
#42 = CARTESIAN_POINT('',(41.,1.5,4.55E-15));
#43 = DIRECTION('',(0.,1.,-2.2E-16));
#44 = DIRECTION('',(-1.,0.,0.));
#45 = CYLINDRICAL_SURFACE('',#46,1.5);
#46 = AXIS2_PLACEMENT_3D('',#47,#48,#49);
#47 = CARTESIAN_POINT('',(41.,22.,0.));
#48 = DIRECTION('',(0.,1.,-2.2E-16));
#49 = DIRECTION('',(-1.,0.,0.));
#50 = ADVANCED_FACE('',(#51),#70,.F.);
#51 = FACE_BOUND('',#52,.T.);
#52 = EDGE_LOOP('',(#53,#61,#68,#69));
#53 = ORIENTED_EDGE('',*,*,#54,.F.);
#54 = EDGE_CURVE('',#55,#22,#57,.T.);
#55 = VERTEX_POINT('',#56);
#56 = CARTESIAN_POINT('',(38.05,11.5,5.E-15));
#57 = LINE('',#58,#59);
#58 = CARTESIAN_POINT('',(39.5,9.7,2.33E-15));
#59 = VECTOR('',#60,1.);
#60 = DIRECTION('',(0.627329537873,-0.778753909083,-9.7E-16));
#61 = ORIENTED_EDGE('',*,*,#62,.T.);
#62 = EDGE_CURVE('',#55,#55,#63,.T.);
#63 = CIRCLE('',#64,2.95);
#64 = AXIS2_PLACEMENT_3D('',#65,#66,#67);
#65 = CARTESIAN_POINT('',(41.,11.5,0.));
#66 = DIRECTION('',(0.,1.,-0.));
#67 = DIRECTION('',(-1.,0.,1.55E-15));
#68 = ORIENTED_EDGE('',*,*,#54,.T.);
#69 = ORIENTED_EDGE('',*,*,#31,.F.);
#70 = CONICAL_SURFACE('',#71,1.5,0.678119307749);
#71 = AXIS2_PLACEMENT_3D('',#72,#73,#74);
#72 = CARTESIAN_POINT('',(41.,9.7,0.));
#73 = DIRECTION('',(0.,1.,0.));
#74 = DIRECTION('',(-1.,0.,1.55E-15));
#75 = ADVANCED_FACE('',(#76,#110),#113,.F.);
#76 = FACE_BOUND('',#77,.F.);
#77 = EDGE_LOOP('',(#78,#88,#96,#104));
#78 = ORIENTED_EDGE('',*,*,#79,.T.);
#79 = EDGE_CURVE('',#80,#82,#84,.T.);
#80 = VERTEX_POINT('',#81);
#81 = CARTESIAN_POINT('',(35.315756805668,1.5,-7.5));
#82 = VERTEX_POINT('',#83);
#83 = CARTESIAN_POINT('',(35.315756805668,1.5,7.5));
#84 = LINE('',#85,#86);
#85 = CARTESIAN_POINT('',(35.315756805668,1.5,8.5));
#86 = VECTOR('',#87,1.);
#87 = DIRECTION('',(0.,0.,1.));
#88 = ORIENTED_EDGE('',*,*,#89,.F.);
#89 = EDGE_CURVE('',#90,#82,#92,.T.);
#90 = VERTEX_POINT('',#91);
#91 = CARTESIAN_POINT('',(46.,1.5,7.5));
#92 = LINE('',#93,#94);
#93 = CARTESIAN_POINT('',(47.,1.5,7.5));
#94 = VECTOR('',#95,1.);
#95 = DIRECTION('',(-1.,0.,0.));
#96 = ORIENTED_EDGE('',*,*,#97,.T.);
#97 = EDGE_CURVE('',#90,#98,#100,.T.);
#98 = VERTEX_POINT('',#99);
#99 = CARTESIAN_POINT('',(46.,1.5,-7.5));
#100 = LINE('',#101,#102);
#101 = CARTESIAN_POINT('',(46.,1.5,8.5));
#102 = VECTOR('',#103,1.);
#103 = DIRECTION('',(-0.,-0.,-1.));
#104 = ORIENTED_EDGE('',*,*,#105,.T.);
#105 = EDGE_CURVE('',#98,#80,#106,.T.);
#106 = LINE('',#107,#108);
#107 = CARTESIAN_POINT('',(47.,1.5,-7.5));
#108 = VECTOR('',#109,1.);
#109 = DIRECTION('',(-1.,0.,0.));
#110 = FACE_BOUND('',#111,.F.);
#111 = EDGE_LOOP('',(#112));
#112 = ORIENTED_EDGE('',*,*,#39,.F.);
#113 = PLANE('',#114);
#114 = AXIS2_PLACEMENT_3D('',#115,#116,#117);
#115 = CARTESIAN_POINT('',(47.,1.5,8.5));
#116 = DIRECTION('',(0.,1.,0.));
#117 = DIRECTION('',(-1.,0.,0.));
#118 = ADVANCED_FACE('',(#119,#122),#133,.T.);
#119 = FACE_BOUND('',#120,.T.);
#120 = EDGE_LOOP('',(#121));
#121 = ORIENTED_EDGE('',*,*,#62,.F.);
#122 = FACE_BOUND('',#123,.T.);
#123 = EDGE_LOOP('',(#124));
#124 = ORIENTED_EDGE('',*,*,#125,.T.);
#125 = EDGE_CURVE('',#126,#126,#128,.T.);
#126 = VERTEX_POINT('',#127);
#127 = CARTESIAN_POINT('',(37.5,11.5,2.E-15));
#128 = CIRCLE('',#129,3.5);
#129 = AXIS2_PLACEMENT_3D('',#130,#131,#132);
#130 = CARTESIAN_POINT('',(41.,11.5,2.E-15));
#131 = DIRECTION('',(0.,1.,-0.));
#132 = DIRECTION('',(-1.,0.,0.));
#133 = PLANE('',#134);
#134 = AXIS2_PLACEMENT_3D('',#135,#136,#137);
#135 = CARTESIAN_POINT('',(-2.34E-15,11.5,2.55E-15));
#136 = DIRECTION('',(0.,1.,0.));
#137 = DIRECTION('',(0.,0.,1.));
#138 = ADVANCED_FACE('',(#139),#202,.F.);
#139 = FACE_BOUND('',#140,.F.);
#140 = EDGE_LOOP('',(#141,#152,#159,#160,#169,#178,#187,#195));
#141 = ORIENTED_EDGE('',*,*,#142,.F.);
#142 = EDGE_CURVE('',#143,#145,#147,.T.);
#143 = VERTEX_POINT('',#144);
#144 = CARTESIAN_POINT('',(34.749615361854,2.5,8.5));
#145 = VERTEX_POINT('',#146);
#146 = CARTESIAN_POINT('',(34.749615361854,-2.5,8.5));
#147 = CIRCLE('',#148,4.1);
#148 = AXIS2_PLACEMENT_3D('',#149,#150,#151);
#149 = CARTESIAN_POINT('',(31.5,0.,8.5));
#150 = DIRECTION('',(0.,0.,1.));
#151 = DIRECTION('',(1.,0.,0.));
#152 = ORIENTED_EDGE('',*,*,#153,.F.);
#153 = EDGE_CURVE('',#82,#143,#154,.T.);
#154 = ELLIPSE('',#155,5.79827560573,4.1);
#155 = AXIS2_PLACEMENT_3D('',#156,#157,#158);
#156 = CARTESIAN_POINT('',(31.5,0.,6.));
#157 = DIRECTION('',(-1.E-17,-0.707106781187,0.707106781187));
#158 = DIRECTION('',(1.E-17,0.707106781187,0.707106781187));
#159 = ORIENTED_EDGE('',*,*,#79,.F.);
#160 = ORIENTED_EDGE('',*,*,#161,.F.);
#161 = EDGE_CURVE('',#162,#80,#164,.T.);
#162 = VERTEX_POINT('',#163);
#163 = CARTESIAN_POINT('',(34.749615361854,2.5,-8.5));
#164 = ELLIPSE('',#165,5.79827560573,4.1);
#165 = AXIS2_PLACEMENT_3D('',#166,#167,#168);
#166 = CARTESIAN_POINT('',(31.5,0.,-6.));
#167 = DIRECTION('',(-1.E-17,-0.707106781187,-0.707106781187));
#168 = DIRECTION('',(-1.E-17,-0.707106781187,0.707106781187));
#169 = ORIENTED_EDGE('',*,*,#170,.T.);
#170 = EDGE_CURVE('',#162,#171,#173,.T.);
#171 = VERTEX_POINT('',#172);
#172 = CARTESIAN_POINT('',(34.749615361854,-2.5,-8.5));
#173 = CIRCLE('',#174,4.1);
#174 = AXIS2_PLACEMENT_3D('',#175,#176,#177);
#175 = CARTESIAN_POINT('',(31.5,0.,-8.5));
#176 = DIRECTION('',(0.,0.,1.));
#177 = DIRECTION('',(1.,0.,0.));
#178 = ORIENTED_EDGE('',*,*,#179,.T.);
#179 = EDGE_CURVE('',#171,#180,#182,.T.);
#180 = VERTEX_POINT('',#181);
#181 = CARTESIAN_POINT('',(35.315756805668,-1.5,-7.5));
#182 = ELLIPSE('',#183,5.79827560573,4.1);
#183 = AXIS2_PLACEMENT_3D('',#184,#185,#186);
#184 = CARTESIAN_POINT('',(31.5,0.,-6.));
#185 = DIRECTION('',(-1.E-17,-0.707106781187,0.707106781187));
#186 = DIRECTION('',(1.E-17,0.707106781187,0.707106781187));
#187 = ORIENTED_EDGE('',*,*,#188,.T.);
#188 = EDGE_CURVE('',#180,#189,#191,.T.);
#189 = VERTEX_POINT('',#190);
#190 = CARTESIAN_POINT('',(35.315756805668,-1.5,7.5));
#191 = LINE('',#192,#193);
#192 = CARTESIAN_POINT('',(35.315756805668,-1.5,8.5));
#193 = VECTOR('',#194,1.);
#194 = DIRECTION('',(0.,0.,1.));
#195 = ORIENTED_EDGE('',*,*,#196,.T.);
#196 = EDGE_CURVE('',#189,#145,#197,.T.);
#197 = ELLIPSE('',#198,5.79827560573,4.1);
#198 = AXIS2_PLACEMENT_3D('',#199,#200,#201);
#199 = CARTESIAN_POINT('',(31.5,0.,6.));
#200 = DIRECTION('',(-1.E-17,-0.707106781187,-0.707106781187));
#201 = DIRECTION('',(-1.E-17,-0.707106781187,0.707106781187));
#202 = CYLINDRICAL_SURFACE('',#203,4.1);
#203 = AXIS2_PLACEMENT_3D('',#204,#205,#206);
#204 = CARTESIAN_POINT('',(31.5,0.,8.5));
#205 = DIRECTION('',(0.,0.,1.));
#206 = DIRECTION('',(1.,0.,0.));
#207 = ADVANCED_FACE('',(#208),#226,.T.);
#208 = FACE_BOUND('',#209,.F.);
#209 = EDGE_LOOP('',(#210,#218,#224,#225));
#210 = ORIENTED_EDGE('',*,*,#211,.T.);
#211 = EDGE_CURVE('',#98,#212,#214,.T.);
#212 = VERTEX_POINT('',#213);
#213 = CARTESIAN_POINT('',(46.,2.5,-8.5));
#214 = LINE('',#215,#216);
#215 = CARTESIAN_POINT('',(46.,1.75,-7.75));
#216 = VECTOR('',#217,1.);
#217 = DIRECTION('',(1.9E-16,0.707106781187,-0.707106781187));
#218 = ORIENTED_EDGE('',*,*,#219,.T.);
#219 = EDGE_CURVE('',#212,#162,#220,.T.);
#220 = LINE('',#221,#222);
#221 = CARTESIAN_POINT('',(47.,2.5,-8.5));
#222 = VECTOR('',#223,1.);
#223 = DIRECTION('',(-1.,0.,0.));
#224 = ORIENTED_EDGE('',*,*,#161,.T.);
#225 = ORIENTED_EDGE('',*,*,#105,.F.);
#226 = PLANE('',#227);
#227 = AXIS2_PLACEMENT_3D('',#228,#229,#230);
#228 = CARTESIAN_POINT('',(47.,2.,-8.));
#229 = DIRECTION('',(-1.E-17,-0.707106781187,-0.707106781187));
#230 = DIRECTION('',(1.,-7.071067811865E-18,-7.071067811865E-18));
#231 = ADVANCED_FACE('',(#232),#250,.F.);
#232 = FACE_BOUND('',#233,.F.);
#233 = EDGE_LOOP('',(#234,#242,#243,#244));
#234 = ORIENTED_EDGE('',*,*,#235,.F.);
#235 = EDGE_CURVE('',#90,#236,#238,.T.);
#236 = VERTEX_POINT('',#237);
#237 = CARTESIAN_POINT('',(46.,2.5,8.5));
#238 = LINE('',#239,#240);
#239 = CARTESIAN_POINT('',(46.,1.75,7.75));
#240 = VECTOR('',#241,1.);
#241 = DIRECTION('',(1.9E-16,0.707106781187,0.707106781187));
#242 = ORIENTED_EDGE('',*,*,#89,.T.);
#243 = ORIENTED_EDGE('',*,*,#153,.T.);
#244 = ORIENTED_EDGE('',*,*,#245,.F.);
#245 = EDGE_CURVE('',#236,#143,#246,.T.);
#246 = LINE('',#247,#248);
#247 = CARTESIAN_POINT('',(47.,2.5,8.5));
#248 = VECTOR('',#249,1.);
#249 = DIRECTION('',(-1.,0.,0.));
#250 = PLANE('',#251);
#251 = AXIS2_PLACEMENT_3D('',#252,#253,#254);
#252 = CARTESIAN_POINT('',(47.,2.,8.));
#253 = DIRECTION('',(1.E-17,0.707106781187,-0.707106781187));
#254 = DIRECTION('',(-1.,7.071067811865E-18,-7.071067811865E-18));
#255 = ADVANCED_FACE('',(#256),#281,.T.);
#256 = FACE_BOUND('',#257,.T.);
#257 = EDGE_LOOP('',(#258,#266,#267,#275));
#258 = ORIENTED_EDGE('',*,*,#259,.F.);
#259 = EDGE_CURVE('',#90,#260,#262,.T.);
#260 = VERTEX_POINT('',#261);
#261 = CARTESIAN_POINT('',(47.,2.5,7.5));
#262 = LINE('',#263,#264);
#263 = CARTESIAN_POINT('',(46.25,1.75,7.5));
#264 = VECTOR('',#265,1.);
#265 = DIRECTION('',(0.707106781187,0.707106781187,-3.85E-15));
#266 = ORIENTED_EDGE('',*,*,#97,.T.);
#267 = ORIENTED_EDGE('',*,*,#268,.T.);
#268 = EDGE_CURVE('',#98,#269,#271,.T.);
#269 = VERTEX_POINT('',#270);
#270 = CARTESIAN_POINT('',(47.,2.5,-7.5));
#271 = LINE('',#272,#273);
#272 = CARTESIAN_POINT('',(46.25,1.75,-7.5));
#273 = VECTOR('',#274,1.);
#274 = DIRECTION('',(0.707106781187,0.707106781187,3.85E-15));
#275 = ORIENTED_EDGE('',*,*,#276,.F.);
#276 = EDGE_CURVE('',#260,#269,#277,.T.);
#277 = LINE('',#278,#279);
#278 = CARTESIAN_POINT('',(47.,2.5,8.5));
#279 = VECTOR('',#280,1.);
#280 = DIRECTION('',(-0.,-0.,-1.));
#281 = PLANE('',#282);
#282 = AXIS2_PLACEMENT_3D('',#283,#284,#285);
#283 = CARTESIAN_POINT('',(46.5,2.,8.5));
#284 = DIRECTION('',(0.707106781187,-0.707106781187,0.));
#285 = DIRECTION('',(0.,0.,-1.));
#286 = ADVANCED_FACE('',(#287),#306,.F.);
#287 = FACE_BOUND('',#288,.F.);
#288 = EDGE_LOOP('',(#289,#298,#304,#305));
#289 = ORIENTED_EDGE('',*,*,#290,.F.);
#290 = EDGE_CURVE('',#291,#291,#293,.T.);
#291 = VERTEX_POINT('',#292);
#292 = CARTESIAN_POINT('',(37.5,19.5,1.E-15));
#293 = ELLIPSE('',#294,4.949747468306,3.5);
#294 = AXIS2_PLACEMENT_3D('',#295,#296,#297);
#295 = CARTESIAN_POINT('',(41.,16.,1.33E-15));
#296 = DIRECTION('',(0.707106781187,0.707106781187,0.));
#297 = DIRECTION('',(-0.707106781187,0.707106781187,-3.1E-16));
#298 = ORIENTED_EDGE('',*,*,#299,.T.);
#299 = EDGE_CURVE('',#291,#126,#300,.T.);
#300 = LINE('',#301,#302);
#301 = CARTESIAN_POINT('',(37.5,22.,0.));
#302 = VECTOR('',#303,1.);
#303 = DIRECTION('',(0.,-1.,2.2E-16));
#304 = ORIENTED_EDGE('',*,*,#125,.T.);
#305 = ORIENTED_EDGE('',*,*,#299,.F.);
#306 = CYLINDRICAL_SURFACE('',#307,3.5);
#307 = AXIS2_PLACEMENT_3D('',#308,#309,#310);
#308 = CARTESIAN_POINT('',(41.,22.,0.));
#309 = DIRECTION('',(0.,1.,-2.2E-16));
#310 = DIRECTION('',(-1.,0.,0.));
#311 = ADVANCED_FACE('',(#312),#378,.T.);
#312 = FACE_BOUND('',#313,.T.);
#313 = EDGE_LOOP('',(#314,#315,#316,#324,#332,#340,#348,#356,#364,#372)
  );
#314 = ORIENTED_EDGE('',*,*,#142,.F.);
#315 = ORIENTED_EDGE('',*,*,#245,.F.);
#316 = ORIENTED_EDGE('',*,*,#317,.T.);
#317 = EDGE_CURVE('',#236,#318,#320,.T.);
#318 = VERTEX_POINT('',#319);
#319 = CARTESIAN_POINT('',(46.,9.585786437627,8.5));
#320 = LINE('',#321,#322);
#321 = CARTESIAN_POINT('',(46.,1.5,8.5));
#322 = VECTOR('',#323,1.);
#323 = DIRECTION('',(0.,1.,0.));
#324 = ORIENTED_EDGE('',*,*,#325,.T.);
#325 = EDGE_CURVE('',#318,#326,#328,.T.);
#326 = VERTEX_POINT('',#327);
#327 = CARTESIAN_POINT('',(34.585786437627,21.,8.5));
#328 = LINE('',#329,#330);
#329 = CARTESIAN_POINT('',(46.292893218813,9.292893218813,8.5));
#330 = VECTOR('',#331,1.);
#331 = DIRECTION('',(-0.707106781187,0.707106781187,0.));
#332 = ORIENTED_EDGE('',*,*,#333,.T.);
#333 = EDGE_CURVE('',#326,#334,#336,.T.);
#334 = VERTEX_POINT('',#335);
#335 = CARTESIAN_POINT('',(22.5,21.,8.5));
#336 = LINE('',#337,#338);
#337 = CARTESIAN_POINT('',(35.,21.,8.5));
#338 = VECTOR('',#339,1.);
#339 = DIRECTION('',(-1.,0.,0.));
#340 = ORIENTED_EDGE('',*,*,#341,.F.);
#341 = EDGE_CURVE('',#342,#334,#344,.T.);
#342 = VERTEX_POINT('',#343);
#343 = CARTESIAN_POINT('',(22.5,-21.,8.5));
#344 = LINE('',#345,#346);
#345 = CARTESIAN_POINT('',(22.5,-22.,8.5));
#346 = VECTOR('',#347,1.);
#347 = DIRECTION('',(0.,1.,0.));
#348 = ORIENTED_EDGE('',*,*,#349,.T.);
#349 = EDGE_CURVE('',#342,#350,#352,.T.);
#350 = VERTEX_POINT('',#351);
#351 = CARTESIAN_POINT('',(34.585786437627,-21.,8.5));
#352 = LINE('',#353,#354);
#353 = CARTESIAN_POINT('',(21.5,-21.,8.5));
#354 = VECTOR('',#355,1.);
#355 = DIRECTION('',(1.,0.,0.));
#356 = ORIENTED_EDGE('',*,*,#357,.F.);
#357 = EDGE_CURVE('',#358,#350,#360,.T.);
#358 = VERTEX_POINT('',#359);
#359 = CARTESIAN_POINT('',(46.,-9.585786437627,8.5));
#360 = LINE('',#361,#362);
#361 = CARTESIAN_POINT('',(46.292893218813,-9.292893218813,8.5));
#362 = VECTOR('',#363,1.);
#363 = DIRECTION('',(-0.707106781187,-0.707106781187,0.));
#364 = ORIENTED_EDGE('',*,*,#365,.T.);
#365 = EDGE_CURVE('',#358,#366,#368,.T.);
#366 = VERTEX_POINT('',#367);
#367 = CARTESIAN_POINT('',(46.,-2.5,8.5));
#368 = LINE('',#369,#370);
#369 = CARTESIAN_POINT('',(46.,-10.,8.5));
#370 = VECTOR('',#371,1.);
#371 = DIRECTION('',(0.,1.,0.));
#372 = ORIENTED_EDGE('',*,*,#373,.F.);
#373 = EDGE_CURVE('',#145,#366,#374,.T.);
#374 = LINE('',#375,#376);
#375 = CARTESIAN_POINT('',(35.315756805668,-2.5,8.5));
#376 = VECTOR('',#377,1.);
#377 = DIRECTION('',(1.,0.,0.));
#378 = PLANE('',#379);
#379 = AXIS2_PLACEMENT_3D('',#380,#381,#382);
#380 = CARTESIAN_POINT('',(0.,0.,8.5));
#381 = DIRECTION('',(0.,0.,1.));
#382 = DIRECTION('',(1.,0.,0.));
#383 = ADVANCED_FACE('',(#384),#402,.F.);
#384 = FACE_BOUND('',#385,.F.);
#385 = EDGE_LOOP('',(#386,#387,#395,#401));
#386 = ORIENTED_EDGE('',*,*,#196,.F.);
#387 = ORIENTED_EDGE('',*,*,#388,.T.);
#388 = EDGE_CURVE('',#189,#389,#391,.T.);
#389 = VERTEX_POINT('',#390);
#390 = CARTESIAN_POINT('',(46.,-1.5,7.5));
#391 = LINE('',#392,#393);
#392 = CARTESIAN_POINT('',(35.315756805668,-1.5,7.5));
#393 = VECTOR('',#394,1.);
#394 = DIRECTION('',(1.,0.,0.));
#395 = ORIENTED_EDGE('',*,*,#396,.F.);
#396 = EDGE_CURVE('',#366,#389,#397,.T.);
#397 = LINE('',#398,#399);
#398 = CARTESIAN_POINT('',(46.,-2.25,8.25));
#399 = VECTOR('',#400,1.);
#400 = DIRECTION('',(-1.9E-16,0.707106781187,-0.707106781187));
#401 = ORIENTED_EDGE('',*,*,#373,.F.);
#402 = PLANE('',#403);
#403 = AXIS2_PLACEMENT_3D('',#404,#405,#406);
#404 = CARTESIAN_POINT('',(35.315756805668,-2.,8.));
#405 = DIRECTION('',(-1.E-17,-0.707106781187,-0.707106781187));
#406 = DIRECTION('',(1.,-7.071067811865E-18,-7.071067811865E-18));
#407 = ADVANCED_FACE('',(#408,#426),#437,.F.);
#408 = FACE_BOUND('',#409,.F.);
#409 = EDGE_LOOP('',(#410,#411,#419,#425));
#410 = ORIENTED_EDGE('',*,*,#188,.F.);
#411 = ORIENTED_EDGE('',*,*,#412,.T.);
#412 = EDGE_CURVE('',#180,#413,#415,.T.);
#413 = VERTEX_POINT('',#414);
#414 = CARTESIAN_POINT('',(46.,-1.5,-7.5));
#415 = LINE('',#416,#417);
#416 = CARTESIAN_POINT('',(35.315756805668,-1.5,-7.5));
#417 = VECTOR('',#418,1.);
#418 = DIRECTION('',(1.,0.,0.));
#419 = ORIENTED_EDGE('',*,*,#420,.F.);
#420 = EDGE_CURVE('',#389,#413,#421,.T.);
#421 = LINE('',#422,#423);
#422 = CARTESIAN_POINT('',(46.,-1.5,8.5));
#423 = VECTOR('',#424,1.);
#424 = DIRECTION('',(-0.,-0.,-1.));
#425 = ORIENTED_EDGE('',*,*,#388,.F.);
#426 = FACE_BOUND('',#427,.F.);
#427 = EDGE_LOOP('',(#428));
#428 = ORIENTED_EDGE('',*,*,#429,.T.);
#429 = EDGE_CURVE('',#430,#430,#432,.T.);
#430 = VERTEX_POINT('',#431);
#431 = CARTESIAN_POINT('',(39.5,-1.5,5.E-15));
#432 = CIRCLE('',#433,1.5);
#433 = AXIS2_PLACEMENT_3D('',#434,#435,#436);
#434 = CARTESIAN_POINT('',(41.,-1.5,5.22E-15));
#435 = DIRECTION('',(0.,1.,-2.2E-16));
#436 = DIRECTION('',(-1.,0.,0.));
#437 = PLANE('',#438);
#438 = AXIS2_PLACEMENT_3D('',#439,#440,#441);
#439 = CARTESIAN_POINT('',(27.738019138805,-1.5,8.5));
#440 = DIRECTION('',(0.,-1.,0.));
#441 = DIRECTION('',(1.,0.,0.));
#442 = ADVANCED_FACE('',(#443),#461,.T.);
#443 = FACE_BOUND('',#444,.F.);
#444 = EDGE_LOOP('',(#445,#446,#454,#460));
#445 = ORIENTED_EDGE('',*,*,#179,.F.);
#446 = ORIENTED_EDGE('',*,*,#447,.T.);
#447 = EDGE_CURVE('',#171,#448,#450,.T.);
#448 = VERTEX_POINT('',#449);
#449 = CARTESIAN_POINT('',(46.,-2.5,-8.5));
#450 = LINE('',#451,#452);
#451 = CARTESIAN_POINT('',(35.315756805668,-2.5,-8.5));
#452 = VECTOR('',#453,1.);
#453 = DIRECTION('',(1.,0.,0.));
#454 = ORIENTED_EDGE('',*,*,#455,.F.);
#455 = EDGE_CURVE('',#413,#448,#456,.T.);
#456 = LINE('',#457,#458);
#457 = CARTESIAN_POINT('',(46.,-1.75,-7.75));
#458 = VECTOR('',#459,1.);
#459 = DIRECTION('',(1.9E-16,-0.707106781187,-0.707106781187));
#460 = ORIENTED_EDGE('',*,*,#412,.F.);
#461 = PLANE('',#462);
#462 = AXIS2_PLACEMENT_3D('',#463,#464,#465);
#463 = CARTESIAN_POINT('',(35.315756805668,-2.,-8.));
#464 = DIRECTION('',(1.E-17,0.707106781187,-0.707106781187));
#465 = DIRECTION('',(-1.,7.071067811865E-18,-7.071067811865E-18));
#466 = ADVANCED_FACE('',(#467,#584,#595,#606,#617,#628),#639,.F.);
#467 = FACE_BOUND('',#468,.F.);
#468 = EDGE_LOOP('',(#469,#470,#471,#479,#487,#495,#503,#511,#519,#528,
    #537,#545,#553,#561,#569,#577,#583));
#469 = ORIENTED_EDGE('',*,*,#170,.F.);
#470 = ORIENTED_EDGE('',*,*,#219,.F.);
#471 = ORIENTED_EDGE('',*,*,#472,.T.);
#472 = EDGE_CURVE('',#212,#473,#475,.T.);
#473 = VERTEX_POINT('',#474);
#474 = CARTESIAN_POINT('',(46.,9.585786437627,-8.5));
#475 = LINE('',#476,#477);
#476 = CARTESIAN_POINT('',(46.,1.5,-8.5));
#477 = VECTOR('',#478,1.);
#478 = DIRECTION('',(0.,1.,0.));
#479 = ORIENTED_EDGE('',*,*,#480,.T.);
#480 = EDGE_CURVE('',#473,#481,#483,.T.);
#481 = VERTEX_POINT('',#482);
#482 = CARTESIAN_POINT('',(34.585786437627,21.,-8.5));
#483 = LINE('',#484,#485);
#484 = CARTESIAN_POINT('',(46.292893218813,9.292893218813,-8.5));
#485 = VECTOR('',#486,1.);
#486 = DIRECTION('',(-0.707106781187,0.707106781187,0.));
#487 = ORIENTED_EDGE('',*,*,#488,.T.);
#488 = EDGE_CURVE('',#481,#489,#491,.T.);
#489 = VERTEX_POINT('',#490);
#490 = CARTESIAN_POINT('',(-34.58578643762,21.,-8.5));
#491 = LINE('',#492,#493);
#492 = CARTESIAN_POINT('',(35.,21.,-8.5));
#493 = VECTOR('',#494,1.);
#494 = DIRECTION('',(-1.,0.,0.));
#495 = ORIENTED_EDGE('',*,*,#496,.T.);
#496 = EDGE_CURVE('',#489,#497,#499,.T.);
#497 = VERTEX_POINT('',#498);
#498 = CARTESIAN_POINT('',(-46.,9.585786437627,-8.5));
#499 = LINE('',#500,#501);
#500 = CARTESIAN_POINT('',(-34.29289321881,21.292893218813,-8.5));
#501 = VECTOR('',#502,1.);
#502 = DIRECTION('',(-0.707106781187,-0.707106781187,0.));
#503 = ORIENTED_EDGE('',*,*,#504,.T.);
#504 = EDGE_CURVE('',#497,#505,#507,.T.);
#505 = VERTEX_POINT('',#506);
#506 = CARTESIAN_POINT('',(-46.,2.5,-8.5));
#507 = LINE('',#508,#509);
#508 = CARTESIAN_POINT('',(-46.,10.,-8.5));
#509 = VECTOR('',#510,1.);
#510 = DIRECTION('',(0.,-1.,0.));
#511 = ORIENTED_EDGE('',*,*,#512,.F.);
#512 = EDGE_CURVE('',#513,#505,#515,.T.);
#513 = VERTEX_POINT('',#514);
#514 = CARTESIAN_POINT('',(-34.74961536185,2.5,-8.5));
#515 = LINE('',#516,#517);
#516 = CARTESIAN_POINT('',(-35.31575680566,2.5,-8.5));
#517 = VECTOR('',#518,1.);
#518 = DIRECTION('',(-1.,0.,0.));
#519 = ORIENTED_EDGE('',*,*,#520,.F.);
#520 = EDGE_CURVE('',#521,#513,#523,.T.);
#521 = VERTEX_POINT('',#522);
#522 = CARTESIAN_POINT('',(-27.4,0.,-8.5));
#523 = CIRCLE('',#524,4.1);
#524 = AXIS2_PLACEMENT_3D('',#525,#526,#527);
#525 = CARTESIAN_POINT('',(-31.5,0.,-8.5));
#526 = DIRECTION('',(0.,0.,1.));
#527 = DIRECTION('',(1.,0.,0.));
#528 = ORIENTED_EDGE('',*,*,#529,.F.);
#529 = EDGE_CURVE('',#530,#521,#532,.T.);
#530 = VERTEX_POINT('',#531);
#531 = CARTESIAN_POINT('',(-34.74961536185,-2.5,-8.5));
#532 = CIRCLE('',#533,4.1);
#533 = AXIS2_PLACEMENT_3D('',#534,#535,#536);
#534 = CARTESIAN_POINT('',(-31.5,0.,-8.5));
#535 = DIRECTION('',(0.,0.,1.));
#536 = DIRECTION('',(1.,0.,0.));
#537 = ORIENTED_EDGE('',*,*,#538,.F.);
#538 = EDGE_CURVE('',#539,#530,#541,.T.);
#539 = VERTEX_POINT('',#540);
#540 = CARTESIAN_POINT('',(-46.,-2.5,-8.5));
#541 = LINE('',#542,#543);
#542 = CARTESIAN_POINT('',(-47.,-2.5,-8.5));
#543 = VECTOR('',#544,1.);
#544 = DIRECTION('',(1.,0.,0.));
#545 = ORIENTED_EDGE('',*,*,#546,.T.);
#546 = EDGE_CURVE('',#539,#547,#549,.T.);
#547 = VERTEX_POINT('',#548);
#548 = CARTESIAN_POINT('',(-46.,-9.585786437627,-8.5));
#549 = LINE('',#550,#551);
#550 = CARTESIAN_POINT('',(-46.,-1.5,-8.5));
#551 = VECTOR('',#552,1.);
#552 = DIRECTION('',(0.,-1.,0.));
#553 = ORIENTED_EDGE('',*,*,#554,.F.);
#554 = EDGE_CURVE('',#555,#547,#557,.T.);
#555 = VERTEX_POINT('',#556);
#556 = CARTESIAN_POINT('',(-34.58578643762,-21.,-8.5));
#557 = LINE('',#558,#559);
#558 = CARTESIAN_POINT('',(-34.29289321881,-21.29289321881,-8.5));
#559 = VECTOR('',#560,1.);
#560 = DIRECTION('',(-0.707106781187,0.707106781187,0.));
#561 = ORIENTED_EDGE('',*,*,#562,.T.);
#562 = EDGE_CURVE('',#555,#563,#565,.T.);
#563 = VERTEX_POINT('',#564);
#564 = CARTESIAN_POINT('',(34.585786437627,-21.,-8.5));
#565 = LINE('',#566,#567);
#566 = CARTESIAN_POINT('',(-35.,-21.,-8.5));
#567 = VECTOR('',#568,1.);
#568 = DIRECTION('',(1.,0.,0.));
#569 = ORIENTED_EDGE('',*,*,#570,.F.);
#570 = EDGE_CURVE('',#571,#563,#573,.T.);
#571 = VERTEX_POINT('',#572);
#572 = CARTESIAN_POINT('',(46.,-9.585786437627,-8.5));
#573 = LINE('',#574,#575);
#574 = CARTESIAN_POINT('',(46.292893218813,-9.292893218813,-8.5));
#575 = VECTOR('',#576,1.);
#576 = DIRECTION('',(-0.707106781187,-0.707106781187,0.));
#577 = ORIENTED_EDGE('',*,*,#578,.T.);
#578 = EDGE_CURVE('',#571,#448,#579,.T.);
#579 = LINE('',#580,#581);
#580 = CARTESIAN_POINT('',(46.,-10.,-8.5));
#581 = VECTOR('',#582,1.);
#582 = DIRECTION('',(0.,1.,0.));
#583 = ORIENTED_EDGE('',*,*,#447,.F.);
#584 = FACE_BOUND('',#585,.F.);
#585 = EDGE_LOOP('',(#586));
#586 = ORIENTED_EDGE('',*,*,#587,.F.);
#587 = EDGE_CURVE('',#588,#588,#590,.T.);
#588 = VERTEX_POINT('',#589);
#589 = CARTESIAN_POINT('',(12.5,0.,-8.5));
#590 = CIRCLE('',#591,12.5);
#591 = AXIS2_PLACEMENT_3D('',#592,#593,#594);
#592 = CARTESIAN_POINT('',(0.,0.,-8.5));
#593 = DIRECTION('',(0.,0.,1.));
#594 = DIRECTION('',(1.,0.,0.));
#595 = FACE_BOUND('',#596,.F.);
#596 = EDGE_LOOP('',(#597));
#597 = ORIENTED_EDGE('',*,*,#598,.F.);
#598 = EDGE_CURVE('',#599,#599,#601,.T.);
#599 = VERTEX_POINT('',#600);
#600 = CARTESIAN_POINT('',(-14.,-15.5,-8.5));
#601 = CIRCLE('',#602,1.5);
#602 = AXIS2_PLACEMENT_3D('',#603,#604,#605);
#603 = CARTESIAN_POINT('',(-15.5,-15.5,-8.5));
#604 = DIRECTION('',(0.,0.,1.));
#605 = DIRECTION('',(1.,0.,0.));
#606 = FACE_BOUND('',#607,.F.);
#607 = EDGE_LOOP('',(#608));
#608 = ORIENTED_EDGE('',*,*,#609,.F.);
#609 = EDGE_CURVE('',#610,#610,#612,.T.);
#610 = VERTEX_POINT('',#611);
#611 = CARTESIAN_POINT('',(17.,-15.5,-8.5));
#612 = CIRCLE('',#613,1.5);
#613 = AXIS2_PLACEMENT_3D('',#614,#615,#616);
#614 = CARTESIAN_POINT('',(15.5,-15.5,-8.5));
#615 = DIRECTION('',(0.,0.,1.));
#616 = DIRECTION('',(1.,0.,0.));
#617 = FACE_BOUND('',#618,.F.);
#618 = EDGE_LOOP('',(#619));
#619 = ORIENTED_EDGE('',*,*,#620,.F.);
#620 = EDGE_CURVE('',#621,#621,#623,.T.);
#621 = VERTEX_POINT('',#622);
#622 = CARTESIAN_POINT('',(-14.,15.5,-8.5));
#623 = CIRCLE('',#624,1.5);
#624 = AXIS2_PLACEMENT_3D('',#625,#626,#627);
#625 = CARTESIAN_POINT('',(-15.5,15.5,-8.5));
#626 = DIRECTION('',(0.,0.,1.));
#627 = DIRECTION('',(1.,0.,0.));
#628 = FACE_BOUND('',#629,.F.);
#629 = EDGE_LOOP('',(#630));
#630 = ORIENTED_EDGE('',*,*,#631,.F.);
#631 = EDGE_CURVE('',#632,#632,#634,.T.);
#632 = VERTEX_POINT('',#633);
#633 = CARTESIAN_POINT('',(17.,15.5,-8.5));
#634 = CIRCLE('',#635,1.5);
#635 = AXIS2_PLACEMENT_3D('',#636,#637,#638);
#636 = CARTESIAN_POINT('',(15.5,15.5,-8.5));
#637 = DIRECTION('',(0.,0.,1.));
#638 = DIRECTION('',(1.,0.,0.));
#639 = PLANE('',#640);
#640 = AXIS2_PLACEMENT_3D('',#641,#642,#643);
#641 = CARTESIAN_POINT('',(0.,0.,-8.5));
#642 = DIRECTION('',(0.,0.,1.));
#643 = DIRECTION('',(1.,0.,0.));
#644 = ADVANCED_FACE('',(#645),#655,.T.);
#645 = FACE_BOUND('',#646,.T.);
#646 = EDGE_LOOP('',(#647,#648,#649));
#647 = ORIENTED_EDGE('',*,*,#268,.F.);
#648 = ORIENTED_EDGE('',*,*,#211,.T.);
#649 = ORIENTED_EDGE('',*,*,#650,.F.);
#650 = EDGE_CURVE('',#269,#212,#651,.T.);
#651 = LINE('',#652,#653);
#652 = CARTESIAN_POINT('',(46.5,2.5,-8.));
#653 = VECTOR('',#654,1.);
#654 = DIRECTION('',(-0.707106781187,-3.65E-15,-0.707106781187));
#655 = PLANE('',#656);
#656 = AXIS2_PLACEMENT_3D('',#657,#658,#659);
#657 = CARTESIAN_POINT('',(46.,1.5,-7.5));
#658 = DIRECTION('',(0.57735026919,-0.57735026919,-0.57735026919));
#659 = DIRECTION('',(-0.707106781187,-2.498001805407E-15,-0.707106781187
    ));
#660 = ADVANCED_FACE('',(#661),#671,.F.);
#661 = FACE_BOUND('',#662,.F.);
#662 = EDGE_LOOP('',(#663,#664,#665));
#663 = ORIENTED_EDGE('',*,*,#259,.F.);
#664 = ORIENTED_EDGE('',*,*,#235,.T.);
#665 = ORIENTED_EDGE('',*,*,#666,.F.);
#666 = EDGE_CURVE('',#260,#236,#667,.T.);
#667 = LINE('',#668,#669);
#668 = CARTESIAN_POINT('',(46.5,2.5,8.));
#669 = VECTOR('',#670,1.);
#670 = DIRECTION('',(-0.707106781187,-3.65E-15,0.707106781187));
#671 = PLANE('',#672);
#672 = AXIS2_PLACEMENT_3D('',#673,#674,#675);
#673 = CARTESIAN_POINT('',(46.,1.5,7.5));
#674 = DIRECTION('',(-0.57735026919,0.57735026919,-0.57735026919));
#675 = DIRECTION('',(-0.707106781187,-2.498001805407E-15,0.707106781187)
  );
#676 = ADVANCED_FACE('',(#677),#702,.F.);
#677 = FACE_BOUND('',#678,.F.);
#678 = EDGE_LOOP('',(#679,#689,#695,#696));
#679 = ORIENTED_EDGE('',*,*,#680,.F.);
#680 = EDGE_CURVE('',#681,#683,#685,.T.);
#681 = VERTEX_POINT('',#682);
#682 = CARTESIAN_POINT('',(47.,10.,-7.5));
#683 = VERTEX_POINT('',#684);
#684 = CARTESIAN_POINT('',(47.,10.,7.5));
#685 = LINE('',#686,#687);
#686 = CARTESIAN_POINT('',(47.,10.,-8.5));
#687 = VECTOR('',#688,1.);
#688 = DIRECTION('',(0.,0.,1.));
#689 = ORIENTED_EDGE('',*,*,#690,.F.);
#690 = EDGE_CURVE('',#269,#681,#691,.T.);
#691 = LINE('',#692,#693);
#692 = CARTESIAN_POINT('',(47.,1.5,-7.5));
#693 = VECTOR('',#694,1.);
#694 = DIRECTION('',(0.,1.,0.));
#695 = ORIENTED_EDGE('',*,*,#276,.F.);
#696 = ORIENTED_EDGE('',*,*,#697,.T.);
#697 = EDGE_CURVE('',#260,#683,#698,.T.);
#698 = LINE('',#699,#700);
#699 = CARTESIAN_POINT('',(47.,1.5,7.5));
#700 = VECTOR('',#701,1.);
#701 = DIRECTION('',(0.,1.,0.));
#702 = PLANE('',#703);
#703 = AXIS2_PLACEMENT_3D('',#704,#705,#706);
#704 = CARTESIAN_POINT('',(47.,-22.,-8.5));
#705 = DIRECTION('',(-1.,0.,0.));
#706 = DIRECTION('',(0.,1.,0.));
#707 = ADVANCED_FACE('',(#708,#733),#736,.T.);
#708 = FACE_BOUND('',#709,.F.);
#709 = EDGE_LOOP('',(#710,#711,#719,#727));
#710 = ORIENTED_EDGE('',*,*,#680,.T.);
#711 = ORIENTED_EDGE('',*,*,#712,.T.);
#712 = EDGE_CURVE('',#683,#713,#715,.T.);
#713 = VERTEX_POINT('',#714);
#714 = CARTESIAN_POINT('',(35.,22.,7.5));
#715 = LINE('',#716,#717);
#716 = CARTESIAN_POINT('',(47.,10.,7.5));
#717 = VECTOR('',#718,1.);
#718 = DIRECTION('',(-0.707106781187,0.707106781187,0.));
#719 = ORIENTED_EDGE('',*,*,#720,.F.);
#720 = EDGE_CURVE('',#721,#713,#723,.T.);
#721 = VERTEX_POINT('',#722);
#722 = CARTESIAN_POINT('',(35.,22.,-7.5));
#723 = LINE('',#724,#725);
#724 = CARTESIAN_POINT('',(35.,22.,-8.5));
#725 = VECTOR('',#726,1.);
#726 = DIRECTION('',(0.,0.,1.));
#727 = ORIENTED_EDGE('',*,*,#728,.F.);
#728 = EDGE_CURVE('',#681,#721,#729,.T.);
#729 = LINE('',#730,#731);
#730 = CARTESIAN_POINT('',(47.,10.,-7.5));
#731 = VECTOR('',#732,1.);
#732 = DIRECTION('',(-0.707106781187,0.707106781187,0.));
#733 = FACE_BOUND('',#734,.F.);
#734 = EDGE_LOOP('',(#735));
#735 = ORIENTED_EDGE('',*,*,#290,.T.);
#736 = PLANE('',#737);
#737 = AXIS2_PLACEMENT_3D('',#738,#739,#740);
#738 = CARTESIAN_POINT('',(41.,16.,-8.5));
#739 = DIRECTION('',(0.707106781187,0.707106781187,0.));
#740 = DIRECTION('',(0.,0.,-1.));
#741 = ADVANCED_FACE('',(#742),#753,.F.);
#742 = FACE_BOUND('',#743,.T.);
#743 = EDGE_LOOP('',(#744,#745,#751,#752));
#744 = ORIENTED_EDGE('',*,*,#697,.T.);
#745 = ORIENTED_EDGE('',*,*,#746,.T.);
#746 = EDGE_CURVE('',#683,#318,#747,.T.);
#747 = LINE('',#748,#749);
#748 = CARTESIAN_POINT('',(45.728844115,9.473469992543,8.771155885));
#749 = VECTOR('',#750,1.);
#750 = DIRECTION('',(-0.678598344546,-0.281084637715,0.678598344546));
#751 = ORIENTED_EDGE('',*,*,#317,.F.);
#752 = ORIENTED_EDGE('',*,*,#666,.F.);
#753 = PLANE('',#754);
#754 = AXIS2_PLACEMENT_3D('',#755,#756,#757);
#755 = CARTESIAN_POINT('',(46.5,1.5,8.));
#756 = DIRECTION('',(-0.707106781187,0.,-0.707106781187));
#757 = DIRECTION('',(-0.,-1.,-0.));
#758 = ADVANCED_FACE('',(#759),#784,.F.);
#759 = FACE_BOUND('',#760,.T.);
#760 = EDGE_LOOP('',(#761,#769,#777,#783));
#761 = ORIENTED_EDGE('',*,*,#762,.F.);
#762 = EDGE_CURVE('',#763,#358,#765,.T.);
#763 = VERTEX_POINT('',#764);
#764 = CARTESIAN_POINT('',(47.,-10.,7.5));
#765 = LINE('',#766,#767);
#766 = CARTESIAN_POINT('',(46.53950428678,-9.809256430169,7.96049571322)
  );
#767 = VECTOR('',#768,1.);
#768 = DIRECTION('',(-0.678598344546,0.281084637715,0.678598344546));
#769 = ORIENTED_EDGE('',*,*,#770,.T.);
#770 = EDGE_CURVE('',#763,#771,#773,.T.);
#771 = VERTEX_POINT('',#772);
#772 = CARTESIAN_POINT('',(47.,-2.5,7.5));
#773 = LINE('',#774,#775);
#774 = CARTESIAN_POINT('',(47.,-10.,7.5));
#775 = VECTOR('',#776,1.);
#776 = DIRECTION('',(0.,1.,0.));
#777 = ORIENTED_EDGE('',*,*,#778,.F.);
#778 = EDGE_CURVE('',#366,#771,#779,.T.);
#779 = LINE('',#780,#781);
#780 = CARTESIAN_POINT('',(46.25,-2.5,8.25));
#781 = VECTOR('',#782,1.);
#782 = DIRECTION('',(0.707106781187,-3.75E-15,-0.707106781187));
#783 = ORIENTED_EDGE('',*,*,#365,.F.);
#784 = PLANE('',#785);
#785 = AXIS2_PLACEMENT_3D('',#786,#787,#788);
#786 = CARTESIAN_POINT('',(46.5,-10.,8.));
#787 = DIRECTION('',(-0.707106781187,0.,-0.707106781187));
#788 = DIRECTION('',(-0.,-1.,-0.));
#789 = ADVANCED_FACE('',(#790),#801,.F.);
#790 = FACE_BOUND('',#791,.T.);
#791 = EDGE_LOOP('',(#792,#793,#794,#800));
#792 = ORIENTED_EDGE('',*,*,#746,.F.);
#793 = ORIENTED_EDGE('',*,*,#712,.T.);
#794 = ORIENTED_EDGE('',*,*,#795,.T.);
#795 = EDGE_CURVE('',#713,#326,#796,.T.);
#796 = LINE('',#797,#798);
#797 = CARTESIAN_POINT('',(34.138846452542,19.920991426441,
    9.579008573559));
#798 = VECTOR('',#799,1.);
#799 = DIRECTION('',(-0.281084637715,-0.678598344546,0.678598344546));
#800 = ORIENTED_EDGE('',*,*,#325,.F.);
#801 = PLANE('',#802);
#802 = AXIS2_PLACEMENT_3D('',#803,#804,#805);
#803 = CARTESIAN_POINT('',(46.646446609407,9.646446609407,8.));
#804 = DIRECTION('',(-0.5,-0.5,-0.707106781187));
#805 = DIRECTION('',(0.707106781187,-0.707106781187,-2.775557561563E-16)
  );
#806 = ADVANCED_FACE('',(#807),#825,.T.);
#807 = FACE_BOUND('',#808,.F.);
#808 = EDGE_LOOP('',(#809,#810,#818,#824));
#809 = ORIENTED_EDGE('',*,*,#762,.F.);
#810 = ORIENTED_EDGE('',*,*,#811,.T.);
#811 = EDGE_CURVE('',#763,#812,#814,.T.);
#812 = VERTEX_POINT('',#813);
#813 = CARTESIAN_POINT('',(35.,-22.,7.5));
#814 = LINE('',#815,#816);
#815 = CARTESIAN_POINT('',(47.,-10.,7.5));
#816 = VECTOR('',#817,1.);
#817 = DIRECTION('',(-0.707106781187,-0.707106781187,0.));
#818 = ORIENTED_EDGE('',*,*,#819,.T.);
#819 = EDGE_CURVE('',#812,#350,#820,.T.);
#820 = LINE('',#821,#822);
#821 = CARTESIAN_POINT('',(33.605538581017,-18.63347233008,
    10.866527669915));
#822 = VECTOR('',#823,1.);
#823 = DIRECTION('',(-0.281084637715,0.678598344546,0.678598344546));
#824 = ORIENTED_EDGE('',*,*,#357,.F.);
#825 = PLANE('',#826);
#826 = AXIS2_PLACEMENT_3D('',#827,#828,#829);
#827 = CARTESIAN_POINT('',(46.646446609407,-9.646446609407,8.));
#828 = DIRECTION('',(0.5,-0.5,0.707106781187));
#829 = DIRECTION('',(0.707106781187,0.707106781187,-2.775557561563E-16)
  );
#830 = ADVANCED_FACE('',(#831),#849,.F.);
#831 = FACE_BOUND('',#832,.T.);
#832 = EDGE_LOOP('',(#833,#834,#842,#848));
#833 = ORIENTED_EDGE('',*,*,#795,.F.);
#834 = ORIENTED_EDGE('',*,*,#835,.T.);
#835 = EDGE_CURVE('',#713,#836,#838,.T.);
#836 = VERTEX_POINT('',#837);
#837 = CARTESIAN_POINT('',(22.5,22.,7.5));
#838 = LINE('',#839,#840);
#839 = CARTESIAN_POINT('',(35.,22.,7.5));
#840 = VECTOR('',#841,1.);
#841 = DIRECTION('',(-1.,0.,0.));
#842 = ORIENTED_EDGE('',*,*,#843,.F.);
#843 = EDGE_CURVE('',#334,#836,#844,.T.);
#844 = LINE('',#845,#846);
#845 = CARTESIAN_POINT('',(22.5,21.25,8.25));
#846 = VECTOR('',#847,1.);
#847 = DIRECTION('',(0.,0.707106781187,-0.707106781187));
#848 = ORIENTED_EDGE('',*,*,#333,.F.);
#849 = PLANE('',#850);
#850 = AXIS2_PLACEMENT_3D('',#851,#852,#853);
#851 = CARTESIAN_POINT('',(35.,21.5,8.));
#852 = DIRECTION('',(0.,-0.707106781187,-0.707106781187));
#853 = DIRECTION('',(1.,0.,0.));
#854 = ADVANCED_FACE('',(#855),#873,.F.);
#855 = FACE_BOUND('',#856,.T.);
#856 = EDGE_LOOP('',(#857,#865,#866,#867));
#857 = ORIENTED_EDGE('',*,*,#858,.T.);
#858 = EDGE_CURVE('',#859,#812,#861,.T.);
#859 = VERTEX_POINT('',#860);
#860 = CARTESIAN_POINT('',(22.5,-22.,7.5));
#861 = LINE('',#862,#863);
#862 = CARTESIAN_POINT('',(21.5,-22.,7.5));
#863 = VECTOR('',#864,1.);
#864 = DIRECTION('',(1.,0.,0.));
#865 = ORIENTED_EDGE('',*,*,#819,.T.);
#866 = ORIENTED_EDGE('',*,*,#349,.F.);
#867 = ORIENTED_EDGE('',*,*,#868,.F.);
#868 = EDGE_CURVE('',#859,#342,#869,.T.);
#869 = LINE('',#870,#871);
#870 = CARTESIAN_POINT('',(22.5,-21.5,8.));
#871 = VECTOR('',#872,1.);
#872 = DIRECTION('',(0.,0.707106781187,0.707106781187));
#873 = PLANE('',#874);
#874 = AXIS2_PLACEMENT_3D('',#875,#876,#877);
#875 = CARTESIAN_POINT('',(21.5,-21.5,8.));
#876 = DIRECTION('',(0.,0.707106781187,-0.707106781187));
#877 = DIRECTION('',(-1.,-0.,-0.));
#878 = ADVANCED_FACE('',(#879),#904,.F.);
#879 = FACE_BOUND('',#880,.T.);
#880 = EDGE_LOOP('',(#881,#889,#890,#898));
#881 = ORIENTED_EDGE('',*,*,#882,.T.);
#882 = EDGE_CURVE('',#883,#342,#885,.T.);
#883 = VERTEX_POINT('',#884);
#884 = CARTESIAN_POINT('',(21.5,-21.,7.5));
#885 = LINE('',#886,#887);
#886 = CARTESIAN_POINT('',(21.75,-21.,7.75));
#887 = VECTOR('',#888,1.);
#888 = DIRECTION('',(0.707106781187,1.92E-15,0.707106781187));
#889 = ORIENTED_EDGE('',*,*,#341,.T.);
#890 = ORIENTED_EDGE('',*,*,#891,.T.);
#891 = EDGE_CURVE('',#334,#892,#894,.T.);
#892 = VERTEX_POINT('',#893);
#893 = CARTESIAN_POINT('',(21.5,21.,7.5));
#894 = LINE('',#895,#896);
#895 = CARTESIAN_POINT('',(22.25,21.,8.25));
#896 = VECTOR('',#897,1.);
#897 = DIRECTION('',(-0.707106781187,1.92E-15,-0.707106781187));
#898 = ORIENTED_EDGE('',*,*,#899,.F.);
#899 = EDGE_CURVE('',#883,#892,#900,.T.);
#900 = LINE('',#901,#902);
#901 = CARTESIAN_POINT('',(21.5,-22.,7.5));
#902 = VECTOR('',#903,1.);
#903 = DIRECTION('',(0.,1.,0.));
#904 = PLANE('',#905);
#905 = AXIS2_PLACEMENT_3D('',#906,#907,#908);
#906 = CARTESIAN_POINT('',(22.,-22.,8.));
#907 = DIRECTION('',(0.707106781187,0.,-0.707106781187));
#908 = DIRECTION('',(-0.,-1.,-0.));
#909 = ADVANCED_FACE('',(#910),#920,.F.);
#910 = FACE_BOUND('',#911,.F.);
#911 = EDGE_LOOP('',(#912,#913,#914));
#912 = ORIENTED_EDGE('',*,*,#778,.F.);
#913 = ORIENTED_EDGE('',*,*,#396,.T.);
#914 = ORIENTED_EDGE('',*,*,#915,.F.);
#915 = EDGE_CURVE('',#771,#389,#916,.T.);
#916 = LINE('',#917,#918);
#917 = CARTESIAN_POINT('',(46.5,-2.,7.5));
#918 = VECTOR('',#919,1.);
#919 = DIRECTION('',(-0.707106781187,0.707106781187,3.37E-15));
#920 = PLANE('',#921);
#921 = AXIS2_PLACEMENT_3D('',#922,#923,#924);
#922 = CARTESIAN_POINT('',(46.,-2.5,8.5));
#923 = DIRECTION('',(-0.57735026919,-0.57735026919,-0.57735026919));
#924 = DIRECTION('',(-0.707106781187,0.707106781187,1.249000902703E-15)
  );
#925 = ADVANCED_FACE('',(#926),#944,.T.);
#926 = FACE_BOUND('',#927,.T.);
#927 = EDGE_LOOP('',(#928,#936,#942,#943));
#928 = ORIENTED_EDGE('',*,*,#929,.T.);
#929 = EDGE_CURVE('',#771,#930,#932,.T.);
#930 = VERTEX_POINT('',#931);
#931 = CARTESIAN_POINT('',(47.,-2.5,-7.5));
#932 = LINE('',#933,#934);
#933 = CARTESIAN_POINT('',(47.,-2.5,8.5));
#934 = VECTOR('',#935,1.);
#935 = DIRECTION('',(-0.,-0.,-1.));
#936 = ORIENTED_EDGE('',*,*,#937,.F.);
#937 = EDGE_CURVE('',#413,#930,#938,.T.);
#938 = LINE('',#939,#940);
#939 = CARTESIAN_POINT('',(46.25,-1.75,-7.5));
#940 = VECTOR('',#941,1.);
#941 = DIRECTION('',(0.707106781187,-0.707106781187,3.37E-15));
#942 = ORIENTED_EDGE('',*,*,#420,.F.);
#943 = ORIENTED_EDGE('',*,*,#915,.F.);
#944 = PLANE('',#945);
#945 = AXIS2_PLACEMENT_3D('',#946,#947,#948);
#946 = CARTESIAN_POINT('',(46.5,-2.,8.5));
#947 = DIRECTION('',(0.707106781187,0.707106781187,0.));
#948 = DIRECTION('',(0.,0.,-1.));
#949 = ADVANCED_FACE('',(#950),#969,.F.);
#950 = FACE_BOUND('',#951,.F.);
#951 = EDGE_LOOP('',(#952,#960,#961,#962));
#952 = ORIENTED_EDGE('',*,*,#953,.F.);
#953 = EDGE_CURVE('',#430,#954,#956,.T.);
#954 = VERTEX_POINT('',#955);
#955 = CARTESIAN_POINT('',(39.5,-11.5,7.E-15));
#956 = LINE('',#957,#958);
#957 = CARTESIAN_POINT('',(39.5,22.,0.));
#958 = VECTOR('',#959,1.);
#959 = DIRECTION('',(0.,-1.,2.2E-16));
#960 = ORIENTED_EDGE('',*,*,#429,.F.);
#961 = ORIENTED_EDGE('',*,*,#953,.T.);
#962 = ORIENTED_EDGE('',*,*,#963,.T.);
#963 = EDGE_CURVE('',#954,#954,#964,.T.);
#964 = CIRCLE('',#965,1.5);
#965 = AXIS2_PLACEMENT_3D('',#966,#967,#968);
#966 = CARTESIAN_POINT('',(41.,-11.5,7.44E-15));
#967 = DIRECTION('',(0.,1.,-2.2E-16));
#968 = DIRECTION('',(-1.,0.,0.));
#969 = CYLINDRICAL_SURFACE('',#970,1.5);
#970 = AXIS2_PLACEMENT_3D('',#971,#972,#973);
#971 = CARTESIAN_POINT('',(41.,22.,0.));
#972 = DIRECTION('',(0.,1.,-2.2E-16));
#973 = DIRECTION('',(-1.,0.,0.));
#974 = ADVANCED_FACE('',(#975),#985,.F.);
#975 = FACE_BOUND('',#976,.F.);
#976 = EDGE_LOOP('',(#977,#978,#979));
#977 = ORIENTED_EDGE('',*,*,#937,.F.);
#978 = ORIENTED_EDGE('',*,*,#455,.T.);
#979 = ORIENTED_EDGE('',*,*,#980,.F.);
#980 = EDGE_CURVE('',#930,#448,#981,.T.);
#981 = LINE('',#982,#983);
#982 = CARTESIAN_POINT('',(46.5,-2.5,-8.));
#983 = VECTOR('',#984,1.);
#984 = DIRECTION('',(-0.707106781187,3.75E-15,-0.707106781187));
#985 = PLANE('',#986);
#986 = AXIS2_PLACEMENT_3D('',#987,#988,#989);
#987 = CARTESIAN_POINT('',(46.,-1.5,-7.5));
#988 = DIRECTION('',(-0.57735026919,-0.57735026919,0.57735026919));
#989 = DIRECTION('',(-0.707106781187,2.498001805407E-15,-0.707106781187)
  );
#990 = ADVANCED_FACE('',(#991),#1002,.T.);
#991 = FACE_BOUND('',#992,.T.);
#992 = EDGE_LOOP('',(#993,#994,#1000,#1001));
#993 = ORIENTED_EDGE('',*,*,#472,.T.);
#994 = ORIENTED_EDGE('',*,*,#995,.T.);
#995 = EDGE_CURVE('',#473,#681,#996,.T.);
#996 = LINE('',#997,#998);
#997 = CARTESIAN_POINT('',(45.728844115,9.473469992543,-8.771155885));
#998 = VECTOR('',#999,1.);
#999 = DIRECTION('',(0.678598344546,0.281084637715,0.678598344546));
#1000 = ORIENTED_EDGE('',*,*,#690,.F.);
#1001 = ORIENTED_EDGE('',*,*,#650,.T.);
#1002 = PLANE('',#1003);
#1003 = AXIS2_PLACEMENT_3D('',#1004,#1005,#1006);
#1004 = CARTESIAN_POINT('',(46.5,1.5,-8.));
#1005 = DIRECTION('',(0.707106781187,0.,-0.707106781187));
#1006 = DIRECTION('',(0.,1.,0.));
#1007 = ADVANCED_FACE('',(#1008),#1026,.T.);
#1008 = FACE_BOUND('',#1009,.T.);
#1009 = EDGE_LOOP('',(#1010,#1018,#1019,#1020));
#1010 = ORIENTED_EDGE('',*,*,#1011,.F.);
#1011 = EDGE_CURVE('',#571,#1012,#1014,.T.);
#1012 = VERTEX_POINT('',#1013);
#1013 = CARTESIAN_POINT('',(47.,-10.,-7.5));
#1014 = LINE('',#1015,#1016);
#1015 = CARTESIAN_POINT('',(46.53950428678,-9.809256430169,
    -7.96049571322));
#1016 = VECTOR('',#1017,1.);
#1017 = DIRECTION('',(0.678598344546,-0.281084637715,0.678598344546));
#1018 = ORIENTED_EDGE('',*,*,#578,.T.);
#1019 = ORIENTED_EDGE('',*,*,#980,.F.);
#1020 = ORIENTED_EDGE('',*,*,#1021,.F.);
#1021 = EDGE_CURVE('',#1012,#930,#1022,.T.);
#1022 = LINE('',#1023,#1024);
#1023 = CARTESIAN_POINT('',(47.,-10.,-7.5));
#1024 = VECTOR('',#1025,1.);
#1025 = DIRECTION('',(0.,1.,0.));
#1026 = PLANE('',#1027);
#1027 = AXIS2_PLACEMENT_3D('',#1028,#1029,#1030);
#1028 = CARTESIAN_POINT('',(46.5,-10.,-8.));
#1029 = DIRECTION('',(0.707106781187,0.,-0.707106781187));
#1030 = DIRECTION('',(0.,1.,0.));
#1031 = ADVANCED_FACE('',(#1032),#1043,.T.);
#1032 = FACE_BOUND('',#1033,.T.);
#1033 = EDGE_LOOP('',(#1034,#1035,#1036,#1042));
#1034 = ORIENTED_EDGE('',*,*,#995,.F.);
#1035 = ORIENTED_EDGE('',*,*,#480,.T.);
#1036 = ORIENTED_EDGE('',*,*,#1037,.T.);
#1037 = EDGE_CURVE('',#481,#721,#1038,.T.);
#1038 = LINE('',#1039,#1040);
#1039 = CARTESIAN_POINT('',(34.138846452542,19.920991426441,
    -9.579008573559));
#1040 = VECTOR('',#1041,1.);
#1041 = DIRECTION('',(0.281084637715,0.678598344546,0.678598344546));
#1042 = ORIENTED_EDGE('',*,*,#728,.F.);
#1043 = PLANE('',#1044);
#1044 = AXIS2_PLACEMENT_3D('',#1045,#1046,#1047);
#1045 = CARTESIAN_POINT('',(46.646446609407,9.646446609407,-8.));
#1046 = DIRECTION('',(0.5,0.5,-0.707106781187));
#1047 = DIRECTION('',(-0.707106781187,0.707106781187,0.));
#1048 = ADVANCED_FACE('',(#1049),#1067,.F.);
#1049 = FACE_BOUND('',#1050,.F.);
#1050 = EDGE_LOOP('',(#1051,#1052,#1053,#1061));
#1051 = ORIENTED_EDGE('',*,*,#1011,.F.);
#1052 = ORIENTED_EDGE('',*,*,#570,.T.);
#1053 = ORIENTED_EDGE('',*,*,#1054,.T.);
#1054 = EDGE_CURVE('',#563,#1055,#1057,.T.);
#1055 = VERTEX_POINT('',#1056);
#1056 = CARTESIAN_POINT('',(35.,-22.,-7.5));
#1057 = LINE('',#1058,#1059);
#1058 = CARTESIAN_POINT('',(31.373546377967,-13.24496648237,
    -16.25503351762));
#1059 = VECTOR('',#1060,1.);
#1060 = DIRECTION('',(0.281084637715,-0.678598344546,0.678598344546));
#1061 = ORIENTED_EDGE('',*,*,#1062,.F.);
#1062 = EDGE_CURVE('',#1012,#1055,#1063,.T.);
#1063 = LINE('',#1064,#1065);
#1064 = CARTESIAN_POINT('',(47.,-10.,-7.5));
#1065 = VECTOR('',#1066,1.);
#1066 = DIRECTION('',(-0.707106781187,-0.707106781187,0.));
#1067 = PLANE('',#1068);
#1068 = AXIS2_PLACEMENT_3D('',#1069,#1070,#1071);
#1069 = CARTESIAN_POINT('',(46.646446609407,-9.646446609407,-8.));
#1070 = DIRECTION('',(-0.5,0.5,0.707106781187));
#1071 = DIRECTION('',(-0.707106781187,-0.707106781187,0.));
#1072 = ADVANCED_FACE('',(#1073),#1091,.T.);
#1073 = FACE_BOUND('',#1074,.T.);
#1074 = EDGE_LOOP('',(#1075,#1076,#1077,#1085));
#1075 = ORIENTED_EDGE('',*,*,#1037,.F.);
#1076 = ORIENTED_EDGE('',*,*,#488,.T.);
#1077 = ORIENTED_EDGE('',*,*,#1078,.T.);
#1078 = EDGE_CURVE('',#489,#1079,#1081,.T.);
#1079 = VERTEX_POINT('',#1080);
#1080 = CARTESIAN_POINT('',(-35.,22.,-7.5));
#1081 = LINE('',#1082,#1083);
#1082 = CARTESIAN_POINT('',(-32.04395635559,14.863479342711,
    -14.63652065728));
#1083 = VECTOR('',#1084,1.);
#1084 = DIRECTION('',(-0.281084637715,0.678598344546,0.678598344546));
#1085 = ORIENTED_EDGE('',*,*,#1086,.F.);
#1086 = EDGE_CURVE('',#721,#1079,#1087,.T.);
#1087 = LINE('',#1088,#1089);
#1088 = CARTESIAN_POINT('',(35.,22.,-7.5));
#1089 = VECTOR('',#1090,1.);
#1090 = DIRECTION('',(-1.,0.,0.));
#1091 = PLANE('',#1092);
#1092 = AXIS2_PLACEMENT_3D('',#1093,#1094,#1095);
#1093 = CARTESIAN_POINT('',(35.,21.5,-8.));
#1094 = DIRECTION('',(0.,0.707106781187,-0.707106781187));
#1095 = DIRECTION('',(-1.,0.,0.));
#1096 = ADVANCED_FACE('',(#1097),#1115,.T.);
#1097 = FACE_BOUND('',#1098,.T.);
#1098 = EDGE_LOOP('',(#1099,#1107,#1108,#1109));
#1099 = ORIENTED_EDGE('',*,*,#1100,.F.);
#1100 = EDGE_CURVE('',#555,#1101,#1103,.T.);
#1101 = VERTEX_POINT('',#1102);
#1102 = CARTESIAN_POINT('',(-35.,-22.,-7.5));
#1103 = LINE('',#1104,#1105);
#1104 = CARTESIAN_POINT('',(-34.80925643016,-21.53950428678,
    -7.96049571322));
#1105 = VECTOR('',#1106,1.);
#1106 = DIRECTION('',(-0.281084637715,-0.678598344546,0.678598344546));
#1107 = ORIENTED_EDGE('',*,*,#562,.T.);
#1108 = ORIENTED_EDGE('',*,*,#1054,.T.);
#1109 = ORIENTED_EDGE('',*,*,#1110,.F.);
#1110 = EDGE_CURVE('',#1101,#1055,#1111,.T.);
#1111 = LINE('',#1112,#1113);
#1112 = CARTESIAN_POINT('',(-35.,-22.,-7.5));
#1113 = VECTOR('',#1114,1.);
#1114 = DIRECTION('',(1.,0.,0.));
#1115 = PLANE('',#1116);
#1116 = AXIS2_PLACEMENT_3D('',#1117,#1118,#1119);
#1117 = CARTESIAN_POINT('',(-35.,-21.5,-8.));
#1118 = DIRECTION('',(0.,-0.707106781187,-0.707106781187));
#1119 = DIRECTION('',(1.,0.,0.));
#1120 = ADVANCED_FACE('',(#1121),#1139,.T.);
#1121 = FACE_BOUND('',#1122,.T.);
#1122 = EDGE_LOOP('',(#1123,#1124,#1125,#1133));
#1123 = ORIENTED_EDGE('',*,*,#1078,.F.);
#1124 = ORIENTED_EDGE('',*,*,#496,.T.);
#1125 = ORIENTED_EDGE('',*,*,#1126,.T.);
#1126 = EDGE_CURVE('',#497,#1127,#1129,.T.);
#1127 = VERTEX_POINT('',#1128);
#1128 = CARTESIAN_POINT('',(-47.,10.,-7.5));
#1129 = LINE('',#1130,#1131);
#1130 = CARTESIAN_POINT('',(-44.92099142644,9.138846452542,
    -9.579008573559));
#1131 = VECTOR('',#1132,1.);
#1132 = DIRECTION('',(-0.678598344546,0.281084637715,0.678598344546));
#1133 = ORIENTED_EDGE('',*,*,#1134,.F.);
#1134 = EDGE_CURVE('',#1079,#1127,#1135,.T.);
#1135 = LINE('',#1136,#1137);
#1136 = CARTESIAN_POINT('',(-35.,22.,-7.5));
#1137 = VECTOR('',#1138,1.);
#1138 = DIRECTION('',(-0.707106781187,-0.707106781187,0.));
#1139 = PLANE('',#1140);
#1140 = AXIS2_PLACEMENT_3D('',#1141,#1142,#1143);
#1141 = CARTESIAN_POINT('',(-34.6464466094,21.646446609407,-8.));
#1142 = DIRECTION('',(-0.5,0.5,-0.707106781187));
#1143 = DIRECTION('',(-0.707106781187,-0.707106781187,
    -2.775557561563E-17));
#1144 = ADVANCED_FACE('',(#1145),#1163,.F.);
#1145 = FACE_BOUND('',#1146,.F.);
#1146 = EDGE_LOOP('',(#1147,#1148,#1149,#1157));
#1147 = ORIENTED_EDGE('',*,*,#1100,.F.);
#1148 = ORIENTED_EDGE('',*,*,#554,.T.);
#1149 = ORIENTED_EDGE('',*,*,#1150,.T.);
#1150 = EDGE_CURVE('',#547,#1151,#1153,.T.);
#1151 = VERTEX_POINT('',#1152);
#1152 = CARTESIAN_POINT('',(-47.,-10.,-7.5));
#1153 = LINE('',#1154,#1155);
#1154 = CARTESIAN_POINT('',(-44.11033125466,-8.803060014915,
    -10.38966874533));
#1155 = VECTOR('',#1156,1.);
#1156 = DIRECTION('',(-0.678598344546,-0.281084637715,0.678598344546));
#1157 = ORIENTED_EDGE('',*,*,#1158,.F.);
#1158 = EDGE_CURVE('',#1101,#1151,#1159,.T.);
#1159 = LINE('',#1160,#1161);
#1160 = CARTESIAN_POINT('',(-35.,-22.,-7.5));
#1161 = VECTOR('',#1162,1.);
#1162 = DIRECTION('',(-0.707106781187,0.707106781187,0.));
#1163 = PLANE('',#1164);
#1164 = AXIS2_PLACEMENT_3D('',#1165,#1166,#1167);
#1165 = CARTESIAN_POINT('',(-34.6464466094,-21.6464466094,-8.));
#1166 = DIRECTION('',(0.5,0.5,0.707106781187));
#1167 = DIRECTION('',(-0.707106781187,0.707106781187,-2.775557561563E-17
    ));
#1168 = ADVANCED_FACE('',(#1169),#1187,.T.);
#1169 = FACE_BOUND('',#1170,.T.);
#1170 = EDGE_LOOP('',(#1171,#1172,#1173,#1181));
#1171 = ORIENTED_EDGE('',*,*,#1126,.F.);
#1172 = ORIENTED_EDGE('',*,*,#504,.T.);
#1173 = ORIENTED_EDGE('',*,*,#1174,.F.);
#1174 = EDGE_CURVE('',#1175,#505,#1177,.T.);
#1175 = VERTEX_POINT('',#1176);
#1176 = CARTESIAN_POINT('',(-47.,2.5,-7.5));
#1177 = LINE('',#1178,#1179);
#1178 = CARTESIAN_POINT('',(-46.5,2.5,-8.));
#1179 = VECTOR('',#1180,1.);
#1180 = DIRECTION('',(0.707106781187,-4.42E-15,-0.707106781187));
#1181 = ORIENTED_EDGE('',*,*,#1182,.F.);
#1182 = EDGE_CURVE('',#1127,#1175,#1183,.T.);
#1183 = LINE('',#1184,#1185);
#1184 = CARTESIAN_POINT('',(-47.,10.,-7.5));
#1185 = VECTOR('',#1186,1.);
#1186 = DIRECTION('',(0.,-1.,0.));
#1187 = PLANE('',#1188);
#1188 = AXIS2_PLACEMENT_3D('',#1189,#1190,#1191);
#1189 = CARTESIAN_POINT('',(-46.5,10.,-8.));
#1190 = DIRECTION('',(-0.707106781187,0.,-0.707106781187));
#1191 = DIRECTION('',(0.,-1.,0.));
#1192 = ADVANCED_FACE('',(#1193),#1211,.T.);
#1193 = FACE_BOUND('',#1194,.T.);
#1194 = EDGE_LOOP('',(#1195,#1196,#1197,#1205));
#1195 = ORIENTED_EDGE('',*,*,#546,.T.);
#1196 = ORIENTED_EDGE('',*,*,#1150,.T.);
#1197 = ORIENTED_EDGE('',*,*,#1198,.F.);
#1198 = EDGE_CURVE('',#1199,#1151,#1201,.T.);
#1199 = VERTEX_POINT('',#1200);
#1200 = CARTESIAN_POINT('',(-47.,-2.5,-7.5));
#1201 = LINE('',#1202,#1203);
#1202 = CARTESIAN_POINT('',(-47.,-1.5,-7.5));
#1203 = VECTOR('',#1204,1.);
#1204 = DIRECTION('',(0.,-1.,0.));
#1205 = ORIENTED_EDGE('',*,*,#1206,.T.);
#1206 = EDGE_CURVE('',#1199,#539,#1207,.T.);
#1207 = LINE('',#1208,#1209);
#1208 = CARTESIAN_POINT('',(-46.5,-2.5,-8.));
#1209 = VECTOR('',#1210,1.);
#1210 = DIRECTION('',(0.707106781187,3.37E-15,-0.707106781187));
#1211 = PLANE('',#1212);
#1212 = AXIS2_PLACEMENT_3D('',#1213,#1214,#1215);
#1213 = CARTESIAN_POINT('',(-46.5,-1.5,-8.));
#1214 = DIRECTION('',(-0.707106781187,0.,-0.707106781187));
#1215 = DIRECTION('',(0.,-1.,0.));
#1216 = ADVANCED_FACE('',(#1217),#1243,.T.);
#1217 = FACE_BOUND('',#1218,.F.);
#1218 = EDGE_LOOP('',(#1219,#1228,#1229,#1237));
#1219 = ORIENTED_EDGE('',*,*,#1220,.F.);
#1220 = EDGE_CURVE('',#513,#1221,#1223,.T.);
#1221 = VERTEX_POINT('',#1222);
#1222 = CARTESIAN_POINT('',(-35.31575680566,1.5,-7.5));
#1223 = ELLIPSE('',#1224,5.79827560573,4.1);
#1224 = AXIS2_PLACEMENT_3D('',#1225,#1226,#1227);
#1225 = CARTESIAN_POINT('',(-31.5,0.,-6.));
#1226 = DIRECTION('',(-0.,0.707106781187,0.707106781187));
#1227 = DIRECTION('',(0.,-0.707106781187,0.707106781187));
#1228 = ORIENTED_EDGE('',*,*,#512,.T.);
#1229 = ORIENTED_EDGE('',*,*,#1230,.F.);
#1230 = EDGE_CURVE('',#1231,#505,#1233,.T.);
#1231 = VERTEX_POINT('',#1232);
#1232 = CARTESIAN_POINT('',(-46.,1.5,-7.5));
#1233 = LINE('',#1234,#1235);
#1234 = CARTESIAN_POINT('',(-46.,1.75,-7.75));
#1235 = VECTOR('',#1236,1.);
#1236 = DIRECTION('',(-2.9E-16,0.707106781187,-0.707106781187));
#1237 = ORIENTED_EDGE('',*,*,#1238,.F.);
#1238 = EDGE_CURVE('',#1221,#1231,#1239,.T.);
#1239 = LINE('',#1240,#1241);
#1240 = CARTESIAN_POINT('',(-35.31575680566,1.5,-7.5));
#1241 = VECTOR('',#1242,1.);
#1242 = DIRECTION('',(-1.,0.,0.));
#1243 = PLANE('',#1244);
#1244 = AXIS2_PLACEMENT_3D('',#1245,#1246,#1247);
#1245 = CARTESIAN_POINT('',(-35.31575680566,2.,-8.));
#1246 = DIRECTION('',(0.,-0.707106781187,-0.707106781187));
#1247 = DIRECTION('',(1.,0.,0.));
#1248 = ADVANCED_FACE('',(#1249),#1275,.T.);
#1249 = FACE_BOUND('',#1250,.F.);
#1250 = EDGE_LOOP('',(#1251,#1259,#1260,#1269));
#1251 = ORIENTED_EDGE('',*,*,#1252,.T.);
#1252 = EDGE_CURVE('',#1253,#539,#1255,.T.);
#1253 = VERTEX_POINT('',#1254);
#1254 = CARTESIAN_POINT('',(-46.,-1.5,-7.5));
#1255 = LINE('',#1256,#1257);
#1256 = CARTESIAN_POINT('',(-46.,-1.75,-7.75));
#1257 = VECTOR('',#1258,1.);
#1258 = DIRECTION('',(2.9E-16,-0.707106781187,-0.707106781187));
#1259 = ORIENTED_EDGE('',*,*,#538,.T.);
#1260 = ORIENTED_EDGE('',*,*,#1261,.T.);
#1261 = EDGE_CURVE('',#530,#1262,#1264,.T.);
#1262 = VERTEX_POINT('',#1263);
#1263 = CARTESIAN_POINT('',(-35.31575680566,-1.5,-7.5));
#1264 = ELLIPSE('',#1265,5.79827560573,4.1);
#1265 = AXIS2_PLACEMENT_3D('',#1266,#1267,#1268);
#1266 = CARTESIAN_POINT('',(-31.5,0.,-6.));
#1267 = DIRECTION('',(0.,0.707106781187,-0.707106781187));
#1268 = DIRECTION('',(0.,0.707106781187,0.707106781187));
#1269 = ORIENTED_EDGE('',*,*,#1270,.F.);
#1270 = EDGE_CURVE('',#1253,#1262,#1271,.T.);
#1271 = LINE('',#1272,#1273);
#1272 = CARTESIAN_POINT('',(-47.,-1.5,-7.5));
#1273 = VECTOR('',#1274,1.);
#1274 = DIRECTION('',(1.,0.,0.));
#1275 = PLANE('',#1276);
#1276 = AXIS2_PLACEMENT_3D('',#1277,#1278,#1279);
#1277 = CARTESIAN_POINT('',(-47.,-2.,-8.));
#1278 = DIRECTION('',(0.,0.707106781187,-0.707106781187));
#1279 = DIRECTION('',(-1.,-0.,-0.));
#1280 = ADVANCED_FACE('',(#1281),#1337,.F.);
#1281 = FACE_BOUND('',#1282,.F.);
#1282 = EDGE_LOOP('',(#1283,#1291,#1300,#1309,#1318,#1327,#1333,#1334,
    #1335,#1336));
#1283 = ORIENTED_EDGE('',*,*,#1284,.T.);
#1284 = EDGE_CURVE('',#1221,#1285,#1287,.T.);
#1285 = VERTEX_POINT('',#1286);
#1286 = CARTESIAN_POINT('',(-35.31575680566,1.5,7.5));
#1287 = LINE('',#1288,#1289);
#1288 = CARTESIAN_POINT('',(-35.31575680566,1.5,8.5));
#1289 = VECTOR('',#1290,1.);
#1290 = DIRECTION('',(0.,0.,1.));
#1291 = ORIENTED_EDGE('',*,*,#1292,.T.);
#1292 = EDGE_CURVE('',#1285,#1293,#1295,.T.);
#1293 = VERTEX_POINT('',#1294);
#1294 = CARTESIAN_POINT('',(-34.74961536185,2.5,8.5));
#1295 = ELLIPSE('',#1296,5.79827560573,4.1);
#1296 = AXIS2_PLACEMENT_3D('',#1297,#1298,#1299);
#1297 = CARTESIAN_POINT('',(-31.5,0.,6.));
#1298 = DIRECTION('',(0.,0.707106781187,-0.707106781187));
#1299 = DIRECTION('',(0.,0.707106781187,0.707106781187));
#1300 = ORIENTED_EDGE('',*,*,#1301,.F.);
#1301 = EDGE_CURVE('',#1302,#1293,#1304,.T.);
#1302 = VERTEX_POINT('',#1303);
#1303 = CARTESIAN_POINT('',(-27.4,0.,8.5));
#1304 = CIRCLE('',#1305,4.1);
#1305 = AXIS2_PLACEMENT_3D('',#1306,#1307,#1308);
#1306 = CARTESIAN_POINT('',(-31.5,0.,8.5));
#1307 = DIRECTION('',(0.,0.,1.));
#1308 = DIRECTION('',(1.,0.,0.));
#1309 = ORIENTED_EDGE('',*,*,#1310,.F.);
#1310 = EDGE_CURVE('',#1311,#1302,#1313,.T.);
#1311 = VERTEX_POINT('',#1312);
#1312 = CARTESIAN_POINT('',(-34.74961536185,-2.5,8.5));
#1313 = CIRCLE('',#1314,4.1);
#1314 = AXIS2_PLACEMENT_3D('',#1315,#1316,#1317);
#1315 = CARTESIAN_POINT('',(-31.5,0.,8.5));
#1316 = DIRECTION('',(0.,0.,1.));
#1317 = DIRECTION('',(1.,0.,0.));
#1318 = ORIENTED_EDGE('',*,*,#1319,.F.);
#1319 = EDGE_CURVE('',#1320,#1311,#1322,.T.);
#1320 = VERTEX_POINT('',#1321);
#1321 = CARTESIAN_POINT('',(-35.31575680566,-1.5,7.5));
#1322 = ELLIPSE('',#1323,5.79827560573,4.1);
#1323 = AXIS2_PLACEMENT_3D('',#1324,#1325,#1326);
#1324 = CARTESIAN_POINT('',(-31.5,0.,6.));
#1325 = DIRECTION('',(-0.,0.707106781187,0.707106781187));
#1326 = DIRECTION('',(0.,-0.707106781187,0.707106781187));
#1327 = ORIENTED_EDGE('',*,*,#1328,.F.);
#1328 = EDGE_CURVE('',#1262,#1320,#1329,.T.);
#1329 = LINE('',#1330,#1331);
#1330 = CARTESIAN_POINT('',(-35.31575680566,-1.5,8.5));
#1331 = VECTOR('',#1332,1.);
#1332 = DIRECTION('',(0.,0.,1.));
#1333 = ORIENTED_EDGE('',*,*,#1261,.F.);
#1334 = ORIENTED_EDGE('',*,*,#529,.T.);
#1335 = ORIENTED_EDGE('',*,*,#520,.T.);
#1336 = ORIENTED_EDGE('',*,*,#1220,.T.);
#1337 = CYLINDRICAL_SURFACE('',#1338,4.1);
#1338 = AXIS2_PLACEMENT_3D('',#1339,#1340,#1341);
#1339 = CARTESIAN_POINT('',(-31.5,0.,8.5));
#1340 = DIRECTION('',(0.,0.,1.));
#1341 = DIRECTION('',(1.,0.,0.));
#1342 = ADVANCED_FACE('',(#1343),#1362,.F.);
#1343 = FACE_BOUND('',#1344,.F.);
#1344 = EDGE_LOOP('',(#1345,#1353,#1354,#1355));
#1345 = ORIENTED_EDGE('',*,*,#1346,.F.);
#1346 = EDGE_CURVE('',#588,#1347,#1349,.T.);
#1347 = VERTEX_POINT('',#1348);
#1348 = CARTESIAN_POINT('',(11.5,0.,-7.5));
#1349 = LINE('',#1350,#1351);
#1350 = CARTESIAN_POINT('',(11.5,0.,-7.5));
#1351 = VECTOR('',#1352,1.);
#1352 = DIRECTION('',(-0.707106781187,0.,0.707106781187));
#1353 = ORIENTED_EDGE('',*,*,#587,.T.);
#1354 = ORIENTED_EDGE('',*,*,#1346,.T.);
#1355 = ORIENTED_EDGE('',*,*,#1356,.F.);
#1356 = EDGE_CURVE('',#1347,#1347,#1357,.T.);
#1357 = CIRCLE('',#1358,11.5);
#1358 = AXIS2_PLACEMENT_3D('',#1359,#1360,#1361);
#1359 = CARTESIAN_POINT('',(0.,0.,-7.5));
#1360 = DIRECTION('',(0.,0.,1.));
#1361 = DIRECTION('',(1.,0.,0.));
#1362 = CONICAL_SURFACE('',#1363,11.5,0.785398163397);
#1363 = AXIS2_PLACEMENT_3D('',#1364,#1365,#1366);
#1364 = CARTESIAN_POINT('',(0.,0.,-7.5));
#1365 = DIRECTION('',(-0.,-0.,-1.));
#1366 = DIRECTION('',(1.,0.,0.));
#1367 = ADVANCED_FACE('',(#1368),#1387,.F.);
#1368 = FACE_BOUND('',#1369,.F.);
#1369 = EDGE_LOOP('',(#1370,#1379,#1385,#1386));
#1370 = ORIENTED_EDGE('',*,*,#1371,.F.);
#1371 = EDGE_CURVE('',#1372,#1372,#1374,.T.);
#1372 = VERTEX_POINT('',#1373);
#1373 = CARTESIAN_POINT('',(-14.,-15.5,-3.));
#1374 = CIRCLE('',#1375,1.5);
#1375 = AXIS2_PLACEMENT_3D('',#1376,#1377,#1378);
#1376 = CARTESIAN_POINT('',(-15.5,-15.5,-3.));
#1377 = DIRECTION('',(0.,0.,1.));
#1378 = DIRECTION('',(1.,0.,0.));
#1379 = ORIENTED_EDGE('',*,*,#1380,.T.);
#1380 = EDGE_CURVE('',#1372,#599,#1381,.T.);
#1381 = LINE('',#1382,#1383);
#1382 = CARTESIAN_POINT('',(-14.,-15.5,-2.5));
#1383 = VECTOR('',#1384,1.);
#1384 = DIRECTION('',(-0.,-0.,-1.));
#1385 = ORIENTED_EDGE('',*,*,#598,.T.);
#1386 = ORIENTED_EDGE('',*,*,#1380,.F.);
#1387 = CYLINDRICAL_SURFACE('',#1388,1.5);
#1388 = AXIS2_PLACEMENT_3D('',#1389,#1390,#1391);
#1389 = CARTESIAN_POINT('',(-15.5,-15.5,-2.5));
#1390 = DIRECTION('',(0.,0.,1.));
#1391 = DIRECTION('',(1.,0.,0.));
#1392 = ADVANCED_FACE('',(#1393),#1412,.F.);
#1393 = FACE_BOUND('',#1394,.F.);
#1394 = EDGE_LOOP('',(#1395,#1404,#1410,#1411));
#1395 = ORIENTED_EDGE('',*,*,#1396,.F.);
#1396 = EDGE_CURVE('',#1397,#1397,#1399,.T.);
#1397 = VERTEX_POINT('',#1398);
#1398 = CARTESIAN_POINT('',(17.,-15.5,-3.));
#1399 = CIRCLE('',#1400,1.5);
#1400 = AXIS2_PLACEMENT_3D('',#1401,#1402,#1403);
#1401 = CARTESIAN_POINT('',(15.5,-15.5,-3.));
#1402 = DIRECTION('',(0.,0.,1.));
#1403 = DIRECTION('',(1.,0.,0.));
#1404 = ORIENTED_EDGE('',*,*,#1405,.T.);
#1405 = EDGE_CURVE('',#1397,#610,#1406,.T.);
#1406 = LINE('',#1407,#1408);
#1407 = CARTESIAN_POINT('',(17.,-15.5,-2.5));
#1408 = VECTOR('',#1409,1.);
#1409 = DIRECTION('',(-0.,-0.,-1.));
#1410 = ORIENTED_EDGE('',*,*,#609,.T.);
#1411 = ORIENTED_EDGE('',*,*,#1405,.F.);
#1412 = CYLINDRICAL_SURFACE('',#1413,1.5);
#1413 = AXIS2_PLACEMENT_3D('',#1414,#1415,#1416);
#1414 = CARTESIAN_POINT('',(15.5,-15.5,-2.5));
#1415 = DIRECTION('',(0.,0.,1.));
#1416 = DIRECTION('',(1.,0.,0.));
#1417 = ADVANCED_FACE('',(#1418),#1437,.F.);
#1418 = FACE_BOUND('',#1419,.F.);
#1419 = EDGE_LOOP('',(#1420,#1429,#1435,#1436));
#1420 = ORIENTED_EDGE('',*,*,#1421,.F.);
#1421 = EDGE_CURVE('',#1422,#1422,#1424,.T.);
#1422 = VERTEX_POINT('',#1423);
#1423 = CARTESIAN_POINT('',(-14.,15.5,-3.));
#1424 = CIRCLE('',#1425,1.5);
#1425 = AXIS2_PLACEMENT_3D('',#1426,#1427,#1428);
#1426 = CARTESIAN_POINT('',(-15.5,15.5,-3.));
#1427 = DIRECTION('',(0.,0.,1.));
#1428 = DIRECTION('',(1.,0.,0.));
#1429 = ORIENTED_EDGE('',*,*,#1430,.T.);
#1430 = EDGE_CURVE('',#1422,#621,#1431,.T.);
#1431 = LINE('',#1432,#1433);
#1432 = CARTESIAN_POINT('',(-14.,15.5,-2.5));
#1433 = VECTOR('',#1434,1.);
#1434 = DIRECTION('',(-0.,-0.,-1.));
#1435 = ORIENTED_EDGE('',*,*,#620,.T.);
#1436 = ORIENTED_EDGE('',*,*,#1430,.F.);
#1437 = CYLINDRICAL_SURFACE('',#1438,1.5);
#1438 = AXIS2_PLACEMENT_3D('',#1439,#1440,#1441);
#1439 = CARTESIAN_POINT('',(-15.5,15.5,-2.5));
#1440 = DIRECTION('',(0.,0.,1.));
#1441 = DIRECTION('',(1.,0.,0.));
#1442 = ADVANCED_FACE('',(#1443),#1462,.F.);
#1443 = FACE_BOUND('',#1444,.F.);
#1444 = EDGE_LOOP('',(#1445,#1454,#1460,#1461));
#1445 = ORIENTED_EDGE('',*,*,#1446,.F.);
#1446 = EDGE_CURVE('',#1447,#1447,#1449,.T.);
#1447 = VERTEX_POINT('',#1448);
#1448 = CARTESIAN_POINT('',(17.,15.5,-3.));
#1449 = CIRCLE('',#1450,1.5);
#1450 = AXIS2_PLACEMENT_3D('',#1451,#1452,#1453);
#1451 = CARTESIAN_POINT('',(15.5,15.5,-3.));
#1452 = DIRECTION('',(0.,0.,1.));
#1453 = DIRECTION('',(1.,0.,0.));
#1454 = ORIENTED_EDGE('',*,*,#1455,.T.);
#1455 = EDGE_CURVE('',#1447,#632,#1456,.T.);
#1456 = LINE('',#1457,#1458);
#1457 = CARTESIAN_POINT('',(17.,15.5,-2.5));
#1458 = VECTOR('',#1459,1.);
#1459 = DIRECTION('',(-0.,-0.,-1.));
#1460 = ORIENTED_EDGE('',*,*,#631,.T.);
#1461 = ORIENTED_EDGE('',*,*,#1455,.F.);
#1462 = CYLINDRICAL_SURFACE('',#1463,1.5);
#1463 = AXIS2_PLACEMENT_3D('',#1464,#1465,#1466);
#1464 = CARTESIAN_POINT('',(15.5,15.5,-2.5));
#1465 = DIRECTION('',(0.,0.,1.));
#1466 = DIRECTION('',(1.,0.,0.));
#1467 = ADVANCED_FACE('',(#1468),#1511,.F.);
#1468 = FACE_BOUND('',#1469,.F.);
#1469 = EDGE_LOOP('',(#1470,#1471,#1472,#1480,#1488,#1496,#1504,#1510));
#1470 = ORIENTED_EDGE('',*,*,#720,.T.);
#1471 = ORIENTED_EDGE('',*,*,#835,.T.);
#1472 = ORIENTED_EDGE('',*,*,#1473,.T.);
#1473 = EDGE_CURVE('',#836,#1474,#1476,.T.);
#1474 = VERTEX_POINT('',#1475);
#1475 = CARTESIAN_POINT('',(22.5,22.,-3.5));
#1476 = LINE('',#1477,#1478);
#1477 = CARTESIAN_POINT('',(22.5,22.,8.5));
#1478 = VECTOR('',#1479,1.);
#1479 = DIRECTION('',(-0.,-0.,-1.));
#1480 = ORIENTED_EDGE('',*,*,#1481,.T.);
#1481 = EDGE_CURVE('',#1474,#1482,#1484,.T.);
#1482 = VERTEX_POINT('',#1483);
#1483 = CARTESIAN_POINT('',(-22.5,22.,-3.5));
#1484 = LINE('',#1485,#1486);
#1485 = CARTESIAN_POINT('',(21.5,22.,-3.5));
#1486 = VECTOR('',#1487,1.);
#1487 = DIRECTION('',(-1.,0.,0.));
#1488 = ORIENTED_EDGE('',*,*,#1489,.F.);
#1489 = EDGE_CURVE('',#1490,#1482,#1492,.T.);
#1490 = VERTEX_POINT('',#1491);
#1491 = CARTESIAN_POINT('',(-22.5,22.,7.5));
#1492 = LINE('',#1493,#1494);
#1493 = CARTESIAN_POINT('',(-22.5,22.,8.5));
#1494 = VECTOR('',#1495,1.);
#1495 = DIRECTION('',(-0.,-0.,-1.));
#1496 = ORIENTED_EDGE('',*,*,#1497,.T.);
#1497 = EDGE_CURVE('',#1490,#1498,#1500,.T.);
#1498 = VERTEX_POINT('',#1499);
#1499 = CARTESIAN_POINT('',(-35.,22.,7.5));
#1500 = LINE('',#1501,#1502);
#1501 = CARTESIAN_POINT('',(-21.5,22.,7.5));
#1502 = VECTOR('',#1503,1.);
#1503 = DIRECTION('',(-1.,0.,0.));
#1504 = ORIENTED_EDGE('',*,*,#1505,.F.);
#1505 = EDGE_CURVE('',#1079,#1498,#1506,.T.);
#1506 = LINE('',#1507,#1508);
#1507 = CARTESIAN_POINT('',(-35.,22.,-8.5));
#1508 = VECTOR('',#1509,1.);
#1509 = DIRECTION('',(0.,0.,1.));
#1510 = ORIENTED_EDGE('',*,*,#1086,.F.);
#1511 = PLANE('',#1512);
#1512 = AXIS2_PLACEMENT_3D('',#1513,#1514,#1515);
#1513 = CARTESIAN_POINT('',(47.,22.,-8.5));
#1514 = DIRECTION('',(0.,-1.,0.));
#1515 = DIRECTION('',(-1.,0.,0.));
#1516 = ADVANCED_FACE('',(#1517),#1528,.F.);
#1517 = FACE_BOUND('',#1518,.F.);
#1518 = EDGE_LOOP('',(#1519,#1525,#1526,#1527));
#1519 = ORIENTED_EDGE('',*,*,#1520,.T.);
#1520 = EDGE_CURVE('',#1012,#763,#1521,.T.);
#1521 = LINE('',#1522,#1523);
#1522 = CARTESIAN_POINT('',(47.,-10.,-8.5));
#1523 = VECTOR('',#1524,1.);
#1524 = DIRECTION('',(0.,0.,1.));
#1525 = ORIENTED_EDGE('',*,*,#770,.T.);
#1526 = ORIENTED_EDGE('',*,*,#929,.T.);
#1527 = ORIENTED_EDGE('',*,*,#1021,.F.);
#1528 = PLANE('',#1529);
#1529 = AXIS2_PLACEMENT_3D('',#1530,#1531,#1532);
#1530 = CARTESIAN_POINT('',(47.,-22.,-8.5));
#1531 = DIRECTION('',(-1.,0.,0.));
#1532 = DIRECTION('',(0.,1.,0.));
#1533 = ADVANCED_FACE('',(#1534,#1545),#1579,.T.);
#1534 = FACE_BOUND('',#1535,.T.);
#1535 = EDGE_LOOP('',(#1536,#1537,#1538,#1544));
#1536 = ORIENTED_EDGE('',*,*,#1520,.T.);
#1537 = ORIENTED_EDGE('',*,*,#811,.T.);
#1538 = ORIENTED_EDGE('',*,*,#1539,.F.);
#1539 = EDGE_CURVE('',#1055,#812,#1540,.T.);
#1540 = LINE('',#1541,#1542);
#1541 = CARTESIAN_POINT('',(35.,-22.,-8.5));
#1542 = VECTOR('',#1543,1.);
#1543 = DIRECTION('',(0.,0.,1.));
#1544 = ORIENTED_EDGE('',*,*,#1062,.F.);
#1545 = FACE_BOUND('',#1546,.T.);
#1546 = EDGE_LOOP('',(#1547,#1557,#1565,#1573));
#1547 = ORIENTED_EDGE('',*,*,#1548,.F.);
#1548 = EDGE_CURVE('',#1549,#1551,#1553,.T.);
#1549 = VERTEX_POINT('',#1550);
#1550 = CARTESIAN_POINT('',(38.25,-18.75,2.75));
#1551 = VERTEX_POINT('',#1552);
#1552 = CARTESIAN_POINT('',(38.25,-18.75,-2.75));
#1553 = LINE('',#1554,#1555);
#1554 = CARTESIAN_POINT('',(38.25,-18.75,-2.875));
#1555 = VECTOR('',#1556,1.);
#1556 = DIRECTION('',(0.,0.,-1.));
#1557 = ORIENTED_EDGE('',*,*,#1558,.F.);
#1558 = EDGE_CURVE('',#1559,#1549,#1561,.T.);
#1559 = VERTEX_POINT('',#1560);
#1560 = CARTESIAN_POINT('',(43.75,-13.25,2.75));
#1561 = LINE('',#1562,#1563);
#1562 = CARTESIAN_POINT('',(40.1875,-16.8125,2.75));
#1563 = VECTOR('',#1564,1.);
#1564 = DIRECTION('',(-0.707106781187,-0.707106781187,1.6E-16));
#1565 = ORIENTED_EDGE('',*,*,#1566,.F.);
#1566 = EDGE_CURVE('',#1567,#1559,#1569,.T.);
#1567 = VERTEX_POINT('',#1568);
#1568 = CARTESIAN_POINT('',(43.75,-13.25,-2.75));
#1569 = LINE('',#1570,#1571);
#1570 = CARTESIAN_POINT('',(43.75,-13.25,-5.625));
#1571 = VECTOR('',#1572,1.);
#1572 = DIRECTION('',(0.,0.,1.));
#1573 = ORIENTED_EDGE('',*,*,#1574,.F.);
#1574 = EDGE_CURVE('',#1551,#1567,#1575,.T.);
#1575 = LINE('',#1576,#1577);
#1576 = CARTESIAN_POINT('',(38.8125,-18.1875,-2.75));
#1577 = VECTOR('',#1578,1.);
#1578 = DIRECTION('',(0.707106781187,0.707106781187,-1.6E-16));
#1579 = PLANE('',#1580);
#1580 = AXIS2_PLACEMENT_3D('',#1581,#1582,#1583);
#1581 = CARTESIAN_POINT('',(41.,-16.,-8.5));
#1582 = DIRECTION('',(0.707106781187,-0.707106781187,0.));
#1583 = DIRECTION('',(0.,0.,1.));
#1584 = ADVANCED_FACE('',(#1585),#1595,.F.);
#1585 = FACE_BOUND('',#1586,.F.);
#1586 = EDGE_LOOP('',(#1587,#1588,#1589));
#1587 = ORIENTED_EDGE('',*,*,#843,.F.);
#1588 = ORIENTED_EDGE('',*,*,#891,.T.);
#1589 = ORIENTED_EDGE('',*,*,#1590,.F.);
#1590 = EDGE_CURVE('',#836,#892,#1591,.T.);
#1591 = LINE('',#1592,#1593);
#1592 = CARTESIAN_POINT('',(22.,21.5,7.5));
#1593 = VECTOR('',#1594,1.);
#1594 = DIRECTION('',(-0.707106781187,-0.707106781187,1.92E-15));
#1595 = PLANE('',#1596);
#1596 = AXIS2_PLACEMENT_3D('',#1597,#1598,#1599);
#1597 = CARTESIAN_POINT('',(22.5,21.,8.5));
#1598 = DIRECTION('',(0.57735026919,-0.57735026919,-0.57735026919));
#1599 = DIRECTION('',(-0.707106781187,-0.707106781187,1.915134717478E-15
    ));
#1600 = ADVANCED_FACE('',(#1601),#1644,.F.);
#1601 = FACE_BOUND('',#1602,.F.);
#1602 = EDGE_LOOP('',(#1603,#1611,#1619,#1627,#1635,#1641,#1642,#1643));
#1603 = ORIENTED_EDGE('',*,*,#1604,.T.);
#1604 = EDGE_CURVE('',#1101,#1605,#1607,.T.);
#1605 = VERTEX_POINT('',#1606);
#1606 = CARTESIAN_POINT('',(-35.,-22.,7.5));
#1607 = LINE('',#1608,#1609);
#1608 = CARTESIAN_POINT('',(-35.,-22.,-8.5));
#1609 = VECTOR('',#1610,1.);
#1610 = DIRECTION('',(0.,0.,1.));
#1611 = ORIENTED_EDGE('',*,*,#1612,.T.);
#1612 = EDGE_CURVE('',#1605,#1613,#1615,.T.);
#1613 = VERTEX_POINT('',#1614);
#1614 = CARTESIAN_POINT('',(-22.5,-22.,7.5));
#1615 = LINE('',#1616,#1617);
#1616 = CARTESIAN_POINT('',(-35.,-22.,7.5));
#1617 = VECTOR('',#1618,1.);
#1618 = DIRECTION('',(1.,0.,0.));
#1619 = ORIENTED_EDGE('',*,*,#1620,.T.);
#1620 = EDGE_CURVE('',#1613,#1621,#1623,.T.);
#1621 = VERTEX_POINT('',#1622);
#1622 = CARTESIAN_POINT('',(-22.5,-22.,-3.5));
#1623 = LINE('',#1624,#1625);
#1624 = CARTESIAN_POINT('',(-22.5,-22.,8.5));
#1625 = VECTOR('',#1626,1.);
#1626 = DIRECTION('',(-0.,-0.,-1.));
#1627 = ORIENTED_EDGE('',*,*,#1628,.T.);
#1628 = EDGE_CURVE('',#1621,#1629,#1631,.T.);
#1629 = VERTEX_POINT('',#1630);
#1630 = CARTESIAN_POINT('',(22.5,-22.,-3.5));
#1631 = LINE('',#1632,#1633);
#1632 = CARTESIAN_POINT('',(-21.5,-22.,-3.5));
#1633 = VECTOR('',#1634,1.);
#1634 = DIRECTION('',(1.,0.,0.));
#1635 = ORIENTED_EDGE('',*,*,#1636,.F.);
#1636 = EDGE_CURVE('',#859,#1629,#1637,.T.);
#1637 = LINE('',#1638,#1639);
#1638 = CARTESIAN_POINT('',(22.5,-22.,8.5));
#1639 = VECTOR('',#1640,1.);
#1640 = DIRECTION('',(-0.,-0.,-1.));
#1641 = ORIENTED_EDGE('',*,*,#858,.T.);
#1642 = ORIENTED_EDGE('',*,*,#1539,.F.);
#1643 = ORIENTED_EDGE('',*,*,#1110,.F.);
#1644 = PLANE('',#1645);
#1645 = AXIS2_PLACEMENT_3D('',#1646,#1647,#1648);
#1646 = CARTESIAN_POINT('',(-47.,-22.,-8.5));
#1647 = DIRECTION('',(0.,1.,0.));
#1648 = DIRECTION('',(1.,0.,0.));
#1649 = ADVANCED_FACE('',(#1650),#1660,.F.);
#1650 = FACE_BOUND('',#1651,.F.);
#1651 = EDGE_LOOP('',(#1652,#1658,#1659));
#1652 = ORIENTED_EDGE('',*,*,#1653,.F.);
#1653 = EDGE_CURVE('',#883,#859,#1654,.T.);
#1654 = LINE('',#1655,#1656);
#1655 = CARTESIAN_POINT('',(21.75,-21.25,7.5));
#1656 = VECTOR('',#1657,1.);
#1657 = DIRECTION('',(0.707106781187,-0.707106781187,-1.92E-15));
#1658 = ORIENTED_EDGE('',*,*,#882,.T.);
#1659 = ORIENTED_EDGE('',*,*,#868,.F.);
#1660 = PLANE('',#1661);
#1661 = AXIS2_PLACEMENT_3D('',#1662,#1663,#1664);
#1662 = CARTESIAN_POINT('',(21.5,-21.,7.5));
#1663 = DIRECTION('',(0.57735026919,0.57735026919,-0.57735026919));
#1664 = DIRECTION('',(0.,0.707106781187,0.707106781187));
#1665 = ADVANCED_FACE('',(#1666,#1700),#1703,.F.);
#1666 = FACE_BOUND('',#1667,.F.);
#1667 = EDGE_LOOP('',(#1668,#1678,#1686,#1694));
#1668 = ORIENTED_EDGE('',*,*,#1669,.F.);
#1669 = EDGE_CURVE('',#1670,#1672,#1674,.T.);
#1670 = VERTEX_POINT('',#1671);
#1671 = CARTESIAN_POINT('',(38.25,-11.5,2.75));
#1672 = VERTEX_POINT('',#1673);
#1673 = CARTESIAN_POINT('',(38.25,-11.5,-2.75));
#1674 = LINE('',#1675,#1676);
#1675 = CARTESIAN_POINT('',(38.25,-11.5,2.75));
#1676 = VECTOR('',#1677,1.);
#1677 = DIRECTION('',(0.,0.,-1.));
#1678 = ORIENTED_EDGE('',*,*,#1679,.F.);
#1679 = EDGE_CURVE('',#1680,#1670,#1682,.T.);
#1680 = VERTEX_POINT('',#1681);
#1681 = CARTESIAN_POINT('',(43.75,-11.5,2.75));
#1682 = LINE('',#1683,#1684);
#1683 = CARTESIAN_POINT('',(43.75,-11.5,2.75));
#1684 = VECTOR('',#1685,1.);
#1685 = DIRECTION('',(-1.,0.,0.));
#1686 = ORIENTED_EDGE('',*,*,#1687,.F.);
#1687 = EDGE_CURVE('',#1688,#1680,#1690,.T.);
#1688 = VERTEX_POINT('',#1689);
#1689 = CARTESIAN_POINT('',(43.75,-11.5,-2.75));
#1690 = LINE('',#1691,#1692);
#1691 = CARTESIAN_POINT('',(43.75,-11.5,-2.75));
#1692 = VECTOR('',#1693,1.);
#1693 = DIRECTION('',(0.,0.,1.));
#1694 = ORIENTED_EDGE('',*,*,#1695,.F.);
#1695 = EDGE_CURVE('',#1672,#1688,#1696,.T.);
#1696 = LINE('',#1697,#1698);
#1697 = CARTESIAN_POINT('',(38.25,-11.5,-2.75));
#1698 = VECTOR('',#1699,1.);
#1699 = DIRECTION('',(1.,0.,0.));
#1700 = FACE_BOUND('',#1701,.F.);
#1701 = EDGE_LOOP('',(#1702));
#1702 = ORIENTED_EDGE('',*,*,#963,.F.);
#1703 = PLANE('',#1704);
#1704 = AXIS2_PLACEMENT_3D('',#1705,#1706,#1707);
#1705 = CARTESIAN_POINT('',(0.,-11.5,6.68E-15));
#1706 = DIRECTION('',(0.,1.,0.));
#1707 = DIRECTION('',(0.,0.,1.));
#1708 = ADVANCED_FACE('',(#1709,#1727),#1738,.T.);
#1709 = FACE_BOUND('',#1710,.F.);
#1710 = EDGE_LOOP('',(#1711,#1712,#1720,#1726));
#1711 = ORIENTED_EDGE('',*,*,#1505,.T.);
#1712 = ORIENTED_EDGE('',*,*,#1713,.T.);
#1713 = EDGE_CURVE('',#1498,#1714,#1716,.T.);
#1714 = VERTEX_POINT('',#1715);
#1715 = CARTESIAN_POINT('',(-47.,10.,7.5));
#1716 = LINE('',#1717,#1718);
#1717 = CARTESIAN_POINT('',(-35.,22.,7.5));
#1718 = VECTOR('',#1719,1.);
#1719 = DIRECTION('',(-0.707106781187,-0.707106781187,0.));
#1720 = ORIENTED_EDGE('',*,*,#1721,.F.);
#1721 = EDGE_CURVE('',#1127,#1714,#1722,.T.);
#1722 = LINE('',#1723,#1724);
#1723 = CARTESIAN_POINT('',(-47.,10.,-8.5));
#1724 = VECTOR('',#1725,1.);
#1725 = DIRECTION('',(0.,0.,1.));
#1726 = ORIENTED_EDGE('',*,*,#1134,.F.);
#1727 = FACE_BOUND('',#1728,.F.);
#1728 = EDGE_LOOP('',(#1729));
#1729 = ORIENTED_EDGE('',*,*,#1730,.T.);
#1730 = EDGE_CURVE('',#1731,#1731,#1733,.T.);
#1731 = VERTEX_POINT('',#1732);
#1732 = CARTESIAN_POINT('',(-44.5,12.5,3.E-15));
#1733 = ELLIPSE('',#1734,4.949747468306,3.5);
#1734 = AXIS2_PLACEMENT_3D('',#1735,#1736,#1737);
#1735 = CARTESIAN_POINT('',(-41.,16.,1.73E-15));
#1736 = DIRECTION('',(-0.707106781187,0.707106781187,0.));
#1737 = DIRECTION('',(0.707106781187,0.707106781187,-3.1E-16));
#1738 = PLANE('',#1739);
#1739 = AXIS2_PLACEMENT_3D('',#1740,#1741,#1742);
#1740 = CARTESIAN_POINT('',(-41.,16.,-8.5));
#1741 = DIRECTION('',(-0.707106781187,0.707106781187,0.));
#1742 = DIRECTION('',(-0.,-0.,-1.));
#1743 = ADVANCED_FACE('',(#1744,#1762),#1796,.T.);
#1744 = FACE_BOUND('',#1745,.T.);
#1745 = EDGE_LOOP('',(#1746,#1747,#1755,#1761));
#1746 = ORIENTED_EDGE('',*,*,#1604,.T.);
#1747 = ORIENTED_EDGE('',*,*,#1748,.T.);
#1748 = EDGE_CURVE('',#1605,#1749,#1751,.T.);
#1749 = VERTEX_POINT('',#1750);
#1750 = CARTESIAN_POINT('',(-47.,-10.,7.5));
#1751 = LINE('',#1752,#1753);
#1752 = CARTESIAN_POINT('',(-35.,-22.,7.5));
#1753 = VECTOR('',#1754,1.);
#1754 = DIRECTION('',(-0.707106781187,0.707106781187,0.));
#1755 = ORIENTED_EDGE('',*,*,#1756,.F.);
#1756 = EDGE_CURVE('',#1151,#1749,#1757,.T.);
#1757 = LINE('',#1758,#1759);
#1758 = CARTESIAN_POINT('',(-47.,-10.,-8.5));
#1759 = VECTOR('',#1760,1.);
#1760 = DIRECTION('',(0.,0.,1.));
#1761 = ORIENTED_EDGE('',*,*,#1158,.F.);
#1762 = FACE_BOUND('',#1763,.T.);
#1763 = EDGE_LOOP('',(#1764,#1774,#1782,#1790));
#1764 = ORIENTED_EDGE('',*,*,#1765,.F.);
#1765 = EDGE_CURVE('',#1766,#1768,#1770,.T.);
#1766 = VERTEX_POINT('',#1767);
#1767 = CARTESIAN_POINT('',(-43.75,-13.25,2.75));
#1768 = VERTEX_POINT('',#1769);
#1769 = CARTESIAN_POINT('',(-43.75,-13.25,-2.75));
#1770 = LINE('',#1771,#1772);
#1771 = CARTESIAN_POINT('',(-43.75,-13.25,-2.875));
#1772 = VECTOR('',#1773,1.);
#1773 = DIRECTION('',(0.,0.,-1.));
#1774 = ORIENTED_EDGE('',*,*,#1775,.F.);
#1775 = EDGE_CURVE('',#1776,#1766,#1778,.T.);
#1776 = VERTEX_POINT('',#1777);
#1777 = CARTESIAN_POINT('',(-38.25,-18.75,2.75));
#1778 = LINE('',#1779,#1780);
#1779 = CARTESIAN_POINT('',(-38.8125,-18.1875,2.75));
#1780 = VECTOR('',#1781,1.);
#1781 = DIRECTION('',(-0.707106781187,0.707106781187,-1.6E-16));
#1782 = ORIENTED_EDGE('',*,*,#1783,.F.);
#1783 = EDGE_CURVE('',#1784,#1776,#1786,.T.);
#1784 = VERTEX_POINT('',#1785);
#1785 = CARTESIAN_POINT('',(-38.25,-18.75,-2.75));
#1786 = LINE('',#1787,#1788);
#1787 = CARTESIAN_POINT('',(-38.25,-18.75,-5.625));
#1788 = VECTOR('',#1789,1.);
#1789 = DIRECTION('',(0.,0.,1.));
#1790 = ORIENTED_EDGE('',*,*,#1791,.F.);
#1791 = EDGE_CURVE('',#1768,#1784,#1792,.T.);
#1792 = LINE('',#1793,#1794);
#1793 = CARTESIAN_POINT('',(-40.1875,-16.8125,-2.75));
#1794 = VECTOR('',#1795,1.);
#1795 = DIRECTION('',(0.707106781187,-0.707106781187,1.6E-16));
#1796 = PLANE('',#1797);
#1797 = AXIS2_PLACEMENT_3D('',#1798,#1799,#1800);
#1798 = CARTESIAN_POINT('',(-41.,-16.,-8.5));
#1799 = DIRECTION('',(-0.707106781187,-0.707106781187,0.));
#1800 = DIRECTION('',(0.,0.,1.));
#1801 = ADVANCED_FACE('',(#1802),#1820,.F.);
#1802 = FACE_BOUND('',#1803,.F.);
#1803 = EDGE_LOOP('',(#1804,#1805,#1813,#1819));
#1804 = ORIENTED_EDGE('',*,*,#1721,.T.);
#1805 = ORIENTED_EDGE('',*,*,#1806,.T.);
#1806 = EDGE_CURVE('',#1714,#1807,#1809,.T.);
#1807 = VERTEX_POINT('',#1808);
#1808 = CARTESIAN_POINT('',(-47.,2.5,7.5));
#1809 = LINE('',#1810,#1811);
#1810 = CARTESIAN_POINT('',(-47.,10.,7.5));
#1811 = VECTOR('',#1812,1.);
#1812 = DIRECTION('',(0.,-1.,0.));
#1813 = ORIENTED_EDGE('',*,*,#1814,.T.);
#1814 = EDGE_CURVE('',#1807,#1175,#1815,.T.);
#1815 = LINE('',#1816,#1817);
#1816 = CARTESIAN_POINT('',(-47.,2.5,8.5));
#1817 = VECTOR('',#1818,1.);
#1818 = DIRECTION('',(-0.,-0.,-1.));
#1819 = ORIENTED_EDGE('',*,*,#1182,.F.);
#1820 = PLANE('',#1821);
#1821 = AXIS2_PLACEMENT_3D('',#1822,#1823,#1824);
#1822 = CARTESIAN_POINT('',(-47.,22.,-8.5));
#1823 = DIRECTION('',(1.,0.,0.));
#1824 = DIRECTION('',(0.,-1.,0.));
#1825 = ADVANCED_FACE('',(#1826),#1836,.F.);
#1826 = FACE_BOUND('',#1827,.F.);
#1827 = EDGE_LOOP('',(#1828,#1834,#1835));
#1828 = ORIENTED_EDGE('',*,*,#1829,.F.);
#1829 = EDGE_CURVE('',#1231,#1175,#1830,.T.);
#1830 = LINE('',#1831,#1832);
#1831 = CARTESIAN_POINT('',(-46.25,1.75,-7.5));
#1832 = VECTOR('',#1833,1.);
#1833 = DIRECTION('',(-0.707106781187,0.707106781187,4.13E-15));
#1834 = ORIENTED_EDGE('',*,*,#1230,.T.);
#1835 = ORIENTED_EDGE('',*,*,#1174,.F.);
#1836 = PLANE('',#1837);
#1837 = AXIS2_PLACEMENT_3D('',#1838,#1839,#1840);
#1838 = CARTESIAN_POINT('',(-46.,1.5,-7.5));
#1839 = DIRECTION('',(0.57735026919,0.57735026919,0.57735026919));
#1840 = DIRECTION('',(0.707106781187,-3.219646771413E-15,-0.707106781187
    ));
#1841 = ADVANCED_FACE('',(#1842),#1852,.T.);
#1842 = FACE_BOUND('',#1843,.T.);
#1843 = EDGE_LOOP('',(#1844,#1850,#1851));
#1844 = ORIENTED_EDGE('',*,*,#1845,.F.);
#1845 = EDGE_CURVE('',#1253,#1199,#1846,.T.);
#1846 = LINE('',#1847,#1848);
#1847 = CARTESIAN_POINT('',(-46.25,-1.75,-7.5));
#1848 = VECTOR('',#1849,1.);
#1849 = DIRECTION('',(-0.707106781187,-0.707106781187,3.65E-15));
#1850 = ORIENTED_EDGE('',*,*,#1252,.T.);
#1851 = ORIENTED_EDGE('',*,*,#1206,.F.);
#1852 = PLANE('',#1853);
#1853 = AXIS2_PLACEMENT_3D('',#1854,#1855,#1856);
#1854 = CARTESIAN_POINT('',(-46.,-1.5,-7.5));
#1855 = DIRECTION('',(-0.57735026919,0.57735026919,-0.57735026919));
#1856 = DIRECTION('',(0.707106781187,2.192690473635E-15,-0.707106781187)
  );
#1857 = ADVANCED_FACE('',(#1858),#1876,.F.);
#1858 = FACE_BOUND('',#1859,.F.);
#1859 = EDGE_LOOP('',(#1860,#1861,#1862,#1870));
#1860 = ORIENTED_EDGE('',*,*,#1756,.F.);
#1861 = ORIENTED_EDGE('',*,*,#1198,.F.);
#1862 = ORIENTED_EDGE('',*,*,#1863,.F.);
#1863 = EDGE_CURVE('',#1864,#1199,#1866,.T.);
#1864 = VERTEX_POINT('',#1865);
#1865 = CARTESIAN_POINT('',(-47.,-2.5,7.5));
#1866 = LINE('',#1867,#1868);
#1867 = CARTESIAN_POINT('',(-47.,-2.5,8.5));
#1868 = VECTOR('',#1869,1.);
#1869 = DIRECTION('',(-0.,-0.,-1.));
#1870 = ORIENTED_EDGE('',*,*,#1871,.T.);
#1871 = EDGE_CURVE('',#1864,#1749,#1872,.T.);
#1872 = LINE('',#1873,#1874);
#1873 = CARTESIAN_POINT('',(-47.,-1.5,7.5));
#1874 = VECTOR('',#1875,1.);
#1875 = DIRECTION('',(0.,-1.,0.));
#1876 = PLANE('',#1877);
#1877 = AXIS2_PLACEMENT_3D('',#1878,#1879,#1880);
#1878 = CARTESIAN_POINT('',(-47.,22.,-8.5));
#1879 = DIRECTION('',(1.,0.,0.));
#1880 = DIRECTION('',(0.,-1.,0.));
#1881 = ADVANCED_FACE('',(#1882,#1900),#1911,.F.);
#1882 = FACE_BOUND('',#1883,.F.);
#1883 = EDGE_LOOP('',(#1884,#1885,#1886,#1894));
#1884 = ORIENTED_EDGE('',*,*,#1284,.F.);
#1885 = ORIENTED_EDGE('',*,*,#1238,.T.);
#1886 = ORIENTED_EDGE('',*,*,#1887,.F.);
#1887 = EDGE_CURVE('',#1888,#1231,#1890,.T.);
#1888 = VERTEX_POINT('',#1889);
#1889 = CARTESIAN_POINT('',(-46.,1.5,7.5));
#1890 = LINE('',#1891,#1892);
#1891 = CARTESIAN_POINT('',(-46.,1.5,8.5));
#1892 = VECTOR('',#1893,1.);
#1893 = DIRECTION('',(-0.,-0.,-1.));
#1894 = ORIENTED_EDGE('',*,*,#1895,.F.);
#1895 = EDGE_CURVE('',#1285,#1888,#1896,.T.);
#1896 = LINE('',#1897,#1898);
#1897 = CARTESIAN_POINT('',(-35.31575680566,1.5,7.5));
#1898 = VECTOR('',#1899,1.);
#1899 = DIRECTION('',(-1.,0.,0.));
#1900 = FACE_BOUND('',#1901,.F.);
#1901 = EDGE_LOOP('',(#1902));
#1902 = ORIENTED_EDGE('',*,*,#1903,.F.);
#1903 = EDGE_CURVE('',#1904,#1904,#1906,.T.);
#1904 = VERTEX_POINT('',#1905);
#1905 = CARTESIAN_POINT('',(-42.5,1.5,4.E-15));
#1906 = CIRCLE('',#1907,1.5);
#1907 = AXIS2_PLACEMENT_3D('',#1908,#1909,#1910);
#1908 = CARTESIAN_POINT('',(-41.,1.5,4.15E-15));
#1909 = DIRECTION('',(0.,1.,-2.2E-16));
#1910 = DIRECTION('',(-1.,0.,0.));
#1911 = PLANE('',#1912);
#1912 = AXIS2_PLACEMENT_3D('',#1913,#1914,#1915);
#1913 = CARTESIAN_POINT('',(-27.7380191388,1.5,8.5));
#1914 = DIRECTION('',(0.,1.,0.));
#1915 = DIRECTION('',(-1.,0.,0.));
#1916 = ADVANCED_FACE('',(#1917,#1935),#1946,.F.);
#1917 = FACE_BOUND('',#1918,.F.);
#1918 = EDGE_LOOP('',(#1919,#1920,#1928,#1934));
#1919 = ORIENTED_EDGE('',*,*,#1328,.T.);
#1920 = ORIENTED_EDGE('',*,*,#1921,.F.);
#1921 = EDGE_CURVE('',#1922,#1320,#1924,.T.);
#1922 = VERTEX_POINT('',#1923);
#1923 = CARTESIAN_POINT('',(-46.,-1.5,7.5));
#1924 = LINE('',#1925,#1926);
#1925 = CARTESIAN_POINT('',(-47.,-1.5,7.5));
#1926 = VECTOR('',#1927,1.);
#1927 = DIRECTION('',(1.,0.,0.));
#1928 = ORIENTED_EDGE('',*,*,#1929,.T.);
#1929 = EDGE_CURVE('',#1922,#1253,#1930,.T.);
#1930 = LINE('',#1931,#1932);
#1931 = CARTESIAN_POINT('',(-46.,-1.5,8.5));
#1932 = VECTOR('',#1933,1.);
#1933 = DIRECTION('',(-0.,-0.,-1.));
#1934 = ORIENTED_EDGE('',*,*,#1270,.T.);
#1935 = FACE_BOUND('',#1936,.F.);
#1936 = EDGE_LOOP('',(#1937));
#1937 = ORIENTED_EDGE('',*,*,#1938,.T.);
#1938 = EDGE_CURVE('',#1939,#1939,#1941,.T.);
#1939 = VERTEX_POINT('',#1940);
#1940 = CARTESIAN_POINT('',(-42.5,-1.5,5.E-15));
#1941 = CIRCLE('',#1942,1.5);
#1942 = AXIS2_PLACEMENT_3D('',#1943,#1944,#1945);
#1943 = CARTESIAN_POINT('',(-41.,-1.5,4.82E-15));
#1944 = DIRECTION('',(0.,1.,-2.2E-16));
#1945 = DIRECTION('',(-1.,0.,0.));
#1946 = PLANE('',#1947);
#1947 = AXIS2_PLACEMENT_3D('',#1948,#1949,#1950);
#1948 = CARTESIAN_POINT('',(-47.,-1.5,8.5));
#1949 = DIRECTION('',(0.,-1.,0.));
#1950 = DIRECTION('',(1.,0.,0.));
#1951 = ADVANCED_FACE('',(#1952),#1970,.F.);
#1952 = FACE_BOUND('',#1953,.F.);
#1953 = EDGE_LOOP('',(#1954,#1955,#1956,#1964));
#1954 = ORIENTED_EDGE('',*,*,#1292,.F.);
#1955 = ORIENTED_EDGE('',*,*,#1895,.T.);
#1956 = ORIENTED_EDGE('',*,*,#1957,.F.);
#1957 = EDGE_CURVE('',#1958,#1888,#1960,.T.);
#1958 = VERTEX_POINT('',#1959);
#1959 = CARTESIAN_POINT('',(-46.,2.5,8.5));
#1960 = LINE('',#1961,#1962);
#1961 = CARTESIAN_POINT('',(-46.,2.25,8.25));
#1962 = VECTOR('',#1963,1.);
#1963 = DIRECTION('',(2.9E-16,-0.707106781187,-0.707106781187));
#1964 = ORIENTED_EDGE('',*,*,#1965,.F.);
#1965 = EDGE_CURVE('',#1293,#1958,#1966,.T.);
#1966 = LINE('',#1967,#1968);
#1967 = CARTESIAN_POINT('',(-35.31575680566,2.5,8.5));
#1968 = VECTOR('',#1969,1.);
#1969 = DIRECTION('',(-1.,0.,0.));
#1970 = PLANE('',#1971);
#1971 = AXIS2_PLACEMENT_3D('',#1972,#1973,#1974);
#1972 = CARTESIAN_POINT('',(-35.31575680566,2.,8.));
#1973 = DIRECTION('',(0.,0.707106781187,-0.707106781187));
#1974 = DIRECTION('',(-1.,0.,0.));
#1975 = ADVANCED_FACE('',(#1976),#2043,.T.);
#1976 = FACE_BOUND('',#1977,.T.);
#1977 = EDGE_LOOP('',(#1978,#1979,#1987,#1995,#2003,#2011,#2019,#2027,
    #2035,#2041,#2042));
#1978 = ORIENTED_EDGE('',*,*,#1310,.F.);
#1979 = ORIENTED_EDGE('',*,*,#1980,.F.);
#1980 = EDGE_CURVE('',#1981,#1311,#1983,.T.);
#1981 = VERTEX_POINT('',#1982);
#1982 = CARTESIAN_POINT('',(-46.,-2.5,8.5));
#1983 = LINE('',#1984,#1985);
#1984 = CARTESIAN_POINT('',(-47.,-2.5,8.5));
#1985 = VECTOR('',#1986,1.);
#1986 = DIRECTION('',(1.,0.,0.));
#1987 = ORIENTED_EDGE('',*,*,#1988,.T.);
#1988 = EDGE_CURVE('',#1981,#1989,#1991,.T.);
#1989 = VERTEX_POINT('',#1990);
#1990 = CARTESIAN_POINT('',(-46.,-9.585786437627,8.5));
#1991 = LINE('',#1992,#1993);
#1992 = CARTESIAN_POINT('',(-46.,-1.5,8.5));
#1993 = VECTOR('',#1994,1.);
#1994 = DIRECTION('',(0.,-1.,0.));
#1995 = ORIENTED_EDGE('',*,*,#1996,.F.);
#1996 = EDGE_CURVE('',#1997,#1989,#1999,.T.);
#1997 = VERTEX_POINT('',#1998);
#1998 = CARTESIAN_POINT('',(-34.58578643762,-21.,8.5));
#1999 = LINE('',#2000,#2001);
#2000 = CARTESIAN_POINT('',(-34.29289321881,-21.29289321881,8.5));
#2001 = VECTOR('',#2002,1.);
#2002 = DIRECTION('',(-0.707106781187,0.707106781187,0.));
#2003 = ORIENTED_EDGE('',*,*,#2004,.T.);
#2004 = EDGE_CURVE('',#1997,#2005,#2007,.T.);
#2005 = VERTEX_POINT('',#2006);
#2006 = CARTESIAN_POINT('',(-22.5,-21.,8.5));
#2007 = LINE('',#2008,#2009);
#2008 = CARTESIAN_POINT('',(-35.,-21.,8.5));
#2009 = VECTOR('',#2010,1.);
#2010 = DIRECTION('',(1.,0.,0.));
#2011 = ORIENTED_EDGE('',*,*,#2012,.F.);
#2012 = EDGE_CURVE('',#2013,#2005,#2015,.T.);
#2013 = VERTEX_POINT('',#2014);
#2014 = CARTESIAN_POINT('',(-22.5,21.,8.5));
#2015 = LINE('',#2016,#2017);
#2016 = CARTESIAN_POINT('',(-22.5,22.,8.5));
#2017 = VECTOR('',#2018,1.);
#2018 = DIRECTION('',(0.,-1.,0.));
#2019 = ORIENTED_EDGE('',*,*,#2020,.T.);
#2020 = EDGE_CURVE('',#2013,#2021,#2023,.T.);
#2021 = VERTEX_POINT('',#2022);
#2022 = CARTESIAN_POINT('',(-34.58578643762,21.,8.5));
#2023 = LINE('',#2024,#2025);
#2024 = CARTESIAN_POINT('',(-21.5,21.,8.5));
#2025 = VECTOR('',#2026,1.);
#2026 = DIRECTION('',(-1.,0.,0.));
#2027 = ORIENTED_EDGE('',*,*,#2028,.T.);
#2028 = EDGE_CURVE('',#2021,#2029,#2031,.T.);
#2029 = VERTEX_POINT('',#2030);
#2030 = CARTESIAN_POINT('',(-46.,9.585786437627,8.5));
#2031 = LINE('',#2032,#2033);
#2032 = CARTESIAN_POINT('',(-34.29289321881,21.292893218813,8.5));
#2033 = VECTOR('',#2034,1.);
#2034 = DIRECTION('',(-0.707106781187,-0.707106781187,0.));
#2035 = ORIENTED_EDGE('',*,*,#2036,.T.);
#2036 = EDGE_CURVE('',#2029,#1958,#2037,.T.);
#2037 = LINE('',#2038,#2039);
#2038 = CARTESIAN_POINT('',(-46.,10.,8.5));
#2039 = VECTOR('',#2040,1.);
#2040 = DIRECTION('',(0.,-1.,0.));
#2041 = ORIENTED_EDGE('',*,*,#1965,.F.);
#2042 = ORIENTED_EDGE('',*,*,#1301,.F.);
#2043 = PLANE('',#2044);
#2044 = AXIS2_PLACEMENT_3D('',#2045,#2046,#2047);
#2045 = CARTESIAN_POINT('',(0.,0.,8.5));
#2046 = DIRECTION('',(0.,0.,1.));
#2047 = DIRECTION('',(1.,0.,0.));
#2048 = ADVANCED_FACE('',(#2049),#2060,.F.);
#2049 = FACE_BOUND('',#2050,.F.);
#2050 = EDGE_LOOP('',(#2051,#2057,#2058,#2059));
#2051 = ORIENTED_EDGE('',*,*,#2052,.F.);
#2052 = EDGE_CURVE('',#1922,#1981,#2053,.T.);
#2053 = LINE('',#2054,#2055);
#2054 = CARTESIAN_POINT('',(-46.,-1.75,7.75));
#2055 = VECTOR('',#2056,1.);
#2056 = DIRECTION('',(2.9E-16,-0.707106781187,0.707106781187));
#2057 = ORIENTED_EDGE('',*,*,#1921,.T.);
#2058 = ORIENTED_EDGE('',*,*,#1319,.T.);
#2059 = ORIENTED_EDGE('',*,*,#1980,.F.);
#2060 = PLANE('',#2061);
#2061 = AXIS2_PLACEMENT_3D('',#2062,#2063,#2064);
#2062 = CARTESIAN_POINT('',(-47.,-2.,8.));
#2063 = DIRECTION('',(0.,-0.707106781187,-0.707106781187));
#2064 = DIRECTION('',(1.,0.,0.));
#2065 = ADVANCED_FACE('',(#2066),#2085,.F.);
#2066 = FACE_BOUND('',#2067,.F.);
#2067 = EDGE_LOOP('',(#2068,#2076,#2083,#2084));
#2068 = ORIENTED_EDGE('',*,*,#2069,.F.);
#2069 = EDGE_CURVE('',#2070,#1347,#2072,.T.);
#2070 = VERTEX_POINT('',#2071);
#2071 = CARTESIAN_POINT('',(11.5,0.,-3.5));
#2072 = LINE('',#2073,#2074);
#2073 = CARTESIAN_POINT('',(11.5,0.,-2.5));
#2074 = VECTOR('',#2075,1.);
#2075 = DIRECTION('',(-0.,-0.,-1.));
#2076 = ORIENTED_EDGE('',*,*,#2077,.F.);
#2077 = EDGE_CURVE('',#2070,#2070,#2078,.T.);
#2078 = CIRCLE('',#2079,11.5);
#2079 = AXIS2_PLACEMENT_3D('',#2080,#2081,#2082);
#2080 = CARTESIAN_POINT('',(0.,0.,-3.5));
#2081 = DIRECTION('',(0.,0.,1.));
#2082 = DIRECTION('',(1.,0.,0.));
#2083 = ORIENTED_EDGE('',*,*,#2069,.T.);
#2084 = ORIENTED_EDGE('',*,*,#1356,.T.);
#2085 = CYLINDRICAL_SURFACE('',#2086,11.5);
#2086 = AXIS2_PLACEMENT_3D('',#2087,#2088,#2089);
#2087 = CARTESIAN_POINT('',(0.,0.,-2.5));
#2088 = DIRECTION('',(0.,0.,1.));
#2089 = DIRECTION('',(1.,0.,0.));
#2090 = ADVANCED_FACE('',(#2091,#2125,#2128,#2131,#2134,#2145),#2148,.T.
  );
#2091 = FACE_BOUND('',#2092,.T.);
#2092 = EDGE_LOOP('',(#2093,#2103,#2111,#2119));
#2093 = ORIENTED_EDGE('',*,*,#2094,.F.);
#2094 = EDGE_CURVE('',#2095,#2097,#2099,.T.);
#2095 = VERTEX_POINT('',#2096);
#2096 = CARTESIAN_POINT('',(21.5,-21.5,-3.));
#2097 = VERTEX_POINT('',#2098);
#2098 = CARTESIAN_POINT('',(-21.5,-21.5,-3.));
#2099 = LINE('',#2100,#2101);
#2100 = CARTESIAN_POINT('',(-10.75,-21.5,-3.));
#2101 = VECTOR('',#2102,1.);
#2102 = DIRECTION('',(-1.,0.,0.));
#2103 = ORIENTED_EDGE('',*,*,#2104,.T.);
#2104 = EDGE_CURVE('',#2095,#2105,#2107,.T.);
#2105 = VERTEX_POINT('',#2106);
#2106 = CARTESIAN_POINT('',(21.5,21.5,-3.));
#2107 = LINE('',#2108,#2109);
#2108 = CARTESIAN_POINT('',(21.5,-22.,-3.));
#2109 = VECTOR('',#2110,1.);
#2110 = DIRECTION('',(0.,1.,0.));
#2111 = ORIENTED_EDGE('',*,*,#2112,.F.);
#2112 = EDGE_CURVE('',#2113,#2105,#2115,.T.);
#2113 = VERTEX_POINT('',#2114);
#2114 = CARTESIAN_POINT('',(-21.5,21.5,-3.));
#2115 = LINE('',#2116,#2117);
#2116 = CARTESIAN_POINT('',(10.75,21.5,-3.));
#2117 = VECTOR('',#2118,1.);
#2118 = DIRECTION('',(1.,0.,0.));
#2119 = ORIENTED_EDGE('',*,*,#2120,.T.);
#2120 = EDGE_CURVE('',#2113,#2097,#2121,.T.);
#2121 = LINE('',#2122,#2123);
#2122 = CARTESIAN_POINT('',(-21.5,22.,-3.));
#2123 = VECTOR('',#2124,1.);
#2124 = DIRECTION('',(0.,-1.,0.));
#2125 = FACE_BOUND('',#2126,.T.);
#2126 = EDGE_LOOP('',(#2127));
#2127 = ORIENTED_EDGE('',*,*,#1371,.F.);
#2128 = FACE_BOUND('',#2129,.T.);
#2129 = EDGE_LOOP('',(#2130));
#2130 = ORIENTED_EDGE('',*,*,#1396,.F.);
#2131 = FACE_BOUND('',#2132,.T.);
#2132 = EDGE_LOOP('',(#2133));
#2133 = ORIENTED_EDGE('',*,*,#1421,.F.);
#2134 = FACE_BOUND('',#2135,.T.);
#2135 = EDGE_LOOP('',(#2136));
#2136 = ORIENTED_EDGE('',*,*,#2137,.F.);
#2137 = EDGE_CURVE('',#2138,#2138,#2140,.T.);
#2138 = VERTEX_POINT('',#2139);
#2139 = CARTESIAN_POINT('',(12.5,0.,-3.));
#2140 = CIRCLE('',#2141,12.5);
#2141 = AXIS2_PLACEMENT_3D('',#2142,#2143,#2144);
#2142 = CARTESIAN_POINT('',(0.,0.,-3.));
#2143 = DIRECTION('',(0.,0.,1.));
#2144 = DIRECTION('',(1.,0.,0.));
#2145 = FACE_BOUND('',#2146,.T.);
#2146 = EDGE_LOOP('',(#2147));
#2147 = ORIENTED_EDGE('',*,*,#1446,.F.);
#2148 = PLANE('',#2149);
#2149 = AXIS2_PLACEMENT_3D('',#2150,#2151,#2152);
#2150 = CARTESIAN_POINT('',(0.,-5.E-17,-3.));
#2151 = DIRECTION('',(0.,0.,1.));
#2152 = DIRECTION('',(1.,0.,0.));
#2153 = ADVANCED_FACE('',(#2154),#2172,.T.);
#2154 = FACE_BOUND('',#2155,.T.);
#2155 = EDGE_LOOP('',(#2156,#2157,#2165,#2171));
#2156 = ORIENTED_EDGE('',*,*,#1473,.T.);
#2157 = ORIENTED_EDGE('',*,*,#2158,.T.);
#2158 = EDGE_CURVE('',#1474,#2159,#2161,.T.);
#2159 = VERTEX_POINT('',#2160);
#2160 = CARTESIAN_POINT('',(21.5,21.,-2.5));
#2161 = LINE('',#2162,#2163);
#2162 = CARTESIAN_POINT('',(20.,19.5,-1.));
#2163 = VECTOR('',#2164,1.);
#2164 = DIRECTION('',(-0.57735026919,-0.57735026919,0.57735026919));
#2165 = ORIENTED_EDGE('',*,*,#2166,.F.);
#2166 = EDGE_CURVE('',#892,#2159,#2167,.T.);
#2167 = LINE('',#2168,#2169);
#2168 = CARTESIAN_POINT('',(21.5,21.,8.5));
#2169 = VECTOR('',#2170,1.);
#2170 = DIRECTION('',(-0.,-0.,-1.));
#2171 = ORIENTED_EDGE('',*,*,#1590,.F.);
#2172 = PLANE('',#2173);
#2173 = AXIS2_PLACEMENT_3D('',#2174,#2175,#2176);
#2174 = CARTESIAN_POINT('',(22.,21.5,8.5));
#2175 = DIRECTION('',(-0.707106781187,0.707106781187,0.));
#2176 = DIRECTION('',(0.,0.,-1.));
#2177 = ADVANCED_FACE('',(#2178),#2194,.F.);
#2178 = FACE_BOUND('',#2179,.T.);
#2179 = EDGE_LOOP('',(#2180,#2186,#2187,#2193));
#2180 = ORIENTED_EDGE('',*,*,#2181,.T.);
#2181 = EDGE_CURVE('',#2013,#1490,#2182,.T.);
#2182 = LINE('',#2183,#2184);
#2183 = CARTESIAN_POINT('',(-22.5,21.25,8.25));
#2184 = VECTOR('',#2185,1.);
#2185 = DIRECTION('',(0.,0.707106781187,-0.707106781187));
#2186 = ORIENTED_EDGE('',*,*,#1497,.T.);
#2187 = ORIENTED_EDGE('',*,*,#2188,.T.);
#2188 = EDGE_CURVE('',#1498,#2021,#2189,.T.);
#2189 = LINE('',#2190,#2191);
#2190 = CARTESIAN_POINT('',(-34.27594855864,20.251985190423,
    9.248014809577));
#2191 = VECTOR('',#2192,1.);
#2192 = DIRECTION('',(0.281084637715,-0.678598344546,0.678598344546));
#2193 = ORIENTED_EDGE('',*,*,#2020,.F.);
#2194 = PLANE('',#2195);
#2195 = AXIS2_PLACEMENT_3D('',#2196,#2197,#2198);
#2196 = CARTESIAN_POINT('',(-21.5,21.5,8.));
#2197 = DIRECTION('',(0.,-0.707106781187,-0.707106781187));
#2198 = DIRECTION('',(1.,0.,0.));
#2199 = ADVANCED_FACE('',(#2200),#2225,.F.);
#2200 = FACE_BOUND('',#2201,.T.);
#2201 = EDGE_LOOP('',(#2202,#2203,#2204,#2212,#2218,#2219));
#2202 = ORIENTED_EDGE('',*,*,#2158,.F.);
#2203 = ORIENTED_EDGE('',*,*,#1481,.T.);
#2204 = ORIENTED_EDGE('',*,*,#2205,.T.);
#2205 = EDGE_CURVE('',#1482,#2206,#2208,.T.);
#2206 = VERTEX_POINT('',#2207);
#2207 = CARTESIAN_POINT('',(-21.5,21.,-2.5));
#2208 = LINE('',#2209,#2210);
#2209 = CARTESIAN_POINT('',(-12.83333333333,12.333333333333,
    6.166666666667));
#2210 = VECTOR('',#2211,1.);
#2211 = DIRECTION('',(0.57735026919,-0.57735026919,0.57735026919));
#2212 = ORIENTED_EDGE('',*,*,#2213,.F.);
#2213 = EDGE_CURVE('',#2113,#2206,#2214,.T.);
#2214 = LINE('',#2215,#2216);
#2215 = CARTESIAN_POINT('',(-21.5,21.5,-3.));
#2216 = VECTOR('',#2217,1.);
#2217 = DIRECTION('',(0.,-0.707106781187,0.707106781187));
#2218 = ORIENTED_EDGE('',*,*,#2112,.T.);
#2219 = ORIENTED_EDGE('',*,*,#2220,.F.);
#2220 = EDGE_CURVE('',#2159,#2105,#2221,.T.);
#2221 = LINE('',#2222,#2223);
#2222 = CARTESIAN_POINT('',(21.5,10.5,8.));
#2223 = VECTOR('',#2224,1.);
#2224 = DIRECTION('',(0.,0.707106781187,-0.707106781187));
#2225 = PLANE('',#2226);
#2226 = AXIS2_PLACEMENT_3D('',#2227,#2228,#2229);
#2227 = CARTESIAN_POINT('',(21.5,21.5,-3.));
#2228 = DIRECTION('',(0.,-0.707106781187,-0.707106781187));
#2229 = DIRECTION('',(1.,0.,0.));
#2230 = ADVANCED_FACE('',(#2231),#2249,.T.);
#2231 = FACE_BOUND('',#2232,.F.);
#2232 = EDGE_LOOP('',(#2233,#2234,#2235,#2243));
#2233 = ORIENTED_EDGE('',*,*,#1489,.T.);
#2234 = ORIENTED_EDGE('',*,*,#2205,.T.);
#2235 = ORIENTED_EDGE('',*,*,#2236,.F.);
#2236 = EDGE_CURVE('',#2237,#2206,#2239,.T.);
#2237 = VERTEX_POINT('',#2238);
#2238 = CARTESIAN_POINT('',(-21.5,21.,7.5));
#2239 = LINE('',#2240,#2241);
#2240 = CARTESIAN_POINT('',(-21.5,21.,8.5));
#2241 = VECTOR('',#2242,1.);
#2242 = DIRECTION('',(-0.,-0.,-1.));
#2243 = ORIENTED_EDGE('',*,*,#2244,.F.);
#2244 = EDGE_CURVE('',#1490,#2237,#2245,.T.);
#2245 = LINE('',#2246,#2247);
#2246 = CARTESIAN_POINT('',(-22.,21.5,7.5));
#2247 = VECTOR('',#2248,1.);
#2248 = DIRECTION('',(0.707106781187,-0.707106781187,1.92E-15));
#2249 = PLANE('',#2250);
#2250 = AXIS2_PLACEMENT_3D('',#2251,#2252,#2253);
#2251 = CARTESIAN_POINT('',(-22.,21.5,8.5));
#2252 = DIRECTION('',(0.707106781187,0.707106781187,0.));
#2253 = DIRECTION('',(0.,0.,1.));
#2254 = ADVANCED_FACE('',(#2255),#2271,.F.);
#2255 = FACE_BOUND('',#2256,.F.);
#2256 = EDGE_LOOP('',(#2257,#2258,#2264,#2265));
#2257 = ORIENTED_EDGE('',*,*,#1548,.F.);
#2258 = ORIENTED_EDGE('',*,*,#2259,.T.);
#2259 = EDGE_CURVE('',#1549,#1670,#2260,.T.);
#2260 = LINE('',#2261,#2262);
#2261 = CARTESIAN_POINT('',(38.25,-22.,2.75));
#2262 = VECTOR('',#2263,1.);
#2263 = DIRECTION('',(0.,1.,-2.2E-16));
#2264 = ORIENTED_EDGE('',*,*,#1669,.T.);
#2265 = ORIENTED_EDGE('',*,*,#2266,.F.);
#2266 = EDGE_CURVE('',#1551,#1672,#2267,.T.);
#2267 = LINE('',#2268,#2269);
#2268 = CARTESIAN_POINT('',(38.25,-22.,-2.75));
#2269 = VECTOR('',#2270,1.);
#2270 = DIRECTION('',(0.,1.,-2.2E-16));
#2271 = PLANE('',#2272);
#2272 = AXIS2_PLACEMENT_3D('',#2273,#2274,#2275);
#2273 = CARTESIAN_POINT('',(38.25,-22.,2.75));
#2274 = DIRECTION('',(-1.,0.,0.));
#2275 = DIRECTION('',(-0.,-2.2E-16,-1.));
#2276 = ADVANCED_FACE('',(#2277),#2288,.F.);
#2277 = FACE_BOUND('',#2278,.F.);
#2278 = EDGE_LOOP('',(#2279,#2280,#2281,#2282));
#2279 = ORIENTED_EDGE('',*,*,#1574,.F.);
#2280 = ORIENTED_EDGE('',*,*,#2266,.T.);
#2281 = ORIENTED_EDGE('',*,*,#1695,.T.);
#2282 = ORIENTED_EDGE('',*,*,#2283,.F.);
#2283 = EDGE_CURVE('',#1567,#1688,#2284,.T.);
#2284 = LINE('',#2285,#2286);
#2285 = CARTESIAN_POINT('',(43.75,-22.,-2.75));
#2286 = VECTOR('',#2287,1.);
#2287 = DIRECTION('',(0.,1.,-2.2E-16));
#2288 = PLANE('',#2289);
#2289 = AXIS2_PLACEMENT_3D('',#2290,#2291,#2292);
#2290 = CARTESIAN_POINT('',(38.25,-22.,-2.75));
#2291 = DIRECTION('',(0.,-2.2E-16,-1.));
#2292 = DIRECTION('',(1.,0.,0.));
#2293 = ADVANCED_FACE('',(#2294),#2305,.F.);
#2294 = FACE_BOUND('',#2295,.F.);
#2295 = EDGE_LOOP('',(#2296,#2297,#2298,#2299));
#2296 = ORIENTED_EDGE('',*,*,#1566,.F.);
#2297 = ORIENTED_EDGE('',*,*,#2283,.T.);
#2298 = ORIENTED_EDGE('',*,*,#1687,.T.);
#2299 = ORIENTED_EDGE('',*,*,#2300,.F.);
#2300 = EDGE_CURVE('',#1559,#1680,#2301,.T.);
#2301 = LINE('',#2302,#2303);
#2302 = CARTESIAN_POINT('',(43.75,-22.,2.75));
#2303 = VECTOR('',#2304,1.);
#2304 = DIRECTION('',(0.,1.,-2.2E-16));
#2305 = PLANE('',#2306);
#2306 = AXIS2_PLACEMENT_3D('',#2307,#2308,#2309);
#2307 = CARTESIAN_POINT('',(43.75,-22.,-2.75));
#2308 = DIRECTION('',(1.,0.,0.));
#2309 = DIRECTION('',(0.,2.2E-16,1.));
#2310 = ADVANCED_FACE('',(#2311),#2317,.F.);
#2311 = FACE_BOUND('',#2312,.F.);
#2312 = EDGE_LOOP('',(#2313,#2314,#2315,#2316));
#2313 = ORIENTED_EDGE('',*,*,#1558,.F.);
#2314 = ORIENTED_EDGE('',*,*,#2300,.T.);
#2315 = ORIENTED_EDGE('',*,*,#1679,.T.);
#2316 = ORIENTED_EDGE('',*,*,#2259,.F.);
#2317 = PLANE('',#2318);
#2318 = AXIS2_PLACEMENT_3D('',#2319,#2320,#2321);
#2319 = CARTESIAN_POINT('',(43.75,-22.,2.75));
#2320 = DIRECTION('',(0.,2.2E-16,1.));
#2321 = DIRECTION('',(-1.,0.,0.));
#2322 = ADVANCED_FACE('',(#2323),#2339,.F.);
#2323 = FACE_BOUND('',#2324,.T.);
#2324 = EDGE_LOOP('',(#2325,#2331,#2332,#2338));
#2325 = ORIENTED_EDGE('',*,*,#2326,.F.);
#2326 = EDGE_CURVE('',#1605,#1997,#2327,.T.);
#2327 = LINE('',#2328,#2329);
#2328 = CARTESIAN_POINT('',(-34.80925643016,-21.53950428678,
    7.96049571322));
#2329 = VECTOR('',#2330,1.);
#2330 = DIRECTION('',(0.281084637715,0.678598344546,0.678598344546));
#2331 = ORIENTED_EDGE('',*,*,#1612,.T.);
#2332 = ORIENTED_EDGE('',*,*,#2333,.F.);
#2333 = EDGE_CURVE('',#2005,#1613,#2334,.T.);
#2334 = LINE('',#2335,#2336);
#2335 = CARTESIAN_POINT('',(-22.5,-21.25,8.25));
#2336 = VECTOR('',#2337,1.);
#2337 = DIRECTION('',(0.,-0.707106781187,-0.707106781187));
#2338 = ORIENTED_EDGE('',*,*,#2004,.F.);
#2339 = PLANE('',#2340);
#2340 = AXIS2_PLACEMENT_3D('',#2341,#2342,#2343);
#2341 = CARTESIAN_POINT('',(-35.,-21.5,8.));
#2342 = DIRECTION('',(0.,0.707106781187,-0.707106781187));
#2343 = DIRECTION('',(-1.,-0.,-0.));
#2344 = ADVANCED_FACE('',(#2345),#2370,.T.);
#2345 = FACE_BOUND('',#2346,.T.);
#2346 = EDGE_LOOP('',(#2347,#2348,#2356,#2364));
#2347 = ORIENTED_EDGE('',*,*,#1620,.T.);
#2348 = ORIENTED_EDGE('',*,*,#2349,.T.);
#2349 = EDGE_CURVE('',#1621,#2350,#2352,.T.);
#2350 = VERTEX_POINT('',#2351);
#2351 = CARTESIAN_POINT('',(-21.5,-21.,-2.5));
#2352 = LINE('',#2353,#2354);
#2353 = CARTESIAN_POINT('',(-20.,-19.5,-1.));
#2354 = VECTOR('',#2355,1.);
#2355 = DIRECTION('',(0.57735026919,0.57735026919,0.57735026919));
#2356 = ORIENTED_EDGE('',*,*,#2357,.F.);
#2357 = EDGE_CURVE('',#2358,#2350,#2360,.T.);
#2358 = VERTEX_POINT('',#2359);
#2359 = CARTESIAN_POINT('',(-21.5,-21.,7.5));
#2360 = LINE('',#2361,#2362);
#2361 = CARTESIAN_POINT('',(-21.5,-21.,8.5));
#2362 = VECTOR('',#2363,1.);
#2363 = DIRECTION('',(-0.,-0.,-1.));
#2364 = ORIENTED_EDGE('',*,*,#2365,.F.);
#2365 = EDGE_CURVE('',#1613,#2358,#2366,.T.);
#2366 = LINE('',#2367,#2368);
#2367 = CARTESIAN_POINT('',(-22.,-21.5,7.5));
#2368 = VECTOR('',#2369,1.);
#2369 = DIRECTION('',(0.707106781187,0.707106781187,1.92E-15));
#2370 = PLANE('',#2371);
#2371 = AXIS2_PLACEMENT_3D('',#2372,#2373,#2374);
#2372 = CARTESIAN_POINT('',(-22.,-21.5,8.5));
#2373 = DIRECTION('',(0.707106781187,-0.707106781187,0.));
#2374 = DIRECTION('',(0.,0.,-1.));
#2375 = ADVANCED_FACE('',(#2376),#2401,.F.);
#2376 = FACE_BOUND('',#2377,.T.);
#2377 = EDGE_LOOP('',(#2378,#2379,#2380,#2388,#2394,#2395));
#2378 = ORIENTED_EDGE('',*,*,#2349,.F.);
#2379 = ORIENTED_EDGE('',*,*,#1628,.T.);
#2380 = ORIENTED_EDGE('',*,*,#2381,.T.);
#2381 = EDGE_CURVE('',#1629,#2382,#2384,.T.);
#2382 = VERTEX_POINT('',#2383);
#2383 = CARTESIAN_POINT('',(21.5,-21.,-2.5));
#2384 = LINE('',#2385,#2386);
#2385 = CARTESIAN_POINT('',(12.833333333333,-12.33333333333,
    6.166666666667));
#2386 = VECTOR('',#2387,1.);
#2387 = DIRECTION('',(-0.57735026919,0.57735026919,0.57735026919));
#2388 = ORIENTED_EDGE('',*,*,#2389,.F.);
#2389 = EDGE_CURVE('',#2095,#2382,#2390,.T.);
#2390 = LINE('',#2391,#2392);
#2391 = CARTESIAN_POINT('',(21.5,-21.5,-3.));
#2392 = VECTOR('',#2393,1.);
#2393 = DIRECTION('',(0.,0.707106781187,0.707106781187));
#2394 = ORIENTED_EDGE('',*,*,#2094,.T.);
#2395 = ORIENTED_EDGE('',*,*,#2396,.F.);
#2396 = EDGE_CURVE('',#2350,#2097,#2397,.T.);
#2397 = LINE('',#2398,#2399);
#2398 = CARTESIAN_POINT('',(-21.5,-10.5,8.));
#2399 = VECTOR('',#2400,1.);
#2400 = DIRECTION('',(-0.,-0.707106781187,-0.707106781187));
#2401 = PLANE('',#2402);
#2402 = AXIS2_PLACEMENT_3D('',#2403,#2404,#2405);
#2403 = CARTESIAN_POINT('',(-21.5,-21.5,-3.));
#2404 = DIRECTION('',(0.,0.707106781187,-0.707106781187));
#2405 = DIRECTION('',(-1.,-0.,-0.));
#2406 = ADVANCED_FACE('',(#2407),#2418,.T.);
#2407 = FACE_BOUND('',#2408,.F.);
#2408 = EDGE_LOOP('',(#2409,#2410,#2411,#2412));
#2409 = ORIENTED_EDGE('',*,*,#1653,.T.);
#2410 = ORIENTED_EDGE('',*,*,#1636,.T.);
#2411 = ORIENTED_EDGE('',*,*,#2381,.T.);
#2412 = ORIENTED_EDGE('',*,*,#2413,.F.);
#2413 = EDGE_CURVE('',#883,#2382,#2414,.T.);
#2414 = LINE('',#2415,#2416);
#2415 = CARTESIAN_POINT('',(21.5,-21.,8.5));
#2416 = VECTOR('',#2417,1.);
#2417 = DIRECTION('',(-0.,-0.,-1.));
#2418 = PLANE('',#2419);
#2419 = AXIS2_PLACEMENT_3D('',#2420,#2421,#2422);
#2420 = CARTESIAN_POINT('',(22.,-21.5,8.5));
#2421 = DIRECTION('',(-0.707106781187,-0.707106781187,0.));
#2422 = DIRECTION('',(0.,0.,1.));
#2423 = ADVANCED_FACE('',(#2424),#2435,.F.);
#2424 = FACE_BOUND('',#2425,.T.);
#2425 = EDGE_LOOP('',(#2426,#2427,#2428,#2434));
#2426 = ORIENTED_EDGE('',*,*,#2188,.F.);
#2427 = ORIENTED_EDGE('',*,*,#1713,.T.);
#2428 = ORIENTED_EDGE('',*,*,#2429,.T.);
#2429 = EDGE_CURVE('',#1714,#2029,#2430,.T.);
#2430 = LINE('',#2431,#2432);
#2431 = CARTESIAN_POINT('',(-44.92099142644,9.138846452542,
    9.579008573559));
#2432 = VECTOR('',#2433,1.);
#2433 = DIRECTION('',(0.678598344546,-0.281084637715,0.678598344546));
#2434 = ORIENTED_EDGE('',*,*,#2028,.F.);
#2435 = PLANE('',#2436);
#2436 = AXIS2_PLACEMENT_3D('',#2437,#2438,#2439);
#2437 = CARTESIAN_POINT('',(-34.6464466094,21.646446609407,8.));
#2438 = DIRECTION('',(0.5,-0.5,-0.707106781187));
#2439 = DIRECTION('',(0.707106781187,0.707106781187,2.775557561563E-17)
  );
#2440 = ADVANCED_FACE('',(#2441),#2460,.F.);
#2441 = FACE_BOUND('',#2442,.F.);
#2442 = EDGE_LOOP('',(#2443,#2444,#2452,#2459));
#2443 = ORIENTED_EDGE('',*,*,#1730,.F.);
#2444 = ORIENTED_EDGE('',*,*,#2445,.T.);
#2445 = EDGE_CURVE('',#1731,#2446,#2448,.T.);
#2446 = VERTEX_POINT('',#2447);
#2447 = CARTESIAN_POINT('',(-44.5,11.5,2.E-15));
#2448 = LINE('',#2449,#2450);
#2449 = CARTESIAN_POINT('',(-44.5,22.,4.E-16));
#2450 = VECTOR('',#2451,1.);
#2451 = DIRECTION('',(0.,-1.,2.2E-16));
#2452 = ORIENTED_EDGE('',*,*,#2453,.T.);
#2453 = EDGE_CURVE('',#2446,#2446,#2454,.T.);
#2454 = CIRCLE('',#2455,3.5);
#2455 = AXIS2_PLACEMENT_3D('',#2456,#2457,#2458);
#2456 = CARTESIAN_POINT('',(-41.,11.5,2.4E-15));
#2457 = DIRECTION('',(0.,1.,-0.));
#2458 = DIRECTION('',(-1.,0.,0.));
#2459 = ORIENTED_EDGE('',*,*,#2445,.F.);
#2460 = CYLINDRICAL_SURFACE('',#2461,3.5);
#2461 = AXIS2_PLACEMENT_3D('',#2462,#2463,#2464);
#2462 = CARTESIAN_POINT('',(-41.,22.,4.E-16));
#2463 = DIRECTION('',(0.,1.,-2.2E-16));
#2464 = DIRECTION('',(-1.,0.,0.));
#2465 = ADVANCED_FACE('',(#2466),#2477,.T.);
#2466 = FACE_BOUND('',#2467,.F.);
#2467 = EDGE_LOOP('',(#2468,#2469,#2470,#2476));
#2468 = ORIENTED_EDGE('',*,*,#2326,.F.);
#2469 = ORIENTED_EDGE('',*,*,#1748,.T.);
#2470 = ORIENTED_EDGE('',*,*,#2471,.T.);
#2471 = EDGE_CURVE('',#1749,#1989,#2472,.T.);
#2472 = LINE('',#2473,#2474);
#2473 = CARTESIAN_POINT('',(-44.11033125466,-8.803060014915,
    10.389668745339));
#2474 = VECTOR('',#2475,1.);
#2475 = DIRECTION('',(0.678598344546,0.281084637715,0.678598344546));
#2476 = ORIENTED_EDGE('',*,*,#1996,.F.);
#2477 = PLANE('',#2478);
#2478 = AXIS2_PLACEMENT_3D('',#2479,#2480,#2481);
#2479 = CARTESIAN_POINT('',(-34.6464466094,-21.6464466094,8.));
#2480 = DIRECTION('',(-0.5,-0.5,0.707106781187));
#2481 = DIRECTION('',(0.707106781187,-0.707106781187,2.775557561563E-17)
  );
#2482 = ADVANCED_FACE('',(#2483),#2508,.F.);
#2483 = FACE_BOUND('',#2484,.F.);
#2484 = EDGE_LOOP('',(#2485,#2486,#2494,#2502));
#2485 = ORIENTED_EDGE('',*,*,#1765,.F.);
#2486 = ORIENTED_EDGE('',*,*,#2487,.T.);
#2487 = EDGE_CURVE('',#1766,#2488,#2490,.T.);
#2488 = VERTEX_POINT('',#2489);
#2489 = CARTESIAN_POINT('',(-43.75,-11.5,2.75));
#2490 = LINE('',#2491,#2492);
#2491 = CARTESIAN_POINT('',(-43.75,-22.,2.75));
#2492 = VECTOR('',#2493,1.);
#2493 = DIRECTION('',(0.,1.,-2.2E-16));
#2494 = ORIENTED_EDGE('',*,*,#2495,.T.);
#2495 = EDGE_CURVE('',#2488,#2496,#2498,.T.);
#2496 = VERTEX_POINT('',#2497);
#2497 = CARTESIAN_POINT('',(-43.75,-11.5,-2.75));
#2498 = LINE('',#2499,#2500);
#2499 = CARTESIAN_POINT('',(-43.75,-11.5,2.75));
#2500 = VECTOR('',#2501,1.);
#2501 = DIRECTION('',(0.,0.,-1.));
#2502 = ORIENTED_EDGE('',*,*,#2503,.F.);
#2503 = EDGE_CURVE('',#1768,#2496,#2504,.T.);
#2504 = LINE('',#2505,#2506);
#2505 = CARTESIAN_POINT('',(-43.75,-22.,-2.75));
#2506 = VECTOR('',#2507,1.);
#2507 = DIRECTION('',(0.,1.,-2.2E-16));
#2508 = PLANE('',#2509);
#2509 = AXIS2_PLACEMENT_3D('',#2510,#2511,#2512);
#2510 = CARTESIAN_POINT('',(-43.75,-22.,2.75));
#2511 = DIRECTION('',(-1.,0.,0.));
#2512 = DIRECTION('',(-0.,-2.2E-16,-1.));
#2513 = ADVANCED_FACE('',(#2514),#2532,.F.);
#2514 = FACE_BOUND('',#2515,.F.);
#2515 = EDGE_LOOP('',(#2516,#2517,#2518,#2526));
#2516 = ORIENTED_EDGE('',*,*,#1791,.F.);
#2517 = ORIENTED_EDGE('',*,*,#2503,.T.);
#2518 = ORIENTED_EDGE('',*,*,#2519,.T.);
#2519 = EDGE_CURVE('',#2496,#2520,#2522,.T.);
#2520 = VERTEX_POINT('',#2521);
#2521 = CARTESIAN_POINT('',(-38.25,-11.5,-2.75));
#2522 = LINE('',#2523,#2524);
#2523 = CARTESIAN_POINT('',(-43.75,-11.5,-2.75));
#2524 = VECTOR('',#2525,1.);
#2525 = DIRECTION('',(1.,0.,0.));
#2526 = ORIENTED_EDGE('',*,*,#2527,.F.);
#2527 = EDGE_CURVE('',#1784,#2520,#2528,.T.);
#2528 = LINE('',#2529,#2530);
#2529 = CARTESIAN_POINT('',(-38.25,-22.,-2.75));
#2530 = VECTOR('',#2531,1.);
#2531 = DIRECTION('',(0.,1.,-2.2E-16));
#2532 = PLANE('',#2533);
#2533 = AXIS2_PLACEMENT_3D('',#2534,#2535,#2536);
#2534 = CARTESIAN_POINT('',(-43.75,-22.,-2.75));
#2535 = DIRECTION('',(0.,-2.2E-16,-1.));
#2536 = DIRECTION('',(1.,0.,0.));
#2537 = ADVANCED_FACE('',(#2538),#2556,.F.);
#2538 = FACE_BOUND('',#2539,.F.);
#2539 = EDGE_LOOP('',(#2540,#2541,#2542,#2550));
#2540 = ORIENTED_EDGE('',*,*,#1783,.F.);
#2541 = ORIENTED_EDGE('',*,*,#2527,.T.);
#2542 = ORIENTED_EDGE('',*,*,#2543,.T.);
#2543 = EDGE_CURVE('',#2520,#2544,#2546,.T.);
#2544 = VERTEX_POINT('',#2545);
#2545 = CARTESIAN_POINT('',(-38.25,-11.5,2.75));
#2546 = LINE('',#2547,#2548);
#2547 = CARTESIAN_POINT('',(-38.25,-11.5,-2.75));
#2548 = VECTOR('',#2549,1.);
#2549 = DIRECTION('',(0.,0.,1.));
#2550 = ORIENTED_EDGE('',*,*,#2551,.F.);
#2551 = EDGE_CURVE('',#1776,#2544,#2552,.T.);
#2552 = LINE('',#2553,#2554);
#2553 = CARTESIAN_POINT('',(-38.25,-22.,2.75));
#2554 = VECTOR('',#2555,1.);
#2555 = DIRECTION('',(0.,1.,-2.2E-16));
#2556 = PLANE('',#2557);
#2557 = AXIS2_PLACEMENT_3D('',#2558,#2559,#2560);
#2558 = CARTESIAN_POINT('',(-38.25,-22.,-2.75));
#2559 = DIRECTION('',(1.,0.,0.));
#2560 = DIRECTION('',(0.,2.2E-16,1.));
#2561 = ADVANCED_FACE('',(#2562),#2573,.F.);
#2562 = FACE_BOUND('',#2563,.F.);
#2563 = EDGE_LOOP('',(#2564,#2565,#2566,#2572));
#2564 = ORIENTED_EDGE('',*,*,#1775,.F.);
#2565 = ORIENTED_EDGE('',*,*,#2551,.T.);
#2566 = ORIENTED_EDGE('',*,*,#2567,.T.);
#2567 = EDGE_CURVE('',#2544,#2488,#2568,.T.);
#2568 = LINE('',#2569,#2570);
#2569 = CARTESIAN_POINT('',(-38.25,-11.5,2.75));
#2570 = VECTOR('',#2571,1.);
#2571 = DIRECTION('',(-1.,0.,0.));
#2572 = ORIENTED_EDGE('',*,*,#2487,.F.);
#2573 = PLANE('',#2574);
#2574 = AXIS2_PLACEMENT_3D('',#2575,#2576,#2577);
#2575 = CARTESIAN_POINT('',(-38.25,-22.,2.75));
#2576 = DIRECTION('',(0.,2.2E-16,1.));
#2577 = DIRECTION('',(-1.,0.,0.));
#2578 = ADVANCED_FACE('',(#2579),#2590,.F.);
#2579 = FACE_BOUND('',#2580,.T.);
#2580 = EDGE_LOOP('',(#2581,#2582,#2583,#2589));
#2581 = ORIENTED_EDGE('',*,*,#2429,.F.);
#2582 = ORIENTED_EDGE('',*,*,#1806,.T.);
#2583 = ORIENTED_EDGE('',*,*,#2584,.F.);
#2584 = EDGE_CURVE('',#1958,#1807,#2585,.T.);
#2585 = LINE('',#2586,#2587);
#2586 = CARTESIAN_POINT('',(-46.25,2.5,8.25));
#2587 = VECTOR('',#2588,1.);
#2588 = DIRECTION('',(-0.707106781187,4.42E-15,-0.707106781187));
#2589 = ORIENTED_EDGE('',*,*,#2036,.F.);
#2590 = PLANE('',#2591);
#2591 = AXIS2_PLACEMENT_3D('',#2592,#2593,#2594);
#2592 = CARTESIAN_POINT('',(-46.5,10.,8.));
#2593 = DIRECTION('',(0.707106781187,0.,-0.707106781187));
#2594 = DIRECTION('',(0.,1.,0.));
#2595 = ADVANCED_FACE('',(#2596),#2607,.T.);
#2596 = FACE_BOUND('',#2597,.F.);
#2597 = EDGE_LOOP('',(#2598,#2599,#2600,#2601));
#2598 = ORIENTED_EDGE('',*,*,#1887,.T.);
#2599 = ORIENTED_EDGE('',*,*,#1829,.T.);
#2600 = ORIENTED_EDGE('',*,*,#1814,.F.);
#2601 = ORIENTED_EDGE('',*,*,#2602,.T.);
#2602 = EDGE_CURVE('',#1807,#1888,#2603,.T.);
#2603 = LINE('',#2604,#2605);
#2604 = CARTESIAN_POINT('',(-46.5,2.,7.5));
#2605 = VECTOR('',#2606,1.);
#2606 = DIRECTION('',(0.707106781187,-0.707106781187,4.13E-15));
#2607 = PLANE('',#2608);
#2608 = AXIS2_PLACEMENT_3D('',#2609,#2610,#2611);
#2609 = CARTESIAN_POINT('',(-46.5,2.,8.5));
#2610 = DIRECTION('',(-0.707106781187,-0.707106781187,0.));
#2611 = DIRECTION('',(0.,0.,1.));
#2612 = ADVANCED_FACE('',(#2613),#2624,.T.);
#2613 = FACE_BOUND('',#2614,.F.);
#2614 = EDGE_LOOP('',(#2615,#2621,#2622,#2623));
#2615 = ORIENTED_EDGE('',*,*,#2616,.T.);
#2616 = EDGE_CURVE('',#1922,#1864,#2617,.T.);
#2617 = LINE('',#2618,#2619);
#2618 = CARTESIAN_POINT('',(-46.25,-1.75,7.5));
#2619 = VECTOR('',#2620,1.);
#2620 = DIRECTION('',(-0.707106781187,-0.707106781187,-3.65E-15));
#2621 = ORIENTED_EDGE('',*,*,#1863,.T.);
#2622 = ORIENTED_EDGE('',*,*,#1845,.F.);
#2623 = ORIENTED_EDGE('',*,*,#1929,.F.);
#2624 = PLANE('',#2625);
#2625 = AXIS2_PLACEMENT_3D('',#2626,#2627,#2628);
#2626 = CARTESIAN_POINT('',(-46.5,-2.,8.5));
#2627 = DIRECTION('',(-0.707106781187,0.707106781187,0.));
#2628 = DIRECTION('',(0.,0.,1.));
#2629 = ADVANCED_FACE('',(#2630),#2641,.F.);
#2630 = FACE_BOUND('',#2631,.T.);
#2631 = EDGE_LOOP('',(#2632,#2633,#2634,#2635));
#2632 = ORIENTED_EDGE('',*,*,#1871,.T.);
#2633 = ORIENTED_EDGE('',*,*,#2471,.T.);
#2634 = ORIENTED_EDGE('',*,*,#1988,.F.);
#2635 = ORIENTED_EDGE('',*,*,#2636,.F.);
#2636 = EDGE_CURVE('',#1864,#1981,#2637,.T.);
#2637 = LINE('',#2638,#2639);
#2638 = CARTESIAN_POINT('',(-46.5,-2.5,8.));
#2639 = VECTOR('',#2640,1.);
#2640 = DIRECTION('',(0.707106781187,3.37E-15,0.707106781187));
#2641 = PLANE('',#2642);
#2642 = AXIS2_PLACEMENT_3D('',#2643,#2644,#2645);
#2643 = CARTESIAN_POINT('',(-46.5,-1.5,8.));
#2644 = DIRECTION('',(0.707106781187,0.,-0.707106781187));
#2645 = DIRECTION('',(0.,1.,0.));
#2646 = ADVANCED_FACE('',(#2647),#2666,.F.);
#2647 = FACE_BOUND('',#2648,.F.);
#2648 = EDGE_LOOP('',(#2649,#2657,#2664,#2665));
#2649 = ORIENTED_EDGE('',*,*,#2650,.F.);
#2650 = EDGE_CURVE('',#2651,#1904,#2653,.T.);
#2651 = VERTEX_POINT('',#2652);
#2652 = CARTESIAN_POINT('',(-42.5,9.7,2.E-15));
#2653 = LINE('',#2654,#2655);
#2654 = CARTESIAN_POINT('',(-42.5,22.,-4.E-16));
#2655 = VECTOR('',#2656,1.);
#2656 = DIRECTION('',(0.,-1.,2.2E-16));
#2657 = ORIENTED_EDGE('',*,*,#2658,.F.);
#2658 = EDGE_CURVE('',#2651,#2651,#2659,.T.);
#2659 = CIRCLE('',#2660,1.5);
#2660 = AXIS2_PLACEMENT_3D('',#2661,#2662,#2663);
#2661 = CARTESIAN_POINT('',(-41.,9.7,-4.E-16));
#2662 = DIRECTION('',(0.,1.,-0.));
#2663 = DIRECTION('',(-1.,0.,1.55E-15));
#2664 = ORIENTED_EDGE('',*,*,#2650,.T.);
#2665 = ORIENTED_EDGE('',*,*,#1903,.T.);
#2666 = CYLINDRICAL_SURFACE('',#2667,1.5);
#2667 = AXIS2_PLACEMENT_3D('',#2668,#2669,#2670);
#2668 = CARTESIAN_POINT('',(-41.,22.,-4.E-16));
#2669 = DIRECTION('',(0.,1.,-2.2E-16));
#2670 = DIRECTION('',(-1.,0.,0.));
#2671 = ADVANCED_FACE('',(#2672),#2691,.F.);
#2672 = FACE_BOUND('',#2673,.F.);
#2673 = EDGE_LOOP('',(#2674,#2682,#2683,#2684));
#2674 = ORIENTED_EDGE('',*,*,#2675,.F.);
#2675 = EDGE_CURVE('',#1939,#2676,#2678,.T.);
#2676 = VERTEX_POINT('',#2677);
#2677 = CARTESIAN_POINT('',(-42.5,-11.5,7.E-15));
#2678 = LINE('',#2679,#2680);
#2679 = CARTESIAN_POINT('',(-42.5,22.,-4.E-16));
#2680 = VECTOR('',#2681,1.);
#2681 = DIRECTION('',(0.,-1.,2.2E-16));
#2682 = ORIENTED_EDGE('',*,*,#1938,.F.);
#2683 = ORIENTED_EDGE('',*,*,#2675,.T.);
#2684 = ORIENTED_EDGE('',*,*,#2685,.T.);
#2685 = EDGE_CURVE('',#2676,#2676,#2686,.T.);
#2686 = CIRCLE('',#2687,1.5);
#2687 = AXIS2_PLACEMENT_3D('',#2688,#2689,#2690);
#2688 = CARTESIAN_POINT('',(-41.,-11.5,7.04E-15));
#2689 = DIRECTION('',(0.,1.,-2.2E-16));
#2690 = DIRECTION('',(-1.,0.,0.));
#2691 = CYLINDRICAL_SURFACE('',#2692,1.5);
#2692 = AXIS2_PLACEMENT_3D('',#2693,#2694,#2695);
#2693 = CARTESIAN_POINT('',(-41.,22.,-4.E-16));
#2694 = DIRECTION('',(0.,1.,-2.2E-16));
#2695 = DIRECTION('',(-1.,0.,0.));
#2696 = ADVANCED_FACE('',(#2697),#2702,.F.);
#2697 = FACE_BOUND('',#2698,.F.);
#2698 = EDGE_LOOP('',(#2699,#2700,#2701));
#2699 = ORIENTED_EDGE('',*,*,#2584,.F.);
#2700 = ORIENTED_EDGE('',*,*,#1957,.T.);
#2701 = ORIENTED_EDGE('',*,*,#2602,.F.);
#2702 = PLANE('',#2703);
#2703 = AXIS2_PLACEMENT_3D('',#2704,#2705,#2706);
#2704 = CARTESIAN_POINT('',(-46.,2.5,8.5));
#2705 = DIRECTION('',(0.57735026919,0.57735026919,-0.57735026919));
#2706 = DIRECTION('',(0.707106781187,-0.707106781187,1.137978600241E-15)
  );
#2707 = ADVANCED_FACE('',(#2708),#2729,.F.);
#2708 = FACE_BOUND('',#2709,.T.);
#2709 = EDGE_LOOP('',(#2710,#2716,#2717,#2723));
#2710 = ORIENTED_EDGE('',*,*,#2711,.F.);
#2711 = EDGE_CURVE('',#2013,#2237,#2712,.T.);
#2712 = LINE('',#2713,#2714);
#2713 = CARTESIAN_POINT('',(-22.25,21.,8.25));
#2714 = VECTOR('',#2715,1.);
#2715 = DIRECTION('',(0.707106781187,1.92E-15,-0.707106781187));
#2716 = ORIENTED_EDGE('',*,*,#2012,.T.);
#2717 = ORIENTED_EDGE('',*,*,#2718,.T.);
#2718 = EDGE_CURVE('',#2005,#2358,#2719,.T.);
#2719 = LINE('',#2720,#2721);
#2720 = CARTESIAN_POINT('',(-22.25,-21.,8.25));
#2721 = VECTOR('',#2722,1.);
#2722 = DIRECTION('',(0.707106781187,-1.92E-15,-0.707106781187));
#2723 = ORIENTED_EDGE('',*,*,#2724,.F.);
#2724 = EDGE_CURVE('',#2237,#2358,#2725,.T.);
#2725 = LINE('',#2726,#2727);
#2726 = CARTESIAN_POINT('',(-21.5,22.,7.5));
#2727 = VECTOR('',#2728,1.);
#2728 = DIRECTION('',(0.,-1.,0.));
#2729 = PLANE('',#2730);
#2730 = AXIS2_PLACEMENT_3D('',#2731,#2732,#2733);
#2731 = CARTESIAN_POINT('',(-22.,22.,8.));
#2732 = DIRECTION('',(-0.707106781187,0.,-0.707106781187));
#2733 = DIRECTION('',(0.,1.,0.));
#2734 = ADVANCED_FACE('',(#2735),#2740,.F.);
#2735 = FACE_BOUND('',#2736,.F.);
#2736 = EDGE_LOOP('',(#2737,#2738,#2739));
#2737 = ORIENTED_EDGE('',*,*,#2616,.F.);
#2738 = ORIENTED_EDGE('',*,*,#2052,.T.);
#2739 = ORIENTED_EDGE('',*,*,#2636,.F.);
#2740 = PLANE('',#2741);
#2741 = AXIS2_PLACEMENT_3D('',#2742,#2743,#2744);
#2742 = CARTESIAN_POINT('',(-46.,-1.5,7.5));
#2743 = DIRECTION('',(0.57735026919,-0.57735026919,-0.57735026919));
#2744 = DIRECTION('',(0.707106781187,2.192690473635E-15,0.707106781187)
  );
#2745 = ADVANCED_FACE('',(#2746),#2765,.F.);
#2746 = FACE_BOUND('',#2747,.F.);
#2747 = EDGE_LOOP('',(#2748,#2749,#2757,#2764));
#2748 = ORIENTED_EDGE('',*,*,#2077,.T.);
#2749 = ORIENTED_EDGE('',*,*,#2750,.T.);
#2750 = EDGE_CURVE('',#2070,#2751,#2753,.T.);
#2751 = VERTEX_POINT('',#2752);
#2752 = CARTESIAN_POINT('',(12.5,0.,-2.5));
#2753 = LINE('',#2754,#2755);
#2754 = CARTESIAN_POINT('',(11.5,0.,-3.5));
#2755 = VECTOR('',#2756,1.);
#2756 = DIRECTION('',(0.707106781187,0.,0.707106781187));
#2757 = ORIENTED_EDGE('',*,*,#2758,.F.);
#2758 = EDGE_CURVE('',#2751,#2751,#2759,.T.);
#2759 = CIRCLE('',#2760,12.5);
#2760 = AXIS2_PLACEMENT_3D('',#2761,#2762,#2763);
#2761 = CARTESIAN_POINT('',(0.,0.,-2.5));
#2762 = DIRECTION('',(0.,0.,1.));
#2763 = DIRECTION('',(1.,0.,0.));
#2764 = ORIENTED_EDGE('',*,*,#2750,.F.);
#2765 = CONICAL_SURFACE('',#2766,11.5,0.785398163397);
#2766 = AXIS2_PLACEMENT_3D('',#2767,#2768,#2769);
#2767 = CARTESIAN_POINT('',(0.,0.,-3.5));
#2768 = DIRECTION('',(0.,0.,1.));
#2769 = DIRECTION('',(1.,0.,0.));
#2770 = ADVANCED_FACE('',(#2771),#2782,.T.);
#2771 = FACE_BOUND('',#2772,.T.);
#2772 = EDGE_LOOP('',(#2773,#2779,#2780,#2781));
#2773 = ORIENTED_EDGE('',*,*,#2774,.T.);
#2774 = EDGE_CURVE('',#2751,#2138,#2775,.T.);
#2775 = LINE('',#2776,#2777);
#2776 = CARTESIAN_POINT('',(12.5,0.,-2.5));
#2777 = VECTOR('',#2778,1.);
#2778 = DIRECTION('',(-0.,-0.,-1.));
#2779 = ORIENTED_EDGE('',*,*,#2137,.T.);
#2780 = ORIENTED_EDGE('',*,*,#2774,.F.);
#2781 = ORIENTED_EDGE('',*,*,#2758,.F.);
#2782 = CYLINDRICAL_SURFACE('',#2783,12.5);
#2783 = AXIS2_PLACEMENT_3D('',#2784,#2785,#2786);
#2784 = CARTESIAN_POINT('',(0.,0.,-2.5));
#2785 = DIRECTION('',(0.,0.,1.));
#2786 = DIRECTION('',(1.,0.,0.));
#2787 = ADVANCED_FACE('',(#2788),#2793,.T.);
#2788 = FACE_BOUND('',#2789,.T.);
#2789 = EDGE_LOOP('',(#2790,#2791,#2792));
#2790 = ORIENTED_EDGE('',*,*,#2181,.F.);
#2791 = ORIENTED_EDGE('',*,*,#2711,.T.);
#2792 = ORIENTED_EDGE('',*,*,#2244,.F.);
#2793 = PLANE('',#2794);
#2794 = AXIS2_PLACEMENT_3D('',#2795,#2796,#2797);
#2795 = CARTESIAN_POINT('',(-22.5,21.,8.5));
#2796 = DIRECTION('',(0.57735026919,0.57735026919,0.57735026919));
#2797 = DIRECTION('',(0.707106781187,-0.707106781187,1.915134717478E-15)
  );
#2798 = ADVANCED_FACE('',(#2799),#2804,.F.);
#2799 = FACE_BOUND('',#2800,.F.);
#2800 = EDGE_LOOP('',(#2801,#2802,#2803));
#2801 = ORIENTED_EDGE('',*,*,#2333,.F.);
#2802 = ORIENTED_EDGE('',*,*,#2718,.T.);
#2803 = ORIENTED_EDGE('',*,*,#2365,.F.);
#2804 = PLANE('',#2805);
#2805 = AXIS2_PLACEMENT_3D('',#2806,#2807,#2808);
#2806 = CARTESIAN_POINT('',(-22.5,-21.,8.5));
#2807 = DIRECTION('',(-0.57735026919,0.57735026919,-0.57735026919));
#2808 = DIRECTION('',(0.707106781187,0.707106781187,1.915134717478E-15)
  );
#2809 = ADVANCED_FACE('',(#2810,#2821),#2824,.T.);
#2810 = FACE_BOUND('',#2811,.T.);
#2811 = EDGE_LOOP('',(#2812));
#2812 = ORIENTED_EDGE('',*,*,#2813,.F.);
#2813 = EDGE_CURVE('',#2814,#2814,#2816,.T.);
#2814 = VERTEX_POINT('',#2815);
#2815 = CARTESIAN_POINT('',(-43.95,11.5,4.E-15));
#2816 = CIRCLE('',#2817,2.95);
#2817 = AXIS2_PLACEMENT_3D('',#2818,#2819,#2820);
#2818 = CARTESIAN_POINT('',(-41.,11.5,-4.E-16));
#2819 = DIRECTION('',(0.,1.,-0.));
#2820 = DIRECTION('',(-1.,0.,1.55E-15));
#2821 = FACE_BOUND('',#2822,.T.);
#2822 = EDGE_LOOP('',(#2823));
#2823 = ORIENTED_EDGE('',*,*,#2453,.T.);
#2824 = PLANE('',#2825);
#2825 = AXIS2_PLACEMENT_3D('',#2826,#2827,#2828);
#2826 = CARTESIAN_POINT('',(-2.34E-15,11.5,2.55E-15));
#2827 = DIRECTION('',(0.,1.,0.));
#2828 = DIRECTION('',(0.,0.,1.));
#2829 = ADVANCED_FACE('',(#2830,#2836),#2839,.F.);
#2830 = FACE_BOUND('',#2831,.F.);
#2831 = EDGE_LOOP('',(#2832,#2833,#2834,#2835));
#2832 = ORIENTED_EDGE('',*,*,#2495,.F.);
#2833 = ORIENTED_EDGE('',*,*,#2567,.F.);
#2834 = ORIENTED_EDGE('',*,*,#2543,.F.);
#2835 = ORIENTED_EDGE('',*,*,#2519,.F.);
#2836 = FACE_BOUND('',#2837,.F.);
#2837 = EDGE_LOOP('',(#2838));
#2838 = ORIENTED_EDGE('',*,*,#2685,.F.);
#2839 = PLANE('',#2840);
#2840 = AXIS2_PLACEMENT_3D('',#2841,#2842,#2843);
#2841 = CARTESIAN_POINT('',(0.,-11.5,6.68E-15));
#2842 = DIRECTION('',(0.,1.,0.));
#2843 = DIRECTION('',(0.,0.,1.));
#2844 = ADVANCED_FACE('',(#2845),#2856,.F.);
#2845 = FACE_BOUND('',#2846,.T.);
#2846 = EDGE_LOOP('',(#2847,#2853,#2854,#2855));
#2847 = ORIENTED_EDGE('',*,*,#2848,.F.);
#2848 = EDGE_CURVE('',#2814,#2651,#2849,.T.);
#2849 = LINE('',#2850,#2851);
#2850 = CARTESIAN_POINT('',(-42.5,9.7,1.93E-15));
#2851 = VECTOR('',#2852,1.);
#2852 = DIRECTION('',(0.627329537873,-0.778753909083,-9.7E-16));
#2853 = ORIENTED_EDGE('',*,*,#2813,.T.);
#2854 = ORIENTED_EDGE('',*,*,#2848,.T.);
#2855 = ORIENTED_EDGE('',*,*,#2658,.F.);
#2856 = CONICAL_SURFACE('',#2857,1.5,0.678119307749);
#2857 = AXIS2_PLACEMENT_3D('',#2858,#2859,#2860);
#2858 = CARTESIAN_POINT('',(-41.,9.7,-4.E-16));
#2859 = DIRECTION('',(0.,1.,0.));
#2860 = DIRECTION('',(-1.,0.,1.55E-15));
#2861 = ADVANCED_FACE('',(#2862),#2870,.T.);
#2862 = FACE_BOUND('',#2863,.T.);
#2863 = EDGE_LOOP('',(#2864,#2865,#2866,#2867,#2868,#2869));
#2864 = ORIENTED_EDGE('',*,*,#2413,.F.);
#2865 = ORIENTED_EDGE('',*,*,#899,.T.);
#2866 = ORIENTED_EDGE('',*,*,#2166,.T.);
#2867 = ORIENTED_EDGE('',*,*,#2220,.T.);
#2868 = ORIENTED_EDGE('',*,*,#2104,.F.);
#2869 = ORIENTED_EDGE('',*,*,#2389,.T.);
#2870 = PLANE('',#2871);
#2871 = AXIS2_PLACEMENT_3D('',#2872,#2873,#2874);
#2872 = CARTESIAN_POINT('',(21.5,-2.E-16,2.181202162129));
#2873 = DIRECTION('',(-1.,-0.,-0.));
#2874 = DIRECTION('',(0.,0.,-1.));
#2875 = ADVANCED_FACE('',(#2876),#2884,.T.);
#2876 = FACE_BOUND('',#2877,.T.);
#2877 = EDGE_LOOP('',(#2878,#2879,#2880,#2881,#2882,#2883));
#2878 = ORIENTED_EDGE('',*,*,#2396,.T.);
#2879 = ORIENTED_EDGE('',*,*,#2120,.F.);
#2880 = ORIENTED_EDGE('',*,*,#2213,.T.);
#2881 = ORIENTED_EDGE('',*,*,#2236,.F.);
#2882 = ORIENTED_EDGE('',*,*,#2724,.T.);
#2883 = ORIENTED_EDGE('',*,*,#2357,.T.);
#2884 = PLANE('',#2885);
#2885 = AXIS2_PLACEMENT_3D('',#2886,#2887,#2888);
#2886 = CARTESIAN_POINT('',(-21.5,0.,2.181202162129));
#2887 = DIRECTION('',(1.,0.,0.));
#2888 = DIRECTION('',(0.,0.,1.));
#2889 = ( GEOMETRIC_REPRESENTATION_CONTEXT(3) 
GLOBAL_UNCERTAINTY_ASSIGNED_CONTEXT((#2893)) 
GLOBAL_UNIT_ASSIGNED_CONTEXT((#2890,#2891,#2892)) REPRESENTATION_CONTEXT
('Context #1','3D Context with UNIT and UNCERTAINTY') );
#2890 = ( LENGTH_UNIT() NAMED_UNIT(*) SI_UNIT(.MILLI.,.METRE.) );
#2891 = ( NAMED_UNIT(*) PLANE_ANGLE_UNIT() SI_UNIT($,.RADIAN.) );
#2892 = ( NAMED_UNIT(*) SI_UNIT($,.STERADIAN.) SOLID_ANGLE_UNIT() );
#2893 = UNCERTAINTY_MEASURE_WITH_UNIT(LENGTH_MEASURE(5.E-06),#2890,
  'distance_accuracy_value','confusion accuracy');
#2894 = PRODUCT_RELATED_PRODUCT_CATEGORY('part',$,(#7));
ENDSEC;
END-ISO-10303-21;
