ISO-10303-21;
HEADER;
FILE_DESCRIPTION(('FreeCAD Model'),'2;1');
FILE_NAME('Open CASCADE Shape Model','2026-09-06T12:30:43',('FreeCAD'),(
    'FreeCAD'),'Open CASCADE STEP processor 7.8','FreeCAD','Unknown');
FILE_SCHEMA(('AUTOMOTIVE_DESIGN { 1 0 10303 214 1 1 1 1 }'));
ENDSEC;
DATA;
#1 = APPLICATION_PROTOCOL_DEFINITION('international standard',
  'automotive_design',2000,#2);
#2 = APPLICATION_CONTEXT(
  'core data for automotive mechanical design processes');
#3 = SHAPE_DEFINITION_REPRESENTATION(#4,#10);
#4 = PRODUCT_DEFINITION_SHAPE('','',#5);
#5 = PRODUCT_DEFINITION('design','',#6,#9);
#6 = PRODUCT_DEFINITION_FORMATION('','',#7);
#7 = PRODUCT('Open CASCADE STEP translator 7.8 252',
  'Open CASCADE STEP translator 7.8 252','',(#8));
#8 = PRODUCT_CONTEXT('',#2,'mechanical');
#9 = PRODUCT_DEFINITION_CONTEXT('part definition',#2,'design');
#10 = ADVANCED_BREP_SHAPE_REPRESENTATION('',(#11,#15),#10816);
#11 = AXIS2_PLACEMENT_3D('',#12,#13,#14);
#12 = CARTESIAN_POINT('',(0.,0.,0.));
#13 = DIRECTION('',(0.,0.,1.));
#14 = DIRECTION('',(1.,0.,-0.));
#15 = MANIFOLD_SOLID_BREP('',#16);
#16 = CLOSED_SHELL('',(#17,#556,#649,#707,#731,#765,#789,#814,#838,#872,
    #958,#1010,#1145,#1169,#1193,#1314,#1339,#1364,#1389,#1414,#1439,
    #1532,#1590,#1614,#1648,#1672,#1697,#1721,#1755,#1841,#1893,#1986,
    #2044,#2068,#2102,#2126,#2151,#2175,#2209,#2295,#2347,#2440,#2498,
    #2522,#2556,#2580,#2605,#2629,#2663,#2749,#2801,#2881,#2905,#2929,
    #2965,#3009,#3033,#3106,#3123,#3194,#3219,#3262,#3288,#3359,#3384,
    #3409,#3443,#3470,#3504,#3522,#3555,#3572,#3597,#3622,#3647,#3672,
    #3689,#3723,#3757,#3800,#3843,#3886,#3911,#3954,#4034,#4058,#4082,
    #4118,#4146,#4170,#4243,#4260,#4340,#4364,#4388,#4424,#4452,#4476,
    #4549,#4566,#4646,#4670,#4694,#4730,#4758,#4782,#4855,#4872,#4894,
    #4937,#4949,#4966,#5050,#5129,#5146,#5171,#5188,#5200,#5225,#5256,
    #5280,#5304,#5321,#5352,#5376,#5400,#5417,#5448,#5472,#5496,#5513,
    #5533,#5564,#5588,#5612,#5629,#5651,#5694,#5706,#5728,#5771,#5783,
    #5805,#5848,#5860,#5870,#6350,#6384,#6418,#6452,#6486,#6646,#6671,
    #6696,#6706,#6716,#6726,#6819,#6877,#6912,#6936,#6970,#7082,#7115,
    #7139,#7163,#7180,#7298,#7333,#7357,#7391,#7503,#7536,#7560,#7584,
    #7608,#7634,#7665,#7689,#7775,#7833,#7868,#7892,#7926,#8038,#8071,
    #8088,#8119,#8143,#8229,#8287,#8322,#8346,#8380,#8492,#8525,#8542,
    #8577,#8612,#8647,#8682,#8714,#8738,#8958,#8975,#8999,#9023,#9047,
    #9064,#9088,#9105,#9129,#9153,#9170,#9234,#9243,#9323,#9347,#9374,
    #9447,#9471,#9488,#9505,#9585,#9612,#9685,#9709,#9726,#9750,#9767,
    #9791,#9871,#9888,#9915,#9988,#10012,#10029,#10053,#10133,#10150,
    #10177,#10250,#10274,#10291,#10303,#10315,#10327,#10339,#10364,
    #10381,#10398,#10415,#10432,#10483,#10502,#10553,#10572,#10623,
    #10642,#10693,#10712,#10722,#10732,#10742,#10752,#10768,#10784,
    #10800));
#17 = ADVANCED_FACE('',(#18,#129,#163,#174,#185,#196,#207,#218,#329,#440
    ),#551,.T.);
#18 = FACE_BOUND('',#19,.T.);
#19 = EDGE_LOOP('',(#20,#30,#38,#46,#54,#62,#81,#92,#101,#112));
#20 = ORIENTED_EDGE('',*,*,#21,.F.);
#21 = EDGE_CURVE('',#22,#24,#26,.T.);
#22 = VERTEX_POINT('',#23);
#23 = CARTESIAN_POINT('',(-13.3,21.5,-20.3));
#24 = VERTEX_POINT('',#25);
#25 = CARTESIAN_POINT('',(-13.3,21.5,-21.54032522475));
#26 = LINE('',#27,#28);
#27 = CARTESIAN_POINT('',(-13.3,21.5,-21.3));
#28 = VECTOR('',#29,1.);
#29 = DIRECTION('',(0.,-2.2E-16,-1.));
#30 = ORIENTED_EDGE('',*,*,#31,.F.);
#31 = EDGE_CURVE('',#32,#22,#34,.T.);
#32 = VERTEX_POINT('',#33);
#33 = CARTESIAN_POINT('',(-17.5,21.5,-20.3));
#34 = LINE('',#35,#36);
#35 = CARTESIAN_POINT('',(-16.5,21.5,-20.3));
#36 = VECTOR('',#37,1.);
#37 = DIRECTION('',(1.,0.,0.));
#38 = ORIENTED_EDGE('',*,*,#39,.F.);
#39 = EDGE_CURVE('',#40,#32,#42,.T.);
#40 = VERTEX_POINT('',#41);
#41 = CARTESIAN_POINT('',(-17.5,21.5,-27.7));
#42 = LINE('',#43,#44);
#43 = CARTESIAN_POINT('',(-17.5,21.5,-26.7));
#44 = VECTOR('',#45,1.);
#45 = DIRECTION('',(0.,2.2E-16,1.));
#46 = ORIENTED_EDGE('',*,*,#47,.F.);
#47 = EDGE_CURVE('',#48,#40,#50,.T.);
#48 = VERTEX_POINT('',#49);
#49 = CARTESIAN_POINT('',(-13.3,21.5,-27.7));
#50 = LINE('',#51,#52);
#51 = CARTESIAN_POINT('',(-14.3,21.5,-27.7));
#52 = VECTOR('',#53,1.);
#53 = DIRECTION('',(-1.,0.,0.));
#54 = ORIENTED_EDGE('',*,*,#55,.F.);
#55 = EDGE_CURVE('',#56,#48,#58,.T.);
#56 = VERTEX_POINT('',#57);
#57 = CARTESIAN_POINT('',(-13.3,21.5,-26.45967477525));
#58 = LINE('',#59,#60);
#59 = CARTESIAN_POINT('',(-13.3,21.5,-21.3));
#60 = VECTOR('',#61,1.);
#61 = DIRECTION('',(0.,-2.2E-16,-1.));
#62 = ORIENTED_EDGE('',*,*,#63,.F.);
#63 = EDGE_CURVE('',#64,#56,#66,.T.);
#64 = VERTEX_POINT('',#65);
#65 = CARTESIAN_POINT('',(-13.14668783648,21.5,-26.32254820749));
#66 = B_SPLINE_CURVE_WITH_KNOTS('',7,(#67,#68,#69,#70,#71,#72,#73,#74,
    #75,#76,#77,#78,#79,#80),.UNSPECIFIED.,.F.,.F.,(8,6,8),(
    3.211943351068,3.757433059439,3.786989716979),.UNSPECIFIED.);
#67 = CARTESIAN_POINT('',(-13.14668783648,21.5,-26.32254820749));
#68 = CARTESIAN_POINT('',(-13.20477126834,21.5,-26.37449960829));
#69 = CARTESIAN_POINT('',(-13.26285470019,21.5,-26.42645100908));
#70 = CARTESIAN_POINT('',(-13.32093813205,21.5,-26.47840240988));
#71 = CARTESIAN_POINT('',(-13.3790215639,21.5,-26.53035381068));
#72 = CARTESIAN_POINT('',(-13.43710499575,21.5,-26.58230521147));
#73 = CARTESIAN_POINT('',(-13.49518842761,21.5,-26.63425661227));
#74 = CARTESIAN_POINT('',(-13.55641903544,21.5,-26.68902293283));
#75 = CARTESIAN_POINT('',(-13.55987393389,21.5,-26.69211308795));
#76 = CARTESIAN_POINT('',(-13.56363655481,21.5,-26.69547847842));
#77 = CARTESIAN_POINT('',(-13.56770689822,21.5,-26.69911910423));
#78 = CARTESIAN_POINT('',(-13.5720849641,21.5,-26.7030349654));
#79 = CARTESIAN_POINT('',(-13.57677075246,21.5,-26.70722606192));
#80 = CARTESIAN_POINT('',(-13.58176426329,21.5,-26.71169239379));
#81 = ORIENTED_EDGE('',*,*,#82,.F.);
#82 = EDGE_CURVE('',#83,#64,#85,.T.);
#83 = VERTEX_POINT('',#84);
#84 = CARTESIAN_POINT('',(-12.63333333333,21.5,-25.86338998125));
#85 = B_SPLINE_CURVE_WITH_KNOTS('',5,(#86,#87,#88,#89,#90,#91),
  .UNSPECIFIED.,.F.,.F.,(6,6),(2.523206011703,3.211943351068),
  .PIECEWISE_BEZIER_KNOTS.);
#86 = CARTESIAN_POINT('',(-12.63333333333,21.5,-25.86338998125));
#87 = CARTESIAN_POINT('',(-12.73600423396,21.5,-25.95522162649));
#88 = CARTESIAN_POINT('',(-12.83867513459,21.5,-26.04705327174));
#89 = CARTESIAN_POINT('',(-12.94134603522,21.5,-26.13888491699));
#90 = CARTESIAN_POINT('',(-13.04401693585,21.5,-26.23071656224));
#91 = CARTESIAN_POINT('',(-13.14668783648,21.5,-26.32254820749));
#92 = ORIENTED_EDGE('',*,*,#93,.F.);
#93 = EDGE_CURVE('',#94,#83,#96,.T.);
#94 = VERTEX_POINT('',#95);
#95 = CARTESIAN_POINT('',(-12.63333333333,21.5,-22.13661001875));
#96 = CIRCLE('',#97,2.5);
#97 = AXIS2_PLACEMENT_3D('',#98,#99,#100);
#98 = CARTESIAN_POINT('',(-14.3,21.5,-24.));
#99 = DIRECTION('',(-0.,1.,0.));
#100 = DIRECTION('',(0.666666666667,0.,0.7453559925));
#101 = ORIENTED_EDGE('',*,*,#102,.F.);
#102 = EDGE_CURVE('',#103,#94,#105,.T.);
#103 = VERTEX_POINT('',#104);
#104 = CARTESIAN_POINT('',(-13.14668783648,21.5,-21.6774517925));
#105 = B_SPLINE_CURVE_WITH_KNOTS('',5,(#106,#107,#108,#109,#110,#111),
  .UNSPECIFIED.,.F.,.F.,(6,6),(-0.688737339365,0.),
  .PIECEWISE_BEZIER_KNOTS.);
#106 = CARTESIAN_POINT('',(-13.14668783648,21.5,-21.6774517925));
#107 = CARTESIAN_POINT('',(-13.04401693585,21.5,-21.76928343775));
#108 = CARTESIAN_POINT('',(-12.94134603522,21.5,-21.861115083));
#109 = CARTESIAN_POINT('',(-12.83867513459,21.5,-21.95294672825));
#110 = CARTESIAN_POINT('',(-12.73600423396,21.5,-22.0447783735));
#111 = CARTESIAN_POINT('',(-12.63333333333,21.5,-22.13661001875));
#112 = ORIENTED_EDGE('',*,*,#113,.F.);
#113 = EDGE_CURVE('',#24,#103,#114,.T.);
#114 = B_SPLINE_CURVE_WITH_KNOTS('',7,(#115,#116,#117,#118,#119,#120,
    #121,#122,#123,#124,#125,#126,#127,#128),.UNSPECIFIED.,.F.,.F.,(8,6,
    8),(-1.263783705276,-1.234227047735,-0.688737339365),.UNSPECIFIED.);
#115 = CARTESIAN_POINT('',(-13.58176426329,21.5,-21.2883076062));
#116 = CARTESIAN_POINT('',(-13.57677075246,21.5,-21.29277393807));
#117 = CARTESIAN_POINT('',(-13.5720849641,21.5,-21.29696503459));
#118 = CARTESIAN_POINT('',(-13.56770689822,21.5,-21.30088089576));
#119 = CARTESIAN_POINT('',(-13.56363655481,21.5,-21.30452152157));
#120 = CARTESIAN_POINT('',(-13.55987393389,21.5,-21.30788691204));
#121 = CARTESIAN_POINT('',(-13.55641903544,21.5,-21.31097706716));
#122 = CARTESIAN_POINT('',(-13.49518842761,21.5,-21.36574338772));
#123 = CARTESIAN_POINT('',(-13.43710499575,21.5,-21.41769478852));
#124 = CARTESIAN_POINT('',(-13.3790215639,21.5,-21.46964618931));
#125 = CARTESIAN_POINT('',(-13.32093813205,21.5,-21.52159759011));
#126 = CARTESIAN_POINT('',(-13.26285470019,21.5,-21.57354899091));
#127 = CARTESIAN_POINT('',(-13.20477126834,21.5,-21.62550039171));
#128 = CARTESIAN_POINT('',(-13.14668783648,21.5,-21.6774517925));
#129 = FACE_BOUND('',#130,.T.);
#130 = EDGE_LOOP('',(#131,#141,#149,#157));
#131 = ORIENTED_EDGE('',*,*,#132,.T.);
#132 = EDGE_CURVE('',#133,#135,#137,.T.);
#133 = VERTEX_POINT('',#134);
#134 = CARTESIAN_POINT('',(-31.5,21.5,-44.));
#135 = VERTEX_POINT('',#136);
#136 = CARTESIAN_POINT('',(-31.5,21.5,44.));
#137 = LINE('',#138,#139);
#138 = CARTESIAN_POINT('',(-31.5,21.5,-45.));
#139 = VECTOR('',#140,1.);
#140 = DIRECTION('',(0.,0.,1.));
#141 = ORIENTED_EDGE('',*,*,#142,.F.);
#142 = EDGE_CURVE('',#143,#135,#145,.T.);
#143 = VERTEX_POINT('',#144);
#144 = CARTESIAN_POINT('',(31.5,21.5,44.));
#145 = LINE('',#146,#147);
#146 = CARTESIAN_POINT('',(31.5,21.5,44.));
#147 = VECTOR('',#148,1.);
#148 = DIRECTION('',(-1.,0.,0.));
#149 = ORIENTED_EDGE('',*,*,#150,.F.);
#150 = EDGE_CURVE('',#151,#143,#153,.T.);
#151 = VERTEX_POINT('',#152);
#152 = CARTESIAN_POINT('',(31.5,21.5,-44.));
#153 = LINE('',#154,#155);
#154 = CARTESIAN_POINT('',(31.5,21.5,-45.));
#155 = VECTOR('',#156,1.);
#156 = DIRECTION('',(0.,0.,1.));
#157 = ORIENTED_EDGE('',*,*,#158,.T.);
#158 = EDGE_CURVE('',#151,#133,#159,.T.);
#159 = LINE('',#160,#161);
#160 = CARTESIAN_POINT('',(31.5,21.5,-44.));
#161 = VECTOR('',#162,1.);
#162 = DIRECTION('',(-1.,0.,0.));
#163 = FACE_BOUND('',#164,.T.);
#164 = EDGE_LOOP('',(#165));
#165 = ORIENTED_EDGE('',*,*,#166,.T.);
#166 = EDGE_CURVE('',#167,#167,#169,.T.);
#167 = VERTEX_POINT('',#168);
#168 = CARTESIAN_POINT('',(-17.,21.5,-37.5));
#169 = CIRCLE('',#170,2.5);
#170 = AXIS2_PLACEMENT_3D('',#171,#172,#173);
#171 = CARTESIAN_POINT('',(-19.5,21.5,-37.5));
#172 = DIRECTION('',(0.,-1.,2.2E-16));
#173 = DIRECTION('',(1.,0.,0.));
#174 = FACE_BOUND('',#175,.T.);
#175 = EDGE_LOOP('',(#176));
#176 = ORIENTED_EDGE('',*,*,#177,.T.);
#177 = EDGE_CURVE('',#178,#178,#180,.T.);
#178 = VERTEX_POINT('',#179);
#179 = CARTESIAN_POINT('',(-17.,21.5,37.5));
#180 = CIRCLE('',#181,2.5);
#181 = AXIS2_PLACEMENT_3D('',#182,#183,#184);
#182 = CARTESIAN_POINT('',(-19.5,21.5,37.5));
#183 = DIRECTION('',(0.,-1.,2.2E-16));
#184 = DIRECTION('',(1.,0.,0.));
#185 = FACE_BOUND('',#186,.T.);
#186 = EDGE_LOOP('',(#187));
#187 = ORIENTED_EDGE('',*,*,#188,.T.);
#188 = EDGE_CURVE('',#189,#189,#191,.T.);
#189 = VERTEX_POINT('',#190);
#190 = CARTESIAN_POINT('',(22.,21.5,-37.5));
#191 = CIRCLE('',#192,2.5);
#192 = AXIS2_PLACEMENT_3D('',#193,#194,#195);
#193 = CARTESIAN_POINT('',(19.5,21.5,-37.5));
#194 = DIRECTION('',(0.,-1.,2.2E-16));
#195 = DIRECTION('',(1.,0.,0.));
#196 = FACE_BOUND('',#197,.T.);
#197 = EDGE_LOOP('',(#198));
#198 = ORIENTED_EDGE('',*,*,#199,.F.);
#199 = EDGE_CURVE('',#200,#200,#202,.T.);
#200 = VERTEX_POINT('',#201);
#201 = CARTESIAN_POINT('',(-8.5,21.5,0.));
#202 = CIRCLE('',#203,8.5);
#203 = AXIS2_PLACEMENT_3D('',#204,#205,#206);
#204 = CARTESIAN_POINT('',(0.,21.5,0.));
#205 = DIRECTION('',(0.,1.,-0.));
#206 = DIRECTION('',(-1.,0.,0.));
#207 = FACE_BOUND('',#208,.T.);
#208 = EDGE_LOOP('',(#209));
#209 = ORIENTED_EDGE('',*,*,#210,.T.);
#210 = EDGE_CURVE('',#211,#211,#213,.T.);
#211 = VERTEX_POINT('',#212);
#212 = CARTESIAN_POINT('',(22.,21.5,37.5));
#213 = CIRCLE('',#214,2.5);
#214 = AXIS2_PLACEMENT_3D('',#215,#216,#217);
#215 = CARTESIAN_POINT('',(19.5,21.5,37.5));
#216 = DIRECTION('',(0.,-1.,2.2E-16));
#217 = DIRECTION('',(1.,0.,0.));
#218 = FACE_BOUND('',#219,.T.);
#219 = EDGE_LOOP('',(#220,#230,#238,#246,#254,#262,#281,#292,#301,#312)
  );
#220 = ORIENTED_EDGE('',*,*,#221,.F.);
#221 = EDGE_CURVE('',#222,#224,#226,.T.);
#222 = VERTEX_POINT('',#223);
#223 = CARTESIAN_POINT('',(-13.29999999999,21.5,27.7));
#224 = VERTEX_POINT('',#225);
#225 = CARTESIAN_POINT('',(-13.29999999999,21.5,26.45967477525));
#226 = LINE('',#227,#228);
#227 = CARTESIAN_POINT('',(-13.29999999999,21.5,26.7));
#228 = VECTOR('',#229,1.);
#229 = DIRECTION('',(0.,-2.2E-16,-1.));
#230 = ORIENTED_EDGE('',*,*,#231,.F.);
#231 = EDGE_CURVE('',#232,#222,#234,.T.);
#232 = VERTEX_POINT('',#233);
#233 = CARTESIAN_POINT('',(-17.5,21.5,27.7));
#234 = LINE('',#235,#236);
#235 = CARTESIAN_POINT('',(-16.5,21.5,27.7));
#236 = VECTOR('',#237,1.);
#237 = DIRECTION('',(1.,0.,0.));
#238 = ORIENTED_EDGE('',*,*,#239,.F.);
#239 = EDGE_CURVE('',#240,#232,#242,.T.);
#240 = VERTEX_POINT('',#241);
#241 = CARTESIAN_POINT('',(-17.5,21.5,20.3));
#242 = LINE('',#243,#244);
#243 = CARTESIAN_POINT('',(-17.5,21.5,21.3));
#244 = VECTOR('',#245,1.);
#245 = DIRECTION('',(0.,2.2E-16,1.));
#246 = ORIENTED_EDGE('',*,*,#247,.F.);
#247 = EDGE_CURVE('',#248,#240,#250,.T.);
#248 = VERTEX_POINT('',#249);
#249 = CARTESIAN_POINT('',(-13.29999999999,21.5,20.3));
#250 = LINE('',#251,#252);
#251 = CARTESIAN_POINT('',(-14.29999999999,21.5,20.3));
#252 = VECTOR('',#253,1.);
#253 = DIRECTION('',(-1.,0.,0.));
#254 = ORIENTED_EDGE('',*,*,#255,.F.);
#255 = EDGE_CURVE('',#256,#248,#258,.T.);
#256 = VERTEX_POINT('',#257);
#257 = CARTESIAN_POINT('',(-13.29999999999,21.5,21.54032522475));
#258 = LINE('',#259,#260);
#259 = CARTESIAN_POINT('',(-13.29999999999,21.5,26.7));
#260 = VECTOR('',#261,1.);
#261 = DIRECTION('',(0.,-2.2E-16,-1.));
#262 = ORIENTED_EDGE('',*,*,#263,.F.);
#263 = EDGE_CURVE('',#264,#256,#266,.T.);
#264 = VERTEX_POINT('',#265);
#265 = CARTESIAN_POINT('',(-13.14668783648,21.5,21.677451792508));
#266 = B_SPLINE_CURVE_WITH_KNOTS('',7,(#267,#268,#269,#270,#271,#272,
    #273,#274,#275,#276,#277,#278,#279,#280),.UNSPECIFIED.,.F.,.F.,(8,6,
    8),(3.211943351066,3.757433059425,3.786989716966),.UNSPECIFIED.);
#267 = CARTESIAN_POINT('',(-13.14668783648,21.5,21.677451792508));
#268 = CARTESIAN_POINT('',(-13.20477126833,21.5,21.625500391711));
#269 = CARTESIAN_POINT('',(-13.26285470019,21.5,21.573548990915));
#270 = CARTESIAN_POINT('',(-13.32093813204,21.5,21.521597590119));
#271 = CARTESIAN_POINT('',(-13.37902156389,21.5,21.469646189323));
#272 = CARTESIAN_POINT('',(-13.43710499575,21.5,21.417694788527));
#273 = CARTESIAN_POINT('',(-13.4951884276,21.5,21.365743387731));
#274 = CARTESIAN_POINT('',(-13.55641903543,21.5,21.310977067169));
#275 = CARTESIAN_POINT('',(-13.55987393388,21.5,21.307886912052));
#276 = CARTESIAN_POINT('',(-13.5636365548,21.5,21.304521521586));
#277 = CARTESIAN_POINT('',(-13.56770689821,21.5,21.300880895769));
#278 = CARTESIAN_POINT('',(-13.57208496409,21.5,21.296965034602));
#279 = CARTESIAN_POINT('',(-13.57677075244,21.5,21.292773938084));
#280 = CARTESIAN_POINT('',(-13.58176426328,21.5,21.288307606216));
#281 = ORIENTED_EDGE('',*,*,#282,.F.);
#282 = EDGE_CURVE('',#283,#264,#285,.T.);
#283 = VERTEX_POINT('',#284);
#284 = CARTESIAN_POINT('',(-12.63333333333,21.5,22.136610018752));
#285 = B_SPLINE_CURVE_WITH_KNOTS('',5,(#286,#287,#288,#289,#290,#291),
  .UNSPECIFIED.,.F.,.F.,(6,6),(2.5232060117,3.211943351066),
  .PIECEWISE_BEZIER_KNOTS.);
#286 = CARTESIAN_POINT('',(-12.63333333333,21.5,22.136610018752));
#287 = CARTESIAN_POINT('',(-12.73600423396,21.5,22.044778373503));
#288 = CARTESIAN_POINT('',(-12.83867513459,21.5,21.952946728254));
#289 = CARTESIAN_POINT('',(-12.94134603522,21.5,21.861115083005));
#290 = CARTESIAN_POINT('',(-13.04401693585,21.5,21.769283437757));
#291 = CARTESIAN_POINT('',(-13.14668783648,21.5,21.677451792508));
#292 = ORIENTED_EDGE('',*,*,#293,.F.);
#293 = EDGE_CURVE('',#294,#283,#296,.T.);
#294 = VERTEX_POINT('',#295);
#295 = CARTESIAN_POINT('',(-12.63333333333,21.5,25.863389981248));
#296 = CIRCLE('',#297,2.5);
#297 = AXIS2_PLACEMENT_3D('',#298,#299,#300);
#298 = CARTESIAN_POINT('',(-14.3,21.5,24.));
#299 = DIRECTION('',(-0.,1.,0.));
#300 = DIRECTION('',(0.666666666668,0.,0.745355992499));
#301 = ORIENTED_EDGE('',*,*,#302,.F.);
#302 = EDGE_CURVE('',#303,#294,#305,.T.);
#303 = VERTEX_POINT('',#304);
#304 = CARTESIAN_POINT('',(-13.14668783648,21.5,26.322548207492));
#305 = B_SPLINE_CURVE_WITH_KNOTS('',5,(#306,#307,#308,#309,#310,#311),
  .UNSPECIFIED.,.F.,.F.,(6,6),(-0.688737339366,0.),
  .PIECEWISE_BEZIER_KNOTS.);
#306 = CARTESIAN_POINT('',(-13.14668783648,21.5,26.322548207492));
#307 = CARTESIAN_POINT('',(-13.04401693585,21.5,26.230716562244));
#308 = CARTESIAN_POINT('',(-12.94134603522,21.5,26.138884916994));
#309 = CARTESIAN_POINT('',(-12.83867513459,21.5,26.047053271746));
#310 = CARTESIAN_POINT('',(-12.73600423396,21.5,25.955221626497));
#311 = CARTESIAN_POINT('',(-12.63333333333,21.5,25.863389981248));
#312 = ORIENTED_EDGE('',*,*,#313,.F.);
#313 = EDGE_CURVE('',#224,#303,#314,.T.);
#314 = B_SPLINE_CURVE_WITH_KNOTS('',7,(#315,#316,#317,#318,#319,#320,
    #321,#322,#323,#324,#325,#326,#327,#328),.UNSPECIFIED.,.F.,.F.,(8,6,
    8),(-1.263783705266,-1.234227047725,-0.688737339366),.UNSPECIFIED.);
#315 = CARTESIAN_POINT('',(-13.58176426328,21.5,26.711692393784));
#316 = CARTESIAN_POINT('',(-13.57677075244,21.5,26.707226061916));
#317 = CARTESIAN_POINT('',(-13.57208496409,21.5,26.703034965398));
#318 = CARTESIAN_POINT('',(-13.56770689821,21.5,26.699119104231));
#319 = CARTESIAN_POINT('',(-13.5636365548,21.5,26.695478478414));
#320 = CARTESIAN_POINT('',(-13.55987393388,21.5,26.692113087948));
#321 = CARTESIAN_POINT('',(-13.55641903543,21.5,26.689022932831));
#322 = CARTESIAN_POINT('',(-13.4951884276,21.5,26.634256612269));
#323 = CARTESIAN_POINT('',(-13.43710499575,21.5,26.582305211473));
#324 = CARTESIAN_POINT('',(-13.37902156389,21.5,26.530353810677));
#325 = CARTESIAN_POINT('',(-13.32093813204,21.5,26.478402409881));
#326 = CARTESIAN_POINT('',(-13.26285470019,21.5,26.426451009085));
#327 = CARTESIAN_POINT('',(-13.20477126833,21.5,26.374499608289));
#328 = CARTESIAN_POINT('',(-13.14668783648,21.5,26.322548207492));
#329 = FACE_BOUND('',#330,.T.);
#330 = EDGE_LOOP('',(#331,#341,#349,#357,#365,#373,#392,#403,#412,#423)
  );
#331 = ORIENTED_EDGE('',*,*,#332,.F.);
#332 = EDGE_CURVE('',#333,#335,#337,.T.);
#333 = VERTEX_POINT('',#334);
#334 = CARTESIAN_POINT('',(13.3,21.5,-27.7));
#335 = VERTEX_POINT('',#336);
#336 = CARTESIAN_POINT('',(13.3,21.5,-26.45967477525));
#337 = LINE('',#338,#339);
#338 = CARTESIAN_POINT('',(13.3,21.5,-26.7));
#339 = VECTOR('',#340,1.);
#340 = DIRECTION('',(0.,2.2E-16,1.));
#341 = ORIENTED_EDGE('',*,*,#342,.F.);
#342 = EDGE_CURVE('',#343,#333,#345,.T.);
#343 = VERTEX_POINT('',#344);
#344 = CARTESIAN_POINT('',(17.5,21.5,-27.7));
#345 = LINE('',#346,#347);
#346 = CARTESIAN_POINT('',(16.5,21.5,-27.7));
#347 = VECTOR('',#348,1.);
#348 = DIRECTION('',(-1.,0.,0.));
#349 = ORIENTED_EDGE('',*,*,#350,.F.);
#350 = EDGE_CURVE('',#351,#343,#353,.T.);
#351 = VERTEX_POINT('',#352);
#352 = CARTESIAN_POINT('',(17.5,21.5,-20.3));
#353 = LINE('',#354,#355);
#354 = CARTESIAN_POINT('',(17.5,21.5,-21.3));
#355 = VECTOR('',#356,1.);
#356 = DIRECTION('',(0.,-2.2E-16,-1.));
#357 = ORIENTED_EDGE('',*,*,#358,.F.);
#358 = EDGE_CURVE('',#359,#351,#361,.T.);
#359 = VERTEX_POINT('',#360);
#360 = CARTESIAN_POINT('',(13.3,21.5,-20.3));
#361 = LINE('',#362,#363);
#362 = CARTESIAN_POINT('',(14.3,21.5,-20.3));
#363 = VECTOR('',#364,1.);
#364 = DIRECTION('',(1.,0.,0.));
#365 = ORIENTED_EDGE('',*,*,#366,.F.);
#366 = EDGE_CURVE('',#367,#359,#369,.T.);
#367 = VERTEX_POINT('',#368);
#368 = CARTESIAN_POINT('',(13.3,21.5,-21.54032522475));
#369 = LINE('',#370,#371);
#370 = CARTESIAN_POINT('',(13.3,21.5,-26.7));
#371 = VECTOR('',#372,1.);
#372 = DIRECTION('',(0.,2.2E-16,1.));
#373 = ORIENTED_EDGE('',*,*,#374,.F.);
#374 = EDGE_CURVE('',#375,#367,#377,.T.);
#375 = VERTEX_POINT('',#376);
#376 = CARTESIAN_POINT('',(13.146687836487,21.5,-21.6774517925));
#377 = B_SPLINE_CURVE_WITH_KNOTS('',7,(#378,#379,#380,#381,#382,#383,
    #384,#385,#386,#387,#388,#389,#390,#391),.UNSPECIFIED.,.F.,.F.,(8,6,
    8),(3.211943351068,3.757433059439,3.786989716979),.UNSPECIFIED.);
#378 = CARTESIAN_POINT('',(13.146687836487,21.5,-21.6774517925));
#379 = CARTESIAN_POINT('',(13.204771268341,21.5,-21.62550039171));
#380 = CARTESIAN_POINT('',(13.262854700196,21.5,-21.57354899091));
#381 = CARTESIAN_POINT('',(13.320938132051,21.500000000001,
    -21.52159759011));
#382 = CARTESIAN_POINT('',(13.379021563904,21.499999999999,
    -21.46964618931));
#383 = CARTESIAN_POINT('',(13.437104995759,21.5,-21.41769478852));
#384 = CARTESIAN_POINT('',(13.495188427614,21.5,-21.36574338772));
#385 = CARTESIAN_POINT('',(13.556419035442,21.5,-21.31097706716));
#386 = CARTESIAN_POINT('',(13.559873933892,21.5,-21.30788691204));
#387 = CARTESIAN_POINT('',(13.563636554819,21.5,-21.30452152157));
#388 = CARTESIAN_POINT('',(13.567706898223,21.5,-21.30088089576));
#389 = CARTESIAN_POINT('',(13.572084964103,21.5,-21.29696503459));
#390 = CARTESIAN_POINT('',(13.57677075246,21.5,-21.29277393807));
#391 = CARTESIAN_POINT('',(13.581764263293,21.5,-21.2883076062));
#392 = ORIENTED_EDGE('',*,*,#393,.F.);
#393 = EDGE_CURVE('',#394,#375,#396,.T.);
#394 = VERTEX_POINT('',#395);
#395 = CARTESIAN_POINT('',(12.633333333333,21.5,-22.13661001875));
#396 = B_SPLINE_CURVE_WITH_KNOTS('',5,(#397,#398,#399,#400,#401,#402),
  .UNSPECIFIED.,.F.,.F.,(6,6),(2.523206011703,3.211943351068),
  .PIECEWISE_BEZIER_KNOTS.);
#397 = CARTESIAN_POINT('',(12.633333333333,21.5,-22.13661001875));
#398 = CARTESIAN_POINT('',(12.736004233964,21.5,-22.0447783735));
#399 = CARTESIAN_POINT('',(12.838675134595,21.5,-21.95294672825));
#400 = CARTESIAN_POINT('',(12.941346035225,21.5,-21.861115083));
#401 = CARTESIAN_POINT('',(13.044016935856,21.5,-21.76928343775));
#402 = CARTESIAN_POINT('',(13.146687836487,21.5,-21.6774517925));
#403 = ORIENTED_EDGE('',*,*,#404,.F.);
#404 = EDGE_CURVE('',#405,#394,#407,.T.);
#405 = VERTEX_POINT('',#406);
#406 = CARTESIAN_POINT('',(12.633333333333,21.5,-25.86338998125));
#407 = CIRCLE('',#408,2.5);
#408 = AXIS2_PLACEMENT_3D('',#409,#410,#411);
#409 = CARTESIAN_POINT('',(14.3,21.5,-24.));
#410 = DIRECTION('',(0.,1.,0.));
#411 = DIRECTION('',(-0.666666666667,0.,-0.7453559925));
#412 = ORIENTED_EDGE('',*,*,#413,.F.);
#413 = EDGE_CURVE('',#414,#405,#416,.T.);
#414 = VERTEX_POINT('',#415);
#415 = CARTESIAN_POINT('',(13.146687836487,21.5,-26.32254820749));
#416 = B_SPLINE_CURVE_WITH_KNOTS('',5,(#417,#418,#419,#420,#421,#422),
  .UNSPECIFIED.,.F.,.F.,(6,6),(-0.688737339365,0.),
  .PIECEWISE_BEZIER_KNOTS.);
#417 = CARTESIAN_POINT('',(13.146687836487,21.5,-26.32254820749));
#418 = CARTESIAN_POINT('',(13.044016935856,21.5,-26.23071656224));
#419 = CARTESIAN_POINT('',(12.941346035225,21.5,-26.13888491699));
#420 = CARTESIAN_POINT('',(12.838675134594,21.5,-26.04705327174));
#421 = CARTESIAN_POINT('',(12.736004233964,21.5,-25.95522162649));
#422 = CARTESIAN_POINT('',(12.633333333333,21.5,-25.86338998125));
#423 = ORIENTED_EDGE('',*,*,#424,.F.);
#424 = EDGE_CURVE('',#335,#414,#425,.T.);
#425 = B_SPLINE_CURVE_WITH_KNOTS('',7,(#426,#427,#428,#429,#430,#431,
    #432,#433,#434,#435,#436,#437,#438,#439),.UNSPECIFIED.,.F.,.F.,(8,6,
    8),(-1.263783705276,-1.234227047736,-0.688737339365),.UNSPECIFIED.);
#426 = CARTESIAN_POINT('',(13.581764263293,21.5,-26.71169239379));
#427 = CARTESIAN_POINT('',(13.57677075246,21.5,-26.70722606192));
#428 = CARTESIAN_POINT('',(13.572084964103,21.5,-26.7030349654));
#429 = CARTESIAN_POINT('',(13.567706898223,21.5,-26.69911910423));
#430 = CARTESIAN_POINT('',(13.563636554819,21.5,-26.69547847842));
#431 = CARTESIAN_POINT('',(13.559873933892,21.5,-26.69211308795));
#432 = CARTESIAN_POINT('',(13.556419035442,21.5,-26.68902293283));
#433 = CARTESIAN_POINT('',(13.495188427614,21.5,-26.63425661227));
#434 = CARTESIAN_POINT('',(13.437104995759,21.5,-26.58230521147));
#435 = CARTESIAN_POINT('',(13.379021563905,21.5,-26.53035381068));
#436 = CARTESIAN_POINT('',(13.32093813205,21.5,-26.47840240988));
#437 = CARTESIAN_POINT('',(13.262854700196,21.5,-26.42645100908));
#438 = CARTESIAN_POINT('',(13.204771268341,21.5,-26.37449960829));
#439 = CARTESIAN_POINT('',(13.146687836487,21.5,-26.32254820749));
#440 = FACE_BOUND('',#441,.T.);
#441 = EDGE_LOOP('',(#442,#452,#460,#468,#476,#484,#503,#514,#523,#534)
  );
#442 = ORIENTED_EDGE('',*,*,#443,.F.);
#443 = EDGE_CURVE('',#444,#446,#448,.T.);
#444 = VERTEX_POINT('',#445);
#445 = CARTESIAN_POINT('',(13.3,21.5,20.3));
#446 = VERTEX_POINT('',#447);
#447 = CARTESIAN_POINT('',(13.3,21.5,21.54032522475));
#448 = LINE('',#449,#450);
#449 = CARTESIAN_POINT('',(13.3,21.5,21.3));
#450 = VECTOR('',#451,1.);
#451 = DIRECTION('',(0.,2.2E-16,1.));
#452 = ORIENTED_EDGE('',*,*,#453,.F.);
#453 = EDGE_CURVE('',#454,#444,#456,.T.);
#454 = VERTEX_POINT('',#455);
#455 = CARTESIAN_POINT('',(17.5,21.5,20.3));
#456 = LINE('',#457,#458);
#457 = CARTESIAN_POINT('',(16.5,21.5,20.3));
#458 = VECTOR('',#459,1.);
#459 = DIRECTION('',(-1.,0.,0.));
#460 = ORIENTED_EDGE('',*,*,#461,.F.);
#461 = EDGE_CURVE('',#462,#454,#464,.T.);
#462 = VERTEX_POINT('',#463);
#463 = CARTESIAN_POINT('',(17.5,21.5,27.7));
#464 = LINE('',#465,#466);
#465 = CARTESIAN_POINT('',(17.5,21.5,26.7));
#466 = VECTOR('',#467,1.);
#467 = DIRECTION('',(0.,-2.2E-16,-1.));
#468 = ORIENTED_EDGE('',*,*,#469,.F.);
#469 = EDGE_CURVE('',#470,#462,#472,.T.);
#470 = VERTEX_POINT('',#471);
#471 = CARTESIAN_POINT('',(13.3,21.5,27.7));
#472 = LINE('',#473,#474);
#473 = CARTESIAN_POINT('',(14.3,21.5,27.7));
#474 = VECTOR('',#475,1.);
#475 = DIRECTION('',(1.,0.,0.));
#476 = ORIENTED_EDGE('',*,*,#477,.F.);
#477 = EDGE_CURVE('',#478,#470,#480,.T.);
#478 = VERTEX_POINT('',#479);
#479 = CARTESIAN_POINT('',(13.3,21.5,26.45967477525));
#480 = LINE('',#481,#482);
#481 = CARTESIAN_POINT('',(13.3,21.5,21.3));
#482 = VECTOR('',#483,1.);
#483 = DIRECTION('',(0.,2.2E-16,1.));
#484 = ORIENTED_EDGE('',*,*,#485,.F.);
#485 = EDGE_CURVE('',#486,#478,#488,.T.);
#486 = VERTEX_POINT('',#487);
#487 = CARTESIAN_POINT('',(13.146687836487,21.5,26.322548207493));
#488 = B_SPLINE_CURVE_WITH_KNOTS('',7,(#489,#490,#491,#492,#493,#494,
    #495,#496,#497,#498,#499,#500,#501,#502),.UNSPECIFIED.,.F.,.F.,(8,6,
    8),(3.211943351068,3.757433059368,3.786989716913),.UNSPECIFIED.);
#489 = CARTESIAN_POINT('',(13.146687836487,21.5,26.322548207493));
#490 = CARTESIAN_POINT('',(13.204771268334,21.5,26.374499608283));
#491 = CARTESIAN_POINT('',(13.262854700181,21.5,26.426451009074));
#492 = CARTESIAN_POINT('',(13.320938132027,21.499999999999,
    26.478402409863));
#493 = CARTESIAN_POINT('',(13.379021563875,21.500000000001,
    26.530353810655));
#494 = CARTESIAN_POINT('',(13.437104995721,21.5,26.582305211445));
#495 = CARTESIAN_POINT('',(13.495188427569,21.5,26.634256612236));
#496 = CARTESIAN_POINT('',(13.55641903539,21.5,26.689022932792));
#497 = CARTESIAN_POINT('',(13.55987393384,21.5,26.692113087909));
#498 = CARTESIAN_POINT('',(13.563636554767,21.5,26.695478478375));
#499 = CARTESIAN_POINT('',(13.567706898171,21.5,26.699119104192));
#500 = CARTESIAN_POINT('',(13.572084964051,21.5,26.703034965359));
#501 = CARTESIAN_POINT('',(13.576770752408,21.5,26.707226061877));
#502 = CARTESIAN_POINT('',(13.581764263241,21.5,26.711692393744));
#503 = ORIENTED_EDGE('',*,*,#504,.F.);
#504 = EDGE_CURVE('',#505,#486,#507,.T.);
#505 = VERTEX_POINT('',#506);
#506 = CARTESIAN_POINT('',(12.633333333333,21.5,25.86338998125));
#507 = B_SPLINE_CURVE_WITH_KNOTS('',5,(#508,#509,#510,#511,#512,#513),
  .UNSPECIFIED.,.F.,.F.,(6,6),(2.523206011704,3.211943351068),
  .PIECEWISE_BEZIER_KNOTS.);
#508 = CARTESIAN_POINT('',(12.633333333333,21.5,25.86338998125));
#509 = CARTESIAN_POINT('',(12.736004233964,21.5,25.955221626498));
#510 = CARTESIAN_POINT('',(12.838675134595,21.5,26.047053271747));
#511 = CARTESIAN_POINT('',(12.941346035226,21.5,26.138884916996));
#512 = CARTESIAN_POINT('',(13.044016935856,21.5,26.230716562244));
#513 = CARTESIAN_POINT('',(13.146687836487,21.5,26.322548207493));
#514 = ORIENTED_EDGE('',*,*,#515,.F.);
#515 = EDGE_CURVE('',#516,#505,#518,.T.);
#516 = VERTEX_POINT('',#517);
#517 = CARTESIAN_POINT('',(12.633333333333,21.5,22.13661001875));
#518 = CIRCLE('',#519,2.5);
#519 = AXIS2_PLACEMENT_3D('',#520,#521,#522);
#520 = CARTESIAN_POINT('',(14.3,21.5,24.));
#521 = DIRECTION('',(0.,1.,0.));
#522 = DIRECTION('',(-0.666666666667,0.,-0.7453559925));
#523 = ORIENTED_EDGE('',*,*,#524,.F.);
#524 = EDGE_CURVE('',#525,#516,#527,.T.);
#525 = VERTEX_POINT('',#526);
#526 = CARTESIAN_POINT('',(13.146687836487,21.5,21.677451792507));
#527 = B_SPLINE_CURVE_WITH_KNOTS('',5,(#528,#529,#530,#531,#532,#533),
  .UNSPECIFIED.,.F.,.F.,(6,6),(-0.688737339364,0.),
  .PIECEWISE_BEZIER_KNOTS.);
#528 = CARTESIAN_POINT('',(13.146687836487,21.5,21.677451792507));
#529 = CARTESIAN_POINT('',(13.044016935856,21.5,21.769283437756));
#530 = CARTESIAN_POINT('',(12.941346035226,21.5,21.861115083004));
#531 = CARTESIAN_POINT('',(12.838675134595,21.5,21.952946728253));
#532 = CARTESIAN_POINT('',(12.736004233964,21.5,22.044778373502));
#533 = CARTESIAN_POINT('',(12.633333333333,21.5,22.13661001875));
#534 = ORIENTED_EDGE('',*,*,#535,.F.);
#535 = EDGE_CURVE('',#446,#525,#536,.T.);
#536 = B_SPLINE_CURVE_WITH_KNOTS('',7,(#537,#538,#539,#540,#541,#542,
    #543,#544,#545,#546,#547,#548,#549,#550),.UNSPECIFIED.,.F.,.F.,(8,6,
    8),(-1.263783705278,-1.234227047737,-0.688737339364),.UNSPECIFIED.);
#537 = CARTESIAN_POINT('',(13.581764263295,21.5,21.288307606207));
#538 = CARTESIAN_POINT('',(13.576770752461,21.5,21.292773938075));
#539 = CARTESIAN_POINT('',(13.572084964105,21.5,21.296965034593));
#540 = CARTESIAN_POINT('',(13.567706898224,21.5,21.30088089576));
#541 = CARTESIAN_POINT('',(13.563636554821,21.5,21.304521521577));
#542 = CARTESIAN_POINT('',(13.559873933894,21.5,21.307886912044));
#543 = CARTESIAN_POINT('',(13.556419035443,21.5,21.31097706716));
#544 = CARTESIAN_POINT('',(13.495188427615,21.5,21.365743387723));
#545 = CARTESIAN_POINT('',(13.43710499576,21.5,21.41769478852));
#546 = CARTESIAN_POINT('',(13.379021563906,21.500000000001,
    21.469646189318));
#547 = CARTESIAN_POINT('',(13.320938132051,21.499999999999,
    21.521597590115));
#548 = CARTESIAN_POINT('',(13.262854700197,21.5,21.573548990913));
#549 = CARTESIAN_POINT('',(13.204771268342,21.5,21.62550039171));
#550 = CARTESIAN_POINT('',(13.146687836487,21.5,21.677451792507));
#551 = PLANE('',#552);
#552 = AXIS2_PLACEMENT_3D('',#553,#554,#555);
#553 = CARTESIAN_POINT('',(-2.97E-15,21.5,-5.6E-16));
#554 = DIRECTION('',(0.,1.,0.));
#555 = DIRECTION('',(0.,0.,1.));
#556 = ADVANCED_FACE('',(#557),#644,.F.);
#557 = FACE_BOUND('',#558,.T.);
#558 = EDGE_LOOP('',(#559,#570,#578,#584,#585));
#559 = ORIENTED_EDGE('',*,*,#560,.F.);
#560 = EDGE_CURVE('',#561,#563,#565,.T.);
#561 = VERTEX_POINT('',#562);
#562 = CARTESIAN_POINT('',(-14.3,20.5,-22.06350832689));
#563 = VERTEX_POINT('',#564);
#564 = CARTESIAN_POINT('',(-14.2938372467,20.506162637565,
    -22.14176926074));
#565 = ELLIPSE('',#566,0.707106781187,0.5);
#566 = AXIS2_PLACEMENT_3D('',#567,#568,#569);
#567 = CARTESIAN_POINT('',(-13.8,21.,-22.06350832689));
#568 = DIRECTION('',(0.707106781187,-0.707106781187,0.));
#569 = DIRECTION('',(0.707106781187,0.707106781187,-3.1E-16));
#570 = ORIENTED_EDGE('',*,*,#571,.F.);
#571 = EDGE_CURVE('',#572,#561,#574,.T.);
#572 = VERTEX_POINT('',#573);
#573 = CARTESIAN_POINT('',(-14.3,20.5,-21.3));
#574 = LINE('',#575,#576);
#575 = CARTESIAN_POINT('',(-14.3,20.5,-21.3));
#576 = VECTOR('',#577,1.);
#577 = DIRECTION('',(0.,-2.2E-16,-1.));
#578 = ORIENTED_EDGE('',*,*,#579,.F.);
#579 = EDGE_CURVE('',#22,#572,#580,.T.);
#580 = LINE('',#581,#582);
#581 = CARTESIAN_POINT('',(-14.33333333333,20.466666666667,
    -21.33333333333));
#582 = VECTOR('',#583,1.);
#583 = DIRECTION('',(-0.57735026919,-0.57735026919,-0.57735026919));
#584 = ORIENTED_EDGE('',*,*,#21,.T.);
#585 = ORIENTED_EDGE('',*,*,#586,.T.);
#586 = EDGE_CURVE('',#24,#563,#587,.T.);
#587 = B_SPLINE_CURVE_WITH_KNOTS('',7,(#588,#589,#590,#591,#592,#593,
    #594,#595,#596,#597,#598,#599,#600,#601,#602,#603,#604,#605,#606,
    #607,#608,#609,#610,#611,#612,#613,#614,#615,#616,#617,#618,#619,
    #620,#621,#622,#623,#624,#625,#626,#627,#628,#629,#630,#631,#632,
    #633,#634,#635,#636,#637,#638,#639,#640,#641,#642,#643),
  .UNSPECIFIED.,.F.,.F.,(8,6,6,6,6,6,6,6,6,8),(0.,0.122090666091,
    0.222998859912,0.430455960619,0.663539128059,0.819992368052,
    0.911426934036,0.950032735049,0.971235356623,1.),.UNSPECIFIED.);
#588 = CARTESIAN_POINT('',(-13.3,21.5,-21.54032522475));
#589 = CARTESIAN_POINT('',(-13.31718550056,21.482814499438,
    -21.55387233566));
#590 = CARTESIAN_POINT('',(-13.33436806276,21.465631937239,
    -21.56742995327));
#591 = CARTESIAN_POINT('',(-13.35154865971,21.448451340288,
    -21.58099459267));
#592 = CARTESIAN_POINT('',(-13.36872826342,21.431271736575,
    -21.59456277806));
#593 = CARTESIAN_POINT('',(-13.3859078448,21.414092155196,
    -21.60813104275));
#594 = CARTESIAN_POINT('',(-13.40308837364,21.396911626353,
    -21.62169592921));
#595 = CARTESIAN_POINT('',(-13.43447214578,21.365527854213,
    -21.64645975406));
#596 = CARTESIAN_POINT('',(-13.44867478674,21.351325213253,
    -21.65766082416));
#597 = CARTESIAN_POINT('',(-13.46287929048,21.337120709515,
    -21.66885524356));
#598 = CARTESIAN_POINT('',(-13.47708621915,21.322913780845,
    -21.68004098996));
#599 = CARTESIAN_POINT('',(-13.49129614811,21.308703851888,
    -21.69121597452));
#600 = CARTESIAN_POINT('',(-13.5055096659,21.294490334092,
    -21.70237804185));
#601 = CARTESIAN_POINT('',(-13.54895755321,21.251042446786,
    -21.73644193349));
#602 = CARTESIAN_POINT('',(-13.57820529302,21.221794706976,
    -21.75929482594));
#603 = CARTESIAN_POINT('',(-13.60747615598,21.192523844019,
    -21.78206395746));
#604 = CARTESIAN_POINT('',(-13.63677571432,21.163224285677,
    -21.80472820104));
#605 = CARTESIAN_POINT('',(-13.66611001669,21.133889983309,
    -21.82726321646));
#606 = CARTESIAN_POINT('',(-13.69548605454,21.104513945454,
    -21.84963967423));
#607 = CARTESIAN_POINT('',(-13.75797326062,21.042026739374,
    -21.89674328475));
#608 = CARTESIAN_POINT('',(-13.79109480115,21.008905198841,
    -21.92141678631));
#609 = CARTESIAN_POINT('',(-13.82429188754,20.975708112459,
    -21.94579436939));
#610 = CARTESIAN_POINT('',(-13.85757948303,20.94242051696,-21.969808228)
  );
#611 = CARTESIAN_POINT('',(-13.89097163978,20.909028360217,
    -21.99337521443));
#612 = CARTESIAN_POINT('',(-13.92448606788,20.875513932119,
    -22.01637636548));
#613 = CARTESIAN_POINT('',(-13.98075323035,20.819246769647,
    -22.05353580887));
#614 = CARTESIAN_POINT('',(-14.00341227677,20.79658772323,
    -22.06810902603));
#615 = CARTESIAN_POINT('',(-14.02615000555,20.773849994445,
    -22.08227468177));
#616 = CARTESIAN_POINT('',(-14.04897727879,20.751022721204,
    -22.0959556159));
#617 = CARTESIAN_POINT('',(-14.07190011708,20.728099882915,
    -22.10902590621));
#618 = CARTESIAN_POINT('',(-14.09491807198,20.70508192802,
    -22.12132866613));
#619 = CARTESIAN_POINT('',(-14.1315573425,20.668442657491,-22.1390857271
    ));
#620 = CARTESIAN_POINT('',(-14.14509080259,20.654909197409,
    -22.14525292752));
#621 = CARTESIAN_POINT('',(-14.15866173744,20.641338262554,
    -22.15098008356));
#622 = CARTESIAN_POINT('',(-14.17227047504,20.627729524955,
    -22.15618259665));
#623 = CARTESIAN_POINT('',(-14.18589775317,20.614102246822,
    -22.16071897203));
#624 = CARTESIAN_POINT('',(-14.19950611053,20.600493889466,
    -22.16441454213));
#625 = CARTESIAN_POINT('',(-14.21875239147,20.581247608527,
    -22.16796709596));
#626 = CARTESIAN_POINT('',(-14.22444779696,20.57555220304,
    -22.16880740078));
#627 = CARTESIAN_POINT('',(-14.230121367,20.569878632993,-22.16940675941
    ));
#628 = CARTESIAN_POINT('',(-14.23576359904,20.564236400951,
    -22.16973212461));
#629 = CARTESIAN_POINT('',(-14.24135866776,20.558641332231,
    -22.16974233741));
#630 = CARTESIAN_POINT('',(-14.24688411356,20.553115886431,
    -22.16938647792));
#631 = CARTESIAN_POINT('',(-14.25529076387,20.544709236128,
    -22.16817149311));
#632 = CARTESIAN_POINT('',(-14.25824017666,20.541759823332,
    -22.16761162471));
#633 = CARTESIAN_POINT('',(-14.26115360375,20.538846396242,
    -22.16691249026));
#634 = CARTESIAN_POINT('',(-14.264024067,20.535975932994,-22.16606290436
    ));
#635 = CARTESIAN_POINT('',(-14.26684297028,20.533157029711,
    -22.16505120568));
#636 = CARTESIAN_POINT('',(-14.26960029398,20.53039970601,
    -22.16386584581));
#637 = CARTESIAN_POINT('',(-14.27592672383,20.524073276167,
    -22.16063754017));
#638 = CARTESIAN_POINT('',(-14.2794371766,20.520562823392,
    -22.15843802683));
#639 = CARTESIAN_POINT('',(-14.28278335841,20.517216641581,
    -22.15587290813));
#640 = CARTESIAN_POINT('',(-14.28592886843,20.514071131565,
    -22.15292186866));
#641 = CARTESIAN_POINT('',(-14.2888381834,20.511161816594,
    -22.14957617147));
#642 = CARTESIAN_POINT('',(-14.29148114667,20.508518853322,
    -22.1458460221));
#643 = CARTESIAN_POINT('',(-14.29383745721,20.50616254279,
    -22.14176793243));
#644 = PLANE('',#645);
#645 = AXIS2_PLACEMENT_3D('',#646,#647,#648);
#646 = CARTESIAN_POINT('',(-13.8,21.,-21.3));
#647 = DIRECTION('',(0.707106781187,-0.707106781187,0.));
#648 = DIRECTION('',(1.1E-16,1.1E-16,1.));
#649 = ADVANCED_FACE('',(#650),#678,.F.);
#650 = FACE_BOUND('',#651,.F.);
#651 = EDGE_LOOP('',(#652,#653,#672,#677));
#652 = ORIENTED_EDGE('',*,*,#586,.T.);
#653 = ORIENTED_EDGE('',*,*,#654,.T.);
#654 = EDGE_CURVE('',#563,#655,#657,.T.);
#655 = VERTEX_POINT('',#656);
#656 = CARTESIAN_POINT('',(-13.925,20.514122529507,-22.54763124517));
#657 = B_SPLINE_CURVE_WITH_KNOTS('',7,(#658,#659,#660,#661,#662,#663,
    #664,#665,#666,#667,#668,#669,#670,#671),.UNSPECIFIED.,.F.,.F.,(8,6,
    8),(-1.263783705276,-1.234227047735,-0.688737339365),.UNSPECIFIED.);
#658 = CARTESIAN_POINT('',(-14.29980573934,20.503475458007,
    -22.10410725206));
#659 = CARTESIAN_POINT('',(-14.29895309753,20.503859340801,
    -22.10948753902));
#660 = CARTESIAN_POINT('',(-14.29810045573,20.504243223595,
    -22.11486782597));
#661 = CARTESIAN_POINT('',(-14.29724781392,20.504627106389,
    -22.12024811293));
#662 = CARTESIAN_POINT('',(-14.29639517212,20.505010989183,
    -22.12562839988));
#663 = CARTESIAN_POINT('',(-14.29554253031,20.505394871977,
    -22.13100868683));
#664 = CARTESIAN_POINT('',(-14.29468988851,20.505778754771,
    -22.13638897379));
#665 = CARTESIAN_POINT('',(-14.27810111926,20.513247474987,
    -22.24106638721));
#666 = CARTESIAN_POINT('',(-14.24227853725,20.521652628468,
    -22.31790617475));
#667 = CARTESIAN_POINT('',(-14.19857796958,20.526311798869,
    -22.38593810656));
#668 = CARTESIAN_POINT('',(-14.14403869813,20.528265658553,
    -22.44185199915));
#669 = CARTESIAN_POINT('',(-14.08150524606,20.526303580248,
    -22.4888281261));
#670 = CARTESIAN_POINT('',(-14.00993522689,20.520964388357,
    -22.52570106388));
#671 = CARTESIAN_POINT('',(-13.925,20.514122529507,-22.54763124517));
#672 = ORIENTED_EDGE('',*,*,#673,.F.);
#673 = EDGE_CURVE('',#103,#655,#674,.T.);
#674 = B_SPLINE_CURVE_WITH_KNOTS('',1,(#675,#676),.UNSPECIFIED.,.F.,.F.,
  (2,2),(0.,0.545489708371),.PIECEWISE_BEZIER_KNOTS.);
#675 = CARTESIAN_POINT('',(-13.14668783648,21.5,-21.6774517925));
#676 = CARTESIAN_POINT('',(-13.925,20.514122529507,-22.54763124517));
#677 = ORIENTED_EDGE('',*,*,#113,.F.);
#678 = B_SPLINE_SURFACE_WITH_KNOTS('',1,7,(
    (#679,#680,#681,#682,#683,#684,#685,#686,#687,#688,#689,#690,#691
      ,#692)
    ,(#693,#694,#695,#696,#697,#698,#699,#700,#701,#702,#703,#704,#705
      ,#706
    )),.UNSPECIFIED.,.F.,.F.,.F.,(2,2),(8,6,8),(0.,0.545489708371),(
    -1.263783705276,-1.234227047735,-0.688737339365),.UNSPECIFIED.);
#679 = CARTESIAN_POINT('',(-13.58176426329,21.5,-21.2883076062));
#680 = CARTESIAN_POINT('',(-13.57677075246,21.5,-21.29277393807));
#681 = CARTESIAN_POINT('',(-13.5720849641,21.5,-21.29696503459));
#682 = CARTESIAN_POINT('',(-13.56770689822,21.5,-21.30088089576));
#683 = CARTESIAN_POINT('',(-13.56363655481,21.5,-21.30452152157));
#684 = CARTESIAN_POINT('',(-13.55987393389,21.5,-21.30788691204));
#685 = CARTESIAN_POINT('',(-13.55641903544,21.5,-21.31097706716));
#686 = CARTESIAN_POINT('',(-13.49518842761,21.5,-21.36574338772));
#687 = CARTESIAN_POINT('',(-13.43710499575,21.5,-21.41769478852));
#688 = CARTESIAN_POINT('',(-13.3790215639,21.5,-21.46964618931));
#689 = CARTESIAN_POINT('',(-13.32093813205,21.5,-21.52159759011));
#690 = CARTESIAN_POINT('',(-13.26285470019,21.5,-21.57354899091));
#691 = CARTESIAN_POINT('',(-13.20477126834,21.5,-21.62550039171));
#692 = CARTESIAN_POINT('',(-13.14668783648,21.5,-21.6774517925));
#693 = CARTESIAN_POINT('',(-14.29980573934,20.503475458007,
    -22.10410725206));
#694 = CARTESIAN_POINT('',(-14.29895309753,20.503859340801,
    -22.10948753902));
#695 = CARTESIAN_POINT('',(-14.29810045573,20.504243223595,
    -22.11486782597));
#696 = CARTESIAN_POINT('',(-14.29724781392,20.504627106389,
    -22.12024811293));
#697 = CARTESIAN_POINT('',(-14.29639517212,20.505010989183,
    -22.12562839988));
#698 = CARTESIAN_POINT('',(-14.29554253031,20.505394871977,
    -22.13100868683));
#699 = CARTESIAN_POINT('',(-14.29468988851,20.505778754771,
    -22.13638897379));
#700 = CARTESIAN_POINT('',(-14.27810111926,20.513247474987,
    -22.24106638721));
#701 = CARTESIAN_POINT('',(-14.24227853725,20.521652628468,
    -22.31790617475));
#702 = CARTESIAN_POINT('',(-14.19857796958,20.526311798869,
    -22.38593810656));
#703 = CARTESIAN_POINT('',(-14.14403869813,20.528265658553,
    -22.44185199915));
#704 = CARTESIAN_POINT('',(-14.08150524606,20.526303580248,
    -22.4888281261));
#705 = CARTESIAN_POINT('',(-14.00993522689,20.520964388357,
    -22.52570106388));
#706 = CARTESIAN_POINT('',(-13.925,20.514122529507,-22.54763124517));
#707 = ADVANCED_FACE('',(#708),#726,.F.);
#708 = FACE_BOUND('',#709,.T.);
#709 = EDGE_LOOP('',(#710,#718,#719,#720));
#710 = ORIENTED_EDGE('',*,*,#711,.F.);
#711 = EDGE_CURVE('',#32,#712,#714,.T.);
#712 = VERTEX_POINT('',#713);
#713 = CARTESIAN_POINT('',(-16.5,20.5,-21.3));
#714 = LINE('',#715,#716);
#715 = CARTESIAN_POINT('',(-15.93333333333,19.933333333333,
    -21.86666666666));
#716 = VECTOR('',#717,1.);
#717 = DIRECTION('',(0.57735026919,-0.57735026919,-0.57735026919));
#718 = ORIENTED_EDGE('',*,*,#31,.T.);
#719 = ORIENTED_EDGE('',*,*,#579,.T.);
#720 = ORIENTED_EDGE('',*,*,#721,.F.);
#721 = EDGE_CURVE('',#712,#572,#722,.T.);
#722 = LINE('',#723,#724);
#723 = CARTESIAN_POINT('',(-16.5,20.5,-21.3));
#724 = VECTOR('',#725,1.);
#725 = DIRECTION('',(1.,0.,0.));
#726 = PLANE('',#727);
#727 = AXIS2_PLACEMENT_3D('',#728,#729,#730);
#728 = CARTESIAN_POINT('',(-16.5,21.,-20.8));
#729 = DIRECTION('',(0.,-0.707106781187,0.707106781187));
#730 = DIRECTION('',(-1.,-0.,-0.));
#731 = ADVANCED_FACE('',(#732),#752,.F.);
#732 = FACE_BOUND('',#733,.F.);
#733 = EDGE_LOOP('',(#734,#735,#746,#751));
#734 = ORIENTED_EDGE('',*,*,#673,.T.);
#735 = ORIENTED_EDGE('',*,*,#736,.T.);
#736 = EDGE_CURVE('',#655,#737,#739,.T.);
#737 = VERTEX_POINT('',#738);
#738 = CARTESIAN_POINT('',(-13.3,20.5,-22.88196601125));
#739 = B_SPLINE_CURVE_WITH_KNOTS('',5,(#740,#741,#742,#743,#744,#745),
  .UNSPECIFIED.,.F.,.F.,(6,6),(-0.688737339365,0.),
  .PIECEWISE_BEZIER_KNOTS.);
#740 = CARTESIAN_POINT('',(-13.925,20.514122529507,-22.54763124517));
#741 = CARTESIAN_POINT('',(-13.77486465224,20.50202855042,
    -22.58639602527));
#742 = CARTESIAN_POINT('',(-13.6397239315,20.50024731612,-22.64192530804
    ));
#743 = CARTESIAN_POINT('',(-13.51585419922,20.499915711888,
    -22.71005593898));
#744 = CARTESIAN_POINT('',(-13.40267090063,20.5,-22.790134366));
#745 = CARTESIAN_POINT('',(-13.3,20.5,-22.88196601125));
#746 = ORIENTED_EDGE('',*,*,#747,.F.);
#747 = EDGE_CURVE('',#94,#737,#748,.T.);
#748 = B_SPLINE_CURVE_WITH_KNOTS('',1,(#749,#750),.UNSPECIFIED.,.F.,.F.,
  (2,2),(0.,0.688737339365),.PIECEWISE_BEZIER_KNOTS.);
#749 = CARTESIAN_POINT('',(-12.63333333333,21.5,-22.13661001875));
#750 = CARTESIAN_POINT('',(-13.3,20.5,-22.88196601125));
#751 = ORIENTED_EDGE('',*,*,#102,.F.);
#752 = B_SPLINE_SURFACE_WITH_KNOTS('',1,5,(
    (#753,#754,#755,#756,#757,#758)
    ,(#759,#760,#761,#762,#763,#764
    )),.UNSPECIFIED.,.F.,.F.,.F.,(2,2),(6,6),(0.,0.688737339365),(
    -0.688737339365,0.),.PIECEWISE_BEZIER_KNOTS.);
#753 = CARTESIAN_POINT('',(-13.14668783648,21.5,-21.6774517925));
#754 = CARTESIAN_POINT('',(-13.04401693585,21.5,-21.76928343775));
#755 = CARTESIAN_POINT('',(-12.94134603522,21.5,-21.861115083));
#756 = CARTESIAN_POINT('',(-12.83867513459,21.5,-21.95294672825));
#757 = CARTESIAN_POINT('',(-12.73600423396,21.5,-22.0447783735));
#758 = CARTESIAN_POINT('',(-12.63333333333,21.5,-22.13661001875));
#759 = CARTESIAN_POINT('',(-13.925,20.514122529507,-22.54763124517));
#760 = CARTESIAN_POINT('',(-13.77486465224,20.50202855042,
    -22.58639602527));
#761 = CARTESIAN_POINT('',(-13.6397239315,20.50024731612,-22.64192530804
    ));
#762 = CARTESIAN_POINT('',(-13.51585419922,20.499915711888,
    -22.71005593898));
#763 = CARTESIAN_POINT('',(-13.40267090063,20.5,-22.790134366));
#764 = CARTESIAN_POINT('',(-13.3,20.5,-22.88196601125));
#765 = ADVANCED_FACE('',(#766),#784,.F.);
#766 = FACE_BOUND('',#767,.T.);
#767 = EDGE_LOOP('',(#768,#776,#777,#778));
#768 = ORIENTED_EDGE('',*,*,#769,.F.);
#769 = EDGE_CURVE('',#40,#770,#772,.T.);
#770 = VERTEX_POINT('',#771);
#771 = CARTESIAN_POINT('',(-16.5,20.5,-26.7));
#772 = LINE('',#773,#774);
#773 = CARTESIAN_POINT('',(-16.46666666666,20.466666666667,
    -26.66666666666));
#774 = VECTOR('',#775,1.);
#775 = DIRECTION('',(0.57735026919,-0.57735026919,0.57735026919));
#776 = ORIENTED_EDGE('',*,*,#39,.T.);
#777 = ORIENTED_EDGE('',*,*,#711,.T.);
#778 = ORIENTED_EDGE('',*,*,#779,.F.);
#779 = EDGE_CURVE('',#770,#712,#780,.T.);
#780 = LINE('',#781,#782);
#781 = CARTESIAN_POINT('',(-16.5,20.5,-26.7));
#782 = VECTOR('',#783,1.);
#783 = DIRECTION('',(0.,2.2E-16,1.));
#784 = PLANE('',#785);
#785 = AXIS2_PLACEMENT_3D('',#786,#787,#788);
#786 = CARTESIAN_POINT('',(-17.,21.,-26.7));
#787 = DIRECTION('',(-0.707106781187,-0.707106781187,0.));
#788 = DIRECTION('',(1.1E-16,-1.1E-16,-1.));
#789 = ADVANCED_FACE('',(#790),#809,.F.);
#790 = FACE_BOUND('',#791,.T.);
#791 = EDGE_LOOP('',(#792,#793,#794,#802));
#792 = ORIENTED_EDGE('',*,*,#747,.F.);
#793 = ORIENTED_EDGE('',*,*,#93,.T.);
#794 = ORIENTED_EDGE('',*,*,#795,.T.);
#795 = EDGE_CURVE('',#83,#796,#798,.T.);
#796 = VERTEX_POINT('',#797);
#797 = CARTESIAN_POINT('',(-13.3,20.5,-25.11803398875));
#798 = LINE('',#799,#800);
#799 = CARTESIAN_POINT('',(-13.3,20.5,-25.11803398875));
#800 = VECTOR('',#801,1.);
#801 = DIRECTION('',(-0.471404520791,-0.707106781187,0.527046276695));
#802 = ORIENTED_EDGE('',*,*,#803,.F.);
#803 = EDGE_CURVE('',#737,#796,#804,.T.);
#804 = CIRCLE('',#805,1.5);
#805 = AXIS2_PLACEMENT_3D('',#806,#807,#808);
#806 = CARTESIAN_POINT('',(-14.3,20.5,-24.));
#807 = DIRECTION('',(-0.,1.,0.));
#808 = DIRECTION('',(0.666666666667,0.,0.7453559925));
#809 = CONICAL_SURFACE('',#810,1.5,0.785398163397);
#810 = AXIS2_PLACEMENT_3D('',#811,#812,#813);
#811 = CARTESIAN_POINT('',(-14.3,20.5,-24.));
#812 = DIRECTION('',(0.,1.,0.));
#813 = DIRECTION('',(0.666666666667,0.,0.7453559925));
#814 = ADVANCED_FACE('',(#815),#833,.F.);
#815 = FACE_BOUND('',#816,.T.);
#816 = EDGE_LOOP('',(#817,#825,#826,#827));
#817 = ORIENTED_EDGE('',*,*,#818,.F.);
#818 = EDGE_CURVE('',#48,#819,#821,.T.);
#819 = VERTEX_POINT('',#820);
#820 = CARTESIAN_POINT('',(-14.3,20.5,-26.7));
#821 = LINE('',#822,#823);
#822 = CARTESIAN_POINT('',(-14.86666666666,19.933333333333,
    -26.13333333333));
#823 = VECTOR('',#824,1.);
#824 = DIRECTION('',(-0.57735026919,-0.57735026919,0.57735026919));
#825 = ORIENTED_EDGE('',*,*,#47,.T.);
#826 = ORIENTED_EDGE('',*,*,#769,.T.);
#827 = ORIENTED_EDGE('',*,*,#828,.F.);
#828 = EDGE_CURVE('',#819,#770,#829,.T.);
#829 = LINE('',#830,#831);
#830 = CARTESIAN_POINT('',(-14.3,20.5,-26.7));
#831 = VECTOR('',#832,1.);
#832 = DIRECTION('',(-1.,0.,0.));
#833 = PLANE('',#834);
#834 = AXIS2_PLACEMENT_3D('',#835,#836,#837);
#835 = CARTESIAN_POINT('',(-14.3,21.,-27.2));
#836 = DIRECTION('',(0.,-0.707106781187,-0.707106781187));
#837 = DIRECTION('',(1.,0.,0.));
#838 = ADVANCED_FACE('',(#839),#859,.F.);
#839 = FACE_BOUND('',#840,.F.);
#840 = EDGE_LOOP('',(#841,#842,#853,#858));
#841 = ORIENTED_EDGE('',*,*,#795,.T.);
#842 = ORIENTED_EDGE('',*,*,#843,.T.);
#843 = EDGE_CURVE('',#796,#844,#846,.T.);
#844 = VERTEX_POINT('',#845);
#845 = CARTESIAN_POINT('',(-13.925,20.514122529507,-25.45236875482));
#846 = B_SPLINE_CURVE_WITH_KNOTS('',5,(#847,#848,#849,#850,#851,#852),
  .UNSPECIFIED.,.F.,.F.,(6,6),(2.523206011703,3.211943351068),
  .PIECEWISE_BEZIER_KNOTS.);
#847 = CARTESIAN_POINT('',(-13.3,20.5,-25.11803398875));
#848 = CARTESIAN_POINT('',(-13.40267090063,20.5,-25.20986563399));
#849 = CARTESIAN_POINT('',(-13.51585419922,20.499915711888,
    -25.28994406101));
#850 = CARTESIAN_POINT('',(-13.6397239315,20.50024731612,-25.35807469196
    ));
#851 = CARTESIAN_POINT('',(-13.77486465224,20.50202855042,
    -25.41360397472));
#852 = CARTESIAN_POINT('',(-13.925,20.514122529507,-25.45236875482));
#853 = ORIENTED_EDGE('',*,*,#854,.F.);
#854 = EDGE_CURVE('',#64,#844,#855,.T.);
#855 = B_SPLINE_CURVE_WITH_KNOTS('',1,(#856,#857),.UNSPECIFIED.,.F.,.F.,
  (2,2),(0.,0.688737339365),.PIECEWISE_BEZIER_KNOTS.);
#856 = CARTESIAN_POINT('',(-13.14668783648,21.5,-26.32254820749));
#857 = CARTESIAN_POINT('',(-13.925,20.514122529507,-25.45236875482));
#858 = ORIENTED_EDGE('',*,*,#82,.F.);
#859 = B_SPLINE_SURFACE_WITH_KNOTS('',1,5,(
    (#860,#861,#862,#863,#864,#865)
    ,(#866,#867,#868,#869,#870,#871
    )),.UNSPECIFIED.,.F.,.F.,.F.,(2,2),(6,6),(0.,0.688737339365),(
    2.523206011703,3.211943351068),.PIECEWISE_BEZIER_KNOTS.);
#860 = CARTESIAN_POINT('',(-12.63333333333,21.5,-25.86338998125));
#861 = CARTESIAN_POINT('',(-12.73600423396,21.5,-25.95522162649));
#862 = CARTESIAN_POINT('',(-12.83867513459,21.5,-26.04705327174));
#863 = CARTESIAN_POINT('',(-12.94134603522,21.5,-26.13888491699));
#864 = CARTESIAN_POINT('',(-13.04401693585,21.5,-26.23071656224));
#865 = CARTESIAN_POINT('',(-13.14668783648,21.5,-26.32254820749));
#866 = CARTESIAN_POINT('',(-13.3,20.5,-25.11803398875));
#867 = CARTESIAN_POINT('',(-13.40267090063,20.5,-25.20986563399));
#868 = CARTESIAN_POINT('',(-13.51585419922,20.499915711888,
    -25.28994406101));
#869 = CARTESIAN_POINT('',(-13.6397239315,20.50024731612,-25.35807469196
    ));
#870 = CARTESIAN_POINT('',(-13.77486465224,20.50202855042,
    -25.41360397472));
#871 = CARTESIAN_POINT('',(-13.925,20.514122529507,-25.45236875482));
#872 = ADVANCED_FACE('',(#873),#953,.F.);
#873 = FACE_BOUND('',#874,.T.);
#874 = EDGE_LOOP('',(#875,#886,#945,#946,#947));
#875 = ORIENTED_EDGE('',*,*,#876,.F.);
#876 = EDGE_CURVE('',#877,#879,#881,.T.);
#877 = VERTEX_POINT('',#878);
#878 = CARTESIAN_POINT('',(-14.2938372467,20.506162637565,
    -25.85823073925));
#879 = VERTEX_POINT('',#880);
#880 = CARTESIAN_POINT('',(-14.3,20.5,-25.9364916731));
#881 = ELLIPSE('',#882,0.707106781187,0.5);
#882 = AXIS2_PLACEMENT_3D('',#883,#884,#885);
#883 = CARTESIAN_POINT('',(-13.8,21.,-25.9364916731));
#884 = DIRECTION('',(0.707106781187,-0.707106781187,0.));
#885 = DIRECTION('',(0.707106781187,0.707106781187,-3.1E-16));
#886 = ORIENTED_EDGE('',*,*,#887,.F.);
#887 = EDGE_CURVE('',#56,#877,#888,.T.);
#888 = B_SPLINE_CURVE_WITH_KNOTS('',7,(#889,#890,#891,#892,#893,#894,
    #895,#896,#897,#898,#899,#900,#901,#902,#903,#904,#905,#906,#907,
    #908,#909,#910,#911,#912,#913,#914,#915,#916,#917,#918,#919,#920,
    #921,#922,#923,#924,#925,#926,#927,#928,#929,#930,#931,#932,#933,
    #934,#935,#936,#937,#938,#939,#940,#941,#942,#943,#944),
  .UNSPECIFIED.,.F.,.F.,(8,6,6,6,6,6,6,6,6,8),(0.,0.122090666091,
    0.222998859912,0.430455960618,0.663539128059,0.819992368051,
    0.911426934036,0.950032735049,0.971235356623,1.),.UNSPECIFIED.);
#889 = CARTESIAN_POINT('',(-13.3,21.5,-26.45967477525));
#890 = CARTESIAN_POINT('',(-13.31718550056,21.482814499438,
    -26.44612766433));
#891 = CARTESIAN_POINT('',(-13.33436806276,21.465631937239,
    -26.43257004672));
#892 = CARTESIAN_POINT('',(-13.35154865971,21.448451340288,
    -26.41900540732));
#893 = CARTESIAN_POINT('',(-13.36872826342,21.431271736575,
    -26.40543722194));
#894 = CARTESIAN_POINT('',(-13.3859078448,21.414092155196,
    -26.39186895724));
#895 = CARTESIAN_POINT('',(-13.40308837364,21.396911626353,
    -26.37830407078));
#896 = CARTESIAN_POINT('',(-13.43447214578,21.365527854213,
    -26.35354024593));
#897 = CARTESIAN_POINT('',(-13.44867478674,21.351325213253,
    -26.34233917583));
#898 = CARTESIAN_POINT('',(-13.46287929048,21.337120709515,
    -26.33114475643));
#899 = CARTESIAN_POINT('',(-13.47708621915,21.322913780845,
    -26.31995901003));
#900 = CARTESIAN_POINT('',(-13.49129614811,21.308703851888,
    -26.30878402547));
#901 = CARTESIAN_POINT('',(-13.5055096659,21.294490334092,
    -26.29762195814));
#902 = CARTESIAN_POINT('',(-13.54895755321,21.251042446786,
    -26.2635580665));
#903 = CARTESIAN_POINT('',(-13.57820529302,21.221794706976,
    -26.24070517405));
#904 = CARTESIAN_POINT('',(-13.60747615598,21.192523844019,
    -26.21793604253));
#905 = CARTESIAN_POINT('',(-13.63677571432,21.163224285677,
    -26.19527179895));
#906 = CARTESIAN_POINT('',(-13.66611001669,21.133889983309,
    -26.17273678354));
#907 = CARTESIAN_POINT('',(-13.69548605454,21.104513945454,
    -26.15036032576));
#908 = CARTESIAN_POINT('',(-13.75797326062,21.042026739374,
    -26.10325671524));
#909 = CARTESIAN_POINT('',(-13.79109480115,21.008905198841,
    -26.07858321368));
#910 = CARTESIAN_POINT('',(-13.82429188754,20.975708112459,
    -26.0542056306));
#911 = CARTESIAN_POINT('',(-13.85757948303,20.94242051696,
    -26.03019177199));
#912 = CARTESIAN_POINT('',(-13.89097163978,20.909028360217,
    -26.00662478556));
#913 = CARTESIAN_POINT('',(-13.92448606788,20.875513932119,
    -25.98362363451));
#914 = CARTESIAN_POINT('',(-13.98075323035,20.819246769647,
    -25.94646419112));
#915 = CARTESIAN_POINT('',(-14.00341227677,20.796587723229,
    -25.93189097396));
#916 = CARTESIAN_POINT('',(-14.02615000555,20.773849994446,
    -25.91772531823));
#917 = CARTESIAN_POINT('',(-14.04897727879,20.751022721203,
    -25.90404438409));
#918 = CARTESIAN_POINT('',(-14.07190011708,20.728099882915,
    -25.89097409378));
#919 = CARTESIAN_POINT('',(-14.09491807198,20.70508192802,
    -25.87867133386));
#920 = CARTESIAN_POINT('',(-14.1315573425,20.668442657491,
    -25.86091427289));
#921 = CARTESIAN_POINT('',(-14.14509080259,20.654909197409,
    -25.85474707247));
#922 = CARTESIAN_POINT('',(-14.15866173744,20.641338262553,
    -25.84901991644));
#923 = CARTESIAN_POINT('',(-14.17227047504,20.627729524956,
    -25.84381740335));
#924 = CARTESIAN_POINT('',(-14.18589775317,20.614102246821,
    -25.83928102796));
#925 = CARTESIAN_POINT('',(-14.19950611053,20.600493889466,
    -25.83558545786));
#926 = CARTESIAN_POINT('',(-14.21875239147,20.581247608527,
    -25.83203290403));
#927 = CARTESIAN_POINT('',(-14.22444779696,20.57555220304,
    -25.83119259921));
#928 = CARTESIAN_POINT('',(-14.230121367,20.569878632993,-25.83059324058
    ));
#929 = CARTESIAN_POINT('',(-14.23576359904,20.564236400951,
    -25.83026787539));
#930 = CARTESIAN_POINT('',(-14.24135866776,20.558641332231,
    -25.83025766258));
#931 = CARTESIAN_POINT('',(-14.24688411356,20.553115886431,
    -25.83061352207));
#932 = CARTESIAN_POINT('',(-14.25529076387,20.544709236128,
    -25.83182850688));
#933 = CARTESIAN_POINT('',(-14.25824017666,20.541759823332,
    -25.83238837528));
#934 = CARTESIAN_POINT('',(-14.26115360375,20.538846396242,
    -25.83308750973));
#935 = CARTESIAN_POINT('',(-14.264024067,20.535975932994,-25.83393709563
    ));
#936 = CARTESIAN_POINT('',(-14.26684297028,20.533157029711,
    -25.83494879431));
#937 = CARTESIAN_POINT('',(-14.26960029399,20.53039970601,
    -25.83613415418));
#938 = CARTESIAN_POINT('',(-14.27592672383,20.524073276167,
    -25.83936245982));
#939 = CARTESIAN_POINT('',(-14.2794371766,20.520562823392,
    -25.84156197316));
#940 = CARTESIAN_POINT('',(-14.28278335841,20.517216641581,
    -25.84412709186));
#941 = CARTESIAN_POINT('',(-14.28592886843,20.514071131565,
    -25.84707813134));
#942 = CARTESIAN_POINT('',(-14.2888381834,20.511161816594,
    -25.85042382852));
#943 = CARTESIAN_POINT('',(-14.29148114667,20.508518853322,
    -25.85415397789));
#944 = CARTESIAN_POINT('',(-14.29383745721,20.50616254279,
    -25.85823206756));
#945 = ORIENTED_EDGE('',*,*,#55,.T.);
#946 = ORIENTED_EDGE('',*,*,#818,.T.);
#947 = ORIENTED_EDGE('',*,*,#948,.F.);
#948 = EDGE_CURVE('',#879,#819,#949,.T.);
#949 = LINE('',#950,#951);
#950 = CARTESIAN_POINT('',(-14.3,20.5,-21.3));
#951 = VECTOR('',#952,1.);
#952 = DIRECTION('',(0.,-2.2E-16,-1.));
#953 = PLANE('',#954);
#954 = AXIS2_PLACEMENT_3D('',#955,#956,#957);
#955 = CARTESIAN_POINT('',(-13.8,21.,-21.3));
#956 = DIRECTION('',(0.707106781187,-0.707106781187,0.));
#957 = DIRECTION('',(1.1E-16,1.1E-16,1.));
#958 = ADVANCED_FACE('',(#959),#981,.F.);
#959 = FACE_BOUND('',#960,.F.);
#960 = EDGE_LOOP('',(#961,#962,#979,#980));
#961 = ORIENTED_EDGE('',*,*,#854,.T.);
#962 = ORIENTED_EDGE('',*,*,#963,.T.);
#963 = EDGE_CURVE('',#844,#877,#964,.T.);
#964 = B_SPLINE_CURVE_WITH_KNOTS('',7,(#965,#966,#967,#968,#969,#970,
    #971,#972,#973,#974,#975,#976,#977,#978),.UNSPECIFIED.,.F.,.F.,(8,6,
    8),(3.211943351068,3.757433059439,3.786989716979),.UNSPECIFIED.);
#965 = CARTESIAN_POINT('',(-13.925,20.514122529507,-25.45236875482));
#966 = CARTESIAN_POINT('',(-14.00993522689,20.520964388356,
    -25.47429893611));
#967 = CARTESIAN_POINT('',(-14.08150524606,20.526303580249,
    -25.51117187389));
#968 = CARTESIAN_POINT('',(-14.14403869813,20.528265658553,
    -25.55814800084));
#969 = CARTESIAN_POINT('',(-14.19857796958,20.526311798869,
    -25.61406189343));
#970 = CARTESIAN_POINT('',(-14.24227853725,20.521652628467,
    -25.68209382524));
#971 = CARTESIAN_POINT('',(-14.27810111926,20.513247474987,
    -25.75893361278));
#972 = CARTESIAN_POINT('',(-14.29468988851,20.505778754771,
    -25.8636110262));
#973 = CARTESIAN_POINT('',(-14.29554253031,20.505394871977,
    -25.86899131316));
#974 = CARTESIAN_POINT('',(-14.29639517212,20.505010989183,
    -25.87437160011));
#975 = CARTESIAN_POINT('',(-14.29724781392,20.504627106389,
    -25.87975188707));
#976 = CARTESIAN_POINT('',(-14.29810045573,20.504243223595,
    -25.88513217402));
#977 = CARTESIAN_POINT('',(-14.29895309753,20.503859340801,
    -25.89051246097));
#978 = CARTESIAN_POINT('',(-14.29980573934,20.503475458007,
    -25.89589274793));
#979 = ORIENTED_EDGE('',*,*,#887,.F.);
#980 = ORIENTED_EDGE('',*,*,#63,.F.);
#981 = B_SPLINE_SURFACE_WITH_KNOTS('',1,7,(
    (#982,#983,#984,#985,#986,#987,#988,#989,#990,#991,#992,#993,#994
      ,#995)
    ,(#996,#997,#998,#999,#1000,#1001,#1002,#1003,#1004,#1005,#1006
      ,#1007,#1008,#1009
    )),.UNSPECIFIED.,.F.,.F.,.F.,(2,2),(8,6,8),(0.,0.545489708371),(
    3.211943351068,3.757433059439,3.786989716979),.UNSPECIFIED.);
#982 = CARTESIAN_POINT('',(-13.14668783648,21.5,-26.32254820749));
#983 = CARTESIAN_POINT('',(-13.20477126834,21.5,-26.37449960829));
#984 = CARTESIAN_POINT('',(-13.26285470019,21.5,-26.42645100908));
#985 = CARTESIAN_POINT('',(-13.32093813205,21.5,-26.47840240988));
#986 = CARTESIAN_POINT('',(-13.3790215639,21.5,-26.53035381068));
#987 = CARTESIAN_POINT('',(-13.43710499575,21.5,-26.58230521147));
#988 = CARTESIAN_POINT('',(-13.49518842761,21.5,-26.63425661227));
#989 = CARTESIAN_POINT('',(-13.55641903544,21.5,-26.68902293283));
#990 = CARTESIAN_POINT('',(-13.55987393389,21.5,-26.69211308795));
#991 = CARTESIAN_POINT('',(-13.56363655481,21.5,-26.69547847842));
#992 = CARTESIAN_POINT('',(-13.56770689822,21.5,-26.69911910423));
#993 = CARTESIAN_POINT('',(-13.5720849641,21.5,-26.7030349654));
#994 = CARTESIAN_POINT('',(-13.57677075246,21.5,-26.70722606192));
#995 = CARTESIAN_POINT('',(-13.58176426329,21.5,-26.71169239379));
#996 = CARTESIAN_POINT('',(-13.925,20.514122529507,-25.45236875482));
#997 = CARTESIAN_POINT('',(-14.00993522689,20.520964388356,
    -25.47429893611));
#998 = CARTESIAN_POINT('',(-14.08150524606,20.526303580249,
    -25.51117187389));
#999 = CARTESIAN_POINT('',(-14.14403869813,20.528265658553,
    -25.55814800084));
#1000 = CARTESIAN_POINT('',(-14.19857796958,20.526311798869,
    -25.61406189343));
#1001 = CARTESIAN_POINT('',(-14.24227853725,20.521652628467,
    -25.68209382524));
#1002 = CARTESIAN_POINT('',(-14.27810111926,20.513247474987,
    -25.75893361278));
#1003 = CARTESIAN_POINT('',(-14.29468988851,20.505778754771,
    -25.8636110262));
#1004 = CARTESIAN_POINT('',(-14.29554253031,20.505394871977,
    -25.86899131316));
#1005 = CARTESIAN_POINT('',(-14.29639517212,20.505010989183,
    -25.87437160011));
#1006 = CARTESIAN_POINT('',(-14.29724781392,20.504627106389,
    -25.87975188707));
#1007 = CARTESIAN_POINT('',(-14.29810045573,20.504243223595,
    -25.88513217402));
#1008 = CARTESIAN_POINT('',(-14.29895309753,20.503859340801,
    -25.89051246097));
#1009 = CARTESIAN_POINT('',(-14.29980573934,20.503475458007,
    -25.89589274793));
#1010 = ADVANCED_FACE('',(#1011,#1100,#1120),#1140,.T.);
#1011 = FACE_BOUND('',#1012,.T.);
#1012 = EDGE_LOOP('',(#1013,#1023,#1031,#1039,#1047,#1055,#1063,#1071,
    #1079,#1087,#1093,#1094));
#1013 = ORIENTED_EDGE('',*,*,#1014,.T.);
#1014 = EDGE_CURVE('',#1015,#1017,#1019,.T.);
#1015 = VERTEX_POINT('',#1016);
#1016 = CARTESIAN_POINT('',(-31.5,20.5,-45.));
#1017 = VERTEX_POINT('',#1018);
#1018 = CARTESIAN_POINT('',(-31.5,5.5,-45.));
#1019 = LINE('',#1020,#1021);
#1020 = CARTESIAN_POINT('',(-31.5,21.5,-45.));
#1021 = VECTOR('',#1022,1.);
#1022 = DIRECTION('',(0.,-1.,0.));
#1023 = ORIENTED_EDGE('',*,*,#1024,.T.);
#1024 = EDGE_CURVE('',#1017,#1025,#1027,.T.);
#1025 = VERTEX_POINT('',#1026);
#1026 = CARTESIAN_POINT('',(-31.5,4.5,-44.));
#1027 = LINE('',#1028,#1029);
#1028 = CARTESIAN_POINT('',(-31.5,0.,-39.5));
#1029 = VECTOR('',#1030,1.);
#1030 = DIRECTION('',(0.,-0.707106781187,0.707106781187));
#1031 = ORIENTED_EDGE('',*,*,#1032,.T.);
#1032 = EDGE_CURVE('',#1025,#1033,#1035,.T.);
#1033 = VERTEX_POINT('',#1034);
#1034 = CARTESIAN_POINT('',(-31.5,4.5,-22.55));
#1035 = LINE('',#1036,#1037);
#1036 = CARTESIAN_POINT('',(-31.5,4.5,45.));
#1037 = VECTOR('',#1038,1.);
#1038 = DIRECTION('',(0.,0.,1.));
#1039 = ORIENTED_EDGE('',*,*,#1040,.F.);
#1040 = EDGE_CURVE('',#1041,#1033,#1043,.T.);
#1041 = VERTEX_POINT('',#1042);
#1042 = CARTESIAN_POINT('',(-31.5,7.55,-22.55));
#1043 = LINE('',#1044,#1045);
#1044 = CARTESIAN_POINT('',(-31.5,21.5,-22.55));
#1045 = VECTOR('',#1046,1.);
#1046 = DIRECTION('',(-2.2E-16,-1.,-0.));
#1047 = ORIENTED_EDGE('',*,*,#1048,.T.);
#1048 = EDGE_CURVE('',#1041,#1049,#1051,.T.);
#1049 = VERTEX_POINT('',#1050);
#1050 = CARTESIAN_POINT('',(-31.5,7.55,22.55));
#1051 = LINE('',#1052,#1053);
#1052 = CARTESIAN_POINT('',(-31.5,7.55,45.));
#1053 = VECTOR('',#1054,1.);
#1054 = DIRECTION('',(0.,0.,1.));
#1055 = ORIENTED_EDGE('',*,*,#1056,.F.);
#1056 = EDGE_CURVE('',#1057,#1049,#1059,.T.);
#1057 = VERTEX_POINT('',#1058);
#1058 = CARTESIAN_POINT('',(-31.5,4.5,22.55));
#1059 = LINE('',#1060,#1061);
#1060 = CARTESIAN_POINT('',(-31.5,-21.5,22.55));
#1061 = VECTOR('',#1062,1.);
#1062 = DIRECTION('',(2.2E-16,1.,0.));
#1063 = ORIENTED_EDGE('',*,*,#1064,.T.);
#1064 = EDGE_CURVE('',#1057,#1065,#1067,.T.);
#1065 = VERTEX_POINT('',#1066);
#1066 = CARTESIAN_POINT('',(-31.5,4.5,44.));
#1067 = LINE('',#1068,#1069);
#1068 = CARTESIAN_POINT('',(-31.5,4.5,45.));
#1069 = VECTOR('',#1070,1.);
#1070 = DIRECTION('',(0.,0.,1.));
#1071 = ORIENTED_EDGE('',*,*,#1072,.F.);
#1072 = EDGE_CURVE('',#1073,#1065,#1075,.T.);
#1073 = VERTEX_POINT('',#1074);
#1074 = CARTESIAN_POINT('',(-31.5,5.5,45.));
#1075 = LINE('',#1076,#1077);
#1076 = CARTESIAN_POINT('',(-31.5,0.,39.5));
#1077 = VECTOR('',#1078,1.);
#1078 = DIRECTION('',(0.,-0.707106781187,-0.707106781187));
#1079 = ORIENTED_EDGE('',*,*,#1080,.F.);
#1080 = EDGE_CURVE('',#1081,#1073,#1083,.T.);
#1081 = VERTEX_POINT('',#1082);
#1082 = CARTESIAN_POINT('',(-31.5,20.5,45.));
#1083 = LINE('',#1084,#1085);
#1084 = CARTESIAN_POINT('',(-31.5,21.5,45.));
#1085 = VECTOR('',#1086,1.);
#1086 = DIRECTION('',(0.,-1.,0.));
#1087 = ORIENTED_EDGE('',*,*,#1088,.F.);
#1088 = EDGE_CURVE('',#135,#1081,#1089,.T.);
#1089 = LINE('',#1090,#1091);
#1090 = CARTESIAN_POINT('',(-31.5,26.875,38.625));
#1091 = VECTOR('',#1092,1.);
#1092 = DIRECTION('',(0.,-0.707106781187,0.707106781187));
#1093 = ORIENTED_EDGE('',*,*,#132,.F.);
#1094 = ORIENTED_EDGE('',*,*,#1095,.F.);
#1095 = EDGE_CURVE('',#1015,#133,#1096,.T.);
#1096 = LINE('',#1097,#1098);
#1097 = CARTESIAN_POINT('',(-31.5,26.875,-38.625));
#1098 = VECTOR('',#1099,1.);
#1099 = DIRECTION('',(0.,0.707106781187,0.707106781187));
#1100 = FACE_BOUND('',#1101,.T.);
#1101 = EDGE_LOOP('',(#1102,#1113));
#1102 = ORIENTED_EDGE('',*,*,#1103,.T.);
#1103 = EDGE_CURVE('',#1104,#1106,#1108,.T.);
#1104 = VERTEX_POINT('',#1105);
#1105 = CARTESIAN_POINT('',(-31.5,13.5,24.));
#1106 = VERTEX_POINT('',#1107);
#1107 = CARTESIAN_POINT('',(-31.5,16.5,24.));
#1108 = CIRCLE('',#1109,1.5);
#1109 = AXIS2_PLACEMENT_3D('',#1110,#1111,#1112);
#1110 = CARTESIAN_POINT('',(-31.5,15.,24.));
#1111 = DIRECTION('',(1.,-2.2E-16,2.2E-16));
#1112 = DIRECTION('',(2.2E-16,1.,0.));
#1113 = ORIENTED_EDGE('',*,*,#1114,.T.);
#1114 = EDGE_CURVE('',#1106,#1104,#1115,.T.);
#1115 = CIRCLE('',#1116,1.5);
#1116 = AXIS2_PLACEMENT_3D('',#1117,#1118,#1119);
#1117 = CARTESIAN_POINT('',(-31.5,15.,24.));
#1118 = DIRECTION('',(1.,-2.2E-16,2.2E-16));
#1119 = DIRECTION('',(2.2E-16,1.,0.));
#1120 = FACE_BOUND('',#1121,.T.);
#1121 = EDGE_LOOP('',(#1122,#1133));
#1122 = ORIENTED_EDGE('',*,*,#1123,.T.);
#1123 = EDGE_CURVE('',#1124,#1126,#1128,.T.);
#1124 = VERTEX_POINT('',#1125);
#1125 = CARTESIAN_POINT('',(-31.5,13.5,-24.));
#1126 = VERTEX_POINT('',#1127);
#1127 = CARTESIAN_POINT('',(-31.5,16.5,-24.));
#1128 = CIRCLE('',#1129,1.5);
#1129 = AXIS2_PLACEMENT_3D('',#1130,#1131,#1132);
#1130 = CARTESIAN_POINT('',(-31.5,15.,-24.));
#1131 = DIRECTION('',(1.,-2.2E-16,2.2E-16));
#1132 = DIRECTION('',(2.2E-16,1.,0.));
#1133 = ORIENTED_EDGE('',*,*,#1134,.T.);
#1134 = EDGE_CURVE('',#1126,#1124,#1135,.T.);
#1135 = CIRCLE('',#1136,1.5);
#1136 = AXIS2_PLACEMENT_3D('',#1137,#1138,#1139);
#1137 = CARTESIAN_POINT('',(-31.5,15.,-24.));
#1138 = DIRECTION('',(1.,-2.2E-16,2.2E-16));
#1139 = DIRECTION('',(2.2E-16,1.,0.));
#1140 = PLANE('',#1141);
#1141 = AXIS2_PLACEMENT_3D('',#1142,#1143,#1144);
#1142 = CARTESIAN_POINT('',(-31.5,-4.5E-16,-8.5E-16));
#1143 = DIRECTION('',(-1.,-0.,-0.));
#1144 = DIRECTION('',(0.,0.,-1.));
#1145 = ADVANCED_FACE('',(#1146),#1164,.T.);
#1146 = FACE_BOUND('',#1147,.T.);
#1147 = EDGE_LOOP('',(#1148,#1156,#1162,#1163));
#1148 = ORIENTED_EDGE('',*,*,#1149,.F.);
#1149 = EDGE_CURVE('',#1150,#151,#1152,.T.);
#1150 = VERTEX_POINT('',#1151);
#1151 = CARTESIAN_POINT('',(31.5,20.5,-45.));
#1152 = LINE('',#1153,#1154);
#1153 = CARTESIAN_POINT('',(31.5,26.875,-38.625));
#1154 = VECTOR('',#1155,1.);
#1155 = DIRECTION('',(0.,0.707106781187,0.707106781187));
#1156 = ORIENTED_EDGE('',*,*,#1157,.T.);
#1157 = EDGE_CURVE('',#1150,#1015,#1158,.T.);
#1158 = LINE('',#1159,#1160);
#1159 = CARTESIAN_POINT('',(31.5,20.5,-45.));
#1160 = VECTOR('',#1161,1.);
#1161 = DIRECTION('',(-1.,0.,0.));
#1162 = ORIENTED_EDGE('',*,*,#1095,.T.);
#1163 = ORIENTED_EDGE('',*,*,#158,.F.);
#1164 = PLANE('',#1165);
#1165 = AXIS2_PLACEMENT_3D('',#1166,#1167,#1168);
#1166 = CARTESIAN_POINT('',(31.5,21.,-44.5));
#1167 = DIRECTION('',(0.,0.707106781187,-0.707106781187));
#1168 = DIRECTION('',(-1.,0.,0.));
#1169 = ADVANCED_FACE('',(#1170),#1188,.T.);
#1170 = FACE_BOUND('',#1171,.T.);
#1171 = EDGE_LOOP('',(#1172,#1180,#1181,#1182));
#1172 = ORIENTED_EDGE('',*,*,#1173,.F.);
#1173 = EDGE_CURVE('',#143,#1174,#1176,.T.);
#1174 = VERTEX_POINT('',#1175);
#1175 = CARTESIAN_POINT('',(31.5,20.5,45.));
#1176 = LINE('',#1177,#1178);
#1177 = CARTESIAN_POINT('',(31.5,26.875,38.625));
#1178 = VECTOR('',#1179,1.);
#1179 = DIRECTION('',(0.,-0.707106781187,0.707106781187));
#1180 = ORIENTED_EDGE('',*,*,#142,.T.);
#1181 = ORIENTED_EDGE('',*,*,#1088,.T.);
#1182 = ORIENTED_EDGE('',*,*,#1183,.F.);
#1183 = EDGE_CURVE('',#1174,#1081,#1184,.T.);
#1184 = LINE('',#1185,#1186);
#1185 = CARTESIAN_POINT('',(31.5,20.5,45.));
#1186 = VECTOR('',#1187,1.);
#1187 = DIRECTION('',(-1.,0.,0.));
#1188 = PLANE('',#1189);
#1189 = AXIS2_PLACEMENT_3D('',#1190,#1191,#1192);
#1190 = CARTESIAN_POINT('',(31.5,21.,44.5));
#1191 = DIRECTION('',(0.,0.707106781187,0.707106781187));
#1192 = DIRECTION('',(-1.,0.,0.));
#1193 = ADVANCED_FACE('',(#1194,#1269,#1289),#1309,.T.);
#1194 = FACE_BOUND('',#1195,.T.);
#1195 = EDGE_LOOP('',(#1196,#1206,#1214,#1220,#1221,#1222,#1223,#1231,
    #1239,#1247,#1255,#1263));
#1196 = ORIENTED_EDGE('',*,*,#1197,.F.);
#1197 = EDGE_CURVE('',#1198,#1200,#1202,.T.);
#1198 = VERTEX_POINT('',#1199);
#1199 = CARTESIAN_POINT('',(31.5,4.5,-44.));
#1200 = VERTEX_POINT('',#1201);
#1201 = CARTESIAN_POINT('',(31.5,4.5,-22.55));
#1202 = LINE('',#1203,#1204);
#1203 = CARTESIAN_POINT('',(31.5,4.5,45.));
#1204 = VECTOR('',#1205,1.);
#1205 = DIRECTION('',(0.,0.,1.));
#1206 = ORIENTED_EDGE('',*,*,#1207,.F.);
#1207 = EDGE_CURVE('',#1208,#1198,#1210,.T.);
#1208 = VERTEX_POINT('',#1209);
#1209 = CARTESIAN_POINT('',(31.5,5.5,-45.));
#1210 = LINE('',#1211,#1212);
#1211 = CARTESIAN_POINT('',(31.5,0.,-39.5));
#1212 = VECTOR('',#1213,1.);
#1213 = DIRECTION('',(0.,-0.707106781187,0.707106781187));
#1214 = ORIENTED_EDGE('',*,*,#1215,.T.);
#1215 = EDGE_CURVE('',#1208,#1150,#1216,.T.);
#1216 = LINE('',#1217,#1218);
#1217 = CARTESIAN_POINT('',(31.5,-21.5,-45.));
#1218 = VECTOR('',#1219,1.);
#1219 = DIRECTION('',(0.,1.,0.));
#1220 = ORIENTED_EDGE('',*,*,#1149,.T.);
#1221 = ORIENTED_EDGE('',*,*,#150,.T.);
#1222 = ORIENTED_EDGE('',*,*,#1173,.T.);
#1223 = ORIENTED_EDGE('',*,*,#1224,.F.);
#1224 = EDGE_CURVE('',#1225,#1174,#1227,.T.);
#1225 = VERTEX_POINT('',#1226);
#1226 = CARTESIAN_POINT('',(31.5,5.5,45.));
#1227 = LINE('',#1228,#1229);
#1228 = CARTESIAN_POINT('',(31.5,-21.5,45.));
#1229 = VECTOR('',#1230,1.);
#1230 = DIRECTION('',(0.,1.,0.));
#1231 = ORIENTED_EDGE('',*,*,#1232,.T.);
#1232 = EDGE_CURVE('',#1225,#1233,#1235,.T.);
#1233 = VERTEX_POINT('',#1234);
#1234 = CARTESIAN_POINT('',(31.5,4.5,44.));
#1235 = LINE('',#1236,#1237);
#1236 = CARTESIAN_POINT('',(31.5,0.,39.5));
#1237 = VECTOR('',#1238,1.);
#1238 = DIRECTION('',(0.,-0.707106781187,-0.707106781187));
#1239 = ORIENTED_EDGE('',*,*,#1240,.F.);
#1240 = EDGE_CURVE('',#1241,#1233,#1243,.T.);
#1241 = VERTEX_POINT('',#1242);
#1242 = CARTESIAN_POINT('',(31.5,4.5,22.55));
#1243 = LINE('',#1244,#1245);
#1244 = CARTESIAN_POINT('',(31.5,4.5,45.));
#1245 = VECTOR('',#1246,1.);
#1246 = DIRECTION('',(0.,0.,1.));
#1247 = ORIENTED_EDGE('',*,*,#1248,.T.);
#1248 = EDGE_CURVE('',#1241,#1249,#1251,.T.);
#1249 = VERTEX_POINT('',#1250);
#1250 = CARTESIAN_POINT('',(31.5,7.55,22.55));
#1251 = LINE('',#1252,#1253);
#1252 = CARTESIAN_POINT('',(31.5,-21.5,22.55));
#1253 = VECTOR('',#1254,1.);
#1254 = DIRECTION('',(0.,1.,0.));
#1255 = ORIENTED_EDGE('',*,*,#1256,.F.);
#1256 = EDGE_CURVE('',#1257,#1249,#1259,.T.);
#1257 = VERTEX_POINT('',#1258);
#1258 = CARTESIAN_POINT('',(31.5,7.55,-22.55));
#1259 = LINE('',#1260,#1261);
#1260 = CARTESIAN_POINT('',(31.5,7.55,45.));
#1261 = VECTOR('',#1262,1.);
#1262 = DIRECTION('',(0.,0.,1.));
#1263 = ORIENTED_EDGE('',*,*,#1264,.T.);
#1264 = EDGE_CURVE('',#1257,#1200,#1265,.T.);
#1265 = LINE('',#1266,#1267);
#1266 = CARTESIAN_POINT('',(31.5,21.5,-22.55));
#1267 = VECTOR('',#1268,1.);
#1268 = DIRECTION('',(0.,-1.,0.));
#1269 = FACE_BOUND('',#1270,.T.);
#1270 = EDGE_LOOP('',(#1271,#1282));
#1271 = ORIENTED_EDGE('',*,*,#1272,.F.);
#1272 = EDGE_CURVE('',#1273,#1275,#1277,.T.);
#1273 = VERTEX_POINT('',#1274);
#1274 = CARTESIAN_POINT('',(31.5,16.5,-24.));
#1275 = VERTEX_POINT('',#1276);
#1276 = CARTESIAN_POINT('',(31.5,13.5,-24.));
#1277 = CIRCLE('',#1278,1.5);
#1278 = AXIS2_PLACEMENT_3D('',#1279,#1280,#1281);
#1279 = CARTESIAN_POINT('',(31.5,15.,-24.));
#1280 = DIRECTION('',(1.,0.,0.));
#1281 = DIRECTION('',(0.,1.,0.));
#1282 = ORIENTED_EDGE('',*,*,#1283,.F.);
#1283 = EDGE_CURVE('',#1275,#1273,#1284,.T.);
#1284 = CIRCLE('',#1285,1.5);
#1285 = AXIS2_PLACEMENT_3D('',#1286,#1287,#1288);
#1286 = CARTESIAN_POINT('',(31.5,15.,-24.));
#1287 = DIRECTION('',(1.,0.,0.));
#1288 = DIRECTION('',(0.,1.,0.));
#1289 = FACE_BOUND('',#1290,.T.);
#1290 = EDGE_LOOP('',(#1291,#1302));
#1291 = ORIENTED_EDGE('',*,*,#1292,.F.);
#1292 = EDGE_CURVE('',#1293,#1295,#1297,.T.);
#1293 = VERTEX_POINT('',#1294);
#1294 = CARTESIAN_POINT('',(31.5,16.5,24.));
#1295 = VERTEX_POINT('',#1296);
#1296 = CARTESIAN_POINT('',(31.5,13.5,24.));
#1297 = CIRCLE('',#1298,1.5);
#1298 = AXIS2_PLACEMENT_3D('',#1299,#1300,#1301);
#1299 = CARTESIAN_POINT('',(31.5,15.,24.));
#1300 = DIRECTION('',(1.,0.,0.));
#1301 = DIRECTION('',(0.,1.,0.));
#1302 = ORIENTED_EDGE('',*,*,#1303,.F.);
#1303 = EDGE_CURVE('',#1295,#1293,#1304,.T.);
#1304 = CIRCLE('',#1305,1.5);
#1305 = AXIS2_PLACEMENT_3D('',#1306,#1307,#1308);
#1306 = CARTESIAN_POINT('',(31.5,15.,24.));
#1307 = DIRECTION('',(1.,0.,0.));
#1308 = DIRECTION('',(0.,1.,0.));
#1309 = PLANE('',#1310);
#1310 = AXIS2_PLACEMENT_3D('',#1311,#1312,#1313);
#1311 = CARTESIAN_POINT('',(31.5,-5.1E-16,4.3E-16));
#1312 = DIRECTION('',(1.,0.,0.));
#1313 = DIRECTION('',(0.,0.,1.));
#1314 = ADVANCED_FACE('',(#1315),#1334,.F.);
#1315 = FACE_BOUND('',#1316,.F.);
#1316 = EDGE_LOOP('',(#1317,#1326,#1332,#1333));
#1317 = ORIENTED_EDGE('',*,*,#1318,.F.);
#1318 = EDGE_CURVE('',#1319,#1319,#1321,.T.);
#1319 = VERTEX_POINT('',#1320);
#1320 = CARTESIAN_POINT('',(-17.,-18.5,-37.5));
#1321 = CIRCLE('',#1322,2.5);
#1322 = AXIS2_PLACEMENT_3D('',#1323,#1324,#1325);
#1323 = CARTESIAN_POINT('',(-19.5,-18.5,-37.5));
#1324 = DIRECTION('',(0.,-1.,2.2E-16));
#1325 = DIRECTION('',(1.,0.,0.));
#1326 = ORIENTED_EDGE('',*,*,#1327,.T.);
#1327 = EDGE_CURVE('',#1319,#167,#1328,.T.);
#1328 = LINE('',#1329,#1330);
#1329 = CARTESIAN_POINT('',(-17.,-21.5,-37.5));
#1330 = VECTOR('',#1331,1.);
#1331 = DIRECTION('',(0.,1.,-2.2E-16));
#1332 = ORIENTED_EDGE('',*,*,#166,.T.);
#1333 = ORIENTED_EDGE('',*,*,#1327,.F.);
#1334 = CYLINDRICAL_SURFACE('',#1335,2.5);
#1335 = AXIS2_PLACEMENT_3D('',#1336,#1337,#1338);
#1336 = CARTESIAN_POINT('',(-19.5,-21.5,-37.5));
#1337 = DIRECTION('',(0.,-1.,2.2E-16));
#1338 = DIRECTION('',(1.,0.,0.));
#1339 = ADVANCED_FACE('',(#1340),#1359,.F.);
#1340 = FACE_BOUND('',#1341,.F.);
#1341 = EDGE_LOOP('',(#1342,#1351,#1357,#1358));
#1342 = ORIENTED_EDGE('',*,*,#1343,.F.);
#1343 = EDGE_CURVE('',#1344,#1344,#1346,.T.);
#1344 = VERTEX_POINT('',#1345);
#1345 = CARTESIAN_POINT('',(-17.,-18.5,37.5));
#1346 = CIRCLE('',#1347,2.5);
#1347 = AXIS2_PLACEMENT_3D('',#1348,#1349,#1350);
#1348 = CARTESIAN_POINT('',(-19.5,-18.5,37.5));
#1349 = DIRECTION('',(0.,-1.,2.2E-16));
#1350 = DIRECTION('',(1.,0.,0.));
#1351 = ORIENTED_EDGE('',*,*,#1352,.T.);
#1352 = EDGE_CURVE('',#1344,#178,#1353,.T.);
#1353 = LINE('',#1354,#1355);
#1354 = CARTESIAN_POINT('',(-17.,-21.5,37.5));
#1355 = VECTOR('',#1356,1.);
#1356 = DIRECTION('',(0.,1.,-2.2E-16));
#1357 = ORIENTED_EDGE('',*,*,#177,.T.);
#1358 = ORIENTED_EDGE('',*,*,#1352,.F.);
#1359 = CYLINDRICAL_SURFACE('',#1360,2.5);
#1360 = AXIS2_PLACEMENT_3D('',#1361,#1362,#1363);
#1361 = CARTESIAN_POINT('',(-19.5,-21.5,37.5));
#1362 = DIRECTION('',(0.,-1.,2.2E-16));
#1363 = DIRECTION('',(1.,0.,0.));
#1364 = ADVANCED_FACE('',(#1365),#1384,.F.);
#1365 = FACE_BOUND('',#1366,.F.);
#1366 = EDGE_LOOP('',(#1367,#1376,#1382,#1383));
#1367 = ORIENTED_EDGE('',*,*,#1368,.F.);
#1368 = EDGE_CURVE('',#1369,#1369,#1371,.T.);
#1369 = VERTEX_POINT('',#1370);
#1370 = CARTESIAN_POINT('',(22.,-18.5,-37.5));
#1371 = CIRCLE('',#1372,2.5);
#1372 = AXIS2_PLACEMENT_3D('',#1373,#1374,#1375);
#1373 = CARTESIAN_POINT('',(19.5,-18.5,-37.5));
#1374 = DIRECTION('',(0.,-1.,2.2E-16));
#1375 = DIRECTION('',(1.,0.,0.));
#1376 = ORIENTED_EDGE('',*,*,#1377,.T.);
#1377 = EDGE_CURVE('',#1369,#189,#1378,.T.);
#1378 = LINE('',#1379,#1380);
#1379 = CARTESIAN_POINT('',(22.,-21.5,-37.5));
#1380 = VECTOR('',#1381,1.);
#1381 = DIRECTION('',(0.,1.,-2.2E-16));
#1382 = ORIENTED_EDGE('',*,*,#188,.T.);
#1383 = ORIENTED_EDGE('',*,*,#1377,.F.);
#1384 = CYLINDRICAL_SURFACE('',#1385,2.5);
#1385 = AXIS2_PLACEMENT_3D('',#1386,#1387,#1388);
#1386 = CARTESIAN_POINT('',(19.5,-21.5,-37.5));
#1387 = DIRECTION('',(0.,-1.,2.2E-16));
#1388 = DIRECTION('',(1.,0.,0.));
#1389 = ADVANCED_FACE('',(#1390),#1409,.T.);
#1390 = FACE_BOUND('',#1391,.T.);
#1391 = EDGE_LOOP('',(#1392,#1400,#1401,#1402));
#1392 = ORIENTED_EDGE('',*,*,#1393,.F.);
#1393 = EDGE_CURVE('',#200,#1394,#1396,.T.);
#1394 = VERTEX_POINT('',#1395);
#1395 = CARTESIAN_POINT('',(-7.5,22.5,0.));
#1396 = LINE('',#1397,#1398);
#1397 = CARTESIAN_POINT('',(-7.5,22.5,-2.2E-16));
#1398 = VECTOR('',#1399,1.);
#1399 = DIRECTION('',(0.707106781187,0.707106781187,2.E-17));
#1400 = ORIENTED_EDGE('',*,*,#199,.T.);
#1401 = ORIENTED_EDGE('',*,*,#1393,.T.);
#1402 = ORIENTED_EDGE('',*,*,#1403,.F.);
#1403 = EDGE_CURVE('',#1394,#1394,#1404,.T.);
#1404 = CIRCLE('',#1405,7.5);
#1405 = AXIS2_PLACEMENT_3D('',#1406,#1407,#1408);
#1406 = CARTESIAN_POINT('',(0.,22.5,0.));
#1407 = DIRECTION('',(0.,1.,-0.));
#1408 = DIRECTION('',(-1.,0.,0.));
#1409 = CONICAL_SURFACE('',#1410,7.5,0.785398163397);
#1410 = AXIS2_PLACEMENT_3D('',#1411,#1412,#1413);
#1411 = CARTESIAN_POINT('',(0.,22.5,0.));
#1412 = DIRECTION('',(-0.,-1.,-0.));
#1413 = DIRECTION('',(-1.,0.,0.));
#1414 = ADVANCED_FACE('',(#1415),#1434,.F.);
#1415 = FACE_BOUND('',#1416,.F.);
#1416 = EDGE_LOOP('',(#1417,#1426,#1432,#1433));
#1417 = ORIENTED_EDGE('',*,*,#1418,.F.);
#1418 = EDGE_CURVE('',#1419,#1419,#1421,.T.);
#1419 = VERTEX_POINT('',#1420);
#1420 = CARTESIAN_POINT('',(22.,-18.5,37.5));
#1421 = CIRCLE('',#1422,2.5);
#1422 = AXIS2_PLACEMENT_3D('',#1423,#1424,#1425);
#1423 = CARTESIAN_POINT('',(19.5,-18.5,37.5));
#1424 = DIRECTION('',(0.,-1.,2.2E-16));
#1425 = DIRECTION('',(1.,0.,0.));
#1426 = ORIENTED_EDGE('',*,*,#1427,.T.);
#1427 = EDGE_CURVE('',#1419,#211,#1428,.T.);
#1428 = LINE('',#1429,#1430);
#1429 = CARTESIAN_POINT('',(22.,-21.5,37.5));
#1430 = VECTOR('',#1431,1.);
#1431 = DIRECTION('',(0.,1.,-2.2E-16));
#1432 = ORIENTED_EDGE('',*,*,#210,.T.);
#1433 = ORIENTED_EDGE('',*,*,#1427,.F.);
#1434 = CYLINDRICAL_SURFACE('',#1435,2.5);
#1435 = AXIS2_PLACEMENT_3D('',#1436,#1437,#1438);
#1436 = CARTESIAN_POINT('',(19.5,-21.5,37.5));
#1437 = DIRECTION('',(0.,-1.,2.2E-16));
#1438 = DIRECTION('',(1.,0.,0.));
#1439 = ADVANCED_FACE('',(#1440),#1527,.F.);
#1440 = FACE_BOUND('',#1441,.T.);
#1441 = EDGE_LOOP('',(#1442,#1453,#1461,#1467,#1468));
#1442 = ORIENTED_EDGE('',*,*,#1443,.F.);
#1443 = EDGE_CURVE('',#1444,#1446,#1448,.T.);
#1444 = VERTEX_POINT('',#1445);
#1445 = CARTESIAN_POINT('',(-14.29999999999,20.5,25.936491673104));
#1446 = VERTEX_POINT('',#1447);
#1447 = CARTESIAN_POINT('',(-14.2938372467,20.506162637567,
    25.858230739236));
#1448 = ELLIPSE('',#1449,0.707106781187,0.5);
#1449 = AXIS2_PLACEMENT_3D('',#1450,#1451,#1452);
#1450 = CARTESIAN_POINT('',(-13.8,20.999999999999,25.936491673104));
#1451 = DIRECTION('',(0.707106781187,-0.707106781187,0.));
#1452 = DIRECTION('',(0.707106781187,0.707106781187,-3.1E-16));
#1453 = ORIENTED_EDGE('',*,*,#1454,.F.);
#1454 = EDGE_CURVE('',#1455,#1444,#1457,.T.);
#1455 = VERTEX_POINT('',#1456);
#1456 = CARTESIAN_POINT('',(-14.29999999999,20.5,26.7));
#1457 = LINE('',#1458,#1459);
#1458 = CARTESIAN_POINT('',(-14.29999999999,20.5,26.7));
#1459 = VECTOR('',#1460,1.);
#1460 = DIRECTION('',(0.,-2.2E-16,-1.));
#1461 = ORIENTED_EDGE('',*,*,#1462,.F.);
#1462 = EDGE_CURVE('',#222,#1455,#1463,.T.);
#1463 = LINE('',#1464,#1465);
#1464 = CARTESIAN_POINT('',(-14.33333333333,20.466666666666,
    26.666666666666));
#1465 = VECTOR('',#1466,1.);
#1466 = DIRECTION('',(-0.57735026919,-0.57735026919,-0.57735026919));
#1467 = ORIENTED_EDGE('',*,*,#221,.T.);
#1468 = ORIENTED_EDGE('',*,*,#1469,.T.);
#1469 = EDGE_CURVE('',#224,#1446,#1470,.T.);
#1470 = B_SPLINE_CURVE_WITH_KNOTS('',7,(#1471,#1472,#1473,#1474,#1475,
    #1476,#1477,#1478,#1479,#1480,#1481,#1482,#1483,#1484,#1485,#1486,
    #1487,#1488,#1489,#1490,#1491,#1492,#1493,#1494,#1495,#1496,#1497,
    #1498,#1499,#1500,#1501,#1502,#1503,#1504,#1505,#1506,#1507,#1508,
    #1509,#1510,#1511,#1512,#1513,#1514,#1515,#1516,#1517,#1518,#1519,
    #1520,#1521,#1522,#1523,#1524,#1525,#1526),.UNSPECIFIED.,.F.,.F.,(8,
    6,6,6,6,6,6,6,6,8),(0.,0.12209066608,0.222998859901,0.430455960609,
    0.66353912805,0.819992368045,0.911426934031,0.950032735046,
    0.971235356622,1.),.UNSPECIFIED.);
#1471 = CARTESIAN_POINT('',(-13.29999999999,21.5,26.45967477525));
#1472 = CARTESIAN_POINT('',(-13.31718550055,21.48281449944,
    26.446127664335));
#1473 = CARTESIAN_POINT('',(-13.33436806275,21.465631937243,
    26.432570046724));
#1474 = CARTESIAN_POINT('',(-13.3515486597,21.448451340293,
    26.41900540733));
#1475 = CARTESIAN_POINT('',(-13.36872826341,21.431271736582,
    26.405437221945));
#1476 = CARTESIAN_POINT('',(-13.38590784479,21.414092155204,
    26.391868957247));
#1477 = CARTESIAN_POINT('',(-13.40308837363,21.396911626363,
    26.378304070795));
#1478 = CARTESIAN_POINT('',(-13.43447214577,21.365527854225,
    26.353540245947));
#1479 = CARTESIAN_POINT('',(-13.44867478673,21.351325213264,
    26.342339175842));
#1480 = CARTESIAN_POINT('',(-13.46287929047,21.337120709527,
    26.331144756446));
#1481 = CARTESIAN_POINT('',(-13.47708621914,21.322913780857,
    26.319959010046));
#1482 = CARTESIAN_POINT('',(-13.49129614809,21.3087038519,
    26.308784025484));
#1483 = CARTESIAN_POINT('',(-13.50550966589,21.294490334104,
    26.297621958155));
#1484 = CARTESIAN_POINT('',(-13.5489575532,21.251042446798,
    26.263558066517));
#1485 = CARTESIAN_POINT('',(-13.57820529301,21.221794706988,
    26.240705174067));
#1486 = CARTESIAN_POINT('',(-13.60747615596,21.192523844031,
    26.217936042544));
#1487 = CARTESIAN_POINT('',(-13.63677571431,21.163224285689,
    26.195271798965));
#1488 = CARTESIAN_POINT('',(-13.66611001667,21.133889983321,
    26.172736783549));
#1489 = CARTESIAN_POINT('',(-13.69548605453,21.104513945466,
    26.150360325774));
#1490 = CARTESIAN_POINT('',(-13.75797326061,21.042026739386,
    26.103256715253));
#1491 = CARTESIAN_POINT('',(-13.79109480114,21.008905198853,
    26.07858321369));
#1492 = CARTESIAN_POINT('',(-13.82429188752,20.975708112471,
    26.054205630611));
#1493 = CARTESIAN_POINT('',(-13.85757948302,20.942420516972,26.030191772
    ));
#1494 = CARTESIAN_POINT('',(-13.89097163976,20.909028360229,
    26.006624785571));
#1495 = CARTESIAN_POINT('',(-13.92448606786,20.875513932131,
    25.983623634522));
#1496 = CARTESIAN_POINT('',(-13.98075323033,20.819246769659,
    25.94646419113));
#1497 = CARTESIAN_POINT('',(-14.00341227675,20.796587723242,
    25.931890973969));
#1498 = CARTESIAN_POINT('',(-14.02615000554,20.773849994457,
    25.917725318236));
#1499 = CARTESIAN_POINT('',(-14.04897727878,20.751022721216,
    25.904044384104));
#1500 = CARTESIAN_POINT('',(-14.07190011707,20.728099882928,
    25.890974093794));
#1501 = CARTESIAN_POINT('',(-14.09491807196,20.705081928033,
    25.878671333869));
#1502 = CARTESIAN_POINT('',(-14.13155734249,20.668442657504,
    25.8609142729));
#1503 = CARTESIAN_POINT('',(-14.14509080257,20.654909197421,
    25.854747072477));
#1504 = CARTESIAN_POINT('',(-14.15866173743,20.641338262566,
    25.849019916442));
#1505 = CARTESIAN_POINT('',(-14.17227047503,20.627729524967,
    25.84381740335));
#1506 = CARTESIAN_POINT('',(-14.18589775316,20.614102246834,
    25.839281027966));
#1507 = CARTESIAN_POINT('',(-14.19950611052,20.600493889477,
    25.835585457861));
#1508 = CARTESIAN_POINT('',(-14.21875239146,20.581247608538,
    25.832032904034));
#1509 = CARTESIAN_POINT('',(-14.22444779694,20.57555220305,
    25.831192599214));
#1510 = CARTESIAN_POINT('',(-14.23012136699,20.569878633003,
    25.830593240582));
#1511 = CARTESIAN_POINT('',(-14.23576359903,20.564236400961,
    25.830267875385));
#1512 = CARTESIAN_POINT('',(-14.24135866775,20.558641332239,
    25.830257662583));
#1513 = CARTESIAN_POINT('',(-14.24688411356,20.553115886439,
    25.830613522066));
#1514 = CARTESIAN_POINT('',(-14.25529076386,20.544709236135,
    25.831828506875));
#1515 = CARTESIAN_POINT('',(-14.25824017665,20.541759823339,
    25.832388375279));
#1516 = CARTESIAN_POINT('',(-14.26115360375,20.538846396248,
    25.833087509726));
#1517 = CARTESIAN_POINT('',(-14.26402406699,20.535975933,25.833937095624
    ));
#1518 = CARTESIAN_POINT('',(-14.26684297028,20.533157029717,
    25.834948794304));
#1519 = CARTESIAN_POINT('',(-14.26960029398,20.530399706016,
    25.836134154177));
#1520 = CARTESIAN_POINT('',(-14.27592672382,20.524073276172,
    25.839362459817));
#1521 = CARTESIAN_POINT('',(-14.2794371766,20.520562823396,
    25.841561973156));
#1522 = CARTESIAN_POINT('',(-14.28278335841,20.517216641585,
    25.844127091854));
#1523 = CARTESIAN_POINT('',(-14.28592886843,20.514071131568,
    25.847078131327));
#1524 = CARTESIAN_POINT('',(-14.2888381834,20.511161816597,
    25.850423828507));
#1525 = CARTESIAN_POINT('',(-14.29148114667,20.508518853324,
    25.854153977884));
#1526 = CARTESIAN_POINT('',(-14.2938374572,20.506162542791,
    25.858232067553));
#1527 = PLANE('',#1528);
#1528 = AXIS2_PLACEMENT_3D('',#1529,#1530,#1531);
#1529 = CARTESIAN_POINT('',(-13.79999999999,21.,26.7));
#1530 = DIRECTION('',(0.707106781187,-0.707106781187,0.));
#1531 = DIRECTION('',(1.1E-16,1.1E-16,1.));
#1532 = ADVANCED_FACE('',(#1533),#1561,.F.);
#1533 = FACE_BOUND('',#1534,.F.);
#1534 = EDGE_LOOP('',(#1535,#1536,#1555,#1560));
#1535 = ORIENTED_EDGE('',*,*,#1469,.T.);
#1536 = ORIENTED_EDGE('',*,*,#1537,.T.);
#1537 = EDGE_CURVE('',#1446,#1538,#1540,.T.);
#1538 = VERTEX_POINT('',#1539);
#1539 = CARTESIAN_POINT('',(-13.925,20.514122529507,25.452368754828));
#1540 = B_SPLINE_CURVE_WITH_KNOTS('',7,(#1541,#1542,#1543,#1544,#1545,
    #1546,#1547,#1548,#1549,#1550,#1551,#1552,#1553,#1554),
  .UNSPECIFIED.,.F.,.F.,(8,6,8),(-1.263783705266,-1.234227047725,
    -0.688737339366),.UNSPECIFIED.);
#1541 = CARTESIAN_POINT('',(-14.29980573933,20.503475458008,
    25.895892747919));
#1542 = CARTESIAN_POINT('',(-14.29895309753,20.503859340802,
    25.890512460964));
#1543 = CARTESIAN_POINT('',(-14.29810045572,20.504243223596,
    25.885132174009));
#1544 = CARTESIAN_POINT('',(-14.29724781392,20.50462710639,
    25.879751887055));
#1545 = CARTESIAN_POINT('',(-14.29639517211,20.505010989184,
    25.8743716001));
#1546 = CARTESIAN_POINT('',(-14.29554253031,20.505394871978,
    25.868991313146));
#1547 = CARTESIAN_POINT('',(-14.2946898885,20.505778754773,
    25.863611026191));
#1548 = CARTESIAN_POINT('',(-14.27810111926,20.513247474988,
    25.758933612772));
#1549 = CARTESIAN_POINT('',(-14.24227853724,20.521652628468,
    25.682093825239));
#1550 = CARTESIAN_POINT('',(-14.19857796957,20.52631179887,
    25.614061893433));
#1551 = CARTESIAN_POINT('',(-14.14403869812,20.528265658553,
    25.558148000844));
#1552 = CARTESIAN_POINT('',(-14.08150524606,20.526303580248,
    25.511171873894));
#1553 = CARTESIAN_POINT('',(-14.00993522689,20.520964388356,
    25.474298936112));
#1554 = CARTESIAN_POINT('',(-13.925,20.514122529507,25.452368754828));
#1555 = ORIENTED_EDGE('',*,*,#1556,.F.);
#1556 = EDGE_CURVE('',#303,#1538,#1557,.T.);
#1557 = B_SPLINE_CURVE_WITH_KNOTS('',1,(#1558,#1559),.UNSPECIFIED.,.F.,
  .F.,(2,2),(0.,0.545489708359),.PIECEWISE_BEZIER_KNOTS.);
#1558 = CARTESIAN_POINT('',(-13.14668783648,21.5,26.322548207492));
#1559 = CARTESIAN_POINT('',(-13.925,20.514122529507,25.452368754828));
#1560 = ORIENTED_EDGE('',*,*,#313,.F.);
#1561 = B_SPLINE_SURFACE_WITH_KNOTS('',1,7,(
    (#1562,#1563,#1564,#1565,#1566,#1567,#1568,#1569,#1570,#1571,#1572
      ,#1573,#1574,#1575)
    ,(#1576,#1577,#1578,#1579,#1580,#1581,#1582,#1583,#1584,#1585,#1586
      ,#1587,#1588,#1589
    )),.UNSPECIFIED.,.F.,.F.,.F.,(2,2),(8,6,8),(0.,0.545489708359),(
    -1.263783705266,-1.234227047725,-0.688737339366),.UNSPECIFIED.);
#1562 = CARTESIAN_POINT('',(-13.58176426328,21.5,26.711692393784));
#1563 = CARTESIAN_POINT('',(-13.57677075244,21.5,26.707226061916));
#1564 = CARTESIAN_POINT('',(-13.57208496409,21.5,26.703034965398));
#1565 = CARTESIAN_POINT('',(-13.56770689821,21.5,26.699119104231));
#1566 = CARTESIAN_POINT('',(-13.5636365548,21.5,26.695478478414));
#1567 = CARTESIAN_POINT('',(-13.55987393388,21.5,26.692113087948));
#1568 = CARTESIAN_POINT('',(-13.55641903543,21.5,26.689022932831));
#1569 = CARTESIAN_POINT('',(-13.4951884276,21.5,26.634256612269));
#1570 = CARTESIAN_POINT('',(-13.43710499575,21.5,26.582305211473));
#1571 = CARTESIAN_POINT('',(-13.37902156389,21.5,26.530353810677));
#1572 = CARTESIAN_POINT('',(-13.32093813204,21.5,26.478402409881));
#1573 = CARTESIAN_POINT('',(-13.26285470019,21.5,26.426451009085));
#1574 = CARTESIAN_POINT('',(-13.20477126833,21.5,26.374499608289));
#1575 = CARTESIAN_POINT('',(-13.14668783648,21.5,26.322548207492));
#1576 = CARTESIAN_POINT('',(-14.29980573933,20.503475458008,
    25.895892747919));
#1577 = CARTESIAN_POINT('',(-14.29895309753,20.503859340802,
    25.890512460964));
#1578 = CARTESIAN_POINT('',(-14.29810045572,20.504243223596,
    25.885132174009));
#1579 = CARTESIAN_POINT('',(-14.29724781392,20.50462710639,
    25.879751887055));
#1580 = CARTESIAN_POINT('',(-14.29639517211,20.505010989184,
    25.8743716001));
#1581 = CARTESIAN_POINT('',(-14.29554253031,20.505394871978,
    25.868991313146));
#1582 = CARTESIAN_POINT('',(-14.2946898885,20.505778754773,
    25.863611026191));
#1583 = CARTESIAN_POINT('',(-14.27810111926,20.513247474988,
    25.758933612772));
#1584 = CARTESIAN_POINT('',(-14.24227853724,20.521652628468,
    25.682093825239));
#1585 = CARTESIAN_POINT('',(-14.19857796957,20.52631179887,
    25.614061893433));
#1586 = CARTESIAN_POINT('',(-14.14403869812,20.528265658553,
    25.558148000844));
#1587 = CARTESIAN_POINT('',(-14.08150524606,20.526303580248,
    25.511171873894));
#1588 = CARTESIAN_POINT('',(-14.00993522689,20.520964388356,
    25.474298936112));
#1589 = CARTESIAN_POINT('',(-13.925,20.514122529507,25.452368754828));
#1590 = ADVANCED_FACE('',(#1591),#1609,.F.);
#1591 = FACE_BOUND('',#1592,.T.);
#1592 = EDGE_LOOP('',(#1593,#1601,#1602,#1603));
#1593 = ORIENTED_EDGE('',*,*,#1594,.F.);
#1594 = EDGE_CURVE('',#232,#1595,#1597,.T.);
#1595 = VERTEX_POINT('',#1596);
#1596 = CARTESIAN_POINT('',(-16.5,20.5,26.7));
#1597 = LINE('',#1598,#1599);
#1598 = CARTESIAN_POINT('',(-15.93333333333,19.933333333333,
    26.133333333333));
#1599 = VECTOR('',#1600,1.);
#1600 = DIRECTION('',(0.57735026919,-0.57735026919,-0.57735026919));
#1601 = ORIENTED_EDGE('',*,*,#231,.T.);
#1602 = ORIENTED_EDGE('',*,*,#1462,.T.);
#1603 = ORIENTED_EDGE('',*,*,#1604,.F.);
#1604 = EDGE_CURVE('',#1595,#1455,#1605,.T.);
#1605 = LINE('',#1606,#1607);
#1606 = CARTESIAN_POINT('',(-16.5,20.5,26.7));
#1607 = VECTOR('',#1608,1.);
#1608 = DIRECTION('',(1.,0.,0.));
#1609 = PLANE('',#1610);
#1610 = AXIS2_PLACEMENT_3D('',#1611,#1612,#1613);
#1611 = CARTESIAN_POINT('',(-16.5,21.,27.2));
#1612 = DIRECTION('',(0.,-0.707106781187,0.707106781187));
#1613 = DIRECTION('',(-1.,-0.,-0.));
#1614 = ADVANCED_FACE('',(#1615),#1635,.F.);
#1615 = FACE_BOUND('',#1616,.F.);
#1616 = EDGE_LOOP('',(#1617,#1618,#1629,#1634));
#1617 = ORIENTED_EDGE('',*,*,#1556,.T.);
#1618 = ORIENTED_EDGE('',*,*,#1619,.T.);
#1619 = EDGE_CURVE('',#1538,#1620,#1622,.T.);
#1620 = VERTEX_POINT('',#1621);
#1621 = CARTESIAN_POINT('',(-13.29999999999,20.5,25.118033988749));
#1622 = B_SPLINE_CURVE_WITH_KNOTS('',5,(#1623,#1624,#1625,#1626,#1627,
    #1628),.UNSPECIFIED.,.F.,.F.,(6,6),(-0.688737339366,0.),
  .PIECEWISE_BEZIER_KNOTS.);
#1623 = CARTESIAN_POINT('',(-13.925,20.514122529507,25.452368754828));
#1624 = CARTESIAN_POINT('',(-13.77486465224,20.502028550421,
    25.413603974725));
#1625 = CARTESIAN_POINT('',(-13.6397239315,20.50024731612,25.35807469196
    ));
#1626 = CARTESIAN_POINT('',(-13.51585419922,20.499915711888,
    25.289944061015));
#1627 = CARTESIAN_POINT('',(-13.40267090062,20.5,25.209865633998));
#1628 = CARTESIAN_POINT('',(-13.29999999999,20.5,25.118033988749));
#1629 = ORIENTED_EDGE('',*,*,#1630,.F.);
#1630 = EDGE_CURVE('',#294,#1620,#1631,.T.);
#1631 = B_SPLINE_CURVE_WITH_KNOTS('',1,(#1632,#1633),.UNSPECIFIED.,.F.,
  .F.,(2,2),(0.,0.688737339366),.PIECEWISE_BEZIER_KNOTS.);
#1632 = CARTESIAN_POINT('',(-12.63333333333,21.5,25.863389981248));
#1633 = CARTESIAN_POINT('',(-13.29999999999,20.5,25.118033988749));
#1634 = ORIENTED_EDGE('',*,*,#302,.F.);
#1635 = B_SPLINE_SURFACE_WITH_KNOTS('',1,5,(
    (#1636,#1637,#1638,#1639,#1640,#1641)
    ,(#1642,#1643,#1644,#1645,#1646,#1647
    )),.UNSPECIFIED.,.F.,.F.,.F.,(2,2),(6,6),(0.,0.688737339366),(
    -0.688737339366,0.),.PIECEWISE_BEZIER_KNOTS.);
#1636 = CARTESIAN_POINT('',(-13.14668783648,21.5,26.322548207492));
#1637 = CARTESIAN_POINT('',(-13.04401693585,21.5,26.230716562244));
#1638 = CARTESIAN_POINT('',(-12.94134603522,21.5,26.138884916994));
#1639 = CARTESIAN_POINT('',(-12.83867513459,21.5,26.047053271746));
#1640 = CARTESIAN_POINT('',(-12.73600423396,21.5,25.955221626497));
#1641 = CARTESIAN_POINT('',(-12.63333333333,21.5,25.863389981248));
#1642 = CARTESIAN_POINT('',(-13.925,20.514122529507,25.452368754828));
#1643 = CARTESIAN_POINT('',(-13.77486465224,20.502028550421,
    25.413603974725));
#1644 = CARTESIAN_POINT('',(-13.6397239315,20.50024731612,25.35807469196
    ));
#1645 = CARTESIAN_POINT('',(-13.51585419922,20.499915711888,
    25.289944061015));
#1646 = CARTESIAN_POINT('',(-13.40267090062,20.5,25.209865633998));
#1647 = CARTESIAN_POINT('',(-13.29999999999,20.5,25.118033988749));
#1648 = ADVANCED_FACE('',(#1649),#1667,.F.);
#1649 = FACE_BOUND('',#1650,.T.);
#1650 = EDGE_LOOP('',(#1651,#1659,#1660,#1661));
#1651 = ORIENTED_EDGE('',*,*,#1652,.F.);
#1652 = EDGE_CURVE('',#240,#1653,#1655,.T.);
#1653 = VERTEX_POINT('',#1654);
#1654 = CARTESIAN_POINT('',(-16.5,20.5,21.3));
#1655 = LINE('',#1656,#1657);
#1656 = CARTESIAN_POINT('',(-16.46666666666,20.466666666666,
    21.333333333334));
#1657 = VECTOR('',#1658,1.);
#1658 = DIRECTION('',(0.57735026919,-0.57735026919,0.57735026919));
#1659 = ORIENTED_EDGE('',*,*,#239,.T.);
#1660 = ORIENTED_EDGE('',*,*,#1594,.T.);
#1661 = ORIENTED_EDGE('',*,*,#1662,.F.);
#1662 = EDGE_CURVE('',#1653,#1595,#1663,.T.);
#1663 = LINE('',#1664,#1665);
#1664 = CARTESIAN_POINT('',(-16.5,20.5,21.3));
#1665 = VECTOR('',#1666,1.);
#1666 = DIRECTION('',(0.,2.2E-16,1.));
#1667 = PLANE('',#1668);
#1668 = AXIS2_PLACEMENT_3D('',#1669,#1670,#1671);
#1669 = CARTESIAN_POINT('',(-17.,21.,21.3));
#1670 = DIRECTION('',(-0.707106781187,-0.707106781187,0.));
#1671 = DIRECTION('',(1.1E-16,-1.1E-16,-1.));
#1672 = ADVANCED_FACE('',(#1673),#1692,.F.);
#1673 = FACE_BOUND('',#1674,.T.);
#1674 = EDGE_LOOP('',(#1675,#1676,#1677,#1685));
#1675 = ORIENTED_EDGE('',*,*,#1630,.F.);
#1676 = ORIENTED_EDGE('',*,*,#293,.T.);
#1677 = ORIENTED_EDGE('',*,*,#1678,.T.);
#1678 = EDGE_CURVE('',#283,#1679,#1681,.T.);
#1679 = VERTEX_POINT('',#1680);
#1680 = CARTESIAN_POINT('',(-13.29999999999,20.5,22.881966011251));
#1681 = LINE('',#1682,#1683);
#1682 = CARTESIAN_POINT('',(-13.29999999999,20.5,22.881966011251));
#1683 = VECTOR('',#1684,1.);
#1684 = DIRECTION('',(-0.471404520792,-0.707106781187,0.527046276694));
#1685 = ORIENTED_EDGE('',*,*,#1686,.F.);
#1686 = EDGE_CURVE('',#1620,#1679,#1687,.T.);
#1687 = CIRCLE('',#1688,1.5);
#1688 = AXIS2_PLACEMENT_3D('',#1689,#1690,#1691);
#1689 = CARTESIAN_POINT('',(-14.3,20.5,24.));
#1690 = DIRECTION('',(-0.,1.,0.));
#1691 = DIRECTION('',(0.666666666668,0.,0.745355992499));
#1692 = CONICAL_SURFACE('',#1693,1.5,0.785398163397);
#1693 = AXIS2_PLACEMENT_3D('',#1694,#1695,#1696);
#1694 = CARTESIAN_POINT('',(-14.3,20.5,24.));
#1695 = DIRECTION('',(0.,1.,0.));
#1696 = DIRECTION('',(0.666666666668,0.,0.745355992499));
#1697 = ADVANCED_FACE('',(#1698),#1716,.F.);
#1698 = FACE_BOUND('',#1699,.T.);
#1699 = EDGE_LOOP('',(#1700,#1708,#1709,#1710));
#1700 = ORIENTED_EDGE('',*,*,#1701,.F.);
#1701 = EDGE_CURVE('',#248,#1702,#1704,.T.);
#1702 = VERTEX_POINT('',#1703);
#1703 = CARTESIAN_POINT('',(-14.29999999999,20.5,21.3));
#1704 = LINE('',#1705,#1706);
#1705 = CARTESIAN_POINT('',(-14.86666666666,19.933333333333,
    21.866666666667));
#1706 = VECTOR('',#1707,1.);
#1707 = DIRECTION('',(-0.57735026919,-0.57735026919,0.57735026919));
#1708 = ORIENTED_EDGE('',*,*,#247,.T.);
#1709 = ORIENTED_EDGE('',*,*,#1652,.T.);
#1710 = ORIENTED_EDGE('',*,*,#1711,.F.);
#1711 = EDGE_CURVE('',#1702,#1653,#1712,.T.);
#1712 = LINE('',#1713,#1714);
#1713 = CARTESIAN_POINT('',(-14.29999999999,20.5,21.3));
#1714 = VECTOR('',#1715,1.);
#1715 = DIRECTION('',(-1.,0.,0.));
#1716 = PLANE('',#1717);
#1717 = AXIS2_PLACEMENT_3D('',#1718,#1719,#1720);
#1718 = CARTESIAN_POINT('',(-14.29999999999,21.,20.8));
#1719 = DIRECTION('',(0.,-0.707106781187,-0.707106781187));
#1720 = DIRECTION('',(1.,0.,0.));
#1721 = ADVANCED_FACE('',(#1722),#1742,.F.);
#1722 = FACE_BOUND('',#1723,.F.);
#1723 = EDGE_LOOP('',(#1724,#1725,#1736,#1741));
#1724 = ORIENTED_EDGE('',*,*,#1678,.T.);
#1725 = ORIENTED_EDGE('',*,*,#1726,.T.);
#1726 = EDGE_CURVE('',#1679,#1727,#1729,.T.);
#1727 = VERTEX_POINT('',#1728);
#1728 = CARTESIAN_POINT('',(-13.925,20.514122529507,22.547631245172));
#1729 = B_SPLINE_CURVE_WITH_KNOTS('',5,(#1730,#1731,#1732,#1733,#1734,
    #1735),.UNSPECIFIED.,.F.,.F.,(6,6),(2.5232060117,3.211943351066),
  .PIECEWISE_BEZIER_KNOTS.);
#1730 = CARTESIAN_POINT('',(-13.29999999999,20.5,22.881966011251));
#1731 = CARTESIAN_POINT('',(-13.40267090062,20.5,22.790134366002));
#1732 = CARTESIAN_POINT('',(-13.51585419922,20.499915711888,
    22.710055938985));
#1733 = CARTESIAN_POINT('',(-13.6397239315,20.50024731612,22.64192530804
    ));
#1734 = CARTESIAN_POINT('',(-13.77486465224,20.502028550421,
    22.586396025275));
#1735 = CARTESIAN_POINT('',(-13.925,20.514122529507,22.547631245172));
#1736 = ORIENTED_EDGE('',*,*,#1737,.F.);
#1737 = EDGE_CURVE('',#264,#1727,#1738,.T.);
#1738 = B_SPLINE_CURVE_WITH_KNOTS('',1,(#1739,#1740),.UNSPECIFIED.,.F.,
  .F.,(2,2),(0.,0.688737339366),.PIECEWISE_BEZIER_KNOTS.);
#1739 = CARTESIAN_POINT('',(-13.14668783648,21.5,21.677451792508));
#1740 = CARTESIAN_POINT('',(-13.925,20.514122529507,22.547631245172));
#1741 = ORIENTED_EDGE('',*,*,#282,.F.);
#1742 = B_SPLINE_SURFACE_WITH_KNOTS('',1,5,(
    (#1743,#1744,#1745,#1746,#1747,#1748)
    ,(#1749,#1750,#1751,#1752,#1753,#1754
    )),.UNSPECIFIED.,.F.,.F.,.F.,(2,2),(6,6),(0.,0.688737339366),(
    2.5232060117,3.211943351066),.PIECEWISE_BEZIER_KNOTS.);
#1743 = CARTESIAN_POINT('',(-12.63333333333,21.5,22.136610018752));
#1744 = CARTESIAN_POINT('',(-12.73600423396,21.5,22.044778373503));
#1745 = CARTESIAN_POINT('',(-12.83867513459,21.5,21.952946728254));
#1746 = CARTESIAN_POINT('',(-12.94134603522,21.5,21.861115083005));
#1747 = CARTESIAN_POINT('',(-13.04401693585,21.5,21.769283437757));
#1748 = CARTESIAN_POINT('',(-13.14668783648,21.5,21.677451792508));
#1749 = CARTESIAN_POINT('',(-13.29999999999,20.5,22.881966011251));
#1750 = CARTESIAN_POINT('',(-13.40267090062,20.5,22.790134366002));
#1751 = CARTESIAN_POINT('',(-13.51585419922,20.499915711888,
    22.710055938985));
#1752 = CARTESIAN_POINT('',(-13.6397239315,20.50024731612,22.64192530804
    ));
#1753 = CARTESIAN_POINT('',(-13.77486465224,20.502028550421,
    22.586396025275));
#1754 = CARTESIAN_POINT('',(-13.925,20.514122529507,22.547631245172));
#1755 = ADVANCED_FACE('',(#1756),#1836,.F.);
#1756 = FACE_BOUND('',#1757,.T.);
#1757 = EDGE_LOOP('',(#1758,#1769,#1828,#1829,#1830));
#1758 = ORIENTED_EDGE('',*,*,#1759,.F.);
#1759 = EDGE_CURVE('',#1760,#1762,#1764,.T.);
#1760 = VERTEX_POINT('',#1761);
#1761 = CARTESIAN_POINT('',(-14.2938372467,20.506162637567,
    22.141769260764));
#1762 = VERTEX_POINT('',#1763);
#1763 = CARTESIAN_POINT('',(-14.29999999999,20.5,22.063508326896));
#1764 = ELLIPSE('',#1765,0.707106781187,0.5);
#1765 = AXIS2_PLACEMENT_3D('',#1766,#1767,#1768);
#1766 = CARTESIAN_POINT('',(-13.8,20.999999999999,22.063508326896));
#1767 = DIRECTION('',(0.707106781187,-0.707106781187,0.));
#1768 = DIRECTION('',(0.707106781187,0.707106781187,-3.1E-16));
#1769 = ORIENTED_EDGE('',*,*,#1770,.F.);
#1770 = EDGE_CURVE('',#256,#1760,#1771,.T.);
#1771 = B_SPLINE_CURVE_WITH_KNOTS('',7,(#1772,#1773,#1774,#1775,#1776,
    #1777,#1778,#1779,#1780,#1781,#1782,#1783,#1784,#1785,#1786,#1787,
    #1788,#1789,#1790,#1791,#1792,#1793,#1794,#1795,#1796,#1797,#1798,
    #1799,#1800,#1801,#1802,#1803,#1804,#1805,#1806,#1807,#1808,#1809,
    #1810,#1811,#1812,#1813,#1814,#1815,#1816,#1817,#1818,#1819,#1820,
    #1821,#1822,#1823,#1824,#1825,#1826,#1827),.UNSPECIFIED.,.F.,.F.,(8,
    6,6,6,6,6,6,6,6,8),(0.,0.12209066608,0.222998859901,0.430455960609,
    0.66353912805,0.819992368045,0.911426934031,0.950032735046,
    0.971235356622,1.),.UNSPECIFIED.);
#1772 = CARTESIAN_POINT('',(-13.29999999999,21.5,21.54032522475));
#1773 = CARTESIAN_POINT('',(-13.31718550055,21.48281449944,
    21.553872335665));
#1774 = CARTESIAN_POINT('',(-13.33436806275,21.465631937243,
    21.567429953276));
#1775 = CARTESIAN_POINT('',(-13.3515486597,21.448451340293,
    21.58099459267));
#1776 = CARTESIAN_POINT('',(-13.36872826341,21.431271736582,
    21.594562778055));
#1777 = CARTESIAN_POINT('',(-13.38590784479,21.414092155204,
    21.608131042752));
#1778 = CARTESIAN_POINT('',(-13.40308837363,21.396911626364,
    21.621695929205));
#1779 = CARTESIAN_POINT('',(-13.43447214577,21.365527854225,
    21.646459754053));
#1780 = CARTESIAN_POINT('',(-13.44867478673,21.351325213264,
    21.657660824158));
#1781 = CARTESIAN_POINT('',(-13.46287929047,21.337120709527,
    21.668855243554));
#1782 = CARTESIAN_POINT('',(-13.47708621914,21.322913780857,
    21.680040989954));
#1783 = CARTESIAN_POINT('',(-13.49129614809,21.3087038519,
    21.691215974516));
#1784 = CARTESIAN_POINT('',(-13.50550966589,21.294490334104,
    21.702378041845));
#1785 = CARTESIAN_POINT('',(-13.5489575532,21.251042446798,
    21.736441933483));
#1786 = CARTESIAN_POINT('',(-13.57820529301,21.221794706988,
    21.759294825933));
#1787 = CARTESIAN_POINT('',(-13.60747615596,21.192523844031,
    21.782063957456));
#1788 = CARTESIAN_POINT('',(-13.63677571431,21.163224285689,
    21.804728201035));
#1789 = CARTESIAN_POINT('',(-13.66611001667,21.133889983321,
    21.827263216451));
#1790 = CARTESIAN_POINT('',(-13.69548605453,21.104513945466,
    21.849639674226));
#1791 = CARTESIAN_POINT('',(-13.75797326061,21.042026739386,
    21.896743284747));
#1792 = CARTESIAN_POINT('',(-13.79109480114,21.008905198853,
    21.92141678631));
#1793 = CARTESIAN_POINT('',(-13.82429188752,20.975708112471,
    21.945794369389));
#1794 = CARTESIAN_POINT('',(-13.85757948302,20.942420516973,21.969808228
    ));
#1795 = CARTESIAN_POINT('',(-13.89097163976,20.909028360229,
    21.993375214429));
#1796 = CARTESIAN_POINT('',(-13.92448606786,20.875513932131,
    22.016376365478));
#1797 = CARTESIAN_POINT('',(-13.98075323033,20.819246769659,
    22.05353580887));
#1798 = CARTESIAN_POINT('',(-14.00341227675,20.796587723242,
    22.068109026031));
#1799 = CARTESIAN_POINT('',(-14.02615000554,20.773849994457,
    22.082274681764));
#1800 = CARTESIAN_POINT('',(-14.04897727878,20.751022721217,
    22.095955615896));
#1801 = CARTESIAN_POINT('',(-14.07190011707,20.728099882928,
    22.109025906206));
#1802 = CARTESIAN_POINT('',(-14.09491807196,20.705081928033,
    22.121328666131));
#1803 = CARTESIAN_POINT('',(-14.13155734249,20.668442657504,
    22.1390857271));
#1804 = CARTESIAN_POINT('',(-14.14509080257,20.654909197421,
    22.145252927523));
#1805 = CARTESIAN_POINT('',(-14.15866173743,20.641338262567,
    22.150980083558));
#1806 = CARTESIAN_POINT('',(-14.17227047503,20.627729524967,
    22.156182596649));
#1807 = CARTESIAN_POINT('',(-14.18589775316,20.614102246834,
    22.160718972034));
#1808 = CARTESIAN_POINT('',(-14.19950611052,20.600493889477,
    22.164414542139));
#1809 = CARTESIAN_POINT('',(-14.21875239146,20.581247608538,
    22.167967095966));
#1810 = CARTESIAN_POINT('',(-14.22444779694,20.57555220305,
    22.168807400786));
#1811 = CARTESIAN_POINT('',(-14.23012136699,20.569878633003,
    22.169406759418));
#1812 = CARTESIAN_POINT('',(-14.23576359903,20.564236400961,
    22.169732124614));
#1813 = CARTESIAN_POINT('',(-14.24135866775,20.55864133224,
    22.169742337416));
#1814 = CARTESIAN_POINT('',(-14.24688411356,20.553115886439,
    22.169386477934));
#1815 = CARTESIAN_POINT('',(-14.25529076386,20.544709236135,
    22.168171493125));
#1816 = CARTESIAN_POINT('',(-14.25824017665,20.541759823339,
    22.167611624721));
#1817 = CARTESIAN_POINT('',(-14.26115360375,20.538846396249,
    22.166912490274));
#1818 = CARTESIAN_POINT('',(-14.26402406699,20.535975933,22.166062904376
    ));
#1819 = CARTESIAN_POINT('',(-14.26684297028,20.533157029717,
    22.165051205696));
#1820 = CARTESIAN_POINT('',(-14.26960029398,20.530399706016,
    22.163865845823));
#1821 = CARTESIAN_POINT('',(-14.27592672382,20.524073276172,
    22.160637540183));
#1822 = CARTESIAN_POINT('',(-14.2794371766,20.520562823396,
    22.158438026843));
#1823 = CARTESIAN_POINT('',(-14.28278335841,20.517216641585,
    22.155872908146));
#1824 = CARTESIAN_POINT('',(-14.28592886843,20.514071131568,
    22.152921868673));
#1825 = CARTESIAN_POINT('',(-14.2888381834,20.511161816597,
    22.149576171493));
#1826 = CARTESIAN_POINT('',(-14.29148114667,20.508518853324,
    22.145846022116));
#1827 = CARTESIAN_POINT('',(-14.2938374572,20.506162542791,
    22.141767932447));
#1828 = ORIENTED_EDGE('',*,*,#255,.T.);
#1829 = ORIENTED_EDGE('',*,*,#1701,.T.);
#1830 = ORIENTED_EDGE('',*,*,#1831,.F.);
#1831 = EDGE_CURVE('',#1762,#1702,#1832,.T.);
#1832 = LINE('',#1833,#1834);
#1833 = CARTESIAN_POINT('',(-14.29999999999,20.5,26.7));
#1834 = VECTOR('',#1835,1.);
#1835 = DIRECTION('',(0.,-2.2E-16,-1.));
#1836 = PLANE('',#1837);
#1837 = AXIS2_PLACEMENT_3D('',#1838,#1839,#1840);
#1838 = CARTESIAN_POINT('',(-13.79999999999,21.,26.7));
#1839 = DIRECTION('',(0.707106781187,-0.707106781187,0.));
#1840 = DIRECTION('',(1.1E-16,1.1E-16,1.));
#1841 = ADVANCED_FACE('',(#1842),#1864,.F.);
#1842 = FACE_BOUND('',#1843,.F.);
#1843 = EDGE_LOOP('',(#1844,#1845,#1862,#1863));
#1844 = ORIENTED_EDGE('',*,*,#1737,.T.);
#1845 = ORIENTED_EDGE('',*,*,#1846,.T.);
#1846 = EDGE_CURVE('',#1727,#1760,#1847,.T.);
#1847 = B_SPLINE_CURVE_WITH_KNOTS('',7,(#1848,#1849,#1850,#1851,#1852,
    #1853,#1854,#1855,#1856,#1857,#1858,#1859,#1860,#1861),
  .UNSPECIFIED.,.F.,.F.,(8,6,8),(3.211943351066,3.757433059425,
    3.786989716966),.UNSPECIFIED.);
#1848 = CARTESIAN_POINT('',(-13.925,20.514122529507,22.547631245172));
#1849 = CARTESIAN_POINT('',(-14.00993522689,20.520964388356,
    22.525701063888));
#1850 = CARTESIAN_POINT('',(-14.08150524606,20.526303580248,
    22.488828126106));
#1851 = CARTESIAN_POINT('',(-14.14403869812,20.528265658553,
    22.441851999155));
#1852 = CARTESIAN_POINT('',(-14.19857796957,20.526311798869,
    22.385938106567));
#1853 = CARTESIAN_POINT('',(-14.24227853724,20.521652628468,
    22.31790617476));
#1854 = CARTESIAN_POINT('',(-14.27810111926,20.513247474988,
    22.241066387228));
#1855 = CARTESIAN_POINT('',(-14.2946898885,20.505778754773,
    22.136388973809));
#1856 = CARTESIAN_POINT('',(-14.29554253031,20.505394871978,
    22.131008686854));
#1857 = CARTESIAN_POINT('',(-14.29639517211,20.505010989184,
    22.1256283999));
#1858 = CARTESIAN_POINT('',(-14.29724781392,20.50462710639,
    22.120248112945));
#1859 = CARTESIAN_POINT('',(-14.29810045572,20.504243223596,
    22.114867825991));
#1860 = CARTESIAN_POINT('',(-14.29895309753,20.503859340802,
    22.109487539036));
#1861 = CARTESIAN_POINT('',(-14.29980573933,20.503475458008,
    22.104107252081));
#1862 = ORIENTED_EDGE('',*,*,#1770,.F.);
#1863 = ORIENTED_EDGE('',*,*,#263,.F.);
#1864 = B_SPLINE_SURFACE_WITH_KNOTS('',1,7,(
    (#1865,#1866,#1867,#1868,#1869,#1870,#1871,#1872,#1873,#1874,#1875
      ,#1876,#1877,#1878)
    ,(#1879,#1880,#1881,#1882,#1883,#1884,#1885,#1886,#1887,#1888,#1889
      ,#1890,#1891,#1892
    )),.UNSPECIFIED.,.F.,.F.,.F.,(2,2),(8,6,8),(0.,0.545489708359),(
    3.211943351066,3.757433059425,3.786989716966),.UNSPECIFIED.);
#1865 = CARTESIAN_POINT('',(-13.14668783648,21.5,21.677451792508));
#1866 = CARTESIAN_POINT('',(-13.20477126833,21.5,21.625500391711));
#1867 = CARTESIAN_POINT('',(-13.26285470019,21.5,21.573548990915));
#1868 = CARTESIAN_POINT('',(-13.32093813204,21.5,21.521597590119));
#1869 = CARTESIAN_POINT('',(-13.37902156389,21.5,21.469646189323));
#1870 = CARTESIAN_POINT('',(-13.43710499575,21.5,21.417694788527));
#1871 = CARTESIAN_POINT('',(-13.4951884276,21.5,21.365743387731));
#1872 = CARTESIAN_POINT('',(-13.55641903543,21.5,21.310977067169));
#1873 = CARTESIAN_POINT('',(-13.55987393388,21.5,21.307886912052));
#1874 = CARTESIAN_POINT('',(-13.5636365548,21.5,21.304521521586));
#1875 = CARTESIAN_POINT('',(-13.56770689821,21.5,21.300880895769));
#1876 = CARTESIAN_POINT('',(-13.57208496409,21.5,21.296965034602));
#1877 = CARTESIAN_POINT('',(-13.57677075244,21.5,21.292773938084));
#1878 = CARTESIAN_POINT('',(-13.58176426328,21.5,21.288307606216));
#1879 = CARTESIAN_POINT('',(-13.925,20.514122529507,22.547631245172));
#1880 = CARTESIAN_POINT('',(-14.00993522689,20.520964388356,
    22.525701063888));
#1881 = CARTESIAN_POINT('',(-14.08150524606,20.526303580248,
    22.488828126106));
#1882 = CARTESIAN_POINT('',(-14.14403869812,20.528265658553,
    22.441851999155));
#1883 = CARTESIAN_POINT('',(-14.19857796957,20.526311798869,
    22.385938106567));
#1884 = CARTESIAN_POINT('',(-14.24227853724,20.521652628468,
    22.31790617476));
#1885 = CARTESIAN_POINT('',(-14.27810111926,20.513247474988,
    22.241066387228));
#1886 = CARTESIAN_POINT('',(-14.2946898885,20.505778754773,
    22.136388973809));
#1887 = CARTESIAN_POINT('',(-14.29554253031,20.505394871978,
    22.131008686854));
#1888 = CARTESIAN_POINT('',(-14.29639517211,20.505010989184,
    22.1256283999));
#1889 = CARTESIAN_POINT('',(-14.29724781392,20.50462710639,
    22.120248112945));
#1890 = CARTESIAN_POINT('',(-14.29810045572,20.504243223596,
    22.114867825991));
#1891 = CARTESIAN_POINT('',(-14.29895309753,20.503859340802,
    22.109487539036));
#1892 = CARTESIAN_POINT('',(-14.29980573933,20.503475458008,
    22.104107252081));
#1893 = ADVANCED_FACE('',(#1894),#1981,.F.);
#1894 = FACE_BOUND('',#1895,.T.);
#1895 = EDGE_LOOP('',(#1896,#1907,#1915,#1921,#1922));
#1896 = ORIENTED_EDGE('',*,*,#1897,.F.);
#1897 = EDGE_CURVE('',#1898,#1900,#1902,.T.);
#1898 = VERTEX_POINT('',#1899);
#1899 = CARTESIAN_POINT('',(14.3,20.5,-25.9364916731));
#1900 = VERTEX_POINT('',#1901);
#1901 = CARTESIAN_POINT('',(14.293837246704,20.506162637565,
    -25.85823073925));
#1902 = ELLIPSE('',#1903,0.707106781187,0.5);
#1903 = AXIS2_PLACEMENT_3D('',#1904,#1905,#1906);
#1904 = CARTESIAN_POINT('',(13.8,21.,-25.9364916731));
#1905 = DIRECTION('',(-0.707106781187,-0.707106781187,0.));
#1906 = DIRECTION('',(-0.707106781187,0.707106781187,-3.1E-16));
#1907 = ORIENTED_EDGE('',*,*,#1908,.F.);
#1908 = EDGE_CURVE('',#1909,#1898,#1911,.T.);
#1909 = VERTEX_POINT('',#1910);
#1910 = CARTESIAN_POINT('',(14.3,20.5,-26.7));
#1911 = LINE('',#1912,#1913);
#1912 = CARTESIAN_POINT('',(14.3,20.5,-26.7));
#1913 = VECTOR('',#1914,1.);
#1914 = DIRECTION('',(0.,2.2E-16,1.));
#1915 = ORIENTED_EDGE('',*,*,#1916,.F.);
#1916 = EDGE_CURVE('',#333,#1909,#1917,.T.);
#1917 = LINE('',#1918,#1919);
#1918 = CARTESIAN_POINT('',(14.333333333333,20.466666666667,
    -26.66666666666));
#1919 = VECTOR('',#1920,1.);
#1920 = DIRECTION('',(0.57735026919,-0.57735026919,0.57735026919));
#1921 = ORIENTED_EDGE('',*,*,#332,.T.);
#1922 = ORIENTED_EDGE('',*,*,#1923,.T.);
#1923 = EDGE_CURVE('',#335,#1900,#1924,.T.);
#1924 = B_SPLINE_CURVE_WITH_KNOTS('',7,(#1925,#1926,#1927,#1928,#1929,
    #1930,#1931,#1932,#1933,#1934,#1935,#1936,#1937,#1938,#1939,#1940,
    #1941,#1942,#1943,#1944,#1945,#1946,#1947,#1948,#1949,#1950,#1951,
    #1952,#1953,#1954,#1955,#1956,#1957,#1958,#1959,#1960,#1961,#1962,
    #1963,#1964,#1965,#1966,#1967,#1968,#1969,#1970,#1971,#1972,#1973,
    #1974,#1975,#1976,#1977,#1978,#1979,#1980),.UNSPECIFIED.,.F.,.F.,(8,
    6,6,6,6,6,6,6,6,8),(0.,0.122090666091,0.222998859912,0.430455960619,
    0.663539128059,0.819992368052,0.911426934037,0.950032735049,
    0.971235356623,1.),.UNSPECIFIED.);
#1925 = CARTESIAN_POINT('',(13.3,21.5,-26.45967477525));
#1926 = CARTESIAN_POINT('',(13.317185500562,21.482814499438,
    -26.44612766433));
#1927 = CARTESIAN_POINT('',(13.334368062761,21.465631937239,
    -26.43257004672));
#1928 = CARTESIAN_POINT('',(13.351548659712,21.448451340288,
    -26.41900540732));
#1929 = CARTESIAN_POINT('',(13.368728263425,21.431271736575,
    -26.40543722194));
#1930 = CARTESIAN_POINT('',(13.385907844804,21.414092155196,
    -26.39186895724));
#1931 = CARTESIAN_POINT('',(13.403088373647,21.396911626353,
    -26.37830407078));
#1932 = CARTESIAN_POINT('',(13.434472145787,21.365527854213,
    -26.35354024593));
#1933 = CARTESIAN_POINT('',(13.448674786747,21.351325213252,
    -26.34233917583));
#1934 = CARTESIAN_POINT('',(13.462879290485,21.337120709515,
    -26.33114475643));
#1935 = CARTESIAN_POINT('',(13.477086219155,21.322913780845,
    -26.31995901003));
#1936 = CARTESIAN_POINT('',(13.491296148112,21.308703851888,
    -26.30878402547));
#1937 = CARTESIAN_POINT('',(13.505509665908,21.294490334092,
    -26.29762195814));
#1938 = CARTESIAN_POINT('',(13.548957553214,21.251042446786,
    -26.2635580665));
#1939 = CARTESIAN_POINT('',(13.578205293024,21.221794706975,
    -26.24070517405));
#1940 = CARTESIAN_POINT('',(13.607476155981,21.192523844019,
    -26.21793604253));
#1941 = CARTESIAN_POINT('',(13.636775714323,21.163224285677,
    -26.19527179895));
#1942 = CARTESIAN_POINT('',(13.666110016691,21.133889983309,
    -26.17273678354));
#1943 = CARTESIAN_POINT('',(13.695486054546,21.104513945454,
    -26.15036032576));
#1944 = CARTESIAN_POINT('',(13.757973260626,21.042026739374,
    -26.10325671524));
#1945 = CARTESIAN_POINT('',(13.791094801159,21.008905198841,
    -26.07858321368));
#1946 = CARTESIAN_POINT('',(13.824291887541,20.975708112459,
    -26.0542056306));
#1947 = CARTESIAN_POINT('',(13.85757948304,20.94242051696,
    -26.03019177199));
#1948 = CARTESIAN_POINT('',(13.890971639783,20.909028360217,
    -26.00662478556));
#1949 = CARTESIAN_POINT('',(13.924486067881,20.875513932119,
    -25.98362363451));
#1950 = CARTESIAN_POINT('',(13.980753230353,20.819246769647,
    -25.94646419112));
#1951 = CARTESIAN_POINT('',(14.003412276771,20.796587723229,
    -25.93189097396));
#1952 = CARTESIAN_POINT('',(14.026150005555,20.773849994445,
    -25.91772531823));
#1953 = CARTESIAN_POINT('',(14.048977278796,20.751022721204,
    -25.90404438409));
#1954 = CARTESIAN_POINT('',(14.071900117085,20.728099882915,
    -25.89097409378));
#1955 = CARTESIAN_POINT('',(14.09491807198,20.70508192802,
    -25.87867133386));
#1956 = CARTESIAN_POINT('',(14.131557342509,20.668442657491,
    -25.86091427289));
#1957 = CARTESIAN_POINT('',(14.145090802591,20.654909197408,
    -25.85474707247));
#1958 = CARTESIAN_POINT('',(14.158661737446,20.641338262554,
    -25.84901991644));
#1959 = CARTESIAN_POINT('',(14.172270475045,20.627729524955,
    -25.84381740334));
#1960 = CARTESIAN_POINT('',(14.185897753178,20.614102246821,
    -25.83928102796));
#1961 = CARTESIAN_POINT('',(14.199506110534,20.600493889465,
    -25.83558545786));
#1962 = CARTESIAN_POINT('',(14.218752391473,20.581247608527,
    -25.83203290403));
#1963 = CARTESIAN_POINT('',(14.22444779696,20.57555220304,
    -25.83119259921));
#1964 = CARTESIAN_POINT('',(14.230121367007,20.569878632993,
    -25.83059324058));
#1965 = CARTESIAN_POINT('',(14.235763599049,20.564236400951,
    -25.83026787539));
#1966 = CARTESIAN_POINT('',(14.241358667769,20.55864133223,
    -25.83025766258));
#1967 = CARTESIAN_POINT('',(14.24688411357,20.55311588643,
    -25.83061352207));
#1968 = CARTESIAN_POINT('',(14.255290763872,20.544709236128,
    -25.83182850688));
#1969 = CARTESIAN_POINT('',(14.258240176668,20.541759823332,
    -25.83238837528));
#1970 = CARTESIAN_POINT('',(14.261153603758,20.538846396242,
    -25.83308750973));
#1971 = CARTESIAN_POINT('',(14.264024067006,20.535975932994,
    -25.83393709563));
#1972 = CARTESIAN_POINT('',(14.266842970289,20.533157029711,
    -25.83494879431));
#1973 = CARTESIAN_POINT('',(14.26960029399,20.53039970601,
    -25.83613415418));
#1974 = CARTESIAN_POINT('',(14.275926723833,20.524073276167,
    -25.83936245982));
#1975 = CARTESIAN_POINT('',(14.279437176608,20.520562823391,
    -25.84156197316));
#1976 = CARTESIAN_POINT('',(14.282783358419,20.517216641581,
    -25.84412709186));
#1977 = CARTESIAN_POINT('',(14.285928868435,20.514071131565,
    -25.84707813134));
#1978 = CARTESIAN_POINT('',(14.288838183406,20.511161816594,
    -25.85042382852));
#1979 = CARTESIAN_POINT('',(14.291481146678,20.508518853322,
    -25.85415397789));
#1980 = CARTESIAN_POINT('',(14.29383745721,20.50616254279,
    -25.85823206756));
#1981 = PLANE('',#1982);
#1982 = AXIS2_PLACEMENT_3D('',#1983,#1984,#1985);
#1983 = CARTESIAN_POINT('',(13.8,21.,-26.7));
#1984 = DIRECTION('',(-0.707106781187,-0.707106781187,0.));
#1985 = DIRECTION('',(1.1E-16,-1.1E-16,-1.));
#1986 = ADVANCED_FACE('',(#1987),#2015,.F.);
#1987 = FACE_BOUND('',#1988,.F.);
#1988 = EDGE_LOOP('',(#1989,#1990,#2009,#2014));
#1989 = ORIENTED_EDGE('',*,*,#1923,.T.);
#1990 = ORIENTED_EDGE('',*,*,#1991,.T.);
#1991 = EDGE_CURVE('',#1900,#1992,#1994,.T.);
#1992 = VERTEX_POINT('',#1993);
#1993 = CARTESIAN_POINT('',(13.925,20.514122529507,-25.45236875482));
#1994 = B_SPLINE_CURVE_WITH_KNOTS('',7,(#1995,#1996,#1997,#1998,#1999,
    #2000,#2001,#2002,#2003,#2004,#2005,#2006,#2007,#2008),
  .UNSPECIFIED.,.F.,.F.,(8,6,8),(-1.263783705276,-1.234227047736,
    -0.688737339365),.UNSPECIFIED.);
#1995 = CARTESIAN_POINT('',(14.29980573934,20.503475458007,
    -25.89589274793));
#1996 = CARTESIAN_POINT('',(14.298953097535,20.503859340801,
    -25.89051246098));
#1997 = CARTESIAN_POINT('',(14.29810045573,20.504243223595,
    -25.88513217402));
#1998 = CARTESIAN_POINT('',(14.297247813925,20.504627106389,
    -25.87975188707));
#1999 = CARTESIAN_POINT('',(14.29639517212,20.505010989183,
    -25.87437160011));
#2000 = CARTESIAN_POINT('',(14.295542530315,20.505394871977,
    -25.86899131316));
#2001 = CARTESIAN_POINT('',(14.29468988851,20.505778754771,
    -25.8636110262));
#2002 = CARTESIAN_POINT('',(14.278101119269,20.513247474987,
    -25.75893361278));
#2003 = CARTESIAN_POINT('',(14.242278537253,20.521652628467,
    -25.68209382524));
#2004 = CARTESIAN_POINT('',(14.198577969581,20.526311798869,
    -25.61406189343));
#2005 = CARTESIAN_POINT('',(14.144038698131,20.528265658553,
    -25.55814800084));
#2006 = CARTESIAN_POINT('',(14.081505246066,20.526303580248,
    -25.51117187389));
#2007 = CARTESIAN_POINT('',(14.009935226894,20.520964388356,
    -25.47429893611));
#2008 = CARTESIAN_POINT('',(13.925,20.514122529507,-25.45236875482));
#2009 = ORIENTED_EDGE('',*,*,#2010,.F.);
#2010 = EDGE_CURVE('',#414,#1992,#2011,.T.);
#2011 = B_SPLINE_CURVE_WITH_KNOTS('',1,(#2012,#2013),.UNSPECIFIED.,.F.,
  .F.,(2,2),(0.,0.545489708371),.PIECEWISE_BEZIER_KNOTS.);
#2012 = CARTESIAN_POINT('',(13.146687836487,21.5,-26.32254820749));
#2013 = CARTESIAN_POINT('',(13.925,20.514122529507,-25.45236875482));
#2014 = ORIENTED_EDGE('',*,*,#424,.F.);
#2015 = B_SPLINE_SURFACE_WITH_KNOTS('',1,7,(
    (#2016,#2017,#2018,#2019,#2020,#2021,#2022,#2023,#2024,#2025,#2026
      ,#2027,#2028,#2029)
    ,(#2030,#2031,#2032,#2033,#2034,#2035,#2036,#2037,#2038,#2039,#2040
      ,#2041,#2042,#2043
    )),.UNSPECIFIED.,.F.,.F.,.F.,(2,2),(8,6,8),(0.,0.545489708371),(
    -1.263783705276,-1.234227047736,-0.688737339365),.UNSPECIFIED.);
#2016 = CARTESIAN_POINT('',(13.581764263293,21.5,-26.71169239379));
#2017 = CARTESIAN_POINT('',(13.57677075246,21.5,-26.70722606192));
#2018 = CARTESIAN_POINT('',(13.572084964103,21.5,-26.7030349654));
#2019 = CARTESIAN_POINT('',(13.567706898223,21.5,-26.69911910423));
#2020 = CARTESIAN_POINT('',(13.563636554819,21.5,-26.69547847842));
#2021 = CARTESIAN_POINT('',(13.559873933892,21.5,-26.69211308795));
#2022 = CARTESIAN_POINT('',(13.556419035442,21.5,-26.68902293283));
#2023 = CARTESIAN_POINT('',(13.495188427614,21.5,-26.63425661227));
#2024 = CARTESIAN_POINT('',(13.437104995759,21.5,-26.58230521147));
#2025 = CARTESIAN_POINT('',(13.379021563905,21.5,-26.53035381068));
#2026 = CARTESIAN_POINT('',(13.32093813205,21.5,-26.47840240988));
#2027 = CARTESIAN_POINT('',(13.262854700196,21.5,-26.42645100908));
#2028 = CARTESIAN_POINT('',(13.204771268341,21.5,-26.37449960829));
#2029 = CARTESIAN_POINT('',(13.146687836487,21.5,-26.32254820749));
#2030 = CARTESIAN_POINT('',(14.29980573934,20.503475458007,
    -25.89589274793));
#2031 = CARTESIAN_POINT('',(14.298953097535,20.503859340801,
    -25.89051246098));
#2032 = CARTESIAN_POINT('',(14.29810045573,20.504243223595,
    -25.88513217402));
#2033 = CARTESIAN_POINT('',(14.297247813925,20.504627106389,
    -25.87975188707));
#2034 = CARTESIAN_POINT('',(14.29639517212,20.505010989183,
    -25.87437160011));
#2035 = CARTESIAN_POINT('',(14.295542530315,20.505394871977,
    -25.86899131316));
#2036 = CARTESIAN_POINT('',(14.29468988851,20.505778754771,
    -25.8636110262));
#2037 = CARTESIAN_POINT('',(14.278101119269,20.513247474987,
    -25.75893361278));
#2038 = CARTESIAN_POINT('',(14.242278537253,20.521652628467,
    -25.68209382524));
#2039 = CARTESIAN_POINT('',(14.198577969581,20.526311798869,
    -25.61406189343));
#2040 = CARTESIAN_POINT('',(14.144038698131,20.528265658553,
    -25.55814800084));
#2041 = CARTESIAN_POINT('',(14.081505246066,20.526303580248,
    -25.51117187389));
#2042 = CARTESIAN_POINT('',(14.009935226894,20.520964388356,
    -25.47429893611));
#2043 = CARTESIAN_POINT('',(13.925,20.514122529507,-25.45236875482));
#2044 = ADVANCED_FACE('',(#2045),#2063,.F.);
#2045 = FACE_BOUND('',#2046,.T.);
#2046 = EDGE_LOOP('',(#2047,#2055,#2056,#2057));
#2047 = ORIENTED_EDGE('',*,*,#2048,.F.);
#2048 = EDGE_CURVE('',#343,#2049,#2051,.T.);
#2049 = VERTEX_POINT('',#2050);
#2050 = CARTESIAN_POINT('',(16.5,20.5,-26.7));
#2051 = LINE('',#2052,#2053);
#2052 = CARTESIAN_POINT('',(15.933333333334,19.933333333333,
    -26.13333333333));
#2053 = VECTOR('',#2054,1.);
#2054 = DIRECTION('',(-0.57735026919,-0.57735026919,0.57735026919));
#2055 = ORIENTED_EDGE('',*,*,#342,.T.);
#2056 = ORIENTED_EDGE('',*,*,#1916,.T.);
#2057 = ORIENTED_EDGE('',*,*,#2058,.F.);
#2058 = EDGE_CURVE('',#2049,#1909,#2059,.T.);
#2059 = LINE('',#2060,#2061);
#2060 = CARTESIAN_POINT('',(16.5,20.5,-26.7));
#2061 = VECTOR('',#2062,1.);
#2062 = DIRECTION('',(-1.,0.,0.));
#2063 = PLANE('',#2064);
#2064 = AXIS2_PLACEMENT_3D('',#2065,#2066,#2067);
#2065 = CARTESIAN_POINT('',(16.5,21.,-27.2));
#2066 = DIRECTION('',(0.,-0.707106781187,-0.707106781187));
#2067 = DIRECTION('',(1.,0.,0.));
#2068 = ADVANCED_FACE('',(#2069),#2089,.F.);
#2069 = FACE_BOUND('',#2070,.F.);
#2070 = EDGE_LOOP('',(#2071,#2072,#2083,#2088));
#2071 = ORIENTED_EDGE('',*,*,#2010,.T.);
#2072 = ORIENTED_EDGE('',*,*,#2073,.T.);
#2073 = EDGE_CURVE('',#1992,#2074,#2076,.T.);
#2074 = VERTEX_POINT('',#2075);
#2075 = CARTESIAN_POINT('',(13.3,20.5,-25.11803398875));
#2076 = B_SPLINE_CURVE_WITH_KNOTS('',5,(#2077,#2078,#2079,#2080,#2081,
    #2082),.UNSPECIFIED.,.F.,.F.,(6,6),(-0.688737339365,0.),
  .PIECEWISE_BEZIER_KNOTS.);
#2077 = CARTESIAN_POINT('',(13.925,20.514122529507,-25.45236875482));
#2078 = CARTESIAN_POINT('',(13.774864652242,20.50202855042,
    -25.41360397472));
#2079 = CARTESIAN_POINT('',(13.639723931508,20.50024731612,
    -25.35807469196));
#2080 = CARTESIAN_POINT('',(13.515854199229,20.499915711888,
    -25.28994406101));
#2081 = CARTESIAN_POINT('',(13.402670900631,20.5,-25.20986563399));
#2082 = CARTESIAN_POINT('',(13.3,20.5,-25.11803398875));
#2083 = ORIENTED_EDGE('',*,*,#2084,.F.);
#2084 = EDGE_CURVE('',#405,#2074,#2085,.T.);
#2085 = B_SPLINE_CURVE_WITH_KNOTS('',1,(#2086,#2087),.UNSPECIFIED.,.F.,
  .F.,(2,2),(0.,0.688737339365),.PIECEWISE_BEZIER_KNOTS.);
#2086 = CARTESIAN_POINT('',(12.633333333333,21.5,-25.86338998125));
#2087 = CARTESIAN_POINT('',(13.3,20.5,-25.11803398875));
#2088 = ORIENTED_EDGE('',*,*,#413,.F.);
#2089 = B_SPLINE_SURFACE_WITH_KNOTS('',1,5,(
    (#2090,#2091,#2092,#2093,#2094,#2095)
    ,(#2096,#2097,#2098,#2099,#2100,#2101
    )),.UNSPECIFIED.,.F.,.F.,.F.,(2,2),(6,6),(0.,0.688737339365),(
    -0.688737339365,0.),.PIECEWISE_BEZIER_KNOTS.);
#2090 = CARTESIAN_POINT('',(13.146687836487,21.5,-26.32254820749));
#2091 = CARTESIAN_POINT('',(13.044016935856,21.5,-26.23071656224));
#2092 = CARTESIAN_POINT('',(12.941346035225,21.5,-26.13888491699));
#2093 = CARTESIAN_POINT('',(12.838675134594,21.5,-26.04705327174));
#2094 = CARTESIAN_POINT('',(12.736004233964,21.5,-25.95522162649));
#2095 = CARTESIAN_POINT('',(12.633333333333,21.5,-25.86338998125));
#2096 = CARTESIAN_POINT('',(13.925,20.514122529507,-25.45236875482));
#2097 = CARTESIAN_POINT('',(13.774864652242,20.50202855042,
    -25.41360397472));
#2098 = CARTESIAN_POINT('',(13.639723931508,20.50024731612,
    -25.35807469196));
#2099 = CARTESIAN_POINT('',(13.515854199229,20.499915711888,
    -25.28994406101));
#2100 = CARTESIAN_POINT('',(13.402670900631,20.5,-25.20986563399));
#2101 = CARTESIAN_POINT('',(13.3,20.5,-25.11803398875));
#2102 = ADVANCED_FACE('',(#2103),#2121,.F.);
#2103 = FACE_BOUND('',#2104,.T.);
#2104 = EDGE_LOOP('',(#2105,#2113,#2114,#2115));
#2105 = ORIENTED_EDGE('',*,*,#2106,.F.);
#2106 = EDGE_CURVE('',#351,#2107,#2109,.T.);
#2107 = VERTEX_POINT('',#2108);
#2108 = CARTESIAN_POINT('',(16.5,20.5,-21.3));
#2109 = LINE('',#2110,#2111);
#2110 = CARTESIAN_POINT('',(16.466666666667,20.466666666667,
    -21.33333333333));
#2111 = VECTOR('',#2112,1.);
#2112 = DIRECTION('',(-0.57735026919,-0.57735026919,-0.57735026919));
#2113 = ORIENTED_EDGE('',*,*,#350,.T.);
#2114 = ORIENTED_EDGE('',*,*,#2048,.T.);
#2115 = ORIENTED_EDGE('',*,*,#2116,.F.);
#2116 = EDGE_CURVE('',#2107,#2049,#2117,.T.);
#2117 = LINE('',#2118,#2119);
#2118 = CARTESIAN_POINT('',(16.5,20.5,-21.3));
#2119 = VECTOR('',#2120,1.);
#2120 = DIRECTION('',(0.,-2.2E-16,-1.));
#2121 = PLANE('',#2122);
#2122 = AXIS2_PLACEMENT_3D('',#2123,#2124,#2125);
#2123 = CARTESIAN_POINT('',(17.,21.,-21.3));
#2124 = DIRECTION('',(0.707106781187,-0.707106781187,0.));
#2125 = DIRECTION('',(1.1E-16,1.1E-16,1.));
#2126 = ADVANCED_FACE('',(#2127),#2146,.F.);
#2127 = FACE_BOUND('',#2128,.T.);
#2128 = EDGE_LOOP('',(#2129,#2130,#2131,#2139));
#2129 = ORIENTED_EDGE('',*,*,#2084,.F.);
#2130 = ORIENTED_EDGE('',*,*,#404,.T.);
#2131 = ORIENTED_EDGE('',*,*,#2132,.T.);
#2132 = EDGE_CURVE('',#394,#2133,#2135,.T.);
#2133 = VERTEX_POINT('',#2134);
#2134 = CARTESIAN_POINT('',(13.3,20.5,-22.88196601125));
#2135 = LINE('',#2136,#2137);
#2136 = CARTESIAN_POINT('',(13.3,20.5,-22.88196601125));
#2137 = VECTOR('',#2138,1.);
#2138 = DIRECTION('',(0.471404520791,-0.707106781187,-0.527046276695));
#2139 = ORIENTED_EDGE('',*,*,#2140,.F.);
#2140 = EDGE_CURVE('',#2074,#2133,#2141,.T.);
#2141 = CIRCLE('',#2142,1.5);
#2142 = AXIS2_PLACEMENT_3D('',#2143,#2144,#2145);
#2143 = CARTESIAN_POINT('',(14.3,20.5,-24.));
#2144 = DIRECTION('',(0.,1.,0.));
#2145 = DIRECTION('',(-0.666666666667,0.,-0.7453559925));
#2146 = CONICAL_SURFACE('',#2147,1.5,0.785398163397);
#2147 = AXIS2_PLACEMENT_3D('',#2148,#2149,#2150);
#2148 = CARTESIAN_POINT('',(14.3,20.5,-24.));
#2149 = DIRECTION('',(0.,1.,0.));
#2150 = DIRECTION('',(-0.666666666667,0.,-0.7453559925));
#2151 = ADVANCED_FACE('',(#2152),#2170,.F.);
#2152 = FACE_BOUND('',#2153,.T.);
#2153 = EDGE_LOOP('',(#2154,#2162,#2163,#2164));
#2154 = ORIENTED_EDGE('',*,*,#2155,.F.);
#2155 = EDGE_CURVE('',#359,#2156,#2158,.T.);
#2156 = VERTEX_POINT('',#2157);
#2157 = CARTESIAN_POINT('',(14.3,20.5,-21.3));
#2158 = LINE('',#2159,#2160);
#2159 = CARTESIAN_POINT('',(14.866666666666,19.933333333333,
    -21.86666666666));
#2160 = VECTOR('',#2161,1.);
#2161 = DIRECTION('',(0.57735026919,-0.57735026919,-0.57735026919));
#2162 = ORIENTED_EDGE('',*,*,#358,.T.);
#2163 = ORIENTED_EDGE('',*,*,#2106,.T.);
#2164 = ORIENTED_EDGE('',*,*,#2165,.F.);
#2165 = EDGE_CURVE('',#2156,#2107,#2166,.T.);
#2166 = LINE('',#2167,#2168);
#2167 = CARTESIAN_POINT('',(14.3,20.5,-21.3));
#2168 = VECTOR('',#2169,1.);
#2169 = DIRECTION('',(1.,0.,0.));
#2170 = PLANE('',#2171);
#2171 = AXIS2_PLACEMENT_3D('',#2172,#2173,#2174);
#2172 = CARTESIAN_POINT('',(14.3,21.,-20.8));
#2173 = DIRECTION('',(0.,-0.707106781187,0.707106781187));
#2174 = DIRECTION('',(-1.,-0.,-0.));
#2175 = ADVANCED_FACE('',(#2176),#2196,.F.);
#2176 = FACE_BOUND('',#2177,.F.);
#2177 = EDGE_LOOP('',(#2178,#2179,#2190,#2195));
#2178 = ORIENTED_EDGE('',*,*,#2132,.T.);
#2179 = ORIENTED_EDGE('',*,*,#2180,.T.);
#2180 = EDGE_CURVE('',#2133,#2181,#2183,.T.);
#2181 = VERTEX_POINT('',#2182);
#2182 = CARTESIAN_POINT('',(13.925,20.514122529507,-22.54763124517));
#2183 = B_SPLINE_CURVE_WITH_KNOTS('',5,(#2184,#2185,#2186,#2187,#2188,
    #2189),.UNSPECIFIED.,.F.,.F.,(6,6),(2.523206011703,3.211943351068),
  .PIECEWISE_BEZIER_KNOTS.);
#2184 = CARTESIAN_POINT('',(13.3,20.5,-22.88196601125));
#2185 = CARTESIAN_POINT('',(13.402670900631,20.5,-22.790134366));
#2186 = CARTESIAN_POINT('',(13.51585419923,20.499915711888,
    -22.71005593898));
#2187 = CARTESIAN_POINT('',(13.639723931508,20.50024731612,
    -22.64192530804));
#2188 = CARTESIAN_POINT('',(13.774864652242,20.502028550421,
    -22.58639602527));
#2189 = CARTESIAN_POINT('',(13.925,20.514122529507,-22.54763124517));
#2190 = ORIENTED_EDGE('',*,*,#2191,.F.);
#2191 = EDGE_CURVE('',#375,#2181,#2192,.T.);
#2192 = B_SPLINE_CURVE_WITH_KNOTS('',1,(#2193,#2194),.UNSPECIFIED.,.F.,
  .F.,(2,2),(0.,0.688737339365),.PIECEWISE_BEZIER_KNOTS.);
#2193 = CARTESIAN_POINT('',(13.146687836487,21.5,-21.6774517925));
#2194 = CARTESIAN_POINT('',(13.925,20.514122529507,-22.54763124517));
#2195 = ORIENTED_EDGE('',*,*,#393,.F.);
#2196 = B_SPLINE_SURFACE_WITH_KNOTS('',1,5,(
    (#2197,#2198,#2199,#2200,#2201,#2202)
    ,(#2203,#2204,#2205,#2206,#2207,#2208
    )),.UNSPECIFIED.,.F.,.F.,.F.,(2,2),(6,6),(0.,0.688737339365),(
    2.523206011703,3.211943351068),.PIECEWISE_BEZIER_KNOTS.);
#2197 = CARTESIAN_POINT('',(12.633333333333,21.5,-22.13661001875));
#2198 = CARTESIAN_POINT('',(12.736004233964,21.5,-22.0447783735));
#2199 = CARTESIAN_POINT('',(12.838675134595,21.5,-21.95294672825));
#2200 = CARTESIAN_POINT('',(12.941346035225,21.5,-21.861115083));
#2201 = CARTESIAN_POINT('',(13.044016935856,21.5,-21.76928343775));
#2202 = CARTESIAN_POINT('',(13.146687836487,21.5,-21.6774517925));
#2203 = CARTESIAN_POINT('',(13.3,20.5,-22.88196601125));
#2204 = CARTESIAN_POINT('',(13.402670900631,20.5,-22.790134366));
#2205 = CARTESIAN_POINT('',(13.51585419923,20.499915711888,
    -22.71005593898));
#2206 = CARTESIAN_POINT('',(13.639723931508,20.50024731612,
    -22.64192530804));
#2207 = CARTESIAN_POINT('',(13.774864652242,20.502028550421,
    -22.58639602527));
#2208 = CARTESIAN_POINT('',(13.925,20.514122529507,-22.54763124517));
#2209 = ADVANCED_FACE('',(#2210),#2290,.F.);
#2210 = FACE_BOUND('',#2211,.T.);
#2211 = EDGE_LOOP('',(#2212,#2223,#2282,#2283,#2284));
#2212 = ORIENTED_EDGE('',*,*,#2213,.F.);
#2213 = EDGE_CURVE('',#2214,#2216,#2218,.T.);
#2214 = VERTEX_POINT('',#2215);
#2215 = CARTESIAN_POINT('',(14.293837246704,20.506162637565,
    -22.14176926074));
#2216 = VERTEX_POINT('',#2217);
#2217 = CARTESIAN_POINT('',(14.3,20.5,-22.06350832689));
#2218 = ELLIPSE('',#2219,0.707106781187,0.5);
#2219 = AXIS2_PLACEMENT_3D('',#2220,#2221,#2222);
#2220 = CARTESIAN_POINT('',(13.8,21.,-22.06350832689));
#2221 = DIRECTION('',(-0.707106781187,-0.707106781187,0.));
#2222 = DIRECTION('',(-0.707106781187,0.707106781187,-3.1E-16));
#2223 = ORIENTED_EDGE('',*,*,#2224,.F.);
#2224 = EDGE_CURVE('',#367,#2214,#2225,.T.);
#2225 = B_SPLINE_CURVE_WITH_KNOTS('',7,(#2226,#2227,#2228,#2229,#2230,
    #2231,#2232,#2233,#2234,#2235,#2236,#2237,#2238,#2239,#2240,#2241,
    #2242,#2243,#2244,#2245,#2246,#2247,#2248,#2249,#2250,#2251,#2252,
    #2253,#2254,#2255,#2256,#2257,#2258,#2259,#2260,#2261,#2262,#2263,
    #2264,#2265,#2266,#2267,#2268,#2269,#2270,#2271,#2272,#2273,#2274,
    #2275,#2276,#2277,#2278,#2279,#2280,#2281),.UNSPECIFIED.,.F.,.F.,(8,
    6,6,6,6,6,6,6,6,8),(0.,0.122090666091,0.222998859912,0.430455960619,
    0.663539128059,0.819992368052,0.911426934036,0.950032735049,
    0.971235356623,1.),.UNSPECIFIED.);
#2226 = CARTESIAN_POINT('',(13.3,21.5,-21.54032522475));
#2227 = CARTESIAN_POINT('',(13.317185500562,21.482814499438,
    -21.55387233566));
#2228 = CARTESIAN_POINT('',(13.33436806276,21.465631937239,
    -21.56742995327));
#2229 = CARTESIAN_POINT('',(13.351548659712,21.448451340288,
    -21.58099459267));
#2230 = CARTESIAN_POINT('',(13.368728263425,21.431271736575,
    -21.59456277806));
#2231 = CARTESIAN_POINT('',(13.385907844804,21.414092155196,
    -21.60813104275));
#2232 = CARTESIAN_POINT('',(13.403088373647,21.396911626353,
    -21.62169592921));
#2233 = CARTESIAN_POINT('',(13.434472145787,21.365527854213,
    -21.64645975406));
#2234 = CARTESIAN_POINT('',(13.448674786747,21.351325213252,
    -21.65766082416));
#2235 = CARTESIAN_POINT('',(13.462879290485,21.337120709515,
    -21.66885524356));
#2236 = CARTESIAN_POINT('',(13.477086219155,21.322913780845,
    -21.68004098996));
#2237 = CARTESIAN_POINT('',(13.491296148112,21.308703851888,
    -21.69121597452));
#2238 = CARTESIAN_POINT('',(13.505509665908,21.294490334092,
    -21.70237804185));
#2239 = CARTESIAN_POINT('',(13.548957553214,21.251042446786,
    -21.73644193349));
#2240 = CARTESIAN_POINT('',(13.578205293024,21.221794706976,
    -21.75929482594));
#2241 = CARTESIAN_POINT('',(13.607476155981,21.192523844019,
    -21.78206395746));
#2242 = CARTESIAN_POINT('',(13.636775714323,21.163224285677,
    -21.80472820104));
#2243 = CARTESIAN_POINT('',(13.666110016691,21.133889983309,
    -21.82726321646));
#2244 = CARTESIAN_POINT('',(13.695486054546,21.104513945454,
    -21.84963967423));
#2245 = CARTESIAN_POINT('',(13.757973260626,21.042026739374,
    -21.89674328475));
#2246 = CARTESIAN_POINT('',(13.791094801159,21.008905198841,
    -21.92141678631));
#2247 = CARTESIAN_POINT('',(13.824291887541,20.975708112459,
    -21.94579436939));
#2248 = CARTESIAN_POINT('',(13.85757948304,20.94242051696,-21.969808228)
  );
#2249 = CARTESIAN_POINT('',(13.890971639783,20.909028360217,
    -21.99337521443));
#2250 = CARTESIAN_POINT('',(13.924486067881,20.875513932119,
    -22.01637636548));
#2251 = CARTESIAN_POINT('',(13.980753230353,20.819246769647,
    -22.05353580887));
#2252 = CARTESIAN_POINT('',(14.003412276771,20.796587723229,
    -22.06810902603));
#2253 = CARTESIAN_POINT('',(14.026150005554,20.773849994445,
    -22.08227468177));
#2254 = CARTESIAN_POINT('',(14.048977278797,20.751022721203,
    -22.0959556159));
#2255 = CARTESIAN_POINT('',(14.071900117084,20.728099882915,
    -22.10902590621));
#2256 = CARTESIAN_POINT('',(14.09491807198,20.70508192802,
    -22.12132866613));
#2257 = CARTESIAN_POINT('',(14.131557342509,20.668442657491,
    -22.1390857271));
#2258 = CARTESIAN_POINT('',(14.145090802591,20.654909197409,
    -22.14525292752));
#2259 = CARTESIAN_POINT('',(14.158661737446,20.641338262554,
    -22.15098008356));
#2260 = CARTESIAN_POINT('',(14.172270475044,20.627729524955,
    -22.15618259665));
#2261 = CARTESIAN_POINT('',(14.185897753178,20.614102246821,
    -22.16071897203));
#2262 = CARTESIAN_POINT('',(14.199506110534,20.600493889465,
    -22.16441454213));
#2263 = CARTESIAN_POINT('',(14.218752391473,20.581247608527,
    -22.16796709596));
#2264 = CARTESIAN_POINT('',(14.22444779696,20.57555220304,
    -22.16880740078));
#2265 = CARTESIAN_POINT('',(14.230121367007,20.569878632993,
    -22.16940675941));
#2266 = CARTESIAN_POINT('',(14.235763599049,20.564236400951,
    -22.16973212461));
#2267 = CARTESIAN_POINT('',(14.241358667769,20.558641332231,
    -22.16974233741));
#2268 = CARTESIAN_POINT('',(14.246884113569,20.55311588643,
    -22.16938647792));
#2269 = CARTESIAN_POINT('',(14.255290763872,20.544709236128,
    -22.16817149311));
#2270 = CARTESIAN_POINT('',(14.258240176668,20.541759823332,
    -22.16761162471));
#2271 = CARTESIAN_POINT('',(14.261153603758,20.538846396242,
    -22.16691249026));
#2272 = CARTESIAN_POINT('',(14.264024067006,20.535975932994,
    -22.16606290436));
#2273 = CARTESIAN_POINT('',(14.266842970289,20.533157029711,
    -22.16505120568));
#2274 = CARTESIAN_POINT('',(14.269600293989,20.53039970601,
    -22.16386584581));
#2275 = CARTESIAN_POINT('',(14.275926723833,20.524073276167,
    -22.16063754017));
#2276 = CARTESIAN_POINT('',(14.279437176608,20.520562823392,
    -22.15843802683));
#2277 = CARTESIAN_POINT('',(14.282783358419,20.517216641581,
    -22.15587290813));
#2278 = CARTESIAN_POINT('',(14.285928868435,20.514071131565,
    -22.15292186866));
#2279 = CARTESIAN_POINT('',(14.288838183406,20.511161816594,
    -22.14957617147));
#2280 = CARTESIAN_POINT('',(14.291481146678,20.508518853322,
    -22.1458460221));
#2281 = CARTESIAN_POINT('',(14.29383745721,20.50616254279,
    -22.14176793243));
#2282 = ORIENTED_EDGE('',*,*,#366,.T.);
#2283 = ORIENTED_EDGE('',*,*,#2155,.T.);
#2284 = ORIENTED_EDGE('',*,*,#2285,.F.);
#2285 = EDGE_CURVE('',#2216,#2156,#2286,.T.);
#2286 = LINE('',#2287,#2288);
#2287 = CARTESIAN_POINT('',(14.3,20.5,-26.7));
#2288 = VECTOR('',#2289,1.);
#2289 = DIRECTION('',(0.,2.2E-16,1.));
#2290 = PLANE('',#2291);
#2291 = AXIS2_PLACEMENT_3D('',#2292,#2293,#2294);
#2292 = CARTESIAN_POINT('',(13.8,21.,-26.7));
#2293 = DIRECTION('',(-0.707106781187,-0.707106781187,0.));
#2294 = DIRECTION('',(1.1E-16,-1.1E-16,-1.));
#2295 = ADVANCED_FACE('',(#2296),#2318,.F.);
#2296 = FACE_BOUND('',#2297,.F.);
#2297 = EDGE_LOOP('',(#2298,#2299,#2316,#2317));
#2298 = ORIENTED_EDGE('',*,*,#2191,.T.);
#2299 = ORIENTED_EDGE('',*,*,#2300,.T.);
#2300 = EDGE_CURVE('',#2181,#2214,#2301,.T.);
#2301 = B_SPLINE_CURVE_WITH_KNOTS('',7,(#2302,#2303,#2304,#2305,#2306,
    #2307,#2308,#2309,#2310,#2311,#2312,#2313,#2314,#2315),
  .UNSPECIFIED.,.F.,.F.,(8,6,8),(3.211943351068,3.757433059439,
    3.786989716979),.UNSPECIFIED.);
#2302 = CARTESIAN_POINT('',(13.925,20.514122529507,-22.54763124517));
#2303 = CARTESIAN_POINT('',(14.009935226894,20.520964388357,
    -22.52570106388));
#2304 = CARTESIAN_POINT('',(14.081505246066,20.526303580248,
    -22.4888281261));
#2305 = CARTESIAN_POINT('',(14.144038698131,20.528265658554,
    -22.44185199915));
#2306 = CARTESIAN_POINT('',(14.198577969581,20.526311798868,
    -22.38593810656));
#2307 = CARTESIAN_POINT('',(14.242278537253,20.521652628468,
    -22.31790617475));
#2308 = CARTESIAN_POINT('',(14.278101119269,20.513247474987,
    -22.24106638721));
#2309 = CARTESIAN_POINT('',(14.29468988851,20.505778754771,
    -22.13638897379));
#2310 = CARTESIAN_POINT('',(14.295542530315,20.505394871977,
    -22.13100868683));
#2311 = CARTESIAN_POINT('',(14.29639517212,20.505010989183,
    -22.12562839988));
#2312 = CARTESIAN_POINT('',(14.297247813925,20.504627106389,
    -22.12024811293));
#2313 = CARTESIAN_POINT('',(14.29810045573,20.504243223595,
    -22.11486782597));
#2314 = CARTESIAN_POINT('',(14.298953097535,20.503859340801,
    -22.10948753902));
#2315 = CARTESIAN_POINT('',(14.29980573934,20.503475458007,
    -22.10410725206));
#2316 = ORIENTED_EDGE('',*,*,#2224,.F.);
#2317 = ORIENTED_EDGE('',*,*,#374,.F.);
#2318 = B_SPLINE_SURFACE_WITH_KNOTS('',1,7,(
    (#2319,#2320,#2321,#2322,#2323,#2324,#2325,#2326,#2327,#2328,#2329
      ,#2330,#2331,#2332)
    ,(#2333,#2334,#2335,#2336,#2337,#2338,#2339,#2340,#2341,#2342,#2343
      ,#2344,#2345,#2346
    )),.UNSPECIFIED.,.F.,.F.,.F.,(2,2),(8,6,8),(0.,0.545489708371),(
    3.211943351068,3.757433059439,3.786989716979),.UNSPECIFIED.);
#2319 = CARTESIAN_POINT('',(13.146687836487,21.5,-21.6774517925));
#2320 = CARTESIAN_POINT('',(13.204771268341,21.5,-21.62550039171));
#2321 = CARTESIAN_POINT('',(13.262854700196,21.5,-21.57354899091));
#2322 = CARTESIAN_POINT('',(13.320938132051,21.500000000001,
    -21.52159759011));
#2323 = CARTESIAN_POINT('',(13.379021563904,21.499999999999,
    -21.46964618931));
#2324 = CARTESIAN_POINT('',(13.437104995759,21.5,-21.41769478852));
#2325 = CARTESIAN_POINT('',(13.495188427614,21.5,-21.36574338772));
#2326 = CARTESIAN_POINT('',(13.556419035442,21.5,-21.31097706716));
#2327 = CARTESIAN_POINT('',(13.559873933892,21.5,-21.30788691204));
#2328 = CARTESIAN_POINT('',(13.563636554819,21.5,-21.30452152157));
#2329 = CARTESIAN_POINT('',(13.567706898223,21.5,-21.30088089576));
#2330 = CARTESIAN_POINT('',(13.572084964103,21.5,-21.29696503459));
#2331 = CARTESIAN_POINT('',(13.57677075246,21.5,-21.29277393807));
#2332 = CARTESIAN_POINT('',(13.581764263293,21.5,-21.2883076062));
#2333 = CARTESIAN_POINT('',(13.925,20.514122529507,-22.54763124517));
#2334 = CARTESIAN_POINT('',(14.009935226894,20.520964388357,
    -22.52570106388));
#2335 = CARTESIAN_POINT('',(14.081505246066,20.526303580248,
    -22.4888281261));
#2336 = CARTESIAN_POINT('',(14.144038698131,20.528265658554,
    -22.44185199915));
#2337 = CARTESIAN_POINT('',(14.198577969581,20.526311798868,
    -22.38593810656));
#2338 = CARTESIAN_POINT('',(14.242278537253,20.521652628468,
    -22.31790617475));
#2339 = CARTESIAN_POINT('',(14.278101119269,20.513247474987,
    -22.24106638721));
#2340 = CARTESIAN_POINT('',(14.29468988851,20.505778754771,
    -22.13638897379));
#2341 = CARTESIAN_POINT('',(14.295542530315,20.505394871977,
    -22.13100868683));
#2342 = CARTESIAN_POINT('',(14.29639517212,20.505010989183,
    -22.12562839988));
#2343 = CARTESIAN_POINT('',(14.297247813925,20.504627106389,
    -22.12024811293));
#2344 = CARTESIAN_POINT('',(14.29810045573,20.504243223595,
    -22.11486782597));
#2345 = CARTESIAN_POINT('',(14.298953097535,20.503859340801,
    -22.10948753902));
#2346 = CARTESIAN_POINT('',(14.29980573934,20.503475458007,
    -22.10410725206));
#2347 = ADVANCED_FACE('',(#2348),#2435,.F.);
#2348 = FACE_BOUND('',#2349,.T.);
#2349 = EDGE_LOOP('',(#2350,#2361,#2369,#2375,#2376));
#2350 = ORIENTED_EDGE('',*,*,#2351,.F.);
#2351 = EDGE_CURVE('',#2352,#2354,#2356,.T.);
#2352 = VERTEX_POINT('',#2353);
#2353 = CARTESIAN_POINT('',(14.3,20.5,22.063508326896));
#2354 = VERTEX_POINT('',#2355);
#2355 = CARTESIAN_POINT('',(14.293837246705,20.506162637565,
    22.141769260746));
#2356 = ELLIPSE('',#2357,0.707106781187,0.5);
#2357 = AXIS2_PLACEMENT_3D('',#2358,#2359,#2360);
#2358 = CARTESIAN_POINT('',(13.8,21.,22.063508326896));
#2359 = DIRECTION('',(-0.707106781187,-0.707106781187,0.));
#2360 = DIRECTION('',(-0.707106781187,0.707106781187,-3.1E-16));
#2361 = ORIENTED_EDGE('',*,*,#2362,.F.);
#2362 = EDGE_CURVE('',#2363,#2352,#2365,.T.);
#2363 = VERTEX_POINT('',#2364);
#2364 = CARTESIAN_POINT('',(14.3,20.5,21.3));
#2365 = LINE('',#2366,#2367);
#2366 = CARTESIAN_POINT('',(14.3,20.5,21.3));
#2367 = VECTOR('',#2368,1.);
#2368 = DIRECTION('',(0.,2.2E-16,1.));
#2369 = ORIENTED_EDGE('',*,*,#2370,.F.);
#2370 = EDGE_CURVE('',#444,#2363,#2371,.T.);
#2371 = LINE('',#2372,#2373);
#2372 = CARTESIAN_POINT('',(14.333333333333,20.466666666667,
    21.333333333333));
#2373 = VECTOR('',#2374,1.);
#2374 = DIRECTION('',(0.57735026919,-0.57735026919,0.57735026919));
#2375 = ORIENTED_EDGE('',*,*,#443,.T.);
#2376 = ORIENTED_EDGE('',*,*,#2377,.T.);
#2377 = EDGE_CURVE('',#446,#2354,#2378,.T.);
#2378 = B_SPLINE_CURVE_WITH_KNOTS('',7,(#2379,#2380,#2381,#2382,#2383,
    #2384,#2385,#2386,#2387,#2388,#2389,#2390,#2391,#2392,#2393,#2394,
    #2395,#2396,#2397,#2398,#2399,#2400,#2401,#2402,#2403,#2404,#2405,
    #2406,#2407,#2408,#2409,#2410,#2411,#2412,#2413,#2414,#2415,#2416,
    #2417,#2418,#2419,#2420,#2421,#2422,#2423,#2424,#2425,#2426,#2427,
    #2428,#2429,#2430,#2431,#2432,#2433,#2434),.UNSPECIFIED.,.F.,.F.,(8,
    6,6,6,6,6,6,6,6,8),(0.,0.122090666093,0.222998859913,0.43045596062,
    0.66353912806,0.819992368053,0.911426934037,0.950032735049,
    0.971235356623,1.),.UNSPECIFIED.);
#2379 = CARTESIAN_POINT('',(13.3,21.5,21.54032522475));
#2380 = CARTESIAN_POINT('',(13.317185500562,21.482814499438,
    21.553872335667));
#2381 = CARTESIAN_POINT('',(13.334368062761,21.465631937239,
    21.567429953279));
#2382 = CARTESIAN_POINT('',(13.351548659713,21.448451340287,
    21.580994592675));
#2383 = CARTESIAN_POINT('',(13.368728263426,21.431271736574,
    21.594562778061));
#2384 = CARTESIAN_POINT('',(13.385907844805,21.414092155195,
    21.60813104276));
#2385 = CARTESIAN_POINT('',(13.403088373648,21.396911626352,
    21.621695929214));
#2386 = CARTESIAN_POINT('',(13.434472145789,21.365527854211,
    21.646459754064));
#2387 = CARTESIAN_POINT('',(13.448674786749,21.351325213251,
    21.657660824169));
#2388 = CARTESIAN_POINT('',(13.462879290486,21.337120709514,
    21.668855243564));
#2389 = CARTESIAN_POINT('',(13.477086219156,21.322913780844,
    21.680040989964));
#2390 = CARTESIAN_POINT('',(13.491296148114,21.308703851886,
    21.691215974527));
#2391 = CARTESIAN_POINT('',(13.50550966591,21.29449033409,
    21.702378041855));
#2392 = CARTESIAN_POINT('',(13.548957553216,21.251042446784,
    21.736441933494));
#2393 = CARTESIAN_POINT('',(13.578205293026,21.221794706974,
    21.759294825943));
#2394 = CARTESIAN_POINT('',(13.607476155983,21.192523844017,
    21.782063957466));
#2395 = CARTESIAN_POINT('',(13.636775714325,21.163224285675,
    21.804728201045));
#2396 = CARTESIAN_POINT('',(13.666110016692,21.133889983308,
    21.827263216461));
#2397 = CARTESIAN_POINT('',(13.695486054547,21.104513945453,
    21.849639674236));
#2398 = CARTESIAN_POINT('',(13.757973260628,21.042026739372,
    21.896743284757));
#2399 = CARTESIAN_POINT('',(13.791094801161,21.008905198839,
    21.92141678632));
#2400 = CARTESIAN_POINT('',(13.824291887543,20.975708112457,
    21.945794369398));
#2401 = CARTESIAN_POINT('',(13.857579483041,20.942420516959,
    21.969808228009));
#2402 = CARTESIAN_POINT('',(13.890971639785,20.909028360215,
    21.993375214438));
#2403 = CARTESIAN_POINT('',(13.924486067883,20.875513932117,
    22.016376365487));
#2404 = CARTESIAN_POINT('',(13.980753230355,20.819246769645,
    22.053535808877));
#2405 = CARTESIAN_POINT('',(14.003412276772,20.796587723228,
    22.068109026038));
#2406 = CARTESIAN_POINT('',(14.026150005557,20.773849994443,
    22.082274681771));
#2407 = CARTESIAN_POINT('',(14.048977278798,20.751022721202,
    22.095955615903));
#2408 = CARTESIAN_POINT('',(14.071900117087,20.728099882913,
    22.109025906212));
#2409 = CARTESIAN_POINT('',(14.094918071982,20.705081928018,
    22.121328666136));
#2410 = CARTESIAN_POINT('',(14.131557342511,20.668442657489,
    22.139085727104));
#2411 = CARTESIAN_POINT('',(14.145090802593,20.654909197407,
    22.145252927525));
#2412 = CARTESIAN_POINT('',(14.158661737448,20.641338262552,
    22.15098008356));
#2413 = CARTESIAN_POINT('',(14.172270475046,20.627729524954,
    22.156182596651));
#2414 = CARTESIAN_POINT('',(14.18589775318,20.61410224682,
    22.160718972035));
#2415 = CARTESIAN_POINT('',(14.199506110536,20.600493889464,
    22.164414542138));
#2416 = CARTESIAN_POINT('',(14.218752391475,20.581247608525,
    22.167967095963));
#2417 = CARTESIAN_POINT('',(14.224447796962,20.575552203038,
    22.168807400782));
#2418 = CARTESIAN_POINT('',(14.230121367008,20.569878632992,
    22.169406759414));
#2419 = CARTESIAN_POINT('',(14.23576359905,20.56423640095,
    22.169732124609));
#2420 = CARTESIAN_POINT('',(14.241358667771,20.558641332229,
    22.16974233741));
#2421 = CARTESIAN_POINT('',(14.246884113571,20.553115886429,
    22.169386477927));
#2422 = CARTESIAN_POINT('',(14.255290763873,20.544709236127,
    22.168171493117));
#2423 = CARTESIAN_POINT('',(14.258240176669,20.541759823331,
    22.167611624712));
#2424 = CARTESIAN_POINT('',(14.261153603759,20.538846396241,
    22.166912490265));
#2425 = CARTESIAN_POINT('',(14.264024067007,20.535975932993,
    22.166062904366));
#2426 = CARTESIAN_POINT('',(14.26684297029,20.53315702971,
    22.165051205686));
#2427 = CARTESIAN_POINT('',(14.269600293991,20.530399706009,
    22.163865845812));
#2428 = CARTESIAN_POINT('',(14.275926723834,20.524073276166,
    22.16063754017));
#2429 = CARTESIAN_POINT('',(14.279437176609,20.520562823391,
    22.15843802683));
#2430 = CARTESIAN_POINT('',(14.28278335842,20.51721664158,
    22.155872908132));
#2431 = CARTESIAN_POINT('',(14.285928868436,20.514071131564,
    22.152921868658));
#2432 = CARTESIAN_POINT('',(14.288838183406,20.511161816594,
    22.149576171477));
#2433 = CARTESIAN_POINT('',(14.291481146679,20.508518853321,
    22.145846022098));
#2434 = CARTESIAN_POINT('',(14.29383745721,20.50616254279,
    22.141767932429));
#2435 = PLANE('',#2436);
#2436 = AXIS2_PLACEMENT_3D('',#2437,#2438,#2439);
#2437 = CARTESIAN_POINT('',(13.8,21.,21.3));
#2438 = DIRECTION('',(-0.707106781187,-0.707106781187,0.));
#2439 = DIRECTION('',(1.1E-16,-1.1E-16,-1.));
#2440 = ADVANCED_FACE('',(#2441),#2469,.F.);
#2441 = FACE_BOUND('',#2442,.F.);
#2442 = EDGE_LOOP('',(#2443,#2444,#2463,#2468));
#2443 = ORIENTED_EDGE('',*,*,#2377,.T.);
#2444 = ORIENTED_EDGE('',*,*,#2445,.T.);
#2445 = EDGE_CURVE('',#2354,#2446,#2448,.T.);
#2446 = VERTEX_POINT('',#2447);
#2447 = CARTESIAN_POINT('',(13.925,20.514122529507,22.547631245172));
#2448 = B_SPLINE_CURVE_WITH_KNOTS('',7,(#2449,#2450,#2451,#2452,#2453,
    #2454,#2455,#2456,#2457,#2458,#2459,#2460,#2461,#2462),
  .UNSPECIFIED.,.F.,.F.,(8,6,8),(-1.263783705278,-1.234227047737,
    -0.688737339364),.UNSPECIFIED.);
#2449 = CARTESIAN_POINT('',(14.29980573934,20.503475458007,
    22.104107252063));
#2450 = CARTESIAN_POINT('',(14.298953097535,20.503859340801,
    22.109487539018));
#2451 = CARTESIAN_POINT('',(14.29810045573,20.504243223595,
    22.114867825973));
#2452 = CARTESIAN_POINT('',(14.297247813925,20.504627106389,
    22.120248112927));
#2453 = CARTESIAN_POINT('',(14.29639517212,20.505010989183,
    22.125628399882));
#2454 = CARTESIAN_POINT('',(14.295542530315,20.505394871977,
    22.131008686837));
#2455 = CARTESIAN_POINT('',(14.29468988851,20.505778754771,
    22.136388973791));
#2456 = CARTESIAN_POINT('',(14.27810111927,20.513247474987,
    22.241066387217));
#2457 = CARTESIAN_POINT('',(14.242278537253,20.521652628467,
    22.317906174751));
#2458 = CARTESIAN_POINT('',(14.198577969582,20.526311798869,
    22.385938106562));
#2459 = CARTESIAN_POINT('',(14.144038698131,20.528265658553,
    22.441851999152));
#2460 = CARTESIAN_POINT('',(14.081505246067,20.526303580248,
    22.488828126104));
#2461 = CARTESIAN_POINT('',(14.009935226894,20.520964388356,
    22.525701063888));
#2462 = CARTESIAN_POINT('',(13.925,20.514122529507,22.547631245172));
#2463 = ORIENTED_EDGE('',*,*,#2464,.F.);
#2464 = EDGE_CURVE('',#525,#2446,#2465,.T.);
#2465 = B_SPLINE_CURVE_WITH_KNOTS('',1,(#2466,#2467),.UNSPECIFIED.,.F.,
  .F.,(2,2),(0.,0.545489708373),.PIECEWISE_BEZIER_KNOTS.);
#2466 = CARTESIAN_POINT('',(13.146687836487,21.5,21.677451792507));
#2467 = CARTESIAN_POINT('',(13.925,20.514122529507,22.547631245172));
#2468 = ORIENTED_EDGE('',*,*,#535,.F.);
#2469 = B_SPLINE_SURFACE_WITH_KNOTS('',1,7,(
    (#2470,#2471,#2472,#2473,#2474,#2475,#2476,#2477,#2478,#2479,#2480
      ,#2481,#2482,#2483)
    ,(#2484,#2485,#2486,#2487,#2488,#2489,#2490,#2491,#2492,#2493,#2494
      ,#2495,#2496,#2497
    )),.UNSPECIFIED.,.F.,.F.,.F.,(2,2),(8,6,8),(0.,0.545489708373),(
    -1.263783705278,-1.234227047737,-0.688737339364),.UNSPECIFIED.);
#2470 = CARTESIAN_POINT('',(13.581764263295,21.5,21.288307606207));
#2471 = CARTESIAN_POINT('',(13.576770752461,21.5,21.292773938075));
#2472 = CARTESIAN_POINT('',(13.572084964105,21.5,21.296965034593));
#2473 = CARTESIAN_POINT('',(13.567706898224,21.5,21.30088089576));
#2474 = CARTESIAN_POINT('',(13.563636554821,21.5,21.304521521577));
#2475 = CARTESIAN_POINT('',(13.559873933894,21.5,21.307886912044));
#2476 = CARTESIAN_POINT('',(13.556419035443,21.5,21.31097706716));
#2477 = CARTESIAN_POINT('',(13.495188427615,21.5,21.365743387723));
#2478 = CARTESIAN_POINT('',(13.43710499576,21.5,21.41769478852));
#2479 = CARTESIAN_POINT('',(13.379021563906,21.500000000001,
    21.469646189318));
#2480 = CARTESIAN_POINT('',(13.320938132051,21.499999999999,
    21.521597590115));
#2481 = CARTESIAN_POINT('',(13.262854700197,21.5,21.573548990913));
#2482 = CARTESIAN_POINT('',(13.204771268342,21.5,21.62550039171));
#2483 = CARTESIAN_POINT('',(13.146687836487,21.5,21.677451792507));
#2484 = CARTESIAN_POINT('',(14.29980573934,20.503475458007,
    22.104107252063));
#2485 = CARTESIAN_POINT('',(14.298953097535,20.503859340801,
    22.109487539018));
#2486 = CARTESIAN_POINT('',(14.29810045573,20.504243223595,
    22.114867825973));
#2487 = CARTESIAN_POINT('',(14.297247813925,20.504627106389,
    22.120248112927));
#2488 = CARTESIAN_POINT('',(14.29639517212,20.505010989183,
    22.125628399882));
#2489 = CARTESIAN_POINT('',(14.295542530315,20.505394871977,
    22.131008686837));
#2490 = CARTESIAN_POINT('',(14.29468988851,20.505778754771,
    22.136388973791));
#2491 = CARTESIAN_POINT('',(14.27810111927,20.513247474987,
    22.241066387217));
#2492 = CARTESIAN_POINT('',(14.242278537253,20.521652628467,
    22.317906174751));
#2493 = CARTESIAN_POINT('',(14.198577969582,20.526311798869,
    22.385938106562));
#2494 = CARTESIAN_POINT('',(14.144038698131,20.528265658553,
    22.441851999152));
#2495 = CARTESIAN_POINT('',(14.081505246067,20.526303580248,
    22.488828126104));
#2496 = CARTESIAN_POINT('',(14.009935226894,20.520964388356,
    22.525701063888));
#2497 = CARTESIAN_POINT('',(13.925,20.514122529507,22.547631245172));
#2498 = ADVANCED_FACE('',(#2499),#2517,.F.);
#2499 = FACE_BOUND('',#2500,.T.);
#2500 = EDGE_LOOP('',(#2501,#2509,#2510,#2511));
#2501 = ORIENTED_EDGE('',*,*,#2502,.F.);
#2502 = EDGE_CURVE('',#454,#2503,#2505,.T.);
#2503 = VERTEX_POINT('',#2504);
#2504 = CARTESIAN_POINT('',(16.5,20.5,21.3));
#2505 = LINE('',#2506,#2507);
#2506 = CARTESIAN_POINT('',(15.933333333333,19.933333333333,
    21.866666666667));
#2507 = VECTOR('',#2508,1.);
#2508 = DIRECTION('',(-0.57735026919,-0.57735026919,0.57735026919));
#2509 = ORIENTED_EDGE('',*,*,#453,.T.);
#2510 = ORIENTED_EDGE('',*,*,#2370,.T.);
#2511 = ORIENTED_EDGE('',*,*,#2512,.F.);
#2512 = EDGE_CURVE('',#2503,#2363,#2513,.T.);
#2513 = LINE('',#2514,#2515);
#2514 = CARTESIAN_POINT('',(16.5,20.5,21.3));
#2515 = VECTOR('',#2516,1.);
#2516 = DIRECTION('',(-1.,0.,0.));
#2517 = PLANE('',#2518);
#2518 = AXIS2_PLACEMENT_3D('',#2519,#2520,#2521);
#2519 = CARTESIAN_POINT('',(16.5,21.,20.8));
#2520 = DIRECTION('',(0.,-0.707106781187,-0.707106781187));
#2521 = DIRECTION('',(1.,0.,0.));
#2522 = ADVANCED_FACE('',(#2523),#2543,.F.);
#2523 = FACE_BOUND('',#2524,.F.);
#2524 = EDGE_LOOP('',(#2525,#2526,#2537,#2542));
#2525 = ORIENTED_EDGE('',*,*,#2464,.T.);
#2526 = ORIENTED_EDGE('',*,*,#2527,.T.);
#2527 = EDGE_CURVE('',#2446,#2528,#2530,.T.);
#2528 = VERTEX_POINT('',#2529);
#2529 = CARTESIAN_POINT('',(13.3,20.5,22.88196601125));
#2530 = B_SPLINE_CURVE_WITH_KNOTS('',5,(#2531,#2532,#2533,#2534,#2535,
    #2536),.UNSPECIFIED.,.F.,.F.,(6,6),(-0.688737339364,0.),
  .PIECEWISE_BEZIER_KNOTS.);
#2531 = CARTESIAN_POINT('',(13.925,20.514122529507,22.547631245172));
#2532 = CARTESIAN_POINT('',(13.774864652242,20.50202855042,
    22.586396025275));
#2533 = CARTESIAN_POINT('',(13.639723931508,20.50024731612,
    22.64192530804));
#2534 = CARTESIAN_POINT('',(13.51585419923,20.499915711888,
    22.710055938985));
#2535 = CARTESIAN_POINT('',(13.402670900631,20.5,22.790134366002));
#2536 = CARTESIAN_POINT('',(13.3,20.5,22.88196601125));
#2537 = ORIENTED_EDGE('',*,*,#2538,.F.);
#2538 = EDGE_CURVE('',#516,#2528,#2539,.T.);
#2539 = B_SPLINE_CURVE_WITH_KNOTS('',1,(#2540,#2541),.UNSPECIFIED.,.F.,
  .F.,(2,2),(0.,0.688737339364),.PIECEWISE_BEZIER_KNOTS.);
#2540 = CARTESIAN_POINT('',(12.633333333333,21.5,22.13661001875));
#2541 = CARTESIAN_POINT('',(13.3,20.5,22.88196601125));
#2542 = ORIENTED_EDGE('',*,*,#524,.F.);
#2543 = B_SPLINE_SURFACE_WITH_KNOTS('',1,5,(
    (#2544,#2545,#2546,#2547,#2548,#2549)
    ,(#2550,#2551,#2552,#2553,#2554,#2555
    )),.UNSPECIFIED.,.F.,.F.,.F.,(2,2),(6,6),(0.,0.688737339364),(
    -0.688737339364,0.),.PIECEWISE_BEZIER_KNOTS.);
#2544 = CARTESIAN_POINT('',(13.146687836487,21.5,21.677451792507));
#2545 = CARTESIAN_POINT('',(13.044016935856,21.5,21.769283437756));
#2546 = CARTESIAN_POINT('',(12.941346035226,21.5,21.861115083004));
#2547 = CARTESIAN_POINT('',(12.838675134595,21.5,21.952946728253));
#2548 = CARTESIAN_POINT('',(12.736004233964,21.5,22.044778373502));
#2549 = CARTESIAN_POINT('',(12.633333333333,21.5,22.13661001875));
#2550 = CARTESIAN_POINT('',(13.925,20.514122529507,22.547631245172));
#2551 = CARTESIAN_POINT('',(13.774864652242,20.50202855042,
    22.586396025275));
#2552 = CARTESIAN_POINT('',(13.639723931508,20.50024731612,
    22.64192530804));
#2553 = CARTESIAN_POINT('',(13.51585419923,20.499915711888,
    22.710055938985));
#2554 = CARTESIAN_POINT('',(13.402670900631,20.5,22.790134366002));
#2555 = CARTESIAN_POINT('',(13.3,20.5,22.88196601125));
#2556 = ADVANCED_FACE('',(#2557),#2575,.F.);
#2557 = FACE_BOUND('',#2558,.T.);
#2558 = EDGE_LOOP('',(#2559,#2567,#2568,#2569));
#2559 = ORIENTED_EDGE('',*,*,#2560,.F.);
#2560 = EDGE_CURVE('',#462,#2561,#2563,.T.);
#2561 = VERTEX_POINT('',#2562);
#2562 = CARTESIAN_POINT('',(16.5,20.5,26.7));
#2563 = LINE('',#2564,#2565);
#2564 = CARTESIAN_POINT('',(16.466666666667,20.466666666667,
    26.666666666667));
#2565 = VECTOR('',#2566,1.);
#2566 = DIRECTION('',(-0.57735026919,-0.57735026919,-0.57735026919));
#2567 = ORIENTED_EDGE('',*,*,#461,.T.);
#2568 = ORIENTED_EDGE('',*,*,#2502,.T.);
#2569 = ORIENTED_EDGE('',*,*,#2570,.F.);
#2570 = EDGE_CURVE('',#2561,#2503,#2571,.T.);
#2571 = LINE('',#2572,#2573);
#2572 = CARTESIAN_POINT('',(16.5,20.5,26.7));
#2573 = VECTOR('',#2574,1.);
#2574 = DIRECTION('',(0.,-2.2E-16,-1.));
#2575 = PLANE('',#2576);
#2576 = AXIS2_PLACEMENT_3D('',#2577,#2578,#2579);
#2577 = CARTESIAN_POINT('',(17.,21.,26.7));
#2578 = DIRECTION('',(0.707106781187,-0.707106781187,0.));
#2579 = DIRECTION('',(1.1E-16,1.1E-16,1.));
#2580 = ADVANCED_FACE('',(#2581),#2600,.F.);
#2581 = FACE_BOUND('',#2582,.T.);
#2582 = EDGE_LOOP('',(#2583,#2584,#2585,#2593));
#2583 = ORIENTED_EDGE('',*,*,#2538,.F.);
#2584 = ORIENTED_EDGE('',*,*,#515,.T.);
#2585 = ORIENTED_EDGE('',*,*,#2586,.T.);
#2586 = EDGE_CURVE('',#505,#2587,#2589,.T.);
#2587 = VERTEX_POINT('',#2588);
#2588 = CARTESIAN_POINT('',(13.3,20.5,25.11803398875));
#2589 = LINE('',#2590,#2591);
#2590 = CARTESIAN_POINT('',(13.3,20.5,25.11803398875));
#2591 = VECTOR('',#2592,1.);
#2592 = DIRECTION('',(0.471404520791,-0.707106781187,-0.527046276695));
#2593 = ORIENTED_EDGE('',*,*,#2594,.F.);
#2594 = EDGE_CURVE('',#2528,#2587,#2595,.T.);
#2595 = CIRCLE('',#2596,1.5);
#2596 = AXIS2_PLACEMENT_3D('',#2597,#2598,#2599);
#2597 = CARTESIAN_POINT('',(14.3,20.5,24.));
#2598 = DIRECTION('',(0.,1.,0.));
#2599 = DIRECTION('',(-0.666666666667,0.,-0.7453559925));
#2600 = CONICAL_SURFACE('',#2601,1.5,0.785398163397);
#2601 = AXIS2_PLACEMENT_3D('',#2602,#2603,#2604);
#2602 = CARTESIAN_POINT('',(14.3,20.5,24.));
#2603 = DIRECTION('',(0.,1.,0.));
#2604 = DIRECTION('',(-0.666666666667,0.,-0.7453559925));
#2605 = ADVANCED_FACE('',(#2606),#2624,.F.);
#2606 = FACE_BOUND('',#2607,.T.);
#2607 = EDGE_LOOP('',(#2608,#2616,#2617,#2618));
#2608 = ORIENTED_EDGE('',*,*,#2609,.F.);
#2609 = EDGE_CURVE('',#470,#2610,#2612,.T.);
#2610 = VERTEX_POINT('',#2611);
#2611 = CARTESIAN_POINT('',(14.3,20.5,26.7));
#2612 = LINE('',#2613,#2614);
#2613 = CARTESIAN_POINT('',(14.866666666667,19.933333333333,
    26.133333333333));
#2614 = VECTOR('',#2615,1.);
#2615 = DIRECTION('',(0.57735026919,-0.57735026919,-0.57735026919));
#2616 = ORIENTED_EDGE('',*,*,#469,.T.);
#2617 = ORIENTED_EDGE('',*,*,#2560,.T.);
#2618 = ORIENTED_EDGE('',*,*,#2619,.F.);
#2619 = EDGE_CURVE('',#2610,#2561,#2620,.T.);
#2620 = LINE('',#2621,#2622);
#2621 = CARTESIAN_POINT('',(14.3,20.5,26.7));
#2622 = VECTOR('',#2623,1.);
#2623 = DIRECTION('',(1.,0.,0.));
#2624 = PLANE('',#2625);
#2625 = AXIS2_PLACEMENT_3D('',#2626,#2627,#2628);
#2626 = CARTESIAN_POINT('',(14.3,21.,27.2));
#2627 = DIRECTION('',(0.,-0.707106781187,0.707106781187));
#2628 = DIRECTION('',(-1.,-0.,-0.));
#2629 = ADVANCED_FACE('',(#2630),#2650,.F.);
#2630 = FACE_BOUND('',#2631,.F.);
#2631 = EDGE_LOOP('',(#2632,#2633,#2644,#2649));
#2632 = ORIENTED_EDGE('',*,*,#2586,.T.);
#2633 = ORIENTED_EDGE('',*,*,#2634,.T.);
#2634 = EDGE_CURVE('',#2587,#2635,#2637,.T.);
#2635 = VERTEX_POINT('',#2636);
#2636 = CARTESIAN_POINT('',(13.925,20.514122529507,25.452368754828));
#2637 = B_SPLINE_CURVE_WITH_KNOTS('',5,(#2638,#2639,#2640,#2641,#2642,
    #2643),.UNSPECIFIED.,.F.,.F.,(6,6),(2.523206011704,3.211943351068),
  .PIECEWISE_BEZIER_KNOTS.);
#2638 = CARTESIAN_POINT('',(13.3,20.5,25.11803398875));
#2639 = CARTESIAN_POINT('',(13.402670900631,20.5,25.209865633999));
#2640 = CARTESIAN_POINT('',(13.51585419923,20.499915711888,
    25.289944061015));
#2641 = CARTESIAN_POINT('',(13.639723931508,20.50024731612,
    25.35807469196));
#2642 = CARTESIAN_POINT('',(13.774864652242,20.50202855042,
    25.413603974725));
#2643 = CARTESIAN_POINT('',(13.925,20.514122529507,25.452368754828));
#2644 = ORIENTED_EDGE('',*,*,#2645,.F.);
#2645 = EDGE_CURVE('',#486,#2635,#2646,.T.);
#2646 = B_SPLINE_CURVE_WITH_KNOTS('',1,(#2647,#2648),.UNSPECIFIED.,.F.,
  .F.,(2,2),(0.,0.688737339364),.PIECEWISE_BEZIER_KNOTS.);
#2647 = CARTESIAN_POINT('',(13.146687836487,21.5,26.322548207493));
#2648 = CARTESIAN_POINT('',(13.925,20.514122529507,25.452368754828));
#2649 = ORIENTED_EDGE('',*,*,#504,.F.);
#2650 = B_SPLINE_SURFACE_WITH_KNOTS('',1,5,(
    (#2651,#2652,#2653,#2654,#2655,#2656)
    ,(#2657,#2658,#2659,#2660,#2661,#2662
    )),.UNSPECIFIED.,.F.,.F.,.F.,(2,2),(6,6),(0.,0.688737339364),(
    2.523206011704,3.211943351068),.PIECEWISE_BEZIER_KNOTS.);
#2651 = CARTESIAN_POINT('',(12.633333333333,21.5,25.86338998125));
#2652 = CARTESIAN_POINT('',(12.736004233964,21.5,25.955221626498));
#2653 = CARTESIAN_POINT('',(12.838675134595,21.5,26.047053271747));
#2654 = CARTESIAN_POINT('',(12.941346035226,21.5,26.138884916996));
#2655 = CARTESIAN_POINT('',(13.044016935856,21.5,26.230716562244));
#2656 = CARTESIAN_POINT('',(13.146687836487,21.5,26.322548207493));
#2657 = CARTESIAN_POINT('',(13.3,20.5,25.11803398875));
#2658 = CARTESIAN_POINT('',(13.402670900631,20.5,25.209865633999));
#2659 = CARTESIAN_POINT('',(13.51585419923,20.499915711888,
    25.289944061015));
#2660 = CARTESIAN_POINT('',(13.639723931508,20.50024731612,
    25.35807469196));
#2661 = CARTESIAN_POINT('',(13.774864652242,20.50202855042,
    25.413603974725));
#2662 = CARTESIAN_POINT('',(13.925,20.514122529507,25.452368754828));
#2663 = ADVANCED_FACE('',(#2664),#2744,.F.);
#2664 = FACE_BOUND('',#2665,.T.);
#2665 = EDGE_LOOP('',(#2666,#2677,#2736,#2737,#2738));
#2666 = ORIENTED_EDGE('',*,*,#2667,.F.);
#2667 = EDGE_CURVE('',#2668,#2670,#2672,.T.);
#2668 = VERTEX_POINT('',#2669);
#2669 = CARTESIAN_POINT('',(14.29383724669,20.506162637572,
    25.858230739161));
#2670 = VERTEX_POINT('',#2671);
#2671 = CARTESIAN_POINT('',(14.29999999999,20.5,25.93649797608));
#2672 = ELLIPSE('',#2673,0.707106781187,0.5);
#2673 = AXIS2_PLACEMENT_3D('',#2674,#2675,#2676);
#2674 = CARTESIAN_POINT('',(13.8,21.,25.936491673104));
#2675 = DIRECTION('',(-0.707106781187,-0.707106781187,0.));
#2676 = DIRECTION('',(-0.707106781187,0.707106781187,-3.1E-16));
#2677 = ORIENTED_EDGE('',*,*,#2678,.F.);
#2678 = EDGE_CURVE('',#478,#2668,#2679,.T.);
#2679 = B_SPLINE_CURVE_WITH_KNOTS('',7,(#2680,#2681,#2682,#2683,#2684,
    #2685,#2686,#2687,#2688,#2689,#2690,#2691,#2692,#2693,#2694,#2695,
    #2696,#2697,#2698,#2699,#2700,#2701,#2702,#2703,#2704,#2705,#2706,
    #2707,#2708,#2709,#2710,#2711,#2712,#2713,#2714,#2715,#2716,#2717,
    #2718,#2719,#2720,#2721,#2722,#2723,#2724,#2725,#2726,#2727,#2728,
    #2729,#2730,#2731,#2732,#2733,#2734,#2735),.UNSPECIFIED.,.F.,.F.,(8,
    6,6,6,6,6,6,6,6,8),(0.,0.12209066611,0.222998859931,0.430455960637,
    0.663539128076,0.819992368069,0.911426934049,0.950032735053,
    0.971235356624,1.),.UNSPECIFIED.);
#2680 = CARTESIAN_POINT('',(13.3,21.5,26.45967477525));
#2681 = CARTESIAN_POINT('',(13.317185500565,21.482814499435,
    26.446127664331));
#2682 = CARTESIAN_POINT('',(13.334368062766,21.465631937234,
    26.432570046717));
#2683 = CARTESIAN_POINT('',(13.35154865972,21.44845134028,
    26.419005407319));
#2684 = CARTESIAN_POINT('',(13.368728263436,21.431271736564,
    26.405437221931));
#2685 = CARTESIAN_POINT('',(13.385907844818,21.414092155182,
    26.39186895723));
#2686 = CARTESIAN_POINT('',(13.403088373663,21.396911626337,
    26.378304070774));
#2687 = CARTESIAN_POINT('',(13.434472145807,21.365527854193,
    26.353540245922));
#2688 = CARTESIAN_POINT('',(13.448674786767,21.351325213233,
    26.342339175817));
#2689 = CARTESIAN_POINT('',(13.462879290504,21.337120709496,
    26.331144756422));
#2690 = CARTESIAN_POINT('',(13.477086219174,21.322913780826,
    26.319959010022));
#2691 = CARTESIAN_POINT('',(13.491296148131,21.308703851869,
    26.308784025459));
#2692 = CARTESIAN_POINT('',(13.505509665927,21.294490334073,
    26.297621958131));
#2693 = CARTESIAN_POINT('',(13.548957553233,21.251042446767,
    26.263558066492));
#2694 = CARTESIAN_POINT('',(13.578205293044,21.221794706956,
    26.240705174043));
#2695 = CARTESIAN_POINT('',(13.607476156001,21.192523843999,
    26.21793604252));
#2696 = CARTESIAN_POINT('',(13.636775714343,21.163224285657,
    26.195271798941));
#2697 = CARTESIAN_POINT('',(13.66611001671,21.13388998329,
    26.172736783526));
#2698 = CARTESIAN_POINT('',(13.695486054565,21.104513945435,
    26.15036032575));
#2699 = CARTESIAN_POINT('',(13.757973260646,21.042026739354,
    26.10325671523));
#2700 = CARTESIAN_POINT('',(13.791094801179,21.008905198821,
    26.078583213667));
#2701 = CARTESIAN_POINT('',(13.824291887561,20.975708112439,
    26.054205630589));
#2702 = CARTESIAN_POINT('',(13.857579483059,20.942420516941,
    26.030191771979));
#2703 = CARTESIAN_POINT('',(13.890971639803,20.909028360197,
    26.006624785549));
#2704 = CARTESIAN_POINT('',(13.924486067901,20.875513932099,
    25.983623634501));
#2705 = CARTESIAN_POINT('',(13.980753230373,20.819246769627,
    25.946464191111));
#2706 = CARTESIAN_POINT('',(14.003412276791,20.796587723209,
    25.93189097395));
#2707 = CARTESIAN_POINT('',(14.026150005575,20.773849994425,
    25.917725318218));
#2708 = CARTESIAN_POINT('',(14.048977278816,20.751022721184,
    25.904044384087));
#2709 = CARTESIAN_POINT('',(14.071900117105,20.728099882895,
    25.890974093778));
#2710 = CARTESIAN_POINT('',(14.094918072,20.705081928,25.878671333854));
#2711 = CARTESIAN_POINT('',(14.131557342529,20.668442657471,
    25.860914272888));
#2712 = CARTESIAN_POINT('',(14.14509080261,20.65490919739,
    25.854747072467));
#2713 = CARTESIAN_POINT('',(14.158661737465,20.641338262535,
    25.849019916433));
#2714 = CARTESIAN_POINT('',(14.172270475063,20.627729524937,
    25.843817403343));
#2715 = CARTESIAN_POINT('',(14.185897753196,20.614102246804,
    25.83928102796));
#2716 = CARTESIAN_POINT('',(14.199506110551,20.600493889449,
    25.835585457858));
#2717 = CARTESIAN_POINT('',(14.218752391488,20.581247608512,
    25.832032904035));
#2718 = CARTESIAN_POINT('',(14.224447796974,20.575552203026,
    25.831192599217));
#2719 = CARTESIAN_POINT('',(14.23012136702,20.56987863298,
    25.830593240586));
#2720 = CARTESIAN_POINT('',(14.23576359906,20.56423640094,
    25.830267875391));
#2721 = CARTESIAN_POINT('',(14.24135866778,20.55864133222,25.83025766259
    ));
#2722 = CARTESIAN_POINT('',(14.246884113579,20.553115886421,
    25.830613522074));
#2723 = CARTESIAN_POINT('',(14.25529076388,20.54470923612,
    25.831828506885));
#2724 = CARTESIAN_POINT('',(14.258240176675,20.541759823325,
    25.832388375289));
#2725 = CARTESIAN_POINT('',(14.261153603764,20.538846396236,
    25.833087509737));
#2726 = CARTESIAN_POINT('',(14.264024067012,20.535975932988,
    25.833937095635));
#2727 = CARTESIAN_POINT('',(14.266842970294,20.533157029706,
    25.834948794316));
#2728 = CARTESIAN_POINT('',(14.269600293994,20.530399706006,
    25.83613415419));
#2729 = CARTESIAN_POINT('',(14.275926723837,20.524073276163,
    25.839362459832));
#2730 = CARTESIAN_POINT('',(14.279437176609,20.520562823391,
    25.841561973173));
#2731 = CARTESIAN_POINT('',(14.282783358421,20.517216641579,
    25.84412709187));
#2732 = CARTESIAN_POINT('',(14.28592886844,20.51407113156,
    25.847078131342));
#2733 = CARTESIAN_POINT('',(14.288838183409,20.511161816591,
    25.850423828524));
#2734 = CARTESIAN_POINT('',(14.291481146674,20.508518853326,
    25.854153977904));
#2735 = CARTESIAN_POINT('',(14.29383745721,20.50616254279,
    25.858232067571));
#2736 = ORIENTED_EDGE('',*,*,#477,.T.);
#2737 = ORIENTED_EDGE('',*,*,#2609,.T.);
#2738 = ORIENTED_EDGE('',*,*,#2739,.F.);
#2739 = EDGE_CURVE('',#2670,#2610,#2740,.T.);
#2740 = LINE('',#2741,#2742);
#2741 = CARTESIAN_POINT('',(14.3,20.5,21.3));
#2742 = VECTOR('',#2743,1.);
#2743 = DIRECTION('',(0.,2.2E-16,1.));
#2744 = PLANE('',#2745);
#2745 = AXIS2_PLACEMENT_3D('',#2746,#2747,#2748);
#2746 = CARTESIAN_POINT('',(13.8,21.,21.3));
#2747 = DIRECTION('',(-0.707106781187,-0.707106781187,0.));
#2748 = DIRECTION('',(1.1E-16,-1.1E-16,-1.));
#2749 = ADVANCED_FACE('',(#2750),#2772,.F.);
#2750 = FACE_BOUND('',#2751,.F.);
#2751 = EDGE_LOOP('',(#2752,#2753,#2770,#2771));
#2752 = ORIENTED_EDGE('',*,*,#2645,.T.);
#2753 = ORIENTED_EDGE('',*,*,#2754,.T.);
#2754 = EDGE_CURVE('',#2635,#2668,#2755,.T.);
#2755 = B_SPLINE_CURVE_WITH_KNOTS('',7,(#2756,#2757,#2758,#2759,#2760,
    #2761,#2762,#2763,#2764,#2765,#2766,#2767,#2768,#2769),
  .UNSPECIFIED.,.F.,.F.,(8,6,8),(3.211943351068,3.757433059368,
    3.786989716913),.UNSPECIFIED.);
#2756 = CARTESIAN_POINT('',(13.925,20.514122529507,25.452368754828));
#2757 = CARTESIAN_POINT('',(14.009935226883,20.520964388355,
    25.474298936109));
#2758 = CARTESIAN_POINT('',(14.081505246048,20.526303580247,
    25.511171873887));
#2759 = CARTESIAN_POINT('',(14.144038698106,20.528265658552,
    25.558148000828));
#2760 = CARTESIAN_POINT('',(14.198577969553,20.52631179887,
    25.61406189341));
#2761 = CARTESIAN_POINT('',(14.242278537225,20.52165262847,
    25.682093825202));
#2762 = CARTESIAN_POINT('',(14.278101119241,20.513247474994,
    25.758933612722));
#2763 = CARTESIAN_POINT('',(14.294689888496,20.505778754778,
    25.863611026116));
#2764 = CARTESIAN_POINT('',(14.295542530302,20.505394871983,
    25.86899131307));
#2765 = CARTESIAN_POINT('',(14.296395172108,20.505010989189,
    25.874371600025));
#2766 = CARTESIAN_POINT('',(14.297247813914,20.504627106395,
    25.879751886979));
#2767 = CARTESIAN_POINT('',(14.298100455721,20.504243223601,
    25.885132173934));
#2768 = CARTESIAN_POINT('',(14.298953097527,20.503859340807,
    25.890512460888));
#2769 = CARTESIAN_POINT('',(14.299805739333,20.503475458012,
    25.895892747843));
#2770 = ORIENTED_EDGE('',*,*,#2678,.F.);
#2771 = ORIENTED_EDGE('',*,*,#485,.F.);
#2772 = B_SPLINE_SURFACE_WITH_KNOTS('',1,7,(
    (#2773,#2774,#2775,#2776,#2777,#2778,#2779,#2780,#2781,#2782,#2783
      ,#2784,#2785,#2786)
    ,(#2787,#2788,#2789,#2790,#2791,#2792,#2793,#2794,#2795,#2796,#2797
      ,#2798,#2799,#2800
    )),.UNSPECIFIED.,.F.,.F.,.F.,(2,2),(8,6,8),(0.,0.5454897083),(
    3.211943351068,3.757433059368,3.786989716913),.UNSPECIFIED.);
#2773 = CARTESIAN_POINT('',(13.146687836487,21.5,26.322548207493));
#2774 = CARTESIAN_POINT('',(13.204771268334,21.5,26.374499608283));
#2775 = CARTESIAN_POINT('',(13.262854700181,21.5,26.426451009074));
#2776 = CARTESIAN_POINT('',(13.320938132027,21.499999999999,
    26.478402409863));
#2777 = CARTESIAN_POINT('',(13.379021563875,21.500000000001,
    26.530353810655));
#2778 = CARTESIAN_POINT('',(13.437104995721,21.5,26.582305211445));
#2779 = CARTESIAN_POINT('',(13.495188427569,21.5,26.634256612236));
#2780 = CARTESIAN_POINT('',(13.55641903539,21.5,26.689022932792));
#2781 = CARTESIAN_POINT('',(13.55987393384,21.5,26.692113087909));
#2782 = CARTESIAN_POINT('',(13.563636554767,21.5,26.695478478375));
#2783 = CARTESIAN_POINT('',(13.567706898171,21.5,26.699119104192));
#2784 = CARTESIAN_POINT('',(13.572084964051,21.5,26.703034965359));
#2785 = CARTESIAN_POINT('',(13.576770752408,21.5,26.707226061877));
#2786 = CARTESIAN_POINT('',(13.581764263241,21.5,26.711692393744));
#2787 = CARTESIAN_POINT('',(13.925,20.514122529507,25.452368754828));
#2788 = CARTESIAN_POINT('',(14.009935226883,20.520964388355,
    25.474298936109));
#2789 = CARTESIAN_POINT('',(14.081505246048,20.526303580247,
    25.511171873887));
#2790 = CARTESIAN_POINT('',(14.144038698106,20.528265658552,
    25.558148000828));
#2791 = CARTESIAN_POINT('',(14.198577969553,20.52631179887,
    25.61406189341));
#2792 = CARTESIAN_POINT('',(14.242278537225,20.52165262847,
    25.682093825202));
#2793 = CARTESIAN_POINT('',(14.278101119241,20.513247474994,
    25.758933612722));
#2794 = CARTESIAN_POINT('',(14.294689888496,20.505778754778,
    25.863611026116));
#2795 = CARTESIAN_POINT('',(14.295542530302,20.505394871983,
    25.86899131307));
#2796 = CARTESIAN_POINT('',(14.296395172108,20.505010989189,
    25.874371600025));
#2797 = CARTESIAN_POINT('',(14.297247813914,20.504627106395,
    25.879751886979));
#2798 = CARTESIAN_POINT('',(14.298100455721,20.504243223601,
    25.885132173934));
#2799 = CARTESIAN_POINT('',(14.298953097527,20.503859340807,
    25.890512460888));
#2800 = CARTESIAN_POINT('',(14.299805739333,20.503475458012,
    25.895892747843));
#2801 = ADVANCED_FACE('',(#2802),#2876,.T.);
#2802 = FACE_BOUND('',#2803,.T.);
#2803 = EDGE_LOOP('',(#2804,#2805,#2806,#2814,#2853,#2861,#2870));
#2804 = ORIENTED_EDGE('',*,*,#560,.T.);
#2805 = ORIENTED_EDGE('',*,*,#654,.T.);
#2806 = ORIENTED_EDGE('',*,*,#2807,.T.);
#2807 = EDGE_CURVE('',#655,#2808,#2810,.T.);
#2808 = VERTEX_POINT('',#2809);
#2809 = CARTESIAN_POINT('',(-13.925,15.375,-22.54763124517));
#2810 = LINE('',#2811,#2812);
#2811 = CARTESIAN_POINT('',(-13.925,21.5,-22.54763124517));
#2812 = VECTOR('',#2813,1.);
#2813 = DIRECTION('',(0.,-1.,2.2E-16));
#2814 = ORIENTED_EDGE('',*,*,#2815,.T.);
#2815 = EDGE_CURVE('',#2808,#2816,#2818,.T.);
#2816 = VERTEX_POINT('',#2817);
#2817 = CARTESIAN_POINT('',(-13.925,14.625,-22.54763124517));
#2818 = B_SPLINE_CURVE_WITH_KNOTS('',5,(#2819,#2820,#2821,#2822,#2823,
    #2824,#2825,#2826,#2827,#2828,#2829,#2830,#2831,#2832,#2833,#2834,
    #2835,#2836,#2837,#2838,#2839,#2840,#2841,#2842,#2843,#2844,#2845,
    #2846,#2847,#2848,#2849,#2850,#2851,#2852),.UNSPECIFIED.,.F.,.F.,(6,
    4,4,4,4,4,4,4,6),(0.,0.174947229476,0.274687824134,0.342642731189,
    0.500001121762,0.658751315977,0.724374491317,0.824368033412,1.),
  .UNSPECIFIED.);
#2819 = CARTESIAN_POINT('',(-13.925,15.375,-22.54763124517));
#2820 = CARTESIAN_POINT('',(-13.94136208584,15.35863791416,
    -22.54340657277));
#2821 = CARTESIAN_POINT('',(-13.95653694834,15.339655492304,
    -22.53875105899));
#2822 = CARTESIAN_POINT('',(-13.97035976078,15.318325992115,
    -22.53388942323));
#2823 = CARTESIAN_POINT('',(-13.98273844614,15.294969491021,
    -22.52906850414));
#2824 = CARTESIAN_POINT('',(-13.99984331144,15.255699991522,
    -22.52188375346));
#2825 = CARTESIAN_POINT('',(-14.00557442976,15.240896450815,
    -22.51935325578));
#2826 = CARTESIAN_POINT('',(-14.01082120257,15.225609496609,
    -22.51693810598));
#2827 = CARTESIAN_POINT('',(-14.01558264654,15.209898797711,
    -22.51466995935));
#2828 = CARTESIAN_POINT('',(-14.02277657209,15.182869498542,
    -22.51114784065));
#2829 = CARTESIAN_POINT('',(-14.0254675936,15.171746722625,
    -22.5098009901));
#2830 = CARTESIAN_POINT('',(-14.02793516725,15.160472465894,
    -22.50854280014));
#2831 = CARTESIAN_POINT('',(-14.03018020692,15.14906456651,
    -22.50738026051));
#2832 = CARTESIAN_POINT('',(-14.03688979133,15.110854810994,
    -22.50386184748));
#2833 = CARTESIAN_POINT('',(-14.04038733662,15.083550503038,
    -22.50194851958));
#2834 = CARTESIAN_POINT('',(-14.04271282698,15.055835323639,
    -22.50064950591));
#2835 = CARTESIAN_POINT('',(-14.04387500755,15.027916365472,-22.5));
#2836 = CARTESIAN_POINT('',(-14.04387500755,14.971836719832,-22.5));
#2837 = CARTESIAN_POINT('',(-14.04269218456,14.94367071908,
    -22.50066104907));
#2838 = CARTESIAN_POINT('',(-14.04032534633,14.915713961895,
    -22.5019831491));
#2839 = CARTESIAN_POINT('',(-14.03676545837,14.888179159227,
    -22.50392984168));
#2840 = CARTESIAN_POINT('',(-14.03002392748,14.850160264853,
    -22.50746096743));
#2841 = CARTESIAN_POINT('',(-14.02784566584,14.839150153802,
    -22.50858793944));
#2842 = CARTESIAN_POINT('',(-14.02545985793,14.82826512873,
    -22.50980391801));
#2843 = CARTESIAN_POINT('',(-14.02286568084,14.817521256703,
    -22.51110260079));
#2844 = CARTESIAN_POINT('',(-14.01579111766,14.790804100915,
    -22.5145702089));
#2845 = CARTESIAN_POINT('',(-14.01103464925,14.775039014404,
    -22.51683873688));
#2846 = CARTESIAN_POINT('',(-14.00579039671,14.759698290111,
    -22.51925579975));
#2847 = CARTESIAN_POINT('',(-14.00005929171,14.744842025439,
    -22.52178958923));
#2848 = CARTESIAN_POINT('',(-13.98293245319,14.705396968634,
    -22.52899290132));
#2849 = CARTESIAN_POINT('',(-13.97052232366,14.6819251081,
    -22.53383221481));
#2850 = CARTESIAN_POINT('',(-13.95665607007,14.660493636274,
    -22.53871448837));
#2851 = CARTESIAN_POINT('',(-13.94142643507,14.641426435072,
    -22.54338995787));
#2852 = CARTESIAN_POINT('',(-13.925,14.625,-22.54763124517));
#2853 = ORIENTED_EDGE('',*,*,#2854,.T.);
#2854 = EDGE_CURVE('',#2816,#2855,#2857,.T.);
#2855 = VERTEX_POINT('',#2856);
#2856 = CARTESIAN_POINT('',(-13.925,12.,-22.54763124517));
#2857 = LINE('',#2858,#2859);
#2858 = CARTESIAN_POINT('',(-13.925,21.5,-22.54763124517));
#2859 = VECTOR('',#2860,1.);
#2860 = DIRECTION('',(0.,-1.,2.2E-16));
#2861 = ORIENTED_EDGE('',*,*,#2862,.T.);
#2862 = EDGE_CURVE('',#2855,#2863,#2865,.T.);
#2863 = VERTEX_POINT('',#2864);
#2864 = CARTESIAN_POINT('',(-14.3,12.,-22.06350832689));
#2865 = CIRCLE('',#2866,0.5);
#2866 = AXIS2_PLACEMENT_3D('',#2867,#2868,#2869);
#2867 = CARTESIAN_POINT('',(-13.8,12.,-22.06350832689));
#2868 = DIRECTION('',(0.,1.,-0.));
#2869 = DIRECTION('',(-1.,0.,0.));
#2870 = ORIENTED_EDGE('',*,*,#2871,.F.);
#2871 = EDGE_CURVE('',#561,#2863,#2872,.T.);
#2872 = LINE('',#2873,#2874);
#2873 = CARTESIAN_POINT('',(-14.3,21.5,-22.06350832689));
#2874 = VECTOR('',#2875,1.);
#2875 = DIRECTION('',(0.,-1.,2.2E-16));
#2876 = CYLINDRICAL_SURFACE('',#2877,0.5);
#2877 = AXIS2_PLACEMENT_3D('',#2878,#2879,#2880);
#2878 = CARTESIAN_POINT('',(-13.8,21.5,-22.06350832689));
#2879 = DIRECTION('',(0.,1.,-2.2E-16));
#2880 = DIRECTION('',(-1.,0.,0.));
#2881 = ADVANCED_FACE('',(#2882),#2900,.F.);
#2882 = FACE_BOUND('',#2883,.F.);
#2883 = EDGE_LOOP('',(#2884,#2885,#2893,#2899));
#2884 = ORIENTED_EDGE('',*,*,#571,.F.);
#2885 = ORIENTED_EDGE('',*,*,#2886,.T.);
#2886 = EDGE_CURVE('',#572,#2887,#2889,.T.);
#2887 = VERTEX_POINT('',#2888);
#2888 = CARTESIAN_POINT('',(-14.3,12.,-21.3));
#2889 = LINE('',#2890,#2891);
#2890 = CARTESIAN_POINT('',(-14.3,21.5,-21.3));
#2891 = VECTOR('',#2892,1.);
#2892 = DIRECTION('',(0.,-1.,2.2E-16));
#2893 = ORIENTED_EDGE('',*,*,#2894,.T.);
#2894 = EDGE_CURVE('',#2887,#2863,#2895,.T.);
#2895 = LINE('',#2896,#2897);
#2896 = CARTESIAN_POINT('',(-14.3,12.,-21.3));
#2897 = VECTOR('',#2898,1.);
#2898 = DIRECTION('',(0.,0.,-1.));
#2899 = ORIENTED_EDGE('',*,*,#2871,.F.);
#2900 = PLANE('',#2901);
#2901 = AXIS2_PLACEMENT_3D('',#2902,#2903,#2904);
#2902 = CARTESIAN_POINT('',(-14.3,21.5,-21.3));
#2903 = DIRECTION('',(1.,0.,0.));
#2904 = DIRECTION('',(0.,-2.2E-16,-1.));
#2905 = ADVANCED_FACE('',(#2906),#2924,.F.);
#2906 = FACE_BOUND('',#2907,.F.);
#2907 = EDGE_LOOP('',(#2908,#2916,#2922,#2923));
#2908 = ORIENTED_EDGE('',*,*,#2909,.T.);
#2909 = EDGE_CURVE('',#712,#2910,#2912,.T.);
#2910 = VERTEX_POINT('',#2911);
#2911 = CARTESIAN_POINT('',(-16.5,12.,-21.3));
#2912 = LINE('',#2913,#2914);
#2913 = CARTESIAN_POINT('',(-16.5,21.5,-21.3));
#2914 = VECTOR('',#2915,1.);
#2915 = DIRECTION('',(0.,-1.,2.2E-16));
#2916 = ORIENTED_EDGE('',*,*,#2917,.T.);
#2917 = EDGE_CURVE('',#2910,#2887,#2918,.T.);
#2918 = LINE('',#2919,#2920);
#2919 = CARTESIAN_POINT('',(-16.5,12.,-21.3));
#2920 = VECTOR('',#2921,1.);
#2921 = DIRECTION('',(1.,0.,0.));
#2922 = ORIENTED_EDGE('',*,*,#2886,.F.);
#2923 = ORIENTED_EDGE('',*,*,#721,.F.);
#2924 = PLANE('',#2925);
#2925 = AXIS2_PLACEMENT_3D('',#2926,#2927,#2928);
#2926 = CARTESIAN_POINT('',(-16.5,21.5,-21.3));
#2927 = DIRECTION('',(0.,2.2E-16,1.));
#2928 = DIRECTION('',(1.,0.,0.));
#2929 = ADVANCED_FACE('',(#2930),#2960,.F.);
#2930 = FACE_BOUND('',#2931,.F.);
#2931 = EDGE_LOOP('',(#2932,#2940,#2941,#2942,#2943,#2944,#2953));
#2932 = ORIENTED_EDGE('',*,*,#2933,.F.);
#2933 = EDGE_CURVE('',#844,#2934,#2936,.T.);
#2934 = VERTEX_POINT('',#2935);
#2935 = CARTESIAN_POINT('',(-13.925,15.375,-25.45236875482));
#2936 = LINE('',#2937,#2938);
#2937 = CARTESIAN_POINT('',(-13.925,21.5,-25.45236875482));
#2938 = VECTOR('',#2939,1.);
#2939 = DIRECTION('',(0.,-1.,2.2E-16));
#2940 = ORIENTED_EDGE('',*,*,#843,.F.);
#2941 = ORIENTED_EDGE('',*,*,#803,.F.);
#2942 = ORIENTED_EDGE('',*,*,#736,.F.);
#2943 = ORIENTED_EDGE('',*,*,#2807,.T.);
#2944 = ORIENTED_EDGE('',*,*,#2945,.T.);
#2945 = EDGE_CURVE('',#2808,#2946,#2948,.T.);
#2946 = VERTEX_POINT('',#2947);
#2947 = CARTESIAN_POINT('',(-12.8,16.5,-24.));
#2948 = ELLIPSE('',#2949,2.12132034356,1.5);
#2949 = AXIS2_PLACEMENT_3D('',#2950,#2951,#2952);
#2950 = CARTESIAN_POINT('',(-14.3,15.,-24.));
#2951 = DIRECTION('',(-0.707106781187,0.707106781187,-3.1E-16));
#2952 = DIRECTION('',(-0.707106781187,-0.707106781187,0.));
#2953 = ORIENTED_EDGE('',*,*,#2954,.T.);
#2954 = EDGE_CURVE('',#2946,#2934,#2955,.T.);
#2955 = ELLIPSE('',#2956,2.12132034356,1.5);
#2956 = AXIS2_PLACEMENT_3D('',#2957,#2958,#2959);
#2957 = CARTESIAN_POINT('',(-14.3,15.,-24.));
#2958 = DIRECTION('',(-0.707106781187,0.707106781187,-3.1E-16));
#2959 = DIRECTION('',(-0.707106781187,-0.707106781187,0.));
#2960 = CYLINDRICAL_SURFACE('',#2961,1.5);
#2961 = AXIS2_PLACEMENT_3D('',#2962,#2963,#2964);
#2962 = CARTESIAN_POINT('',(-14.3,21.5,-24.));
#2963 = DIRECTION('',(0.,1.,-2.2E-16));
#2964 = DIRECTION('',(-1.,0.,0.));
#2965 = ADVANCED_FACE('',(#2966,#2984),#3004,.F.);
#2966 = FACE_BOUND('',#2967,.F.);
#2967 = EDGE_LOOP('',(#2968,#2976,#2982,#2983));
#2968 = ORIENTED_EDGE('',*,*,#2969,.T.);
#2969 = EDGE_CURVE('',#770,#2970,#2972,.T.);
#2970 = VERTEX_POINT('',#2971);
#2971 = CARTESIAN_POINT('',(-16.5,12.,-26.7));
#2972 = LINE('',#2973,#2974);
#2973 = CARTESIAN_POINT('',(-16.5,21.5,-26.7));
#2974 = VECTOR('',#2975,1.);
#2975 = DIRECTION('',(0.,-1.,2.2E-16));
#2976 = ORIENTED_EDGE('',*,*,#2977,.T.);
#2977 = EDGE_CURVE('',#2970,#2910,#2978,.T.);
#2978 = LINE('',#2979,#2980);
#2979 = CARTESIAN_POINT('',(-16.5,12.,-26.7));
#2980 = VECTOR('',#2981,1.);
#2981 = DIRECTION('',(0.,0.,1.));
#2982 = ORIENTED_EDGE('',*,*,#2909,.F.);
#2983 = ORIENTED_EDGE('',*,*,#779,.F.);
#2984 = FACE_BOUND('',#2985,.F.);
#2985 = EDGE_LOOP('',(#2986,#2997));
#2986 = ORIENTED_EDGE('',*,*,#2987,.F.);
#2987 = EDGE_CURVE('',#2988,#2990,#2992,.T.);
#2988 = VERTEX_POINT('',#2989);
#2989 = CARTESIAN_POINT('',(-16.5,13.5,-24.));
#2990 = VERTEX_POINT('',#2991);
#2991 = CARTESIAN_POINT('',(-16.5,16.5,-24.));
#2992 = CIRCLE('',#2993,1.5);
#2993 = AXIS2_PLACEMENT_3D('',#2994,#2995,#2996);
#2994 = CARTESIAN_POINT('',(-16.5,15.,-24.));
#2995 = DIRECTION('',(-1.,-2.2E-16,-2.2E-16));
#2996 = DIRECTION('',(2.2E-16,-1.,-4.4E-16));
#2997 = ORIENTED_EDGE('',*,*,#2998,.F.);
#2998 = EDGE_CURVE('',#2990,#2988,#2999,.T.);
#2999 = CIRCLE('',#3000,1.5);
#3000 = AXIS2_PLACEMENT_3D('',#3001,#3002,#3003);
#3001 = CARTESIAN_POINT('',(-16.5,15.,-24.));
#3002 = DIRECTION('',(-1.,-2.2E-16,-2.2E-16));
#3003 = DIRECTION('',(2.2E-16,-1.,-4.4E-16));
#3004 = PLANE('',#3005);
#3005 = AXIS2_PLACEMENT_3D('',#3006,#3007,#3008);
#3006 = CARTESIAN_POINT('',(-16.5,21.5,-26.7));
#3007 = DIRECTION('',(-1.,0.,0.));
#3008 = DIRECTION('',(0.,2.2E-16,1.));
#3009 = ADVANCED_FACE('',(#3010),#3028,.F.);
#3010 = FACE_BOUND('',#3011,.F.);
#3011 = EDGE_LOOP('',(#3012,#3020,#3026,#3027));
#3012 = ORIENTED_EDGE('',*,*,#3013,.T.);
#3013 = EDGE_CURVE('',#819,#3014,#3016,.T.);
#3014 = VERTEX_POINT('',#3015);
#3015 = CARTESIAN_POINT('',(-14.3,12.,-26.7));
#3016 = LINE('',#3017,#3018);
#3017 = CARTESIAN_POINT('',(-14.3,21.5,-26.7));
#3018 = VECTOR('',#3019,1.);
#3019 = DIRECTION('',(0.,-1.,2.2E-16));
#3020 = ORIENTED_EDGE('',*,*,#3021,.T.);
#3021 = EDGE_CURVE('',#3014,#2970,#3022,.T.);
#3022 = LINE('',#3023,#3024);
#3023 = CARTESIAN_POINT('',(-14.3,12.,-26.7));
#3024 = VECTOR('',#3025,1.);
#3025 = DIRECTION('',(-1.,0.,0.));
#3026 = ORIENTED_EDGE('',*,*,#2969,.F.);
#3027 = ORIENTED_EDGE('',*,*,#828,.F.);
#3028 = PLANE('',#3029);
#3029 = AXIS2_PLACEMENT_3D('',#3030,#3031,#3032);
#3030 = CARTESIAN_POINT('',(-14.3,21.5,-26.7));
#3031 = DIRECTION('',(-0.,-2.2E-16,-1.));
#3032 = DIRECTION('',(-1.,0.,0.));
#3033 = ADVANCED_FACE('',(#3034),#3101,.T.);
#3034 = FACE_BOUND('',#3035,.T.);
#3035 = EDGE_LOOP('',(#3036,#3037,#3045,#3054,#3062,#3099,#3100));
#3036 = ORIENTED_EDGE('',*,*,#876,.T.);
#3037 = ORIENTED_EDGE('',*,*,#3038,.T.);
#3038 = EDGE_CURVE('',#879,#3039,#3041,.T.);
#3039 = VERTEX_POINT('',#3040);
#3040 = CARTESIAN_POINT('',(-14.3,12.,-25.9364916731));
#3041 = LINE('',#3042,#3043);
#3042 = CARTESIAN_POINT('',(-14.3,21.5,-25.9364916731));
#3043 = VECTOR('',#3044,1.);
#3044 = DIRECTION('',(0.,-1.,2.2E-16));
#3045 = ORIENTED_EDGE('',*,*,#3046,.T.);
#3046 = EDGE_CURVE('',#3039,#3047,#3049,.T.);
#3047 = VERTEX_POINT('',#3048);
#3048 = CARTESIAN_POINT('',(-13.925,12.,-25.45236875482));
#3049 = CIRCLE('',#3050,0.5);
#3050 = AXIS2_PLACEMENT_3D('',#3051,#3052,#3053);
#3051 = CARTESIAN_POINT('',(-13.8,12.,-25.9364916731));
#3052 = DIRECTION('',(0.,1.,-0.));
#3053 = DIRECTION('',(-1.,0.,0.));
#3054 = ORIENTED_EDGE('',*,*,#3055,.F.);
#3055 = EDGE_CURVE('',#3056,#3047,#3058,.T.);
#3056 = VERTEX_POINT('',#3057);
#3057 = CARTESIAN_POINT('',(-13.925,14.625,-25.45236875482));
#3058 = LINE('',#3059,#3060);
#3059 = CARTESIAN_POINT('',(-13.925,21.5,-25.45236875482));
#3060 = VECTOR('',#3061,1.);
#3061 = DIRECTION('',(0.,-1.,2.2E-16));
#3062 = ORIENTED_EDGE('',*,*,#3063,.T.);
#3063 = EDGE_CURVE('',#3056,#2934,#3064,.T.);
#3064 = B_SPLINE_CURVE_WITH_KNOTS('',5,(#3065,#3066,#3067,#3068,#3069,
    #3070,#3071,#3072,#3073,#3074,#3075,#3076,#3077,#3078,#3079,#3080,
    #3081,#3082,#3083,#3084,#3085,#3086,#3087,#3088,#3089,#3090,#3091,
    #3092,#3093,#3094,#3095,#3096,#3097,#3098),.UNSPECIFIED.,.F.,.F.,(6,
    4,4,4,4,4,4,4,6),(0.,0.174947229476,0.274687824134,0.342642731189,
    0.500001121762,0.658751315977,0.724374491318,0.824368033412,1.),
  .UNSPECIFIED.);
#3065 = CARTESIAN_POINT('',(-13.925,14.625,-25.45236875482));
#3066 = CARTESIAN_POINT('',(-13.94136208584,14.64136208584,
    -25.45659342722));
#3067 = CARTESIAN_POINT('',(-13.95653694834,14.660344507696,
    -25.461248941));
#3068 = CARTESIAN_POINT('',(-13.97035976078,14.681674007885,
    -25.46611057676));
#3069 = CARTESIAN_POINT('',(-13.98273844614,14.705030508979,
    -25.47093149585));
#3070 = CARTESIAN_POINT('',(-13.99984331144,14.744300008478,
    -25.47811624653));
#3071 = CARTESIAN_POINT('',(-14.00557442976,14.759103549185,
    -25.48064674422));
#3072 = CARTESIAN_POINT('',(-14.01082120257,14.774390503391,
    -25.48306189401));
#3073 = CARTESIAN_POINT('',(-14.01558264654,14.790101202289,
    -25.48533004064));
#3074 = CARTESIAN_POINT('',(-14.02277657209,14.817130501458,
    -25.48885215934));
#3075 = CARTESIAN_POINT('',(-14.0254675936,14.828253277375,
    -25.49019900989));
#3076 = CARTESIAN_POINT('',(-14.02793516725,14.839527534106,
    -25.49145719985));
#3077 = CARTESIAN_POINT('',(-14.03018020692,14.85093543349,
    -25.49261973948));
#3078 = CARTESIAN_POINT('',(-14.03688979133,14.889145189005,
    -25.49613815252));
#3079 = CARTESIAN_POINT('',(-14.04038733662,14.916449496961,
    -25.49805148041));
#3080 = CARTESIAN_POINT('',(-14.04271282698,14.944164676361,
    -25.49935049408));
#3081 = CARTESIAN_POINT('',(-14.04387500755,14.972083634528,-25.5));
#3082 = CARTESIAN_POINT('',(-14.04387500755,15.028163280168,-25.5));
#3083 = CARTESIAN_POINT('',(-14.04269218456,15.05632928092,
    -25.49933895092));
#3084 = CARTESIAN_POINT('',(-14.04032534633,15.084286038105,
    -25.49801685089));
#3085 = CARTESIAN_POINT('',(-14.03676545837,15.111820840773,
    -25.49607015831));
#3086 = CARTESIAN_POINT('',(-14.03002392748,15.149839735147,
    -25.49253903256));
#3087 = CARTESIAN_POINT('',(-14.02784566584,15.160849846198,
    -25.49141206055));
#3088 = CARTESIAN_POINT('',(-14.02545985793,15.17173487127,
    -25.49019608198));
#3089 = CARTESIAN_POINT('',(-14.02286568084,15.182478743297,
    -25.4888973992));
#3090 = CARTESIAN_POINT('',(-14.01579111766,15.209195899085,
    -25.48542979109));
#3091 = CARTESIAN_POINT('',(-14.01103464925,15.224960985596,
    -25.48316126311));
#3092 = CARTESIAN_POINT('',(-14.00579039671,15.240301709889,
    -25.48074420024));
#3093 = CARTESIAN_POINT('',(-14.00005929171,15.255157974561,
    -25.47821041076));
#3094 = CARTESIAN_POINT('',(-13.98293245319,15.294603031366,
    -25.47100709867));
#3095 = CARTESIAN_POINT('',(-13.97052232366,15.3180748919,
    -25.46616778518));
#3096 = CARTESIAN_POINT('',(-13.95665607007,15.339506363726,
    -25.46128551163));
#3097 = CARTESIAN_POINT('',(-13.94142643507,15.358573564928,
    -25.45661004212));
#3098 = CARTESIAN_POINT('',(-13.925,15.375,-25.45236875482));
#3099 = ORIENTED_EDGE('',*,*,#2933,.F.);
#3100 = ORIENTED_EDGE('',*,*,#963,.T.);
#3101 = CYLINDRICAL_SURFACE('',#3102,0.5);
#3102 = AXIS2_PLACEMENT_3D('',#3103,#3104,#3105);
#3103 = CARTESIAN_POINT('',(-13.8,21.5,-25.9364916731));
#3104 = DIRECTION('',(0.,1.,-2.2E-16));
#3105 = DIRECTION('',(-1.,0.,0.));
#3106 = ADVANCED_FACE('',(#3107),#3118,.F.);
#3107 = FACE_BOUND('',#3108,.F.);
#3108 = EDGE_LOOP('',(#3109,#3110,#3111,#3117));
#3109 = ORIENTED_EDGE('',*,*,#948,.F.);
#3110 = ORIENTED_EDGE('',*,*,#3038,.T.);
#3111 = ORIENTED_EDGE('',*,*,#3112,.T.);
#3112 = EDGE_CURVE('',#3039,#3014,#3113,.T.);
#3113 = LINE('',#3114,#3115);
#3114 = CARTESIAN_POINT('',(-14.3,12.,-21.3));
#3115 = VECTOR('',#3116,1.);
#3116 = DIRECTION('',(0.,0.,-1.));
#3117 = ORIENTED_EDGE('',*,*,#3013,.F.);
#3118 = PLANE('',#3119);
#3119 = AXIS2_PLACEMENT_3D('',#3120,#3121,#3122);
#3120 = CARTESIAN_POINT('',(-14.3,21.5,-21.3));
#3121 = DIRECTION('',(1.,0.,0.));
#3122 = DIRECTION('',(0.,-2.2E-16,-1.));
#3123 = ADVANCED_FACE('',(#3124,#3178),#3189,.T.);
#3124 = FACE_BOUND('',#3125,.T.);
#3125 = EDGE_LOOP('',(#3126,#3127,#3128,#3129,#3138,#3146,#3154,#3162,
    #3171));
#3126 = ORIENTED_EDGE('',*,*,#1014,.F.);
#3127 = ORIENTED_EDGE('',*,*,#1157,.F.);
#3128 = ORIENTED_EDGE('',*,*,#1215,.F.);
#3129 = ORIENTED_EDGE('',*,*,#3130,.T.);
#3130 = EDGE_CURVE('',#1208,#3131,#3133,.T.);
#3131 = VERTEX_POINT('',#3132);
#3132 = CARTESIAN_POINT('',(31.5,-5.5,-45.));
#3133 = CIRCLE('',#3134,5.5);
#3134 = AXIS2_PLACEMENT_3D('',#3135,#3136,#3137);
#3135 = CARTESIAN_POINT('',(31.5,0.,-45.));
#3136 = DIRECTION('',(0.,-0.,1.));
#3137 = DIRECTION('',(0.,1.,0.));
#3138 = ORIENTED_EDGE('',*,*,#3139,.F.);
#3139 = EDGE_CURVE('',#3140,#3131,#3142,.T.);
#3140 = VERTEX_POINT('',#3141);
#3141 = CARTESIAN_POINT('',(31.5,-20.5,-45.));
#3142 = LINE('',#3143,#3144);
#3143 = CARTESIAN_POINT('',(31.5,-21.5,-45.));
#3144 = VECTOR('',#3145,1.);
#3145 = DIRECTION('',(0.,1.,0.));
#3146 = ORIENTED_EDGE('',*,*,#3147,.F.);
#3147 = EDGE_CURVE('',#3148,#3140,#3150,.T.);
#3148 = VERTEX_POINT('',#3149);
#3149 = CARTESIAN_POINT('',(-31.5,-20.5,-45.));
#3150 = LINE('',#3151,#3152);
#3151 = CARTESIAN_POINT('',(-31.5,-20.5,-45.));
#3152 = VECTOR('',#3153,1.);
#3153 = DIRECTION('',(1.,0.,0.));
#3154 = ORIENTED_EDGE('',*,*,#3155,.F.);
#3155 = EDGE_CURVE('',#3156,#3148,#3158,.T.);
#3156 = VERTEX_POINT('',#3157);
#3157 = CARTESIAN_POINT('',(-31.5,-5.5,-45.));
#3158 = LINE('',#3159,#3160);
#3159 = CARTESIAN_POINT('',(-31.5,21.5,-45.));
#3160 = VECTOR('',#3161,1.);
#3161 = DIRECTION('',(0.,-1.,0.));
#3162 = ORIENTED_EDGE('',*,*,#3163,.T.);
#3163 = EDGE_CURVE('',#3156,#3164,#3166,.T.);
#3164 = VERTEX_POINT('',#3165);
#3165 = CARTESIAN_POINT('',(-26.,0.,-45.));
#3166 = CIRCLE('',#3167,5.5);
#3167 = AXIS2_PLACEMENT_3D('',#3168,#3169,#3170);
#3168 = CARTESIAN_POINT('',(-31.5,0.,-45.));
#3169 = DIRECTION('',(-0.,0.,1.));
#3170 = DIRECTION('',(0.,-1.,0.));
#3171 = ORIENTED_EDGE('',*,*,#3172,.T.);
#3172 = EDGE_CURVE('',#3164,#1017,#3173,.T.);
#3173 = CIRCLE('',#3174,5.5);
#3174 = AXIS2_PLACEMENT_3D('',#3175,#3176,#3177);
#3175 = CARTESIAN_POINT('',(-31.5,0.,-45.));
#3176 = DIRECTION('',(0.,0.,1.));
#3177 = DIRECTION('',(1.,0.,0.));
#3178 = FACE_BOUND('',#3179,.T.);
#3179 = EDGE_LOOP('',(#3180));
#3180 = ORIENTED_EDGE('',*,*,#3181,.F.);
#3181 = EDGE_CURVE('',#3182,#3182,#3184,.T.);
#3182 = VERTEX_POINT('',#3183);
#3183 = CARTESIAN_POINT('',(13.,0.,-45.));
#3184 = CIRCLE('',#3185,13.);
#3185 = AXIS2_PLACEMENT_3D('',#3186,#3187,#3188);
#3186 = CARTESIAN_POINT('',(0.,0.,-45.));
#3187 = DIRECTION('',(0.,0.,-1.));
#3188 = DIRECTION('',(1.,0.,0.));
#3189 = PLANE('',#3190);
#3190 = AXIS2_PLACEMENT_3D('',#3191,#3192,#3193);
#3191 = CARTESIAN_POINT('',(5.4E-16,1.07E-15,-45.));
#3192 = DIRECTION('',(-0.,-0.,-1.));
#3193 = DIRECTION('',(-1.,0.,0.));
#3194 = ADVANCED_FACE('',(#3195),#3214,.F.);
#3195 = FACE_BOUND('',#3196,.F.);
#3196 = EDGE_LOOP('',(#3197,#3205,#3206,#3207));
#3197 = ORIENTED_EDGE('',*,*,#3198,.F.);
#3198 = EDGE_CURVE('',#3164,#3199,#3201,.T.);
#3199 = VERTEX_POINT('',#3200);
#3200 = CARTESIAN_POINT('',(-27.,0.,-44.));
#3201 = LINE('',#3202,#3203);
#3202 = CARTESIAN_POINT('',(-27.,-2.8E-16,-44.));
#3203 = VECTOR('',#3204,1.);
#3204 = DIRECTION('',(-0.707106781187,4.E-17,0.707106781187));
#3205 = ORIENTED_EDGE('',*,*,#3172,.T.);
#3206 = ORIENTED_EDGE('',*,*,#1024,.T.);
#3207 = ORIENTED_EDGE('',*,*,#3208,.F.);
#3208 = EDGE_CURVE('',#3199,#1025,#3209,.T.);
#3209 = CIRCLE('',#3210,4.5);
#3210 = AXIS2_PLACEMENT_3D('',#3211,#3212,#3213);
#3211 = CARTESIAN_POINT('',(-31.5,0.,-44.));
#3212 = DIRECTION('',(0.,0.,1.));
#3213 = DIRECTION('',(1.,0.,0.));
#3214 = CONICAL_SURFACE('',#3215,4.5,0.785398163397);
#3215 = AXIS2_PLACEMENT_3D('',#3216,#3217,#3218);
#3216 = CARTESIAN_POINT('',(-31.5,0.,-44.));
#3217 = DIRECTION('',(-0.,-0.,-1.));
#3218 = DIRECTION('',(1.,0.,0.));
#3219 = ADVANCED_FACE('',(#3220),#3257,.F.);
#3220 = FACE_BOUND('',#3221,.F.);
#3221 = EDGE_LOOP('',(#3222,#3223,#3232,#3241,#3249,#3256));
#3222 = ORIENTED_EDGE('',*,*,#1032,.T.);
#3223 = ORIENTED_EDGE('',*,*,#3224,.F.);
#3224 = EDGE_CURVE('',#3225,#1033,#3227,.T.);
#3225 = VERTEX_POINT('',#3226);
#3226 = CARTESIAN_POINT('',(-27.,0.,-22.55));
#3227 = CIRCLE('',#3228,4.5);
#3228 = AXIS2_PLACEMENT_3D('',#3229,#3230,#3231);
#3229 = CARTESIAN_POINT('',(-31.5,0.,-22.55));
#3230 = DIRECTION('',(0.,0.,1.));
#3231 = DIRECTION('',(1.,0.,0.));
#3232 = ORIENTED_EDGE('',*,*,#3233,.F.);
#3233 = EDGE_CURVE('',#3234,#3225,#3236,.T.);
#3234 = VERTEX_POINT('',#3235);
#3235 = CARTESIAN_POINT('',(-31.5,-4.5,-22.55));
#3236 = CIRCLE('',#3237,4.5);
#3237 = AXIS2_PLACEMENT_3D('',#3238,#3239,#3240);
#3238 = CARTESIAN_POINT('',(-31.5,0.,-22.55));
#3239 = DIRECTION('',(0.,0.,1.));
#3240 = DIRECTION('',(1.,0.,0.));
#3241 = ORIENTED_EDGE('',*,*,#3242,.F.);
#3242 = EDGE_CURVE('',#3243,#3234,#3245,.T.);
#3243 = VERTEX_POINT('',#3244);
#3244 = CARTESIAN_POINT('',(-31.5,-4.5,-44.));
#3245 = LINE('',#3246,#3247);
#3246 = CARTESIAN_POINT('',(-31.5,-4.5,45.));
#3247 = VECTOR('',#3248,1.);
#3248 = DIRECTION('',(0.,0.,1.));
#3249 = ORIENTED_EDGE('',*,*,#3250,.T.);
#3250 = EDGE_CURVE('',#3243,#3199,#3251,.T.);
#3251 = CIRCLE('',#3252,4.5);
#3252 = AXIS2_PLACEMENT_3D('',#3253,#3254,#3255);
#3253 = CARTESIAN_POINT('',(-31.5,0.,-44.));
#3254 = DIRECTION('',(-0.,0.,1.));
#3255 = DIRECTION('',(0.,-1.,0.));
#3256 = ORIENTED_EDGE('',*,*,#3208,.T.);
#3257 = CYLINDRICAL_SURFACE('',#3258,4.5);
#3258 = AXIS2_PLACEMENT_3D('',#3259,#3260,#3261);
#3259 = CARTESIAN_POINT('',(-31.5,0.,45.));
#3260 = DIRECTION('',(0.,0.,1.));
#3261 = DIRECTION('',(1.,0.,0.));
#3262 = ADVANCED_FACE('',(#3263),#3283,.T.);
#3263 = FACE_BOUND('',#3264,.F.);
#3264 = EDGE_LOOP('',(#3265,#3266,#3275,#3281,#3282));
#3265 = ORIENTED_EDGE('',*,*,#1040,.F.);
#3266 = ORIENTED_EDGE('',*,*,#3267,.F.);
#3267 = EDGE_CURVE('',#3268,#1041,#3270,.T.);
#3268 = VERTEX_POINT('',#3269);
#3269 = CARTESIAN_POINT('',(-31.5,-7.55,-22.55));
#3270 = CIRCLE('',#3271,7.55);
#3271 = AXIS2_PLACEMENT_3D('',#3272,#3273,#3274);
#3272 = CARTESIAN_POINT('',(-31.5,0.,-22.55));
#3273 = DIRECTION('',(0.,0.,1.));
#3274 = DIRECTION('',(1.,0.,0.));
#3275 = ORIENTED_EDGE('',*,*,#3276,.F.);
#3276 = EDGE_CURVE('',#3234,#3268,#3277,.T.);
#3277 = LINE('',#3278,#3279);
#3278 = CARTESIAN_POINT('',(-31.5,21.5,-22.55));
#3279 = VECTOR('',#3280,1.);
#3280 = DIRECTION('',(-2.2E-16,-1.,-0.));
#3281 = ORIENTED_EDGE('',*,*,#3233,.T.);
#3282 = ORIENTED_EDGE('',*,*,#3224,.T.);
#3283 = PLANE('',#3284);
#3284 = AXIS2_PLACEMENT_3D('',#3285,#3286,#3287);
#3285 = CARTESIAN_POINT('',(-31.5,21.5,-22.55));
#3286 = DIRECTION('',(-2.2E-16,0.,1.));
#3287 = DIRECTION('',(2.2E-16,1.,4.84E-32));
#3288 = ADVANCED_FACE('',(#3289,#3343),#3354,.T.);
#3289 = FACE_BOUND('',#3290,.T.);
#3290 = EDGE_LOOP('',(#3291,#3292,#3293,#3294,#3303,#3312,#3320,#3328,
    #3336));
#3291 = ORIENTED_EDGE('',*,*,#1224,.T.);
#3292 = ORIENTED_EDGE('',*,*,#1183,.T.);
#3293 = ORIENTED_EDGE('',*,*,#1080,.T.);
#3294 = ORIENTED_EDGE('',*,*,#3295,.F.);
#3295 = EDGE_CURVE('',#3296,#1073,#3298,.T.);
#3296 = VERTEX_POINT('',#3297);
#3297 = CARTESIAN_POINT('',(-26.,-1.E-15,45.));
#3298 = CIRCLE('',#3299,5.5);
#3299 = AXIS2_PLACEMENT_3D('',#3300,#3301,#3302);
#3300 = CARTESIAN_POINT('',(-31.5,0.,45.));
#3301 = DIRECTION('',(0.,0.,1.));
#3302 = DIRECTION('',(1.,0.,0.));
#3303 = ORIENTED_EDGE('',*,*,#3304,.F.);
#3304 = EDGE_CURVE('',#3305,#3296,#3307,.T.);
#3305 = VERTEX_POINT('',#3306);
#3306 = CARTESIAN_POINT('',(-31.5,-5.5,45.));
#3307 = CIRCLE('',#3308,5.5);
#3308 = AXIS2_PLACEMENT_3D('',#3309,#3310,#3311);
#3309 = CARTESIAN_POINT('',(-31.5,0.,45.));
#3310 = DIRECTION('',(-0.,0.,1.));
#3311 = DIRECTION('',(7.9E-16,-1.,0.));
#3312 = ORIENTED_EDGE('',*,*,#3313,.T.);
#3313 = EDGE_CURVE('',#3305,#3314,#3316,.T.);
#3314 = VERTEX_POINT('',#3315);
#3315 = CARTESIAN_POINT('',(-31.5,-20.5,45.));
#3316 = LINE('',#3317,#3318);
#3317 = CARTESIAN_POINT('',(-31.5,21.5,45.));
#3318 = VECTOR('',#3319,1.);
#3319 = DIRECTION('',(0.,-1.,0.));
#3320 = ORIENTED_EDGE('',*,*,#3321,.T.);
#3321 = EDGE_CURVE('',#3314,#3322,#3324,.T.);
#3322 = VERTEX_POINT('',#3323);
#3323 = CARTESIAN_POINT('',(31.5,-20.5,45.));
#3324 = LINE('',#3325,#3326);
#3325 = CARTESIAN_POINT('',(-31.5,-20.5,45.));
#3326 = VECTOR('',#3327,1.);
#3327 = DIRECTION('',(1.,0.,0.));
#3328 = ORIENTED_EDGE('',*,*,#3329,.T.);
#3329 = EDGE_CURVE('',#3322,#3330,#3332,.T.);
#3330 = VERTEX_POINT('',#3331);
#3331 = CARTESIAN_POINT('',(31.5,-5.5,45.));
#3332 = LINE('',#3333,#3334);
#3333 = CARTESIAN_POINT('',(31.5,-21.5,45.));
#3334 = VECTOR('',#3335,1.);
#3335 = DIRECTION('',(0.,1.,0.));
#3336 = ORIENTED_EDGE('',*,*,#3337,.F.);
#3337 = EDGE_CURVE('',#1225,#3330,#3338,.T.);
#3338 = CIRCLE('',#3339,5.5);
#3339 = AXIS2_PLACEMENT_3D('',#3340,#3341,#3342);
#3340 = CARTESIAN_POINT('',(31.5,0.,45.));
#3341 = DIRECTION('',(0.,-0.,1.));
#3342 = DIRECTION('',(1.58E-15,1.,0.));
#3343 = FACE_BOUND('',#3344,.T.);
#3344 = EDGE_LOOP('',(#3345));
#3345 = ORIENTED_EDGE('',*,*,#3346,.F.);
#3346 = EDGE_CURVE('',#3347,#3347,#3349,.T.);
#3347 = VERTEX_POINT('',#3348);
#3348 = CARTESIAN_POINT('',(13.,0.,45.));
#3349 = CIRCLE('',#3350,13.);
#3350 = AXIS2_PLACEMENT_3D('',#3351,#3352,#3353);
#3351 = CARTESIAN_POINT('',(0.,0.,45.));
#3352 = DIRECTION('',(0.,0.,1.));
#3353 = DIRECTION('',(1.,0.,0.));
#3354 = PLANE('',#3355);
#3355 = AXIS2_PLACEMENT_3D('',#3356,#3357,#3358);
#3356 = CARTESIAN_POINT('',(1.07E-15,2.15E-15,45.));
#3357 = DIRECTION('',(0.,0.,1.));
#3358 = DIRECTION('',(1.,0.,0.));
#3359 = ADVANCED_FACE('',(#3360),#3379,.F.);
#3360 = FACE_BOUND('',#3361,.F.);
#3361 = EDGE_LOOP('',(#3362,#3370,#3371,#3372));
#3362 = ORIENTED_EDGE('',*,*,#3363,.F.);
#3363 = EDGE_CURVE('',#3268,#3364,#3366,.T.);
#3364 = VERTEX_POINT('',#3365);
#3365 = CARTESIAN_POINT('',(-31.5,-7.55,22.55));
#3366 = LINE('',#3367,#3368);
#3367 = CARTESIAN_POINT('',(-31.5,-7.55,45.));
#3368 = VECTOR('',#3369,1.);
#3369 = DIRECTION('',(0.,0.,1.));
#3370 = ORIENTED_EDGE('',*,*,#3267,.T.);
#3371 = ORIENTED_EDGE('',*,*,#1048,.T.);
#3372 = ORIENTED_EDGE('',*,*,#3373,.F.);
#3373 = EDGE_CURVE('',#3364,#1049,#3374,.T.);
#3374 = CIRCLE('',#3375,7.55);
#3375 = AXIS2_PLACEMENT_3D('',#3376,#3377,#3378);
#3376 = CARTESIAN_POINT('',(-31.5,0.,22.55));
#3377 = DIRECTION('',(0.,0.,1.));
#3378 = DIRECTION('',(1.,0.,0.));
#3379 = CYLINDRICAL_SURFACE('',#3380,7.55);
#3380 = AXIS2_PLACEMENT_3D('',#3381,#3382,#3383);
#3381 = CARTESIAN_POINT('',(-31.5,0.,45.));
#3382 = DIRECTION('',(0.,0.,1.));
#3383 = DIRECTION('',(1.,0.,0.));
#3384 = ADVANCED_FACE('',(#3385),#3404,.F.);
#3385 = FACE_BOUND('',#3386,.T.);
#3386 = EDGE_LOOP('',(#3387,#3395,#3396,#3397));
#3387 = ORIENTED_EDGE('',*,*,#3388,.F.);
#3388 = EDGE_CURVE('',#3296,#3389,#3391,.T.);
#3389 = VERTEX_POINT('',#3390);
#3390 = CARTESIAN_POINT('',(-27.,-1.E-15,44.));
#3391 = LINE('',#3392,#3393);
#3392 = CARTESIAN_POINT('',(-27.,-7.2E-16,44.));
#3393 = VECTOR('',#3394,1.);
#3394 = DIRECTION('',(-0.707106781187,1.1E-16,-0.707106781187));
#3395 = ORIENTED_EDGE('',*,*,#3295,.T.);
#3396 = ORIENTED_EDGE('',*,*,#1072,.T.);
#3397 = ORIENTED_EDGE('',*,*,#3398,.F.);
#3398 = EDGE_CURVE('',#3389,#1065,#3399,.T.);
#3399 = CIRCLE('',#3400,4.5);
#3400 = AXIS2_PLACEMENT_3D('',#3401,#3402,#3403);
#3401 = CARTESIAN_POINT('',(-31.5,0.,44.));
#3402 = DIRECTION('',(0.,0.,1.));
#3403 = DIRECTION('',(1.,0.,0.));
#3404 = CONICAL_SURFACE('',#3405,4.5,0.785398163397);
#3405 = AXIS2_PLACEMENT_3D('',#3406,#3407,#3408);
#3406 = CARTESIAN_POINT('',(-31.5,0.,44.));
#3407 = DIRECTION('',(0.,0.,1.));
#3408 = DIRECTION('',(1.,0.,0.));
#3409 = ADVANCED_FACE('',(#3410),#3438,.T.);
#3410 = FACE_BOUND('',#3411,.F.);
#3411 = EDGE_LOOP('',(#3412,#3420,#3421,#3422,#3431));
#3412 = ORIENTED_EDGE('',*,*,#3413,.F.);
#3413 = EDGE_CURVE('',#3364,#3414,#3416,.T.);
#3414 = VERTEX_POINT('',#3415);
#3415 = CARTESIAN_POINT('',(-31.5,-4.5,22.55));
#3416 = LINE('',#3417,#3418);
#3417 = CARTESIAN_POINT('',(-31.5,-21.5,22.55));
#3418 = VECTOR('',#3419,1.);
#3419 = DIRECTION('',(2.2E-16,1.,0.));
#3420 = ORIENTED_EDGE('',*,*,#3373,.T.);
#3421 = ORIENTED_EDGE('',*,*,#1056,.F.);
#3422 = ORIENTED_EDGE('',*,*,#3423,.F.);
#3423 = EDGE_CURVE('',#3424,#1057,#3426,.T.);
#3424 = VERTEX_POINT('',#3425);
#3425 = CARTESIAN_POINT('',(-27.,0.,22.55));
#3426 = CIRCLE('',#3427,4.5);
#3427 = AXIS2_PLACEMENT_3D('',#3428,#3429,#3430);
#3428 = CARTESIAN_POINT('',(-31.5,0.,22.55));
#3429 = DIRECTION('',(0.,0.,1.));
#3430 = DIRECTION('',(1.,0.,0.));
#3431 = ORIENTED_EDGE('',*,*,#3432,.F.);
#3432 = EDGE_CURVE('',#3414,#3424,#3433,.T.);
#3433 = CIRCLE('',#3434,4.5);
#3434 = AXIS2_PLACEMENT_3D('',#3435,#3436,#3437);
#3435 = CARTESIAN_POINT('',(-31.5,0.,22.55));
#3436 = DIRECTION('',(0.,0.,1.));
#3437 = DIRECTION('',(1.,0.,0.));
#3438 = PLANE('',#3439);
#3439 = AXIS2_PLACEMENT_3D('',#3440,#3441,#3442);
#3440 = CARTESIAN_POINT('',(-31.5,-21.5,22.55));
#3441 = DIRECTION('',(2.2E-16,0.,-1.));
#3442 = DIRECTION('',(-2.2E-16,-1.,-4.84E-32));
#3443 = ADVANCED_FACE('',(#3444),#3465,.F.);
#3444 = FACE_BOUND('',#3445,.F.);
#3445 = EDGE_LOOP('',(#3446,#3447,#3448,#3457,#3463,#3464));
#3446 = ORIENTED_EDGE('',*,*,#1064,.T.);
#3447 = ORIENTED_EDGE('',*,*,#3398,.F.);
#3448 = ORIENTED_EDGE('',*,*,#3449,.F.);
#3449 = EDGE_CURVE('',#3450,#3389,#3452,.T.);
#3450 = VERTEX_POINT('',#3451);
#3451 = CARTESIAN_POINT('',(-31.5,-4.5,44.));
#3452 = CIRCLE('',#3453,4.5);
#3453 = AXIS2_PLACEMENT_3D('',#3454,#3455,#3456);
#3454 = CARTESIAN_POINT('',(-31.5,0.,44.));
#3455 = DIRECTION('',(-0.,0.,1.));
#3456 = DIRECTION('',(7.9E-16,-1.,0.));
#3457 = ORIENTED_EDGE('',*,*,#3458,.F.);
#3458 = EDGE_CURVE('',#3414,#3450,#3459,.T.);
#3459 = LINE('',#3460,#3461);
#3460 = CARTESIAN_POINT('',(-31.5,-4.5,45.));
#3461 = VECTOR('',#3462,1.);
#3462 = DIRECTION('',(0.,0.,1.));
#3463 = ORIENTED_EDGE('',*,*,#3432,.T.);
#3464 = ORIENTED_EDGE('',*,*,#3423,.T.);
#3465 = CYLINDRICAL_SURFACE('',#3466,4.5);
#3466 = AXIS2_PLACEMENT_3D('',#3467,#3468,#3469);
#3467 = CARTESIAN_POINT('',(-31.5,0.,45.));
#3468 = DIRECTION('',(0.,0.,1.));
#3469 = DIRECTION('',(1.,0.,0.));
#3470 = ADVANCED_FACE('',(#3471),#3499,.F.);
#3471 = FACE_BOUND('',#3472,.T.);
#3472 = EDGE_LOOP('',(#3473,#3484,#3491,#3496,#3497,#3498));
#3473 = ORIENTED_EDGE('',*,*,#3474,.F.);
#3474 = EDGE_CURVE('',#3475,#3477,#3479,.T.);
#3475 = VERTEX_POINT('',#3476);
#3476 = CARTESIAN_POINT('',(-16.5,13.5,24.));
#3477 = VERTEX_POINT('',#3478);
#3478 = CARTESIAN_POINT('',(-16.5,16.5,24.));
#3479 = CIRCLE('',#3480,1.5);
#3480 = AXIS2_PLACEMENT_3D('',#3481,#3482,#3483);
#3481 = CARTESIAN_POINT('',(-16.5,15.,24.));
#3482 = DIRECTION('',(-1.,-2.2E-16,-2.2E-16));
#3483 = DIRECTION('',(2.2E-16,-1.,-4.4E-16));
#3484 = ORIENTED_EDGE('',*,*,#3485,.F.);
#3485 = EDGE_CURVE('',#3477,#3475,#3486,.T.);
#3486 = CIRCLE('',#3487,1.5);
#3487 = AXIS2_PLACEMENT_3D('',#3488,#3489,#3490);
#3488 = CARTESIAN_POINT('',(-16.5,15.,24.));
#3489 = DIRECTION('',(-1.,-2.2E-16,-2.2E-16));
#3490 = DIRECTION('',(2.2E-16,-1.,-4.4E-16));
#3491 = ORIENTED_EDGE('',*,*,#3492,.T.);
#3492 = EDGE_CURVE('',#3477,#1106,#3493,.T.);
#3493 = B_SPLINE_CURVE_WITH_KNOTS('',1,(#3494,#3495),.UNSPECIFIED.,.F.,
  .F.,(2,2),(-14.99999999999,0.),.PIECEWISE_BEZIER_KNOTS.);
#3494 = CARTESIAN_POINT('',(-16.5,16.5,24.));
#3495 = CARTESIAN_POINT('',(-31.5,16.5,24.));
#3496 = ORIENTED_EDGE('',*,*,#1103,.F.);
#3497 = ORIENTED_EDGE('',*,*,#1114,.F.);
#3498 = ORIENTED_EDGE('',*,*,#3492,.F.);
#3499 = CYLINDRICAL_SURFACE('',#3500,1.5);
#3500 = AXIS2_PLACEMENT_3D('',#3501,#3502,#3503);
#3501 = CARTESIAN_POINT('',(-31.5,15.,24.));
#3502 = DIRECTION('',(-1.,2.2E-16,-2.2E-16));
#3503 = DIRECTION('',(2.2E-16,1.,0.));
#3504 = ADVANCED_FACE('',(#3505),#3517,.F.);
#3505 = FACE_BOUND('',#3506,.T.);
#3506 = EDGE_LOOP('',(#3507,#3508,#3509,#3514,#3515,#3516));
#3507 = ORIENTED_EDGE('',*,*,#2987,.F.);
#3508 = ORIENTED_EDGE('',*,*,#2998,.F.);
#3509 = ORIENTED_EDGE('',*,*,#3510,.T.);
#3510 = EDGE_CURVE('',#2990,#1126,#3511,.T.);
#3511 = B_SPLINE_CURVE_WITH_KNOTS('',1,(#3512,#3513),.UNSPECIFIED.,.F.,
  .F.,(2,2),(-15.,0.),.PIECEWISE_BEZIER_KNOTS.);
#3512 = CARTESIAN_POINT('',(-16.5,16.5,-24.));
#3513 = CARTESIAN_POINT('',(-31.5,16.5,-24.));
#3514 = ORIENTED_EDGE('',*,*,#1123,.F.);
#3515 = ORIENTED_EDGE('',*,*,#1134,.F.);
#3516 = ORIENTED_EDGE('',*,*,#3510,.F.);
#3517 = CYLINDRICAL_SURFACE('',#3518,1.5);
#3518 = AXIS2_PLACEMENT_3D('',#3519,#3520,#3521);
#3519 = CARTESIAN_POINT('',(-31.5,15.,-24.));
#3520 = DIRECTION('',(-1.,2.2E-16,-2.2E-16));
#3521 = DIRECTION('',(2.2E-16,1.,0.));
#3522 = ADVANCED_FACE('',(#3523),#3550,.F.);
#3523 = FACE_BOUND('',#3524,.F.);
#3524 = EDGE_LOOP('',(#3525,#3526,#3535,#3543));
#3525 = ORIENTED_EDGE('',*,*,#1197,.F.);
#3526 = ORIENTED_EDGE('',*,*,#3527,.T.);
#3527 = EDGE_CURVE('',#1198,#3528,#3530,.T.);
#3528 = VERTEX_POINT('',#3529);
#3529 = CARTESIAN_POINT('',(31.5,-4.5,-44.));
#3530 = CIRCLE('',#3531,4.5);
#3531 = AXIS2_PLACEMENT_3D('',#3532,#3533,#3534);
#3532 = CARTESIAN_POINT('',(31.5,0.,-44.));
#3533 = DIRECTION('',(0.,-0.,1.));
#3534 = DIRECTION('',(0.,1.,0.));
#3535 = ORIENTED_EDGE('',*,*,#3536,.T.);
#3536 = EDGE_CURVE('',#3528,#3537,#3539,.T.);
#3537 = VERTEX_POINT('',#3538);
#3538 = CARTESIAN_POINT('',(31.5,-4.5,-22.55));
#3539 = LINE('',#3540,#3541);
#3540 = CARTESIAN_POINT('',(31.5,-4.5,45.));
#3541 = VECTOR('',#3542,1.);
#3542 = DIRECTION('',(0.,0.,1.));
#3543 = ORIENTED_EDGE('',*,*,#3544,.F.);
#3544 = EDGE_CURVE('',#1200,#3537,#3545,.T.);
#3545 = CIRCLE('',#3546,4.5);
#3546 = AXIS2_PLACEMENT_3D('',#3547,#3548,#3549);
#3547 = CARTESIAN_POINT('',(31.5,0.,-22.55));
#3548 = DIRECTION('',(0.,0.,1.));
#3549 = DIRECTION('',(1.,0.,0.));
#3550 = CYLINDRICAL_SURFACE('',#3551,4.5);
#3551 = AXIS2_PLACEMENT_3D('',#3552,#3553,#3554);
#3552 = CARTESIAN_POINT('',(31.5,0.,45.));
#3553 = DIRECTION('',(0.,0.,1.));
#3554 = DIRECTION('',(1.,0.,0.));
#3555 = ADVANCED_FACE('',(#3556),#3567,.F.);
#3556 = FACE_BOUND('',#3557,.F.);
#3557 = EDGE_LOOP('',(#3558,#3559,#3560,#3566));
#3558 = ORIENTED_EDGE('',*,*,#1207,.F.);
#3559 = ORIENTED_EDGE('',*,*,#3130,.T.);
#3560 = ORIENTED_EDGE('',*,*,#3561,.T.);
#3561 = EDGE_CURVE('',#3131,#3528,#3562,.T.);
#3562 = LINE('',#3563,#3564);
#3563 = CARTESIAN_POINT('',(31.5,0.,-39.5));
#3564 = VECTOR('',#3565,1.);
#3565 = DIRECTION('',(0.,0.707106781187,0.707106781187));
#3566 = ORIENTED_EDGE('',*,*,#3527,.F.);
#3567 = CONICAL_SURFACE('',#3568,4.5,0.785398163397);
#3568 = AXIS2_PLACEMENT_3D('',#3569,#3570,#3571);
#3569 = CARTESIAN_POINT('',(31.5,0.,-44.));
#3570 = DIRECTION('',(-0.,-0.,-1.));
#3571 = DIRECTION('',(0.,1.,0.));
#3572 = ADVANCED_FACE('',(#3573),#3592,.T.);
#3573 = FACE_BOUND('',#3574,.T.);
#3574 = EDGE_LOOP('',(#3575,#3576,#3585,#3591));
#3575 = ORIENTED_EDGE('',*,*,#1264,.F.);
#3576 = ORIENTED_EDGE('',*,*,#3577,.T.);
#3577 = EDGE_CURVE('',#1257,#3578,#3580,.T.);
#3578 = VERTEX_POINT('',#3579);
#3579 = CARTESIAN_POINT('',(31.5,-7.55,-22.55));
#3580 = CIRCLE('',#3581,7.55);
#3581 = AXIS2_PLACEMENT_3D('',#3582,#3583,#3584);
#3582 = CARTESIAN_POINT('',(31.5,0.,-22.55));
#3583 = DIRECTION('',(0.,0.,1.));
#3584 = DIRECTION('',(1.,0.,0.));
#3585 = ORIENTED_EDGE('',*,*,#3586,.F.);
#3586 = EDGE_CURVE('',#3537,#3578,#3587,.T.);
#3587 = LINE('',#3588,#3589);
#3588 = CARTESIAN_POINT('',(31.5,21.5,-22.55));
#3589 = VECTOR('',#3590,1.);
#3590 = DIRECTION('',(0.,-1.,0.));
#3591 = ORIENTED_EDGE('',*,*,#3544,.F.);
#3592 = PLANE('',#3593);
#3593 = AXIS2_PLACEMENT_3D('',#3594,#3595,#3596);
#3594 = CARTESIAN_POINT('',(31.5,21.5,-22.55));
#3595 = DIRECTION('',(0.,0.,1.));
#3596 = DIRECTION('',(0.,-1.,0.));
#3597 = ADVANCED_FACE('',(#3598),#3617,.F.);
#3598 = FACE_BOUND('',#3599,.F.);
#3599 = EDGE_LOOP('',(#3600,#3609,#3610,#3611));
#3600 = ORIENTED_EDGE('',*,*,#3601,.F.);
#3601 = EDGE_CURVE('',#1249,#3602,#3604,.T.);
#3602 = VERTEX_POINT('',#3603);
#3603 = CARTESIAN_POINT('',(31.5,-7.55,22.55));
#3604 = CIRCLE('',#3605,7.55);
#3605 = AXIS2_PLACEMENT_3D('',#3606,#3607,#3608);
#3606 = CARTESIAN_POINT('',(31.5,0.,22.55));
#3607 = DIRECTION('',(0.,0.,1.));
#3608 = DIRECTION('',(1.,0.,0.));
#3609 = ORIENTED_EDGE('',*,*,#1256,.F.);
#3610 = ORIENTED_EDGE('',*,*,#3577,.T.);
#3611 = ORIENTED_EDGE('',*,*,#3612,.T.);
#3612 = EDGE_CURVE('',#3578,#3602,#3613,.T.);
#3613 = LINE('',#3614,#3615);
#3614 = CARTESIAN_POINT('',(31.5,-7.55,45.));
#3615 = VECTOR('',#3616,1.);
#3616 = DIRECTION('',(0.,0.,1.));
#3617 = CYLINDRICAL_SURFACE('',#3618,7.55);
#3618 = AXIS2_PLACEMENT_3D('',#3619,#3620,#3621);
#3619 = CARTESIAN_POINT('',(31.5,0.,45.));
#3620 = DIRECTION('',(0.,0.,1.));
#3621 = DIRECTION('',(1.,0.,0.));
#3622 = ADVANCED_FACE('',(#3623),#3642,.T.);
#3623 = FACE_BOUND('',#3624,.T.);
#3624 = EDGE_LOOP('',(#3625,#3633,#3634,#3635));
#3625 = ORIENTED_EDGE('',*,*,#3626,.F.);
#3626 = EDGE_CURVE('',#3602,#3627,#3629,.T.);
#3627 = VERTEX_POINT('',#3628);
#3628 = CARTESIAN_POINT('',(31.5,-4.5,22.55));
#3629 = LINE('',#3630,#3631);
#3630 = CARTESIAN_POINT('',(31.5,-21.5,22.55));
#3631 = VECTOR('',#3632,1.);
#3632 = DIRECTION('',(0.,1.,0.));
#3633 = ORIENTED_EDGE('',*,*,#3601,.F.);
#3634 = ORIENTED_EDGE('',*,*,#1248,.F.);
#3635 = ORIENTED_EDGE('',*,*,#3636,.T.);
#3636 = EDGE_CURVE('',#1241,#3627,#3637,.T.);
#3637 = CIRCLE('',#3638,4.5);
#3638 = AXIS2_PLACEMENT_3D('',#3639,#3640,#3641);
#3639 = CARTESIAN_POINT('',(31.5,0.,22.55));
#3640 = DIRECTION('',(0.,0.,1.));
#3641 = DIRECTION('',(1.,0.,0.));
#3642 = PLANE('',#3643);
#3643 = AXIS2_PLACEMENT_3D('',#3644,#3645,#3646);
#3644 = CARTESIAN_POINT('',(31.5,-21.5,22.55));
#3645 = DIRECTION('',(0.,0.,-1.));
#3646 = DIRECTION('',(0.,1.,0.));
#3647 = ADVANCED_FACE('',(#3648),#3667,.F.);
#3648 = FACE_BOUND('',#3649,.F.);
#3649 = EDGE_LOOP('',(#3650,#3658,#3665,#3666));
#3650 = ORIENTED_EDGE('',*,*,#3651,.T.);
#3651 = EDGE_CURVE('',#3627,#3652,#3654,.T.);
#3652 = VERTEX_POINT('',#3653);
#3653 = CARTESIAN_POINT('',(31.5,-4.5,44.));
#3654 = LINE('',#3655,#3656);
#3655 = CARTESIAN_POINT('',(31.5,-4.5,45.));
#3656 = VECTOR('',#3657,1.);
#3657 = DIRECTION('',(0.,0.,1.));
#3658 = ORIENTED_EDGE('',*,*,#3659,.F.);
#3659 = EDGE_CURVE('',#1233,#3652,#3660,.T.);
#3660 = CIRCLE('',#3661,4.5);
#3661 = AXIS2_PLACEMENT_3D('',#3662,#3663,#3664);
#3662 = CARTESIAN_POINT('',(31.5,0.,44.));
#3663 = DIRECTION('',(0.,-0.,1.));
#3664 = DIRECTION('',(1.58E-15,1.,0.));
#3665 = ORIENTED_EDGE('',*,*,#1240,.F.);
#3666 = ORIENTED_EDGE('',*,*,#3636,.T.);
#3667 = CYLINDRICAL_SURFACE('',#3668,4.5);
#3668 = AXIS2_PLACEMENT_3D('',#3669,#3670,#3671);
#3669 = CARTESIAN_POINT('',(31.5,0.,45.));
#3670 = DIRECTION('',(0.,0.,1.));
#3671 = DIRECTION('',(1.,0.,0.));
#3672 = ADVANCED_FACE('',(#3673),#3684,.F.);
#3673 = FACE_BOUND('',#3674,.T.);
#3674 = EDGE_LOOP('',(#3675,#3676,#3677,#3683));
#3675 = ORIENTED_EDGE('',*,*,#1232,.F.);
#3676 = ORIENTED_EDGE('',*,*,#3337,.T.);
#3677 = ORIENTED_EDGE('',*,*,#3678,.T.);
#3678 = EDGE_CURVE('',#3330,#3652,#3679,.T.);
#3679 = LINE('',#3680,#3681);
#3680 = CARTESIAN_POINT('',(31.5,0.,39.5));
#3681 = VECTOR('',#3682,1.);
#3682 = DIRECTION('',(0.,0.707106781187,-0.707106781187));
#3683 = ORIENTED_EDGE('',*,*,#3659,.F.);
#3684 = CONICAL_SURFACE('',#3685,4.5,0.785398163397);
#3685 = AXIS2_PLACEMENT_3D('',#3686,#3687,#3688);
#3686 = CARTESIAN_POINT('',(31.5,0.,44.));
#3687 = DIRECTION('',(0.,0.,1.));
#3688 = DIRECTION('',(1.58E-15,1.,0.));
#3689 = ADVANCED_FACE('',(#3690),#3718,.F.);
#3690 = FACE_BOUND('',#3691,.F.);
#3691 = EDGE_LOOP('',(#3692,#3693,#3700,#3709,#3716,#3717));
#3692 = ORIENTED_EDGE('',*,*,#1272,.F.);
#3693 = ORIENTED_EDGE('',*,*,#3694,.F.);
#3694 = EDGE_CURVE('',#3695,#1273,#3697,.T.);
#3695 = VERTEX_POINT('',#3696);
#3696 = CARTESIAN_POINT('',(16.5,16.5,-24.));
#3697 = B_SPLINE_CURVE_WITH_KNOTS('',1,(#3698,#3699),.UNSPECIFIED.,.F.,
  .F.,(2,2),(-15.,0.),.PIECEWISE_BEZIER_KNOTS.);
#3698 = CARTESIAN_POINT('',(16.5,16.5,-24.));
#3699 = CARTESIAN_POINT('',(31.5,16.5,-24.));
#3700 = ORIENTED_EDGE('',*,*,#3701,.T.);
#3701 = EDGE_CURVE('',#3695,#3702,#3704,.T.);
#3702 = VERTEX_POINT('',#3703);
#3703 = CARTESIAN_POINT('',(16.5,13.5,-24.));
#3704 = CIRCLE('',#3705,1.5);
#3705 = AXIS2_PLACEMENT_3D('',#3706,#3707,#3708);
#3706 = CARTESIAN_POINT('',(16.5,15.,-24.));
#3707 = DIRECTION('',(1.,0.,0.));
#3708 = DIRECTION('',(0.,1.,0.));
#3709 = ORIENTED_EDGE('',*,*,#3710,.T.);
#3710 = EDGE_CURVE('',#3702,#3695,#3711,.T.);
#3711 = CIRCLE('',#3712,1.5);
#3712 = AXIS2_PLACEMENT_3D('',#3713,#3714,#3715);
#3713 = CARTESIAN_POINT('',(16.5,15.,-24.));
#3714 = DIRECTION('',(1.,0.,0.));
#3715 = DIRECTION('',(0.,1.,0.));
#3716 = ORIENTED_EDGE('',*,*,#3694,.T.);
#3717 = ORIENTED_EDGE('',*,*,#1283,.F.);
#3718 = CYLINDRICAL_SURFACE('',#3719,1.5);
#3719 = AXIS2_PLACEMENT_3D('',#3720,#3721,#3722);
#3720 = CARTESIAN_POINT('',(31.5,15.,-24.));
#3721 = DIRECTION('',(1.,0.,0.));
#3722 = DIRECTION('',(0.,1.,0.));
#3723 = ADVANCED_FACE('',(#3724),#3752,.F.);
#3724 = FACE_BOUND('',#3725,.F.);
#3725 = EDGE_LOOP('',(#3726,#3737,#3744,#3749,#3750,#3751));
#3726 = ORIENTED_EDGE('',*,*,#3727,.T.);
#3727 = EDGE_CURVE('',#3728,#3730,#3732,.T.);
#3728 = VERTEX_POINT('',#3729);
#3729 = CARTESIAN_POINT('',(16.5,16.5,24.));
#3730 = VERTEX_POINT('',#3731);
#3731 = CARTESIAN_POINT('',(16.5,13.5,24.));
#3732 = CIRCLE('',#3733,1.5);
#3733 = AXIS2_PLACEMENT_3D('',#3734,#3735,#3736);
#3734 = CARTESIAN_POINT('',(16.5,15.,24.));
#3735 = DIRECTION('',(1.,0.,0.));
#3736 = DIRECTION('',(0.,1.,0.));
#3737 = ORIENTED_EDGE('',*,*,#3738,.T.);
#3738 = EDGE_CURVE('',#3730,#3728,#3739,.T.);
#3739 = CIRCLE('',#3740,1.5);
#3740 = AXIS2_PLACEMENT_3D('',#3741,#3742,#3743);
#3741 = CARTESIAN_POINT('',(16.5,15.,24.));
#3742 = DIRECTION('',(1.,0.,0.));
#3743 = DIRECTION('',(0.,1.,0.));
#3744 = ORIENTED_EDGE('',*,*,#3745,.T.);
#3745 = EDGE_CURVE('',#3728,#1293,#3746,.T.);
#3746 = B_SPLINE_CURVE_WITH_KNOTS('',1,(#3747,#3748),.UNSPECIFIED.,.F.,
  .F.,(2,2),(-15.,0.),.PIECEWISE_BEZIER_KNOTS.);
#3747 = CARTESIAN_POINT('',(16.5,16.5,24.));
#3748 = CARTESIAN_POINT('',(31.5,16.5,24.));
#3749 = ORIENTED_EDGE('',*,*,#1303,.F.);
#3750 = ORIENTED_EDGE('',*,*,#1292,.F.);
#3751 = ORIENTED_EDGE('',*,*,#3745,.F.);
#3752 = CYLINDRICAL_SURFACE('',#3753,1.5);
#3753 = AXIS2_PLACEMENT_3D('',#3754,#3755,#3756);
#3754 = CARTESIAN_POINT('',(31.5,15.,24.));
#3755 = DIRECTION('',(1.,0.,0.));
#3756 = DIRECTION('',(0.,1.,0.));
#3757 = ADVANCED_FACE('',(#3758,#3792),#3795,.F.);
#3758 = FACE_BOUND('',#3759,.F.);
#3759 = EDGE_LOOP('',(#3760,#3770,#3778,#3786));
#3760 = ORIENTED_EDGE('',*,*,#3761,.F.);
#3761 = EDGE_CURVE('',#3762,#3764,#3766,.T.);
#3762 = VERTEX_POINT('',#3763);
#3763 = CARTESIAN_POINT('',(-23.54999999999,-18.5,-33.45));
#3764 = VERTEX_POINT('',#3765);
#3765 = CARTESIAN_POINT('',(-23.54999999999,-18.5,-41.54999999999));
#3766 = LINE('',#3767,#3768);
#3767 = CARTESIAN_POINT('',(-23.54999999999,-18.5,-33.45));
#3768 = VECTOR('',#3769,1.);
#3769 = DIRECTION('',(0.,0.,-1.));
#3770 = ORIENTED_EDGE('',*,*,#3771,.F.);
#3771 = EDGE_CURVE('',#3772,#3762,#3774,.T.);
#3772 = VERTEX_POINT('',#3773);
#3773 = CARTESIAN_POINT('',(-15.45,-18.5,-33.45));
#3774 = LINE('',#3775,#3776);
#3775 = CARTESIAN_POINT('',(-15.45,-18.5,-33.45));
#3776 = VECTOR('',#3777,1.);
#3777 = DIRECTION('',(-1.,0.,0.));
#3778 = ORIENTED_EDGE('',*,*,#3779,.F.);
#3779 = EDGE_CURVE('',#3780,#3772,#3782,.T.);
#3780 = VERTEX_POINT('',#3781);
#3781 = CARTESIAN_POINT('',(-15.45,-18.5,-41.54999999999));
#3782 = LINE('',#3783,#3784);
#3783 = CARTESIAN_POINT('',(-15.45,-18.5,-41.54999999999));
#3784 = VECTOR('',#3785,1.);
#3785 = DIRECTION('',(0.,0.,1.));
#3786 = ORIENTED_EDGE('',*,*,#3787,.F.);
#3787 = EDGE_CURVE('',#3764,#3780,#3788,.T.);
#3788 = LINE('',#3789,#3790);
#3789 = CARTESIAN_POINT('',(-23.54999999999,-18.5,-41.54999999999));
#3790 = VECTOR('',#3791,1.);
#3791 = DIRECTION('',(1.,0.,0.));
#3792 = FACE_BOUND('',#3793,.F.);
#3793 = EDGE_LOOP('',(#3794));
#3794 = ORIENTED_EDGE('',*,*,#1318,.T.);
#3795 = PLANE('',#3796);
#3796 = AXIS2_PLACEMENT_3D('',#3797,#3798,#3799);
#3797 = CARTESIAN_POINT('',(1.465242E-11,-18.5,1.21877E-12));
#3798 = DIRECTION('',(0.,1.,-2.4E-16));
#3799 = DIRECTION('',(0.,2.4E-16,1.));
#3800 = ADVANCED_FACE('',(#3801,#3835),#3838,.F.);
#3801 = FACE_BOUND('',#3802,.F.);
#3802 = EDGE_LOOP('',(#3803,#3813,#3821,#3829));
#3803 = ORIENTED_EDGE('',*,*,#3804,.F.);
#3804 = EDGE_CURVE('',#3805,#3807,#3809,.T.);
#3805 = VERTEX_POINT('',#3806);
#3806 = CARTESIAN_POINT('',(-23.55,-18.5,41.55));
#3807 = VERTEX_POINT('',#3808);
#3808 = CARTESIAN_POINT('',(-23.55,-18.5,33.45));
#3809 = LINE('',#3810,#3811);
#3810 = CARTESIAN_POINT('',(-23.55,-18.5,41.55));
#3811 = VECTOR('',#3812,1.);
#3812 = DIRECTION('',(0.,0.,-1.));
#3813 = ORIENTED_EDGE('',*,*,#3814,.T.);
#3814 = EDGE_CURVE('',#3805,#3815,#3817,.T.);
#3815 = VERTEX_POINT('',#3816);
#3816 = CARTESIAN_POINT('',(-15.45,-18.5,41.55));
#3817 = LINE('',#3818,#3819);
#3818 = CARTESIAN_POINT('',(-23.55,-18.5,41.55));
#3819 = VECTOR('',#3820,1.);
#3820 = DIRECTION('',(1.,0.,0.));
#3821 = ORIENTED_EDGE('',*,*,#3822,.F.);
#3822 = EDGE_CURVE('',#3823,#3815,#3825,.T.);
#3823 = VERTEX_POINT('',#3824);
#3824 = CARTESIAN_POINT('',(-15.45,-18.5,33.45));
#3825 = LINE('',#3826,#3827);
#3826 = CARTESIAN_POINT('',(-15.45,-18.5,33.45));
#3827 = VECTOR('',#3828,1.);
#3828 = DIRECTION('',(0.,0.,1.));
#3829 = ORIENTED_EDGE('',*,*,#3830,.F.);
#3830 = EDGE_CURVE('',#3807,#3823,#3831,.T.);
#3831 = LINE('',#3832,#3833);
#3832 = CARTESIAN_POINT('',(-23.55,-18.5,33.45));
#3833 = VECTOR('',#3834,1.);
#3834 = DIRECTION('',(1.,0.,0.));
#3835 = FACE_BOUND('',#3836,.F.);
#3836 = EDGE_LOOP('',(#3837));
#3837 = ORIENTED_EDGE('',*,*,#1343,.T.);
#3838 = PLANE('',#3839);
#3839 = AXIS2_PLACEMENT_3D('',#3840,#3841,#3842);
#3840 = CARTESIAN_POINT('',(1.465242E-11,-18.5,1.21877E-12));
#3841 = DIRECTION('',(0.,1.,-2.4E-16));
#3842 = DIRECTION('',(0.,2.4E-16,1.));
#3843 = ADVANCED_FACE('',(#3844,#3878),#3881,.F.);
#3844 = FACE_BOUND('',#3845,.F.);
#3845 = EDGE_LOOP('',(#3846,#3856,#3864,#3872));
#3846 = ORIENTED_EDGE('',*,*,#3847,.F.);
#3847 = EDGE_CURVE('',#3848,#3850,#3852,.T.);
#3848 = VERTEX_POINT('',#3849);
#3849 = CARTESIAN_POINT('',(15.449999999994,-18.5,-33.44999999999));
#3850 = VERTEX_POINT('',#3851);
#3851 = CARTESIAN_POINT('',(15.449999999994,-18.5,-41.55));
#3852 = LINE('',#3853,#3854);
#3853 = CARTESIAN_POINT('',(15.449999999994,-18.5,-33.44999999999));
#3854 = VECTOR('',#3855,1.);
#3855 = DIRECTION('',(0.,0.,-1.));
#3856 = ORIENTED_EDGE('',*,*,#3857,.F.);
#3857 = EDGE_CURVE('',#3858,#3848,#3860,.T.);
#3858 = VERTEX_POINT('',#3859);
#3859 = CARTESIAN_POINT('',(23.550000000006,-18.5,-33.44999999999));
#3860 = LINE('',#3861,#3862);
#3861 = CARTESIAN_POINT('',(23.550000000006,-18.5,-33.44999999999));
#3862 = VECTOR('',#3863,1.);
#3863 = DIRECTION('',(-1.,0.,0.));
#3864 = ORIENTED_EDGE('',*,*,#3865,.F.);
#3865 = EDGE_CURVE('',#3866,#3858,#3868,.T.);
#3866 = VERTEX_POINT('',#3867);
#3867 = CARTESIAN_POINT('',(23.550000000006,-18.5,-41.55));
#3868 = LINE('',#3869,#3870);
#3869 = CARTESIAN_POINT('',(23.550000000006,-18.5,-41.55));
#3870 = VECTOR('',#3871,1.);
#3871 = DIRECTION('',(0.,0.,1.));
#3872 = ORIENTED_EDGE('',*,*,#3873,.F.);
#3873 = EDGE_CURVE('',#3850,#3866,#3874,.T.);
#3874 = LINE('',#3875,#3876);
#3875 = CARTESIAN_POINT('',(15.449999999994,-18.5,-41.55));
#3876 = VECTOR('',#3877,1.);
#3877 = DIRECTION('',(1.,0.,0.));
#3878 = FACE_BOUND('',#3879,.F.);
#3879 = EDGE_LOOP('',(#3880));
#3880 = ORIENTED_EDGE('',*,*,#1368,.T.);
#3881 = PLANE('',#3882);
#3882 = AXIS2_PLACEMENT_3D('',#3883,#3884,#3885);
#3883 = CARTESIAN_POINT('',(1.465242E-11,-18.5,1.21877E-12));
#3884 = DIRECTION('',(0.,1.,-2.4E-16));
#3885 = DIRECTION('',(0.,2.4E-16,1.));
#3886 = ADVANCED_FACE('',(#3887),#3906,.T.);
#3887 = FACE_BOUND('',#3888,.F.);
#3888 = EDGE_LOOP('',(#3889,#3897,#3904,#3905));
#3889 = ORIENTED_EDGE('',*,*,#3890,.T.);
#3890 = EDGE_CURVE('',#1394,#3891,#3893,.T.);
#3891 = VERTEX_POINT('',#3892);
#3892 = CARTESIAN_POINT('',(-7.5,24.,-1.E-15));
#3893 = LINE('',#3894,#3895);
#3894 = CARTESIAN_POINT('',(-7.5,21.5,0.));
#3895 = VECTOR('',#3896,1.);
#3896 = DIRECTION('',(0.,1.,-2.2E-16));
#3897 = ORIENTED_EDGE('',*,*,#3898,.T.);
#3898 = EDGE_CURVE('',#3891,#3891,#3899,.T.);
#3899 = CIRCLE('',#3900,7.5);
#3900 = AXIS2_PLACEMENT_3D('',#3901,#3902,#3903);
#3901 = CARTESIAN_POINT('',(0.,24.,-1.E-15));
#3902 = DIRECTION('',(0.,1.,-0.));
#3903 = DIRECTION('',(-1.,0.,0.));
#3904 = ORIENTED_EDGE('',*,*,#3890,.F.);
#3905 = ORIENTED_EDGE('',*,*,#1403,.F.);
#3906 = CYLINDRICAL_SURFACE('',#3907,7.5);
#3907 = AXIS2_PLACEMENT_3D('',#3908,#3909,#3910);
#3908 = CARTESIAN_POINT('',(0.,21.5,0.));
#3909 = DIRECTION('',(0.,-1.,2.2E-16));
#3910 = DIRECTION('',(-1.,0.,0.));
#3911 = ADVANCED_FACE('',(#3912,#3946),#3949,.F.);
#3912 = FACE_BOUND('',#3913,.F.);
#3913 = EDGE_LOOP('',(#3914,#3924,#3932,#3940));
#3914 = ORIENTED_EDGE('',*,*,#3915,.F.);
#3915 = EDGE_CURVE('',#3916,#3918,#3920,.T.);
#3916 = VERTEX_POINT('',#3917);
#3917 = CARTESIAN_POINT('',(15.449999999994,-18.5,41.550000000006));
#3918 = VERTEX_POINT('',#3919);
#3919 = CARTESIAN_POINT('',(15.449999999994,-18.5,33.449999999994));
#3920 = LINE('',#3921,#3922);
#3921 = CARTESIAN_POINT('',(15.449999999994,-18.5,41.550000000006));
#3922 = VECTOR('',#3923,1.);
#3923 = DIRECTION('',(0.,0.,-1.));
#3924 = ORIENTED_EDGE('',*,*,#3925,.T.);
#3925 = EDGE_CURVE('',#3916,#3926,#3928,.T.);
#3926 = VERTEX_POINT('',#3927);
#3927 = CARTESIAN_POINT('',(23.550000000006,-18.5,41.550000000006));
#3928 = LINE('',#3929,#3930);
#3929 = CARTESIAN_POINT('',(15.449999999994,-18.5,41.550000000006));
#3930 = VECTOR('',#3931,1.);
#3931 = DIRECTION('',(1.,0.,0.));
#3932 = ORIENTED_EDGE('',*,*,#3933,.F.);
#3933 = EDGE_CURVE('',#3934,#3926,#3936,.T.);
#3934 = VERTEX_POINT('',#3935);
#3935 = CARTESIAN_POINT('',(23.550000000006,-18.5,33.449999999994));
#3936 = LINE('',#3937,#3938);
#3937 = CARTESIAN_POINT('',(23.550000000006,-18.5,33.449999999994));
#3938 = VECTOR('',#3939,1.);
#3939 = DIRECTION('',(0.,0.,1.));
#3940 = ORIENTED_EDGE('',*,*,#3941,.F.);
#3941 = EDGE_CURVE('',#3918,#3934,#3942,.T.);
#3942 = LINE('',#3943,#3944);
#3943 = CARTESIAN_POINT('',(15.449999999994,-18.5,33.449999999994));
#3944 = VECTOR('',#3945,1.);
#3945 = DIRECTION('',(1.,0.,0.));
#3946 = FACE_BOUND('',#3947,.F.);
#3947 = EDGE_LOOP('',(#3948));
#3948 = ORIENTED_EDGE('',*,*,#1418,.T.);
#3949 = PLANE('',#3950);
#3950 = AXIS2_PLACEMENT_3D('',#3951,#3952,#3953);
#3951 = CARTESIAN_POINT('',(1.465242E-11,-18.5,1.21877E-12));
#3952 = DIRECTION('',(0.,1.,-2.4E-16));
#3953 = DIRECTION('',(0.,2.4E-16,1.));
#3954 = ADVANCED_FACE('',(#3955),#4029,.T.);
#3955 = FACE_BOUND('',#3956,.T.);
#3956 = EDGE_LOOP('',(#3957,#3958,#3959,#3967,#4006,#4014,#4023));
#3957 = ORIENTED_EDGE('',*,*,#1443,.T.);
#3958 = ORIENTED_EDGE('',*,*,#1537,.T.);
#3959 = ORIENTED_EDGE('',*,*,#3960,.T.);
#3960 = EDGE_CURVE('',#1538,#3961,#3963,.T.);
#3961 = VERTEX_POINT('',#3962);
#3962 = CARTESIAN_POINT('',(-13.925,15.375,25.452368754828));
#3963 = LINE('',#3964,#3965);
#3964 = CARTESIAN_POINT('',(-13.925,21.5,25.452368754828));
#3965 = VECTOR('',#3966,1.);
#3966 = DIRECTION('',(0.,-1.,2.2E-16));
#3967 = ORIENTED_EDGE('',*,*,#3968,.T.);
#3968 = EDGE_CURVE('',#3961,#3969,#3971,.T.);
#3969 = VERTEX_POINT('',#3970);
#3970 = CARTESIAN_POINT('',(-13.925,14.625,25.452368754828));
#3971 = B_SPLINE_CURVE_WITH_KNOTS('',5,(#3972,#3973,#3974,#3975,#3976,
    #3977,#3978,#3979,#3980,#3981,#3982,#3983,#3984,#3985,#3986,#3987,
    #3988,#3989,#3990,#3991,#3992,#3993,#3994,#3995,#3996,#3997,#3998,
    #3999,#4000,#4001,#4002,#4003,#4004,#4005),.UNSPECIFIED.,.F.,.F.,(6,
    4,4,4,4,4,4,4,6),(0.,0.174947229476,0.274687824134,0.342642731188,
    0.500001121762,0.658751315977,0.724374491318,0.824368033412,1.),
  .UNSPECIFIED.);
#3972 = CARTESIAN_POINT('',(-13.925,15.375,25.452368754828));
#3973 = CARTESIAN_POINT('',(-13.94136208584,15.35863791416,
    25.456593427226));
#3974 = CARTESIAN_POINT('',(-13.95653694834,15.339655492304,
    25.461248941002));
#3975 = CARTESIAN_POINT('',(-13.97035976078,15.318325992115,
    25.466110576761));
#3976 = CARTESIAN_POINT('',(-13.98273844614,15.294969491021,
    25.470931495852));
#3977 = CARTESIAN_POINT('',(-13.99984331144,15.255699991522,
    25.478116246537));
#3978 = CARTESIAN_POINT('',(-14.00557442976,15.240896450815,
    25.48064674422));
#3979 = CARTESIAN_POINT('',(-14.01082120257,15.22560949661,
    25.483061894014));
#3980 = CARTESIAN_POINT('',(-14.01558264654,15.209898797711,
    25.485330040646));
#3981 = CARTESIAN_POINT('',(-14.02277657209,15.182869498542,
    25.488852159349));
#3982 = CARTESIAN_POINT('',(-14.0254675936,15.171746722625,
    25.490199009891));
#3983 = CARTESIAN_POINT('',(-14.02793516725,15.160472465894,
    25.491457199859));
#3984 = CARTESIAN_POINT('',(-14.03018020692,15.14906456651,
    25.492619739488));
#3985 = CARTESIAN_POINT('',(-14.03688979133,15.110854810995,
    25.49613815252));
#3986 = CARTESIAN_POINT('',(-14.04038733662,15.083550503039,
    25.498051480412));
#3987 = CARTESIAN_POINT('',(-14.04271282698,15.055835323639,
    25.499350494088));
#3988 = CARTESIAN_POINT('',(-14.04387500755,15.027916365472,25.5));
#3989 = CARTESIAN_POINT('',(-14.04387500755,14.971836719832,25.5));
#3990 = CARTESIAN_POINT('',(-14.04269218456,14.94367071908,
    25.499338950921));
#3991 = CARTESIAN_POINT('',(-14.04032534633,14.915713961895,
    25.498016850893));
#3992 = CARTESIAN_POINT('',(-14.03676545837,14.888179159227,
    25.496070158317));
#3993 = CARTESIAN_POINT('',(-14.03002392748,14.850160264853,
    25.492539032565));
#3994 = CARTESIAN_POINT('',(-14.02784566584,14.839150153802,
    25.491412060554));
#3995 = CARTESIAN_POINT('',(-14.02545985793,14.82826512873,
    25.490196081986));
#3996 = CARTESIAN_POINT('',(-14.02286568084,14.817521256703,
    25.488897399208));
#3997 = CARTESIAN_POINT('',(-14.01579111766,14.790804100915,
    25.485429791094));
#3998 = CARTESIAN_POINT('',(-14.01103464925,14.775039014404,
    25.483161263113));
#3999 = CARTESIAN_POINT('',(-14.00579039671,14.759698290111,
    25.480744200246));
#4000 = CARTESIAN_POINT('',(-14.00005929171,14.744842025439,
    25.478210410766));
#4001 = CARTESIAN_POINT('',(-13.98293245319,14.705396968634,
    25.471007098673));
#4002 = CARTESIAN_POINT('',(-13.97052232366,14.6819251081,
    25.466167785186));
#4003 = CARTESIAN_POINT('',(-13.95665607007,14.660493636274,
    25.46128551163));
#4004 = CARTESIAN_POINT('',(-13.94142643507,14.641426435072,
    25.456610042126));
#4005 = CARTESIAN_POINT('',(-13.925,14.625,25.452368754828));
#4006 = ORIENTED_EDGE('',*,*,#4007,.T.);
#4007 = EDGE_CURVE('',#3969,#4008,#4010,.T.);
#4008 = VERTEX_POINT('',#4009);
#4009 = CARTESIAN_POINT('',(-13.925,12.,25.452368754828));
#4010 = LINE('',#4011,#4012);
#4011 = CARTESIAN_POINT('',(-13.925,21.5,25.452368754828));
#4012 = VECTOR('',#4013,1.);
#4013 = DIRECTION('',(0.,-1.,2.2E-16));
#4014 = ORIENTED_EDGE('',*,*,#4015,.T.);
#4015 = EDGE_CURVE('',#4008,#4016,#4018,.T.);
#4016 = VERTEX_POINT('',#4017);
#4017 = CARTESIAN_POINT('',(-14.3,12.,25.936491673104));
#4018 = CIRCLE('',#4019,0.5);
#4019 = AXIS2_PLACEMENT_3D('',#4020,#4021,#4022);
#4020 = CARTESIAN_POINT('',(-13.8,12.,25.936491673104));
#4021 = DIRECTION('',(0.,1.,-0.));
#4022 = DIRECTION('',(-1.,0.,0.));
#4023 = ORIENTED_EDGE('',*,*,#4024,.F.);
#4024 = EDGE_CURVE('',#1444,#4016,#4025,.T.);
#4025 = LINE('',#4026,#4027);
#4026 = CARTESIAN_POINT('',(-14.3,21.5,25.936491673104));
#4027 = VECTOR('',#4028,1.);
#4028 = DIRECTION('',(0.,-1.,2.2E-16));
#4029 = CYLINDRICAL_SURFACE('',#4030,0.5);
#4030 = AXIS2_PLACEMENT_3D('',#4031,#4032,#4033);
#4031 = CARTESIAN_POINT('',(-13.8,21.5,25.936491673104));
#4032 = DIRECTION('',(0.,1.,-2.2E-16));
#4033 = DIRECTION('',(-1.,0.,0.));
#4034 = ADVANCED_FACE('',(#4035),#4053,.F.);
#4035 = FACE_BOUND('',#4036,.F.);
#4036 = EDGE_LOOP('',(#4037,#4038,#4046,#4052));
#4037 = ORIENTED_EDGE('',*,*,#1454,.F.);
#4038 = ORIENTED_EDGE('',*,*,#4039,.T.);
#4039 = EDGE_CURVE('',#1455,#4040,#4042,.T.);
#4040 = VERTEX_POINT('',#4041);
#4041 = CARTESIAN_POINT('',(-14.29999999999,12.,26.7));
#4042 = LINE('',#4043,#4044);
#4043 = CARTESIAN_POINT('',(-14.29999999999,21.5,26.7));
#4044 = VECTOR('',#4045,1.);
#4045 = DIRECTION('',(0.,-1.,2.2E-16));
#4046 = ORIENTED_EDGE('',*,*,#4047,.T.);
#4047 = EDGE_CURVE('',#4040,#4016,#4048,.T.);
#4048 = LINE('',#4049,#4050);
#4049 = CARTESIAN_POINT('',(-14.29999999999,12.,26.7));
#4050 = VECTOR('',#4051,1.);
#4051 = DIRECTION('',(0.,0.,-1.));
#4052 = ORIENTED_EDGE('',*,*,#4024,.F.);
#4053 = PLANE('',#4054);
#4054 = AXIS2_PLACEMENT_3D('',#4055,#4056,#4057);
#4055 = CARTESIAN_POINT('',(-14.29999999999,21.5,26.7));
#4056 = DIRECTION('',(1.,0.,0.));
#4057 = DIRECTION('',(0.,-2.2E-16,-1.));
#4058 = ADVANCED_FACE('',(#4059),#4077,.F.);
#4059 = FACE_BOUND('',#4060,.F.);
#4060 = EDGE_LOOP('',(#4061,#4069,#4075,#4076));
#4061 = ORIENTED_EDGE('',*,*,#4062,.T.);
#4062 = EDGE_CURVE('',#1595,#4063,#4065,.T.);
#4063 = VERTEX_POINT('',#4064);
#4064 = CARTESIAN_POINT('',(-16.5,12.,26.7));
#4065 = LINE('',#4066,#4067);
#4066 = CARTESIAN_POINT('',(-16.5,21.5,26.7));
#4067 = VECTOR('',#4068,1.);
#4068 = DIRECTION('',(0.,-1.,2.2E-16));
#4069 = ORIENTED_EDGE('',*,*,#4070,.T.);
#4070 = EDGE_CURVE('',#4063,#4040,#4071,.T.);
#4071 = LINE('',#4072,#4073);
#4072 = CARTESIAN_POINT('',(-16.5,12.,26.7));
#4073 = VECTOR('',#4074,1.);
#4074 = DIRECTION('',(1.,0.,0.));
#4075 = ORIENTED_EDGE('',*,*,#4039,.F.);
#4076 = ORIENTED_EDGE('',*,*,#1604,.F.);
#4077 = PLANE('',#4078);
#4078 = AXIS2_PLACEMENT_3D('',#4079,#4080,#4081);
#4079 = CARTESIAN_POINT('',(-16.5,21.5,26.7));
#4080 = DIRECTION('',(0.,2.2E-16,1.));
#4081 = DIRECTION('',(1.,0.,0.));
#4082 = ADVANCED_FACE('',(#4083),#4113,.F.);
#4083 = FACE_BOUND('',#4084,.F.);
#4084 = EDGE_LOOP('',(#4085,#4093,#4094,#4095,#4096,#4097,#4106));
#4085 = ORIENTED_EDGE('',*,*,#4086,.F.);
#4086 = EDGE_CURVE('',#1727,#4087,#4089,.T.);
#4087 = VERTEX_POINT('',#4088);
#4088 = CARTESIAN_POINT('',(-13.925,15.375,22.547631245172));
#4089 = LINE('',#4090,#4091);
#4090 = CARTESIAN_POINT('',(-13.925,21.5,22.547631245172));
#4091 = VECTOR('',#4092,1.);
#4092 = DIRECTION('',(0.,-1.,2.2E-16));
#4093 = ORIENTED_EDGE('',*,*,#1726,.F.);
#4094 = ORIENTED_EDGE('',*,*,#1686,.F.);
#4095 = ORIENTED_EDGE('',*,*,#1619,.F.);
#4096 = ORIENTED_EDGE('',*,*,#3960,.T.);
#4097 = ORIENTED_EDGE('',*,*,#4098,.T.);
#4098 = EDGE_CURVE('',#3961,#4099,#4101,.T.);
#4099 = VERTEX_POINT('',#4100);
#4100 = CARTESIAN_POINT('',(-12.8,16.5,24.));
#4101 = ELLIPSE('',#4102,2.12132034356,1.5);
#4102 = AXIS2_PLACEMENT_3D('',#4103,#4104,#4105);
#4103 = CARTESIAN_POINT('',(-14.3,15.,24.));
#4104 = DIRECTION('',(-0.707106781187,0.707106781187,-3.1E-16));
#4105 = DIRECTION('',(-0.707106781187,-0.707106781187,0.));
#4106 = ORIENTED_EDGE('',*,*,#4107,.T.);
#4107 = EDGE_CURVE('',#4099,#4087,#4108,.T.);
#4108 = ELLIPSE('',#4109,2.12132034356,1.5);
#4109 = AXIS2_PLACEMENT_3D('',#4110,#4111,#4112);
#4110 = CARTESIAN_POINT('',(-14.3,15.,24.));
#4111 = DIRECTION('',(-0.707106781187,0.707106781187,-3.1E-16));
#4112 = DIRECTION('',(-0.707106781187,-0.707106781187,0.));
#4113 = CYLINDRICAL_SURFACE('',#4114,1.5);
#4114 = AXIS2_PLACEMENT_3D('',#4115,#4116,#4117);
#4115 = CARTESIAN_POINT('',(-14.3,21.5,24.));
#4116 = DIRECTION('',(0.,1.,-2.2E-16));
#4117 = DIRECTION('',(-1.,0.,0.));
#4118 = ADVANCED_FACE('',(#4119,#4137),#4141,.F.);
#4119 = FACE_BOUND('',#4120,.F.);
#4120 = EDGE_LOOP('',(#4121,#4129,#4135,#4136));
#4121 = ORIENTED_EDGE('',*,*,#4122,.T.);
#4122 = EDGE_CURVE('',#1653,#4123,#4125,.T.);
#4123 = VERTEX_POINT('',#4124);
#4124 = CARTESIAN_POINT('',(-16.5,12.,21.3));
#4125 = LINE('',#4126,#4127);
#4126 = CARTESIAN_POINT('',(-16.5,21.5,21.3));
#4127 = VECTOR('',#4128,1.);
#4128 = DIRECTION('',(0.,-1.,2.2E-16));
#4129 = ORIENTED_EDGE('',*,*,#4130,.T.);
#4130 = EDGE_CURVE('',#4123,#4063,#4131,.T.);
#4131 = LINE('',#4132,#4133);
#4132 = CARTESIAN_POINT('',(-16.5,12.,21.3));
#4133 = VECTOR('',#4134,1.);
#4134 = DIRECTION('',(0.,0.,1.));
#4135 = ORIENTED_EDGE('',*,*,#4062,.F.);
#4136 = ORIENTED_EDGE('',*,*,#1662,.F.);
#4137 = FACE_BOUND('',#4138,.F.);
#4138 = EDGE_LOOP('',(#4139,#4140));
#4139 = ORIENTED_EDGE('',*,*,#3474,.F.);
#4140 = ORIENTED_EDGE('',*,*,#3485,.F.);
#4141 = PLANE('',#4142);
#4142 = AXIS2_PLACEMENT_3D('',#4143,#4144,#4145);
#4143 = CARTESIAN_POINT('',(-16.5,21.5,21.3));
#4144 = DIRECTION('',(-1.,0.,0.));
#4145 = DIRECTION('',(0.,2.2E-16,1.));
#4146 = ADVANCED_FACE('',(#4147),#4165,.F.);
#4147 = FACE_BOUND('',#4148,.F.);
#4148 = EDGE_LOOP('',(#4149,#4157,#4163,#4164));
#4149 = ORIENTED_EDGE('',*,*,#4150,.T.);
#4150 = EDGE_CURVE('',#1702,#4151,#4153,.T.);
#4151 = VERTEX_POINT('',#4152);
#4152 = CARTESIAN_POINT('',(-14.29999999999,12.,21.3));
#4153 = LINE('',#4154,#4155);
#4154 = CARTESIAN_POINT('',(-14.29999999999,21.5,21.3));
#4155 = VECTOR('',#4156,1.);
#4156 = DIRECTION('',(0.,-1.,2.2E-16));
#4157 = ORIENTED_EDGE('',*,*,#4158,.T.);
#4158 = EDGE_CURVE('',#4151,#4123,#4159,.T.);
#4159 = LINE('',#4160,#4161);
#4160 = CARTESIAN_POINT('',(-14.29999999999,12.,21.3));
#4161 = VECTOR('',#4162,1.);
#4162 = DIRECTION('',(-1.,0.,0.));
#4163 = ORIENTED_EDGE('',*,*,#4122,.F.);
#4164 = ORIENTED_EDGE('',*,*,#1711,.F.);
#4165 = PLANE('',#4166);
#4166 = AXIS2_PLACEMENT_3D('',#4167,#4168,#4169);
#4167 = CARTESIAN_POINT('',(-14.29999999999,21.5,21.3));
#4168 = DIRECTION('',(-0.,-2.2E-16,-1.));
#4169 = DIRECTION('',(-1.,0.,0.));
#4170 = ADVANCED_FACE('',(#4171),#4238,.T.);
#4171 = FACE_BOUND('',#4172,.T.);
#4172 = EDGE_LOOP('',(#4173,#4174,#4182,#4191,#4199,#4236,#4237));
#4173 = ORIENTED_EDGE('',*,*,#1759,.T.);
#4174 = ORIENTED_EDGE('',*,*,#4175,.T.);
#4175 = EDGE_CURVE('',#1762,#4176,#4178,.T.);
#4176 = VERTEX_POINT('',#4177);
#4177 = CARTESIAN_POINT('',(-14.3,12.,22.063508326896));
#4178 = LINE('',#4179,#4180);
#4179 = CARTESIAN_POINT('',(-14.3,21.5,22.063508326896));
#4180 = VECTOR('',#4181,1.);
#4181 = DIRECTION('',(0.,-1.,2.2E-16));
#4182 = ORIENTED_EDGE('',*,*,#4183,.T.);
#4183 = EDGE_CURVE('',#4176,#4184,#4186,.T.);
#4184 = VERTEX_POINT('',#4185);
#4185 = CARTESIAN_POINT('',(-13.925,12.,22.547631245172));
#4186 = CIRCLE('',#4187,0.5);
#4187 = AXIS2_PLACEMENT_3D('',#4188,#4189,#4190);
#4188 = CARTESIAN_POINT('',(-13.8,12.,22.063508326896));
#4189 = DIRECTION('',(0.,1.,-0.));
#4190 = DIRECTION('',(-1.,0.,0.));
#4191 = ORIENTED_EDGE('',*,*,#4192,.F.);
#4192 = EDGE_CURVE('',#4193,#4184,#4195,.T.);
#4193 = VERTEX_POINT('',#4194);
#4194 = CARTESIAN_POINT('',(-13.925,14.625,22.547631245172));
#4195 = LINE('',#4196,#4197);
#4196 = CARTESIAN_POINT('',(-13.925,21.5,22.547631245172));
#4197 = VECTOR('',#4198,1.);
#4198 = DIRECTION('',(0.,-1.,2.2E-16));
#4199 = ORIENTED_EDGE('',*,*,#4200,.T.);
#4200 = EDGE_CURVE('',#4193,#4087,#4201,.T.);
#4201 = B_SPLINE_CURVE_WITH_KNOTS('',5,(#4202,#4203,#4204,#4205,#4206,
    #4207,#4208,#4209,#4210,#4211,#4212,#4213,#4214,#4215,#4216,#4217,
    #4218,#4219,#4220,#4221,#4222,#4223,#4224,#4225,#4226,#4227,#4228,
    #4229,#4230,#4231,#4232,#4233,#4234,#4235),.UNSPECIFIED.,.F.,.F.,(6,
    4,4,4,4,4,4,4,6),(0.,0.174947229476,0.274687824134,0.342642731188,
    0.500001121762,0.658751315977,0.724374491318,0.824368033412,1.),
  .UNSPECIFIED.);
#4202 = CARTESIAN_POINT('',(-13.925,14.625,22.547631245172));
#4203 = CARTESIAN_POINT('',(-13.94136208584,14.64136208584,
    22.543406572774));
#4204 = CARTESIAN_POINT('',(-13.95653694834,14.660344507696,
    22.538751058998));
#4205 = CARTESIAN_POINT('',(-13.97035976078,14.681674007885,
    22.533889423239));
#4206 = CARTESIAN_POINT('',(-13.98273844614,14.705030508979,
    22.529068504148));
#4207 = CARTESIAN_POINT('',(-13.99984331144,14.744300008478,
    22.521883753463));
#4208 = CARTESIAN_POINT('',(-14.00557442976,14.759103549185,
    22.51935325578));
#4209 = CARTESIAN_POINT('',(-14.01082120257,14.77439050339,
    22.516938105986));
#4210 = CARTESIAN_POINT('',(-14.01558264654,14.790101202289,
    22.514669959354));
#4211 = CARTESIAN_POINT('',(-14.02277657209,14.817130501458,
    22.511147840651));
#4212 = CARTESIAN_POINT('',(-14.0254675936,14.828253277375,
    22.509800990109));
#4213 = CARTESIAN_POINT('',(-14.02793516725,14.839527534106,
    22.508542800141));
#4214 = CARTESIAN_POINT('',(-14.03018020692,14.85093543349,
    22.507380260512));
#4215 = CARTESIAN_POINT('',(-14.03688979133,14.889145189005,
    22.50386184748));
#4216 = CARTESIAN_POINT('',(-14.04038733662,14.916449496961,
    22.501948519588));
#4217 = CARTESIAN_POINT('',(-14.04271282698,14.944164676361,
    22.500649505912));
#4218 = CARTESIAN_POINT('',(-14.04387500755,14.972083634528,22.5));
#4219 = CARTESIAN_POINT('',(-14.04387500755,15.028163280168,22.5));
#4220 = CARTESIAN_POINT('',(-14.04269218456,15.05632928092,
    22.500661049079));
#4221 = CARTESIAN_POINT('',(-14.04032534633,15.084286038105,
    22.501983149107));
#4222 = CARTESIAN_POINT('',(-14.03676545837,15.111820840773,
    22.503929841682));
#4223 = CARTESIAN_POINT('',(-14.03002392748,15.149839735147,
    22.507460967435));
#4224 = CARTESIAN_POINT('',(-14.02784566584,15.160849846198,
    22.508587939446));
#4225 = CARTESIAN_POINT('',(-14.02545985793,15.17173487127,
    22.509803918014));
#4226 = CARTESIAN_POINT('',(-14.02286568084,15.182478743297,
    22.511102600792));
#4227 = CARTESIAN_POINT('',(-14.01579111766,15.209195899085,
    22.514570208906));
#4228 = CARTESIAN_POINT('',(-14.01103464925,15.224960985596,
    22.516838736887));
#4229 = CARTESIAN_POINT('',(-14.00579039671,15.240301709889,
    22.519255799754));
#4230 = CARTESIAN_POINT('',(-14.00005929171,15.255157974561,
    22.521789589234));
#4231 = CARTESIAN_POINT('',(-13.98293245319,15.294603031366,
    22.528992901327));
#4232 = CARTESIAN_POINT('',(-13.97052232366,15.3180748919,
    22.533832214814));
#4233 = CARTESIAN_POINT('',(-13.95665607007,15.339506363726,
    22.53871448837));
#4234 = CARTESIAN_POINT('',(-13.94142643507,15.358573564928,
    22.543389957874));
#4235 = CARTESIAN_POINT('',(-13.925,15.375,22.547631245172));
#4236 = ORIENTED_EDGE('',*,*,#4086,.F.);
#4237 = ORIENTED_EDGE('',*,*,#1846,.T.);
#4238 = CYLINDRICAL_SURFACE('',#4239,0.5);
#4239 = AXIS2_PLACEMENT_3D('',#4240,#4241,#4242);
#4240 = CARTESIAN_POINT('',(-13.8,21.5,22.063508326896));
#4241 = DIRECTION('',(0.,1.,-2.2E-16));
#4242 = DIRECTION('',(-1.,0.,0.));
#4243 = ADVANCED_FACE('',(#4244),#4255,.F.);
#4244 = FACE_BOUND('',#4245,.F.);
#4245 = EDGE_LOOP('',(#4246,#4247,#4248,#4254));
#4246 = ORIENTED_EDGE('',*,*,#1831,.F.);
#4247 = ORIENTED_EDGE('',*,*,#4175,.T.);
#4248 = ORIENTED_EDGE('',*,*,#4249,.T.);
#4249 = EDGE_CURVE('',#4176,#4151,#4250,.T.);
#4250 = LINE('',#4251,#4252);
#4251 = CARTESIAN_POINT('',(-14.29999999999,12.,26.7));
#4252 = VECTOR('',#4253,1.);
#4253 = DIRECTION('',(0.,0.,-1.));
#4254 = ORIENTED_EDGE('',*,*,#4150,.F.);
#4255 = PLANE('',#4256);
#4256 = AXIS2_PLACEMENT_3D('',#4257,#4258,#4259);
#4257 = CARTESIAN_POINT('',(-14.29999999999,21.5,26.7));
#4258 = DIRECTION('',(1.,0.,0.));
#4259 = DIRECTION('',(0.,-2.2E-16,-1.));
#4260 = ADVANCED_FACE('',(#4261),#4335,.T.);
#4261 = FACE_BOUND('',#4262,.T.);
#4262 = EDGE_LOOP('',(#4263,#4264,#4265,#4273,#4312,#4320,#4329));
#4263 = ORIENTED_EDGE('',*,*,#1897,.T.);
#4264 = ORIENTED_EDGE('',*,*,#1991,.T.);
#4265 = ORIENTED_EDGE('',*,*,#4266,.T.);
#4266 = EDGE_CURVE('',#1992,#4267,#4269,.T.);
#4267 = VERTEX_POINT('',#4268);
#4268 = CARTESIAN_POINT('',(13.925,15.375,-25.45236875482));
#4269 = LINE('',#4270,#4271);
#4270 = CARTESIAN_POINT('',(13.925,21.5,-25.45236875482));
#4271 = VECTOR('',#4272,1.);
#4272 = DIRECTION('',(0.,-1.,2.2E-16));
#4273 = ORIENTED_EDGE('',*,*,#4274,.F.);
#4274 = EDGE_CURVE('',#4275,#4267,#4277,.T.);
#4275 = VERTEX_POINT('',#4276);
#4276 = CARTESIAN_POINT('',(13.925,14.625,-25.45236875482));
#4277 = B_SPLINE_CURVE_WITH_KNOTS('',5,(#4278,#4279,#4280,#4281,#4282,
    #4283,#4284,#4285,#4286,#4287,#4288,#4289,#4290,#4291,#4292,#4293,
    #4294,#4295,#4296,#4297,#4298,#4299,#4300,#4301,#4302,#4303,#4304,
    #4305,#4306,#4307,#4308,#4309,#4310,#4311),.UNSPECIFIED.,.F.,.F.,(6,
    4,4,4,4,4,4,4,6),(0.,0.174947229476,0.274687824134,0.342642731189,
    0.500001121762,0.658751315977,0.724374491318,0.824368033412,1.),
  .UNSPECIFIED.);
#4278 = CARTESIAN_POINT('',(13.925,14.625,-25.45236875482));
#4279 = CARTESIAN_POINT('',(13.94136208584,14.64136208584,
    -25.45659342722));
#4280 = CARTESIAN_POINT('',(13.956536948345,14.660344507696,
    -25.461248941));
#4281 = CARTESIAN_POINT('',(13.970359760782,14.681674007885,
    -25.46611057676));
#4282 = CARTESIAN_POINT('',(13.982738446145,14.705030508979,
    -25.47093149585));
#4283 = CARTESIAN_POINT('',(13.999843311447,14.744300008478,
    -25.47811624653));
#4284 = CARTESIAN_POINT('',(14.005574429769,14.759103549186,
    -25.48064674422));
#4285 = CARTESIAN_POINT('',(14.010821202575,14.774390503391,
    -25.48306189401));
#4286 = CARTESIAN_POINT('',(14.015582646546,14.79010120229,
    -25.48533004064));
#4287 = CARTESIAN_POINT('',(14.022776572091,14.817130501459,
    -25.48885215934));
#4288 = CARTESIAN_POINT('',(14.025467593608,14.828253277375,
    -25.49019900989));
#4289 = CARTESIAN_POINT('',(14.027935167254,14.839527534107,
    -25.49145719985));
#4290 = CARTESIAN_POINT('',(14.030180206923,14.85093543349,
    -25.49261973948));
#4291 = CARTESIAN_POINT('',(14.036889791331,14.889145189006,
    -25.49613815252));
#4292 = CARTESIAN_POINT('',(14.040387336628,14.916449496962,
    -25.49805148041));
#4293 = CARTESIAN_POINT('',(14.042712826984,14.944164676361,
    -25.49935049408));
#4294 = CARTESIAN_POINT('',(14.043875007557,14.972083634528,-25.5));
#4295 = CARTESIAN_POINT('',(14.043875007557,15.028163280168,-25.5));
#4296 = CARTESIAN_POINT('',(14.042692184563,15.05632928092,
    -25.49933895092));
#4297 = CARTESIAN_POINT('',(14.040325346333,15.084286038105,
    -25.49801685089));
#4298 = CARTESIAN_POINT('',(14.036765458372,15.111820840773,
    -25.49607015831));
#4299 = CARTESIAN_POINT('',(14.030023927487,15.149839735147,
    -25.49253903256));
#4300 = CARTESIAN_POINT('',(14.027845665841,15.160849846198,
    -25.49141206055));
#4301 = CARTESIAN_POINT('',(14.025459857936,15.17173487127,
    -25.49019608198));
#4302 = CARTESIAN_POINT('',(14.022865680849,15.182478743297,
    -25.4888973992));
#4303 = CARTESIAN_POINT('',(14.015791117661,15.209195899085,
    -25.48542979109));
#4304 = CARTESIAN_POINT('',(14.011034649254,15.224960985596,
    -25.48316126311));
#4305 = CARTESIAN_POINT('',(14.005790396712,15.240301709889,
    -25.48074420024));
#4306 = CARTESIAN_POINT('',(14.000059291718,15.255157974561,
    -25.47821041076));
#4307 = CARTESIAN_POINT('',(13.982932453192,15.294603031366,
    -25.47100709867));
#4308 = CARTESIAN_POINT('',(13.970522323663,15.3180748919,
    -25.46616778518));
#4309 = CARTESIAN_POINT('',(13.956656070073,15.339506363726,
    -25.46128551163));
#4310 = CARTESIAN_POINT('',(13.941426435072,15.358573564928,
    -25.45661004212));
#4311 = CARTESIAN_POINT('',(13.925,15.375,-25.45236875482));
#4312 = ORIENTED_EDGE('',*,*,#4313,.T.);
#4313 = EDGE_CURVE('',#4275,#4314,#4316,.T.);
#4314 = VERTEX_POINT('',#4315);
#4315 = CARTESIAN_POINT('',(13.925,12.,-25.45236875482));
#4316 = LINE('',#4317,#4318);
#4317 = CARTESIAN_POINT('',(13.925,21.5,-25.45236875482));
#4318 = VECTOR('',#4319,1.);
#4319 = DIRECTION('',(0.,-1.,2.2E-16));
#4320 = ORIENTED_EDGE('',*,*,#4321,.T.);
#4321 = EDGE_CURVE('',#4314,#4322,#4324,.T.);
#4322 = VERTEX_POINT('',#4323);
#4323 = CARTESIAN_POINT('',(14.3,12.,-25.9364916731));
#4324 = CIRCLE('',#4325,0.5);
#4325 = AXIS2_PLACEMENT_3D('',#4326,#4327,#4328);
#4326 = CARTESIAN_POINT('',(13.8,12.,-25.9364916731));
#4327 = DIRECTION('',(0.,1.,-0.));
#4328 = DIRECTION('',(-1.,0.,0.));
#4329 = ORIENTED_EDGE('',*,*,#4330,.F.);
#4330 = EDGE_CURVE('',#1898,#4322,#4331,.T.);
#4331 = LINE('',#4332,#4333);
#4332 = CARTESIAN_POINT('',(14.3,21.5,-25.9364916731));
#4333 = VECTOR('',#4334,1.);
#4334 = DIRECTION('',(0.,-1.,2.2E-16));
#4335 = CYLINDRICAL_SURFACE('',#4336,0.5);
#4336 = AXIS2_PLACEMENT_3D('',#4337,#4338,#4339);
#4337 = CARTESIAN_POINT('',(13.8,21.5,-25.9364916731));
#4338 = DIRECTION('',(0.,1.,-2.2E-16));
#4339 = DIRECTION('',(-1.,0.,0.));
#4340 = ADVANCED_FACE('',(#4341),#4359,.F.);
#4341 = FACE_BOUND('',#4342,.F.);
#4342 = EDGE_LOOP('',(#4343,#4344,#4352,#4358));
#4343 = ORIENTED_EDGE('',*,*,#1908,.F.);
#4344 = ORIENTED_EDGE('',*,*,#4345,.T.);
#4345 = EDGE_CURVE('',#1909,#4346,#4348,.T.);
#4346 = VERTEX_POINT('',#4347);
#4347 = CARTESIAN_POINT('',(14.3,12.,-26.7));
#4348 = LINE('',#4349,#4350);
#4349 = CARTESIAN_POINT('',(14.3,21.5,-26.7));
#4350 = VECTOR('',#4351,1.);
#4351 = DIRECTION('',(0.,-1.,2.2E-16));
#4352 = ORIENTED_EDGE('',*,*,#4353,.T.);
#4353 = EDGE_CURVE('',#4346,#4322,#4354,.T.);
#4354 = LINE('',#4355,#4356);
#4355 = CARTESIAN_POINT('',(14.3,12.,-26.7));
#4356 = VECTOR('',#4357,1.);
#4357 = DIRECTION('',(0.,0.,1.));
#4358 = ORIENTED_EDGE('',*,*,#4330,.F.);
#4359 = PLANE('',#4360);
#4360 = AXIS2_PLACEMENT_3D('',#4361,#4362,#4363);
#4361 = CARTESIAN_POINT('',(14.3,21.5,-26.7));
#4362 = DIRECTION('',(-1.,0.,0.));
#4363 = DIRECTION('',(0.,2.2E-16,1.));
#4364 = ADVANCED_FACE('',(#4365),#4383,.F.);
#4365 = FACE_BOUND('',#4366,.F.);
#4366 = EDGE_LOOP('',(#4367,#4375,#4381,#4382));
#4367 = ORIENTED_EDGE('',*,*,#4368,.T.);
#4368 = EDGE_CURVE('',#2049,#4369,#4371,.T.);
#4369 = VERTEX_POINT('',#4370);
#4370 = CARTESIAN_POINT('',(16.5,12.,-26.7));
#4371 = LINE('',#4372,#4373);
#4372 = CARTESIAN_POINT('',(16.5,21.5,-26.7));
#4373 = VECTOR('',#4374,1.);
#4374 = DIRECTION('',(0.,-1.,2.2E-16));
#4375 = ORIENTED_EDGE('',*,*,#4376,.T.);
#4376 = EDGE_CURVE('',#4369,#4346,#4377,.T.);
#4377 = LINE('',#4378,#4379);
#4378 = CARTESIAN_POINT('',(16.5,12.,-26.7));
#4379 = VECTOR('',#4380,1.);
#4380 = DIRECTION('',(-1.,0.,0.));
#4381 = ORIENTED_EDGE('',*,*,#4345,.F.);
#4382 = ORIENTED_EDGE('',*,*,#2058,.F.);
#4383 = PLANE('',#4384);
#4384 = AXIS2_PLACEMENT_3D('',#4385,#4386,#4387);
#4385 = CARTESIAN_POINT('',(16.5,21.5,-26.7));
#4386 = DIRECTION('',(-0.,-2.2E-16,-1.));
#4387 = DIRECTION('',(-1.,0.,0.));
#4388 = ADVANCED_FACE('',(#4389),#4419,.F.);
#4389 = FACE_BOUND('',#4390,.F.);
#4390 = EDGE_LOOP('',(#4391,#4399,#4400,#4401,#4402,#4403,#4412));
#4391 = ORIENTED_EDGE('',*,*,#4392,.F.);
#4392 = EDGE_CURVE('',#2181,#4393,#4395,.T.);
#4393 = VERTEX_POINT('',#4394);
#4394 = CARTESIAN_POINT('',(13.925,15.375,-22.54763124517));
#4395 = LINE('',#4396,#4397);
#4396 = CARTESIAN_POINT('',(13.925,21.5,-22.54763124517));
#4397 = VECTOR('',#4398,1.);
#4398 = DIRECTION('',(0.,-1.,2.2E-16));
#4399 = ORIENTED_EDGE('',*,*,#2180,.F.);
#4400 = ORIENTED_EDGE('',*,*,#2140,.F.);
#4401 = ORIENTED_EDGE('',*,*,#2073,.F.);
#4402 = ORIENTED_EDGE('',*,*,#4266,.T.);
#4403 = ORIENTED_EDGE('',*,*,#4404,.T.);
#4404 = EDGE_CURVE('',#4267,#4405,#4407,.T.);
#4405 = VERTEX_POINT('',#4406);
#4406 = CARTESIAN_POINT('',(12.8,16.5,-24.));
#4407 = ELLIPSE('',#4408,2.12132034356,1.5);
#4408 = AXIS2_PLACEMENT_3D('',#4409,#4410,#4411);
#4409 = CARTESIAN_POINT('',(14.3,15.,-24.));
#4410 = DIRECTION('',(0.707106781187,0.707106781187,-1.6E-16));
#4411 = DIRECTION('',(0.707106781187,-0.707106781187,1.6E-16));
#4412 = ORIENTED_EDGE('',*,*,#4413,.T.);
#4413 = EDGE_CURVE('',#4405,#4393,#4414,.T.);
#4414 = ELLIPSE('',#4415,2.12132034356,1.5);
#4415 = AXIS2_PLACEMENT_3D('',#4416,#4417,#4418);
#4416 = CARTESIAN_POINT('',(14.3,15.,-24.));
#4417 = DIRECTION('',(0.707106781187,0.707106781187,-1.6E-16));
#4418 = DIRECTION('',(0.707106781187,-0.707106781187,1.6E-16));
#4419 = CYLINDRICAL_SURFACE('',#4420,1.5);
#4420 = AXIS2_PLACEMENT_3D('',#4421,#4422,#4423);
#4421 = CARTESIAN_POINT('',(14.3,21.5,-24.));
#4422 = DIRECTION('',(0.,1.,-2.2E-16));
#4423 = DIRECTION('',(-1.,0.,0.));
#4424 = ADVANCED_FACE('',(#4425,#4443),#4447,.F.);
#4425 = FACE_BOUND('',#4426,.F.);
#4426 = EDGE_LOOP('',(#4427,#4435,#4441,#4442));
#4427 = ORIENTED_EDGE('',*,*,#4428,.T.);
#4428 = EDGE_CURVE('',#2107,#4429,#4431,.T.);
#4429 = VERTEX_POINT('',#4430);
#4430 = CARTESIAN_POINT('',(16.5,12.,-21.3));
#4431 = LINE('',#4432,#4433);
#4432 = CARTESIAN_POINT('',(16.5,21.5,-21.3));
#4433 = VECTOR('',#4434,1.);
#4434 = DIRECTION('',(0.,-1.,2.2E-16));
#4435 = ORIENTED_EDGE('',*,*,#4436,.T.);
#4436 = EDGE_CURVE('',#4429,#4369,#4437,.T.);
#4437 = LINE('',#4438,#4439);
#4438 = CARTESIAN_POINT('',(16.5,12.,-21.3));
#4439 = VECTOR('',#4440,1.);
#4440 = DIRECTION('',(0.,0.,-1.));
#4441 = ORIENTED_EDGE('',*,*,#4368,.F.);
#4442 = ORIENTED_EDGE('',*,*,#2116,.F.);
#4443 = FACE_BOUND('',#4444,.F.);
#4444 = EDGE_LOOP('',(#4445,#4446));
#4445 = ORIENTED_EDGE('',*,*,#3701,.F.);
#4446 = ORIENTED_EDGE('',*,*,#3710,.F.);
#4447 = PLANE('',#4448);
#4448 = AXIS2_PLACEMENT_3D('',#4449,#4450,#4451);
#4449 = CARTESIAN_POINT('',(16.5,21.5,-21.3));
#4450 = DIRECTION('',(1.,0.,0.));
#4451 = DIRECTION('',(0.,-2.2E-16,-1.));
#4452 = ADVANCED_FACE('',(#4453),#4471,.F.);
#4453 = FACE_BOUND('',#4454,.F.);
#4454 = EDGE_LOOP('',(#4455,#4463,#4469,#4470));
#4455 = ORIENTED_EDGE('',*,*,#4456,.T.);
#4456 = EDGE_CURVE('',#2156,#4457,#4459,.T.);
#4457 = VERTEX_POINT('',#4458);
#4458 = CARTESIAN_POINT('',(14.3,12.,-21.3));
#4459 = LINE('',#4460,#4461);
#4460 = CARTESIAN_POINT('',(14.3,21.5,-21.3));
#4461 = VECTOR('',#4462,1.);
#4462 = DIRECTION('',(0.,-1.,2.2E-16));
#4463 = ORIENTED_EDGE('',*,*,#4464,.T.);
#4464 = EDGE_CURVE('',#4457,#4429,#4465,.T.);
#4465 = LINE('',#4466,#4467);
#4466 = CARTESIAN_POINT('',(14.3,12.,-21.3));
#4467 = VECTOR('',#4468,1.);
#4468 = DIRECTION('',(1.,0.,0.));
#4469 = ORIENTED_EDGE('',*,*,#4428,.F.);
#4470 = ORIENTED_EDGE('',*,*,#2165,.F.);
#4471 = PLANE('',#4472);
#4472 = AXIS2_PLACEMENT_3D('',#4473,#4474,#4475);
#4473 = CARTESIAN_POINT('',(14.3,21.5,-21.3));
#4474 = DIRECTION('',(0.,2.2E-16,1.));
#4475 = DIRECTION('',(1.,0.,0.));
#4476 = ADVANCED_FACE('',(#4477),#4544,.T.);
#4477 = FACE_BOUND('',#4478,.T.);
#4478 = EDGE_LOOP('',(#4479,#4480,#4488,#4497,#4505,#4542,#4543));
#4479 = ORIENTED_EDGE('',*,*,#2213,.T.);
#4480 = ORIENTED_EDGE('',*,*,#4481,.T.);
#4481 = EDGE_CURVE('',#2216,#4482,#4484,.T.);
#4482 = VERTEX_POINT('',#4483);
#4483 = CARTESIAN_POINT('',(14.3,12.,-22.06350832689));
#4484 = LINE('',#4485,#4486);
#4485 = CARTESIAN_POINT('',(14.3,21.5,-22.06350832689));
#4486 = VECTOR('',#4487,1.);
#4487 = DIRECTION('',(0.,-1.,2.2E-16));
#4488 = ORIENTED_EDGE('',*,*,#4489,.T.);
#4489 = EDGE_CURVE('',#4482,#4490,#4492,.T.);
#4490 = VERTEX_POINT('',#4491);
#4491 = CARTESIAN_POINT('',(13.925,12.,-22.54763124517));
#4492 = CIRCLE('',#4493,0.5);
#4493 = AXIS2_PLACEMENT_3D('',#4494,#4495,#4496);
#4494 = CARTESIAN_POINT('',(13.8,12.,-22.06350832689));
#4495 = DIRECTION('',(0.,1.,-0.));
#4496 = DIRECTION('',(-1.,0.,0.));
#4497 = ORIENTED_EDGE('',*,*,#4498,.F.);
#4498 = EDGE_CURVE('',#4499,#4490,#4501,.T.);
#4499 = VERTEX_POINT('',#4500);
#4500 = CARTESIAN_POINT('',(13.925,14.625,-22.54763124517));
#4501 = LINE('',#4502,#4503);
#4502 = CARTESIAN_POINT('',(13.925,21.5,-22.54763124517));
#4503 = VECTOR('',#4504,1.);
#4504 = DIRECTION('',(0.,-1.,2.2E-16));
#4505 = ORIENTED_EDGE('',*,*,#4506,.F.);
#4506 = EDGE_CURVE('',#4393,#4499,#4507,.T.);
#4507 = B_SPLINE_CURVE_WITH_KNOTS('',5,(#4508,#4509,#4510,#4511,#4512,
    #4513,#4514,#4515,#4516,#4517,#4518,#4519,#4520,#4521,#4522,#4523,
    #4524,#4525,#4526,#4527,#4528,#4529,#4530,#4531,#4532,#4533,#4534,
    #4535,#4536,#4537,#4538,#4539,#4540,#4541),.UNSPECIFIED.,.F.,.F.,(6,
    4,4,4,4,4,4,4,6),(0.,0.174947229476,0.274687824134,0.342642731189,
    0.500001121762,0.658751315977,0.724374491317,0.824368033412,1.),
  .UNSPECIFIED.);
#4508 = CARTESIAN_POINT('',(13.925,15.375,-22.54763124517));
#4509 = CARTESIAN_POINT('',(13.94136208584,15.35863791416,
    -22.54340657277));
#4510 = CARTESIAN_POINT('',(13.956536948345,15.339655492304,
    -22.53875105899));
#4511 = CARTESIAN_POINT('',(13.970359760782,15.318325992115,
    -22.53388942323));
#4512 = CARTESIAN_POINT('',(13.982738446145,15.294969491021,
    -22.52906850414));
#4513 = CARTESIAN_POINT('',(13.999843311447,15.255699991522,
    -22.52188375346));
#4514 = CARTESIAN_POINT('',(14.005574429769,15.240896450814,
    -22.51935325578));
#4515 = CARTESIAN_POINT('',(14.010821202575,15.225609496609,
    -22.51693810598));
#4516 = CARTESIAN_POINT('',(14.015582646546,15.20989879771,
    -22.51466995935));
#4517 = CARTESIAN_POINT('',(14.022776572091,15.182869498541,
    -22.51114784065));
#4518 = CARTESIAN_POINT('',(14.025467593608,15.171746722625,
    -22.5098009901));
#4519 = CARTESIAN_POINT('',(14.027935167254,15.160472465893,
    -22.50854280014));
#4520 = CARTESIAN_POINT('',(14.030180206923,15.14906456651,
    -22.50738026051));
#4521 = CARTESIAN_POINT('',(14.036889791331,15.110854810994,
    -22.50386184748));
#4522 = CARTESIAN_POINT('',(14.040387336628,15.083550503038,
    -22.50194851958));
#4523 = CARTESIAN_POINT('',(14.042712826984,15.055835323639,
    -22.50064950591));
#4524 = CARTESIAN_POINT('',(14.043875007557,15.027916365472,-22.5));
#4525 = CARTESIAN_POINT('',(14.043875007557,14.971836719832,-22.5));
#4526 = CARTESIAN_POINT('',(14.042692184563,14.94367071908,
    -22.50066104907));
#4527 = CARTESIAN_POINT('',(14.040325346333,14.915713961895,
    -22.5019831491));
#4528 = CARTESIAN_POINT('',(14.036765458372,14.888179159227,
    -22.50392984168));
#4529 = CARTESIAN_POINT('',(14.030023927487,14.850160264853,
    -22.50746096743));
#4530 = CARTESIAN_POINT('',(14.027845665841,14.839150153802,
    -22.50858793944));
#4531 = CARTESIAN_POINT('',(14.025459857936,14.82826512873,
    -22.50980391801));
#4532 = CARTESIAN_POINT('',(14.022865680849,14.817521256703,
    -22.51110260079));
#4533 = CARTESIAN_POINT('',(14.015791117661,14.790804100915,
    -22.5145702089));
#4534 = CARTESIAN_POINT('',(14.011034649254,14.775039014404,
    -22.51683873688));
#4535 = CARTESIAN_POINT('',(14.005790396712,14.759698290111,
    -22.51925579975));
#4536 = CARTESIAN_POINT('',(14.000059291718,14.744842025439,
    -22.52178958923));
#4537 = CARTESIAN_POINT('',(13.982932453192,14.705396968634,
    -22.52899290132));
#4538 = CARTESIAN_POINT('',(13.970522323663,14.6819251081,
    -22.53383221481));
#4539 = CARTESIAN_POINT('',(13.956656070073,14.660493636274,
    -22.53871448837));
#4540 = CARTESIAN_POINT('',(13.941426435072,14.641426435072,
    -22.54338995787));
#4541 = CARTESIAN_POINT('',(13.925,14.625,-22.54763124517));
#4542 = ORIENTED_EDGE('',*,*,#4392,.F.);
#4543 = ORIENTED_EDGE('',*,*,#2300,.T.);
#4544 = CYLINDRICAL_SURFACE('',#4545,0.5);
#4545 = AXIS2_PLACEMENT_3D('',#4546,#4547,#4548);
#4546 = CARTESIAN_POINT('',(13.8,21.5,-22.06350832689));
#4547 = DIRECTION('',(0.,1.,-2.2E-16));
#4548 = DIRECTION('',(-1.,0.,0.));
#4549 = ADVANCED_FACE('',(#4550),#4561,.F.);
#4550 = FACE_BOUND('',#4551,.F.);
#4551 = EDGE_LOOP('',(#4552,#4553,#4554,#4560));
#4552 = ORIENTED_EDGE('',*,*,#2285,.F.);
#4553 = ORIENTED_EDGE('',*,*,#4481,.T.);
#4554 = ORIENTED_EDGE('',*,*,#4555,.T.);
#4555 = EDGE_CURVE('',#4482,#4457,#4556,.T.);
#4556 = LINE('',#4557,#4558);
#4557 = CARTESIAN_POINT('',(14.3,12.,-26.7));
#4558 = VECTOR('',#4559,1.);
#4559 = DIRECTION('',(0.,0.,1.));
#4560 = ORIENTED_EDGE('',*,*,#4456,.F.);
#4561 = PLANE('',#4562);
#4562 = AXIS2_PLACEMENT_3D('',#4563,#4564,#4565);
#4563 = CARTESIAN_POINT('',(14.3,21.5,-26.7));
#4564 = DIRECTION('',(-1.,0.,0.));
#4565 = DIRECTION('',(0.,2.2E-16,1.));
#4566 = ADVANCED_FACE('',(#4567),#4641,.T.);
#4567 = FACE_BOUND('',#4568,.T.);
#4568 = EDGE_LOOP('',(#4569,#4570,#4571,#4579,#4618,#4626,#4635));
#4569 = ORIENTED_EDGE('',*,*,#2351,.T.);
#4570 = ORIENTED_EDGE('',*,*,#2445,.T.);
#4571 = ORIENTED_EDGE('',*,*,#4572,.T.);
#4572 = EDGE_CURVE('',#2446,#4573,#4575,.T.);
#4573 = VERTEX_POINT('',#4574);
#4574 = CARTESIAN_POINT('',(13.925,15.374999999999,22.547631245172));
#4575 = LINE('',#4576,#4577);
#4576 = CARTESIAN_POINT('',(13.925,21.5,22.547631245172));
#4577 = VECTOR('',#4578,1.);
#4578 = DIRECTION('',(0.,-1.,2.2E-16));
#4579 = ORIENTED_EDGE('',*,*,#4580,.F.);
#4580 = EDGE_CURVE('',#4581,#4573,#4583,.T.);
#4581 = VERTEX_POINT('',#4582);
#4582 = CARTESIAN_POINT('',(13.925,14.625000000001,22.547631245172));
#4583 = B_SPLINE_CURVE_WITH_KNOTS('',5,(#4584,#4585,#4586,#4587,#4588,
    #4589,#4590,#4591,#4592,#4593,#4594,#4595,#4596,#4597,#4598,#4599,
    #4600,#4601,#4602,#4603,#4604,#4605,#4606,#4607,#4608,#4609,#4610,
    #4611,#4612,#4613,#4614,#4615,#4616,#4617),.UNSPECIFIED.,.F.,.F.,(6,
    4,4,4,4,4,4,4,6),(0.,0.174947229476,0.274687824134,0.342642731189,
    0.500001121762,0.658751315977,0.724374491317,0.824368033412,1.),
  .UNSPECIFIED.);
#4584 = CARTESIAN_POINT('',(13.925,14.625,22.547631245172));
#4585 = CARTESIAN_POINT('',(13.94136208584,14.64136208584,
    22.543406572774));
#4586 = CARTESIAN_POINT('',(13.956536948345,14.660344507696,
    22.538751058998));
#4587 = CARTESIAN_POINT('',(13.970359760782,14.681674007885,
    22.533889423239));
#4588 = CARTESIAN_POINT('',(13.982738446145,14.705030508979,
    22.529068504148));
#4589 = CARTESIAN_POINT('',(13.999843311447,14.744300008478,
    22.521883753463));
#4590 = CARTESIAN_POINT('',(14.005574429769,14.759103549186,
    22.51935325578));
#4591 = CARTESIAN_POINT('',(14.010821202575,14.774390503391,
    22.516938105985));
#4592 = CARTESIAN_POINT('',(14.015582646547,14.79010120229,
    22.514669959354));
#4593 = CARTESIAN_POINT('',(14.022776572091,14.817130501459,
    22.511147840651));
#4594 = CARTESIAN_POINT('',(14.025467593608,14.828253277375,
    22.509800990109));
#4595 = CARTESIAN_POINT('',(14.027935167254,14.839527534107,
    22.508542800141));
#4596 = CARTESIAN_POINT('',(14.030180206923,14.85093543349,
    22.507380260512));
#4597 = CARTESIAN_POINT('',(14.036889791331,14.889145189006,
    22.50386184748));
#4598 = CARTESIAN_POINT('',(14.040387336628,14.916449496962,
    22.501948519588));
#4599 = CARTESIAN_POINT('',(14.042712826984,14.944164676361,
    22.500649505912));
#4600 = CARTESIAN_POINT('',(14.043875007557,14.972083634528,22.5));
#4601 = CARTESIAN_POINT('',(14.043875007557,15.028163280168,22.5));
#4602 = CARTESIAN_POINT('',(14.042692184563,15.05632928092,
    22.500661049079));
#4603 = CARTESIAN_POINT('',(14.040325346333,15.084286038105,
    22.501983149107));
#4604 = CARTESIAN_POINT('',(14.036765458372,15.111820840773,
    22.503929841682));
#4605 = CARTESIAN_POINT('',(14.030023927487,15.149839735147,
    22.507460967435));
#4606 = CARTESIAN_POINT('',(14.027845665841,15.160849846198,
    22.508587939446));
#4607 = CARTESIAN_POINT('',(14.025459857936,15.17173487127,
    22.509803918014));
#4608 = CARTESIAN_POINT('',(14.022865680849,15.182478743297,
    22.511102600792));
#4609 = CARTESIAN_POINT('',(14.015791117661,15.209195899085,
    22.514570208906));
#4610 = CARTESIAN_POINT('',(14.011034649254,15.224960985596,
    22.516838736887));
#4611 = CARTESIAN_POINT('',(14.005790396712,15.240301709889,
    22.519255799754));
#4612 = CARTESIAN_POINT('',(14.000059291718,15.255157974561,
    22.521789589234));
#4613 = CARTESIAN_POINT('',(13.982932453192,15.294603031366,
    22.528992901327));
#4614 = CARTESIAN_POINT('',(13.970522323663,15.3180748919,
    22.533832214814));
#4615 = CARTESIAN_POINT('',(13.956656070073,15.339506363726,
    22.53871448837));
#4616 = CARTESIAN_POINT('',(13.941426435072,15.358573564928,
    22.543389957874));
#4617 = CARTESIAN_POINT('',(13.925,15.375,22.547631245172));
#4618 = ORIENTED_EDGE('',*,*,#4619,.T.);
#4619 = EDGE_CURVE('',#4581,#4620,#4622,.T.);
#4620 = VERTEX_POINT('',#4621);
#4621 = CARTESIAN_POINT('',(13.925,12.,22.547631245172));
#4622 = LINE('',#4623,#4624);
#4623 = CARTESIAN_POINT('',(13.925,21.5,22.547631245172));
#4624 = VECTOR('',#4625,1.);
#4625 = DIRECTION('',(0.,-1.,2.2E-16));
#4626 = ORIENTED_EDGE('',*,*,#4627,.T.);
#4627 = EDGE_CURVE('',#4620,#4628,#4630,.T.);
#4628 = VERTEX_POINT('',#4629);
#4629 = CARTESIAN_POINT('',(14.3,12.,22.063508326896));
#4630 = CIRCLE('',#4631,0.5);
#4631 = AXIS2_PLACEMENT_3D('',#4632,#4633,#4634);
#4632 = CARTESIAN_POINT('',(13.8,12.,22.063508326896));
#4633 = DIRECTION('',(0.,1.,-0.));
#4634 = DIRECTION('',(-1.,0.,0.));
#4635 = ORIENTED_EDGE('',*,*,#4636,.F.);
#4636 = EDGE_CURVE('',#2352,#4628,#4637,.T.);
#4637 = LINE('',#4638,#4639);
#4638 = CARTESIAN_POINT('',(14.3,21.5,22.063508326896));
#4639 = VECTOR('',#4640,1.);
#4640 = DIRECTION('',(0.,-1.,2.2E-16));
#4641 = CYLINDRICAL_SURFACE('',#4642,0.5);
#4642 = AXIS2_PLACEMENT_3D('',#4643,#4644,#4645);
#4643 = CARTESIAN_POINT('',(13.8,21.5,22.063508326896));
#4644 = DIRECTION('',(0.,1.,-2.2E-16));
#4645 = DIRECTION('',(-1.,0.,0.));
#4646 = ADVANCED_FACE('',(#4647),#4665,.F.);
#4647 = FACE_BOUND('',#4648,.F.);
#4648 = EDGE_LOOP('',(#4649,#4650,#4658,#4664));
#4649 = ORIENTED_EDGE('',*,*,#2362,.F.);
#4650 = ORIENTED_EDGE('',*,*,#4651,.T.);
#4651 = EDGE_CURVE('',#2363,#4652,#4654,.T.);
#4652 = VERTEX_POINT('',#4653);
#4653 = CARTESIAN_POINT('',(14.299999999999,12.,21.3));
#4654 = LINE('',#4655,#4656);
#4655 = CARTESIAN_POINT('',(14.3,21.5,21.3));
#4656 = VECTOR('',#4657,1.);
#4657 = DIRECTION('',(0.,-1.,2.2E-16));
#4658 = ORIENTED_EDGE('',*,*,#4659,.T.);
#4659 = EDGE_CURVE('',#4652,#4628,#4660,.T.);
#4660 = LINE('',#4661,#4662);
#4661 = CARTESIAN_POINT('',(14.3,12.,21.3));
#4662 = VECTOR('',#4663,1.);
#4663 = DIRECTION('',(0.,0.,1.));
#4664 = ORIENTED_EDGE('',*,*,#4636,.F.);
#4665 = PLANE('',#4666);
#4666 = AXIS2_PLACEMENT_3D('',#4667,#4668,#4669);
#4667 = CARTESIAN_POINT('',(14.3,21.5,21.3));
#4668 = DIRECTION('',(-1.,0.,0.));
#4669 = DIRECTION('',(0.,2.2E-16,1.));
#4670 = ADVANCED_FACE('',(#4671),#4689,.F.);
#4671 = FACE_BOUND('',#4672,.F.);
#4672 = EDGE_LOOP('',(#4673,#4681,#4687,#4688));
#4673 = ORIENTED_EDGE('',*,*,#4674,.T.);
#4674 = EDGE_CURVE('',#2503,#4675,#4677,.T.);
#4675 = VERTEX_POINT('',#4676);
#4676 = CARTESIAN_POINT('',(16.500000000001,12.,21.3));
#4677 = LINE('',#4678,#4679);
#4678 = CARTESIAN_POINT('',(16.5,21.5,21.3));
#4679 = VECTOR('',#4680,1.);
#4680 = DIRECTION('',(0.,-1.,2.2E-16));
#4681 = ORIENTED_EDGE('',*,*,#4682,.T.);
#4682 = EDGE_CURVE('',#4675,#4652,#4683,.T.);
#4683 = LINE('',#4684,#4685);
#4684 = CARTESIAN_POINT('',(16.5,12.,21.3));
#4685 = VECTOR('',#4686,1.);
#4686 = DIRECTION('',(-1.,0.,0.));
#4687 = ORIENTED_EDGE('',*,*,#4651,.F.);
#4688 = ORIENTED_EDGE('',*,*,#2512,.F.);
#4689 = PLANE('',#4690);
#4690 = AXIS2_PLACEMENT_3D('',#4691,#4692,#4693);
#4691 = CARTESIAN_POINT('',(16.5,21.5,21.3));
#4692 = DIRECTION('',(-0.,-2.2E-16,-1.));
#4693 = DIRECTION('',(-1.,0.,0.));
#4694 = ADVANCED_FACE('',(#4695),#4725,.F.);
#4695 = FACE_BOUND('',#4696,.F.);
#4696 = EDGE_LOOP('',(#4697,#4705,#4706,#4707,#4708,#4709,#4718));
#4697 = ORIENTED_EDGE('',*,*,#4698,.F.);
#4698 = EDGE_CURVE('',#2635,#4699,#4701,.T.);
#4699 = VERTEX_POINT('',#4700);
#4700 = CARTESIAN_POINT('',(13.925,15.375,25.452368754828));
#4701 = LINE('',#4702,#4703);
#4702 = CARTESIAN_POINT('',(13.925,21.5,25.452368754828));
#4703 = VECTOR('',#4704,1.);
#4704 = DIRECTION('',(0.,-1.,2.2E-16));
#4705 = ORIENTED_EDGE('',*,*,#2634,.F.);
#4706 = ORIENTED_EDGE('',*,*,#2594,.F.);
#4707 = ORIENTED_EDGE('',*,*,#2527,.F.);
#4708 = ORIENTED_EDGE('',*,*,#4572,.T.);
#4709 = ORIENTED_EDGE('',*,*,#4710,.T.);
#4710 = EDGE_CURVE('',#4573,#4711,#4713,.T.);
#4711 = VERTEX_POINT('',#4712);
#4712 = CARTESIAN_POINT('',(12.8,16.5,24.));
#4713 = ELLIPSE('',#4714,2.12132034356,1.5);
#4714 = AXIS2_PLACEMENT_3D('',#4715,#4716,#4717);
#4715 = CARTESIAN_POINT('',(14.3,15.,24.));
#4716 = DIRECTION('',(0.707106781187,0.707106781187,-1.6E-16));
#4717 = DIRECTION('',(0.707106781187,-0.707106781187,1.6E-16));
#4718 = ORIENTED_EDGE('',*,*,#4719,.T.);
#4719 = EDGE_CURVE('',#4711,#4699,#4720,.T.);
#4720 = ELLIPSE('',#4721,2.12132034356,1.5);
#4721 = AXIS2_PLACEMENT_3D('',#4722,#4723,#4724);
#4722 = CARTESIAN_POINT('',(14.3,15.,24.));
#4723 = DIRECTION('',(0.707106781187,0.707106781187,-1.6E-16));
#4724 = DIRECTION('',(0.707106781187,-0.707106781187,1.6E-16));
#4725 = CYLINDRICAL_SURFACE('',#4726,1.5);
#4726 = AXIS2_PLACEMENT_3D('',#4727,#4728,#4729);
#4727 = CARTESIAN_POINT('',(14.3,21.5,24.));
#4728 = DIRECTION('',(0.,1.,-2.2E-16));
#4729 = DIRECTION('',(-1.,0.,0.));
#4730 = ADVANCED_FACE('',(#4731,#4749),#4753,.F.);
#4731 = FACE_BOUND('',#4732,.F.);
#4732 = EDGE_LOOP('',(#4733,#4741,#4747,#4748));
#4733 = ORIENTED_EDGE('',*,*,#4734,.T.);
#4734 = EDGE_CURVE('',#2561,#4735,#4737,.T.);
#4735 = VERTEX_POINT('',#4736);
#4736 = CARTESIAN_POINT('',(16.500000000001,12.,26.7));
#4737 = LINE('',#4738,#4739);
#4738 = CARTESIAN_POINT('',(16.5,21.5,26.7));
#4739 = VECTOR('',#4740,1.);
#4740 = DIRECTION('',(0.,-1.,2.2E-16));
#4741 = ORIENTED_EDGE('',*,*,#4742,.T.);
#4742 = EDGE_CURVE('',#4735,#4675,#4743,.T.);
#4743 = LINE('',#4744,#4745);
#4744 = CARTESIAN_POINT('',(16.5,12.,26.7));
#4745 = VECTOR('',#4746,1.);
#4746 = DIRECTION('',(0.,0.,-1.));
#4747 = ORIENTED_EDGE('',*,*,#4674,.F.);
#4748 = ORIENTED_EDGE('',*,*,#2570,.F.);
#4749 = FACE_BOUND('',#4750,.F.);
#4750 = EDGE_LOOP('',(#4751,#4752));
#4751 = ORIENTED_EDGE('',*,*,#3727,.F.);
#4752 = ORIENTED_EDGE('',*,*,#3738,.F.);
#4753 = PLANE('',#4754);
#4754 = AXIS2_PLACEMENT_3D('',#4755,#4756,#4757);
#4755 = CARTESIAN_POINT('',(16.5,21.5,26.7));
#4756 = DIRECTION('',(1.,0.,0.));
#4757 = DIRECTION('',(0.,-2.2E-16,-1.));
#4758 = ADVANCED_FACE('',(#4759),#4777,.F.);
#4759 = FACE_BOUND('',#4760,.F.);
#4760 = EDGE_LOOP('',(#4761,#4769,#4775,#4776));
#4761 = ORIENTED_EDGE('',*,*,#4762,.T.);
#4762 = EDGE_CURVE('',#2610,#4763,#4765,.T.);
#4763 = VERTEX_POINT('',#4764);
#4764 = CARTESIAN_POINT('',(14.299999999999,12.,26.7));
#4765 = LINE('',#4766,#4767);
#4766 = CARTESIAN_POINT('',(14.3,21.5,26.7));
#4767 = VECTOR('',#4768,1.);
#4768 = DIRECTION('',(0.,-1.,2.2E-16));
#4769 = ORIENTED_EDGE('',*,*,#4770,.T.);
#4770 = EDGE_CURVE('',#4763,#4735,#4771,.T.);
#4771 = LINE('',#4772,#4773);
#4772 = CARTESIAN_POINT('',(14.3,12.,26.7));
#4773 = VECTOR('',#4774,1.);
#4774 = DIRECTION('',(1.,0.,0.));
#4775 = ORIENTED_EDGE('',*,*,#4734,.F.);
#4776 = ORIENTED_EDGE('',*,*,#2619,.F.);
#4777 = PLANE('',#4778);
#4778 = AXIS2_PLACEMENT_3D('',#4779,#4780,#4781);
#4779 = CARTESIAN_POINT('',(14.3,21.5,26.7));
#4780 = DIRECTION('',(0.,2.2E-16,1.));
#4781 = DIRECTION('',(1.,0.,0.));
#4782 = ADVANCED_FACE('',(#4783),#4850,.T.);
#4783 = FACE_BOUND('',#4784,.T.);
#4784 = EDGE_LOOP('',(#4785,#4786,#4794,#4803,#4811,#4848,#4849));
#4785 = ORIENTED_EDGE('',*,*,#2667,.T.);
#4786 = ORIENTED_EDGE('',*,*,#4787,.T.);
#4787 = EDGE_CURVE('',#2670,#4788,#4790,.T.);
#4788 = VERTEX_POINT('',#4789);
#4789 = CARTESIAN_POINT('',(14.29999999998,12.,25.93649797608));
#4790 = LINE('',#4791,#4792);
#4791 = CARTESIAN_POINT('',(14.29999999998,21.5,25.93649797608));
#4792 = VECTOR('',#4793,1.);
#4793 = DIRECTION('',(0.,-1.,2.2E-16));
#4794 = ORIENTED_EDGE('',*,*,#4795,.T.);
#4795 = EDGE_CURVE('',#4788,#4796,#4798,.T.);
#4796 = VERTEX_POINT('',#4797);
#4797 = CARTESIAN_POINT('',(13.925,12.,25.452368754828));
#4798 = CIRCLE('',#4799,0.5);
#4799 = AXIS2_PLACEMENT_3D('',#4800,#4801,#4802);
#4800 = CARTESIAN_POINT('',(13.8,12.,25.936491673104));
#4801 = DIRECTION('',(0.,1.,-0.));
#4802 = DIRECTION('',(-1.,0.,0.));
#4803 = ORIENTED_EDGE('',*,*,#4804,.F.);
#4804 = EDGE_CURVE('',#4805,#4796,#4807,.T.);
#4805 = VERTEX_POINT('',#4806);
#4806 = CARTESIAN_POINT('',(13.925,14.625,25.452368754828));
#4807 = LINE('',#4808,#4809);
#4808 = CARTESIAN_POINT('',(13.925,21.5,25.452368754828));
#4809 = VECTOR('',#4810,1.);
#4810 = DIRECTION('',(0.,-1.,2.2E-16));
#4811 = ORIENTED_EDGE('',*,*,#4812,.F.);
#4812 = EDGE_CURVE('',#4699,#4805,#4813,.T.);
#4813 = B_SPLINE_CURVE_WITH_KNOTS('',5,(#4814,#4815,#4816,#4817,#4818,
    #4819,#4820,#4821,#4822,#4823,#4824,#4825,#4826,#4827,#4828,#4829,
    #4830,#4831,#4832,#4833,#4834,#4835,#4836,#4837,#4838,#4839,#4840,
    #4841,#4842,#4843,#4844,#4845,#4846,#4847),.UNSPECIFIED.,.F.,.F.,(6,
    4,4,4,4,4,4,4,6),(0.,0.174947229476,0.274687824134,0.342642731189,
    0.500001121762,0.658751315977,0.724374491317,0.824368033412,1.),
  .UNSPECIFIED.);
#4814 = CARTESIAN_POINT('',(13.925,15.375,25.452368754828));
#4815 = CARTESIAN_POINT('',(13.94136208584,15.35863791416,
    25.456593427226));
#4816 = CARTESIAN_POINT('',(13.956536948345,15.339655492304,
    25.461248941002));
#4817 = CARTESIAN_POINT('',(13.970359760782,15.318325992115,
    25.466110576761));
#4818 = CARTESIAN_POINT('',(13.982738446145,15.294969491021,
    25.470931495852));
#4819 = CARTESIAN_POINT('',(13.999843311447,15.255699991522,
    25.478116246537));
#4820 = CARTESIAN_POINT('',(14.005574429769,15.240896450814,
    25.48064674422));
#4821 = CARTESIAN_POINT('',(14.010821202575,15.225609496609,
    25.483061894015));
#4822 = CARTESIAN_POINT('',(14.015582646546,15.20989879771,
    25.485330040646));
#4823 = CARTESIAN_POINT('',(14.022776572091,15.182869498541,
    25.488852159349));
#4824 = CARTESIAN_POINT('',(14.025467593608,15.171746722625,
    25.490199009891));
#4825 = CARTESIAN_POINT('',(14.027935167254,15.160472465893,
    25.491457199859));
#4826 = CARTESIAN_POINT('',(14.030180206923,15.14906456651,
    25.492619739488));
#4827 = CARTESIAN_POINT('',(14.036889791331,15.110854810994,
    25.49613815252));
#4828 = CARTESIAN_POINT('',(14.040387336628,15.083550503038,
    25.498051480412));
#4829 = CARTESIAN_POINT('',(14.042712826984,15.055835323639,
    25.499350494088));
#4830 = CARTESIAN_POINT('',(14.043875007557,15.027916365472,25.5));
#4831 = CARTESIAN_POINT('',(14.043875007557,14.971836719832,25.5));
#4832 = CARTESIAN_POINT('',(14.042692184563,14.94367071908,
    25.499338950921));
#4833 = CARTESIAN_POINT('',(14.040325346333,14.915713961895,
    25.498016850893));
#4834 = CARTESIAN_POINT('',(14.036765458372,14.888179159227,
    25.496070158318));
#4835 = CARTESIAN_POINT('',(14.030023927487,14.850160264853,
    25.492539032565));
#4836 = CARTESIAN_POINT('',(14.027845665841,14.839150153802,
    25.491412060554));
#4837 = CARTESIAN_POINT('',(14.025459857936,14.82826512873,
    25.490196081986));
#4838 = CARTESIAN_POINT('',(14.022865680849,14.817521256703,
    25.488897399208));
#4839 = CARTESIAN_POINT('',(14.015791117661,14.790804100915,
    25.485429791094));
#4840 = CARTESIAN_POINT('',(14.011034649254,14.775039014404,
    25.483161263113));
#4841 = CARTESIAN_POINT('',(14.005790396712,14.759698290111,
    25.480744200246));
#4842 = CARTESIAN_POINT('',(14.000059291718,14.744842025439,
    25.478210410766));
#4843 = CARTESIAN_POINT('',(13.982932453192,14.705396968634,
    25.471007098673));
#4844 = CARTESIAN_POINT('',(13.970522323663,14.6819251081,
    25.466167785186));
#4845 = CARTESIAN_POINT('',(13.956656070073,14.660493636274,
    25.46128551163));
#4846 = CARTESIAN_POINT('',(13.941426435072,14.641426435072,
    25.456610042126));
#4847 = CARTESIAN_POINT('',(13.925,14.625,25.452368754828));
#4848 = ORIENTED_EDGE('',*,*,#4698,.F.);
#4849 = ORIENTED_EDGE('',*,*,#2754,.T.);
#4850 = CYLINDRICAL_SURFACE('',#4851,0.5);
#4851 = AXIS2_PLACEMENT_3D('',#4852,#4853,#4854);
#4852 = CARTESIAN_POINT('',(13.8,21.5,25.936491673104));
#4853 = DIRECTION('',(0.,1.,-2.2E-16));
#4854 = DIRECTION('',(-1.,0.,0.));
#4855 = ADVANCED_FACE('',(#4856),#4867,.F.);
#4856 = FACE_BOUND('',#4857,.F.);
#4857 = EDGE_LOOP('',(#4858,#4859,#4860,#4866));
#4858 = ORIENTED_EDGE('',*,*,#2739,.F.);
#4859 = ORIENTED_EDGE('',*,*,#4787,.T.);
#4860 = ORIENTED_EDGE('',*,*,#4861,.T.);
#4861 = EDGE_CURVE('',#4788,#4763,#4862,.T.);
#4862 = LINE('',#4863,#4864);
#4863 = CARTESIAN_POINT('',(14.3,12.,21.3));
#4864 = VECTOR('',#4865,1.);
#4865 = DIRECTION('',(0.,0.,1.));
#4866 = ORIENTED_EDGE('',*,*,#4762,.F.);
#4867 = PLANE('',#4868);
#4868 = AXIS2_PLACEMENT_3D('',#4869,#4870,#4871);
#4869 = CARTESIAN_POINT('',(14.3,21.5,21.3));
#4870 = DIRECTION('',(-1.,0.,0.));
#4871 = DIRECTION('',(0.,2.2E-16,1.));
#4872 = ADVANCED_FACE('',(#4873),#4889,.T.);
#4873 = FACE_BOUND('',#4874,.T.);
#4874 = EDGE_LOOP('',(#4875,#4876,#4877,#4878,#4879,#4886,#4887,#4888));
#4875 = ORIENTED_EDGE('',*,*,#2977,.T.);
#4876 = ORIENTED_EDGE('',*,*,#2917,.T.);
#4877 = ORIENTED_EDGE('',*,*,#2894,.T.);
#4878 = ORIENTED_EDGE('',*,*,#2862,.F.);
#4879 = ORIENTED_EDGE('',*,*,#4880,.T.);
#4880 = EDGE_CURVE('',#2855,#3047,#4881,.T.);
#4881 = CIRCLE('',#4882,1.5);
#4882 = AXIS2_PLACEMENT_3D('',#4883,#4884,#4885);
#4883 = CARTESIAN_POINT('',(-14.3,12.,-24.));
#4884 = DIRECTION('',(0.,1.,-0.));
#4885 = DIRECTION('',(-1.,0.,0.));
#4886 = ORIENTED_EDGE('',*,*,#3046,.F.);
#4887 = ORIENTED_EDGE('',*,*,#3112,.T.);
#4888 = ORIENTED_EDGE('',*,*,#3021,.T.);
#4889 = PLANE('',#4890);
#4890 = AXIS2_PLACEMENT_3D('',#4891,#4892,#4893);
#4891 = CARTESIAN_POINT('',(-15.06508127737,12.,-24.));
#4892 = DIRECTION('',(0.,1.,0.));
#4893 = DIRECTION('',(0.,0.,1.));
#4894 = ADVANCED_FACE('',(#4895),#4932,.F.);
#4895 = FACE_BOUND('',#4896,.T.);
#4896 = EDGE_LOOP('',(#4897,#4898,#4905,#4914,#4921,#4922,#4923,#4924,
    #4931));
#4897 = ORIENTED_EDGE('',*,*,#2945,.T.);
#4898 = ORIENTED_EDGE('',*,*,#4899,.F.);
#4899 = EDGE_CURVE('',#4900,#2946,#4902,.T.);
#4900 = VERTEX_POINT('',#4901);
#4901 = CARTESIAN_POINT('',(-11.5,16.5,-24.));
#4902 = B_SPLINE_CURVE_WITH_KNOTS('',1,(#4903,#4904),.UNSPECIFIED.,.F.,
  .F.,(2,2),(-20.,-17.2),.PIECEWISE_BEZIER_KNOTS.);
#4903 = CARTESIAN_POINT('',(-11.5,16.5,-24.));
#4904 = CARTESIAN_POINT('',(-14.3,16.5,-24.));
#4905 = ORIENTED_EDGE('',*,*,#4906,.T.);
#4906 = EDGE_CURVE('',#4900,#4907,#4909,.T.);
#4907 = VERTEX_POINT('',#4908);
#4908 = CARTESIAN_POINT('',(-11.5,13.5,-24.));
#4909 = CIRCLE('',#4910,1.5);
#4910 = AXIS2_PLACEMENT_3D('',#4911,#4912,#4913);
#4911 = CARTESIAN_POINT('',(-11.5,15.,-24.));
#4912 = DIRECTION('',(1.,-2.2E-16,2.2E-16));
#4913 = DIRECTION('',(2.2E-16,1.,0.));
#4914 = ORIENTED_EDGE('',*,*,#4915,.T.);
#4915 = EDGE_CURVE('',#4907,#4900,#4916,.T.);
#4916 = CIRCLE('',#4917,1.5);
#4917 = AXIS2_PLACEMENT_3D('',#4918,#4919,#4920);
#4918 = CARTESIAN_POINT('',(-11.5,15.,-24.));
#4919 = DIRECTION('',(1.,-2.2E-16,2.2E-16));
#4920 = DIRECTION('',(2.2E-16,1.,0.));
#4921 = ORIENTED_EDGE('',*,*,#4899,.T.);
#4922 = ORIENTED_EDGE('',*,*,#2954,.T.);
#4923 = ORIENTED_EDGE('',*,*,#3063,.F.);
#4924 = ORIENTED_EDGE('',*,*,#4925,.T.);
#4925 = EDGE_CURVE('',#3056,#2816,#4926,.T.);
#4926 = ELLIPSE('',#4927,2.12132034356,1.5);
#4927 = AXIS2_PLACEMENT_3D('',#4928,#4929,#4930);
#4928 = CARTESIAN_POINT('',(-14.3,15.,-24.));
#4929 = DIRECTION('',(-0.707106781187,-0.707106781187,0.));
#4930 = DIRECTION('',(-0.707106781187,0.707106781187,-3.1E-16));
#4931 = ORIENTED_EDGE('',*,*,#2815,.F.);
#4932 = CYLINDRICAL_SURFACE('',#4933,1.5);
#4933 = AXIS2_PLACEMENT_3D('',#4934,#4935,#4936);
#4934 = CARTESIAN_POINT('',(-31.5,15.,-24.));
#4935 = DIRECTION('',(-1.,2.2E-16,-2.2E-16));
#4936 = DIRECTION('',(2.2E-16,1.,0.));
#4937 = ADVANCED_FACE('',(#4938),#4944,.F.);
#4938 = FACE_BOUND('',#4939,.F.);
#4939 = EDGE_LOOP('',(#4940,#4941,#4942,#4943));
#4940 = ORIENTED_EDGE('',*,*,#4925,.T.);
#4941 = ORIENTED_EDGE('',*,*,#2854,.T.);
#4942 = ORIENTED_EDGE('',*,*,#4880,.T.);
#4943 = ORIENTED_EDGE('',*,*,#3055,.F.);
#4944 = CYLINDRICAL_SURFACE('',#4945,1.5);
#4945 = AXIS2_PLACEMENT_3D('',#4946,#4947,#4948);
#4946 = CARTESIAN_POINT('',(-14.3,21.5,-24.));
#4947 = DIRECTION('',(0.,1.,-2.2E-16));
#4948 = DIRECTION('',(-1.,0.,0.));
#4949 = ADVANCED_FACE('',(#4950),#4961,.F.);
#4950 = FACE_BOUND('',#4951,.F.);
#4951 = EDGE_LOOP('',(#4952,#4958,#4959,#4960));
#4952 = ORIENTED_EDGE('',*,*,#4953,.F.);
#4953 = EDGE_CURVE('',#3156,#3243,#4954,.T.);
#4954 = LINE('',#4955,#4956);
#4955 = CARTESIAN_POINT('',(-31.5,0.,-39.5));
#4956 = VECTOR('',#4957,1.);
#4957 = DIRECTION('',(0.,0.707106781187,0.707106781187));
#4958 = ORIENTED_EDGE('',*,*,#3163,.T.);
#4959 = ORIENTED_EDGE('',*,*,#3198,.T.);
#4960 = ORIENTED_EDGE('',*,*,#3250,.F.);
#4961 = CONICAL_SURFACE('',#4962,4.5,0.785398163397);
#4962 = AXIS2_PLACEMENT_3D('',#4963,#4964,#4965);
#4963 = CARTESIAN_POINT('',(-31.5,0.,-44.));
#4964 = DIRECTION('',(-0.,-0.,-1.));
#4965 = DIRECTION('',(0.,-1.,0.));
#4966 = ADVANCED_FACE('',(#4967,#5005,#5025),#5045,.T.);
#4967 = FACE_BOUND('',#4968,.T.);
#4968 = EDGE_LOOP('',(#4969,#4970,#4978,#4986,#4992,#4993,#4999,#5000,
    #5001,#5002,#5003,#5004));
#4969 = ORIENTED_EDGE('',*,*,#3155,.T.);
#4970 = ORIENTED_EDGE('',*,*,#4971,.T.);
#4971 = EDGE_CURVE('',#3148,#4972,#4974,.T.);
#4972 = VERTEX_POINT('',#4973);
#4973 = CARTESIAN_POINT('',(-31.5,-21.5,-44.));
#4974 = LINE('',#4975,#4976);
#4975 = CARTESIAN_POINT('',(-31.5,-26.875,-38.625));
#4976 = VECTOR('',#4977,1.);
#4977 = DIRECTION('',(0.,-0.707106781187,0.707106781187));
#4978 = ORIENTED_EDGE('',*,*,#4979,.T.);
#4979 = EDGE_CURVE('',#4972,#4980,#4982,.T.);
#4980 = VERTEX_POINT('',#4981);
#4981 = CARTESIAN_POINT('',(-31.5,-21.5,44.));
#4982 = LINE('',#4983,#4984);
#4983 = CARTESIAN_POINT('',(-31.5,-21.5,-45.));
#4984 = VECTOR('',#4985,1.);
#4985 = DIRECTION('',(0.,0.,1.));
#4986 = ORIENTED_EDGE('',*,*,#4987,.T.);
#4987 = EDGE_CURVE('',#4980,#3314,#4988,.T.);
#4988 = LINE('',#4989,#4990);
#4989 = CARTESIAN_POINT('',(-31.5,-26.875,38.625));
#4990 = VECTOR('',#4991,1.);
#4991 = DIRECTION('',(0.,0.707106781187,0.707106781187));
#4992 = ORIENTED_EDGE('',*,*,#3313,.F.);
#4993 = ORIENTED_EDGE('',*,*,#4994,.T.);
#4994 = EDGE_CURVE('',#3305,#3450,#4995,.T.);
#4995 = LINE('',#4996,#4997);
#4996 = CARTESIAN_POINT('',(-31.5,0.,39.5));
#4997 = VECTOR('',#4998,1.);
#4998 = DIRECTION('',(0.,0.707106781187,-0.707106781187));
#4999 = ORIENTED_EDGE('',*,*,#3458,.F.);
#5000 = ORIENTED_EDGE('',*,*,#3413,.F.);
#5001 = ORIENTED_EDGE('',*,*,#3363,.F.);
#5002 = ORIENTED_EDGE('',*,*,#3276,.F.);
#5003 = ORIENTED_EDGE('',*,*,#3242,.F.);
#5004 = ORIENTED_EDGE('',*,*,#4953,.F.);
#5005 = FACE_BOUND('',#5006,.T.);
#5006 = EDGE_LOOP('',(#5007,#5018));
#5007 = ORIENTED_EDGE('',*,*,#5008,.T.);
#5008 = EDGE_CURVE('',#5009,#5011,#5013,.T.);
#5009 = VERTEX_POINT('',#5010);
#5010 = CARTESIAN_POINT('',(-31.5,-16.5,24.));
#5011 = VERTEX_POINT('',#5012);
#5012 = CARTESIAN_POINT('',(-31.5,-13.5,24.));
#5013 = CIRCLE('',#5014,1.5);
#5014 = AXIS2_PLACEMENT_3D('',#5015,#5016,#5017);
#5015 = CARTESIAN_POINT('',(-31.5,-15.,24.));
#5016 = DIRECTION('',(1.,-2.2E-16,2.2E-16));
#5017 = DIRECTION('',(2.2E-16,1.,0.));
#5018 = ORIENTED_EDGE('',*,*,#5019,.T.);
#5019 = EDGE_CURVE('',#5011,#5009,#5020,.T.);
#5020 = CIRCLE('',#5021,1.5);
#5021 = AXIS2_PLACEMENT_3D('',#5022,#5023,#5024);
#5022 = CARTESIAN_POINT('',(-31.5,-15.,24.));
#5023 = DIRECTION('',(1.,-2.2E-16,2.2E-16));
#5024 = DIRECTION('',(2.2E-16,1.,0.));
#5025 = FACE_BOUND('',#5026,.T.);
#5026 = EDGE_LOOP('',(#5027,#5038));
#5027 = ORIENTED_EDGE('',*,*,#5028,.T.);
#5028 = EDGE_CURVE('',#5029,#5031,#5033,.T.);
#5029 = VERTEX_POINT('',#5030);
#5030 = CARTESIAN_POINT('',(-31.5,-16.5,-24.));
#5031 = VERTEX_POINT('',#5032);
#5032 = CARTESIAN_POINT('',(-31.5,-13.5,-24.));
#5033 = CIRCLE('',#5034,1.5);
#5034 = AXIS2_PLACEMENT_3D('',#5035,#5036,#5037);
#5035 = CARTESIAN_POINT('',(-31.5,-15.,-24.));
#5036 = DIRECTION('',(1.,-2.2E-16,2.2E-16));
#5037 = DIRECTION('',(2.2E-16,1.,0.));
#5038 = ORIENTED_EDGE('',*,*,#5039,.T.);
#5039 = EDGE_CURVE('',#5031,#5029,#5040,.T.);
#5040 = CIRCLE('',#5041,1.5);
#5041 = AXIS2_PLACEMENT_3D('',#5042,#5043,#5044);
#5042 = CARTESIAN_POINT('',(-31.5,-15.,-24.));
#5043 = DIRECTION('',(1.,-2.2E-16,2.2E-16));
#5044 = DIRECTION('',(2.2E-16,1.,0.));
#5045 = PLANE('',#5046);
#5046 = AXIS2_PLACEMENT_3D('',#5047,#5048,#5049);
#5047 = CARTESIAN_POINT('',(-31.5,-4.5E-16,-8.5E-16));
#5048 = DIRECTION('',(-1.,-0.,-0.));
#5049 = DIRECTION('',(0.,0.,-1.));
#5050 = ADVANCED_FACE('',(#5051,#5084,#5104),#5124,.T.);
#5051 = FACE_BOUND('',#5052,.T.);
#5052 = EDGE_LOOP('',(#5053,#5063,#5069,#5070,#5071,#5072,#5073,#5074,
    #5075,#5076,#5077,#5078));
#5053 = ORIENTED_EDGE('',*,*,#5054,.F.);
#5054 = EDGE_CURVE('',#5055,#5057,#5059,.T.);
#5055 = VERTEX_POINT('',#5056);
#5056 = CARTESIAN_POINT('',(31.5,-21.5,-44.));
#5057 = VERTEX_POINT('',#5058);
#5058 = CARTESIAN_POINT('',(31.5,-21.5,44.));
#5059 = LINE('',#5060,#5061);
#5060 = CARTESIAN_POINT('',(31.5,-21.5,-45.));
#5061 = VECTOR('',#5062,1.);
#5062 = DIRECTION('',(0.,0.,1.));
#5063 = ORIENTED_EDGE('',*,*,#5064,.F.);
#5064 = EDGE_CURVE('',#3140,#5055,#5065,.T.);
#5065 = LINE('',#5066,#5067);
#5066 = CARTESIAN_POINT('',(31.5,-26.875,-38.625));
#5067 = VECTOR('',#5068,1.);
#5068 = DIRECTION('',(0.,-0.707106781187,0.707106781187));
#5069 = ORIENTED_EDGE('',*,*,#3139,.T.);
#5070 = ORIENTED_EDGE('',*,*,#3561,.T.);
#5071 = ORIENTED_EDGE('',*,*,#3536,.T.);
#5072 = ORIENTED_EDGE('',*,*,#3586,.T.);
#5073 = ORIENTED_EDGE('',*,*,#3612,.T.);
#5074 = ORIENTED_EDGE('',*,*,#3626,.T.);
#5075 = ORIENTED_EDGE('',*,*,#3651,.T.);
#5076 = ORIENTED_EDGE('',*,*,#3678,.F.);
#5077 = ORIENTED_EDGE('',*,*,#3329,.F.);
#5078 = ORIENTED_EDGE('',*,*,#5079,.F.);
#5079 = EDGE_CURVE('',#5057,#3322,#5080,.T.);
#5080 = LINE('',#5081,#5082);
#5081 = CARTESIAN_POINT('',(31.5,-26.875,38.625));
#5082 = VECTOR('',#5083,1.);
#5083 = DIRECTION('',(0.,0.707106781187,0.707106781187));
#5084 = FACE_BOUND('',#5085,.T.);
#5085 = EDGE_LOOP('',(#5086,#5097));
#5086 = ORIENTED_EDGE('',*,*,#5087,.F.);
#5087 = EDGE_CURVE('',#5088,#5090,#5092,.T.);
#5088 = VERTEX_POINT('',#5089);
#5089 = CARTESIAN_POINT('',(31.5,-13.5,-24.));
#5090 = VERTEX_POINT('',#5091);
#5091 = CARTESIAN_POINT('',(31.5,-16.5,-24.));
#5092 = CIRCLE('',#5093,1.5);
#5093 = AXIS2_PLACEMENT_3D('',#5094,#5095,#5096);
#5094 = CARTESIAN_POINT('',(31.5,-15.,-24.));
#5095 = DIRECTION('',(1.,0.,0.));
#5096 = DIRECTION('',(0.,1.,0.));
#5097 = ORIENTED_EDGE('',*,*,#5098,.F.);
#5098 = EDGE_CURVE('',#5090,#5088,#5099,.T.);
#5099 = CIRCLE('',#5100,1.5);
#5100 = AXIS2_PLACEMENT_3D('',#5101,#5102,#5103);
#5101 = CARTESIAN_POINT('',(31.5,-15.,-24.));
#5102 = DIRECTION('',(1.,0.,0.));
#5103 = DIRECTION('',(0.,1.,0.));
#5104 = FACE_BOUND('',#5105,.T.);
#5105 = EDGE_LOOP('',(#5106,#5117));
#5106 = ORIENTED_EDGE('',*,*,#5107,.F.);
#5107 = EDGE_CURVE('',#5108,#5110,#5112,.T.);
#5108 = VERTEX_POINT('',#5109);
#5109 = CARTESIAN_POINT('',(31.5,-13.5,24.));
#5110 = VERTEX_POINT('',#5111);
#5111 = CARTESIAN_POINT('',(31.5,-16.5,24.));
#5112 = CIRCLE('',#5113,1.5);
#5113 = AXIS2_PLACEMENT_3D('',#5114,#5115,#5116);
#5114 = CARTESIAN_POINT('',(31.5,-15.,24.));
#5115 = DIRECTION('',(1.,0.,0.));
#5116 = DIRECTION('',(0.,1.,0.));
#5117 = ORIENTED_EDGE('',*,*,#5118,.F.);
#5118 = EDGE_CURVE('',#5110,#5108,#5119,.T.);
#5119 = CIRCLE('',#5120,1.5);
#5120 = AXIS2_PLACEMENT_3D('',#5121,#5122,#5123);
#5121 = CARTESIAN_POINT('',(31.5,-15.,24.));
#5122 = DIRECTION('',(1.,0.,0.));
#5123 = DIRECTION('',(0.,1.,0.));
#5124 = PLANE('',#5125);
#5125 = AXIS2_PLACEMENT_3D('',#5126,#5127,#5128);
#5126 = CARTESIAN_POINT('',(31.5,-5.1E-16,4.3E-16));
#5127 = DIRECTION('',(1.,0.,0.));
#5128 = DIRECTION('',(0.,0.,1.));
#5129 = ADVANCED_FACE('',(#5130),#5141,.T.);
#5130 = FACE_BOUND('',#5131,.T.);
#5131 = EDGE_LOOP('',(#5132,#5133,#5134,#5135));
#5132 = ORIENTED_EDGE('',*,*,#4971,.F.);
#5133 = ORIENTED_EDGE('',*,*,#3147,.T.);
#5134 = ORIENTED_EDGE('',*,*,#5064,.T.);
#5135 = ORIENTED_EDGE('',*,*,#5136,.F.);
#5136 = EDGE_CURVE('',#4972,#5055,#5137,.T.);
#5137 = LINE('',#5138,#5139);
#5138 = CARTESIAN_POINT('',(-31.5,-21.5,-44.));
#5139 = VECTOR('',#5140,1.);
#5140 = DIRECTION('',(1.,0.,0.));
#5141 = PLANE('',#5142);
#5142 = AXIS2_PLACEMENT_3D('',#5143,#5144,#5145);
#5143 = CARTESIAN_POINT('',(-31.5,-21.,-44.5));
#5144 = DIRECTION('',(0.,-0.707106781187,-0.707106781187));
#5145 = DIRECTION('',(1.,0.,0.));
#5146 = ADVANCED_FACE('',(#5147),#5166,.F.);
#5147 = FACE_BOUND('',#5148,.F.);
#5148 = EDGE_LOOP('',(#5149,#5157,#5164,#5165));
#5149 = ORIENTED_EDGE('',*,*,#5150,.F.);
#5150 = EDGE_CURVE('',#5151,#3182,#5153,.T.);
#5151 = VERTEX_POINT('',#5152);
#5152 = CARTESIAN_POINT('',(12.,0.,-44.));
#5153 = LINE('',#5154,#5155);
#5154 = CARTESIAN_POINT('',(12.,0.,-44.));
#5155 = VECTOR('',#5156,1.);
#5156 = DIRECTION('',(0.707106781187,0.,-0.707106781187));
#5157 = ORIENTED_EDGE('',*,*,#5158,.T.);
#5158 = EDGE_CURVE('',#5151,#5151,#5159,.T.);
#5159 = CIRCLE('',#5160,12.);
#5160 = AXIS2_PLACEMENT_3D('',#5161,#5162,#5163);
#5161 = CARTESIAN_POINT('',(0.,0.,-44.));
#5162 = DIRECTION('',(0.,0.,-1.));
#5163 = DIRECTION('',(1.,0.,0.));
#5164 = ORIENTED_EDGE('',*,*,#5150,.T.);
#5165 = ORIENTED_EDGE('',*,*,#3181,.F.);
#5166 = CONICAL_SURFACE('',#5167,12.,0.785398163397);
#5167 = AXIS2_PLACEMENT_3D('',#5168,#5169,#5170);
#5168 = CARTESIAN_POINT('',(0.,0.,-44.));
#5169 = DIRECTION('',(0.,0.,-1.));
#5170 = DIRECTION('',(1.,0.,0.));
#5171 = ADVANCED_FACE('',(#5172),#5183,.T.);
#5172 = FACE_BOUND('',#5173,.T.);
#5173 = EDGE_LOOP('',(#5174,#5175,#5181,#5182));
#5174 = ORIENTED_EDGE('',*,*,#4987,.F.);
#5175 = ORIENTED_EDGE('',*,*,#5176,.T.);
#5176 = EDGE_CURVE('',#4980,#5057,#5177,.T.);
#5177 = LINE('',#5178,#5179);
#5178 = CARTESIAN_POINT('',(-31.5,-21.5,44.));
#5179 = VECTOR('',#5180,1.);
#5180 = DIRECTION('',(1.,0.,0.));
#5181 = ORIENTED_EDGE('',*,*,#5079,.T.);
#5182 = ORIENTED_EDGE('',*,*,#3321,.F.);
#5183 = PLANE('',#5184);
#5184 = AXIS2_PLACEMENT_3D('',#5185,#5186,#5187);
#5185 = CARTESIAN_POINT('',(-31.5,-21.,44.5));
#5186 = DIRECTION('',(0.,-0.707106781187,0.707106781187));
#5187 = DIRECTION('',(1.,0.,0.));
#5188 = ADVANCED_FACE('',(#5189),#5195,.F.);
#5189 = FACE_BOUND('',#5190,.T.);
#5190 = EDGE_LOOP('',(#5191,#5192,#5193,#5194));
#5191 = ORIENTED_EDGE('',*,*,#4994,.F.);
#5192 = ORIENTED_EDGE('',*,*,#3304,.T.);
#5193 = ORIENTED_EDGE('',*,*,#3388,.T.);
#5194 = ORIENTED_EDGE('',*,*,#3449,.F.);
#5195 = CONICAL_SURFACE('',#5196,4.5,0.785398163397);
#5196 = AXIS2_PLACEMENT_3D('',#5197,#5198,#5199);
#5197 = CARTESIAN_POINT('',(-31.5,0.,44.));
#5198 = DIRECTION('',(0.,0.,1.));
#5199 = DIRECTION('',(7.9E-16,-1.,0.));
#5200 = ADVANCED_FACE('',(#5201),#5220,.F.);
#5201 = FACE_BOUND('',#5202,.T.);
#5202 = EDGE_LOOP('',(#5203,#5211,#5212,#5213));
#5203 = ORIENTED_EDGE('',*,*,#5204,.F.);
#5204 = EDGE_CURVE('',#3347,#5205,#5207,.T.);
#5205 = VERTEX_POINT('',#5206);
#5206 = CARTESIAN_POINT('',(12.,0.,44.));
#5207 = LINE('',#5208,#5209);
#5208 = CARTESIAN_POINT('',(12.,0.,44.));
#5209 = VECTOR('',#5210,1.);
#5210 = DIRECTION('',(-0.707106781187,-0.,-0.707106781187));
#5211 = ORIENTED_EDGE('',*,*,#3346,.T.);
#5212 = ORIENTED_EDGE('',*,*,#5204,.T.);
#5213 = ORIENTED_EDGE('',*,*,#5214,.F.);
#5214 = EDGE_CURVE('',#5205,#5205,#5215,.T.);
#5215 = CIRCLE('',#5216,12.);
#5216 = AXIS2_PLACEMENT_3D('',#5217,#5218,#5219);
#5217 = CARTESIAN_POINT('',(0.,0.,44.));
#5218 = DIRECTION('',(0.,0.,1.));
#5219 = DIRECTION('',(1.,0.,0.));
#5220 = CONICAL_SURFACE('',#5221,12.,0.785398163397);
#5221 = AXIS2_PLACEMENT_3D('',#5222,#5223,#5224);
#5222 = CARTESIAN_POINT('',(0.,0.,44.));
#5223 = DIRECTION('',(0.,0.,1.));
#5224 = DIRECTION('',(1.,0.,0.));
#5225 = ADVANCED_FACE('',(#5226),#5251,.F.);
#5226 = FACE_BOUND('',#5227,.F.);
#5227 = EDGE_LOOP('',(#5228,#5236,#5237,#5245));
#5228 = ORIENTED_EDGE('',*,*,#5229,.T.);
#5229 = EDGE_CURVE('',#5230,#3762,#5232,.T.);
#5230 = VERTEX_POINT('',#5231);
#5231 = CARTESIAN_POINT('',(-23.54999999999,-21.5,-33.45));
#5232 = LINE('',#5233,#5234);
#5233 = CARTESIAN_POINT('',(-23.54999999999,-21.5,-33.45));
#5234 = VECTOR('',#5235,1.);
#5235 = DIRECTION('',(0.,1.,-2.2E-16));
#5236 = ORIENTED_EDGE('',*,*,#3761,.T.);
#5237 = ORIENTED_EDGE('',*,*,#5238,.F.);
#5238 = EDGE_CURVE('',#5239,#3764,#5241,.T.);
#5239 = VERTEX_POINT('',#5240);
#5240 = CARTESIAN_POINT('',(-23.54999999999,-21.5,-41.54999999999));
#5241 = LINE('',#5242,#5243);
#5242 = CARTESIAN_POINT('',(-23.54999999999,-21.5,-41.54999999999));
#5243 = VECTOR('',#5244,1.);
#5244 = DIRECTION('',(0.,1.,-2.2E-16));
#5245 = ORIENTED_EDGE('',*,*,#5246,.F.);
#5246 = EDGE_CURVE('',#5230,#5239,#5247,.T.);
#5247 = LINE('',#5248,#5249);
#5248 = CARTESIAN_POINT('',(-23.54999999999,-21.5,-33.45));
#5249 = VECTOR('',#5250,1.);
#5250 = DIRECTION('',(0.,0.,-1.));
#5251 = PLANE('',#5252);
#5252 = AXIS2_PLACEMENT_3D('',#5253,#5254,#5255);
#5253 = CARTESIAN_POINT('',(-23.54999999999,-21.5,-33.45));
#5254 = DIRECTION('',(-1.,0.,0.));
#5255 = DIRECTION('',(-0.,-2.2E-16,-1.));
#5256 = ADVANCED_FACE('',(#5257),#5275,.F.);
#5257 = FACE_BOUND('',#5258,.F.);
#5258 = EDGE_LOOP('',(#5259,#5267,#5268,#5269));
#5259 = ORIENTED_EDGE('',*,*,#5260,.T.);
#5260 = EDGE_CURVE('',#5261,#3772,#5263,.T.);
#5261 = VERTEX_POINT('',#5262);
#5262 = CARTESIAN_POINT('',(-15.45,-21.5,-33.45));
#5263 = LINE('',#5264,#5265);
#5264 = CARTESIAN_POINT('',(-15.45,-21.5,-33.45));
#5265 = VECTOR('',#5266,1.);
#5266 = DIRECTION('',(0.,1.,-2.2E-16));
#5267 = ORIENTED_EDGE('',*,*,#3771,.T.);
#5268 = ORIENTED_EDGE('',*,*,#5229,.F.);
#5269 = ORIENTED_EDGE('',*,*,#5270,.F.);
#5270 = EDGE_CURVE('',#5261,#5230,#5271,.T.);
#5271 = LINE('',#5272,#5273);
#5272 = CARTESIAN_POINT('',(-15.45,-21.5,-33.45));
#5273 = VECTOR('',#5274,1.);
#5274 = DIRECTION('',(-1.,0.,0.));
#5275 = PLANE('',#5276);
#5276 = AXIS2_PLACEMENT_3D('',#5277,#5278,#5279);
#5277 = CARTESIAN_POINT('',(-15.45,-21.5,-33.45));
#5278 = DIRECTION('',(0.,2.2E-16,1.));
#5279 = DIRECTION('',(-1.,0.,0.));
#5280 = ADVANCED_FACE('',(#5281),#5299,.F.);
#5281 = FACE_BOUND('',#5282,.F.);
#5282 = EDGE_LOOP('',(#5283,#5284,#5285,#5293));
#5283 = ORIENTED_EDGE('',*,*,#5238,.T.);
#5284 = ORIENTED_EDGE('',*,*,#3787,.T.);
#5285 = ORIENTED_EDGE('',*,*,#5286,.F.);
#5286 = EDGE_CURVE('',#5287,#3780,#5289,.T.);
#5287 = VERTEX_POINT('',#5288);
#5288 = CARTESIAN_POINT('',(-15.45,-21.5,-41.54999999999));
#5289 = LINE('',#5290,#5291);
#5290 = CARTESIAN_POINT('',(-15.45,-21.5,-41.54999999999));
#5291 = VECTOR('',#5292,1.);
#5292 = DIRECTION('',(0.,1.,-2.2E-16));
#5293 = ORIENTED_EDGE('',*,*,#5294,.F.);
#5294 = EDGE_CURVE('',#5239,#5287,#5295,.T.);
#5295 = LINE('',#5296,#5297);
#5296 = CARTESIAN_POINT('',(-23.54999999999,-21.5,-41.54999999999));
#5297 = VECTOR('',#5298,1.);
#5298 = DIRECTION('',(1.,0.,0.));
#5299 = PLANE('',#5300);
#5300 = AXIS2_PLACEMENT_3D('',#5301,#5302,#5303);
#5301 = CARTESIAN_POINT('',(-23.54999999999,-21.5,-41.54999999999));
#5302 = DIRECTION('',(0.,-2.2E-16,-1.));
#5303 = DIRECTION('',(1.,0.,0.));
#5304 = ADVANCED_FACE('',(#5305),#5316,.F.);
#5305 = FACE_BOUND('',#5306,.F.);
#5306 = EDGE_LOOP('',(#5307,#5308,#5309,#5310));
#5307 = ORIENTED_EDGE('',*,*,#5286,.T.);
#5308 = ORIENTED_EDGE('',*,*,#3779,.T.);
#5309 = ORIENTED_EDGE('',*,*,#5260,.F.);
#5310 = ORIENTED_EDGE('',*,*,#5311,.F.);
#5311 = EDGE_CURVE('',#5287,#5261,#5312,.T.);
#5312 = LINE('',#5313,#5314);
#5313 = CARTESIAN_POINT('',(-15.45,-21.5,-41.54999999999));
#5314 = VECTOR('',#5315,1.);
#5315 = DIRECTION('',(0.,0.,1.));
#5316 = PLANE('',#5317);
#5317 = AXIS2_PLACEMENT_3D('',#5318,#5319,#5320);
#5318 = CARTESIAN_POINT('',(-15.45,-21.5,-41.54999999999));
#5319 = DIRECTION('',(1.,0.,0.));
#5320 = DIRECTION('',(0.,2.2E-16,1.));
#5321 = ADVANCED_FACE('',(#5322),#5347,.F.);
#5322 = FACE_BOUND('',#5323,.F.);
#5323 = EDGE_LOOP('',(#5324,#5332,#5333,#5341));
#5324 = ORIENTED_EDGE('',*,*,#5325,.T.);
#5325 = EDGE_CURVE('',#5326,#3805,#5328,.T.);
#5326 = VERTEX_POINT('',#5327);
#5327 = CARTESIAN_POINT('',(-23.55,-21.5,41.55));
#5328 = LINE('',#5329,#5330);
#5329 = CARTESIAN_POINT('',(-23.55,-21.5,41.55));
#5330 = VECTOR('',#5331,1.);
#5331 = DIRECTION('',(0.,1.,-2.2E-16));
#5332 = ORIENTED_EDGE('',*,*,#3804,.T.);
#5333 = ORIENTED_EDGE('',*,*,#5334,.F.);
#5334 = EDGE_CURVE('',#5335,#3807,#5337,.T.);
#5335 = VERTEX_POINT('',#5336);
#5336 = CARTESIAN_POINT('',(-23.55,-21.5,33.45));
#5337 = LINE('',#5338,#5339);
#5338 = CARTESIAN_POINT('',(-23.55,-21.5,33.45));
#5339 = VECTOR('',#5340,1.);
#5340 = DIRECTION('',(0.,1.,-2.2E-16));
#5341 = ORIENTED_EDGE('',*,*,#5342,.F.);
#5342 = EDGE_CURVE('',#5326,#5335,#5343,.T.);
#5343 = LINE('',#5344,#5345);
#5344 = CARTESIAN_POINT('',(-23.55,-21.5,41.55));
#5345 = VECTOR('',#5346,1.);
#5346 = DIRECTION('',(0.,0.,-1.));
#5347 = PLANE('',#5348);
#5348 = AXIS2_PLACEMENT_3D('',#5349,#5350,#5351);
#5349 = CARTESIAN_POINT('',(-23.55,-21.5,41.55));
#5350 = DIRECTION('',(-1.,0.,0.));
#5351 = DIRECTION('',(-0.,-2.2E-16,-1.));
#5352 = ADVANCED_FACE('',(#5353),#5371,.T.);
#5353 = FACE_BOUND('',#5354,.T.);
#5354 = EDGE_LOOP('',(#5355,#5356,#5357,#5365));
#5355 = ORIENTED_EDGE('',*,*,#5325,.T.);
#5356 = ORIENTED_EDGE('',*,*,#3814,.T.);
#5357 = ORIENTED_EDGE('',*,*,#5358,.F.);
#5358 = EDGE_CURVE('',#5359,#3815,#5361,.T.);
#5359 = VERTEX_POINT('',#5360);
#5360 = CARTESIAN_POINT('',(-15.45,-21.5,41.55));
#5361 = LINE('',#5362,#5363);
#5362 = CARTESIAN_POINT('',(-15.45,-21.5,41.55));
#5363 = VECTOR('',#5364,1.);
#5364 = DIRECTION('',(0.,1.,-2.2E-16));
#5365 = ORIENTED_EDGE('',*,*,#5366,.F.);
#5366 = EDGE_CURVE('',#5326,#5359,#5367,.T.);
#5367 = LINE('',#5368,#5369);
#5368 = CARTESIAN_POINT('',(-23.55,-21.5,41.55));
#5369 = VECTOR('',#5370,1.);
#5370 = DIRECTION('',(1.,0.,0.));
#5371 = PLANE('',#5372);
#5372 = AXIS2_PLACEMENT_3D('',#5373,#5374,#5375);
#5373 = CARTESIAN_POINT('',(-23.55,-21.5,41.55));
#5374 = DIRECTION('',(0.,-2.2E-16,-1.));
#5375 = DIRECTION('',(1.,0.,0.));
#5376 = ADVANCED_FACE('',(#5377),#5395,.F.);
#5377 = FACE_BOUND('',#5378,.F.);
#5378 = EDGE_LOOP('',(#5379,#5380,#5381,#5389));
#5379 = ORIENTED_EDGE('',*,*,#5334,.T.);
#5380 = ORIENTED_EDGE('',*,*,#3830,.T.);
#5381 = ORIENTED_EDGE('',*,*,#5382,.F.);
#5382 = EDGE_CURVE('',#5383,#3823,#5385,.T.);
#5383 = VERTEX_POINT('',#5384);
#5384 = CARTESIAN_POINT('',(-15.45,-21.5,33.45));
#5385 = LINE('',#5386,#5387);
#5386 = CARTESIAN_POINT('',(-15.45,-21.5,33.45));
#5387 = VECTOR('',#5388,1.);
#5388 = DIRECTION('',(0.,1.,-2.2E-16));
#5389 = ORIENTED_EDGE('',*,*,#5390,.F.);
#5390 = EDGE_CURVE('',#5335,#5383,#5391,.T.);
#5391 = LINE('',#5392,#5393);
#5392 = CARTESIAN_POINT('',(-23.55,-21.5,33.45));
#5393 = VECTOR('',#5394,1.);
#5394 = DIRECTION('',(1.,0.,0.));
#5395 = PLANE('',#5396);
#5396 = AXIS2_PLACEMENT_3D('',#5397,#5398,#5399);
#5397 = CARTESIAN_POINT('',(-23.55,-21.5,33.45));
#5398 = DIRECTION('',(0.,-2.2E-16,-1.));
#5399 = DIRECTION('',(1.,0.,0.));
#5400 = ADVANCED_FACE('',(#5401),#5412,.F.);
#5401 = FACE_BOUND('',#5402,.F.);
#5402 = EDGE_LOOP('',(#5403,#5404,#5405,#5406));
#5403 = ORIENTED_EDGE('',*,*,#5382,.T.);
#5404 = ORIENTED_EDGE('',*,*,#3822,.T.);
#5405 = ORIENTED_EDGE('',*,*,#5358,.F.);
#5406 = ORIENTED_EDGE('',*,*,#5407,.F.);
#5407 = EDGE_CURVE('',#5383,#5359,#5408,.T.);
#5408 = LINE('',#5409,#5410);
#5409 = CARTESIAN_POINT('',(-15.45,-21.5,33.45));
#5410 = VECTOR('',#5411,1.);
#5411 = DIRECTION('',(0.,0.,1.));
#5412 = PLANE('',#5413);
#5413 = AXIS2_PLACEMENT_3D('',#5414,#5415,#5416);
#5414 = CARTESIAN_POINT('',(-15.45,-21.5,33.45));
#5415 = DIRECTION('',(1.,0.,0.));
#5416 = DIRECTION('',(0.,2.2E-16,1.));
#5417 = ADVANCED_FACE('',(#5418),#5443,.F.);
#5418 = FACE_BOUND('',#5419,.F.);
#5419 = EDGE_LOOP('',(#5420,#5428,#5429,#5437));
#5420 = ORIENTED_EDGE('',*,*,#5421,.T.);
#5421 = EDGE_CURVE('',#5422,#3848,#5424,.T.);
#5422 = VERTEX_POINT('',#5423);
#5423 = CARTESIAN_POINT('',(15.449999999994,-21.5,-33.44999999999));
#5424 = LINE('',#5425,#5426);
#5425 = CARTESIAN_POINT('',(15.449999999994,-21.5,-33.44999999999));
#5426 = VECTOR('',#5427,1.);
#5427 = DIRECTION('',(0.,1.,-2.2E-16));
#5428 = ORIENTED_EDGE('',*,*,#3847,.T.);
#5429 = ORIENTED_EDGE('',*,*,#5430,.F.);
#5430 = EDGE_CURVE('',#5431,#3850,#5433,.T.);
#5431 = VERTEX_POINT('',#5432);
#5432 = CARTESIAN_POINT('',(15.449999999994,-21.5,-41.55));
#5433 = LINE('',#5434,#5435);
#5434 = CARTESIAN_POINT('',(15.449999999994,-21.5,-41.55));
#5435 = VECTOR('',#5436,1.);
#5436 = DIRECTION('',(0.,1.,-2.2E-16));
#5437 = ORIENTED_EDGE('',*,*,#5438,.F.);
#5438 = EDGE_CURVE('',#5422,#5431,#5439,.T.);
#5439 = LINE('',#5440,#5441);
#5440 = CARTESIAN_POINT('',(15.449999999994,-21.5,-33.44999999999));
#5441 = VECTOR('',#5442,1.);
#5442 = DIRECTION('',(0.,0.,-1.));
#5443 = PLANE('',#5444);
#5444 = AXIS2_PLACEMENT_3D('',#5445,#5446,#5447);
#5445 = CARTESIAN_POINT('',(15.449999999994,-21.5,-33.44999999999));
#5446 = DIRECTION('',(-1.,0.,0.));
#5447 = DIRECTION('',(-0.,-2.2E-16,-1.));
#5448 = ADVANCED_FACE('',(#5449),#5467,.F.);
#5449 = FACE_BOUND('',#5450,.F.);
#5450 = EDGE_LOOP('',(#5451,#5459,#5460,#5461));
#5451 = ORIENTED_EDGE('',*,*,#5452,.T.);
#5452 = EDGE_CURVE('',#5453,#3858,#5455,.T.);
#5453 = VERTEX_POINT('',#5454);
#5454 = CARTESIAN_POINT('',(23.550000000006,-21.5,-33.44999999999));
#5455 = LINE('',#5456,#5457);
#5456 = CARTESIAN_POINT('',(23.550000000006,-21.5,-33.44999999999));
#5457 = VECTOR('',#5458,1.);
#5458 = DIRECTION('',(0.,1.,-2.2E-16));
#5459 = ORIENTED_EDGE('',*,*,#3857,.T.);
#5460 = ORIENTED_EDGE('',*,*,#5421,.F.);
#5461 = ORIENTED_EDGE('',*,*,#5462,.F.);
#5462 = EDGE_CURVE('',#5453,#5422,#5463,.T.);
#5463 = LINE('',#5464,#5465);
#5464 = CARTESIAN_POINT('',(23.550000000006,-21.5,-33.44999999999));
#5465 = VECTOR('',#5466,1.);
#5466 = DIRECTION('',(-1.,0.,0.));
#5467 = PLANE('',#5468);
#5468 = AXIS2_PLACEMENT_3D('',#5469,#5470,#5471);
#5469 = CARTESIAN_POINT('',(23.550000000006,-21.5,-33.44999999999));
#5470 = DIRECTION('',(0.,2.2E-16,1.));
#5471 = DIRECTION('',(-1.,0.,0.));
#5472 = ADVANCED_FACE('',(#5473),#5491,.F.);
#5473 = FACE_BOUND('',#5474,.F.);
#5474 = EDGE_LOOP('',(#5475,#5476,#5477,#5485));
#5475 = ORIENTED_EDGE('',*,*,#5430,.T.);
#5476 = ORIENTED_EDGE('',*,*,#3873,.T.);
#5477 = ORIENTED_EDGE('',*,*,#5478,.F.);
#5478 = EDGE_CURVE('',#5479,#3866,#5481,.T.);
#5479 = VERTEX_POINT('',#5480);
#5480 = CARTESIAN_POINT('',(23.550000000006,-21.5,-41.55));
#5481 = LINE('',#5482,#5483);
#5482 = CARTESIAN_POINT('',(23.550000000006,-21.5,-41.55));
#5483 = VECTOR('',#5484,1.);
#5484 = DIRECTION('',(0.,1.,-2.2E-16));
#5485 = ORIENTED_EDGE('',*,*,#5486,.F.);
#5486 = EDGE_CURVE('',#5431,#5479,#5487,.T.);
#5487 = LINE('',#5488,#5489);
#5488 = CARTESIAN_POINT('',(15.449999999994,-21.5,-41.55));
#5489 = VECTOR('',#5490,1.);
#5490 = DIRECTION('',(1.,0.,0.));
#5491 = PLANE('',#5492);
#5492 = AXIS2_PLACEMENT_3D('',#5493,#5494,#5495);
#5493 = CARTESIAN_POINT('',(15.449999999994,-21.5,-41.55));
#5494 = DIRECTION('',(0.,-2.2E-16,-1.));
#5495 = DIRECTION('',(1.,0.,0.));
#5496 = ADVANCED_FACE('',(#5497),#5508,.F.);
#5497 = FACE_BOUND('',#5498,.F.);
#5498 = EDGE_LOOP('',(#5499,#5500,#5501,#5502));
#5499 = ORIENTED_EDGE('',*,*,#5478,.T.);
#5500 = ORIENTED_EDGE('',*,*,#3865,.T.);
#5501 = ORIENTED_EDGE('',*,*,#5452,.F.);
#5502 = ORIENTED_EDGE('',*,*,#5503,.F.);
#5503 = EDGE_CURVE('',#5479,#5453,#5504,.T.);
#5504 = LINE('',#5505,#5506);
#5505 = CARTESIAN_POINT('',(23.550000000006,-21.5,-41.55));
#5506 = VECTOR('',#5507,1.);
#5507 = DIRECTION('',(0.,0.,1.));
#5508 = PLANE('',#5509);
#5509 = AXIS2_PLACEMENT_3D('',#5510,#5511,#5512);
#5510 = CARTESIAN_POINT('',(23.550000000006,-21.5,-41.55));
#5511 = DIRECTION('',(1.,0.,0.));
#5512 = DIRECTION('',(0.,2.2E-16,1.));
#5513 = ADVANCED_FACE('',(#5514,#5517),#5528,.T.);
#5514 = FACE_BOUND('',#5515,.T.);
#5515 = EDGE_LOOP('',(#5516));
#5516 = ORIENTED_EDGE('',*,*,#3898,.T.);
#5517 = FACE_BOUND('',#5518,.F.);
#5518 = EDGE_LOOP('',(#5519));
#5519 = ORIENTED_EDGE('',*,*,#5520,.T.);
#5520 = EDGE_CURVE('',#5521,#5521,#5523,.T.);
#5521 = VERTEX_POINT('',#5522);
#5522 = CARTESIAN_POINT('',(-2.75,24.,-1.E-15));
#5523 = CIRCLE('',#5524,2.75);
#5524 = AXIS2_PLACEMENT_3D('',#5525,#5526,#5527);
#5525 = CARTESIAN_POINT('',(0.,24.,-1.E-15));
#5526 = DIRECTION('',(0.,1.,-0.));
#5527 = DIRECTION('',(-1.,0.,0.));
#5528 = PLANE('',#5529);
#5529 = AXIS2_PLACEMENT_3D('',#5530,#5531,#5532);
#5530 = CARTESIAN_POINT('',(3.2E-16,24.,-1.E-15));
#5531 = DIRECTION('',(0.,1.,0.));
#5532 = DIRECTION('',(0.,0.,1.));
#5533 = ADVANCED_FACE('',(#5534),#5559,.F.);
#5534 = FACE_BOUND('',#5535,.F.);
#5535 = EDGE_LOOP('',(#5536,#5544,#5545,#5553));
#5536 = ORIENTED_EDGE('',*,*,#5537,.T.);
#5537 = EDGE_CURVE('',#5538,#3916,#5540,.T.);
#5538 = VERTEX_POINT('',#5539);
#5539 = CARTESIAN_POINT('',(15.449999999994,-21.5,41.550000000006));
#5540 = LINE('',#5541,#5542);
#5541 = CARTESIAN_POINT('',(15.449999999994,-21.5,41.550000000006));
#5542 = VECTOR('',#5543,1.);
#5543 = DIRECTION('',(0.,1.,-2.2E-16));
#5544 = ORIENTED_EDGE('',*,*,#3915,.T.);
#5545 = ORIENTED_EDGE('',*,*,#5546,.F.);
#5546 = EDGE_CURVE('',#5547,#3918,#5549,.T.);
#5547 = VERTEX_POINT('',#5548);
#5548 = CARTESIAN_POINT('',(15.449999999994,-21.5,33.449999999994));
#5549 = LINE('',#5550,#5551);
#5550 = CARTESIAN_POINT('',(15.449999999994,-21.5,33.449999999994));
#5551 = VECTOR('',#5552,1.);
#5552 = DIRECTION('',(0.,1.,-2.2E-16));
#5553 = ORIENTED_EDGE('',*,*,#5554,.F.);
#5554 = EDGE_CURVE('',#5538,#5547,#5555,.T.);
#5555 = LINE('',#5556,#5557);
#5556 = CARTESIAN_POINT('',(15.449999999994,-21.5,41.550000000006));
#5557 = VECTOR('',#5558,1.);
#5558 = DIRECTION('',(0.,0.,-1.));
#5559 = PLANE('',#5560);
#5560 = AXIS2_PLACEMENT_3D('',#5561,#5562,#5563);
#5561 = CARTESIAN_POINT('',(15.449999999994,-21.5,41.550000000006));
#5562 = DIRECTION('',(-1.,0.,0.));
#5563 = DIRECTION('',(-0.,-2.2E-16,-1.));
#5564 = ADVANCED_FACE('',(#5565),#5583,.T.);
#5565 = FACE_BOUND('',#5566,.T.);
#5566 = EDGE_LOOP('',(#5567,#5568,#5569,#5577));
#5567 = ORIENTED_EDGE('',*,*,#5537,.T.);
#5568 = ORIENTED_EDGE('',*,*,#3925,.T.);
#5569 = ORIENTED_EDGE('',*,*,#5570,.F.);
#5570 = EDGE_CURVE('',#5571,#3926,#5573,.T.);
#5571 = VERTEX_POINT('',#5572);
#5572 = CARTESIAN_POINT('',(23.550000000006,-21.5,41.550000000006));
#5573 = LINE('',#5574,#5575);
#5574 = CARTESIAN_POINT('',(23.550000000006,-21.5,41.550000000006));
#5575 = VECTOR('',#5576,1.);
#5576 = DIRECTION('',(0.,1.,-2.2E-16));
#5577 = ORIENTED_EDGE('',*,*,#5578,.F.);
#5578 = EDGE_CURVE('',#5538,#5571,#5579,.T.);
#5579 = LINE('',#5580,#5581);
#5580 = CARTESIAN_POINT('',(15.449999999994,-21.5,41.550000000006));
#5581 = VECTOR('',#5582,1.);
#5582 = DIRECTION('',(1.,0.,0.));
#5583 = PLANE('',#5584);
#5584 = AXIS2_PLACEMENT_3D('',#5585,#5586,#5587);
#5585 = CARTESIAN_POINT('',(15.449999999994,-21.5,41.550000000006));
#5586 = DIRECTION('',(0.,-2.2E-16,-1.));
#5587 = DIRECTION('',(1.,0.,0.));
#5588 = ADVANCED_FACE('',(#5589),#5607,.F.);
#5589 = FACE_BOUND('',#5590,.F.);
#5590 = EDGE_LOOP('',(#5591,#5592,#5593,#5601));
#5591 = ORIENTED_EDGE('',*,*,#5546,.T.);
#5592 = ORIENTED_EDGE('',*,*,#3941,.T.);
#5593 = ORIENTED_EDGE('',*,*,#5594,.F.);
#5594 = EDGE_CURVE('',#5595,#3934,#5597,.T.);
#5595 = VERTEX_POINT('',#5596);
#5596 = CARTESIAN_POINT('',(23.550000000006,-21.5,33.449999999994));
#5597 = LINE('',#5598,#5599);
#5598 = CARTESIAN_POINT('',(23.550000000006,-21.5,33.449999999994));
#5599 = VECTOR('',#5600,1.);
#5600 = DIRECTION('',(0.,1.,-2.2E-16));
#5601 = ORIENTED_EDGE('',*,*,#5602,.F.);
#5602 = EDGE_CURVE('',#5547,#5595,#5603,.T.);
#5603 = LINE('',#5604,#5605);
#5604 = CARTESIAN_POINT('',(15.449999999994,-21.5,33.449999999994));
#5605 = VECTOR('',#5606,1.);
#5606 = DIRECTION('',(1.,0.,0.));
#5607 = PLANE('',#5608);
#5608 = AXIS2_PLACEMENT_3D('',#5609,#5610,#5611);
#5609 = CARTESIAN_POINT('',(15.449999999994,-21.5,33.449999999994));
#5610 = DIRECTION('',(0.,-2.2E-16,-1.));
#5611 = DIRECTION('',(1.,0.,0.));
#5612 = ADVANCED_FACE('',(#5613),#5624,.F.);
#5613 = FACE_BOUND('',#5614,.F.);
#5614 = EDGE_LOOP('',(#5615,#5616,#5617,#5618));
#5615 = ORIENTED_EDGE('',*,*,#5594,.T.);
#5616 = ORIENTED_EDGE('',*,*,#3933,.T.);
#5617 = ORIENTED_EDGE('',*,*,#5570,.F.);
#5618 = ORIENTED_EDGE('',*,*,#5619,.F.);
#5619 = EDGE_CURVE('',#5595,#5571,#5620,.T.);
#5620 = LINE('',#5621,#5622);
#5621 = CARTESIAN_POINT('',(23.550000000006,-21.5,33.449999999994));
#5622 = VECTOR('',#5623,1.);
#5623 = DIRECTION('',(0.,0.,1.));
#5624 = PLANE('',#5625);
#5625 = AXIS2_PLACEMENT_3D('',#5626,#5627,#5628);
#5626 = CARTESIAN_POINT('',(23.550000000006,-21.5,33.449999999994));
#5627 = DIRECTION('',(1.,0.,0.));
#5628 = DIRECTION('',(0.,2.2E-16,1.));
#5629 = ADVANCED_FACE('',(#5630),#5646,.T.);
#5630 = FACE_BOUND('',#5631,.T.);
#5631 = EDGE_LOOP('',(#5632,#5633,#5634,#5641,#5642,#5643,#5644,#5645));
#5632 = ORIENTED_EDGE('',*,*,#4047,.T.);
#5633 = ORIENTED_EDGE('',*,*,#4015,.F.);
#5634 = ORIENTED_EDGE('',*,*,#5635,.T.);
#5635 = EDGE_CURVE('',#4008,#4184,#5636,.T.);
#5636 = CIRCLE('',#5637,1.5);
#5637 = AXIS2_PLACEMENT_3D('',#5638,#5639,#5640);
#5638 = CARTESIAN_POINT('',(-14.3,12.,24.));
#5639 = DIRECTION('',(0.,1.,-0.));
#5640 = DIRECTION('',(-1.,0.,0.));
#5641 = ORIENTED_EDGE('',*,*,#4183,.F.);
#5642 = ORIENTED_EDGE('',*,*,#4249,.T.);
#5643 = ORIENTED_EDGE('',*,*,#4158,.T.);
#5644 = ORIENTED_EDGE('',*,*,#4130,.T.);
#5645 = ORIENTED_EDGE('',*,*,#4070,.T.);
#5646 = PLANE('',#5647);
#5647 = AXIS2_PLACEMENT_3D('',#5648,#5649,#5650);
#5648 = CARTESIAN_POINT('',(-15.06508127737,12.,24.));
#5649 = DIRECTION('',(0.,1.,0.));
#5650 = DIRECTION('',(0.,0.,1.));
#5651 = ADVANCED_FACE('',(#5652),#5689,.F.);
#5652 = FACE_BOUND('',#5653,.T.);
#5653 = EDGE_LOOP('',(#5654,#5655,#5662,#5671,#5678,#5679,#5680,#5681,
    #5688));
#5654 = ORIENTED_EDGE('',*,*,#4098,.T.);
#5655 = ORIENTED_EDGE('',*,*,#5656,.F.);
#5656 = EDGE_CURVE('',#5657,#4099,#5659,.T.);
#5657 = VERTEX_POINT('',#5658);
#5658 = CARTESIAN_POINT('',(-11.5,16.5,24.));
#5659 = B_SPLINE_CURVE_WITH_KNOTS('',1,(#5660,#5661),.UNSPECIFIED.,.F.,
  .F.,(2,2),(-20.,-17.2),.PIECEWISE_BEZIER_KNOTS.);
#5660 = CARTESIAN_POINT('',(-11.5,16.5,24.));
#5661 = CARTESIAN_POINT('',(-14.29999999999,16.5,24.));
#5662 = ORIENTED_EDGE('',*,*,#5663,.T.);
#5663 = EDGE_CURVE('',#5657,#5664,#5666,.T.);
#5664 = VERTEX_POINT('',#5665);
#5665 = CARTESIAN_POINT('',(-11.5,13.5,24.));
#5666 = CIRCLE('',#5667,1.5);
#5667 = AXIS2_PLACEMENT_3D('',#5668,#5669,#5670);
#5668 = CARTESIAN_POINT('',(-11.5,15.,24.));
#5669 = DIRECTION('',(1.,-2.2E-16,2.2E-16));
#5670 = DIRECTION('',(2.2E-16,1.,0.));
#5671 = ORIENTED_EDGE('',*,*,#5672,.T.);
#5672 = EDGE_CURVE('',#5664,#5657,#5673,.T.);
#5673 = CIRCLE('',#5674,1.5);
#5674 = AXIS2_PLACEMENT_3D('',#5675,#5676,#5677);
#5675 = CARTESIAN_POINT('',(-11.5,15.,24.));
#5676 = DIRECTION('',(1.,-2.2E-16,2.2E-16));
#5677 = DIRECTION('',(2.2E-16,1.,0.));
#5678 = ORIENTED_EDGE('',*,*,#5656,.T.);
#5679 = ORIENTED_EDGE('',*,*,#4107,.T.);
#5680 = ORIENTED_EDGE('',*,*,#4200,.F.);
#5681 = ORIENTED_EDGE('',*,*,#5682,.T.);
#5682 = EDGE_CURVE('',#4193,#3969,#5683,.T.);
#5683 = ELLIPSE('',#5684,2.12132034356,1.5);
#5684 = AXIS2_PLACEMENT_3D('',#5685,#5686,#5687);
#5685 = CARTESIAN_POINT('',(-14.3,15.,24.));
#5686 = DIRECTION('',(-0.707106781187,-0.707106781187,0.));
#5687 = DIRECTION('',(-0.707106781187,0.707106781187,-3.1E-16));
#5688 = ORIENTED_EDGE('',*,*,#3968,.F.);
#5689 = CYLINDRICAL_SURFACE('',#5690,1.5);
#5690 = AXIS2_PLACEMENT_3D('',#5691,#5692,#5693);
#5691 = CARTESIAN_POINT('',(-31.5,15.,24.));
#5692 = DIRECTION('',(-1.,2.2E-16,-2.2E-16));
#5693 = DIRECTION('',(2.2E-16,1.,0.));
#5694 = ADVANCED_FACE('',(#5695),#5701,.F.);
#5695 = FACE_BOUND('',#5696,.F.);
#5696 = EDGE_LOOP('',(#5697,#5698,#5699,#5700));
#5697 = ORIENTED_EDGE('',*,*,#5682,.T.);
#5698 = ORIENTED_EDGE('',*,*,#4007,.T.);
#5699 = ORIENTED_EDGE('',*,*,#5635,.T.);
#5700 = ORIENTED_EDGE('',*,*,#4192,.F.);
#5701 = CYLINDRICAL_SURFACE('',#5702,1.5);
#5702 = AXIS2_PLACEMENT_3D('',#5703,#5704,#5705);
#5703 = CARTESIAN_POINT('',(-14.3,21.5,24.));
#5704 = DIRECTION('',(0.,1.,-2.2E-16));
#5705 = DIRECTION('',(-1.,0.,0.));
#5706 = ADVANCED_FACE('',(#5707),#5723,.T.);
#5707 = FACE_BOUND('',#5708,.T.);
#5708 = EDGE_LOOP('',(#5709,#5710,#5711,#5712,#5719,#5720,#5721,#5722));
#5709 = ORIENTED_EDGE('',*,*,#4376,.T.);
#5710 = ORIENTED_EDGE('',*,*,#4353,.T.);
#5711 = ORIENTED_EDGE('',*,*,#4321,.F.);
#5712 = ORIENTED_EDGE('',*,*,#5713,.T.);
#5713 = EDGE_CURVE('',#4314,#4490,#5714,.T.);
#5714 = CIRCLE('',#5715,1.5);
#5715 = AXIS2_PLACEMENT_3D('',#5716,#5717,#5718);
#5716 = CARTESIAN_POINT('',(14.3,12.,-24.));
#5717 = DIRECTION('',(0.,1.,-0.));
#5718 = DIRECTION('',(-1.,0.,0.));
#5719 = ORIENTED_EDGE('',*,*,#4489,.F.);
#5720 = ORIENTED_EDGE('',*,*,#4555,.T.);
#5721 = ORIENTED_EDGE('',*,*,#4464,.T.);
#5722 = ORIENTED_EDGE('',*,*,#4436,.T.);
#5723 = PLANE('',#5724);
#5724 = AXIS2_PLACEMENT_3D('',#5725,#5726,#5727);
#5725 = CARTESIAN_POINT('',(15.065081277372,12.,-24.));
#5726 = DIRECTION('',(0.,1.,0.));
#5727 = DIRECTION('',(0.,0.,1.));
#5728 = ADVANCED_FACE('',(#5729),#5766,.F.);
#5729 = FACE_BOUND('',#5730,.F.);
#5730 = EDGE_LOOP('',(#5731,#5732,#5739,#5748,#5755,#5756,#5757,#5758,
    #5765));
#5731 = ORIENTED_EDGE('',*,*,#4413,.F.);
#5732 = ORIENTED_EDGE('',*,*,#5733,.F.);
#5733 = EDGE_CURVE('',#5734,#4405,#5736,.T.);
#5734 = VERTEX_POINT('',#5735);
#5735 = CARTESIAN_POINT('',(11.5,16.5,-24.));
#5736 = B_SPLINE_CURVE_WITH_KNOTS('',1,(#5737,#5738),.UNSPECIFIED.,.F.,
  .F.,(2,2),(-20.,-17.2),.PIECEWISE_BEZIER_KNOTS.);
#5737 = CARTESIAN_POINT('',(11.5,16.5,-24.));
#5738 = CARTESIAN_POINT('',(14.3,16.5,-24.));
#5739 = ORIENTED_EDGE('',*,*,#5740,.T.);
#5740 = EDGE_CURVE('',#5734,#5741,#5743,.T.);
#5741 = VERTEX_POINT('',#5742);
#5742 = CARTESIAN_POINT('',(11.5,13.5,-24.));
#5743 = CIRCLE('',#5744,1.5);
#5744 = AXIS2_PLACEMENT_3D('',#5745,#5746,#5747);
#5745 = CARTESIAN_POINT('',(11.5,15.,-24.));
#5746 = DIRECTION('',(1.,0.,0.));
#5747 = DIRECTION('',(0.,1.,0.));
#5748 = ORIENTED_EDGE('',*,*,#5749,.T.);
#5749 = EDGE_CURVE('',#5741,#5734,#5750,.T.);
#5750 = CIRCLE('',#5751,1.5);
#5751 = AXIS2_PLACEMENT_3D('',#5752,#5753,#5754);
#5752 = CARTESIAN_POINT('',(11.5,15.,-24.));
#5753 = DIRECTION('',(1.,0.,0.));
#5754 = DIRECTION('',(0.,1.,0.));
#5755 = ORIENTED_EDGE('',*,*,#5733,.T.);
#5756 = ORIENTED_EDGE('',*,*,#4404,.F.);
#5757 = ORIENTED_EDGE('',*,*,#4274,.F.);
#5758 = ORIENTED_EDGE('',*,*,#5759,.F.);
#5759 = EDGE_CURVE('',#4499,#4275,#5760,.T.);
#5760 = ELLIPSE('',#5761,2.12132034356,1.5);
#5761 = AXIS2_PLACEMENT_3D('',#5762,#5763,#5764);
#5762 = CARTESIAN_POINT('',(14.3,15.,-24.));
#5763 = DIRECTION('',(0.707106781187,-0.707106781187,1.6E-16));
#5764 = DIRECTION('',(0.707106781187,0.707106781187,-1.6E-16));
#5765 = ORIENTED_EDGE('',*,*,#4506,.F.);
#5766 = CYLINDRICAL_SURFACE('',#5767,1.5);
#5767 = AXIS2_PLACEMENT_3D('',#5768,#5769,#5770);
#5768 = CARTESIAN_POINT('',(31.5,15.,-24.));
#5769 = DIRECTION('',(1.,0.,0.));
#5770 = DIRECTION('',(0.,1.,0.));
#5771 = ADVANCED_FACE('',(#5772),#5778,.F.);
#5772 = FACE_BOUND('',#5773,.F.);
#5773 = EDGE_LOOP('',(#5774,#5775,#5776,#5777));
#5774 = ORIENTED_EDGE('',*,*,#5759,.T.);
#5775 = ORIENTED_EDGE('',*,*,#4313,.T.);
#5776 = ORIENTED_EDGE('',*,*,#5713,.T.);
#5777 = ORIENTED_EDGE('',*,*,#4498,.F.);
#5778 = CYLINDRICAL_SURFACE('',#5779,1.5);
#5779 = AXIS2_PLACEMENT_3D('',#5780,#5781,#5782);
#5780 = CARTESIAN_POINT('',(14.3,21.5,-24.));
#5781 = DIRECTION('',(0.,1.,-2.2E-16));
#5782 = DIRECTION('',(-1.,0.,0.));
#5783 = ADVANCED_FACE('',(#5784),#5800,.T.);
#5784 = FACE_BOUND('',#5785,.T.);
#5785 = EDGE_LOOP('',(#5786,#5787,#5788,#5789,#5790,#5797,#5798,#5799));
#5786 = ORIENTED_EDGE('',*,*,#4742,.T.);
#5787 = ORIENTED_EDGE('',*,*,#4682,.T.);
#5788 = ORIENTED_EDGE('',*,*,#4659,.T.);
#5789 = ORIENTED_EDGE('',*,*,#4627,.F.);
#5790 = ORIENTED_EDGE('',*,*,#5791,.T.);
#5791 = EDGE_CURVE('',#4620,#4796,#5792,.T.);
#5792 = CIRCLE('',#5793,1.5);
#5793 = AXIS2_PLACEMENT_3D('',#5794,#5795,#5796);
#5794 = CARTESIAN_POINT('',(14.3,12.,24.));
#5795 = DIRECTION('',(0.,1.,-0.));
#5796 = DIRECTION('',(-1.,0.,0.));
#5797 = ORIENTED_EDGE('',*,*,#4795,.F.);
#5798 = ORIENTED_EDGE('',*,*,#4861,.T.);
#5799 = ORIENTED_EDGE('',*,*,#4770,.T.);
#5800 = PLANE('',#5801);
#5801 = AXIS2_PLACEMENT_3D('',#5802,#5803,#5804);
#5802 = CARTESIAN_POINT('',(15.06508127768,12.,23.999999987395));
#5803 = DIRECTION('',(0.,1.,0.));
#5804 = DIRECTION('',(0.,0.,1.));
#5805 = ADVANCED_FACE('',(#5806),#5843,.F.);
#5806 = FACE_BOUND('',#5807,.F.);
#5807 = EDGE_LOOP('',(#5808,#5809,#5816,#5825,#5832,#5833,#5834,#5835,
    #5842));
#5808 = ORIENTED_EDGE('',*,*,#4719,.F.);
#5809 = ORIENTED_EDGE('',*,*,#5810,.F.);
#5810 = EDGE_CURVE('',#5811,#4711,#5813,.T.);
#5811 = VERTEX_POINT('',#5812);
#5812 = CARTESIAN_POINT('',(11.5,16.5,24.));
#5813 = B_SPLINE_CURVE_WITH_KNOTS('',1,(#5814,#5815),.UNSPECIFIED.,.F.,
  .F.,(2,2),(-20.,-17.2),.PIECEWISE_BEZIER_KNOTS.);
#5814 = CARTESIAN_POINT('',(11.5,16.5,24.));
#5815 = CARTESIAN_POINT('',(14.3,16.5,24.));
#5816 = ORIENTED_EDGE('',*,*,#5817,.T.);
#5817 = EDGE_CURVE('',#5811,#5818,#5820,.T.);
#5818 = VERTEX_POINT('',#5819);
#5819 = CARTESIAN_POINT('',(11.5,13.5,24.));
#5820 = CIRCLE('',#5821,1.5);
#5821 = AXIS2_PLACEMENT_3D('',#5822,#5823,#5824);
#5822 = CARTESIAN_POINT('',(11.5,15.,24.));
#5823 = DIRECTION('',(1.,0.,0.));
#5824 = DIRECTION('',(0.,1.,0.));
#5825 = ORIENTED_EDGE('',*,*,#5826,.T.);
#5826 = EDGE_CURVE('',#5818,#5811,#5827,.T.);
#5827 = CIRCLE('',#5828,1.5);
#5828 = AXIS2_PLACEMENT_3D('',#5829,#5830,#5831);
#5829 = CARTESIAN_POINT('',(11.5,15.,24.));
#5830 = DIRECTION('',(1.,0.,0.));
#5831 = DIRECTION('',(0.,1.,0.));
#5832 = ORIENTED_EDGE('',*,*,#5810,.T.);
#5833 = ORIENTED_EDGE('',*,*,#4710,.F.);
#5834 = ORIENTED_EDGE('',*,*,#4580,.F.);
#5835 = ORIENTED_EDGE('',*,*,#5836,.F.);
#5836 = EDGE_CURVE('',#4805,#4581,#5837,.T.);
#5837 = ELLIPSE('',#5838,2.12132034356,1.5);
#5838 = AXIS2_PLACEMENT_3D('',#5839,#5840,#5841);
#5839 = CARTESIAN_POINT('',(14.3,15.,24.));
#5840 = DIRECTION('',(0.707106781187,-0.707106781187,1.6E-16));
#5841 = DIRECTION('',(0.707106781187,0.707106781187,-1.6E-16));
#5842 = ORIENTED_EDGE('',*,*,#4812,.F.);
#5843 = CYLINDRICAL_SURFACE('',#5844,1.5);
#5844 = AXIS2_PLACEMENT_3D('',#5845,#5846,#5847);
#5845 = CARTESIAN_POINT('',(31.5,15.,24.));
#5846 = DIRECTION('',(1.,0.,0.));
#5847 = DIRECTION('',(0.,1.,0.));
#5848 = ADVANCED_FACE('',(#5849),#5855,.F.);
#5849 = FACE_BOUND('',#5850,.F.);
#5850 = EDGE_LOOP('',(#5851,#5852,#5853,#5854));
#5851 = ORIENTED_EDGE('',*,*,#5836,.T.);
#5852 = ORIENTED_EDGE('',*,*,#4619,.T.);
#5853 = ORIENTED_EDGE('',*,*,#5791,.T.);
#5854 = ORIENTED_EDGE('',*,*,#4804,.F.);
#5855 = CYLINDRICAL_SURFACE('',#5856,1.5);
#5856 = AXIS2_PLACEMENT_3D('',#5857,#5858,#5859);
#5857 = CARTESIAN_POINT('',(14.3,21.5,24.));
#5858 = DIRECTION('',(0.,1.,-2.2E-16));
#5859 = DIRECTION('',(-1.,0.,0.));
#5860 = ADVANCED_FACE('',(#5861),#5865,.T.);
#5861 = FACE_BOUND('',#5862,.F.);
#5862 = EDGE_LOOP('',(#5863,#5864));
#5863 = ORIENTED_EDGE('',*,*,#4906,.T.);
#5864 = ORIENTED_EDGE('',*,*,#4915,.T.);
#5865 = PLANE('',#5866);
#5866 = AXIS2_PLACEMENT_3D('',#5867,#5868,#5869);
#5867 = CARTESIAN_POINT('',(-11.5,2.55E-15,-2.55E-15));
#5868 = DIRECTION('',(-1.,2.2E-16,-2.2E-16));
#5869 = DIRECTION('',(2.2E-16,0.,-1.));
#5870 = ADVANCED_FACE('',(#5871,#5877,#5883,#5994,#6000,#6111,#6222,
    #6228,#6339),#6345,.T.);
#5871 = FACE_BOUND('',#5872,.T.);
#5872 = EDGE_LOOP('',(#5873,#5874,#5875,#5876));
#5873 = ORIENTED_EDGE('',*,*,#4979,.F.);
#5874 = ORIENTED_EDGE('',*,*,#5136,.T.);
#5875 = ORIENTED_EDGE('',*,*,#5054,.T.);
#5876 = ORIENTED_EDGE('',*,*,#5176,.F.);
#5877 = FACE_BOUND('',#5878,.T.);
#5878 = EDGE_LOOP('',(#5879,#5880,#5881,#5882));
#5879 = ORIENTED_EDGE('',*,*,#5342,.F.);
#5880 = ORIENTED_EDGE('',*,*,#5366,.T.);
#5881 = ORIENTED_EDGE('',*,*,#5407,.F.);
#5882 = ORIENTED_EDGE('',*,*,#5390,.F.);
#5883 = FACE_BOUND('',#5884,.T.);
#5884 = EDGE_LOOP('',(#5885,#5895,#5903,#5911,#5919,#5927,#5946,#5957,
    #5966,#5977));
#5885 = ORIENTED_EDGE('',*,*,#5886,.T.);
#5886 = EDGE_CURVE('',#5887,#5889,#5891,.T.);
#5887 = VERTEX_POINT('',#5888);
#5888 = CARTESIAN_POINT('',(-13.29999999999,-21.5,21.54032522475));
#5889 = VERTEX_POINT('',#5890);
#5890 = CARTESIAN_POINT('',(-13.29999999999,-21.5,20.3));
#5891 = LINE('',#5892,#5893);
#5892 = CARTESIAN_POINT('',(-13.29999999999,-21.5,26.7));
#5893 = VECTOR('',#5894,1.);
#5894 = DIRECTION('',(0.,6.7E-16,-1.));
#5895 = ORIENTED_EDGE('',*,*,#5896,.T.);
#5896 = EDGE_CURVE('',#5889,#5897,#5899,.T.);
#5897 = VERTEX_POINT('',#5898);
#5898 = CARTESIAN_POINT('',(-17.5,-21.5,20.3));
#5899 = LINE('',#5900,#5901);
#5900 = CARTESIAN_POINT('',(-14.29999999999,-21.5,20.3));
#5901 = VECTOR('',#5902,1.);
#5902 = DIRECTION('',(-1.,0.,0.));
#5903 = ORIENTED_EDGE('',*,*,#5904,.T.);
#5904 = EDGE_CURVE('',#5897,#5905,#5907,.T.);
#5905 = VERTEX_POINT('',#5906);
#5906 = CARTESIAN_POINT('',(-17.5,-21.5,27.7));
#5907 = LINE('',#5908,#5909);
#5908 = CARTESIAN_POINT('',(-17.5,-21.5,21.3));
#5909 = VECTOR('',#5910,1.);
#5910 = DIRECTION('',(0.,-6.7E-16,1.));
#5911 = ORIENTED_EDGE('',*,*,#5912,.T.);
#5912 = EDGE_CURVE('',#5905,#5913,#5915,.T.);
#5913 = VERTEX_POINT('',#5914);
#5914 = CARTESIAN_POINT('',(-13.29999999999,-21.5,27.7));
#5915 = LINE('',#5916,#5917);
#5916 = CARTESIAN_POINT('',(-16.5,-21.5,27.7));
#5917 = VECTOR('',#5918,1.);
#5918 = DIRECTION('',(1.,0.,0.));
#5919 = ORIENTED_EDGE('',*,*,#5920,.T.);
#5920 = EDGE_CURVE('',#5913,#5921,#5923,.T.);
#5921 = VERTEX_POINT('',#5922);
#5922 = CARTESIAN_POINT('',(-13.29999999999,-21.5,26.45967477525));
#5923 = LINE('',#5924,#5925);
#5924 = CARTESIAN_POINT('',(-13.29999999999,-21.5,26.7));
#5925 = VECTOR('',#5926,1.);
#5926 = DIRECTION('',(0.,6.7E-16,-1.));
#5927 = ORIENTED_EDGE('',*,*,#5928,.T.);
#5928 = EDGE_CURVE('',#5921,#5929,#5931,.T.);
#5929 = VERTEX_POINT('',#5930);
#5930 = CARTESIAN_POINT('',(-13.14668783648,-21.5,26.322548207492));
#5931 = B_SPLINE_CURVE_WITH_KNOTS('',7,(#5932,#5933,#5934,#5935,#5936,
    #5937,#5938,#5939,#5940,#5941,#5942,#5943,#5944,#5945),
  .UNSPECIFIED.,.F.,.F.,(8,6,8),(-1.263783705266,-1.234227047725,
    -0.688737339366),.UNSPECIFIED.);
#5932 = CARTESIAN_POINT('',(-13.58176426328,-21.5,26.711692393784));
#5933 = CARTESIAN_POINT('',(-13.57677075244,-21.5,26.707226061916));
#5934 = CARTESIAN_POINT('',(-13.57208496409,-21.5,26.703034965398));
#5935 = CARTESIAN_POINT('',(-13.56770689821,-21.5,26.699119104231));
#5936 = CARTESIAN_POINT('',(-13.5636365548,-21.5,26.695478478414));
#5937 = CARTESIAN_POINT('',(-13.55987393388,-21.5,26.692113087948));
#5938 = CARTESIAN_POINT('',(-13.55641903543,-21.5,26.689022932831));
#5939 = CARTESIAN_POINT('',(-13.4951884276,-21.5,26.634256612269));
#5940 = CARTESIAN_POINT('',(-13.43710499575,-21.5,26.582305211473));
#5941 = CARTESIAN_POINT('',(-13.37902156389,-21.5,26.530353810677));
#5942 = CARTESIAN_POINT('',(-13.32093813204,-21.5,26.478402409881));
#5943 = CARTESIAN_POINT('',(-13.26285470019,-21.5,26.426451009085));
#5944 = CARTESIAN_POINT('',(-13.20477126833,-21.5,26.374499608289));
#5945 = CARTESIAN_POINT('',(-13.14668783648,-21.5,26.322548207492));
#5946 = ORIENTED_EDGE('',*,*,#5947,.T.);
#5947 = EDGE_CURVE('',#5929,#5948,#5950,.T.);
#5948 = VERTEX_POINT('',#5949);
#5949 = CARTESIAN_POINT('',(-12.63333333333,-21.5,25.863389981248));
#5950 = B_SPLINE_CURVE_WITH_KNOTS('',5,(#5951,#5952,#5953,#5954,#5955,
    #5956),.UNSPECIFIED.,.F.,.F.,(6,6),(-0.688737339366,0.),
  .PIECEWISE_BEZIER_KNOTS.);
#5951 = CARTESIAN_POINT('',(-13.14668783648,-21.5,26.322548207492));
#5952 = CARTESIAN_POINT('',(-13.04401693585,-21.5,26.230716562244));
#5953 = CARTESIAN_POINT('',(-12.94134603522,-21.5,26.138884916994));
#5954 = CARTESIAN_POINT('',(-12.83867513459,-21.5,26.047053271746));
#5955 = CARTESIAN_POINT('',(-12.73600423396,-21.5,25.955221626497));
#5956 = CARTESIAN_POINT('',(-12.63333333333,-21.5,25.863389981248));
#5957 = ORIENTED_EDGE('',*,*,#5958,.T.);
#5958 = EDGE_CURVE('',#5948,#5959,#5961,.T.);
#5959 = VERTEX_POINT('',#5960);
#5960 = CARTESIAN_POINT('',(-12.63333333333,-21.5,22.136610018752));
#5961 = CIRCLE('',#5962,2.5);
#5962 = AXIS2_PLACEMENT_3D('',#5963,#5964,#5965);
#5963 = CARTESIAN_POINT('',(-14.3,-21.5,24.));
#5964 = DIRECTION('',(2.465190328816E-32,1.,4.4E-16));
#5965 = DIRECTION('',(0.666666666668,-3.279566366996E-16,0.745355992499)
  );
#5966 = ORIENTED_EDGE('',*,*,#5967,.T.);
#5967 = EDGE_CURVE('',#5959,#5968,#5970,.T.);
#5968 = VERTEX_POINT('',#5969);
#5969 = CARTESIAN_POINT('',(-13.14668783648,-21.5,21.677451792508));
#5970 = B_SPLINE_CURVE_WITH_KNOTS('',5,(#5971,#5972,#5973,#5974,#5975,
    #5976),.UNSPECIFIED.,.F.,.F.,(6,6),(2.5232060117,3.211943351066),
  .PIECEWISE_BEZIER_KNOTS.);
#5971 = CARTESIAN_POINT('',(-12.63333333333,-21.5,22.136610018752));
#5972 = CARTESIAN_POINT('',(-12.73600423396,-21.5,22.044778373503));
#5973 = CARTESIAN_POINT('',(-12.83867513459,-21.5,21.952946728254));
#5974 = CARTESIAN_POINT('',(-12.94134603522,-21.5,21.861115083005));
#5975 = CARTESIAN_POINT('',(-13.04401693585,-21.5,21.769283437757));
#5976 = CARTESIAN_POINT('',(-13.14668783648,-21.5,21.677451792508));
#5977 = ORIENTED_EDGE('',*,*,#5978,.T.);
#5978 = EDGE_CURVE('',#5968,#5887,#5979,.T.);
#5979 = B_SPLINE_CURVE_WITH_KNOTS('',7,(#5980,#5981,#5982,#5983,#5984,
    #5985,#5986,#5987,#5988,#5989,#5990,#5991,#5992,#5993),
  .UNSPECIFIED.,.F.,.F.,(8,6,8),(3.211943351066,3.757433059425,
    3.786989716966),.UNSPECIFIED.);
#5980 = CARTESIAN_POINT('',(-13.14668783648,-21.5,21.677451792508));
#5981 = CARTESIAN_POINT('',(-13.20477126833,-21.5,21.625500391711));
#5982 = CARTESIAN_POINT('',(-13.26285470019,-21.5,21.573548990915));
#5983 = CARTESIAN_POINT('',(-13.32093813204,-21.5,21.521597590119));
#5984 = CARTESIAN_POINT('',(-13.37902156389,-21.5,21.469646189323));
#5985 = CARTESIAN_POINT('',(-13.43710499575,-21.5,21.417694788527));
#5986 = CARTESIAN_POINT('',(-13.4951884276,-21.5,21.365743387731));
#5987 = CARTESIAN_POINT('',(-13.55641903543,-21.5,21.310977067169));
#5988 = CARTESIAN_POINT('',(-13.55987393388,-21.5,21.307886912052));
#5989 = CARTESIAN_POINT('',(-13.5636365548,-21.5,21.304521521586));
#5990 = CARTESIAN_POINT('',(-13.56770689821,-21.5,21.300880895769));
#5991 = CARTESIAN_POINT('',(-13.57208496409,-21.5,21.296965034602));
#5992 = CARTESIAN_POINT('',(-13.57677075244,-21.5,21.292773938084));
#5993 = CARTESIAN_POINT('',(-13.58176426328,-21.5,21.288307606216));
#5994 = FACE_BOUND('',#5995,.T.);
#5995 = EDGE_LOOP('',(#5996,#5997,#5998,#5999));
#5996 = ORIENTED_EDGE('',*,*,#5246,.F.);
#5997 = ORIENTED_EDGE('',*,*,#5270,.F.);
#5998 = ORIENTED_EDGE('',*,*,#5311,.F.);
#5999 = ORIENTED_EDGE('',*,*,#5294,.F.);
#6000 = FACE_BOUND('',#6001,.T.);
#6001 = EDGE_LOOP('',(#6002,#6023,#6031,#6039,#6047,#6055,#6063,#6082,
    #6093,#6102));
#6002 = ORIENTED_EDGE('',*,*,#6003,.T.);
#6003 = EDGE_CURVE('',#6004,#6006,#6008,.T.);
#6004 = VERTEX_POINT('',#6005);
#6005 = CARTESIAN_POINT('',(-13.14668783648,-21.5,-26.32254820749));
#6006 = VERTEX_POINT('',#6007);
#6007 = CARTESIAN_POINT('',(-13.3,-21.5,-26.45967477525));
#6008 = B_SPLINE_CURVE_WITH_KNOTS('',7,(#6009,#6010,#6011,#6012,#6013,
    #6014,#6015,#6016,#6017,#6018,#6019,#6020,#6021,#6022),
  .UNSPECIFIED.,.F.,.F.,(8,6,8),(3.211943351068,3.757433059439,
    3.786989716979),.UNSPECIFIED.);
#6009 = CARTESIAN_POINT('',(-13.14668783648,-21.5,-26.32254820749));
#6010 = CARTESIAN_POINT('',(-13.20477126834,-21.5,-26.37449960829));
#6011 = CARTESIAN_POINT('',(-13.26285470019,-21.5,-26.42645100908));
#6012 = CARTESIAN_POINT('',(-13.32093813205,-21.5,-26.47840240988));
#6013 = CARTESIAN_POINT('',(-13.3790215639,-21.5,-26.53035381068));
#6014 = CARTESIAN_POINT('',(-13.43710499575,-21.5,-26.58230521147));
#6015 = CARTESIAN_POINT('',(-13.49518842761,-21.5,-26.63425661227));
#6016 = CARTESIAN_POINT('',(-13.55641903544,-21.5,-26.68902293283));
#6017 = CARTESIAN_POINT('',(-13.55987393389,-21.5,-26.69211308795));
#6018 = CARTESIAN_POINT('',(-13.56363655481,-21.5,-26.69547847842));
#6019 = CARTESIAN_POINT('',(-13.56770689822,-21.5,-26.69911910423));
#6020 = CARTESIAN_POINT('',(-13.5720849641,-21.5,-26.7030349654));
#6021 = CARTESIAN_POINT('',(-13.57677075246,-21.5,-26.70722606192));
#6022 = CARTESIAN_POINT('',(-13.58176426329,-21.5,-26.71169239379));
#6023 = ORIENTED_EDGE('',*,*,#6024,.T.);
#6024 = EDGE_CURVE('',#6006,#6025,#6027,.T.);
#6025 = VERTEX_POINT('',#6026);
#6026 = CARTESIAN_POINT('',(-13.3,-21.5,-27.7));
#6027 = LINE('',#6028,#6029);
#6028 = CARTESIAN_POINT('',(-13.3,-21.5,-21.3));
#6029 = VECTOR('',#6030,1.);
#6030 = DIRECTION('',(0.,6.7E-16,-1.));
#6031 = ORIENTED_EDGE('',*,*,#6032,.T.);
#6032 = EDGE_CURVE('',#6025,#6033,#6035,.T.);
#6033 = VERTEX_POINT('',#6034);
#6034 = CARTESIAN_POINT('',(-17.5,-21.5,-27.7));
#6035 = LINE('',#6036,#6037);
#6036 = CARTESIAN_POINT('',(-14.3,-21.5,-27.7));
#6037 = VECTOR('',#6038,1.);
#6038 = DIRECTION('',(-1.,0.,0.));
#6039 = ORIENTED_EDGE('',*,*,#6040,.T.);
#6040 = EDGE_CURVE('',#6033,#6041,#6043,.T.);
#6041 = VERTEX_POINT('',#6042);
#6042 = CARTESIAN_POINT('',(-17.5,-21.5,-20.3));
#6043 = LINE('',#6044,#6045);
#6044 = CARTESIAN_POINT('',(-17.5,-21.5,-26.7));
#6045 = VECTOR('',#6046,1.);
#6046 = DIRECTION('',(0.,-6.7E-16,1.));
#6047 = ORIENTED_EDGE('',*,*,#6048,.T.);
#6048 = EDGE_CURVE('',#6041,#6049,#6051,.T.);
#6049 = VERTEX_POINT('',#6050);
#6050 = CARTESIAN_POINT('',(-13.3,-21.5,-20.3));
#6051 = LINE('',#6052,#6053);
#6052 = CARTESIAN_POINT('',(-16.5,-21.5,-20.3));
#6053 = VECTOR('',#6054,1.);
#6054 = DIRECTION('',(1.,0.,0.));
#6055 = ORIENTED_EDGE('',*,*,#6056,.T.);
#6056 = EDGE_CURVE('',#6049,#6057,#6059,.T.);
#6057 = VERTEX_POINT('',#6058);
#6058 = CARTESIAN_POINT('',(-13.3,-21.5,-21.54032522475));
#6059 = LINE('',#6060,#6061);
#6060 = CARTESIAN_POINT('',(-13.3,-21.5,-21.3));
#6061 = VECTOR('',#6062,1.);
#6062 = DIRECTION('',(0.,6.7E-16,-1.));
#6063 = ORIENTED_EDGE('',*,*,#6064,.T.);
#6064 = EDGE_CURVE('',#6057,#6065,#6067,.T.);
#6065 = VERTEX_POINT('',#6066);
#6066 = CARTESIAN_POINT('',(-13.14668783648,-21.5,-21.6774517925));
#6067 = B_SPLINE_CURVE_WITH_KNOTS('',7,(#6068,#6069,#6070,#6071,#6072,
    #6073,#6074,#6075,#6076,#6077,#6078,#6079,#6080,#6081),
  .UNSPECIFIED.,.F.,.F.,(8,6,8),(-1.263783705276,-1.234227047735,
    -0.688737339365),.UNSPECIFIED.);
#6068 = CARTESIAN_POINT('',(-13.58176426329,-21.5,-21.2883076062));
#6069 = CARTESIAN_POINT('',(-13.57677075246,-21.5,-21.29277393807));
#6070 = CARTESIAN_POINT('',(-13.5720849641,-21.5,-21.29696503459));
#6071 = CARTESIAN_POINT('',(-13.56770689822,-21.5,-21.30088089576));
#6072 = CARTESIAN_POINT('',(-13.56363655481,-21.5,-21.30452152157));
#6073 = CARTESIAN_POINT('',(-13.55987393389,-21.5,-21.30788691204));
#6074 = CARTESIAN_POINT('',(-13.55641903544,-21.5,-21.31097706716));
#6075 = CARTESIAN_POINT('',(-13.49518842761,-21.5,-21.36574338772));
#6076 = CARTESIAN_POINT('',(-13.43710499575,-21.5,-21.41769478852));
#6077 = CARTESIAN_POINT('',(-13.3790215639,-21.5,-21.46964618931));
#6078 = CARTESIAN_POINT('',(-13.32093813205,-21.5,-21.52159759011));
#6079 = CARTESIAN_POINT('',(-13.26285470019,-21.5,-21.57354899091));
#6080 = CARTESIAN_POINT('',(-13.20477126834,-21.5,-21.62550039171));
#6081 = CARTESIAN_POINT('',(-13.14668783648,-21.5,-21.6774517925));
#6082 = ORIENTED_EDGE('',*,*,#6083,.T.);
#6083 = EDGE_CURVE('',#6065,#6084,#6086,.T.);
#6084 = VERTEX_POINT('',#6085);
#6085 = CARTESIAN_POINT('',(-12.63333333333,-21.5,-22.13661001875));
#6086 = B_SPLINE_CURVE_WITH_KNOTS('',5,(#6087,#6088,#6089,#6090,#6091,
    #6092),.UNSPECIFIED.,.F.,.F.,(6,6),(-0.688737339365,0.),
  .PIECEWISE_BEZIER_KNOTS.);
#6087 = CARTESIAN_POINT('',(-13.14668783648,-21.5,-21.6774517925));
#6088 = CARTESIAN_POINT('',(-13.04401693585,-21.5,-21.76928343775));
#6089 = CARTESIAN_POINT('',(-12.94134603522,-21.5,-21.861115083));
#6090 = CARTESIAN_POINT('',(-12.83867513459,-21.5,-21.95294672825));
#6091 = CARTESIAN_POINT('',(-12.73600423396,-21.5,-22.0447783735));
#6092 = CARTESIAN_POINT('',(-12.63333333333,-21.5,-22.13661001875));
#6093 = ORIENTED_EDGE('',*,*,#6094,.T.);
#6094 = EDGE_CURVE('',#6084,#6095,#6097,.T.);
#6095 = VERTEX_POINT('',#6096);
#6096 = CARTESIAN_POINT('',(-12.63333333333,-21.5,-25.86338998125));
#6097 = CIRCLE('',#6098,2.5);
#6098 = AXIS2_PLACEMENT_3D('',#6099,#6100,#6101);
#6099 = CARTESIAN_POINT('',(-14.3,-21.5,-24.));
#6100 = DIRECTION('',(2.465190328816E-32,1.,4.4E-16));
#6101 = DIRECTION('',(0.666666666667,-3.279566366999E-16,0.7453559925));
#6102 = ORIENTED_EDGE('',*,*,#6103,.T.);
#6103 = EDGE_CURVE('',#6095,#6004,#6104,.T.);
#6104 = B_SPLINE_CURVE_WITH_KNOTS('',5,(#6105,#6106,#6107,#6108,#6109,
    #6110),.UNSPECIFIED.,.F.,.F.,(6,6),(2.523206011703,3.211943351068),
  .PIECEWISE_BEZIER_KNOTS.);
#6105 = CARTESIAN_POINT('',(-12.63333333333,-21.5,-25.86338998125));
#6106 = CARTESIAN_POINT('',(-12.73600423396,-21.5,-25.95522162649));
#6107 = CARTESIAN_POINT('',(-12.83867513459,-21.5,-26.04705327174));
#6108 = CARTESIAN_POINT('',(-12.94134603522,-21.5,-26.13888491699));
#6109 = CARTESIAN_POINT('',(-13.04401693585,-21.5,-26.23071656224));
#6110 = CARTESIAN_POINT('',(-13.14668783648,-21.5,-26.32254820749));
#6111 = FACE_BOUND('',#6112,.T.);
#6112 = EDGE_LOOP('',(#6113,#6123,#6131,#6139,#6158,#6169,#6178,#6189,
    #6208,#6216));
#6113 = ORIENTED_EDGE('',*,*,#6114,.T.);
#6114 = EDGE_CURVE('',#6115,#6117,#6119,.T.);
#6115 = VERTEX_POINT('',#6116);
#6116 = CARTESIAN_POINT('',(17.5,-21.5,27.7));
#6117 = VERTEX_POINT('',#6118);
#6118 = CARTESIAN_POINT('',(17.5,-21.5,20.3));
#6119 = LINE('',#6120,#6121);
#6120 = CARTESIAN_POINT('',(17.5,-21.5,26.7));
#6121 = VECTOR('',#6122,1.);
#6122 = DIRECTION('',(0.,6.7E-16,-1.));
#6123 = ORIENTED_EDGE('',*,*,#6124,.T.);
#6124 = EDGE_CURVE('',#6117,#6125,#6127,.T.);
#6125 = VERTEX_POINT('',#6126);
#6126 = CARTESIAN_POINT('',(13.3,-21.5,20.3));
#6127 = LINE('',#6128,#6129);
#6128 = CARTESIAN_POINT('',(16.5,-21.5,20.3));
#6129 = VECTOR('',#6130,1.);
#6130 = DIRECTION('',(-1.,0.,0.));
#6131 = ORIENTED_EDGE('',*,*,#6132,.T.);
#6132 = EDGE_CURVE('',#6125,#6133,#6135,.T.);
#6133 = VERTEX_POINT('',#6134);
#6134 = CARTESIAN_POINT('',(13.3,-21.5,21.54032522475));
#6135 = LINE('',#6136,#6137);
#6136 = CARTESIAN_POINT('',(13.3,-21.5,21.3));
#6137 = VECTOR('',#6138,1.);
#6138 = DIRECTION('',(0.,-6.7E-16,1.));
#6139 = ORIENTED_EDGE('',*,*,#6140,.T.);
#6140 = EDGE_CURVE('',#6133,#6141,#6143,.T.);
#6141 = VERTEX_POINT('',#6142);
#6142 = CARTESIAN_POINT('',(13.146687836487,-21.5,21.677451792507));
#6143 = B_SPLINE_CURVE_WITH_KNOTS('',7,(#6144,#6145,#6146,#6147,#6148,
    #6149,#6150,#6151,#6152,#6153,#6154,#6155,#6156,#6157),
  .UNSPECIFIED.,.F.,.F.,(8,6,8),(-1.263783705278,-1.234227047737,
    -0.688737339364),.UNSPECIFIED.);
#6144 = CARTESIAN_POINT('',(13.581764263295,-21.5,21.288307606207));
#6145 = CARTESIAN_POINT('',(13.576770752461,-21.5,21.292773938075));
#6146 = CARTESIAN_POINT('',(13.572084964105,-21.5,21.296965034593));
#6147 = CARTESIAN_POINT('',(13.567706898224,-21.5,21.30088089576));
#6148 = CARTESIAN_POINT('',(13.563636554821,-21.5,21.304521521577));
#6149 = CARTESIAN_POINT('',(13.559873933894,-21.5,21.307886912044));
#6150 = CARTESIAN_POINT('',(13.556419035443,-21.5,21.31097706716));
#6151 = CARTESIAN_POINT('',(13.495188427615,-21.5,21.365743387723));
#6152 = CARTESIAN_POINT('',(13.43710499576,-21.5,21.41769478852));
#6153 = CARTESIAN_POINT('',(13.379021563906,-21.5,21.469646189318));
#6154 = CARTESIAN_POINT('',(13.320938132051,-21.49999999999,
    21.521597590115));
#6155 = CARTESIAN_POINT('',(13.262854700197,-21.5,21.573548990913));
#6156 = CARTESIAN_POINT('',(13.204771268342,-21.5,21.62550039171));
#6157 = CARTESIAN_POINT('',(13.146687836487,-21.5,21.677451792507));
#6158 = ORIENTED_EDGE('',*,*,#6159,.T.);
#6159 = EDGE_CURVE('',#6141,#6160,#6162,.T.);
#6160 = VERTEX_POINT('',#6161);
#6161 = CARTESIAN_POINT('',(12.633333333333,-21.5,22.13661001875));
#6162 = B_SPLINE_CURVE_WITH_KNOTS('',5,(#6163,#6164,#6165,#6166,#6167,
    #6168),.UNSPECIFIED.,.F.,.F.,(6,6),(-0.688737339364,0.),
  .PIECEWISE_BEZIER_KNOTS.);
#6163 = CARTESIAN_POINT('',(13.146687836487,-21.5,21.677451792507));
#6164 = CARTESIAN_POINT('',(13.044016935856,-21.5,21.769283437756));
#6165 = CARTESIAN_POINT('',(12.941346035226,-21.5,21.861115083004));
#6166 = CARTESIAN_POINT('',(12.838675134595,-21.5,21.952946728253));
#6167 = CARTESIAN_POINT('',(12.736004233964,-21.5,22.044778373502));
#6168 = CARTESIAN_POINT('',(12.633333333333,-21.5,22.13661001875));
#6169 = ORIENTED_EDGE('',*,*,#6170,.T.);
#6170 = EDGE_CURVE('',#6160,#6171,#6173,.T.);
#6171 = VERTEX_POINT('',#6172);
#6172 = CARTESIAN_POINT('',(12.633333333333,-21.5,25.86338998125));
#6173 = CIRCLE('',#6174,2.5);
#6174 = AXIS2_PLACEMENT_3D('',#6175,#6176,#6177);
#6175 = CARTESIAN_POINT('',(14.3,-21.5,24.));
#6176 = DIRECTION('',(-2.465190328816E-32,1.,4.4E-16));
#6177 = DIRECTION('',(-0.666666666667,3.279566367E-16,-0.7453559925));
#6178 = ORIENTED_EDGE('',*,*,#6179,.T.);
#6179 = EDGE_CURVE('',#6171,#6180,#6182,.T.);
#6180 = VERTEX_POINT('',#6181);
#6181 = CARTESIAN_POINT('',(13.146687836487,-21.5,26.322548207493));
#6182 = B_SPLINE_CURVE_WITH_KNOTS('',5,(#6183,#6184,#6185,#6186,#6187,
    #6188),.UNSPECIFIED.,.F.,.F.,(6,6),(2.523206011704,3.211943351068),
  .PIECEWISE_BEZIER_KNOTS.);
#6183 = CARTESIAN_POINT('',(12.633333333333,-21.5,25.86338998125));
#6184 = CARTESIAN_POINT('',(12.736004233964,-21.5,25.955221626498));
#6185 = CARTESIAN_POINT('',(12.838675134595,-21.5,26.047053271747));
#6186 = CARTESIAN_POINT('',(12.941346035226,-21.5,26.138884916996));
#6187 = CARTESIAN_POINT('',(13.044016935856,-21.5,26.230716562244));
#6188 = CARTESIAN_POINT('',(13.146687836487,-21.5,26.322548207493));
#6189 = ORIENTED_EDGE('',*,*,#6190,.T.);
#6190 = EDGE_CURVE('',#6180,#6191,#6193,.T.);
#6191 = VERTEX_POINT('',#6192);
#6192 = CARTESIAN_POINT('',(13.3,-21.5,26.45967477525));
#6193 = B_SPLINE_CURVE_WITH_KNOTS('',7,(#6194,#6195,#6196,#6197,#6198,
    #6199,#6200,#6201,#6202,#6203,#6204,#6205,#6206,#6207),
  .UNSPECIFIED.,.F.,.F.,(8,6,8),(3.211943351068,3.757433059368,
    3.786989716913),.UNSPECIFIED.);
#6194 = CARTESIAN_POINT('',(13.146687836487,-21.5,26.322548207493));
#6195 = CARTESIAN_POINT('',(13.204771268334,-21.5,26.374499608283));
#6196 = CARTESIAN_POINT('',(13.262854700181,-21.5,26.426451009074));
#6197 = CARTESIAN_POINT('',(13.320938132027,-21.49999999999,
    26.478402409863));
#6198 = CARTESIAN_POINT('',(13.379021563875,-21.5,26.530353810655));
#6199 = CARTESIAN_POINT('',(13.437104995721,-21.5,26.582305211445));
#6200 = CARTESIAN_POINT('',(13.495188427569,-21.5,26.634256612236));
#6201 = CARTESIAN_POINT('',(13.55641903539,-21.5,26.689022932792));
#6202 = CARTESIAN_POINT('',(13.55987393384,-21.5,26.692113087909));
#6203 = CARTESIAN_POINT('',(13.563636554767,-21.5,26.695478478375));
#6204 = CARTESIAN_POINT('',(13.567706898171,-21.5,26.699119104192));
#6205 = CARTESIAN_POINT('',(13.572084964051,-21.5,26.703034965359));
#6206 = CARTESIAN_POINT('',(13.576770752408,-21.5,26.707226061877));
#6207 = CARTESIAN_POINT('',(13.581764263241,-21.5,26.711692393744));
#6208 = ORIENTED_EDGE('',*,*,#6209,.T.);
#6209 = EDGE_CURVE('',#6191,#6210,#6212,.T.);
#6210 = VERTEX_POINT('',#6211);
#6211 = CARTESIAN_POINT('',(13.3,-21.5,27.7));
#6212 = LINE('',#6213,#6214);
#6213 = CARTESIAN_POINT('',(13.3,-21.5,21.3));
#6214 = VECTOR('',#6215,1.);
#6215 = DIRECTION('',(0.,-6.7E-16,1.));
#6216 = ORIENTED_EDGE('',*,*,#6217,.T.);
#6217 = EDGE_CURVE('',#6210,#6115,#6218,.T.);
#6218 = LINE('',#6219,#6220);
#6219 = CARTESIAN_POINT('',(14.3,-21.5,27.7));
#6220 = VECTOR('',#6221,1.);
#6221 = DIRECTION('',(1.,0.,0.));
#6222 = FACE_BOUND('',#6223,.T.);
#6223 = EDGE_LOOP('',(#6224,#6225,#6226,#6227));
#6224 = ORIENTED_EDGE('',*,*,#5554,.F.);
#6225 = ORIENTED_EDGE('',*,*,#5578,.T.);
#6226 = ORIENTED_EDGE('',*,*,#5619,.F.);
#6227 = ORIENTED_EDGE('',*,*,#5602,.F.);
#6228 = FACE_BOUND('',#6229,.T.);
#6229 = EDGE_LOOP('',(#6230,#6240,#6248,#6256,#6275,#6286,#6295,#6306,
    #6325,#6333));
#6230 = ORIENTED_EDGE('',*,*,#6231,.T.);
#6231 = EDGE_CURVE('',#6232,#6234,#6236,.T.);
#6232 = VERTEX_POINT('',#6233);
#6233 = CARTESIAN_POINT('',(17.5,-21.5,-20.3));
#6234 = VERTEX_POINT('',#6235);
#6235 = CARTESIAN_POINT('',(17.5,-21.5,-27.7));
#6236 = LINE('',#6237,#6238);
#6237 = CARTESIAN_POINT('',(17.5,-21.5,-21.3));
#6238 = VECTOR('',#6239,1.);
#6239 = DIRECTION('',(0.,6.7E-16,-1.));
#6240 = ORIENTED_EDGE('',*,*,#6241,.T.);
#6241 = EDGE_CURVE('',#6234,#6242,#6244,.T.);
#6242 = VERTEX_POINT('',#6243);
#6243 = CARTESIAN_POINT('',(13.3,-21.5,-27.7));
#6244 = LINE('',#6245,#6246);
#6245 = CARTESIAN_POINT('',(16.5,-21.5,-27.7));
#6246 = VECTOR('',#6247,1.);
#6247 = DIRECTION('',(-1.,0.,0.));
#6248 = ORIENTED_EDGE('',*,*,#6249,.T.);
#6249 = EDGE_CURVE('',#6242,#6250,#6252,.T.);
#6250 = VERTEX_POINT('',#6251);
#6251 = CARTESIAN_POINT('',(13.3,-21.5,-26.45967477525));
#6252 = LINE('',#6253,#6254);
#6253 = CARTESIAN_POINT('',(13.3,-21.5,-26.7));
#6254 = VECTOR('',#6255,1.);
#6255 = DIRECTION('',(0.,-6.7E-16,1.));
#6256 = ORIENTED_EDGE('',*,*,#6257,.T.);
#6257 = EDGE_CURVE('',#6250,#6258,#6260,.T.);
#6258 = VERTEX_POINT('',#6259);
#6259 = CARTESIAN_POINT('',(13.146687836487,-21.5,-26.32254820749));
#6260 = B_SPLINE_CURVE_WITH_KNOTS('',7,(#6261,#6262,#6263,#6264,#6265,
    #6266,#6267,#6268,#6269,#6270,#6271,#6272,#6273,#6274),
  .UNSPECIFIED.,.F.,.F.,(8,6,8),(-1.263783705276,-1.234227047736,
    -0.688737339365),.UNSPECIFIED.);
#6261 = CARTESIAN_POINT('',(13.581764263293,-21.5,-26.71169239379));
#6262 = CARTESIAN_POINT('',(13.57677075246,-21.5,-26.70722606192));
#6263 = CARTESIAN_POINT('',(13.572084964103,-21.5,-26.7030349654));
#6264 = CARTESIAN_POINT('',(13.567706898223,-21.5,-26.69911910423));
#6265 = CARTESIAN_POINT('',(13.563636554819,-21.5,-26.69547847842));
#6266 = CARTESIAN_POINT('',(13.559873933892,-21.5,-26.69211308795));
#6267 = CARTESIAN_POINT('',(13.556419035442,-21.5,-26.68902293283));
#6268 = CARTESIAN_POINT('',(13.495188427614,-21.5,-26.63425661227));
#6269 = CARTESIAN_POINT('',(13.437104995759,-21.5,-26.58230521147));
#6270 = CARTESIAN_POINT('',(13.379021563905,-21.5,-26.53035381068));
#6271 = CARTESIAN_POINT('',(13.32093813205,-21.5,-26.47840240988));
#6272 = CARTESIAN_POINT('',(13.262854700196,-21.5,-26.42645100908));
#6273 = CARTESIAN_POINT('',(13.204771268341,-21.5,-26.37449960829));
#6274 = CARTESIAN_POINT('',(13.146687836487,-21.5,-26.32254820749));
#6275 = ORIENTED_EDGE('',*,*,#6276,.T.);
#6276 = EDGE_CURVE('',#6258,#6277,#6279,.T.);
#6277 = VERTEX_POINT('',#6278);
#6278 = CARTESIAN_POINT('',(12.633333333333,-21.5,-25.86338998125));
#6279 = B_SPLINE_CURVE_WITH_KNOTS('',5,(#6280,#6281,#6282,#6283,#6284,
    #6285),.UNSPECIFIED.,.F.,.F.,(6,6),(-0.688737339365,0.),
  .PIECEWISE_BEZIER_KNOTS.);
#6280 = CARTESIAN_POINT('',(13.146687836487,-21.5,-26.32254820749));
#6281 = CARTESIAN_POINT('',(13.044016935856,-21.5,-26.23071656224));
#6282 = CARTESIAN_POINT('',(12.941346035225,-21.5,-26.13888491699));
#6283 = CARTESIAN_POINT('',(12.838675134594,-21.5,-26.04705327174));
#6284 = CARTESIAN_POINT('',(12.736004233964,-21.5,-25.95522162649));
#6285 = CARTESIAN_POINT('',(12.633333333333,-21.5,-25.86338998125));
#6286 = ORIENTED_EDGE('',*,*,#6287,.T.);
#6287 = EDGE_CURVE('',#6277,#6288,#6290,.T.);
#6288 = VERTEX_POINT('',#6289);
#6289 = CARTESIAN_POINT('',(12.633333333333,-21.5,-22.13661001875));
#6290 = CIRCLE('',#6291,2.5);
#6291 = AXIS2_PLACEMENT_3D('',#6292,#6293,#6294);
#6292 = CARTESIAN_POINT('',(14.3,-21.5,-24.));
#6293 = DIRECTION('',(0.,1.,4.4E-16));
#6294 = DIRECTION('',(-0.666666666667,3.279566366999E-16,-0.7453559925)
  );
#6295 = ORIENTED_EDGE('',*,*,#6296,.T.);
#6296 = EDGE_CURVE('',#6288,#6297,#6299,.T.);
#6297 = VERTEX_POINT('',#6298);
#6298 = CARTESIAN_POINT('',(13.146687836487,-21.5,-21.6774517925));
#6299 = B_SPLINE_CURVE_WITH_KNOTS('',5,(#6300,#6301,#6302,#6303,#6304,
    #6305),.UNSPECIFIED.,.F.,.F.,(6,6),(2.523206011703,3.211943351068),
  .PIECEWISE_BEZIER_KNOTS.);
#6300 = CARTESIAN_POINT('',(12.633333333333,-21.5,-22.13661001875));
#6301 = CARTESIAN_POINT('',(12.736004233964,-21.5,-22.0447783735));
#6302 = CARTESIAN_POINT('',(12.838675134595,-21.5,-21.95294672825));
#6303 = CARTESIAN_POINT('',(12.941346035225,-21.5,-21.861115083));
#6304 = CARTESIAN_POINT('',(13.044016935856,-21.5,-21.76928343775));
#6305 = CARTESIAN_POINT('',(13.146687836487,-21.5,-21.6774517925));
#6306 = ORIENTED_EDGE('',*,*,#6307,.T.);
#6307 = EDGE_CURVE('',#6297,#6308,#6310,.T.);
#6308 = VERTEX_POINT('',#6309);
#6309 = CARTESIAN_POINT('',(13.3,-21.5,-21.54032522475));
#6310 = B_SPLINE_CURVE_WITH_KNOTS('',7,(#6311,#6312,#6313,#6314,#6315,
    #6316,#6317,#6318,#6319,#6320,#6321,#6322,#6323,#6324),
  .UNSPECIFIED.,.F.,.F.,(8,6,8),(3.211943351068,3.757433059439,
    3.786989716979),.UNSPECIFIED.);
#6311 = CARTESIAN_POINT('',(13.146687836487,-21.5,-21.6774517925));
#6312 = CARTESIAN_POINT('',(13.204771268341,-21.5,-21.62550039171));
#6313 = CARTESIAN_POINT('',(13.262854700196,-21.5,-21.57354899091));
#6314 = CARTESIAN_POINT('',(13.320938132051,-21.5,-21.52159759011));
#6315 = CARTESIAN_POINT('',(13.379021563904,-21.49999999999,
    -21.46964618931));
#6316 = CARTESIAN_POINT('',(13.437104995759,-21.5,-21.41769478852));
#6317 = CARTESIAN_POINT('',(13.495188427614,-21.5,-21.36574338772));
#6318 = CARTESIAN_POINT('',(13.556419035442,-21.5,-21.31097706716));
#6319 = CARTESIAN_POINT('',(13.559873933892,-21.5,-21.30788691204));
#6320 = CARTESIAN_POINT('',(13.563636554819,-21.5,-21.30452152157));
#6321 = CARTESIAN_POINT('',(13.567706898223,-21.5,-21.30088089576));
#6322 = CARTESIAN_POINT('',(13.572084964103,-21.5,-21.29696503459));
#6323 = CARTESIAN_POINT('',(13.57677075246,-21.5,-21.29277393807));
#6324 = CARTESIAN_POINT('',(13.581764263293,-21.5,-21.2883076062));
#6325 = ORIENTED_EDGE('',*,*,#6326,.T.);
#6326 = EDGE_CURVE('',#6308,#6327,#6329,.T.);
#6327 = VERTEX_POINT('',#6328);
#6328 = CARTESIAN_POINT('',(13.3,-21.5,-20.3));
#6329 = LINE('',#6330,#6331);
#6330 = CARTESIAN_POINT('',(13.3,-21.5,-26.7));
#6331 = VECTOR('',#6332,1.);
#6332 = DIRECTION('',(0.,-6.7E-16,1.));
#6333 = ORIENTED_EDGE('',*,*,#6334,.T.);
#6334 = EDGE_CURVE('',#6327,#6232,#6335,.T.);
#6335 = LINE('',#6336,#6337);
#6336 = CARTESIAN_POINT('',(14.3,-21.5,-20.3));
#6337 = VECTOR('',#6338,1.);
#6338 = DIRECTION('',(1.,0.,0.));
#6339 = FACE_BOUND('',#6340,.T.);
#6340 = EDGE_LOOP('',(#6341,#6342,#6343,#6344));
#6341 = ORIENTED_EDGE('',*,*,#5438,.F.);
#6342 = ORIENTED_EDGE('',*,*,#5462,.F.);
#6343 = ORIENTED_EDGE('',*,*,#5503,.F.);
#6344 = ORIENTED_EDGE('',*,*,#5486,.F.);
#6345 = PLANE('',#6346);
#6346 = AXIS2_PLACEMENT_3D('',#6347,#6348,#6349);
#6347 = CARTESIAN_POINT('',(-2.23E-15,-21.5,-1.3E-15));
#6348 = DIRECTION('',(-0.,-1.,-0.));
#6349 = DIRECTION('',(0.,0.,-1.));
#6350 = ADVANCED_FACE('',(#6351),#6379,.F.);
#6351 = FACE_BOUND('',#6352,.T.);
#6352 = EDGE_LOOP('',(#6353,#6364,#6371,#6376,#6377,#6378));
#6353 = ORIENTED_EDGE('',*,*,#6354,.F.);
#6354 = EDGE_CURVE('',#6355,#6357,#6359,.T.);
#6355 = VERTEX_POINT('',#6356);
#6356 = CARTESIAN_POINT('',(-16.5,-16.5,24.));
#6357 = VERTEX_POINT('',#6358);
#6358 = CARTESIAN_POINT('',(-16.5,-13.5,24.));
#6359 = CIRCLE('',#6360,1.5);
#6360 = AXIS2_PLACEMENT_3D('',#6361,#6362,#6363);
#6361 = CARTESIAN_POINT('',(-16.5,-15.,24.));
#6362 = DIRECTION('',(-1.,2.2E-16,-2.2E-16));
#6363 = DIRECTION('',(2.2E-16,1.,0.));
#6364 = ORIENTED_EDGE('',*,*,#6365,.F.);
#6365 = EDGE_CURVE('',#6357,#6355,#6366,.T.);
#6366 = CIRCLE('',#6367,1.5);
#6367 = AXIS2_PLACEMENT_3D('',#6368,#6369,#6370);
#6368 = CARTESIAN_POINT('',(-16.5,-15.,24.));
#6369 = DIRECTION('',(-1.,2.2E-16,-2.2E-16));
#6370 = DIRECTION('',(2.2E-16,1.,0.));
#6371 = ORIENTED_EDGE('',*,*,#6372,.T.);
#6372 = EDGE_CURVE('',#6357,#5011,#6373,.T.);
#6373 = B_SPLINE_CURVE_WITH_KNOTS('',1,(#6374,#6375),.UNSPECIFIED.,.F.,
  .F.,(2,2),(-15.,0.),.PIECEWISE_BEZIER_KNOTS.);
#6374 = CARTESIAN_POINT('',(-16.5,-13.5,24.));
#6375 = CARTESIAN_POINT('',(-31.5,-13.5,24.));
#6376 = ORIENTED_EDGE('',*,*,#5008,.F.);
#6377 = ORIENTED_EDGE('',*,*,#5019,.F.);
#6378 = ORIENTED_EDGE('',*,*,#6372,.F.);
#6379 = CYLINDRICAL_SURFACE('',#6380,1.5);
#6380 = AXIS2_PLACEMENT_3D('',#6381,#6382,#6383);
#6381 = CARTESIAN_POINT('',(-31.5,-15.,24.));
#6382 = DIRECTION('',(-1.,2.2E-16,-2.2E-16));
#6383 = DIRECTION('',(2.2E-16,1.,0.));
#6384 = ADVANCED_FACE('',(#6385),#6413,.F.);
#6385 = FACE_BOUND('',#6386,.T.);
#6386 = EDGE_LOOP('',(#6387,#6398,#6405,#6410,#6411,#6412));
#6387 = ORIENTED_EDGE('',*,*,#6388,.F.);
#6388 = EDGE_CURVE('',#6389,#6391,#6393,.T.);
#6389 = VERTEX_POINT('',#6390);
#6390 = CARTESIAN_POINT('',(-16.5,-16.5,-24.));
#6391 = VERTEX_POINT('',#6392);
#6392 = CARTESIAN_POINT('',(-16.5,-13.5,-24.));
#6393 = CIRCLE('',#6394,1.5);
#6394 = AXIS2_PLACEMENT_3D('',#6395,#6396,#6397);
#6395 = CARTESIAN_POINT('',(-16.5,-15.,-24.));
#6396 = DIRECTION('',(-1.,2.2E-16,-2.2E-16));
#6397 = DIRECTION('',(2.2E-16,1.,0.));
#6398 = ORIENTED_EDGE('',*,*,#6399,.F.);
#6399 = EDGE_CURVE('',#6391,#6389,#6400,.T.);
#6400 = CIRCLE('',#6401,1.5);
#6401 = AXIS2_PLACEMENT_3D('',#6402,#6403,#6404);
#6402 = CARTESIAN_POINT('',(-16.5,-15.,-24.));
#6403 = DIRECTION('',(-1.,2.2E-16,-2.2E-16));
#6404 = DIRECTION('',(2.2E-16,1.,0.));
#6405 = ORIENTED_EDGE('',*,*,#6406,.T.);
#6406 = EDGE_CURVE('',#6391,#5031,#6407,.T.);
#6407 = B_SPLINE_CURVE_WITH_KNOTS('',1,(#6408,#6409),.UNSPECIFIED.,.F.,
  .F.,(2,2),(-15.,0.),.PIECEWISE_BEZIER_KNOTS.);
#6408 = CARTESIAN_POINT('',(-16.5,-13.5,-24.));
#6409 = CARTESIAN_POINT('',(-31.5,-13.5,-24.));
#6410 = ORIENTED_EDGE('',*,*,#5028,.F.);
#6411 = ORIENTED_EDGE('',*,*,#5039,.F.);
#6412 = ORIENTED_EDGE('',*,*,#6406,.F.);
#6413 = CYLINDRICAL_SURFACE('',#6414,1.5);
#6414 = AXIS2_PLACEMENT_3D('',#6415,#6416,#6417);
#6415 = CARTESIAN_POINT('',(-31.5,-15.,-24.));
#6416 = DIRECTION('',(-1.,2.2E-16,-2.2E-16));
#6417 = DIRECTION('',(2.2E-16,1.,0.));
#6418 = ADVANCED_FACE('',(#6419),#6447,.F.);
#6419 = FACE_BOUND('',#6420,.F.);
#6420 = EDGE_LOOP('',(#6421,#6432,#6439,#6444,#6445,#6446));
#6421 = ORIENTED_EDGE('',*,*,#6422,.T.);
#6422 = EDGE_CURVE('',#6423,#6425,#6427,.T.);
#6423 = VERTEX_POINT('',#6424);
#6424 = CARTESIAN_POINT('',(16.5,-13.5,-24.));
#6425 = VERTEX_POINT('',#6426);
#6426 = CARTESIAN_POINT('',(16.5,-16.5,-24.));
#6427 = CIRCLE('',#6428,1.5);
#6428 = AXIS2_PLACEMENT_3D('',#6429,#6430,#6431);
#6429 = CARTESIAN_POINT('',(16.5,-15.,-24.));
#6430 = DIRECTION('',(1.,0.,0.));
#6431 = DIRECTION('',(0.,1.,0.));
#6432 = ORIENTED_EDGE('',*,*,#6433,.T.);
#6433 = EDGE_CURVE('',#6425,#6423,#6434,.T.);
#6434 = CIRCLE('',#6435,1.5);
#6435 = AXIS2_PLACEMENT_3D('',#6436,#6437,#6438);
#6436 = CARTESIAN_POINT('',(16.5,-15.,-24.));
#6437 = DIRECTION('',(1.,0.,0.));
#6438 = DIRECTION('',(0.,1.,0.));
#6439 = ORIENTED_EDGE('',*,*,#6440,.T.);
#6440 = EDGE_CURVE('',#6423,#5088,#6441,.T.);
#6441 = B_SPLINE_CURVE_WITH_KNOTS('',1,(#6442,#6443),.UNSPECIFIED.,.F.,
  .F.,(2,2),(-15.,0.),.PIECEWISE_BEZIER_KNOTS.);
#6442 = CARTESIAN_POINT('',(16.5,-13.5,-24.));
#6443 = CARTESIAN_POINT('',(31.5,-13.5,-24.));
#6444 = ORIENTED_EDGE('',*,*,#5098,.F.);
#6445 = ORIENTED_EDGE('',*,*,#5087,.F.);
#6446 = ORIENTED_EDGE('',*,*,#6440,.F.);
#6447 = CYLINDRICAL_SURFACE('',#6448,1.5);
#6448 = AXIS2_PLACEMENT_3D('',#6449,#6450,#6451);
#6449 = CARTESIAN_POINT('',(31.5,-15.,-24.));
#6450 = DIRECTION('',(1.,0.,0.));
#6451 = DIRECTION('',(0.,1.,0.));
#6452 = ADVANCED_FACE('',(#6453),#6481,.F.);
#6453 = FACE_BOUND('',#6454,.F.);
#6454 = EDGE_LOOP('',(#6455,#6466,#6473,#6478,#6479,#6480));
#6455 = ORIENTED_EDGE('',*,*,#6456,.T.);
#6456 = EDGE_CURVE('',#6457,#6459,#6461,.T.);
#6457 = VERTEX_POINT('',#6458);
#6458 = CARTESIAN_POINT('',(16.500000000001,-13.5,24.));
#6459 = VERTEX_POINT('',#6460);
#6460 = CARTESIAN_POINT('',(16.500000000001,-16.5,24.));
#6461 = CIRCLE('',#6462,1.5);
#6462 = AXIS2_PLACEMENT_3D('',#6463,#6464,#6465);
#6463 = CARTESIAN_POINT('',(16.500000000001,-15.,24.));
#6464 = DIRECTION('',(1.,0.,0.));
#6465 = DIRECTION('',(0.,1.,0.));
#6466 = ORIENTED_EDGE('',*,*,#6467,.T.);
#6467 = EDGE_CURVE('',#6459,#6457,#6468,.T.);
#6468 = CIRCLE('',#6469,1.5);
#6469 = AXIS2_PLACEMENT_3D('',#6470,#6471,#6472);
#6470 = CARTESIAN_POINT('',(16.500000000001,-15.,24.));
#6471 = DIRECTION('',(1.,0.,0.));
#6472 = DIRECTION('',(0.,1.,0.));
#6473 = ORIENTED_EDGE('',*,*,#6474,.T.);
#6474 = EDGE_CURVE('',#6457,#5108,#6475,.T.);
#6475 = B_SPLINE_CURVE_WITH_KNOTS('',1,(#6476,#6477),.UNSPECIFIED.,.F.,
  .F.,(2,2),(-14.99999999999,0.),.PIECEWISE_BEZIER_KNOTS.);
#6476 = CARTESIAN_POINT('',(16.500000000001,-13.5,24.));
#6477 = CARTESIAN_POINT('',(31.5,-13.5,24.));
#6478 = ORIENTED_EDGE('',*,*,#5118,.F.);
#6479 = ORIENTED_EDGE('',*,*,#5107,.F.);
#6480 = ORIENTED_EDGE('',*,*,#6474,.F.);
#6481 = CYLINDRICAL_SURFACE('',#6482,1.5);
#6482 = AXIS2_PLACEMENT_3D('',#6483,#6484,#6485);
#6483 = CARTESIAN_POINT('',(31.5,-15.,24.));
#6484 = DIRECTION('',(1.,0.,0.));
#6485 = DIRECTION('',(0.,1.,0.));
#6486 = ADVANCED_FACE('',(#6487),#6641,.F.);
#6487 = FACE_BOUND('',#6488,.F.);
#6488 = EDGE_LOOP('',(#6489,#6496,#6497,#6498,#6507,#6515,#6524,#6532,
    #6541,#6549,#6558,#6566,#6575,#6583,#6592,#6600,#6609,#6617,#6626,
    #6634));
#6489 = ORIENTED_EDGE('',*,*,#6490,.T.);
#6490 = EDGE_CURVE('',#6491,#5151,#6493,.T.);
#6491 = VERTEX_POINT('',#6492);
#6492 = CARTESIAN_POINT('',(12.,0.,-1.));
#6493 = B_SPLINE_CURVE_WITH_KNOTS('',1,(#6494,#6495),.UNSPECIFIED.,.F.,
  .F.,(2,2),(-44.,0.),.PIECEWISE_BEZIER_KNOTS.);
#6494 = CARTESIAN_POINT('',(12.,0.,-1.));
#6495 = CARTESIAN_POINT('',(12.,0.,-45.));
#6496 = ORIENTED_EDGE('',*,*,#5158,.F.);
#6497 = ORIENTED_EDGE('',*,*,#6490,.F.);
#6498 = ORIENTED_EDGE('',*,*,#6499,.T.);
#6499 = EDGE_CURVE('',#6491,#6500,#6502,.T.);
#6500 = VERTEX_POINT('',#6501);
#6501 = CARTESIAN_POINT('',(10.176896576916,-6.358519958509,-1.));
#6502 = CIRCLE('',#6503,12.);
#6503 = AXIS2_PLACEMENT_3D('',#6504,#6505,#6506);
#6504 = CARTESIAN_POINT('',(0.,0.,-1.));
#6505 = DIRECTION('',(0.,0.,-1.));
#6506 = DIRECTION('',(1.,0.,0.));
#6507 = ORIENTED_EDGE('',*,*,#6508,.T.);
#6508 = EDGE_CURVE('',#6500,#6509,#6511,.T.);
#6509 = VERTEX_POINT('',#6510);
#6510 = CARTESIAN_POINT('',(10.176896576916,-6.358519958509,1.));
#6511 = LINE('',#6512,#6513);
#6512 = CARTESIAN_POINT('',(10.176896576916,-6.358519958509,-1.));
#6513 = VECTOR('',#6514,1.);
#6514 = DIRECTION('',(0.,0.,1.));
#6515 = ORIENTED_EDGE('',*,*,#6516,.F.);
#6516 = EDGE_CURVE('',#6517,#6509,#6519,.T.);
#6517 = VERTEX_POINT('',#6518);
#6518 = CARTESIAN_POINT('',(6.358519958509,-10.17689657691,1.));
#6519 = CIRCLE('',#6520,12.);
#6520 = AXIS2_PLACEMENT_3D('',#6521,#6522,#6523);
#6521 = CARTESIAN_POINT('',(0.,0.,1.));
#6522 = DIRECTION('',(0.,0.,1.));
#6523 = DIRECTION('',(-1.,0.,0.));
#6524 = ORIENTED_EDGE('',*,*,#6525,.F.);
#6525 = EDGE_CURVE('',#6526,#6517,#6528,.T.);
#6526 = VERTEX_POINT('',#6527);
#6527 = CARTESIAN_POINT('',(6.358519958509,-10.17689657691,-1.));
#6528 = LINE('',#6529,#6530);
#6529 = CARTESIAN_POINT('',(6.358519958509,-10.17689657691,-1.));
#6530 = VECTOR('',#6531,1.);
#6531 = DIRECTION('',(0.,0.,1.));
#6532 = ORIENTED_EDGE('',*,*,#6533,.T.);
#6533 = EDGE_CURVE('',#6526,#6534,#6536,.T.);
#6534 = VERTEX_POINT('',#6535);
#6535 = CARTESIAN_POINT('',(-6.358519958509,-10.17689657691,-1.));
#6536 = CIRCLE('',#6537,12.);
#6537 = AXIS2_PLACEMENT_3D('',#6538,#6539,#6540);
#6538 = CARTESIAN_POINT('',(0.,0.,-1.));
#6539 = DIRECTION('',(0.,0.,-1.));
#6540 = DIRECTION('',(1.,0.,0.));
#6541 = ORIENTED_EDGE('',*,*,#6542,.T.);
#6542 = EDGE_CURVE('',#6534,#6543,#6545,.T.);
#6543 = VERTEX_POINT('',#6544);
#6544 = CARTESIAN_POINT('',(-6.358519958509,-10.17689657691,1.));
#6545 = LINE('',#6546,#6547);
#6546 = CARTESIAN_POINT('',(-6.358519958509,-10.17689657691,-1.));
#6547 = VECTOR('',#6548,1.);
#6548 = DIRECTION('',(0.,0.,1.));
#6549 = ORIENTED_EDGE('',*,*,#6550,.T.);
#6550 = EDGE_CURVE('',#6543,#6551,#6553,.T.);
#6551 = VERTEX_POINT('',#6552);
#6552 = CARTESIAN_POINT('',(-10.17689657691,-6.358519958509,1.));
#6553 = CIRCLE('',#6554,12.);
#6554 = AXIS2_PLACEMENT_3D('',#6555,#6556,#6557);
#6555 = CARTESIAN_POINT('',(0.,0.,1.));
#6556 = DIRECTION('',(0.,0.,-1.));
#6557 = DIRECTION('',(1.,0.,0.));
#6558 = ORIENTED_EDGE('',*,*,#6559,.F.);
#6559 = EDGE_CURVE('',#6560,#6551,#6562,.T.);
#6560 = VERTEX_POINT('',#6561);
#6561 = CARTESIAN_POINT('',(-10.17689657691,-6.358519958509,-1.));
#6562 = LINE('',#6563,#6564);
#6563 = CARTESIAN_POINT('',(-10.17689657691,-6.358519958509,-1.));
#6564 = VECTOR('',#6565,1.);
#6565 = DIRECTION('',(0.,0.,1.));
#6566 = ORIENTED_EDGE('',*,*,#6567,.T.);
#6567 = EDGE_CURVE('',#6560,#6568,#6570,.T.);
#6568 = VERTEX_POINT('',#6569);
#6569 = CARTESIAN_POINT('',(-10.17689657691,6.358519958509,-1.));
#6570 = CIRCLE('',#6571,12.);
#6571 = AXIS2_PLACEMENT_3D('',#6572,#6573,#6574);
#6572 = CARTESIAN_POINT('',(0.,0.,-1.));
#6573 = DIRECTION('',(0.,0.,-1.));
#6574 = DIRECTION('',(1.,0.,0.));
#6575 = ORIENTED_EDGE('',*,*,#6576,.T.);
#6576 = EDGE_CURVE('',#6568,#6577,#6579,.T.);
#6577 = VERTEX_POINT('',#6578);
#6578 = CARTESIAN_POINT('',(-10.17689657691,6.358519958509,1.));
#6579 = LINE('',#6580,#6581);
#6580 = CARTESIAN_POINT('',(-10.17689657691,6.358519958509,-1.));
#6581 = VECTOR('',#6582,1.);
#6582 = DIRECTION('',(0.,0.,1.));
#6583 = ORIENTED_EDGE('',*,*,#6584,.F.);
#6584 = EDGE_CURVE('',#6585,#6577,#6587,.T.);
#6585 = VERTEX_POINT('',#6586);
#6586 = CARTESIAN_POINT('',(-6.358519958509,10.176896576916,1.));
#6587 = CIRCLE('',#6588,12.);
#6588 = AXIS2_PLACEMENT_3D('',#6589,#6590,#6591);
#6589 = CARTESIAN_POINT('',(0.,0.,1.));
#6590 = DIRECTION('',(0.,0.,1.));
#6591 = DIRECTION('',(1.,0.,0.));
#6592 = ORIENTED_EDGE('',*,*,#6593,.F.);
#6593 = EDGE_CURVE('',#6594,#6585,#6596,.T.);
#6594 = VERTEX_POINT('',#6595);
#6595 = CARTESIAN_POINT('',(-6.358519958509,10.176896576916,-1.));
#6596 = LINE('',#6597,#6598);
#6597 = CARTESIAN_POINT('',(-6.358519958509,10.176896576916,-1.));
#6598 = VECTOR('',#6599,1.);
#6599 = DIRECTION('',(0.,0.,1.));
#6600 = ORIENTED_EDGE('',*,*,#6601,.T.);
#6601 = EDGE_CURVE('',#6594,#6602,#6604,.T.);
#6602 = VERTEX_POINT('',#6603);
#6603 = CARTESIAN_POINT('',(6.358519958509,10.176896576916,-1.));
#6604 = CIRCLE('',#6605,12.);
#6605 = AXIS2_PLACEMENT_3D('',#6606,#6607,#6608);
#6606 = CARTESIAN_POINT('',(0.,0.,-1.));
#6607 = DIRECTION('',(0.,0.,-1.));
#6608 = DIRECTION('',(1.,0.,0.));
#6609 = ORIENTED_EDGE('',*,*,#6610,.T.);
#6610 = EDGE_CURVE('',#6602,#6611,#6613,.T.);
#6611 = VERTEX_POINT('',#6612);
#6612 = CARTESIAN_POINT('',(6.358519958509,10.176896576916,1.));
#6613 = LINE('',#6614,#6615);
#6614 = CARTESIAN_POINT('',(6.358519958509,10.176896576916,-1.));
#6615 = VECTOR('',#6616,1.);
#6616 = DIRECTION('',(0.,0.,1.));
#6617 = ORIENTED_EDGE('',*,*,#6618,.T.);
#6618 = EDGE_CURVE('',#6611,#6619,#6621,.T.);
#6619 = VERTEX_POINT('',#6620);
#6620 = CARTESIAN_POINT('',(10.176896576916,6.358519958509,1.));
#6621 = CIRCLE('',#6622,12.);
#6622 = AXIS2_PLACEMENT_3D('',#6623,#6624,#6625);
#6623 = CARTESIAN_POINT('',(0.,0.,1.));
#6624 = DIRECTION('',(0.,0.,-1.));
#6625 = DIRECTION('',(-1.,0.,0.));
#6626 = ORIENTED_EDGE('',*,*,#6627,.F.);
#6627 = EDGE_CURVE('',#6628,#6619,#6630,.T.);
#6628 = VERTEX_POINT('',#6629);
#6629 = CARTESIAN_POINT('',(10.176896576916,6.358519958509,-1.));
#6630 = LINE('',#6631,#6632);
#6631 = CARTESIAN_POINT('',(10.176896576916,6.358519958509,-1.));
#6632 = VECTOR('',#6633,1.);
#6633 = DIRECTION('',(0.,0.,1.));
#6634 = ORIENTED_EDGE('',*,*,#6635,.T.);
#6635 = EDGE_CURVE('',#6628,#6491,#6636,.T.);
#6636 = CIRCLE('',#6637,12.);
#6637 = AXIS2_PLACEMENT_3D('',#6638,#6639,#6640);
#6638 = CARTESIAN_POINT('',(0.,0.,-1.));
#6639 = DIRECTION('',(0.,0.,-1.));
#6640 = DIRECTION('',(1.,0.,0.));
#6641 = CYLINDRICAL_SURFACE('',#6642,12.);
#6642 = AXIS2_PLACEMENT_3D('',#6643,#6644,#6645);
#6643 = CARTESIAN_POINT('',(0.,0.,-45.));
#6644 = DIRECTION('',(0.,0.,-1.));
#6645 = DIRECTION('',(1.,0.,0.));
#6646 = ADVANCED_FACE('',(#6647),#6666,.F.);
#6647 = FACE_BOUND('',#6648,.F.);
#6648 = EDGE_LOOP('',(#6649,#6657,#6664,#6665));
#6649 = ORIENTED_EDGE('',*,*,#6650,.T.);
#6650 = EDGE_CURVE('',#5205,#6651,#6653,.T.);
#6651 = VERTEX_POINT('',#6652);
#6652 = CARTESIAN_POINT('',(12.,0.,15.));
#6653 = LINE('',#6654,#6655);
#6654 = CARTESIAN_POINT('',(12.,0.,45.));
#6655 = VECTOR('',#6656,1.);
#6656 = DIRECTION('',(-0.,-0.,-1.));
#6657 = ORIENTED_EDGE('',*,*,#6658,.T.);
#6658 = EDGE_CURVE('',#6651,#6651,#6659,.T.);
#6659 = CIRCLE('',#6660,12.);
#6660 = AXIS2_PLACEMENT_3D('',#6661,#6662,#6663);
#6661 = CARTESIAN_POINT('',(0.,0.,15.));
#6662 = DIRECTION('',(0.,0.,1.));
#6663 = DIRECTION('',(1.,0.,0.));
#6664 = ORIENTED_EDGE('',*,*,#6650,.F.);
#6665 = ORIENTED_EDGE('',*,*,#5214,.F.);
#6666 = CYLINDRICAL_SURFACE('',#6667,12.);
#6667 = AXIS2_PLACEMENT_3D('',#6668,#6669,#6670);
#6668 = CARTESIAN_POINT('',(0.,0.,45.));
#6669 = DIRECTION('',(0.,0.,1.));
#6670 = DIRECTION('',(1.,0.,0.));
#6671 = ADVANCED_FACE('',(#6672),#6691,.F.);
#6672 = FACE_BOUND('',#6673,.T.);
#6673 = EDGE_LOOP('',(#6674,#6682,#6683,#6684));
#6674 = ORIENTED_EDGE('',*,*,#6675,.T.);
#6675 = EDGE_CURVE('',#6676,#5521,#6678,.T.);
#6676 = VERTEX_POINT('',#6677);
#6677 = CARTESIAN_POINT('',(-2.75,21.5,0.));
#6678 = LINE('',#6679,#6680);
#6679 = CARTESIAN_POINT('',(-2.75,21.5,0.));
#6680 = VECTOR('',#6681,1.);
#6681 = DIRECTION('',(0.,1.,-2.2E-16));
#6682 = ORIENTED_EDGE('',*,*,#5520,.T.);
#6683 = ORIENTED_EDGE('',*,*,#6675,.F.);
#6684 = ORIENTED_EDGE('',*,*,#6685,.F.);
#6685 = EDGE_CURVE('',#6676,#6676,#6686,.T.);
#6686 = CIRCLE('',#6687,2.75);
#6687 = AXIS2_PLACEMENT_3D('',#6688,#6689,#6690);
#6688 = CARTESIAN_POINT('',(0.,21.5,0.));
#6689 = DIRECTION('',(0.,1.,-0.));
#6690 = DIRECTION('',(-1.,0.,0.));
#6691 = CYLINDRICAL_SURFACE('',#6692,2.75);
#6692 = AXIS2_PLACEMENT_3D('',#6693,#6694,#6695);
#6693 = CARTESIAN_POINT('',(0.,21.5,0.));
#6694 = DIRECTION('',(0.,-1.,2.2E-16));
#6695 = DIRECTION('',(-1.,0.,0.));
#6696 = ADVANCED_FACE('',(#6697),#6701,.T.);
#6697 = FACE_BOUND('',#6698,.F.);
#6698 = EDGE_LOOP('',(#6699,#6700));
#6699 = ORIENTED_EDGE('',*,*,#5663,.T.);
#6700 = ORIENTED_EDGE('',*,*,#5672,.T.);
#6701 = PLANE('',#6702);
#6702 = AXIS2_PLACEMENT_3D('',#6703,#6704,#6705);
#6703 = CARTESIAN_POINT('',(-11.5,2.55E-15,-2.55E-15));
#6704 = DIRECTION('',(-1.,2.2E-16,-2.2E-16));
#6705 = DIRECTION('',(2.2E-16,0.,-1.));
#6706 = ADVANCED_FACE('',(#6707),#6711,.T.);
#6707 = FACE_BOUND('',#6708,.T.);
#6708 = EDGE_LOOP('',(#6709,#6710));
#6709 = ORIENTED_EDGE('',*,*,#5740,.T.);
#6710 = ORIENTED_EDGE('',*,*,#5749,.T.);
#6711 = PLANE('',#6712);
#6712 = AXIS2_PLACEMENT_3D('',#6713,#6714,#6715);
#6713 = CARTESIAN_POINT('',(11.5,0.,0.));
#6714 = DIRECTION('',(1.,0.,0.));
#6715 = DIRECTION('',(0.,0.,1.));
#6716 = ADVANCED_FACE('',(#6717),#6721,.T.);
#6717 = FACE_BOUND('',#6718,.T.);
#6718 = EDGE_LOOP('',(#6719,#6720));
#6719 = ORIENTED_EDGE('',*,*,#5817,.T.);
#6720 = ORIENTED_EDGE('',*,*,#5826,.T.);
#6721 = PLANE('',#6722);
#6722 = AXIS2_PLACEMENT_3D('',#6723,#6724,#6725);
#6723 = CARTESIAN_POINT('',(11.5,0.,0.));
#6724 = DIRECTION('',(1.,0.,0.));
#6725 = DIRECTION('',(0.,0.,1.));
#6726 = ADVANCED_FACE('',(#6727),#6814,.T.);
#6727 = FACE_BOUND('',#6728,.F.);
#6728 = EDGE_LOOP('',(#6729,#6740,#6799,#6800,#6808));
#6729 = ORIENTED_EDGE('',*,*,#6730,.F.);
#6730 = EDGE_CURVE('',#6731,#6733,#6735,.T.);
#6731 = VERTEX_POINT('',#6732);
#6732 = CARTESIAN_POINT('',(-14.2938372467,-20.50616263756,
    22.141769260764));
#6733 = VERTEX_POINT('',#6734);
#6734 = CARTESIAN_POINT('',(-14.29999999999,-20.5,22.063508326896));
#6735 = ELLIPSE('',#6736,0.707106781187,0.5);
#6736 = AXIS2_PLACEMENT_3D('',#6737,#6738,#6739);
#6737 = CARTESIAN_POINT('',(-13.8,-20.99999999999,22.063508326896));
#6738 = DIRECTION('',(-0.707106781187,-0.707106781187,0.));
#6739 = DIRECTION('',(0.707106781187,-0.707106781187,-9.4E-16));
#6740 = ORIENTED_EDGE('',*,*,#6741,.F.);
#6741 = EDGE_CURVE('',#5887,#6731,#6742,.T.);
#6742 = B_SPLINE_CURVE_WITH_KNOTS('',7,(#6743,#6744,#6745,#6746,#6747,
    #6748,#6749,#6750,#6751,#6752,#6753,#6754,#6755,#6756,#6757,#6758,
    #6759,#6760,#6761,#6762,#6763,#6764,#6765,#6766,#6767,#6768,#6769,
    #6770,#6771,#6772,#6773,#6774,#6775,#6776,#6777,#6778,#6779,#6780,
    #6781,#6782,#6783,#6784,#6785,#6786,#6787,#6788,#6789,#6790,#6791,
    #6792,#6793,#6794,#6795,#6796,#6797,#6798),.UNSPECIFIED.,.F.,.F.,(8,
    6,6,6,6,6,6,6,6,8),(0.,0.12209066608,0.222998859901,0.430455960609,
    0.66353912805,0.819992368045,0.911426934031,0.950032735046,
    0.971235356622,1.),.UNSPECIFIED.);
#6743 = CARTESIAN_POINT('',(-13.29999999999,-21.5,21.54032522475));
#6744 = CARTESIAN_POINT('',(-13.31718550055,-21.48281449944,
    21.553872335665));
#6745 = CARTESIAN_POINT('',(-13.33436806275,-21.46563193724,
    21.567429953276));
#6746 = CARTESIAN_POINT('',(-13.3515486597,-21.44845134029,
    21.58099459267));
#6747 = CARTESIAN_POINT('',(-13.36872826341,-21.43127173658,
    21.594562778055));
#6748 = CARTESIAN_POINT('',(-13.38590784479,-21.4140921552,
    21.608131042752));
#6749 = CARTESIAN_POINT('',(-13.40308837363,-21.39691162636,
    21.621695929205));
#6750 = CARTESIAN_POINT('',(-13.43447214577,-21.36552785422,
    21.646459754053));
#6751 = CARTESIAN_POINT('',(-13.44867478673,-21.35132521326,
    21.657660824158));
#6752 = CARTESIAN_POINT('',(-13.46287929047,-21.33712070952,
    21.668855243554));
#6753 = CARTESIAN_POINT('',(-13.47708621914,-21.32291378085,
    21.680040989954));
#6754 = CARTESIAN_POINT('',(-13.49129614809,-21.3087038519,
    21.691215974516));
#6755 = CARTESIAN_POINT('',(-13.50550966589,-21.2944903341,
    21.702378041845));
#6756 = CARTESIAN_POINT('',(-13.5489575532,-21.25104244679,
    21.736441933483));
#6757 = CARTESIAN_POINT('',(-13.57820529301,-21.22179470698,
    21.759294825933));
#6758 = CARTESIAN_POINT('',(-13.60747615596,-21.19252384403,
    21.782063957456));
#6759 = CARTESIAN_POINT('',(-13.63677571431,-21.16322428568,
    21.804728201035));
#6760 = CARTESIAN_POINT('',(-13.66611001667,-21.13388998332,
    21.827263216451));
#6761 = CARTESIAN_POINT('',(-13.69548605453,-21.10451394546,
    21.849639674226));
#6762 = CARTESIAN_POINT('',(-13.75797326061,-21.04202673938,
    21.896743284747));
#6763 = CARTESIAN_POINT('',(-13.79109480114,-21.00890519885,
    21.92141678631));
#6764 = CARTESIAN_POINT('',(-13.82429188752,-20.97570811247,
    21.945794369389));
#6765 = CARTESIAN_POINT('',(-13.85757948302,-20.94242051697,21.969808228
    ));
#6766 = CARTESIAN_POINT('',(-13.89097163976,-20.90902836022,
    21.993375214429));
#6767 = CARTESIAN_POINT('',(-13.92448606786,-20.87551393213,
    22.016376365478));
#6768 = CARTESIAN_POINT('',(-13.98075323033,-20.81924676965,
    22.05353580887));
#6769 = CARTESIAN_POINT('',(-14.00341227675,-20.79658772324,
    22.068109026031));
#6770 = CARTESIAN_POINT('',(-14.02615000554,-20.77384999445,
    22.082274681764));
#6771 = CARTESIAN_POINT('',(-14.04897727878,-20.75102272121,
    22.095955615896));
#6772 = CARTESIAN_POINT('',(-14.07190011707,-20.72809988292,
    22.109025906206));
#6773 = CARTESIAN_POINT('',(-14.09491807196,-20.70508192803,
    22.121328666131));
#6774 = CARTESIAN_POINT('',(-14.13155734249,-20.6684426575,22.1390857271
    ));
#6775 = CARTESIAN_POINT('',(-14.14509080257,-20.65490919742,
    22.145252927523));
#6776 = CARTESIAN_POINT('',(-14.15866173743,-20.64133826256,
    22.150980083558));
#6777 = CARTESIAN_POINT('',(-14.17227047503,-20.62772952496,
    22.156182596649));
#6778 = CARTESIAN_POINT('',(-14.18589775316,-20.61410224683,
    22.160718972034));
#6779 = CARTESIAN_POINT('',(-14.19950611052,-20.60049388947,
    22.164414542139));
#6780 = CARTESIAN_POINT('',(-14.21875239146,-20.58124760853,
    22.167967095966));
#6781 = CARTESIAN_POINT('',(-14.22444779694,-20.57555220305,
    22.168807400786));
#6782 = CARTESIAN_POINT('',(-14.23012136699,-20.569878633,
    22.169406759418));
#6783 = CARTESIAN_POINT('',(-14.23576359903,-20.56423640096,
    22.169732124614));
#6784 = CARTESIAN_POINT('',(-14.24135866775,-20.55864133224,
    22.169742337416));
#6785 = CARTESIAN_POINT('',(-14.24688411356,-20.55311588643,
    22.169386477934));
#6786 = CARTESIAN_POINT('',(-14.25529076386,-20.54470923613,
    22.168171493125));
#6787 = CARTESIAN_POINT('',(-14.25824017665,-20.54175982333,
    22.167611624721));
#6788 = CARTESIAN_POINT('',(-14.26115360375,-20.53884639624,
    22.166912490274));
#6789 = CARTESIAN_POINT('',(-14.26402406699,-20.535975933,
    22.166062904376));
#6790 = CARTESIAN_POINT('',(-14.26684297028,-20.53315702971,
    22.165051205696));
#6791 = CARTESIAN_POINT('',(-14.26960029398,-20.53039970601,
    22.163865845823));
#6792 = CARTESIAN_POINT('',(-14.27592672382,-20.52407327617,
    22.160637540183));
#6793 = CARTESIAN_POINT('',(-14.2794371766,-20.52056282339,
    22.158438026843));
#6794 = CARTESIAN_POINT('',(-14.28278335841,-20.51721664158,
    22.155872908146));
#6795 = CARTESIAN_POINT('',(-14.28592886843,-20.51407113156,
    22.152921868673));
#6796 = CARTESIAN_POINT('',(-14.2888381834,-20.51116181659,
    22.149576171493));
#6797 = CARTESIAN_POINT('',(-14.29148114667,-20.50851885332,
    22.145846022116));
#6798 = CARTESIAN_POINT('',(-14.2938374572,-20.50616254279,
    22.141767932447));
#6799 = ORIENTED_EDGE('',*,*,#5886,.T.);
#6800 = ORIENTED_EDGE('',*,*,#6801,.T.);
#6801 = EDGE_CURVE('',#5889,#6802,#6804,.T.);
#6802 = VERTEX_POINT('',#6803);
#6803 = CARTESIAN_POINT('',(-14.29999999999,-20.5,21.3));
#6804 = LINE('',#6805,#6806);
#6805 = CARTESIAN_POINT('',(-14.86666666666,-19.93333333333,
    21.866666666667));
#6806 = VECTOR('',#6807,1.);
#6807 = DIRECTION('',(-0.57735026919,0.57735026919,0.57735026919));
#6808 = ORIENTED_EDGE('',*,*,#6809,.F.);
#6809 = EDGE_CURVE('',#6733,#6802,#6810,.T.);
#6810 = LINE('',#6811,#6812);
#6811 = CARTESIAN_POINT('',(-14.29999999999,-20.5,26.7));
#6812 = VECTOR('',#6813,1.);
#6813 = DIRECTION('',(0.,6.7E-16,-1.));
#6814 = PLANE('',#6815);
#6815 = AXIS2_PLACEMENT_3D('',#6816,#6817,#6818);
#6816 = CARTESIAN_POINT('',(-13.79999999999,-21.,26.7));
#6817 = DIRECTION('',(-0.707106781187,-0.707106781187,0.));
#6818 = DIRECTION('',(3.3E-16,-3.3E-16,1.));
#6819 = ADVANCED_FACE('',(#6820),#6848,.T.);
#6820 = FACE_BOUND('',#6821,.T.);
#6821 = EDGE_LOOP('',(#6822,#6829,#6846,#6847));
#6822 = ORIENTED_EDGE('',*,*,#6823,.T.);
#6823 = EDGE_CURVE('',#5968,#6824,#6826,.T.);
#6824 = VERTEX_POINT('',#6825);
#6825 = CARTESIAN_POINT('',(-13.925,-20.5141225295,22.547631245172));
#6826 = B_SPLINE_CURVE_WITH_KNOTS('',1,(#6827,#6828),.UNSPECIFIED.,.F.,
  .F.,(2,2),(0.,0.688737339366),.PIECEWISE_BEZIER_KNOTS.);
#6827 = CARTESIAN_POINT('',(-13.14668783648,-21.5,21.677451792508));
#6828 = CARTESIAN_POINT('',(-13.925,-20.5141225295,22.547631245172));
#6829 = ORIENTED_EDGE('',*,*,#6830,.T.);
#6830 = EDGE_CURVE('',#6824,#6731,#6831,.T.);
#6831 = B_SPLINE_CURVE_WITH_KNOTS('',7,(#6832,#6833,#6834,#6835,#6836,
    #6837,#6838,#6839,#6840,#6841,#6842,#6843,#6844,#6845),
  .UNSPECIFIED.,.F.,.F.,(8,6,8),(3.211943351066,3.757433059425,
    3.786989716966),.UNSPECIFIED.);
#6832 = CARTESIAN_POINT('',(-13.925,-20.5141225295,22.547631245172));
#6833 = CARTESIAN_POINT('',(-14.00993522689,-20.52096438835,
    22.525701063888));
#6834 = CARTESIAN_POINT('',(-14.08150524606,-20.52630358024,
    22.488828126106));
#6835 = CARTESIAN_POINT('',(-14.14403869812,-20.52826565855,
    22.441851999155));
#6836 = CARTESIAN_POINT('',(-14.19857796957,-20.52631179886,
    22.385938106567));
#6837 = CARTESIAN_POINT('',(-14.24227853724,-20.52165262846,
    22.31790617476));
#6838 = CARTESIAN_POINT('',(-14.27810111926,-20.51324747498,
    22.241066387228));
#6839 = CARTESIAN_POINT('',(-14.2946898885,-20.50577875477,
    22.136388973809));
#6840 = CARTESIAN_POINT('',(-14.29554253031,-20.50539487197,
    22.131008686854));
#6841 = CARTESIAN_POINT('',(-14.29639517211,-20.50501098918,
    22.1256283999));
#6842 = CARTESIAN_POINT('',(-14.29724781392,-20.50462710639,
    22.120248112945));
#6843 = CARTESIAN_POINT('',(-14.29810045572,-20.50424322359,
    22.114867825991));
#6844 = CARTESIAN_POINT('',(-14.29895309753,-20.5038593408,
    22.109487539036));
#6845 = CARTESIAN_POINT('',(-14.29980573933,-20.503475458,
    22.104107252081));
#6846 = ORIENTED_EDGE('',*,*,#6741,.F.);
#6847 = ORIENTED_EDGE('',*,*,#5978,.F.);
#6848 = B_SPLINE_SURFACE_WITH_KNOTS('',1,7,(
    (#6849,#6850,#6851,#6852,#6853,#6854,#6855,#6856,#6857,#6858,#6859
      ,#6860,#6861,#6862)
    ,(#6863,#6864,#6865,#6866,#6867,#6868,#6869,#6870,#6871,#6872,#6873
      ,#6874,#6875,#6876
    )),.UNSPECIFIED.,.F.,.F.,.F.,(2,2),(8,6,8),(0.,0.545489708359),(
    3.211943351066,3.757433059425,3.786989716966),.UNSPECIFIED.);
#6849 = CARTESIAN_POINT('',(-13.14668783648,-21.5,21.677451792508));
#6850 = CARTESIAN_POINT('',(-13.20477126833,-21.5,21.625500391711));
#6851 = CARTESIAN_POINT('',(-13.26285470019,-21.5,21.573548990915));
#6852 = CARTESIAN_POINT('',(-13.32093813204,-21.5,21.521597590119));
#6853 = CARTESIAN_POINT('',(-13.37902156389,-21.5,21.469646189323));
#6854 = CARTESIAN_POINT('',(-13.43710499575,-21.5,21.417694788527));
#6855 = CARTESIAN_POINT('',(-13.4951884276,-21.5,21.365743387731));
#6856 = CARTESIAN_POINT('',(-13.55641903543,-21.5,21.310977067169));
#6857 = CARTESIAN_POINT('',(-13.55987393388,-21.5,21.307886912052));
#6858 = CARTESIAN_POINT('',(-13.5636365548,-21.5,21.304521521586));
#6859 = CARTESIAN_POINT('',(-13.56770689821,-21.5,21.300880895769));
#6860 = CARTESIAN_POINT('',(-13.57208496409,-21.5,21.296965034602));
#6861 = CARTESIAN_POINT('',(-13.57677075244,-21.5,21.292773938084));
#6862 = CARTESIAN_POINT('',(-13.58176426328,-21.5,21.288307606216));
#6863 = CARTESIAN_POINT('',(-13.925,-20.5141225295,22.547631245172));
#6864 = CARTESIAN_POINT('',(-14.00993522689,-20.52096438835,
    22.525701063888));
#6865 = CARTESIAN_POINT('',(-14.08150524606,-20.52630358024,
    22.488828126106));
#6866 = CARTESIAN_POINT('',(-14.14403869812,-20.52826565855,
    22.441851999155));
#6867 = CARTESIAN_POINT('',(-14.19857796957,-20.52631179886,
    22.385938106567));
#6868 = CARTESIAN_POINT('',(-14.24227853724,-20.52165262846,
    22.31790617476));
#6869 = CARTESIAN_POINT('',(-14.27810111926,-20.51324747498,
    22.241066387228));
#6870 = CARTESIAN_POINT('',(-14.2946898885,-20.50577875477,
    22.136388973809));
#6871 = CARTESIAN_POINT('',(-14.29554253031,-20.50539487197,
    22.131008686854));
#6872 = CARTESIAN_POINT('',(-14.29639517211,-20.50501098918,
    22.1256283999));
#6873 = CARTESIAN_POINT('',(-14.29724781392,-20.50462710639,
    22.120248112945));
#6874 = CARTESIAN_POINT('',(-14.29810045572,-20.50424322359,
    22.114867825991));
#6875 = CARTESIAN_POINT('',(-14.29895309753,-20.5038593408,
    22.109487539036));
#6876 = CARTESIAN_POINT('',(-14.29980573933,-20.503475458,
    22.104107252081));
#6877 = ADVANCED_FACE('',(#6878),#6899,.T.);
#6878 = FACE_BOUND('',#6879,.T.);
#6879 = EDGE_LOOP('',(#6880,#6888,#6897,#6898));
#6880 = ORIENTED_EDGE('',*,*,#6881,.T.);
#6881 = EDGE_CURVE('',#5959,#6882,#6884,.T.);
#6882 = VERTEX_POINT('',#6883);
#6883 = CARTESIAN_POINT('',(-13.29999999999,-20.5,22.881966011251));
#6884 = LINE('',#6885,#6886);
#6885 = CARTESIAN_POINT('',(-13.29999999999,-20.5,22.881966011251));
#6886 = VECTOR('',#6887,1.);
#6887 = DIRECTION('',(-0.471404520792,0.707106781187,0.527046276694));
#6888 = ORIENTED_EDGE('',*,*,#6889,.T.);
#6889 = EDGE_CURVE('',#6882,#6824,#6890,.T.);
#6890 = B_SPLINE_CURVE_WITH_KNOTS('',5,(#6891,#6892,#6893,#6894,#6895,
    #6896),.UNSPECIFIED.,.F.,.F.,(6,6),(2.5232060117,3.211943351066),
  .PIECEWISE_BEZIER_KNOTS.);
#6891 = CARTESIAN_POINT('',(-13.29999999999,-20.5,22.881966011251));
#6892 = CARTESIAN_POINT('',(-13.40267090062,-20.5,22.790134366002));
#6893 = CARTESIAN_POINT('',(-13.51585419922,-20.49991571188,
    22.710055938985));
#6894 = CARTESIAN_POINT('',(-13.6397239315,-20.50024731612,
    22.64192530804));
#6895 = CARTESIAN_POINT('',(-13.77486465224,-20.50202855042,
    22.586396025275));
#6896 = CARTESIAN_POINT('',(-13.925,-20.5141225295,22.547631245172));
#6897 = ORIENTED_EDGE('',*,*,#6823,.F.);
#6898 = ORIENTED_EDGE('',*,*,#5967,.F.);
#6899 = B_SPLINE_SURFACE_WITH_KNOTS('',1,5,(
    (#6900,#6901,#6902,#6903,#6904,#6905)
    ,(#6906,#6907,#6908,#6909,#6910,#6911
    )),.UNSPECIFIED.,.F.,.F.,.F.,(2,2),(6,6),(0.,0.688737339366),(
    2.5232060117,3.211943351066),.PIECEWISE_BEZIER_KNOTS.);
#6900 = CARTESIAN_POINT('',(-12.63333333333,-21.5,22.136610018752));
#6901 = CARTESIAN_POINT('',(-12.73600423396,-21.5,22.044778373503));
#6902 = CARTESIAN_POINT('',(-12.83867513459,-21.5,21.952946728254));
#6903 = CARTESIAN_POINT('',(-12.94134603522,-21.5,21.861115083005));
#6904 = CARTESIAN_POINT('',(-13.04401693585,-21.5,21.769283437757));
#6905 = CARTESIAN_POINT('',(-13.14668783648,-21.5,21.677451792508));
#6906 = CARTESIAN_POINT('',(-13.29999999999,-20.5,22.881966011251));
#6907 = CARTESIAN_POINT('',(-13.40267090062,-20.5,22.790134366002));
#6908 = CARTESIAN_POINT('',(-13.51585419922,-20.49991571188,
    22.710055938985));
#6909 = CARTESIAN_POINT('',(-13.6397239315,-20.50024731612,
    22.64192530804));
#6910 = CARTESIAN_POINT('',(-13.77486465224,-20.50202855042,
    22.586396025275));
#6911 = CARTESIAN_POINT('',(-13.925,-20.5141225295,22.547631245172));
#6912 = ADVANCED_FACE('',(#6913),#6931,.F.);
#6913 = FACE_BOUND('',#6914,.F.);
#6914 = EDGE_LOOP('',(#6915,#6922,#6923,#6924));
#6915 = ORIENTED_EDGE('',*,*,#6916,.F.);
#6916 = EDGE_CURVE('',#5948,#6917,#6919,.T.);
#6917 = VERTEX_POINT('',#6918);
#6918 = CARTESIAN_POINT('',(-13.29999999999,-20.5,25.118033988749));
#6919 = B_SPLINE_CURVE_WITH_KNOTS('',1,(#6920,#6921),.UNSPECIFIED.,.F.,
  .F.,(2,2),(0.,0.688737339366),.PIECEWISE_BEZIER_KNOTS.);
#6920 = CARTESIAN_POINT('',(-12.63333333333,-21.5,25.863389981248));
#6921 = CARTESIAN_POINT('',(-13.29999999999,-20.5,25.118033988749));
#6922 = ORIENTED_EDGE('',*,*,#5958,.T.);
#6923 = ORIENTED_EDGE('',*,*,#6881,.T.);
#6924 = ORIENTED_EDGE('',*,*,#6925,.F.);
#6925 = EDGE_CURVE('',#6917,#6882,#6926,.T.);
#6926 = CIRCLE('',#6927,1.5);
#6927 = AXIS2_PLACEMENT_3D('',#6928,#6929,#6930);
#6928 = CARTESIAN_POINT('',(-14.3,-20.5,24.));
#6929 = DIRECTION('',(2.465190328816E-32,1.,4.4E-16));
#6930 = DIRECTION('',(0.666666666668,-3.279566366996E-16,0.745355992499)
  );
#6931 = CONICAL_SURFACE('',#6932,1.5,0.785398163397);
#6932 = AXIS2_PLACEMENT_3D('',#6933,#6934,#6935);
#6933 = CARTESIAN_POINT('',(-14.3,-20.5,24.));
#6934 = DIRECTION('',(-0.,-1.,-4.4E-16));
#6935 = DIRECTION('',(0.666666666668,-3.279566366996E-16,0.745355992499)
  );
#6936 = ADVANCED_FACE('',(#6937),#6957,.T.);
#6937 = FACE_BOUND('',#6938,.T.);
#6938 = EDGE_LOOP('',(#6939,#6946,#6955,#6956));
#6939 = ORIENTED_EDGE('',*,*,#6940,.T.);
#6940 = EDGE_CURVE('',#5929,#6941,#6943,.T.);
#6941 = VERTEX_POINT('',#6942);
#6942 = CARTESIAN_POINT('',(-13.925,-20.5141225295,25.452368754828));
#6943 = B_SPLINE_CURVE_WITH_KNOTS('',1,(#6944,#6945),.UNSPECIFIED.,.F.,
  .F.,(2,2),(0.,0.545489708359),.PIECEWISE_BEZIER_KNOTS.);
#6944 = CARTESIAN_POINT('',(-13.14668783648,-21.5,26.322548207492));
#6945 = CARTESIAN_POINT('',(-13.925,-20.5141225295,25.452368754828));
#6946 = ORIENTED_EDGE('',*,*,#6947,.T.);
#6947 = EDGE_CURVE('',#6941,#6917,#6948,.T.);
#6948 = B_SPLINE_CURVE_WITH_KNOTS('',5,(#6949,#6950,#6951,#6952,#6953,
    #6954),.UNSPECIFIED.,.F.,.F.,(6,6),(-0.688737339366,0.),
  .PIECEWISE_BEZIER_KNOTS.);
#6949 = CARTESIAN_POINT('',(-13.925,-20.5141225295,25.452368754828));
#6950 = CARTESIAN_POINT('',(-13.77486465224,-20.50202855042,
    25.413603974725));
#6951 = CARTESIAN_POINT('',(-13.6397239315,-20.50024731612,
    25.35807469196));
#6952 = CARTESIAN_POINT('',(-13.51585419922,-20.49991571188,
    25.289944061015));
#6953 = CARTESIAN_POINT('',(-13.40267090062,-20.5,25.209865633998));
#6954 = CARTESIAN_POINT('',(-13.29999999999,-20.5,25.118033988749));
#6955 = ORIENTED_EDGE('',*,*,#6916,.F.);
#6956 = ORIENTED_EDGE('',*,*,#5947,.F.);
#6957 = B_SPLINE_SURFACE_WITH_KNOTS('',1,5,(
    (#6958,#6959,#6960,#6961,#6962,#6963)
    ,(#6964,#6965,#6966,#6967,#6968,#6969
    )),.UNSPECIFIED.,.F.,.F.,.F.,(2,2),(6,6),(0.,0.688737339366),(
    -0.688737339366,0.),.PIECEWISE_BEZIER_KNOTS.);
#6958 = CARTESIAN_POINT('',(-13.14668783648,-21.5,26.322548207492));
#6959 = CARTESIAN_POINT('',(-13.04401693585,-21.5,26.230716562244));
#6960 = CARTESIAN_POINT('',(-12.94134603522,-21.5,26.138884916994));
#6961 = CARTESIAN_POINT('',(-12.83867513459,-21.5,26.047053271746));
#6962 = CARTESIAN_POINT('',(-12.73600423396,-21.5,25.955221626497));
#6963 = CARTESIAN_POINT('',(-12.63333333333,-21.5,25.863389981248));
#6964 = CARTESIAN_POINT('',(-13.925,-20.5141225295,25.452368754828));
#6965 = CARTESIAN_POINT('',(-13.77486465224,-20.50202855042,
    25.413603974725));
#6966 = CARTESIAN_POINT('',(-13.6397239315,-20.50024731612,
    25.35807469196));
#6967 = CARTESIAN_POINT('',(-13.51585419922,-20.49991571188,
    25.289944061015));
#6968 = CARTESIAN_POINT('',(-13.40267090062,-20.5,25.209865633998));
#6969 = CARTESIAN_POINT('',(-13.29999999999,-20.5,25.118033988749));
#6970 = ADVANCED_FACE('',(#6971),#7053,.T.);
#6971 = FACE_BOUND('',#6972,.T.);
#6972 = EDGE_LOOP('',(#6973,#7034,#7051,#7052));
#6973 = ORIENTED_EDGE('',*,*,#6974,.T.);
#6974 = EDGE_CURVE('',#5921,#6975,#6977,.T.);
#6975 = VERTEX_POINT('',#6976);
#6976 = CARTESIAN_POINT('',(-14.2938372467,-20.50616263756,
    25.858230739236));
#6977 = B_SPLINE_CURVE_WITH_KNOTS('',7,(#6978,#6979,#6980,#6981,#6982,
    #6983,#6984,#6985,#6986,#6987,#6988,#6989,#6990,#6991,#6992,#6993,
    #6994,#6995,#6996,#6997,#6998,#6999,#7000,#7001,#7002,#7003,#7004,
    #7005,#7006,#7007,#7008,#7009,#7010,#7011,#7012,#7013,#7014,#7015,
    #7016,#7017,#7018,#7019,#7020,#7021,#7022,#7023,#7024,#7025,#7026,
    #7027,#7028,#7029,#7030,#7031,#7032,#7033),.UNSPECIFIED.,.F.,.F.,(8,
    6,6,6,6,6,6,6,6,8),(0.,0.12209066608,0.222998859901,0.430455960609,
    0.66353912805,0.819992368045,0.911426934031,0.950032735046,
    0.971235356622,1.),.UNSPECIFIED.);
#6978 = CARTESIAN_POINT('',(-13.29999999999,-21.5,26.45967477525));
#6979 = CARTESIAN_POINT('',(-13.31718550055,-21.48281449944,
    26.446127664335));
#6980 = CARTESIAN_POINT('',(-13.33436806275,-21.46563193724,
    26.432570046724));
#6981 = CARTESIAN_POINT('',(-13.3515486597,-21.44845134029,
    26.41900540733));
#6982 = CARTESIAN_POINT('',(-13.36872826341,-21.43127173658,
    26.405437221945));
#6983 = CARTESIAN_POINT('',(-13.38590784479,-21.4140921552,
    26.391868957247));
#6984 = CARTESIAN_POINT('',(-13.40308837363,-21.39691162636,
    26.378304070795));
#6985 = CARTESIAN_POINT('',(-13.43447214577,-21.36552785422,
    26.353540245947));
#6986 = CARTESIAN_POINT('',(-13.44867478673,-21.35132521326,
    26.342339175842));
#6987 = CARTESIAN_POINT('',(-13.46287929047,-21.33712070952,
    26.331144756446));
#6988 = CARTESIAN_POINT('',(-13.47708621914,-21.32291378085,
    26.319959010046));
#6989 = CARTESIAN_POINT('',(-13.49129614809,-21.3087038519,
    26.308784025484));
#6990 = CARTESIAN_POINT('',(-13.50550966589,-21.2944903341,
    26.297621958155));
#6991 = CARTESIAN_POINT('',(-13.5489575532,-21.25104244679,
    26.263558066516));
#6992 = CARTESIAN_POINT('',(-13.57820529301,-21.22179470698,
    26.240705174067));
#6993 = CARTESIAN_POINT('',(-13.60747615596,-21.19252384403,
    26.217936042544));
#6994 = CARTESIAN_POINT('',(-13.63677571431,-21.16322428568,
    26.195271798965));
#6995 = CARTESIAN_POINT('',(-13.66611001667,-21.13388998332,
    26.172736783549));
#6996 = CARTESIAN_POINT('',(-13.69548605453,-21.10451394546,
    26.150360325774));
#6997 = CARTESIAN_POINT('',(-13.75797326061,-21.04202673938,
    26.103256715253));
#6998 = CARTESIAN_POINT('',(-13.79109480114,-21.00890519885,
    26.07858321369));
#6999 = CARTESIAN_POINT('',(-13.82429188752,-20.97570811247,
    26.054205630611));
#7000 = CARTESIAN_POINT('',(-13.85757948302,-20.94242051697,26.030191772
    ));
#7001 = CARTESIAN_POINT('',(-13.89097163976,-20.90902836022,
    26.006624785571));
#7002 = CARTESIAN_POINT('',(-13.92448606786,-20.87551393213,
    25.983623634522));
#7003 = CARTESIAN_POINT('',(-13.98075323033,-20.81924676965,
    25.94646419113));
#7004 = CARTESIAN_POINT('',(-14.00341227675,-20.79658772324,
    25.931890973969));
#7005 = CARTESIAN_POINT('',(-14.02615000554,-20.77384999445,
    25.917725318236));
#7006 = CARTESIAN_POINT('',(-14.04897727878,-20.75102272121,
    25.904044384104));
#7007 = CARTESIAN_POINT('',(-14.07190011707,-20.72809988292,
    25.890974093794));
#7008 = CARTESIAN_POINT('',(-14.09491807196,-20.70508192803,
    25.878671333869));
#7009 = CARTESIAN_POINT('',(-14.13155734249,-20.6684426575,25.8609142729
    ));
#7010 = CARTESIAN_POINT('',(-14.14509080257,-20.65490919742,
    25.854747072477));
#7011 = CARTESIAN_POINT('',(-14.15866173743,-20.64133826256,
    25.849019916442));
#7012 = CARTESIAN_POINT('',(-14.17227047503,-20.62772952496,
    25.84381740335));
#7013 = CARTESIAN_POINT('',(-14.18589775316,-20.61410224683,
    25.839281027966));
#7014 = CARTESIAN_POINT('',(-14.19950611052,-20.60049388947,
    25.835585457861));
#7015 = CARTESIAN_POINT('',(-14.21875239146,-20.58124760853,
    25.832032904034));
#7016 = CARTESIAN_POINT('',(-14.22444779694,-20.57555220305,
    25.831192599214));
#7017 = CARTESIAN_POINT('',(-14.23012136699,-20.569878633,
    25.830593240582));
#7018 = CARTESIAN_POINT('',(-14.23576359903,-20.56423640096,
    25.830267875385));
#7019 = CARTESIAN_POINT('',(-14.24135866775,-20.55864133223,
    25.830257662583));
#7020 = CARTESIAN_POINT('',(-14.24688411356,-20.55311588643,
    25.830613522066));
#7021 = CARTESIAN_POINT('',(-14.25529076386,-20.54470923613,
    25.831828506875));
#7022 = CARTESIAN_POINT('',(-14.25824017665,-20.54175982333,
    25.832388375279));
#7023 = CARTESIAN_POINT('',(-14.26115360375,-20.53884639624,
    25.833087509726));
#7024 = CARTESIAN_POINT('',(-14.26402406699,-20.535975933,
    25.833937095624));
#7025 = CARTESIAN_POINT('',(-14.26684297028,-20.53315702971,
    25.834948794304));
#7026 = CARTESIAN_POINT('',(-14.26960029398,-20.53039970601,
    25.836134154177));
#7027 = CARTESIAN_POINT('',(-14.27592672382,-20.52407327617,
    25.839362459817));
#7028 = CARTESIAN_POINT('',(-14.2794371766,-20.52056282339,
    25.841561973156));
#7029 = CARTESIAN_POINT('',(-14.28278335841,-20.51721664158,
    25.844127091854));
#7030 = CARTESIAN_POINT('',(-14.28592886843,-20.51407113156,
    25.847078131327));
#7031 = CARTESIAN_POINT('',(-14.2888381834,-20.51116181659,
    25.850423828507));
#7032 = CARTESIAN_POINT('',(-14.29148114667,-20.50851885332,
    25.854153977884));
#7033 = CARTESIAN_POINT('',(-14.2938374572,-20.50616254279,
    25.858232067553));
#7034 = ORIENTED_EDGE('',*,*,#7035,.T.);
#7035 = EDGE_CURVE('',#6975,#6941,#7036,.T.);
#7036 = B_SPLINE_CURVE_WITH_KNOTS('',7,(#7037,#7038,#7039,#7040,#7041,
    #7042,#7043,#7044,#7045,#7046,#7047,#7048,#7049,#7050),
  .UNSPECIFIED.,.F.,.F.,(8,6,8),(-1.263783705266,-1.234227047725,
    -0.688737339366),.UNSPECIFIED.);
#7037 = CARTESIAN_POINT('',(-14.29980573933,-20.503475458,
    25.895892747919));
#7038 = CARTESIAN_POINT('',(-14.29895309753,-20.5038593408,
    25.890512460964));
#7039 = CARTESIAN_POINT('',(-14.29810045572,-20.50424322359,
    25.885132174009));
#7040 = CARTESIAN_POINT('',(-14.29724781392,-20.50462710639,
    25.879751887055));
#7041 = CARTESIAN_POINT('',(-14.29639517211,-20.50501098918,
    25.8743716001));
#7042 = CARTESIAN_POINT('',(-14.29554253031,-20.50539487197,
    25.868991313145));
#7043 = CARTESIAN_POINT('',(-14.2946898885,-20.50577875477,
    25.863611026191));
#7044 = CARTESIAN_POINT('',(-14.27810111926,-20.51324747498,
    25.758933612772));
#7045 = CARTESIAN_POINT('',(-14.24227853724,-20.52165262846,
    25.682093825239));
#7046 = CARTESIAN_POINT('',(-14.19857796957,-20.52631179887,
    25.614061893433));
#7047 = CARTESIAN_POINT('',(-14.14403869812,-20.52826565855,
    25.558148000844));
#7048 = CARTESIAN_POINT('',(-14.08150524606,-20.52630358024,
    25.511171873894));
#7049 = CARTESIAN_POINT('',(-14.00993522689,-20.52096438835,
    25.474298936112));
#7050 = CARTESIAN_POINT('',(-13.925,-20.5141225295,25.452368754828));
#7051 = ORIENTED_EDGE('',*,*,#6940,.F.);
#7052 = ORIENTED_EDGE('',*,*,#5928,.F.);
#7053 = B_SPLINE_SURFACE_WITH_KNOTS('',1,7,(
    (#7054,#7055,#7056,#7057,#7058,#7059,#7060,#7061,#7062,#7063,#7064
      ,#7065,#7066,#7067)
    ,(#7068,#7069,#7070,#7071,#7072,#7073,#7074,#7075,#7076,#7077,#7078
      ,#7079,#7080,#7081
    )),.UNSPECIFIED.,.F.,.F.,.F.,(2,2),(8,6,8),(0.,0.545489708359),(
    -1.263783705266,-1.234227047725,-0.688737339366),.UNSPECIFIED.);
#7054 = CARTESIAN_POINT('',(-13.58176426328,-21.5,26.711692393784));
#7055 = CARTESIAN_POINT('',(-13.57677075244,-21.5,26.707226061916));
#7056 = CARTESIAN_POINT('',(-13.57208496409,-21.5,26.703034965398));
#7057 = CARTESIAN_POINT('',(-13.56770689821,-21.5,26.699119104231));
#7058 = CARTESIAN_POINT('',(-13.5636365548,-21.5,26.695478478414));
#7059 = CARTESIAN_POINT('',(-13.55987393388,-21.5,26.692113087948));
#7060 = CARTESIAN_POINT('',(-13.55641903543,-21.5,26.689022932831));
#7061 = CARTESIAN_POINT('',(-13.4951884276,-21.5,26.634256612269));
#7062 = CARTESIAN_POINT('',(-13.43710499575,-21.5,26.582305211473));
#7063 = CARTESIAN_POINT('',(-13.37902156389,-21.5,26.530353810677));
#7064 = CARTESIAN_POINT('',(-13.32093813204,-21.5,26.478402409881));
#7065 = CARTESIAN_POINT('',(-13.26285470019,-21.5,26.426451009085));
#7066 = CARTESIAN_POINT('',(-13.20477126833,-21.5,26.374499608289));
#7067 = CARTESIAN_POINT('',(-13.14668783648,-21.5,26.322548207492));
#7068 = CARTESIAN_POINT('',(-14.29980573933,-20.503475458,
    25.895892747919));
#7069 = CARTESIAN_POINT('',(-14.29895309753,-20.5038593408,
    25.890512460964));
#7070 = CARTESIAN_POINT('',(-14.29810045572,-20.50424322359,
    25.885132174009));
#7071 = CARTESIAN_POINT('',(-14.29724781392,-20.50462710639,
    25.879751887055));
#7072 = CARTESIAN_POINT('',(-14.29639517211,-20.50501098918,
    25.8743716001));
#7073 = CARTESIAN_POINT('',(-14.29554253031,-20.50539487197,
    25.868991313145));
#7074 = CARTESIAN_POINT('',(-14.2946898885,-20.50577875477,
    25.863611026191));
#7075 = CARTESIAN_POINT('',(-14.27810111926,-20.51324747498,
    25.758933612772));
#7076 = CARTESIAN_POINT('',(-14.24227853724,-20.52165262846,
    25.682093825239));
#7077 = CARTESIAN_POINT('',(-14.19857796957,-20.52631179887,
    25.614061893433));
#7078 = CARTESIAN_POINT('',(-14.14403869812,-20.52826565855,
    25.558148000844));
#7079 = CARTESIAN_POINT('',(-14.08150524606,-20.52630358024,
    25.511171873894));
#7080 = CARTESIAN_POINT('',(-14.00993522689,-20.52096438835,
    25.474298936112));
#7081 = CARTESIAN_POINT('',(-13.925,-20.5141225295,25.452368754828));
#7082 = ADVANCED_FACE('',(#7083),#7110,.T.);
#7083 = FACE_BOUND('',#7084,.F.);
#7084 = EDGE_LOOP('',(#7085,#7093,#7094,#7095,#7104));
#7085 = ORIENTED_EDGE('',*,*,#7086,.F.);
#7086 = EDGE_CURVE('',#5913,#7087,#7089,.T.);
#7087 = VERTEX_POINT('',#7088);
#7088 = CARTESIAN_POINT('',(-14.29999999999,-20.5,26.7));
#7089 = LINE('',#7090,#7091);
#7090 = CARTESIAN_POINT('',(-14.33333333333,-20.46666666666,
    26.666666666666));
#7091 = VECTOR('',#7092,1.);
#7092 = DIRECTION('',(-0.57735026919,0.57735026919,-0.57735026919));
#7093 = ORIENTED_EDGE('',*,*,#5920,.T.);
#7094 = ORIENTED_EDGE('',*,*,#6974,.T.);
#7095 = ORIENTED_EDGE('',*,*,#7096,.F.);
#7096 = EDGE_CURVE('',#7097,#6975,#7099,.T.);
#7097 = VERTEX_POINT('',#7098);
#7098 = CARTESIAN_POINT('',(-14.29999999999,-20.5,25.936491673104));
#7099 = ELLIPSE('',#7100,0.707106781187,0.5);
#7100 = AXIS2_PLACEMENT_3D('',#7101,#7102,#7103);
#7101 = CARTESIAN_POINT('',(-13.8,-20.99999999999,25.936491673104));
#7102 = DIRECTION('',(-0.707106781187,-0.707106781187,0.));
#7103 = DIRECTION('',(0.707106781187,-0.707106781187,-9.4E-16));
#7104 = ORIENTED_EDGE('',*,*,#7105,.F.);
#7105 = EDGE_CURVE('',#7087,#7097,#7106,.T.);
#7106 = LINE('',#7107,#7108);
#7107 = CARTESIAN_POINT('',(-14.29999999999,-20.5,26.7));
#7108 = VECTOR('',#7109,1.);
#7109 = DIRECTION('',(0.,6.7E-16,-1.));
#7110 = PLANE('',#7111);
#7111 = AXIS2_PLACEMENT_3D('',#7112,#7113,#7114);
#7112 = CARTESIAN_POINT('',(-13.79999999999,-21.,26.7));
#7113 = DIRECTION('',(-0.707106781187,-0.707106781187,0.));
#7114 = DIRECTION('',(3.3E-16,-3.3E-16,1.));
#7115 = ADVANCED_FACE('',(#7116),#7134,.T.);
#7116 = FACE_BOUND('',#7117,.F.);
#7117 = EDGE_LOOP('',(#7118,#7126,#7127,#7128));
#7118 = ORIENTED_EDGE('',*,*,#7119,.F.);
#7119 = EDGE_CURVE('',#5905,#7120,#7122,.T.);
#7120 = VERTEX_POINT('',#7121);
#7121 = CARTESIAN_POINT('',(-16.5,-20.5,26.7));
#7122 = LINE('',#7123,#7124);
#7123 = CARTESIAN_POINT('',(-15.93333333333,-19.93333333333,
    26.133333333333));
#7124 = VECTOR('',#7125,1.);
#7125 = DIRECTION('',(0.57735026919,0.57735026919,-0.57735026919));
#7126 = ORIENTED_EDGE('',*,*,#5912,.T.);
#7127 = ORIENTED_EDGE('',*,*,#7086,.T.);
#7128 = ORIENTED_EDGE('',*,*,#7129,.F.);
#7129 = EDGE_CURVE('',#7120,#7087,#7130,.T.);
#7130 = LINE('',#7131,#7132);
#7131 = CARTESIAN_POINT('',(-16.5,-20.5,26.7));
#7132 = VECTOR('',#7133,1.);
#7133 = DIRECTION('',(1.,0.,0.));
#7134 = PLANE('',#7135);
#7135 = AXIS2_PLACEMENT_3D('',#7136,#7137,#7138);
#7136 = CARTESIAN_POINT('',(-16.5,-21.,27.2));
#7137 = DIRECTION('',(0.,-0.707106781187,-0.707106781187));
#7138 = DIRECTION('',(-1.,-0.,-0.));
#7139 = ADVANCED_FACE('',(#7140),#7158,.T.);
#7140 = FACE_BOUND('',#7141,.F.);
#7141 = EDGE_LOOP('',(#7142,#7150,#7151,#7152));
#7142 = ORIENTED_EDGE('',*,*,#7143,.F.);
#7143 = EDGE_CURVE('',#5897,#7144,#7146,.T.);
#7144 = VERTEX_POINT('',#7145);
#7145 = CARTESIAN_POINT('',(-16.5,-20.5,21.3));
#7146 = LINE('',#7147,#7148);
#7147 = CARTESIAN_POINT('',(-16.46666666666,-20.46666666666,
    21.333333333334));
#7148 = VECTOR('',#7149,1.);
#7149 = DIRECTION('',(0.57735026919,0.57735026919,0.57735026919));
#7150 = ORIENTED_EDGE('',*,*,#5904,.T.);
#7151 = ORIENTED_EDGE('',*,*,#7119,.T.);
#7152 = ORIENTED_EDGE('',*,*,#7153,.F.);
#7153 = EDGE_CURVE('',#7144,#7120,#7154,.T.);
#7154 = LINE('',#7155,#7156);
#7155 = CARTESIAN_POINT('',(-16.5,-20.5,21.3));
#7156 = VECTOR('',#7157,1.);
#7157 = DIRECTION('',(0.,-6.7E-16,1.));
#7158 = PLANE('',#7159);
#7159 = AXIS2_PLACEMENT_3D('',#7160,#7161,#7162);
#7160 = CARTESIAN_POINT('',(-17.,-21.,21.3));
#7161 = DIRECTION('',(0.707106781187,-0.707106781187,0.));
#7162 = DIRECTION('',(3.3E-16,3.3E-16,-1.));
#7163 = ADVANCED_FACE('',(#7164),#7175,.T.);
#7164 = FACE_BOUND('',#7165,.F.);
#7165 = EDGE_LOOP('',(#7166,#7167,#7168,#7169));
#7166 = ORIENTED_EDGE('',*,*,#6801,.F.);
#7167 = ORIENTED_EDGE('',*,*,#5896,.T.);
#7168 = ORIENTED_EDGE('',*,*,#7143,.T.);
#7169 = ORIENTED_EDGE('',*,*,#7170,.F.);
#7170 = EDGE_CURVE('',#6802,#7144,#7171,.T.);
#7171 = LINE('',#7172,#7173);
#7172 = CARTESIAN_POINT('',(-14.29999999999,-20.5,21.3));
#7173 = VECTOR('',#7174,1.);
#7174 = DIRECTION('',(-1.,0.,0.));
#7175 = PLANE('',#7176);
#7176 = AXIS2_PLACEMENT_3D('',#7177,#7178,#7179);
#7177 = CARTESIAN_POINT('',(-14.29999999999,-21.,20.8));
#7178 = DIRECTION('',(0.,-0.707106781187,0.707106781187));
#7179 = DIRECTION('',(1.,0.,0.));
#7180 = ADVANCED_FACE('',(#7181),#7269,.T.);
#7181 = FACE_BOUND('',#7182,.T.);
#7182 = EDGE_LOOP('',(#7183,#7190,#7209,#7268));
#7183 = ORIENTED_EDGE('',*,*,#7184,.T.);
#7184 = EDGE_CURVE('',#6004,#7185,#7187,.T.);
#7185 = VERTEX_POINT('',#7186);
#7186 = CARTESIAN_POINT('',(-13.925,-20.5141225295,-25.45236875482));
#7187 = B_SPLINE_CURVE_WITH_KNOTS('',1,(#7188,#7189),.UNSPECIFIED.,.F.,
  .F.,(2,2),(0.,0.688737339365),.PIECEWISE_BEZIER_KNOTS.);
#7188 = CARTESIAN_POINT('',(-13.14668783648,-21.5,-26.32254820749));
#7189 = CARTESIAN_POINT('',(-13.925,-20.5141225295,-25.45236875482));
#7190 = ORIENTED_EDGE('',*,*,#7191,.T.);
#7191 = EDGE_CURVE('',#7185,#7192,#7194,.T.);
#7192 = VERTEX_POINT('',#7193);
#7193 = CARTESIAN_POINT('',(-14.2938372467,-20.50616263756,
    -25.85823073925));
#7194 = B_SPLINE_CURVE_WITH_KNOTS('',7,(#7195,#7196,#7197,#7198,#7199,
    #7200,#7201,#7202,#7203,#7204,#7205,#7206,#7207,#7208),
  .UNSPECIFIED.,.F.,.F.,(8,6,8),(3.211943351068,3.757433059439,
    3.786989716979),.UNSPECIFIED.);
#7195 = CARTESIAN_POINT('',(-13.925,-20.5141225295,-25.45236875482));
#7196 = CARTESIAN_POINT('',(-14.00993522689,-20.52096438835,
    -25.47429893611));
#7197 = CARTESIAN_POINT('',(-14.08150524606,-20.52630358024,
    -25.51117187389));
#7198 = CARTESIAN_POINT('',(-14.14403869813,-20.52826565855,
    -25.55814800084));
#7199 = CARTESIAN_POINT('',(-14.19857796958,-20.52631179886,
    -25.61406189343));
#7200 = CARTESIAN_POINT('',(-14.24227853725,-20.52165262846,
    -25.68209382524));
#7201 = CARTESIAN_POINT('',(-14.27810111926,-20.51324747498,
    -25.75893361278));
#7202 = CARTESIAN_POINT('',(-14.29468988851,-20.50577875477,
    -25.8636110262));
#7203 = CARTESIAN_POINT('',(-14.29554253031,-20.50539487197,
    -25.86899131316));
#7204 = CARTESIAN_POINT('',(-14.29639517212,-20.50501098918,
    -25.87437160011));
#7205 = CARTESIAN_POINT('',(-14.29724781392,-20.50462710638,
    -25.87975188707));
#7206 = CARTESIAN_POINT('',(-14.29810045573,-20.50424322359,
    -25.88513217402));
#7207 = CARTESIAN_POINT('',(-14.29895309753,-20.5038593408,
    -25.89051246097));
#7208 = CARTESIAN_POINT('',(-14.29980573934,-20.503475458,
    -25.89589274793));
#7209 = ORIENTED_EDGE('',*,*,#7210,.F.);
#7210 = EDGE_CURVE('',#6006,#7192,#7211,.T.);
#7211 = B_SPLINE_CURVE_WITH_KNOTS('',7,(#7212,#7213,#7214,#7215,#7216,
    #7217,#7218,#7219,#7220,#7221,#7222,#7223,#7224,#7225,#7226,#7227,
    #7228,#7229,#7230,#7231,#7232,#7233,#7234,#7235,#7236,#7237,#7238,
    #7239,#7240,#7241,#7242,#7243,#7244,#7245,#7246,#7247,#7248,#7249,
    #7250,#7251,#7252,#7253,#7254,#7255,#7256,#7257,#7258,#7259,#7260,
    #7261,#7262,#7263,#7264,#7265,#7266,#7267),.UNSPECIFIED.,.F.,.F.,(8,
    6,6,6,6,6,6,6,6,8),(0.,0.122090666091,0.222998859912,0.430455960618,
    0.663539128059,0.819992368051,0.911426934036,0.950032735049,
    0.971235356623,1.),.UNSPECIFIED.);
#7212 = CARTESIAN_POINT('',(-13.3,-21.5,-26.45967477525));
#7213 = CARTESIAN_POINT('',(-13.31718550056,-21.48281449943,
    -26.44612766433));
#7214 = CARTESIAN_POINT('',(-13.33436806276,-21.46563193723,
    -26.43257004672));
#7215 = CARTESIAN_POINT('',(-13.35154865971,-21.44845134028,
    -26.41900540732));
#7216 = CARTESIAN_POINT('',(-13.36872826342,-21.43127173657,
    -26.40543722194));
#7217 = CARTESIAN_POINT('',(-13.3859078448,-21.41409215519,
    -26.39186895724));
#7218 = CARTESIAN_POINT('',(-13.40308837364,-21.39691162635,
    -26.37830407078));
#7219 = CARTESIAN_POINT('',(-13.43447214578,-21.36552785421,
    -26.35354024593));
#7220 = CARTESIAN_POINT('',(-13.44867478674,-21.35132521325,
    -26.34233917583));
#7221 = CARTESIAN_POINT('',(-13.46287929048,-21.33712070951,
    -26.33114475643));
#7222 = CARTESIAN_POINT('',(-13.47708621915,-21.32291378084,
    -26.31995901003));
#7223 = CARTESIAN_POINT('',(-13.49129614811,-21.30870385188,
    -26.30878402547));
#7224 = CARTESIAN_POINT('',(-13.5055096659,-21.29449033409,
    -26.29762195814));
#7225 = CARTESIAN_POINT('',(-13.54895755321,-21.25104244678,
    -26.2635580665));
#7226 = CARTESIAN_POINT('',(-13.57820529302,-21.22179470697,
    -26.24070517405));
#7227 = CARTESIAN_POINT('',(-13.60747615598,-21.19252384401,
    -26.21793604253));
#7228 = CARTESIAN_POINT('',(-13.63677571432,-21.16322428567,
    -26.19527179895));
#7229 = CARTESIAN_POINT('',(-13.66611001669,-21.1338899833,
    -26.17273678354));
#7230 = CARTESIAN_POINT('',(-13.69548605454,-21.10451394545,
    -26.15036032576));
#7231 = CARTESIAN_POINT('',(-13.75797326062,-21.04202673937,
    -26.10325671524));
#7232 = CARTESIAN_POINT('',(-13.79109480115,-21.00890519884,
    -26.07858321368));
#7233 = CARTESIAN_POINT('',(-13.82429188754,-20.97570811245,
    -26.0542056306));
#7234 = CARTESIAN_POINT('',(-13.85757948303,-20.94242051696,
    -26.03019177199));
#7235 = CARTESIAN_POINT('',(-13.89097163978,-20.90902836021,
    -26.00662478556));
#7236 = CARTESIAN_POINT('',(-13.92448606788,-20.87551393211,
    -25.98362363451));
#7237 = CARTESIAN_POINT('',(-13.98075323035,-20.81924676964,
    -25.94646419112));
#7238 = CARTESIAN_POINT('',(-14.00341227677,-20.79658772322,
    -25.93189097396));
#7239 = CARTESIAN_POINT('',(-14.02615000555,-20.77384999444,
    -25.91772531823));
#7240 = CARTESIAN_POINT('',(-14.04897727879,-20.7510227212,
    -25.90404438409));
#7241 = CARTESIAN_POINT('',(-14.07190011708,-20.72809988291,
    -25.89097409378));
#7242 = CARTESIAN_POINT('',(-14.09491807198,-20.70508192802,
    -25.87867133386));
#7243 = CARTESIAN_POINT('',(-14.1315573425,-20.66844265749,
    -25.86091427289));
#7244 = CARTESIAN_POINT('',(-14.14509080259,-20.6549091974,
    -25.85474707247));
#7245 = CARTESIAN_POINT('',(-14.15866173744,-20.64133826255,
    -25.84901991644));
#7246 = CARTESIAN_POINT('',(-14.17227047504,-20.62772952495,
    -25.84381740335));
#7247 = CARTESIAN_POINT('',(-14.18589775317,-20.61410224682,
    -25.83928102796));
#7248 = CARTESIAN_POINT('',(-14.19950611053,-20.60049388946,
    -25.83558545786));
#7249 = CARTESIAN_POINT('',(-14.21875239147,-20.58124760852,
    -25.83203290403));
#7250 = CARTESIAN_POINT('',(-14.22444779696,-20.57555220304,
    -25.83119259921));
#7251 = CARTESIAN_POINT('',(-14.230121367,-20.56987863299,
    -25.83059324058));
#7252 = CARTESIAN_POINT('',(-14.23576359904,-20.56423640095,
    -25.83026787539));
#7253 = CARTESIAN_POINT('',(-14.24135866776,-20.55864133223,
    -25.83025766258));
#7254 = CARTESIAN_POINT('',(-14.24688411356,-20.55311588643,
    -25.83061352207));
#7255 = CARTESIAN_POINT('',(-14.25529076387,-20.54470923612,
    -25.83182850688));
#7256 = CARTESIAN_POINT('',(-14.25824017666,-20.54175982333,
    -25.83238837528));
#7257 = CARTESIAN_POINT('',(-14.26115360375,-20.53884639624,
    -25.83308750973));
#7258 = CARTESIAN_POINT('',(-14.264024067,-20.53597593299,
    -25.83393709563));
#7259 = CARTESIAN_POINT('',(-14.26684297028,-20.53315702971,
    -25.83494879431));
#7260 = CARTESIAN_POINT('',(-14.26960029399,-20.53039970601,
    -25.83613415418));
#7261 = CARTESIAN_POINT('',(-14.27592672383,-20.52407327616,
    -25.83936245982));
#7262 = CARTESIAN_POINT('',(-14.2794371766,-20.52056282339,
    -25.84156197316));
#7263 = CARTESIAN_POINT('',(-14.28278335841,-20.51721664158,
    -25.84412709186));
#7264 = CARTESIAN_POINT('',(-14.28592886843,-20.51407113156,
    -25.84707813134));
#7265 = CARTESIAN_POINT('',(-14.2888381834,-20.51116181659,
    -25.85042382852));
#7266 = CARTESIAN_POINT('',(-14.29148114667,-20.50851885332,
    -25.85415397789));
#7267 = CARTESIAN_POINT('',(-14.29383745721,-20.50616254279,
    -25.85823206756));
#7268 = ORIENTED_EDGE('',*,*,#6003,.F.);
#7269 = B_SPLINE_SURFACE_WITH_KNOTS('',1,7,(
    (#7270,#7271,#7272,#7273,#7274,#7275,#7276,#7277,#7278,#7279,#7280
      ,#7281,#7282,#7283)
    ,(#7284,#7285,#7286,#7287,#7288,#7289,#7290,#7291,#7292,#7293,#7294
      ,#7295,#7296,#7297
    )),.UNSPECIFIED.,.F.,.F.,.F.,(2,2),(8,6,8),(0.,0.545489708371),(
    3.211943351068,3.757433059439,3.786989716979),.UNSPECIFIED.);
#7270 = CARTESIAN_POINT('',(-13.14668783648,-21.5,-26.32254820749));
#7271 = CARTESIAN_POINT('',(-13.20477126834,-21.5,-26.37449960829));
#7272 = CARTESIAN_POINT('',(-13.26285470019,-21.5,-26.42645100908));
#7273 = CARTESIAN_POINT('',(-13.32093813205,-21.5,-26.47840240988));
#7274 = CARTESIAN_POINT('',(-13.3790215639,-21.5,-26.53035381068));
#7275 = CARTESIAN_POINT('',(-13.43710499575,-21.5,-26.58230521147));
#7276 = CARTESIAN_POINT('',(-13.49518842761,-21.5,-26.63425661227));
#7277 = CARTESIAN_POINT('',(-13.55641903544,-21.5,-26.68902293283));
#7278 = CARTESIAN_POINT('',(-13.55987393389,-21.5,-26.69211308795));
#7279 = CARTESIAN_POINT('',(-13.56363655481,-21.5,-26.69547847842));
#7280 = CARTESIAN_POINT('',(-13.56770689822,-21.5,-26.69911910423));
#7281 = CARTESIAN_POINT('',(-13.5720849641,-21.5,-26.7030349654));
#7282 = CARTESIAN_POINT('',(-13.57677075246,-21.5,-26.70722606192));
#7283 = CARTESIAN_POINT('',(-13.58176426329,-21.5,-26.71169239379));
#7284 = CARTESIAN_POINT('',(-13.925,-20.5141225295,-25.45236875482));
#7285 = CARTESIAN_POINT('',(-14.00993522689,-20.52096438835,
    -25.47429893611));
#7286 = CARTESIAN_POINT('',(-14.08150524606,-20.52630358024,
    -25.51117187389));
#7287 = CARTESIAN_POINT('',(-14.14403869813,-20.52826565855,
    -25.55814800084));
#7288 = CARTESIAN_POINT('',(-14.19857796958,-20.52631179886,
    -25.61406189343));
#7289 = CARTESIAN_POINT('',(-14.24227853725,-20.52165262846,
    -25.68209382524));
#7290 = CARTESIAN_POINT('',(-14.27810111926,-20.51324747498,
    -25.75893361278));
#7291 = CARTESIAN_POINT('',(-14.29468988851,-20.50577875477,
    -25.8636110262));
#7292 = CARTESIAN_POINT('',(-14.29554253031,-20.50539487197,
    -25.86899131316));
#7293 = CARTESIAN_POINT('',(-14.29639517212,-20.50501098918,
    -25.87437160011));
#7294 = CARTESIAN_POINT('',(-14.29724781392,-20.50462710638,
    -25.87975188707));
#7295 = CARTESIAN_POINT('',(-14.29810045573,-20.50424322359,
    -25.88513217402));
#7296 = CARTESIAN_POINT('',(-14.29895309753,-20.5038593408,
    -25.89051246097));
#7297 = CARTESIAN_POINT('',(-14.29980573934,-20.503475458,
    -25.89589274793));
#7298 = ADVANCED_FACE('',(#7299),#7320,.T.);
#7299 = FACE_BOUND('',#7300,.T.);
#7300 = EDGE_LOOP('',(#7301,#7309,#7318,#7319));
#7301 = ORIENTED_EDGE('',*,*,#7302,.T.);
#7302 = EDGE_CURVE('',#6095,#7303,#7305,.T.);
#7303 = VERTEX_POINT('',#7304);
#7304 = CARTESIAN_POINT('',(-13.3,-20.5,-25.11803398875));
#7305 = LINE('',#7306,#7307);
#7306 = CARTESIAN_POINT('',(-13.3,-20.5,-25.11803398875));
#7307 = VECTOR('',#7308,1.);
#7308 = DIRECTION('',(-0.471404520791,0.707106781187,0.527046276695));
#7309 = ORIENTED_EDGE('',*,*,#7310,.T.);
#7310 = EDGE_CURVE('',#7303,#7185,#7311,.T.);
#7311 = B_SPLINE_CURVE_WITH_KNOTS('',5,(#7312,#7313,#7314,#7315,#7316,
    #7317),.UNSPECIFIED.,.F.,.F.,(6,6),(2.523206011703,3.211943351068),
  .PIECEWISE_BEZIER_KNOTS.);
#7312 = CARTESIAN_POINT('',(-13.3,-20.5,-25.11803398875));
#7313 = CARTESIAN_POINT('',(-13.40267090063,-20.5,-25.20986563399));
#7314 = CARTESIAN_POINT('',(-13.51585419922,-20.49991571188,
    -25.28994406101));
#7315 = CARTESIAN_POINT('',(-13.6397239315,-20.50024731612,
    -25.35807469196));
#7316 = CARTESIAN_POINT('',(-13.77486465224,-20.50202855042,
    -25.41360397472));
#7317 = CARTESIAN_POINT('',(-13.925,-20.5141225295,-25.45236875482));
#7318 = ORIENTED_EDGE('',*,*,#7184,.F.);
#7319 = ORIENTED_EDGE('',*,*,#6103,.F.);
#7320 = B_SPLINE_SURFACE_WITH_KNOTS('',1,5,(
    (#7321,#7322,#7323,#7324,#7325,#7326)
    ,(#7327,#7328,#7329,#7330,#7331,#7332
    )),.UNSPECIFIED.,.F.,.F.,.F.,(2,2),(6,6),(0.,0.688737339365),(
    2.523206011703,3.211943351068),.PIECEWISE_BEZIER_KNOTS.);
#7321 = CARTESIAN_POINT('',(-12.63333333333,-21.5,-25.86338998125));
#7322 = CARTESIAN_POINT('',(-12.73600423396,-21.5,-25.95522162649));
#7323 = CARTESIAN_POINT('',(-12.83867513459,-21.5,-26.04705327174));
#7324 = CARTESIAN_POINT('',(-12.94134603522,-21.5,-26.13888491699));
#7325 = CARTESIAN_POINT('',(-13.04401693585,-21.5,-26.23071656224));
#7326 = CARTESIAN_POINT('',(-13.14668783648,-21.5,-26.32254820749));
#7327 = CARTESIAN_POINT('',(-13.3,-20.5,-25.11803398875));
#7328 = CARTESIAN_POINT('',(-13.40267090063,-20.5,-25.20986563399));
#7329 = CARTESIAN_POINT('',(-13.51585419922,-20.49991571188,
    -25.28994406101));
#7330 = CARTESIAN_POINT('',(-13.6397239315,-20.50024731612,
    -25.35807469196));
#7331 = CARTESIAN_POINT('',(-13.77486465224,-20.50202855042,
    -25.41360397472));
#7332 = CARTESIAN_POINT('',(-13.925,-20.5141225295,-25.45236875482));
#7333 = ADVANCED_FACE('',(#7334),#7352,.F.);
#7334 = FACE_BOUND('',#7335,.F.);
#7335 = EDGE_LOOP('',(#7336,#7343,#7344,#7345));
#7336 = ORIENTED_EDGE('',*,*,#7337,.F.);
#7337 = EDGE_CURVE('',#6084,#7338,#7340,.T.);
#7338 = VERTEX_POINT('',#7339);
#7339 = CARTESIAN_POINT('',(-13.3,-20.5,-22.88196601125));
#7340 = B_SPLINE_CURVE_WITH_KNOTS('',1,(#7341,#7342),.UNSPECIFIED.,.F.,
  .F.,(2,2),(0.,0.688737339365),.PIECEWISE_BEZIER_KNOTS.);
#7341 = CARTESIAN_POINT('',(-12.63333333333,-21.5,-22.13661001875));
#7342 = CARTESIAN_POINT('',(-13.3,-20.5,-22.88196601125));
#7343 = ORIENTED_EDGE('',*,*,#6094,.T.);
#7344 = ORIENTED_EDGE('',*,*,#7302,.T.);
#7345 = ORIENTED_EDGE('',*,*,#7346,.F.);
#7346 = EDGE_CURVE('',#7338,#7303,#7347,.T.);
#7347 = CIRCLE('',#7348,1.5);
#7348 = AXIS2_PLACEMENT_3D('',#7349,#7350,#7351);
#7349 = CARTESIAN_POINT('',(-14.3,-20.5,-24.));
#7350 = DIRECTION('',(2.465190328816E-32,1.,4.4E-16));
#7351 = DIRECTION('',(0.666666666667,-3.279566366999E-16,0.7453559925));
#7352 = CONICAL_SURFACE('',#7353,1.5,0.785398163397);
#7353 = AXIS2_PLACEMENT_3D('',#7354,#7355,#7356);
#7354 = CARTESIAN_POINT('',(-14.3,-20.5,-24.));
#7355 = DIRECTION('',(-0.,-1.,-4.4E-16));
#7356 = DIRECTION('',(0.666666666667,-3.279566366999E-16,0.7453559925));
#7357 = ADVANCED_FACE('',(#7358),#7378,.T.);
#7358 = FACE_BOUND('',#7359,.T.);
#7359 = EDGE_LOOP('',(#7360,#7367,#7376,#7377));
#7360 = ORIENTED_EDGE('',*,*,#7361,.T.);
#7361 = EDGE_CURVE('',#6065,#7362,#7364,.T.);
#7362 = VERTEX_POINT('',#7363);
#7363 = CARTESIAN_POINT('',(-13.925,-20.5141225295,-22.54763124517));
#7364 = B_SPLINE_CURVE_WITH_KNOTS('',1,(#7365,#7366),.UNSPECIFIED.,.F.,
  .F.,(2,2),(0.,0.545489708371),.PIECEWISE_BEZIER_KNOTS.);
#7365 = CARTESIAN_POINT('',(-13.14668783648,-21.5,-21.6774517925));
#7366 = CARTESIAN_POINT('',(-13.925,-20.5141225295,-22.54763124517));
#7367 = ORIENTED_EDGE('',*,*,#7368,.T.);
#7368 = EDGE_CURVE('',#7362,#7338,#7369,.T.);
#7369 = B_SPLINE_CURVE_WITH_KNOTS('',5,(#7370,#7371,#7372,#7373,#7374,
    #7375),.UNSPECIFIED.,.F.,.F.,(6,6),(-0.688737339365,0.),
  .PIECEWISE_BEZIER_KNOTS.);
#7370 = CARTESIAN_POINT('',(-13.925,-20.5141225295,-22.54763124517));
#7371 = CARTESIAN_POINT('',(-13.77486465224,-20.50202855042,
    -22.58639602527));
#7372 = CARTESIAN_POINT('',(-13.6397239315,-20.50024731612,
    -22.64192530804));
#7373 = CARTESIAN_POINT('',(-13.51585419922,-20.49991571188,
    -22.71005593898));
#7374 = CARTESIAN_POINT('',(-13.40267090063,-20.5,-22.790134366));
#7375 = CARTESIAN_POINT('',(-13.3,-20.5,-22.88196601125));
#7376 = ORIENTED_EDGE('',*,*,#7337,.F.);
#7377 = ORIENTED_EDGE('',*,*,#6083,.F.);
#7378 = B_SPLINE_SURFACE_WITH_KNOTS('',1,5,(
    (#7379,#7380,#7381,#7382,#7383,#7384)
    ,(#7385,#7386,#7387,#7388,#7389,#7390
    )),.UNSPECIFIED.,.F.,.F.,.F.,(2,2),(6,6),(0.,0.688737339365),(
    -0.688737339365,0.),.PIECEWISE_BEZIER_KNOTS.);
#7379 = CARTESIAN_POINT('',(-13.14668783648,-21.5,-21.6774517925));
#7380 = CARTESIAN_POINT('',(-13.04401693585,-21.5,-21.76928343775));
#7381 = CARTESIAN_POINT('',(-12.94134603522,-21.5,-21.861115083));
#7382 = CARTESIAN_POINT('',(-12.83867513459,-21.5,-21.95294672825));
#7383 = CARTESIAN_POINT('',(-12.73600423396,-21.5,-22.0447783735));
#7384 = CARTESIAN_POINT('',(-12.63333333333,-21.5,-22.13661001875));
#7385 = CARTESIAN_POINT('',(-13.925,-20.5141225295,-22.54763124517));
#7386 = CARTESIAN_POINT('',(-13.77486465224,-20.50202855042,
    -22.58639602527));
#7387 = CARTESIAN_POINT('',(-13.6397239315,-20.50024731612,
    -22.64192530804));
#7388 = CARTESIAN_POINT('',(-13.51585419922,-20.49991571188,
    -22.71005593898));
#7389 = CARTESIAN_POINT('',(-13.40267090063,-20.5,-22.790134366));
#7390 = CARTESIAN_POINT('',(-13.3,-20.5,-22.88196601125));
#7391 = ADVANCED_FACE('',(#7392),#7474,.T.);
#7392 = FACE_BOUND('',#7393,.T.);
#7393 = EDGE_LOOP('',(#7394,#7455,#7472,#7473));
#7394 = ORIENTED_EDGE('',*,*,#7395,.T.);
#7395 = EDGE_CURVE('',#6057,#7396,#7398,.T.);
#7396 = VERTEX_POINT('',#7397);
#7397 = CARTESIAN_POINT('',(-14.2938372467,-20.50616263756,
    -22.14176926074));
#7398 = B_SPLINE_CURVE_WITH_KNOTS('',7,(#7399,#7400,#7401,#7402,#7403,
    #7404,#7405,#7406,#7407,#7408,#7409,#7410,#7411,#7412,#7413,#7414,
    #7415,#7416,#7417,#7418,#7419,#7420,#7421,#7422,#7423,#7424,#7425,
    #7426,#7427,#7428,#7429,#7430,#7431,#7432,#7433,#7434,#7435,#7436,
    #7437,#7438,#7439,#7440,#7441,#7442,#7443,#7444,#7445,#7446,#7447,
    #7448,#7449,#7450,#7451,#7452,#7453,#7454),.UNSPECIFIED.,.F.,.F.,(8,
    6,6,6,6,6,6,6,6,8),(0.,0.122090666091,0.222998859912,0.430455960619,
    0.663539128059,0.819992368052,0.911426934036,0.950032735049,
    0.971235356623,1.),.UNSPECIFIED.);
#7399 = CARTESIAN_POINT('',(-13.3,-21.5,-21.54032522475));
#7400 = CARTESIAN_POINT('',(-13.31718550056,-21.48281449943,
    -21.55387233566));
#7401 = CARTESIAN_POINT('',(-13.33436806276,-21.46563193723,
    -21.56742995327));
#7402 = CARTESIAN_POINT('',(-13.35154865971,-21.44845134028,
    -21.58099459267));
#7403 = CARTESIAN_POINT('',(-13.36872826342,-21.43127173657,
    -21.59456277806));
#7404 = CARTESIAN_POINT('',(-13.3859078448,-21.41409215519,
    -21.60813104275));
#7405 = CARTESIAN_POINT('',(-13.40308837364,-21.39691162635,
    -21.62169592921));
#7406 = CARTESIAN_POINT('',(-13.43447214578,-21.36552785421,
    -21.64645975406));
#7407 = CARTESIAN_POINT('',(-13.44867478674,-21.35132521325,
    -21.65766082416));
#7408 = CARTESIAN_POINT('',(-13.46287929048,-21.33712070951,
    -21.66885524356));
#7409 = CARTESIAN_POINT('',(-13.47708621915,-21.32291378084,
    -21.68004098996));
#7410 = CARTESIAN_POINT('',(-13.49129614811,-21.30870385188,
    -21.69121597452));
#7411 = CARTESIAN_POINT('',(-13.5055096659,-21.29449033409,
    -21.70237804185));
#7412 = CARTESIAN_POINT('',(-13.54895755321,-21.25104244678,
    -21.73644193349));
#7413 = CARTESIAN_POINT('',(-13.57820529302,-21.22179470697,
    -21.75929482594));
#7414 = CARTESIAN_POINT('',(-13.60747615598,-21.19252384401,
    -21.78206395746));
#7415 = CARTESIAN_POINT('',(-13.63677571432,-21.16322428567,
    -21.80472820104));
#7416 = CARTESIAN_POINT('',(-13.66611001669,-21.1338899833,
    -21.82726321646));
#7417 = CARTESIAN_POINT('',(-13.69548605454,-21.10451394545,
    -21.84963967423));
#7418 = CARTESIAN_POINT('',(-13.75797326062,-21.04202673937,
    -21.89674328475));
#7419 = CARTESIAN_POINT('',(-13.79109480115,-21.00890519884,
    -21.92141678631));
#7420 = CARTESIAN_POINT('',(-13.82429188754,-20.97570811245,
    -21.94579436939));
#7421 = CARTESIAN_POINT('',(-13.85757948303,-20.94242051696,
    -21.969808228));
#7422 = CARTESIAN_POINT('',(-13.89097163978,-20.90902836021,
    -21.99337521443));
#7423 = CARTESIAN_POINT('',(-13.92448606788,-20.87551393211,
    -22.01637636548));
#7424 = CARTESIAN_POINT('',(-13.98075323035,-20.81924676964,
    -22.05353580887));
#7425 = CARTESIAN_POINT('',(-14.00341227677,-20.79658772323,
    -22.06810902603));
#7426 = CARTESIAN_POINT('',(-14.02615000555,-20.77384999444,
    -22.08227468177));
#7427 = CARTESIAN_POINT('',(-14.04897727879,-20.7510227212,
    -22.0959556159));
#7428 = CARTESIAN_POINT('',(-14.07190011708,-20.72809988291,
    -22.10902590621));
#7429 = CARTESIAN_POINT('',(-14.09491807198,-20.70508192802,
    -22.12132866613));
#7430 = CARTESIAN_POINT('',(-14.1315573425,-20.66844265749,
    -22.1390857271));
#7431 = CARTESIAN_POINT('',(-14.14509080259,-20.6549091974,
    -22.14525292752));
#7432 = CARTESIAN_POINT('',(-14.15866173744,-20.64133826255,
    -22.15098008356));
#7433 = CARTESIAN_POINT('',(-14.17227047504,-20.62772952495,
    -22.15618259665));
#7434 = CARTESIAN_POINT('',(-14.18589775317,-20.61410224682,
    -22.16071897203));
#7435 = CARTESIAN_POINT('',(-14.19950611053,-20.60049388946,
    -22.16441454213));
#7436 = CARTESIAN_POINT('',(-14.21875239147,-20.58124760852,
    -22.16796709596));
#7437 = CARTESIAN_POINT('',(-14.22444779696,-20.57555220304,
    -22.16880740078));
#7438 = CARTESIAN_POINT('',(-14.230121367,-20.56987863299,
    -22.16940675941));
#7439 = CARTESIAN_POINT('',(-14.23576359904,-20.56423640095,
    -22.16973212461));
#7440 = CARTESIAN_POINT('',(-14.24135866776,-20.55864133223,
    -22.16974233741));
#7441 = CARTESIAN_POINT('',(-14.24688411356,-20.55311588643,
    -22.16938647792));
#7442 = CARTESIAN_POINT('',(-14.25529076387,-20.54470923612,
    -22.16817149311));
#7443 = CARTESIAN_POINT('',(-14.25824017666,-20.54175982333,
    -22.16761162471));
#7444 = CARTESIAN_POINT('',(-14.26115360375,-20.53884639624,
    -22.16691249026));
#7445 = CARTESIAN_POINT('',(-14.264024067,-20.53597593299,
    -22.16606290436));
#7446 = CARTESIAN_POINT('',(-14.26684297028,-20.53315702971,
    -22.16505120568));
#7447 = CARTESIAN_POINT('',(-14.26960029398,-20.53039970601,
    -22.16386584581));
#7448 = CARTESIAN_POINT('',(-14.27592672383,-20.52407327616,
    -22.16063754017));
#7449 = CARTESIAN_POINT('',(-14.2794371766,-20.52056282339,
    -22.15843802683));
#7450 = CARTESIAN_POINT('',(-14.28278335841,-20.51721664158,
    -22.15587290813));
#7451 = CARTESIAN_POINT('',(-14.28592886843,-20.51407113156,
    -22.15292186866));
#7452 = CARTESIAN_POINT('',(-14.2888381834,-20.51116181659,
    -22.14957617147));
#7453 = CARTESIAN_POINT('',(-14.29148114667,-20.50851885332,
    -22.1458460221));
#7454 = CARTESIAN_POINT('',(-14.29383745721,-20.50616254279,
    -22.14176793243));
#7455 = ORIENTED_EDGE('',*,*,#7456,.T.);
#7456 = EDGE_CURVE('',#7396,#7362,#7457,.T.);
#7457 = B_SPLINE_CURVE_WITH_KNOTS('',7,(#7458,#7459,#7460,#7461,#7462,
    #7463,#7464,#7465,#7466,#7467,#7468,#7469,#7470,#7471),
  .UNSPECIFIED.,.F.,.F.,(8,6,8),(-1.263783705276,-1.234227047735,
    -0.688737339365),.UNSPECIFIED.);
#7458 = CARTESIAN_POINT('',(-14.29980573934,-20.503475458,
    -22.10410725206));
#7459 = CARTESIAN_POINT('',(-14.29895309753,-20.5038593408,
    -22.10948753902));
#7460 = CARTESIAN_POINT('',(-14.29810045573,-20.50424322359,
    -22.11486782597));
#7461 = CARTESIAN_POINT('',(-14.29724781392,-20.50462710638,
    -22.12024811293));
#7462 = CARTESIAN_POINT('',(-14.29639517212,-20.50501098918,
    -22.12562839988));
#7463 = CARTESIAN_POINT('',(-14.29554253031,-20.50539487197,
    -22.13100868683));
#7464 = CARTESIAN_POINT('',(-14.29468988851,-20.50577875477,
    -22.13638897379));
#7465 = CARTESIAN_POINT('',(-14.27810111926,-20.51324747498,
    -22.24106638721));
#7466 = CARTESIAN_POINT('',(-14.24227853725,-20.52165262846,
    -22.31790617475));
#7467 = CARTESIAN_POINT('',(-14.19857796958,-20.52631179886,
    -22.38593810656));
#7468 = CARTESIAN_POINT('',(-14.14403869813,-20.52826565855,
    -22.44185199915));
#7469 = CARTESIAN_POINT('',(-14.08150524606,-20.52630358024,
    -22.4888281261));
#7470 = CARTESIAN_POINT('',(-14.00993522689,-20.52096438835,
    -22.52570106388));
#7471 = CARTESIAN_POINT('',(-13.925,-20.5141225295,-22.54763124517));
#7472 = ORIENTED_EDGE('',*,*,#7361,.F.);
#7473 = ORIENTED_EDGE('',*,*,#6064,.F.);
#7474 = B_SPLINE_SURFACE_WITH_KNOTS('',1,7,(
    (#7475,#7476,#7477,#7478,#7479,#7480,#7481,#7482,#7483,#7484,#7485
      ,#7486,#7487,#7488)
    ,(#7489,#7490,#7491,#7492,#7493,#7494,#7495,#7496,#7497,#7498,#7499
      ,#7500,#7501,#7502
    )),.UNSPECIFIED.,.F.,.F.,.F.,(2,2),(8,6,8),(0.,0.545489708371),(
    -1.263783705276,-1.234227047735,-0.688737339365),.UNSPECIFIED.);
#7475 = CARTESIAN_POINT('',(-13.58176426329,-21.5,-21.2883076062));
#7476 = CARTESIAN_POINT('',(-13.57677075246,-21.5,-21.29277393807));
#7477 = CARTESIAN_POINT('',(-13.5720849641,-21.5,-21.29696503459));
#7478 = CARTESIAN_POINT('',(-13.56770689822,-21.5,-21.30088089576));
#7479 = CARTESIAN_POINT('',(-13.56363655481,-21.5,-21.30452152157));
#7480 = CARTESIAN_POINT('',(-13.55987393389,-21.5,-21.30788691204));
#7481 = CARTESIAN_POINT('',(-13.55641903544,-21.5,-21.31097706716));
#7482 = CARTESIAN_POINT('',(-13.49518842761,-21.5,-21.36574338772));
#7483 = CARTESIAN_POINT('',(-13.43710499575,-21.5,-21.41769478852));
#7484 = CARTESIAN_POINT('',(-13.3790215639,-21.5,-21.46964618931));
#7485 = CARTESIAN_POINT('',(-13.32093813205,-21.5,-21.52159759011));
#7486 = CARTESIAN_POINT('',(-13.26285470019,-21.5,-21.57354899091));
#7487 = CARTESIAN_POINT('',(-13.20477126834,-21.5,-21.62550039171));
#7488 = CARTESIAN_POINT('',(-13.14668783648,-21.5,-21.6774517925));
#7489 = CARTESIAN_POINT('',(-14.29980573934,-20.503475458,
    -22.10410725206));
#7490 = CARTESIAN_POINT('',(-14.29895309753,-20.5038593408,
    -22.10948753902));
#7491 = CARTESIAN_POINT('',(-14.29810045573,-20.50424322359,
    -22.11486782597));
#7492 = CARTESIAN_POINT('',(-14.29724781392,-20.50462710638,
    -22.12024811293));
#7493 = CARTESIAN_POINT('',(-14.29639517212,-20.50501098918,
    -22.12562839988));
#7494 = CARTESIAN_POINT('',(-14.29554253031,-20.50539487197,
    -22.13100868683));
#7495 = CARTESIAN_POINT('',(-14.29468988851,-20.50577875477,
    -22.13638897379));
#7496 = CARTESIAN_POINT('',(-14.27810111926,-20.51324747498,
    -22.24106638721));
#7497 = CARTESIAN_POINT('',(-14.24227853725,-20.52165262846,
    -22.31790617475));
#7498 = CARTESIAN_POINT('',(-14.19857796958,-20.52631179886,
    -22.38593810656));
#7499 = CARTESIAN_POINT('',(-14.14403869813,-20.52826565855,
    -22.44185199915));
#7500 = CARTESIAN_POINT('',(-14.08150524606,-20.52630358024,
    -22.4888281261));
#7501 = CARTESIAN_POINT('',(-14.00993522689,-20.52096438835,
    -22.52570106388));
#7502 = CARTESIAN_POINT('',(-13.925,-20.5141225295,-22.54763124517));
#7503 = ADVANCED_FACE('',(#7504),#7531,.T.);
#7504 = FACE_BOUND('',#7505,.F.);
#7505 = EDGE_LOOP('',(#7506,#7514,#7515,#7516,#7525));
#7506 = ORIENTED_EDGE('',*,*,#7507,.F.);
#7507 = EDGE_CURVE('',#6049,#7508,#7510,.T.);
#7508 = VERTEX_POINT('',#7509);
#7509 = CARTESIAN_POINT('',(-14.3,-20.5,-21.3));
#7510 = LINE('',#7511,#7512);
#7511 = CARTESIAN_POINT('',(-14.33333333333,-20.46666666666,
    -21.33333333333));
#7512 = VECTOR('',#7513,1.);
#7513 = DIRECTION('',(-0.57735026919,0.57735026919,-0.57735026919));
#7514 = ORIENTED_EDGE('',*,*,#6056,.T.);
#7515 = ORIENTED_EDGE('',*,*,#7395,.T.);
#7516 = ORIENTED_EDGE('',*,*,#7517,.F.);
#7517 = EDGE_CURVE('',#7518,#7396,#7520,.T.);
#7518 = VERTEX_POINT('',#7519);
#7519 = CARTESIAN_POINT('',(-14.3,-20.5,-22.06350832689));
#7520 = ELLIPSE('',#7521,0.707106781187,0.5);
#7521 = AXIS2_PLACEMENT_3D('',#7522,#7523,#7524);
#7522 = CARTESIAN_POINT('',(-13.8,-21.,-22.06350832689));
#7523 = DIRECTION('',(-0.707106781187,-0.707106781187,0.));
#7524 = DIRECTION('',(0.707106781187,-0.707106781187,-9.4E-16));
#7525 = ORIENTED_EDGE('',*,*,#7526,.F.);
#7526 = EDGE_CURVE('',#7508,#7518,#7527,.T.);
#7527 = LINE('',#7528,#7529);
#7528 = CARTESIAN_POINT('',(-14.3,-20.5,-21.3));
#7529 = VECTOR('',#7530,1.);
#7530 = DIRECTION('',(0.,6.7E-16,-1.));
#7531 = PLANE('',#7532);
#7532 = AXIS2_PLACEMENT_3D('',#7533,#7534,#7535);
#7533 = CARTESIAN_POINT('',(-13.8,-21.,-21.3));
#7534 = DIRECTION('',(-0.707106781187,-0.707106781187,0.));
#7535 = DIRECTION('',(3.3E-16,-3.3E-16,1.));
#7536 = ADVANCED_FACE('',(#7537),#7555,.T.);
#7537 = FACE_BOUND('',#7538,.F.);
#7538 = EDGE_LOOP('',(#7539,#7547,#7548,#7549));
#7539 = ORIENTED_EDGE('',*,*,#7540,.F.);
#7540 = EDGE_CURVE('',#6041,#7541,#7543,.T.);
#7541 = VERTEX_POINT('',#7542);
#7542 = CARTESIAN_POINT('',(-16.5,-20.5,-21.3));
#7543 = LINE('',#7544,#7545);
#7544 = CARTESIAN_POINT('',(-15.93333333333,-19.93333333333,
    -21.86666666666));
#7545 = VECTOR('',#7546,1.);
#7546 = DIRECTION('',(0.57735026919,0.57735026919,-0.57735026919));
#7547 = ORIENTED_EDGE('',*,*,#6048,.T.);
#7548 = ORIENTED_EDGE('',*,*,#7507,.T.);
#7549 = ORIENTED_EDGE('',*,*,#7550,.F.);
#7550 = EDGE_CURVE('',#7541,#7508,#7551,.T.);
#7551 = LINE('',#7552,#7553);
#7552 = CARTESIAN_POINT('',(-16.5,-20.5,-21.3));
#7553 = VECTOR('',#7554,1.);
#7554 = DIRECTION('',(1.,0.,0.));
#7555 = PLANE('',#7556);
#7556 = AXIS2_PLACEMENT_3D('',#7557,#7558,#7559);
#7557 = CARTESIAN_POINT('',(-16.5,-21.,-20.8));
#7558 = DIRECTION('',(0.,-0.707106781187,-0.707106781187));
#7559 = DIRECTION('',(-1.,-0.,-0.));
#7560 = ADVANCED_FACE('',(#7561),#7579,.T.);
#7561 = FACE_BOUND('',#7562,.F.);
#7562 = EDGE_LOOP('',(#7563,#7571,#7572,#7573));
#7563 = ORIENTED_EDGE('',*,*,#7564,.F.);
#7564 = EDGE_CURVE('',#6033,#7565,#7567,.T.);
#7565 = VERTEX_POINT('',#7566);
#7566 = CARTESIAN_POINT('',(-16.5,-20.5,-26.7));
#7567 = LINE('',#7568,#7569);
#7568 = CARTESIAN_POINT('',(-16.46666666666,-20.46666666666,
    -26.66666666666));
#7569 = VECTOR('',#7570,1.);
#7570 = DIRECTION('',(0.57735026919,0.57735026919,0.57735026919));
#7571 = ORIENTED_EDGE('',*,*,#6040,.T.);
#7572 = ORIENTED_EDGE('',*,*,#7540,.T.);
#7573 = ORIENTED_EDGE('',*,*,#7574,.F.);
#7574 = EDGE_CURVE('',#7565,#7541,#7575,.T.);
#7575 = LINE('',#7576,#7577);
#7576 = CARTESIAN_POINT('',(-16.5,-20.5,-26.7));
#7577 = VECTOR('',#7578,1.);
#7578 = DIRECTION('',(0.,-6.7E-16,1.));
#7579 = PLANE('',#7580);
#7580 = AXIS2_PLACEMENT_3D('',#7581,#7582,#7583);
#7581 = CARTESIAN_POINT('',(-17.,-21.,-26.7));
#7582 = DIRECTION('',(0.707106781187,-0.707106781187,0.));
#7583 = DIRECTION('',(3.3E-16,3.3E-16,-1.));
#7584 = ADVANCED_FACE('',(#7585),#7603,.T.);
#7585 = FACE_BOUND('',#7586,.F.);
#7586 = EDGE_LOOP('',(#7587,#7595,#7596,#7597));
#7587 = ORIENTED_EDGE('',*,*,#7588,.F.);
#7588 = EDGE_CURVE('',#6025,#7589,#7591,.T.);
#7589 = VERTEX_POINT('',#7590);
#7590 = CARTESIAN_POINT('',(-14.3,-20.5,-26.7));
#7591 = LINE('',#7592,#7593);
#7592 = CARTESIAN_POINT('',(-14.86666666666,-19.93333333333,
    -26.13333333333));
#7593 = VECTOR('',#7594,1.);
#7594 = DIRECTION('',(-0.57735026919,0.57735026919,0.57735026919));
#7595 = ORIENTED_EDGE('',*,*,#6032,.T.);
#7596 = ORIENTED_EDGE('',*,*,#7564,.T.);
#7597 = ORIENTED_EDGE('',*,*,#7598,.F.);
#7598 = EDGE_CURVE('',#7589,#7565,#7599,.T.);
#7599 = LINE('',#7600,#7601);
#7600 = CARTESIAN_POINT('',(-14.3,-20.5,-26.7));
#7601 = VECTOR('',#7602,1.);
#7602 = DIRECTION('',(-1.,0.,0.));
#7603 = PLANE('',#7604);
#7604 = AXIS2_PLACEMENT_3D('',#7605,#7606,#7607);
#7605 = CARTESIAN_POINT('',(-14.3,-21.,-27.2));
#7606 = DIRECTION('',(0.,-0.707106781187,0.707106781187));
#7607 = DIRECTION('',(1.,0.,0.));
#7608 = ADVANCED_FACE('',(#7609),#7629,.T.);
#7609 = FACE_BOUND('',#7610,.F.);
#7610 = EDGE_LOOP('',(#7611,#7620,#7621,#7622,#7623));
#7611 = ORIENTED_EDGE('',*,*,#7612,.F.);
#7612 = EDGE_CURVE('',#7192,#7613,#7615,.T.);
#7613 = VERTEX_POINT('',#7614);
#7614 = CARTESIAN_POINT('',(-14.3,-20.5,-25.9364916731));
#7615 = ELLIPSE('',#7616,0.707106781187,0.5);
#7616 = AXIS2_PLACEMENT_3D('',#7617,#7618,#7619);
#7617 = CARTESIAN_POINT('',(-13.8,-21.,-25.9364916731));
#7618 = DIRECTION('',(-0.707106781187,-0.707106781187,0.));
#7619 = DIRECTION('',(0.707106781187,-0.707106781187,-9.4E-16));
#7620 = ORIENTED_EDGE('',*,*,#7210,.F.);
#7621 = ORIENTED_EDGE('',*,*,#6024,.T.);
#7622 = ORIENTED_EDGE('',*,*,#7588,.T.);
#7623 = ORIENTED_EDGE('',*,*,#7624,.F.);
#7624 = EDGE_CURVE('',#7613,#7589,#7625,.T.);
#7625 = LINE('',#7626,#7627);
#7626 = CARTESIAN_POINT('',(-14.3,-20.5,-21.3));
#7627 = VECTOR('',#7628,1.);
#7628 = DIRECTION('',(0.,6.7E-16,-1.));
#7629 = PLANE('',#7630);
#7630 = AXIS2_PLACEMENT_3D('',#7631,#7632,#7633);
#7631 = CARTESIAN_POINT('',(-13.8,-21.,-21.3));
#7632 = DIRECTION('',(-0.707106781187,-0.707106781187,0.));
#7633 = DIRECTION('',(3.3E-16,-3.3E-16,1.));
#7634 = ADVANCED_FACE('',(#7635),#7660,.T.);
#7635 = FACE_BOUND('',#7636,.F.);
#7636 = EDGE_LOOP('',(#7637,#7645,#7646,#7654));
#7637 = ORIENTED_EDGE('',*,*,#7638,.F.);
#7638 = EDGE_CURVE('',#6115,#7639,#7641,.T.);
#7639 = VERTEX_POINT('',#7640);
#7640 = CARTESIAN_POINT('',(16.5,-20.5,26.7));
#7641 = LINE('',#7642,#7643);
#7642 = CARTESIAN_POINT('',(16.466666666667,-20.46666666666,
    26.666666666667));
#7643 = VECTOR('',#7644,1.);
#7644 = DIRECTION('',(-0.57735026919,0.57735026919,-0.57735026919));
#7645 = ORIENTED_EDGE('',*,*,#6114,.T.);
#7646 = ORIENTED_EDGE('',*,*,#7647,.T.);
#7647 = EDGE_CURVE('',#6117,#7648,#7650,.T.);
#7648 = VERTEX_POINT('',#7649);
#7649 = CARTESIAN_POINT('',(16.5,-20.5,21.3));
#7650 = LINE('',#7651,#7652);
#7651 = CARTESIAN_POINT('',(15.933333333333,-19.93333333333,
    21.866666666667));
#7652 = VECTOR('',#7653,1.);
#7653 = DIRECTION('',(-0.57735026919,0.57735026919,0.57735026919));
#7654 = ORIENTED_EDGE('',*,*,#7655,.F.);
#7655 = EDGE_CURVE('',#7639,#7648,#7656,.T.);
#7656 = LINE('',#7657,#7658);
#7657 = CARTESIAN_POINT('',(16.5,-20.5,26.7));
#7658 = VECTOR('',#7659,1.);
#7659 = DIRECTION('',(0.,6.7E-16,-1.));
#7660 = PLANE('',#7661);
#7661 = AXIS2_PLACEMENT_3D('',#7662,#7663,#7664);
#7662 = CARTESIAN_POINT('',(17.,-21.,26.7));
#7663 = DIRECTION('',(-0.707106781187,-0.707106781187,0.));
#7664 = DIRECTION('',(3.3E-16,-3.3E-16,1.));
#7665 = ADVANCED_FACE('',(#7666),#7684,.T.);
#7666 = FACE_BOUND('',#7667,.F.);
#7667 = EDGE_LOOP('',(#7668,#7676,#7677,#7678));
#7668 = ORIENTED_EDGE('',*,*,#7669,.F.);
#7669 = EDGE_CURVE('',#6210,#7670,#7672,.T.);
#7670 = VERTEX_POINT('',#7671);
#7671 = CARTESIAN_POINT('',(14.3,-20.5,26.7));
#7672 = LINE('',#7673,#7674);
#7673 = CARTESIAN_POINT('',(14.866666666667,-19.93333333333,
    26.133333333333));
#7674 = VECTOR('',#7675,1.);
#7675 = DIRECTION('',(0.57735026919,0.57735026919,-0.57735026919));
#7676 = ORIENTED_EDGE('',*,*,#6217,.T.);
#7677 = ORIENTED_EDGE('',*,*,#7638,.T.);
#7678 = ORIENTED_EDGE('',*,*,#7679,.F.);
#7679 = EDGE_CURVE('',#7670,#7639,#7680,.T.);
#7680 = LINE('',#7681,#7682);
#7681 = CARTESIAN_POINT('',(14.3,-20.5,26.7));
#7682 = VECTOR('',#7683,1.);
#7683 = DIRECTION('',(1.,0.,0.));
#7684 = PLANE('',#7685);
#7685 = AXIS2_PLACEMENT_3D('',#7686,#7687,#7688);
#7686 = CARTESIAN_POINT('',(14.3,-21.,27.2));
#7687 = DIRECTION('',(0.,-0.707106781187,-0.707106781187));
#7688 = DIRECTION('',(-1.,-0.,-0.));
#7689 = ADVANCED_FACE('',(#7690),#7770,.T.);
#7690 = FACE_BOUND('',#7691,.F.);
#7691 = EDGE_LOOP('',(#7692,#7703,#7762,#7763,#7764));
#7692 = ORIENTED_EDGE('',*,*,#7693,.F.);
#7693 = EDGE_CURVE('',#7694,#7696,#7698,.T.);
#7694 = VERTEX_POINT('',#7695);
#7695 = CARTESIAN_POINT('',(14.29383724669,-20.50616263757,
    25.858230739161));
#7696 = VERTEX_POINT('',#7697);
#7697 = CARTESIAN_POINT('',(14.29999999999,-20.5,25.936497976079));
#7698 = ELLIPSE('',#7699,0.707106781187,0.5);
#7699 = AXIS2_PLACEMENT_3D('',#7700,#7701,#7702);
#7700 = CARTESIAN_POINT('',(13.8,-21.,25.936491673104));
#7701 = DIRECTION('',(0.707106781187,-0.707106781187,0.));
#7702 = DIRECTION('',(-0.707106781187,-0.707106781187,-9.4E-16));
#7703 = ORIENTED_EDGE('',*,*,#7704,.F.);
#7704 = EDGE_CURVE('',#6191,#7694,#7705,.T.);
#7705 = B_SPLINE_CURVE_WITH_KNOTS('',7,(#7706,#7707,#7708,#7709,#7710,
    #7711,#7712,#7713,#7714,#7715,#7716,#7717,#7718,#7719,#7720,#7721,
    #7722,#7723,#7724,#7725,#7726,#7727,#7728,#7729,#7730,#7731,#7732,
    #7733,#7734,#7735,#7736,#7737,#7738,#7739,#7740,#7741,#7742,#7743,
    #7744,#7745,#7746,#7747,#7748,#7749,#7750,#7751,#7752,#7753,#7754,
    #7755,#7756,#7757,#7758,#7759,#7760,#7761),.UNSPECIFIED.,.F.,.F.,(8,
    6,6,6,6,6,6,6,6,8),(0.,0.12209066611,0.222998859931,0.430455960637,
    0.663539128076,0.819992368069,0.911426934049,0.950032735053,
    0.971235356624,1.),.UNSPECIFIED.);
#7706 = CARTESIAN_POINT('',(13.3,-21.5,26.45967477525));
#7707 = CARTESIAN_POINT('',(13.317185500565,-21.48281449943,
    26.446127664331));
#7708 = CARTESIAN_POINT('',(13.334368062766,-21.46563193723,
    26.432570046717));
#7709 = CARTESIAN_POINT('',(13.35154865972,-21.44845134028,
    26.419005407319));
#7710 = CARTESIAN_POINT('',(13.368728263436,-21.43127173656,
    26.405437221931));
#7711 = CARTESIAN_POINT('',(13.385907844818,-21.41409215518,
    26.39186895723));
#7712 = CARTESIAN_POINT('',(13.403088373663,-21.39691162633,
    26.378304070774));
#7713 = CARTESIAN_POINT('',(13.434472145807,-21.36552785419,
    26.353540245922));
#7714 = CARTESIAN_POINT('',(13.448674786767,-21.35132521323,
    26.342339175817));
#7715 = CARTESIAN_POINT('',(13.462879290504,-21.33712070949,
    26.331144756422));
#7716 = CARTESIAN_POINT('',(13.477086219174,-21.32291378082,
    26.319959010022));
#7717 = CARTESIAN_POINT('',(13.491296148131,-21.30870385186,
    26.308784025459));
#7718 = CARTESIAN_POINT('',(13.505509665927,-21.29449033407,
    26.29762195813));
#7719 = CARTESIAN_POINT('',(13.548957553233,-21.25104244676,
    26.263558066492));
#7720 = CARTESIAN_POINT('',(13.578205293044,-21.22179470695,
    26.240705174043));
#7721 = CARTESIAN_POINT('',(13.607476156001,-21.19252384399,
    26.21793604252));
#7722 = CARTESIAN_POINT('',(13.636775714343,-21.16322428565,
    26.195271798941));
#7723 = CARTESIAN_POINT('',(13.66611001671,-21.13388998329,
    26.172736783525));
#7724 = CARTESIAN_POINT('',(13.695486054565,-21.10451394543,
    26.15036032575));
#7725 = CARTESIAN_POINT('',(13.757973260646,-21.04202673935,
    26.10325671523));
#7726 = CARTESIAN_POINT('',(13.791094801179,-21.00890519882,
    26.078583213667));
#7727 = CARTESIAN_POINT('',(13.824291887561,-20.97570811243,
    26.054205630589));
#7728 = CARTESIAN_POINT('',(13.857579483059,-20.94242051694,
    26.030191771979));
#7729 = CARTESIAN_POINT('',(13.890971639803,-20.90902836019,
    26.006624785549));
#7730 = CARTESIAN_POINT('',(13.924486067901,-20.87551393209,
    25.983623634501));
#7731 = CARTESIAN_POINT('',(13.980753230373,-20.81924676962,
    25.946464191111));
#7732 = CARTESIAN_POINT('',(14.003412276791,-20.7965877232,
    25.93189097395));
#7733 = CARTESIAN_POINT('',(14.026150005575,-20.77384999442,
    25.917725318218));
#7734 = CARTESIAN_POINT('',(14.048977278816,-20.75102272118,
    25.904044384087));
#7735 = CARTESIAN_POINT('',(14.071900117105,-20.72809988289,
    25.890974093778));
#7736 = CARTESIAN_POINT('',(14.094918072,-20.705081928,25.878671333854)
  );
#7737 = CARTESIAN_POINT('',(14.131557342529,-20.66844265747,
    25.860914272888));
#7738 = CARTESIAN_POINT('',(14.14509080261,-20.65490919739,
    25.854747072467));
#7739 = CARTESIAN_POINT('',(14.158661737465,-20.64133826253,
    25.849019916433));
#7740 = CARTESIAN_POINT('',(14.172270475063,-20.62772952493,
    25.843817403343));
#7741 = CARTESIAN_POINT('',(14.185897753196,-20.6141022468,
    25.83928102796));
#7742 = CARTESIAN_POINT('',(14.199506110551,-20.60049388944,
    25.835585457858));
#7743 = CARTESIAN_POINT('',(14.218752391488,-20.58124760851,
    25.832032904035));
#7744 = CARTESIAN_POINT('',(14.224447796974,-20.57555220302,
    25.831192599217));
#7745 = CARTESIAN_POINT('',(14.23012136702,-20.56987863298,
    25.830593240586));
#7746 = CARTESIAN_POINT('',(14.23576359906,-20.56423640094,
    25.830267875391));
#7747 = CARTESIAN_POINT('',(14.24135866778,-20.55864133222,
    25.83025766259));
#7748 = CARTESIAN_POINT('',(14.246884113579,-20.55311588642,
    25.830613522074));
#7749 = CARTESIAN_POINT('',(14.25529076388,-20.54470923612,
    25.831828506884));
#7750 = CARTESIAN_POINT('',(14.258240176675,-20.54175982332,
    25.832388375289));
#7751 = CARTESIAN_POINT('',(14.261153603764,-20.53884639623,
    25.833087509737));
#7752 = CARTESIAN_POINT('',(14.264024067012,-20.53597593298,
    25.833937095635));
#7753 = CARTESIAN_POINT('',(14.266842970294,-20.5331570297,
    25.834948794316));
#7754 = CARTESIAN_POINT('',(14.269600293994,-20.530399706,25.83613415419
    ));
#7755 = CARTESIAN_POINT('',(14.275926723837,-20.52407327616,
    25.839362459832));
#7756 = CARTESIAN_POINT('',(14.279437176609,-20.52056282339,
    25.841561973173));
#7757 = CARTESIAN_POINT('',(14.282783358421,-20.51721664157,
    25.84412709187));
#7758 = CARTESIAN_POINT('',(14.28592886844,-20.51407113156,
    25.847078131342));
#7759 = CARTESIAN_POINT('',(14.288838183409,-20.51116181659,
    25.850423828523));
#7760 = CARTESIAN_POINT('',(14.291481146674,-20.50851885332,
    25.854153977904));
#7761 = CARTESIAN_POINT('',(14.29383745721,-20.50616254279,
    25.858232067571));
#7762 = ORIENTED_EDGE('',*,*,#6209,.T.);
#7763 = ORIENTED_EDGE('',*,*,#7669,.T.);
#7764 = ORIENTED_EDGE('',*,*,#7765,.F.);
#7765 = EDGE_CURVE('',#7696,#7670,#7766,.T.);
#7766 = LINE('',#7767,#7768);
#7767 = CARTESIAN_POINT('',(14.3,-20.5,21.3));
#7768 = VECTOR('',#7769,1.);
#7769 = DIRECTION('',(0.,-6.7E-16,1.));
#7770 = PLANE('',#7771);
#7771 = AXIS2_PLACEMENT_3D('',#7772,#7773,#7774);
#7772 = CARTESIAN_POINT('',(13.8,-21.,21.3));
#7773 = DIRECTION('',(0.707106781187,-0.707106781187,0.));
#7774 = DIRECTION('',(3.3E-16,3.3E-16,-1.));
#7775 = ADVANCED_FACE('',(#7776),#7804,.T.);
#7776 = FACE_BOUND('',#7777,.T.);
#7777 = EDGE_LOOP('',(#7778,#7785,#7802,#7803));
#7778 = ORIENTED_EDGE('',*,*,#7779,.T.);
#7779 = EDGE_CURVE('',#6180,#7780,#7782,.T.);
#7780 = VERTEX_POINT('',#7781);
#7781 = CARTESIAN_POINT('',(13.925,-20.5141225295,25.452368754828));
#7782 = B_SPLINE_CURVE_WITH_KNOTS('',1,(#7783,#7784),.UNSPECIFIED.,.F.,
  .F.,(2,2),(0.,0.688737339364),.PIECEWISE_BEZIER_KNOTS.);
#7783 = CARTESIAN_POINT('',(13.146687836487,-21.5,26.322548207493));
#7784 = CARTESIAN_POINT('',(13.925,-20.5141225295,25.452368754828));
#7785 = ORIENTED_EDGE('',*,*,#7786,.T.);
#7786 = EDGE_CURVE('',#7780,#7694,#7787,.T.);
#7787 = B_SPLINE_CURVE_WITH_KNOTS('',7,(#7788,#7789,#7790,#7791,#7792,
    #7793,#7794,#7795,#7796,#7797,#7798,#7799,#7800,#7801),
  .UNSPECIFIED.,.F.,.F.,(8,6,8),(3.211943351068,3.757433059368,
    3.786989716913),.UNSPECIFIED.);
#7788 = CARTESIAN_POINT('',(13.925,-20.5141225295,25.452368754828));
#7789 = CARTESIAN_POINT('',(14.009935226883,-20.52096438835,
    25.474298936109));
#7790 = CARTESIAN_POINT('',(14.081505246048,-20.52630358024,
    25.511171873887));
#7791 = CARTESIAN_POINT('',(14.144038698106,-20.52826565855,
    25.558148000828));
#7792 = CARTESIAN_POINT('',(14.198577969553,-20.52631179887,
    25.61406189341));
#7793 = CARTESIAN_POINT('',(14.242278537225,-20.52165262847,
    25.682093825202));
#7794 = CARTESIAN_POINT('',(14.278101119241,-20.51324747499,
    25.758933612722));
#7795 = CARTESIAN_POINT('',(14.294689888496,-20.50577875477,
    25.863611026116));
#7796 = CARTESIAN_POINT('',(14.295542530302,-20.50539487198,
    25.86899131307));
#7797 = CARTESIAN_POINT('',(14.296395172108,-20.50501098918,
    25.874371600025));
#7798 = CARTESIAN_POINT('',(14.297247813914,-20.50462710639,
    25.879751886979));
#7799 = CARTESIAN_POINT('',(14.298100455721,-20.5042432236,
    25.885132173934));
#7800 = CARTESIAN_POINT('',(14.298953097527,-20.5038593408,
    25.890512460888));
#7801 = CARTESIAN_POINT('',(14.299805739333,-20.50347545801,
    25.895892747843));
#7802 = ORIENTED_EDGE('',*,*,#7704,.F.);
#7803 = ORIENTED_EDGE('',*,*,#6190,.F.);
#7804 = B_SPLINE_SURFACE_WITH_KNOTS('',1,7,(
    (#7805,#7806,#7807,#7808,#7809,#7810,#7811,#7812,#7813,#7814,#7815
      ,#7816,#7817,#7818)
    ,(#7819,#7820,#7821,#7822,#7823,#7824,#7825,#7826,#7827,#7828,#7829
      ,#7830,#7831,#7832
    )),.UNSPECIFIED.,.F.,.F.,.F.,(2,2),(8,6,8),(0.,0.5454897083),(
    3.211943351068,3.757433059368,3.786989716913),.UNSPECIFIED.);
#7805 = CARTESIAN_POINT('',(13.146687836487,-21.5,26.322548207493));
#7806 = CARTESIAN_POINT('',(13.204771268334,-21.5,26.374499608283));
#7807 = CARTESIAN_POINT('',(13.262854700181,-21.5,26.426451009074));
#7808 = CARTESIAN_POINT('',(13.320938132027,-21.49999999999,
    26.478402409863));
#7809 = CARTESIAN_POINT('',(13.379021563875,-21.5,26.530353810655));
#7810 = CARTESIAN_POINT('',(13.437104995721,-21.5,26.582305211445));
#7811 = CARTESIAN_POINT('',(13.495188427569,-21.5,26.634256612236));
#7812 = CARTESIAN_POINT('',(13.55641903539,-21.5,26.689022932792));
#7813 = CARTESIAN_POINT('',(13.55987393384,-21.5,26.692113087909));
#7814 = CARTESIAN_POINT('',(13.563636554767,-21.5,26.695478478375));
#7815 = CARTESIAN_POINT('',(13.567706898171,-21.5,26.699119104192));
#7816 = CARTESIAN_POINT('',(13.572084964051,-21.5,26.703034965359));
#7817 = CARTESIAN_POINT('',(13.576770752408,-21.5,26.707226061877));
#7818 = CARTESIAN_POINT('',(13.581764263241,-21.5,26.711692393744));
#7819 = CARTESIAN_POINT('',(13.925,-20.5141225295,25.452368754828));
#7820 = CARTESIAN_POINT('',(14.009935226883,-20.52096438835,
    25.474298936109));
#7821 = CARTESIAN_POINT('',(14.081505246048,-20.52630358024,
    25.511171873887));
#7822 = CARTESIAN_POINT('',(14.144038698106,-20.52826565855,
    25.558148000828));
#7823 = CARTESIAN_POINT('',(14.198577969553,-20.52631179887,
    25.61406189341));
#7824 = CARTESIAN_POINT('',(14.242278537225,-20.52165262847,
    25.682093825202));
#7825 = CARTESIAN_POINT('',(14.278101119241,-20.51324747499,
    25.758933612722));
#7826 = CARTESIAN_POINT('',(14.294689888496,-20.50577875477,
    25.863611026116));
#7827 = CARTESIAN_POINT('',(14.295542530302,-20.50539487198,
    25.86899131307));
#7828 = CARTESIAN_POINT('',(14.296395172108,-20.50501098918,
    25.874371600025));
#7829 = CARTESIAN_POINT('',(14.297247813914,-20.50462710639,
    25.879751886979));
#7830 = CARTESIAN_POINT('',(14.298100455721,-20.5042432236,
    25.885132173934));
#7831 = CARTESIAN_POINT('',(14.298953097527,-20.5038593408,
    25.890512460888));
#7832 = CARTESIAN_POINT('',(14.299805739333,-20.50347545801,
    25.895892747843));
#7833 = ADVANCED_FACE('',(#7834),#7855,.T.);
#7834 = FACE_BOUND('',#7835,.T.);
#7835 = EDGE_LOOP('',(#7836,#7844,#7853,#7854));
#7836 = ORIENTED_EDGE('',*,*,#7837,.T.);
#7837 = EDGE_CURVE('',#6171,#7838,#7840,.T.);
#7838 = VERTEX_POINT('',#7839);
#7839 = CARTESIAN_POINT('',(13.3,-20.5,25.11803398875));
#7840 = LINE('',#7841,#7842);
#7841 = CARTESIAN_POINT('',(13.3,-20.5,25.11803398875));
#7842 = VECTOR('',#7843,1.);
#7843 = DIRECTION('',(0.471404520791,0.707106781187,-0.527046276695));
#7844 = ORIENTED_EDGE('',*,*,#7845,.T.);
#7845 = EDGE_CURVE('',#7838,#7780,#7846,.T.);
#7846 = B_SPLINE_CURVE_WITH_KNOTS('',5,(#7847,#7848,#7849,#7850,#7851,
    #7852),.UNSPECIFIED.,.F.,.F.,(6,6),(2.523206011704,3.211943351068),
  .PIECEWISE_BEZIER_KNOTS.);
#7847 = CARTESIAN_POINT('',(13.3,-20.5,25.11803398875));
#7848 = CARTESIAN_POINT('',(13.402670900631,-20.5,25.209865633999));
#7849 = CARTESIAN_POINT('',(13.51585419923,-20.49991571188,
    25.289944061015));
#7850 = CARTESIAN_POINT('',(13.639723931508,-20.50024731612,
    25.35807469196));
#7851 = CARTESIAN_POINT('',(13.774864652242,-20.50202855042,
    25.413603974725));
#7852 = CARTESIAN_POINT('',(13.925,-20.5141225295,25.452368754828));
#7853 = ORIENTED_EDGE('',*,*,#7779,.F.);
#7854 = ORIENTED_EDGE('',*,*,#6179,.F.);
#7855 = B_SPLINE_SURFACE_WITH_KNOTS('',1,5,(
    (#7856,#7857,#7858,#7859,#7860,#7861)
    ,(#7862,#7863,#7864,#7865,#7866,#7867
    )),.UNSPECIFIED.,.F.,.F.,.F.,(2,2),(6,6),(0.,0.688737339364),(
    2.523206011704,3.211943351068),.PIECEWISE_BEZIER_KNOTS.);
#7856 = CARTESIAN_POINT('',(12.633333333333,-21.5,25.86338998125));
#7857 = CARTESIAN_POINT('',(12.736004233964,-21.5,25.955221626498));
#7858 = CARTESIAN_POINT('',(12.838675134595,-21.5,26.047053271747));
#7859 = CARTESIAN_POINT('',(12.941346035226,-21.5,26.138884916996));
#7860 = CARTESIAN_POINT('',(13.044016935856,-21.5,26.230716562244));
#7861 = CARTESIAN_POINT('',(13.146687836487,-21.5,26.322548207493));
#7862 = CARTESIAN_POINT('',(13.3,-20.5,25.11803398875));
#7863 = CARTESIAN_POINT('',(13.402670900631,-20.5,25.209865633999));
#7864 = CARTESIAN_POINT('',(13.51585419923,-20.49991571188,
    25.289944061015));
#7865 = CARTESIAN_POINT('',(13.639723931508,-20.50024731612,
    25.35807469196));
#7866 = CARTESIAN_POINT('',(13.774864652242,-20.50202855042,
    25.413603974725));
#7867 = CARTESIAN_POINT('',(13.925,-20.5141225295,25.452368754828));
#7868 = ADVANCED_FACE('',(#7869),#7887,.F.);
#7869 = FACE_BOUND('',#7870,.F.);
#7870 = EDGE_LOOP('',(#7871,#7878,#7879,#7880));
#7871 = ORIENTED_EDGE('',*,*,#7872,.F.);
#7872 = EDGE_CURVE('',#6160,#7873,#7875,.T.);
#7873 = VERTEX_POINT('',#7874);
#7874 = CARTESIAN_POINT('',(13.3,-20.5,22.88196601125));
#7875 = B_SPLINE_CURVE_WITH_KNOTS('',1,(#7876,#7877),.UNSPECIFIED.,.F.,
  .F.,(2,2),(0.,0.688737339364),.PIECEWISE_BEZIER_KNOTS.);
#7876 = CARTESIAN_POINT('',(12.633333333333,-21.5,22.13661001875));
#7877 = CARTESIAN_POINT('',(13.3,-20.5,22.88196601125));
#7878 = ORIENTED_EDGE('',*,*,#6170,.T.);
#7879 = ORIENTED_EDGE('',*,*,#7837,.T.);
#7880 = ORIENTED_EDGE('',*,*,#7881,.F.);
#7881 = EDGE_CURVE('',#7873,#7838,#7882,.T.);
#7882 = CIRCLE('',#7883,1.5);
#7883 = AXIS2_PLACEMENT_3D('',#7884,#7885,#7886);
#7884 = CARTESIAN_POINT('',(14.3,-20.5,24.));
#7885 = DIRECTION('',(-2.465190328816E-32,1.,4.4E-16));
#7886 = DIRECTION('',(-0.666666666667,3.279566367E-16,-0.7453559925));
#7887 = CONICAL_SURFACE('',#7888,1.5,0.785398163397);
#7888 = AXIS2_PLACEMENT_3D('',#7889,#7890,#7891);
#7889 = CARTESIAN_POINT('',(14.3,-20.5,24.));
#7890 = DIRECTION('',(-0.,-1.,-4.4E-16));
#7891 = DIRECTION('',(-0.666666666667,3.279566367E-16,-0.7453559925));
#7892 = ADVANCED_FACE('',(#7893),#7913,.T.);
#7893 = FACE_BOUND('',#7894,.T.);
#7894 = EDGE_LOOP('',(#7895,#7902,#7911,#7912));
#7895 = ORIENTED_EDGE('',*,*,#7896,.T.);
#7896 = EDGE_CURVE('',#6141,#7897,#7899,.T.);
#7897 = VERTEX_POINT('',#7898);
#7898 = CARTESIAN_POINT('',(13.925,-20.5141225295,22.547631245172));
#7899 = B_SPLINE_CURVE_WITH_KNOTS('',1,(#7900,#7901),.UNSPECIFIED.,.F.,
  .F.,(2,2),(0.,0.545489708373),.PIECEWISE_BEZIER_KNOTS.);
#7900 = CARTESIAN_POINT('',(13.146687836487,-21.5,21.677451792507));
#7901 = CARTESIAN_POINT('',(13.925,-20.5141225295,22.547631245172));
#7902 = ORIENTED_EDGE('',*,*,#7903,.T.);
#7903 = EDGE_CURVE('',#7897,#7873,#7904,.T.);
#7904 = B_SPLINE_CURVE_WITH_KNOTS('',5,(#7905,#7906,#7907,#7908,#7909,
    #7910),.UNSPECIFIED.,.F.,.F.,(6,6),(-0.688737339364,0.),
  .PIECEWISE_BEZIER_KNOTS.);
#7905 = CARTESIAN_POINT('',(13.925,-20.5141225295,22.547631245172));
#7906 = CARTESIAN_POINT('',(13.774864652242,-20.50202855042,
    22.586396025275));
#7907 = CARTESIAN_POINT('',(13.639723931508,-20.50024731612,
    22.64192530804));
#7908 = CARTESIAN_POINT('',(13.51585419923,-20.49991571188,
    22.710055938984));
#7909 = CARTESIAN_POINT('',(13.402670900631,-20.5,22.790134366002));
#7910 = CARTESIAN_POINT('',(13.3,-20.5,22.88196601125));
#7911 = ORIENTED_EDGE('',*,*,#7872,.F.);
#7912 = ORIENTED_EDGE('',*,*,#6159,.F.);
#7913 = B_SPLINE_SURFACE_WITH_KNOTS('',1,5,(
    (#7914,#7915,#7916,#7917,#7918,#7919)
    ,(#7920,#7921,#7922,#7923,#7924,#7925
    )),.UNSPECIFIED.,.F.,.F.,.F.,(2,2),(6,6),(0.,0.688737339364),(
    -0.688737339364,0.),.PIECEWISE_BEZIER_KNOTS.);
#7914 = CARTESIAN_POINT('',(13.146687836487,-21.5,21.677451792507));
#7915 = CARTESIAN_POINT('',(13.044016935856,-21.5,21.769283437756));
#7916 = CARTESIAN_POINT('',(12.941346035226,-21.5,21.861115083004));
#7917 = CARTESIAN_POINT('',(12.838675134595,-21.5,21.952946728253));
#7918 = CARTESIAN_POINT('',(12.736004233964,-21.5,22.044778373502));
#7919 = CARTESIAN_POINT('',(12.633333333333,-21.5,22.13661001875));
#7920 = CARTESIAN_POINT('',(13.925,-20.5141225295,22.547631245172));
#7921 = CARTESIAN_POINT('',(13.774864652242,-20.50202855042,
    22.586396025275));
#7922 = CARTESIAN_POINT('',(13.639723931508,-20.50024731612,
    22.64192530804));
#7923 = CARTESIAN_POINT('',(13.51585419923,-20.49991571188,
    22.710055938984));
#7924 = CARTESIAN_POINT('',(13.402670900631,-20.5,22.790134366002));
#7925 = CARTESIAN_POINT('',(13.3,-20.5,22.88196601125));
#7926 = ADVANCED_FACE('',(#7927),#8009,.T.);
#7927 = FACE_BOUND('',#7928,.T.);
#7928 = EDGE_LOOP('',(#7929,#7990,#8007,#8008));
#7929 = ORIENTED_EDGE('',*,*,#7930,.T.);
#7930 = EDGE_CURVE('',#6133,#7931,#7933,.T.);
#7931 = VERTEX_POINT('',#7932);
#7932 = CARTESIAN_POINT('',(14.293837246705,-20.50616263756,
    22.141769260746));
#7933 = B_SPLINE_CURVE_WITH_KNOTS('',7,(#7934,#7935,#7936,#7937,#7938,
    #7939,#7940,#7941,#7942,#7943,#7944,#7945,#7946,#7947,#7948,#7949,
    #7950,#7951,#7952,#7953,#7954,#7955,#7956,#7957,#7958,#7959,#7960,
    #7961,#7962,#7963,#7964,#7965,#7966,#7967,#7968,#7969,#7970,#7971,
    #7972,#7973,#7974,#7975,#7976,#7977,#7978,#7979,#7980,#7981,#7982,
    #7983,#7984,#7985,#7986,#7987,#7988,#7989),.UNSPECIFIED.,.F.,.F.,(8,
    6,6,6,6,6,6,6,6,8),(0.,0.122090666093,0.222998859913,0.43045596062,
    0.66353912806,0.819992368053,0.911426934037,0.950032735049,
    0.971235356623,1.),.UNSPECIFIED.);
#7934 = CARTESIAN_POINT('',(13.3,-21.5,21.54032522475));
#7935 = CARTESIAN_POINT('',(13.317185500562,-21.48281449943,
    21.553872335667));
#7936 = CARTESIAN_POINT('',(13.334368062761,-21.46563193723,
    21.567429953279));
#7937 = CARTESIAN_POINT('',(13.351548659713,-21.44845134028,
    21.580994592675));
#7938 = CARTESIAN_POINT('',(13.368728263426,-21.43127173657,
    21.594562778061));
#7939 = CARTESIAN_POINT('',(13.385907844805,-21.41409215519,
    21.60813104276));
#7940 = CARTESIAN_POINT('',(13.403088373648,-21.39691162635,
    21.621695929214));
#7941 = CARTESIAN_POINT('',(13.434472145789,-21.36552785421,
    21.646459754064));
#7942 = CARTESIAN_POINT('',(13.448674786749,-21.35132521325,
    21.657660824169));
#7943 = CARTESIAN_POINT('',(13.462879290486,-21.33712070951,
    21.668855243564));
#7944 = CARTESIAN_POINT('',(13.477086219156,-21.32291378084,
    21.680040989964));
#7945 = CARTESIAN_POINT('',(13.491296148114,-21.30870385188,
    21.691215974527));
#7946 = CARTESIAN_POINT('',(13.50550966591,-21.29449033409,
    21.702378041855));
#7947 = CARTESIAN_POINT('',(13.548957553216,-21.25104244678,
    21.736441933494));
#7948 = CARTESIAN_POINT('',(13.578205293026,-21.22179470697,
    21.759294825943));
#7949 = CARTESIAN_POINT('',(13.607476155983,-21.19252384401,
    21.782063957466));
#7950 = CARTESIAN_POINT('',(13.636775714325,-21.16322428567,
    21.804728201045));
#7951 = CARTESIAN_POINT('',(13.666110016692,-21.1338899833,
    21.827263216461));
#7952 = CARTESIAN_POINT('',(13.695486054547,-21.10451394545,
    21.849639674236));
#7953 = CARTESIAN_POINT('',(13.757973260628,-21.04202673937,
    21.896743284757));
#7954 = CARTESIAN_POINT('',(13.791094801161,-21.00890519883,
    21.92141678632));
#7955 = CARTESIAN_POINT('',(13.824291887543,-20.97570811245,
    21.945794369398));
#7956 = CARTESIAN_POINT('',(13.857579483041,-20.94242051695,
    21.969808228009));
#7957 = CARTESIAN_POINT('',(13.890971639785,-20.90902836021,
    21.993375214438));
#7958 = CARTESIAN_POINT('',(13.924486067883,-20.87551393211,
    22.016376365487));
#7959 = CARTESIAN_POINT('',(13.980753230355,-20.81924676964,
    22.053535808877));
#7960 = CARTESIAN_POINT('',(14.003412276772,-20.79658772322,
    22.068109026038));
#7961 = CARTESIAN_POINT('',(14.026150005557,-20.77384999444,
    22.082274681771));
#7962 = CARTESIAN_POINT('',(14.048977278798,-20.7510227212,
    22.095955615903));
#7963 = CARTESIAN_POINT('',(14.071900117087,-20.72809988291,
    22.109025906212));
#7964 = CARTESIAN_POINT('',(14.094918071982,-20.70508192801,
    22.121328666136));
#7965 = CARTESIAN_POINT('',(14.131557342511,-20.66844265748,
    22.139085727104));
#7966 = CARTESIAN_POINT('',(14.145090802593,-20.6549091974,
    22.145252927525));
#7967 = CARTESIAN_POINT('',(14.158661737448,-20.64133826255,
    22.15098008356));
#7968 = CARTESIAN_POINT('',(14.172270475046,-20.62772952495,
    22.156182596651));
#7969 = CARTESIAN_POINT('',(14.18589775318,-20.61410224682,
    22.160718972035));
#7970 = CARTESIAN_POINT('',(14.199506110536,-20.60049388946,
    22.164414542138));
#7971 = CARTESIAN_POINT('',(14.218752391475,-20.58124760852,
    22.167967095963));
#7972 = CARTESIAN_POINT('',(14.224447796962,-20.57555220303,
    22.168807400782));
#7973 = CARTESIAN_POINT('',(14.230121367008,-20.56987863299,
    22.169406759414));
#7974 = CARTESIAN_POINT('',(14.23576359905,-20.56423640095,
    22.169732124609));
#7975 = CARTESIAN_POINT('',(14.241358667771,-20.55864133222,
    22.16974233741));
#7976 = CARTESIAN_POINT('',(14.246884113571,-20.55311588642,
    22.169386477927));
#7977 = CARTESIAN_POINT('',(14.255290763873,-20.54470923612,
    22.168171493117));
#7978 = CARTESIAN_POINT('',(14.258240176669,-20.54175982333,
    22.167611624712));
#7979 = CARTESIAN_POINT('',(14.261153603759,-20.53884639624,
    22.166912490265));
#7980 = CARTESIAN_POINT('',(14.264024067007,-20.53597593299,
    22.166062904366));
#7981 = CARTESIAN_POINT('',(14.26684297029,-20.53315702971,
    22.165051205686));
#7982 = CARTESIAN_POINT('',(14.269600293991,-20.53039970601,
    22.163865845812));
#7983 = CARTESIAN_POINT('',(14.275926723834,-20.52407327616,
    22.16063754017));
#7984 = CARTESIAN_POINT('',(14.279437176609,-20.52056282339,
    22.15843802683));
#7985 = CARTESIAN_POINT('',(14.28278335842,-20.51721664158,
    22.155872908132));
#7986 = CARTESIAN_POINT('',(14.285928868436,-20.51407113156,
    22.152921868658));
#7987 = CARTESIAN_POINT('',(14.288838183406,-20.51116181659,
    22.149576171477));
#7988 = CARTESIAN_POINT('',(14.291481146679,-20.50851885332,
    22.145846022098));
#7989 = CARTESIAN_POINT('',(14.29383745721,-20.50616254279,
    22.141767932429));
#7990 = ORIENTED_EDGE('',*,*,#7991,.T.);
#7991 = EDGE_CURVE('',#7931,#7897,#7992,.T.);
#7992 = B_SPLINE_CURVE_WITH_KNOTS('',7,(#7993,#7994,#7995,#7996,#7997,
    #7998,#7999,#8000,#8001,#8002,#8003,#8004,#8005,#8006),
  .UNSPECIFIED.,.F.,.F.,(8,6,8),(-1.263783705278,-1.234227047737,
    -0.688737339364),.UNSPECIFIED.);
#7993 = CARTESIAN_POINT('',(14.29980573934,-20.503475458,22.104107252063
    ));
#7994 = CARTESIAN_POINT('',(14.298953097535,-20.5038593408,
    22.109487539018));
#7995 = CARTESIAN_POINT('',(14.29810045573,-20.50424322359,
    22.114867825973));
#7996 = CARTESIAN_POINT('',(14.297247813925,-20.50462710638,
    22.120248112927));
#7997 = CARTESIAN_POINT('',(14.29639517212,-20.50501098918,
    22.125628399882));
#7998 = CARTESIAN_POINT('',(14.295542530315,-20.50539487197,
    22.131008686837));
#7999 = CARTESIAN_POINT('',(14.29468988851,-20.50577875477,
    22.136388973791));
#8000 = CARTESIAN_POINT('',(14.27810111927,-20.51324747498,
    22.241066387217));
#8001 = CARTESIAN_POINT('',(14.242278537253,-20.52165262846,
    22.317906174751));
#8002 = CARTESIAN_POINT('',(14.198577969582,-20.52631179886,
    22.385938106562));
#8003 = CARTESIAN_POINT('',(14.144038698131,-20.52826565855,
    22.441851999152));
#8004 = CARTESIAN_POINT('',(14.081505246067,-20.52630358024,
    22.488828126104));
#8005 = CARTESIAN_POINT('',(14.009935226894,-20.52096438835,
    22.525701063888));
#8006 = CARTESIAN_POINT('',(13.925,-20.5141225295,22.547631245172));
#8007 = ORIENTED_EDGE('',*,*,#7896,.F.);
#8008 = ORIENTED_EDGE('',*,*,#6140,.F.);
#8009 = B_SPLINE_SURFACE_WITH_KNOTS('',1,7,(
    (#8010,#8011,#8012,#8013,#8014,#8015,#8016,#8017,#8018,#8019,#8020
      ,#8021,#8022,#8023)
    ,(#8024,#8025,#8026,#8027,#8028,#8029,#8030,#8031,#8032,#8033,#8034
      ,#8035,#8036,#8037
    )),.UNSPECIFIED.,.F.,.F.,.F.,(2,2),(8,6,8),(0.,0.545489708373),(
    -1.263783705278,-1.234227047737,-0.688737339364),.UNSPECIFIED.);
#8010 = CARTESIAN_POINT('',(13.581764263295,-21.5,21.288307606207));
#8011 = CARTESIAN_POINT('',(13.576770752461,-21.5,21.292773938075));
#8012 = CARTESIAN_POINT('',(13.572084964105,-21.5,21.296965034593));
#8013 = CARTESIAN_POINT('',(13.567706898224,-21.5,21.30088089576));
#8014 = CARTESIAN_POINT('',(13.563636554821,-21.5,21.304521521577));
#8015 = CARTESIAN_POINT('',(13.559873933894,-21.5,21.307886912044));
#8016 = CARTESIAN_POINT('',(13.556419035443,-21.5,21.31097706716));
#8017 = CARTESIAN_POINT('',(13.495188427615,-21.5,21.365743387723));
#8018 = CARTESIAN_POINT('',(13.43710499576,-21.5,21.41769478852));
#8019 = CARTESIAN_POINT('',(13.379021563906,-21.5,21.469646189318));
#8020 = CARTESIAN_POINT('',(13.320938132051,-21.49999999999,
    21.521597590115));
#8021 = CARTESIAN_POINT('',(13.262854700197,-21.5,21.573548990913));
#8022 = CARTESIAN_POINT('',(13.204771268342,-21.5,21.62550039171));
#8023 = CARTESIAN_POINT('',(13.146687836487,-21.5,21.677451792507));
#8024 = CARTESIAN_POINT('',(14.29980573934,-20.503475458,22.104107252063
    ));
#8025 = CARTESIAN_POINT('',(14.298953097535,-20.5038593408,
    22.109487539018));
#8026 = CARTESIAN_POINT('',(14.29810045573,-20.50424322359,
    22.114867825973));
#8027 = CARTESIAN_POINT('',(14.297247813925,-20.50462710638,
    22.120248112927));
#8028 = CARTESIAN_POINT('',(14.29639517212,-20.50501098918,
    22.125628399882));
#8029 = CARTESIAN_POINT('',(14.295542530315,-20.50539487197,
    22.131008686837));
#8030 = CARTESIAN_POINT('',(14.29468988851,-20.50577875477,
    22.136388973791));
#8031 = CARTESIAN_POINT('',(14.27810111927,-20.51324747498,
    22.241066387217));
#8032 = CARTESIAN_POINT('',(14.242278537253,-20.52165262846,
    22.317906174751));
#8033 = CARTESIAN_POINT('',(14.198577969582,-20.52631179886,
    22.385938106562));
#8034 = CARTESIAN_POINT('',(14.144038698131,-20.52826565855,
    22.441851999152));
#8035 = CARTESIAN_POINT('',(14.081505246067,-20.52630358024,
    22.488828126104));
#8036 = CARTESIAN_POINT('',(14.009935226894,-20.52096438835,
    22.525701063888));
#8037 = CARTESIAN_POINT('',(13.925,-20.5141225295,22.547631245172));
#8038 = ADVANCED_FACE('',(#8039),#8066,.T.);
#8039 = FACE_BOUND('',#8040,.F.);
#8040 = EDGE_LOOP('',(#8041,#8049,#8050,#8051,#8060));
#8041 = ORIENTED_EDGE('',*,*,#8042,.F.);
#8042 = EDGE_CURVE('',#6125,#8043,#8045,.T.);
#8043 = VERTEX_POINT('',#8044);
#8044 = CARTESIAN_POINT('',(14.3,-20.5,21.3));
#8045 = LINE('',#8046,#8047);
#8046 = CARTESIAN_POINT('',(14.333333333333,-20.46666666666,
    21.333333333333));
#8047 = VECTOR('',#8048,1.);
#8048 = DIRECTION('',(0.57735026919,0.57735026919,0.57735026919));
#8049 = ORIENTED_EDGE('',*,*,#6132,.T.);
#8050 = ORIENTED_EDGE('',*,*,#7930,.T.);
#8051 = ORIENTED_EDGE('',*,*,#8052,.F.);
#8052 = EDGE_CURVE('',#8053,#7931,#8055,.T.);
#8053 = VERTEX_POINT('',#8054);
#8054 = CARTESIAN_POINT('',(14.3,-20.5,22.063508326896));
#8055 = ELLIPSE('',#8056,0.707106781187,0.5);
#8056 = AXIS2_PLACEMENT_3D('',#8057,#8058,#8059);
#8057 = CARTESIAN_POINT('',(13.8,-21.,22.063508326896));
#8058 = DIRECTION('',(0.707106781187,-0.707106781187,0.));
#8059 = DIRECTION('',(-0.707106781187,-0.707106781187,-9.4E-16));
#8060 = ORIENTED_EDGE('',*,*,#8061,.F.);
#8061 = EDGE_CURVE('',#8043,#8053,#8062,.T.);
#8062 = LINE('',#8063,#8064);
#8063 = CARTESIAN_POINT('',(14.3,-20.5,21.3));
#8064 = VECTOR('',#8065,1.);
#8065 = DIRECTION('',(0.,-6.7E-16,1.));
#8066 = PLANE('',#8067);
#8067 = AXIS2_PLACEMENT_3D('',#8068,#8069,#8070);
#8068 = CARTESIAN_POINT('',(13.8,-21.,21.3));
#8069 = DIRECTION('',(0.707106781187,-0.707106781187,0.));
#8070 = DIRECTION('',(3.3E-16,3.3E-16,-1.));
#8071 = ADVANCED_FACE('',(#8072),#8083,.T.);
#8072 = FACE_BOUND('',#8073,.F.);
#8073 = EDGE_LOOP('',(#8074,#8075,#8076,#8077));
#8074 = ORIENTED_EDGE('',*,*,#7647,.F.);
#8075 = ORIENTED_EDGE('',*,*,#6124,.T.);
#8076 = ORIENTED_EDGE('',*,*,#8042,.T.);
#8077 = ORIENTED_EDGE('',*,*,#8078,.F.);
#8078 = EDGE_CURVE('',#7648,#8043,#8079,.T.);
#8079 = LINE('',#8080,#8081);
#8080 = CARTESIAN_POINT('',(16.5,-20.5,21.3));
#8081 = VECTOR('',#8082,1.);
#8082 = DIRECTION('',(-1.,0.,0.));
#8083 = PLANE('',#8084);
#8084 = AXIS2_PLACEMENT_3D('',#8085,#8086,#8087);
#8085 = CARTESIAN_POINT('',(16.5,-21.,20.8));
#8086 = DIRECTION('',(0.,-0.707106781187,0.707106781187));
#8087 = DIRECTION('',(1.,0.,0.));
#8088 = ADVANCED_FACE('',(#8089),#8114,.T.);
#8089 = FACE_BOUND('',#8090,.F.);
#8090 = EDGE_LOOP('',(#8091,#8099,#8100,#8108));
#8091 = ORIENTED_EDGE('',*,*,#8092,.F.);
#8092 = EDGE_CURVE('',#6232,#8093,#8095,.T.);
#8093 = VERTEX_POINT('',#8094);
#8094 = CARTESIAN_POINT('',(16.5,-20.5,-21.3));
#8095 = LINE('',#8096,#8097);
#8096 = CARTESIAN_POINT('',(16.466666666667,-20.46666666666,
    -21.33333333333));
#8097 = VECTOR('',#8098,1.);
#8098 = DIRECTION('',(-0.57735026919,0.57735026919,-0.57735026919));
#8099 = ORIENTED_EDGE('',*,*,#6231,.T.);
#8100 = ORIENTED_EDGE('',*,*,#8101,.T.);
#8101 = EDGE_CURVE('',#6234,#8102,#8104,.T.);
#8102 = VERTEX_POINT('',#8103);
#8103 = CARTESIAN_POINT('',(16.5,-20.5,-26.7));
#8104 = LINE('',#8105,#8106);
#8105 = CARTESIAN_POINT('',(15.933333333334,-19.93333333333,
    -26.13333333333));
#8106 = VECTOR('',#8107,1.);
#8107 = DIRECTION('',(-0.57735026919,0.57735026919,0.57735026919));
#8108 = ORIENTED_EDGE('',*,*,#8109,.F.);
#8109 = EDGE_CURVE('',#8093,#8102,#8110,.T.);
#8110 = LINE('',#8111,#8112);
#8111 = CARTESIAN_POINT('',(16.5,-20.5,-21.3));
#8112 = VECTOR('',#8113,1.);
#8113 = DIRECTION('',(0.,6.7E-16,-1.));
#8114 = PLANE('',#8115);
#8115 = AXIS2_PLACEMENT_3D('',#8116,#8117,#8118);
#8116 = CARTESIAN_POINT('',(17.,-21.,-21.3));
#8117 = DIRECTION('',(-0.707106781187,-0.707106781187,0.));
#8118 = DIRECTION('',(3.3E-16,-3.3E-16,1.));
#8119 = ADVANCED_FACE('',(#8120),#8138,.T.);
#8120 = FACE_BOUND('',#8121,.F.);
#8121 = EDGE_LOOP('',(#8122,#8130,#8131,#8132));
#8122 = ORIENTED_EDGE('',*,*,#8123,.F.);
#8123 = EDGE_CURVE('',#6327,#8124,#8126,.T.);
#8124 = VERTEX_POINT('',#8125);
#8125 = CARTESIAN_POINT('',(14.3,-20.5,-21.3));
#8126 = LINE('',#8127,#8128);
#8127 = CARTESIAN_POINT('',(14.866666666666,-19.93333333333,
    -21.86666666666));
#8128 = VECTOR('',#8129,1.);
#8129 = DIRECTION('',(0.57735026919,0.57735026919,-0.57735026919));
#8130 = ORIENTED_EDGE('',*,*,#6334,.T.);
#8131 = ORIENTED_EDGE('',*,*,#8092,.T.);
#8132 = ORIENTED_EDGE('',*,*,#8133,.F.);
#8133 = EDGE_CURVE('',#8124,#8093,#8134,.T.);
#8134 = LINE('',#8135,#8136);
#8135 = CARTESIAN_POINT('',(14.3,-20.5,-21.3));
#8136 = VECTOR('',#8137,1.);
#8137 = DIRECTION('',(1.,0.,0.));
#8138 = PLANE('',#8139);
#8139 = AXIS2_PLACEMENT_3D('',#8140,#8141,#8142);
#8140 = CARTESIAN_POINT('',(14.3,-21.,-20.8));
#8141 = DIRECTION('',(0.,-0.707106781187,-0.707106781187));
#8142 = DIRECTION('',(-1.,-0.,-0.));
#8143 = ADVANCED_FACE('',(#8144),#8224,.T.);
#8144 = FACE_BOUND('',#8145,.F.);
#8145 = EDGE_LOOP('',(#8146,#8157,#8216,#8217,#8218));
#8146 = ORIENTED_EDGE('',*,*,#8147,.F.);
#8147 = EDGE_CURVE('',#8148,#8150,#8152,.T.);
#8148 = VERTEX_POINT('',#8149);
#8149 = CARTESIAN_POINT('',(14.293837246704,-20.50616263756,
    -22.14176926074));
#8150 = VERTEX_POINT('',#8151);
#8151 = CARTESIAN_POINT('',(14.3,-20.5,-22.06350832689));
#8152 = ELLIPSE('',#8153,0.707106781187,0.5);
#8153 = AXIS2_PLACEMENT_3D('',#8154,#8155,#8156);
#8154 = CARTESIAN_POINT('',(13.8,-21.,-22.06350832689));
#8155 = DIRECTION('',(0.707106781187,-0.707106781187,0.));
#8156 = DIRECTION('',(-0.707106781187,-0.707106781187,-9.4E-16));
#8157 = ORIENTED_EDGE('',*,*,#8158,.F.);
#8158 = EDGE_CURVE('',#6308,#8148,#8159,.T.);
#8159 = B_SPLINE_CURVE_WITH_KNOTS('',7,(#8160,#8161,#8162,#8163,#8164,
    #8165,#8166,#8167,#8168,#8169,#8170,#8171,#8172,#8173,#8174,#8175,
    #8176,#8177,#8178,#8179,#8180,#8181,#8182,#8183,#8184,#8185,#8186,
    #8187,#8188,#8189,#8190,#8191,#8192,#8193,#8194,#8195,#8196,#8197,
    #8198,#8199,#8200,#8201,#8202,#8203,#8204,#8205,#8206,#8207,#8208,
    #8209,#8210,#8211,#8212,#8213,#8214,#8215),.UNSPECIFIED.,.F.,.F.,(8,
    6,6,6,6,6,6,6,6,8),(0.,0.122090666091,0.222998859912,0.430455960619,
    0.663539128059,0.819992368052,0.911426934036,0.950032735049,
    0.971235356623,1.),.UNSPECIFIED.);
#8160 = CARTESIAN_POINT('',(13.3,-21.5,-21.54032522475));
#8161 = CARTESIAN_POINT('',(13.317185500562,-21.48281449943,
    -21.55387233566));
#8162 = CARTESIAN_POINT('',(13.33436806276,-21.46563193723,
    -21.56742995327));
#8163 = CARTESIAN_POINT('',(13.351548659712,-21.44845134028,
    -21.58099459267));
#8164 = CARTESIAN_POINT('',(13.368728263425,-21.43127173657,
    -21.59456277806));
#8165 = CARTESIAN_POINT('',(13.385907844804,-21.41409215519,
    -21.60813104275));
#8166 = CARTESIAN_POINT('',(13.403088373647,-21.39691162635,
    -21.62169592921));
#8167 = CARTESIAN_POINT('',(13.434472145787,-21.36552785421,
    -21.64645975406));
#8168 = CARTESIAN_POINT('',(13.448674786747,-21.35132521325,
    -21.65766082416));
#8169 = CARTESIAN_POINT('',(13.462879290485,-21.33712070951,
    -21.66885524356));
#8170 = CARTESIAN_POINT('',(13.477086219155,-21.32291378084,
    -21.68004098996));
#8171 = CARTESIAN_POINT('',(13.491296148112,-21.30870385188,
    -21.69121597452));
#8172 = CARTESIAN_POINT('',(13.505509665908,-21.29449033409,
    -21.70237804185));
#8173 = CARTESIAN_POINT('',(13.548957553214,-21.25104244678,
    -21.73644193349));
#8174 = CARTESIAN_POINT('',(13.578205293024,-21.22179470697,
    -21.75929482594));
#8175 = CARTESIAN_POINT('',(13.607476155981,-21.19252384401,
    -21.78206395746));
#8176 = CARTESIAN_POINT('',(13.636775714323,-21.16322428567,
    -21.80472820104));
#8177 = CARTESIAN_POINT('',(13.666110016691,-21.1338899833,
    -21.82726321646));
#8178 = CARTESIAN_POINT('',(13.695486054546,-21.10451394545,
    -21.84963967423));
#8179 = CARTESIAN_POINT('',(13.757973260626,-21.04202673937,
    -21.89674328475));
#8180 = CARTESIAN_POINT('',(13.791094801159,-21.00890519884,
    -21.92141678631));
#8181 = CARTESIAN_POINT('',(13.824291887541,-20.97570811245,
    -21.94579436939));
#8182 = CARTESIAN_POINT('',(13.85757948304,-20.94242051696,-21.969808228
    ));
#8183 = CARTESIAN_POINT('',(13.890971639783,-20.90902836021,
    -21.99337521443));
#8184 = CARTESIAN_POINT('',(13.924486067881,-20.87551393211,
    -22.01637636548));
#8185 = CARTESIAN_POINT('',(13.980753230353,-20.81924676964,
    -22.05353580887));
#8186 = CARTESIAN_POINT('',(14.003412276771,-20.79658772322,
    -22.06810902603));
#8187 = CARTESIAN_POINT('',(14.026150005554,-20.77384999444,
    -22.08227468177));
#8188 = CARTESIAN_POINT('',(14.048977278797,-20.7510227212,
    -22.0959556159));
#8189 = CARTESIAN_POINT('',(14.071900117084,-20.72809988291,
    -22.10902590621));
#8190 = CARTESIAN_POINT('',(14.09491807198,-20.70508192802,
    -22.12132866613));
#8191 = CARTESIAN_POINT('',(14.131557342509,-20.66844265749,
    -22.1390857271));
#8192 = CARTESIAN_POINT('',(14.145090802591,-20.6549091974,
    -22.14525292752));
#8193 = CARTESIAN_POINT('',(14.158661737446,-20.64133826255,
    -22.15098008356));
#8194 = CARTESIAN_POINT('',(14.172270475044,-20.62772952495,
    -22.15618259665));
#8195 = CARTESIAN_POINT('',(14.185897753178,-20.61410224682,
    -22.16071897203));
#8196 = CARTESIAN_POINT('',(14.199506110534,-20.60049388946,
    -22.16441454213));
#8197 = CARTESIAN_POINT('',(14.218752391473,-20.58124760852,
    -22.16796709596));
#8198 = CARTESIAN_POINT('',(14.22444779696,-20.57555220304,
    -22.16880740078));
#8199 = CARTESIAN_POINT('',(14.230121367007,-20.56987863299,
    -22.16940675941));
#8200 = CARTESIAN_POINT('',(14.235763599049,-20.56423640095,
    -22.16973212461));
#8201 = CARTESIAN_POINT('',(14.241358667769,-20.55864133223,
    -22.16974233741));
#8202 = CARTESIAN_POINT('',(14.246884113569,-20.55311588643,
    -22.16938647792));
#8203 = CARTESIAN_POINT('',(14.255290763872,-20.54470923612,
    -22.16817149311));
#8204 = CARTESIAN_POINT('',(14.258240176668,-20.54175982333,
    -22.16761162471));
#8205 = CARTESIAN_POINT('',(14.261153603758,-20.53884639624,
    -22.16691249026));
#8206 = CARTESIAN_POINT('',(14.264024067006,-20.53597593299,
    -22.16606290436));
#8207 = CARTESIAN_POINT('',(14.266842970289,-20.53315702971,
    -22.16505120568));
#8208 = CARTESIAN_POINT('',(14.269600293989,-20.53039970601,
    -22.16386584581));
#8209 = CARTESIAN_POINT('',(14.275926723833,-20.52407327616,
    -22.16063754017));
#8210 = CARTESIAN_POINT('',(14.279437176608,-20.52056282339,
    -22.15843802683));
#8211 = CARTESIAN_POINT('',(14.282783358419,-20.51721664158,
    -22.15587290813));
#8212 = CARTESIAN_POINT('',(14.285928868435,-20.51407113156,
    -22.15292186866));
#8213 = CARTESIAN_POINT('',(14.288838183406,-20.51116181659,
    -22.14957617147));
#8214 = CARTESIAN_POINT('',(14.291481146678,-20.50851885332,
    -22.1458460221));
#8215 = CARTESIAN_POINT('',(14.29383745721,-20.50616254279,
    -22.14176793243));
#8216 = ORIENTED_EDGE('',*,*,#6326,.T.);
#8217 = ORIENTED_EDGE('',*,*,#8123,.T.);
#8218 = ORIENTED_EDGE('',*,*,#8219,.F.);
#8219 = EDGE_CURVE('',#8150,#8124,#8220,.T.);
#8220 = LINE('',#8221,#8222);
#8221 = CARTESIAN_POINT('',(14.3,-20.5,-26.7));
#8222 = VECTOR('',#8223,1.);
#8223 = DIRECTION('',(0.,-6.7E-16,1.));
#8224 = PLANE('',#8225);
#8225 = AXIS2_PLACEMENT_3D('',#8226,#8227,#8228);
#8226 = CARTESIAN_POINT('',(13.8,-21.,-26.7));
#8227 = DIRECTION('',(0.707106781187,-0.707106781187,0.));
#8228 = DIRECTION('',(3.3E-16,3.3E-16,-1.));
#8229 = ADVANCED_FACE('',(#8230),#8258,.T.);
#8230 = FACE_BOUND('',#8231,.T.);
#8231 = EDGE_LOOP('',(#8232,#8239,#8256,#8257));
#8232 = ORIENTED_EDGE('',*,*,#8233,.T.);
#8233 = EDGE_CURVE('',#6297,#8234,#8236,.T.);
#8234 = VERTEX_POINT('',#8235);
#8235 = CARTESIAN_POINT('',(13.925,-20.5141225295,-22.54763124517));
#8236 = B_SPLINE_CURVE_WITH_KNOTS('',1,(#8237,#8238),.UNSPECIFIED.,.F.,
  .F.,(2,2),(0.,0.688737339365),.PIECEWISE_BEZIER_KNOTS.);
#8237 = CARTESIAN_POINT('',(13.146687836487,-21.5,-21.6774517925));
#8238 = CARTESIAN_POINT('',(13.925,-20.5141225295,-22.54763124517));
#8239 = ORIENTED_EDGE('',*,*,#8240,.T.);
#8240 = EDGE_CURVE('',#8234,#8148,#8241,.T.);
#8241 = B_SPLINE_CURVE_WITH_KNOTS('',7,(#8242,#8243,#8244,#8245,#8246,
    #8247,#8248,#8249,#8250,#8251,#8252,#8253,#8254,#8255),
  .UNSPECIFIED.,.F.,.F.,(8,6,8),(3.211943351068,3.757433059439,
    3.786989716979),.UNSPECIFIED.);
#8242 = CARTESIAN_POINT('',(13.925,-20.5141225295,-22.54763124517));
#8243 = CARTESIAN_POINT('',(14.009935226894,-20.52096438835,
    -22.52570106388));
#8244 = CARTESIAN_POINT('',(14.081505246066,-20.52630358024,
    -22.4888281261));
#8245 = CARTESIAN_POINT('',(14.144038698131,-20.52826565855,
    -22.44185199915));
#8246 = CARTESIAN_POINT('',(14.198577969581,-20.52631179886,
    -22.38593810656));
#8247 = CARTESIAN_POINT('',(14.242278537253,-20.52165262846,
    -22.31790617475));
#8248 = CARTESIAN_POINT('',(14.278101119269,-20.51324747498,
    -22.24106638721));
#8249 = CARTESIAN_POINT('',(14.29468988851,-20.50577875477,
    -22.13638897379));
#8250 = CARTESIAN_POINT('',(14.295542530315,-20.50539487197,
    -22.13100868683));
#8251 = CARTESIAN_POINT('',(14.29639517212,-20.50501098918,
    -22.12562839988));
#8252 = CARTESIAN_POINT('',(14.297247813925,-20.50462710638,
    -22.12024811293));
#8253 = CARTESIAN_POINT('',(14.29810045573,-20.50424322359,
    -22.11486782597));
#8254 = CARTESIAN_POINT('',(14.298953097535,-20.5038593408,
    -22.10948753902));
#8255 = CARTESIAN_POINT('',(14.29980573934,-20.503475458,-22.10410725206
    ));
#8256 = ORIENTED_EDGE('',*,*,#8158,.F.);
#8257 = ORIENTED_EDGE('',*,*,#6307,.F.);
#8258 = B_SPLINE_SURFACE_WITH_KNOTS('',1,7,(
    (#8259,#8260,#8261,#8262,#8263,#8264,#8265,#8266,#8267,#8268,#8269
      ,#8270,#8271,#8272)
    ,(#8273,#8274,#8275,#8276,#8277,#8278,#8279,#8280,#8281,#8282,#8283
      ,#8284,#8285,#8286
    )),.UNSPECIFIED.,.F.,.F.,.F.,(2,2),(8,6,8),(0.,0.545489708371),(
    3.211943351068,3.757433059439,3.786989716979),.UNSPECIFIED.);
#8259 = CARTESIAN_POINT('',(13.146687836487,-21.5,-21.6774517925));
#8260 = CARTESIAN_POINT('',(13.204771268341,-21.5,-21.62550039171));
#8261 = CARTESIAN_POINT('',(13.262854700196,-21.5,-21.57354899091));
#8262 = CARTESIAN_POINT('',(13.320938132051,-21.5,-21.52159759011));
#8263 = CARTESIAN_POINT('',(13.379021563904,-21.49999999999,
    -21.46964618931));
#8264 = CARTESIAN_POINT('',(13.437104995759,-21.5,-21.41769478852));
#8265 = CARTESIAN_POINT('',(13.495188427614,-21.5,-21.36574338772));
#8266 = CARTESIAN_POINT('',(13.556419035442,-21.5,-21.31097706716));
#8267 = CARTESIAN_POINT('',(13.559873933892,-21.5,-21.30788691204));
#8268 = CARTESIAN_POINT('',(13.563636554819,-21.5,-21.30452152157));
#8269 = CARTESIAN_POINT('',(13.567706898223,-21.5,-21.30088089576));
#8270 = CARTESIAN_POINT('',(13.572084964103,-21.5,-21.29696503459));
#8271 = CARTESIAN_POINT('',(13.57677075246,-21.5,-21.29277393807));
#8272 = CARTESIAN_POINT('',(13.581764263293,-21.5,-21.2883076062));
#8273 = CARTESIAN_POINT('',(13.925,-20.5141225295,-22.54763124517));
#8274 = CARTESIAN_POINT('',(14.009935226894,-20.52096438835,
    -22.52570106388));
#8275 = CARTESIAN_POINT('',(14.081505246066,-20.52630358024,
    -22.4888281261));
#8276 = CARTESIAN_POINT('',(14.144038698131,-20.52826565855,
    -22.44185199915));
#8277 = CARTESIAN_POINT('',(14.198577969581,-20.52631179886,
    -22.38593810656));
#8278 = CARTESIAN_POINT('',(14.242278537253,-20.52165262846,
    -22.31790617475));
#8279 = CARTESIAN_POINT('',(14.278101119269,-20.51324747498,
    -22.24106638721));
#8280 = CARTESIAN_POINT('',(14.29468988851,-20.50577875477,
    -22.13638897379));
#8281 = CARTESIAN_POINT('',(14.295542530315,-20.50539487197,
    -22.13100868683));
#8282 = CARTESIAN_POINT('',(14.29639517212,-20.50501098918,
    -22.12562839988));
#8283 = CARTESIAN_POINT('',(14.297247813925,-20.50462710638,
    -22.12024811293));
#8284 = CARTESIAN_POINT('',(14.29810045573,-20.50424322359,
    -22.11486782597));
#8285 = CARTESIAN_POINT('',(14.298953097535,-20.5038593408,
    -22.10948753902));
#8286 = CARTESIAN_POINT('',(14.29980573934,-20.503475458,-22.10410725206
    ));
#8287 = ADVANCED_FACE('',(#8288),#8309,.T.);
#8288 = FACE_BOUND('',#8289,.T.);
#8289 = EDGE_LOOP('',(#8290,#8298,#8307,#8308));
#8290 = ORIENTED_EDGE('',*,*,#8291,.T.);
#8291 = EDGE_CURVE('',#6288,#8292,#8294,.T.);
#8292 = VERTEX_POINT('',#8293);
#8293 = CARTESIAN_POINT('',(13.3,-20.5,-22.88196601125));
#8294 = LINE('',#8295,#8296);
#8295 = CARTESIAN_POINT('',(13.3,-20.5,-22.88196601125));
#8296 = VECTOR('',#8297,1.);
#8297 = DIRECTION('',(0.471404520791,0.707106781187,-0.527046276695));
#8298 = ORIENTED_EDGE('',*,*,#8299,.T.);
#8299 = EDGE_CURVE('',#8292,#8234,#8300,.T.);
#8300 = B_SPLINE_CURVE_WITH_KNOTS('',5,(#8301,#8302,#8303,#8304,#8305,
    #8306),.UNSPECIFIED.,.F.,.F.,(6,6),(2.523206011703,3.211943351068),
  .PIECEWISE_BEZIER_KNOTS.);
#8301 = CARTESIAN_POINT('',(13.3,-20.5,-22.88196601125));
#8302 = CARTESIAN_POINT('',(13.402670900631,-20.5,-22.790134366));
#8303 = CARTESIAN_POINT('',(13.51585419923,-20.49991571188,
    -22.71005593898));
#8304 = CARTESIAN_POINT('',(13.639723931508,-20.50024731612,
    -22.64192530804));
#8305 = CARTESIAN_POINT('',(13.774864652242,-20.50202855042,
    -22.58639602527));
#8306 = CARTESIAN_POINT('',(13.925,-20.5141225295,-22.54763124517));
#8307 = ORIENTED_EDGE('',*,*,#8233,.F.);
#8308 = ORIENTED_EDGE('',*,*,#6296,.F.);
#8309 = B_SPLINE_SURFACE_WITH_KNOTS('',1,5,(
    (#8310,#8311,#8312,#8313,#8314,#8315)
    ,(#8316,#8317,#8318,#8319,#8320,#8321
    )),.UNSPECIFIED.,.F.,.F.,.F.,(2,2),(6,6),(0.,0.688737339365),(
    2.523206011703,3.211943351068),.PIECEWISE_BEZIER_KNOTS.);
#8310 = CARTESIAN_POINT('',(12.633333333333,-21.5,-22.13661001875));
#8311 = CARTESIAN_POINT('',(12.736004233964,-21.5,-22.0447783735));
#8312 = CARTESIAN_POINT('',(12.838675134595,-21.5,-21.95294672825));
#8313 = CARTESIAN_POINT('',(12.941346035225,-21.5,-21.861115083));
#8314 = CARTESIAN_POINT('',(13.044016935856,-21.5,-21.76928343775));
#8315 = CARTESIAN_POINT('',(13.146687836487,-21.5,-21.6774517925));
#8316 = CARTESIAN_POINT('',(13.3,-20.5,-22.88196601125));
#8317 = CARTESIAN_POINT('',(13.402670900631,-20.5,-22.790134366));
#8318 = CARTESIAN_POINT('',(13.51585419923,-20.49991571188,
    -22.71005593898));
#8319 = CARTESIAN_POINT('',(13.639723931508,-20.50024731612,
    -22.64192530804));
#8320 = CARTESIAN_POINT('',(13.774864652242,-20.50202855042,
    -22.58639602527));
#8321 = CARTESIAN_POINT('',(13.925,-20.5141225295,-22.54763124517));
#8322 = ADVANCED_FACE('',(#8323),#8341,.F.);
#8323 = FACE_BOUND('',#8324,.F.);
#8324 = EDGE_LOOP('',(#8325,#8332,#8333,#8334));
#8325 = ORIENTED_EDGE('',*,*,#8326,.F.);
#8326 = EDGE_CURVE('',#6277,#8327,#8329,.T.);
#8327 = VERTEX_POINT('',#8328);
#8328 = CARTESIAN_POINT('',(13.3,-20.5,-25.11803398875));
#8329 = B_SPLINE_CURVE_WITH_KNOTS('',1,(#8330,#8331),.UNSPECIFIED.,.F.,
  .F.,(2,2),(0.,0.688737339365),.PIECEWISE_BEZIER_KNOTS.);
#8330 = CARTESIAN_POINT('',(12.633333333333,-21.5,-25.86338998125));
#8331 = CARTESIAN_POINT('',(13.3,-20.5,-25.11803398875));
#8332 = ORIENTED_EDGE('',*,*,#6287,.T.);
#8333 = ORIENTED_EDGE('',*,*,#8291,.T.);
#8334 = ORIENTED_EDGE('',*,*,#8335,.F.);
#8335 = EDGE_CURVE('',#8327,#8292,#8336,.T.);
#8336 = CIRCLE('',#8337,1.5);
#8337 = AXIS2_PLACEMENT_3D('',#8338,#8339,#8340);
#8338 = CARTESIAN_POINT('',(14.3,-20.5,-24.));
#8339 = DIRECTION('',(0.,1.,4.4E-16));
#8340 = DIRECTION('',(-0.666666666667,3.279566366999E-16,-0.7453559925)
  );
#8341 = CONICAL_SURFACE('',#8342,1.5,0.785398163397);
#8342 = AXIS2_PLACEMENT_3D('',#8343,#8344,#8345);
#8343 = CARTESIAN_POINT('',(14.3,-20.5,-24.));
#8344 = DIRECTION('',(-0.,-1.,-4.4E-16));
#8345 = DIRECTION('',(-0.666666666667,3.279566366999E-16,-0.7453559925)
  );
#8346 = ADVANCED_FACE('',(#8347),#8367,.T.);
#8347 = FACE_BOUND('',#8348,.T.);
#8348 = EDGE_LOOP('',(#8349,#8356,#8365,#8366));
#8349 = ORIENTED_EDGE('',*,*,#8350,.T.);
#8350 = EDGE_CURVE('',#6258,#8351,#8353,.T.);
#8351 = VERTEX_POINT('',#8352);
#8352 = CARTESIAN_POINT('',(13.925,-20.5141225295,-25.45236875482));
#8353 = B_SPLINE_CURVE_WITH_KNOTS('',1,(#8354,#8355),.UNSPECIFIED.,.F.,
  .F.,(2,2),(0.,0.545489708371),.PIECEWISE_BEZIER_KNOTS.);
#8354 = CARTESIAN_POINT('',(13.146687836487,-21.5,-26.32254820749));
#8355 = CARTESIAN_POINT('',(13.925,-20.5141225295,-25.45236875482));
#8356 = ORIENTED_EDGE('',*,*,#8357,.T.);
#8357 = EDGE_CURVE('',#8351,#8327,#8358,.T.);
#8358 = B_SPLINE_CURVE_WITH_KNOTS('',5,(#8359,#8360,#8361,#8362,#8363,
    #8364),.UNSPECIFIED.,.F.,.F.,(6,6),(-0.688737339365,0.),
  .PIECEWISE_BEZIER_KNOTS.);
#8359 = CARTESIAN_POINT('',(13.925,-20.5141225295,-25.45236875482));
#8360 = CARTESIAN_POINT('',(13.774864652242,-20.50202855042,
    -25.41360397472));
#8361 = CARTESIAN_POINT('',(13.639723931508,-20.50024731612,
    -25.35807469196));
#8362 = CARTESIAN_POINT('',(13.515854199229,-20.49991571188,
    -25.28994406101));
#8363 = CARTESIAN_POINT('',(13.402670900631,-20.5,-25.20986563399));
#8364 = CARTESIAN_POINT('',(13.3,-20.5,-25.11803398875));
#8365 = ORIENTED_EDGE('',*,*,#8326,.F.);
#8366 = ORIENTED_EDGE('',*,*,#6276,.F.);
#8367 = B_SPLINE_SURFACE_WITH_KNOTS('',1,5,(
    (#8368,#8369,#8370,#8371,#8372,#8373)
    ,(#8374,#8375,#8376,#8377,#8378,#8379
    )),.UNSPECIFIED.,.F.,.F.,.F.,(2,2),(6,6),(0.,0.688737339365),(
    -0.688737339365,0.),.PIECEWISE_BEZIER_KNOTS.);
#8368 = CARTESIAN_POINT('',(13.146687836487,-21.5,-26.32254820749));
#8369 = CARTESIAN_POINT('',(13.044016935856,-21.5,-26.23071656224));
#8370 = CARTESIAN_POINT('',(12.941346035225,-21.5,-26.13888491699));
#8371 = CARTESIAN_POINT('',(12.838675134594,-21.5,-26.04705327174));
#8372 = CARTESIAN_POINT('',(12.736004233964,-21.5,-25.95522162649));
#8373 = CARTESIAN_POINT('',(12.633333333333,-21.5,-25.86338998125));
#8374 = CARTESIAN_POINT('',(13.925,-20.5141225295,-25.45236875482));
#8375 = CARTESIAN_POINT('',(13.774864652242,-20.50202855042,
    -25.41360397472));
#8376 = CARTESIAN_POINT('',(13.639723931508,-20.50024731612,
    -25.35807469196));
#8377 = CARTESIAN_POINT('',(13.515854199229,-20.49991571188,
    -25.28994406101));
#8378 = CARTESIAN_POINT('',(13.402670900631,-20.5,-25.20986563399));
#8379 = CARTESIAN_POINT('',(13.3,-20.5,-25.11803398875));
#8380 = ADVANCED_FACE('',(#8381),#8463,.T.);
#8381 = FACE_BOUND('',#8382,.T.);
#8382 = EDGE_LOOP('',(#8383,#8444,#8461,#8462));
#8383 = ORIENTED_EDGE('',*,*,#8384,.T.);
#8384 = EDGE_CURVE('',#6250,#8385,#8387,.T.);
#8385 = VERTEX_POINT('',#8386);
#8386 = CARTESIAN_POINT('',(14.293837246704,-20.50616263756,
    -25.85823073925));
#8387 = B_SPLINE_CURVE_WITH_KNOTS('',7,(#8388,#8389,#8390,#8391,#8392,
    #8393,#8394,#8395,#8396,#8397,#8398,#8399,#8400,#8401,#8402,#8403,
    #8404,#8405,#8406,#8407,#8408,#8409,#8410,#8411,#8412,#8413,#8414,
    #8415,#8416,#8417,#8418,#8419,#8420,#8421,#8422,#8423,#8424,#8425,
    #8426,#8427,#8428,#8429,#8430,#8431,#8432,#8433,#8434,#8435,#8436,
    #8437,#8438,#8439,#8440,#8441,#8442,#8443),.UNSPECIFIED.,.F.,.F.,(8,
    6,6,6,6,6,6,6,6,8),(0.,0.122090666091,0.222998859912,0.430455960619,
    0.663539128059,0.819992368052,0.911426934037,0.950032735049,
    0.971235356623,1.),.UNSPECIFIED.);
#8388 = CARTESIAN_POINT('',(13.3,-21.5,-26.45967477525));
#8389 = CARTESIAN_POINT('',(13.317185500562,-21.48281449943,
    -26.44612766433));
#8390 = CARTESIAN_POINT('',(13.334368062761,-21.46563193723,
    -26.43257004672));
#8391 = CARTESIAN_POINT('',(13.351548659712,-21.44845134028,
    -26.41900540732));
#8392 = CARTESIAN_POINT('',(13.368728263425,-21.43127173657,
    -26.40543722194));
#8393 = CARTESIAN_POINT('',(13.385907844804,-21.41409215519,
    -26.39186895724));
#8394 = CARTESIAN_POINT('',(13.403088373647,-21.39691162635,
    -26.37830407078));
#8395 = CARTESIAN_POINT('',(13.434472145787,-21.36552785421,
    -26.35354024593));
#8396 = CARTESIAN_POINT('',(13.448674786747,-21.35132521325,
    -26.34233917583));
#8397 = CARTESIAN_POINT('',(13.462879290485,-21.33712070951,
    -26.33114475643));
#8398 = CARTESIAN_POINT('',(13.477086219155,-21.32291378084,
    -26.31995901003));
#8399 = CARTESIAN_POINT('',(13.491296148112,-21.30870385188,
    -26.30878402547));
#8400 = CARTESIAN_POINT('',(13.505509665908,-21.29449033409,
    -26.29762195814));
#8401 = CARTESIAN_POINT('',(13.548957553214,-21.25104244678,
    -26.2635580665));
#8402 = CARTESIAN_POINT('',(13.578205293024,-21.22179470697,
    -26.24070517405));
#8403 = CARTESIAN_POINT('',(13.607476155981,-21.19252384401,
    -26.21793604253));
#8404 = CARTESIAN_POINT('',(13.636775714323,-21.16322428567,
    -26.19527179895));
#8405 = CARTESIAN_POINT('',(13.666110016691,-21.1338899833,
    -26.17273678354));
#8406 = CARTESIAN_POINT('',(13.695486054546,-21.10451394545,
    -26.15036032576));
#8407 = CARTESIAN_POINT('',(13.757973260626,-21.04202673937,
    -26.10325671524));
#8408 = CARTESIAN_POINT('',(13.791094801159,-21.00890519884,
    -26.07858321368));
#8409 = CARTESIAN_POINT('',(13.824291887541,-20.97570811245,
    -26.0542056306));
#8410 = CARTESIAN_POINT('',(13.85757948304,-20.94242051696,
    -26.03019177199));
#8411 = CARTESIAN_POINT('',(13.890971639783,-20.90902836021,
    -26.00662478556));
#8412 = CARTESIAN_POINT('',(13.924486067881,-20.87551393211,
    -25.98362363451));
#8413 = CARTESIAN_POINT('',(13.980753230353,-20.81924676964,
    -25.94646419112));
#8414 = CARTESIAN_POINT('',(14.003412276771,-20.79658772322,
    -25.93189097396));
#8415 = CARTESIAN_POINT('',(14.026150005555,-20.77384999444,
    -25.91772531823));
#8416 = CARTESIAN_POINT('',(14.048977278796,-20.7510227212,
    -25.90404438409));
#8417 = CARTESIAN_POINT('',(14.071900117085,-20.72809988291,
    -25.89097409378));
#8418 = CARTESIAN_POINT('',(14.09491807198,-20.70508192802,
    -25.87867133386));
#8419 = CARTESIAN_POINT('',(14.131557342509,-20.66844265749,
    -25.86091427289));
#8420 = CARTESIAN_POINT('',(14.145090802591,-20.6549091974,
    -25.85474707247));
#8421 = CARTESIAN_POINT('',(14.158661737446,-20.64133826255,
    -25.84901991644));
#8422 = CARTESIAN_POINT('',(14.172270475045,-20.62772952495,
    -25.84381740334));
#8423 = CARTESIAN_POINT('',(14.185897753178,-20.61410224682,
    -25.83928102796));
#8424 = CARTESIAN_POINT('',(14.199506110534,-20.60049388946,
    -25.83558545786));
#8425 = CARTESIAN_POINT('',(14.218752391473,-20.58124760852,
    -25.83203290403));
#8426 = CARTESIAN_POINT('',(14.22444779696,-20.57555220304,
    -25.83119259921));
#8427 = CARTESIAN_POINT('',(14.230121367007,-20.56987863299,
    -25.83059324058));
#8428 = CARTESIAN_POINT('',(14.235763599049,-20.56423640095,
    -25.83026787539));
#8429 = CARTESIAN_POINT('',(14.241358667769,-20.55864133223,
    -25.83025766258));
#8430 = CARTESIAN_POINT('',(14.24688411357,-20.55311588643,
    -25.83061352207));
#8431 = CARTESIAN_POINT('',(14.255290763872,-20.54470923612,
    -25.83182850688));
#8432 = CARTESIAN_POINT('',(14.258240176668,-20.54175982333,
    -25.83238837528));
#8433 = CARTESIAN_POINT('',(14.261153603758,-20.53884639624,
    -25.83308750973));
#8434 = CARTESIAN_POINT('',(14.264024067006,-20.53597593299,
    -25.83393709563));
#8435 = CARTESIAN_POINT('',(14.266842970289,-20.53315702971,
    -25.83494879431));
#8436 = CARTESIAN_POINT('',(14.26960029399,-20.53039970601,
    -25.83613415418));
#8437 = CARTESIAN_POINT('',(14.275926723833,-20.52407327616,
    -25.83936245982));
#8438 = CARTESIAN_POINT('',(14.279437176608,-20.52056282339,
    -25.84156197316));
#8439 = CARTESIAN_POINT('',(14.282783358419,-20.51721664158,
    -25.84412709186));
#8440 = CARTESIAN_POINT('',(14.285928868435,-20.51407113156,
    -25.84707813134));
#8441 = CARTESIAN_POINT('',(14.288838183406,-20.51116181659,
    -25.85042382852));
#8442 = CARTESIAN_POINT('',(14.291481146678,-20.50851885332,
    -25.85415397789));
#8443 = CARTESIAN_POINT('',(14.29383745721,-20.50616254279,
    -25.85823206756));
#8444 = ORIENTED_EDGE('',*,*,#8445,.T.);
#8445 = EDGE_CURVE('',#8385,#8351,#8446,.T.);
#8446 = B_SPLINE_CURVE_WITH_KNOTS('',7,(#8447,#8448,#8449,#8450,#8451,
    #8452,#8453,#8454,#8455,#8456,#8457,#8458,#8459,#8460),
  .UNSPECIFIED.,.F.,.F.,(8,6,8),(-1.263783705276,-1.234227047736,
    -0.688737339365),.UNSPECIFIED.);
#8447 = CARTESIAN_POINT('',(14.29980573934,-20.503475458,-25.89589274793
    ));
#8448 = CARTESIAN_POINT('',(14.298953097535,-20.5038593408,
    -25.89051246098));
#8449 = CARTESIAN_POINT('',(14.29810045573,-20.50424322359,
    -25.88513217402));
#8450 = CARTESIAN_POINT('',(14.297247813925,-20.50462710638,
    -25.87975188707));
#8451 = CARTESIAN_POINT('',(14.29639517212,-20.50501098918,
    -25.87437160011));
#8452 = CARTESIAN_POINT('',(14.295542530315,-20.50539487197,
    -25.86899131316));
#8453 = CARTESIAN_POINT('',(14.29468988851,-20.50577875477,
    -25.8636110262));
#8454 = CARTESIAN_POINT('',(14.278101119269,-20.51324747498,
    -25.75893361278));
#8455 = CARTESIAN_POINT('',(14.242278537253,-20.52165262846,
    -25.68209382524));
#8456 = CARTESIAN_POINT('',(14.198577969581,-20.52631179886,
    -25.61406189343));
#8457 = CARTESIAN_POINT('',(14.144038698131,-20.52826565855,
    -25.55814800084));
#8458 = CARTESIAN_POINT('',(14.081505246066,-20.52630358024,
    -25.51117187389));
#8459 = CARTESIAN_POINT('',(14.009935226894,-20.52096438835,
    -25.47429893611));
#8460 = CARTESIAN_POINT('',(13.925,-20.5141225295,-25.45236875482));
#8461 = ORIENTED_EDGE('',*,*,#8350,.F.);
#8462 = ORIENTED_EDGE('',*,*,#6257,.F.);
#8463 = B_SPLINE_SURFACE_WITH_KNOTS('',1,7,(
    (#8464,#8465,#8466,#8467,#8468,#8469,#8470,#8471,#8472,#8473,#8474
      ,#8475,#8476,#8477)
    ,(#8478,#8479,#8480,#8481,#8482,#8483,#8484,#8485,#8486,#8487,#8488
      ,#8489,#8490,#8491
    )),.UNSPECIFIED.,.F.,.F.,.F.,(2,2),(8,6,8),(0.,0.545489708371),(
    -1.263783705276,-1.234227047736,-0.688737339365),.UNSPECIFIED.);
#8464 = CARTESIAN_POINT('',(13.581764263293,-21.5,-26.71169239379));
#8465 = CARTESIAN_POINT('',(13.57677075246,-21.5,-26.70722606192));
#8466 = CARTESIAN_POINT('',(13.572084964103,-21.5,-26.7030349654));
#8467 = CARTESIAN_POINT('',(13.567706898223,-21.5,-26.69911910423));
#8468 = CARTESIAN_POINT('',(13.563636554819,-21.5,-26.69547847842));
#8469 = CARTESIAN_POINT('',(13.559873933892,-21.5,-26.69211308795));
#8470 = CARTESIAN_POINT('',(13.556419035442,-21.5,-26.68902293283));
#8471 = CARTESIAN_POINT('',(13.495188427614,-21.5,-26.63425661227));
#8472 = CARTESIAN_POINT('',(13.437104995759,-21.5,-26.58230521147));
#8473 = CARTESIAN_POINT('',(13.379021563905,-21.5,-26.53035381068));
#8474 = CARTESIAN_POINT('',(13.32093813205,-21.5,-26.47840240988));
#8475 = CARTESIAN_POINT('',(13.262854700196,-21.5,-26.42645100908));
#8476 = CARTESIAN_POINT('',(13.204771268341,-21.5,-26.37449960829));
#8477 = CARTESIAN_POINT('',(13.146687836487,-21.5,-26.32254820749));
#8478 = CARTESIAN_POINT('',(14.29980573934,-20.503475458,-25.89589274793
    ));
#8479 = CARTESIAN_POINT('',(14.298953097535,-20.5038593408,
    -25.89051246098));
#8480 = CARTESIAN_POINT('',(14.29810045573,-20.50424322359,
    -25.88513217402));
#8481 = CARTESIAN_POINT('',(14.297247813925,-20.50462710638,
    -25.87975188707));
#8482 = CARTESIAN_POINT('',(14.29639517212,-20.50501098918,
    -25.87437160011));
#8483 = CARTESIAN_POINT('',(14.295542530315,-20.50539487197,
    -25.86899131316));
#8484 = CARTESIAN_POINT('',(14.29468988851,-20.50577875477,
    -25.8636110262));
#8485 = CARTESIAN_POINT('',(14.278101119269,-20.51324747498,
    -25.75893361278));
#8486 = CARTESIAN_POINT('',(14.242278537253,-20.52165262846,
    -25.68209382524));
#8487 = CARTESIAN_POINT('',(14.198577969581,-20.52631179886,
    -25.61406189343));
#8488 = CARTESIAN_POINT('',(14.144038698131,-20.52826565855,
    -25.55814800084));
#8489 = CARTESIAN_POINT('',(14.081505246066,-20.52630358024,
    -25.51117187389));
#8490 = CARTESIAN_POINT('',(14.009935226894,-20.52096438835,
    -25.47429893611));
#8491 = CARTESIAN_POINT('',(13.925,-20.5141225295,-25.45236875482));
#8492 = ADVANCED_FACE('',(#8493),#8520,.T.);
#8493 = FACE_BOUND('',#8494,.F.);
#8494 = EDGE_LOOP('',(#8495,#8503,#8504,#8505,#8514));
#8495 = ORIENTED_EDGE('',*,*,#8496,.F.);
#8496 = EDGE_CURVE('',#6242,#8497,#8499,.T.);
#8497 = VERTEX_POINT('',#8498);
#8498 = CARTESIAN_POINT('',(14.3,-20.5,-26.7));
#8499 = LINE('',#8500,#8501);
#8500 = CARTESIAN_POINT('',(14.333333333333,-20.46666666666,
    -26.66666666666));
#8501 = VECTOR('',#8502,1.);
#8502 = DIRECTION('',(0.57735026919,0.57735026919,0.57735026919));
#8503 = ORIENTED_EDGE('',*,*,#6249,.T.);
#8504 = ORIENTED_EDGE('',*,*,#8384,.T.);
#8505 = ORIENTED_EDGE('',*,*,#8506,.F.);
#8506 = EDGE_CURVE('',#8507,#8385,#8509,.T.);
#8507 = VERTEX_POINT('',#8508);
#8508 = CARTESIAN_POINT('',(14.3,-20.5,-25.9364916731));
#8509 = ELLIPSE('',#8510,0.707106781187,0.5);
#8510 = AXIS2_PLACEMENT_3D('',#8511,#8512,#8513);
#8511 = CARTESIAN_POINT('',(13.8,-21.,-25.9364916731));
#8512 = DIRECTION('',(0.707106781187,-0.707106781187,0.));
#8513 = DIRECTION('',(-0.707106781187,-0.707106781187,-9.4E-16));
#8514 = ORIENTED_EDGE('',*,*,#8515,.F.);
#8515 = EDGE_CURVE('',#8497,#8507,#8516,.T.);
#8516 = LINE('',#8517,#8518);
#8517 = CARTESIAN_POINT('',(14.3,-20.5,-26.7));
#8518 = VECTOR('',#8519,1.);
#8519 = DIRECTION('',(0.,-6.7E-16,1.));
#8520 = PLANE('',#8521);
#8521 = AXIS2_PLACEMENT_3D('',#8522,#8523,#8524);
#8522 = CARTESIAN_POINT('',(13.8,-21.,-26.7));
#8523 = DIRECTION('',(0.707106781187,-0.707106781187,0.));
#8524 = DIRECTION('',(3.3E-16,3.3E-16,-1.));
#8525 = ADVANCED_FACE('',(#8526),#8537,.T.);
#8526 = FACE_BOUND('',#8527,.F.);
#8527 = EDGE_LOOP('',(#8528,#8529,#8530,#8531));
#8528 = ORIENTED_EDGE('',*,*,#8101,.F.);
#8529 = ORIENTED_EDGE('',*,*,#6241,.T.);
#8530 = ORIENTED_EDGE('',*,*,#8496,.T.);
#8531 = ORIENTED_EDGE('',*,*,#8532,.F.);
#8532 = EDGE_CURVE('',#8102,#8497,#8533,.T.);
#8533 = LINE('',#8534,#8535);
#8534 = CARTESIAN_POINT('',(16.5,-20.5,-26.7));
#8535 = VECTOR('',#8536,1.);
#8536 = DIRECTION('',(-1.,0.,0.));
#8537 = PLANE('',#8538);
#8538 = AXIS2_PLACEMENT_3D('',#8539,#8540,#8541);
#8539 = CARTESIAN_POINT('',(16.5,-21.,-27.2));
#8540 = DIRECTION('',(0.,-0.707106781187,0.707106781187));
#8541 = DIRECTION('',(1.,0.,0.));
#8542 = ADVANCED_FACE('',(#8543,#8568),#8572,.F.);
#8543 = FACE_BOUND('',#8544,.T.);
#8544 = EDGE_LOOP('',(#8545,#8553,#8561,#8567));
#8545 = ORIENTED_EDGE('',*,*,#8546,.T.);
#8546 = EDGE_CURVE('',#7144,#8547,#8549,.T.);
#8547 = VERTEX_POINT('',#8548);
#8548 = CARTESIAN_POINT('',(-16.5,-12.,21.3));
#8549 = LINE('',#8550,#8551);
#8550 = CARTESIAN_POINT('',(-16.5,-21.5,21.3));
#8551 = VECTOR('',#8552,1.);
#8552 = DIRECTION('',(0.,1.,6.7E-16));
#8553 = ORIENTED_EDGE('',*,*,#8554,.T.);
#8554 = EDGE_CURVE('',#8547,#8555,#8557,.T.);
#8555 = VERTEX_POINT('',#8556);
#8556 = CARTESIAN_POINT('',(-16.5,-12.,26.7));
#8557 = LINE('',#8558,#8559);
#8558 = CARTESIAN_POINT('',(-16.5,-12.,21.3));
#8559 = VECTOR('',#8560,1.);
#8560 = DIRECTION('',(0.,-8.9E-16,1.));
#8561 = ORIENTED_EDGE('',*,*,#8562,.F.);
#8562 = EDGE_CURVE('',#7120,#8555,#8563,.T.);
#8563 = LINE('',#8564,#8565);
#8564 = CARTESIAN_POINT('',(-16.5,-21.5,26.7));
#8565 = VECTOR('',#8566,1.);
#8566 = DIRECTION('',(0.,1.,6.7E-16));
#8567 = ORIENTED_EDGE('',*,*,#7153,.F.);
#8568 = FACE_BOUND('',#8569,.T.);
#8569 = EDGE_LOOP('',(#8570,#8571));
#8570 = ORIENTED_EDGE('',*,*,#6354,.T.);
#8571 = ORIENTED_EDGE('',*,*,#6365,.T.);
#8572 = PLANE('',#8573);
#8573 = AXIS2_PLACEMENT_3D('',#8574,#8575,#8576);
#8574 = CARTESIAN_POINT('',(-16.5,-21.5,21.3));
#8575 = DIRECTION('',(-1.,-0.,-0.));
#8576 = DIRECTION('',(0.,6.7E-16,-1.));
#8577 = ADVANCED_FACE('',(#8578,#8603),#8607,.F.);
#8578 = FACE_BOUND('',#8579,.T.);
#8579 = EDGE_LOOP('',(#8580,#8588,#8596,#8602));
#8580 = ORIENTED_EDGE('',*,*,#8581,.T.);
#8581 = EDGE_CURVE('',#7565,#8582,#8584,.T.);
#8582 = VERTEX_POINT('',#8583);
#8583 = CARTESIAN_POINT('',(-16.5,-12.,-26.7));
#8584 = LINE('',#8585,#8586);
#8585 = CARTESIAN_POINT('',(-16.5,-21.5,-26.7));
#8586 = VECTOR('',#8587,1.);
#8587 = DIRECTION('',(0.,1.,6.7E-16));
#8588 = ORIENTED_EDGE('',*,*,#8589,.T.);
#8589 = EDGE_CURVE('',#8582,#8590,#8592,.T.);
#8590 = VERTEX_POINT('',#8591);
#8591 = CARTESIAN_POINT('',(-16.5,-12.,-21.3));
#8592 = LINE('',#8593,#8594);
#8593 = CARTESIAN_POINT('',(-16.5,-12.,-26.7));
#8594 = VECTOR('',#8595,1.);
#8595 = DIRECTION('',(0.,-8.9E-16,1.));
#8596 = ORIENTED_EDGE('',*,*,#8597,.F.);
#8597 = EDGE_CURVE('',#7541,#8590,#8598,.T.);
#8598 = LINE('',#8599,#8600);
#8599 = CARTESIAN_POINT('',(-16.5,-21.5,-21.3));
#8600 = VECTOR('',#8601,1.);
#8601 = DIRECTION('',(0.,1.,6.7E-16));
#8602 = ORIENTED_EDGE('',*,*,#7574,.F.);
#8603 = FACE_BOUND('',#8604,.T.);
#8604 = EDGE_LOOP('',(#8605,#8606));
#8605 = ORIENTED_EDGE('',*,*,#6388,.T.);
#8606 = ORIENTED_EDGE('',*,*,#6399,.T.);
#8607 = PLANE('',#8608);
#8608 = AXIS2_PLACEMENT_3D('',#8609,#8610,#8611);
#8609 = CARTESIAN_POINT('',(-16.5,-21.5,-26.7));
#8610 = DIRECTION('',(-1.,-0.,-0.));
#8611 = DIRECTION('',(0.,6.7E-16,-1.));
#8612 = ADVANCED_FACE('',(#8613,#8638),#8642,.F.);
#8613 = FACE_BOUND('',#8614,.T.);
#8614 = EDGE_LOOP('',(#8615,#8623,#8631,#8637));
#8615 = ORIENTED_EDGE('',*,*,#8616,.T.);
#8616 = EDGE_CURVE('',#8093,#8617,#8619,.T.);
#8617 = VERTEX_POINT('',#8618);
#8618 = CARTESIAN_POINT('',(16.5,-12.,-21.3));
#8619 = LINE('',#8620,#8621);
#8620 = CARTESIAN_POINT('',(16.5,-21.5,-21.3));
#8621 = VECTOR('',#8622,1.);
#8622 = DIRECTION('',(0.,1.,6.7E-16));
#8623 = ORIENTED_EDGE('',*,*,#8624,.T.);
#8624 = EDGE_CURVE('',#8617,#8625,#8627,.T.);
#8625 = VERTEX_POINT('',#8626);
#8626 = CARTESIAN_POINT('',(16.5,-12.,-26.7));
#8627 = LINE('',#8628,#8629);
#8628 = CARTESIAN_POINT('',(16.5,-12.,-21.3));
#8629 = VECTOR('',#8630,1.);
#8630 = DIRECTION('',(0.,8.9E-16,-1.));
#8631 = ORIENTED_EDGE('',*,*,#8632,.F.);
#8632 = EDGE_CURVE('',#8102,#8625,#8633,.T.);
#8633 = LINE('',#8634,#8635);
#8634 = CARTESIAN_POINT('',(16.5,-21.5,-26.7));
#8635 = VECTOR('',#8636,1.);
#8636 = DIRECTION('',(0.,1.,6.7E-16));
#8637 = ORIENTED_EDGE('',*,*,#8109,.F.);
#8638 = FACE_BOUND('',#8639,.T.);
#8639 = EDGE_LOOP('',(#8640,#8641));
#8640 = ORIENTED_EDGE('',*,*,#6433,.T.);
#8641 = ORIENTED_EDGE('',*,*,#6422,.T.);
#8642 = PLANE('',#8643);
#8643 = AXIS2_PLACEMENT_3D('',#8644,#8645,#8646);
#8644 = CARTESIAN_POINT('',(16.5,-21.5,-21.3));
#8645 = DIRECTION('',(1.,0.,0.));
#8646 = DIRECTION('',(0.,-6.7E-16,1.));
#8647 = ADVANCED_FACE('',(#8648,#8673),#8677,.F.);
#8648 = FACE_BOUND('',#8649,.T.);
#8649 = EDGE_LOOP('',(#8650,#8658,#8666,#8672));
#8650 = ORIENTED_EDGE('',*,*,#8651,.T.);
#8651 = EDGE_CURVE('',#7639,#8652,#8654,.T.);
#8652 = VERTEX_POINT('',#8653);
#8653 = CARTESIAN_POINT('',(16.500000000001,-12.,26.7));
#8654 = LINE('',#8655,#8656);
#8655 = CARTESIAN_POINT('',(16.5,-21.5,26.7));
#8656 = VECTOR('',#8657,1.);
#8657 = DIRECTION('',(0.,1.,6.7E-16));
#8658 = ORIENTED_EDGE('',*,*,#8659,.T.);
#8659 = EDGE_CURVE('',#8652,#8660,#8662,.T.);
#8660 = VERTEX_POINT('',#8661);
#8661 = CARTESIAN_POINT('',(16.500000000001,-12.,21.3));
#8662 = LINE('',#8663,#8664);
#8663 = CARTESIAN_POINT('',(16.5,-12.,26.7));
#8664 = VECTOR('',#8665,1.);
#8665 = DIRECTION('',(0.,8.9E-16,-1.));
#8666 = ORIENTED_EDGE('',*,*,#8667,.F.);
#8667 = EDGE_CURVE('',#7648,#8660,#8668,.T.);
#8668 = LINE('',#8669,#8670);
#8669 = CARTESIAN_POINT('',(16.5,-21.5,21.3));
#8670 = VECTOR('',#8671,1.);
#8671 = DIRECTION('',(0.,1.,6.7E-16));
#8672 = ORIENTED_EDGE('',*,*,#7655,.F.);
#8673 = FACE_BOUND('',#8674,.T.);
#8674 = EDGE_LOOP('',(#8675,#8676));
#8675 = ORIENTED_EDGE('',*,*,#6467,.T.);
#8676 = ORIENTED_EDGE('',*,*,#6456,.T.);
#8677 = PLANE('',#8678);
#8678 = AXIS2_PLACEMENT_3D('',#8679,#8680,#8681);
#8679 = CARTESIAN_POINT('',(16.5,-21.5,26.7));
#8680 = DIRECTION('',(1.,0.,0.));
#8681 = DIRECTION('',(0.,-6.7E-16,1.));
#8682 = ADVANCED_FACE('',(#8683),#8709,.F.);
#8683 = FACE_BOUND('',#8684,.F.);
#8684 = EDGE_LOOP('',(#8685,#8686,#8687,#8695,#8703));
#8685 = ORIENTED_EDGE('',*,*,#6499,.F.);
#8686 = ORIENTED_EDGE('',*,*,#6635,.F.);
#8687 = ORIENTED_EDGE('',*,*,#8688,.T.);
#8688 = EDGE_CURVE('',#6628,#8689,#8691,.T.);
#8689 = VERTEX_POINT('',#8690);
#8690 = CARTESIAN_POINT('',(6.318376618407,2.5,-1.));
#8691 = LINE('',#8692,#8693);
#8692 = CARTESIAN_POINT('',(10.176896576916,6.358519958509,-1.));
#8693 = VECTOR('',#8694,1.);
#8694 = DIRECTION('',(-0.707106781187,-0.707106781187,0.));
#8695 = ORIENTED_EDGE('',*,*,#8696,.F.);
#8696 = EDGE_CURVE('',#8697,#8689,#8699,.T.);
#8697 = VERTEX_POINT('',#8698);
#8698 = CARTESIAN_POINT('',(6.318376618407,-2.5,-1.));
#8699 = LINE('',#8700,#8701);
#8700 = CARTESIAN_POINT('',(6.318376618407,-2.5,-1.));
#8701 = VECTOR('',#8702,1.);
#8702 = DIRECTION('',(0.,1.,0.));
#8703 = ORIENTED_EDGE('',*,*,#8704,.F.);
#8704 = EDGE_CURVE('',#6500,#8697,#8705,.T.);
#8705 = LINE('',#8706,#8707);
#8706 = CARTESIAN_POINT('',(10.176896576916,-6.358519958509,-1.));
#8707 = VECTOR('',#8708,1.);
#8708 = DIRECTION('',(-0.707106781187,0.707106781187,0.));
#8709 = PLANE('',#8710);
#8710 = AXIS2_PLACEMENT_3D('',#8711,#8712,#8713);
#8711 = CARTESIAN_POINT('',(-6.8E-16,3.E-17,-1.));
#8712 = DIRECTION('',(0.,0.,1.));
#8713 = DIRECTION('',(1.,0.,0.));
#8714 = ADVANCED_FACE('',(#8715),#8733,.F.);
#8715 = FACE_BOUND('',#8716,.F.);
#8716 = EDGE_LOOP('',(#8717,#8718,#8719,#8727));
#8717 = ORIENTED_EDGE('',*,*,#8688,.F.);
#8718 = ORIENTED_EDGE('',*,*,#6627,.T.);
#8719 = ORIENTED_EDGE('',*,*,#8720,.T.);
#8720 = EDGE_CURVE('',#6619,#8721,#8723,.T.);
#8721 = VERTEX_POINT('',#8722);
#8722 = CARTESIAN_POINT('',(6.318376618407,2.5,1.));
#8723 = LINE('',#8724,#8725);
#8724 = CARTESIAN_POINT('',(10.176896576916,6.358519958509,1.));
#8725 = VECTOR('',#8726,1.);
#8726 = DIRECTION('',(-0.707106781187,-0.707106781187,0.));
#8727 = ORIENTED_EDGE('',*,*,#8728,.F.);
#8728 = EDGE_CURVE('',#8689,#8721,#8729,.T.);
#8729 = LINE('',#8730,#8731);
#8730 = CARTESIAN_POINT('',(6.318376618407,2.5,-1.));
#8731 = VECTOR('',#8732,1.);
#8732 = DIRECTION('',(0.,0.,1.));
#8733 = PLANE('',#8734);
#8734 = AXIS2_PLACEMENT_3D('',#8735,#8736,#8737);
#8735 = CARTESIAN_POINT('',(10.176896576916,6.358519958509,-1.));
#8736 = DIRECTION('',(0.707106781187,-0.707106781187,0.));
#8737 = DIRECTION('',(-0.707106781187,-0.707106781187,0.));
#8738 = ADVANCED_FACE('',(#8739,#8826,#8909,#8920,#8931,#8942),#8953,.T.
  );
#8739 = FACE_BOUND('',#8740,.T.);
#8740 = EDGE_LOOP('',(#8741,#8742,#8750,#8758,#8764,#8765,#8773,#8781,
    #8787,#8788,#8789,#8797,#8803,#8804,#8812,#8820));
#8741 = ORIENTED_EDGE('',*,*,#6550,.T.);
#8742 = ORIENTED_EDGE('',*,*,#8743,.T.);
#8743 = EDGE_CURVE('',#6551,#8744,#8746,.T.);
#8744 = VERTEX_POINT('',#8745);
#8745 = CARTESIAN_POINT('',(-6.318376618407,-2.5,1.));
#8746 = LINE('',#8747,#8748);
#8747 = CARTESIAN_POINT('',(-10.17689657691,-6.358519958509,1.));
#8748 = VECTOR('',#8749,1.);
#8749 = DIRECTION('',(0.707106781187,0.707106781187,0.));
#8750 = ORIENTED_EDGE('',*,*,#8751,.T.);
#8751 = EDGE_CURVE('',#8744,#8752,#8754,.T.);
#8752 = VERTEX_POINT('',#8753);
#8753 = CARTESIAN_POINT('',(-6.318376618407,2.5,1.));
#8754 = LINE('',#8755,#8756);
#8755 = CARTESIAN_POINT('',(-6.318376618407,-2.5,1.));
#8756 = VECTOR('',#8757,1.);
#8757 = DIRECTION('',(0.,1.,0.));
#8758 = ORIENTED_EDGE('',*,*,#8759,.F.);
#8759 = EDGE_CURVE('',#6577,#8752,#8760,.T.);
#8760 = LINE('',#8761,#8762);
#8761 = CARTESIAN_POINT('',(-10.17689657691,6.358519958509,1.));
#8762 = VECTOR('',#8763,1.);
#8763 = DIRECTION('',(0.707106781187,-0.707106781187,0.));
#8764 = ORIENTED_EDGE('',*,*,#6584,.F.);
#8765 = ORIENTED_EDGE('',*,*,#8766,.T.);
#8766 = EDGE_CURVE('',#6585,#8767,#8769,.T.);
#8767 = VERTEX_POINT('',#8768);
#8768 = CARTESIAN_POINT('',(-2.5,6.318376618407,1.));
#8769 = LINE('',#8770,#8771);
#8770 = CARTESIAN_POINT('',(-6.358519958509,10.176896576916,1.));
#8771 = VECTOR('',#8772,1.);
#8772 = DIRECTION('',(0.707106781187,-0.707106781187,0.));
#8773 = ORIENTED_EDGE('',*,*,#8774,.F.);
#8774 = EDGE_CURVE('',#8775,#8767,#8777,.T.);
#8775 = VERTEX_POINT('',#8776);
#8776 = CARTESIAN_POINT('',(2.5,6.318376618407,1.));
#8777 = LINE('',#8778,#8779);
#8778 = CARTESIAN_POINT('',(2.5,6.318376618407,1.));
#8779 = VECTOR('',#8780,1.);
#8780 = DIRECTION('',(-1.,0.,0.));
#8781 = ORIENTED_EDGE('',*,*,#8782,.F.);
#8782 = EDGE_CURVE('',#6611,#8775,#8783,.T.);
#8783 = LINE('',#8784,#8785);
#8784 = CARTESIAN_POINT('',(6.358519958509,10.176896576916,1.));
#8785 = VECTOR('',#8786,1.);
#8786 = DIRECTION('',(-0.707106781187,-0.707106781187,0.));
#8787 = ORIENTED_EDGE('',*,*,#6618,.T.);
#8788 = ORIENTED_EDGE('',*,*,#8720,.T.);
#8789 = ORIENTED_EDGE('',*,*,#8790,.F.);
#8790 = EDGE_CURVE('',#8791,#8721,#8793,.T.);
#8791 = VERTEX_POINT('',#8792);
#8792 = CARTESIAN_POINT('',(6.318376618407,-2.5,1.));
#8793 = LINE('',#8794,#8795);
#8794 = CARTESIAN_POINT('',(6.318376618407,-2.5,1.));
#8795 = VECTOR('',#8796,1.);
#8796 = DIRECTION('',(0.,1.,0.));
#8797 = ORIENTED_EDGE('',*,*,#8798,.F.);
#8798 = EDGE_CURVE('',#6509,#8791,#8799,.T.);
#8799 = LINE('',#8800,#8801);
#8800 = CARTESIAN_POINT('',(10.176896576916,-6.358519958509,1.));
#8801 = VECTOR('',#8802,1.);
#8802 = DIRECTION('',(-0.707106781187,0.707106781187,0.));
#8803 = ORIENTED_EDGE('',*,*,#6516,.F.);
#8804 = ORIENTED_EDGE('',*,*,#8805,.T.);
#8805 = EDGE_CURVE('',#6517,#8806,#8808,.T.);
#8806 = VERTEX_POINT('',#8807);
#8807 = CARTESIAN_POINT('',(2.499999999993,-6.318376618401,1.));
#8808 = LINE('',#8809,#8810);
#8809 = CARTESIAN_POINT('',(6.358519958509,-10.17689657691,1.));
#8810 = VECTOR('',#8811,1.);
#8811 = DIRECTION('',(-0.707106781187,0.707106781187,0.));
#8812 = ORIENTED_EDGE('',*,*,#8813,.F.);
#8813 = EDGE_CURVE('',#8814,#8806,#8816,.T.);
#8814 = VERTEX_POINT('',#8815);
#8815 = CARTESIAN_POINT('',(-2.499999999993,-6.318376618401,1.));
#8816 = LINE('',#8817,#8818);
#8817 = CARTESIAN_POINT('',(-2.499999999993,-6.318376618401,1.));
#8818 = VECTOR('',#8819,1.);
#8819 = DIRECTION('',(1.,0.,0.));
#8820 = ORIENTED_EDGE('',*,*,#8821,.F.);
#8821 = EDGE_CURVE('',#6543,#8814,#8822,.T.);
#8822 = LINE('',#8823,#8824);
#8823 = CARTESIAN_POINT('',(-6.358519958509,-10.17689657691,1.));
#8824 = VECTOR('',#8825,1.);
#8825 = DIRECTION('',(0.707106781187,0.707106781187,0.));
#8826 = FACE_BOUND('',#8827,.T.);
#8827 = EDGE_LOOP('',(#8828,#8839,#8848,#8857,#8866,#8875,#8884,#8893,
    #8902));
#8828 = ORIENTED_EDGE('',*,*,#8829,.F.);
#8829 = EDGE_CURVE('',#8830,#8832,#8834,.T.);
#8830 = VERTEX_POINT('',#8831);
#8831 = CARTESIAN_POINT('',(-0.636396103068,-4.454772721475,1.));
#8832 = VERTEX_POINT('',#8833);
#8833 = CARTESIAN_POINT('',(-4.454772721475,-0.636396103068,1.));
#8834 = CIRCLE('',#8835,4.5);
#8835 = AXIS2_PLACEMENT_3D('',#8836,#8837,#8838);
#8836 = CARTESIAN_POINT('',(0.,0.,1.));
#8837 = DIRECTION('',(0.,0.,-1.));
#8838 = DIRECTION('',(1.,0.,0.));
#8839 = ORIENTED_EDGE('',*,*,#8840,.T.);
#8840 = EDGE_CURVE('',#8830,#8841,#8843,.T.);
#8841 = VERTEX_POINT('',#8842);
#8842 = CARTESIAN_POINT('',(0.636396103068,-4.454772721475,1.));
#8843 = CIRCLE('',#8844,4.5);
#8844 = AXIS2_PLACEMENT_3D('',#8845,#8846,#8847);
#8845 = CARTESIAN_POINT('',(0.,0.,1.));
#8846 = DIRECTION('',(0.,0.,1.));
#8847 = DIRECTION('',(1.,0.,0.));
#8848 = ORIENTED_EDGE('',*,*,#8849,.T.);
#8849 = EDGE_CURVE('',#8841,#8850,#8852,.T.);
#8850 = VERTEX_POINT('',#8851);
#8851 = CARTESIAN_POINT('',(4.454772721475,-0.636396103068,1.));
#8852 = CIRCLE('',#8853,4.5);
#8853 = AXIS2_PLACEMENT_3D('',#8854,#8855,#8856);
#8854 = CARTESIAN_POINT('',(0.,0.,1.));
#8855 = DIRECTION('',(0.,0.,1.));
#8856 = DIRECTION('',(-1.,0.,0.));
#8857 = ORIENTED_EDGE('',*,*,#8858,.T.);
#8858 = EDGE_CURVE('',#8850,#8859,#8861,.T.);
#8859 = VERTEX_POINT('',#8860);
#8860 = CARTESIAN_POINT('',(4.5,0.,1.));
#8861 = CIRCLE('',#8862,4.5);
#8862 = AXIS2_PLACEMENT_3D('',#8863,#8864,#8865);
#8863 = CARTESIAN_POINT('',(0.,0.,1.));
#8864 = DIRECTION('',(0.,0.,1.));
#8865 = DIRECTION('',(1.,0.,0.));
#8866 = ORIENTED_EDGE('',*,*,#8867,.T.);
#8867 = EDGE_CURVE('',#8859,#8868,#8870,.T.);
#8868 = VERTEX_POINT('',#8869);
#8869 = CARTESIAN_POINT('',(4.454772721475,0.636396103068,1.));
#8870 = CIRCLE('',#8871,4.5);
#8871 = AXIS2_PLACEMENT_3D('',#8872,#8873,#8874);
#8872 = CARTESIAN_POINT('',(0.,0.,1.));
#8873 = DIRECTION('',(0.,0.,1.));
#8874 = DIRECTION('',(1.,0.,0.));
#8875 = ORIENTED_EDGE('',*,*,#8876,.F.);
#8876 = EDGE_CURVE('',#8877,#8868,#8879,.T.);
#8877 = VERTEX_POINT('',#8878);
#8878 = CARTESIAN_POINT('',(0.636396103068,4.454772721475,1.));
#8879 = CIRCLE('',#8880,4.5);
#8880 = AXIS2_PLACEMENT_3D('',#8881,#8882,#8883);
#8881 = CARTESIAN_POINT('',(0.,0.,1.));
#8882 = DIRECTION('',(0.,0.,-1.));
#8883 = DIRECTION('',(-1.,0.,0.));
#8884 = ORIENTED_EDGE('',*,*,#8885,.T.);
#8885 = EDGE_CURVE('',#8877,#8886,#8888,.T.);
#8886 = VERTEX_POINT('',#8887);
#8887 = CARTESIAN_POINT('',(-0.636396103068,4.454772721475,1.));
#8888 = CIRCLE('',#8889,4.5);
#8889 = AXIS2_PLACEMENT_3D('',#8890,#8891,#8892);
#8890 = CARTESIAN_POINT('',(0.,0.,1.));
#8891 = DIRECTION('',(0.,0.,1.));
#8892 = DIRECTION('',(1.,0.,0.));
#8893 = ORIENTED_EDGE('',*,*,#8894,.T.);
#8894 = EDGE_CURVE('',#8886,#8895,#8897,.T.);
#8895 = VERTEX_POINT('',#8896);
#8896 = CARTESIAN_POINT('',(-4.454772721475,0.636396103068,1.));
#8897 = CIRCLE('',#8898,4.5);
#8898 = AXIS2_PLACEMENT_3D('',#8899,#8900,#8901);
#8899 = CARTESIAN_POINT('',(0.,0.,1.));
#8900 = DIRECTION('',(0.,0.,1.));
#8901 = DIRECTION('',(1.,0.,0.));
#8902 = ORIENTED_EDGE('',*,*,#8903,.T.);
#8903 = EDGE_CURVE('',#8895,#8832,#8904,.T.);
#8904 = CIRCLE('',#8905,4.5);
#8905 = AXIS2_PLACEMENT_3D('',#8906,#8907,#8908);
#8906 = CARTESIAN_POINT('',(0.,0.,1.));
#8907 = DIRECTION('',(0.,0.,1.));
#8908 = DIRECTION('',(1.,0.,0.));
#8909 = FACE_BOUND('',#8910,.T.);
#8910 = EDGE_LOOP('',(#8911));
#8911 = ORIENTED_EDGE('',*,*,#8912,.T.);
#8912 = EDGE_CURVE('',#8913,#8913,#8915,.T.);
#8913 = VERTEX_POINT('',#8914);
#8914 = CARTESIAN_POINT('',(-4.156854249492,-5.656854249492,1.));
#8915 = CIRCLE('',#8916,1.5);
#8916 = AXIS2_PLACEMENT_3D('',#8917,#8918,#8919);
#8917 = CARTESIAN_POINT('',(-5.656854249492,-5.656854249492,1.));
#8918 = DIRECTION('',(0.,0.,1.));
#8919 = DIRECTION('',(1.,0.,0.));
#8920 = FACE_BOUND('',#8921,.T.);
#8921 = EDGE_LOOP('',(#8922));
#8922 = ORIENTED_EDGE('',*,*,#8923,.T.);
#8923 = EDGE_CURVE('',#8924,#8924,#8926,.T.);
#8924 = VERTEX_POINT('',#8925);
#8925 = CARTESIAN_POINT('',(7.156854249492,-5.656854249492,1.));
#8926 = CIRCLE('',#8927,1.5);
#8927 = AXIS2_PLACEMENT_3D('',#8928,#8929,#8930);
#8928 = CARTESIAN_POINT('',(5.656854249492,-5.656854249492,1.));
#8929 = DIRECTION('',(0.,0.,1.));
#8930 = DIRECTION('',(1.,0.,0.));
#8931 = FACE_BOUND('',#8932,.T.);
#8932 = EDGE_LOOP('',(#8933));
#8933 = ORIENTED_EDGE('',*,*,#8934,.T.);
#8934 = EDGE_CURVE('',#8935,#8935,#8937,.T.);
#8935 = VERTEX_POINT('',#8936);
#8936 = CARTESIAN_POINT('',(7.156854249492,5.656854249492,1.));
#8937 = CIRCLE('',#8938,1.5);
#8938 = AXIS2_PLACEMENT_3D('',#8939,#8940,#8941);
#8939 = CARTESIAN_POINT('',(5.656854249492,5.656854249492,1.));
#8940 = DIRECTION('',(0.,0.,1.));
#8941 = DIRECTION('',(1.,0.,0.));
#8942 = FACE_BOUND('',#8943,.T.);
#8943 = EDGE_LOOP('',(#8944));
#8944 = ORIENTED_EDGE('',*,*,#8945,.T.);
#8945 = EDGE_CURVE('',#8946,#8946,#8948,.T.);
#8946 = VERTEX_POINT('',#8947);
#8947 = CARTESIAN_POINT('',(-4.156854249492,5.656854249492,1.));
#8948 = CIRCLE('',#8949,1.5);
#8949 = AXIS2_PLACEMENT_3D('',#8950,#8951,#8952);
#8950 = CARTESIAN_POINT('',(-5.656854249492,5.656854249492,1.));
#8951 = DIRECTION('',(0.,0.,1.));
#8952 = DIRECTION('',(1.,0.,0.));
#8953 = PLANE('',#8954);
#8954 = AXIS2_PLACEMENT_3D('',#8955,#8956,#8957);
#8955 = CARTESIAN_POINT('',(-1.5E-16,-1.826E-14,1.));
#8956 = DIRECTION('',(-0.,-0.,-1.));
#8957 = DIRECTION('',(-1.,0.,0.));
#8958 = ADVANCED_FACE('',(#8959),#8970,.F.);
#8959 = FACE_BOUND('',#8960,.T.);
#8960 = EDGE_LOOP('',(#8961,#8962,#8963,#8964));
#8961 = ORIENTED_EDGE('',*,*,#8704,.F.);
#8962 = ORIENTED_EDGE('',*,*,#6508,.T.);
#8963 = ORIENTED_EDGE('',*,*,#8798,.T.);
#8964 = ORIENTED_EDGE('',*,*,#8965,.F.);
#8965 = EDGE_CURVE('',#8697,#8791,#8966,.T.);
#8966 = LINE('',#8967,#8968);
#8967 = CARTESIAN_POINT('',(6.318376618407,-2.5,-1.));
#8968 = VECTOR('',#8969,1.);
#8969 = DIRECTION('',(0.,0.,1.));
#8970 = PLANE('',#8971);
#8971 = AXIS2_PLACEMENT_3D('',#8972,#8973,#8974);
#8972 = CARTESIAN_POINT('',(10.176896576916,-6.358519958509,-1.));
#8973 = DIRECTION('',(0.707106781187,0.707106781187,0.));
#8974 = DIRECTION('',(0.707106781187,-0.707106781187,0.));
#8975 = ADVANCED_FACE('',(#8976),#8994,.T.);
#8976 = FACE_BOUND('',#8977,.T.);
#8977 = EDGE_LOOP('',(#8978,#8986,#8987,#8988));
#8978 = ORIENTED_EDGE('',*,*,#8979,.F.);
#8979 = EDGE_CURVE('',#6602,#8980,#8982,.T.);
#8980 = VERTEX_POINT('',#8981);
#8981 = CARTESIAN_POINT('',(2.5,6.318376618407,-1.));
#8982 = LINE('',#8983,#8984);
#8983 = CARTESIAN_POINT('',(6.358519958509,10.176896576916,-1.));
#8984 = VECTOR('',#8985,1.);
#8985 = DIRECTION('',(-0.707106781187,-0.707106781187,0.));
#8986 = ORIENTED_EDGE('',*,*,#6610,.T.);
#8987 = ORIENTED_EDGE('',*,*,#8782,.T.);
#8988 = ORIENTED_EDGE('',*,*,#8989,.F.);
#8989 = EDGE_CURVE('',#8980,#8775,#8990,.T.);
#8990 = LINE('',#8991,#8992);
#8991 = CARTESIAN_POINT('',(2.5,6.318376618407,-1.));
#8992 = VECTOR('',#8993,1.);
#8993 = DIRECTION('',(0.,0.,1.));
#8994 = PLANE('',#8995);
#8995 = AXIS2_PLACEMENT_3D('',#8996,#8997,#8998);
#8996 = CARTESIAN_POINT('',(6.358519958509,10.176896576916,-1.));
#8997 = DIRECTION('',(0.707106781187,-0.707106781187,0.));
#8998 = DIRECTION('',(-0.707106781187,-0.707106781187,0.));
#8999 = ADVANCED_FACE('',(#9000),#9018,.F.);
#9000 = FACE_BOUND('',#9001,.F.);
#9001 = EDGE_LOOP('',(#9002,#9003,#9004,#9012));
#9002 = ORIENTED_EDGE('',*,*,#8979,.F.);
#9003 = ORIENTED_EDGE('',*,*,#6601,.F.);
#9004 = ORIENTED_EDGE('',*,*,#9005,.T.);
#9005 = EDGE_CURVE('',#6594,#9006,#9008,.T.);
#9006 = VERTEX_POINT('',#9007);
#9007 = CARTESIAN_POINT('',(-2.5,6.318376618407,-1.));
#9008 = LINE('',#9009,#9010);
#9009 = CARTESIAN_POINT('',(-6.358519958509,10.176896576916,-1.));
#9010 = VECTOR('',#9011,1.);
#9011 = DIRECTION('',(0.707106781187,-0.707106781187,0.));
#9012 = ORIENTED_EDGE('',*,*,#9013,.F.);
#9013 = EDGE_CURVE('',#8980,#9006,#9014,.T.);
#9014 = LINE('',#9015,#9016);
#9015 = CARTESIAN_POINT('',(2.5,6.318376618407,-1.));
#9016 = VECTOR('',#9017,1.);
#9017 = DIRECTION('',(-1.,0.,0.));
#9018 = PLANE('',#9019);
#9019 = AXIS2_PLACEMENT_3D('',#9020,#9021,#9022);
#9020 = CARTESIAN_POINT('',(-6.8E-16,3.E-17,-1.));
#9021 = DIRECTION('',(0.,0.,1.));
#9022 = DIRECTION('',(1.,0.,0.));
#9023 = ADVANCED_FACE('',(#9024),#9042,.T.);
#9024 = FACE_BOUND('',#9025,.F.);
#9025 = EDGE_LOOP('',(#9026,#9034,#9035,#9036));
#9026 = ORIENTED_EDGE('',*,*,#9027,.F.);
#9027 = EDGE_CURVE('',#6526,#9028,#9030,.T.);
#9028 = VERTEX_POINT('',#9029);
#9029 = CARTESIAN_POINT('',(2.499999999993,-6.318376618401,-1.));
#9030 = LINE('',#9031,#9032);
#9031 = CARTESIAN_POINT('',(6.358519958509,-10.17689657691,-1.));
#9032 = VECTOR('',#9033,1.);
#9033 = DIRECTION('',(-0.707106781187,0.707106781187,0.));
#9034 = ORIENTED_EDGE('',*,*,#6525,.T.);
#9035 = ORIENTED_EDGE('',*,*,#8805,.T.);
#9036 = ORIENTED_EDGE('',*,*,#9037,.F.);
#9037 = EDGE_CURVE('',#9028,#8806,#9038,.T.);
#9038 = LINE('',#9039,#9040);
#9039 = CARTESIAN_POINT('',(2.499999999993,-6.318376618401,-1.));
#9040 = VECTOR('',#9041,1.);
#9041 = DIRECTION('',(0.,0.,1.));
#9042 = PLANE('',#9043);
#9043 = AXIS2_PLACEMENT_3D('',#9044,#9045,#9046);
#9044 = CARTESIAN_POINT('',(6.358519958509,-10.17689657691,-1.));
#9045 = DIRECTION('',(0.707106781187,0.707106781187,0.));
#9046 = DIRECTION('',(0.707106781187,-0.707106781187,0.));
#9047 = ADVANCED_FACE('',(#9048),#9059,.T.);
#9048 = FACE_BOUND('',#9049,.F.);
#9049 = EDGE_LOOP('',(#9050,#9051,#9052,#9053));
#9050 = ORIENTED_EDGE('',*,*,#9005,.F.);
#9051 = ORIENTED_EDGE('',*,*,#6593,.T.);
#9052 = ORIENTED_EDGE('',*,*,#8766,.T.);
#9053 = ORIENTED_EDGE('',*,*,#9054,.F.);
#9054 = EDGE_CURVE('',#9006,#8767,#9055,.T.);
#9055 = LINE('',#9056,#9057);
#9056 = CARTESIAN_POINT('',(-2.5,6.318376618407,-1.));
#9057 = VECTOR('',#9058,1.);
#9058 = DIRECTION('',(0.,0.,1.));
#9059 = PLANE('',#9060);
#9060 = AXIS2_PLACEMENT_3D('',#9061,#9062,#9063);
#9061 = CARTESIAN_POINT('',(-6.358519958509,10.176896576916,-1.));
#9062 = DIRECTION('',(-0.707106781187,-0.707106781187,-0.));
#9063 = DIRECTION('',(-0.707106781187,0.707106781187,0.));
#9064 = ADVANCED_FACE('',(#9065),#9083,.F.);
#9065 = FACE_BOUND('',#9066,.F.);
#9066 = EDGE_LOOP('',(#9067,#9068,#9069,#9077));
#9067 = ORIENTED_EDGE('',*,*,#6533,.F.);
#9068 = ORIENTED_EDGE('',*,*,#9027,.T.);
#9069 = ORIENTED_EDGE('',*,*,#9070,.F.);
#9070 = EDGE_CURVE('',#9071,#9028,#9073,.T.);
#9071 = VERTEX_POINT('',#9072);
#9072 = CARTESIAN_POINT('',(-2.499999999993,-6.318376618401,-1.));
#9073 = LINE('',#9074,#9075);
#9074 = CARTESIAN_POINT('',(-2.499999999993,-6.318376618401,-1.));
#9075 = VECTOR('',#9076,1.);
#9076 = DIRECTION('',(1.,0.,0.));
#9077 = ORIENTED_EDGE('',*,*,#9078,.F.);
#9078 = EDGE_CURVE('',#6534,#9071,#9079,.T.);
#9079 = LINE('',#9080,#9081);
#9080 = CARTESIAN_POINT('',(-6.358519958509,-10.17689657691,-1.));
#9081 = VECTOR('',#9082,1.);
#9082 = DIRECTION('',(0.707106781187,0.707106781187,0.));
#9083 = PLANE('',#9084);
#9084 = AXIS2_PLACEMENT_3D('',#9085,#9086,#9087);
#9085 = CARTESIAN_POINT('',(-6.8E-16,3.E-17,-1.));
#9086 = DIRECTION('',(0.,0.,1.));
#9087 = DIRECTION('',(1.,0.,0.));
#9088 = ADVANCED_FACE('',(#9089),#9100,.T.);
#9089 = FACE_BOUND('',#9090,.T.);
#9090 = EDGE_LOOP('',(#9091,#9092,#9093,#9094));
#9091 = ORIENTED_EDGE('',*,*,#9078,.F.);
#9092 = ORIENTED_EDGE('',*,*,#6542,.T.);
#9093 = ORIENTED_EDGE('',*,*,#8821,.T.);
#9094 = ORIENTED_EDGE('',*,*,#9095,.F.);
#9095 = EDGE_CURVE('',#9071,#8814,#9096,.T.);
#9096 = LINE('',#9097,#9098);
#9097 = CARTESIAN_POINT('',(-2.499999999993,-6.318376618401,-1.));
#9098 = VECTOR('',#9099,1.);
#9099 = DIRECTION('',(0.,0.,1.));
#9100 = PLANE('',#9101);
#9101 = AXIS2_PLACEMENT_3D('',#9102,#9103,#9104);
#9102 = CARTESIAN_POINT('',(-6.358519958509,-10.17689657691,-1.));
#9103 = DIRECTION('',(-0.707106781187,0.707106781187,0.));
#9104 = DIRECTION('',(0.707106781187,0.707106781187,0.));
#9105 = ADVANCED_FACE('',(#9106),#9124,.F.);
#9106 = FACE_BOUND('',#9107,.T.);
#9107 = EDGE_LOOP('',(#9108,#9116,#9117,#9118));
#9108 = ORIENTED_EDGE('',*,*,#9109,.F.);
#9109 = EDGE_CURVE('',#6568,#9110,#9112,.T.);
#9110 = VERTEX_POINT('',#9111);
#9111 = CARTESIAN_POINT('',(-6.318376618407,2.5,-1.));
#9112 = LINE('',#9113,#9114);
#9113 = CARTESIAN_POINT('',(-10.17689657691,6.358519958509,-1.));
#9114 = VECTOR('',#9115,1.);
#9115 = DIRECTION('',(0.707106781187,-0.707106781187,0.));
#9116 = ORIENTED_EDGE('',*,*,#6576,.T.);
#9117 = ORIENTED_EDGE('',*,*,#8759,.T.);
#9118 = ORIENTED_EDGE('',*,*,#9119,.F.);
#9119 = EDGE_CURVE('',#9110,#8752,#9120,.T.);
#9120 = LINE('',#9121,#9122);
#9121 = CARTESIAN_POINT('',(-6.318376618407,2.5,-1.));
#9122 = VECTOR('',#9123,1.);
#9123 = DIRECTION('',(0.,0.,1.));
#9124 = PLANE('',#9125);
#9125 = AXIS2_PLACEMENT_3D('',#9126,#9127,#9128);
#9126 = CARTESIAN_POINT('',(-10.17689657691,6.358519958509,-1.));
#9127 = DIRECTION('',(-0.707106781187,-0.707106781187,-0.));
#9128 = DIRECTION('',(-0.707106781187,0.707106781187,0.));
#9129 = ADVANCED_FACE('',(#9130),#9148,.F.);
#9130 = FACE_BOUND('',#9131,.F.);
#9131 = EDGE_LOOP('',(#9132,#9133,#9134,#9142));
#9132 = ORIENTED_EDGE('',*,*,#9109,.F.);
#9133 = ORIENTED_EDGE('',*,*,#6567,.F.);
#9134 = ORIENTED_EDGE('',*,*,#9135,.T.);
#9135 = EDGE_CURVE('',#6560,#9136,#9138,.T.);
#9136 = VERTEX_POINT('',#9137);
#9137 = CARTESIAN_POINT('',(-6.318376618407,-2.5,-1.));
#9138 = LINE('',#9139,#9140);
#9139 = CARTESIAN_POINT('',(-10.17689657691,-6.358519958509,-1.));
#9140 = VECTOR('',#9141,1.);
#9141 = DIRECTION('',(0.707106781187,0.707106781187,0.));
#9142 = ORIENTED_EDGE('',*,*,#9143,.T.);
#9143 = EDGE_CURVE('',#9136,#9110,#9144,.T.);
#9144 = LINE('',#9145,#9146);
#9145 = CARTESIAN_POINT('',(-6.318376618407,-2.5,-1.));
#9146 = VECTOR('',#9147,1.);
#9147 = DIRECTION('',(0.,1.,0.));
#9148 = PLANE('',#9149);
#9149 = AXIS2_PLACEMENT_3D('',#9150,#9151,#9152);
#9150 = CARTESIAN_POINT('',(-6.8E-16,3.E-17,-1.));
#9151 = DIRECTION('',(0.,0.,1.));
#9152 = DIRECTION('',(1.,0.,0.));
#9153 = ADVANCED_FACE('',(#9154),#9165,.F.);
#9154 = FACE_BOUND('',#9155,.F.);
#9155 = EDGE_LOOP('',(#9156,#9157,#9158,#9159));
#9156 = ORIENTED_EDGE('',*,*,#9135,.F.);
#9157 = ORIENTED_EDGE('',*,*,#6559,.T.);
#9158 = ORIENTED_EDGE('',*,*,#8743,.T.);
#9159 = ORIENTED_EDGE('',*,*,#9160,.F.);
#9160 = EDGE_CURVE('',#9136,#8744,#9161,.T.);
#9161 = LINE('',#9162,#9163);
#9162 = CARTESIAN_POINT('',(-6.318376618407,-2.5,-1.));
#9163 = VECTOR('',#9164,1.);
#9164 = DIRECTION('',(0.,0.,1.));
#9165 = PLANE('',#9166);
#9166 = AXIS2_PLACEMENT_3D('',#9167,#9168,#9169);
#9167 = CARTESIAN_POINT('',(-10.17689657691,-6.358519958509,-1.));
#9168 = DIRECTION('',(-0.707106781187,0.707106781187,0.));
#9169 = DIRECTION('',(0.707106781187,0.707106781187,0.));
#9170 = ADVANCED_FACE('',(#9171,#9174,#9185,#9196,#9207,#9218),#9229,.T.
  );
#9171 = FACE_BOUND('',#9172,.T.);
#9172 = EDGE_LOOP('',(#9173));
#9173 = ORIENTED_EDGE('',*,*,#6658,.T.);
#9174 = FACE_BOUND('',#9175,.T.);
#9175 = EDGE_LOOP('',(#9176));
#9176 = ORIENTED_EDGE('',*,*,#9177,.F.);
#9177 = EDGE_CURVE('',#9178,#9178,#9180,.T.);
#9178 = VERTEX_POINT('',#9179);
#9179 = CARTESIAN_POINT('',(-4.156854249492,-5.656854249492,15.));
#9180 = CIRCLE('',#9181,1.5);
#9181 = AXIS2_PLACEMENT_3D('',#9182,#9183,#9184);
#9182 = CARTESIAN_POINT('',(-5.656854249492,-5.656854249492,15.));
#9183 = DIRECTION('',(0.,0.,1.));
#9184 = DIRECTION('',(1.,0.,0.));
#9185 = FACE_BOUND('',#9186,.T.);
#9186 = EDGE_LOOP('',(#9187));
#9187 = ORIENTED_EDGE('',*,*,#9188,.F.);
#9188 = EDGE_CURVE('',#9189,#9189,#9191,.T.);
#9189 = VERTEX_POINT('',#9190);
#9190 = CARTESIAN_POINT('',(7.156854249492,-5.656854249492,15.));
#9191 = CIRCLE('',#9192,1.5);
#9192 = AXIS2_PLACEMENT_3D('',#9193,#9194,#9195);
#9193 = CARTESIAN_POINT('',(5.656854249492,-5.656854249492,15.));
#9194 = DIRECTION('',(0.,0.,1.));
#9195 = DIRECTION('',(1.,0.,0.));
#9196 = FACE_BOUND('',#9197,.T.);
#9197 = EDGE_LOOP('',(#9198));
#9198 = ORIENTED_EDGE('',*,*,#9199,.F.);
#9199 = EDGE_CURVE('',#9200,#9200,#9202,.T.);
#9200 = VERTEX_POINT('',#9201);
#9201 = CARTESIAN_POINT('',(-4.156854249492,5.656854249492,15.));
#9202 = CIRCLE('',#9203,1.5);
#9203 = AXIS2_PLACEMENT_3D('',#9204,#9205,#9206);
#9204 = CARTESIAN_POINT('',(-5.656854249492,5.656854249492,15.));
#9205 = DIRECTION('',(0.,0.,1.));
#9206 = DIRECTION('',(1.,0.,0.));
#9207 = FACE_BOUND('',#9208,.T.);
#9208 = EDGE_LOOP('',(#9209));
#9209 = ORIENTED_EDGE('',*,*,#9210,.F.);
#9210 = EDGE_CURVE('',#9211,#9211,#9213,.T.);
#9211 = VERTEX_POINT('',#9212);
#9212 = CARTESIAN_POINT('',(4.5,0.,15.));
#9213 = CIRCLE('',#9214,4.5);
#9214 = AXIS2_PLACEMENT_3D('',#9215,#9216,#9217);
#9215 = CARTESIAN_POINT('',(0.,0.,15.));
#9216 = DIRECTION('',(0.,0.,1.));
#9217 = DIRECTION('',(1.,0.,0.));
#9218 = FACE_BOUND('',#9219,.T.);
#9219 = EDGE_LOOP('',(#9220));
#9220 = ORIENTED_EDGE('',*,*,#9221,.F.);
#9221 = EDGE_CURVE('',#9222,#9222,#9224,.T.);
#9222 = VERTEX_POINT('',#9223);
#9223 = CARTESIAN_POINT('',(7.156854249492,5.656854249492,15.));
#9224 = CIRCLE('',#9225,1.5);
#9225 = AXIS2_PLACEMENT_3D('',#9226,#9227,#9228);
#9226 = CARTESIAN_POINT('',(5.656854249492,5.656854249492,15.));
#9227 = DIRECTION('',(0.,0.,1.));
#9228 = DIRECTION('',(1.,0.,0.));
#9229 = PLANE('',#9230);
#9230 = AXIS2_PLACEMENT_3D('',#9231,#9232,#9233);
#9231 = CARTESIAN_POINT('',(-6.8E-16,-3.E-17,15.));
#9232 = DIRECTION('',(0.,0.,1.));
#9233 = DIRECTION('',(1.,0.,0.));
#9234 = ADVANCED_FACE('',(#9235),#9238,.T.);
#9235 = FACE_BOUND('',#9236,.T.);
#9236 = EDGE_LOOP('',(#9237));
#9237 = ORIENTED_EDGE('',*,*,#6685,.T.);
#9238 = PLANE('',#9239);
#9239 = AXIS2_PLACEMENT_3D('',#9240,#9241,#9242);
#9240 = CARTESIAN_POINT('',(-2.97E-15,21.5,-5.6E-16));
#9241 = DIRECTION('',(0.,1.,0.));
#9242 = DIRECTION('',(0.,0.,1.));
#9243 = ADVANCED_FACE('',(#9244),#9318,.T.);
#9244 = FACE_BOUND('',#9245,.F.);
#9245 = EDGE_LOOP('',(#9246,#9247,#9248,#9256,#9265,#9273,#9312));
#9246 = ORIENTED_EDGE('',*,*,#6830,.T.);
#9247 = ORIENTED_EDGE('',*,*,#6730,.T.);
#9248 = ORIENTED_EDGE('',*,*,#9249,.T.);
#9249 = EDGE_CURVE('',#6733,#9250,#9252,.T.);
#9250 = VERTEX_POINT('',#9251);
#9251 = CARTESIAN_POINT('',(-14.3,-12.,22.063508326896));
#9252 = LINE('',#9253,#9254);
#9253 = CARTESIAN_POINT('',(-14.3,-21.5,22.063508326896));
#9254 = VECTOR('',#9255,1.);
#9255 = DIRECTION('',(0.,1.,6.7E-16));
#9256 = ORIENTED_EDGE('',*,*,#9257,.T.);
#9257 = EDGE_CURVE('',#9250,#9258,#9260,.T.);
#9258 = VERTEX_POINT('',#9259);
#9259 = CARTESIAN_POINT('',(-13.925,-12.,22.547631245172));
#9260 = CIRCLE('',#9261,0.5);
#9261 = AXIS2_PLACEMENT_3D('',#9262,#9263,#9264);
#9262 = CARTESIAN_POINT('',(-13.8,-12.,22.063508326896));
#9263 = DIRECTION('',(0.,1.,8.9E-16));
#9264 = DIRECTION('',(-1.,0.,0.));
#9265 = ORIENTED_EDGE('',*,*,#9266,.F.);
#9266 = EDGE_CURVE('',#9267,#9258,#9269,.T.);
#9267 = VERTEX_POINT('',#9268);
#9268 = CARTESIAN_POINT('',(-13.925,-14.625,22.547631245172));
#9269 = LINE('',#9270,#9271);
#9270 = CARTESIAN_POINT('',(-13.925,-21.5,22.547631245172));
#9271 = VECTOR('',#9272,1.);
#9272 = DIRECTION('',(0.,1.,6.7E-16));
#9273 = ORIENTED_EDGE('',*,*,#9274,.F.);
#9274 = EDGE_CURVE('',#9275,#9267,#9277,.T.);
#9275 = VERTEX_POINT('',#9276);
#9276 = CARTESIAN_POINT('',(-13.925,-15.375,22.547631245172));
#9277 = B_SPLINE_CURVE_WITH_KNOTS('',5,(#9278,#9279,#9280,#9281,#9282,
    #9283,#9284,#9285,#9286,#9287,#9288,#9289,#9290,#9291,#9292,#9293,
    #9294,#9295,#9296,#9297,#9298,#9299,#9300,#9301,#9302,#9303,#9304,
    #9305,#9306,#9307,#9308,#9309,#9310,#9311),.UNSPECIFIED.,.F.,.F.,(6,
    4,4,4,4,4,4,4,6),(0.,0.174947229476,0.274687824134,0.342642731189,
    0.500001121762,0.658751315977,0.724374491318,0.824368033412,1.),
  .UNSPECIFIED.);
#9278 = CARTESIAN_POINT('',(-13.925,-15.375,22.547631245172));
#9279 = CARTESIAN_POINT('',(-13.94136208584,-15.35863791416,
    22.543406572774));
#9280 = CARTESIAN_POINT('',(-13.95653694834,-15.3396554923,
    22.538751058997));
#9281 = CARTESIAN_POINT('',(-13.97035976078,-15.31832599211,
    22.533889423239));
#9282 = CARTESIAN_POINT('',(-13.98273844614,-15.29496949102,
    22.529068504148));
#9283 = CARTESIAN_POINT('',(-13.99984331144,-15.25569999152,
    22.521883753463));
#9284 = CARTESIAN_POINT('',(-14.00557442976,-15.24089645081,
    22.51935325578));
#9285 = CARTESIAN_POINT('',(-14.01082120257,-15.2256094966,
    22.516938105985));
#9286 = CARTESIAN_POINT('',(-14.01558264654,-15.20989879771,
    22.514669959354));
#9287 = CARTESIAN_POINT('',(-14.02277657209,-15.18286949854,
    22.511147840651));
#9288 = CARTESIAN_POINT('',(-14.0254675936,-15.17174672262,
    22.509800990109));
#9289 = CARTESIAN_POINT('',(-14.02793516725,-15.16047246589,
    22.508542800141));
#9290 = CARTESIAN_POINT('',(-14.03018020692,-15.14906456651,
    22.507380260512));
#9291 = CARTESIAN_POINT('',(-14.03688979133,-15.11085481099,
    22.50386184748));
#9292 = CARTESIAN_POINT('',(-14.04038733662,-15.08355050303,
    22.501948519588));
#9293 = CARTESIAN_POINT('',(-14.04271282698,-15.05583532363,
    22.500649505912));
#9294 = CARTESIAN_POINT('',(-14.04387500755,-15.02791636547,22.5));
#9295 = CARTESIAN_POINT('',(-14.04387500755,-14.97183671983,22.5));
#9296 = CARTESIAN_POINT('',(-14.04269218456,-14.94367071908,
    22.500661049079));
#9297 = CARTESIAN_POINT('',(-14.04032534633,-14.91571396189,
    22.501983149107));
#9298 = CARTESIAN_POINT('',(-14.03676545837,-14.88817915922,
    22.503929841682));
#9299 = CARTESIAN_POINT('',(-14.03002392748,-14.85016026485,
    22.507460967435));
#9300 = CARTESIAN_POINT('',(-14.02784566584,-14.8391501538,
    22.508587939446));
#9301 = CARTESIAN_POINT('',(-14.02545985793,-14.82826512873,
    22.509803918014));
#9302 = CARTESIAN_POINT('',(-14.02286568084,-14.8175212567,
    22.511102600792));
#9303 = CARTESIAN_POINT('',(-14.01579111766,-14.79080410091,
    22.514570208906));
#9304 = CARTESIAN_POINT('',(-14.01103464925,-14.7750390144,
    22.516838736887));
#9305 = CARTESIAN_POINT('',(-14.00579039671,-14.75969829011,
    22.519255799754));
#9306 = CARTESIAN_POINT('',(-14.00005929171,-14.74484202543,
    22.521789589234));
#9307 = CARTESIAN_POINT('',(-13.98293245319,-14.70539696863,
    22.528992901327));
#9308 = CARTESIAN_POINT('',(-13.97052232366,-14.6819251081,
    22.533832214814));
#9309 = CARTESIAN_POINT('',(-13.95665607007,-14.66049363627,
    22.53871448837));
#9310 = CARTESIAN_POINT('',(-13.94142643507,-14.64142643507,
    22.543389957874));
#9311 = CARTESIAN_POINT('',(-13.925,-14.625,22.547631245172));
#9312 = ORIENTED_EDGE('',*,*,#9313,.F.);
#9313 = EDGE_CURVE('',#6824,#9275,#9314,.T.);
#9314 = LINE('',#9315,#9316);
#9315 = CARTESIAN_POINT('',(-13.925,-21.5,22.547631245172));
#9316 = VECTOR('',#9317,1.);
#9317 = DIRECTION('',(0.,1.,6.7E-16));
#9318 = CYLINDRICAL_SURFACE('',#9319,0.5);
#9319 = AXIS2_PLACEMENT_3D('',#9320,#9321,#9322);
#9320 = CARTESIAN_POINT('',(-13.8,-21.5,22.063508326896));
#9321 = DIRECTION('',(-0.,-1.,-6.7E-16));
#9322 = DIRECTION('',(-1.,0.,0.));
#9323 = ADVANCED_FACE('',(#9324),#9342,.F.);
#9324 = FACE_BOUND('',#9325,.T.);
#9325 = EDGE_LOOP('',(#9326,#9327,#9328,#9336));
#9326 = ORIENTED_EDGE('',*,*,#6809,.F.);
#9327 = ORIENTED_EDGE('',*,*,#9249,.T.);
#9328 = ORIENTED_EDGE('',*,*,#9329,.T.);
#9329 = EDGE_CURVE('',#9250,#9330,#9332,.T.);
#9330 = VERTEX_POINT('',#9331);
#9331 = CARTESIAN_POINT('',(-14.29999999999,-12.,21.3));
#9332 = LINE('',#9333,#9334);
#9333 = CARTESIAN_POINT('',(-14.29999999999,-12.,26.7));
#9334 = VECTOR('',#9335,1.);
#9335 = DIRECTION('',(0.,8.9E-16,-1.));
#9336 = ORIENTED_EDGE('',*,*,#9337,.F.);
#9337 = EDGE_CURVE('',#6802,#9330,#9338,.T.);
#9338 = LINE('',#9339,#9340);
#9339 = CARTESIAN_POINT('',(-14.29999999999,-21.5,21.3));
#9340 = VECTOR('',#9341,1.);
#9341 = DIRECTION('',(0.,1.,6.7E-16));
#9342 = PLANE('',#9343);
#9343 = AXIS2_PLACEMENT_3D('',#9344,#9345,#9346);
#9344 = CARTESIAN_POINT('',(-14.29999999999,-21.5,26.7));
#9345 = DIRECTION('',(1.,0.,0.));
#9346 = DIRECTION('',(0.,-6.7E-16,1.));
#9347 = ADVANCED_FACE('',(#9348),#9369,.F.);
#9348 = FACE_BOUND('',#9349,.T.);
#9349 = EDGE_LOOP('',(#9350,#9351,#9359,#9366,#9367,#9368));
#9350 = ORIENTED_EDGE('',*,*,#6947,.F.);
#9351 = ORIENTED_EDGE('',*,*,#9352,.T.);
#9352 = EDGE_CURVE('',#6941,#9353,#9355,.T.);
#9353 = VERTEX_POINT('',#9354);
#9354 = CARTESIAN_POINT('',(-13.925,-15.375,25.452368754828));
#9355 = LINE('',#9356,#9357);
#9356 = CARTESIAN_POINT('',(-13.925,-21.5,25.452368754828));
#9357 = VECTOR('',#9358,1.);
#9358 = DIRECTION('',(0.,1.,6.7E-16));
#9359 = ORIENTED_EDGE('',*,*,#9360,.F.);
#9360 = EDGE_CURVE('',#9275,#9353,#9361,.T.);
#9361 = ELLIPSE('',#9362,2.12132034356,1.5);
#9362 = AXIS2_PLACEMENT_3D('',#9363,#9364,#9365);
#9363 = CARTESIAN_POINT('',(-14.3,-15.,24.));
#9364 = DIRECTION('',(-0.707106781187,-0.707106781187,-6.3E-16));
#9365 = DIRECTION('',(-0.707106781187,0.707106781187,3.1E-16));
#9366 = ORIENTED_EDGE('',*,*,#9313,.F.);
#9367 = ORIENTED_EDGE('',*,*,#6889,.F.);
#9368 = ORIENTED_EDGE('',*,*,#6925,.F.);
#9369 = CYLINDRICAL_SURFACE('',#9370,1.5);
#9370 = AXIS2_PLACEMENT_3D('',#9371,#9372,#9373);
#9371 = CARTESIAN_POINT('',(-14.3,-21.5,24.));
#9372 = DIRECTION('',(-0.,-1.,-6.7E-16));
#9373 = DIRECTION('',(-1.,0.,0.));
#9374 = ADVANCED_FACE('',(#9375),#9442,.T.);
#9375 = FACE_BOUND('',#9376,.F.);
#9376 = EDGE_LOOP('',(#9377,#9385,#9386,#9387,#9388,#9427,#9435));
#9377 = ORIENTED_EDGE('',*,*,#9378,.F.);
#9378 = EDGE_CURVE('',#7097,#9379,#9381,.T.);
#9379 = VERTEX_POINT('',#9380);
#9380 = CARTESIAN_POINT('',(-14.3,-12.,25.936491673104));
#9381 = LINE('',#9382,#9383);
#9382 = CARTESIAN_POINT('',(-14.3,-21.5,25.936491673104));
#9383 = VECTOR('',#9384,1.);
#9384 = DIRECTION('',(0.,1.,6.7E-16));
#9385 = ORIENTED_EDGE('',*,*,#7096,.T.);
#9386 = ORIENTED_EDGE('',*,*,#7035,.T.);
#9387 = ORIENTED_EDGE('',*,*,#9352,.T.);
#9388 = ORIENTED_EDGE('',*,*,#9389,.F.);
#9389 = EDGE_CURVE('',#9390,#9353,#9392,.T.);
#9390 = VERTEX_POINT('',#9391);
#9391 = CARTESIAN_POINT('',(-13.925,-14.625,25.452368754828));
#9392 = B_SPLINE_CURVE_WITH_KNOTS('',5,(#9393,#9394,#9395,#9396,#9397,
    #9398,#9399,#9400,#9401,#9402,#9403,#9404,#9405,#9406,#9407,#9408,
    #9409,#9410,#9411,#9412,#9413,#9414,#9415,#9416,#9417,#9418,#9419,
    #9420,#9421,#9422,#9423,#9424,#9425,#9426),.UNSPECIFIED.,.F.,.F.,(6,
    4,4,4,4,4,4,4,6),(0.,0.174947229476,0.274687824134,0.342642731189,
    0.500001121762,0.658751315977,0.724374491318,0.824368033412,1.),
  .UNSPECIFIED.);
#9393 = CARTESIAN_POINT('',(-13.925,-14.625,25.452368754828));
#9394 = CARTESIAN_POINT('',(-13.94136208584,-14.64136208584,
    25.456593427226));
#9395 = CARTESIAN_POINT('',(-13.95653694834,-14.66034450769,
    25.461248941002));
#9396 = CARTESIAN_POINT('',(-13.97035976078,-14.68167400788,
    25.466110576761));
#9397 = CARTESIAN_POINT('',(-13.98273844614,-14.70503050897,
    25.470931495852));
#9398 = CARTESIAN_POINT('',(-13.99984331144,-14.74430000847,
    25.478116246537));
#9399 = CARTESIAN_POINT('',(-14.00557442976,-14.75910354918,
    25.48064674422));
#9400 = CARTESIAN_POINT('',(-14.01082120257,-14.77439050339,
    25.483061894015));
#9401 = CARTESIAN_POINT('',(-14.01558264654,-14.79010120229,
    25.485330040646));
#9402 = CARTESIAN_POINT('',(-14.02277657209,-14.81713050145,
    25.488852159349));
#9403 = CARTESIAN_POINT('',(-14.0254675936,-14.82825327737,
    25.490199009891));
#9404 = CARTESIAN_POINT('',(-14.02793516725,-14.8395275341,
    25.491457199859));
#9405 = CARTESIAN_POINT('',(-14.03018020692,-14.85093543349,
    25.492619739488));
#9406 = CARTESIAN_POINT('',(-14.03688979133,-14.889145189,25.49613815252
    ));
#9407 = CARTESIAN_POINT('',(-14.04038733662,-14.91644949696,
    25.498051480412));
#9408 = CARTESIAN_POINT('',(-14.04271282698,-14.94416467636,
    25.499350494088));
#9409 = CARTESIAN_POINT('',(-14.04387500755,-14.97208363452,25.5));
#9410 = CARTESIAN_POINT('',(-14.04387500755,-15.02816328016,25.5));
#9411 = CARTESIAN_POINT('',(-14.04269218456,-15.05632928092,
    25.499338950921));
#9412 = CARTESIAN_POINT('',(-14.04032534633,-15.0842860381,
    25.498016850893));
#9413 = CARTESIAN_POINT('',(-14.03676545837,-15.11182084077,
    25.496070158318));
#9414 = CARTESIAN_POINT('',(-14.03002392748,-15.14983973514,
    25.492539032565));
#9415 = CARTESIAN_POINT('',(-14.02784566584,-15.16084984619,
    25.491412060554));
#9416 = CARTESIAN_POINT('',(-14.02545985793,-15.17173487127,
    25.490196081986));
#9417 = CARTESIAN_POINT('',(-14.02286568084,-15.18247874329,
    25.488897399208));
#9418 = CARTESIAN_POINT('',(-14.01579111766,-15.20919589908,
    25.485429791094));
#9419 = CARTESIAN_POINT('',(-14.01103464925,-15.22496098559,
    25.483161263113));
#9420 = CARTESIAN_POINT('',(-14.00579039671,-15.24030170988,
    25.480744200246));
#9421 = CARTESIAN_POINT('',(-14.00005929171,-15.25515797456,
    25.478210410766));
#9422 = CARTESIAN_POINT('',(-13.98293245319,-15.29460303136,
    25.471007098673));
#9423 = CARTESIAN_POINT('',(-13.97052232366,-15.3180748919,
    25.466167785186));
#9424 = CARTESIAN_POINT('',(-13.95665607007,-15.33950636372,
    25.46128551163));
#9425 = CARTESIAN_POINT('',(-13.94142643507,-15.35857356492,
    25.456610042126));
#9426 = CARTESIAN_POINT('',(-13.925,-15.375,25.452368754828));
#9427 = ORIENTED_EDGE('',*,*,#9428,.T.);
#9428 = EDGE_CURVE('',#9390,#9429,#9431,.T.);
#9429 = VERTEX_POINT('',#9430);
#9430 = CARTESIAN_POINT('',(-13.925,-12.,25.452368754828));
#9431 = LINE('',#9432,#9433);
#9432 = CARTESIAN_POINT('',(-13.925,-21.5,25.452368754828));
#9433 = VECTOR('',#9434,1.);
#9434 = DIRECTION('',(0.,1.,6.7E-16));
#9435 = ORIENTED_EDGE('',*,*,#9436,.T.);
#9436 = EDGE_CURVE('',#9429,#9379,#9437,.T.);
#9437 = CIRCLE('',#9438,0.5);
#9438 = AXIS2_PLACEMENT_3D('',#9439,#9440,#9441);
#9439 = CARTESIAN_POINT('',(-13.8,-12.,25.936491673104));
#9440 = DIRECTION('',(0.,1.,8.9E-16));
#9441 = DIRECTION('',(-1.,0.,0.));
#9442 = CYLINDRICAL_SURFACE('',#9443,0.5);
#9443 = AXIS2_PLACEMENT_3D('',#9444,#9445,#9446);
#9444 = CARTESIAN_POINT('',(-13.8,-21.5,25.936491673104));
#9445 = DIRECTION('',(-0.,-1.,-6.7E-16));
#9446 = DIRECTION('',(-1.,0.,0.));
#9447 = ADVANCED_FACE('',(#9448),#9466,.F.);
#9448 = FACE_BOUND('',#9449,.T.);
#9449 = EDGE_LOOP('',(#9450,#9451,#9459,#9465));
#9450 = ORIENTED_EDGE('',*,*,#7105,.F.);
#9451 = ORIENTED_EDGE('',*,*,#9452,.T.);
#9452 = EDGE_CURVE('',#7087,#9453,#9455,.T.);
#9453 = VERTEX_POINT('',#9454);
#9454 = CARTESIAN_POINT('',(-14.29999999999,-12.,26.7));
#9455 = LINE('',#9456,#9457);
#9456 = CARTESIAN_POINT('',(-14.29999999999,-21.5,26.7));
#9457 = VECTOR('',#9458,1.);
#9458 = DIRECTION('',(0.,1.,6.7E-16));
#9459 = ORIENTED_EDGE('',*,*,#9460,.T.);
#9460 = EDGE_CURVE('',#9453,#9379,#9461,.T.);
#9461 = LINE('',#9462,#9463);
#9462 = CARTESIAN_POINT('',(-14.29999999999,-12.,26.7));
#9463 = VECTOR('',#9464,1.);
#9464 = DIRECTION('',(0.,8.9E-16,-1.));
#9465 = ORIENTED_EDGE('',*,*,#9378,.F.);
#9466 = PLANE('',#9467);
#9467 = AXIS2_PLACEMENT_3D('',#9468,#9469,#9470);
#9468 = CARTESIAN_POINT('',(-14.29999999999,-21.5,26.7));
#9469 = DIRECTION('',(1.,0.,0.));
#9470 = DIRECTION('',(0.,-6.7E-16,1.));
#9471 = ADVANCED_FACE('',(#9472),#9483,.F.);
#9472 = FACE_BOUND('',#9473,.T.);
#9473 = EDGE_LOOP('',(#9474,#9475,#9481,#9482));
#9474 = ORIENTED_EDGE('',*,*,#8562,.T.);
#9475 = ORIENTED_EDGE('',*,*,#9476,.T.);
#9476 = EDGE_CURVE('',#8555,#9453,#9477,.T.);
#9477 = LINE('',#9478,#9479);
#9478 = CARTESIAN_POINT('',(-16.5,-12.,26.7));
#9479 = VECTOR('',#9480,1.);
#9480 = DIRECTION('',(1.,-0.,-0.));
#9481 = ORIENTED_EDGE('',*,*,#9452,.F.);
#9482 = ORIENTED_EDGE('',*,*,#7129,.F.);
#9483 = PLANE('',#9484);
#9484 = AXIS2_PLACEMENT_3D('',#9485,#9486,#9487);
#9485 = CARTESIAN_POINT('',(-16.5,-21.5,26.7));
#9486 = DIRECTION('',(0.,-6.7E-16,1.));
#9487 = DIRECTION('',(-1.,-0.,-0.));
#9488 = ADVANCED_FACE('',(#9489),#9500,.F.);
#9489 = FACE_BOUND('',#9490,.T.);
#9490 = EDGE_LOOP('',(#9491,#9492,#9498,#9499));
#9491 = ORIENTED_EDGE('',*,*,#9337,.T.);
#9492 = ORIENTED_EDGE('',*,*,#9493,.T.);
#9493 = EDGE_CURVE('',#9330,#8547,#9494,.T.);
#9494 = LINE('',#9495,#9496);
#9495 = CARTESIAN_POINT('',(-14.29999999999,-12.,21.3));
#9496 = VECTOR('',#9497,1.);
#9497 = DIRECTION('',(-1.,0.,0.));
#9498 = ORIENTED_EDGE('',*,*,#8546,.F.);
#9499 = ORIENTED_EDGE('',*,*,#7170,.F.);
#9500 = PLANE('',#9501);
#9501 = AXIS2_PLACEMENT_3D('',#9502,#9503,#9504);
#9502 = CARTESIAN_POINT('',(-14.29999999999,-21.5,21.3));
#9503 = DIRECTION('',(0.,6.7E-16,-1.));
#9504 = DIRECTION('',(1.,0.,0.));
#9505 = ADVANCED_FACE('',(#9506),#9580,.T.);
#9506 = FACE_BOUND('',#9507,.F.);
#9507 = EDGE_LOOP('',(#9508,#9509,#9510,#9518,#9527,#9535,#9574));
#9508 = ORIENTED_EDGE('',*,*,#7191,.T.);
#9509 = ORIENTED_EDGE('',*,*,#7612,.T.);
#9510 = ORIENTED_EDGE('',*,*,#9511,.T.);
#9511 = EDGE_CURVE('',#7613,#9512,#9514,.T.);
#9512 = VERTEX_POINT('',#9513);
#9513 = CARTESIAN_POINT('',(-14.3,-12.,-25.9364916731));
#9514 = LINE('',#9515,#9516);
#9515 = CARTESIAN_POINT('',(-14.3,-21.5,-25.9364916731));
#9516 = VECTOR('',#9517,1.);
#9517 = DIRECTION('',(0.,1.,6.7E-16));
#9518 = ORIENTED_EDGE('',*,*,#9519,.T.);
#9519 = EDGE_CURVE('',#9512,#9520,#9522,.T.);
#9520 = VERTEX_POINT('',#9521);
#9521 = CARTESIAN_POINT('',(-13.925,-12.,-25.45236875482));
#9522 = CIRCLE('',#9523,0.5);
#9523 = AXIS2_PLACEMENT_3D('',#9524,#9525,#9526);
#9524 = CARTESIAN_POINT('',(-13.8,-12.,-25.9364916731));
#9525 = DIRECTION('',(0.,1.,8.9E-16));
#9526 = DIRECTION('',(-1.,0.,0.));
#9527 = ORIENTED_EDGE('',*,*,#9528,.F.);
#9528 = EDGE_CURVE('',#9529,#9520,#9531,.T.);
#9529 = VERTEX_POINT('',#9530);
#9530 = CARTESIAN_POINT('',(-13.925,-14.625,-25.45236875482));
#9531 = LINE('',#9532,#9533);
#9532 = CARTESIAN_POINT('',(-13.925,-21.5,-25.45236875482));
#9533 = VECTOR('',#9534,1.);
#9534 = DIRECTION('',(0.,1.,6.7E-16));
#9535 = ORIENTED_EDGE('',*,*,#9536,.F.);
#9536 = EDGE_CURVE('',#9537,#9529,#9539,.T.);
#9537 = VERTEX_POINT('',#9538);
#9538 = CARTESIAN_POINT('',(-13.925,-15.375,-25.45236875482));
#9539 = B_SPLINE_CURVE_WITH_KNOTS('',5,(#9540,#9541,#9542,#9543,#9544,
    #9545,#9546,#9547,#9548,#9549,#9550,#9551,#9552,#9553,#9554,#9555,
    #9556,#9557,#9558,#9559,#9560,#9561,#9562,#9563,#9564,#9565,#9566,
    #9567,#9568,#9569,#9570,#9571,#9572,#9573),.UNSPECIFIED.,.F.,.F.,(6,
    4,4,4,4,4,4,4,6),(0.,0.174947229476,0.274687824134,0.342642731189,
    0.500001121762,0.658751315977,0.724374491318,0.824368033412,1.),
  .UNSPECIFIED.);
#9540 = CARTESIAN_POINT('',(-13.925,-15.375,-25.45236875482));
#9541 = CARTESIAN_POINT('',(-13.94136208584,-15.35863791416,
    -25.45659342722));
#9542 = CARTESIAN_POINT('',(-13.95653694834,-15.3396554923,-25.461248941
    ));
#9543 = CARTESIAN_POINT('',(-13.97035976078,-15.31832599211,
    -25.46611057676));
#9544 = CARTESIAN_POINT('',(-13.98273844614,-15.29496949102,
    -25.47093149585));
#9545 = CARTESIAN_POINT('',(-13.99984331144,-15.25569999152,
    -25.47811624653));
#9546 = CARTESIAN_POINT('',(-14.00557442976,-15.24089645081,
    -25.48064674422));
#9547 = CARTESIAN_POINT('',(-14.01082120257,-15.2256094966,
    -25.48306189401));
#9548 = CARTESIAN_POINT('',(-14.01558264654,-15.20989879771,
    -25.48533004064));
#9549 = CARTESIAN_POINT('',(-14.02277657209,-15.18286949854,
    -25.48885215934));
#9550 = CARTESIAN_POINT('',(-14.0254675936,-15.17174672262,
    -25.49019900989));
#9551 = CARTESIAN_POINT('',(-14.02793516725,-15.16047246589,
    -25.49145719985));
#9552 = CARTESIAN_POINT('',(-14.03018020692,-15.14906456651,
    -25.49261973948));
#9553 = CARTESIAN_POINT('',(-14.03688979133,-15.11085481099,
    -25.49613815252));
#9554 = CARTESIAN_POINT('',(-14.04038733662,-15.08355050303,
    -25.49805148041));
#9555 = CARTESIAN_POINT('',(-14.04271282698,-15.05583532363,
    -25.49935049408));
#9556 = CARTESIAN_POINT('',(-14.04387500755,-15.02791636547,-25.5));
#9557 = CARTESIAN_POINT('',(-14.04387500755,-14.97183671983,-25.5));
#9558 = CARTESIAN_POINT('',(-14.04269218456,-14.94367071908,
    -25.49933895092));
#9559 = CARTESIAN_POINT('',(-14.04032534633,-14.91571396189,
    -25.49801685089));
#9560 = CARTESIAN_POINT('',(-14.03676545837,-14.88817915922,
    -25.49607015831));
#9561 = CARTESIAN_POINT('',(-14.03002392748,-14.85016026485,
    -25.49253903256));
#9562 = CARTESIAN_POINT('',(-14.02784566584,-14.8391501538,
    -25.49141206055));
#9563 = CARTESIAN_POINT('',(-14.02545985793,-14.82826512873,
    -25.49019608198));
#9564 = CARTESIAN_POINT('',(-14.02286568084,-14.8175212567,
    -25.4888973992));
#9565 = CARTESIAN_POINT('',(-14.01579111766,-14.79080410091,
    -25.48542979109));
#9566 = CARTESIAN_POINT('',(-14.01103464925,-14.7750390144,
    -25.48316126311));
#9567 = CARTESIAN_POINT('',(-14.00579039671,-14.75969829011,
    -25.48074420024));
#9568 = CARTESIAN_POINT('',(-14.00005929171,-14.74484202543,
    -25.47821041076));
#9569 = CARTESIAN_POINT('',(-13.98293245319,-14.70539696863,
    -25.47100709867));
#9570 = CARTESIAN_POINT('',(-13.97052232366,-14.6819251081,
    -25.46616778518));
#9571 = CARTESIAN_POINT('',(-13.95665607007,-14.66049363627,
    -25.46128551163));
#9572 = CARTESIAN_POINT('',(-13.94142643507,-14.64142643507,
    -25.45661004212));
#9573 = CARTESIAN_POINT('',(-13.925,-14.625,-25.45236875482));
#9574 = ORIENTED_EDGE('',*,*,#9575,.F.);
#9575 = EDGE_CURVE('',#7185,#9537,#9576,.T.);
#9576 = LINE('',#9577,#9578);
#9577 = CARTESIAN_POINT('',(-13.925,-21.5,-25.45236875482));
#9578 = VECTOR('',#9579,1.);
#9579 = DIRECTION('',(0.,1.,6.7E-16));
#9580 = CYLINDRICAL_SURFACE('',#9581,0.5);
#9581 = AXIS2_PLACEMENT_3D('',#9582,#9583,#9584);
#9582 = CARTESIAN_POINT('',(-13.8,-21.5,-25.9364916731));
#9583 = DIRECTION('',(-0.,-1.,-6.7E-16));
#9584 = DIRECTION('',(-1.,0.,0.));
#9585 = ADVANCED_FACE('',(#9586),#9607,.F.);
#9586 = FACE_BOUND('',#9587,.T.);
#9587 = EDGE_LOOP('',(#9588,#9589,#9597,#9604,#9605,#9606));
#9588 = ORIENTED_EDGE('',*,*,#7368,.F.);
#9589 = ORIENTED_EDGE('',*,*,#9590,.T.);
#9590 = EDGE_CURVE('',#7362,#9591,#9593,.T.);
#9591 = VERTEX_POINT('',#9592);
#9592 = CARTESIAN_POINT('',(-13.925,-15.375,-22.54763124517));
#9593 = LINE('',#9594,#9595);
#9594 = CARTESIAN_POINT('',(-13.925,-21.5,-22.54763124517));
#9595 = VECTOR('',#9596,1.);
#9596 = DIRECTION('',(0.,1.,6.7E-16));
#9597 = ORIENTED_EDGE('',*,*,#9598,.F.);
#9598 = EDGE_CURVE('',#9537,#9591,#9599,.T.);
#9599 = ELLIPSE('',#9600,2.12132034356,1.5);
#9600 = AXIS2_PLACEMENT_3D('',#9601,#9602,#9603);
#9601 = CARTESIAN_POINT('',(-14.3,-15.,-24.));
#9602 = DIRECTION('',(-0.707106781187,-0.707106781187,-6.3E-16));
#9603 = DIRECTION('',(-0.707106781187,0.707106781187,3.1E-16));
#9604 = ORIENTED_EDGE('',*,*,#9575,.F.);
#9605 = ORIENTED_EDGE('',*,*,#7310,.F.);
#9606 = ORIENTED_EDGE('',*,*,#7346,.F.);
#9607 = CYLINDRICAL_SURFACE('',#9608,1.5);
#9608 = AXIS2_PLACEMENT_3D('',#9609,#9610,#9611);
#9609 = CARTESIAN_POINT('',(-14.3,-21.5,-24.));
#9610 = DIRECTION('',(-0.,-1.,-6.7E-16));
#9611 = DIRECTION('',(-1.,0.,0.));
#9612 = ADVANCED_FACE('',(#9613),#9680,.T.);
#9613 = FACE_BOUND('',#9614,.F.);
#9614 = EDGE_LOOP('',(#9615,#9623,#9624,#9625,#9626,#9665,#9673));
#9615 = ORIENTED_EDGE('',*,*,#9616,.F.);
#9616 = EDGE_CURVE('',#7518,#9617,#9619,.T.);
#9617 = VERTEX_POINT('',#9618);
#9618 = CARTESIAN_POINT('',(-14.3,-12.,-22.06350832689));
#9619 = LINE('',#9620,#9621);
#9620 = CARTESIAN_POINT('',(-14.3,-21.5,-22.06350832689));
#9621 = VECTOR('',#9622,1.);
#9622 = DIRECTION('',(0.,1.,6.7E-16));
#9623 = ORIENTED_EDGE('',*,*,#7517,.T.);
#9624 = ORIENTED_EDGE('',*,*,#7456,.T.);
#9625 = ORIENTED_EDGE('',*,*,#9590,.T.);
#9626 = ORIENTED_EDGE('',*,*,#9627,.F.);
#9627 = EDGE_CURVE('',#9628,#9591,#9630,.T.);
#9628 = VERTEX_POINT('',#9629);
#9629 = CARTESIAN_POINT('',(-13.925,-14.625,-22.54763124517));
#9630 = B_SPLINE_CURVE_WITH_KNOTS('',5,(#9631,#9632,#9633,#9634,#9635,
    #9636,#9637,#9638,#9639,#9640,#9641,#9642,#9643,#9644,#9645,#9646,
    #9647,#9648,#9649,#9650,#9651,#9652,#9653,#9654,#9655,#9656,#9657,
    #9658,#9659,#9660,#9661,#9662,#9663,#9664),.UNSPECIFIED.,.F.,.F.,(6,
    4,4,4,4,4,4,4,6),(0.,0.174947229476,0.274687824134,0.342642731189,
    0.500001121762,0.658751315977,0.724374491318,0.824368033412,1.),
  .UNSPECIFIED.);
#9631 = CARTESIAN_POINT('',(-13.925,-14.625,-22.54763124517));
#9632 = CARTESIAN_POINT('',(-13.94136208584,-14.64136208584,
    -22.54340657277));
#9633 = CARTESIAN_POINT('',(-13.95653694834,-14.66034450769,
    -22.53875105899));
#9634 = CARTESIAN_POINT('',(-13.97035976078,-14.68167400788,
    -22.53388942323));
#9635 = CARTESIAN_POINT('',(-13.98273844614,-14.70503050897,
    -22.52906850414));
#9636 = CARTESIAN_POINT('',(-13.99984331144,-14.74430000847,
    -22.52188375346));
#9637 = CARTESIAN_POINT('',(-14.00557442976,-14.75910354918,
    -22.51935325578));
#9638 = CARTESIAN_POINT('',(-14.01082120257,-14.77439050339,
    -22.51693810598));
#9639 = CARTESIAN_POINT('',(-14.01558264654,-14.79010120228,
    -22.51466995935));
#9640 = CARTESIAN_POINT('',(-14.02277657209,-14.81713050145,
    -22.51114784065));
#9641 = CARTESIAN_POINT('',(-14.0254675936,-14.82825327737,
    -22.5098009901));
#9642 = CARTESIAN_POINT('',(-14.02793516725,-14.8395275341,
    -22.50854280014));
#9643 = CARTESIAN_POINT('',(-14.03018020692,-14.85093543349,
    -22.50738026051));
#9644 = CARTESIAN_POINT('',(-14.03688979133,-14.889145189,
    -22.50386184748));
#9645 = CARTESIAN_POINT('',(-14.04038733662,-14.91644949696,
    -22.50194851958));
#9646 = CARTESIAN_POINT('',(-14.04271282698,-14.94416467636,
    -22.50064950591));
#9647 = CARTESIAN_POINT('',(-14.04387500755,-14.97208363452,-22.5));
#9648 = CARTESIAN_POINT('',(-14.04387500755,-15.02816328016,-22.5));
#9649 = CARTESIAN_POINT('',(-14.04269218456,-15.05632928092,
    -22.50066104907));
#9650 = CARTESIAN_POINT('',(-14.04032534633,-15.0842860381,
    -22.5019831491));
#9651 = CARTESIAN_POINT('',(-14.03676545837,-15.11182084077,
    -22.50392984168));
#9652 = CARTESIAN_POINT('',(-14.03002392748,-15.14983973514,
    -22.50746096743));
#9653 = CARTESIAN_POINT('',(-14.02784566584,-15.16084984619,
    -22.50858793944));
#9654 = CARTESIAN_POINT('',(-14.02545985793,-15.17173487127,
    -22.50980391801));
#9655 = CARTESIAN_POINT('',(-14.02286568084,-15.18247874329,
    -22.51110260079));
#9656 = CARTESIAN_POINT('',(-14.01579111766,-15.20919589908,
    -22.5145702089));
#9657 = CARTESIAN_POINT('',(-14.01103464925,-15.22496098559,
    -22.51683873688));
#9658 = CARTESIAN_POINT('',(-14.00579039671,-15.24030170988,
    -22.51925579975));
#9659 = CARTESIAN_POINT('',(-14.00005929171,-15.25515797456,
    -22.52178958923));
#9660 = CARTESIAN_POINT('',(-13.98293245319,-15.29460303136,
    -22.52899290132));
#9661 = CARTESIAN_POINT('',(-13.97052232366,-15.3180748919,
    -22.53383221481));
#9662 = CARTESIAN_POINT('',(-13.95665607007,-15.33950636372,
    -22.53871448837));
#9663 = CARTESIAN_POINT('',(-13.94142643507,-15.35857356492,
    -22.54338995787));
#9664 = CARTESIAN_POINT('',(-13.925,-15.375,-22.54763124517));
#9665 = ORIENTED_EDGE('',*,*,#9666,.T.);
#9666 = EDGE_CURVE('',#9628,#9667,#9669,.T.);
#9667 = VERTEX_POINT('',#9668);
#9668 = CARTESIAN_POINT('',(-13.925,-12.,-22.54763124517));
#9669 = LINE('',#9670,#9671);
#9670 = CARTESIAN_POINT('',(-13.925,-21.5,-22.54763124517));
#9671 = VECTOR('',#9672,1.);
#9672 = DIRECTION('',(0.,1.,6.7E-16));
#9673 = ORIENTED_EDGE('',*,*,#9674,.T.);
#9674 = EDGE_CURVE('',#9667,#9617,#9675,.T.);
#9675 = CIRCLE('',#9676,0.5);
#9676 = AXIS2_PLACEMENT_3D('',#9677,#9678,#9679);
#9677 = CARTESIAN_POINT('',(-13.8,-12.,-22.06350832689));
#9678 = DIRECTION('',(0.,1.,8.9E-16));
#9679 = DIRECTION('',(-1.,0.,0.));
#9680 = CYLINDRICAL_SURFACE('',#9681,0.5);
#9681 = AXIS2_PLACEMENT_3D('',#9682,#9683,#9684);
#9682 = CARTESIAN_POINT('',(-13.8,-21.5,-22.06350832689));
#9683 = DIRECTION('',(-0.,-1.,-6.7E-16));
#9684 = DIRECTION('',(-1.,0.,0.));
#9685 = ADVANCED_FACE('',(#9686),#9704,.F.);
#9686 = FACE_BOUND('',#9687,.T.);
#9687 = EDGE_LOOP('',(#9688,#9689,#9697,#9703));
#9688 = ORIENTED_EDGE('',*,*,#7526,.F.);
#9689 = ORIENTED_EDGE('',*,*,#9690,.T.);
#9690 = EDGE_CURVE('',#7508,#9691,#9693,.T.);
#9691 = VERTEX_POINT('',#9692);
#9692 = CARTESIAN_POINT('',(-14.3,-12.,-21.3));
#9693 = LINE('',#9694,#9695);
#9694 = CARTESIAN_POINT('',(-14.3,-21.5,-21.3));
#9695 = VECTOR('',#9696,1.);
#9696 = DIRECTION('',(0.,1.,6.7E-16));
#9697 = ORIENTED_EDGE('',*,*,#9698,.T.);
#9698 = EDGE_CURVE('',#9691,#9617,#9699,.T.);
#9699 = LINE('',#9700,#9701);
#9700 = CARTESIAN_POINT('',(-14.3,-12.,-21.3));
#9701 = VECTOR('',#9702,1.);
#9702 = DIRECTION('',(0.,8.9E-16,-1.));
#9703 = ORIENTED_EDGE('',*,*,#9616,.F.);
#9704 = PLANE('',#9705);
#9705 = AXIS2_PLACEMENT_3D('',#9706,#9707,#9708);
#9706 = CARTESIAN_POINT('',(-14.3,-21.5,-21.3));
#9707 = DIRECTION('',(1.,0.,0.));
#9708 = DIRECTION('',(0.,-6.7E-16,1.));
#9709 = ADVANCED_FACE('',(#9710),#9721,.F.);
#9710 = FACE_BOUND('',#9711,.T.);
#9711 = EDGE_LOOP('',(#9712,#9713,#9719,#9720));
#9712 = ORIENTED_EDGE('',*,*,#8597,.T.);
#9713 = ORIENTED_EDGE('',*,*,#9714,.T.);
#9714 = EDGE_CURVE('',#8590,#9691,#9715,.T.);
#9715 = LINE('',#9716,#9717);
#9716 = CARTESIAN_POINT('',(-16.5,-12.,-21.3));
#9717 = VECTOR('',#9718,1.);
#9718 = DIRECTION('',(1.,-0.,-0.));
#9719 = ORIENTED_EDGE('',*,*,#9690,.F.);
#9720 = ORIENTED_EDGE('',*,*,#7550,.F.);
#9721 = PLANE('',#9722);
#9722 = AXIS2_PLACEMENT_3D('',#9723,#9724,#9725);
#9723 = CARTESIAN_POINT('',(-16.5,-21.5,-21.3));
#9724 = DIRECTION('',(0.,-6.7E-16,1.));
#9725 = DIRECTION('',(-1.,-0.,-0.));
#9726 = ADVANCED_FACE('',(#9727),#9745,.F.);
#9727 = FACE_BOUND('',#9728,.T.);
#9728 = EDGE_LOOP('',(#9729,#9737,#9743,#9744));
#9729 = ORIENTED_EDGE('',*,*,#9730,.T.);
#9730 = EDGE_CURVE('',#7589,#9731,#9733,.T.);
#9731 = VERTEX_POINT('',#9732);
#9732 = CARTESIAN_POINT('',(-14.3,-12.,-26.7));
#9733 = LINE('',#9734,#9735);
#9734 = CARTESIAN_POINT('',(-14.3,-21.5,-26.7));
#9735 = VECTOR('',#9736,1.);
#9736 = DIRECTION('',(0.,1.,6.7E-16));
#9737 = ORIENTED_EDGE('',*,*,#9738,.T.);
#9738 = EDGE_CURVE('',#9731,#8582,#9739,.T.);
#9739 = LINE('',#9740,#9741);
#9740 = CARTESIAN_POINT('',(-14.3,-12.,-26.7));
#9741 = VECTOR('',#9742,1.);
#9742 = DIRECTION('',(-1.,0.,0.));
#9743 = ORIENTED_EDGE('',*,*,#8581,.F.);
#9744 = ORIENTED_EDGE('',*,*,#7598,.F.);
#9745 = PLANE('',#9746);
#9746 = AXIS2_PLACEMENT_3D('',#9747,#9748,#9749);
#9747 = CARTESIAN_POINT('',(-14.3,-21.5,-26.7));
#9748 = DIRECTION('',(0.,6.7E-16,-1.));
#9749 = DIRECTION('',(1.,0.,0.));
#9750 = ADVANCED_FACE('',(#9751),#9762,.F.);
#9751 = FACE_BOUND('',#9752,.T.);
#9752 = EDGE_LOOP('',(#9753,#9754,#9755,#9761));
#9753 = ORIENTED_EDGE('',*,*,#7624,.F.);
#9754 = ORIENTED_EDGE('',*,*,#9511,.T.);
#9755 = ORIENTED_EDGE('',*,*,#9756,.T.);
#9756 = EDGE_CURVE('',#9512,#9731,#9757,.T.);
#9757 = LINE('',#9758,#9759);
#9758 = CARTESIAN_POINT('',(-14.3,-12.,-21.3));
#9759 = VECTOR('',#9760,1.);
#9760 = DIRECTION('',(0.,8.9E-16,-1.));
#9761 = ORIENTED_EDGE('',*,*,#9730,.F.);
#9762 = PLANE('',#9763);
#9763 = AXIS2_PLACEMENT_3D('',#9764,#9765,#9766);
#9764 = CARTESIAN_POINT('',(-14.3,-21.5,-21.3));
#9765 = DIRECTION('',(1.,0.,0.));
#9766 = DIRECTION('',(0.,-6.7E-16,1.));
#9767 = ADVANCED_FACE('',(#9768),#9786,.F.);
#9768 = FACE_BOUND('',#9769,.T.);
#9769 = EDGE_LOOP('',(#9770,#9778,#9784,#9785));
#9770 = ORIENTED_EDGE('',*,*,#9771,.T.);
#9771 = EDGE_CURVE('',#7670,#9772,#9774,.T.);
#9772 = VERTEX_POINT('',#9773);
#9773 = CARTESIAN_POINT('',(14.299999999999,-12.,26.7));
#9774 = LINE('',#9775,#9776);
#9775 = CARTESIAN_POINT('',(14.3,-21.5,26.7));
#9776 = VECTOR('',#9777,1.);
#9777 = DIRECTION('',(0.,1.,6.7E-16));
#9778 = ORIENTED_EDGE('',*,*,#9779,.T.);
#9779 = EDGE_CURVE('',#9772,#8652,#9780,.T.);
#9780 = LINE('',#9781,#9782);
#9781 = CARTESIAN_POINT('',(14.3,-12.,26.7));
#9782 = VECTOR('',#9783,1.);
#9783 = DIRECTION('',(1.,-0.,-0.));
#9784 = ORIENTED_EDGE('',*,*,#8651,.F.);
#9785 = ORIENTED_EDGE('',*,*,#7679,.F.);
#9786 = PLANE('',#9787);
#9787 = AXIS2_PLACEMENT_3D('',#9788,#9789,#9790);
#9788 = CARTESIAN_POINT('',(14.3,-21.5,26.7));
#9789 = DIRECTION('',(0.,-6.7E-16,1.));
#9790 = DIRECTION('',(-1.,-0.,-0.));
#9791 = ADVANCED_FACE('',(#9792),#9866,.T.);
#9792 = FACE_BOUND('',#9793,.F.);
#9793 = EDGE_LOOP('',(#9794,#9795,#9796,#9804,#9813,#9821,#9860));
#9794 = ORIENTED_EDGE('',*,*,#7786,.T.);
#9795 = ORIENTED_EDGE('',*,*,#7693,.T.);
#9796 = ORIENTED_EDGE('',*,*,#9797,.T.);
#9797 = EDGE_CURVE('',#7696,#9798,#9800,.T.);
#9798 = VERTEX_POINT('',#9799);
#9799 = CARTESIAN_POINT('',(14.29999999998,-12.,25.93649797608));
#9800 = LINE('',#9801,#9802);
#9801 = CARTESIAN_POINT('',(14.29999999998,-21.5,25.936497976079));
#9802 = VECTOR('',#9803,1.);
#9803 = DIRECTION('',(0.,1.,6.7E-16));
#9804 = ORIENTED_EDGE('',*,*,#9805,.T.);
#9805 = EDGE_CURVE('',#9798,#9806,#9808,.T.);
#9806 = VERTEX_POINT('',#9807);
#9807 = CARTESIAN_POINT('',(13.925,-12.,25.452368754828));
#9808 = CIRCLE('',#9809,0.5);
#9809 = AXIS2_PLACEMENT_3D('',#9810,#9811,#9812);
#9810 = CARTESIAN_POINT('',(13.8,-12.,25.936491673104));
#9811 = DIRECTION('',(0.,1.,8.9E-16));
#9812 = DIRECTION('',(-1.,0.,0.));
#9813 = ORIENTED_EDGE('',*,*,#9814,.F.);
#9814 = EDGE_CURVE('',#9815,#9806,#9817,.T.);
#9815 = VERTEX_POINT('',#9816);
#9816 = CARTESIAN_POINT('',(13.925,-14.625,25.452368754828));
#9817 = LINE('',#9818,#9819);
#9818 = CARTESIAN_POINT('',(13.925,-21.5,25.452368754828));
#9819 = VECTOR('',#9820,1.);
#9820 = DIRECTION('',(0.,1.,6.7E-16));
#9821 = ORIENTED_EDGE('',*,*,#9822,.T.);
#9822 = EDGE_CURVE('',#9815,#9823,#9825,.T.);
#9823 = VERTEX_POINT('',#9824);
#9824 = CARTESIAN_POINT('',(13.925,-15.375,25.452368754828));
#9825 = B_SPLINE_CURVE_WITH_KNOTS('',5,(#9826,#9827,#9828,#9829,#9830,
    #9831,#9832,#9833,#9834,#9835,#9836,#9837,#9838,#9839,#9840,#9841,
    #9842,#9843,#9844,#9845,#9846,#9847,#9848,#9849,#9850,#9851,#9852,
    #9853,#9854,#9855,#9856,#9857,#9858,#9859),.UNSPECIFIED.,.F.,.F.,(6,
    4,4,4,4,4,4,4,6),(0.,0.174947229475,0.274687824134,0.342642731188,
    0.500001121762,0.658751315977,0.724374491317,0.824368033412,1.),
  .UNSPECIFIED.);
#9826 = CARTESIAN_POINT('',(13.925,-14.625,25.452368754828));
#9827 = CARTESIAN_POINT('',(13.94136208584,-14.64136208584,
    25.456593427226));
#9828 = CARTESIAN_POINT('',(13.956536948345,-14.66034450769,
    25.461248941002));
#9829 = CARTESIAN_POINT('',(13.970359760782,-14.68167400788,
    25.466110576761));
#9830 = CARTESIAN_POINT('',(13.982738446145,-14.70503050897,
    25.470931495852));
#9831 = CARTESIAN_POINT('',(13.999843311447,-14.74430000847,
    25.478116246537));
#9832 = CARTESIAN_POINT('',(14.005574429769,-14.75910354918,
    25.48064674422));
#9833 = CARTESIAN_POINT('',(14.010821202575,-14.77439050339,
    25.483061894014));
#9834 = CARTESIAN_POINT('',(14.015582646546,-14.79010120228,
    25.485330040646));
#9835 = CARTESIAN_POINT('',(14.022776572091,-14.81713050145,
    25.488852159349));
#9836 = CARTESIAN_POINT('',(14.025467593608,-14.82825327737,
    25.49019900989));
#9837 = CARTESIAN_POINT('',(14.027935167254,-14.8395275341,
    25.491457199859));
#9838 = CARTESIAN_POINT('',(14.030180206923,-14.85093543349,
    25.492619739488));
#9839 = CARTESIAN_POINT('',(14.036889791331,-14.889145189,25.49613815252
    ));
#9840 = CARTESIAN_POINT('',(14.040387336628,-14.91644949696,
    25.498051480412));
#9841 = CARTESIAN_POINT('',(14.042712826984,-14.94416467636,
    25.499350494088));
#9842 = CARTESIAN_POINT('',(14.043875007557,-14.97208363452,25.5));
#9843 = CARTESIAN_POINT('',(14.043875007557,-15.02816328016,25.5));
#9844 = CARTESIAN_POINT('',(14.042692184563,-15.05632928092,
    25.499338950921));
#9845 = CARTESIAN_POINT('',(14.040325346333,-15.0842860381,
    25.498016850893));
#9846 = CARTESIAN_POINT('',(14.036765458372,-15.11182084077,
    25.496070158318));
#9847 = CARTESIAN_POINT('',(14.030023927487,-15.14983973514,
    25.492539032565));
#9848 = CARTESIAN_POINT('',(14.027845665841,-15.16084984619,
    25.491412060554));
#9849 = CARTESIAN_POINT('',(14.025459857936,-15.17173487127,
    25.490196081986));
#9850 = CARTESIAN_POINT('',(14.022865680849,-15.18247874329,
    25.488897399208));
#9851 = CARTESIAN_POINT('',(14.015791117661,-15.20919589908,
    25.485429791094));
#9852 = CARTESIAN_POINT('',(14.011034649254,-15.22496098559,
    25.483161263113));
#9853 = CARTESIAN_POINT('',(14.005790396712,-15.24030170988,
    25.480744200246));
#9854 = CARTESIAN_POINT('',(14.000059291718,-15.25515797456,
    25.478210410766));
#9855 = CARTESIAN_POINT('',(13.982932453192,-15.29460303136,
    25.471007098673));
#9856 = CARTESIAN_POINT('',(13.970522323663,-15.3180748919,
    25.466167785186));
#9857 = CARTESIAN_POINT('',(13.956656070073,-15.33950636372,
    25.46128551163));
#9858 = CARTESIAN_POINT('',(13.941426435072,-15.35857356492,
    25.456610042126));
#9859 = CARTESIAN_POINT('',(13.925,-15.375,25.452368754828));
#9860 = ORIENTED_EDGE('',*,*,#9861,.F.);
#9861 = EDGE_CURVE('',#7780,#9823,#9862,.T.);
#9862 = LINE('',#9863,#9864);
#9863 = CARTESIAN_POINT('',(13.925,-21.5,25.452368754828));
#9864 = VECTOR('',#9865,1.);
#9865 = DIRECTION('',(0.,1.,6.7E-16));
#9866 = CYLINDRICAL_SURFACE('',#9867,0.5);
#9867 = AXIS2_PLACEMENT_3D('',#9868,#9869,#9870);
#9868 = CARTESIAN_POINT('',(13.8,-21.5,25.936491673104));
#9869 = DIRECTION('',(-0.,-1.,-6.7E-16));
#9870 = DIRECTION('',(-1.,0.,0.));
#9871 = ADVANCED_FACE('',(#9872),#9883,.F.);
#9872 = FACE_BOUND('',#9873,.T.);
#9873 = EDGE_LOOP('',(#9874,#9875,#9876,#9882));
#9874 = ORIENTED_EDGE('',*,*,#7765,.F.);
#9875 = ORIENTED_EDGE('',*,*,#9797,.T.);
#9876 = ORIENTED_EDGE('',*,*,#9877,.T.);
#9877 = EDGE_CURVE('',#9798,#9772,#9878,.T.);
#9878 = LINE('',#9879,#9880);
#9879 = CARTESIAN_POINT('',(14.3,-12.,21.3));
#9880 = VECTOR('',#9881,1.);
#9881 = DIRECTION('',(0.,-8.9E-16,1.));
#9882 = ORIENTED_EDGE('',*,*,#9771,.F.);
#9883 = PLANE('',#9884);
#9884 = AXIS2_PLACEMENT_3D('',#9885,#9886,#9887);
#9885 = CARTESIAN_POINT('',(14.3,-21.5,21.3));
#9886 = DIRECTION('',(-1.,-0.,-0.));
#9887 = DIRECTION('',(0.,6.7E-16,-1.));
#9888 = ADVANCED_FACE('',(#9889),#9910,.F.);
#9889 = FACE_BOUND('',#9890,.T.);
#9890 = EDGE_LOOP('',(#9891,#9892,#9900,#9907,#9908,#9909));
#9891 = ORIENTED_EDGE('',*,*,#7903,.F.);
#9892 = ORIENTED_EDGE('',*,*,#9893,.T.);
#9893 = EDGE_CURVE('',#7897,#9894,#9896,.T.);
#9894 = VERTEX_POINT('',#9895);
#9895 = CARTESIAN_POINT('',(13.925,-15.375,22.547631245172));
#9896 = LINE('',#9897,#9898);
#9897 = CARTESIAN_POINT('',(13.925,-21.5,22.547631245172));
#9898 = VECTOR('',#9899,1.);
#9899 = DIRECTION('',(0.,1.,6.7E-16));
#9900 = ORIENTED_EDGE('',*,*,#9901,.F.);
#9901 = EDGE_CURVE('',#9823,#9894,#9902,.T.);
#9902 = ELLIPSE('',#9903,2.12132034356,1.5);
#9903 = AXIS2_PLACEMENT_3D('',#9904,#9905,#9906);
#9904 = CARTESIAN_POINT('',(14.3,-15.,24.));
#9905 = DIRECTION('',(0.707106781187,-0.707106781187,-4.7E-16));
#9906 = DIRECTION('',(0.707106781187,0.707106781187,4.7E-16));
#9907 = ORIENTED_EDGE('',*,*,#9861,.F.);
#9908 = ORIENTED_EDGE('',*,*,#7845,.F.);
#9909 = ORIENTED_EDGE('',*,*,#7881,.F.);
#9910 = CYLINDRICAL_SURFACE('',#9911,1.5);
#9911 = AXIS2_PLACEMENT_3D('',#9912,#9913,#9914);
#9912 = CARTESIAN_POINT('',(14.3,-21.5,24.));
#9913 = DIRECTION('',(-0.,-1.,-6.7E-16));
#9914 = DIRECTION('',(-1.,0.,0.));
#9915 = ADVANCED_FACE('',(#9916),#9983,.T.);
#9916 = FACE_BOUND('',#9917,.F.);
#9917 = EDGE_LOOP('',(#9918,#9926,#9927,#9928,#9929,#9968,#9976));
#9918 = ORIENTED_EDGE('',*,*,#9919,.F.);
#9919 = EDGE_CURVE('',#8053,#9920,#9922,.T.);
#9920 = VERTEX_POINT('',#9921);
#9921 = CARTESIAN_POINT('',(14.3,-12.,22.063508326896));
#9922 = LINE('',#9923,#9924);
#9923 = CARTESIAN_POINT('',(14.3,-21.5,22.063508326896));
#9924 = VECTOR('',#9925,1.);
#9925 = DIRECTION('',(0.,1.,6.7E-16));
#9926 = ORIENTED_EDGE('',*,*,#8052,.T.);
#9927 = ORIENTED_EDGE('',*,*,#7991,.T.);
#9928 = ORIENTED_EDGE('',*,*,#9893,.T.);
#9929 = ORIENTED_EDGE('',*,*,#9930,.T.);
#9930 = EDGE_CURVE('',#9894,#9931,#9933,.T.);
#9931 = VERTEX_POINT('',#9932);
#9932 = CARTESIAN_POINT('',(13.925,-14.625,22.547631245172));
#9933 = B_SPLINE_CURVE_WITH_KNOTS('',5,(#9934,#9935,#9936,#9937,#9938,
    #9939,#9940,#9941,#9942,#9943,#9944,#9945,#9946,#9947,#9948,#9949,
    #9950,#9951,#9952,#9953,#9954,#9955,#9956,#9957,#9958,#9959,#9960,
    #9961,#9962,#9963,#9964,#9965,#9966,#9967),.UNSPECIFIED.,.F.,.F.,(6,
    4,4,4,4,4,4,4,6),(0.,0.174947229476,0.274687824134,0.342642731188,
    0.500001121762,0.658751315977,0.724374491318,0.824368033412,1.),
  .UNSPECIFIED.);
#9934 = CARTESIAN_POINT('',(13.925,-15.375,22.547631245172));
#9935 = CARTESIAN_POINT('',(13.94136208584,-15.35863791416,
    22.543406572774));
#9936 = CARTESIAN_POINT('',(13.956536948345,-15.3396554923,
    22.538751058998));
#9937 = CARTESIAN_POINT('',(13.970359760782,-15.31832599211,
    22.533889423239));
#9938 = CARTESIAN_POINT('',(13.982738446145,-15.29496949102,
    22.529068504148));
#9939 = CARTESIAN_POINT('',(13.999843311447,-15.25569999152,
    22.521883753463));
#9940 = CARTESIAN_POINT('',(14.005574429769,-15.24089645081,
    22.51935325578));
#9941 = CARTESIAN_POINT('',(14.010821202575,-15.2256094966,
    22.516938105985));
#9942 = CARTESIAN_POINT('',(14.015582646546,-15.20989879771,
    22.514669959354));
#9943 = CARTESIAN_POINT('',(14.022776572091,-15.18286949854,
    22.511147840651));
#9944 = CARTESIAN_POINT('',(14.025467593608,-15.17174672262,
    22.509800990109));
#9945 = CARTESIAN_POINT('',(14.027935167254,-15.16047246589,
    22.508542800141));
#9946 = CARTESIAN_POINT('',(14.030180206923,-15.14906456651,
    22.507380260512));
#9947 = CARTESIAN_POINT('',(14.036889791331,-15.11085481099,
    22.50386184748));
#9948 = CARTESIAN_POINT('',(14.040387336628,-15.08355050303,
    22.501948519588));
#9949 = CARTESIAN_POINT('',(14.042712826984,-15.05583532363,
    22.500649505912));
#9950 = CARTESIAN_POINT('',(14.043875007557,-15.02791636547,22.5));
#9951 = CARTESIAN_POINT('',(14.043875007557,-14.97183671983,22.5));
#9952 = CARTESIAN_POINT('',(14.042692184563,-14.94367071908,
    22.500661049079));
#9953 = CARTESIAN_POINT('',(14.040325346333,-14.91571396189,
    22.501983149107));
#9954 = CARTESIAN_POINT('',(14.036765458372,-14.88817915922,
    22.503929841682));
#9955 = CARTESIAN_POINT('',(14.030023927487,-14.85016026485,
    22.507460967435));
#9956 = CARTESIAN_POINT('',(14.027845665841,-14.8391501538,
    22.508587939446));
#9957 = CARTESIAN_POINT('',(14.025459857936,-14.82826512873,
    22.509803918014));
#9958 = CARTESIAN_POINT('',(14.022865680849,-14.8175212567,
    22.511102600792));
#9959 = CARTESIAN_POINT('',(14.015791117661,-14.79080410091,
    22.514570208906));
#9960 = CARTESIAN_POINT('',(14.011034649254,-14.7750390144,
    22.516838736887));
#9961 = CARTESIAN_POINT('',(14.005790396712,-14.75969829011,
    22.519255799754));
#9962 = CARTESIAN_POINT('',(14.000059291718,-14.74484202543,
    22.521789589234));
#9963 = CARTESIAN_POINT('',(13.982932453192,-14.70539696863,
    22.528992901327));
#9964 = CARTESIAN_POINT('',(13.970522323663,-14.6819251081,
    22.533832214814));
#9965 = CARTESIAN_POINT('',(13.956656070073,-14.66049363627,
    22.53871448837));
#9966 = CARTESIAN_POINT('',(13.941426435072,-14.64142643507,
    22.543389957874));
#9967 = CARTESIAN_POINT('',(13.925,-14.625,22.547631245172));
#9968 = ORIENTED_EDGE('',*,*,#9969,.T.);
#9969 = EDGE_CURVE('',#9931,#9970,#9972,.T.);
#9970 = VERTEX_POINT('',#9971);
#9971 = CARTESIAN_POINT('',(13.925,-12.,22.547631245172));
#9972 = LINE('',#9973,#9974);
#9973 = CARTESIAN_POINT('',(13.925,-21.5,22.547631245172));
#9974 = VECTOR('',#9975,1.);
#9975 = DIRECTION('',(0.,1.,6.7E-16));
#9976 = ORIENTED_EDGE('',*,*,#9977,.T.);
#9977 = EDGE_CURVE('',#9970,#9920,#9978,.T.);
#9978 = CIRCLE('',#9979,0.5);
#9979 = AXIS2_PLACEMENT_3D('',#9980,#9981,#9982);
#9980 = CARTESIAN_POINT('',(13.8,-12.,22.063508326896));
#9981 = DIRECTION('',(0.,1.,8.9E-16));
#9982 = DIRECTION('',(-1.,0.,0.));
#9983 = CYLINDRICAL_SURFACE('',#9984,0.5);
#9984 = AXIS2_PLACEMENT_3D('',#9985,#9986,#9987);
#9985 = CARTESIAN_POINT('',(13.8,-21.5,22.063508326896));
#9986 = DIRECTION('',(-0.,-1.,-6.7E-16));
#9987 = DIRECTION('',(-1.,0.,0.));
#9988 = ADVANCED_FACE('',(#9989),#10007,.F.);
#9989 = FACE_BOUND('',#9990,.T.);
#9990 = EDGE_LOOP('',(#9991,#9992,#10000,#10006));
#9991 = ORIENTED_EDGE('',*,*,#8061,.F.);
#9992 = ORIENTED_EDGE('',*,*,#9993,.T.);
#9993 = EDGE_CURVE('',#8043,#9994,#9996,.T.);
#9994 = VERTEX_POINT('',#9995);
#9995 = CARTESIAN_POINT('',(14.299999999999,-12.,21.3));
#9996 = LINE('',#9997,#9998);
#9997 = CARTESIAN_POINT('',(14.3,-21.5,21.3));
#9998 = VECTOR('',#9999,1.);
#9999 = DIRECTION('',(0.,1.,6.7E-16));
#10000 = ORIENTED_EDGE('',*,*,#10001,.T.);
#10001 = EDGE_CURVE('',#9994,#9920,#10002,.T.);
#10002 = LINE('',#10003,#10004);
#10003 = CARTESIAN_POINT('',(14.3,-12.,21.3));
#10004 = VECTOR('',#10005,1.);
#10005 = DIRECTION('',(0.,-8.9E-16,1.));
#10006 = ORIENTED_EDGE('',*,*,#9919,.F.);
#10007 = PLANE('',#10008);
#10008 = AXIS2_PLACEMENT_3D('',#10009,#10010,#10011);
#10009 = CARTESIAN_POINT('',(14.3,-21.5,21.3));
#10010 = DIRECTION('',(-1.,-0.,-0.));
#10011 = DIRECTION('',(0.,6.7E-16,-1.));
#10012 = ADVANCED_FACE('',(#10013),#10024,.F.);
#10013 = FACE_BOUND('',#10014,.T.);
#10014 = EDGE_LOOP('',(#10015,#10016,#10022,#10023));
#10015 = ORIENTED_EDGE('',*,*,#8667,.T.);
#10016 = ORIENTED_EDGE('',*,*,#10017,.T.);
#10017 = EDGE_CURVE('',#8660,#9994,#10018,.T.);
#10018 = LINE('',#10019,#10020);
#10019 = CARTESIAN_POINT('',(16.5,-12.,21.3));
#10020 = VECTOR('',#10021,1.);
#10021 = DIRECTION('',(-1.,0.,0.));
#10022 = ORIENTED_EDGE('',*,*,#9993,.F.);
#10023 = ORIENTED_EDGE('',*,*,#8078,.F.);
#10024 = PLANE('',#10025);
#10025 = AXIS2_PLACEMENT_3D('',#10026,#10027,#10028);
#10026 = CARTESIAN_POINT('',(16.5,-21.5,21.3));
#10027 = DIRECTION('',(0.,6.7E-16,-1.));
#10028 = DIRECTION('',(1.,0.,0.));
#10029 = ADVANCED_FACE('',(#10030),#10048,.F.);
#10030 = FACE_BOUND('',#10031,.T.);
#10031 = EDGE_LOOP('',(#10032,#10040,#10046,#10047));
#10032 = ORIENTED_EDGE('',*,*,#10033,.T.);
#10033 = EDGE_CURVE('',#8124,#10034,#10036,.T.);
#10034 = VERTEX_POINT('',#10035);
#10035 = CARTESIAN_POINT('',(14.3,-12.,-21.3));
#10036 = LINE('',#10037,#10038);
#10037 = CARTESIAN_POINT('',(14.3,-21.5,-21.3));
#10038 = VECTOR('',#10039,1.);
#10039 = DIRECTION('',(0.,1.,6.7E-16));
#10040 = ORIENTED_EDGE('',*,*,#10041,.T.);
#10041 = EDGE_CURVE('',#10034,#8617,#10042,.T.);
#10042 = LINE('',#10043,#10044);
#10043 = CARTESIAN_POINT('',(14.3,-12.,-21.3));
#10044 = VECTOR('',#10045,1.);
#10045 = DIRECTION('',(1.,-0.,-0.));
#10046 = ORIENTED_EDGE('',*,*,#8616,.F.);
#10047 = ORIENTED_EDGE('',*,*,#8133,.F.);
#10048 = PLANE('',#10049);
#10049 = AXIS2_PLACEMENT_3D('',#10050,#10051,#10052);
#10050 = CARTESIAN_POINT('',(14.3,-21.5,-21.3));
#10051 = DIRECTION('',(0.,-6.7E-16,1.));
#10052 = DIRECTION('',(-1.,-0.,-0.));
#10053 = ADVANCED_FACE('',(#10054),#10128,.T.);
#10054 = FACE_BOUND('',#10055,.F.);
#10055 = EDGE_LOOP('',(#10056,#10057,#10058,#10066,#10075,#10083,#10122)
  );
#10056 = ORIENTED_EDGE('',*,*,#8240,.T.);
#10057 = ORIENTED_EDGE('',*,*,#8147,.T.);
#10058 = ORIENTED_EDGE('',*,*,#10059,.T.);
#10059 = EDGE_CURVE('',#8150,#10060,#10062,.T.);
#10060 = VERTEX_POINT('',#10061);
#10061 = CARTESIAN_POINT('',(14.3,-12.,-22.06350832689));
#10062 = LINE('',#10063,#10064);
#10063 = CARTESIAN_POINT('',(14.3,-21.5,-22.06350832689));
#10064 = VECTOR('',#10065,1.);
#10065 = DIRECTION('',(0.,1.,6.7E-16));
#10066 = ORIENTED_EDGE('',*,*,#10067,.T.);
#10067 = EDGE_CURVE('',#10060,#10068,#10070,.T.);
#10068 = VERTEX_POINT('',#10069);
#10069 = CARTESIAN_POINT('',(13.925,-12.,-22.54763124517));
#10070 = CIRCLE('',#10071,0.5);
#10071 = AXIS2_PLACEMENT_3D('',#10072,#10073,#10074);
#10072 = CARTESIAN_POINT('',(13.8,-12.,-22.06350832689));
#10073 = DIRECTION('',(0.,1.,8.9E-16));
#10074 = DIRECTION('',(-1.,0.,0.));
#10075 = ORIENTED_EDGE('',*,*,#10076,.F.);
#10076 = EDGE_CURVE('',#10077,#10068,#10079,.T.);
#10077 = VERTEX_POINT('',#10078);
#10078 = CARTESIAN_POINT('',(13.925,-14.625,-22.54763124517));
#10079 = LINE('',#10080,#10081);
#10080 = CARTESIAN_POINT('',(13.925,-21.5,-22.54763124517));
#10081 = VECTOR('',#10082,1.);
#10082 = DIRECTION('',(0.,1.,6.7E-16));
#10083 = ORIENTED_EDGE('',*,*,#10084,.T.);
#10084 = EDGE_CURVE('',#10077,#10085,#10087,.T.);
#10085 = VERTEX_POINT('',#10086);
#10086 = CARTESIAN_POINT('',(13.925,-15.375,-22.54763124517));
#10087 = B_SPLINE_CURVE_WITH_KNOTS('',5,(#10088,#10089,#10090,#10091,
    #10092,#10093,#10094,#10095,#10096,#10097,#10098,#10099,#10100,
    #10101,#10102,#10103,#10104,#10105,#10106,#10107,#10108,#10109,
    #10110,#10111,#10112,#10113,#10114,#10115,#10116,#10117,#10118,
    #10119,#10120,#10121),.UNSPECIFIED.,.F.,.F.,(6,4,4,4,4,4,4,4,6),(0.,
    0.174947229476,0.274687824134,0.342642731189,0.500001121762,
    0.658751315977,0.724374491318,0.824368033412,1.),.UNSPECIFIED.);
#10088 = CARTESIAN_POINT('',(13.925,-14.625,-22.54763124517));
#10089 = CARTESIAN_POINT('',(13.94136208584,-14.64136208584,
    -22.54340657277));
#10090 = CARTESIAN_POINT('',(13.956536948345,-14.66034450769,
    -22.53875105899));
#10091 = CARTESIAN_POINT('',(13.970359760782,-14.68167400788,
    -22.53388942323));
#10092 = CARTESIAN_POINT('',(13.982738446145,-14.70503050897,
    -22.52906850414));
#10093 = CARTESIAN_POINT('',(13.999843311447,-14.74430000847,
    -22.52188375346));
#10094 = CARTESIAN_POINT('',(14.005574429769,-14.75910354918,
    -22.51935325578));
#10095 = CARTESIAN_POINT('',(14.010821202575,-14.77439050339,
    -22.51693810598));
#10096 = CARTESIAN_POINT('',(14.015582646546,-14.79010120229,
    -22.51466995935));
#10097 = CARTESIAN_POINT('',(14.022776572091,-14.81713050145,
    -22.51114784065));
#10098 = CARTESIAN_POINT('',(14.025467593608,-14.82825327737,
    -22.5098009901));
#10099 = CARTESIAN_POINT('',(14.027935167254,-14.8395275341,
    -22.50854280014));
#10100 = CARTESIAN_POINT('',(14.030180206923,-14.85093543349,
    -22.50738026051));
#10101 = CARTESIAN_POINT('',(14.036889791331,-14.889145189,
    -22.50386184748));
#10102 = CARTESIAN_POINT('',(14.040387336628,-14.91644949696,
    -22.50194851958));
#10103 = CARTESIAN_POINT('',(14.042712826984,-14.94416467636,
    -22.50064950591));
#10104 = CARTESIAN_POINT('',(14.043875007557,-14.97208363452,-22.5));
#10105 = CARTESIAN_POINT('',(14.043875007557,-15.02816328016,-22.5));
#10106 = CARTESIAN_POINT('',(14.042692184563,-15.05632928092,
    -22.50066104907));
#10107 = CARTESIAN_POINT('',(14.040325346333,-15.0842860381,
    -22.5019831491));
#10108 = CARTESIAN_POINT('',(14.036765458372,-15.11182084077,
    -22.50392984168));
#10109 = CARTESIAN_POINT('',(14.030023927487,-15.14983973514,
    -22.50746096743));
#10110 = CARTESIAN_POINT('',(14.027845665841,-15.16084984619,
    -22.50858793944));
#10111 = CARTESIAN_POINT('',(14.025459857936,-15.17173487127,
    -22.50980391801));
#10112 = CARTESIAN_POINT('',(14.022865680849,-15.18247874329,
    -22.51110260079));
#10113 = CARTESIAN_POINT('',(14.015791117661,-15.20919589908,
    -22.5145702089));
#10114 = CARTESIAN_POINT('',(14.011034649254,-15.22496098559,
    -22.51683873688));
#10115 = CARTESIAN_POINT('',(14.005790396712,-15.24030170988,
    -22.51925579975));
#10116 = CARTESIAN_POINT('',(14.000059291718,-15.25515797456,
    -22.52178958923));
#10117 = CARTESIAN_POINT('',(13.982932453192,-15.29460303136,
    -22.52899290132));
#10118 = CARTESIAN_POINT('',(13.970522323663,-15.3180748919,
    -22.53383221481));
#10119 = CARTESIAN_POINT('',(13.956656070073,-15.33950636372,
    -22.53871448837));
#10120 = CARTESIAN_POINT('',(13.941426435072,-15.35857356492,
    -22.54338995787));
#10121 = CARTESIAN_POINT('',(13.925,-15.375,-22.54763124517));
#10122 = ORIENTED_EDGE('',*,*,#10123,.F.);
#10123 = EDGE_CURVE('',#8234,#10085,#10124,.T.);
#10124 = LINE('',#10125,#10126);
#10125 = CARTESIAN_POINT('',(13.925,-21.5,-22.54763124517));
#10126 = VECTOR('',#10127,1.);
#10127 = DIRECTION('',(0.,1.,6.7E-16));
#10128 = CYLINDRICAL_SURFACE('',#10129,0.5);
#10129 = AXIS2_PLACEMENT_3D('',#10130,#10131,#10132);
#10130 = CARTESIAN_POINT('',(13.8,-21.5,-22.06350832689));
#10131 = DIRECTION('',(-0.,-1.,-6.7E-16));
#10132 = DIRECTION('',(-1.,0.,0.));
#10133 = ADVANCED_FACE('',(#10134),#10145,.F.);
#10134 = FACE_BOUND('',#10135,.T.);
#10135 = EDGE_LOOP('',(#10136,#10137,#10138,#10144));
#10136 = ORIENTED_EDGE('',*,*,#8219,.F.);
#10137 = ORIENTED_EDGE('',*,*,#10059,.T.);
#10138 = ORIENTED_EDGE('',*,*,#10139,.T.);
#10139 = EDGE_CURVE('',#10060,#10034,#10140,.T.);
#10140 = LINE('',#10141,#10142);
#10141 = CARTESIAN_POINT('',(14.3,-12.,-26.7));
#10142 = VECTOR('',#10143,1.);
#10143 = DIRECTION('',(0.,-8.9E-16,1.));
#10144 = ORIENTED_EDGE('',*,*,#10033,.F.);
#10145 = PLANE('',#10146);
#10146 = AXIS2_PLACEMENT_3D('',#10147,#10148,#10149);
#10147 = CARTESIAN_POINT('',(14.3,-21.5,-26.7));
#10148 = DIRECTION('',(-1.,-0.,-0.));
#10149 = DIRECTION('',(0.,6.7E-16,-1.));
#10150 = ADVANCED_FACE('',(#10151),#10172,.F.);
#10151 = FACE_BOUND('',#10152,.T.);
#10152 = EDGE_LOOP('',(#10153,#10154,#10162,#10169,#10170,#10171));
#10153 = ORIENTED_EDGE('',*,*,#8357,.F.);
#10154 = ORIENTED_EDGE('',*,*,#10155,.T.);
#10155 = EDGE_CURVE('',#8351,#10156,#10158,.T.);
#10156 = VERTEX_POINT('',#10157);
#10157 = CARTESIAN_POINT('',(13.925,-15.375,-25.45236875482));
#10158 = LINE('',#10159,#10160);
#10159 = CARTESIAN_POINT('',(13.925,-21.5,-25.45236875482));
#10160 = VECTOR('',#10161,1.);
#10161 = DIRECTION('',(0.,1.,6.7E-16));
#10162 = ORIENTED_EDGE('',*,*,#10163,.F.);
#10163 = EDGE_CURVE('',#10085,#10156,#10164,.T.);
#10164 = ELLIPSE('',#10165,2.12132034356,1.5);
#10165 = AXIS2_PLACEMENT_3D('',#10166,#10167,#10168);
#10166 = CARTESIAN_POINT('',(14.3,-15.,-24.));
#10167 = DIRECTION('',(0.707106781187,-0.707106781187,-4.7E-16));
#10168 = DIRECTION('',(0.707106781187,0.707106781187,4.7E-16));
#10169 = ORIENTED_EDGE('',*,*,#10123,.F.);
#10170 = ORIENTED_EDGE('',*,*,#8299,.F.);
#10171 = ORIENTED_EDGE('',*,*,#8335,.F.);
#10172 = CYLINDRICAL_SURFACE('',#10173,1.5);
#10173 = AXIS2_PLACEMENT_3D('',#10174,#10175,#10176);
#10174 = CARTESIAN_POINT('',(14.3,-21.5,-24.));
#10175 = DIRECTION('',(-0.,-1.,-6.7E-16));
#10176 = DIRECTION('',(-1.,0.,0.));
#10177 = ADVANCED_FACE('',(#10178),#10245,.T.);
#10178 = FACE_BOUND('',#10179,.F.);
#10179 = EDGE_LOOP('',(#10180,#10188,#10189,#10190,#10191,#10230,#10238)
  );
#10180 = ORIENTED_EDGE('',*,*,#10181,.F.);
#10181 = EDGE_CURVE('',#8507,#10182,#10184,.T.);
#10182 = VERTEX_POINT('',#10183);
#10183 = CARTESIAN_POINT('',(14.3,-12.,-25.9364916731));
#10184 = LINE('',#10185,#10186);
#10185 = CARTESIAN_POINT('',(14.3,-21.5,-25.9364916731));
#10186 = VECTOR('',#10187,1.);
#10187 = DIRECTION('',(0.,1.,6.7E-16));
#10188 = ORIENTED_EDGE('',*,*,#8506,.T.);
#10189 = ORIENTED_EDGE('',*,*,#8445,.T.);
#10190 = ORIENTED_EDGE('',*,*,#10155,.T.);
#10191 = ORIENTED_EDGE('',*,*,#10192,.T.);
#10192 = EDGE_CURVE('',#10156,#10193,#10195,.T.);
#10193 = VERTEX_POINT('',#10194);
#10194 = CARTESIAN_POINT('',(13.925,-14.625,-25.45236875482));
#10195 = B_SPLINE_CURVE_WITH_KNOTS('',5,(#10196,#10197,#10198,#10199,
    #10200,#10201,#10202,#10203,#10204,#10205,#10206,#10207,#10208,
    #10209,#10210,#10211,#10212,#10213,#10214,#10215,#10216,#10217,
    #10218,#10219,#10220,#10221,#10222,#10223,#10224,#10225,#10226,
    #10227,#10228,#10229),.UNSPECIFIED.,.F.,.F.,(6,4,4,4,4,4,4,4,6),(0.,
    0.174947229476,0.274687824134,0.342642731189,0.500001121762,
    0.658751315977,0.724374491317,0.824368033412,1.),.UNSPECIFIED.);
#10196 = CARTESIAN_POINT('',(13.925,-15.375,-25.45236875482));
#10197 = CARTESIAN_POINT('',(13.94136208584,-15.35863791416,
    -25.45659342722));
#10198 = CARTESIAN_POINT('',(13.956536948345,-15.3396554923,
    -25.461248941));
#10199 = CARTESIAN_POINT('',(13.970359760782,-15.31832599211,
    -25.46611057676));
#10200 = CARTESIAN_POINT('',(13.982738446145,-15.29496949102,
    -25.47093149585));
#10201 = CARTESIAN_POINT('',(13.999843311447,-15.25569999152,
    -25.47811624653));
#10202 = CARTESIAN_POINT('',(14.005574429769,-15.24089645081,
    -25.48064674422));
#10203 = CARTESIAN_POINT('',(14.010821202575,-15.2256094966,
    -25.48306189401));
#10204 = CARTESIAN_POINT('',(14.015582646546,-15.20989879771,
    -25.48533004064));
#10205 = CARTESIAN_POINT('',(14.022776572091,-15.18286949854,
    -25.48885215934));
#10206 = CARTESIAN_POINT('',(14.025467593608,-15.17174672262,
    -25.49019900989));
#10207 = CARTESIAN_POINT('',(14.027935167254,-15.16047246589,
    -25.49145719985));
#10208 = CARTESIAN_POINT('',(14.030180206923,-15.14906456651,
    -25.49261973948));
#10209 = CARTESIAN_POINT('',(14.036889791331,-15.11085481099,
    -25.49613815252));
#10210 = CARTESIAN_POINT('',(14.040387336628,-15.08355050303,
    -25.49805148041));
#10211 = CARTESIAN_POINT('',(14.042712826984,-15.05583532363,
    -25.49935049408));
#10212 = CARTESIAN_POINT('',(14.043875007557,-15.02791636547,-25.5));
#10213 = CARTESIAN_POINT('',(14.043875007557,-14.97183671983,-25.5));
#10214 = CARTESIAN_POINT('',(14.042692184563,-14.94367071908,
    -25.49933895092));
#10215 = CARTESIAN_POINT('',(14.040325346333,-14.91571396189,
    -25.49801685089));
#10216 = CARTESIAN_POINT('',(14.036765458372,-14.88817915922,
    -25.49607015831));
#10217 = CARTESIAN_POINT('',(14.030023927487,-14.85016026485,
    -25.49253903256));
#10218 = CARTESIAN_POINT('',(14.027845665841,-14.8391501538,
    -25.49141206055));
#10219 = CARTESIAN_POINT('',(14.025459857936,-14.82826512873,
    -25.49019608198));
#10220 = CARTESIAN_POINT('',(14.022865680849,-14.8175212567,
    -25.4888973992));
#10221 = CARTESIAN_POINT('',(14.015791117661,-14.79080410091,
    -25.48542979109));
#10222 = CARTESIAN_POINT('',(14.011034649254,-14.7750390144,
    -25.48316126311));
#10223 = CARTESIAN_POINT('',(14.005790396712,-14.75969829011,
    -25.48074420024));
#10224 = CARTESIAN_POINT('',(14.000059291718,-14.74484202543,
    -25.47821041076));
#10225 = CARTESIAN_POINT('',(13.982932453192,-14.70539696863,
    -25.47100709867));
#10226 = CARTESIAN_POINT('',(13.970522323663,-14.6819251081,
    -25.46616778518));
#10227 = CARTESIAN_POINT('',(13.956656070073,-14.66049363627,
    -25.46128551163));
#10228 = CARTESIAN_POINT('',(13.941426435072,-14.64142643507,
    -25.45661004212));
#10229 = CARTESIAN_POINT('',(13.925,-14.625,-25.45236875482));
#10230 = ORIENTED_EDGE('',*,*,#10231,.T.);
#10231 = EDGE_CURVE('',#10193,#10232,#10234,.T.);
#10232 = VERTEX_POINT('',#10233);
#10233 = CARTESIAN_POINT('',(13.925,-12.,-25.45236875482));
#10234 = LINE('',#10235,#10236);
#10235 = CARTESIAN_POINT('',(13.925,-21.5,-25.45236875482));
#10236 = VECTOR('',#10237,1.);
#10237 = DIRECTION('',(0.,1.,6.7E-16));
#10238 = ORIENTED_EDGE('',*,*,#10239,.T.);
#10239 = EDGE_CURVE('',#10232,#10182,#10240,.T.);
#10240 = CIRCLE('',#10241,0.5);
#10241 = AXIS2_PLACEMENT_3D('',#10242,#10243,#10244);
#10242 = CARTESIAN_POINT('',(13.8,-12.,-25.9364916731));
#10243 = DIRECTION('',(0.,1.,8.9E-16));
#10244 = DIRECTION('',(-1.,0.,0.));
#10245 = CYLINDRICAL_SURFACE('',#10246,0.5);
#10246 = AXIS2_PLACEMENT_3D('',#10247,#10248,#10249);
#10247 = CARTESIAN_POINT('',(13.8,-21.5,-25.9364916731));
#10248 = DIRECTION('',(-0.,-1.,-6.7E-16));
#10249 = DIRECTION('',(-1.,0.,0.));
#10250 = ADVANCED_FACE('',(#10251),#10269,.F.);
#10251 = FACE_BOUND('',#10252,.T.);
#10252 = EDGE_LOOP('',(#10253,#10254,#10262,#10268));
#10253 = ORIENTED_EDGE('',*,*,#8515,.F.);
#10254 = ORIENTED_EDGE('',*,*,#10255,.T.);
#10255 = EDGE_CURVE('',#8497,#10256,#10258,.T.);
#10256 = VERTEX_POINT('',#10257);
#10257 = CARTESIAN_POINT('',(14.3,-12.,-26.7));
#10258 = LINE('',#10259,#10260);
#10259 = CARTESIAN_POINT('',(14.3,-21.5,-26.7));
#10260 = VECTOR('',#10261,1.);
#10261 = DIRECTION('',(0.,1.,6.7E-16));
#10262 = ORIENTED_EDGE('',*,*,#10263,.T.);
#10263 = EDGE_CURVE('',#10256,#10182,#10264,.T.);
#10264 = LINE('',#10265,#10266);
#10265 = CARTESIAN_POINT('',(14.3,-12.,-26.7));
#10266 = VECTOR('',#10267,1.);
#10267 = DIRECTION('',(0.,-8.9E-16,1.));
#10268 = ORIENTED_EDGE('',*,*,#10181,.F.);
#10269 = PLANE('',#10270);
#10270 = AXIS2_PLACEMENT_3D('',#10271,#10272,#10273);
#10271 = CARTESIAN_POINT('',(14.3,-21.5,-26.7));
#10272 = DIRECTION('',(-1.,-0.,-0.));
#10273 = DIRECTION('',(0.,6.7E-16,-1.));
#10274 = ADVANCED_FACE('',(#10275),#10286,.F.);
#10275 = FACE_BOUND('',#10276,.T.);
#10276 = EDGE_LOOP('',(#10277,#10278,#10284,#10285));
#10277 = ORIENTED_EDGE('',*,*,#8632,.T.);
#10278 = ORIENTED_EDGE('',*,*,#10279,.T.);
#10279 = EDGE_CURVE('',#8625,#10256,#10280,.T.);
#10280 = LINE('',#10281,#10282);
#10281 = CARTESIAN_POINT('',(16.5,-12.,-26.7));
#10282 = VECTOR('',#10283,1.);
#10283 = DIRECTION('',(-1.,0.,0.));
#10284 = ORIENTED_EDGE('',*,*,#10255,.F.);
#10285 = ORIENTED_EDGE('',*,*,#8532,.F.);
#10286 = PLANE('',#10287);
#10287 = AXIS2_PLACEMENT_3D('',#10288,#10289,#10290);
#10288 = CARTESIAN_POINT('',(16.5,-21.5,-26.7));
#10289 = DIRECTION('',(0.,6.7E-16,-1.));
#10290 = DIRECTION('',(1.,0.,0.));
#10291 = ADVANCED_FACE('',(#10292),#10298,.T.);
#10292 = FACE_BOUND('',#10293,.T.);
#10293 = EDGE_LOOP('',(#10294,#10295,#10296,#10297));
#10294 = ORIENTED_EDGE('',*,*,#8965,.T.);
#10295 = ORIENTED_EDGE('',*,*,#8790,.T.);
#10296 = ORIENTED_EDGE('',*,*,#8728,.F.);
#10297 = ORIENTED_EDGE('',*,*,#8696,.F.);
#10298 = PLANE('',#10299);
#10299 = AXIS2_PLACEMENT_3D('',#10300,#10301,#10302);
#10300 = CARTESIAN_POINT('',(6.318376618407,-2.5,-1.));
#10301 = DIRECTION('',(-1.,0.,0.));
#10302 = DIRECTION('',(0.,1.,0.));
#10303 = ADVANCED_FACE('',(#10304),#10310,.F.);
#10304 = FACE_BOUND('',#10305,.F.);
#10305 = EDGE_LOOP('',(#10306,#10307,#10308,#10309));
#10306 = ORIENTED_EDGE('',*,*,#9160,.T.);
#10307 = ORIENTED_EDGE('',*,*,#8751,.T.);
#10308 = ORIENTED_EDGE('',*,*,#9119,.F.);
#10309 = ORIENTED_EDGE('',*,*,#9143,.F.);
#10310 = PLANE('',#10311);
#10311 = AXIS2_PLACEMENT_3D('',#10312,#10313,#10314);
#10312 = CARTESIAN_POINT('',(-6.318376618407,-2.5,-1.));
#10313 = DIRECTION('',(-1.,0.,0.));
#10314 = DIRECTION('',(0.,1.,0.));
#10315 = ADVANCED_FACE('',(#10316),#10322,.T.);
#10316 = FACE_BOUND('',#10317,.T.);
#10317 = EDGE_LOOP('',(#10318,#10319,#10320,#10321));
#10318 = ORIENTED_EDGE('',*,*,#8989,.T.);
#10319 = ORIENTED_EDGE('',*,*,#8774,.T.);
#10320 = ORIENTED_EDGE('',*,*,#9054,.F.);
#10321 = ORIENTED_EDGE('',*,*,#9013,.F.);
#10322 = PLANE('',#10323);
#10323 = AXIS2_PLACEMENT_3D('',#10324,#10325,#10326);
#10324 = CARTESIAN_POINT('',(2.5,6.318376618407,-1.));
#10325 = DIRECTION('',(0.,-1.,0.));
#10326 = DIRECTION('',(-1.,0.,0.));
#10327 = ADVANCED_FACE('',(#10328),#10334,.T.);
#10328 = FACE_BOUND('',#10329,.T.);
#10329 = EDGE_LOOP('',(#10330,#10331,#10332,#10333));
#10330 = ORIENTED_EDGE('',*,*,#9095,.T.);
#10331 = ORIENTED_EDGE('',*,*,#8813,.T.);
#10332 = ORIENTED_EDGE('',*,*,#9037,.F.);
#10333 = ORIENTED_EDGE('',*,*,#9070,.F.);
#10334 = PLANE('',#10335);
#10335 = AXIS2_PLACEMENT_3D('',#10336,#10337,#10338);
#10336 = CARTESIAN_POINT('',(-2.499999999993,-6.318376618401,-1.));
#10337 = DIRECTION('',(0.,1.,0.));
#10338 = DIRECTION('',(1.,0.,0.));
#10339 = ADVANCED_FACE('',(#10340),#10359,.F.);
#10340 = FACE_BOUND('',#10341,.F.);
#10341 = EDGE_LOOP('',(#10342,#10343,#10349,#10350,#10351,#10352,#10353,
    #10354,#10355,#10356,#10357,#10358));
#10342 = ORIENTED_EDGE('',*,*,#9210,.F.);
#10343 = ORIENTED_EDGE('',*,*,#10344,.T.);
#10344 = EDGE_CURVE('',#9211,#8859,#10345,.T.);
#10345 = LINE('',#10346,#10347);
#10346 = CARTESIAN_POINT('',(4.5,0.,45.));
#10347 = VECTOR('',#10348,1.);
#10348 = DIRECTION('',(-0.,-0.,-1.));
#10349 = ORIENTED_EDGE('',*,*,#8867,.T.);
#10350 = ORIENTED_EDGE('',*,*,#8876,.F.);
#10351 = ORIENTED_EDGE('',*,*,#8885,.T.);
#10352 = ORIENTED_EDGE('',*,*,#8894,.T.);
#10353 = ORIENTED_EDGE('',*,*,#8903,.T.);
#10354 = ORIENTED_EDGE('',*,*,#8829,.F.);
#10355 = ORIENTED_EDGE('',*,*,#8840,.T.);
#10356 = ORIENTED_EDGE('',*,*,#8849,.T.);
#10357 = ORIENTED_EDGE('',*,*,#8858,.T.);
#10358 = ORIENTED_EDGE('',*,*,#10344,.F.);
#10359 = CYLINDRICAL_SURFACE('',#10360,4.5);
#10360 = AXIS2_PLACEMENT_3D('',#10361,#10362,#10363);
#10361 = CARTESIAN_POINT('',(0.,0.,45.));
#10362 = DIRECTION('',(0.,0.,1.));
#10363 = DIRECTION('',(1.,0.,0.));
#10364 = ADVANCED_FACE('',(#10365),#10376,.F.);
#10365 = FACE_BOUND('',#10366,.F.);
#10366 = EDGE_LOOP('',(#10367,#10368,#10374,#10375));
#10367 = ORIENTED_EDGE('',*,*,#9177,.F.);
#10368 = ORIENTED_EDGE('',*,*,#10369,.T.);
#10369 = EDGE_CURVE('',#9178,#8913,#10370,.T.);
#10370 = LINE('',#10371,#10372);
#10371 = CARTESIAN_POINT('',(-4.156854249492,-5.656854249492,15.));
#10372 = VECTOR('',#10373,1.);
#10373 = DIRECTION('',(-0.,-0.,-1.));
#10374 = ORIENTED_EDGE('',*,*,#8912,.T.);
#10375 = ORIENTED_EDGE('',*,*,#10369,.F.);
#10376 = CYLINDRICAL_SURFACE('',#10377,1.5);
#10377 = AXIS2_PLACEMENT_3D('',#10378,#10379,#10380);
#10378 = CARTESIAN_POINT('',(-5.656854249492,-5.656854249492,15.));
#10379 = DIRECTION('',(0.,0.,1.));
#10380 = DIRECTION('',(1.,0.,0.));
#10381 = ADVANCED_FACE('',(#10382),#10393,.F.);
#10382 = FACE_BOUND('',#10383,.F.);
#10383 = EDGE_LOOP('',(#10384,#10385,#10391,#10392));
#10384 = ORIENTED_EDGE('',*,*,#9188,.F.);
#10385 = ORIENTED_EDGE('',*,*,#10386,.T.);
#10386 = EDGE_CURVE('',#9189,#8924,#10387,.T.);
#10387 = LINE('',#10388,#10389);
#10388 = CARTESIAN_POINT('',(7.156854249492,-5.656854249492,15.));
#10389 = VECTOR('',#10390,1.);
#10390 = DIRECTION('',(-0.,-0.,-1.));
#10391 = ORIENTED_EDGE('',*,*,#8923,.T.);
#10392 = ORIENTED_EDGE('',*,*,#10386,.F.);
#10393 = CYLINDRICAL_SURFACE('',#10394,1.5);
#10394 = AXIS2_PLACEMENT_3D('',#10395,#10396,#10397);
#10395 = CARTESIAN_POINT('',(5.656854249492,-5.656854249492,15.));
#10396 = DIRECTION('',(0.,0.,1.));
#10397 = DIRECTION('',(1.,0.,0.));
#10398 = ADVANCED_FACE('',(#10399),#10410,.F.);
#10399 = FACE_BOUND('',#10400,.F.);
#10400 = EDGE_LOOP('',(#10401,#10402,#10408,#10409));
#10401 = ORIENTED_EDGE('',*,*,#9221,.F.);
#10402 = ORIENTED_EDGE('',*,*,#10403,.T.);
#10403 = EDGE_CURVE('',#9222,#8935,#10404,.T.);
#10404 = LINE('',#10405,#10406);
#10405 = CARTESIAN_POINT('',(7.156854249492,5.656854249492,15.));
#10406 = VECTOR('',#10407,1.);
#10407 = DIRECTION('',(-0.,-0.,-1.));
#10408 = ORIENTED_EDGE('',*,*,#8934,.T.);
#10409 = ORIENTED_EDGE('',*,*,#10403,.F.);
#10410 = CYLINDRICAL_SURFACE('',#10411,1.5);
#10411 = AXIS2_PLACEMENT_3D('',#10412,#10413,#10414);
#10412 = CARTESIAN_POINT('',(5.656854249492,5.656854249492,15.));
#10413 = DIRECTION('',(0.,0.,1.));
#10414 = DIRECTION('',(1.,0.,0.));
#10415 = ADVANCED_FACE('',(#10416),#10427,.F.);
#10416 = FACE_BOUND('',#10417,.F.);
#10417 = EDGE_LOOP('',(#10418,#10419,#10425,#10426));
#10418 = ORIENTED_EDGE('',*,*,#9199,.F.);
#10419 = ORIENTED_EDGE('',*,*,#10420,.T.);
#10420 = EDGE_CURVE('',#9200,#8946,#10421,.T.);
#10421 = LINE('',#10422,#10423);
#10422 = CARTESIAN_POINT('',(-4.156854249492,5.656854249492,15.));
#10423 = VECTOR('',#10424,1.);
#10424 = DIRECTION('',(-0.,-0.,-1.));
#10425 = ORIENTED_EDGE('',*,*,#8945,.T.);
#10426 = ORIENTED_EDGE('',*,*,#10420,.F.);
#10427 = CYLINDRICAL_SURFACE('',#10428,1.5);
#10428 = AXIS2_PLACEMENT_3D('',#10429,#10430,#10431);
#10429 = CARTESIAN_POINT('',(-5.656854249492,5.656854249492,15.));
#10430 = DIRECTION('',(0.,0.,1.));
#10431 = DIRECTION('',(1.,0.,0.));
#10432 = ADVANCED_FACE('',(#10433),#10478,.F.);
#10433 = FACE_BOUND('',#10434,.T.);
#10434 = EDGE_LOOP('',(#10435,#10444,#10451,#10460,#10467,#10468,#10475,
    #10476,#10477));
#10435 = ORIENTED_EDGE('',*,*,#10436,.T.);
#10436 = EDGE_CURVE('',#9390,#10437,#10439,.T.);
#10437 = VERTEX_POINT('',#10438);
#10438 = CARTESIAN_POINT('',(-12.8,-13.5,24.));
#10439 = ELLIPSE('',#10440,2.12132034356,1.5);
#10440 = AXIS2_PLACEMENT_3D('',#10441,#10442,#10443);
#10441 = CARTESIAN_POINT('',(-14.3,-15.,24.));
#10442 = DIRECTION('',(-0.707106781187,0.707106781187,3.1E-16));
#10443 = DIRECTION('',(-0.707106781187,-0.707106781187,-6.3E-16));
#10444 = ORIENTED_EDGE('',*,*,#10445,.F.);
#10445 = EDGE_CURVE('',#10446,#10437,#10448,.T.);
#10446 = VERTEX_POINT('',#10447);
#10447 = CARTESIAN_POINT('',(-11.5,-13.5,24.));
#10448 = B_SPLINE_CURVE_WITH_KNOTS('',1,(#10449,#10450),.UNSPECIFIED.,
  .F.,.F.,(2,2),(-20.,-17.2),.PIECEWISE_BEZIER_KNOTS.);
#10449 = CARTESIAN_POINT('',(-11.5,-13.5,24.));
#10450 = CARTESIAN_POINT('',(-14.3,-13.5,24.));
#10451 = ORIENTED_EDGE('',*,*,#10452,.T.);
#10452 = EDGE_CURVE('',#10446,#10453,#10455,.T.);
#10453 = VERTEX_POINT('',#10454);
#10454 = CARTESIAN_POINT('',(-11.5,-16.5,24.));
#10455 = CIRCLE('',#10456,1.5);
#10456 = AXIS2_PLACEMENT_3D('',#10457,#10458,#10459);
#10457 = CARTESIAN_POINT('',(-11.5,-15.,24.));
#10458 = DIRECTION('',(1.,-2.2E-16,2.2E-16));
#10459 = DIRECTION('',(2.2E-16,1.,0.));
#10460 = ORIENTED_EDGE('',*,*,#10461,.T.);
#10461 = EDGE_CURVE('',#10453,#10446,#10462,.T.);
#10462 = CIRCLE('',#10463,1.5);
#10463 = AXIS2_PLACEMENT_3D('',#10464,#10465,#10466);
#10464 = CARTESIAN_POINT('',(-11.5,-15.,24.));
#10465 = DIRECTION('',(1.,-2.2E-16,2.2E-16));
#10466 = DIRECTION('',(2.2E-16,1.,0.));
#10467 = ORIENTED_EDGE('',*,*,#10445,.T.);
#10468 = ORIENTED_EDGE('',*,*,#10469,.T.);
#10469 = EDGE_CURVE('',#10437,#9267,#10470,.T.);
#10470 = ELLIPSE('',#10471,2.12132034356,1.5);
#10471 = AXIS2_PLACEMENT_3D('',#10472,#10473,#10474);
#10472 = CARTESIAN_POINT('',(-14.3,-15.,24.));
#10473 = DIRECTION('',(-0.707106781187,0.707106781187,3.1E-16));
#10474 = DIRECTION('',(-0.707106781187,-0.707106781187,-6.3E-16));
#10475 = ORIENTED_EDGE('',*,*,#9274,.F.);
#10476 = ORIENTED_EDGE('',*,*,#9360,.T.);
#10477 = ORIENTED_EDGE('',*,*,#9389,.F.);
#10478 = CYLINDRICAL_SURFACE('',#10479,1.5);
#10479 = AXIS2_PLACEMENT_3D('',#10480,#10481,#10482);
#10480 = CARTESIAN_POINT('',(-31.5,-15.,24.));
#10481 = DIRECTION('',(-1.,2.2E-16,-2.2E-16));
#10482 = DIRECTION('',(2.2E-16,1.,0.));
#10483 = ADVANCED_FACE('',(#10484),#10497,.F.);
#10484 = FACE_BOUND('',#10485,.T.);
#10485 = EDGE_LOOP('',(#10486,#10487,#10488,#10495,#10496));
#10486 = ORIENTED_EDGE('',*,*,#10436,.F.);
#10487 = ORIENTED_EDGE('',*,*,#9428,.T.);
#10488 = ORIENTED_EDGE('',*,*,#10489,.T.);
#10489 = EDGE_CURVE('',#9429,#9258,#10490,.T.);
#10490 = CIRCLE('',#10491,1.5);
#10491 = AXIS2_PLACEMENT_3D('',#10492,#10493,#10494);
#10492 = CARTESIAN_POINT('',(-14.3,-12.,24.));
#10493 = DIRECTION('',(0.,1.,8.9E-16));
#10494 = DIRECTION('',(-1.,0.,0.));
#10495 = ORIENTED_EDGE('',*,*,#9266,.F.);
#10496 = ORIENTED_EDGE('',*,*,#10469,.F.);
#10497 = CYLINDRICAL_SURFACE('',#10498,1.5);
#10498 = AXIS2_PLACEMENT_3D('',#10499,#10500,#10501);
#10499 = CARTESIAN_POINT('',(-14.3,-21.5,24.));
#10500 = DIRECTION('',(-0.,-1.,-6.7E-16));
#10501 = DIRECTION('',(-1.,0.,0.));
#10502 = ADVANCED_FACE('',(#10503),#10548,.F.);
#10503 = FACE_BOUND('',#10504,.T.);
#10504 = EDGE_LOOP('',(#10505,#10514,#10521,#10530,#10537,#10538,#10545,
    #10546,#10547));
#10505 = ORIENTED_EDGE('',*,*,#10506,.T.);
#10506 = EDGE_CURVE('',#9628,#10507,#10509,.T.);
#10507 = VERTEX_POINT('',#10508);
#10508 = CARTESIAN_POINT('',(-12.8,-13.5,-24.));
#10509 = ELLIPSE('',#10510,2.12132034356,1.5);
#10510 = AXIS2_PLACEMENT_3D('',#10511,#10512,#10513);
#10511 = CARTESIAN_POINT('',(-14.3,-15.,-24.));
#10512 = DIRECTION('',(-0.707106781187,0.707106781187,3.1E-16));
#10513 = DIRECTION('',(-0.707106781187,-0.707106781187,-6.3E-16));
#10514 = ORIENTED_EDGE('',*,*,#10515,.F.);
#10515 = EDGE_CURVE('',#10516,#10507,#10518,.T.);
#10516 = VERTEX_POINT('',#10517);
#10517 = CARTESIAN_POINT('',(-11.5,-13.5,-24.));
#10518 = B_SPLINE_CURVE_WITH_KNOTS('',1,(#10519,#10520),.UNSPECIFIED.,
  .F.,.F.,(2,2),(-20.,-17.2),.PIECEWISE_BEZIER_KNOTS.);
#10519 = CARTESIAN_POINT('',(-11.5,-13.5,-24.));
#10520 = CARTESIAN_POINT('',(-14.3,-13.5,-24.));
#10521 = ORIENTED_EDGE('',*,*,#10522,.T.);
#10522 = EDGE_CURVE('',#10516,#10523,#10525,.T.);
#10523 = VERTEX_POINT('',#10524);
#10524 = CARTESIAN_POINT('',(-11.5,-16.5,-24.));
#10525 = CIRCLE('',#10526,1.5);
#10526 = AXIS2_PLACEMENT_3D('',#10527,#10528,#10529);
#10527 = CARTESIAN_POINT('',(-11.5,-15.,-24.));
#10528 = DIRECTION('',(1.,-2.2E-16,2.2E-16));
#10529 = DIRECTION('',(2.2E-16,1.,0.));
#10530 = ORIENTED_EDGE('',*,*,#10531,.T.);
#10531 = EDGE_CURVE('',#10523,#10516,#10532,.T.);
#10532 = CIRCLE('',#10533,1.5);
#10533 = AXIS2_PLACEMENT_3D('',#10534,#10535,#10536);
#10534 = CARTESIAN_POINT('',(-11.5,-15.,-24.));
#10535 = DIRECTION('',(1.,-2.2E-16,2.2E-16));
#10536 = DIRECTION('',(2.2E-16,1.,0.));
#10537 = ORIENTED_EDGE('',*,*,#10515,.T.);
#10538 = ORIENTED_EDGE('',*,*,#10539,.T.);
#10539 = EDGE_CURVE('',#10507,#9529,#10540,.T.);
#10540 = ELLIPSE('',#10541,2.12132034356,1.5);
#10541 = AXIS2_PLACEMENT_3D('',#10542,#10543,#10544);
#10542 = CARTESIAN_POINT('',(-14.3,-15.,-24.));
#10543 = DIRECTION('',(-0.707106781187,0.707106781187,3.1E-16));
#10544 = DIRECTION('',(-0.707106781187,-0.707106781187,-6.3E-16));
#10545 = ORIENTED_EDGE('',*,*,#9536,.F.);
#10546 = ORIENTED_EDGE('',*,*,#9598,.T.);
#10547 = ORIENTED_EDGE('',*,*,#9627,.F.);
#10548 = CYLINDRICAL_SURFACE('',#10549,1.5);
#10549 = AXIS2_PLACEMENT_3D('',#10550,#10551,#10552);
#10550 = CARTESIAN_POINT('',(-31.5,-15.,-24.));
#10551 = DIRECTION('',(-1.,2.2E-16,-2.2E-16));
#10552 = DIRECTION('',(2.2E-16,1.,0.));
#10553 = ADVANCED_FACE('',(#10554),#10567,.F.);
#10554 = FACE_BOUND('',#10555,.T.);
#10555 = EDGE_LOOP('',(#10556,#10557,#10558,#10565,#10566));
#10556 = ORIENTED_EDGE('',*,*,#10506,.F.);
#10557 = ORIENTED_EDGE('',*,*,#9666,.T.);
#10558 = ORIENTED_EDGE('',*,*,#10559,.T.);
#10559 = EDGE_CURVE('',#9667,#9520,#10560,.T.);
#10560 = CIRCLE('',#10561,1.5);
#10561 = AXIS2_PLACEMENT_3D('',#10562,#10563,#10564);
#10562 = CARTESIAN_POINT('',(-14.3,-12.,-24.));
#10563 = DIRECTION('',(0.,1.,8.9E-16));
#10564 = DIRECTION('',(-1.,0.,0.));
#10565 = ORIENTED_EDGE('',*,*,#9528,.F.);
#10566 = ORIENTED_EDGE('',*,*,#10539,.F.);
#10567 = CYLINDRICAL_SURFACE('',#10568,1.5);
#10568 = AXIS2_PLACEMENT_3D('',#10569,#10570,#10571);
#10569 = CARTESIAN_POINT('',(-14.3,-21.5,-24.));
#10570 = DIRECTION('',(-0.,-1.,-6.7E-16));
#10571 = DIRECTION('',(-1.,0.,0.));
#10572 = ADVANCED_FACE('',(#10573),#10618,.F.);
#10573 = FACE_BOUND('',#10574,.F.);
#10574 = EDGE_LOOP('',(#10575,#10584,#10591,#10600,#10607,#10608,#10615,
    #10616,#10617));
#10575 = ORIENTED_EDGE('',*,*,#10576,.F.);
#10576 = EDGE_CURVE('',#10577,#9815,#10579,.T.);
#10577 = VERTEX_POINT('',#10578);
#10578 = CARTESIAN_POINT('',(12.8,-13.5,24.));
#10579 = ELLIPSE('',#10580,2.12132034356,1.5);
#10580 = AXIS2_PLACEMENT_3D('',#10581,#10582,#10583);
#10581 = CARTESIAN_POINT('',(14.3,-15.,24.));
#10582 = DIRECTION('',(0.707106781187,0.707106781187,4.7E-16));
#10583 = DIRECTION('',(0.707106781187,-0.707106781187,-4.7E-16));
#10584 = ORIENTED_EDGE('',*,*,#10585,.F.);
#10585 = EDGE_CURVE('',#10586,#10577,#10588,.T.);
#10586 = VERTEX_POINT('',#10587);
#10587 = CARTESIAN_POINT('',(11.5,-13.5,24.));
#10588 = B_SPLINE_CURVE_WITH_KNOTS('',1,(#10589,#10590),.UNSPECIFIED.,
  .F.,.F.,(2,2),(-20.,-17.2),.PIECEWISE_BEZIER_KNOTS.);
#10589 = CARTESIAN_POINT('',(11.5,-13.5,24.));
#10590 = CARTESIAN_POINT('',(14.299999999999,-13.5,24.));
#10591 = ORIENTED_EDGE('',*,*,#10592,.T.);
#10592 = EDGE_CURVE('',#10586,#10593,#10595,.T.);
#10593 = VERTEX_POINT('',#10594);
#10594 = CARTESIAN_POINT('',(11.5,-16.5,24.));
#10595 = CIRCLE('',#10596,1.5);
#10596 = AXIS2_PLACEMENT_3D('',#10597,#10598,#10599);
#10597 = CARTESIAN_POINT('',(11.5,-15.,24.));
#10598 = DIRECTION('',(1.,0.,0.));
#10599 = DIRECTION('',(0.,1.,0.));
#10600 = ORIENTED_EDGE('',*,*,#10601,.T.);
#10601 = EDGE_CURVE('',#10593,#10586,#10602,.T.);
#10602 = CIRCLE('',#10603,1.5);
#10603 = AXIS2_PLACEMENT_3D('',#10604,#10605,#10606);
#10604 = CARTESIAN_POINT('',(11.5,-15.,24.));
#10605 = DIRECTION('',(1.,0.,0.));
#10606 = DIRECTION('',(0.,1.,0.));
#10607 = ORIENTED_EDGE('',*,*,#10585,.T.);
#10608 = ORIENTED_EDGE('',*,*,#10609,.F.);
#10609 = EDGE_CURVE('',#9931,#10577,#10610,.T.);
#10610 = ELLIPSE('',#10611,2.12132034356,1.5);
#10611 = AXIS2_PLACEMENT_3D('',#10612,#10613,#10614);
#10612 = CARTESIAN_POINT('',(14.3,-15.,24.));
#10613 = DIRECTION('',(0.707106781187,0.707106781187,4.7E-16));
#10614 = DIRECTION('',(0.707106781187,-0.707106781187,-4.7E-16));
#10615 = ORIENTED_EDGE('',*,*,#9930,.F.);
#10616 = ORIENTED_EDGE('',*,*,#9901,.F.);
#10617 = ORIENTED_EDGE('',*,*,#9822,.F.);
#10618 = CYLINDRICAL_SURFACE('',#10619,1.5);
#10619 = AXIS2_PLACEMENT_3D('',#10620,#10621,#10622);
#10620 = CARTESIAN_POINT('',(31.5,-15.,24.));
#10621 = DIRECTION('',(1.,0.,0.));
#10622 = DIRECTION('',(0.,1.,0.));
#10623 = ADVANCED_FACE('',(#10624),#10637,.F.);
#10624 = FACE_BOUND('',#10625,.T.);
#10625 = EDGE_LOOP('',(#10626,#10627,#10628,#10635,#10636));
#10626 = ORIENTED_EDGE('',*,*,#10609,.F.);
#10627 = ORIENTED_EDGE('',*,*,#9969,.T.);
#10628 = ORIENTED_EDGE('',*,*,#10629,.T.);
#10629 = EDGE_CURVE('',#9970,#9806,#10630,.T.);
#10630 = CIRCLE('',#10631,1.5);
#10631 = AXIS2_PLACEMENT_3D('',#10632,#10633,#10634);
#10632 = CARTESIAN_POINT('',(14.3,-12.,24.));
#10633 = DIRECTION('',(0.,1.,8.9E-16));
#10634 = DIRECTION('',(-1.,0.,0.));
#10635 = ORIENTED_EDGE('',*,*,#9814,.F.);
#10636 = ORIENTED_EDGE('',*,*,#10576,.F.);
#10637 = CYLINDRICAL_SURFACE('',#10638,1.5);
#10638 = AXIS2_PLACEMENT_3D('',#10639,#10640,#10641);
#10639 = CARTESIAN_POINT('',(14.3,-21.5,24.));
#10640 = DIRECTION('',(-0.,-1.,-6.7E-16));
#10641 = DIRECTION('',(-1.,0.,0.));
#10642 = ADVANCED_FACE('',(#10643),#10688,.F.);
#10643 = FACE_BOUND('',#10644,.F.);
#10644 = EDGE_LOOP('',(#10645,#10654,#10661,#10670,#10677,#10678,#10685,
    #10686,#10687));
#10645 = ORIENTED_EDGE('',*,*,#10646,.F.);
#10646 = EDGE_CURVE('',#10647,#10077,#10649,.T.);
#10647 = VERTEX_POINT('',#10648);
#10648 = CARTESIAN_POINT('',(12.8,-13.5,-24.));
#10649 = ELLIPSE('',#10650,2.12132034356,1.5);
#10650 = AXIS2_PLACEMENT_3D('',#10651,#10652,#10653);
#10651 = CARTESIAN_POINT('',(14.3,-15.,-24.));
#10652 = DIRECTION('',(0.707106781187,0.707106781187,4.7E-16));
#10653 = DIRECTION('',(0.707106781187,-0.707106781187,-4.7E-16));
#10654 = ORIENTED_EDGE('',*,*,#10655,.F.);
#10655 = EDGE_CURVE('',#10656,#10647,#10658,.T.);
#10656 = VERTEX_POINT('',#10657);
#10657 = CARTESIAN_POINT('',(11.5,-13.5,-24.));
#10658 = B_SPLINE_CURVE_WITH_KNOTS('',1,(#10659,#10660),.UNSPECIFIED.,
  .F.,.F.,(2,2),(-20.,-17.2),.PIECEWISE_BEZIER_KNOTS.);
#10659 = CARTESIAN_POINT('',(11.5,-13.5,-24.));
#10660 = CARTESIAN_POINT('',(14.3,-13.5,-24.));
#10661 = ORIENTED_EDGE('',*,*,#10662,.T.);
#10662 = EDGE_CURVE('',#10656,#10663,#10665,.T.);
#10663 = VERTEX_POINT('',#10664);
#10664 = CARTESIAN_POINT('',(11.5,-16.5,-24.));
#10665 = CIRCLE('',#10666,1.5);
#10666 = AXIS2_PLACEMENT_3D('',#10667,#10668,#10669);
#10667 = CARTESIAN_POINT('',(11.5,-15.,-24.));
#10668 = DIRECTION('',(1.,0.,0.));
#10669 = DIRECTION('',(0.,1.,0.));
#10670 = ORIENTED_EDGE('',*,*,#10671,.T.);
#10671 = EDGE_CURVE('',#10663,#10656,#10672,.T.);
#10672 = CIRCLE('',#10673,1.5);
#10673 = AXIS2_PLACEMENT_3D('',#10674,#10675,#10676);
#10674 = CARTESIAN_POINT('',(11.5,-15.,-24.));
#10675 = DIRECTION('',(1.,0.,0.));
#10676 = DIRECTION('',(0.,1.,0.));
#10677 = ORIENTED_EDGE('',*,*,#10655,.T.);
#10678 = ORIENTED_EDGE('',*,*,#10679,.F.);
#10679 = EDGE_CURVE('',#10193,#10647,#10680,.T.);
#10680 = ELLIPSE('',#10681,2.12132034356,1.5);
#10681 = AXIS2_PLACEMENT_3D('',#10682,#10683,#10684);
#10682 = CARTESIAN_POINT('',(14.3,-15.,-24.));
#10683 = DIRECTION('',(0.707106781187,0.707106781187,4.7E-16));
#10684 = DIRECTION('',(0.707106781187,-0.707106781187,-4.7E-16));
#10685 = ORIENTED_EDGE('',*,*,#10192,.F.);
#10686 = ORIENTED_EDGE('',*,*,#10163,.F.);
#10687 = ORIENTED_EDGE('',*,*,#10084,.F.);
#10688 = CYLINDRICAL_SURFACE('',#10689,1.5);
#10689 = AXIS2_PLACEMENT_3D('',#10690,#10691,#10692);
#10690 = CARTESIAN_POINT('',(31.5,-15.,-24.));
#10691 = DIRECTION('',(1.,0.,0.));
#10692 = DIRECTION('',(0.,1.,0.));
#10693 = ADVANCED_FACE('',(#10694),#10707,.F.);
#10694 = FACE_BOUND('',#10695,.T.);
#10695 = EDGE_LOOP('',(#10696,#10697,#10698,#10705,#10706));
#10696 = ORIENTED_EDGE('',*,*,#10679,.F.);
#10697 = ORIENTED_EDGE('',*,*,#10231,.T.);
#10698 = ORIENTED_EDGE('',*,*,#10699,.T.);
#10699 = EDGE_CURVE('',#10232,#10068,#10700,.T.);
#10700 = CIRCLE('',#10701,1.5);
#10701 = AXIS2_PLACEMENT_3D('',#10702,#10703,#10704);
#10702 = CARTESIAN_POINT('',(14.3,-12.,-24.));
#10703 = DIRECTION('',(0.,1.,8.9E-16));
#10704 = DIRECTION('',(-1.,0.,0.));
#10705 = ORIENTED_EDGE('',*,*,#10076,.F.);
#10706 = ORIENTED_EDGE('',*,*,#10646,.F.);
#10707 = CYLINDRICAL_SURFACE('',#10708,1.5);
#10708 = AXIS2_PLACEMENT_3D('',#10709,#10710,#10711);
#10709 = CARTESIAN_POINT('',(14.3,-21.5,-24.));
#10710 = DIRECTION('',(-0.,-1.,-6.7E-16));
#10711 = DIRECTION('',(-1.,0.,0.));
#10712 = ADVANCED_FACE('',(#10713),#10717,.T.);
#10713 = FACE_BOUND('',#10714,.F.);
#10714 = EDGE_LOOP('',(#10715,#10716));
#10715 = ORIENTED_EDGE('',*,*,#10452,.T.);
#10716 = ORIENTED_EDGE('',*,*,#10461,.T.);
#10717 = PLANE('',#10718);
#10718 = AXIS2_PLACEMENT_3D('',#10719,#10720,#10721);
#10719 = CARTESIAN_POINT('',(-11.5,2.55E-15,-2.55E-15));
#10720 = DIRECTION('',(-1.,2.2E-16,-2.2E-16));
#10721 = DIRECTION('',(2.2E-16,0.,-1.));
#10722 = ADVANCED_FACE('',(#10723),#10727,.T.);
#10723 = FACE_BOUND('',#10724,.F.);
#10724 = EDGE_LOOP('',(#10725,#10726));
#10725 = ORIENTED_EDGE('',*,*,#10522,.T.);
#10726 = ORIENTED_EDGE('',*,*,#10531,.T.);
#10727 = PLANE('',#10728);
#10728 = AXIS2_PLACEMENT_3D('',#10729,#10730,#10731);
#10729 = CARTESIAN_POINT('',(-11.5,2.55E-15,-2.55E-15));
#10730 = DIRECTION('',(-1.,2.2E-16,-2.2E-16));
#10731 = DIRECTION('',(2.2E-16,0.,-1.));
#10732 = ADVANCED_FACE('',(#10733),#10737,.T.);
#10733 = FACE_BOUND('',#10734,.T.);
#10734 = EDGE_LOOP('',(#10735,#10736));
#10735 = ORIENTED_EDGE('',*,*,#10592,.T.);
#10736 = ORIENTED_EDGE('',*,*,#10601,.T.);
#10737 = PLANE('',#10738);
#10738 = AXIS2_PLACEMENT_3D('',#10739,#10740,#10741);
#10739 = CARTESIAN_POINT('',(11.5,0.,0.));
#10740 = DIRECTION('',(1.,0.,0.));
#10741 = DIRECTION('',(0.,0.,1.));
#10742 = ADVANCED_FACE('',(#10743),#10747,.T.);
#10743 = FACE_BOUND('',#10744,.T.);
#10744 = EDGE_LOOP('',(#10745,#10746));
#10745 = ORIENTED_EDGE('',*,*,#10662,.T.);
#10746 = ORIENTED_EDGE('',*,*,#10671,.T.);
#10747 = PLANE('',#10748);
#10748 = AXIS2_PLACEMENT_3D('',#10749,#10750,#10751);
#10749 = CARTESIAN_POINT('',(11.5,0.,0.));
#10750 = DIRECTION('',(1.,0.,0.));
#10751 = DIRECTION('',(0.,0.,1.));
#10752 = ADVANCED_FACE('',(#10753),#10763,.T.);
#10753 = FACE_BOUND('',#10754,.T.);
#10754 = EDGE_LOOP('',(#10755,#10756,#10757,#10758,#10759,#10760,#10761,
    #10762));
#10755 = ORIENTED_EDGE('',*,*,#9460,.F.);
#10756 = ORIENTED_EDGE('',*,*,#9476,.F.);
#10757 = ORIENTED_EDGE('',*,*,#8554,.F.);
#10758 = ORIENTED_EDGE('',*,*,#9493,.F.);
#10759 = ORIENTED_EDGE('',*,*,#9329,.F.);
#10760 = ORIENTED_EDGE('',*,*,#9257,.T.);
#10761 = ORIENTED_EDGE('',*,*,#10489,.F.);
#10762 = ORIENTED_EDGE('',*,*,#9436,.T.);
#10763 = PLANE('',#10764);
#10764 = AXIS2_PLACEMENT_3D('',#10765,#10766,#10767);
#10765 = CARTESIAN_POINT('',(-15.06508127737,-12.,24.));
#10766 = DIRECTION('',(-4.9E-16,-1.,-0.));
#10767 = DIRECTION('',(-1.,4.9E-16,0.));
#10768 = ADVANCED_FACE('',(#10769),#10779,.T.);
#10769 = FACE_BOUND('',#10770,.T.);
#10770 = EDGE_LOOP('',(#10771,#10772,#10773,#10774,#10775,#10776,#10777,
    #10778));
#10771 = ORIENTED_EDGE('',*,*,#8589,.F.);
#10772 = ORIENTED_EDGE('',*,*,#9738,.F.);
#10773 = ORIENTED_EDGE('',*,*,#9756,.F.);
#10774 = ORIENTED_EDGE('',*,*,#9519,.T.);
#10775 = ORIENTED_EDGE('',*,*,#10559,.F.);
#10776 = ORIENTED_EDGE('',*,*,#9674,.T.);
#10777 = ORIENTED_EDGE('',*,*,#9698,.F.);
#10778 = ORIENTED_EDGE('',*,*,#9714,.F.);
#10779 = PLANE('',#10780);
#10780 = AXIS2_PLACEMENT_3D('',#10781,#10782,#10783);
#10781 = CARTESIAN_POINT('',(-15.06508127737,-12.,-24.));
#10782 = DIRECTION('',(-4.9E-16,-1.,-0.));
#10783 = DIRECTION('',(-1.,4.9E-16,0.));
#10784 = ADVANCED_FACE('',(#10785),#10795,.T.);
#10785 = FACE_BOUND('',#10786,.T.);
#10786 = EDGE_LOOP('',(#10787,#10788,#10789,#10790,#10791,#10792,#10793,
    #10794));
#10787 = ORIENTED_EDGE('',*,*,#10279,.F.);
#10788 = ORIENTED_EDGE('',*,*,#8624,.F.);
#10789 = ORIENTED_EDGE('',*,*,#10041,.F.);
#10790 = ORIENTED_EDGE('',*,*,#10139,.F.);
#10791 = ORIENTED_EDGE('',*,*,#10067,.T.);
#10792 = ORIENTED_EDGE('',*,*,#10699,.F.);
#10793 = ORIENTED_EDGE('',*,*,#10239,.T.);
#10794 = ORIENTED_EDGE('',*,*,#10263,.F.);
#10795 = PLANE('',#10796);
#10796 = AXIS2_PLACEMENT_3D('',#10797,#10798,#10799);
#10797 = CARTESIAN_POINT('',(15.065081277372,-12.,-24.));
#10798 = DIRECTION('',(-4.9E-16,-1.,-0.));
#10799 = DIRECTION('',(-1.,4.9E-16,0.));
#10800 = ADVANCED_FACE('',(#10801),#10811,.T.);
#10801 = FACE_BOUND('',#10802,.T.);
#10802 = EDGE_LOOP('',(#10803,#10804,#10805,#10806,#10807,#10808,#10809,
    #10810));
#10803 = ORIENTED_EDGE('',*,*,#8659,.F.);
#10804 = ORIENTED_EDGE('',*,*,#9779,.F.);
#10805 = ORIENTED_EDGE('',*,*,#9877,.F.);
#10806 = ORIENTED_EDGE('',*,*,#9805,.T.);
#10807 = ORIENTED_EDGE('',*,*,#10629,.F.);
#10808 = ORIENTED_EDGE('',*,*,#9977,.T.);
#10809 = ORIENTED_EDGE('',*,*,#10001,.F.);
#10810 = ORIENTED_EDGE('',*,*,#10017,.F.);
#10811 = PLANE('',#10812);
#10812 = AXIS2_PLACEMENT_3D('',#10813,#10814,#10815);
#10813 = CARTESIAN_POINT('',(15.06508127768,-12.,23.999999987395));
#10814 = DIRECTION('',(-4.9E-16,-1.,-0.));
#10815 = DIRECTION('',(-1.,4.9E-16,0.));
#10816 = ( GEOMETRIC_REPRESENTATION_CONTEXT(3) 
GLOBAL_UNCERTAINTY_ASSIGNED_CONTEXT((#10820)) 
GLOBAL_UNIT_ASSIGNED_CONTEXT((#10817,#10818,#10819)) 
REPRESENTATION_CONTEXT('Context #1',
  '3D Context with UNIT and UNCERTAINTY') );
#10817 = ( LENGTH_UNIT() NAMED_UNIT(*) SI_UNIT(.MILLI.,.METRE.) );
#10818 = ( NAMED_UNIT(*) PLANE_ANGLE_UNIT() SI_UNIT($,.RADIAN.) );
#10819 = ( NAMED_UNIT(*) SI_UNIT($,.STERADIAN.) SOLID_ANGLE_UNIT() );
#10820 = UNCERTAINTY_MEASURE_WITH_UNIT(LENGTH_MEASURE(1.E-05),#10817,
  'distance_accuracy_value','confusion accuracy');
#10821 = PRODUCT_RELATED_PRODUCT_CATEGORY('part',$,(#7));
ENDSEC;
END-ISO-10303-21;
