ISO-10303-21;
HEADER;
FILE_DESCRIPTION(('FreeCAD Model'),'2;1');
FILE_NAME('Open CASCADE Shape Model','2026-09-06T12:30:36',('FreeCAD'),(
    'FreeCAD'),'Open CASCADE STEP processor 7.8','FreeCAD','Unknown');
FILE_SCHEMA(('AUTOMOTIVE_DESIGN { 1 0 10303 214 1 1 1 1 }'));
ENDSEC;
DATA;
#1 = APPLICATION_PROTOCOL_DEFINITION('international standard',
  'automotive_design',2000,#2);
#2 = APPLICATION_CONTEXT(
  'core data for automotive mechanical design processes');
#3 = SHAPE_DEFINITION_REPRESENTATION(#4,#10);
#4 = PRODUCT_DEFINITION_SHAPE('','',#5);
#5 = PRODUCT_DEFINITION('design','',#6,#9);
#6 = PRODUCT_DEFINITION_FORMATION('','',#7);
#7 = PRODUCT('Open CASCADE STEP translator 7.8 236',
  'Open CASCADE STEP translator 7.8 236','',(#8));
#8 = PRODUCT_CONTEXT('',#2,'mechanical');
#9 = PRODUCT_DEFINITION_CONTEXT('part definition',#2,'design');
#10 = ADVANCED_BREP_SHAPE_REPRESENTATION('',(#11,#15),#5040);
#11 = AXIS2_PLACEMENT_3D('',#12,#13,#14);
#12 = CARTESIAN_POINT('',(0.,0.,0.));
#13 = DIRECTION('',(0.,0.,1.));
#14 = DIRECTION('',(1.,0.,-0.));
#15 = MANIFOLD_SOLID_BREP('',#16);
#16 = CLOSED_SHELL('',(#17,#365,#458,#516,#540,#574,#598,#623,#647,#681,
    #767,#819,#858,#882,#906,#965,#989,#1013,#1037,#1093,#1125,#1149,
    #1208,#1225,#1250,#1275,#1360,#1418,#1442,#1476,#1500,#1525,#1549,
    #1583,#1669,#1721,#1754,#1778,#1802,#1928,#1963,#1987,#2013,#2030,
    #2113,#2239,#2256,#2273,#2360,#2377,#2394,#2406,#2475,#2500,#2517,
    #2534,#2567,#2591,#2722,#2749,#2773,#2799,#2816,#2832,#2857,#2949,
    #2973,#2998,#3029,#3408,#3433,#3451,#3475,#3499,#3523,#3548,#3573,
    #3598,#3623,#3648,#3673,#3698,#3716,#3734,#3752,#3764,#3788,#3812,
    #3830,#3845,#3870,#3879,#3896,#3914,#3932,#3944,#3969,#3994,#4010,
    #4037,#4068,#4092,#4116,#4140,#4164,#4181,#4212,#4236,#4260,#4284,
    #4308,#4325,#4356,#4380,#4404,#4428,#4452,#4469,#4500,#4524,#4548,
    #4572,#4596,#4613,#4644,#4668,#4692,#4716,#4740,#4757,#4788,#4812,
    #4836,#4860,#4884,#4901,#4918,#4935,#4952,#4969,#4986,#5003,#5019,
    #5028));
#17 = ADVANCED_FACE('',(#18,#129,#227,#238,#249),#360,.T.);
#18 = FACE_BOUND('',#19,.T.);
#19 = EDGE_LOOP('',(#20,#30,#38,#46,#54,#62,#81,#92,#101,#112));
#20 = ORIENTED_EDGE('',*,*,#21,.F.);
#21 = EDGE_CURVE('',#22,#24,#26,.T.);
#22 = VERTEX_POINT('',#23);
#23 = CARTESIAN_POINT('',(13.8,38.6,-6.25));
#24 = VERTEX_POINT('',#25);
#25 = CARTESIAN_POINT('',(13.20967477525,38.6,-6.25));
#26 = LINE('',#27,#28);
#27 = CARTESIAN_POINT('',(12.8,38.6,-6.25));
#28 = VECTOR('',#29,1.);
#29 = DIRECTION('',(-1.,1.33E-15,-2.2E-16));
#30 = ORIENTED_EDGE('',*,*,#31,.F.);
#31 = EDGE_CURVE('',#32,#22,#34,.T.);
#32 = VERTEX_POINT('',#33);
#33 = CARTESIAN_POINT('',(13.8,42.4,-6.25));
#34 = LINE('',#35,#36);
#35 = CARTESIAN_POINT('',(13.8,41.4,-6.25));
#36 = VECTOR('',#37,1.);
#37 = DIRECTION('',(4.4E-16,-1.,1.78E-15));
#38 = ORIENTED_EDGE('',*,*,#39,.F.);
#39 = EDGE_CURVE('',#40,#32,#42,.T.);
#40 = VERTEX_POINT('',#41);
#41 = CARTESIAN_POINT('',(7.7,42.4,-6.25));
#42 = LINE('',#43,#44);
#43 = CARTESIAN_POINT('',(8.7,42.4,-6.25));
#44 = VECTOR('',#45,1.);
#45 = DIRECTION('',(1.,-1.33E-15,2.2E-16));
#46 = ORIENTED_EDGE('',*,*,#47,.F.);
#47 = EDGE_CURVE('',#48,#40,#50,.T.);
#48 = VERTEX_POINT('',#49);
#49 = CARTESIAN_POINT('',(7.7,38.6,-6.25));
#50 = LINE('',#51,#52);
#51 = CARTESIAN_POINT('',(7.7,39.6,-6.25));
#52 = VECTOR('',#53,1.);
#53 = DIRECTION('',(-4.4E-16,1.,-1.78E-15));
#54 = ORIENTED_EDGE('',*,*,#55,.F.);
#55 = EDGE_CURVE('',#56,#48,#58,.T.);
#56 = VERTEX_POINT('',#57);
#57 = CARTESIAN_POINT('',(8.29032522475,38.6,-6.25));
#58 = LINE('',#59,#60);
#59 = CARTESIAN_POINT('',(12.8,38.6,-6.25));
#60 = VECTOR('',#61,1.);
#61 = DIRECTION('',(-1.,1.33E-15,-2.2E-16));
#62 = ORIENTED_EDGE('',*,*,#63,.F.);
#63 = EDGE_CURVE('',#64,#56,#66,.T.);
#64 = VERTEX_POINT('',#65);
#65 = CARTESIAN_POINT('',(8.427451792506,38.446687836488,-6.25));
#66 = B_SPLINE_CURVE_WITH_KNOTS('',7,(#67,#68,#69,#70,#71,#72,#73,#74,
    #75,#76,#77,#78,#79,#80),.UNSPECIFIED.,.F.,.F.,(8,6,8),(
    3.211943351073,3.757433059452,3.786989716992),.UNSPECIFIED.);
#67 = CARTESIAN_POINT('',(8.427451792504,38.446687836491,-6.25));
#68 = CARTESIAN_POINT('',(8.375500391706,38.504771268346,-6.25));
#69 = CARTESIAN_POINT('',(8.323548990908,38.562854700202,-6.25));
#70 = CARTESIAN_POINT('',(8.27159759011,38.620938132056,-6.25));
#71 = CARTESIAN_POINT('',(8.219646189312,38.679021563913,-6.25));
#72 = CARTESIAN_POINT('',(8.167694788514,38.737104995767,-6.25));
#73 = CARTESIAN_POINT('',(8.115743387716,38.795188427623,-6.25));
#74 = CARTESIAN_POINT('',(8.060977067152,38.856419035452,-6.25));
#75 = CARTESIAN_POINT('',(8.057886912036,38.859873933902,-6.25));
#76 = CARTESIAN_POINT('',(8.05452152157,38.863636554829,-6.25));
#77 = CARTESIAN_POINT('',(8.050880895753,38.867706898232,-6.25));
#78 = CARTESIAN_POINT('',(8.046965034586,38.872084964113,-6.25));
#79 = CARTESIAN_POINT('',(8.042773938068,38.87677075247,-6.25));
#80 = CARTESIAN_POINT('',(8.0383076062,38.881764263303,-6.25));
#81 = ORIENTED_EDGE('',*,*,#82,.F.);
#82 = EDGE_CURVE('',#83,#64,#85,.T.);
#83 = VERTEX_POINT('',#84);
#84 = CARTESIAN_POINT('',(8.88661001875,37.933333333333,-6.25));
#85 = B_SPLINE_CURVE_WITH_KNOTS('',5,(#86,#87,#88,#89,#90,#91),
  .UNSPECIFIED.,.F.,.F.,(6,6),(2.523206011704,3.211943351069),
  .PIECEWISE_BEZIER_KNOTS.);
#86 = CARTESIAN_POINT('',(8.88661001875,37.933333333333,-6.25));
#87 = CARTESIAN_POINT('',(8.794778373501,38.036004233964,-6.25));
#88 = CARTESIAN_POINT('',(8.702946728253,38.138675134595,-6.25));
#89 = CARTESIAN_POINT('',(8.611115083004,38.241346035226,-6.25));
#90 = CARTESIAN_POINT('',(8.519283437755,38.344016935857,-6.25));
#91 = CARTESIAN_POINT('',(8.427451792506,38.446687836488,-6.25));
#92 = ORIENTED_EDGE('',*,*,#93,.F.);
#93 = EDGE_CURVE('',#94,#83,#96,.T.);
#94 = VERTEX_POINT('',#95);
#95 = CARTESIAN_POINT('',(12.61338998125,37.933333333333,-6.25));
#96 = CIRCLE('',#97,2.5);
#97 = AXIS2_PLACEMENT_3D('',#98,#99,#100);
#98 = CARTESIAN_POINT('',(10.75,39.6,-6.25));
#99 = DIRECTION('',(5.6E-16,-2.85E-15,-1.));
#100 = DIRECTION('',(0.7453559925,-0.666666666667,2.3173993558E-15));
#101 = ORIENTED_EDGE('',*,*,#102,.F.);
#102 = EDGE_CURVE('',#103,#94,#105,.T.);
#103 = VERTEX_POINT('',#104);
#104 = CARTESIAN_POINT('',(13.072548207496,38.446687836491,-6.25));
#105 = B_SPLINE_CURVE_WITH_KNOTS('',5,(#106,#107,#108,#109,#110,#111),
  .UNSPECIFIED.,.F.,.F.,(6,6),(-0.688737339366,0.),
  .PIECEWISE_BEZIER_KNOTS.);
#106 = CARTESIAN_POINT('',(13.072548207494,38.446687836488,-6.25));
#107 = CARTESIAN_POINT('',(12.980716562245,38.344016935857,-6.25));
#108 = CARTESIAN_POINT('',(12.888884916996,38.241346035226,-6.25));
#109 = CARTESIAN_POINT('',(12.797053271747,38.138675134595,-6.25));
#110 = CARTESIAN_POINT('',(12.705221626499,38.036004233964,-6.25));
#111 = CARTESIAN_POINT('',(12.61338998125,37.933333333333,-6.25));
#112 = ORIENTED_EDGE('',*,*,#113,.F.);
#113 = EDGE_CURVE('',#24,#103,#114,.T.);
#114 = B_SPLINE_CURVE_WITH_KNOTS('',7,(#115,#116,#117,#118,#119,#120,
    #121,#122,#123,#124,#125,#126,#127,#128),.UNSPECIFIED.,.F.,.F.,(8,6,
    8),(-1.263783705289,-1.234227047749,-0.688737339369),.UNSPECIFIED.);
#115 = CARTESIAN_POINT('',(13.461692393801,38.881764263303,-6.25));
#116 = CARTESIAN_POINT('',(13.457226061932,38.87677075247,-6.25));
#117 = CARTESIAN_POINT('',(13.453034965415,38.872084964113,-6.25));
#118 = CARTESIAN_POINT('',(13.449119104248,38.867706898233,-6.25));
#119 = CARTESIAN_POINT('',(13.445478478431,38.863636554829,-6.25));
#120 = CARTESIAN_POINT('',(13.442113087964,38.859873933902,-6.25));
#121 = CARTESIAN_POINT('',(13.439022932848,38.856419035452,-6.25));
#122 = CARTESIAN_POINT('',(13.384256612284,38.795188427623,-6.25));
#123 = CARTESIAN_POINT('',(13.332305211486,38.737104995767,-6.25));
#124 = CARTESIAN_POINT('',(13.280353810689,38.679021563913,-6.25));
#125 = CARTESIAN_POINT('',(13.22840240989,38.620938132056,-6.25));
#126 = CARTESIAN_POINT('',(13.176451009092,38.562854700202,-6.25));
#127 = CARTESIAN_POINT('',(13.124499608294,38.504771268346,-6.25));
#128 = CARTESIAN_POINT('',(13.072548207496,38.446687836491,-6.25));
#129 = FACE_BOUND('',#130,.T.);
#130 = EDGE_LOOP('',(#131,#141,#149,#157,#165,#173,#181,#189,#197,#205,
    #213,#221));
#131 = ORIENTED_EDGE('',*,*,#132,.F.);
#132 = EDGE_CURVE('',#133,#135,#137,.T.);
#133 = VERTEX_POINT('',#134);
#134 = CARTESIAN_POINT('',(7.00000000001,6.55,-6.25));
#135 = VERTEX_POINT('',#136);
#136 = CARTESIAN_POINT('',(18.,6.55,-6.25));
#137 = LINE('',#138,#139);
#138 = CARTESIAN_POINT('',(7.00000000001,6.55,-6.25));
#139 = VECTOR('',#140,1.);
#140 = DIRECTION('',(1.,-8.9E-16,2.2E-16));
#141 = ORIENTED_EDGE('',*,*,#142,.F.);
#142 = EDGE_CURVE('',#143,#133,#145,.T.);
#143 = VERTEX_POINT('',#144);
#144 = CARTESIAN_POINT('',(7.00000000001,10.5,-6.25));
#145 = LINE('',#146,#147);
#146 = CARTESIAN_POINT('',(7.00000000001,10.5,-6.25));
#147 = VECTOR('',#148,1.);
#148 = DIRECTION('',(7.4E-16,-1.,1.52E-15));
#149 = ORIENTED_EDGE('',*,*,#150,.F.);
#150 = EDGE_CURVE('',#151,#143,#153,.T.);
#151 = VERTEX_POINT('',#152);
#152 = CARTESIAN_POINT('',(-7.00000000001,10.5,-6.25));
#153 = LINE('',#154,#155);
#154 = CARTESIAN_POINT('',(-7.00000000001,10.5,-6.25));
#155 = VECTOR('',#156,1.);
#156 = DIRECTION('',(1.,-5.9E-16,7.8E-16));
#157 = ORIENTED_EDGE('',*,*,#158,.F.);
#158 = EDGE_CURVE('',#159,#151,#161,.T.);
#159 = VERTEX_POINT('',#160);
#160 = CARTESIAN_POINT('',(-7.,6.55,-6.25));
#161 = LINE('',#162,#163);
#162 = CARTESIAN_POINT('',(-7.00000000001,-10.5,-6.25));
#163 = VECTOR('',#164,1.);
#164 = DIRECTION('',(-7.4E-16,1.,-1.52E-15));
#165 = ORIENTED_EDGE('',*,*,#166,.F.);
#166 = EDGE_CURVE('',#167,#159,#169,.T.);
#167 = VERTEX_POINT('',#168);
#168 = CARTESIAN_POINT('',(-18.,6.55,-6.25));
#169 = LINE('',#170,#171);
#170 = CARTESIAN_POINT('',(-19.,6.55,-6.25));
#171 = VECTOR('',#172,1.);
#172 = DIRECTION('',(1.,-8.9E-16,2.2E-16));
#173 = ORIENTED_EDGE('',*,*,#174,.T.);
#174 = EDGE_CURVE('',#167,#175,#177,.T.);
#175 = VERTEX_POINT('',#176);
#176 = CARTESIAN_POINT('',(-18.,47.5,-6.25));
#177 = LINE('',#178,#179);
#178 = CARTESIAN_POINT('',(-18.,6.55,-6.25));
#179 = VECTOR('',#180,1.);
#180 = DIRECTION('',(-6.7E-16,1.,-2.11E-15));
#181 = ORIENTED_EDGE('',*,*,#182,.T.);
#182 = EDGE_CURVE('',#175,#183,#185,.T.);
#183 = VERTEX_POINT('',#184);
#184 = CARTESIAN_POINT('',(-3.5,47.5,-6.25));
#185 = LINE('',#186,#187);
#186 = CARTESIAN_POINT('',(-19.,47.5,-6.25));
#187 = VECTOR('',#188,1.);
#188 = DIRECTION('',(1.,-1.55E-15,-6.7E-16));
#189 = ORIENTED_EDGE('',*,*,#190,.T.);
#190 = EDGE_CURVE('',#183,#191,#193,.T.);
#191 = VERTEX_POINT('',#192);
#192 = CARTESIAN_POINT('',(-3.5,41.5,-6.25));
#193 = LINE('',#194,#195);
#194 = CARTESIAN_POINT('',(-3.5,47.5,-6.25));
#195 = VECTOR('',#196,1.);
#196 = DIRECTION('',(6.7E-16,-1.,2.33E-15));
#197 = ORIENTED_EDGE('',*,*,#198,.T.);
#198 = EDGE_CURVE('',#191,#199,#201,.T.);
#199 = VERTEX_POINT('',#200);
#200 = CARTESIAN_POINT('',(3.5,41.5,-6.25));
#201 = LINE('',#202,#203);
#202 = CARTESIAN_POINT('',(1.983E-14,41.5,-6.25));
#203 = VECTOR('',#204,1.);
#204 = DIRECTION('',(1.,-3.3E-16,1.67E-15));
#205 = ORIENTED_EDGE('',*,*,#206,.F.);
#206 = EDGE_CURVE('',#207,#199,#209,.T.);
#207 = VERTEX_POINT('',#208);
#208 = CARTESIAN_POINT('',(3.5,47.5,-6.25));
#209 = LINE('',#210,#211);
#210 = CARTESIAN_POINT('',(3.5,47.5,-6.25));
#211 = VECTOR('',#212,1.);
#212 = DIRECTION('',(6.7E-16,-1.,2.33E-15));
#213 = ORIENTED_EDGE('',*,*,#214,.T.);
#214 = EDGE_CURVE('',#207,#215,#217,.T.);
#215 = VERTEX_POINT('',#216);
#216 = CARTESIAN_POINT('',(18.,47.5,-6.25));
#217 = LINE('',#218,#219);
#218 = CARTESIAN_POINT('',(-19.,47.5,-6.25));
#219 = VECTOR('',#220,1.);
#220 = DIRECTION('',(1.,-1.55E-15,-6.7E-16));
#221 = ORIENTED_EDGE('',*,*,#222,.F.);
#222 = EDGE_CURVE('',#135,#215,#223,.T.);
#223 = LINE('',#224,#225);
#224 = CARTESIAN_POINT('',(18.,6.55,-6.25));
#225 = VECTOR('',#226,1.);
#226 = DIRECTION('',(-6.7E-16,1.,-2.11E-15));
#227 = FACE_BOUND('',#228,.T.);
#228 = EDGE_LOOP('',(#229));
#229 = ORIENTED_EDGE('',*,*,#230,.F.);
#230 = EDGE_CURVE('',#231,#231,#233,.T.);
#231 = VERTEX_POINT('',#232);
#232 = CARTESIAN_POINT('',(12.5,36.05,-6.25));
#233 = CIRCLE('',#234,3.05);
#234 = AXIS2_PLACEMENT_3D('',#235,#236,#237);
#235 = CARTESIAN_POINT('',(12.5,33.,-6.25));
#236 = DIRECTION('',(-3.3E-16,-2.41E-15,-1.));
#237 = DIRECTION('',(1.67E-15,1.,-2.41E-15));
#238 = FACE_BOUND('',#239,.T.);
#239 = EDGE_LOOP('',(#240));
#240 = ORIENTED_EDGE('',*,*,#241,.F.);
#241 = EDGE_CURVE('',#242,#242,#244,.T.);
#242 = VERTEX_POINT('',#243);
#243 = CARTESIAN_POINT('',(-12.5,36.05,-6.25));
#244 = CIRCLE('',#245,3.05);
#245 = AXIS2_PLACEMENT_3D('',#246,#247,#248);
#246 = CARTESIAN_POINT('',(-12.5,33.,-6.25));
#247 = DIRECTION('',(-3.3E-16,-2.41E-15,-1.));
#248 = DIRECTION('',(6.11E-15,1.,-2.41E-15));
#249 = FACE_BOUND('',#250,.T.);
#250 = EDGE_LOOP('',(#251,#261,#269,#277,#285,#293,#312,#323,#332,#343)
  );
#251 = ORIENTED_EDGE('',*,*,#252,.F.);
#252 = EDGE_CURVE('',#253,#255,#257,.T.);
#253 = VERTEX_POINT('',#254);
#254 = CARTESIAN_POINT('',(-7.7,38.6,-6.25));
#255 = VERTEX_POINT('',#256);
#256 = CARTESIAN_POINT('',(-8.176816897854,38.6,-6.25));
#257 = LINE('',#258,#259);
#258 = CARTESIAN_POINT('',(-8.7,38.6,-6.25));
#259 = VECTOR('',#260,1.);
#260 = DIRECTION('',(-1.,1.33E-15,-2.2E-16));
#261 = ORIENTED_EDGE('',*,*,#262,.F.);
#262 = EDGE_CURVE('',#263,#253,#265,.T.);
#263 = VERTEX_POINT('',#264);
#264 = CARTESIAN_POINT('',(-7.7,42.4,-6.25));
#265 = LINE('',#266,#267);
#266 = CARTESIAN_POINT('',(-7.7,41.4,-6.25));
#267 = VECTOR('',#268,1.);
#268 = DIRECTION('',(4.4E-16,-1.,1.78E-15));
#269 = ORIENTED_EDGE('',*,*,#270,.F.);
#270 = EDGE_CURVE('',#271,#263,#273,.T.);
#271 = VERTEX_POINT('',#272);
#272 = CARTESIAN_POINT('',(-13.8,42.4,-6.25));
#273 = LINE('',#274,#275);
#274 = CARTESIAN_POINT('',(-12.8,42.4,-6.25));
#275 = VECTOR('',#276,1.);
#276 = DIRECTION('',(1.,-1.33E-15,2.2E-16));
#277 = ORIENTED_EDGE('',*,*,#278,.F.);
#278 = EDGE_CURVE('',#279,#271,#281,.T.);
#279 = VERTEX_POINT('',#280);
#280 = CARTESIAN_POINT('',(-13.8,38.6,-6.25));
#281 = LINE('',#282,#283);
#282 = CARTESIAN_POINT('',(-13.8,39.6,-6.25));
#283 = VECTOR('',#284,1.);
#284 = DIRECTION('',(-4.4E-16,1.,-1.78E-15));
#285 = ORIENTED_EDGE('',*,*,#286,.F.);
#286 = EDGE_CURVE('',#287,#279,#289,.T.);
#287 = VERTEX_POINT('',#288);
#288 = CARTESIAN_POINT('',(-13.09616644835,38.6,-6.25));
#289 = LINE('',#290,#291);
#290 = CARTESIAN_POINT('',(-8.7,38.6,-6.25));
#291 = VECTOR('',#292,1.);
#292 = DIRECTION('',(-1.,1.33E-15,-2.2E-16));
#293 = ORIENTED_EDGE('',*,*,#294,.F.);
#294 = EDGE_CURVE('',#295,#287,#297,.T.);
#295 = VERTEX_POINT('',#296);
#296 = CARTESIAN_POINT('',(-12.95903988059,38.446687836487,-6.25));
#297 = B_SPLINE_CURVE_WITH_KNOTS('',7,(#298,#299,#300,#301,#302,#303,
    #304,#305,#306,#307,#308,#309,#310,#311),.UNSPECIFIED.,.F.,.F.,(8,6,
    8),(3.211943351068,3.757433059441,3.786989716981),.UNSPECIFIED.);
#298 = CARTESIAN_POINT('',(-12.95903988059,38.446687836487,-6.25));
#299 = CARTESIAN_POINT('',(-13.01099128139,38.504771268342,-6.25));
#300 = CARTESIAN_POINT('',(-13.06294268219,38.562854700197,-6.25));
#301 = CARTESIAN_POINT('',(-13.11489408298,38.62093813205,-6.25));
#302 = CARTESIAN_POINT('',(-13.16684548378,38.679021563906,-6.25));
#303 = CARTESIAN_POINT('',(-13.21879688458,38.73710499576,-6.25));
#304 = CARTESIAN_POINT('',(-13.27074828538,38.795188427615,-6.25));
#305 = CARTESIAN_POINT('',(-13.32551460594,38.856419035443,-6.25));
#306 = CARTESIAN_POINT('',(-13.32860476106,38.859873933894,-6.25));
#307 = CARTESIAN_POINT('',(-13.33197015152,38.863636554821,-6.25));
#308 = CARTESIAN_POINT('',(-13.33561077734,38.867706898224,-6.25));
#309 = CARTESIAN_POINT('',(-13.33952663851,38.872084964105,-6.25));
#310 = CARTESIAN_POINT('',(-13.34371773502,38.876770752461,-6.25));
#311 = CARTESIAN_POINT('',(-13.34818406689,38.881764263295,-6.25));
#312 = ORIENTED_EDGE('',*,*,#313,.F.);
#313 = EDGE_CURVE('',#314,#295,#316,.T.);
#314 = VERTEX_POINT('',#315);
#315 = CARTESIAN_POINT('',(-12.49988165435,37.933333333333,-6.25));
#316 = B_SPLINE_CURVE_WITH_KNOTS('',5,(#317,#318,#319,#320,#321,#322),
  .UNSPECIFIED.,.F.,.F.,(6,6),(2.523206011704,3.211943351068),
  .PIECEWISE_BEZIER_KNOTS.);
#317 = CARTESIAN_POINT('',(-12.49988165435,37.933333333333,-6.25));
#318 = CARTESIAN_POINT('',(-12.5917132996,38.036004233964,-6.25));
#319 = CARTESIAN_POINT('',(-12.68354494485,38.138675134595,-6.25));
#320 = CARTESIAN_POINT('',(-12.77537659009,38.241346035226,-6.25));
#321 = CARTESIAN_POINT('',(-12.86720823534,38.344016935856,-6.25));
#322 = CARTESIAN_POINT('',(-12.95903988059,38.446687836487,-6.25));
#323 = ORIENTED_EDGE('',*,*,#324,.F.);
#324 = EDGE_CURVE('',#325,#314,#327,.T.);
#325 = VERTEX_POINT('',#326);
#326 = CARTESIAN_POINT('',(-8.773101691854,37.933333333333,-6.25));
#327 = CIRCLE('',#328,2.5);
#328 = AXIS2_PLACEMENT_3D('',#329,#330,#331);
#329 = CARTESIAN_POINT('',(-10.6364916731,39.6,-6.25));
#330 = DIRECTION('',(5.6E-16,-2.85E-15,-1.));
#331 = DIRECTION('',(0.7453559925,-0.666666666667,2.3173993558E-15));
#332 = ORIENTED_EDGE('',*,*,#333,.F.);
#333 = EDGE_CURVE('',#334,#325,#336,.T.);
#334 = VERTEX_POINT('',#335);
#335 = CARTESIAN_POINT('',(-8.313943465611,38.446687836487,-6.25));
#336 = B_SPLINE_CURVE_WITH_KNOTS('',5,(#337,#338,#339,#340,#341,#342),
  .UNSPECIFIED.,.F.,.F.,(6,6),(-0.688737339364,0.),
  .PIECEWISE_BEZIER_KNOTS.);
#337 = CARTESIAN_POINT('',(-8.313943465611,38.446687836487,-6.25));
#338 = CARTESIAN_POINT('',(-8.40577511086,38.344016935856,-6.25));
#339 = CARTESIAN_POINT('',(-8.497606756108,38.241346035225,-6.25));
#340 = CARTESIAN_POINT('',(-8.589438401357,38.138675134595,-6.25));
#341 = CARTESIAN_POINT('',(-8.681270046605,38.036004233964,-6.25));
#342 = CARTESIAN_POINT('',(-8.773101691854,37.933333333333,-6.25));
#343 = ORIENTED_EDGE('',*,*,#344,.F.);
#344 = EDGE_CURVE('',#255,#334,#345,.T.);
#345 = B_SPLINE_CURVE_WITH_KNOTS('',7,(#346,#347,#348,#349,#350,#351,
    #352,#353,#354,#355,#356,#357,#358,#359),.UNSPECIFIED.,.F.,.F.,(8,6,
    8),(-1.263783705278,-1.234227047737,-0.688737339364),.UNSPECIFIED.);
#346 = CARTESIAN_POINT('',(-7.924799279311,38.881764263295,-6.25));
#347 = CARTESIAN_POINT('',(-7.929265611179,38.876770752461,-6.25));
#348 = CARTESIAN_POINT('',(-7.933456707697,38.872084964105,-6.25));
#349 = CARTESIAN_POINT('',(-7.937372568864,38.867706898224,-6.25));
#350 = CARTESIAN_POINT('',(-7.941013194681,38.863636554821,-6.25));
#351 = CARTESIAN_POINT('',(-7.944378585147,38.859873933894,-6.25));
#352 = CARTESIAN_POINT('',(-7.947468740263,38.856419035443,-6.25));
#353 = CARTESIAN_POINT('',(-8.002235060827,38.795188427615,-6.25));
#354 = CARTESIAN_POINT('',(-8.054186461624,38.73710499576,-6.25));
#355 = CARTESIAN_POINT('',(-8.106137862421,38.679021563906,-6.25));
#356 = CARTESIAN_POINT('',(-8.158089263219,38.620938132051,-6.25));
#357 = CARTESIAN_POINT('',(-8.210040664016,38.562854700196,-6.25));
#358 = CARTESIAN_POINT('',(-8.261992064814,38.504771268342,-6.25));
#359 = CARTESIAN_POINT('',(-8.313943465611,38.446687836487,-6.25));
#360 = PLANE('',#361);
#361 = AXIS2_PLACEMENT_3D('',#362,#363,#364);
#362 = CARTESIAN_POINT('',(1.681E-14,9.87E-15,-6.25));
#363 = DIRECTION('',(2.33E-15,8.1E-16,-1.));
#364 = DIRECTION('',(2.22E-15,-1.,-8.1E-16));
#365 = ADVANCED_FACE('',(#366),#453,.F.);
#366 = FACE_BOUND('',#367,.T.);
#367 = EDGE_LOOP('',(#368,#379,#387,#393,#394));
#368 = ORIENTED_EDGE('',*,*,#369,.F.);
#369 = EDGE_CURVE('',#370,#372,#374,.T.);
#370 = VERTEX_POINT('',#371);
#371 = CARTESIAN_POINT('',(12.686491673112,39.6,-5.25));
#372 = VERTEX_POINT('',#373);
#373 = CARTESIAN_POINT('',(12.60823073927,39.593837246706,
    -5.256162637564));
#374 = ELLIPSE('',#375,0.707106781187,0.5);
#375 = AXIS2_PLACEMENT_3D('',#376,#377,#378);
#376 = CARTESIAN_POINT('',(12.686491673112,39.1,-5.75));
#377 = DIRECTION('',(-1.39E-15,-0.707106781187,0.707106781187));
#378 = DIRECTION('',(1.59E-15,-0.707106781187,-0.707106781187));
#379 = ORIENTED_EDGE('',*,*,#380,.F.);
#380 = EDGE_CURVE('',#381,#370,#383,.T.);
#381 = VERTEX_POINT('',#382);
#382 = CARTESIAN_POINT('',(12.8,39.6,-5.25));
#383 = LINE('',#384,#385);
#384 = CARTESIAN_POINT('',(12.8,39.6,-5.25));
#385 = VECTOR('',#386,1.);
#386 = DIRECTION('',(-1.,1.33E-15,-2.2E-16));
#387 = ORIENTED_EDGE('',*,*,#388,.F.);
#388 = EDGE_CURVE('',#22,#381,#389,.T.);
#389 = LINE('',#390,#391);
#390 = CARTESIAN_POINT('',(12.833333333333,39.566666666667,
    -5.283333333333));
#391 = VECTOR('',#392,1.);
#392 = DIRECTION('',(-0.57735026919,0.57735026919,0.57735026919));
#393 = ORIENTED_EDGE('',*,*,#21,.T.);
#394 = ORIENTED_EDGE('',*,*,#395,.T.);
#395 = EDGE_CURVE('',#24,#372,#396,.T.);
#396 = B_SPLINE_CURVE_WITH_KNOTS('',7,(#397,#398,#399,#400,#401,#402,
    #403,#404,#405,#406,#407,#408,#409,#410,#411,#412,#413,#414,#415,
    #416,#417,#418,#419,#420,#421,#422,#423,#424,#425,#426,#427,#428,
    #429,#430,#431,#432,#433,#434,#435,#436,#437,#438,#439,#440,#441,
    #442,#443,#444,#445,#446,#447,#448,#449,#450,#451,#452),
  .UNSPECIFIED.,.F.,.F.,(8,6,6,6,6,6,6,6,6,8),(0.,0.122090666099,
    0.222998859919,0.430455960625,0.663539128064,0.819992368057,
    0.91142693404,0.95003273505,0.971235356624,1.),.UNSPECIFIED.);
#397 = CARTESIAN_POINT('',(13.20967477525,38.6,-6.25));
#398 = CARTESIAN_POINT('',(13.196127664333,38.617185500563,
    -6.232814499437));
#399 = CARTESIAN_POINT('',(13.18257004672,38.634368062763,
    -6.215631937237));
#400 = CARTESIAN_POINT('',(13.169005407323,38.651548659715,
    -6.198451340285));
#401 = CARTESIAN_POINT('',(13.155437221937,38.66872826343,-6.18127173657
    ));
#402 = CARTESIAN_POINT('',(13.141868957237,38.68590784481,-6.16409215519
    ));
#403 = CARTESIAN_POINT('',(13.128304070782,38.703088373654,
    -6.146911626346));
#404 = CARTESIAN_POINT('',(13.103540245932,38.734472145795,
    -6.115527854205));
#405 = CARTESIAN_POINT('',(13.092339175828,38.748674786756,
    -6.101325213244));
#406 = CARTESIAN_POINT('',(13.081144756432,38.762879290493,
    -6.087120709507));
#407 = CARTESIAN_POINT('',(13.069959010032,38.777086219163,
    -6.072913780837));
#408 = CARTESIAN_POINT('',(13.05878402547,38.79129614812,-6.05870385188)
  );
#409 = CARTESIAN_POINT('',(13.047621958141,38.805509665916,
    -6.044490334084));
#410 = CARTESIAN_POINT('',(13.013558066503,38.848957553222,
    -6.001042446778));
#411 = CARTESIAN_POINT('',(12.990705174055,38.878205293033,
    -5.971794706967));
#412 = CARTESIAN_POINT('',(12.967936042532,38.90747615599,-5.94252384401
    ));
#413 = CARTESIAN_POINT('',(12.945271798953,38.936775714332,
    -5.913224285668));
#414 = CARTESIAN_POINT('',(12.922736783538,38.966110016699,
    -5.883889983301));
#415 = CARTESIAN_POINT('',(12.900360325763,38.995486054554,
    -5.854513945446));
#416 = CARTESIAN_POINT('',(12.853256715242,39.057973260635,
    -5.792026739365));
#417 = CARTESIAN_POINT('',(12.82858321368,39.091094801168,
    -5.758905198832));
#418 = CARTESIAN_POINT('',(12.804205630602,39.12429188755,-5.72570811245
    ));
#419 = CARTESIAN_POINT('',(12.780191771992,39.157579483048,
    -5.692420516952));
#420 = CARTESIAN_POINT('',(12.756624785563,39.190971639792,
    -5.659028360208));
#421 = CARTESIAN_POINT('',(12.733623634515,39.22448606789,-5.62551393211
    ));
#422 = CARTESIAN_POINT('',(12.696464191125,39.280753230362,
    -5.569246769638));
#423 = CARTESIAN_POINT('',(12.681890973964,39.30341227678,-5.54658772322
    ));
#424 = CARTESIAN_POINT('',(12.667725318232,39.326150005564,
    -5.523849994436));
#425 = CARTESIAN_POINT('',(12.654044384101,39.348977278806,
    -5.501022721194));
#426 = CARTESIAN_POINT('',(12.640974093792,39.371900117094,
    -5.478099882906));
#427 = CARTESIAN_POINT('',(12.628671333868,39.394918071989,
    -5.455081928011));
#428 = CARTESIAN_POINT('',(12.610914272902,39.431557342518,
    -5.418442657482));
#429 = CARTESIAN_POINT('',(12.60474707248,39.4450908026,-5.4049091974));
#430 = CARTESIAN_POINT('',(12.599019916446,39.458661737456,
    -5.391338262544));
#431 = CARTESIAN_POINT('',(12.593817403356,39.472270475053,
    -5.377729524947));
#432 = CARTESIAN_POINT('',(12.589281027972,39.485897753188,
    -5.364102246812));
#433 = CARTESIAN_POINT('',(12.585585457869,39.499506110543,
    -5.350493889457));
#434 = CARTESIAN_POINT('',(12.582032904047,39.518752391481,
    -5.331247608519));
#435 = CARTESIAN_POINT('',(12.581192599228,39.524447796968,
    -5.325552203032));
#436 = CARTESIAN_POINT('',(12.580593240596,39.530121367014,
    -5.319878632986));
#437 = CARTESIAN_POINT('',(12.580267875401,39.535763599056,
    -5.314236400944));
#438 = CARTESIAN_POINT('',(12.5802576626,39.541358667776,-5.308641332224
    ));
#439 = CARTESIAN_POINT('',(12.580613522085,39.546884113576,
    -5.303115886424));
#440 = CARTESIAN_POINT('',(12.581828506895,39.555290763878,
    -5.294709236122));
#441 = CARTESIAN_POINT('',(12.5823883753,39.558240176673,-5.291759823327
    ));
#442 = CARTESIAN_POINT('',(12.583087509748,39.561153603763,
    -5.288846396237));
#443 = CARTESIAN_POINT('',(12.583937095646,39.564024067011,
    -5.285975932989));
#444 = CARTESIAN_POINT('',(12.584948794327,39.566842970294,
    -5.283157029706));
#445 = CARTESIAN_POINT('',(12.586134154202,39.569600293994,
    -5.280399706006));
#446 = CARTESIAN_POINT('',(12.589362459844,39.575926723837,
    -5.274073276163));
#447 = CARTESIAN_POINT('',(12.591561973184,39.579437176612,
    -5.270562823388));
#448 = CARTESIAN_POINT('',(12.594127091883,39.582783358422,
    -5.267216641578));
#449 = CARTESIAN_POINT('',(12.597078131357,39.585928868438,
    -5.264071131562));
#450 = CARTESIAN_POINT('',(12.600423828539,39.588838183408,
    -5.261161816592));
#451 = CARTESIAN_POINT('',(12.604153977917,39.59148114668,-5.25851885332
    ));
#452 = CARTESIAN_POINT('',(12.608232067587,39.593837457211,
    -5.256162542789));
#453 = PLANE('',#454);
#454 = AXIS2_PLACEMENT_3D('',#455,#456,#457);
#455 = CARTESIAN_POINT('',(12.8,39.1,-5.75));
#456 = DIRECTION('',(-1.16E-15,-0.707106781187,0.707106781187));
#457 = DIRECTION('',(1.,-1.375243866176E-15,2.652438661764E-16));
#458 = ADVANCED_FACE('',(#459),#487,.F.);
#459 = FACE_BOUND('',#460,.F.);
#460 = EDGE_LOOP('',(#461,#462,#481,#486));
#461 = ORIENTED_EDGE('',*,*,#395,.T.);
#462 = ORIENTED_EDGE('',*,*,#463,.T.);
#463 = EDGE_CURVE('',#372,#464,#466,.T.);
#464 = VERTEX_POINT('',#465);
#465 = CARTESIAN_POINT('',(12.202368754836,39.224999999999,
    -5.264122529506));
#466 = B_SPLINE_CURVE_WITH_KNOTS('',7,(#467,#468,#469,#470,#471,#472,
    #473,#474,#475,#476,#477,#478,#479,#480),.UNSPECIFIED.,.F.,.F.,(8,6,
    8),(-1.263783705289,-1.234227047749,-0.688737339369),.UNSPECIFIED.);
#467 = CARTESIAN_POINT('',(12.645892747953,39.599805739341,
    -5.253475458006));
#468 = CARTESIAN_POINT('',(12.640512460998,39.598953097536,-5.2538593408
    ));
#469 = CARTESIAN_POINT('',(12.635132174043,39.598100455731,
    -5.254243223594));
#470 = CARTESIAN_POINT('',(12.629751887089,39.597247813926,
    -5.254627106388));
#471 = CARTESIAN_POINT('',(12.624371600134,39.596395172121,
    -5.255010989182));
#472 = CARTESIAN_POINT('',(12.618991313179,39.595542530316,
    -5.255394871976));
#473 = CARTESIAN_POINT('',(12.613611026225,39.594689888511,
    -5.25577875477));
#474 = CARTESIAN_POINT('',(12.508933612797,39.578101119273,
    -5.263247474985));
#475 = CARTESIAN_POINT('',(12.43209382526,39.542278537255,
    -5.271652628466));
#476 = CARTESIAN_POINT('',(12.364061893449,39.498577969585,
    -5.276311798867));
#477 = CARTESIAN_POINT('',(12.308148000857,39.444038698132,
    -5.278265658552));
#478 = CARTESIAN_POINT('',(12.261171873905,39.381505246068,
    -5.276303580247));
#479 = CARTESIAN_POINT('',(12.22429893612,39.309935226895,
    -5.270964388355));
#480 = CARTESIAN_POINT('',(12.202368754836,39.224999999999,
    -5.264122529506));
#481 = ORIENTED_EDGE('',*,*,#482,.F.);
#482 = EDGE_CURVE('',#103,#464,#483,.T.);
#483 = B_SPLINE_CURVE_WITH_KNOTS('',1,(#484,#485),.UNSPECIFIED.,.F.,.F.,
  (2,2),(0.,0.545489708379),.PIECEWISE_BEZIER_KNOTS.);
#484 = CARTESIAN_POINT('',(13.072548207496,38.446687836491,-6.25));
#485 = CARTESIAN_POINT('',(12.202368754836,39.224999999999,
    -5.264122529506));
#486 = ORIENTED_EDGE('',*,*,#113,.F.);
#487 = B_SPLINE_SURFACE_WITH_KNOTS('',1,7,(
    (#488,#489,#490,#491,#492,#493,#494,#495,#496,#497,#498,#499,#500
      ,#501)
    ,(#502,#503,#504,#505,#506,#507,#508,#509,#510,#511,#512,#513,#514
      ,#515
    )),.UNSPECIFIED.,.F.,.F.,.F.,(2,2),(8,6,8),(0.,0.545489708379),(
    -1.263783705289,-1.234227047749,-0.688737339369),.UNSPECIFIED.);
#488 = CARTESIAN_POINT('',(13.461692393801,38.881764263303,-6.25));
#489 = CARTESIAN_POINT('',(13.457226061932,38.87677075247,-6.25));
#490 = CARTESIAN_POINT('',(13.453034965415,38.872084964113,-6.25));
#491 = CARTESIAN_POINT('',(13.449119104248,38.867706898233,-6.25));
#492 = CARTESIAN_POINT('',(13.445478478431,38.863636554829,-6.25));
#493 = CARTESIAN_POINT('',(13.442113087964,38.859873933902,-6.25));
#494 = CARTESIAN_POINT('',(13.439022932848,38.856419035452,-6.25));
#495 = CARTESIAN_POINT('',(13.384256612284,38.795188427623,-6.25));
#496 = CARTESIAN_POINT('',(13.332305211486,38.737104995767,-6.25));
#497 = CARTESIAN_POINT('',(13.280353810689,38.679021563913,-6.25));
#498 = CARTESIAN_POINT('',(13.22840240989,38.620938132056,-6.25));
#499 = CARTESIAN_POINT('',(13.176451009092,38.562854700202,-6.25));
#500 = CARTESIAN_POINT('',(13.124499608294,38.504771268346,-6.25));
#501 = CARTESIAN_POINT('',(13.072548207496,38.446687836491,-6.25));
#502 = CARTESIAN_POINT('',(12.645892747953,39.599805739341,
    -5.253475458006));
#503 = CARTESIAN_POINT('',(12.640512460998,39.598953097536,-5.2538593408
    ));
#504 = CARTESIAN_POINT('',(12.635132174043,39.598100455731,
    -5.254243223594));
#505 = CARTESIAN_POINT('',(12.629751887089,39.597247813926,
    -5.254627106388));
#506 = CARTESIAN_POINT('',(12.624371600134,39.596395172121,
    -5.255010989182));
#507 = CARTESIAN_POINT('',(12.618991313179,39.595542530316,
    -5.255394871976));
#508 = CARTESIAN_POINT('',(12.613611026225,39.594689888511,
    -5.25577875477));
#509 = CARTESIAN_POINT('',(12.508933612797,39.578101119273,
    -5.263247474985));
#510 = CARTESIAN_POINT('',(12.43209382526,39.542278537255,
    -5.271652628466));
#511 = CARTESIAN_POINT('',(12.364061893449,39.498577969585,
    -5.276311798867));
#512 = CARTESIAN_POINT('',(12.308148000857,39.444038698132,
    -5.278265658552));
#513 = CARTESIAN_POINT('',(12.261171873905,39.381505246068,
    -5.276303580247));
#514 = CARTESIAN_POINT('',(12.22429893612,39.309935226895,
    -5.270964388355));
#515 = CARTESIAN_POINT('',(12.202368754836,39.224999999999,
    -5.264122529506));
#516 = ADVANCED_FACE('',(#517),#535,.F.);
#517 = FACE_BOUND('',#518,.T.);
#518 = EDGE_LOOP('',(#519,#527,#528,#529));
#519 = ORIENTED_EDGE('',*,*,#520,.F.);
#520 = EDGE_CURVE('',#32,#521,#523,.T.);
#521 = VERTEX_POINT('',#522);
#522 = CARTESIAN_POINT('',(12.8,41.4,-5.25));
#523 = LINE('',#524,#525);
#524 = CARTESIAN_POINT('',(12.45,41.05,-4.9));
#525 = VECTOR('',#526,1.);
#526 = DIRECTION('',(-0.57735026919,-0.57735026919,0.57735026919));
#527 = ORIENTED_EDGE('',*,*,#31,.T.);
#528 = ORIENTED_EDGE('',*,*,#388,.T.);
#529 = ORIENTED_EDGE('',*,*,#530,.F.);
#530 = EDGE_CURVE('',#521,#381,#531,.T.);
#531 = LINE('',#532,#533);
#532 = CARTESIAN_POINT('',(12.8,41.4,-5.25));
#533 = VECTOR('',#534,1.);
#534 = DIRECTION('',(4.4E-16,-1.,1.78E-15));
#535 = PLANE('',#536);
#536 = AXIS2_PLACEMENT_3D('',#537,#538,#539);
#537 = CARTESIAN_POINT('',(13.3,41.4,-5.75));
#538 = DIRECTION('',(0.707106781187,-2.7E-16,0.707106781187));
#539 = DIRECTION('',(8.609188309204E-16,1.,-4.790811690796E-16));
#540 = ADVANCED_FACE('',(#541),#561,.F.);
#541 = FACE_BOUND('',#542,.F.);
#542 = EDGE_LOOP('',(#543,#544,#555,#560));
#543 = ORIENTED_EDGE('',*,*,#482,.T.);
#544 = ORIENTED_EDGE('',*,*,#545,.T.);
#545 = EDGE_CURVE('',#464,#546,#548,.T.);
#546 = VERTEX_POINT('',#547);
#547 = CARTESIAN_POINT('',(11.86803398875,38.6,-5.25));
#548 = B_SPLINE_CURVE_WITH_KNOTS('',5,(#549,#550,#551,#552,#553,#554),
  .UNSPECIFIED.,.F.,.F.,(6,6),(-0.688737339366,0.),
  .PIECEWISE_BEZIER_KNOTS.);
#549 = CARTESIAN_POINT('',(12.202368754828,39.225000000001,
    -5.264122529507));
#550 = CARTESIAN_POINT('',(12.163603974725,39.074864652243,
    -5.252028550421));
#551 = CARTESIAN_POINT('',(12.108074691961,38.939723931509,
    -5.25024731612));
#552 = CARTESIAN_POINT('',(12.039944061016,38.81585419923,
    -5.249915711888));
#553 = CARTESIAN_POINT('',(11.959865633999,38.702670900631,-5.25));
#554 = CARTESIAN_POINT('',(11.86803398875,38.6,-5.25));
#555 = ORIENTED_EDGE('',*,*,#556,.F.);
#556 = EDGE_CURVE('',#94,#546,#557,.T.);
#557 = B_SPLINE_CURVE_WITH_KNOTS('',1,(#558,#559),.UNSPECIFIED.,.F.,.F.,
  (2,2),(0.,0.688737339366),.PIECEWISE_BEZIER_KNOTS.);
#558 = CARTESIAN_POINT('',(12.61338998125,37.933333333333,-6.25));
#559 = CARTESIAN_POINT('',(11.86803398875,38.6,-5.25));
#560 = ORIENTED_EDGE('',*,*,#102,.F.);
#561 = B_SPLINE_SURFACE_WITH_KNOTS('',1,5,(
    (#562,#563,#564,#565,#566,#567)
    ,(#568,#569,#570,#571,#572,#573
    )),.UNSPECIFIED.,.F.,.F.,.F.,(2,2),(6,6),(0.,0.688737339366),(
    -0.688737339366,0.),.PIECEWISE_BEZIER_KNOTS.);
#562 = CARTESIAN_POINT('',(13.072548207494,38.446687836488,-6.25));
#563 = CARTESIAN_POINT('',(12.980716562245,38.344016935857,-6.25));
#564 = CARTESIAN_POINT('',(12.888884916996,38.241346035226,-6.25));
#565 = CARTESIAN_POINT('',(12.797053271747,38.138675134595,-6.25));
#566 = CARTESIAN_POINT('',(12.705221626499,38.036004233964,-6.25));
#567 = CARTESIAN_POINT('',(12.61338998125,37.933333333333,-6.25));
#568 = CARTESIAN_POINT('',(12.202368754828,39.225000000001,
    -5.264122529507));
#569 = CARTESIAN_POINT('',(12.163603974725,39.074864652243,
    -5.252028550421));
#570 = CARTESIAN_POINT('',(12.108074691961,38.939723931509,
    -5.25024731612));
#571 = CARTESIAN_POINT('',(12.039944061016,38.81585419923,
    -5.249915711888));
#572 = CARTESIAN_POINT('',(11.959865633999,38.702670900631,-5.25));
#573 = CARTESIAN_POINT('',(11.86803398875,38.6,-5.25));
#574 = ADVANCED_FACE('',(#575),#593,.F.);
#575 = FACE_BOUND('',#576,.T.);
#576 = EDGE_LOOP('',(#577,#585,#586,#587));
#577 = ORIENTED_EDGE('',*,*,#578,.F.);
#578 = EDGE_CURVE('',#40,#579,#581,.T.);
#579 = VERTEX_POINT('',#580);
#580 = CARTESIAN_POINT('',(8.7,41.4,-5.25));
#581 = LINE('',#582,#583);
#582 = CARTESIAN_POINT('',(8.666666666667,41.433333333333,
    -5.283333333333));
#583 = VECTOR('',#584,1.);
#584 = DIRECTION('',(0.57735026919,-0.57735026919,0.57735026919));
#585 = ORIENTED_EDGE('',*,*,#39,.T.);
#586 = ORIENTED_EDGE('',*,*,#520,.T.);
#587 = ORIENTED_EDGE('',*,*,#588,.F.);
#588 = EDGE_CURVE('',#579,#521,#589,.T.);
#589 = LINE('',#590,#591);
#590 = CARTESIAN_POINT('',(8.7,41.4,-5.25));
#591 = VECTOR('',#592,1.);
#592 = DIRECTION('',(1.,-1.33E-15,2.2E-16));
#593 = PLANE('',#594);
#594 = AXIS2_PLACEMENT_3D('',#595,#596,#597);
#595 = CARTESIAN_POINT('',(8.7,41.9,-5.75));
#596 = DIRECTION('',(-1.58E-15,0.707106781187,0.707106781187));
#597 = DIRECTION('',(-1.,-3.372287142747E-16,-1.897228714275E-15));
#598 = ADVANCED_FACE('',(#599),#618,.F.);
#599 = FACE_BOUND('',#600,.T.);
#600 = EDGE_LOOP('',(#601,#602,#603,#611));
#601 = ORIENTED_EDGE('',*,*,#556,.F.);
#602 = ORIENTED_EDGE('',*,*,#93,.T.);
#603 = ORIENTED_EDGE('',*,*,#604,.T.);
#604 = EDGE_CURVE('',#83,#605,#607,.T.);
#605 = VERTEX_POINT('',#606);
#606 = CARTESIAN_POINT('',(9.63196601125,38.6,-5.25));
#607 = LINE('',#608,#609);
#608 = CARTESIAN_POINT('',(9.63196601125,38.6,-5.25));
#609 = VECTOR('',#610,1.);
#610 = DIRECTION('',(0.527046276695,0.471404520791,0.707106781187));
#611 = ORIENTED_EDGE('',*,*,#612,.F.);
#612 = EDGE_CURVE('',#546,#605,#613,.T.);
#613 = CIRCLE('',#614,1.5);
#614 = AXIS2_PLACEMENT_3D('',#615,#616,#617);
#615 = CARTESIAN_POINT('',(10.75,39.6,-5.25));
#616 = DIRECTION('',(5.6E-16,-2.85E-15,-1.));
#617 = DIRECTION('',(0.7453559925,-0.666666666667,2.3173993558E-15));
#618 = CONICAL_SURFACE('',#619,1.5,0.785398163397);
#619 = AXIS2_PLACEMENT_3D('',#620,#621,#622);
#620 = CARTESIAN_POINT('',(10.75,39.6,-5.25));
#621 = DIRECTION('',(1.E-15,-2.41E-15,-1.));
#622 = DIRECTION('',(0.7453559925,-0.666666666667,2.352022659167E-15));
#623 = ADVANCED_FACE('',(#624),#642,.F.);
#624 = FACE_BOUND('',#625,.T.);
#625 = EDGE_LOOP('',(#626,#634,#635,#636));
#626 = ORIENTED_EDGE('',*,*,#627,.F.);
#627 = EDGE_CURVE('',#48,#628,#630,.T.);
#628 = VERTEX_POINT('',#629);
#629 = CARTESIAN_POINT('',(8.7,39.6,-5.25));
#630 = LINE('',#631,#632);
#631 = CARTESIAN_POINT('',(9.05,39.95,-4.9));
#632 = VECTOR('',#633,1.);
#633 = DIRECTION('',(0.57735026919,0.57735026919,0.57735026919));
#634 = ORIENTED_EDGE('',*,*,#47,.T.);
#635 = ORIENTED_EDGE('',*,*,#578,.T.);
#636 = ORIENTED_EDGE('',*,*,#637,.F.);
#637 = EDGE_CURVE('',#628,#579,#638,.T.);
#638 = LINE('',#639,#640);
#639 = CARTESIAN_POINT('',(8.7,39.6,-5.25));
#640 = VECTOR('',#641,1.);
#641 = DIRECTION('',(-4.4E-16,1.,-1.78E-15));
#642 = PLANE('',#643);
#643 = AXIS2_PLACEMENT_3D('',#644,#645,#646);
#644 = CARTESIAN_POINT('',(8.2,39.6,-5.75));
#645 = DIRECTION('',(-0.707106781187,1.31E-15,0.707106781187));
#646 = DIRECTION('',(1.836901166456E-16,-1.,2.036309883354E-15));
#647 = ADVANCED_FACE('',(#648),#668,.F.);
#648 = FACE_BOUND('',#649,.F.);
#649 = EDGE_LOOP('',(#650,#651,#662,#667));
#650 = ORIENTED_EDGE('',*,*,#604,.T.);
#651 = ORIENTED_EDGE('',*,*,#652,.T.);
#652 = EDGE_CURVE('',#605,#653,#655,.T.);
#653 = VERTEX_POINT('',#654);
#654 = CARTESIAN_POINT('',(9.297631245172,39.225000000001,
    -5.264122529507));
#655 = B_SPLINE_CURVE_WITH_KNOTS('',5,(#656,#657,#658,#659,#660,#661),
  .UNSPECIFIED.,.F.,.F.,(6,6),(2.523206011704,3.211943351069),
  .PIECEWISE_BEZIER_KNOTS.);
#656 = CARTESIAN_POINT('',(9.63196601125,38.6,-5.25));
#657 = CARTESIAN_POINT('',(9.540134366001,38.702670900631,-5.25));
#658 = CARTESIAN_POINT('',(9.460055938984,38.81585419923,-5.249915711888
    ));
#659 = CARTESIAN_POINT('',(9.391925308039,38.939723931509,-5.25024731612
    ));
#660 = CARTESIAN_POINT('',(9.336396025275,39.074864652243,
    -5.252028550421));
#661 = CARTESIAN_POINT('',(9.297631245172,39.225000000001,
    -5.264122529507));
#662 = ORIENTED_EDGE('',*,*,#663,.F.);
#663 = EDGE_CURVE('',#64,#653,#664,.T.);
#664 = B_SPLINE_CURVE_WITH_KNOTS('',1,(#665,#666),.UNSPECIFIED.,.F.,.F.,
  (2,2),(0.,0.688737339366),.PIECEWISE_BEZIER_KNOTS.);
#665 = CARTESIAN_POINT('',(8.427451792506,38.446687836488,-6.25));
#666 = CARTESIAN_POINT('',(9.297631245172,39.225000000001,
    -5.264122529507));
#667 = ORIENTED_EDGE('',*,*,#82,.F.);
#668 = B_SPLINE_SURFACE_WITH_KNOTS('',1,5,(
    (#669,#670,#671,#672,#673,#674)
    ,(#675,#676,#677,#678,#679,#680
    )),.UNSPECIFIED.,.F.,.F.,.F.,(2,2),(6,6),(0.,0.688737339366),(
    2.523206011704,3.211943351069),.PIECEWISE_BEZIER_KNOTS.);
#669 = CARTESIAN_POINT('',(8.88661001875,37.933333333333,-6.25));
#670 = CARTESIAN_POINT('',(8.794778373501,38.036004233964,-6.25));
#671 = CARTESIAN_POINT('',(8.702946728253,38.138675134595,-6.25));
#672 = CARTESIAN_POINT('',(8.611115083004,38.241346035226,-6.25));
#673 = CARTESIAN_POINT('',(8.519283437755,38.344016935857,-6.25));
#674 = CARTESIAN_POINT('',(8.427451792506,38.446687836488,-6.25));
#675 = CARTESIAN_POINT('',(9.63196601125,38.6,-5.25));
#676 = CARTESIAN_POINT('',(9.540134366001,38.702670900631,-5.25));
#677 = CARTESIAN_POINT('',(9.460055938984,38.81585419923,-5.249915711888
    ));
#678 = CARTESIAN_POINT('',(9.391925308039,38.939723931509,-5.25024731612
    ));
#679 = CARTESIAN_POINT('',(9.336396025275,39.074864652243,
    -5.252028550421));
#680 = CARTESIAN_POINT('',(9.297631245172,39.225000000001,
    -5.264122529507));
#681 = ADVANCED_FACE('',(#682),#762,.F.);
#682 = FACE_BOUND('',#683,.T.);
#683 = EDGE_LOOP('',(#684,#695,#754,#755,#756));
#684 = ORIENTED_EDGE('',*,*,#685,.F.);
#685 = EDGE_CURVE('',#686,#688,#690,.T.);
#686 = VERTEX_POINT('',#687);
#687 = CARTESIAN_POINT('',(8.891769260731,39.593837246706,
    -5.256162637564));
#688 = VERTEX_POINT('',#689);
#689 = CARTESIAN_POINT('',(8.813508326888,39.6,-5.25));
#690 = ELLIPSE('',#691,0.707106781187,0.5);
#691 = AXIS2_PLACEMENT_3D('',#692,#693,#694);
#692 = CARTESIAN_POINT('',(8.813508326888,39.1,-5.75));
#693 = DIRECTION('',(-1.39E-15,-0.707106781187,0.707106781187));
#694 = DIRECTION('',(1.59E-15,-0.707106781187,-0.707106781187));
#695 = ORIENTED_EDGE('',*,*,#696,.F.);
#696 = EDGE_CURVE('',#56,#686,#697,.T.);
#697 = B_SPLINE_CURVE_WITH_KNOTS('',7,(#698,#699,#700,#701,#702,#703,
    #704,#705,#706,#707,#708,#709,#710,#711,#712,#713,#714,#715,#716,
    #717,#718,#719,#720,#721,#722,#723,#724,#725,#726,#727,#728,#729,
    #730,#731,#732,#733,#734,#735,#736,#737,#738,#739,#740,#741,#742,
    #743,#744,#745,#746,#747,#748,#749,#750,#751,#752,#753),
  .UNSPECIFIED.,.F.,.F.,(8,6,6,6,6,6,6,6,6,8),(0.,0.122090666098,
    0.222998859918,0.430455960624,0.663539128064,0.819992368056,
    0.91142693404,0.95003273505,0.971235356624,1.),.UNSPECIFIED.);
#698 = CARTESIAN_POINT('',(8.29032522475,38.6,-6.25));
#699 = CARTESIAN_POINT('',(8.303872335667,38.617185500563,
    -6.232814499437));
#700 = CARTESIAN_POINT('',(8.31742995328,38.634368062763,-6.215631937237
    ));
#701 = CARTESIAN_POINT('',(8.330994592677,38.651548659715,
    -6.198451340285));
#702 = CARTESIAN_POINT('',(8.344562778063,38.668728263429,
    -6.181271736571));
#703 = CARTESIAN_POINT('',(8.358131042763,38.68590784481,-6.16409215519)
  );
#704 = CARTESIAN_POINT('',(8.371695929217,38.703088373653,
    -6.146911626347));
#705 = CARTESIAN_POINT('',(8.396459754067,38.734472145795,
    -6.115527854205));
#706 = CARTESIAN_POINT('',(8.407660824172,38.748674786755,
    -6.101325213245));
#707 = CARTESIAN_POINT('',(8.418855243568,38.762879290492,
    -6.087120709508));
#708 = CARTESIAN_POINT('',(8.430040989967,38.777086219163,
    -6.072913780837));
#709 = CARTESIAN_POINT('',(8.44121597453,38.79129614812,-6.05870385188)
  );
#710 = CARTESIAN_POINT('',(8.452378041858,38.805509665916,
    -6.044490334084));
#711 = CARTESIAN_POINT('',(8.486441933496,38.848957553222,
    -6.001042446778));
#712 = CARTESIAN_POINT('',(8.509294825945,38.878205293032,
    -5.971794706968));
#713 = CARTESIAN_POINT('',(8.532063957468,38.907476155989,
    -5.942523844011));
#714 = CARTESIAN_POINT('',(8.554728201047,38.936775714331,
    -5.913224285669));
#715 = CARTESIAN_POINT('',(8.577263216462,38.966110016699,
    -5.883889983301));
#716 = CARTESIAN_POINT('',(8.599639674237,38.995486054554,
    -5.854513945446));
#717 = CARTESIAN_POINT('',(8.646743284757,39.057973260634,
    -5.792026739366));
#718 = CARTESIAN_POINT('',(8.67141678632,39.091094801167,-5.758905198833
    ));
#719 = CARTESIAN_POINT('',(8.695794369398,39.124291887549,
    -5.725708112451));
#720 = CARTESIAN_POINT('',(8.719808228008,39.157579483048,
    -5.692420516952));
#721 = CARTESIAN_POINT('',(8.743375214437,39.190971639791,
    -5.659028360209));
#722 = CARTESIAN_POINT('',(8.766376365485,39.224486067889,
    -5.625513932111));
#723 = CARTESIAN_POINT('',(8.803535808875,39.280753230362,
    -5.569246769638));
#724 = CARTESIAN_POINT('',(8.818109026036,39.303412276779,
    -5.546587723221));
#725 = CARTESIAN_POINT('',(8.832274681768,39.326150005563,
    -5.523849994437));
#726 = CARTESIAN_POINT('',(8.8459556159,39.348977278805,-5.501022721195)
  );
#727 = CARTESIAN_POINT('',(8.859025906208,39.371900117093,
    -5.478099882907));
#728 = CARTESIAN_POINT('',(8.871328666132,39.394918071989,
    -5.455081928011));
#729 = CARTESIAN_POINT('',(8.889085727099,39.431557342518,
    -5.418442657482));
#730 = CARTESIAN_POINT('',(8.89525292752,39.4450908026,-5.4049091974));
#731 = CARTESIAN_POINT('',(8.900980083554,39.458661737455,
    -5.391338262545));
#732 = CARTESIAN_POINT('',(8.906182596645,39.472270475053,
    -5.377729524947));
#733 = CARTESIAN_POINT('',(8.910718972028,39.485897753187,
    -5.364102246813));
#734 = CARTESIAN_POINT('',(8.914414542131,39.499506110543,
    -5.350493889457));
#735 = CARTESIAN_POINT('',(8.917967095954,39.518752391481,
    -5.331247608519));
#736 = CARTESIAN_POINT('',(8.918807400773,39.524447796967,
    -5.325552203033));
#737 = CARTESIAN_POINT('',(8.919406759404,39.530121367014,
    -5.319878632986));
#738 = CARTESIAN_POINT('',(8.919732124599,39.535763599055,
    -5.314236400945));
#739 = CARTESIAN_POINT('',(8.9197423374,39.541358667776,-5.308641332224)
  );
#740 = CARTESIAN_POINT('',(8.919386477916,39.546884113575,
    -5.303115886425));
#741 = CARTESIAN_POINT('',(8.918171493105,39.555290763877,
    -5.294709236123));
#742 = CARTESIAN_POINT('',(8.917611624701,39.558240176673,
    -5.291759823327));
#743 = CARTESIAN_POINT('',(8.916912490253,39.561153603763,
    -5.288846396237));
#744 = CARTESIAN_POINT('',(8.916062904354,39.564024067011,
    -5.285975932989));
#745 = CARTESIAN_POINT('',(8.915051205673,39.566842970293,
    -5.283157029707));
#746 = CARTESIAN_POINT('',(8.913865845799,39.569600293994,
    -5.280399706006));
#747 = CARTESIAN_POINT('',(8.910637540157,39.575926723837,
    -5.274073276163));
#748 = CARTESIAN_POINT('',(8.908438026816,39.579437176612,
    -5.270562823388));
#749 = CARTESIAN_POINT('',(8.905872908118,39.582783358422,
    -5.267216641578));
#750 = CARTESIAN_POINT('',(8.902921868643,39.585928868438,
    -5.264071131562));
#751 = CARTESIAN_POINT('',(8.899576171462,39.588838183408,
    -5.261161816592));
#752 = CARTESIAN_POINT('',(8.895846022083,39.59148114668,-5.25851885332)
  );
#753 = CARTESIAN_POINT('',(8.891767932414,39.593837457211,
    -5.256162542789));
#754 = ORIENTED_EDGE('',*,*,#55,.T.);
#755 = ORIENTED_EDGE('',*,*,#627,.T.);
#756 = ORIENTED_EDGE('',*,*,#757,.F.);
#757 = EDGE_CURVE('',#688,#628,#758,.T.);
#758 = LINE('',#759,#760);
#759 = CARTESIAN_POINT('',(12.8,39.6,-5.25));
#760 = VECTOR('',#761,1.);
#761 = DIRECTION('',(-1.,1.33E-15,-2.2E-16));
#762 = PLANE('',#763);
#763 = AXIS2_PLACEMENT_3D('',#764,#765,#766);
#764 = CARTESIAN_POINT('',(12.8,39.1,-5.75));
#765 = DIRECTION('',(-1.16E-15,-0.707106781187,0.707106781187));
#766 = DIRECTION('',(1.,-1.375243866176E-15,2.652438661764E-16));
#767 = ADVANCED_FACE('',(#768),#790,.F.);
#768 = FACE_BOUND('',#769,.F.);
#769 = EDGE_LOOP('',(#770,#771,#788,#789));
#770 = ORIENTED_EDGE('',*,*,#663,.T.);
#771 = ORIENTED_EDGE('',*,*,#772,.T.);
#772 = EDGE_CURVE('',#653,#686,#773,.T.);
#773 = B_SPLINE_CURVE_WITH_KNOTS('',7,(#774,#775,#776,#777,#778,#779,
    #780,#781,#782,#783,#784,#785,#786,#787),.UNSPECIFIED.,.F.,.F.,(8,6,
    8),(3.211943351073,3.757433059452,3.786989716992),.UNSPECIFIED.);
#774 = CARTESIAN_POINT('',(9.297631245164,39.225,-5.264122529506));
#775 = CARTESIAN_POINT('',(9.27570106388,39.309935226894,-5.270964388355
    ));
#776 = CARTESIAN_POINT('',(9.238828126096,39.381505246068,
    -5.276303580247));
#777 = CARTESIAN_POINT('',(9.191851999143,39.444038698132,
    -5.278265658552));
#778 = CARTESIAN_POINT('',(9.135938106552,39.498577969585,
    -5.276311798867));
#779 = CARTESIAN_POINT('',(9.06790617474,39.542278537255,-5.271652628466
    ));
#780 = CARTESIAN_POINT('',(8.991066387204,39.578101119272,
    -5.263247474985));
#781 = CARTESIAN_POINT('',(8.886388973776,39.594689888511,-5.25577875477
    ));
#782 = CARTESIAN_POINT('',(8.881008686821,39.595542530316,
    -5.255394871976));
#783 = CARTESIAN_POINT('',(8.875628399867,39.596395172121,
    -5.255010989182));
#784 = CARTESIAN_POINT('',(8.870248112912,39.597247813926,
    -5.254627106388));
#785 = CARTESIAN_POINT('',(8.864867825957,39.598100455731,
    -5.254243223594));
#786 = CARTESIAN_POINT('',(8.859487539003,39.598953097536,-5.2538593408)
  );
#787 = CARTESIAN_POINT('',(8.854107252048,39.599805739341,
    -5.253475458006));
#788 = ORIENTED_EDGE('',*,*,#696,.F.);
#789 = ORIENTED_EDGE('',*,*,#63,.F.);
#790 = B_SPLINE_SURFACE_WITH_KNOTS('',1,7,(
    (#791,#792,#793,#794,#795,#796,#797,#798,#799,#800,#801,#802,#803
      ,#804)
    ,(#805,#806,#807,#808,#809,#810,#811,#812,#813,#814,#815,#816,#817
      ,#818
    )),.UNSPECIFIED.,.F.,.F.,.F.,(2,2),(8,6,8),(0.,0.545489708379),(
    3.211943351073,3.757433059452,3.786989716992),.UNSPECIFIED.);
#791 = CARTESIAN_POINT('',(8.427451792504,38.446687836491,-6.25));
#792 = CARTESIAN_POINT('',(8.375500391706,38.504771268346,-6.25));
#793 = CARTESIAN_POINT('',(8.323548990908,38.562854700202,-6.25));
#794 = CARTESIAN_POINT('',(8.27159759011,38.620938132056,-6.25));
#795 = CARTESIAN_POINT('',(8.219646189312,38.679021563913,-6.25));
#796 = CARTESIAN_POINT('',(8.167694788514,38.737104995767,-6.25));
#797 = CARTESIAN_POINT('',(8.115743387716,38.795188427623,-6.25));
#798 = CARTESIAN_POINT('',(8.060977067152,38.856419035452,-6.25));
#799 = CARTESIAN_POINT('',(8.057886912036,38.859873933902,-6.25));
#800 = CARTESIAN_POINT('',(8.05452152157,38.863636554829,-6.25));
#801 = CARTESIAN_POINT('',(8.050880895753,38.867706898232,-6.25));
#802 = CARTESIAN_POINT('',(8.046965034586,38.872084964113,-6.25));
#803 = CARTESIAN_POINT('',(8.042773938068,38.87677075247,-6.25));
#804 = CARTESIAN_POINT('',(8.0383076062,38.881764263303,-6.25));
#805 = CARTESIAN_POINT('',(9.297631245164,39.225,-5.264122529506));
#806 = CARTESIAN_POINT('',(9.27570106388,39.309935226894,-5.270964388355
    ));
#807 = CARTESIAN_POINT('',(9.238828126096,39.381505246068,
    -5.276303580247));
#808 = CARTESIAN_POINT('',(9.191851999143,39.444038698132,
    -5.278265658552));
#809 = CARTESIAN_POINT('',(9.135938106552,39.498577969585,
    -5.276311798867));
#810 = CARTESIAN_POINT('',(9.06790617474,39.542278537255,-5.271652628466
    ));
#811 = CARTESIAN_POINT('',(8.991066387204,39.578101119272,
    -5.263247474985));
#812 = CARTESIAN_POINT('',(8.886388973776,39.594689888511,-5.25577875477
    ));
#813 = CARTESIAN_POINT('',(8.881008686821,39.595542530316,
    -5.255394871976));
#814 = CARTESIAN_POINT('',(8.875628399867,39.596395172121,
    -5.255010989182));
#815 = CARTESIAN_POINT('',(8.870248112912,39.597247813926,
    -5.254627106388));
#816 = CARTESIAN_POINT('',(8.864867825957,39.598100455731,
    -5.254243223594));
#817 = CARTESIAN_POINT('',(8.859487539003,39.598953097536,-5.2538593408)
  );
#818 = CARTESIAN_POINT('',(8.854107252048,39.599805739341,
    -5.253475458006));
#819 = ADVANCED_FACE('',(#820),#853,.F.);
#820 = FACE_BOUND('',#821,.F.);
#821 = EDGE_LOOP('',(#822,#832,#838,#839,#847));
#822 = ORIENTED_EDGE('',*,*,#823,.F.);
#823 = EDGE_CURVE('',#824,#826,#828,.T.);
#824 = VERTEX_POINT('',#825);
#825 = CARTESIAN_POINT('',(19.,6.55,-5.25));
#826 = VERTEX_POINT('',#827);
#827 = CARTESIAN_POINT('',(19.,6.55,-0.35));
#828 = LINE('',#829,#830);
#829 = CARTESIAN_POINT('',(19.,6.55,-6.25));
#830 = VECTOR('',#831,1.);
#831 = DIRECTION('',(-3.66E-15,-3.7E-16,1.));
#832 = ORIENTED_EDGE('',*,*,#833,.T.);
#833 = EDGE_CURVE('',#824,#135,#834,.T.);
#834 = LINE('',#835,#836);
#835 = CARTESIAN_POINT('',(15.500000000003,6.55,-8.749999999998));
#836 = VECTOR('',#837,1.);
#837 = DIRECTION('',(-0.707106781187,-1.15E-15,-0.707106781187));
#838 = ORIENTED_EDGE('',*,*,#132,.F.);
#839 = ORIENTED_EDGE('',*,*,#840,.T.);
#840 = EDGE_CURVE('',#133,#841,#843,.T.);
#841 = VERTEX_POINT('',#842);
#842 = CARTESIAN_POINT('',(7.00000000001,6.55,-0.35));
#843 = LINE('',#844,#845);
#844 = CARTESIAN_POINT('',(7.00000000001,6.55,-6.25));
#845 = VECTOR('',#846,1.);
#846 = DIRECTION('',(-3.66E-15,-3.7E-16,1.));
#847 = ORIENTED_EDGE('',*,*,#848,.T.);
#848 = EDGE_CURVE('',#841,#826,#849,.T.);
#849 = LINE('',#850,#851);
#850 = CARTESIAN_POINT('',(7.00000000001,6.55,-0.35));
#851 = VECTOR('',#852,1.);
#852 = DIRECTION('',(1.,-8.9E-16,2.2E-16));
#853 = PLANE('',#854);
#854 = AXIS2_PLACEMENT_3D('',#855,#856,#857);
#855 = CARTESIAN_POINT('',(7.00000000001,6.55,-6.25));
#856 = DIRECTION('',(-1.78E-15,1.,-2.74E-15));
#857 = DIRECTION('',(1.,1.78E-15,3.3E-16));
#858 = ADVANCED_FACE('',(#859),#877,.T.);
#859 = FACE_BOUND('',#860,.F.);
#860 = EDGE_LOOP('',(#861,#862,#870,#876));
#861 = ORIENTED_EDGE('',*,*,#833,.F.);
#862 = ORIENTED_EDGE('',*,*,#863,.T.);
#863 = EDGE_CURVE('',#824,#864,#866,.T.);
#864 = VERTEX_POINT('',#865);
#865 = CARTESIAN_POINT('',(19.,47.5,-5.25));
#866 = LINE('',#867,#868);
#867 = CARTESIAN_POINT('',(19.,6.55,-5.25));
#868 = VECTOR('',#869,1.);
#869 = DIRECTION('',(-6.7E-16,1.,-2.11E-15));
#870 = ORIENTED_EDGE('',*,*,#871,.T.);
#871 = EDGE_CURVE('',#864,#215,#872,.T.);
#872 = LINE('',#873,#874);
#873 = CARTESIAN_POINT('',(15.3125,47.5,-8.9375));
#874 = VECTOR('',#875,1.);
#875 = DIRECTION('',(-0.707106781187,-1.7E-16,-0.707106781187));
#876 = ORIENTED_EDGE('',*,*,#222,.F.);
#877 = PLANE('',#878);
#878 = AXIS2_PLACEMENT_3D('',#879,#880,#881);
#879 = CARTESIAN_POINT('',(18.5,6.55,-5.75));
#880 = DIRECTION('',(0.707106781187,-1.44E-15,-0.707106781187));
#881 = DIRECTION('',(3.667662350914E-16,-1.,2.403233764909E-15));
#882 = ADVANCED_FACE('',(#883),#901,.F.);
#883 = FACE_BOUND('',#884,.F.);
#884 = EDGE_LOOP('',(#885,#886,#894,#900));
#885 = ORIENTED_EDGE('',*,*,#142,.F.);
#886 = ORIENTED_EDGE('',*,*,#887,.T.);
#887 = EDGE_CURVE('',#143,#888,#890,.T.);
#888 = VERTEX_POINT('',#889);
#889 = CARTESIAN_POINT('',(7.00000000001,10.5,-0.35));
#890 = LINE('',#891,#892);
#891 = CARTESIAN_POINT('',(7.00000000001,10.5,-6.25));
#892 = VECTOR('',#893,1.);
#893 = DIRECTION('',(-2.33E-15,7.4E-16,1.));
#894 = ORIENTED_EDGE('',*,*,#895,.T.);
#895 = EDGE_CURVE('',#888,#841,#896,.T.);
#896 = LINE('',#897,#898);
#897 = CARTESIAN_POINT('',(7.00000000001,10.5,-0.35));
#898 = VECTOR('',#899,1.);
#899 = DIRECTION('',(7.4E-16,-1.,1.52E-15));
#900 = ORIENTED_EDGE('',*,*,#840,.F.);
#901 = PLANE('',#902);
#902 = AXIS2_PLACEMENT_3D('',#903,#904,#905);
#903 = CARTESIAN_POINT('',(7.00000000001,10.5,-6.25));
#904 = DIRECTION('',(1.,-4.4E-16,1.44E-15));
#905 = DIRECTION('',(-4.4E-16,-1.,1.85E-15));
#906 = ADVANCED_FACE('',(#907,#949),#960,.T.);
#907 = FACE_BOUND('',#908,.T.);
#908 = EDGE_LOOP('',(#909,#910,#918,#926,#934,#942,#948));
#909 = ORIENTED_EDGE('',*,*,#214,.F.);
#910 = ORIENTED_EDGE('',*,*,#911,.T.);
#911 = EDGE_CURVE('',#207,#912,#914,.T.);
#912 = VERTEX_POINT('',#913);
#913 = CARTESIAN_POINT('',(2.5,47.5,-5.25));
#914 = LINE('',#915,#916);
#915 = CARTESIAN_POINT('',(0.8125,47.5,-3.5625));
#916 = VECTOR('',#917,1.);
#917 = DIRECTION('',(-0.707106781187,1.56E-15,0.707106781187));
#918 = ORIENTED_EDGE('',*,*,#919,.F.);
#919 = EDGE_CURVE('',#920,#912,#922,.T.);
#920 = VERTEX_POINT('',#921);
#921 = CARTESIAN_POINT('',(2.5,47.5,5.25));
#922 = LINE('',#923,#924);
#923 = CARTESIAN_POINT('',(2.5,47.5,6.25));
#924 = VECTOR('',#925,1.);
#925 = DIRECTION('',(2.33E-15,1.44E-15,-1.));
#926 = ORIENTED_EDGE('',*,*,#927,.F.);
#927 = EDGE_CURVE('',#928,#920,#930,.T.);
#928 = VERTEX_POINT('',#929);
#929 = CARTESIAN_POINT('',(3.5,47.5,6.25));
#930 = LINE('',#931,#932);
#931 = CARTESIAN_POINT('',(0.8125,47.5,3.5625));
#932 = VECTOR('',#933,1.);
#933 = DIRECTION('',(-0.707106781187,-1.7E-16,-0.707106781187));
#934 = ORIENTED_EDGE('',*,*,#935,.T.);
#935 = EDGE_CURVE('',#928,#936,#938,.T.);
#936 = VERTEX_POINT('',#937);
#937 = CARTESIAN_POINT('',(19.,47.5,6.25));
#938 = LINE('',#939,#940);
#939 = CARTESIAN_POINT('',(-19.,47.5,6.25));
#940 = VECTOR('',#941,1.);
#941 = DIRECTION('',(1.,-1.55E-15,-6.7E-16));
#942 = ORIENTED_EDGE('',*,*,#943,.F.);
#943 = EDGE_CURVE('',#864,#936,#944,.T.);
#944 = LINE('',#945,#946);
#945 = CARTESIAN_POINT('',(19.,47.5,-6.25));
#946 = VECTOR('',#947,1.);
#947 = DIRECTION('',(-2.33E-15,-1.44E-15,1.));
#948 = ORIENTED_EDGE('',*,*,#871,.T.);
#949 = FACE_BOUND('',#950,.T.);
#950 = EDGE_LOOP('',(#951));
#951 = ORIENTED_EDGE('',*,*,#952,.F.);
#952 = EDGE_CURVE('',#953,#953,#955,.T.);
#953 = VERTEX_POINT('',#954);
#954 = CARTESIAN_POINT('',(10.75,47.5,1.));
#955 = CIRCLE('',#956,1.);
#956 = AXIS2_PLACEMENT_3D('',#957,#958,#959);
#957 = CARTESIAN_POINT('',(10.75,47.5,-1.373E-14));
#958 = DIRECTION('',(8.9E-16,1.,1.44E-15));
#959 = DIRECTION('',(-2.33E-15,-1.44E-15,1.));
#960 = PLANE('',#961);
#961 = AXIS2_PLACEMENT_3D('',#962,#963,#964);
#962 = CARTESIAN_POINT('',(-1.0575E-13,47.5,-1.1385E-13));
#963 = DIRECTION('',(-1.46E-15,1.,-1.67E-15));
#964 = DIRECTION('',(1.,1.46E-15,-7.8E-16));
#965 = ADVANCED_FACE('',(#966),#984,.F.);
#966 = FACE_BOUND('',#967,.F.);
#967 = EDGE_LOOP('',(#968,#976,#982,#983));
#968 = ORIENTED_EDGE('',*,*,#969,.T.);
#969 = EDGE_CURVE('',#151,#970,#972,.T.);
#970 = VERTEX_POINT('',#971);
#971 = CARTESIAN_POINT('',(-7.00000000001,10.5,-0.35));
#972 = LINE('',#973,#974);
#973 = CARTESIAN_POINT('',(-7.00000000001,10.5,-6.25));
#974 = VECTOR('',#975,1.);
#975 = DIRECTION('',(-2.33E-15,7.4E-16,1.));
#976 = ORIENTED_EDGE('',*,*,#977,.T.);
#977 = EDGE_CURVE('',#970,#888,#978,.T.);
#978 = LINE('',#979,#980);
#979 = CARTESIAN_POINT('',(-7.00000000001,10.5,-0.35));
#980 = VECTOR('',#981,1.);
#981 = DIRECTION('',(1.,-5.9E-16,7.8E-16));
#982 = ORIENTED_EDGE('',*,*,#887,.F.);
#983 = ORIENTED_EDGE('',*,*,#150,.F.);
#984 = PLANE('',#985);
#985 = AXIS2_PLACEMENT_3D('',#986,#987,#988);
#986 = CARTESIAN_POINT('',(-7.00000000001,10.5,-6.25));
#987 = DIRECTION('',(-2.2E-16,1.,-1.63E-15));
#988 = DIRECTION('',(1.,2.2E-16,1.22E-15));
#989 = ADVANCED_FACE('',(#990),#1008,.F.);
#990 = FACE_BOUND('',#991,.T.);
#991 = EDGE_LOOP('',(#992,#993,#994,#1002));
#992 = ORIENTED_EDGE('',*,*,#911,.F.);
#993 = ORIENTED_EDGE('',*,*,#206,.T.);
#994 = ORIENTED_EDGE('',*,*,#995,.T.);
#995 = EDGE_CURVE('',#199,#996,#998,.T.);
#996 = VERTEX_POINT('',#997);
#997 = CARTESIAN_POINT('',(2.5,41.5,-5.25));
#998 = LINE('',#999,#1000);
#999 = CARTESIAN_POINT('',(0.8125,41.5,-3.5625));
#1000 = VECTOR('',#1001,1.);
#1001 = DIRECTION('',(-0.707106781187,1.02E-15,0.707106781187));
#1002 = ORIENTED_EDGE('',*,*,#1003,.F.);
#1003 = EDGE_CURVE('',#912,#996,#1004,.T.);
#1004 = LINE('',#1005,#1006);
#1005 = CARTESIAN_POINT('',(2.5,47.5,-5.25));
#1006 = VECTOR('',#1007,1.);
#1007 = DIRECTION('',(6.7E-16,-1.,2.33E-15));
#1008 = PLANE('',#1009);
#1009 = AXIS2_PLACEMENT_3D('',#1010,#1011,#1012);
#1010 = CARTESIAN_POINT('',(3.,47.5,-5.75));
#1011 = DIRECTION('',(0.707106781187,-4.3E-16,0.707106781187));
#1012 = DIRECTION('',(1.13405591591E-15,1.,-5.259440840898E-16));
#1013 = ADVANCED_FACE('',(#1014),#1032,.F.);
#1014 = FACE_BOUND('',#1015,.F.);
#1015 = EDGE_LOOP('',(#1016,#1017,#1025,#1031));
#1016 = ORIENTED_EDGE('',*,*,#158,.F.);
#1017 = ORIENTED_EDGE('',*,*,#1018,.T.);
#1018 = EDGE_CURVE('',#159,#1019,#1021,.T.);
#1019 = VERTEX_POINT('',#1020);
#1020 = CARTESIAN_POINT('',(-7.,6.55,-0.35));
#1021 = LINE('',#1022,#1023);
#1022 = CARTESIAN_POINT('',(-7.,6.55,-6.25));
#1023 = VECTOR('',#1024,1.);
#1024 = DIRECTION('',(-3.66E-15,-3.7E-16,1.));
#1025 = ORIENTED_EDGE('',*,*,#1026,.T.);
#1026 = EDGE_CURVE('',#1019,#970,#1027,.T.);
#1027 = LINE('',#1028,#1029);
#1028 = CARTESIAN_POINT('',(-7.00000000001,-10.5,-0.35));
#1029 = VECTOR('',#1030,1.);
#1030 = DIRECTION('',(-7.4E-16,1.,-1.52E-15));
#1031 = ORIENTED_EDGE('',*,*,#969,.F.);
#1032 = PLANE('',#1033);
#1033 = AXIS2_PLACEMENT_3D('',#1034,#1035,#1036);
#1034 = CARTESIAN_POINT('',(-7.00000000001,-10.5,-6.25));
#1035 = DIRECTION('',(-1.,4.4E-16,-1.44E-15));
#1036 = DIRECTION('',(4.4E-16,1.,-1.85E-15));
#1037 = ADVANCED_FACE('',(#1038),#1088,.T.);
#1038 = FACE_BOUND('',#1039,.T.);
#1039 = EDGE_LOOP('',(#1040,#1048,#1049,#1050,#1058,#1066,#1074,#1082));
#1040 = ORIENTED_EDGE('',*,*,#1041,.T.);
#1041 = EDGE_CURVE('',#1042,#996,#1044,.T.);
#1042 = VERTEX_POINT('',#1043);
#1043 = CARTESIAN_POINT('',(2.5,41.5,5.25));
#1044 = LINE('',#1045,#1046);
#1045 = CARTESIAN_POINT('',(2.5,41.5,6.25));
#1046 = VECTOR('',#1047,1.);
#1047 = DIRECTION('',(2.33E-15,1.44E-15,-1.));
#1048 = ORIENTED_EDGE('',*,*,#995,.F.);
#1049 = ORIENTED_EDGE('',*,*,#198,.F.);
#1050 = ORIENTED_EDGE('',*,*,#1051,.T.);
#1051 = EDGE_CURVE('',#191,#1052,#1054,.T.);
#1052 = VERTEX_POINT('',#1053);
#1053 = CARTESIAN_POINT('',(-2.5,41.5,-5.25));
#1054 = LINE('',#1055,#1056);
#1055 = CARTESIAN_POINT('',(-0.8125,41.5,-3.5625));
#1056 = VECTOR('',#1057,1.);
#1057 = DIRECTION('',(0.707106781187,7.1E-16,0.707106781187));
#1058 = ORIENTED_EDGE('',*,*,#1059,.T.);
#1059 = EDGE_CURVE('',#1052,#1060,#1062,.T.);
#1060 = VERTEX_POINT('',#1061);
#1061 = CARTESIAN_POINT('',(-2.5,41.5,5.25));
#1062 = LINE('',#1063,#1064);
#1063 = CARTESIAN_POINT('',(-2.5,41.5,-6.25));
#1064 = VECTOR('',#1065,1.);
#1065 = DIRECTION('',(-2.33E-15,-1.44E-15,1.));
#1066 = ORIENTED_EDGE('',*,*,#1067,.F.);
#1067 = EDGE_CURVE('',#1068,#1060,#1070,.T.);
#1068 = VERTEX_POINT('',#1069);
#1069 = CARTESIAN_POINT('',(-3.5,41.5,6.25));
#1070 = LINE('',#1071,#1072);
#1071 = CARTESIAN_POINT('',(-0.8125,41.5,3.5625));
#1072 = VECTOR('',#1073,1.);
#1073 = DIRECTION('',(0.707106781187,-1.02E-15,-0.707106781187));
#1074 = ORIENTED_EDGE('',*,*,#1075,.T.);
#1075 = EDGE_CURVE('',#1068,#1076,#1078,.T.);
#1076 = VERTEX_POINT('',#1077);
#1077 = CARTESIAN_POINT('',(3.5,41.5,6.25));
#1078 = LINE('',#1079,#1080);
#1079 = CARTESIAN_POINT('',(-1.089E-14,41.5,6.25));
#1080 = VECTOR('',#1081,1.);
#1081 = DIRECTION('',(1.,-3.3E-16,1.67E-15));
#1082 = ORIENTED_EDGE('',*,*,#1083,.T.);
#1083 = EDGE_CURVE('',#1076,#1042,#1084,.T.);
#1084 = LINE('',#1085,#1086);
#1085 = CARTESIAN_POINT('',(0.8125,41.5,3.5625));
#1086 = VECTOR('',#1087,1.);
#1087 = DIRECTION('',(-0.707106781187,-7.1E-16,-0.707106781187));
#1088 = PLANE('',#1089);
#1089 = AXIS2_PLACEMENT_3D('',#1090,#1091,#1092);
#1090 = CARTESIAN_POINT('',(-3.730349362741E-14,41.5,-1.1398E-13));
#1091 = DIRECTION('',(-2.22E-15,1.,-1.67E-15));
#1092 = DIRECTION('',(-2.33E-15,1.67E-15,1.));
#1093 = ADVANCED_FACE('',(#1094),#1120,.F.);
#1094 = FACE_BOUND('',#1095,.F.);
#1095 = EDGE_LOOP('',(#1096,#1106,#1112,#1113,#1114));
#1096 = ORIENTED_EDGE('',*,*,#1097,.T.);
#1097 = EDGE_CURVE('',#1098,#1100,#1102,.T.);
#1098 = VERTEX_POINT('',#1099);
#1099 = CARTESIAN_POINT('',(-19.,6.55,-5.25));
#1100 = VERTEX_POINT('',#1101);
#1101 = CARTESIAN_POINT('',(-19.,6.55,-0.35));
#1102 = LINE('',#1103,#1104);
#1103 = CARTESIAN_POINT('',(-19.,6.55,-6.25));
#1104 = VECTOR('',#1105,1.);
#1105 = DIRECTION('',(-3.66E-15,-3.7E-16,1.));
#1106 = ORIENTED_EDGE('',*,*,#1107,.T.);
#1107 = EDGE_CURVE('',#1100,#1019,#1108,.T.);
#1108 = LINE('',#1109,#1110);
#1109 = CARTESIAN_POINT('',(-19.,6.55,-0.35));
#1110 = VECTOR('',#1111,1.);
#1111 = DIRECTION('',(1.,-8.9E-16,2.2E-16));
#1112 = ORIENTED_EDGE('',*,*,#1018,.F.);
#1113 = ORIENTED_EDGE('',*,*,#166,.F.);
#1114 = ORIENTED_EDGE('',*,*,#1115,.F.);
#1115 = EDGE_CURVE('',#1098,#167,#1116,.T.);
#1116 = LINE('',#1117,#1118);
#1117 = CARTESIAN_POINT('',(-18.5,6.55,-5.75));
#1118 = VECTOR('',#1119,1.);
#1119 = DIRECTION('',(0.707106781187,-2.09E-15,-0.707106781187));
#1120 = PLANE('',#1121);
#1121 = AXIS2_PLACEMENT_3D('',#1122,#1123,#1124);
#1122 = CARTESIAN_POINT('',(-19.,6.55,-6.25));
#1123 = DIRECTION('',(-1.78E-15,1.,-2.74E-15));
#1124 = DIRECTION('',(1.,1.78E-15,3.3E-16));
#1125 = ADVANCED_FACE('',(#1126),#1144,.T.);
#1126 = FACE_BOUND('',#1127,.T.);
#1127 = EDGE_LOOP('',(#1128,#1129,#1137,#1143));
#1128 = ORIENTED_EDGE('',*,*,#1115,.F.);
#1129 = ORIENTED_EDGE('',*,*,#1130,.T.);
#1130 = EDGE_CURVE('',#1098,#1131,#1133,.T.);
#1131 = VERTEX_POINT('',#1132);
#1132 = CARTESIAN_POINT('',(-19.,47.5,-5.25));
#1133 = LINE('',#1134,#1135);
#1134 = CARTESIAN_POINT('',(-19.,6.55,-5.25));
#1135 = VECTOR('',#1136,1.);
#1136 = DIRECTION('',(-6.7E-16,1.,-2.11E-15));
#1137 = ORIENTED_EDGE('',*,*,#1138,.T.);
#1138 = EDGE_CURVE('',#1131,#175,#1139,.T.);
#1139 = LINE('',#1140,#1141);
#1140 = CARTESIAN_POINT('',(-15.3125,47.5,-8.9375));
#1141 = VECTOR('',#1142,1.);
#1142 = DIRECTION('',(0.707106781187,-1.56E-15,-0.707106781187));
#1143 = ORIENTED_EDGE('',*,*,#174,.F.);
#1144 = PLANE('',#1145);
#1145 = AXIS2_PLACEMENT_3D('',#1146,#1147,#1148);
#1146 = CARTESIAN_POINT('',(-18.5,6.55,-5.75));
#1147 = DIRECTION('',(-0.707106781187,3.9E-16,-0.707106781187));
#1148 = DIRECTION('',(9.957716446628E-16,1.,-4.442283553372E-16));
#1149 = ADVANCED_FACE('',(#1150,#1192),#1203,.T.);
#1150 = FACE_BOUND('',#1151,.T.);
#1151 = EDGE_LOOP('',(#1152,#1153,#1154,#1162,#1170,#1178,#1186));
#1152 = ORIENTED_EDGE('',*,*,#182,.F.);
#1153 = ORIENTED_EDGE('',*,*,#1138,.F.);
#1154 = ORIENTED_EDGE('',*,*,#1155,.T.);
#1155 = EDGE_CURVE('',#1131,#1156,#1158,.T.);
#1156 = VERTEX_POINT('',#1157);
#1157 = CARTESIAN_POINT('',(-19.,47.5,6.25));
#1158 = LINE('',#1159,#1160);
#1159 = CARTESIAN_POINT('',(-19.,47.5,-6.25));
#1160 = VECTOR('',#1161,1.);
#1161 = DIRECTION('',(-2.33E-15,-1.44E-15,1.));
#1162 = ORIENTED_EDGE('',*,*,#1163,.T.);
#1163 = EDGE_CURVE('',#1156,#1164,#1166,.T.);
#1164 = VERTEX_POINT('',#1165);
#1165 = CARTESIAN_POINT('',(-3.5,47.5,6.25));
#1166 = LINE('',#1167,#1168);
#1167 = CARTESIAN_POINT('',(-19.,47.5,6.25));
#1168 = VECTOR('',#1169,1.);
#1169 = DIRECTION('',(1.,-1.55E-15,-6.7E-16));
#1170 = ORIENTED_EDGE('',*,*,#1171,.T.);
#1171 = EDGE_CURVE('',#1164,#1172,#1174,.T.);
#1172 = VERTEX_POINT('',#1173);
#1173 = CARTESIAN_POINT('',(-2.5,47.5,5.25));
#1174 = LINE('',#1175,#1176);
#1175 = CARTESIAN_POINT('',(-0.8125,47.5,3.5625));
#1176 = VECTOR('',#1177,1.);
#1177 = DIRECTION('',(0.707106781187,-1.56E-15,-0.707106781187));
#1178 = ORIENTED_EDGE('',*,*,#1179,.F.);
#1179 = EDGE_CURVE('',#1180,#1172,#1182,.T.);
#1180 = VERTEX_POINT('',#1181);
#1181 = CARTESIAN_POINT('',(-2.5,47.5,-5.25));
#1182 = LINE('',#1183,#1184);
#1183 = CARTESIAN_POINT('',(-2.5,47.5,-6.25));
#1184 = VECTOR('',#1185,1.);
#1185 = DIRECTION('',(-2.33E-15,-1.44E-15,1.));
#1186 = ORIENTED_EDGE('',*,*,#1187,.F.);
#1187 = EDGE_CURVE('',#183,#1180,#1188,.T.);
#1188 = LINE('',#1189,#1190);
#1189 = CARTESIAN_POINT('',(-0.8125,47.5,-3.5625));
#1190 = VECTOR('',#1191,1.);
#1191 = DIRECTION('',(0.707106781187,1.7E-16,0.707106781187));
#1192 = FACE_BOUND('',#1193,.T.);
#1193 = EDGE_LOOP('',(#1194));
#1194 = ORIENTED_EDGE('',*,*,#1195,.F.);
#1195 = EDGE_CURVE('',#1196,#1196,#1198,.T.);
#1196 = VERTEX_POINT('',#1197);
#1197 = CARTESIAN_POINT('',(-10.75,47.5,1.));
#1198 = CIRCLE('',#1199,1.);
#1199 = AXIS2_PLACEMENT_3D('',#1200,#1201,#1202);
#1200 = CARTESIAN_POINT('',(-10.75,47.5,2.98E-15));
#1201 = DIRECTION('',(8.9E-16,1.,1.44E-15));
#1202 = DIRECTION('',(-2.33E-15,-1.44E-15,1.));
#1203 = PLANE('',#1204);
#1204 = AXIS2_PLACEMENT_3D('',#1205,#1206,#1207);
#1205 = CARTESIAN_POINT('',(-1.0575E-13,47.5,-1.1385E-13));
#1206 = DIRECTION('',(-1.46E-15,1.,-1.67E-15));
#1207 = DIRECTION('',(1.,1.46E-15,-7.8E-16));
#1208 = ADVANCED_FACE('',(#1209),#1220,.F.);
#1209 = FACE_BOUND('',#1210,.F.);
#1210 = EDGE_LOOP('',(#1211,#1212,#1213,#1214));
#1211 = ORIENTED_EDGE('',*,*,#1187,.F.);
#1212 = ORIENTED_EDGE('',*,*,#190,.T.);
#1213 = ORIENTED_EDGE('',*,*,#1051,.T.);
#1214 = ORIENTED_EDGE('',*,*,#1215,.F.);
#1215 = EDGE_CURVE('',#1180,#1052,#1216,.T.);
#1216 = LINE('',#1217,#1218);
#1217 = CARTESIAN_POINT('',(-2.5,47.5,-5.25));
#1218 = VECTOR('',#1219,1.);
#1219 = DIRECTION('',(6.7E-16,-1.,2.33E-15));
#1220 = PLANE('',#1221);
#1221 = AXIS2_PLACEMENT_3D('',#1222,#1223,#1224);
#1222 = CARTESIAN_POINT('',(-3.,47.5,-5.75));
#1223 = DIRECTION('',(-0.707106781187,1.45E-15,0.707106781187));
#1224 = DIRECTION('',(4.696951672795E-16,-1.,2.52030483272E-15));
#1225 = ADVANCED_FACE('',(#1226),#1245,.F.);
#1226 = FACE_BOUND('',#1227,.T.);
#1227 = EDGE_LOOP('',(#1228,#1236,#1237,#1238));
#1228 = ORIENTED_EDGE('',*,*,#1229,.F.);
#1229 = EDGE_CURVE('',#231,#1230,#1232,.T.);
#1230 = VERTEX_POINT('',#1231);
#1231 = CARTESIAN_POINT('',(12.5,34.6,-4.45));
#1232 = LINE('',#1233,#1234);
#1233 = CARTESIAN_POINT('',(12.5,34.6,-4.45));
#1234 = VECTOR('',#1235,1.);
#1235 = DIRECTION('',(-2.51E-15,-0.627329537873,0.778753909083));
#1236 = ORIENTED_EDGE('',*,*,#230,.T.);
#1237 = ORIENTED_EDGE('',*,*,#1229,.T.);
#1238 = ORIENTED_EDGE('',*,*,#1239,.F.);
#1239 = EDGE_CURVE('',#1230,#1230,#1240,.T.);
#1240 = CIRCLE('',#1241,1.6);
#1241 = AXIS2_PLACEMENT_3D('',#1242,#1243,#1244);
#1242 = CARTESIAN_POINT('',(12.5,33.,-4.45));
#1243 = DIRECTION('',(-3.3E-16,-2.41E-15,-1.));
#1244 = DIRECTION('',(1.67E-15,1.,-2.41E-15));
#1245 = CONICAL_SURFACE('',#1246,1.6,0.678119307749);
#1246 = AXIS2_PLACEMENT_3D('',#1247,#1248,#1249);
#1247 = CARTESIAN_POINT('',(12.5,33.,-4.45));
#1248 = DIRECTION('',(1.89E-15,-1.9E-16,-1.));
#1249 = DIRECTION('',(1.67E-15,1.,-1.9E-16));
#1250 = ADVANCED_FACE('',(#1251),#1270,.F.);
#1251 = FACE_BOUND('',#1252,.T.);
#1252 = EDGE_LOOP('',(#1253,#1261,#1262,#1263));
#1253 = ORIENTED_EDGE('',*,*,#1254,.F.);
#1254 = EDGE_CURVE('',#242,#1255,#1257,.T.);
#1255 = VERTEX_POINT('',#1256);
#1256 = CARTESIAN_POINT('',(-12.5,34.6,-4.45));
#1257 = LINE('',#1258,#1259);
#1258 = CARTESIAN_POINT('',(-12.5,34.6,-4.45));
#1259 = VECTOR('',#1260,1.);
#1260 = DIRECTION('',(-5.3E-15,-0.627329537873,0.778753909083));
#1261 = ORIENTED_EDGE('',*,*,#241,.T.);
#1262 = ORIENTED_EDGE('',*,*,#1254,.T.);
#1263 = ORIENTED_EDGE('',*,*,#1264,.F.);
#1264 = EDGE_CURVE('',#1255,#1255,#1265,.T.);
#1265 = CIRCLE('',#1266,1.6);
#1266 = AXIS2_PLACEMENT_3D('',#1267,#1268,#1269);
#1267 = CARTESIAN_POINT('',(-12.5,33.,-4.45));
#1268 = DIRECTION('',(-3.3E-16,-2.41E-15,-1.));
#1269 = DIRECTION('',(6.11E-15,1.,-2.41E-15));
#1270 = CONICAL_SURFACE('',#1271,1.6,0.678119307749);
#1271 = AXIS2_PLACEMENT_3D('',#1272,#1273,#1274);
#1272 = CARTESIAN_POINT('',(-12.5,33.,-4.45));
#1273 = DIRECTION('',(1.89E-15,-1.9E-16,-1.));
#1274 = DIRECTION('',(6.11E-15,1.,-1.9E-16));
#1275 = ADVANCED_FACE('',(#1276),#1355,.F.);
#1276 = FACE_BOUND('',#1277,.T.);
#1277 = EDGE_LOOP('',(#1278,#1289,#1295,#1296));
#1278 = ORIENTED_EDGE('',*,*,#1279,.F.);
#1279 = EDGE_CURVE('',#1280,#1282,#1284,.T.);
#1280 = VERTEX_POINT('',#1281);
#1281 = CARTESIAN_POINT('',(-8.7,39.6,-5.25));
#1282 = VERTEX_POINT('',#1283);
#1283 = CARTESIAN_POINT('',(-8.77826093385,39.593837246705,
    -5.256162637565));
#1284 = ELLIPSE('',#1285,0.707106781187,0.5);
#1285 = AXIS2_PLACEMENT_3D('',#1286,#1287,#1288);
#1286 = CARTESIAN_POINT('',(-8.7,39.1,-5.75));
#1287 = DIRECTION('',(-1.9E-15,-0.707106781187,0.707106781187));
#1288 = DIRECTION('',(1.09E-15,-0.707106781187,-0.707106781187));
#1289 = ORIENTED_EDGE('',*,*,#1290,.F.);
#1290 = EDGE_CURVE('',#253,#1280,#1291,.T.);
#1291 = LINE('',#1292,#1293);
#1292 = CARTESIAN_POINT('',(-8.666666666667,39.566666666667,
    -5.283333333333));
#1293 = VECTOR('',#1294,1.);
#1294 = DIRECTION('',(-0.57735026919,0.57735026919,0.57735026919));
#1295 = ORIENTED_EDGE('',*,*,#252,.T.);
#1296 = ORIENTED_EDGE('',*,*,#1297,.T.);
#1297 = EDGE_CURVE('',#255,#1282,#1298,.T.);
#1298 = B_SPLINE_CURVE_WITH_KNOTS('',7,(#1299,#1300,#1301,#1302,#1303,
    #1304,#1305,#1306,#1307,#1308,#1309,#1310,#1311,#1312,#1313,#1314,
    #1315,#1316,#1317,#1318,#1319,#1320,#1321,#1322,#1323,#1324,#1325,
    #1326,#1327,#1328,#1329,#1330,#1331,#1332,#1333,#1334,#1335,#1336,
    #1337,#1338,#1339,#1340,#1341,#1342,#1343,#1344,#1345,#1346,#1347,
    #1348,#1349,#1350,#1351,#1352,#1353,#1354),.UNSPECIFIED.,.F.,.F.,(8,
    6,6,6,6,6,6,6,6,8),(0.,0.122090666093,0.222998859914,0.43045596062,
    0.66353912806,0.819992368053,0.911426934037,0.950032735049,
    0.971235356623,1.),.UNSPECIFIED.);
#1299 = CARTESIAN_POINT('',(-8.176816897854,38.6,-6.25));
#1300 = CARTESIAN_POINT('',(-8.190364008771,38.617185500562,
    -6.232814499438));
#1301 = CARTESIAN_POINT('',(-8.203921626383,38.634368062761,
    -6.215631937239));
#1302 = CARTESIAN_POINT('',(-8.217486265779,38.651548659713,
    -6.198451340288));
#1303 = CARTESIAN_POINT('',(-8.231054451165,38.668728263426,
    -6.181271736574));
#1304 = CARTESIAN_POINT('',(-8.244622715864,38.685907844805,
    -6.164092155195));
#1305 = CARTESIAN_POINT('',(-8.258187602318,38.703088373648,
    -6.146911626352));
#1306 = CARTESIAN_POINT('',(-8.282951427168,38.734472145789,
    -6.115527854211));
#1307 = CARTESIAN_POINT('',(-8.294152497272,38.748674786749,
    -6.101325213251));
#1308 = CARTESIAN_POINT('',(-8.305346916668,38.762879290487,
    -6.087120709514));
#1309 = CARTESIAN_POINT('',(-8.316532663068,38.777086219157,
    -6.072913780843));
#1310 = CARTESIAN_POINT('',(-8.327707647631,38.791296148114,
    -6.058703851886));
#1311 = CARTESIAN_POINT('',(-8.338869714959,38.80550966591,
    -6.04449033409));
#1312 = CARTESIAN_POINT('',(-8.372933606598,38.848957553216,
    -6.001042446784));
#1313 = CARTESIAN_POINT('',(-8.395786499047,38.878205293026,
    -5.971794706974));
#1314 = CARTESIAN_POINT('',(-8.41855563057,38.907476155983,
    -5.942523844017));
#1315 = CARTESIAN_POINT('',(-8.441219874149,38.936775714325,
    -5.913224285675));
#1316 = CARTESIAN_POINT('',(-8.463754889565,38.966110016693,
    -5.883889983307));
#1317 = CARTESIAN_POINT('',(-8.48613134734,38.995486054548,
    -5.854513945452));
#1318 = CARTESIAN_POINT('',(-8.533234957861,39.057973260628,
    -5.792026739372));
#1319 = CARTESIAN_POINT('',(-8.557908459424,39.091094801161,
    -5.758905198839));
#1320 = CARTESIAN_POINT('',(-8.582286042502,39.124291887543,
    -5.725708112457));
#1321 = CARTESIAN_POINT('',(-8.606299901112,39.157579483042,
    -5.692420516959));
#1322 = CARTESIAN_POINT('',(-8.629866887542,39.190971639785,
    -5.659028360215));
#1323 = CARTESIAN_POINT('',(-8.65286803859,39.224486067883,
    -5.625513932117));
#1324 = CARTESIAN_POINT('',(-8.690027481981,39.280753230355,
    -5.569246769645));
#1325 = CARTESIAN_POINT('',(-8.704600699142,39.303412276773,
    -5.546587723227));
#1326 = CARTESIAN_POINT('',(-8.718766354874,39.326150005556,
    -5.523849994444));
#1327 = CARTESIAN_POINT('',(-8.732447289007,39.348977278799,
    -5.501022721201));
#1328 = CARTESIAN_POINT('',(-8.745517579315,39.371900117086,
    -5.478099882914));
#1329 = CARTESIAN_POINT('',(-8.75782033924,39.394918071982,
    -5.455081928018));
#1330 = CARTESIAN_POINT('',(-8.775577400207,39.431557342511,
    -5.41844265749));
#1331 = CARTESIAN_POINT('',(-8.78174460063,39.445090802593,
    -5.404909197407));
#1332 = CARTESIAN_POINT('',(-8.787471756663,39.458661737447,
    -5.391338262553));
#1333 = CARTESIAN_POINT('',(-8.792674269755,39.472270475047,
    -5.377729524953));
#1334 = CARTESIAN_POINT('',(-8.797210645138,39.48589775318,
    -5.36410224682));
#1335 = CARTESIAN_POINT('',(-8.800906215242,39.499506110536,
    -5.350493889464));
#1336 = CARTESIAN_POINT('',(-8.804458769066,39.518752391475,
    -5.331247608525));
#1337 = CARTESIAN_POINT('',(-8.805299073886,39.524447796962,
    -5.325552203038));
#1338 = CARTESIAN_POINT('',(-8.805898432517,39.530121367009,
    -5.319878632992));
#1339 = CARTESIAN_POINT('',(-8.806223797713,39.53576359905,
    -5.31423640095));
#1340 = CARTESIAN_POINT('',(-8.806234010514,39.541358667771,
    -5.308641332229));
#1341 = CARTESIAN_POINT('',(-8.80587815103,39.546884113571,
    -5.303115886429));
#1342 = CARTESIAN_POINT('',(-8.80466316622,39.555290763873,
    -5.294709236127));
#1343 = CARTESIAN_POINT('',(-8.804103297816,39.558240176669,
    -5.291759823331));
#1344 = CARTESIAN_POINT('',(-8.803404163368,39.561153603759,
    -5.288846396241));
#1345 = CARTESIAN_POINT('',(-8.80255457747,39.564024067007,
    -5.285975932993));
#1346 = CARTESIAN_POINT('',(-8.801542878789,39.56684297029,
    -5.28315702971));
#1347 = CARTESIAN_POINT('',(-8.800357518915,39.569600293991,
    -5.28039970601));
#1348 = CARTESIAN_POINT('',(-8.797129213274,39.575926723834,
    -5.274073276166));
#1349 = CARTESIAN_POINT('',(-8.794929699934,39.579437176609,
    -5.270562823391));
#1350 = CARTESIAN_POINT('',(-8.792364581235,39.58278335842,
    -5.26721664158));
#1351 = CARTESIAN_POINT('',(-8.789413541761,39.585928868436,
    -5.264071131565));
#1352 = CARTESIAN_POINT('',(-8.78606784458,39.588838183406,
    -5.261161816594));
#1353 = CARTESIAN_POINT('',(-8.782337695202,39.591481146679,
    -5.258518853322));
#1354 = CARTESIAN_POINT('',(-8.778259605533,39.59383745721,
    -5.25616254279));
#1355 = PLANE('',#1356);
#1356 = AXIS2_PLACEMENT_3D('',#1357,#1358,#1359);
#1357 = CARTESIAN_POINT('',(-8.7,39.1,-5.75));
#1358 = DIRECTION('',(-1.66E-15,-0.707106781187,0.707106781187));
#1359 = DIRECTION('',(1.,-1.72879725677E-15,6.187972567697E-16));
#1360 = ADVANCED_FACE('',(#1361),#1389,.F.);
#1361 = FACE_BOUND('',#1362,.F.);
#1362 = EDGE_LOOP('',(#1363,#1364,#1383,#1388));
#1363 = ORIENTED_EDGE('',*,*,#1297,.T.);
#1364 = ORIENTED_EDGE('',*,*,#1365,.T.);
#1365 = EDGE_CURVE('',#1282,#1366,#1368,.T.);
#1366 = VERTEX_POINT('',#1367);
#1367 = CARTESIAN_POINT('',(-9.184122918276,39.225,-5.264122529507));
#1368 = B_SPLINE_CURVE_WITH_KNOTS('',7,(#1369,#1370,#1371,#1372,#1373,
    #1374,#1375,#1376,#1377,#1378,#1379,#1380,#1381,#1382),
  .UNSPECIFIED.,.F.,.F.,(8,6,8),(-1.263783705278,-1.234227047737,
    -0.688737339364),.UNSPECIFIED.);
#1369 = CARTESIAN_POINT('',(-8.740598925167,39.599805739341,
    -5.253475458007));
#1370 = CARTESIAN_POINT('',(-8.745979212122,39.598953097535,
    -5.253859340801));
#1371 = CARTESIAN_POINT('',(-8.751359499077,39.59810045573,
    -5.254243223595));
#1372 = CARTESIAN_POINT('',(-8.756739786031,39.597247813925,
    -5.254627106389));
#1373 = CARTESIAN_POINT('',(-8.762120072986,39.59639517212,
    -5.255010989183));
#1374 = CARTESIAN_POINT('',(-8.767500359941,39.595542530315,
    -5.255394871977));
#1375 = CARTESIAN_POINT('',(-8.772880646895,39.59468988851,
    -5.255778754771));
#1376 = CARTESIAN_POINT('',(-8.877558060321,39.57810111927,
    -5.263247474987));
#1377 = CARTESIAN_POINT('',(-8.954397847856,39.542278537254,
    -5.271652628468));
#1378 = CARTESIAN_POINT('',(-9.022429779665,39.498577969582,
    -5.276311798869));
#1379 = CARTESIAN_POINT('',(-9.078343672256,39.444038698132,
    -5.278265658554));
#1380 = CARTESIAN_POINT('',(-9.125319799208,39.381505246067,
    -5.276303580248));
#1381 = CARTESIAN_POINT('',(-9.162192736992,39.309935226894,
    -5.270964388357));
#1382 = CARTESIAN_POINT('',(-9.184122918276,39.225,-5.264122529507));
#1383 = ORIENTED_EDGE('',*,*,#1384,.F.);
#1384 = EDGE_CURVE('',#334,#1366,#1385,.T.);
#1385 = B_SPLINE_CURVE_WITH_KNOTS('',1,(#1386,#1387),.UNSPECIFIED.,.F.,
  .F.,(2,2),(0.,0.545489708373),.PIECEWISE_BEZIER_KNOTS.);
#1386 = CARTESIAN_POINT('',(-8.313943465611,38.446687836487,-6.25));
#1387 = CARTESIAN_POINT('',(-9.184122918276,39.225,-5.264122529507));
#1388 = ORIENTED_EDGE('',*,*,#344,.F.);
#1389 = B_SPLINE_SURFACE_WITH_KNOTS('',1,7,(
    (#1390,#1391,#1392,#1393,#1394,#1395,#1396,#1397,#1398,#1399,#1400
      ,#1401,#1402,#1403)
    ,(#1404,#1405,#1406,#1407,#1408,#1409,#1410,#1411,#1412,#1413,#1414
      ,#1415,#1416,#1417
    )),.UNSPECIFIED.,.F.,.F.,.F.,(2,2),(8,6,8),(0.,0.545489708373),(
    -1.263783705278,-1.234227047737,-0.688737339364),.UNSPECIFIED.);
#1390 = CARTESIAN_POINT('',(-7.924799279311,38.881764263295,-6.25));
#1391 = CARTESIAN_POINT('',(-7.929265611179,38.876770752461,-6.25));
#1392 = CARTESIAN_POINT('',(-7.933456707697,38.872084964105,-6.25));
#1393 = CARTESIAN_POINT('',(-7.937372568864,38.867706898224,-6.25));
#1394 = CARTESIAN_POINT('',(-7.941013194681,38.863636554821,-6.25));
#1395 = CARTESIAN_POINT('',(-7.944378585147,38.859873933894,-6.25));
#1396 = CARTESIAN_POINT('',(-7.947468740263,38.856419035443,-6.25));
#1397 = CARTESIAN_POINT('',(-8.002235060827,38.795188427615,-6.25));
#1398 = CARTESIAN_POINT('',(-8.054186461624,38.73710499576,-6.25));
#1399 = CARTESIAN_POINT('',(-8.106137862421,38.679021563906,-6.25));
#1400 = CARTESIAN_POINT('',(-8.158089263219,38.620938132051,-6.25));
#1401 = CARTESIAN_POINT('',(-8.210040664016,38.562854700196,-6.25));
#1402 = CARTESIAN_POINT('',(-8.261992064814,38.504771268342,-6.25));
#1403 = CARTESIAN_POINT('',(-8.313943465611,38.446687836487,-6.25));
#1404 = CARTESIAN_POINT('',(-8.740598925167,39.599805739341,
    -5.253475458007));
#1405 = CARTESIAN_POINT('',(-8.745979212122,39.598953097535,
    -5.253859340801));
#1406 = CARTESIAN_POINT('',(-8.751359499077,39.59810045573,
    -5.254243223595));
#1407 = CARTESIAN_POINT('',(-8.756739786031,39.597247813925,
    -5.254627106389));
#1408 = CARTESIAN_POINT('',(-8.762120072986,39.59639517212,
    -5.255010989183));
#1409 = CARTESIAN_POINT('',(-8.767500359941,39.595542530315,
    -5.255394871977));
#1410 = CARTESIAN_POINT('',(-8.772880646895,39.59468988851,
    -5.255778754771));
#1411 = CARTESIAN_POINT('',(-8.877558060321,39.57810111927,
    -5.263247474987));
#1412 = CARTESIAN_POINT('',(-8.954397847856,39.542278537254,
    -5.271652628468));
#1413 = CARTESIAN_POINT('',(-9.022429779665,39.498577969582,
    -5.276311798869));
#1414 = CARTESIAN_POINT('',(-9.078343672256,39.444038698132,
    -5.278265658554));
#1415 = CARTESIAN_POINT('',(-9.125319799208,39.381505246067,
    -5.276303580248));
#1416 = CARTESIAN_POINT('',(-9.162192736992,39.309935226894,
    -5.270964388357));
#1417 = CARTESIAN_POINT('',(-9.184122918276,39.225,-5.264122529507));
#1418 = ADVANCED_FACE('',(#1419),#1437,.F.);
#1419 = FACE_BOUND('',#1420,.T.);
#1420 = EDGE_LOOP('',(#1421,#1429,#1430,#1431));
#1421 = ORIENTED_EDGE('',*,*,#1422,.F.);
#1422 = EDGE_CURVE('',#263,#1423,#1425,.T.);
#1423 = VERTEX_POINT('',#1424);
#1424 = CARTESIAN_POINT('',(-8.7,41.4,-5.25));
#1425 = LINE('',#1426,#1427);
#1426 = CARTESIAN_POINT('',(-9.05,41.05,-4.9));
#1427 = VECTOR('',#1428,1.);
#1428 = DIRECTION('',(-0.57735026919,-0.57735026919,0.57735026919));
#1429 = ORIENTED_EDGE('',*,*,#262,.T.);
#1430 = ORIENTED_EDGE('',*,*,#1290,.T.);
#1431 = ORIENTED_EDGE('',*,*,#1432,.F.);
#1432 = EDGE_CURVE('',#1423,#1280,#1433,.T.);
#1433 = LINE('',#1434,#1435);
#1434 = CARTESIAN_POINT('',(-8.7,41.4,-5.25));
#1435 = VECTOR('',#1436,1.);
#1436 = DIRECTION('',(4.4E-16,-1.,1.78E-15));
#1437 = PLANE('',#1438);
#1438 = AXIS2_PLACEMENT_3D('',#1439,#1440,#1441);
#1439 = CARTESIAN_POINT('',(-8.2,41.4,-5.75));
#1440 = DIRECTION('',(0.707106781187,-2.7E-16,0.707106781187));
#1441 = DIRECTION('',(8.609188309204E-16,1.,-4.790811690796E-16));
#1442 = ADVANCED_FACE('',(#1443),#1463,.F.);
#1443 = FACE_BOUND('',#1444,.F.);
#1444 = EDGE_LOOP('',(#1445,#1446,#1457,#1462));
#1445 = ORIENTED_EDGE('',*,*,#1384,.T.);
#1446 = ORIENTED_EDGE('',*,*,#1447,.T.);
#1447 = EDGE_CURVE('',#1366,#1448,#1450,.T.);
#1448 = VERTEX_POINT('',#1449);
#1449 = CARTESIAN_POINT('',(-9.518457684354,38.6,-5.25));
#1450 = B_SPLINE_CURVE_WITH_KNOTS('',5,(#1451,#1452,#1453,#1454,#1455,
    #1456),.UNSPECIFIED.,.F.,.F.,(6,6),(-0.688737339364,0.),
  .PIECEWISE_BEZIER_KNOTS.);
#1451 = CARTESIAN_POINT('',(-9.184122918276,39.225,-5.264122529507));
#1452 = CARTESIAN_POINT('',(-9.222887698379,39.074864652242,
    -5.252028550421));
#1453 = CARTESIAN_POINT('',(-9.278416981143,38.939723931508,
    -5.25024731612));
#1454 = CARTESIAN_POINT('',(-9.346547612088,38.81585419923,
    -5.249915711888));
#1455 = CARTESIAN_POINT('',(-9.426626039105,38.702670900631,-5.25));
#1456 = CARTESIAN_POINT('',(-9.518457684354,38.6,-5.25));
#1457 = ORIENTED_EDGE('',*,*,#1458,.F.);
#1458 = EDGE_CURVE('',#325,#1448,#1459,.T.);
#1459 = B_SPLINE_CURVE_WITH_KNOTS('',1,(#1460,#1461),.UNSPECIFIED.,.F.,
  .F.,(2,2),(0.,0.688737339364),.PIECEWISE_BEZIER_KNOTS.);
#1460 = CARTESIAN_POINT('',(-8.773101691854,37.933333333333,-6.25));
#1461 = CARTESIAN_POINT('',(-9.518457684354,38.6,-5.25));
#1462 = ORIENTED_EDGE('',*,*,#333,.F.);
#1463 = B_SPLINE_SURFACE_WITH_KNOTS('',1,5,(
    (#1464,#1465,#1466,#1467,#1468,#1469)
    ,(#1470,#1471,#1472,#1473,#1474,#1475
    )),.UNSPECIFIED.,.F.,.F.,.F.,(2,2),(6,6),(0.,0.688737339364),(
    -0.688737339364,0.),.PIECEWISE_BEZIER_KNOTS.);
#1464 = CARTESIAN_POINT('',(-8.313943465611,38.446687836487,-6.25));
#1465 = CARTESIAN_POINT('',(-8.40577511086,38.344016935856,-6.25));
#1466 = CARTESIAN_POINT('',(-8.497606756108,38.241346035225,-6.25));
#1467 = CARTESIAN_POINT('',(-8.589438401357,38.138675134595,-6.25));
#1468 = CARTESIAN_POINT('',(-8.681270046605,38.036004233964,-6.25));
#1469 = CARTESIAN_POINT('',(-8.773101691854,37.933333333333,-6.25));
#1470 = CARTESIAN_POINT('',(-9.184122918276,39.225,-5.264122529507));
#1471 = CARTESIAN_POINT('',(-9.222887698379,39.074864652242,
    -5.252028550421));
#1472 = CARTESIAN_POINT('',(-9.278416981143,38.939723931508,
    -5.25024731612));
#1473 = CARTESIAN_POINT('',(-9.346547612088,38.81585419923,
    -5.249915711888));
#1474 = CARTESIAN_POINT('',(-9.426626039105,38.702670900631,-5.25));
#1475 = CARTESIAN_POINT('',(-9.518457684354,38.6,-5.25));
#1476 = ADVANCED_FACE('',(#1477),#1495,.F.);
#1477 = FACE_BOUND('',#1478,.T.);
#1478 = EDGE_LOOP('',(#1479,#1487,#1488,#1489));
#1479 = ORIENTED_EDGE('',*,*,#1480,.F.);
#1480 = EDGE_CURVE('',#271,#1481,#1483,.T.);
#1481 = VERTEX_POINT('',#1482);
#1482 = CARTESIAN_POINT('',(-12.8,41.4,-5.25));
#1483 = LINE('',#1484,#1485);
#1484 = CARTESIAN_POINT('',(-12.83333333333,41.433333333333,
    -5.283333333333));
#1485 = VECTOR('',#1486,1.);
#1486 = DIRECTION('',(0.57735026919,-0.57735026919,0.57735026919));
#1487 = ORIENTED_EDGE('',*,*,#270,.T.);
#1488 = ORIENTED_EDGE('',*,*,#1422,.T.);
#1489 = ORIENTED_EDGE('',*,*,#1490,.F.);
#1490 = EDGE_CURVE('',#1481,#1423,#1491,.T.);
#1491 = LINE('',#1492,#1493);
#1492 = CARTESIAN_POINT('',(-12.8,41.4,-5.25));
#1493 = VECTOR('',#1494,1.);
#1494 = DIRECTION('',(1.,-1.33E-15,2.2E-16));
#1495 = PLANE('',#1496);
#1496 = AXIS2_PLACEMENT_3D('',#1497,#1498,#1499);
#1497 = CARTESIAN_POINT('',(-12.8,41.9,-5.75));
#1498 = DIRECTION('',(-2.09E-15,0.707106781187,0.707106781187));
#1499 = DIRECTION('',(-1.,-7.028531726799E-16,-2.25285317268E-15));
#1500 = ADVANCED_FACE('',(#1501),#1520,.F.);
#1501 = FACE_BOUND('',#1502,.T.);
#1502 = EDGE_LOOP('',(#1503,#1504,#1505,#1513));
#1503 = ORIENTED_EDGE('',*,*,#1458,.F.);
#1504 = ORIENTED_EDGE('',*,*,#324,.T.);
#1505 = ORIENTED_EDGE('',*,*,#1506,.T.);
#1506 = EDGE_CURVE('',#314,#1507,#1509,.T.);
#1507 = VERTEX_POINT('',#1508);
#1508 = CARTESIAN_POINT('',(-11.75452566185,38.6,-5.25));
#1509 = LINE('',#1510,#1511);
#1510 = CARTESIAN_POINT('',(-11.75452566185,38.6,-5.25));
#1511 = VECTOR('',#1512,1.);
#1512 = DIRECTION('',(0.527046276695,0.471404520791,0.707106781187));
#1513 = ORIENTED_EDGE('',*,*,#1514,.F.);
#1514 = EDGE_CURVE('',#1448,#1507,#1515,.T.);
#1515 = CIRCLE('',#1516,1.5);
#1516 = AXIS2_PLACEMENT_3D('',#1517,#1518,#1519);
#1517 = CARTESIAN_POINT('',(-10.6364916731,39.6,-5.25));
#1518 = DIRECTION('',(5.6E-16,-2.85E-15,-1.));
#1519 = DIRECTION('',(0.7453559925,-0.666666666667,2.3173993558E-15));
#1520 = CONICAL_SURFACE('',#1521,1.5,0.785398163397);
#1521 = AXIS2_PLACEMENT_3D('',#1522,#1523,#1524);
#1522 = CARTESIAN_POINT('',(-10.6364916731,39.6,-5.25));
#1523 = DIRECTION('',(1.E-15,-2.41E-15,-1.));
#1524 = DIRECTION('',(0.7453559925,-0.666666666667,2.352022659167E-15));
#1525 = ADVANCED_FACE('',(#1526),#1544,.F.);
#1526 = FACE_BOUND('',#1527,.T.);
#1527 = EDGE_LOOP('',(#1528,#1536,#1537,#1538));
#1528 = ORIENTED_EDGE('',*,*,#1529,.F.);
#1529 = EDGE_CURVE('',#279,#1530,#1532,.T.);
#1530 = VERTEX_POINT('',#1531);
#1531 = CARTESIAN_POINT('',(-12.8,39.6,-5.25));
#1532 = LINE('',#1533,#1534);
#1533 = CARTESIAN_POINT('',(-12.45,39.95,-4.9));
#1534 = VECTOR('',#1535,1.);
#1535 = DIRECTION('',(0.57735026919,0.57735026919,0.57735026919));
#1536 = ORIENTED_EDGE('',*,*,#278,.T.);
#1537 = ORIENTED_EDGE('',*,*,#1480,.T.);
#1538 = ORIENTED_EDGE('',*,*,#1539,.F.);
#1539 = EDGE_CURVE('',#1530,#1481,#1540,.T.);
#1540 = LINE('',#1541,#1542);
#1541 = CARTESIAN_POINT('',(-12.8,39.6,-5.25));
#1542 = VECTOR('',#1543,1.);
#1543 = DIRECTION('',(-4.4E-16,1.,-1.78E-15));
#1544 = PLANE('',#1545);
#1545 = AXIS2_PLACEMENT_3D('',#1546,#1547,#1548);
#1546 = CARTESIAN_POINT('',(-13.3,39.6,-5.75));
#1547 = DIRECTION('',(-0.707106781187,1.31E-15,0.707106781187));
#1548 = DIRECTION('',(1.836901166456E-16,-1.,2.036309883354E-15));
#1549 = ADVANCED_FACE('',(#1550),#1570,.F.);
#1550 = FACE_BOUND('',#1551,.F.);
#1551 = EDGE_LOOP('',(#1552,#1553,#1564,#1569));
#1552 = ORIENTED_EDGE('',*,*,#1506,.T.);
#1553 = ORIENTED_EDGE('',*,*,#1554,.T.);
#1554 = EDGE_CURVE('',#1507,#1555,#1557,.T.);
#1555 = VERTEX_POINT('',#1556);
#1556 = CARTESIAN_POINT('',(-12.08886042793,39.225,-5.264122529507));
#1557 = B_SPLINE_CURVE_WITH_KNOTS('',5,(#1558,#1559,#1560,#1561,#1562,
    #1563),.UNSPECIFIED.,.F.,.F.,(6,6),(2.523206011704,3.211943351068),
  .PIECEWISE_BEZIER_KNOTS.);
#1558 = CARTESIAN_POINT('',(-11.75452566185,38.6,-5.25));
#1559 = CARTESIAN_POINT('',(-11.8463573071,38.702670900631,-5.25));
#1560 = CARTESIAN_POINT('',(-11.92643573411,38.81585419923,
    -5.249915711888));
#1561 = CARTESIAN_POINT('',(-11.99456636506,38.939723931508,
    -5.25024731612));
#1562 = CARTESIAN_POINT('',(-12.05009564782,39.074864652242,
    -5.252028550421));
#1563 = CARTESIAN_POINT('',(-12.08886042793,39.225,-5.264122529507));
#1564 = ORIENTED_EDGE('',*,*,#1565,.F.);
#1565 = EDGE_CURVE('',#295,#1555,#1566,.T.);
#1566 = B_SPLINE_CURVE_WITH_KNOTS('',1,(#1567,#1568),.UNSPECIFIED.,.F.,
  .F.,(2,2),(0.,0.688737339364),.PIECEWISE_BEZIER_KNOTS.);
#1567 = CARTESIAN_POINT('',(-12.95903988059,38.446687836487,-6.25));
#1568 = CARTESIAN_POINT('',(-12.08886042793,39.225,-5.264122529507));
#1569 = ORIENTED_EDGE('',*,*,#313,.F.);
#1570 = B_SPLINE_SURFACE_WITH_KNOTS('',1,5,(
    (#1571,#1572,#1573,#1574,#1575,#1576)
    ,(#1577,#1578,#1579,#1580,#1581,#1582
    )),.UNSPECIFIED.,.F.,.F.,.F.,(2,2),(6,6),(0.,0.688737339364),(
    2.523206011704,3.211943351068),.PIECEWISE_BEZIER_KNOTS.);
#1571 = CARTESIAN_POINT('',(-12.49988165435,37.933333333333,-6.25));
#1572 = CARTESIAN_POINT('',(-12.5917132996,38.036004233964,-6.25));
#1573 = CARTESIAN_POINT('',(-12.68354494485,38.138675134595,-6.25));
#1574 = CARTESIAN_POINT('',(-12.77537659009,38.241346035226,-6.25));
#1575 = CARTESIAN_POINT('',(-12.86720823534,38.344016935856,-6.25));
#1576 = CARTESIAN_POINT('',(-12.95903988059,38.446687836487,-6.25));
#1577 = CARTESIAN_POINT('',(-11.75452566185,38.6,-5.25));
#1578 = CARTESIAN_POINT('',(-11.8463573071,38.702670900631,-5.25));
#1579 = CARTESIAN_POINT('',(-11.92643573411,38.81585419923,
    -5.249915711888));
#1580 = CARTESIAN_POINT('',(-11.99456636506,38.939723931508,
    -5.25024731612));
#1581 = CARTESIAN_POINT('',(-12.05009564782,39.074864652242,
    -5.252028550421));
#1582 = CARTESIAN_POINT('',(-12.08886042793,39.225,-5.264122529507));
#1583 = ADVANCED_FACE('',(#1584),#1664,.F.);
#1584 = FACE_BOUND('',#1585,.T.);
#1585 = EDGE_LOOP('',(#1586,#1587,#1588,#1596,#1605));
#1586 = ORIENTED_EDGE('',*,*,#286,.T.);
#1587 = ORIENTED_EDGE('',*,*,#1529,.T.);
#1588 = ORIENTED_EDGE('',*,*,#1589,.F.);
#1589 = EDGE_CURVE('',#1590,#1530,#1592,.T.);
#1590 = VERTEX_POINT('',#1591);
#1591 = CARTESIAN_POINT('',(-12.5729833462,39.6,-5.25));
#1592 = LINE('',#1593,#1594);
#1593 = CARTESIAN_POINT('',(-8.7,39.6,-5.25));
#1594 = VECTOR('',#1595,1.);
#1595 = DIRECTION('',(-1.,1.33E-15,-2.2E-16));
#1596 = ORIENTED_EDGE('',*,*,#1597,.F.);
#1597 = EDGE_CURVE('',#1598,#1590,#1600,.T.);
#1598 = VERTEX_POINT('',#1599);
#1599 = CARTESIAN_POINT('',(-12.49472241235,39.593837246705,
    -5.256162637565));
#1600 = ELLIPSE('',#1601,0.707106781187,0.5);
#1601 = AXIS2_PLACEMENT_3D('',#1602,#1603,#1604);
#1602 = CARTESIAN_POINT('',(-12.5729833462,39.1,-5.75));
#1603 = DIRECTION('',(-1.9E-15,-0.707106781187,0.707106781187));
#1604 = DIRECTION('',(1.09E-15,-0.707106781187,-0.707106781187));
#1605 = ORIENTED_EDGE('',*,*,#1606,.F.);
#1606 = EDGE_CURVE('',#287,#1598,#1607,.T.);
#1607 = B_SPLINE_CURVE_WITH_KNOTS('',7,(#1608,#1609,#1610,#1611,#1612,
    #1613,#1614,#1615,#1616,#1617,#1618,#1619,#1620,#1621,#1622,#1623,
    #1624,#1625,#1626,#1627,#1628,#1629,#1630,#1631,#1632,#1633,#1634,
    #1635,#1636,#1637,#1638,#1639,#1640,#1641,#1642,#1643,#1644,#1645,
    #1646,#1647,#1648,#1649,#1650,#1651,#1652,#1653,#1654,#1655,#1656,
    #1657,#1658,#1659,#1660,#1661,#1662,#1663),.UNSPECIFIED.,.F.,.F.,(8,
    6,6,6,6,6,6,6,6,8),(0.,0.122090666093,0.222998859913,0.43045596062,
    0.66353912806,0.819992368053,0.911426934037,0.950032735049,
    0.971235356623,1.),.UNSPECIFIED.);
#1608 = CARTESIAN_POINT('',(-13.09616644835,38.6,-6.25));
#1609 = CARTESIAN_POINT('',(-13.08261933743,38.617185500562,
    -6.232814499438));
#1610 = CARTESIAN_POINT('',(-13.06906171982,38.634368062761,
    -6.215631937239));
#1611 = CARTESIAN_POINT('',(-13.05549708042,38.651548659712,
    -6.198451340288));
#1612 = CARTESIAN_POINT('',(-13.04192889504,38.668728263426,
    -6.181271736574));
#1613 = CARTESIAN_POINT('',(-13.02836063034,38.685907844805,
    -6.164092155195));
#1614 = CARTESIAN_POINT('',(-13.01479574389,38.703088373648,
    -6.146911626352));
#1615 = CARTESIAN_POINT('',(-12.99003191904,38.734472145789,
    -6.115527854212));
#1616 = CARTESIAN_POINT('',(-12.97883084893,38.748674786749,
    -6.101325213251));
#1617 = CARTESIAN_POINT('',(-12.96763642954,38.762879290486,
    -6.087120709514));
#1618 = CARTESIAN_POINT('',(-12.95645068313,38.777086219156,
    -6.072913780844));
#1619 = CARTESIAN_POINT('',(-12.94527569857,38.791296148114,
    -6.058703851887));
#1620 = CARTESIAN_POINT('',(-12.93411363124,38.805509665909,
    -6.044490334091));
#1621 = CARTESIAN_POINT('',(-12.90004973961,38.848957553215,
    -6.001042446785));
#1622 = CARTESIAN_POINT('',(-12.87719684716,38.878205293026,
    -5.971794706974));
#1623 = CARTESIAN_POINT('',(-12.85442771563,38.907476155983,
    -5.942523844017));
#1624 = CARTESIAN_POINT('',(-12.83176347205,38.936775714325,
    -5.913224285675));
#1625 = CARTESIAN_POINT('',(-12.80922845664,38.966110016692,
    -5.883889983308));
#1626 = CARTESIAN_POINT('',(-12.78685199886,38.995486054547,
    -5.854513945453));
#1627 = CARTESIAN_POINT('',(-12.73974838834,39.057973260628,
    -5.792026739372));
#1628 = CARTESIAN_POINT('',(-12.71507488678,39.091094801161,
    -5.758905198839));
#1629 = CARTESIAN_POINT('',(-12.6906973037,39.124291887543,
    -5.725708112457));
#1630 = CARTESIAN_POINT('',(-12.66668344509,39.157579483041,
    -5.692420516959));
#1631 = CARTESIAN_POINT('',(-12.64311645866,39.190971639785,
    -5.659028360215));
#1632 = CARTESIAN_POINT('',(-12.62011530761,39.224486067883,
    -5.625513932118));
#1633 = CARTESIAN_POINT('',(-12.58295586422,39.280753230355,
    -5.569246769645));
#1634 = CARTESIAN_POINT('',(-12.56838264706,39.303412276772,
    -5.546587723228));
#1635 = CARTESIAN_POINT('',(-12.55421699133,39.326150005556,
    -5.523849994444));
#1636 = CARTESIAN_POINT('',(-12.5405360572,39.348977278798,
    -5.501022721202));
#1637 = CARTESIAN_POINT('',(-12.52746576689,39.371900117086,
    -5.478099882914));
#1638 = CARTESIAN_POINT('',(-12.51516300696,39.394918071982,
    -5.455081928018));
#1639 = CARTESIAN_POINT('',(-12.497405946,39.43155734251,-5.41844265749)
  );
#1640 = CARTESIAN_POINT('',(-12.49123874557,39.445090802593,
    -5.404909197407));
#1641 = CARTESIAN_POINT('',(-12.48551158954,39.458661737447,
    -5.391338262553));
#1642 = CARTESIAN_POINT('',(-12.48030907645,39.472270475046,
    -5.377729524954));
#1643 = CARTESIAN_POINT('',(-12.47577270106,39.48589775318,
    -5.36410224682));
#1644 = CARTESIAN_POINT('',(-12.47207713096,39.499506110536,
    -5.350493889464));
#1645 = CARTESIAN_POINT('',(-12.46852457714,39.518752391475,
    -5.331247608525));
#1646 = CARTESIAN_POINT('',(-12.46768427232,39.524447796962,
    -5.325552203039));
#1647 = CARTESIAN_POINT('',(-12.46708491369,39.530121367009,
    -5.319878632992));
#1648 = CARTESIAN_POINT('',(-12.46675954849,39.53576359905,
    -5.31423640095));
#1649 = CARTESIAN_POINT('',(-12.46674933569,39.541358667771,
    -5.308641332229));
#1650 = CARTESIAN_POINT('',(-12.46710519517,39.546884113571,
    -5.303115886429));
#1651 = CARTESIAN_POINT('',(-12.46832017998,39.555290763873,
    -5.294709236127));
#1652 = CARTESIAN_POINT('',(-12.46888004839,39.558240176669,
    -5.291759823331));
#1653 = CARTESIAN_POINT('',(-12.46957918283,39.561153603759,
    -5.288846396241));
#1654 = CARTESIAN_POINT('',(-12.47042876873,39.564024067007,
    -5.285975932993));
#1655 = CARTESIAN_POINT('',(-12.47144046741,39.56684297029,
    -5.28315702971));
#1656 = CARTESIAN_POINT('',(-12.47262582729,39.569600293991,
    -5.28039970601));
#1657 = CARTESIAN_POINT('',(-12.47585413293,39.575926723834,
    -5.274073276166));
#1658 = CARTESIAN_POINT('',(-12.47805364627,39.579437176609,
    -5.270562823391));
#1659 = CARTESIAN_POINT('',(-12.48061876497,39.58278335842,
    -5.26721664158));
#1660 = CARTESIAN_POINT('',(-12.48356980444,39.585928868436,
    -5.264071131565));
#1661 = CARTESIAN_POINT('',(-12.48691550162,39.588838183406,
    -5.261161816594));
#1662 = CARTESIAN_POINT('',(-12.490645651,39.591481146679,
    -5.258518853322));
#1663 = CARTESIAN_POINT('',(-12.49472374067,39.59383745721,
    -5.25616254279));
#1664 = PLANE('',#1665);
#1665 = AXIS2_PLACEMENT_3D('',#1666,#1667,#1668);
#1666 = CARTESIAN_POINT('',(-8.7,39.1,-5.75));
#1667 = DIRECTION('',(-1.66E-15,-0.707106781187,0.707106781187));
#1668 = DIRECTION('',(1.,-1.72879725677E-15,6.187972567697E-16));
#1669 = ADVANCED_FACE('',(#1670),#1692,.F.);
#1670 = FACE_BOUND('',#1671,.F.);
#1671 = EDGE_LOOP('',(#1672,#1673,#1690,#1691));
#1672 = ORIENTED_EDGE('',*,*,#1565,.T.);
#1673 = ORIENTED_EDGE('',*,*,#1674,.T.);
#1674 = EDGE_CURVE('',#1555,#1598,#1675,.T.);
#1675 = B_SPLINE_CURVE_WITH_KNOTS('',7,(#1676,#1677,#1678,#1679,#1680,
    #1681,#1682,#1683,#1684,#1685,#1686,#1687,#1688,#1689),
  .UNSPECIFIED.,.F.,.F.,(8,6,8),(3.211943351068,3.757433059441,
    3.786989716981),.UNSPECIFIED.);
#1676 = CARTESIAN_POINT('',(-12.08886042793,39.225,-5.264122529507));
#1677 = CARTESIAN_POINT('',(-12.11079060921,39.309935226894,
    -5.270964388357));
#1678 = CARTESIAN_POINT('',(-12.147663547,39.381505246068,
    -5.276303580248));
#1679 = CARTESIAN_POINT('',(-12.19463967395,39.44403869813,
    -5.278265658553));
#1680 = CARTESIAN_POINT('',(-12.25055356654,39.498577969584,
    -5.276311798869));
#1681 = CARTESIAN_POINT('',(-12.31858549835,39.542278537253,
    -5.271652628467));
#1682 = CARTESIAN_POINT('',(-12.39542528588,39.57810111927,
    -5.263247474987));
#1683 = CARTESIAN_POINT('',(-12.50010269931,39.59468988851,
    -5.255778754771));
#1684 = CARTESIAN_POINT('',(-12.50548298626,39.595542530315,
    -5.255394871977));
#1685 = CARTESIAN_POINT('',(-12.51086327322,39.59639517212,
    -5.255010989183));
#1686 = CARTESIAN_POINT('',(-12.51624356017,39.597247813925,
    -5.254627106389));
#1687 = CARTESIAN_POINT('',(-12.52162384713,39.59810045573,
    -5.254243223595));
#1688 = CARTESIAN_POINT('',(-12.52700413408,39.598953097535,
    -5.253859340801));
#1689 = CARTESIAN_POINT('',(-12.53238442104,39.59980573934,
    -5.253475458007));
#1690 = ORIENTED_EDGE('',*,*,#1606,.F.);
#1691 = ORIENTED_EDGE('',*,*,#294,.F.);
#1692 = B_SPLINE_SURFACE_WITH_KNOTS('',1,7,(
    (#1693,#1694,#1695,#1696,#1697,#1698,#1699,#1700,#1701,#1702,#1703
      ,#1704,#1705,#1706)
    ,(#1707,#1708,#1709,#1710,#1711,#1712,#1713,#1714,#1715,#1716,#1717
      ,#1718,#1719,#1720
    )),.UNSPECIFIED.,.F.,.F.,.F.,(2,2),(8,6,8),(0.,0.545489708373),(
    3.211943351068,3.757433059441,3.786989716981),.UNSPECIFIED.);
#1693 = CARTESIAN_POINT('',(-12.95903988059,38.446687836487,-6.25));
#1694 = CARTESIAN_POINT('',(-13.01099128139,38.504771268342,-6.25));
#1695 = CARTESIAN_POINT('',(-13.06294268219,38.562854700197,-6.25));
#1696 = CARTESIAN_POINT('',(-13.11489408298,38.62093813205,-6.25));
#1697 = CARTESIAN_POINT('',(-13.16684548378,38.679021563906,-6.25));
#1698 = CARTESIAN_POINT('',(-13.21879688458,38.73710499576,-6.25));
#1699 = CARTESIAN_POINT('',(-13.27074828538,38.795188427615,-6.25));
#1700 = CARTESIAN_POINT('',(-13.32551460594,38.856419035443,-6.25));
#1701 = CARTESIAN_POINT('',(-13.32860476106,38.859873933894,-6.25));
#1702 = CARTESIAN_POINT('',(-13.33197015152,38.863636554821,-6.25));
#1703 = CARTESIAN_POINT('',(-13.33561077734,38.867706898224,-6.25));
#1704 = CARTESIAN_POINT('',(-13.33952663851,38.872084964105,-6.25));
#1705 = CARTESIAN_POINT('',(-13.34371773502,38.876770752461,-6.25));
#1706 = CARTESIAN_POINT('',(-13.34818406689,38.881764263295,-6.25));
#1707 = CARTESIAN_POINT('',(-12.08886042793,39.225,-5.264122529507));
#1708 = CARTESIAN_POINT('',(-12.11079060921,39.309935226894,
    -5.270964388357));
#1709 = CARTESIAN_POINT('',(-12.147663547,39.381505246068,
    -5.276303580248));
#1710 = CARTESIAN_POINT('',(-12.19463967395,39.44403869813,
    -5.278265658553));
#1711 = CARTESIAN_POINT('',(-12.25055356654,39.498577969584,
    -5.276311798869));
#1712 = CARTESIAN_POINT('',(-12.31858549835,39.542278537253,
    -5.271652628467));
#1713 = CARTESIAN_POINT('',(-12.39542528588,39.57810111927,
    -5.263247474987));
#1714 = CARTESIAN_POINT('',(-12.50010269931,39.59468988851,
    -5.255778754771));
#1715 = CARTESIAN_POINT('',(-12.50548298626,39.595542530315,
    -5.255394871977));
#1716 = CARTESIAN_POINT('',(-12.51086327322,39.59639517212,
    -5.255010989183));
#1717 = CARTESIAN_POINT('',(-12.51624356017,39.597247813925,
    -5.254627106389));
#1718 = CARTESIAN_POINT('',(-12.52162384713,39.59810045573,
    -5.254243223595));
#1719 = CARTESIAN_POINT('',(-12.52700413408,39.598953097535,
    -5.253859340801));
#1720 = CARTESIAN_POINT('',(-12.53238442104,39.59980573934,
    -5.253475458007));
#1721 = ADVANCED_FACE('',(#1722),#1749,.T.);
#1722 = FACE_BOUND('',#1723,.T.);
#1723 = EDGE_LOOP('',(#1724,#1725,#1726,#1734,#1743));
#1724 = ORIENTED_EDGE('',*,*,#369,.T.);
#1725 = ORIENTED_EDGE('',*,*,#463,.T.);
#1726 = ORIENTED_EDGE('',*,*,#1727,.T.);
#1727 = EDGE_CURVE('',#464,#1728,#1730,.T.);
#1728 = VERTEX_POINT('',#1729);
#1729 = CARTESIAN_POINT('',(12.202368754832,39.225,2.35));
#1730 = LINE('',#1731,#1732);
#1731 = CARTESIAN_POINT('',(12.202368754832,39.225,-6.25));
#1732 = VECTOR('',#1733,1.);
#1733 = DIRECTION('',(-2.33E-15,1.07E-15,1.));
#1734 = ORIENTED_EDGE('',*,*,#1735,.T.);
#1735 = EDGE_CURVE('',#1728,#1736,#1738,.T.);
#1736 = VERTEX_POINT('',#1737);
#1737 = CARTESIAN_POINT('',(12.686491673112,39.6,2.35));
#1738 = CIRCLE('',#1739,0.5);
#1739 = AXIS2_PLACEMENT_3D('',#1740,#1741,#1742);
#1740 = CARTESIAN_POINT('',(12.686491673112,39.1,2.35));
#1741 = DIRECTION('',(1.22E-15,-2.07E-15,-1.));
#1742 = DIRECTION('',(-5.2E-16,1.,-2.07E-15));
#1743 = ORIENTED_EDGE('',*,*,#1744,.F.);
#1744 = EDGE_CURVE('',#370,#1736,#1745,.T.);
#1745 = LINE('',#1746,#1747);
#1746 = CARTESIAN_POINT('',(12.686491673112,39.6,-6.25));
#1747 = VECTOR('',#1748,1.);
#1748 = DIRECTION('',(-2.33E-15,1.07E-15,1.));
#1749 = CYLINDRICAL_SURFACE('',#1750,0.5);
#1750 = AXIS2_PLACEMENT_3D('',#1751,#1752,#1753);
#1751 = CARTESIAN_POINT('',(12.686491673112,39.1,-6.25));
#1752 = DIRECTION('',(2.11E-15,-1.3E-15,-1.));
#1753 = DIRECTION('',(-1.1E-16,1.,-1.3E-15));
#1754 = ADVANCED_FACE('',(#1755),#1773,.F.);
#1755 = FACE_BOUND('',#1756,.F.);
#1756 = EDGE_LOOP('',(#1757,#1758,#1766,#1772));
#1757 = ORIENTED_EDGE('',*,*,#380,.F.);
#1758 = ORIENTED_EDGE('',*,*,#1759,.T.);
#1759 = EDGE_CURVE('',#381,#1760,#1762,.T.);
#1760 = VERTEX_POINT('',#1761);
#1761 = CARTESIAN_POINT('',(12.8,39.6,2.35));
#1762 = LINE('',#1763,#1764);
#1763 = CARTESIAN_POINT('',(12.8,39.6,-6.25));
#1764 = VECTOR('',#1765,1.);
#1765 = DIRECTION('',(-2.E-15,-1.E-15,1.));
#1766 = ORIENTED_EDGE('',*,*,#1767,.T.);
#1767 = EDGE_CURVE('',#1760,#1736,#1768,.T.);
#1768 = LINE('',#1769,#1770);
#1769 = CARTESIAN_POINT('',(12.8,39.6,2.35));
#1770 = VECTOR('',#1771,1.);
#1771 = DIRECTION('',(-1.,1.E-15,8.9E-16));
#1772 = ORIENTED_EDGE('',*,*,#1744,.F.);
#1773 = PLANE('',#1774);
#1774 = AXIS2_PLACEMENT_3D('',#1775,#1776,#1777);
#1775 = CARTESIAN_POINT('',(12.8,39.6,-6.25));
#1776 = DIRECTION('',(1.22E-15,-1.,1.22E-15));
#1777 = DIRECTION('',(-1.,-1.22E-15,4.4E-16));
#1778 = ADVANCED_FACE('',(#1779),#1797,.F.);
#1779 = FACE_BOUND('',#1780,.F.);
#1780 = EDGE_LOOP('',(#1781,#1789,#1795,#1796));
#1781 = ORIENTED_EDGE('',*,*,#1782,.T.);
#1782 = EDGE_CURVE('',#521,#1783,#1785,.T.);
#1783 = VERTEX_POINT('',#1784);
#1784 = CARTESIAN_POINT('',(12.8,41.4,2.35));
#1785 = LINE('',#1786,#1787);
#1786 = CARTESIAN_POINT('',(12.8,41.4,-6.25));
#1787 = VECTOR('',#1788,1.);
#1788 = DIRECTION('',(-2.E-15,-1.E-15,1.));
#1789 = ORIENTED_EDGE('',*,*,#1790,.T.);
#1790 = EDGE_CURVE('',#1783,#1760,#1791,.T.);
#1791 = LINE('',#1792,#1793);
#1792 = CARTESIAN_POINT('',(12.8,41.4,2.35));
#1793 = VECTOR('',#1794,1.);
#1794 = DIRECTION('',(1.67E-15,-1.,1.44E-15));
#1795 = ORIENTED_EDGE('',*,*,#1759,.F.);
#1796 = ORIENTED_EDGE('',*,*,#530,.F.);
#1797 = PLANE('',#1798);
#1798 = AXIS2_PLACEMENT_3D('',#1799,#1800,#1801);
#1799 = CARTESIAN_POINT('',(12.8,41.4,-6.25));
#1800 = DIRECTION('',(1.,-7.8E-16,-2.2E-16));
#1801 = DIRECTION('',(-7.8E-16,-1.,1.44E-15));
#1802 = ADVANCED_FACE('',(#1803,#1824),#1923,.F.);
#1803 = FACE_BOUND('',#1804,.F.);
#1804 = EDGE_LOOP('',(#1805,#1813,#1814,#1815,#1816,#1817));
#1805 = ORIENTED_EDGE('',*,*,#1806,.F.);
#1806 = EDGE_CURVE('',#653,#1807,#1809,.T.);
#1807 = VERTEX_POINT('',#1808);
#1808 = CARTESIAN_POINT('',(9.297631245168,39.225,2.35));
#1809 = LINE('',#1810,#1811);
#1810 = CARTESIAN_POINT('',(9.297631245168,39.225,-6.25));
#1811 = VECTOR('',#1812,1.);
#1812 = DIRECTION('',(-2.33E-15,1.07E-15,1.));
#1813 = ORIENTED_EDGE('',*,*,#652,.F.);
#1814 = ORIENTED_EDGE('',*,*,#612,.F.);
#1815 = ORIENTED_EDGE('',*,*,#545,.F.);
#1816 = ORIENTED_EDGE('',*,*,#1727,.T.);
#1817 = ORIENTED_EDGE('',*,*,#1818,.T.);
#1818 = EDGE_CURVE('',#1728,#1807,#1819,.T.);
#1819 = CIRCLE('',#1820,1.5);
#1820 = AXIS2_PLACEMENT_3D('',#1821,#1822,#1823);
#1821 = CARTESIAN_POINT('',(10.75,39.6,2.35));
#1822 = DIRECTION('',(1.22E-15,-2.07E-15,-1.));
#1823 = DIRECTION('',(-5.2E-16,1.,-2.07E-15));
#1824 = FACE_BOUND('',#1825,.F.);
#1825 = EDGE_LOOP('',(#1826));
#1826 = ORIENTED_EDGE('',*,*,#1827,.T.);
#1827 = EDGE_CURVE('',#1828,#1828,#1830,.T.);
#1828 = VERTEX_POINT('',#1829);
#1829 = CARTESIAN_POINT('',(10.75,38.1,1.));
#1830 = B_SPLINE_CURVE_WITH_KNOTS('',6,(#1831,#1832,#1833,#1834,#1835,
    #1836,#1837,#1838,#1839,#1840,#1841,#1842,#1843,#1844,#1845,#1846,
    #1847,#1848,#1849,#1850,#1851,#1852,#1853,#1854,#1855,#1856,#1857,
    #1858,#1859,#1860,#1861,#1862,#1863,#1864,#1865,#1866,#1867,#1868,
    #1869,#1870,#1871,#1872,#1873,#1874,#1875,#1876,#1877,#1878,#1879,
    #1880,#1881,#1882,#1883,#1884,#1885,#1886,#1887,#1888,#1889,#1890,
    #1891,#1892,#1893,#1894,#1895,#1896,#1897,#1898,#1899,#1900,#1901,
    #1902,#1903,#1904,#1905,#1906,#1907,#1908,#1909,#1910,#1911,#1912,
    #1913,#1914,#1915,#1916,#1917,#1918,#1919,#1920,#1921,#1922),
  .UNSPECIFIED.,.T.,.F.,(7,5,5,5,5,5,5,5,5,5,5,5,5,5,5,5,5,5,7),(0.,
    6.532364643838E-02,0.139715588082,0.198523349378,0.216359139256,
    0.249585119123,0.300036445276,0.359456799943,0.434121661984,
    0.499558368454,0.564997512838,0.639520985971,0.698432724555,
    0.716300049676,0.749584775995,0.800125304526,0.8596507196,
    0.934447595676,1.),.UNSPECIFIED.);
#1831 = CARTESIAN_POINT('',(10.75,38.1,1.));
#1832 = CARTESIAN_POINT('',(10.824870874259,38.1,1.));
#1833 = CARTESIAN_POINT('',(10.899474818117,38.104484639728,
    0.993273244828));
#1834 = CARTESIAN_POINT('',(10.972810320126,38.113393149566,
    0.979909526806));
#1835 = CARTESIAN_POINT('',(11.04389268922,38.126369246447,
    0.960259153898));
#1836 = CARTESIAN_POINT('',(11.111808534382,38.142761014737,
    0.934929405838));
#1837 = CARTESIAN_POINT('',(11.248630534488,38.183264318914,
    0.870545859705));
#1838 = CARTESIAN_POINT('',(11.316572147051,38.208193141888,
    0.829977783862));
#1839 = CARTESIAN_POINT('',(11.379335862202,38.23551233356,
    0.783955584478));
#1840 = CARTESIAN_POINT('',(11.436752498269,38.2642417777,0.733165690961
    ));
#1841 = CARTESIAN_POINT('',(11.488695888743,38.293368969819,
    0.678175685502));
#1842 = CARTESIAN_POINT('',(11.571651987068,38.344318745903,
    0.573047713313));
#1843 = CARTESIAN_POINT('',(11.604853555483,38.366444830601,
    0.52420062014));
#1844 = CARTESIAN_POINT('',(11.634528595216,38.387668695435,
    0.473141266071));
#1845 = CARTESIAN_POINT('',(11.660567147107,38.407423368736,
    0.420067851911));
#1846 = CARTESIAN_POINT('',(11.682853778307,38.425117702903,
    0.365144555479));
#1847 = CARTESIAN_POINT('',(11.706798088978,38.444755718486,
    0.291313680732));
#1848 = CARTESIAN_POINT('',(11.712006983887,38.449081609233,
    0.273983502461));
#1849 = CARTESIAN_POINT('',(11.71684736558,38.45314668737,0.256512406518
    ));
#1850 = CARTESIAN_POINT('',(11.721314015516,38.45693512714,
    0.238909626568));
#1851 = CARTESIAN_POINT('',(11.725401802615,38.460432000088,
    0.221185618755));
#1852 = CARTESIAN_POINT('',(11.736005577507,38.469568245167,
    0.170130241327));
#1853 = CARTESIAN_POINT('',(11.741577847303,38.47445708513,
    0.136506677088));
#1854 = CARTESIAN_POINT('',(11.745781752714,38.478192794964,
    0.102585436615));
#1855 = CARTESIAN_POINT('',(11.748593008434,38.480707724968,
    6.846577755462E-02));
#1856 = CARTESIAN_POINT('',(11.75,38.48196601125,3.424145018076E-02));
#1857 = CARTESIAN_POINT('',(11.75,38.48196601125,-5.199324678879E-02));
#1858 = CARTESIAN_POINT('',(11.746756062101,38.479064566053,
    -0.103876746031));
#1859 = CARTESIAN_POINT('',(11.740293738516,38.473284391691,
    -0.155389578206));
#1860 = CARTESIAN_POINT('',(11.73066859437,38.464802684577,
    -0.206259311465));
#1861 = CARTESIAN_POINT('',(11.717976412879,38.453951695602,
    -0.256172716102));
#1862 = CARTESIAN_POINT('',(11.684115709543,38.426121935052,
    -0.361992162613));
#1863 = CARTESIAN_POINT('',(11.661813468668,38.408373771862,
    -0.417473570554));
#1864 = CARTESIAN_POINT('',(11.635689179663,38.388507606931,
    -0.471080966648));
#1865 = CARTESIAN_POINT('',(11.605861648566,38.367130801074,
    -0.522645175237));
#1866 = CARTESIAN_POINT('',(11.572444838291,38.344826511163,
    -0.571961591941));
#1867 = CARTESIAN_POINT('',(11.489181708199,38.293641523955,
    -0.677660973628));
#1868 = CARTESIAN_POINT('',(11.437182238052,38.264456895365,
    -0.732785348157));
#1869 = CARTESIAN_POINT('',(11.379688269761,38.235665787539,
    -0.783697060725));
#1870 = CARTESIAN_POINT('',(11.316826603442,38.208286537546,
    -0.829825775568));
#1871 = CARTESIAN_POINT('',(11.248767124488,38.183304753539,
    -0.87048158533));
#1872 = CARTESIAN_POINT('',(11.111812342878,38.142762142163,
    -0.934927613696));
#1873 = CARTESIAN_POINT('',(11.043896326612,38.126369873375,
    -0.960258230799));
#1874 = CARTESIAN_POINT('',(10.972811432855,38.113393019189,
    -0.979909737676));
#1875 = CARTESIAN_POINT('',(10.899473079396,38.104484302068,
    -0.993273744566));
#1876 = CARTESIAN_POINT('',(10.824868084969,38.1,-1.));
#1877 = CARTESIAN_POINT('',(10.675129125741,38.1,-1.));
#1878 = CARTESIAN_POINT('',(10.600525181883,38.104484639728,
    -0.993273244828));
#1879 = CARTESIAN_POINT('',(10.527189679874,38.113393149566,
    -0.979909526806));
#1880 = CARTESIAN_POINT('',(10.45610731078,38.126369246447,
    -0.960259153898));
#1881 = CARTESIAN_POINT('',(10.388191465618,38.142761014737,
    -0.934929405839));
#1882 = CARTESIAN_POINT('',(10.251369465512,38.183264318914,
    -0.870545859705));
#1883 = CARTESIAN_POINT('',(10.18342785295,38.208193141888,
    -0.829977783862));
#1884 = CARTESIAN_POINT('',(10.120664137798,38.23551233356,
    -0.783955584478));
#1885 = CARTESIAN_POINT('',(10.063247501731,38.2642417777,
    -0.733165690961));
#1886 = CARTESIAN_POINT('',(10.011304111257,38.293368969819,
    -0.678175685503));
#1887 = CARTESIAN_POINT('',(9.928348012932,38.344318745903,
    -0.573047713313));
#1888 = CARTESIAN_POINT('',(9.895146444517,38.366444830601,
    -0.52420062014));
#1889 = CARTESIAN_POINT('',(9.865471404784,38.387668695435,
    -0.473141266071));
#1890 = CARTESIAN_POINT('',(9.839432852893,38.407423368736,
    -0.420067851911));
#1891 = CARTESIAN_POINT('',(9.817146221693,38.425117702903,
    -0.365144555479));
#1892 = CARTESIAN_POINT('',(9.793201911022,38.444755718486,
    -0.291313680733));
#1893 = CARTESIAN_POINT('',(9.787993016113,38.449081609233,
    -0.273983502461));
#1894 = CARTESIAN_POINT('',(9.78315263442,38.453146687369,
    -0.256512406518));
#1895 = CARTESIAN_POINT('',(9.778685984484,38.45693512714,
    -0.238909626568));
#1896 = CARTESIAN_POINT('',(9.774598197385,38.460432000088,
    -0.221185618755));
#1897 = CARTESIAN_POINT('',(9.763994422493,38.469568245167,
    -0.170130241327));
#1898 = CARTESIAN_POINT('',(9.758422152697,38.47445708513,
    -0.136506677088));
#1899 = CARTESIAN_POINT('',(9.754218247286,38.478192794964,
    -0.102585436615));
#1900 = CARTESIAN_POINT('',(9.751406991566,38.480707724968,
    -6.846577755477E-02));
#1901 = CARTESIAN_POINT('',(9.75,38.48196601125,-3.42414501809E-02));
#1902 = CARTESIAN_POINT('',(9.75,38.48196601125,5.199324678875E-02));
#1903 = CARTESIAN_POINT('',(9.7532439379,38.479064566053,0.103876746031)
  );
#1904 = CARTESIAN_POINT('',(9.759706261484,38.473284391691,
    0.155389578206));
#1905 = CARTESIAN_POINT('',(9.769331405631,38.464802684576,
    0.206259311465));
#1906 = CARTESIAN_POINT('',(9.782023587121,38.453951695602,
    0.256172716102));
#1907 = CARTESIAN_POINT('',(9.815884290457,38.426121935052,
    0.361992162613));
#1908 = CARTESIAN_POINT('',(9.838186531332,38.408373771862,
    0.417473570554));
#1909 = CARTESIAN_POINT('',(9.864310820337,38.388507606931,
    0.471080966647));
#1910 = CARTESIAN_POINT('',(9.894138351435,38.367130801073,
    0.522645175237));
#1911 = CARTESIAN_POINT('',(9.927555161709,38.344826511163,
    0.571961591941));
#1912 = CARTESIAN_POINT('',(10.010818291801,38.293641523955,
    0.677660973628));
#1913 = CARTESIAN_POINT('',(10.062817761948,38.264456895365,
    0.732785348157));
#1914 = CARTESIAN_POINT('',(10.120311730239,38.235665787539,
    0.783697060724));
#1915 = CARTESIAN_POINT('',(10.183173396558,38.208286537546,
    0.829825775568));
#1916 = CARTESIAN_POINT('',(10.251232875512,38.183304753539,
    0.870481585329));
#1917 = CARTESIAN_POINT('',(10.388187657129,38.142762142161,
    0.934927613699));
#1918 = CARTESIAN_POINT('',(10.456103673386,38.126369873376,
    0.960258230797));
#1919 = CARTESIAN_POINT('',(10.527188567138,38.11339301919,
    0.979909737674));
#1920 = CARTESIAN_POINT('',(10.600526920602,38.104484302067,
    0.993273744567));
#1921 = CARTESIAN_POINT('',(10.675131915039,38.1,1.));
#1922 = CARTESIAN_POINT('',(10.75,38.1,1.));
#1923 = CYLINDRICAL_SURFACE('',#1924,1.5);
#1924 = AXIS2_PLACEMENT_3D('',#1925,#1926,#1927);
#1925 = CARTESIAN_POINT('',(10.75,39.6,-6.25));
#1926 = DIRECTION('',(2.11E-15,-1.3E-15,-1.));
#1927 = DIRECTION('',(-1.1E-16,1.,-1.3E-15));
#1928 = ADVANCED_FACE('',(#1929,#1947),#1958,.F.);
#1929 = FACE_BOUND('',#1930,.F.);
#1930 = EDGE_LOOP('',(#1931,#1939,#1945,#1946));
#1931 = ORIENTED_EDGE('',*,*,#1932,.T.);
#1932 = EDGE_CURVE('',#579,#1933,#1935,.T.);
#1933 = VERTEX_POINT('',#1934);
#1934 = CARTESIAN_POINT('',(8.7,41.4,2.35));
#1935 = LINE('',#1936,#1937);
#1936 = CARTESIAN_POINT('',(8.7,41.4,-6.25));
#1937 = VECTOR('',#1938,1.);
#1938 = DIRECTION('',(-2.E-15,-1.E-15,1.));
#1939 = ORIENTED_EDGE('',*,*,#1940,.T.);
#1940 = EDGE_CURVE('',#1933,#1783,#1941,.T.);
#1941 = LINE('',#1942,#1943);
#1942 = CARTESIAN_POINT('',(8.7,41.4,2.35));
#1943 = VECTOR('',#1944,1.);
#1944 = DIRECTION('',(1.,-1.E-15,-8.9E-16));
#1945 = ORIENTED_EDGE('',*,*,#1782,.F.);
#1946 = ORIENTED_EDGE('',*,*,#588,.F.);
#1947 = FACE_BOUND('',#1948,.F.);
#1948 = EDGE_LOOP('',(#1949));
#1949 = ORIENTED_EDGE('',*,*,#1950,.F.);
#1950 = EDGE_CURVE('',#1951,#1951,#1953,.T.);
#1951 = VERTEX_POINT('',#1952);
#1952 = CARTESIAN_POINT('',(10.75,41.4,1.));
#1953 = CIRCLE('',#1954,1.);
#1954 = AXIS2_PLACEMENT_3D('',#1955,#1956,#1957);
#1955 = CARTESIAN_POINT('',(10.75,41.4,-7.848E-14));
#1956 = DIRECTION('',(7.8E-16,1.,6.7E-16));
#1957 = DIRECTION('',(-2.33E-15,-6.7E-16,1.));
#1958 = PLANE('',#1959);
#1959 = AXIS2_PLACEMENT_3D('',#1960,#1961,#1962);
#1960 = CARTESIAN_POINT('',(8.7,41.4,-6.25));
#1961 = DIRECTION('',(-1.22E-15,1.,-1.22E-15));
#1962 = DIRECTION('',(1.,1.22E-15,-4.4E-16));
#1963 = ADVANCED_FACE('',(#1964),#1982,.F.);
#1964 = FACE_BOUND('',#1965,.F.);
#1965 = EDGE_LOOP('',(#1966,#1974,#1980,#1981));
#1966 = ORIENTED_EDGE('',*,*,#1967,.T.);
#1967 = EDGE_CURVE('',#628,#1968,#1970,.T.);
#1968 = VERTEX_POINT('',#1969);
#1969 = CARTESIAN_POINT('',(8.7,39.6,2.35));
#1970 = LINE('',#1971,#1972);
#1971 = CARTESIAN_POINT('',(8.7,39.6,-6.25));
#1972 = VECTOR('',#1973,1.);
#1973 = DIRECTION('',(-2.E-15,-1.E-15,1.));
#1974 = ORIENTED_EDGE('',*,*,#1975,.T.);
#1975 = EDGE_CURVE('',#1968,#1933,#1976,.T.);
#1976 = LINE('',#1977,#1978);
#1977 = CARTESIAN_POINT('',(8.7,39.6,2.35));
#1978 = VECTOR('',#1979,1.);
#1979 = DIRECTION('',(-1.67E-15,1.,-1.44E-15));
#1980 = ORIENTED_EDGE('',*,*,#1932,.F.);
#1981 = ORIENTED_EDGE('',*,*,#637,.F.);
#1982 = PLANE('',#1983);
#1983 = AXIS2_PLACEMENT_3D('',#1984,#1985,#1986);
#1984 = CARTESIAN_POINT('',(8.7,39.6,-6.25));
#1985 = DIRECTION('',(-1.,7.8E-16,2.2E-16));
#1986 = DIRECTION('',(7.8E-16,1.,-1.44E-15));
#1987 = ADVANCED_FACE('',(#1988),#2008,.T.);
#1988 = FACE_BOUND('',#1989,.T.);
#1989 = EDGE_LOOP('',(#1990,#1991,#1999,#2006,#2007));
#1990 = ORIENTED_EDGE('',*,*,#685,.T.);
#1991 = ORIENTED_EDGE('',*,*,#1992,.T.);
#1992 = EDGE_CURVE('',#688,#1993,#1995,.T.);
#1993 = VERTEX_POINT('',#1994);
#1994 = CARTESIAN_POINT('',(8.813508326888,39.6,2.35));
#1995 = LINE('',#1996,#1997);
#1996 = CARTESIAN_POINT('',(8.813508326888,39.6,-6.25));
#1997 = VECTOR('',#1998,1.);
#1998 = DIRECTION('',(-2.33E-15,1.07E-15,1.));
#1999 = ORIENTED_EDGE('',*,*,#2000,.T.);
#2000 = EDGE_CURVE('',#1993,#1807,#2001,.T.);
#2001 = CIRCLE('',#2002,0.5);
#2002 = AXIS2_PLACEMENT_3D('',#2003,#2004,#2005);
#2003 = CARTESIAN_POINT('',(8.813508326888,39.1,2.35));
#2004 = DIRECTION('',(1.22E-15,-2.07E-15,-1.));
#2005 = DIRECTION('',(-5.2E-16,1.,-2.07E-15));
#2006 = ORIENTED_EDGE('',*,*,#1806,.F.);
#2007 = ORIENTED_EDGE('',*,*,#772,.T.);
#2008 = CYLINDRICAL_SURFACE('',#2009,0.5);
#2009 = AXIS2_PLACEMENT_3D('',#2010,#2011,#2012);
#2010 = CARTESIAN_POINT('',(8.813508326888,39.1,-6.25));
#2011 = DIRECTION('',(2.11E-15,-1.3E-15,-1.));
#2012 = DIRECTION('',(-1.1E-16,1.,-1.3E-15));
#2013 = ADVANCED_FACE('',(#2014),#2025,.F.);
#2014 = FACE_BOUND('',#2015,.F.);
#2015 = EDGE_LOOP('',(#2016,#2017,#2018,#2024));
#2016 = ORIENTED_EDGE('',*,*,#757,.F.);
#2017 = ORIENTED_EDGE('',*,*,#1992,.T.);
#2018 = ORIENTED_EDGE('',*,*,#2019,.T.);
#2019 = EDGE_CURVE('',#1993,#1968,#2020,.T.);
#2020 = LINE('',#2021,#2022);
#2021 = CARTESIAN_POINT('',(12.8,39.6,2.35));
#2022 = VECTOR('',#2023,1.);
#2023 = DIRECTION('',(-1.,1.E-15,8.9E-16));
#2024 = ORIENTED_EDGE('',*,*,#1967,.F.);
#2025 = PLANE('',#2026);
#2026 = AXIS2_PLACEMENT_3D('',#2027,#2028,#2029);
#2027 = CARTESIAN_POINT('',(12.8,39.6,-6.25));
#2028 = DIRECTION('',(1.22E-15,-1.,1.22E-15));
#2029 = DIRECTION('',(-1.,-1.22E-15,4.4E-16));
#2030 = ADVANCED_FACE('',(#2031),#2108,.T.);
#2031 = FACE_BOUND('',#2032,.T.);
#2032 = EDGE_LOOP('',(#2033,#2043,#2051,#2059,#2067,#2073,#2074,#2075,
    #2076,#2084,#2093,#2101));
#2033 = ORIENTED_EDGE('',*,*,#2034,.T.);
#2034 = EDGE_CURVE('',#2035,#2037,#2039,.T.);
#2035 = VERTEX_POINT('',#2036);
#2036 = CARTESIAN_POINT('',(19.,-31.5,6.25));
#2037 = VERTEX_POINT('',#2038);
#2038 = CARTESIAN_POINT('',(19.,-46.5,6.25));
#2039 = LINE('',#2040,#2041);
#2040 = CARTESIAN_POINT('',(19.,47.5,6.25));
#2041 = VECTOR('',#2042,1.);
#2042 = DIRECTION('',(2.22E-15,-1.,2.23E-15));
#2043 = ORIENTED_EDGE('',*,*,#2044,.T.);
#2044 = EDGE_CURVE('',#2037,#2045,#2047,.T.);
#2045 = VERTEX_POINT('',#2046);
#2046 = CARTESIAN_POINT('',(19.,-46.5,-5.25));
#2047 = LINE('',#2048,#2049);
#2048 = CARTESIAN_POINT('',(19.,-46.5,6.25));
#2049 = VECTOR('',#2050,1.);
#2050 = DIRECTION('',(2.33E-15,-1.1E-16,-1.));
#2051 = ORIENTED_EDGE('',*,*,#2052,.T.);
#2052 = EDGE_CURVE('',#2045,#2053,#2055,.T.);
#2053 = VERTEX_POINT('',#2054);
#2054 = CARTESIAN_POINT('',(19.,-6.55,-5.25));
#2055 = LINE('',#2056,#2057);
#2056 = CARTESIAN_POINT('',(19.,-47.5,-5.25));
#2057 = VECTOR('',#2058,1.);
#2058 = DIRECTION('',(-6.7E-16,1.,-2.11E-15));
#2059 = ORIENTED_EDGE('',*,*,#2060,.T.);
#2060 = EDGE_CURVE('',#2053,#2061,#2063,.T.);
#2061 = VERTEX_POINT('',#2062);
#2062 = CARTESIAN_POINT('',(19.,-6.55,-0.35));
#2063 = LINE('',#2064,#2065);
#2064 = CARTESIAN_POINT('',(19.,-6.55,-6.25));
#2065 = VECTOR('',#2066,1.);
#2066 = DIRECTION('',(-3.66E-15,-3.7E-16,1.));
#2067 = ORIENTED_EDGE('',*,*,#2068,.F.);
#2068 = EDGE_CURVE('',#826,#2061,#2069,.T.);
#2069 = LINE('',#2070,#2071);
#2070 = CARTESIAN_POINT('',(19.,6.55,-0.35));
#2071 = VECTOR('',#2072,1.);
#2072 = DIRECTION('',(2.22E-15,-1.,2.67E-15));
#2073 = ORIENTED_EDGE('',*,*,#823,.F.);
#2074 = ORIENTED_EDGE('',*,*,#863,.T.);
#2075 = ORIENTED_EDGE('',*,*,#943,.T.);
#2076 = ORIENTED_EDGE('',*,*,#2077,.T.);
#2077 = EDGE_CURVE('',#936,#2078,#2080,.T.);
#2078 = VERTEX_POINT('',#2079);
#2079 = CARTESIAN_POINT('',(19.,24.5,6.25));
#2080 = LINE('',#2081,#2082);
#2081 = CARTESIAN_POINT('',(19.,47.5,6.25));
#2082 = VECTOR('',#2083,1.);
#2083 = DIRECTION('',(2.22E-15,-1.,2.23E-15));
#2084 = ORIENTED_EDGE('',*,*,#2085,.F.);
#2085 = EDGE_CURVE('',#2086,#2078,#2088,.T.);
#2086 = VERTEX_POINT('',#2087);
#2087 = CARTESIAN_POINT('',(19.,15.5,6.25));
#2088 = CIRCLE('',#2089,4.5);
#2089 = AXIS2_PLACEMENT_3D('',#2090,#2091,#2092);
#2090 = CARTESIAN_POINT('',(19.,20.,6.25));
#2091 = DIRECTION('',(1.,2.22E-15,2.33E-15));
#2092 = DIRECTION('',(-2.22E-15,1.,-1.67E-15));
#2093 = ORIENTED_EDGE('',*,*,#2094,.T.);
#2094 = EDGE_CURVE('',#2086,#2095,#2097,.T.);
#2095 = VERTEX_POINT('',#2096);
#2096 = CARTESIAN_POINT('',(19.,-22.5,6.25));
#2097 = LINE('',#2098,#2099);
#2098 = CARTESIAN_POINT('',(19.,47.5,6.25));
#2099 = VECTOR('',#2100,1.);
#2100 = DIRECTION('',(2.22E-15,-1.,2.23E-15));
#2101 = ORIENTED_EDGE('',*,*,#2102,.F.);
#2102 = EDGE_CURVE('',#2035,#2095,#2103,.T.);
#2103 = CIRCLE('',#2104,4.5);
#2104 = AXIS2_PLACEMENT_3D('',#2105,#2106,#2107);
#2105 = CARTESIAN_POINT('',(19.,-27.,6.25));
#2106 = DIRECTION('',(1.,2.22E-15,2.33E-15));
#2107 = DIRECTION('',(-2.22E-15,1.,-1.67E-15));
#2108 = PLANE('',#2109);
#2109 = AXIS2_PLACEMENT_3D('',#2110,#2111,#2112);
#2110 = CARTESIAN_POINT('',(19.,-3.116E-14,-1.388E-14));
#2111 = DIRECTION('',(1.,-8.9E-16,-4.5E-16));
#2112 = DIRECTION('',(4.5E-16,-1.44E-15,1.));
#2113 = ADVANCED_FACE('',(#2114,#2168,#2179,#2190,#2201,#2212,#2223),
  #2234,.T.);
#2114 = FACE_BOUND('',#2115,.T.);
#2115 = EDGE_LOOP('',(#2116,#2124,#2132,#2140,#2148,#2156,#2162,#2163,
    #2164,#2165,#2166,#2167));
#2116 = ORIENTED_EDGE('',*,*,#2117,.T.);
#2117 = EDGE_CURVE('',#2061,#2118,#2120,.T.);
#2118 = VERTEX_POINT('',#2119);
#2119 = CARTESIAN_POINT('',(7.00000000001,-6.55,-0.35));
#2120 = LINE('',#2121,#2122);
#2121 = CARTESIAN_POINT('',(19.,-6.55,-0.35));
#2122 = VECTOR('',#2123,1.);
#2123 = DIRECTION('',(-1.,8.9E-16,-2.2E-16));
#2124 = ORIENTED_EDGE('',*,*,#2125,.T.);
#2125 = EDGE_CURVE('',#2118,#2126,#2128,.T.);
#2126 = VERTEX_POINT('',#2127);
#2127 = CARTESIAN_POINT('',(7.00000000001,-10.5,-0.35));
#2128 = LINE('',#2129,#2130);
#2129 = CARTESIAN_POINT('',(7.00000000001,10.5,-0.35));
#2130 = VECTOR('',#2131,1.);
#2131 = DIRECTION('',(7.4E-16,-1.,1.52E-15));
#2132 = ORIENTED_EDGE('',*,*,#2133,.T.);
#2133 = EDGE_CURVE('',#2126,#2134,#2136,.T.);
#2134 = VERTEX_POINT('',#2135);
#2135 = CARTESIAN_POINT('',(-7.00000000001,-10.5,-0.35));
#2136 = LINE('',#2137,#2138);
#2137 = CARTESIAN_POINT('',(7.00000000001,-10.5,-0.35));
#2138 = VECTOR('',#2139,1.);
#2139 = DIRECTION('',(-1.,5.9E-16,-7.8E-16));
#2140 = ORIENTED_EDGE('',*,*,#2141,.T.);
#2141 = EDGE_CURVE('',#2134,#2142,#2144,.T.);
#2142 = VERTEX_POINT('',#2143);
#2143 = CARTESIAN_POINT('',(-7.,-6.55,-0.35));
#2144 = LINE('',#2145,#2146);
#2145 = CARTESIAN_POINT('',(-7.00000000001,-10.5,-0.35));
#2146 = VECTOR('',#2147,1.);
#2147 = DIRECTION('',(-7.4E-16,1.,-1.52E-15));
#2148 = ORIENTED_EDGE('',*,*,#2149,.T.);
#2149 = EDGE_CURVE('',#2142,#2150,#2152,.T.);
#2150 = VERTEX_POINT('',#2151);
#2151 = CARTESIAN_POINT('',(-19.,-6.55,-0.35));
#2152 = LINE('',#2153,#2154);
#2153 = CARTESIAN_POINT('',(-7.,-6.55,-0.35));
#2154 = VECTOR('',#2155,1.);
#2155 = DIRECTION('',(-1.,8.9E-16,-2.2E-16));
#2156 = ORIENTED_EDGE('',*,*,#2157,.T.);
#2157 = EDGE_CURVE('',#2150,#1100,#2158,.T.);
#2158 = LINE('',#2159,#2160);
#2159 = CARTESIAN_POINT('',(-19.,-6.55,-0.35));
#2160 = VECTOR('',#2161,1.);
#2161 = DIRECTION('',(-2.22E-15,1.,-2.67E-15));
#2162 = ORIENTED_EDGE('',*,*,#1107,.T.);
#2163 = ORIENTED_EDGE('',*,*,#1026,.T.);
#2164 = ORIENTED_EDGE('',*,*,#977,.T.);
#2165 = ORIENTED_EDGE('',*,*,#895,.T.);
#2166 = ORIENTED_EDGE('',*,*,#848,.T.);
#2167 = ORIENTED_EDGE('',*,*,#2068,.T.);
#2168 = FACE_BOUND('',#2169,.T.);
#2169 = EDGE_LOOP('',(#2170));
#2170 = ORIENTED_EDGE('',*,*,#2171,.F.);
#2171 = EDGE_CURVE('',#2172,#2172,#2174,.T.);
#2172 = VERTEX_POINT('',#2173);
#2173 = CARTESIAN_POINT('',(-14.1,-2.35,-0.35));
#2174 = CIRCLE('',#2175,0.9);
#2175 = AXIS2_PLACEMENT_3D('',#2176,#2177,#2178);
#2176 = CARTESIAN_POINT('',(-14.1,-3.25,-0.35));
#2177 = DIRECTION('',(2.2E-16,-2.67E-15,-1.));
#2178 = DIRECTION('',(-2.22E-15,1.,-2.67E-15));
#2179 = FACE_BOUND('',#2180,.T.);
#2180 = EDGE_LOOP('',(#2181));
#2181 = ORIENTED_EDGE('',*,*,#2182,.F.);
#2182 = EDGE_CURVE('',#2183,#2183,#2185,.T.);
#2183 = VERTEX_POINT('',#2184);
#2184 = CARTESIAN_POINT('',(-14.1,4.15,-0.35));
#2185 = CIRCLE('',#2186,0.9);
#2186 = AXIS2_PLACEMENT_3D('',#2187,#2188,#2189);
#2187 = CARTESIAN_POINT('',(-14.1,3.25,-0.35));
#2188 = DIRECTION('',(2.2E-16,-2.67E-15,-1.));
#2189 = DIRECTION('',(-2.22E-15,1.,-2.67E-15));
#2190 = FACE_BOUND('',#2191,.T.);
#2191 = EDGE_LOOP('',(#2192));
#2192 = ORIENTED_EDGE('',*,*,#2193,.F.);
#2193 = EDGE_CURVE('',#2194,#2194,#2196,.T.);
#2194 = VERTEX_POINT('',#2195);
#2195 = CARTESIAN_POINT('',(14.1,4.15,-0.35));
#2196 = CIRCLE('',#2197,0.9);
#2197 = AXIS2_PLACEMENT_3D('',#2198,#2199,#2200);
#2198 = CARTESIAN_POINT('',(14.1,3.25,-0.35));
#2199 = DIRECTION('',(2.2E-16,-2.67E-15,-1.));
#2200 = DIRECTION('',(-2.22E-15,1.,-2.67E-15));
#2201 = FACE_BOUND('',#2202,.T.);
#2202 = EDGE_LOOP('',(#2203));
#2203 = ORIENTED_EDGE('',*,*,#2204,.F.);
#2204 = EDGE_CURVE('',#2205,#2205,#2207,.T.);
#2205 = VERTEX_POINT('',#2206);
#2206 = CARTESIAN_POINT('',(14.1,-2.35,-0.35));
#2207 = CIRCLE('',#2208,0.9);
#2208 = AXIS2_PLACEMENT_3D('',#2209,#2210,#2211);
#2209 = CARTESIAN_POINT('',(14.1,-3.25,-0.35));
#2210 = DIRECTION('',(2.2E-16,-2.67E-15,-1.));
#2211 = DIRECTION('',(-2.22E-15,1.,-2.67E-15));
#2212 = FACE_BOUND('',#2213,.T.);
#2213 = EDGE_LOOP('',(#2214));
#2214 = ORIENTED_EDGE('',*,*,#2215,.F.);
#2215 = EDGE_CURVE('',#2216,#2216,#2218,.T.);
#2216 = VERTEX_POINT('',#2217);
#2217 = CARTESIAN_POINT('',(4.E-15,-3.5,-0.35));
#2218 = CIRCLE('',#2219,1.);
#2219 = AXIS2_PLACEMENT_3D('',#2220,#2221,#2222);
#2220 = CARTESIAN_POINT('',(8.05E-15,-4.5,-0.35));
#2221 = DIRECTION('',(5.6E-16,-1.E-15,-1.));
#2222 = DIRECTION('',(-4.4E-16,1.,-1.E-15));
#2223 = FACE_BOUND('',#2224,.T.);
#2224 = EDGE_LOOP('',(#2225));
#2225 = ORIENTED_EDGE('',*,*,#2226,.F.);
#2226 = EDGE_CURVE('',#2227,#2227,#2229,.T.);
#2227 = VERTEX_POINT('',#2228);
#2228 = CARTESIAN_POINT('',(7.E-15,5.5,-0.35));
#2229 = CIRCLE('',#2230,1.);
#2230 = AXIS2_PLACEMENT_3D('',#2231,#2232,#2233);
#2231 = CARTESIAN_POINT('',(4.06E-15,4.5,-0.35));
#2232 = DIRECTION('',(5.6E-16,-1.E-15,-1.));
#2233 = DIRECTION('',(-4.4E-16,1.,-1.E-15));
#2234 = PLANE('',#2235);
#2235 = AXIS2_PLACEMENT_3D('',#2236,#2237,#2238);
#2236 = CARTESIAN_POINT('',(-1.18549E-12,-6.7E-16,-0.35));
#2237 = DIRECTION('',(2.21E-15,-1.5E-15,-1.));
#2238 = DIRECTION('',(6.7E-16,-1.,1.5E-15));
#2239 = ADVANCED_FACE('',(#2240),#2251,.F.);
#2240 = FACE_BOUND('',#2241,.F.);
#2241 = EDGE_LOOP('',(#2242,#2243,#2249,#2250));
#2242 = ORIENTED_EDGE('',*,*,#919,.F.);
#2243 = ORIENTED_EDGE('',*,*,#2244,.T.);
#2244 = EDGE_CURVE('',#920,#1042,#2245,.T.);
#2245 = LINE('',#2246,#2247);
#2246 = CARTESIAN_POINT('',(2.5,47.5,5.25));
#2247 = VECTOR('',#2248,1.);
#2248 = DIRECTION('',(6.7E-16,-1.,2.33E-15));
#2249 = ORIENTED_EDGE('',*,*,#1041,.T.);
#2250 = ORIENTED_EDGE('',*,*,#1003,.F.);
#2251 = PLANE('',#2252);
#2252 = AXIS2_PLACEMENT_3D('',#2253,#2254,#2255);
#2253 = CARTESIAN_POINT('',(2.5,47.5,6.25));
#2254 = DIRECTION('',(1.,-8.9E-16,-5.6E-16));
#2255 = DIRECTION('',(-5.6E-16,1.44E-15,-1.));
#2256 = ADVANCED_FACE('',(#2257),#2268,.F.);
#2257 = FACE_BOUND('',#2258,.F.);
#2258 = EDGE_LOOP('',(#2259,#2260,#2266,#2267));
#2259 = ORIENTED_EDGE('',*,*,#927,.F.);
#2260 = ORIENTED_EDGE('',*,*,#2261,.T.);
#2261 = EDGE_CURVE('',#928,#1076,#2262,.T.);
#2262 = LINE('',#2263,#2264);
#2263 = CARTESIAN_POINT('',(3.5,47.5,6.25));
#2264 = VECTOR('',#2265,1.);
#2265 = DIRECTION('',(6.7E-16,-1.,2.33E-15));
#2266 = ORIENTED_EDGE('',*,*,#1083,.T.);
#2267 = ORIENTED_EDGE('',*,*,#2244,.F.);
#2268 = PLANE('',#2269);
#2269 = AXIS2_PLACEMENT_3D('',#2270,#2271,#2272);
#2270 = CARTESIAN_POINT('',(3.,47.5,5.75));
#2271 = DIRECTION('',(0.707106781187,-1.46E-15,-0.707106781187));
#2272 = DIRECTION('',(4.626240994676E-16,-1.,2.527375900532E-15));
#2273 = ADVANCED_FACE('',(#2274,#2333,#2344),#2355,.T.);
#2274 = FACE_BOUND('',#2275,.T.);
#2275 = EDGE_LOOP('',(#2276,#2277,#2285,#2293,#2301,#2309,#2317,#2323,
    #2324,#2325,#2326,#2327));
#2276 = ORIENTED_EDGE('',*,*,#1163,.F.);
#2277 = ORIENTED_EDGE('',*,*,#2278,.T.);
#2278 = EDGE_CURVE('',#1156,#2279,#2281,.T.);
#2279 = VERTEX_POINT('',#2280);
#2280 = CARTESIAN_POINT('',(-19.,24.5,6.25));
#2281 = LINE('',#2282,#2283);
#2282 = CARTESIAN_POINT('',(-19.,47.5,6.25));
#2283 = VECTOR('',#2284,1.);
#2284 = DIRECTION('',(2.22E-15,-1.,2.23E-15));
#2285 = ORIENTED_EDGE('',*,*,#2286,.F.);
#2286 = EDGE_CURVE('',#2287,#2279,#2289,.T.);
#2287 = VERTEX_POINT('',#2288);
#2288 = CARTESIAN_POINT('',(-12.05,24.5,6.25));
#2289 = LINE('',#2290,#2291);
#2290 = CARTESIAN_POINT('',(19.,24.5,6.25));
#2291 = VECTOR('',#2292,1.);
#2292 = DIRECTION('',(-1.,1.11E-15,7.8E-16));
#2293 = ORIENTED_EDGE('',*,*,#2294,.T.);
#2294 = EDGE_CURVE('',#2287,#2295,#2297,.T.);
#2295 = VERTEX_POINT('',#2296);
#2296 = CARTESIAN_POINT('',(-12.05,27.55,6.25));
#2297 = LINE('',#2298,#2299);
#2298 = CARTESIAN_POINT('',(-12.05,-47.5,6.25));
#2299 = VECTOR('',#2300,1.);
#2300 = DIRECTION('',(-2.22E-15,1.,-1.67E-15));
#2301 = ORIENTED_EDGE('',*,*,#2302,.T.);
#2302 = EDGE_CURVE('',#2295,#2303,#2305,.T.);
#2303 = VERTEX_POINT('',#2304);
#2304 = CARTESIAN_POINT('',(12.05,27.55,6.25));
#2305 = LINE('',#2306,#2307);
#2306 = CARTESIAN_POINT('',(-19.,27.55,6.25));
#2307 = VECTOR('',#2308,1.);
#2308 = DIRECTION('',(1.,-1.11E-15,-7.8E-16));
#2309 = ORIENTED_EDGE('',*,*,#2310,.F.);
#2310 = EDGE_CURVE('',#2311,#2303,#2313,.T.);
#2311 = VERTEX_POINT('',#2312);
#2312 = CARTESIAN_POINT('',(12.05,24.5,6.25));
#2313 = LINE('',#2314,#2315);
#2314 = CARTESIAN_POINT('',(12.05,-47.5,6.25));
#2315 = VECTOR('',#2316,1.);
#2316 = DIRECTION('',(-2.22E-15,1.,-1.67E-15));
#2317 = ORIENTED_EDGE('',*,*,#2318,.F.);
#2318 = EDGE_CURVE('',#2078,#2311,#2319,.T.);
#2319 = LINE('',#2320,#2321);
#2320 = CARTESIAN_POINT('',(19.,24.5,6.25));
#2321 = VECTOR('',#2322,1.);
#2322 = DIRECTION('',(-1.,1.11E-15,7.8E-16));
#2323 = ORIENTED_EDGE('',*,*,#2077,.F.);
#2324 = ORIENTED_EDGE('',*,*,#935,.F.);
#2325 = ORIENTED_EDGE('',*,*,#2261,.T.);
#2326 = ORIENTED_EDGE('',*,*,#1075,.F.);
#2327 = ORIENTED_EDGE('',*,*,#2328,.F.);
#2328 = EDGE_CURVE('',#1164,#1068,#2329,.T.);
#2329 = LINE('',#2330,#2331);
#2330 = CARTESIAN_POINT('',(-3.5,47.5,6.25));
#2331 = VECTOR('',#2332,1.);
#2332 = DIRECTION('',(6.7E-16,-1.,2.33E-15));
#2333 = FACE_BOUND('',#2334,.T.);
#2334 = EDGE_LOOP('',(#2335));
#2335 = ORIENTED_EDGE('',*,*,#2336,.T.);
#2336 = EDGE_CURVE('',#2337,#2337,#2339,.T.);
#2337 = VERTEX_POINT('',#2338);
#2338 = CARTESIAN_POINT('',(12.5,34.6,6.25));
#2339 = CIRCLE('',#2340,1.6);
#2340 = AXIS2_PLACEMENT_3D('',#2341,#2342,#2343);
#2341 = CARTESIAN_POINT('',(12.5,33.,6.25));
#2342 = DIRECTION('',(-7.8E-16,-1.89E-15,-1.));
#2343 = DIRECTION('',(-2.E-15,1.,-1.89E-15));
#2344 = FACE_BOUND('',#2345,.T.);
#2345 = EDGE_LOOP('',(#2346));
#2346 = ORIENTED_EDGE('',*,*,#2347,.T.);
#2347 = EDGE_CURVE('',#2348,#2348,#2350,.T.);
#2348 = VERTEX_POINT('',#2349);
#2349 = CARTESIAN_POINT('',(-12.5,34.6,6.25));
#2350 = CIRCLE('',#2351,1.6);
#2351 = AXIS2_PLACEMENT_3D('',#2352,#2353,#2354);
#2352 = CARTESIAN_POINT('',(-12.5,33.,6.25));
#2353 = DIRECTION('',(-7.8E-16,-1.89E-15,-1.));
#2354 = DIRECTION('',(-2.E-15,1.,-1.89E-15));
#2355 = PLANE('',#2356);
#2356 = AXIS2_PLACEMENT_3D('',#2357,#2358,#2359);
#2357 = CARTESIAN_POINT('',(-1.55E-14,-9.23E-15,6.25));
#2358 = DIRECTION('',(-2.33E-15,-8.E-16,1.));
#2359 = DIRECTION('',(-2.22E-15,1.,8.E-16));
#2360 = ADVANCED_FACE('',(#2361),#2372,.F.);
#2361 = FACE_BOUND('',#2362,.F.);
#2362 = EDGE_LOOP('',(#2363,#2364,#2370,#2371));
#2363 = ORIENTED_EDGE('',*,*,#952,.F.);
#2364 = ORIENTED_EDGE('',*,*,#2365,.T.);
#2365 = EDGE_CURVE('',#953,#1951,#2366,.T.);
#2366 = LINE('',#2367,#2368);
#2367 = CARTESIAN_POINT('',(10.75,47.5,1.));
#2368 = VECTOR('',#2369,1.);
#2369 = DIRECTION('',(2.E-15,-1.,1.67E-15));
#2370 = ORIENTED_EDGE('',*,*,#1950,.T.);
#2371 = ORIENTED_EDGE('',*,*,#2365,.F.);
#2372 = CYLINDRICAL_SURFACE('',#2373,1.);
#2373 = AXIS2_PLACEMENT_3D('',#2374,#2375,#2376);
#2374 = CARTESIAN_POINT('',(10.75,47.5,-8.507E-14));
#2375 = DIRECTION('',(-1.78E-15,1.,-1.44E-15));
#2376 = DIRECTION('',(-2.33E-15,1.44E-15,1.));
#2377 = ADVANCED_FACE('',(#2378),#2389,.F.);
#2378 = FACE_BOUND('',#2379,.T.);
#2379 = EDGE_LOOP('',(#2380,#2381,#2382,#2383));
#2380 = ORIENTED_EDGE('',*,*,#1171,.F.);
#2381 = ORIENTED_EDGE('',*,*,#2328,.T.);
#2382 = ORIENTED_EDGE('',*,*,#1067,.T.);
#2383 = ORIENTED_EDGE('',*,*,#2384,.F.);
#2384 = EDGE_CURVE('',#1172,#1060,#2385,.T.);
#2385 = LINE('',#2386,#2387);
#2386 = CARTESIAN_POINT('',(-2.5,47.5,5.25));
#2387 = VECTOR('',#2388,1.);
#2388 = DIRECTION('',(6.7E-16,-1.,2.33E-15));
#2389 = PLANE('',#2390);
#2390 = AXIS2_PLACEMENT_3D('',#2391,#2392,#2393);
#2391 = CARTESIAN_POINT('',(-3.,47.5,5.75));
#2392 = DIRECTION('',(-0.707106781187,4.2E-16,-0.707106781187));
#2393 = DIRECTION('',(1.126984848098E-15,1.,-5.330151519016E-16));
#2394 = ADVANCED_FACE('',(#2395),#2401,.F.);
#2395 = FACE_BOUND('',#2396,.F.);
#2396 = EDGE_LOOP('',(#2397,#2398,#2399,#2400));
#2397 = ORIENTED_EDGE('',*,*,#1179,.F.);
#2398 = ORIENTED_EDGE('',*,*,#1215,.T.);
#2399 = ORIENTED_EDGE('',*,*,#1059,.T.);
#2400 = ORIENTED_EDGE('',*,*,#2384,.F.);
#2401 = PLANE('',#2402);
#2402 = AXIS2_PLACEMENT_3D('',#2403,#2404,#2405);
#2403 = CARTESIAN_POINT('',(-2.5,47.5,-6.25));
#2404 = DIRECTION('',(-1.,8.9E-16,5.6E-16));
#2405 = DIRECTION('',(5.6E-16,-1.44E-15,1.));
#2406 = ADVANCED_FACE('',(#2407),#2470,.T.);
#2407 = FACE_BOUND('',#2408,.T.);
#2408 = EDGE_LOOP('',(#2409,#2417,#2425,#2433,#2441,#2450,#2458,#2465,
    #2466,#2467,#2468,#2469));
#2409 = ORIENTED_EDGE('',*,*,#2410,.F.);
#2410 = EDGE_CURVE('',#2411,#2150,#2413,.T.);
#2411 = VERTEX_POINT('',#2412);
#2412 = CARTESIAN_POINT('',(-19.,-6.55,-5.25));
#2413 = LINE('',#2414,#2415);
#2414 = CARTESIAN_POINT('',(-19.,-6.55,-6.25));
#2415 = VECTOR('',#2416,1.);
#2416 = DIRECTION('',(-3.66E-15,-3.7E-16,1.));
#2417 = ORIENTED_EDGE('',*,*,#2418,.F.);
#2418 = EDGE_CURVE('',#2419,#2411,#2421,.T.);
#2419 = VERTEX_POINT('',#2420);
#2420 = CARTESIAN_POINT('',(-19.,-46.5,-5.25));
#2421 = LINE('',#2422,#2423);
#2422 = CARTESIAN_POINT('',(-19.,-47.5,-5.25));
#2423 = VECTOR('',#2424,1.);
#2424 = DIRECTION('',(-6.7E-16,1.,-2.11E-15));
#2425 = ORIENTED_EDGE('',*,*,#2426,.F.);
#2426 = EDGE_CURVE('',#2427,#2419,#2429,.T.);
#2427 = VERTEX_POINT('',#2428);
#2428 = CARTESIAN_POINT('',(-19.,-46.5,6.25));
#2429 = LINE('',#2430,#2431);
#2430 = CARTESIAN_POINT('',(-19.,-46.5,6.25));
#2431 = VECTOR('',#2432,1.);
#2432 = DIRECTION('',(2.33E-15,-1.1E-16,-1.));
#2433 = ORIENTED_EDGE('',*,*,#2434,.F.);
#2434 = EDGE_CURVE('',#2435,#2427,#2437,.T.);
#2435 = VERTEX_POINT('',#2436);
#2436 = CARTESIAN_POINT('',(-19.,-31.5,6.25));
#2437 = LINE('',#2438,#2439);
#2438 = CARTESIAN_POINT('',(-19.,47.5,6.25));
#2439 = VECTOR('',#2440,1.);
#2440 = DIRECTION('',(2.22E-15,-1.,2.23E-15));
#2441 = ORIENTED_EDGE('',*,*,#2442,.T.);
#2442 = EDGE_CURVE('',#2435,#2443,#2445,.T.);
#2443 = VERTEX_POINT('',#2444);
#2444 = CARTESIAN_POINT('',(-19.,-22.5,6.25));
#2445 = CIRCLE('',#2446,4.5);
#2446 = AXIS2_PLACEMENT_3D('',#2447,#2448,#2449);
#2447 = CARTESIAN_POINT('',(-19.,-27.,6.25));
#2448 = DIRECTION('',(1.,2.22E-15,2.55E-15));
#2449 = DIRECTION('',(-2.22E-15,1.,-1.89E-15));
#2450 = ORIENTED_EDGE('',*,*,#2451,.F.);
#2451 = EDGE_CURVE('',#2452,#2443,#2454,.T.);
#2452 = VERTEX_POINT('',#2453);
#2453 = CARTESIAN_POINT('',(-19.,15.5,6.25));
#2454 = LINE('',#2455,#2456);
#2455 = CARTESIAN_POINT('',(-19.,47.5,6.25));
#2456 = VECTOR('',#2457,1.);
#2457 = DIRECTION('',(2.22E-15,-1.,2.23E-15));
#2458 = ORIENTED_EDGE('',*,*,#2459,.T.);
#2459 = EDGE_CURVE('',#2452,#2279,#2460,.T.);
#2460 = CIRCLE('',#2461,4.5);
#2461 = AXIS2_PLACEMENT_3D('',#2462,#2463,#2464);
#2462 = CARTESIAN_POINT('',(-19.,20.,6.25));
#2463 = DIRECTION('',(1.,2.22E-15,2.55E-15));
#2464 = DIRECTION('',(-2.22E-15,1.,-1.89E-15));
#2465 = ORIENTED_EDGE('',*,*,#2278,.F.);
#2466 = ORIENTED_EDGE('',*,*,#1155,.F.);
#2467 = ORIENTED_EDGE('',*,*,#1130,.F.);
#2468 = ORIENTED_EDGE('',*,*,#1097,.T.);
#2469 = ORIENTED_EDGE('',*,*,#2157,.F.);
#2470 = PLANE('',#2471);
#2471 = AXIS2_PLACEMENT_3D('',#2472,#2473,#2474);
#2472 = CARTESIAN_POINT('',(-19.,3.274E-14,1.239E-14));
#2473 = DIRECTION('',(-1.,8.9E-16,4.5E-16));
#2474 = DIRECTION('',(-4.5E-16,1.44E-15,-1.));
#2475 = ADVANCED_FACE('',(#2476),#2495,.F.);
#2476 = FACE_BOUND('',#2477,.F.);
#2477 = EDGE_LOOP('',(#2478,#2479,#2487,#2494));
#2478 = ORIENTED_EDGE('',*,*,#1195,.F.);
#2479 = ORIENTED_EDGE('',*,*,#2480,.T.);
#2480 = EDGE_CURVE('',#1196,#2481,#2483,.T.);
#2481 = VERTEX_POINT('',#2482);
#2482 = CARTESIAN_POINT('',(-10.75,41.4,1.));
#2483 = LINE('',#2484,#2485);
#2484 = CARTESIAN_POINT('',(-10.75,47.5,1.));
#2485 = VECTOR('',#2486,1.);
#2486 = DIRECTION('',(2.E-15,-1.,1.67E-15));
#2487 = ORIENTED_EDGE('',*,*,#2488,.T.);
#2488 = EDGE_CURVE('',#2481,#2481,#2489,.T.);
#2489 = CIRCLE('',#2490,1.);
#2490 = AXIS2_PLACEMENT_3D('',#2491,#2492,#2493);
#2491 = CARTESIAN_POINT('',(-10.75,41.4,-7.132E-14));
#2492 = DIRECTION('',(7.8E-16,1.,6.7E-16));
#2493 = DIRECTION('',(-2.33E-15,-6.7E-16,1.));
#2494 = ORIENTED_EDGE('',*,*,#2480,.F.);
#2495 = CYLINDRICAL_SURFACE('',#2496,1.);
#2496 = AXIS2_PLACEMENT_3D('',#2497,#2498,#2499);
#2497 = CARTESIAN_POINT('',(-10.75,47.5,-7.314E-14));
#2498 = DIRECTION('',(-1.78E-15,1.,-1.44E-15));
#2499 = DIRECTION('',(-2.33E-15,1.44E-15,1.));
#2500 = ADVANCED_FACE('',(#2501),#2512,.F.);
#2501 = FACE_BOUND('',#2502,.F.);
#2502 = EDGE_LOOP('',(#2503,#2509,#2510,#2511));
#2503 = ORIENTED_EDGE('',*,*,#2504,.F.);
#2504 = EDGE_CURVE('',#1230,#2337,#2505,.T.);
#2505 = LINE('',#2506,#2507);
#2506 = CARTESIAN_POINT('',(12.5,34.6,-6.25));
#2507 = VECTOR('',#2508,1.);
#2508 = DIRECTION('',(-2.55E-15,-1.44E-15,1.));
#2509 = ORIENTED_EDGE('',*,*,#1239,.F.);
#2510 = ORIENTED_EDGE('',*,*,#2504,.T.);
#2511 = ORIENTED_EDGE('',*,*,#2336,.T.);
#2512 = CYLINDRICAL_SURFACE('',#2513,1.6);
#2513 = AXIS2_PLACEMENT_3D('',#2514,#2515,#2516);
#2514 = CARTESIAN_POINT('',(12.5,33.,-6.25));
#2515 = DIRECTION('',(2.33E-15,1.22E-15,-1.));
#2516 = DIRECTION('',(-2.E-15,1.,1.22E-15));
#2517 = ADVANCED_FACE('',(#2518),#2529,.F.);
#2518 = FACE_BOUND('',#2519,.F.);
#2519 = EDGE_LOOP('',(#2520,#2526,#2527,#2528));
#2520 = ORIENTED_EDGE('',*,*,#2521,.F.);
#2521 = EDGE_CURVE('',#1255,#2348,#2522,.T.);
#2522 = LINE('',#2523,#2524);
#2523 = CARTESIAN_POINT('',(-12.5,34.6,-6.25));
#2524 = VECTOR('',#2525,1.);
#2525 = DIRECTION('',(-2.55E-15,-1.44E-15,1.));
#2526 = ORIENTED_EDGE('',*,*,#1264,.F.);
#2527 = ORIENTED_EDGE('',*,*,#2521,.T.);
#2528 = ORIENTED_EDGE('',*,*,#2347,.T.);
#2529 = CYLINDRICAL_SURFACE('',#2530,1.6);
#2530 = AXIS2_PLACEMENT_3D('',#2531,#2532,#2533);
#2531 = CARTESIAN_POINT('',(-12.5,33.,-6.25));
#2532 = DIRECTION('',(2.33E-15,1.22E-15,-1.));
#2533 = DIRECTION('',(-2.E-15,1.,1.22E-15));
#2534 = ADVANCED_FACE('',(#2535),#2562,.T.);
#2535 = FACE_BOUND('',#2536,.T.);
#2536 = EDGE_LOOP('',(#2537,#2538,#2539,#2547,#2556));
#2537 = ORIENTED_EDGE('',*,*,#1279,.T.);
#2538 = ORIENTED_EDGE('',*,*,#1365,.T.);
#2539 = ORIENTED_EDGE('',*,*,#2540,.T.);
#2540 = EDGE_CURVE('',#1366,#2541,#2543,.T.);
#2541 = VERTEX_POINT('',#2542);
#2542 = CARTESIAN_POINT('',(-9.184122918276,39.225,2.35));
#2543 = LINE('',#2544,#2545);
#2544 = CARTESIAN_POINT('',(-9.184122918276,39.225,-6.25));
#2545 = VECTOR('',#2546,1.);
#2546 = DIRECTION('',(-2.33E-15,1.07E-15,1.));
#2547 = ORIENTED_EDGE('',*,*,#2548,.T.);
#2548 = EDGE_CURVE('',#2541,#2549,#2551,.T.);
#2549 = VERTEX_POINT('',#2550);
#2550 = CARTESIAN_POINT('',(-8.7,39.6,2.35));
#2551 = CIRCLE('',#2552,0.5);
#2552 = AXIS2_PLACEMENT_3D('',#2553,#2554,#2555);
#2553 = CARTESIAN_POINT('',(-8.7,39.1,2.35));
#2554 = DIRECTION('',(1.22E-15,-2.07E-15,-1.));
#2555 = DIRECTION('',(-5.2E-16,1.,-2.07E-15));
#2556 = ORIENTED_EDGE('',*,*,#2557,.F.);
#2557 = EDGE_CURVE('',#1280,#2549,#2558,.T.);
#2558 = LINE('',#2559,#2560);
#2559 = CARTESIAN_POINT('',(-8.7,39.6,-6.25));
#2560 = VECTOR('',#2561,1.);
#2561 = DIRECTION('',(-2.E-15,-1.E-15,1.));
#2562 = CYLINDRICAL_SURFACE('',#2563,0.5);
#2563 = AXIS2_PLACEMENT_3D('',#2564,#2565,#2566);
#2564 = CARTESIAN_POINT('',(-8.7,39.1,-6.25));
#2565 = DIRECTION('',(2.11E-15,-1.3E-15,-1.));
#2566 = DIRECTION('',(-1.1E-16,1.,-1.3E-15));
#2567 = ADVANCED_FACE('',(#2568),#2586,.F.);
#2568 = FACE_BOUND('',#2569,.F.);
#2569 = EDGE_LOOP('',(#2570,#2578,#2584,#2585));
#2570 = ORIENTED_EDGE('',*,*,#2571,.T.);
#2571 = EDGE_CURVE('',#1423,#2572,#2574,.T.);
#2572 = VERTEX_POINT('',#2573);
#2573 = CARTESIAN_POINT('',(-8.7,41.4,2.35));
#2574 = LINE('',#2575,#2576);
#2575 = CARTESIAN_POINT('',(-8.7,41.4,-6.25));
#2576 = VECTOR('',#2577,1.);
#2577 = DIRECTION('',(-2.E-15,-1.E-15,1.));
#2578 = ORIENTED_EDGE('',*,*,#2579,.T.);
#2579 = EDGE_CURVE('',#2572,#2549,#2580,.T.);
#2580 = LINE('',#2581,#2582);
#2581 = CARTESIAN_POINT('',(-8.7,41.4,2.35));
#2582 = VECTOR('',#2583,1.);
#2583 = DIRECTION('',(1.67E-15,-1.,1.44E-15));
#2584 = ORIENTED_EDGE('',*,*,#2557,.F.);
#2585 = ORIENTED_EDGE('',*,*,#1432,.F.);
#2586 = PLANE('',#2587);
#2587 = AXIS2_PLACEMENT_3D('',#2588,#2589,#2590);
#2588 = CARTESIAN_POINT('',(-8.7,41.4,-6.25));
#2589 = DIRECTION('',(1.,-7.8E-16,-2.2E-16));
#2590 = DIRECTION('',(-7.8E-16,-1.,1.44E-15));
#2591 = ADVANCED_FACE('',(#2592,#2613),#2717,.F.);
#2592 = FACE_BOUND('',#2593,.F.);
#2593 = EDGE_LOOP('',(#2594,#2602,#2603,#2604,#2605,#2606));
#2594 = ORIENTED_EDGE('',*,*,#2595,.F.);
#2595 = EDGE_CURVE('',#1555,#2596,#2598,.T.);
#2596 = VERTEX_POINT('',#2597);
#2597 = CARTESIAN_POINT('',(-12.08886042793,39.225,2.35));
#2598 = LINE('',#2599,#2600);
#2599 = CARTESIAN_POINT('',(-12.08886042793,39.225,-6.25));
#2600 = VECTOR('',#2601,1.);
#2601 = DIRECTION('',(-2.33E-15,1.07E-15,1.));
#2602 = ORIENTED_EDGE('',*,*,#1554,.F.);
#2603 = ORIENTED_EDGE('',*,*,#1514,.F.);
#2604 = ORIENTED_EDGE('',*,*,#1447,.F.);
#2605 = ORIENTED_EDGE('',*,*,#2540,.T.);
#2606 = ORIENTED_EDGE('',*,*,#2607,.T.);
#2607 = EDGE_CURVE('',#2541,#2596,#2608,.T.);
#2608 = CIRCLE('',#2609,1.5);
#2609 = AXIS2_PLACEMENT_3D('',#2610,#2611,#2612);
#2610 = CARTESIAN_POINT('',(-10.6364916731,39.6,2.35));
#2611 = DIRECTION('',(1.22E-15,-2.07E-15,-1.));
#2612 = DIRECTION('',(-5.2E-16,1.,-2.07E-15));
#2613 = FACE_BOUND('',#2614,.F.);
#2614 = EDGE_LOOP('',(#2615));
#2615 = ORIENTED_EDGE('',*,*,#2616,.T.);
#2616 = EDGE_CURVE('',#2617,#2617,#2619,.T.);
#2617 = VERTEX_POINT('',#2618);
#2618 = CARTESIAN_POINT('',(-10.75,38.104300879279,1.));
#2619 = B_SPLINE_CURVE_WITH_KNOTS('',6,(#2620,#2621,#2622,#2623,#2624,
    #2625,#2626,#2627,#2628,#2629,#2630,#2631,#2632,#2633,#2634,#2635,
    #2636,#2637,#2638,#2639,#2640,#2641,#2642,#2643,#2644,#2645,#2646,
    #2647,#2648,#2649,#2650,#2651,#2652,#2653,#2654,#2655,#2656,#2657,
    #2658,#2659,#2660,#2661,#2662,#2663,#2664,#2665,#2666,#2667,#2668,
    #2669,#2670,#2671,#2672,#2673,#2674,#2675,#2676,#2677,#2678,#2679,
    #2680,#2681,#2682,#2683,#2684,#2685,#2686,#2687,#2688,#2689,#2690,
    #2691,#2692,#2693,#2694,#2695,#2696,#2697,#2698,#2699,#2700,#2701,
    #2702,#2703,#2704,#2705,#2706,#2707,#2708,#2709,#2710,#2711,#2712,
    #2713,#2714,#2715,#2716),.UNSPECIFIED.,.T.,.F.,(7,5,5,5,5,5,5,5,5,5,
    5,5,5,5,5,5,5,5,5,7),(0.,6.292794521841E-03,7.007130327763E-02,
    9.324615756553E-02,0.143734331847,0.196275552715,0.246195250733,
    0.296336212489,0.348582569735,0.422220394697,0.487164431494,
    0.553039828529,0.630966535258,0.696045316404,0.713960040647,
    0.745794723739,0.795547365279,0.861438849797,0.937068464669,1.),
  .UNSPECIFIED.);
#2620 = CARTESIAN_POINT('',(-10.75,38.104300879279,1.));
#2621 = CARTESIAN_POINT('',(-10.74280689262,38.103754995704,1.));
#2622 = CARTESIAN_POINT('',(-10.73561063381,38.103250623679,
    0.999937911126));
#2623 = CARTESIAN_POINT('',(-10.72841234304,38.102787848257,
    0.99981363114));
#2624 = CARTESIAN_POINT('',(-10.72121314381,38.102366720051,
    0.999627093596));
#2625 = CARTESIAN_POINT('',(-10.71401416357,38.101987255239,
    0.999378267845));
#2626 = CARTESIAN_POINT('',(-10.63386737066,38.098225577444,
    0.995914019929));
#2627 = CARTESIAN_POINT('',(-10.5612211324,38.099087338462,
    0.986370183262));
#2628 = CARTESIAN_POINT('',(-10.48985720057,38.10416968534,
    0.970486667164));
#2629 = CARTESIAN_POINT('',(-10.42074376584,38.113122057699,
    0.94858049829));
#2630 = CARTESIAN_POINT('',(-10.35478363368,38.125312691394,
    0.921232981875));
#2631 = CARTESIAN_POINT('',(-10.27020278884,38.145225520901,
    0.877745485366));
#2632 = CARTESIAN_POINT('',(-10.2481322628,38.150862518224,
    0.865530686378));
#2633 = CARTESIAN_POINT('',(-10.22655299754,38.156796961147,
    0.852719202918));
#2634 = CARTESIAN_POINT('',(-10.2054807045,38.162996436135,
    0.839337507216));
#2635 = CARTESIAN_POINT('',(-10.18492754928,38.169428490453,
    0.825410738775));
#2636 = CARTESIAN_POINT('',(-10.12127530714,38.190509254905,
    0.779486567768));
#2637 = CARTESIAN_POINT('',(-10.08017743595,38.205900091904,
    0.745552775722));
#2638 = CARTESIAN_POINT('',(-10.04166415625,38.221909675314,
    0.709383856317));
#2639 = CARTESIAN_POINT('',(-10.00578275033,38.238214055791,
    0.671176085345));
#2640 = CARTESIAN_POINT('',(-9.972577566463,38.254488700612,
    0.631102068132));
#2641 = CARTESIAN_POINT('',(-9.910373751678,38.286975439852,
    0.545825280736));
#2642 = CARTESIAN_POINT('',(-9.88156482261,38.303176971818,
    0.500430198785));
#2643 = CARTESIAN_POINT('',(-9.855761856315,38.318632038049,
    0.453328951757));
#2644 = CARTESIAN_POINT('',(-9.83304040559,38.332959053006,
    0.404699927306));
#2645 = CARTESIAN_POINT('',(-9.813475594471,38.345794234631,
    0.354700933651));
#2646 = CARTESIAN_POINT('',(-9.781657216459,38.367276223523,
    0.254797375083));
#2647 = CARTESIAN_POINT('',(-9.769077420987,38.376107089829,
    0.204980769708));
#2648 = CARTESIAN_POINT('',(-9.759566112004,38.382978117439,
    0.154327540369));
#2649 = CARTESIAN_POINT('',(-9.753193657008,38.38764680556,
    0.103112967067));
#2650 = CARTESIAN_POINT('',(-9.75,38.389986564737,5.158869085835E-02));
#2651 = CARTESIAN_POINT('',(-9.75,38.389986564737,-5.181735222906E-02));
#2652 = CARTESIAN_POINT('',(-9.753222030472,38.38762601862,
    -0.103568949775));
#2653 = CARTESIAN_POINT('',(-9.759650856872,38.382916029764,
    -0.155006722609));
#2654 = CARTESIAN_POINT('',(-9.769245911453,38.375985384706,
    -0.205876097288));
#2655 = CARTESIAN_POINT('',(-9.781935799945,38.367080688223,
    -0.255898368864));
#2656 = CARTESIAN_POINT('',(-9.813864517591,38.34553962311,
    -0.355680089154));
#2657 = CARTESIAN_POINT('',(-9.833367700302,38.332754142098,
    -0.405376951357));
#2658 = CARTESIAN_POINT('',(-9.855991165397,38.318497759649,
    -0.453717063699));
#2659 = CARTESIAN_POINT('',(-9.881661019427,38.303128217535,
    -0.500545339235));
#2660 = CARTESIAN_POINT('',(-9.910303019899,38.287020550785,
    -0.545686576463));
#2661 = CARTESIAN_POINT('',(-9.986255228057,38.24733393483,
    -0.649911517881));
#2662 = CARTESIAN_POINT('',(-10.03652446154,38.223335300504,
    -0.707297280025));
#2663 = CARTESIAN_POINT('',(-10.0924689475,38.199580103289,
    -0.760561792484));
#2664 = CARTESIAN_POINT('',(-10.15391844199,38.177101989019,
    -0.809103945856));
#2665 = CARTESIAN_POINT('',(-10.22065576921,38.156909819827,
    -0.852232440222));
#2666 = CARTESIAN_POINT('',(-10.35561906883,38.125098932148,
    -0.921696110025));
#2667 = CARTESIAN_POINT('',(-10.42289717313,38.112711943396,
    -0.949494046918));
#2668 = CARTESIAN_POINT('',(-10.49341332409,38.103703047589,
    -0.971623126274));
#2669 = CARTESIAN_POINT('',(-10.5662360603,38.098729477256,
    -0.987486995255));
#2670 = CARTESIAN_POINT('',(-10.64036638446,38.098154624155,
    -0.996758122743));
#2671 = CARTESIAN_POINT('',(-10.79028817273,38.105991418859,
    -1.00203960345));
#2672 = CARTESIAN_POINT('',(-10.86555019968,38.114503908272,
    -0.997838914266));
#2673 = CARTESIAN_POINT('',(-10.93956590175,38.127530286886,
    -0.98690339559));
#2674 = CARTESIAN_POINT('',(-11.0113449384,38.144717284727,
    -0.969616002573));
#2675 = CARTESIAN_POINT('',(-11.079974685,38.165408690798,
    -0.946612777294));
#2676 = CARTESIAN_POINT('',(-11.22121902493,38.216268806568,
    -0.885941343444));
#2677 = CARTESIAN_POINT('',(-11.29249995353,38.247563530554,
    -0.846259557843));
#2678 = CARTESIAN_POINT('',(-11.35827449046,38.281546066577,
    -0.800756237684));
#2679 = CARTESIAN_POINT('',(-11.41843097749,38.317175712738,
    -0.750197124675));
#2680 = CARTESIAN_POINT('',(-11.47289541925,38.353379513375,
    -0.695180109433));
#2681 = CARTESIAN_POINT('',(-11.56220993775,38.418653271551,
    -0.586853684267));
#2682 = CARTESIAN_POINT('',(-11.59890675726,38.447983833054,
    -0.534645103903));
#2683 = CARTESIAN_POINT('',(-11.63159447736,38.476257287789,
    -0.479717249231));
#2684 = CARTESIAN_POINT('',(-11.66012700183,38.502679366178,
    -0.422239039027));
#2685 = CARTESIAN_POINT('',(-11.68432831955,38.526307617323,
    -0.362338836195));
#2686 = CARTESIAN_POINT('',(-11.70930284312,38.551603571873,
    -0.282950137592));
#2687 = CARTESIAN_POINT('',(-11.71434018099,38.556772884786,
    -0.265647284781));
#2688 = CARTESIAN_POINT('',(-11.71901699833,38.561628954943,
    -0.248185188469));
#2689 = CARTESIAN_POINT('',(-11.72332634236,38.566150297805,
    -0.230572777343));
#2690 = CARTESIAN_POINT('',(-11.72726124164,38.570316192583,
    -0.212820901141));
#2691 = CARTESIAN_POINT('',(-11.73712925571,38.580842428496,
    -0.163171893229));
#2692 = CARTESIAN_POINT('',(-11.74224593174,38.586400343094,
    -0.13096946397));
#2693 = CARTESIAN_POINT('',(-11.74611390237,38.590657121186,
    -9.84492011176E-02));
#2694 = CARTESIAN_POINT('',(-11.74870332662,38.593526705171,
    -6.571738778825E-02));
#2695 = CARTESIAN_POINT('',(-11.75,38.594963082304,-3.287162088453E-02)
  );
#2696 = CARTESIAN_POINT('',(-11.75,38.594963082304,5.137321348325E-02));
#2697 = CARTESIAN_POINT('',(-11.74683296886,38.591454294156,
    0.102563671975));
#2698 = CARTESIAN_POINT('',(-11.74054104355,38.584483048834,
    0.153313750371));
#2699 = CARTESIAN_POINT('',(-11.73119720319,38.574298041193,
    0.203344904378));
#2700 = CARTESIAN_POINT('',(-11.71892450639,38.561351957096,
    0.252309248127));
#2701 = CARTESIAN_POINT('',(-11.68426284929,38.526237502498,
    0.362620244541));
#2702 = CARTESIAN_POINT('',(-11.65980686437,38.502361882662,
    0.423075872508));
#2703 = CARTESIAN_POINT('',(-11.630939535,38.475645871977,0.481062640489
    ));
#2704 = CARTESIAN_POINT('',(-11.5978408177,38.447058337191,
    0.536448834971));
#2705 = CARTESIAN_POINT('',(-11.56065976004,38.417413301476,
    0.589060750892));
#2706 = CARTESIAN_POINT('',(-11.47216242679,38.352972737522,
    0.695675426664));
#2707 = CARTESIAN_POINT('',(-11.41945101836,38.317977070452,
    0.74887680807));
#2708 = CARTESIAN_POINT('',(-11.36141271573,38.28351303314,
    0.797903361779));
#2709 = CARTESIAN_POINT('',(-11.29811150305,38.250551886027,
    0.842218547069));
#2710 = CARTESIAN_POINT('',(-11.22964215515,38.220036287201,
    0.881136013164));
#2711 = CARTESIAN_POINT('',(-11.09511347919,38.17034669573,
    0.940939773657));
#2712 = CARTESIAN_POINT('',(-11.03044786818,38.150079819669,
    0.96381498253));
#2713 = CARTESIAN_POINT('',(-10.96284082796,38.132875846017,
    0.981626973687));
#2714 = CARTESIAN_POINT('',(-10.89302520759,38.119315142478,
    0.993813497727));
#2715 = CARTESIAN_POINT('',(-10.8218013311,38.109749868885,1.));
#2716 = CARTESIAN_POINT('',(-10.75,38.104300879279,1.));
#2717 = CYLINDRICAL_SURFACE('',#2718,1.5);
#2718 = AXIS2_PLACEMENT_3D('',#2719,#2720,#2721);
#2719 = CARTESIAN_POINT('',(-10.6364916731,39.6,-6.25));
#2720 = DIRECTION('',(2.11E-15,-1.3E-15,-1.));
#2721 = DIRECTION('',(-1.1E-16,1.,-1.3E-15));
#2722 = ADVANCED_FACE('',(#2723,#2741),#2744,.F.);
#2723 = FACE_BOUND('',#2724,.F.);
#2724 = EDGE_LOOP('',(#2725,#2733,#2739,#2740));
#2725 = ORIENTED_EDGE('',*,*,#2726,.T.);
#2726 = EDGE_CURVE('',#1481,#2727,#2729,.T.);
#2727 = VERTEX_POINT('',#2728);
#2728 = CARTESIAN_POINT('',(-12.8,41.4,2.35));
#2729 = LINE('',#2730,#2731);
#2730 = CARTESIAN_POINT('',(-12.8,41.4,-6.25));
#2731 = VECTOR('',#2732,1.);
#2732 = DIRECTION('',(-2.E-15,-1.E-15,1.));
#2733 = ORIENTED_EDGE('',*,*,#2734,.T.);
#2734 = EDGE_CURVE('',#2727,#2572,#2735,.T.);
#2735 = LINE('',#2736,#2737);
#2736 = CARTESIAN_POINT('',(-12.8,41.4,2.35));
#2737 = VECTOR('',#2738,1.);
#2738 = DIRECTION('',(1.,-1.E-15,-8.9E-16));
#2739 = ORIENTED_EDGE('',*,*,#2571,.F.);
#2740 = ORIENTED_EDGE('',*,*,#1490,.F.);
#2741 = FACE_BOUND('',#2742,.F.);
#2742 = EDGE_LOOP('',(#2743));
#2743 = ORIENTED_EDGE('',*,*,#2488,.F.);
#2744 = PLANE('',#2745);
#2745 = AXIS2_PLACEMENT_3D('',#2746,#2747,#2748);
#2746 = CARTESIAN_POINT('',(-12.8,41.4,-6.25));
#2747 = DIRECTION('',(-1.22E-15,1.,-1.22E-15));
#2748 = DIRECTION('',(1.,1.22E-15,-4.4E-16));
#2749 = ADVANCED_FACE('',(#2750),#2768,.F.);
#2750 = FACE_BOUND('',#2751,.F.);
#2751 = EDGE_LOOP('',(#2752,#2760,#2766,#2767));
#2752 = ORIENTED_EDGE('',*,*,#2753,.T.);
#2753 = EDGE_CURVE('',#1530,#2754,#2756,.T.);
#2754 = VERTEX_POINT('',#2755);
#2755 = CARTESIAN_POINT('',(-12.8,39.6,2.35));
#2756 = LINE('',#2757,#2758);
#2757 = CARTESIAN_POINT('',(-12.8,39.6,-6.25));
#2758 = VECTOR('',#2759,1.);
#2759 = DIRECTION('',(-2.E-15,-1.E-15,1.));
#2760 = ORIENTED_EDGE('',*,*,#2761,.T.);
#2761 = EDGE_CURVE('',#2754,#2727,#2762,.T.);
#2762 = LINE('',#2763,#2764);
#2763 = CARTESIAN_POINT('',(-12.8,39.6,2.35));
#2764 = VECTOR('',#2765,1.);
#2765 = DIRECTION('',(-1.67E-15,1.,-1.44E-15));
#2766 = ORIENTED_EDGE('',*,*,#2726,.F.);
#2767 = ORIENTED_EDGE('',*,*,#1539,.F.);
#2768 = PLANE('',#2769);
#2769 = AXIS2_PLACEMENT_3D('',#2770,#2771,#2772);
#2770 = CARTESIAN_POINT('',(-12.8,39.6,-6.25));
#2771 = DIRECTION('',(-1.,7.8E-16,2.2E-16));
#2772 = DIRECTION('',(7.8E-16,1.,-1.44E-15));
#2773 = ADVANCED_FACE('',(#2774),#2794,.T.);
#2774 = FACE_BOUND('',#2775,.T.);
#2775 = EDGE_LOOP('',(#2776,#2777,#2785,#2792,#2793));
#2776 = ORIENTED_EDGE('',*,*,#1597,.T.);
#2777 = ORIENTED_EDGE('',*,*,#2778,.T.);
#2778 = EDGE_CURVE('',#1590,#2779,#2781,.T.);
#2779 = VERTEX_POINT('',#2780);
#2780 = CARTESIAN_POINT('',(-12.5729833462,39.6,2.35));
#2781 = LINE('',#2782,#2783);
#2782 = CARTESIAN_POINT('',(-12.5729833462,39.6,-6.25));
#2783 = VECTOR('',#2784,1.);
#2784 = DIRECTION('',(-2.33E-15,1.07E-15,1.));
#2785 = ORIENTED_EDGE('',*,*,#2786,.T.);
#2786 = EDGE_CURVE('',#2779,#2596,#2787,.T.);
#2787 = CIRCLE('',#2788,0.5);
#2788 = AXIS2_PLACEMENT_3D('',#2789,#2790,#2791);
#2789 = CARTESIAN_POINT('',(-12.5729833462,39.1,2.35));
#2790 = DIRECTION('',(1.22E-15,-2.07E-15,-1.));
#2791 = DIRECTION('',(-5.2E-16,1.,-2.07E-15));
#2792 = ORIENTED_EDGE('',*,*,#2595,.F.);
#2793 = ORIENTED_EDGE('',*,*,#1674,.T.);
#2794 = CYLINDRICAL_SURFACE('',#2795,0.5);
#2795 = AXIS2_PLACEMENT_3D('',#2796,#2797,#2798);
#2796 = CARTESIAN_POINT('',(-12.5729833462,39.1,-6.25));
#2797 = DIRECTION('',(2.11E-15,-1.3E-15,-1.));
#2798 = DIRECTION('',(-1.1E-16,1.,-1.3E-15));
#2799 = ADVANCED_FACE('',(#2800),#2811,.F.);
#2800 = FACE_BOUND('',#2801,.F.);
#2801 = EDGE_LOOP('',(#2802,#2803,#2804,#2810));
#2802 = ORIENTED_EDGE('',*,*,#1589,.F.);
#2803 = ORIENTED_EDGE('',*,*,#2778,.T.);
#2804 = ORIENTED_EDGE('',*,*,#2805,.T.);
#2805 = EDGE_CURVE('',#2779,#2754,#2806,.T.);
#2806 = LINE('',#2807,#2808);
#2807 = CARTESIAN_POINT('',(-8.7,39.6,2.35));
#2808 = VECTOR('',#2809,1.);
#2809 = DIRECTION('',(-1.,1.E-15,8.9E-16));
#2810 = ORIENTED_EDGE('',*,*,#2753,.F.);
#2811 = PLANE('',#2812);
#2812 = AXIS2_PLACEMENT_3D('',#2813,#2814,#2815);
#2813 = CARTESIAN_POINT('',(-8.7,39.6,-6.25));
#2814 = DIRECTION('',(1.22E-15,-1.,1.22E-15));
#2815 = DIRECTION('',(-1.,-1.22E-15,4.4E-16));
#2816 = ADVANCED_FACE('',(#2817),#2827,.T.);
#2817 = FACE_BOUND('',#2818,.T.);
#2818 = EDGE_LOOP('',(#2819,#2820,#2821,#2822,#2823,#2824,#2825,#2826));
#2819 = ORIENTED_EDGE('',*,*,#1735,.F.);
#2820 = ORIENTED_EDGE('',*,*,#1818,.T.);
#2821 = ORIENTED_EDGE('',*,*,#2000,.F.);
#2822 = ORIENTED_EDGE('',*,*,#2019,.T.);
#2823 = ORIENTED_EDGE('',*,*,#1975,.T.);
#2824 = ORIENTED_EDGE('',*,*,#1940,.T.);
#2825 = ORIENTED_EDGE('',*,*,#1790,.T.);
#2826 = ORIENTED_EDGE('',*,*,#1767,.T.);
#2827 = PLANE('',#2828);
#2828 = AXIS2_PLACEMENT_3D('',#2829,#2830,#2831);
#2829 = CARTESIAN_POINT('',(10.75,40.097244539688,2.35));
#2830 = DIRECTION('',(1.08E-15,-4.92E-15,-1.));
#2831 = DIRECTION('',(3.3E-16,-1.,4.92E-15));
#2832 = ADVANCED_FACE('',(#2833),#2852,.F.);
#2833 = FACE_BOUND('',#2834,.F.);
#2834 = EDGE_LOOP('',(#2835,#2836,#2844,#2851));
#2835 = ORIENTED_EDGE('',*,*,#1827,.F.);
#2836 = ORIENTED_EDGE('',*,*,#2837,.T.);
#2837 = EDGE_CURVE('',#1828,#2838,#2840,.T.);
#2838 = VERTEX_POINT('',#2839);
#2839 = CARTESIAN_POINT('',(10.75,37.5,1.));
#2840 = LINE('',#2841,#2842);
#2841 = CARTESIAN_POINT('',(10.75,47.5,1.));
#2842 = VECTOR('',#2843,1.);
#2843 = DIRECTION('',(2.E-15,-1.,1.67E-15));
#2844 = ORIENTED_EDGE('',*,*,#2845,.T.);
#2845 = EDGE_CURVE('',#2838,#2838,#2846,.T.);
#2846 = CIRCLE('',#2847,1.);
#2847 = AXIS2_PLACEMENT_3D('',#2848,#2849,#2850);
#2848 = CARTESIAN_POINT('',(10.75,37.5,-1.262E-14));
#2849 = DIRECTION('',(8.9E-16,1.,1.44E-15));
#2850 = DIRECTION('',(-2.33E-15,-1.44E-15,1.));
#2851 = ORIENTED_EDGE('',*,*,#2837,.F.);
#2852 = CYLINDRICAL_SURFACE('',#2853,1.);
#2853 = AXIS2_PLACEMENT_3D('',#2854,#2855,#2856);
#2854 = CARTESIAN_POINT('',(10.75,47.5,-8.507E-14));
#2855 = DIRECTION('',(-1.78E-15,1.,-1.44E-15));
#2856 = DIRECTION('',(-2.33E-15,1.44E-15,1.));
#2857 = ADVANCED_FACE('',(#2858,#2922,#2933),#2944,.T.);
#2858 = FACE_BOUND('',#2859,.T.);
#2859 = EDGE_LOOP('',(#2860,#2861,#2869,#2877,#2883,#2884,#2892,#2900,
    #2908,#2916));
#2860 = ORIENTED_EDGE('',*,*,#2434,.T.);
#2861 = ORIENTED_EDGE('',*,*,#2862,.F.);
#2862 = EDGE_CURVE('',#2863,#2427,#2865,.T.);
#2863 = VERTEX_POINT('',#2864);
#2864 = CARTESIAN_POINT('',(-18.,-47.5,6.25));
#2865 = LINE('',#2866,#2867);
#2866 = CARTESIAN_POINT('',(-25.625,-39.875,6.25));
#2867 = VECTOR('',#2868,1.);
#2868 = DIRECTION('',(-0.707106781187,0.707106781187,-2.18E-15));
#2869 = ORIENTED_EDGE('',*,*,#2870,.T.);
#2870 = EDGE_CURVE('',#2863,#2871,#2873,.T.);
#2871 = VERTEX_POINT('',#2872);
#2872 = CARTESIAN_POINT('',(18.,-47.5,6.25));
#2873 = LINE('',#2874,#2875);
#2874 = CARTESIAN_POINT('',(-19.,-47.5,6.25));
#2875 = VECTOR('',#2876,1.);
#2876 = DIRECTION('',(1.,-1.55E-15,-6.7E-16));
#2877 = ORIENTED_EDGE('',*,*,#2878,.T.);
#2878 = EDGE_CURVE('',#2871,#2037,#2879,.T.);
#2879 = LINE('',#2880,#2881);
#2880 = CARTESIAN_POINT('',(25.625,-39.875,6.25));
#2881 = VECTOR('',#2882,1.);
#2882 = DIRECTION('',(0.707106781187,0.707106781187,-1.4E-16));
#2883 = ORIENTED_EDGE('',*,*,#2034,.F.);
#2884 = ORIENTED_EDGE('',*,*,#2885,.F.);
#2885 = EDGE_CURVE('',#2886,#2035,#2888,.T.);
#2886 = VERTEX_POINT('',#2887);
#2887 = CARTESIAN_POINT('',(12.05,-31.5,6.25));
#2888 = LINE('',#2889,#2890);
#2889 = CARTESIAN_POINT('',(19.,-31.5,6.25));
#2890 = VECTOR('',#2891,1.);
#2891 = DIRECTION('',(1.,-8.9E-16,-5.6E-16));
#2892 = ORIENTED_EDGE('',*,*,#2893,.F.);
#2893 = EDGE_CURVE('',#2894,#2886,#2896,.T.);
#2894 = VERTEX_POINT('',#2895);
#2895 = CARTESIAN_POINT('',(12.05,-34.55,6.25));
#2896 = LINE('',#2897,#2898);
#2897 = CARTESIAN_POINT('',(12.05,-47.5,6.25));
#2898 = VECTOR('',#2899,1.);
#2899 = DIRECTION('',(-2.22E-15,1.,-1.67E-15));
#2900 = ORIENTED_EDGE('',*,*,#2901,.T.);
#2901 = EDGE_CURVE('',#2894,#2902,#2904,.T.);
#2902 = VERTEX_POINT('',#2903);
#2903 = CARTESIAN_POINT('',(-12.05,-34.55,6.25));
#2904 = LINE('',#2905,#2906);
#2905 = CARTESIAN_POINT('',(-19.,-34.55,6.25));
#2906 = VECTOR('',#2907,1.);
#2907 = DIRECTION('',(-1.,8.9E-16,5.6E-16));
#2908 = ORIENTED_EDGE('',*,*,#2909,.T.);
#2909 = EDGE_CURVE('',#2902,#2910,#2912,.T.);
#2910 = VERTEX_POINT('',#2911);
#2911 = CARTESIAN_POINT('',(-12.05,-31.5,6.25));
#2912 = LINE('',#2913,#2914);
#2913 = CARTESIAN_POINT('',(-12.05,-47.5,6.25));
#2914 = VECTOR('',#2915,1.);
#2915 = DIRECTION('',(-2.22E-15,1.,-1.67E-15));
#2916 = ORIENTED_EDGE('',*,*,#2917,.F.);
#2917 = EDGE_CURVE('',#2435,#2910,#2918,.T.);
#2918 = LINE('',#2919,#2920);
#2919 = CARTESIAN_POINT('',(19.,-31.5,6.25));
#2920 = VECTOR('',#2921,1.);
#2921 = DIRECTION('',(1.,-8.9E-16,-5.6E-16));
#2922 = FACE_BOUND('',#2923,.T.);
#2923 = EDGE_LOOP('',(#2924));
#2924 = ORIENTED_EDGE('',*,*,#2925,.T.);
#2925 = EDGE_CURVE('',#2926,#2926,#2928,.T.);
#2926 = VERTEX_POINT('',#2927);
#2927 = CARTESIAN_POINT('',(12.5,-39.4,6.25));
#2928 = CIRCLE('',#2929,1.6);
#2929 = AXIS2_PLACEMENT_3D('',#2930,#2931,#2932);
#2930 = CARTESIAN_POINT('',(12.5,-41.,6.25));
#2931 = DIRECTION('',(-7.8E-16,-1.89E-15,-1.));
#2932 = DIRECTION('',(-2.E-15,1.,-1.89E-15));
#2933 = FACE_BOUND('',#2934,.T.);
#2934 = EDGE_LOOP('',(#2935));
#2935 = ORIENTED_EDGE('',*,*,#2936,.T.);
#2936 = EDGE_CURVE('',#2937,#2937,#2939,.T.);
#2937 = VERTEX_POINT('',#2938);
#2938 = CARTESIAN_POINT('',(-12.5,-39.4,6.25));
#2939 = CIRCLE('',#2940,1.6);
#2940 = AXIS2_PLACEMENT_3D('',#2941,#2942,#2943);
#2941 = CARTESIAN_POINT('',(-12.5,-41.,6.25));
#2942 = DIRECTION('',(-7.8E-16,-1.89E-15,-1.));
#2943 = DIRECTION('',(-2.E-15,1.,-1.89E-15));
#2944 = PLANE('',#2945);
#2945 = AXIS2_PLACEMENT_3D('',#2946,#2947,#2948);
#2946 = CARTESIAN_POINT('',(-1.55E-14,-9.23E-15,6.25));
#2947 = DIRECTION('',(-2.33E-15,-8.E-16,1.));
#2948 = DIRECTION('',(-2.22E-15,1.,8.E-16));
#2949 = ADVANCED_FACE('',(#2950),#2968,.T.);
#2950 = FACE_BOUND('',#2951,.T.);
#2951 = EDGE_LOOP('',(#2952,#2953,#2961,#2967));
#2952 = ORIENTED_EDGE('',*,*,#2878,.F.);
#2953 = ORIENTED_EDGE('',*,*,#2954,.T.);
#2954 = EDGE_CURVE('',#2871,#2955,#2957,.T.);
#2955 = VERTEX_POINT('',#2956);
#2956 = CARTESIAN_POINT('',(18.,-47.5,-5.25));
#2957 = LINE('',#2958,#2959);
#2958 = CARTESIAN_POINT('',(18.,-47.5,6.25));
#2959 = VECTOR('',#2960,1.);
#2960 = DIRECTION('',(2.33E-15,-1.1E-16,-1.));
#2961 = ORIENTED_EDGE('',*,*,#2962,.F.);
#2962 = EDGE_CURVE('',#2045,#2955,#2963,.T.);
#2963 = LINE('',#2964,#2965);
#2964 = CARTESIAN_POINT('',(18.5,-47.,-5.25));
#2965 = VECTOR('',#2966,1.);
#2966 = DIRECTION('',(-0.707106781187,-0.707106781187,-7.12E-15));
#2967 = ORIENTED_EDGE('',*,*,#2044,.F.);
#2968 = PLANE('',#2969);
#2969 = AXIS2_PLACEMENT_3D('',#2970,#2971,#2972);
#2970 = CARTESIAN_POINT('',(18.5,-47.,6.25));
#2971 = DIRECTION('',(0.707106781187,-0.707106781187,2.58E-15));
#2972 = DIRECTION('',(2.934335495461E-15,-7.143354954613E-16,-1.));
#2973 = ADVANCED_FACE('',(#2974),#2993,.F.);
#2974 = FACE_BOUND('',#2975,.F.);
#2975 = EDGE_LOOP('',(#2976,#2984,#2985,#2986));
#2976 = ORIENTED_EDGE('',*,*,#2977,.F.);
#2977 = EDGE_CURVE('',#2095,#2978,#2980,.T.);
#2978 = VERTEX_POINT('',#2979);
#2979 = CARTESIAN_POINT('',(12.05,-22.5,6.25));
#2980 = LINE('',#2981,#2982);
#2981 = CARTESIAN_POINT('',(19.,-22.5,6.25));
#2982 = VECTOR('',#2983,1.);
#2983 = DIRECTION('',(-1.,1.11E-15,7.8E-16));
#2984 = ORIENTED_EDGE('',*,*,#2102,.F.);
#2985 = ORIENTED_EDGE('',*,*,#2885,.F.);
#2986 = ORIENTED_EDGE('',*,*,#2987,.T.);
#2987 = EDGE_CURVE('',#2886,#2978,#2988,.T.);
#2988 = CIRCLE('',#2989,4.5);
#2989 = AXIS2_PLACEMENT_3D('',#2990,#2991,#2992);
#2990 = CARTESIAN_POINT('',(12.05,-27.,6.25));
#2991 = DIRECTION('',(1.,2.22E-15,2.55E-15));
#2992 = DIRECTION('',(-2.22E-15,1.,-1.89E-15));
#2993 = CYLINDRICAL_SURFACE('',#2994,4.5);
#2994 = AXIS2_PLACEMENT_3D('',#2995,#2996,#2997);
#2995 = CARTESIAN_POINT('',(19.,-27.,6.25));
#2996 = DIRECTION('',(1.,-8.9E-16,-5.6E-16));
#2997 = DIRECTION('',(8.9E-16,1.,-1.89E-15));
#2998 = ADVANCED_FACE('',(#2999),#3024,.T.);
#2999 = FACE_BOUND('',#3000,.T.);
#3000 = EDGE_LOOP('',(#3001,#3009,#3017,#3023));
#3001 = ORIENTED_EDGE('',*,*,#3002,.F.);
#3002 = EDGE_CURVE('',#3003,#2045,#3005,.T.);
#3003 = VERTEX_POINT('',#3004);
#3004 = CARTESIAN_POINT('',(18.,-46.5,-6.25));
#3005 = LINE('',#3006,#3007);
#3006 = CARTESIAN_POINT('',(18.25,-46.5,-6.));
#3007 = VECTOR('',#3008,1.);
#3008 = DIRECTION('',(0.707106781187,-5.39E-15,0.707106781187));
#3009 = ORIENTED_EDGE('',*,*,#3010,.T.);
#3010 = EDGE_CURVE('',#3003,#3011,#3013,.T.);
#3011 = VERTEX_POINT('',#3012);
#3012 = CARTESIAN_POINT('',(18.,-6.55,-6.25));
#3013 = LINE('',#3014,#3015);
#3014 = CARTESIAN_POINT('',(18.,-47.5,-6.25));
#3015 = VECTOR('',#3016,1.);
#3016 = DIRECTION('',(-6.7E-16,1.,-2.11E-15));
#3017 = ORIENTED_EDGE('',*,*,#3018,.T.);
#3018 = EDGE_CURVE('',#3011,#2053,#3019,.T.);
#3019 = LINE('',#3020,#3021);
#3020 = CARTESIAN_POINT('',(18.5,-6.55,-5.75));
#3021 = VECTOR('',#3022,1.);
#3022 = DIRECTION('',(0.707106781187,1.15E-15,0.707106781187));
#3023 = ORIENTED_EDGE('',*,*,#2052,.F.);
#3024 = PLANE('',#3025);
#3025 = AXIS2_PLACEMENT_3D('',#3026,#3027,#3028);
#3026 = CARTESIAN_POINT('',(18.5,-47.5,-5.75));
#3027 = DIRECTION('',(0.707106781187,-1.51E-15,-0.707106781187));
#3028 = DIRECTION('',(-3.172687604083E-16,1.,-2.452731239592E-15));
#3029 = ADVANCED_FACE('',(#3030,#3103,#3153,#3203,#3253,#3303,#3353),
  #3403,.T.);
#3030 = FACE_BOUND('',#3031,.T.);
#3031 = EDGE_LOOP('',(#3032,#3040,#3041,#3049,#3057,#3065,#3071,#3072,
    #3073,#3081,#3089,#3097));
#3032 = ORIENTED_EDGE('',*,*,#3033,.F.);
#3033 = EDGE_CURVE('',#2452,#3034,#3036,.T.);
#3034 = VERTEX_POINT('',#3035);
#3035 = CARTESIAN_POINT('',(-12.05,15.5,6.25));
#3036 = LINE('',#3037,#3038);
#3037 = CARTESIAN_POINT('',(19.,15.5,6.25));
#3038 = VECTOR('',#3039,1.);
#3039 = DIRECTION('',(1.,-8.9E-16,-5.6E-16));
#3040 = ORIENTED_EDGE('',*,*,#2451,.T.);
#3041 = ORIENTED_EDGE('',*,*,#3042,.F.);
#3042 = EDGE_CURVE('',#3043,#2443,#3045,.T.);
#3043 = VERTEX_POINT('',#3044);
#3044 = CARTESIAN_POINT('',(-12.05,-22.5,6.25));
#3045 = LINE('',#3046,#3047);
#3046 = CARTESIAN_POINT('',(19.,-22.5,6.25));
#3047 = VECTOR('',#3048,1.);
#3048 = DIRECTION('',(-1.,1.11E-15,7.8E-16));
#3049 = ORIENTED_EDGE('',*,*,#3050,.T.);
#3050 = EDGE_CURVE('',#3043,#3051,#3053,.T.);
#3051 = VERTEX_POINT('',#3052);
#3052 = CARTESIAN_POINT('',(-12.05,-19.45,6.25));
#3053 = LINE('',#3054,#3055);
#3054 = CARTESIAN_POINT('',(-12.05,-47.5,6.25));
#3055 = VECTOR('',#3056,1.);
#3056 = DIRECTION('',(-2.22E-15,1.,-1.67E-15));
#3057 = ORIENTED_EDGE('',*,*,#3058,.T.);
#3058 = EDGE_CURVE('',#3051,#3059,#3061,.T.);
#3059 = VERTEX_POINT('',#3060);
#3060 = CARTESIAN_POINT('',(12.05,-19.45,6.25));
#3061 = LINE('',#3062,#3063);
#3062 = CARTESIAN_POINT('',(-19.,-19.45,6.25));
#3063 = VECTOR('',#3064,1.);
#3064 = DIRECTION('',(1.,-1.11E-15,-7.8E-16));
#3065 = ORIENTED_EDGE('',*,*,#3066,.F.);
#3066 = EDGE_CURVE('',#2978,#3059,#3067,.T.);
#3067 = LINE('',#3068,#3069);
#3068 = CARTESIAN_POINT('',(12.05,-47.5,6.25));
#3069 = VECTOR('',#3070,1.);
#3070 = DIRECTION('',(-2.22E-15,1.,-1.67E-15));
#3071 = ORIENTED_EDGE('',*,*,#2977,.F.);
#3072 = ORIENTED_EDGE('',*,*,#2094,.F.);
#3073 = ORIENTED_EDGE('',*,*,#3074,.F.);
#3074 = EDGE_CURVE('',#3075,#2086,#3077,.T.);
#3075 = VERTEX_POINT('',#3076);
#3076 = CARTESIAN_POINT('',(12.05,15.5,6.25));
#3077 = LINE('',#3078,#3079);
#3078 = CARTESIAN_POINT('',(19.,15.5,6.25));
#3079 = VECTOR('',#3080,1.);
#3080 = DIRECTION('',(1.,-8.9E-16,-5.6E-16));
#3081 = ORIENTED_EDGE('',*,*,#3082,.F.);
#3082 = EDGE_CURVE('',#3083,#3075,#3085,.T.);
#3083 = VERTEX_POINT('',#3084);
#3084 = CARTESIAN_POINT('',(12.05,12.45,6.25));
#3085 = LINE('',#3086,#3087);
#3086 = CARTESIAN_POINT('',(12.05,-47.5,6.25));
#3087 = VECTOR('',#3088,1.);
#3088 = DIRECTION('',(-2.22E-15,1.,-1.67E-15));
#3089 = ORIENTED_EDGE('',*,*,#3090,.T.);
#3090 = EDGE_CURVE('',#3083,#3091,#3093,.T.);
#3091 = VERTEX_POINT('',#3092);
#3092 = CARTESIAN_POINT('',(-12.05,12.45,6.25));
#3093 = LINE('',#3094,#3095);
#3094 = CARTESIAN_POINT('',(-19.,12.45,6.25));
#3095 = VECTOR('',#3096,1.);
#3096 = DIRECTION('',(-1.,8.9E-16,5.6E-16));
#3097 = ORIENTED_EDGE('',*,*,#3098,.T.);
#3098 = EDGE_CURVE('',#3091,#3034,#3099,.T.);
#3099 = LINE('',#3100,#3101);
#3100 = CARTESIAN_POINT('',(-12.05,-47.5,6.25));
#3101 = VECTOR('',#3102,1.);
#3102 = DIRECTION('',(-2.22E-15,1.,-1.67E-15));
#3103 = FACE_BOUND('',#3104,.T.);
#3104 = EDGE_LOOP('',(#3105,#3115,#3123,#3131,#3139,#3147));
#3105 = ORIENTED_EDGE('',*,*,#3106,.F.);
#3106 = EDGE_CURVE('',#3107,#3109,#3111,.T.);
#3107 = VERTEX_POINT('',#3108);
#3108 = CARTESIAN_POINT('',(11.732863896323,-3.25,6.25));
#3109 = VERTEX_POINT('',#3110);
#3110 = CARTESIAN_POINT('',(12.916431948161,-5.3,6.25));
#3111 = LINE('',#3112,#3113);
#3112 = CARTESIAN_POINT('',(11.732863896323,-3.25,6.25));
#3113 = VECTOR('',#3114,1.);
#3114 = DIRECTION('',(0.5,-0.866025403784,2.472050807569E-15));
#3115 = ORIENTED_EDGE('',*,*,#3116,.F.);
#3116 = EDGE_CURVE('',#3117,#3107,#3119,.T.);
#3117 = VERTEX_POINT('',#3118);
#3118 = CARTESIAN_POINT('',(12.916431948161,-1.2,6.25));
#3119 = LINE('',#3120,#3121);
#3120 = CARTESIAN_POINT('',(12.916431948161,-1.2,6.25));
#3121 = VECTOR('',#3122,1.);
#3122 = DIRECTION('',(-0.5,-0.866025403784,3.620508075689E-16));
#3123 = ORIENTED_EDGE('',*,*,#3124,.F.);
#3124 = EDGE_CURVE('',#3125,#3117,#3127,.T.);
#3125 = VERTEX_POINT('',#3126);
#3126 = CARTESIAN_POINT('',(15.283568051839,-1.2,6.25));
#3127 = LINE('',#3128,#3129);
#3128 = CARTESIAN_POINT('',(15.283568051839,-1.2,6.25));
#3129 = VECTOR('',#3130,1.);
#3130 = DIRECTION('',(-1.,-3.1E-16,-2.11E-15));
#3131 = ORIENTED_EDGE('',*,*,#3132,.F.);
#3132 = EDGE_CURVE('',#3133,#3125,#3135,.T.);
#3133 = VERTEX_POINT('',#3134);
#3134 = CARTESIAN_POINT('',(16.467136103677,-3.25,6.25));
#3135 = LINE('',#3136,#3137);
#3136 = CARTESIAN_POINT('',(16.467136103677,-3.25,6.25));
#3137 = VECTOR('',#3138,1.);
#3138 = DIRECTION('',(-0.5,0.866025403784,-2.472050807569E-15));
#3139 = ORIENTED_EDGE('',*,*,#3140,.F.);
#3140 = EDGE_CURVE('',#3141,#3133,#3143,.T.);
#3141 = VERTEX_POINT('',#3142);
#3142 = CARTESIAN_POINT('',(15.283568051839,-5.3,6.25));
#3143 = LINE('',#3144,#3145);
#3144 = CARTESIAN_POINT('',(15.283568051839,-5.3,6.25));
#3145 = VECTOR('',#3146,1.);
#3146 = DIRECTION('',(0.5,0.866025403784,-3.620508075689E-16));
#3147 = ORIENTED_EDGE('',*,*,#3148,.F.);
#3148 = EDGE_CURVE('',#3109,#3141,#3149,.T.);
#3149 = LINE('',#3150,#3151);
#3150 = CARTESIAN_POINT('',(12.916431948161,-5.3,6.25));
#3151 = VECTOR('',#3152,1.);
#3152 = DIRECTION('',(1.,3.1E-16,2.11E-15));
#3153 = FACE_BOUND('',#3154,.T.);
#3154 = EDGE_LOOP('',(#3155,#3165,#3173,#3181,#3189,#3197));
#3155 = ORIENTED_EDGE('',*,*,#3156,.F.);
#3156 = EDGE_CURVE('',#3157,#3159,#3161,.T.);
#3157 = VERTEX_POINT('',#3158);
#3158 = CARTESIAN_POINT('',(1.183568051839,-2.45,6.25));
#3159 = VERTEX_POINT('',#3160);
#3160 = CARTESIAN_POINT('',(-1.183568051839,-2.45,6.25));
#3161 = LINE('',#3162,#3163);
#3162 = CARTESIAN_POINT('',(1.183568051839,-2.45,6.25));
#3163 = VECTOR('',#3164,1.);
#3164 = DIRECTION('',(-1.,3.3E-16,2.2E-16));
#3165 = ORIENTED_EDGE('',*,*,#3166,.F.);
#3166 = EDGE_CURVE('',#3167,#3157,#3169,.T.);
#3167 = VERTEX_POINT('',#3168);
#3168 = CARTESIAN_POINT('',(2.367136103677,-4.5,6.25));
#3169 = LINE('',#3170,#3171);
#3170 = CARTESIAN_POINT('',(2.367136103677,-4.5,6.25));
#3171 = VECTOR('',#3172,1.);
#3172 = DIRECTION('',(-0.5,0.866025403784,-7.5E-16));
#3173 = ORIENTED_EDGE('',*,*,#3174,.F.);
#3174 = EDGE_CURVE('',#3175,#3167,#3177,.T.);
#3175 = VERTEX_POINT('',#3176);
#3176 = CARTESIAN_POINT('',(1.183568051839,-6.55,6.25));
#3177 = LINE('',#3178,#3179);
#3178 = CARTESIAN_POINT('',(1.183568051839,-6.55,6.25));
#3179 = VECTOR('',#3180,1.);
#3180 = DIRECTION('',(0.5,0.866025403784,-9.8E-16));
#3181 = ORIENTED_EDGE('',*,*,#3182,.F.);
#3182 = EDGE_CURVE('',#3183,#3175,#3185,.T.);
#3183 = VERTEX_POINT('',#3184);
#3184 = CARTESIAN_POINT('',(-1.183568051839,-6.55,6.25));
#3185 = LINE('',#3186,#3187);
#3186 = CARTESIAN_POINT('',(-1.183568051839,-6.55,6.25));
#3187 = VECTOR('',#3188,1.);
#3188 = DIRECTION('',(1.,4.E-17,-2.2E-16));
#3189 = ORIENTED_EDGE('',*,*,#3190,.F.);
#3190 = EDGE_CURVE('',#3191,#3183,#3193,.T.);
#3191 = VERTEX_POINT('',#3192);
#3192 = CARTESIAN_POINT('',(-2.367136103677,-4.5,6.25));
#3193 = LINE('',#3194,#3195);
#3194 = CARTESIAN_POINT('',(-2.367136103677,-4.5,6.25));
#3195 = VECTOR('',#3196,1.);
#3196 = DIRECTION('',(0.5,-0.866025403784,7.5E-16));
#3197 = ORIENTED_EDGE('',*,*,#3198,.F.);
#3198 = EDGE_CURVE('',#3159,#3191,#3199,.T.);
#3199 = LINE('',#3200,#3201);
#3200 = CARTESIAN_POINT('',(-1.183568051839,-2.45,6.25));
#3201 = VECTOR('',#3202,1.);
#3202 = DIRECTION('',(-0.5,-0.866025403784,9.8E-16));
#3203 = FACE_BOUND('',#3204,.T.);
#3204 = EDGE_LOOP('',(#3205,#3215,#3223,#3231,#3239,#3247));
#3205 = ORIENTED_EDGE('',*,*,#3206,.F.);
#3206 = EDGE_CURVE('',#3207,#3209,#3211,.T.);
#3207 = VERTEX_POINT('',#3208);
#3208 = CARTESIAN_POINT('',(11.732863896323,3.25,6.25));
#3209 = VERTEX_POINT('',#3210);
#3210 = CARTESIAN_POINT('',(12.916431948161,1.2,6.25));
#3211 = LINE('',#3212,#3213);
#3212 = CARTESIAN_POINT('',(11.732863896323,3.25,6.25));
#3213 = VECTOR('',#3214,1.);
#3214 = DIRECTION('',(0.5,-0.866025403784,2.472050807569E-15));
#3215 = ORIENTED_EDGE('',*,*,#3216,.F.);
#3216 = EDGE_CURVE('',#3217,#3207,#3219,.T.);
#3217 = VERTEX_POINT('',#3218);
#3218 = CARTESIAN_POINT('',(12.916431948161,5.3,6.25));
#3219 = LINE('',#3220,#3221);
#3220 = CARTESIAN_POINT('',(12.916431948161,5.3,6.25));
#3221 = VECTOR('',#3222,1.);
#3222 = DIRECTION('',(-0.5,-0.866025403784,3.620508075689E-16));
#3223 = ORIENTED_EDGE('',*,*,#3224,.F.);
#3224 = EDGE_CURVE('',#3225,#3217,#3227,.T.);
#3225 = VERTEX_POINT('',#3226);
#3226 = CARTESIAN_POINT('',(15.283568051839,5.3,6.25));
#3227 = LINE('',#3228,#3229);
#3228 = CARTESIAN_POINT('',(15.283568051839,5.3,6.25));
#3229 = VECTOR('',#3230,1.);
#3230 = DIRECTION('',(-1.,7.E-17,-2.11E-15));
#3231 = ORIENTED_EDGE('',*,*,#3232,.F.);
#3232 = EDGE_CURVE('',#3233,#3225,#3235,.T.);
#3233 = VERTEX_POINT('',#3234);
#3234 = CARTESIAN_POINT('',(16.467136103677,3.25,6.25));
#3235 = LINE('',#3236,#3237);
#3236 = CARTESIAN_POINT('',(16.467136103677,3.25,6.25));
#3237 = VECTOR('',#3238,1.);
#3238 = DIRECTION('',(-0.5,0.866025403784,-2.472050807569E-15));
#3239 = ORIENTED_EDGE('',*,*,#3240,.F.);
#3240 = EDGE_CURVE('',#3241,#3233,#3243,.T.);
#3241 = VERTEX_POINT('',#3242);
#3242 = CARTESIAN_POINT('',(15.283568051839,1.2,6.25));
#3243 = LINE('',#3244,#3245);
#3244 = CARTESIAN_POINT('',(15.283568051839,1.2,6.25));
#3245 = VECTOR('',#3246,1.);
#3246 = DIRECTION('',(0.5,0.866025403784,-3.620508075689E-16));
#3247 = ORIENTED_EDGE('',*,*,#3248,.F.);
#3248 = EDGE_CURVE('',#3209,#3241,#3249,.T.);
#3249 = LINE('',#3250,#3251);
#3250 = CARTESIAN_POINT('',(12.916431948161,1.2,6.25));
#3251 = VECTOR('',#3252,1.);
#3252 = DIRECTION('',(1.,3.1E-16,2.11E-15));
#3253 = FACE_BOUND('',#3254,.T.);
#3254 = EDGE_LOOP('',(#3255,#3265,#3273,#3281,#3289,#3297));
#3255 = ORIENTED_EDGE('',*,*,#3256,.F.);
#3256 = EDGE_CURVE('',#3257,#3259,#3261,.T.);
#3257 = VERTEX_POINT('',#3258);
#3258 = CARTESIAN_POINT('',(2.367136103678,4.499999999999,6.25));
#3259 = VERTEX_POINT('',#3260);
#3260 = CARTESIAN_POINT('',(1.18356805184,6.55,6.25));
#3261 = LINE('',#3262,#3263);
#3262 = CARTESIAN_POINT('',(2.367136103678,4.499999999999,6.25));
#3263 = VECTOR('',#3264,1.);
#3264 = DIRECTION('',(-0.5,0.866025403785,-7.5E-16));
#3265 = ORIENTED_EDGE('',*,*,#3266,.F.);
#3266 = EDGE_CURVE('',#3267,#3257,#3269,.T.);
#3267 = VERTEX_POINT('',#3268);
#3268 = CARTESIAN_POINT('',(1.183568051838,2.45,6.25));
#3269 = LINE('',#3270,#3271);
#3270 = CARTESIAN_POINT('',(1.183568051838,2.45,6.25));
#3271 = VECTOR('',#3272,1.);
#3272 = DIRECTION('',(0.5,0.866025403784,-9.8E-16));
#3273 = ORIENTED_EDGE('',*,*,#3274,.F.);
#3274 = EDGE_CURVE('',#3275,#3267,#3277,.T.);
#3275 = VERTEX_POINT('',#3276);
#3276 = CARTESIAN_POINT('',(-1.183568051838,2.45,6.25));
#3277 = LINE('',#3278,#3279);
#3278 = CARTESIAN_POINT('',(-1.183568051838,2.45,6.25));
#3279 = VECTOR('',#3280,1.);
#3280 = DIRECTION('',(1.,-3.3E-16,-2.2E-16));
#3281 = ORIENTED_EDGE('',*,*,#3282,.F.);
#3282 = EDGE_CURVE('',#3283,#3275,#3285,.T.);
#3283 = VERTEX_POINT('',#3284);
#3284 = CARTESIAN_POINT('',(-2.367136103677,4.499999999999,6.25));
#3285 = LINE('',#3286,#3287);
#3286 = CARTESIAN_POINT('',(-2.367136103677,4.499999999999,6.25));
#3287 = VECTOR('',#3288,1.);
#3288 = DIRECTION('',(0.5,-0.866025403784,7.5E-16));
#3289 = ORIENTED_EDGE('',*,*,#3290,.F.);
#3290 = EDGE_CURVE('',#3291,#3283,#3293,.T.);
#3291 = VERTEX_POINT('',#3292);
#3292 = CARTESIAN_POINT('',(-1.183568051839,6.55,6.25));
#3293 = LINE('',#3294,#3295);
#3294 = CARTESIAN_POINT('',(-1.183568051839,6.55,6.25));
#3295 = VECTOR('',#3296,1.);
#3296 = DIRECTION('',(-0.5,-0.866025403785,9.8E-16));
#3297 = ORIENTED_EDGE('',*,*,#3298,.F.);
#3298 = EDGE_CURVE('',#3259,#3291,#3299,.T.);
#3299 = LINE('',#3300,#3301);
#3300 = CARTESIAN_POINT('',(1.18356805184,6.55,6.25));
#3301 = VECTOR('',#3302,1.);
#3302 = DIRECTION('',(-1.,5.999E-14,2.2E-16));
#3303 = FACE_BOUND('',#3304,.T.);
#3304 = EDGE_LOOP('',(#3305,#3315,#3323,#3331,#3339,#3347));
#3305 = ORIENTED_EDGE('',*,*,#3306,.F.);
#3306 = EDGE_CURVE('',#3307,#3309,#3311,.T.);
#3307 = VERTEX_POINT('',#3308);
#3308 = CARTESIAN_POINT('',(-11.73286389632,-3.25,6.25));
#3309 = VERTEX_POINT('',#3310);
#3310 = CARTESIAN_POINT('',(-12.91643194816,-1.2,6.25));
#3311 = LINE('',#3312,#3313);
#3312 = CARTESIAN_POINT('',(-11.73286389632,-3.25,6.25));
#3313 = VECTOR('',#3314,1.);
#3314 = DIRECTION('',(-0.5,0.866025403784,-2.472050807569E-15));
#3315 = ORIENTED_EDGE('',*,*,#3316,.F.);
#3316 = EDGE_CURVE('',#3317,#3307,#3319,.T.);
#3317 = VERTEX_POINT('',#3318);
#3318 = CARTESIAN_POINT('',(-12.91643194816,-5.3,6.25));
#3319 = LINE('',#3320,#3321);
#3320 = CARTESIAN_POINT('',(-12.91643194816,-5.3,6.25));
#3321 = VECTOR('',#3322,1.);
#3322 = DIRECTION('',(0.5,0.866025403784,-3.620508075689E-16));
#3323 = ORIENTED_EDGE('',*,*,#3324,.F.);
#3324 = EDGE_CURVE('',#3325,#3317,#3327,.T.);
#3325 = VERTEX_POINT('',#3326);
#3326 = CARTESIAN_POINT('',(-15.28356805183,-5.3,6.25));
#3327 = LINE('',#3328,#3329);
#3328 = CARTESIAN_POINT('',(-15.28356805183,-5.3,6.25));
#3329 = VECTOR('',#3330,1.);
#3330 = DIRECTION('',(1.,3.1E-16,2.11E-15));
#3331 = ORIENTED_EDGE('',*,*,#3332,.F.);
#3332 = EDGE_CURVE('',#3333,#3325,#3335,.T.);
#3333 = VERTEX_POINT('',#3334);
#3334 = CARTESIAN_POINT('',(-16.46713610367,-3.25,6.25));
#3335 = LINE('',#3336,#3337);
#3336 = CARTESIAN_POINT('',(-16.46713610367,-3.25,6.25));
#3337 = VECTOR('',#3338,1.);
#3338 = DIRECTION('',(0.5,-0.866025403784,2.472050807569E-15));
#3339 = ORIENTED_EDGE('',*,*,#3340,.F.);
#3340 = EDGE_CURVE('',#3341,#3333,#3343,.T.);
#3341 = VERTEX_POINT('',#3342);
#3342 = CARTESIAN_POINT('',(-15.28356805183,-1.2,6.25));
#3343 = LINE('',#3344,#3345);
#3344 = CARTESIAN_POINT('',(-15.28356805183,-1.2,6.25));
#3345 = VECTOR('',#3346,1.);
#3346 = DIRECTION('',(-0.5,-0.866025403784,3.620508075689E-16));
#3347 = ORIENTED_EDGE('',*,*,#3348,.F.);
#3348 = EDGE_CURVE('',#3309,#3341,#3349,.T.);
#3349 = LINE('',#3350,#3351);
#3350 = CARTESIAN_POINT('',(-12.91643194816,-1.2,6.25));
#3351 = VECTOR('',#3352,1.);
#3352 = DIRECTION('',(-1.,-3.1E-16,-2.11E-15));
#3353 = FACE_BOUND('',#3354,.T.);
#3354 = EDGE_LOOP('',(#3355,#3365,#3373,#3381,#3389,#3397));
#3355 = ORIENTED_EDGE('',*,*,#3356,.F.);
#3356 = EDGE_CURVE('',#3357,#3359,#3361,.T.);
#3357 = VERTEX_POINT('',#3358);
#3358 = CARTESIAN_POINT('',(-11.73286389632,3.25,6.25));
#3359 = VERTEX_POINT('',#3360);
#3360 = CARTESIAN_POINT('',(-12.91643194816,5.3,6.25));
#3361 = LINE('',#3362,#3363);
#3362 = CARTESIAN_POINT('',(-11.73286389632,3.25,6.25));
#3363 = VECTOR('',#3364,1.);
#3364 = DIRECTION('',(-0.5,0.866025403784,-2.472050807569E-15));
#3365 = ORIENTED_EDGE('',*,*,#3366,.F.);
#3366 = EDGE_CURVE('',#3367,#3357,#3369,.T.);
#3367 = VERTEX_POINT('',#3368);
#3368 = CARTESIAN_POINT('',(-12.91643194816,1.2,6.25));
#3369 = LINE('',#3370,#3371);
#3370 = CARTESIAN_POINT('',(-12.91643194816,1.2,6.25));
#3371 = VECTOR('',#3372,1.);
#3372 = DIRECTION('',(0.5,0.866025403784,-3.620508075689E-16));
#3373 = ORIENTED_EDGE('',*,*,#3374,.F.);
#3374 = EDGE_CURVE('',#3375,#3367,#3377,.T.);
#3375 = VERTEX_POINT('',#3376);
#3376 = CARTESIAN_POINT('',(-15.28356805183,1.2,6.25));
#3377 = LINE('',#3378,#3379);
#3378 = CARTESIAN_POINT('',(-15.28356805183,1.2,6.25));
#3379 = VECTOR('',#3380,1.);
#3380 = DIRECTION('',(1.,3.1E-16,2.11E-15));
#3381 = ORIENTED_EDGE('',*,*,#3382,.F.);
#3382 = EDGE_CURVE('',#3383,#3375,#3385,.T.);
#3383 = VERTEX_POINT('',#3384);
#3384 = CARTESIAN_POINT('',(-16.46713610367,3.25,6.25));
#3385 = LINE('',#3386,#3387);
#3386 = CARTESIAN_POINT('',(-16.46713610367,3.25,6.25));
#3387 = VECTOR('',#3388,1.);
#3388 = DIRECTION('',(0.5,-0.866025403784,2.472050807569E-15));
#3389 = ORIENTED_EDGE('',*,*,#3390,.F.);
#3390 = EDGE_CURVE('',#3391,#3383,#3393,.T.);
#3391 = VERTEX_POINT('',#3392);
#3392 = CARTESIAN_POINT('',(-15.28356805183,5.3,6.25));
#3393 = LINE('',#3394,#3395);
#3394 = CARTESIAN_POINT('',(-15.28356805183,5.3,6.25));
#3395 = VECTOR('',#3396,1.);
#3396 = DIRECTION('',(-0.5,-0.866025403784,3.620508075689E-16));
#3397 = ORIENTED_EDGE('',*,*,#3398,.F.);
#3398 = EDGE_CURVE('',#3359,#3391,#3399,.T.);
#3399 = LINE('',#3400,#3401);
#3400 = CARTESIAN_POINT('',(-12.91643194816,5.3,6.25));
#3401 = VECTOR('',#3402,1.);
#3402 = DIRECTION('',(-1.,6.82E-15,-2.11E-15));
#3403 = PLANE('',#3404);
#3404 = AXIS2_PLACEMENT_3D('',#3405,#3406,#3407);
#3405 = CARTESIAN_POINT('',(-1.55E-14,-9.23E-15,6.25));
#3406 = DIRECTION('',(-2.33E-15,-8.E-16,1.));
#3407 = DIRECTION('',(-2.22E-15,1.,8.E-16));
#3408 = ADVANCED_FACE('',(#3409),#3428,.F.);
#3409 = FACE_BOUND('',#3410,.F.);
#3410 = EDGE_LOOP('',(#3411,#3412,#3413,#3421,#3427));
#3411 = ORIENTED_EDGE('',*,*,#2060,.T.);
#3412 = ORIENTED_EDGE('',*,*,#2117,.T.);
#3413 = ORIENTED_EDGE('',*,*,#3414,.F.);
#3414 = EDGE_CURVE('',#3415,#2118,#3417,.T.);
#3415 = VERTEX_POINT('',#3416);
#3416 = CARTESIAN_POINT('',(7.00000000001,-6.55,-6.25));
#3417 = LINE('',#3418,#3419);
#3418 = CARTESIAN_POINT('',(7.00000000001,-6.55,-6.25));
#3419 = VECTOR('',#3420,1.);
#3420 = DIRECTION('',(-3.66E-15,-3.7E-16,1.));
#3421 = ORIENTED_EDGE('',*,*,#3422,.F.);
#3422 = EDGE_CURVE('',#3011,#3415,#3423,.T.);
#3423 = LINE('',#3424,#3425);
#3424 = CARTESIAN_POINT('',(19.,-6.55,-6.25));
#3425 = VECTOR('',#3426,1.);
#3426 = DIRECTION('',(-1.,8.9E-16,-2.2E-16));
#3427 = ORIENTED_EDGE('',*,*,#3018,.T.);
#3428 = PLANE('',#3429);
#3429 = AXIS2_PLACEMENT_3D('',#3430,#3431,#3432);
#3430 = CARTESIAN_POINT('',(19.,-6.55,-6.25));
#3431 = DIRECTION('',(1.78E-15,-1.,2.74E-15));
#3432 = DIRECTION('',(-1.,-1.78E-15,-3.3E-16));
#3433 = ADVANCED_FACE('',(#3434),#3446,.F.);
#3434 = FACE_BOUND('',#3435,.F.);
#3435 = EDGE_LOOP('',(#3436,#3437,#3438,#3439));
#3436 = ORIENTED_EDGE('',*,*,#2318,.F.);
#3437 = ORIENTED_EDGE('',*,*,#2085,.F.);
#3438 = ORIENTED_EDGE('',*,*,#3074,.F.);
#3439 = ORIENTED_EDGE('',*,*,#3440,.T.);
#3440 = EDGE_CURVE('',#3075,#2311,#3441,.T.);
#3441 = CIRCLE('',#3442,4.5);
#3442 = AXIS2_PLACEMENT_3D('',#3443,#3444,#3445);
#3443 = CARTESIAN_POINT('',(12.05,20.,6.25));
#3444 = DIRECTION('',(1.,2.22E-15,2.55E-15));
#3445 = DIRECTION('',(-2.22E-15,1.,-1.89E-15));
#3446 = CYLINDRICAL_SURFACE('',#3447,4.5);
#3447 = AXIS2_PLACEMENT_3D('',#3448,#3449,#3450);
#3448 = CARTESIAN_POINT('',(19.,20.,6.25));
#3449 = DIRECTION('',(1.,-8.9E-16,-5.6E-16));
#3450 = DIRECTION('',(8.9E-16,1.,-1.89E-15));
#3451 = ADVANCED_FACE('',(#3452),#3470,.F.);
#3452 = FACE_BOUND('',#3453,.F.);
#3453 = EDGE_LOOP('',(#3454,#3462,#3463,#3464));
#3454 = ORIENTED_EDGE('',*,*,#3455,.F.);
#3455 = EDGE_CURVE('',#3415,#3456,#3458,.T.);
#3456 = VERTEX_POINT('',#3457);
#3457 = CARTESIAN_POINT('',(7.00000000001,-10.5,-6.25));
#3458 = LINE('',#3459,#3460);
#3459 = CARTESIAN_POINT('',(7.00000000001,10.5,-6.25));
#3460 = VECTOR('',#3461,1.);
#3461 = DIRECTION('',(7.4E-16,-1.,1.52E-15));
#3462 = ORIENTED_EDGE('',*,*,#3414,.T.);
#3463 = ORIENTED_EDGE('',*,*,#2125,.T.);
#3464 = ORIENTED_EDGE('',*,*,#3465,.F.);
#3465 = EDGE_CURVE('',#3456,#2126,#3466,.T.);
#3466 = LINE('',#3467,#3468);
#3467 = CARTESIAN_POINT('',(7.00000000001,-10.5,-6.25));
#3468 = VECTOR('',#3469,1.);
#3469 = DIRECTION('',(-2.33E-15,7.4E-16,1.));
#3470 = PLANE('',#3471);
#3471 = AXIS2_PLACEMENT_3D('',#3472,#3473,#3474);
#3472 = CARTESIAN_POINT('',(7.00000000001,10.5,-6.25));
#3473 = DIRECTION('',(1.,-4.4E-16,1.44E-15));
#3474 = DIRECTION('',(-4.4E-16,-1.,1.85E-15));
#3475 = ADVANCED_FACE('',(#3476),#3494,.F.);
#3476 = FACE_BOUND('',#3477,.F.);
#3477 = EDGE_LOOP('',(#3478,#3479,#3480,#3488));
#3478 = ORIENTED_EDGE('',*,*,#3465,.T.);
#3479 = ORIENTED_EDGE('',*,*,#2133,.T.);
#3480 = ORIENTED_EDGE('',*,*,#3481,.F.);
#3481 = EDGE_CURVE('',#3482,#2134,#3484,.T.);
#3482 = VERTEX_POINT('',#3483);
#3483 = CARTESIAN_POINT('',(-7.00000000001,-10.5,-6.25));
#3484 = LINE('',#3485,#3486);
#3485 = CARTESIAN_POINT('',(-7.00000000001,-10.5,-6.25));
#3486 = VECTOR('',#3487,1.);
#3487 = DIRECTION('',(-2.33E-15,7.4E-16,1.));
#3488 = ORIENTED_EDGE('',*,*,#3489,.F.);
#3489 = EDGE_CURVE('',#3456,#3482,#3490,.T.);
#3490 = LINE('',#3491,#3492);
#3491 = CARTESIAN_POINT('',(7.00000000001,-10.5,-6.25));
#3492 = VECTOR('',#3493,1.);
#3493 = DIRECTION('',(-1.,5.9E-16,-7.8E-16));
#3494 = PLANE('',#3495);
#3495 = AXIS2_PLACEMENT_3D('',#3496,#3497,#3498);
#3496 = CARTESIAN_POINT('',(7.00000000001,-10.5,-6.25));
#3497 = DIRECTION('',(2.2E-16,-1.,1.63E-15));
#3498 = DIRECTION('',(-1.,-2.2E-16,-1.22E-15));
#3499 = ADVANCED_FACE('',(#3500),#3518,.F.);
#3500 = FACE_BOUND('',#3501,.F.);
#3501 = EDGE_LOOP('',(#3502,#3510,#3511,#3512));
#3502 = ORIENTED_EDGE('',*,*,#3503,.F.);
#3503 = EDGE_CURVE('',#3482,#3504,#3506,.T.);
#3504 = VERTEX_POINT('',#3505);
#3505 = CARTESIAN_POINT('',(-7.,-6.55,-6.25));
#3506 = LINE('',#3507,#3508);
#3507 = CARTESIAN_POINT('',(-7.00000000001,-10.5,-6.25));
#3508 = VECTOR('',#3509,1.);
#3509 = DIRECTION('',(-7.4E-16,1.,-1.52E-15));
#3510 = ORIENTED_EDGE('',*,*,#3481,.T.);
#3511 = ORIENTED_EDGE('',*,*,#2141,.T.);
#3512 = ORIENTED_EDGE('',*,*,#3513,.F.);
#3513 = EDGE_CURVE('',#3504,#2142,#3514,.T.);
#3514 = LINE('',#3515,#3516);
#3515 = CARTESIAN_POINT('',(-7.,-6.55,-6.25));
#3516 = VECTOR('',#3517,1.);
#3517 = DIRECTION('',(-3.66E-15,-3.7E-16,1.));
#3518 = PLANE('',#3519);
#3519 = AXIS2_PLACEMENT_3D('',#3520,#3521,#3522);
#3520 = CARTESIAN_POINT('',(-7.00000000001,-10.5,-6.25));
#3521 = DIRECTION('',(-1.,4.4E-16,-1.44E-15));
#3522 = DIRECTION('',(4.4E-16,1.,-1.85E-15));
#3523 = ADVANCED_FACE('',(#3524),#3543,.F.);
#3524 = FACE_BOUND('',#3525,.F.);
#3525 = EDGE_LOOP('',(#3526,#3527,#3535,#3541,#3542));
#3526 = ORIENTED_EDGE('',*,*,#2410,.F.);
#3527 = ORIENTED_EDGE('',*,*,#3528,.F.);
#3528 = EDGE_CURVE('',#3529,#2411,#3531,.T.);
#3529 = VERTEX_POINT('',#3530);
#3530 = CARTESIAN_POINT('',(-18.,-6.55,-6.25));
#3531 = LINE('',#3532,#3533);
#3532 = CARTESIAN_POINT('',(-15.5,-6.55,-8.75));
#3533 = VECTOR('',#3534,1.);
#3534 = DIRECTION('',(-0.707106781187,2.09E-15,0.707106781187));
#3535 = ORIENTED_EDGE('',*,*,#3536,.F.);
#3536 = EDGE_CURVE('',#3504,#3529,#3537,.T.);
#3537 = LINE('',#3538,#3539);
#3538 = CARTESIAN_POINT('',(-7.,-6.55,-6.25));
#3539 = VECTOR('',#3540,1.);
#3540 = DIRECTION('',(-1.,8.9E-16,-2.2E-16));
#3541 = ORIENTED_EDGE('',*,*,#3513,.T.);
#3542 = ORIENTED_EDGE('',*,*,#2149,.T.);
#3543 = PLANE('',#3544);
#3544 = AXIS2_PLACEMENT_3D('',#3545,#3546,#3547);
#3545 = CARTESIAN_POINT('',(-7.,-6.55,-6.25));
#3546 = DIRECTION('',(1.78E-15,-1.,2.74E-15));
#3547 = DIRECTION('',(-1.,-1.78E-15,-3.3E-16));
#3548 = ADVANCED_FACE('',(#3549),#3568,.F.);
#3549 = FACE_BOUND('',#3550,.F.);
#3550 = EDGE_LOOP('',(#3551,#3559,#3560,#3561));
#3551 = ORIENTED_EDGE('',*,*,#3552,.F.);
#3552 = EDGE_CURVE('',#2172,#3553,#3555,.T.);
#3553 = VERTEX_POINT('',#3554);
#3554 = CARTESIAN_POINT('',(-14.1,-2.35,4.25));
#3555 = LINE('',#3556,#3557);
#3556 = CARTESIAN_POINT('',(-14.1,-2.35,-0.35));
#3557 = VECTOR('',#3558,1.);
#3558 = DIRECTION('',(-4.01E-15,-2.4E-16,1.));
#3559 = ORIENTED_EDGE('',*,*,#2171,.F.);
#3560 = ORIENTED_EDGE('',*,*,#3552,.T.);
#3561 = ORIENTED_EDGE('',*,*,#3562,.T.);
#3562 = EDGE_CURVE('',#3553,#3553,#3563,.T.);
#3563 = CIRCLE('',#3564,0.9);
#3564 = AXIS2_PLACEMENT_3D('',#3565,#3566,#3567);
#3565 = CARTESIAN_POINT('',(-14.1,-3.25,4.25));
#3566 = DIRECTION('',(3.79E-15,-2.2E-15,-1.));
#3567 = DIRECTION('',(2.2E-16,1.,-2.2E-15));
#3568 = CYLINDRICAL_SURFACE('',#3569,0.9);
#3569 = AXIS2_PLACEMENT_3D('',#3570,#3571,#3572);
#3570 = CARTESIAN_POINT('',(-14.1,-3.25,-0.35));
#3571 = DIRECTION('',(3.79E-15,2.E-17,-1.));
#3572 = DIRECTION('',(-2.E-15,1.,1.999999999999E-17));
#3573 = ADVANCED_FACE('',(#3574),#3593,.F.);
#3574 = FACE_BOUND('',#3575,.F.);
#3575 = EDGE_LOOP('',(#3576,#3584,#3585,#3586));
#3576 = ORIENTED_EDGE('',*,*,#3577,.F.);
#3577 = EDGE_CURVE('',#2183,#3578,#3580,.T.);
#3578 = VERTEX_POINT('',#3579);
#3579 = CARTESIAN_POINT('',(-14.1,4.15,4.25));
#3580 = LINE('',#3581,#3582);
#3581 = CARTESIAN_POINT('',(-14.1,4.15,-0.35));
#3582 = VECTOR('',#3583,1.);
#3583 = DIRECTION('',(-4.01E-15,-2.4E-16,1.));
#3584 = ORIENTED_EDGE('',*,*,#2182,.F.);
#3585 = ORIENTED_EDGE('',*,*,#3577,.T.);
#3586 = ORIENTED_EDGE('',*,*,#3587,.T.);
#3587 = EDGE_CURVE('',#3578,#3578,#3588,.T.);
#3588 = CIRCLE('',#3589,0.9);
#3589 = AXIS2_PLACEMENT_3D('',#3590,#3591,#3592);
#3590 = CARTESIAN_POINT('',(-14.1,3.25,4.25));
#3591 = DIRECTION('',(3.79E-15,-2.2E-15,-1.));
#3592 = DIRECTION('',(2.2E-16,1.,-2.2E-15));
#3593 = CYLINDRICAL_SURFACE('',#3594,0.9);
#3594 = AXIS2_PLACEMENT_3D('',#3595,#3596,#3597);
#3595 = CARTESIAN_POINT('',(-14.1,3.25,-0.35));
#3596 = DIRECTION('',(3.79E-15,2.E-17,-1.));
#3597 = DIRECTION('',(-2.E-15,1.,1.999999999999E-17));
#3598 = ADVANCED_FACE('',(#3599),#3618,.F.);
#3599 = FACE_BOUND('',#3600,.F.);
#3600 = EDGE_LOOP('',(#3601,#3609,#3610,#3611));
#3601 = ORIENTED_EDGE('',*,*,#3602,.F.);
#3602 = EDGE_CURVE('',#2194,#3603,#3605,.T.);
#3603 = VERTEX_POINT('',#3604);
#3604 = CARTESIAN_POINT('',(14.1,4.15,4.25));
#3605 = LINE('',#3606,#3607);
#3606 = CARTESIAN_POINT('',(14.1,4.15,-0.35));
#3607 = VECTOR('',#3608,1.);
#3608 = DIRECTION('',(-4.01E-15,-2.4E-16,1.));
#3609 = ORIENTED_EDGE('',*,*,#2193,.F.);
#3610 = ORIENTED_EDGE('',*,*,#3602,.T.);
#3611 = ORIENTED_EDGE('',*,*,#3612,.T.);
#3612 = EDGE_CURVE('',#3603,#3603,#3613,.T.);
#3613 = CIRCLE('',#3614,0.9);
#3614 = AXIS2_PLACEMENT_3D('',#3615,#3616,#3617);
#3615 = CARTESIAN_POINT('',(14.1,3.25,4.25));
#3616 = DIRECTION('',(3.79E-15,-2.2E-15,-1.));
#3617 = DIRECTION('',(2.2E-16,1.,-2.2E-15));
#3618 = CYLINDRICAL_SURFACE('',#3619,0.9);
#3619 = AXIS2_PLACEMENT_3D('',#3620,#3621,#3622);
#3620 = CARTESIAN_POINT('',(14.1,3.25,-0.35));
#3621 = DIRECTION('',(3.79E-15,2.E-17,-1.));
#3622 = DIRECTION('',(-2.E-15,1.,1.999999999999E-17));
#3623 = ADVANCED_FACE('',(#3624),#3643,.F.);
#3624 = FACE_BOUND('',#3625,.F.);
#3625 = EDGE_LOOP('',(#3626,#3634,#3635,#3636));
#3626 = ORIENTED_EDGE('',*,*,#3627,.F.);
#3627 = EDGE_CURVE('',#2205,#3628,#3630,.T.);
#3628 = VERTEX_POINT('',#3629);
#3629 = CARTESIAN_POINT('',(14.1,-2.35,4.25));
#3630 = LINE('',#3631,#3632);
#3631 = CARTESIAN_POINT('',(14.1,-2.35,-0.35));
#3632 = VECTOR('',#3633,1.);
#3633 = DIRECTION('',(-4.01E-15,-2.4E-16,1.));
#3634 = ORIENTED_EDGE('',*,*,#2204,.F.);
#3635 = ORIENTED_EDGE('',*,*,#3627,.T.);
#3636 = ORIENTED_EDGE('',*,*,#3637,.T.);
#3637 = EDGE_CURVE('',#3628,#3628,#3638,.T.);
#3638 = CIRCLE('',#3639,0.9);
#3639 = AXIS2_PLACEMENT_3D('',#3640,#3641,#3642);
#3640 = CARTESIAN_POINT('',(14.1,-3.25,4.25));
#3641 = DIRECTION('',(3.79E-15,-2.2E-15,-1.));
#3642 = DIRECTION('',(2.2E-16,1.,-2.2E-15));
#3643 = CYLINDRICAL_SURFACE('',#3644,0.9);
#3644 = AXIS2_PLACEMENT_3D('',#3645,#3646,#3647);
#3645 = CARTESIAN_POINT('',(14.1,-3.25,-0.35));
#3646 = DIRECTION('',(3.79E-15,2.E-17,-1.));
#3647 = DIRECTION('',(-2.E-15,1.,1.999999999999E-17));
#3648 = ADVANCED_FACE('',(#3649),#3668,.F.);
#3649 = FACE_BOUND('',#3650,.F.);
#3650 = EDGE_LOOP('',(#3651,#3652,#3660,#3667));
#3651 = ORIENTED_EDGE('',*,*,#2215,.F.);
#3652 = ORIENTED_EDGE('',*,*,#3653,.T.);
#3653 = EDGE_CURVE('',#2216,#3654,#3656,.T.);
#3654 = VERTEX_POINT('',#3655);
#3655 = CARTESIAN_POINT('',(-4.E-15,-3.5,4.25));
#3656 = LINE('',#3657,#3658);
#3657 = CARTESIAN_POINT('',(1.846E-14,-3.5,-6.25));
#3658 = VECTOR('',#3659,1.);
#3659 = DIRECTION('',(-1.67E-15,-7.8E-16,1.));
#3660 = ORIENTED_EDGE('',*,*,#3661,.T.);
#3661 = EDGE_CURVE('',#3654,#3654,#3662,.T.);
#3662 = CIRCLE('',#3663,1.);
#3663 = AXIS2_PLACEMENT_3D('',#3664,#3665,#3666);
#3664 = CARTESIAN_POINT('',(2.91E-15,-4.5,4.25));
#3665 = DIRECTION('',(1.1E-16,-1.11E-15,-1.));
#3666 = DIRECTION('',(-7.8E-16,1.,-1.11E-15));
#3667 = ORIENTED_EDGE('',*,*,#3653,.F.);
#3668 = CYLINDRICAL_SURFACE('',#3669,1.);
#3669 = AXIS2_PLACEMENT_3D('',#3670,#3671,#3672);
#3670 = CARTESIAN_POINT('',(1.957E-14,-4.5,-6.25));
#3671 = DIRECTION('',(1.44E-15,5.6E-16,-1.));
#3672 = DIRECTION('',(-1.11E-15,1.,5.6E-16));
#3673 = ADVANCED_FACE('',(#3674),#3693,.F.);
#3674 = FACE_BOUND('',#3675,.F.);
#3675 = EDGE_LOOP('',(#3676,#3677,#3685,#3692));
#3676 = ORIENTED_EDGE('',*,*,#2226,.F.);
#3677 = ORIENTED_EDGE('',*,*,#3678,.T.);
#3678 = EDGE_CURVE('',#2227,#3679,#3681,.T.);
#3679 = VERTEX_POINT('',#3680);
#3680 = CARTESIAN_POINT('',(-1.E-15,5.5,4.25));
#3681 = LINE('',#3682,#3683);
#3682 = CARTESIAN_POINT('',(8.47E-15,5.5,-6.25));
#3683 = VECTOR('',#3684,1.);
#3684 = DIRECTION('',(-1.67E-15,-7.8E-16,1.));
#3685 = ORIENTED_EDGE('',*,*,#3686,.T.);
#3686 = EDGE_CURVE('',#3679,#3679,#3687,.T.);
#3687 = CIRCLE('',#3688,1.);
#3688 = AXIS2_PLACEMENT_3D('',#3689,#3690,#3691);
#3689 = CARTESIAN_POINT('',(-4.08E-15,4.5,4.25));
#3690 = DIRECTION('',(1.1E-16,-1.11E-15,-1.));
#3691 = DIRECTION('',(-7.8E-16,1.,-1.11E-15));
#3692 = ORIENTED_EDGE('',*,*,#3678,.F.);
#3693 = CYLINDRICAL_SURFACE('',#3694,1.);
#3694 = AXIS2_PLACEMENT_3D('',#3695,#3696,#3697);
#3695 = CARTESIAN_POINT('',(9.58E-15,4.5,-6.25));
#3696 = DIRECTION('',(1.44E-15,5.6E-16,-1.));
#3697 = DIRECTION('',(-1.11E-15,1.,5.6E-16));
#3698 = ADVANCED_FACE('',(#3699),#3711,.F.);
#3699 = FACE_BOUND('',#3700,.F.);
#3700 = EDGE_LOOP('',(#3701,#3702,#3709,#3710));
#3701 = ORIENTED_EDGE('',*,*,#2286,.F.);
#3702 = ORIENTED_EDGE('',*,*,#3703,.F.);
#3703 = EDGE_CURVE('',#3034,#2287,#3704,.T.);
#3704 = CIRCLE('',#3705,4.5);
#3705 = AXIS2_PLACEMENT_3D('',#3706,#3707,#3708);
#3706 = CARTESIAN_POINT('',(-12.05,20.,6.25));
#3707 = DIRECTION('',(1.,2.22E-15,2.55E-15));
#3708 = DIRECTION('',(-2.22E-15,1.,-1.89E-15));
#3709 = ORIENTED_EDGE('',*,*,#3033,.F.);
#3710 = ORIENTED_EDGE('',*,*,#2459,.T.);
#3711 = CYLINDRICAL_SURFACE('',#3712,4.5);
#3712 = AXIS2_PLACEMENT_3D('',#3713,#3714,#3715);
#3713 = CARTESIAN_POINT('',(19.,20.,6.25));
#3714 = DIRECTION('',(1.,-8.9E-16,-5.6E-16));
#3715 = DIRECTION('',(8.9E-16,1.,-1.89E-15));
#3716 = ADVANCED_FACE('',(#3717),#3729,.T.);
#3717 = FACE_BOUND('',#3718,.T.);
#3718 = EDGE_LOOP('',(#3719,#3720,#3721,#3722));
#3719 = ORIENTED_EDGE('',*,*,#2294,.F.);
#3720 = ORIENTED_EDGE('',*,*,#3703,.F.);
#3721 = ORIENTED_EDGE('',*,*,#3098,.F.);
#3722 = ORIENTED_EDGE('',*,*,#3723,.F.);
#3723 = EDGE_CURVE('',#2295,#3091,#3724,.T.);
#3724 = CIRCLE('',#3725,7.55);
#3725 = AXIS2_PLACEMENT_3D('',#3726,#3727,#3728);
#3726 = CARTESIAN_POINT('',(-12.05,20.,6.25));
#3727 = DIRECTION('',(-1.,-2.E-15,-2.66E-15));
#3728 = DIRECTION('',(-2.E-15,1.,-2.23E-15));
#3729 = PLANE('',#3730);
#3730 = AXIS2_PLACEMENT_3D('',#3731,#3732,#3733);
#3731 = CARTESIAN_POINT('',(-12.05,-47.5,6.25));
#3732 = DIRECTION('',(1.,-6.7E-16,-5.6E-16));
#3733 = DIRECTION('',(6.7E-16,1.,-1.89E-15));
#3734 = ADVANCED_FACE('',(#3735),#3747,.F.);
#3735 = FACE_BOUND('',#3736,.F.);
#3736 = EDGE_LOOP('',(#3737,#3738,#3739,#3746));
#3737 = ORIENTED_EDGE('',*,*,#3723,.F.);
#3738 = ORIENTED_EDGE('',*,*,#2302,.T.);
#3739 = ORIENTED_EDGE('',*,*,#3740,.T.);
#3740 = EDGE_CURVE('',#2303,#3083,#3741,.T.);
#3741 = CIRCLE('',#3742,7.55);
#3742 = AXIS2_PLACEMENT_3D('',#3743,#3744,#3745);
#3743 = CARTESIAN_POINT('',(12.05,20.,6.25));
#3744 = DIRECTION('',(-1.,-2.E-15,-2.66E-15));
#3745 = DIRECTION('',(-2.E-15,1.,-2.23E-15));
#3746 = ORIENTED_EDGE('',*,*,#3090,.T.);
#3747 = CYLINDRICAL_SURFACE('',#3748,7.55);
#3748 = AXIS2_PLACEMENT_3D('',#3749,#3750,#3751);
#3749 = CARTESIAN_POINT('',(-19.,20.,6.25));
#3750 = DIRECTION('',(-1.,8.9E-16,5.6E-16));
#3751 = DIRECTION('',(8.9E-16,1.,-1.89E-15));
#3752 = ADVANCED_FACE('',(#3753),#3759,.F.);
#3753 = FACE_BOUND('',#3754,.F.);
#3754 = EDGE_LOOP('',(#3755,#3756,#3757,#3758));
#3755 = ORIENTED_EDGE('',*,*,#2310,.F.);
#3756 = ORIENTED_EDGE('',*,*,#3440,.F.);
#3757 = ORIENTED_EDGE('',*,*,#3082,.F.);
#3758 = ORIENTED_EDGE('',*,*,#3740,.F.);
#3759 = PLANE('',#3760);
#3760 = AXIS2_PLACEMENT_3D('',#3761,#3762,#3763);
#3761 = CARTESIAN_POINT('',(12.05,-47.5,6.25));
#3762 = DIRECTION('',(1.,-6.7E-16,-5.6E-16));
#3763 = DIRECTION('',(6.7E-16,1.,-1.89E-15));
#3764 = ADVANCED_FACE('',(#3765),#3783,.T.);
#3765 = FACE_BOUND('',#3766,.F.);
#3766 = EDGE_LOOP('',(#3767,#3775,#3776,#3777));
#3767 = ORIENTED_EDGE('',*,*,#3768,.T.);
#3768 = EDGE_CURVE('',#3769,#3529,#3771,.T.);
#3769 = VERTEX_POINT('',#3770);
#3770 = CARTESIAN_POINT('',(-18.,-46.5,-6.25));
#3771 = LINE('',#3772,#3773);
#3772 = CARTESIAN_POINT('',(-18.,-47.5,-6.25));
#3773 = VECTOR('',#3774,1.);
#3774 = DIRECTION('',(-6.7E-16,1.,-2.11E-15));
#3775 = ORIENTED_EDGE('',*,*,#3528,.T.);
#3776 = ORIENTED_EDGE('',*,*,#2418,.F.);
#3777 = ORIENTED_EDGE('',*,*,#3778,.T.);
#3778 = EDGE_CURVE('',#2419,#3769,#3779,.T.);
#3779 = LINE('',#3780,#3781);
#3780 = CARTESIAN_POINT('',(-18.5,-46.5,-5.75));
#3781 = VECTOR('',#3782,1.);
#3782 = DIRECTION('',(0.707106781187,-2.52E-15,-0.707106781187));
#3783 = PLANE('',#3784);
#3784 = AXIS2_PLACEMENT_3D('',#3785,#3786,#3787);
#3785 = CARTESIAN_POINT('',(-18.5,-47.5,-5.75));
#3786 = DIRECTION('',(-0.707106781187,3.9E-16,-0.707106781187));
#3787 = DIRECTION('',(-9.957716446628E-16,-1.,4.442283553372E-16));
#3788 = ADVANCED_FACE('',(#3789),#3807,.T.);
#3789 = FACE_BOUND('',#3790,.F.);
#3790 = EDGE_LOOP('',(#3791,#3792,#3800,#3806));
#3791 = ORIENTED_EDGE('',*,*,#2862,.F.);
#3792 = ORIENTED_EDGE('',*,*,#3793,.T.);
#3793 = EDGE_CURVE('',#2863,#3794,#3796,.T.);
#3794 = VERTEX_POINT('',#3795);
#3795 = CARTESIAN_POINT('',(-18.,-47.5,-5.25));
#3796 = LINE('',#3797,#3798);
#3797 = CARTESIAN_POINT('',(-18.,-47.5,6.25));
#3798 = VECTOR('',#3799,1.);
#3799 = DIRECTION('',(2.33E-15,-1.1E-16,-1.));
#3800 = ORIENTED_EDGE('',*,*,#3801,.T.);
#3801 = EDGE_CURVE('',#3794,#2419,#3802,.T.);
#3802 = LINE('',#3803,#3804);
#3803 = CARTESIAN_POINT('',(-18.25,-47.25,-5.25));
#3804 = VECTOR('',#3805,1.);
#3805 = DIRECTION('',(-0.707106781187,0.707106781187,1.61E-15));
#3806 = ORIENTED_EDGE('',*,*,#2426,.F.);
#3807 = PLANE('',#3808);
#3808 = AXIS2_PLACEMENT_3D('',#3809,#3810,#3811);
#3809 = CARTESIAN_POINT('',(-18.5,-47.,6.25));
#3810 = DIRECTION('',(-0.707106781187,-0.707106781187,9.9E-16));
#3811 = DIRECTION('',(-5.199642866253E-16,1.920035713375E-15,1.));
#3812 = ADVANCED_FACE('',(#3813),#3825,.F.);
#3813 = FACE_BOUND('',#3814,.F.);
#3814 = EDGE_LOOP('',(#3815,#3816,#3823,#3824));
#3815 = ORIENTED_EDGE('',*,*,#3042,.F.);
#3816 = ORIENTED_EDGE('',*,*,#3817,.F.);
#3817 = EDGE_CURVE('',#2910,#3043,#3818,.T.);
#3818 = CIRCLE('',#3819,4.5);
#3819 = AXIS2_PLACEMENT_3D('',#3820,#3821,#3822);
#3820 = CARTESIAN_POINT('',(-12.05,-27.,6.25));
#3821 = DIRECTION('',(1.,2.22E-15,2.55E-15));
#3822 = DIRECTION('',(-2.22E-15,1.,-1.89E-15));
#3823 = ORIENTED_EDGE('',*,*,#2917,.F.);
#3824 = ORIENTED_EDGE('',*,*,#2442,.T.);
#3825 = CYLINDRICAL_SURFACE('',#3826,4.5);
#3826 = AXIS2_PLACEMENT_3D('',#3827,#3828,#3829);
#3827 = CARTESIAN_POINT('',(19.,-27.,6.25));
#3828 = DIRECTION('',(1.,-8.9E-16,-5.6E-16));
#3829 = DIRECTION('',(8.9E-16,1.,-1.89E-15));
#3830 = ADVANCED_FACE('',(#3831),#3840,.T.);
#3831 = FACE_BOUND('',#3832,.T.);
#3832 = EDGE_LOOP('',(#3833,#3834,#3835,#3836,#3837,#3838,#3839));
#3833 = ORIENTED_EDGE('',*,*,#2548,.F.);
#3834 = ORIENTED_EDGE('',*,*,#2607,.T.);
#3835 = ORIENTED_EDGE('',*,*,#2786,.F.);
#3836 = ORIENTED_EDGE('',*,*,#2805,.T.);
#3837 = ORIENTED_EDGE('',*,*,#2761,.T.);
#3838 = ORIENTED_EDGE('',*,*,#2734,.T.);
#3839 = ORIENTED_EDGE('',*,*,#2579,.T.);
#3840 = PLANE('',#3841);
#3841 = AXIS2_PLACEMENT_3D('',#3842,#3843,#3844);
#3842 = CARTESIAN_POINT('',(-10.73902622424,40.097244539687,2.35));
#3843 = DIRECTION('',(9.6E-16,3.41E-15,-1.));
#3844 = DIRECTION('',(3.3E-16,-1.,-3.41E-15));
#3845 = ADVANCED_FACE('',(#3846),#3865,.F.);
#3846 = FACE_BOUND('',#3847,.F.);
#3847 = EDGE_LOOP('',(#3848,#3849,#3857,#3864));
#3848 = ORIENTED_EDGE('',*,*,#2616,.F.);
#3849 = ORIENTED_EDGE('',*,*,#3850,.T.);
#3850 = EDGE_CURVE('',#2617,#3851,#3853,.T.);
#3851 = VERTEX_POINT('',#3852);
#3852 = CARTESIAN_POINT('',(-10.75,37.5,1.));
#3853 = LINE('',#3854,#3855);
#3854 = CARTESIAN_POINT('',(-10.75,47.5,1.));
#3855 = VECTOR('',#3856,1.);
#3856 = DIRECTION('',(2.E-15,-1.,1.67E-15));
#3857 = ORIENTED_EDGE('',*,*,#3858,.T.);
#3858 = EDGE_CURVE('',#3851,#3851,#3859,.T.);
#3859 = CIRCLE('',#3860,1.);
#3860 = AXIS2_PLACEMENT_3D('',#3861,#3862,#3863);
#3861 = CARTESIAN_POINT('',(-10.75,37.5,4.09E-15));
#3862 = DIRECTION('',(8.9E-16,1.,1.44E-15));
#3863 = DIRECTION('',(-2.33E-15,-1.44E-15,1.));
#3864 = ORIENTED_EDGE('',*,*,#3850,.F.);
#3865 = CYLINDRICAL_SURFACE('',#3866,1.);
#3866 = AXIS2_PLACEMENT_3D('',#3867,#3868,#3869);
#3867 = CARTESIAN_POINT('',(-10.75,47.5,-7.314E-14));
#3868 = DIRECTION('',(-1.78E-15,1.,-1.44E-15));
#3869 = DIRECTION('',(-2.33E-15,1.44E-15,1.));
#3870 = ADVANCED_FACE('',(#3871),#3874,.T.);
#3871 = FACE_BOUND('',#3872,.T.);
#3872 = EDGE_LOOP('',(#3873));
#3873 = ORIENTED_EDGE('',*,*,#2845,.T.);
#3874 = PLANE('',#3875);
#3875 = AXIS2_PLACEMENT_3D('',#3876,#3877,#3878);
#3876 = CARTESIAN_POINT('',(-1.59872115546E-14,37.5,-7.801E-14));
#3877 = DIRECTION('',(-2.22E-15,1.,-1.67E-15));
#3878 = DIRECTION('',(-2.33E-15,1.67E-15,1.));
#3879 = ADVANCED_FACE('',(#3880),#3891,.T.);
#3880 = FACE_BOUND('',#3881,.T.);
#3881 = EDGE_LOOP('',(#3882,#3883,#3884,#3890));
#3882 = ORIENTED_EDGE('',*,*,#2870,.F.);
#3883 = ORIENTED_EDGE('',*,*,#3793,.T.);
#3884 = ORIENTED_EDGE('',*,*,#3885,.T.);
#3885 = EDGE_CURVE('',#3794,#2955,#3886,.T.);
#3886 = LINE('',#3887,#3888);
#3887 = CARTESIAN_POINT('',(-19.,-47.5,-5.25));
#3888 = VECTOR('',#3889,1.);
#3889 = DIRECTION('',(1.,-1.99E-15,4.4E-16));
#3890 = ORIENTED_EDGE('',*,*,#2954,.F.);
#3891 = PLANE('',#3892);
#3892 = AXIS2_PLACEMENT_3D('',#3893,#3894,#3895);
#3893 = CARTESIAN_POINT('',(1.0505E-13,-47.5,1.1399E-13));
#3894 = DIRECTION('',(1.46E-15,-1.,1.67E-15));
#3895 = DIRECTION('',(-1.,-1.46E-15,7.8E-16));
#3896 = ADVANCED_FACE('',(#3897),#3909,.T.);
#3897 = FACE_BOUND('',#3898,.T.);
#3898 = EDGE_LOOP('',(#3899,#3900,#3901,#3902));
#3899 = ORIENTED_EDGE('',*,*,#3050,.F.);
#3900 = ORIENTED_EDGE('',*,*,#3817,.F.);
#3901 = ORIENTED_EDGE('',*,*,#2909,.F.);
#3902 = ORIENTED_EDGE('',*,*,#3903,.F.);
#3903 = EDGE_CURVE('',#3051,#2902,#3904,.T.);
#3904 = CIRCLE('',#3905,7.55);
#3905 = AXIS2_PLACEMENT_3D('',#3906,#3907,#3908);
#3906 = CARTESIAN_POINT('',(-12.05,-27.,6.25));
#3907 = DIRECTION('',(-1.,-2.E-15,-2.66E-15));
#3908 = DIRECTION('',(-2.E-15,1.,-2.23E-15));
#3909 = PLANE('',#3910);
#3910 = AXIS2_PLACEMENT_3D('',#3911,#3912,#3913);
#3911 = CARTESIAN_POINT('',(-12.05,-47.5,6.25));
#3912 = DIRECTION('',(1.,-6.7E-16,-5.6E-16));
#3913 = DIRECTION('',(6.7E-16,1.,-1.89E-15));
#3914 = ADVANCED_FACE('',(#3915),#3927,.F.);
#3915 = FACE_BOUND('',#3916,.F.);
#3916 = EDGE_LOOP('',(#3917,#3918,#3919,#3926));
#3917 = ORIENTED_EDGE('',*,*,#3903,.F.);
#3918 = ORIENTED_EDGE('',*,*,#3058,.T.);
#3919 = ORIENTED_EDGE('',*,*,#3920,.T.);
#3920 = EDGE_CURVE('',#3059,#2894,#3921,.T.);
#3921 = CIRCLE('',#3922,7.55);
#3922 = AXIS2_PLACEMENT_3D('',#3923,#3924,#3925);
#3923 = CARTESIAN_POINT('',(12.05,-27.,6.25));
#3924 = DIRECTION('',(-1.,-2.E-15,-2.66E-15));
#3925 = DIRECTION('',(-2.E-15,1.,-2.23E-15));
#3926 = ORIENTED_EDGE('',*,*,#2901,.T.);
#3927 = CYLINDRICAL_SURFACE('',#3928,7.55);
#3928 = AXIS2_PLACEMENT_3D('',#3929,#3930,#3931);
#3929 = CARTESIAN_POINT('',(-19.,-27.,6.25));
#3930 = DIRECTION('',(-1.,8.9E-16,5.6E-16));
#3931 = DIRECTION('',(8.9E-16,1.,-1.89E-15));
#3932 = ADVANCED_FACE('',(#3933),#3939,.F.);
#3933 = FACE_BOUND('',#3934,.F.);
#3934 = EDGE_LOOP('',(#3935,#3936,#3937,#3938));
#3935 = ORIENTED_EDGE('',*,*,#3066,.F.);
#3936 = ORIENTED_EDGE('',*,*,#2987,.F.);
#3937 = ORIENTED_EDGE('',*,*,#2893,.F.);
#3938 = ORIENTED_EDGE('',*,*,#3920,.F.);
#3939 = PLANE('',#3940);
#3940 = AXIS2_PLACEMENT_3D('',#3941,#3942,#3943);
#3941 = CARTESIAN_POINT('',(12.05,-47.5,6.25));
#3942 = DIRECTION('',(1.,-6.7E-16,-5.6E-16));
#3943 = DIRECTION('',(6.7E-16,1.,-1.89E-15));
#3944 = ADVANCED_FACE('',(#3945),#3964,.F.);
#3945 = FACE_BOUND('',#3946,.F.);
#3946 = EDGE_LOOP('',(#3947,#3956,#3962,#3963));
#3947 = ORIENTED_EDGE('',*,*,#3948,.F.);
#3948 = EDGE_CURVE('',#3949,#3949,#3951,.T.);
#3949 = VERTEX_POINT('',#3950);
#3950 = CARTESIAN_POINT('',(12.5,-39.4,-6.25));
#3951 = CIRCLE('',#3952,1.6);
#3952 = AXIS2_PLACEMENT_3D('',#3953,#3954,#3955);
#3953 = CARTESIAN_POINT('',(12.5,-41.,-6.25));
#3954 = DIRECTION('',(-7.8E-16,-1.67E-15,-1.));
#3955 = DIRECTION('',(-2.22E-15,1.,-1.67E-15));
#3956 = ORIENTED_EDGE('',*,*,#3957,.T.);
#3957 = EDGE_CURVE('',#3949,#2926,#3958,.T.);
#3958 = LINE('',#3959,#3960);
#3959 = CARTESIAN_POINT('',(12.5,-39.4,-6.25));
#3960 = VECTOR('',#3961,1.);
#3961 = DIRECTION('',(-2.55E-15,-1.44E-15,1.));
#3962 = ORIENTED_EDGE('',*,*,#2925,.T.);
#3963 = ORIENTED_EDGE('',*,*,#3957,.F.);
#3964 = CYLINDRICAL_SURFACE('',#3965,1.6);
#3965 = AXIS2_PLACEMENT_3D('',#3966,#3967,#3968);
#3966 = CARTESIAN_POINT('',(12.5,-41.,-6.25));
#3967 = DIRECTION('',(2.33E-15,1.22E-15,-1.));
#3968 = DIRECTION('',(-2.E-15,1.,1.22E-15));
#3969 = ADVANCED_FACE('',(#3970),#3989,.F.);
#3970 = FACE_BOUND('',#3971,.F.);
#3971 = EDGE_LOOP('',(#3972,#3981,#3987,#3988));
#3972 = ORIENTED_EDGE('',*,*,#3973,.F.);
#3973 = EDGE_CURVE('',#3974,#3974,#3976,.T.);
#3974 = VERTEX_POINT('',#3975);
#3975 = CARTESIAN_POINT('',(-12.5,-39.4,-6.25));
#3976 = CIRCLE('',#3977,1.6);
#3977 = AXIS2_PLACEMENT_3D('',#3978,#3979,#3980);
#3978 = CARTESIAN_POINT('',(-12.5,-41.,-6.25));
#3979 = DIRECTION('',(-7.8E-16,-1.67E-15,-1.));
#3980 = DIRECTION('',(-2.22E-15,1.,-1.67E-15));
#3981 = ORIENTED_EDGE('',*,*,#3982,.T.);
#3982 = EDGE_CURVE('',#3974,#2937,#3983,.T.);
#3983 = LINE('',#3984,#3985);
#3984 = CARTESIAN_POINT('',(-12.5,-39.4,-6.25));
#3985 = VECTOR('',#3986,1.);
#3986 = DIRECTION('',(-2.55E-15,-1.44E-15,1.));
#3987 = ORIENTED_EDGE('',*,*,#2936,.T.);
#3988 = ORIENTED_EDGE('',*,*,#3982,.F.);
#3989 = CYLINDRICAL_SURFACE('',#3990,1.6);
#3990 = AXIS2_PLACEMENT_3D('',#3991,#3992,#3993);
#3991 = CARTESIAN_POINT('',(-12.5,-41.,-6.25));
#3992 = DIRECTION('',(2.33E-15,1.22E-15,-1.));
#3993 = DIRECTION('',(-2.E-15,1.,1.22E-15));
#3994 = ADVANCED_FACE('',(#3995),#4005,.F.);
#3995 = FACE_BOUND('',#3996,.F.);
#3996 = EDGE_LOOP('',(#3997,#3998,#4004));
#3997 = ORIENTED_EDGE('',*,*,#3002,.F.);
#3998 = ORIENTED_EDGE('',*,*,#3999,.T.);
#3999 = EDGE_CURVE('',#3003,#2955,#4000,.T.);
#4000 = LINE('',#4001,#4002);
#4001 = CARTESIAN_POINT('',(18.,-46.75,-6.));
#4002 = VECTOR('',#4003,1.);
#4003 = DIRECTION('',(1.127E-14,-0.707106781187,0.707106781187));
#4004 = ORIENTED_EDGE('',*,*,#2962,.F.);
#4005 = PLANE('',#4006);
#4006 = AXIS2_PLACEMENT_3D('',#4007,#4008,#4009);
#4007 = CARTESIAN_POINT('',(18.,-46.5,-6.25));
#4008 = DIRECTION('',(-0.57735026919,0.57735026919,0.57735026919));
#4009 = DIRECTION('',(-0.707106781187,-0.707106781187,0.));
#4010 = ADVANCED_FACE('',(#4011,#4026,#4029),#4032,.T.);
#4011 = FACE_BOUND('',#4012,.T.);
#4012 = EDGE_LOOP('',(#4013,#4014,#4015,#4021,#4022,#4023,#4024,#4025));
#4013 = ORIENTED_EDGE('',*,*,#3422,.F.);
#4014 = ORIENTED_EDGE('',*,*,#3010,.F.);
#4015 = ORIENTED_EDGE('',*,*,#4016,.F.);
#4016 = EDGE_CURVE('',#3769,#3003,#4017,.T.);
#4017 = LINE('',#4018,#4019);
#4018 = CARTESIAN_POINT('',(-19.,-46.5,-6.25));
#4019 = VECTOR('',#4020,1.);
#4020 = DIRECTION('',(1.,-1.99E-15,4.4E-16));
#4021 = ORIENTED_EDGE('',*,*,#3768,.T.);
#4022 = ORIENTED_EDGE('',*,*,#3536,.F.);
#4023 = ORIENTED_EDGE('',*,*,#3503,.F.);
#4024 = ORIENTED_EDGE('',*,*,#3489,.F.);
#4025 = ORIENTED_EDGE('',*,*,#3455,.F.);
#4026 = FACE_BOUND('',#4027,.T.);
#4027 = EDGE_LOOP('',(#4028));
#4028 = ORIENTED_EDGE('',*,*,#3948,.F.);
#4029 = FACE_BOUND('',#4030,.T.);
#4030 = EDGE_LOOP('',(#4031));
#4031 = ORIENTED_EDGE('',*,*,#3973,.F.);
#4032 = PLANE('',#4033);
#4033 = AXIS2_PLACEMENT_3D('',#4034,#4035,#4036);
#4034 = CARTESIAN_POINT('',(1.681E-14,9.87E-15,-6.25));
#4035 = DIRECTION('',(2.33E-15,8.1E-16,-1.));
#4036 = DIRECTION('',(2.22E-15,-1.,-8.1E-16));
#4037 = ADVANCED_FACE('',(#4038),#4063,.F.);
#4038 = FACE_BOUND('',#4039,.F.);
#4039 = EDGE_LOOP('',(#4040,#4048,#4056,#4062));
#4040 = ORIENTED_EDGE('',*,*,#4041,.T.);
#4041 = EDGE_CURVE('',#3107,#4042,#4044,.T.);
#4042 = VERTEX_POINT('',#4043);
#4043 = CARTESIAN_POINT('',(11.732863896323,-3.25,4.25));
#4044 = LINE('',#4045,#4046);
#4045 = CARTESIAN_POINT('',(11.732863896323,-3.25,6.25));
#4046 = VECTOR('',#4047,1.);
#4047 = DIRECTION('',(2.33E-15,-1.42E-15,-1.));
#4048 = ORIENTED_EDGE('',*,*,#4049,.T.);
#4049 = EDGE_CURVE('',#4042,#4050,#4052,.T.);
#4050 = VERTEX_POINT('',#4051);
#4051 = CARTESIAN_POINT('',(12.916431948161,-5.3,4.25));
#4052 = LINE('',#4053,#4054);
#4053 = CARTESIAN_POINT('',(11.732863896323,-3.25,4.25));
#4054 = VECTOR('',#4055,1.);
#4055 = DIRECTION('',(0.5,-0.866025403784,2.472050807569E-15));
#4056 = ORIENTED_EDGE('',*,*,#4057,.F.);
#4057 = EDGE_CURVE('',#3109,#4050,#4058,.T.);
#4058 = LINE('',#4059,#4060);
#4059 = CARTESIAN_POINT('',(12.916431948161,-5.3,6.25));
#4060 = VECTOR('',#4061,1.);
#4061 = DIRECTION('',(2.33E-15,-1.42E-15,-1.));
#4062 = ORIENTED_EDGE('',*,*,#3106,.F.);
#4063 = PLANE('',#4064);
#4064 = AXIS2_PLACEMENT_3D('',#4065,#4066,#4067);
#4065 = CARTESIAN_POINT('',(11.732863896323,-3.25,6.25));
#4066 = DIRECTION('',(-0.866025403784,-0.5,-1.31E-15));
#4067 = DIRECTION('',(0.5,-0.866025403784,2.47E-15));
#4068 = ADVANCED_FACE('',(#4069),#4087,.F.);
#4069 = FACE_BOUND('',#4070,.F.);
#4070 = EDGE_LOOP('',(#4071,#4072,#4080,#4086));
#4071 = ORIENTED_EDGE('',*,*,#4057,.T.);
#4072 = ORIENTED_EDGE('',*,*,#4073,.T.);
#4073 = EDGE_CURVE('',#4050,#4074,#4076,.T.);
#4074 = VERTEX_POINT('',#4075);
#4075 = CARTESIAN_POINT('',(15.283568051839,-5.3,4.25));
#4076 = LINE('',#4077,#4078);
#4077 = CARTESIAN_POINT('',(12.916431948161,-5.3,4.25));
#4078 = VECTOR('',#4079,1.);
#4079 = DIRECTION('',(1.,3.1E-16,2.11E-15));
#4080 = ORIENTED_EDGE('',*,*,#4081,.F.);
#4081 = EDGE_CURVE('',#3141,#4074,#4082,.T.);
#4082 = LINE('',#4083,#4084);
#4083 = CARTESIAN_POINT('',(15.283568051839,-5.3,6.25));
#4084 = VECTOR('',#4085,1.);
#4085 = DIRECTION('',(2.33E-15,-1.42E-15,-1.));
#4086 = ORIENTED_EDGE('',*,*,#3148,.F.);
#4087 = PLANE('',#4088);
#4088 = AXIS2_PLACEMENT_3D('',#4089,#4090,#4091);
#4089 = CARTESIAN_POINT('',(12.916431948161,-5.3,6.25));
#4090 = DIRECTION('',(0.,-1.,1.42E-15));
#4091 = DIRECTION('',(1.,2.9962E-30,2.11E-15));
#4092 = ADVANCED_FACE('',(#4093),#4111,.F.);
#4093 = FACE_BOUND('',#4094,.F.);
#4094 = EDGE_LOOP('',(#4095,#4096,#4104,#4110));
#4095 = ORIENTED_EDGE('',*,*,#4081,.T.);
#4096 = ORIENTED_EDGE('',*,*,#4097,.T.);
#4097 = EDGE_CURVE('',#4074,#4098,#4100,.T.);
#4098 = VERTEX_POINT('',#4099);
#4099 = CARTESIAN_POINT('',(16.467136103677,-3.25,4.25));
#4100 = LINE('',#4101,#4102);
#4101 = CARTESIAN_POINT('',(15.283568051839,-5.3,4.25));
#4102 = VECTOR('',#4103,1.);
#4103 = DIRECTION('',(0.5,0.866025403784,-3.620508075689E-16));
#4104 = ORIENTED_EDGE('',*,*,#4105,.F.);
#4105 = EDGE_CURVE('',#3133,#4098,#4106,.T.);
#4106 = LINE('',#4107,#4108);
#4107 = CARTESIAN_POINT('',(16.467136103677,-3.25,6.25));
#4108 = VECTOR('',#4109,1.);
#4109 = DIRECTION('',(2.33E-15,-1.42E-15,-1.));
#4110 = ORIENTED_EDGE('',*,*,#3140,.F.);
#4111 = PLANE('',#4112);
#4112 = AXIS2_PLACEMENT_3D('',#4113,#4114,#4115);
#4113 = CARTESIAN_POINT('',(15.283568051839,-5.3,6.25));
#4114 = DIRECTION('',(0.866025403784,-0.5,2.73E-15));
#4115 = DIRECTION('',(0.5,0.866025403784,-3.6E-16));
#4116 = ADVANCED_FACE('',(#4117),#4135,.F.);
#4117 = FACE_BOUND('',#4118,.F.);
#4118 = EDGE_LOOP('',(#4119,#4120,#4128,#4134));
#4119 = ORIENTED_EDGE('',*,*,#4105,.T.);
#4120 = ORIENTED_EDGE('',*,*,#4121,.T.);
#4121 = EDGE_CURVE('',#4098,#4122,#4124,.T.);
#4122 = VERTEX_POINT('',#4123);
#4123 = CARTESIAN_POINT('',(15.283568051839,-1.2,4.25));
#4124 = LINE('',#4125,#4126);
#4125 = CARTESIAN_POINT('',(16.467136103677,-3.25,4.25));
#4126 = VECTOR('',#4127,1.);
#4127 = DIRECTION('',(-0.5,0.866025403784,-2.472050807569E-15));
#4128 = ORIENTED_EDGE('',*,*,#4129,.F.);
#4129 = EDGE_CURVE('',#3125,#4122,#4130,.T.);
#4130 = LINE('',#4131,#4132);
#4131 = CARTESIAN_POINT('',(15.283568051839,-1.2,6.25));
#4132 = VECTOR('',#4133,1.);
#4133 = DIRECTION('',(2.33E-15,-1.42E-15,-1.));
#4134 = ORIENTED_EDGE('',*,*,#3132,.F.);
#4135 = PLANE('',#4136);
#4136 = AXIS2_PLACEMENT_3D('',#4137,#4138,#4139);
#4137 = CARTESIAN_POINT('',(16.467136103677,-3.25,6.25));
#4138 = DIRECTION('',(0.866025403784,0.5,1.31E-15));
#4139 = DIRECTION('',(-0.5,0.866025403784,-2.47E-15));
#4140 = ADVANCED_FACE('',(#4141),#4159,.F.);
#4141 = FACE_BOUND('',#4142,.F.);
#4142 = EDGE_LOOP('',(#4143,#4144,#4152,#4158));
#4143 = ORIENTED_EDGE('',*,*,#4129,.T.);
#4144 = ORIENTED_EDGE('',*,*,#4145,.T.);
#4145 = EDGE_CURVE('',#4122,#4146,#4148,.T.);
#4146 = VERTEX_POINT('',#4147);
#4147 = CARTESIAN_POINT('',(12.916431948161,-1.2,4.25));
#4148 = LINE('',#4149,#4150);
#4149 = CARTESIAN_POINT('',(15.283568051839,-1.2,4.25));
#4150 = VECTOR('',#4151,1.);
#4151 = DIRECTION('',(-1.,-3.1E-16,-2.11E-15));
#4152 = ORIENTED_EDGE('',*,*,#4153,.F.);
#4153 = EDGE_CURVE('',#3117,#4146,#4154,.T.);
#4154 = LINE('',#4155,#4156);
#4155 = CARTESIAN_POINT('',(12.916431948161,-1.2,6.25));
#4156 = VECTOR('',#4157,1.);
#4157 = DIRECTION('',(2.33E-15,-1.42E-15,-1.));
#4158 = ORIENTED_EDGE('',*,*,#3124,.F.);
#4159 = PLANE('',#4160);
#4160 = AXIS2_PLACEMENT_3D('',#4161,#4162,#4163);
#4161 = CARTESIAN_POINT('',(15.283568051839,-1.2,6.25));
#4162 = DIRECTION('',(0.,1.,-1.42E-15));
#4163 = DIRECTION('',(-1.,-2.9962E-30,-2.11E-15));
#4164 = ADVANCED_FACE('',(#4165),#4176,.F.);
#4165 = FACE_BOUND('',#4166,.F.);
#4166 = EDGE_LOOP('',(#4167,#4168,#4174,#4175));
#4167 = ORIENTED_EDGE('',*,*,#4153,.T.);
#4168 = ORIENTED_EDGE('',*,*,#4169,.T.);
#4169 = EDGE_CURVE('',#4146,#4042,#4170,.T.);
#4170 = LINE('',#4171,#4172);
#4171 = CARTESIAN_POINT('',(12.916431948161,-1.2,4.25));
#4172 = VECTOR('',#4173,1.);
#4173 = DIRECTION('',(-0.5,-0.866025403784,3.620508075689E-16));
#4174 = ORIENTED_EDGE('',*,*,#4041,.F.);
#4175 = ORIENTED_EDGE('',*,*,#3116,.F.);
#4176 = PLANE('',#4177);
#4177 = AXIS2_PLACEMENT_3D('',#4178,#4179,#4180);
#4178 = CARTESIAN_POINT('',(12.916431948161,-1.2,6.25));
#4179 = DIRECTION('',(-0.866025403784,0.5,-2.73E-15));
#4180 = DIRECTION('',(-0.5,-0.866025403784,3.6E-16));
#4181 = ADVANCED_FACE('',(#4182),#4207,.F.);
#4182 = FACE_BOUND('',#4183,.F.);
#4183 = EDGE_LOOP('',(#4184,#4192,#4200,#4206));
#4184 = ORIENTED_EDGE('',*,*,#4185,.T.);
#4185 = EDGE_CURVE('',#3157,#4186,#4188,.T.);
#4186 = VERTEX_POINT('',#4187);
#4187 = CARTESIAN_POINT('',(1.183568051839,-2.45,4.25));
#4188 = LINE('',#4189,#4190);
#4189 = CARTESIAN_POINT('',(1.183568051839,-2.45,6.25));
#4190 = VECTOR('',#4191,1.);
#4191 = DIRECTION('',(1.33E-15,5.6E-16,-1.));
#4192 = ORIENTED_EDGE('',*,*,#4193,.T.);
#4193 = EDGE_CURVE('',#4186,#4194,#4196,.T.);
#4194 = VERTEX_POINT('',#4195);
#4195 = CARTESIAN_POINT('',(-1.183568051839,-2.45,4.25));
#4196 = LINE('',#4197,#4198);
#4197 = CARTESIAN_POINT('',(1.183568051839,-2.45,4.25));
#4198 = VECTOR('',#4199,1.);
#4199 = DIRECTION('',(-1.,3.3E-16,2.2E-16));
#4200 = ORIENTED_EDGE('',*,*,#4201,.F.);
#4201 = EDGE_CURVE('',#3159,#4194,#4202,.T.);
#4202 = LINE('',#4203,#4204);
#4203 = CARTESIAN_POINT('',(-1.183568051839,-2.45,6.25));
#4204 = VECTOR('',#4205,1.);
#4205 = DIRECTION('',(1.33E-15,5.6E-16,-1.));
#4206 = ORIENTED_EDGE('',*,*,#3156,.F.);
#4207 = PLANE('',#4208);
#4208 = AXIS2_PLACEMENT_3D('',#4209,#4210,#4211);
#4209 = CARTESIAN_POINT('',(1.183568051839,-2.45,6.25));
#4210 = DIRECTION('',(-1.E-15,1.,-7.8E-16));
#4211 = DIRECTION('',(-1.,-1.E-15,2.2E-16));
#4212 = ADVANCED_FACE('',(#4213),#4231,.F.);
#4213 = FACE_BOUND('',#4214,.F.);
#4214 = EDGE_LOOP('',(#4215,#4223,#4229,#4230));
#4215 = ORIENTED_EDGE('',*,*,#4216,.T.);
#4216 = EDGE_CURVE('',#3167,#4217,#4219,.T.);
#4217 = VERTEX_POINT('',#4218);
#4218 = CARTESIAN_POINT('',(2.367136103677,-4.5,4.25));
#4219 = LINE('',#4220,#4221);
#4220 = CARTESIAN_POINT('',(2.367136103677,-4.5,6.25));
#4221 = VECTOR('',#4222,1.);
#4222 = DIRECTION('',(1.33E-15,5.6E-16,-1.));
#4223 = ORIENTED_EDGE('',*,*,#4224,.T.);
#4224 = EDGE_CURVE('',#4217,#4186,#4225,.T.);
#4225 = LINE('',#4226,#4227);
#4226 = CARTESIAN_POINT('',(2.367136103677,-4.5,4.25));
#4227 = VECTOR('',#4228,1.);
#4228 = DIRECTION('',(-0.5,0.866025403784,-7.5E-16));
#4229 = ORIENTED_EDGE('',*,*,#4185,.F.);
#4230 = ORIENTED_EDGE('',*,*,#3166,.F.);
#4231 = PLANE('',#4232);
#4232 = AXIS2_PLACEMENT_3D('',#4233,#4234,#4235);
#4233 = CARTESIAN_POINT('',(2.367136103677,-4.5,6.25));
#4234 = DIRECTION('',(0.866025403784,0.5,-3.9E-16));
#4235 = DIRECTION('',(-0.5,0.866025403784,-7.5E-16));
#4236 = ADVANCED_FACE('',(#4237),#4255,.F.);
#4237 = FACE_BOUND('',#4238,.F.);
#4238 = EDGE_LOOP('',(#4239,#4240,#4248,#4254));
#4239 = ORIENTED_EDGE('',*,*,#4201,.T.);
#4240 = ORIENTED_EDGE('',*,*,#4241,.T.);
#4241 = EDGE_CURVE('',#4194,#4242,#4244,.T.);
#4242 = VERTEX_POINT('',#4243);
#4243 = CARTESIAN_POINT('',(-2.367136103677,-4.5,4.25));
#4244 = LINE('',#4245,#4246);
#4245 = CARTESIAN_POINT('',(-1.183568051839,-2.45,4.25));
#4246 = VECTOR('',#4247,1.);
#4247 = DIRECTION('',(-0.5,-0.866025403784,9.8E-16));
#4248 = ORIENTED_EDGE('',*,*,#4249,.F.);
#4249 = EDGE_CURVE('',#3191,#4242,#4250,.T.);
#4250 = LINE('',#4251,#4252);
#4251 = CARTESIAN_POINT('',(-2.367136103677,-4.5,6.25));
#4252 = VECTOR('',#4253,1.);
#4253 = DIRECTION('',(1.33E-15,5.6E-16,-1.));
#4254 = ORIENTED_EDGE('',*,*,#3198,.F.);
#4255 = PLANE('',#4256);
#4256 = AXIS2_PLACEMENT_3D('',#4257,#4258,#4259);
#4257 = CARTESIAN_POINT('',(-1.183568051839,-2.45,6.25));
#4258 = DIRECTION('',(-0.866025403784,0.5,-3.9E-16));
#4259 = DIRECTION('',(-0.5,-0.866025403784,9.8E-16));
#4260 = ADVANCED_FACE('',(#4261),#4279,.F.);
#4261 = FACE_BOUND('',#4262,.F.);
#4262 = EDGE_LOOP('',(#4263,#4271,#4277,#4278));
#4263 = ORIENTED_EDGE('',*,*,#4264,.T.);
#4264 = EDGE_CURVE('',#3175,#4265,#4267,.T.);
#4265 = VERTEX_POINT('',#4266);
#4266 = CARTESIAN_POINT('',(1.183568051839,-6.55,4.25));
#4267 = LINE('',#4268,#4269);
#4268 = CARTESIAN_POINT('',(1.183568051839,-6.55,6.25));
#4269 = VECTOR('',#4270,1.);
#4270 = DIRECTION('',(1.33E-15,5.6E-16,-1.));
#4271 = ORIENTED_EDGE('',*,*,#4272,.T.);
#4272 = EDGE_CURVE('',#4265,#4217,#4273,.T.);
#4273 = LINE('',#4274,#4275);
#4274 = CARTESIAN_POINT('',(1.183568051839,-6.55,4.25));
#4275 = VECTOR('',#4276,1.);
#4276 = DIRECTION('',(0.5,0.866025403784,-9.8E-16));
#4277 = ORIENTED_EDGE('',*,*,#4216,.F.);
#4278 = ORIENTED_EDGE('',*,*,#3174,.F.);
#4279 = PLANE('',#4280);
#4280 = AXIS2_PLACEMENT_3D('',#4281,#4282,#4283);
#4281 = CARTESIAN_POINT('',(1.183568051839,-6.55,6.25));
#4282 = DIRECTION('',(0.866025403784,-0.5,3.9E-16));
#4283 = DIRECTION('',(0.5,0.866025403784,-9.8E-16));
#4284 = ADVANCED_FACE('',(#4285),#4303,.F.);
#4285 = FACE_BOUND('',#4286,.F.);
#4286 = EDGE_LOOP('',(#4287,#4288,#4296,#4302));
#4287 = ORIENTED_EDGE('',*,*,#4249,.T.);
#4288 = ORIENTED_EDGE('',*,*,#4289,.T.);
#4289 = EDGE_CURVE('',#4242,#4290,#4292,.T.);
#4290 = VERTEX_POINT('',#4291);
#4291 = CARTESIAN_POINT('',(-1.183568051839,-6.55,4.25));
#4292 = LINE('',#4293,#4294);
#4293 = CARTESIAN_POINT('',(-2.367136103677,-4.5,4.25));
#4294 = VECTOR('',#4295,1.);
#4295 = DIRECTION('',(0.5,-0.866025403784,7.5E-16));
#4296 = ORIENTED_EDGE('',*,*,#4297,.F.);
#4297 = EDGE_CURVE('',#3183,#4290,#4298,.T.);
#4298 = LINE('',#4299,#4300);
#4299 = CARTESIAN_POINT('',(-1.183568051839,-6.55,6.25));
#4300 = VECTOR('',#4301,1.);
#4301 = DIRECTION('',(1.33E-15,5.6E-16,-1.));
#4302 = ORIENTED_EDGE('',*,*,#3190,.F.);
#4303 = PLANE('',#4304);
#4304 = AXIS2_PLACEMENT_3D('',#4305,#4306,#4307);
#4305 = CARTESIAN_POINT('',(-2.367136103677,-4.5,6.25));
#4306 = DIRECTION('',(-0.866025403784,-0.5,3.9E-16));
#4307 = DIRECTION('',(0.5,-0.866025403784,7.5E-16));
#4308 = ADVANCED_FACE('',(#4309),#4320,.F.);
#4309 = FACE_BOUND('',#4310,.F.);
#4310 = EDGE_LOOP('',(#4311,#4312,#4318,#4319));
#4311 = ORIENTED_EDGE('',*,*,#4297,.T.);
#4312 = ORIENTED_EDGE('',*,*,#4313,.T.);
#4313 = EDGE_CURVE('',#4290,#4265,#4314,.T.);
#4314 = LINE('',#4315,#4316);
#4315 = CARTESIAN_POINT('',(-1.183568051839,-6.55,4.25));
#4316 = VECTOR('',#4317,1.);
#4317 = DIRECTION('',(1.,4.E-17,-2.2E-16));
#4318 = ORIENTED_EDGE('',*,*,#4264,.F.);
#4319 = ORIENTED_EDGE('',*,*,#3182,.F.);
#4320 = PLANE('',#4321);
#4321 = AXIS2_PLACEMENT_3D('',#4322,#4323,#4324);
#4322 = CARTESIAN_POINT('',(-1.183568051839,-6.55,6.25));
#4323 = DIRECTION('',(1.37E-15,-1.,7.8E-16));
#4324 = DIRECTION('',(1.,1.37E-15,-2.2E-16));
#4325 = ADVANCED_FACE('',(#4326),#4351,.F.);
#4326 = FACE_BOUND('',#4327,.F.);
#4327 = EDGE_LOOP('',(#4328,#4336,#4344,#4350));
#4328 = ORIENTED_EDGE('',*,*,#4329,.T.);
#4329 = EDGE_CURVE('',#3207,#4330,#4332,.T.);
#4330 = VERTEX_POINT('',#4331);
#4331 = CARTESIAN_POINT('',(11.732863896323,3.25,4.25));
#4332 = LINE('',#4333,#4334);
#4333 = CARTESIAN_POINT('',(11.732863896323,3.25,6.25));
#4334 = VECTOR('',#4335,1.);
#4335 = DIRECTION('',(2.33E-15,-1.42E-15,-1.));
#4336 = ORIENTED_EDGE('',*,*,#4337,.T.);
#4337 = EDGE_CURVE('',#4330,#4338,#4340,.T.);
#4338 = VERTEX_POINT('',#4339);
#4339 = CARTESIAN_POINT('',(12.916431948161,1.2,4.25));
#4340 = LINE('',#4341,#4342);
#4341 = CARTESIAN_POINT('',(11.732863896323,3.25,4.25));
#4342 = VECTOR('',#4343,1.);
#4343 = DIRECTION('',(0.5,-0.866025403784,2.472050807569E-15));
#4344 = ORIENTED_EDGE('',*,*,#4345,.F.);
#4345 = EDGE_CURVE('',#3209,#4338,#4346,.T.);
#4346 = LINE('',#4347,#4348);
#4347 = CARTESIAN_POINT('',(12.916431948161,1.2,6.25));
#4348 = VECTOR('',#4349,1.);
#4349 = DIRECTION('',(2.33E-15,-1.42E-15,-1.));
#4350 = ORIENTED_EDGE('',*,*,#3206,.F.);
#4351 = PLANE('',#4352);
#4352 = AXIS2_PLACEMENT_3D('',#4353,#4354,#4355);
#4353 = CARTESIAN_POINT('',(11.732863896323,3.25,6.25));
#4354 = DIRECTION('',(-0.866025403784,-0.5,-1.31E-15));
#4355 = DIRECTION('',(0.5,-0.866025403784,2.47E-15));
#4356 = ADVANCED_FACE('',(#4357),#4375,.F.);
#4357 = FACE_BOUND('',#4358,.F.);
#4358 = EDGE_LOOP('',(#4359,#4360,#4368,#4374));
#4359 = ORIENTED_EDGE('',*,*,#4345,.T.);
#4360 = ORIENTED_EDGE('',*,*,#4361,.T.);
#4361 = EDGE_CURVE('',#4338,#4362,#4364,.T.);
#4362 = VERTEX_POINT('',#4363);
#4363 = CARTESIAN_POINT('',(15.283568051839,1.2,4.25));
#4364 = LINE('',#4365,#4366);
#4365 = CARTESIAN_POINT('',(12.916431948161,1.2,4.25));
#4366 = VECTOR('',#4367,1.);
#4367 = DIRECTION('',(1.,3.1E-16,2.11E-15));
#4368 = ORIENTED_EDGE('',*,*,#4369,.F.);
#4369 = EDGE_CURVE('',#3241,#4362,#4370,.T.);
#4370 = LINE('',#4371,#4372);
#4371 = CARTESIAN_POINT('',(15.283568051839,1.2,6.25));
#4372 = VECTOR('',#4373,1.);
#4373 = DIRECTION('',(2.33E-15,-1.42E-15,-1.));
#4374 = ORIENTED_EDGE('',*,*,#3248,.F.);
#4375 = PLANE('',#4376);
#4376 = AXIS2_PLACEMENT_3D('',#4377,#4378,#4379);
#4377 = CARTESIAN_POINT('',(12.916431948161,1.2,6.25));
#4378 = DIRECTION('',(0.,-1.,1.42E-15));
#4379 = DIRECTION('',(1.,2.9962E-30,2.11E-15));
#4380 = ADVANCED_FACE('',(#4381),#4399,.F.);
#4381 = FACE_BOUND('',#4382,.F.);
#4382 = EDGE_LOOP('',(#4383,#4384,#4392,#4398));
#4383 = ORIENTED_EDGE('',*,*,#4369,.T.);
#4384 = ORIENTED_EDGE('',*,*,#4385,.T.);
#4385 = EDGE_CURVE('',#4362,#4386,#4388,.T.);
#4386 = VERTEX_POINT('',#4387);
#4387 = CARTESIAN_POINT('',(16.467136103677,3.25,4.25));
#4388 = LINE('',#4389,#4390);
#4389 = CARTESIAN_POINT('',(15.283568051839,1.2,4.25));
#4390 = VECTOR('',#4391,1.);
#4391 = DIRECTION('',(0.5,0.866025403784,-3.620508075689E-16));
#4392 = ORIENTED_EDGE('',*,*,#4393,.F.);
#4393 = EDGE_CURVE('',#3233,#4386,#4394,.T.);
#4394 = LINE('',#4395,#4396);
#4395 = CARTESIAN_POINT('',(16.467136103677,3.25,6.25));
#4396 = VECTOR('',#4397,1.);
#4397 = DIRECTION('',(2.33E-15,-1.42E-15,-1.));
#4398 = ORIENTED_EDGE('',*,*,#3240,.F.);
#4399 = PLANE('',#4400);
#4400 = AXIS2_PLACEMENT_3D('',#4401,#4402,#4403);
#4401 = CARTESIAN_POINT('',(15.283568051839,1.2,6.25));
#4402 = DIRECTION('',(0.866025403784,-0.5,2.73E-15));
#4403 = DIRECTION('',(0.5,0.866025403784,-3.6E-16));
#4404 = ADVANCED_FACE('',(#4405),#4423,.F.);
#4405 = FACE_BOUND('',#4406,.F.);
#4406 = EDGE_LOOP('',(#4407,#4408,#4416,#4422));
#4407 = ORIENTED_EDGE('',*,*,#4393,.T.);
#4408 = ORIENTED_EDGE('',*,*,#4409,.T.);
#4409 = EDGE_CURVE('',#4386,#4410,#4412,.T.);
#4410 = VERTEX_POINT('',#4411);
#4411 = CARTESIAN_POINT('',(15.283568051839,5.3,4.25));
#4412 = LINE('',#4413,#4414);
#4413 = CARTESIAN_POINT('',(16.467136103677,3.25,4.25));
#4414 = VECTOR('',#4415,1.);
#4415 = DIRECTION('',(-0.5,0.866025403784,-2.472050807569E-15));
#4416 = ORIENTED_EDGE('',*,*,#4417,.F.);
#4417 = EDGE_CURVE('',#3225,#4410,#4418,.T.);
#4418 = LINE('',#4419,#4420);
#4419 = CARTESIAN_POINT('',(15.283568051839,5.3,6.25));
#4420 = VECTOR('',#4421,1.);
#4421 = DIRECTION('',(2.33E-15,-1.42E-15,-1.));
#4422 = ORIENTED_EDGE('',*,*,#3232,.F.);
#4423 = PLANE('',#4424);
#4424 = AXIS2_PLACEMENT_3D('',#4425,#4426,#4427);
#4425 = CARTESIAN_POINT('',(16.467136103677,3.25,6.25));
#4426 = DIRECTION('',(0.866025403784,0.5,1.31E-15));
#4427 = DIRECTION('',(-0.5,0.866025403784,-2.47E-15));
#4428 = ADVANCED_FACE('',(#4429),#4447,.F.);
#4429 = FACE_BOUND('',#4430,.F.);
#4430 = EDGE_LOOP('',(#4431,#4432,#4440,#4446));
#4431 = ORIENTED_EDGE('',*,*,#4417,.T.);
#4432 = ORIENTED_EDGE('',*,*,#4433,.T.);
#4433 = EDGE_CURVE('',#4410,#4434,#4436,.T.);
#4434 = VERTEX_POINT('',#4435);
#4435 = CARTESIAN_POINT('',(12.916431948161,5.3,4.25));
#4436 = LINE('',#4437,#4438);
#4437 = CARTESIAN_POINT('',(15.283568051839,5.3,4.25));
#4438 = VECTOR('',#4439,1.);
#4439 = DIRECTION('',(-1.,7.E-17,-2.11E-15));
#4440 = ORIENTED_EDGE('',*,*,#4441,.F.);
#4441 = EDGE_CURVE('',#3217,#4434,#4442,.T.);
#4442 = LINE('',#4443,#4444);
#4443 = CARTESIAN_POINT('',(12.916431948161,5.3,6.25));
#4444 = VECTOR('',#4445,1.);
#4445 = DIRECTION('',(2.33E-15,-1.42E-15,-1.));
#4446 = ORIENTED_EDGE('',*,*,#3224,.F.);
#4447 = PLANE('',#4448);
#4448 = AXIS2_PLACEMENT_3D('',#4449,#4450,#4451);
#4449 = CARTESIAN_POINT('',(15.283568051839,5.3,6.25));
#4450 = DIRECTION('',(3.8E-16,1.,-1.42E-15));
#4451 = DIRECTION('',(-1.,3.8E-16,-2.11E-15));
#4452 = ADVANCED_FACE('',(#4453),#4464,.F.);
#4453 = FACE_BOUND('',#4454,.F.);
#4454 = EDGE_LOOP('',(#4455,#4456,#4462,#4463));
#4455 = ORIENTED_EDGE('',*,*,#4441,.T.);
#4456 = ORIENTED_EDGE('',*,*,#4457,.T.);
#4457 = EDGE_CURVE('',#4434,#4330,#4458,.T.);
#4458 = LINE('',#4459,#4460);
#4459 = CARTESIAN_POINT('',(12.916431948161,5.3,4.25));
#4460 = VECTOR('',#4461,1.);
#4461 = DIRECTION('',(-0.5,-0.866025403784,3.620508075689E-16));
#4462 = ORIENTED_EDGE('',*,*,#4329,.F.);
#4463 = ORIENTED_EDGE('',*,*,#3216,.F.);
#4464 = PLANE('',#4465);
#4465 = AXIS2_PLACEMENT_3D('',#4466,#4467,#4468);
#4466 = CARTESIAN_POINT('',(12.916431948161,5.3,6.25));
#4467 = DIRECTION('',(-0.866025403784,0.5,-2.73E-15));
#4468 = DIRECTION('',(-0.5,-0.866025403784,3.6E-16));
#4469 = ADVANCED_FACE('',(#4470),#4495,.F.);
#4470 = FACE_BOUND('',#4471,.F.);
#4471 = EDGE_LOOP('',(#4472,#4480,#4488,#4494));
#4472 = ORIENTED_EDGE('',*,*,#4473,.T.);
#4473 = EDGE_CURVE('',#3257,#4474,#4476,.T.);
#4474 = VERTEX_POINT('',#4475);
#4475 = CARTESIAN_POINT('',(2.367136103678,4.499999999999,4.25));
#4476 = LINE('',#4477,#4478);
#4477 = CARTESIAN_POINT('',(2.367136103678,4.499999999999,6.25));
#4478 = VECTOR('',#4479,1.);
#4479 = DIRECTION('',(1.33E-15,5.6E-16,-1.));
#4480 = ORIENTED_EDGE('',*,*,#4481,.T.);
#4481 = EDGE_CURVE('',#4474,#4482,#4484,.T.);
#4482 = VERTEX_POINT('',#4483);
#4483 = CARTESIAN_POINT('',(1.18356805184,6.55,4.25));
#4484 = LINE('',#4485,#4486);
#4485 = CARTESIAN_POINT('',(2.367136103678,4.499999999999,4.25));
#4486 = VECTOR('',#4487,1.);
#4487 = DIRECTION('',(-0.5,0.866025403785,-7.5E-16));
#4488 = ORIENTED_EDGE('',*,*,#4489,.F.);
#4489 = EDGE_CURVE('',#3259,#4482,#4490,.T.);
#4490 = LINE('',#4491,#4492);
#4491 = CARTESIAN_POINT('',(1.18356805184,6.55,6.25));
#4492 = VECTOR('',#4493,1.);
#4493 = DIRECTION('',(1.33E-15,5.6E-16,-1.));
#4494 = ORIENTED_EDGE('',*,*,#3256,.F.);
#4495 = PLANE('',#4496);
#4496 = AXIS2_PLACEMENT_3D('',#4497,#4498,#4499);
#4497 = CARTESIAN_POINT('',(2.367136103678,4.499999999999,6.25));
#4498 = DIRECTION('',(0.866025403785,0.5,-3.9E-16));
#4499 = DIRECTION('',(-0.5,0.866025403785,-7.5E-16));
#4500 = ADVANCED_FACE('',(#4501),#4519,.F.);
#4501 = FACE_BOUND('',#4502,.F.);
#4502 = EDGE_LOOP('',(#4503,#4511,#4517,#4518));
#4503 = ORIENTED_EDGE('',*,*,#4504,.T.);
#4504 = EDGE_CURVE('',#3267,#4505,#4507,.T.);
#4505 = VERTEX_POINT('',#4506);
#4506 = CARTESIAN_POINT('',(1.183568051838,2.45,4.25));
#4507 = LINE('',#4508,#4509);
#4508 = CARTESIAN_POINT('',(1.183568051838,2.45,6.25));
#4509 = VECTOR('',#4510,1.);
#4510 = DIRECTION('',(1.33E-15,5.6E-16,-1.));
#4511 = ORIENTED_EDGE('',*,*,#4512,.T.);
#4512 = EDGE_CURVE('',#4505,#4474,#4513,.T.);
#4513 = LINE('',#4514,#4515);
#4514 = CARTESIAN_POINT('',(1.183568051838,2.45,4.25));
#4515 = VECTOR('',#4516,1.);
#4516 = DIRECTION('',(0.5,0.866025403784,-9.8E-16));
#4517 = ORIENTED_EDGE('',*,*,#4473,.F.);
#4518 = ORIENTED_EDGE('',*,*,#3266,.F.);
#4519 = PLANE('',#4520);
#4520 = AXIS2_PLACEMENT_3D('',#4521,#4522,#4523);
#4521 = CARTESIAN_POINT('',(1.183568051838,2.45,6.25));
#4522 = DIRECTION('',(0.866025403784,-0.5,3.9E-16));
#4523 = DIRECTION('',(0.5,0.866025403784,-9.8E-16));
#4524 = ADVANCED_FACE('',(#4525),#4543,.F.);
#4525 = FACE_BOUND('',#4526,.F.);
#4526 = EDGE_LOOP('',(#4527,#4528,#4536,#4542));
#4527 = ORIENTED_EDGE('',*,*,#4489,.T.);
#4528 = ORIENTED_EDGE('',*,*,#4529,.T.);
#4529 = EDGE_CURVE('',#4482,#4530,#4532,.T.);
#4530 = VERTEX_POINT('',#4531);
#4531 = CARTESIAN_POINT('',(-1.183568051839,6.55,4.25));
#4532 = LINE('',#4533,#4534);
#4533 = CARTESIAN_POINT('',(1.18356805184,6.55,4.25));
#4534 = VECTOR('',#4535,1.);
#4535 = DIRECTION('',(-1.,5.999E-14,2.2E-16));
#4536 = ORIENTED_EDGE('',*,*,#4537,.F.);
#4537 = EDGE_CURVE('',#3291,#4530,#4538,.T.);
#4538 = LINE('',#4539,#4540);
#4539 = CARTESIAN_POINT('',(-1.183568051839,6.55,6.25));
#4540 = VECTOR('',#4541,1.);
#4541 = DIRECTION('',(1.33E-15,5.6E-16,-1.));
#4542 = ORIENTED_EDGE('',*,*,#3298,.F.);
#4543 = PLANE('',#4544);
#4544 = AXIS2_PLACEMENT_3D('',#4545,#4546,#4547);
#4545 = CARTESIAN_POINT('',(1.18356805184,6.55,6.25));
#4546 = DIRECTION('',(5.866E-14,1.,-7.8E-16));
#4547 = DIRECTION('',(-1.,5.866E-14,2.2E-16));
#4548 = ADVANCED_FACE('',(#4549),#4567,.F.);
#4549 = FACE_BOUND('',#4550,.F.);
#4550 = EDGE_LOOP('',(#4551,#4559,#4565,#4566));
#4551 = ORIENTED_EDGE('',*,*,#4552,.T.);
#4552 = EDGE_CURVE('',#3275,#4553,#4555,.T.);
#4553 = VERTEX_POINT('',#4554);
#4554 = CARTESIAN_POINT('',(-1.183568051838,2.45,4.25));
#4555 = LINE('',#4556,#4557);
#4556 = CARTESIAN_POINT('',(-1.183568051838,2.45,6.25));
#4557 = VECTOR('',#4558,1.);
#4558 = DIRECTION('',(1.33E-15,5.6E-16,-1.));
#4559 = ORIENTED_EDGE('',*,*,#4560,.T.);
#4560 = EDGE_CURVE('',#4553,#4505,#4561,.T.);
#4561 = LINE('',#4562,#4563);
#4562 = CARTESIAN_POINT('',(-1.183568051838,2.45,4.25));
#4563 = VECTOR('',#4564,1.);
#4564 = DIRECTION('',(1.,-3.3E-16,-2.2E-16));
#4565 = ORIENTED_EDGE('',*,*,#4504,.F.);
#4566 = ORIENTED_EDGE('',*,*,#3274,.F.);
#4567 = PLANE('',#4568);
#4568 = AXIS2_PLACEMENT_3D('',#4569,#4570,#4571);
#4569 = CARTESIAN_POINT('',(-1.183568051838,2.45,6.25));
#4570 = DIRECTION('',(1.E-15,-1.,7.8E-16));
#4571 = DIRECTION('',(1.,1.E-15,-2.2E-16));
#4572 = ADVANCED_FACE('',(#4573),#4591,.F.);
#4573 = FACE_BOUND('',#4574,.F.);
#4574 = EDGE_LOOP('',(#4575,#4576,#4584,#4590));
#4575 = ORIENTED_EDGE('',*,*,#4537,.T.);
#4576 = ORIENTED_EDGE('',*,*,#4577,.T.);
#4577 = EDGE_CURVE('',#4530,#4578,#4580,.T.);
#4578 = VERTEX_POINT('',#4579);
#4579 = CARTESIAN_POINT('',(-2.367136103677,4.499999999999,4.25));
#4580 = LINE('',#4581,#4582);
#4581 = CARTESIAN_POINT('',(-1.183568051839,6.55,4.25));
#4582 = VECTOR('',#4583,1.);
#4583 = DIRECTION('',(-0.5,-0.866025403785,9.8E-16));
#4584 = ORIENTED_EDGE('',*,*,#4585,.F.);
#4585 = EDGE_CURVE('',#3283,#4578,#4586,.T.);
#4586 = LINE('',#4587,#4588);
#4587 = CARTESIAN_POINT('',(-2.367136103677,4.499999999999,6.25));
#4588 = VECTOR('',#4589,1.);
#4589 = DIRECTION('',(1.33E-15,5.6E-16,-1.));
#4590 = ORIENTED_EDGE('',*,*,#3290,.F.);
#4591 = PLANE('',#4592);
#4592 = AXIS2_PLACEMENT_3D('',#4593,#4594,#4595);
#4593 = CARTESIAN_POINT('',(-1.183568051839,6.55,6.25));
#4594 = DIRECTION('',(-0.866025403785,0.5,-3.9E-16));
#4595 = DIRECTION('',(-0.5,-0.866025403785,9.8E-16));
#4596 = ADVANCED_FACE('',(#4597),#4608,.F.);
#4597 = FACE_BOUND('',#4598,.F.);
#4598 = EDGE_LOOP('',(#4599,#4600,#4606,#4607));
#4599 = ORIENTED_EDGE('',*,*,#4585,.T.);
#4600 = ORIENTED_EDGE('',*,*,#4601,.T.);
#4601 = EDGE_CURVE('',#4578,#4553,#4602,.T.);
#4602 = LINE('',#4603,#4604);
#4603 = CARTESIAN_POINT('',(-2.367136103677,4.499999999999,4.25));
#4604 = VECTOR('',#4605,1.);
#4605 = DIRECTION('',(0.5,-0.866025403784,7.5E-16));
#4606 = ORIENTED_EDGE('',*,*,#4552,.F.);
#4607 = ORIENTED_EDGE('',*,*,#3282,.F.);
#4608 = PLANE('',#4609);
#4609 = AXIS2_PLACEMENT_3D('',#4610,#4611,#4612);
#4610 = CARTESIAN_POINT('',(-2.367136103677,4.499999999999,6.25));
#4611 = DIRECTION('',(-0.866025403784,-0.5,3.9E-16));
#4612 = DIRECTION('',(0.5,-0.866025403784,7.5E-16));
#4613 = ADVANCED_FACE('',(#4614),#4639,.F.);
#4614 = FACE_BOUND('',#4615,.F.);
#4615 = EDGE_LOOP('',(#4616,#4624,#4632,#4638));
#4616 = ORIENTED_EDGE('',*,*,#4617,.T.);
#4617 = EDGE_CURVE('',#3307,#4618,#4620,.T.);
#4618 = VERTEX_POINT('',#4619);
#4619 = CARTESIAN_POINT('',(-11.73286389632,-3.25,4.25));
#4620 = LINE('',#4621,#4622);
#4621 = CARTESIAN_POINT('',(-11.73286389632,-3.25,6.25));
#4622 = VECTOR('',#4623,1.);
#4623 = DIRECTION('',(2.33E-15,-1.42E-15,-1.));
#4624 = ORIENTED_EDGE('',*,*,#4625,.T.);
#4625 = EDGE_CURVE('',#4618,#4626,#4628,.T.);
#4626 = VERTEX_POINT('',#4627);
#4627 = CARTESIAN_POINT('',(-12.91643194816,-1.2,4.25));
#4628 = LINE('',#4629,#4630);
#4629 = CARTESIAN_POINT('',(-11.73286389632,-3.25,4.25));
#4630 = VECTOR('',#4631,1.);
#4631 = DIRECTION('',(-0.5,0.866025403784,-2.472050807569E-15));
#4632 = ORIENTED_EDGE('',*,*,#4633,.F.);
#4633 = EDGE_CURVE('',#3309,#4626,#4634,.T.);
#4634 = LINE('',#4635,#4636);
#4635 = CARTESIAN_POINT('',(-12.91643194816,-1.2,6.25));
#4636 = VECTOR('',#4637,1.);
#4637 = DIRECTION('',(2.33E-15,-1.42E-15,-1.));
#4638 = ORIENTED_EDGE('',*,*,#3306,.F.);
#4639 = PLANE('',#4640);
#4640 = AXIS2_PLACEMENT_3D('',#4641,#4642,#4643);
#4641 = CARTESIAN_POINT('',(-11.73286389632,-3.25,6.25));
#4642 = DIRECTION('',(0.866025403784,0.5,1.31E-15));
#4643 = DIRECTION('',(-0.5,0.866025403784,-2.47E-15));
#4644 = ADVANCED_FACE('',(#4645),#4663,.F.);
#4645 = FACE_BOUND('',#4646,.F.);
#4646 = EDGE_LOOP('',(#4647,#4648,#4656,#4662));
#4647 = ORIENTED_EDGE('',*,*,#4633,.T.);
#4648 = ORIENTED_EDGE('',*,*,#4649,.T.);
#4649 = EDGE_CURVE('',#4626,#4650,#4652,.T.);
#4650 = VERTEX_POINT('',#4651);
#4651 = CARTESIAN_POINT('',(-15.28356805183,-1.2,4.25));
#4652 = LINE('',#4653,#4654);
#4653 = CARTESIAN_POINT('',(-12.91643194816,-1.2,4.25));
#4654 = VECTOR('',#4655,1.);
#4655 = DIRECTION('',(-1.,-3.1E-16,-2.11E-15));
#4656 = ORIENTED_EDGE('',*,*,#4657,.F.);
#4657 = EDGE_CURVE('',#3341,#4650,#4658,.T.);
#4658 = LINE('',#4659,#4660);
#4659 = CARTESIAN_POINT('',(-15.28356805183,-1.2,6.25));
#4660 = VECTOR('',#4661,1.);
#4661 = DIRECTION('',(2.33E-15,-1.42E-15,-1.));
#4662 = ORIENTED_EDGE('',*,*,#3348,.F.);
#4663 = PLANE('',#4664);
#4664 = AXIS2_PLACEMENT_3D('',#4665,#4666,#4667);
#4665 = CARTESIAN_POINT('',(-12.91643194816,-1.2,6.25));
#4666 = DIRECTION('',(0.,1.,-1.42E-15));
#4667 = DIRECTION('',(-1.,-2.9962E-30,-2.11E-15));
#4668 = ADVANCED_FACE('',(#4669),#4687,.F.);
#4669 = FACE_BOUND('',#4670,.F.);
#4670 = EDGE_LOOP('',(#4671,#4672,#4680,#4686));
#4671 = ORIENTED_EDGE('',*,*,#4657,.T.);
#4672 = ORIENTED_EDGE('',*,*,#4673,.T.);
#4673 = EDGE_CURVE('',#4650,#4674,#4676,.T.);
#4674 = VERTEX_POINT('',#4675);
#4675 = CARTESIAN_POINT('',(-16.46713610367,-3.25,4.25));
#4676 = LINE('',#4677,#4678);
#4677 = CARTESIAN_POINT('',(-15.28356805183,-1.2,4.25));
#4678 = VECTOR('',#4679,1.);
#4679 = DIRECTION('',(-0.5,-0.866025403784,3.620508075689E-16));
#4680 = ORIENTED_EDGE('',*,*,#4681,.F.);
#4681 = EDGE_CURVE('',#3333,#4674,#4682,.T.);
#4682 = LINE('',#4683,#4684);
#4683 = CARTESIAN_POINT('',(-16.46713610367,-3.25,6.25));
#4684 = VECTOR('',#4685,1.);
#4685 = DIRECTION('',(2.33E-15,-1.42E-15,-1.));
#4686 = ORIENTED_EDGE('',*,*,#3340,.F.);
#4687 = PLANE('',#4688);
#4688 = AXIS2_PLACEMENT_3D('',#4689,#4690,#4691);
#4689 = CARTESIAN_POINT('',(-15.28356805183,-1.2,6.25));
#4690 = DIRECTION('',(-0.866025403784,0.5,-2.73E-15));
#4691 = DIRECTION('',(-0.5,-0.866025403784,3.6E-16));
#4692 = ADVANCED_FACE('',(#4693),#4711,.F.);
#4693 = FACE_BOUND('',#4694,.F.);
#4694 = EDGE_LOOP('',(#4695,#4696,#4704,#4710));
#4695 = ORIENTED_EDGE('',*,*,#4681,.T.);
#4696 = ORIENTED_EDGE('',*,*,#4697,.T.);
#4697 = EDGE_CURVE('',#4674,#4698,#4700,.T.);
#4698 = VERTEX_POINT('',#4699);
#4699 = CARTESIAN_POINT('',(-15.28356805183,-5.3,4.25));
#4700 = LINE('',#4701,#4702);
#4701 = CARTESIAN_POINT('',(-16.46713610367,-3.25,4.25));
#4702 = VECTOR('',#4703,1.);
#4703 = DIRECTION('',(0.5,-0.866025403784,2.472050807569E-15));
#4704 = ORIENTED_EDGE('',*,*,#4705,.F.);
#4705 = EDGE_CURVE('',#3325,#4698,#4706,.T.);
#4706 = LINE('',#4707,#4708);
#4707 = CARTESIAN_POINT('',(-15.28356805183,-5.3,6.25));
#4708 = VECTOR('',#4709,1.);
#4709 = DIRECTION('',(2.33E-15,-1.42E-15,-1.));
#4710 = ORIENTED_EDGE('',*,*,#3332,.F.);
#4711 = PLANE('',#4712);
#4712 = AXIS2_PLACEMENT_3D('',#4713,#4714,#4715);
#4713 = CARTESIAN_POINT('',(-16.46713610367,-3.25,6.25));
#4714 = DIRECTION('',(-0.866025403784,-0.5,-1.31E-15));
#4715 = DIRECTION('',(0.5,-0.866025403784,2.47E-15));
#4716 = ADVANCED_FACE('',(#4717),#4735,.F.);
#4717 = FACE_BOUND('',#4718,.F.);
#4718 = EDGE_LOOP('',(#4719,#4720,#4728,#4734));
#4719 = ORIENTED_EDGE('',*,*,#4705,.T.);
#4720 = ORIENTED_EDGE('',*,*,#4721,.T.);
#4721 = EDGE_CURVE('',#4698,#4722,#4724,.T.);
#4722 = VERTEX_POINT('',#4723);
#4723 = CARTESIAN_POINT('',(-12.91643194816,-5.3,4.25));
#4724 = LINE('',#4725,#4726);
#4725 = CARTESIAN_POINT('',(-15.28356805183,-5.3,4.25));
#4726 = VECTOR('',#4727,1.);
#4727 = DIRECTION('',(1.,3.1E-16,2.11E-15));
#4728 = ORIENTED_EDGE('',*,*,#4729,.F.);
#4729 = EDGE_CURVE('',#3317,#4722,#4730,.T.);
#4730 = LINE('',#4731,#4732);
#4731 = CARTESIAN_POINT('',(-12.91643194816,-5.3,6.25));
#4732 = VECTOR('',#4733,1.);
#4733 = DIRECTION('',(2.33E-15,-1.42E-15,-1.));
#4734 = ORIENTED_EDGE('',*,*,#3324,.F.);
#4735 = PLANE('',#4736);
#4736 = AXIS2_PLACEMENT_3D('',#4737,#4738,#4739);
#4737 = CARTESIAN_POINT('',(-15.28356805183,-5.3,6.25));
#4738 = DIRECTION('',(0.,-1.,1.42E-15));
#4739 = DIRECTION('',(1.,2.9962E-30,2.11E-15));
#4740 = ADVANCED_FACE('',(#4741),#4752,.F.);
#4741 = FACE_BOUND('',#4742,.F.);
#4742 = EDGE_LOOP('',(#4743,#4744,#4750,#4751));
#4743 = ORIENTED_EDGE('',*,*,#4729,.T.);
#4744 = ORIENTED_EDGE('',*,*,#4745,.T.);
#4745 = EDGE_CURVE('',#4722,#4618,#4746,.T.);
#4746 = LINE('',#4747,#4748);
#4747 = CARTESIAN_POINT('',(-12.91643194816,-5.3,4.25));
#4748 = VECTOR('',#4749,1.);
#4749 = DIRECTION('',(0.5,0.866025403784,-3.620508075689E-16));
#4750 = ORIENTED_EDGE('',*,*,#4617,.F.);
#4751 = ORIENTED_EDGE('',*,*,#3316,.F.);
#4752 = PLANE('',#4753);
#4753 = AXIS2_PLACEMENT_3D('',#4754,#4755,#4756);
#4754 = CARTESIAN_POINT('',(-12.91643194816,-5.3,6.25));
#4755 = DIRECTION('',(0.866025403784,-0.5,2.73E-15));
#4756 = DIRECTION('',(0.5,0.866025403784,-3.6E-16));
#4757 = ADVANCED_FACE('',(#4758),#4783,.F.);
#4758 = FACE_BOUND('',#4759,.F.);
#4759 = EDGE_LOOP('',(#4760,#4768,#4776,#4782));
#4760 = ORIENTED_EDGE('',*,*,#4761,.T.);
#4761 = EDGE_CURVE('',#3357,#4762,#4764,.T.);
#4762 = VERTEX_POINT('',#4763);
#4763 = CARTESIAN_POINT('',(-11.73286389632,3.25,4.25));
#4764 = LINE('',#4765,#4766);
#4765 = CARTESIAN_POINT('',(-11.73286389632,3.25,6.25));
#4766 = VECTOR('',#4767,1.);
#4767 = DIRECTION('',(2.33E-15,-1.42E-15,-1.));
#4768 = ORIENTED_EDGE('',*,*,#4769,.T.);
#4769 = EDGE_CURVE('',#4762,#4770,#4772,.T.);
#4770 = VERTEX_POINT('',#4771);
#4771 = CARTESIAN_POINT('',(-12.91643194816,5.3,4.25));
#4772 = LINE('',#4773,#4774);
#4773 = CARTESIAN_POINT('',(-11.73286389632,3.25,4.25));
#4774 = VECTOR('',#4775,1.);
#4775 = DIRECTION('',(-0.5,0.866025403784,-2.472050807569E-15));
#4776 = ORIENTED_EDGE('',*,*,#4777,.F.);
#4777 = EDGE_CURVE('',#3359,#4770,#4778,.T.);
#4778 = LINE('',#4779,#4780);
#4779 = CARTESIAN_POINT('',(-12.91643194816,5.3,6.25));
#4780 = VECTOR('',#4781,1.);
#4781 = DIRECTION('',(2.33E-15,-1.42E-15,-1.));
#4782 = ORIENTED_EDGE('',*,*,#3356,.F.);
#4783 = PLANE('',#4784);
#4784 = AXIS2_PLACEMENT_3D('',#4785,#4786,#4787);
#4785 = CARTESIAN_POINT('',(-11.73286389632,3.25,6.25));
#4786 = DIRECTION('',(0.866025403784,0.5,1.31E-15));
#4787 = DIRECTION('',(-0.5,0.866025403784,-2.47E-15));
#4788 = ADVANCED_FACE('',(#4789),#4807,.F.);
#4789 = FACE_BOUND('',#4790,.F.);
#4790 = EDGE_LOOP('',(#4791,#4792,#4800,#4806));
#4791 = ORIENTED_EDGE('',*,*,#4777,.T.);
#4792 = ORIENTED_EDGE('',*,*,#4793,.T.);
#4793 = EDGE_CURVE('',#4770,#4794,#4796,.T.);
#4794 = VERTEX_POINT('',#4795);
#4795 = CARTESIAN_POINT('',(-15.28356805183,5.3,4.25));
#4796 = LINE('',#4797,#4798);
#4797 = CARTESIAN_POINT('',(-12.91643194816,5.3,4.25));
#4798 = VECTOR('',#4799,1.);
#4799 = DIRECTION('',(-1.,6.82E-15,-2.11E-15));
#4800 = ORIENTED_EDGE('',*,*,#4801,.F.);
#4801 = EDGE_CURVE('',#3391,#4794,#4802,.T.);
#4802 = LINE('',#4803,#4804);
#4803 = CARTESIAN_POINT('',(-15.28356805183,5.3,6.25));
#4804 = VECTOR('',#4805,1.);
#4805 = DIRECTION('',(2.33E-15,-1.42E-15,-1.));
#4806 = ORIENTED_EDGE('',*,*,#3398,.F.);
#4807 = PLANE('',#4808);
#4808 = AXIS2_PLACEMENT_3D('',#4809,#4810,#4811);
#4809 = CARTESIAN_POINT('',(-12.91643194816,5.3,6.25));
#4810 = DIRECTION('',(7.13E-15,1.,-1.42E-15));
#4811 = DIRECTION('',(-1.,7.13E-15,-2.11E-15));
#4812 = ADVANCED_FACE('',(#4813),#4831,.F.);
#4813 = FACE_BOUND('',#4814,.F.);
#4814 = EDGE_LOOP('',(#4815,#4816,#4824,#4830));
#4815 = ORIENTED_EDGE('',*,*,#4801,.T.);
#4816 = ORIENTED_EDGE('',*,*,#4817,.T.);
#4817 = EDGE_CURVE('',#4794,#4818,#4820,.T.);
#4818 = VERTEX_POINT('',#4819);
#4819 = CARTESIAN_POINT('',(-16.46713610367,3.25,4.25));
#4820 = LINE('',#4821,#4822);
#4821 = CARTESIAN_POINT('',(-15.28356805183,5.3,4.25));
#4822 = VECTOR('',#4823,1.);
#4823 = DIRECTION('',(-0.5,-0.866025403784,3.620508075689E-16));
#4824 = ORIENTED_EDGE('',*,*,#4825,.F.);
#4825 = EDGE_CURVE('',#3383,#4818,#4826,.T.);
#4826 = LINE('',#4827,#4828);
#4827 = CARTESIAN_POINT('',(-16.46713610367,3.25,6.25));
#4828 = VECTOR('',#4829,1.);
#4829 = DIRECTION('',(2.33E-15,-1.42E-15,-1.));
#4830 = ORIENTED_EDGE('',*,*,#3390,.F.);
#4831 = PLANE('',#4832);
#4832 = AXIS2_PLACEMENT_3D('',#4833,#4834,#4835);
#4833 = CARTESIAN_POINT('',(-15.28356805183,5.3,6.25));
#4834 = DIRECTION('',(-0.866025403784,0.5,-2.73E-15));
#4835 = DIRECTION('',(-0.5,-0.866025403784,3.6E-16));
#4836 = ADVANCED_FACE('',(#4837),#4855,.F.);
#4837 = FACE_BOUND('',#4838,.F.);
#4838 = EDGE_LOOP('',(#4839,#4840,#4848,#4854));
#4839 = ORIENTED_EDGE('',*,*,#4825,.T.);
#4840 = ORIENTED_EDGE('',*,*,#4841,.T.);
#4841 = EDGE_CURVE('',#4818,#4842,#4844,.T.);
#4842 = VERTEX_POINT('',#4843);
#4843 = CARTESIAN_POINT('',(-15.28356805183,1.2,4.25));
#4844 = LINE('',#4845,#4846);
#4845 = CARTESIAN_POINT('',(-16.46713610367,3.25,4.25));
#4846 = VECTOR('',#4847,1.);
#4847 = DIRECTION('',(0.5,-0.866025403784,2.472050807569E-15));
#4848 = ORIENTED_EDGE('',*,*,#4849,.F.);
#4849 = EDGE_CURVE('',#3375,#4842,#4850,.T.);
#4850 = LINE('',#4851,#4852);
#4851 = CARTESIAN_POINT('',(-15.28356805183,1.2,6.25));
#4852 = VECTOR('',#4853,1.);
#4853 = DIRECTION('',(2.33E-15,-1.42E-15,-1.));
#4854 = ORIENTED_EDGE('',*,*,#3382,.F.);
#4855 = PLANE('',#4856);
#4856 = AXIS2_PLACEMENT_3D('',#4857,#4858,#4859);
#4857 = CARTESIAN_POINT('',(-16.46713610367,3.25,6.25));
#4858 = DIRECTION('',(-0.866025403784,-0.5,-1.31E-15));
#4859 = DIRECTION('',(0.5,-0.866025403784,2.47E-15));
#4860 = ADVANCED_FACE('',(#4861),#4879,.F.);
#4861 = FACE_BOUND('',#4862,.F.);
#4862 = EDGE_LOOP('',(#4863,#4864,#4872,#4878));
#4863 = ORIENTED_EDGE('',*,*,#4849,.T.);
#4864 = ORIENTED_EDGE('',*,*,#4865,.T.);
#4865 = EDGE_CURVE('',#4842,#4866,#4868,.T.);
#4866 = VERTEX_POINT('',#4867);
#4867 = CARTESIAN_POINT('',(-12.91643194816,1.2,4.25));
#4868 = LINE('',#4869,#4870);
#4869 = CARTESIAN_POINT('',(-15.28356805183,1.2,4.25));
#4870 = VECTOR('',#4871,1.);
#4871 = DIRECTION('',(1.,3.1E-16,2.11E-15));
#4872 = ORIENTED_EDGE('',*,*,#4873,.F.);
#4873 = EDGE_CURVE('',#3367,#4866,#4874,.T.);
#4874 = LINE('',#4875,#4876);
#4875 = CARTESIAN_POINT('',(-12.91643194816,1.2,6.25));
#4876 = VECTOR('',#4877,1.);
#4877 = DIRECTION('',(2.33E-15,-1.42E-15,-1.));
#4878 = ORIENTED_EDGE('',*,*,#3374,.F.);
#4879 = PLANE('',#4880);
#4880 = AXIS2_PLACEMENT_3D('',#4881,#4882,#4883);
#4881 = CARTESIAN_POINT('',(-15.28356805183,1.2,6.25));
#4882 = DIRECTION('',(0.,-1.,1.42E-15));
#4883 = DIRECTION('',(1.,2.9962E-30,2.11E-15));
#4884 = ADVANCED_FACE('',(#4885),#4896,.F.);
#4885 = FACE_BOUND('',#4886,.F.);
#4886 = EDGE_LOOP('',(#4887,#4888,#4894,#4895));
#4887 = ORIENTED_EDGE('',*,*,#4873,.T.);
#4888 = ORIENTED_EDGE('',*,*,#4889,.T.);
#4889 = EDGE_CURVE('',#4866,#4762,#4890,.T.);
#4890 = LINE('',#4891,#4892);
#4891 = CARTESIAN_POINT('',(-12.91643194816,1.2,4.25));
#4892 = VECTOR('',#4893,1.);
#4893 = DIRECTION('',(0.5,0.866025403784,-3.620508075689E-16));
#4894 = ORIENTED_EDGE('',*,*,#4761,.F.);
#4895 = ORIENTED_EDGE('',*,*,#3366,.F.);
#4896 = PLANE('',#4897);
#4897 = AXIS2_PLACEMENT_3D('',#4898,#4899,#4900);
#4898 = CARTESIAN_POINT('',(-12.91643194816,1.2,6.25));
#4899 = DIRECTION('',(0.866025403784,-0.5,2.73E-15));
#4900 = DIRECTION('',(0.5,0.866025403784,-3.6E-16));
#4901 = ADVANCED_FACE('',(#4902,#4910),#4913,.T.);
#4902 = FACE_BOUND('',#4903,.T.);
#4903 = EDGE_LOOP('',(#4904,#4905,#4906,#4907,#4908,#4909));
#4904 = ORIENTED_EDGE('',*,*,#4625,.T.);
#4905 = ORIENTED_EDGE('',*,*,#4649,.T.);
#4906 = ORIENTED_EDGE('',*,*,#4673,.T.);
#4907 = ORIENTED_EDGE('',*,*,#4697,.T.);
#4908 = ORIENTED_EDGE('',*,*,#4721,.T.);
#4909 = ORIENTED_EDGE('',*,*,#4745,.T.);
#4910 = FACE_BOUND('',#4911,.T.);
#4911 = EDGE_LOOP('',(#4912));
#4912 = ORIENTED_EDGE('',*,*,#3562,.T.);
#4913 = PLANE('',#4914);
#4914 = AXIS2_PLACEMENT_3D('',#4915,#4916,#4917);
#4915 = CARTESIAN_POINT('',(-5.95E-14,2.176037128265E-14,4.25));
#4916 = DIRECTION('',(-2.33E-15,1.19E-15,1.));
#4917 = DIRECTION('',(1.,-2.2E-16,2.33E-15));
#4918 = ADVANCED_FACE('',(#4919,#4927),#4930,.T.);
#4919 = FACE_BOUND('',#4920,.T.);
#4920 = EDGE_LOOP('',(#4921,#4922,#4923,#4924,#4925,#4926));
#4921 = ORIENTED_EDGE('',*,*,#4769,.T.);
#4922 = ORIENTED_EDGE('',*,*,#4793,.T.);
#4923 = ORIENTED_EDGE('',*,*,#4817,.T.);
#4924 = ORIENTED_EDGE('',*,*,#4841,.T.);
#4925 = ORIENTED_EDGE('',*,*,#4865,.T.);
#4926 = ORIENTED_EDGE('',*,*,#4889,.T.);
#4927 = FACE_BOUND('',#4928,.T.);
#4928 = EDGE_LOOP('',(#4929));
#4929 = ORIENTED_EDGE('',*,*,#3587,.T.);
#4930 = PLANE('',#4931);
#4931 = AXIS2_PLACEMENT_3D('',#4932,#4933,#4934);
#4932 = CARTESIAN_POINT('',(-5.95E-14,2.176037128265E-14,4.25));
#4933 = DIRECTION('',(-2.33E-15,1.19E-15,1.));
#4934 = DIRECTION('',(1.,-2.2E-16,2.33E-15));
#4935 = ADVANCED_FACE('',(#4936,#4944),#4947,.T.);
#4936 = FACE_BOUND('',#4937,.T.);
#4937 = EDGE_LOOP('',(#4938,#4939,#4940,#4941,#4942,#4943));
#4938 = ORIENTED_EDGE('',*,*,#4337,.T.);
#4939 = ORIENTED_EDGE('',*,*,#4361,.T.);
#4940 = ORIENTED_EDGE('',*,*,#4385,.T.);
#4941 = ORIENTED_EDGE('',*,*,#4409,.T.);
#4942 = ORIENTED_EDGE('',*,*,#4433,.T.);
#4943 = ORIENTED_EDGE('',*,*,#4457,.T.);
#4944 = FACE_BOUND('',#4945,.T.);
#4945 = EDGE_LOOP('',(#4946));
#4946 = ORIENTED_EDGE('',*,*,#3612,.T.);
#4947 = PLANE('',#4948);
#4948 = AXIS2_PLACEMENT_3D('',#4949,#4950,#4951);
#4949 = CARTESIAN_POINT('',(-5.95E-14,2.176037128265E-14,4.25));
#4950 = DIRECTION('',(-2.33E-15,1.19E-15,1.));
#4951 = DIRECTION('',(1.,-2.2E-16,2.33E-15));
#4952 = ADVANCED_FACE('',(#4953,#4961),#4964,.T.);
#4953 = FACE_BOUND('',#4954,.T.);
#4954 = EDGE_LOOP('',(#4955,#4956,#4957,#4958,#4959,#4960));
#4955 = ORIENTED_EDGE('',*,*,#4049,.T.);
#4956 = ORIENTED_EDGE('',*,*,#4073,.T.);
#4957 = ORIENTED_EDGE('',*,*,#4097,.T.);
#4958 = ORIENTED_EDGE('',*,*,#4121,.T.);
#4959 = ORIENTED_EDGE('',*,*,#4145,.T.);
#4960 = ORIENTED_EDGE('',*,*,#4169,.T.);
#4961 = FACE_BOUND('',#4962,.T.);
#4962 = EDGE_LOOP('',(#4963));
#4963 = ORIENTED_EDGE('',*,*,#3637,.T.);
#4964 = PLANE('',#4965);
#4965 = AXIS2_PLACEMENT_3D('',#4966,#4967,#4968);
#4966 = CARTESIAN_POINT('',(-5.95E-14,2.176037128265E-14,4.25));
#4967 = DIRECTION('',(-2.33E-15,1.19E-15,1.));
#4968 = DIRECTION('',(1.,-2.2E-16,2.33E-15));
#4969 = ADVANCED_FACE('',(#4970,#4978),#4981,.T.);
#4970 = FACE_BOUND('',#4971,.T.);
#4971 = EDGE_LOOP('',(#4972,#4973,#4974,#4975,#4976,#4977));
#4972 = ORIENTED_EDGE('',*,*,#4193,.T.);
#4973 = ORIENTED_EDGE('',*,*,#4241,.T.);
#4974 = ORIENTED_EDGE('',*,*,#4289,.T.);
#4975 = ORIENTED_EDGE('',*,*,#4313,.T.);
#4976 = ORIENTED_EDGE('',*,*,#4272,.T.);
#4977 = ORIENTED_EDGE('',*,*,#4224,.T.);
#4978 = FACE_BOUND('',#4979,.T.);
#4979 = EDGE_LOOP('',(#4980));
#4980 = ORIENTED_EDGE('',*,*,#3661,.T.);
#4981 = PLANE('',#4982);
#4982 = AXIS2_PLACEMENT_3D('',#4983,#4984,#4985);
#4983 = CARTESIAN_POINT('',(9.163E-14,1.700861673726E-13,4.25));
#4984 = DIRECTION('',(-1.33E-15,-7.8E-16,1.));
#4985 = DIRECTION('',(1.,-5.6E-16,1.33E-15));
#4986 = ADVANCED_FACE('',(#4987,#4995),#4998,.T.);
#4987 = FACE_BOUND('',#4988,.T.);
#4988 = EDGE_LOOP('',(#4989,#4990,#4991,#4992,#4993,#4994));
#4989 = ORIENTED_EDGE('',*,*,#4481,.T.);
#4990 = ORIENTED_EDGE('',*,*,#4529,.T.);
#4991 = ORIENTED_EDGE('',*,*,#4577,.T.);
#4992 = ORIENTED_EDGE('',*,*,#4601,.T.);
#4993 = ORIENTED_EDGE('',*,*,#4560,.T.);
#4994 = ORIENTED_EDGE('',*,*,#4512,.T.);
#4995 = FACE_BOUND('',#4996,.T.);
#4996 = EDGE_LOOP('',(#4997));
#4997 = ORIENTED_EDGE('',*,*,#3686,.T.);
#4998 = PLANE('',#4999);
#4999 = AXIS2_PLACEMENT_3D('',#5000,#5001,#5002);
#5000 = CARTESIAN_POINT('',(9.163E-14,1.700861673726E-13,4.25));
#5001 = DIRECTION('',(-1.33E-15,-7.8E-16,1.));
#5002 = DIRECTION('',(1.,-5.6E-16,1.33E-15));
#5003 = ADVANCED_FACE('',(#5004),#5014,.F.);
#5004 = FACE_BOUND('',#5005,.F.);
#5005 = EDGE_LOOP('',(#5006,#5007,#5013));
#5006 = ORIENTED_EDGE('',*,*,#3801,.F.);
#5007 = ORIENTED_EDGE('',*,*,#5008,.T.);
#5008 = EDGE_CURVE('',#3794,#3769,#5009,.T.);
#5009 = LINE('',#5010,#5011);
#5010 = CARTESIAN_POINT('',(-18.,-47.25,-5.5));
#5011 = VECTOR('',#5012,1.);
#5012 = DIRECTION('',(3.25E-15,0.707106781187,-0.707106781187));
#5013 = ORIENTED_EDGE('',*,*,#3778,.F.);
#5014 = PLANE('',#5015);
#5015 = AXIS2_PLACEMENT_3D('',#5016,#5017,#5018);
#5016 = CARTESIAN_POINT('',(-18.,-47.5,-5.25));
#5017 = DIRECTION('',(0.57735026919,0.57735026919,0.57735026919));
#5018 = DIRECTION('',(0.707106781187,1.387778780781E-16,-0.707106781187)
  );
#5019 = ADVANCED_FACE('',(#5020),#5023,.T.);
#5020 = FACE_BOUND('',#5021,.T.);
#5021 = EDGE_LOOP('',(#5022));
#5022 = ORIENTED_EDGE('',*,*,#3858,.T.);
#5023 = PLANE('',#5024);
#5024 = AXIS2_PLACEMENT_3D('',#5025,#5026,#5027);
#5025 = CARTESIAN_POINT('',(-1.59872115546E-14,37.5,-7.801E-14));
#5026 = DIRECTION('',(-2.22E-15,1.,-1.67E-15));
#5027 = DIRECTION('',(-2.33E-15,1.67E-15,1.));
#5028 = ADVANCED_FACE('',(#5029),#5035,.T.);
#5029 = FACE_BOUND('',#5030,.T.);
#5030 = EDGE_LOOP('',(#5031,#5032,#5033,#5034));
#5031 = ORIENTED_EDGE('',*,*,#5008,.T.);
#5032 = ORIENTED_EDGE('',*,*,#4016,.T.);
#5033 = ORIENTED_EDGE('',*,*,#3999,.T.);
#5034 = ORIENTED_EDGE('',*,*,#3885,.F.);
#5035 = PLANE('',#5036);
#5036 = AXIS2_PLACEMENT_3D('',#5037,#5038,#5039);
#5037 = CARTESIAN_POINT('',(-19.,-47.,-5.75));
#5038 = DIRECTION('',(1.65E-15,-0.707106781187,-0.707106781187));
#5039 = DIRECTION('',(1.,-5.327381104219E-17,2.386726188958E-15));
#5040 = ( GEOMETRIC_REPRESENTATION_CONTEXT(3) 
GLOBAL_UNCERTAINTY_ASSIGNED_CONTEXT((#5044)) 
GLOBAL_UNIT_ASSIGNED_CONTEXT((#5041,#5042,#5043)) REPRESENTATION_CONTEXT
('Context #1','3D Context with UNIT and UNCERTAINTY') );
#5041 = ( LENGTH_UNIT() NAMED_UNIT(*) SI_UNIT(.MILLI.,.METRE.) );
#5042 = ( NAMED_UNIT(*) PLANE_ANGLE_UNIT() SI_UNIT($,.RADIAN.) );
#5043 = ( NAMED_UNIT(*) SI_UNIT($,.STERADIAN.) SOLID_ANGLE_UNIT() );
#5044 = UNCERTAINTY_MEASURE_WITH_UNIT(LENGTH_MEASURE(5.E-06),#5041,
  'distance_accuracy_value','confusion accuracy');
#5045 = PRODUCT_RELATED_PRODUCT_CATEGORY('part',$,(#7));
ENDSEC;
END-ISO-10303-21;
