ISO-10303-21;
HEADER;
FILE_DESCRIPTION(('FreeCAD Model'),'2;1');
FILE_NAME('Open CASCADE Shape Model','2026-07-17T10:30:21',(''),(''),
  'Open CASCADE STEP processor 7.8','FreeCAD','Unknown');
FILE_SCHEMA(('AUTOMOTIVE_DESIGN { 1 0 10303 214 1 1 1 1 }'));
ENDSEC;
DATA;
#1 = APPLICATION_PROTOCOL_DEFINITION('international standard',
  'automotive_design',2000,#2);
#2 = APPLICATION_CONTEXT(
  'core data for automotive mechanical design processes');
#3 = SHAPE_DEFINITION_REPRESENTATION(#4,#10);
#4 = PRODUCT_DEFINITION_SHAPE('','',#5);
#5 = PRODUCT_DEFINITION('design','',#6,#9);
#6 = PRODUCT_DEFINITION_FORMATION('','',#7);
#7 = PRODUCT('Body','Body','',(#8));
#8 = PRODUCT_CONTEXT('',#2,'mechanical');
#9 = PRODUCT_DEFINITION_CONTEXT('part definition',#2,'design');
#10 = ADVANCED_BREP_SHAPE_REPRESENTATION('',(#11,#15),#2497);
#11 = AXIS2_PLACEMENT_3D('',#12,#13,#14);
#12 = CARTESIAN_POINT('',(0.,0.,0.));
#13 = DIRECTION('',(0.,0.,1.));
#14 = DIRECTION('',(1.,0.,-0.));
#15 = MANIFOLD_SOLID_BREP('',#16);
#16 = CLOSED_SHELL('',(#17,#397,#462,#486,#510,#534,#558,#575,#606,#630,
    #654,#678,#702,#726,#750,#767,#792,#817,#842,#867,#932,#956,#980,
    #1004,#1028,#1045,#1110,#1134,#1158,#1182,#1206,#1223,#1288,#1312,
    #1336,#1360,#1384,#1401,#1425,#1449,#1473,#1497,#1514,#1538,#1562,
    #1579,#1610,#1626,#1642,#1666,#1690,#1706,#1722,#1739,#1748,#1757,
    #1766,#1775,#1799,#1823,#1847,#1871,#1888,#1912,#1936,#1953,#1977,
    #2001,#2025,#2049,#2066,#2090,#2114,#2131,#2155,#2179,#2203,#2227,
    #2244,#2268,#2292,#2309,#2325,#2342,#2353,#2365,#2381,#2398,#2409,
    #2425,#2442,#2453,#2469,#2486));
#17 = ADVANCED_FACE('',(#18,#84,#150,#161,#172,#183,#194,#260,#326),#392
  ,.T.);
#18 = FACE_BOUND('',#19,.T.);
#19 = EDGE_LOOP('',(#20,#30,#38,#46,#54,#62,#70,#78));
#20 = ORIENTED_EDGE('',*,*,#21,.F.);
#21 = EDGE_CURVE('',#22,#24,#26,.T.);
#22 = VERTEX_POINT('',#23);
#23 = CARTESIAN_POINT('',(39.,3.5,28.8));
#24 = VERTEX_POINT('',#25);
#25 = CARTESIAN_POINT('',(40.,3.5,28.8));
#26 = LINE('',#27,#28);
#27 = CARTESIAN_POINT('',(14.5,3.5,28.8));
#28 = VECTOR('',#29,1.);
#29 = DIRECTION('',(1.,0.,0.));
#30 = ORIENTED_EDGE('',*,*,#31,.F.);
#31 = EDGE_CURVE('',#32,#22,#34,.T.);
#32 = VERTEX_POINT('',#33);
#33 = CARTESIAN_POINT('',(29.,3.5,28.8));
#34 = LINE('',#35,#36);
#35 = CARTESIAN_POINT('',(29.,3.5,28.8));
#36 = VECTOR('',#37,1.);
#37 = DIRECTION('',(1.,0.,0.));
#38 = ORIENTED_EDGE('',*,*,#39,.T.);
#39 = EDGE_CURVE('',#32,#40,#42,.T.);
#40 = VERTEX_POINT('',#41);
#41 = CARTESIAN_POINT('',(28.,3.5,28.8));
#42 = LINE('',#43,#44);
#43 = CARTESIAN_POINT('',(14.5,3.5,28.8));
#44 = VECTOR('',#45,1.);
#45 = DIRECTION('',(-1.,0.,-0.));
#46 = ORIENTED_EDGE('',*,*,#47,.F.);
#47 = EDGE_CURVE('',#48,#40,#50,.T.);
#48 = VERTEX_POINT('',#49);
#49 = CARTESIAN_POINT('',(28.,3.5,24.800000000001));
#50 = LINE('',#51,#52);
#51 = CARTESIAN_POINT('',(28.,3.5,23.800000000001));
#52 = VECTOR('',#53,1.);
#53 = DIRECTION('',(0.,-2.2E-16,1.));
#54 = ORIENTED_EDGE('',*,*,#55,.F.);
#55 = EDGE_CURVE('',#56,#48,#58,.T.);
#56 = VERTEX_POINT('',#57);
#57 = CARTESIAN_POINT('',(30.,3.5,22.800000000001));
#58 = LINE('',#59,#60);
#59 = CARTESIAN_POINT('',(28.2,3.5,24.600000000001));
#60 = VECTOR('',#61,1.);
#61 = DIRECTION('',(-0.707106781187,0.,0.707106781187));
#62 = ORIENTED_EDGE('',*,*,#63,.F.);
#63 = EDGE_CURVE('',#64,#56,#66,.T.);
#64 = VERTEX_POINT('',#65);
#65 = CARTESIAN_POINT('',(38.,3.5,22.800000000001));
#66 = LINE('',#67,#68);
#67 = CARTESIAN_POINT('',(39.,3.5,22.800000000001));
#68 = VECTOR('',#69,1.);
#69 = DIRECTION('',(-1.,-0.,0.));
#70 = ORIENTED_EDGE('',*,*,#71,.T.);
#71 = EDGE_CURVE('',#64,#72,#74,.T.);
#72 = VERTEX_POINT('',#73);
#73 = CARTESIAN_POINT('',(40.,3.5,24.800000000001));
#74 = LINE('',#75,#76);
#75 = CARTESIAN_POINT('',(22.799999999999,3.5,7.600000000001));
#76 = VECTOR('',#77,1.);
#77 = DIRECTION('',(0.707106781187,0.,0.707106781187));
#78 = ORIENTED_EDGE('',*,*,#79,.F.);
#79 = EDGE_CURVE('',#24,#72,#80,.T.);
#80 = LINE('',#81,#82);
#81 = CARTESIAN_POINT('',(40.,3.5,28.8));
#82 = VECTOR('',#83,1.);
#83 = DIRECTION('',(0.,2.2E-16,-1.));
#84 = FACE_BOUND('',#85,.T.);
#85 = EDGE_LOOP('',(#86,#96,#104,#112,#120,#128,#136,#144));
#86 = ORIENTED_EDGE('',*,*,#87,.F.);
#87 = EDGE_CURVE('',#88,#90,#92,.T.);
#88 = VERTEX_POINT('',#89);
#89 = CARTESIAN_POINT('',(89.,3.5,34.));
#90 = VERTEX_POINT('',#91);
#91 = CARTESIAN_POINT('',(-89.,3.5,34.));
#92 = LINE('',#93,#94);
#93 = CARTESIAN_POINT('',(90.,3.5,34.));
#94 = VECTOR('',#95,1.);
#95 = DIRECTION('',(-1.,0.,0.));
#96 = ORIENTED_EDGE('',*,*,#97,.T.);
#97 = EDGE_CURVE('',#88,#98,#100,.T.);
#98 = VERTEX_POINT('',#99);
#99 = CARTESIAN_POINT('',(90.,3.5,33.));
#100 = LINE('',#101,#102);
#101 = CARTESIAN_POINT('',(75.5,3.5,47.5));
#102 = VECTOR('',#103,1.);
#103 = DIRECTION('',(0.707106781187,0.,-0.707106781187));
#104 = ORIENTED_EDGE('',*,*,#105,.F.);
#105 = EDGE_CURVE('',#106,#98,#108,.T.);
#106 = VERTEX_POINT('',#107);
#107 = CARTESIAN_POINT('',(90.,3.5,-33.));
#108 = LINE('',#109,#110);
#109 = CARTESIAN_POINT('',(90.,3.5,-34.));
#110 = VECTOR('',#111,1.);
#111 = DIRECTION('',(0.,-2.2E-16,1.));
#112 = ORIENTED_EDGE('',*,*,#113,.T.);
#113 = EDGE_CURVE('',#106,#114,#116,.T.);
#114 = VERTEX_POINT('',#115);
#115 = CARTESIAN_POINT('',(89.,3.5,-34.));
#116 = LINE('',#117,#118);
#117 = CARTESIAN_POINT('',(75.5,3.5,-47.5));
#118 = VECTOR('',#119,1.);
#119 = DIRECTION('',(-0.707106781187,0.,-0.707106781187));
#120 = ORIENTED_EDGE('',*,*,#121,.F.);
#121 = EDGE_CURVE('',#122,#114,#124,.T.);
#122 = VERTEX_POINT('',#123);
#123 = CARTESIAN_POINT('',(-89.,3.5,-34.));
#124 = LINE('',#125,#126);
#125 = CARTESIAN_POINT('',(-90.,3.5,-34.));
#126 = VECTOR('',#127,1.);
#127 = DIRECTION('',(1.,0.,0.));
#128 = ORIENTED_EDGE('',*,*,#129,.F.);
#129 = EDGE_CURVE('',#130,#122,#132,.T.);
#130 = VERTEX_POINT('',#131);
#131 = CARTESIAN_POINT('',(-90.,3.5,-33.));
#132 = LINE('',#133,#134);
#133 = CARTESIAN_POINT('',(-75.5,3.5,-47.5));
#134 = VECTOR('',#135,1.);
#135 = DIRECTION('',(0.707106781187,0.,-0.707106781187));
#136 = ORIENTED_EDGE('',*,*,#137,.F.);
#137 = EDGE_CURVE('',#138,#130,#140,.T.);
#138 = VERTEX_POINT('',#139);
#139 = CARTESIAN_POINT('',(-90.,3.5,33.));
#140 = LINE('',#141,#142);
#141 = CARTESIAN_POINT('',(-90.,3.5,34.));
#142 = VECTOR('',#143,1.);
#143 = DIRECTION('',(0.,2.2E-16,-1.));
#144 = ORIENTED_EDGE('',*,*,#145,.F.);
#145 = EDGE_CURVE('',#90,#138,#146,.T.);
#146 = LINE('',#147,#148);
#147 = CARTESIAN_POINT('',(-75.5,3.5,47.5));
#148 = VECTOR('',#149,1.);
#149 = DIRECTION('',(-0.707106781187,0.,-0.707106781187));
#150 = FACE_BOUND('',#151,.T.);
#151 = EDGE_LOOP('',(#152));
#152 = ORIENTED_EDGE('',*,*,#153,.F.);
#153 = EDGE_CURVE('',#154,#154,#156,.T.);
#154 = VERTEX_POINT('',#155);
#155 = CARTESIAN_POINT('',(-71.45,3.5,1.E-15));
#156 = CIRCLE('',#157,5.05);
#157 = AXIS2_PLACEMENT_3D('',#158,#159,#160);
#158 = CARTESIAN_POINT('',(-76.5,3.5,0.));
#159 = DIRECTION('',(-0.,1.,2.2E-16));
#160 = DIRECTION('',(1.,0.,0.));
#161 = FACE_BOUND('',#162,.T.);
#162 = EDGE_LOOP('',(#163));
#163 = ORIENTED_EDGE('',*,*,#164,.F.);
#164 = EDGE_CURVE('',#165,#165,#167,.T.);
#165 = VERTEX_POINT('',#166);
#166 = CARTESIAN_POINT('',(-33.2,3.5,1.E-15));
#167 = CIRCLE('',#168,5.05);
#168 = AXIS2_PLACEMENT_3D('',#169,#170,#171);
#169 = CARTESIAN_POINT('',(-38.25,3.5,0.));
#170 = DIRECTION('',(-0.,1.,2.2E-16));
#171 = DIRECTION('',(1.,0.,0.));
#172 = FACE_BOUND('',#173,.T.);
#173 = EDGE_LOOP('',(#174));
#174 = ORIENTED_EDGE('',*,*,#175,.F.);
#175 = EDGE_CURVE('',#176,#176,#178,.T.);
#176 = VERTEX_POINT('',#177);
#177 = CARTESIAN_POINT('',(43.3,3.5,1.E-15));
#178 = CIRCLE('',#179,5.05);
#179 = AXIS2_PLACEMENT_3D('',#180,#181,#182);
#180 = CARTESIAN_POINT('',(38.25,3.5,0.));
#181 = DIRECTION('',(-0.,1.,2.2E-16));
#182 = DIRECTION('',(1.,0.,0.));
#183 = FACE_BOUND('',#184,.T.);
#184 = EDGE_LOOP('',(#185));
#185 = ORIENTED_EDGE('',*,*,#186,.F.);
#186 = EDGE_CURVE('',#187,#187,#189,.T.);
#187 = VERTEX_POINT('',#188);
#188 = CARTESIAN_POINT('',(81.55,3.5,1.E-15));
#189 = CIRCLE('',#190,5.05);
#190 = AXIS2_PLACEMENT_3D('',#191,#192,#193);
#191 = CARTESIAN_POINT('',(76.5,3.5,0.));
#192 = DIRECTION('',(-0.,1.,2.2E-16));
#193 = DIRECTION('',(1.,0.,0.));
#194 = FACE_BOUND('',#195,.T.);
#195 = EDGE_LOOP('',(#196,#206,#214,#222,#230,#238,#246,#254));
#196 = ORIENTED_EDGE('',*,*,#197,.F.);
#197 = EDGE_CURVE('',#198,#200,#202,.T.);
#198 = VERTEX_POINT('',#199);
#199 = CARTESIAN_POINT('',(-62.8,3.5,5.));
#200 = VERTEX_POINT('',#201);
#201 = CARTESIAN_POINT('',(-62.8,3.5,6.));
#202 = LINE('',#203,#204);
#203 = CARTESIAN_POINT('',(-62.8,3.5,-2.5));
#204 = VECTOR('',#205,1.);
#205 = DIRECTION('',(0.,0.,1.));
#206 = ORIENTED_EDGE('',*,*,#207,.F.);
#207 = EDGE_CURVE('',#208,#198,#210,.T.);
#208 = VERTEX_POINT('',#209);
#209 = CARTESIAN_POINT('',(-62.8,3.5,-5.));
#210 = LINE('',#211,#212);
#211 = CARTESIAN_POINT('',(-62.8,3.5,-5.));
#212 = VECTOR('',#213,1.);
#213 = DIRECTION('',(0.,-2.2E-16,1.));
#214 = ORIENTED_EDGE('',*,*,#215,.T.);
#215 = EDGE_CURVE('',#208,#216,#218,.T.);
#216 = VERTEX_POINT('',#217);
#217 = CARTESIAN_POINT('',(-62.8,3.5,-6.));
#218 = LINE('',#219,#220);
#219 = CARTESIAN_POINT('',(-62.8,3.5,-2.5));
#220 = VECTOR('',#221,1.);
#221 = DIRECTION('',(0.,0.,-1.));
#222 = ORIENTED_EDGE('',*,*,#223,.F.);
#223 = EDGE_CURVE('',#224,#216,#226,.T.);
#224 = VERTEX_POINT('',#225);
#225 = CARTESIAN_POINT('',(-58.8,3.5,-6.));
#226 = LINE('',#227,#228);
#227 = CARTESIAN_POINT('',(-57.8,3.5,-6.));
#228 = VECTOR('',#229,1.);
#229 = DIRECTION('',(-1.,-0.,0.));
#230 = ORIENTED_EDGE('',*,*,#231,.F.);
#231 = EDGE_CURVE('',#232,#224,#234,.T.);
#232 = VERTEX_POINT('',#233);
#233 = CARTESIAN_POINT('',(-56.8,3.5,-4.));
#234 = LINE('',#235,#236);
#235 = CARTESIAN_POINT('',(-41.6,3.5,11.2));
#236 = VECTOR('',#237,1.);
#237 = DIRECTION('',(-0.707106781187,0.,-0.707106781187));
#238 = ORIENTED_EDGE('',*,*,#239,.F.);
#239 = EDGE_CURVE('',#240,#232,#242,.T.);
#240 = VERTEX_POINT('',#241);
#241 = CARTESIAN_POINT('',(-56.8,3.5,4.));
#242 = LINE('',#243,#244);
#243 = CARTESIAN_POINT('',(-56.8,3.5,5.));
#244 = VECTOR('',#245,1.);
#245 = DIRECTION('',(0.,2.2E-16,-1.));
#246 = ORIENTED_EDGE('',*,*,#247,.T.);
#247 = EDGE_CURVE('',#240,#248,#250,.T.);
#248 = VERTEX_POINT('',#249);
#249 = CARTESIAN_POINT('',(-58.8,3.5,6.));
#250 = LINE('',#251,#252);
#251 = CARTESIAN_POINT('',(-41.6,3.5,-11.2));
#252 = VECTOR('',#253,1.);
#253 = DIRECTION('',(-0.707106781187,0.,0.707106781187));
#254 = ORIENTED_EDGE('',*,*,#255,.F.);
#255 = EDGE_CURVE('',#200,#248,#256,.T.);
#256 = LINE('',#257,#258);
#257 = CARTESIAN_POINT('',(-62.8,3.5,6.));
#258 = VECTOR('',#259,1.);
#259 = DIRECTION('',(1.,0.,0.));
#260 = FACE_BOUND('',#261,.T.);
#261 = EDGE_LOOP('',(#262,#272,#280,#288,#296,#304,#312,#320));
#262 = ORIENTED_EDGE('',*,*,#263,.F.);
#263 = EDGE_CURVE('',#264,#266,#268,.T.);
#264 = VERTEX_POINT('',#265);
#265 = CARTESIAN_POINT('',(62.8,3.5,-5.));
#266 = VERTEX_POINT('',#267);
#267 = CARTESIAN_POINT('',(62.8,3.5,-6.));
#268 = LINE('',#269,#270);
#269 = CARTESIAN_POINT('',(62.8,3.5,2.5));
#270 = VECTOR('',#271,1.);
#271 = DIRECTION('',(0.,0.,-1.));
#272 = ORIENTED_EDGE('',*,*,#273,.F.);
#273 = EDGE_CURVE('',#274,#264,#276,.T.);
#274 = VERTEX_POINT('',#275);
#275 = CARTESIAN_POINT('',(62.8,3.5,5.));
#276 = LINE('',#277,#278);
#277 = CARTESIAN_POINT('',(62.8,3.5,5.));
#278 = VECTOR('',#279,1.);
#279 = DIRECTION('',(0.,2.2E-16,-1.));
#280 = ORIENTED_EDGE('',*,*,#281,.T.);
#281 = EDGE_CURVE('',#274,#282,#284,.T.);
#282 = VERTEX_POINT('',#283);
#283 = CARTESIAN_POINT('',(62.8,3.5,6.));
#284 = LINE('',#285,#286);
#285 = CARTESIAN_POINT('',(62.8,3.5,2.5));
#286 = VECTOR('',#287,1.);
#287 = DIRECTION('',(0.,0.,1.));
#288 = ORIENTED_EDGE('',*,*,#289,.F.);
#289 = EDGE_CURVE('',#290,#282,#292,.T.);
#290 = VERTEX_POINT('',#291);
#291 = CARTESIAN_POINT('',(58.8,3.5,6.));
#292 = LINE('',#293,#294);
#293 = CARTESIAN_POINT('',(57.8,3.5,6.));
#294 = VECTOR('',#295,1.);
#295 = DIRECTION('',(1.,0.,0.));
#296 = ORIENTED_EDGE('',*,*,#297,.F.);
#297 = EDGE_CURVE('',#298,#290,#300,.T.);
#298 = VERTEX_POINT('',#299);
#299 = CARTESIAN_POINT('',(56.8,3.5,4.));
#300 = LINE('',#301,#302);
#301 = CARTESIAN_POINT('',(41.6,3.5,-11.2));
#302 = VECTOR('',#303,1.);
#303 = DIRECTION('',(0.707106781187,0.,0.707106781187));
#304 = ORIENTED_EDGE('',*,*,#305,.F.);
#305 = EDGE_CURVE('',#306,#298,#308,.T.);
#306 = VERTEX_POINT('',#307);
#307 = CARTESIAN_POINT('',(56.8,3.5,-4.));
#308 = LINE('',#309,#310);
#309 = CARTESIAN_POINT('',(56.8,3.5,-5.));
#310 = VECTOR('',#311,1.);
#311 = DIRECTION('',(0.,-2.2E-16,1.));
#312 = ORIENTED_EDGE('',*,*,#313,.T.);
#313 = EDGE_CURVE('',#306,#314,#316,.T.);
#314 = VERTEX_POINT('',#315);
#315 = CARTESIAN_POINT('',(58.8,3.5,-6.));
#316 = LINE('',#317,#318);
#317 = CARTESIAN_POINT('',(41.6,3.5,11.2));
#318 = VECTOR('',#319,1.);
#319 = DIRECTION('',(0.707106781187,0.,-0.707106781187));
#320 = ORIENTED_EDGE('',*,*,#321,.F.);
#321 = EDGE_CURVE('',#266,#314,#322,.T.);
#322 = LINE('',#323,#324);
#323 = CARTESIAN_POINT('',(62.8,3.5,-6.));
#324 = VECTOR('',#325,1.);
#325 = DIRECTION('',(-1.,-0.,0.));
#326 = FACE_BOUND('',#327,.T.);
#327 = EDGE_LOOP('',(#328,#338,#346,#354,#362,#370,#378,#386));
#328 = ORIENTED_EDGE('',*,*,#329,.F.);
#329 = EDGE_CURVE('',#330,#332,#334,.T.);
#330 = VERTEX_POINT('',#331);
#331 = CARTESIAN_POINT('',(-28.99999999999,3.5,28.800000000002));
#332 = VERTEX_POINT('',#333);
#333 = CARTESIAN_POINT('',(-27.99999999999,3.5,28.800000000002));
#334 = LINE('',#335,#336);
#335 = CARTESIAN_POINT('',(-19.5,3.5,28.800000000002));
#336 = VECTOR('',#337,1.);
#337 = DIRECTION('',(1.,0.,0.));
#338 = ORIENTED_EDGE('',*,*,#339,.F.);
#339 = EDGE_CURVE('',#340,#330,#342,.T.);
#340 = VERTEX_POINT('',#341);
#341 = CARTESIAN_POINT('',(-39.,3.5,28.800000000002));
#342 = LINE('',#343,#344);
#343 = CARTESIAN_POINT('',(-39.,3.5,28.800000000002));
#344 = VECTOR('',#345,1.);
#345 = DIRECTION('',(1.,0.,0.));
#346 = ORIENTED_EDGE('',*,*,#347,.T.);
#347 = EDGE_CURVE('',#340,#348,#350,.T.);
#348 = VERTEX_POINT('',#349);
#349 = CARTESIAN_POINT('',(-40.,3.5,28.800000000002));
#350 = LINE('',#351,#352);
#351 = CARTESIAN_POINT('',(-19.5,3.5,28.800000000002));
#352 = VECTOR('',#353,1.);
#353 = DIRECTION('',(-1.,0.,-0.));
#354 = ORIENTED_EDGE('',*,*,#355,.F.);
#355 = EDGE_CURVE('',#356,#348,#358,.T.);
#356 = VERTEX_POINT('',#357);
#357 = CARTESIAN_POINT('',(-40.,3.5,24.8));
#358 = LINE('',#359,#360);
#359 = CARTESIAN_POINT('',(-40.,3.5,23.8));
#360 = VECTOR('',#361,1.);
#361 = DIRECTION('',(0.,-2.2E-16,1.));
#362 = ORIENTED_EDGE('',*,*,#363,.F.);
#363 = EDGE_CURVE('',#364,#356,#366,.T.);
#364 = VERTEX_POINT('',#365);
#365 = CARTESIAN_POINT('',(-38.,3.5,22.8));
#366 = LINE('',#367,#368);
#367 = CARTESIAN_POINT('',(-22.8,3.5,7.6));
#368 = VECTOR('',#369,1.);
#369 = DIRECTION('',(-0.707106781187,0.,0.707106781187));
#370 = ORIENTED_EDGE('',*,*,#371,.F.);
#371 = EDGE_CURVE('',#372,#364,#374,.T.);
#372 = VERTEX_POINT('',#373);
#373 = CARTESIAN_POINT('',(-29.99999999999,3.5,22.8));
#374 = LINE('',#375,#376);
#375 = CARTESIAN_POINT('',(-28.99999999999,3.5,22.8));
#376 = VECTOR('',#377,1.);
#377 = DIRECTION('',(-1.,-0.,0.));
#378 = ORIENTED_EDGE('',*,*,#379,.T.);
#379 = EDGE_CURVE('',#372,#380,#382,.T.);
#380 = VERTEX_POINT('',#381);
#381 = CARTESIAN_POINT('',(-27.99999999999,3.5,24.8));
#382 = LINE('',#383,#384);
#383 = CARTESIAN_POINT('',(-28.2,3.5,24.6));
#384 = VECTOR('',#385,1.);
#385 = DIRECTION('',(0.707106781187,0.,0.707106781187));
#386 = ORIENTED_EDGE('',*,*,#387,.F.);
#387 = EDGE_CURVE('',#332,#380,#388,.T.);
#388 = LINE('',#389,#390);
#389 = CARTESIAN_POINT('',(-27.99999999999,3.5,28.800000000002));
#390 = VECTOR('',#391,1.);
#391 = DIRECTION('',(0.,2.2E-16,-1.));
#392 = PLANE('',#393);
#393 = AXIS2_PLACEMENT_3D('',#394,#395,#396);
#394 = CARTESIAN_POINT('',(0.,3.5,0.));
#395 = DIRECTION('',(0.,1.,2.2E-16));
#396 = DIRECTION('',(0.,-2.2E-16,1.));
#397 = ADVANCED_FACE('',(#398),#457,.F.);
#398 = FACE_BOUND('',#399,.F.);
#399 = EDGE_LOOP('',(#400,#410,#418,#426,#434,#442,#448,#449,#450,#451)
  );
#400 = ORIENTED_EDGE('',*,*,#401,.T.);
#401 = EDGE_CURVE('',#402,#404,#406,.T.);
#402 = VERTEX_POINT('',#403);
#403 = CARTESIAN_POINT('',(29.,4.5,28.8));
#404 = VERTEX_POINT('',#405);
#405 = CARTESIAN_POINT('',(29.,7.5,28.8));
#406 = LINE('',#407,#408);
#407 = CARTESIAN_POINT('',(29.,3.5,28.8));
#408 = VECTOR('',#409,1.);
#409 = DIRECTION('',(0.,1.,2.2E-16));
#410 = ORIENTED_EDGE('',*,*,#411,.T.);
#411 = EDGE_CURVE('',#404,#412,#414,.T.);
#412 = VERTEX_POINT('',#413);
#413 = CARTESIAN_POINT('',(30.,8.5,28.8));
#414 = LINE('',#415,#416);
#415 = CARTESIAN_POINT('',(28.25,6.75,28.8));
#416 = VECTOR('',#417,1.);
#417 = DIRECTION('',(0.707106781187,0.707106781187,1.6E-16));
#418 = ORIENTED_EDGE('',*,*,#419,.T.);
#419 = EDGE_CURVE('',#412,#420,#422,.T.);
#420 = VERTEX_POINT('',#421);
#421 = CARTESIAN_POINT('',(38.,8.5,28.8));
#422 = LINE('',#423,#424);
#423 = CARTESIAN_POINT('',(29.,8.5,28.8));
#424 = VECTOR('',#425,1.);
#425 = DIRECTION('',(1.,0.,0.));
#426 = ORIENTED_EDGE('',*,*,#427,.F.);
#427 = EDGE_CURVE('',#428,#420,#430,.T.);
#428 = VERTEX_POINT('',#429);
#429 = CARTESIAN_POINT('',(39.,7.5,28.8));
#430 = LINE('',#431,#432);
#431 = CARTESIAN_POINT('',(37.25,9.25,28.8));
#432 = VECTOR('',#433,1.);
#433 = DIRECTION('',(-0.707106781187,0.707106781187,1.6E-16));
#434 = ORIENTED_EDGE('',*,*,#435,.F.);
#435 = EDGE_CURVE('',#436,#428,#438,.T.);
#436 = VERTEX_POINT('',#437);
#437 = CARTESIAN_POINT('',(39.,4.5,28.8));
#438 = LINE('',#439,#440);
#439 = CARTESIAN_POINT('',(39.,3.5,28.8));
#440 = VECTOR('',#441,1.);
#441 = DIRECTION('',(0.,1.,2.2E-16));
#442 = ORIENTED_EDGE('',*,*,#443,.F.);
#443 = EDGE_CURVE('',#24,#436,#444,.T.);
#444 = LINE('',#445,#446);
#445 = CARTESIAN_POINT('',(37.,6.5,28.8));
#446 = VECTOR('',#447,1.);
#447 = DIRECTION('',(-0.707106781187,0.707106781187,1.6E-16));
#448 = ORIENTED_EDGE('',*,*,#21,.F.);
#449 = ORIENTED_EDGE('',*,*,#31,.F.);
#450 = ORIENTED_EDGE('',*,*,#39,.T.);
#451 = ORIENTED_EDGE('',*,*,#452,.T.);
#452 = EDGE_CURVE('',#40,#402,#453,.T.);
#453 = LINE('',#454,#455);
#454 = CARTESIAN_POINT('',(28.5,4.,28.8));
#455 = VECTOR('',#456,1.);
#456 = DIRECTION('',(0.707106781187,0.707106781187,1.6E-16));
#457 = PLANE('',#458);
#458 = AXIS2_PLACEMENT_3D('',#459,#460,#461);
#459 = CARTESIAN_POINT('',(29.,3.5,28.8));
#460 = DIRECTION('',(0.,2.2E-16,-1.));
#461 = DIRECTION('',(1.,0.,0.));
#462 = ADVANCED_FACE('',(#463),#481,.T.);
#463 = FACE_BOUND('',#464,.T.);
#464 = EDGE_LOOP('',(#465,#466,#467,#475));
#465 = ORIENTED_EDGE('',*,*,#443,.F.);
#466 = ORIENTED_EDGE('',*,*,#79,.T.);
#467 = ORIENTED_EDGE('',*,*,#468,.T.);
#468 = EDGE_CURVE('',#72,#469,#471,.T.);
#469 = VERTEX_POINT('',#470);
#470 = CARTESIAN_POINT('',(39.,4.5,24.800000000001));
#471 = LINE('',#472,#473);
#472 = CARTESIAN_POINT('',(39.25,4.25,24.800000000001));
#473 = VECTOR('',#474,1.);
#474 = DIRECTION('',(-0.707106781187,0.707106781187,-1.38E-15));
#475 = ORIENTED_EDGE('',*,*,#476,.F.);
#476 = EDGE_CURVE('',#436,#469,#477,.T.);
#477 = LINE('',#478,#479);
#478 = CARTESIAN_POINT('',(39.,4.5,28.8));
#479 = VECTOR('',#480,1.);
#480 = DIRECTION('',(0.,2.2E-16,-1.));
#481 = PLANE('',#482);
#482 = AXIS2_PLACEMENT_3D('',#483,#484,#485);
#483 = CARTESIAN_POINT('',(39.5,4.,28.8));
#484 = DIRECTION('',(0.707106781187,0.707106781187,-3.E-17));
#485 = DIRECTION('',(-1.312132034356E-16,8.87867965644E-17,-1.));
#486 = ADVANCED_FACE('',(#487),#505,.F.);
#487 = FACE_BOUND('',#488,.F.);
#488 = EDGE_LOOP('',(#489,#497,#498,#499));
#489 = ORIENTED_EDGE('',*,*,#490,.F.);
#490 = EDGE_CURVE('',#64,#491,#493,.T.);
#491 = VERTEX_POINT('',#492);
#492 = CARTESIAN_POINT('',(38.,4.5,23.800000000001));
#493 = LINE('',#494,#495);
#494 = CARTESIAN_POINT('',(38.,3.75,23.050000000001));
#495 = VECTOR('',#496,1.);
#496 = DIRECTION('',(1.54E-15,0.707106781187,0.707106781187));
#497 = ORIENTED_EDGE('',*,*,#71,.T.);
#498 = ORIENTED_EDGE('',*,*,#468,.T.);
#499 = ORIENTED_EDGE('',*,*,#500,.F.);
#500 = EDGE_CURVE('',#491,#469,#501,.T.);
#501 = LINE('',#502,#503);
#502 = CARTESIAN_POINT('',(38.,4.5,23.800000000001));
#503 = VECTOR('',#504,1.);
#504 = DIRECTION('',(0.707106781187,-1.6E-16,0.707106781187));
#505 = PLANE('',#506);
#506 = AXIS2_PLACEMENT_3D('',#507,#508,#509);
#507 = CARTESIAN_POINT('',(38.,3.5,22.800000000001));
#508 = DIRECTION('',(-0.57735026919,-0.57735026919,0.57735026919));
#509 = DIRECTION('',(0.707106781187,-1.665334536938E-16,0.707106781187)
  );
#510 = ADVANCED_FACE('',(#511),#529,.T.);
#511 = FACE_BOUND('',#512,.T.);
#512 = EDGE_LOOP('',(#513,#521,#522,#523));
#513 = ORIENTED_EDGE('',*,*,#514,.F.);
#514 = EDGE_CURVE('',#48,#515,#517,.T.);
#515 = VERTEX_POINT('',#516);
#516 = CARTESIAN_POINT('',(29.,4.5,24.800000000001));
#517 = LINE('',#518,#519);
#518 = CARTESIAN_POINT('',(28.75,4.25,24.800000000001));
#519 = VECTOR('',#520,1.);
#520 = DIRECTION('',(0.707106781187,0.707106781187,-3.21E-15));
#521 = ORIENTED_EDGE('',*,*,#47,.T.);
#522 = ORIENTED_EDGE('',*,*,#452,.T.);
#523 = ORIENTED_EDGE('',*,*,#524,.F.);
#524 = EDGE_CURVE('',#515,#402,#525,.T.);
#525 = LINE('',#526,#527);
#526 = CARTESIAN_POINT('',(29.,4.5,23.800000000001));
#527 = VECTOR('',#528,1.);
#528 = DIRECTION('',(0.,-2.2E-16,1.));
#529 = PLANE('',#530);
#530 = AXIS2_PLACEMENT_3D('',#531,#532,#533);
#531 = CARTESIAN_POINT('',(28.5,4.,23.800000000001));
#532 = DIRECTION('',(-0.707106781187,0.707106781187,2.E-17));
#533 = DIRECTION('',(-9.585786437627E-17,-1.241421356237E-16,1.));
#534 = ADVANCED_FACE('',(#535),#553,.T.);
#535 = FACE_BOUND('',#536,.T.);
#536 = EDGE_LOOP('',(#537,#538,#539,#547));
#537 = ORIENTED_EDGE('',*,*,#490,.F.);
#538 = ORIENTED_EDGE('',*,*,#63,.T.);
#539 = ORIENTED_EDGE('',*,*,#540,.T.);
#540 = EDGE_CURVE('',#56,#541,#543,.T.);
#541 = VERTEX_POINT('',#542);
#542 = CARTESIAN_POINT('',(30.,4.5,23.800000000001));
#543 = LINE('',#544,#545);
#544 = CARTESIAN_POINT('',(30.,3.75,23.050000000001));
#545 = VECTOR('',#546,1.);
#546 = DIRECTION('',(-1.44E-15,0.707106781187,0.707106781187));
#547 = ORIENTED_EDGE('',*,*,#548,.F.);
#548 = EDGE_CURVE('',#491,#541,#549,.T.);
#549 = LINE('',#550,#551);
#550 = CARTESIAN_POINT('',(39.,4.5,23.800000000001));
#551 = VECTOR('',#552,1.);
#552 = DIRECTION('',(-1.,-0.,0.));
#553 = PLANE('',#554);
#554 = AXIS2_PLACEMENT_3D('',#555,#556,#557);
#555 = CARTESIAN_POINT('',(39.,4.,23.300000000001));
#556 = DIRECTION('',(0.,0.707106781187,-0.707106781187));
#557 = DIRECTION('',(-1.,0.,-0.));
#558 = ADVANCED_FACE('',(#559),#570,.T.);
#559 = FACE_BOUND('',#560,.T.);
#560 = EDGE_LOOP('',(#561,#562,#563,#564));
#561 = ORIENTED_EDGE('',*,*,#540,.F.);
#562 = ORIENTED_EDGE('',*,*,#55,.T.);
#563 = ORIENTED_EDGE('',*,*,#514,.T.);
#564 = ORIENTED_EDGE('',*,*,#565,.F.);
#565 = EDGE_CURVE('',#541,#515,#566,.T.);
#566 = LINE('',#567,#568);
#567 = CARTESIAN_POINT('',(30.,4.5,23.800000000001));
#568 = VECTOR('',#569,1.);
#569 = DIRECTION('',(-0.707106781187,-2.08E-15,0.707106781187));
#570 = PLANE('',#571);
#571 = AXIS2_PLACEMENT_3D('',#572,#573,#574);
#572 = CARTESIAN_POINT('',(30.,3.5,22.800000000001));
#573 = DIRECTION('',(-0.57735026919,0.57735026919,-0.57735026919));
#574 = DIRECTION('',(-0.707106781187,-2.081668171172E-15,0.707106781187)
  );
#575 = ADVANCED_FACE('',(#576),#601,.F.);
#576 = FACE_BOUND('',#577,.F.);
#577 = EDGE_LOOP('',(#578,#579,#587,#595));
#578 = ORIENTED_EDGE('',*,*,#87,.F.);
#579 = ORIENTED_EDGE('',*,*,#580,.T.);
#580 = EDGE_CURVE('',#88,#581,#583,.T.);
#581 = VERTEX_POINT('',#582);
#582 = CARTESIAN_POINT('',(89.,-2.5,34.));
#583 = LINE('',#584,#585);
#584 = CARTESIAN_POINT('',(89.,3.5,34.));
#585 = VECTOR('',#586,1.);
#586 = DIRECTION('',(0.,-1.,2.2E-16));
#587 = ORIENTED_EDGE('',*,*,#588,.T.);
#588 = EDGE_CURVE('',#581,#589,#591,.T.);
#589 = VERTEX_POINT('',#590);
#590 = CARTESIAN_POINT('',(-89.,-2.5,34.));
#591 = LINE('',#592,#593);
#592 = CARTESIAN_POINT('',(90.,-2.5,34.));
#593 = VECTOR('',#594,1.);
#594 = DIRECTION('',(-1.,0.,0.));
#595 = ORIENTED_EDGE('',*,*,#596,.F.);
#596 = EDGE_CURVE('',#90,#589,#597,.T.);
#597 = LINE('',#598,#599);
#598 = CARTESIAN_POINT('',(-89.,3.5,34.));
#599 = VECTOR('',#600,1.);
#600 = DIRECTION('',(0.,-1.,2.2E-16));
#601 = PLANE('',#602);
#602 = AXIS2_PLACEMENT_3D('',#603,#604,#605);
#603 = CARTESIAN_POINT('',(90.,3.5,34.));
#604 = DIRECTION('',(0.,-2.2E-16,-1.));
#605 = DIRECTION('',(-1.,0.,0.));
#606 = ADVANCED_FACE('',(#607),#625,.T.);
#607 = FACE_BOUND('',#608,.T.);
#608 = EDGE_LOOP('',(#609,#610,#611,#619));
#609 = ORIENTED_EDGE('',*,*,#97,.F.);
#610 = ORIENTED_EDGE('',*,*,#580,.T.);
#611 = ORIENTED_EDGE('',*,*,#612,.F.);
#612 = EDGE_CURVE('',#613,#581,#615,.T.);
#613 = VERTEX_POINT('',#614);
#614 = CARTESIAN_POINT('',(90.,-2.5,33.));
#615 = LINE('',#616,#617);
#616 = CARTESIAN_POINT('',(89.75,-2.5,33.25));
#617 = VECTOR('',#618,1.);
#618 = DIRECTION('',(-0.707106781187,1.253E-14,0.707106781187));
#619 = ORIENTED_EDGE('',*,*,#620,.F.);
#620 = EDGE_CURVE('',#98,#613,#621,.T.);
#621 = LINE('',#622,#623);
#622 = CARTESIAN_POINT('',(90.,3.5,33.));
#623 = VECTOR('',#624,1.);
#624 = DIRECTION('',(0.,-1.,2.2E-16));
#625 = PLANE('',#626);
#626 = AXIS2_PLACEMENT_3D('',#627,#628,#629);
#627 = CARTESIAN_POINT('',(89.5,3.5,33.5));
#628 = DIRECTION('',(0.707106781187,3.5E-16,0.707106781187));
#629 = DIRECTION('',(1.324873734153E-16,-1.,3.624873734153E-16));
#630 = ADVANCED_FACE('',(#631),#649,.T.);
#631 = FACE_BOUND('',#632,.F.);
#632 = EDGE_LOOP('',(#633,#634,#635,#643));
#633 = ORIENTED_EDGE('',*,*,#145,.F.);
#634 = ORIENTED_EDGE('',*,*,#596,.T.);
#635 = ORIENTED_EDGE('',*,*,#636,.F.);
#636 = EDGE_CURVE('',#637,#589,#639,.T.);
#637 = VERTEX_POINT('',#638);
#638 = CARTESIAN_POINT('',(-90.,-2.5,33.));
#639 = LINE('',#640,#641);
#640 = CARTESIAN_POINT('',(-89.75,-2.5,33.25));
#641 = VECTOR('',#642,1.);
#642 = DIRECTION('',(0.707106781187,6.77E-15,0.707106781187));
#643 = ORIENTED_EDGE('',*,*,#644,.F.);
#644 = EDGE_CURVE('',#138,#637,#645,.T.);
#645 = LINE('',#646,#647);
#646 = CARTESIAN_POINT('',(-90.,3.5,33.));
#647 = VECTOR('',#648,1.);
#648 = DIRECTION('',(0.,-1.,2.2E-16));
#649 = PLANE('',#650);
#650 = AXIS2_PLACEMENT_3D('',#651,#652,#653);
#651 = CARTESIAN_POINT('',(-89.5,3.5,33.5));
#652 = DIRECTION('',(-0.707106781187,3.5E-16,0.707106781187));
#653 = DIRECTION('',(1.324873734153E-16,1.,-3.624873734153E-16));
#654 = ADVANCED_FACE('',(#655),#673,.F.);
#655 = FACE_BOUND('',#656,.F.);
#656 = EDGE_LOOP('',(#657,#658,#666,#672));
#657 = ORIENTED_EDGE('',*,*,#105,.F.);
#658 = ORIENTED_EDGE('',*,*,#659,.T.);
#659 = EDGE_CURVE('',#106,#660,#662,.T.);
#660 = VERTEX_POINT('',#661);
#661 = CARTESIAN_POINT('',(90.,-2.5,-33.));
#662 = LINE('',#663,#664);
#663 = CARTESIAN_POINT('',(90.,3.5,-33.));
#664 = VECTOR('',#665,1.);
#665 = DIRECTION('',(0.,-1.,2.2E-16));
#666 = ORIENTED_EDGE('',*,*,#667,.T.);
#667 = EDGE_CURVE('',#660,#613,#668,.T.);
#668 = LINE('',#669,#670);
#669 = CARTESIAN_POINT('',(90.,-2.5,-34.));
#670 = VECTOR('',#671,1.);
#671 = DIRECTION('',(0.,2.2E-16,1.));
#672 = ORIENTED_EDGE('',*,*,#620,.F.);
#673 = PLANE('',#674);
#674 = AXIS2_PLACEMENT_3D('',#675,#676,#677);
#675 = CARTESIAN_POINT('',(90.,3.5,-34.));
#676 = DIRECTION('',(-1.,0.,0.));
#677 = DIRECTION('',(0.,2.2E-16,1.));
#678 = ADVANCED_FACE('',(#679),#697,.F.);
#679 = FACE_BOUND('',#680,.F.);
#680 = EDGE_LOOP('',(#681,#682,#683,#691));
#681 = ORIENTED_EDGE('',*,*,#137,.F.);
#682 = ORIENTED_EDGE('',*,*,#644,.T.);
#683 = ORIENTED_EDGE('',*,*,#684,.T.);
#684 = EDGE_CURVE('',#637,#685,#687,.T.);
#685 = VERTEX_POINT('',#686);
#686 = CARTESIAN_POINT('',(-90.,-2.5,-33.));
#687 = LINE('',#688,#689);
#688 = CARTESIAN_POINT('',(-90.,-2.5,34.));
#689 = VECTOR('',#690,1.);
#690 = DIRECTION('',(0.,-2.2E-16,-1.));
#691 = ORIENTED_EDGE('',*,*,#692,.F.);
#692 = EDGE_CURVE('',#130,#685,#693,.T.);
#693 = LINE('',#694,#695);
#694 = CARTESIAN_POINT('',(-90.,3.5,-33.));
#695 = VECTOR('',#696,1.);
#696 = DIRECTION('',(0.,-1.,2.2E-16));
#697 = PLANE('',#698);
#698 = AXIS2_PLACEMENT_3D('',#699,#700,#701);
#699 = CARTESIAN_POINT('',(-90.,3.5,34.));
#700 = DIRECTION('',(1.,0.,0.));
#701 = DIRECTION('',(0.,-2.2E-16,-1.));
#702 = ADVANCED_FACE('',(#703),#721,.T.);
#703 = FACE_BOUND('',#704,.T.);
#704 = EDGE_LOOP('',(#705,#706,#707,#715));
#705 = ORIENTED_EDGE('',*,*,#113,.F.);
#706 = ORIENTED_EDGE('',*,*,#659,.T.);
#707 = ORIENTED_EDGE('',*,*,#708,.T.);
#708 = EDGE_CURVE('',#660,#709,#711,.T.);
#709 = VERTEX_POINT('',#710);
#710 = CARTESIAN_POINT('',(89.,-2.5,-34.));
#711 = LINE('',#712,#713);
#712 = CARTESIAN_POINT('',(89.75,-2.5,-33.25));
#713 = VECTOR('',#714,1.);
#714 = DIRECTION('',(-0.707106781187,9.29E-15,-0.707106781187));
#715 = ORIENTED_EDGE('',*,*,#716,.F.);
#716 = EDGE_CURVE('',#114,#709,#717,.T.);
#717 = LINE('',#718,#719);
#718 = CARTESIAN_POINT('',(89.,3.5,-34.));
#719 = VECTOR('',#720,1.);
#720 = DIRECTION('',(0.,-1.,2.2E-16));
#721 = PLANE('',#722);
#722 = AXIS2_PLACEMENT_3D('',#723,#724,#725);
#723 = CARTESIAN_POINT('',(89.5,3.5,-33.5));
#724 = DIRECTION('',(0.707106781187,-3.5E-16,-0.707106781187));
#725 = DIRECTION('',(-1.324873734153E-16,-1.,3.624873734153E-16));
#726 = ADVANCED_FACE('',(#727),#745,.T.);
#727 = FACE_BOUND('',#728,.F.);
#728 = EDGE_LOOP('',(#729,#730,#731,#739));
#729 = ORIENTED_EDGE('',*,*,#129,.F.);
#730 = ORIENTED_EDGE('',*,*,#692,.T.);
#731 = ORIENTED_EDGE('',*,*,#732,.F.);
#732 = EDGE_CURVE('',#733,#685,#735,.T.);
#733 = VERTEX_POINT('',#734);
#734 = CARTESIAN_POINT('',(-89.,-2.5,-34.));
#735 = LINE('',#736,#737);
#736 = CARTESIAN_POINT('',(-89.25,-2.5,-33.75));
#737 = VECTOR('',#738,1.);
#738 = DIRECTION('',(-0.707106781187,-1.429E-14,0.707106781187));
#739 = ORIENTED_EDGE('',*,*,#740,.F.);
#740 = EDGE_CURVE('',#122,#733,#741,.T.);
#741 = LINE('',#742,#743);
#742 = CARTESIAN_POINT('',(-89.,3.5,-34.));
#743 = VECTOR('',#744,1.);
#744 = DIRECTION('',(0.,-1.,2.2E-16));
#745 = PLANE('',#746);
#746 = AXIS2_PLACEMENT_3D('',#747,#748,#749);
#747 = CARTESIAN_POINT('',(-89.5,3.5,-33.5));
#748 = DIRECTION('',(-0.707106781187,-3.5E-16,-0.707106781187));
#749 = DIRECTION('',(-1.324873734153E-16,1.,-3.624873734153E-16));
#750 = ADVANCED_FACE('',(#751),#762,.F.);
#751 = FACE_BOUND('',#752,.F.);
#752 = EDGE_LOOP('',(#753,#754,#755,#761));
#753 = ORIENTED_EDGE('',*,*,#121,.F.);
#754 = ORIENTED_EDGE('',*,*,#740,.T.);
#755 = ORIENTED_EDGE('',*,*,#756,.T.);
#756 = EDGE_CURVE('',#733,#709,#757,.T.);
#757 = LINE('',#758,#759);
#758 = CARTESIAN_POINT('',(-90.,-2.5,-34.));
#759 = VECTOR('',#760,1.);
#760 = DIRECTION('',(1.,0.,0.));
#761 = ORIENTED_EDGE('',*,*,#716,.F.);
#762 = PLANE('',#763);
#763 = AXIS2_PLACEMENT_3D('',#764,#765,#766);
#764 = CARTESIAN_POINT('',(-90.,3.5,-34.));
#765 = DIRECTION('',(0.,2.2E-16,1.));
#766 = DIRECTION('',(1.,0.,0.));
#767 = ADVANCED_FACE('',(#768),#787,.F.);
#768 = FACE_BOUND('',#769,.F.);
#769 = EDGE_LOOP('',(#770,#778,#785,#786));
#770 = ORIENTED_EDGE('',*,*,#771,.T.);
#771 = EDGE_CURVE('',#154,#772,#774,.T.);
#772 = VERTEX_POINT('',#773);
#773 = CARTESIAN_POINT('',(-71.45,1.5,-0.));
#774 = LINE('',#775,#776);
#775 = CARTESIAN_POINT('',(-71.45,3.5,0.));
#776 = VECTOR('',#777,1.);
#777 = DIRECTION('',(0.,-1.,-2.2E-16));
#778 = ORIENTED_EDGE('',*,*,#779,.T.);
#779 = EDGE_CURVE('',#772,#772,#780,.T.);
#780 = CIRCLE('',#781,5.05);
#781 = AXIS2_PLACEMENT_3D('',#782,#783,#784);
#782 = CARTESIAN_POINT('',(-76.5,1.5,-4.440892098501E-16));
#783 = DIRECTION('',(-0.,1.,2.2E-16));
#784 = DIRECTION('',(1.,0.,0.));
#785 = ORIENTED_EDGE('',*,*,#771,.F.);
#786 = ORIENTED_EDGE('',*,*,#153,.F.);
#787 = CYLINDRICAL_SURFACE('',#788,5.05);
#788 = AXIS2_PLACEMENT_3D('',#789,#790,#791);
#789 = CARTESIAN_POINT('',(-76.5,3.5,0.));
#790 = DIRECTION('',(0.,1.,2.2E-16));
#791 = DIRECTION('',(1.,0.,0.));
#792 = ADVANCED_FACE('',(#793),#812,.F.);
#793 = FACE_BOUND('',#794,.F.);
#794 = EDGE_LOOP('',(#795,#803,#810,#811));
#795 = ORIENTED_EDGE('',*,*,#796,.T.);
#796 = EDGE_CURVE('',#165,#797,#799,.T.);
#797 = VERTEX_POINT('',#798);
#798 = CARTESIAN_POINT('',(-33.2,1.5,-0.));
#799 = LINE('',#800,#801);
#800 = CARTESIAN_POINT('',(-33.2,3.5,0.));
#801 = VECTOR('',#802,1.);
#802 = DIRECTION('',(0.,-1.,-2.2E-16));
#803 = ORIENTED_EDGE('',*,*,#804,.T.);
#804 = EDGE_CURVE('',#797,#797,#805,.T.);
#805 = CIRCLE('',#806,5.05);
#806 = AXIS2_PLACEMENT_3D('',#807,#808,#809);
#807 = CARTESIAN_POINT('',(-38.25,1.5,-4.440892098501E-16));
#808 = DIRECTION('',(-0.,1.,2.2E-16));
#809 = DIRECTION('',(1.,0.,0.));
#810 = ORIENTED_EDGE('',*,*,#796,.F.);
#811 = ORIENTED_EDGE('',*,*,#164,.F.);
#812 = CYLINDRICAL_SURFACE('',#813,5.05);
#813 = AXIS2_PLACEMENT_3D('',#814,#815,#816);
#814 = CARTESIAN_POINT('',(-38.25,3.5,0.));
#815 = DIRECTION('',(0.,1.,2.2E-16));
#816 = DIRECTION('',(1.,0.,0.));
#817 = ADVANCED_FACE('',(#818),#837,.F.);
#818 = FACE_BOUND('',#819,.F.);
#819 = EDGE_LOOP('',(#820,#828,#835,#836));
#820 = ORIENTED_EDGE('',*,*,#821,.T.);
#821 = EDGE_CURVE('',#176,#822,#824,.T.);
#822 = VERTEX_POINT('',#823);
#823 = CARTESIAN_POINT('',(43.3,1.5,0.));
#824 = LINE('',#825,#826);
#825 = CARTESIAN_POINT('',(43.3,3.5,0.));
#826 = VECTOR('',#827,1.);
#827 = DIRECTION('',(0.,-1.,-2.2E-16));
#828 = ORIENTED_EDGE('',*,*,#829,.T.);
#829 = EDGE_CURVE('',#822,#822,#830,.T.);
#830 = CIRCLE('',#831,5.05);
#831 = AXIS2_PLACEMENT_3D('',#832,#833,#834);
#832 = CARTESIAN_POINT('',(38.25,1.5,-4.440892098501E-16));
#833 = DIRECTION('',(-0.,1.,2.2E-16));
#834 = DIRECTION('',(1.,0.,0.));
#835 = ORIENTED_EDGE('',*,*,#821,.F.);
#836 = ORIENTED_EDGE('',*,*,#175,.F.);
#837 = CYLINDRICAL_SURFACE('',#838,5.05);
#838 = AXIS2_PLACEMENT_3D('',#839,#840,#841);
#839 = CARTESIAN_POINT('',(38.25,3.5,0.));
#840 = DIRECTION('',(0.,1.,2.2E-16));
#841 = DIRECTION('',(1.,0.,0.));
#842 = ADVANCED_FACE('',(#843),#862,.F.);
#843 = FACE_BOUND('',#844,.F.);
#844 = EDGE_LOOP('',(#845,#853,#860,#861));
#845 = ORIENTED_EDGE('',*,*,#846,.T.);
#846 = EDGE_CURVE('',#187,#847,#849,.T.);
#847 = VERTEX_POINT('',#848);
#848 = CARTESIAN_POINT('',(81.55,1.5,0.));
#849 = LINE('',#850,#851);
#850 = CARTESIAN_POINT('',(81.55,3.5,0.));
#851 = VECTOR('',#852,1.);
#852 = DIRECTION('',(0.,-1.,-2.2E-16));
#853 = ORIENTED_EDGE('',*,*,#854,.T.);
#854 = EDGE_CURVE('',#847,#847,#855,.T.);
#855 = CIRCLE('',#856,5.05);
#856 = AXIS2_PLACEMENT_3D('',#857,#858,#859);
#857 = CARTESIAN_POINT('',(76.5,1.5,-4.440892098501E-16));
#858 = DIRECTION('',(-0.,1.,2.2E-16));
#859 = DIRECTION('',(1.,0.,0.));
#860 = ORIENTED_EDGE('',*,*,#846,.F.);
#861 = ORIENTED_EDGE('',*,*,#186,.F.);
#862 = CYLINDRICAL_SURFACE('',#863,5.05);
#863 = AXIS2_PLACEMENT_3D('',#864,#865,#866);
#864 = CARTESIAN_POINT('',(76.5,3.5,0.));
#865 = DIRECTION('',(0.,1.,2.2E-16));
#866 = DIRECTION('',(1.,0.,0.));
#867 = ADVANCED_FACE('',(#868),#927,.F.);
#868 = FACE_BOUND('',#869,.F.);
#869 = EDGE_LOOP('',(#870,#880,#888,#896,#904,#912,#918,#919,#920,#921)
  );
#870 = ORIENTED_EDGE('',*,*,#871,.T.);
#871 = EDGE_CURVE('',#872,#874,#876,.T.);
#872 = VERTEX_POINT('',#873);
#873 = CARTESIAN_POINT('',(-62.8,4.5,-5.));
#874 = VERTEX_POINT('',#875);
#875 = CARTESIAN_POINT('',(-62.8,7.5,-5.));
#876 = LINE('',#877,#878);
#877 = CARTESIAN_POINT('',(-62.8,3.5,-5.));
#878 = VECTOR('',#879,1.);
#879 = DIRECTION('',(0.,1.,2.2E-16));
#880 = ORIENTED_EDGE('',*,*,#881,.T.);
#881 = EDGE_CURVE('',#874,#882,#884,.T.);
#882 = VERTEX_POINT('',#883);
#883 = CARTESIAN_POINT('',(-62.8,8.5,-4.));
#884 = LINE('',#885,#886);
#885 = CARTESIAN_POINT('',(-62.8,6.75,-5.75));
#886 = VECTOR('',#887,1.);
#887 = DIRECTION('',(0.,0.707106781187,0.707106781187));
#888 = ORIENTED_EDGE('',*,*,#889,.T.);
#889 = EDGE_CURVE('',#882,#890,#892,.T.);
#890 = VERTEX_POINT('',#891);
#891 = CARTESIAN_POINT('',(-62.8,8.5,4.));
#892 = LINE('',#893,#894);
#893 = CARTESIAN_POINT('',(-62.8,8.5,-5.));
#894 = VECTOR('',#895,1.);
#895 = DIRECTION('',(0.,-2.2E-16,1.));
#896 = ORIENTED_EDGE('',*,*,#897,.F.);
#897 = EDGE_CURVE('',#898,#890,#900,.T.);
#898 = VERTEX_POINT('',#899);
#899 = CARTESIAN_POINT('',(-62.8,7.5,5.));
#900 = LINE('',#901,#902);
#901 = CARTESIAN_POINT('',(-62.8,9.25,3.25));
#902 = VECTOR('',#903,1.);
#903 = DIRECTION('',(0.,0.707106781187,-0.707106781187));
#904 = ORIENTED_EDGE('',*,*,#905,.F.);
#905 = EDGE_CURVE('',#906,#898,#908,.T.);
#906 = VERTEX_POINT('',#907);
#907 = CARTESIAN_POINT('',(-62.8,4.5,5.));
#908 = LINE('',#909,#910);
#909 = CARTESIAN_POINT('',(-62.8,3.5,5.));
#910 = VECTOR('',#911,1.);
#911 = DIRECTION('',(0.,1.,2.2E-16));
#912 = ORIENTED_EDGE('',*,*,#913,.F.);
#913 = EDGE_CURVE('',#200,#906,#914,.T.);
#914 = LINE('',#915,#916);
#915 = CARTESIAN_POINT('',(-62.8,6.5,3.));
#916 = VECTOR('',#917,1.);
#917 = DIRECTION('',(0.,0.707106781187,-0.707106781187));
#918 = ORIENTED_EDGE('',*,*,#197,.F.);
#919 = ORIENTED_EDGE('',*,*,#207,.F.);
#920 = ORIENTED_EDGE('',*,*,#215,.T.);
#921 = ORIENTED_EDGE('',*,*,#922,.T.);
#922 = EDGE_CURVE('',#216,#872,#923,.T.);
#923 = LINE('',#924,#925);
#924 = CARTESIAN_POINT('',(-62.8,4.,-5.5));
#925 = VECTOR('',#926,1.);
#926 = DIRECTION('',(0.,0.707106781187,0.707106781187));
#927 = PLANE('',#928);
#928 = AXIS2_PLACEMENT_3D('',#929,#930,#931);
#929 = CARTESIAN_POINT('',(-62.8,3.5,-5.));
#930 = DIRECTION('',(1.,0.,0.));
#931 = DIRECTION('',(0.,-2.2E-16,1.));
#932 = ADVANCED_FACE('',(#933),#951,.T.);
#933 = FACE_BOUND('',#934,.T.);
#934 = EDGE_LOOP('',(#935,#936,#937,#945));
#935 = ORIENTED_EDGE('',*,*,#913,.F.);
#936 = ORIENTED_EDGE('',*,*,#255,.T.);
#937 = ORIENTED_EDGE('',*,*,#938,.T.);
#938 = EDGE_CURVE('',#248,#939,#941,.T.);
#939 = VERTEX_POINT('',#940);
#940 = CARTESIAN_POINT('',(-58.8,4.5,5.));
#941 = LINE('',#942,#943);
#942 = CARTESIAN_POINT('',(-58.8,4.25,5.25));
#943 = VECTOR('',#944,1.);
#944 = DIRECTION('',(-5.E-15,0.707106781187,-0.707106781187));
#945 = ORIENTED_EDGE('',*,*,#946,.F.);
#946 = EDGE_CURVE('',#906,#939,#947,.T.);
#947 = LINE('',#948,#949);
#948 = CARTESIAN_POINT('',(-62.8,4.5,5.));
#949 = VECTOR('',#950,1.);
#950 = DIRECTION('',(1.,0.,0.));
#951 = PLANE('',#952);
#952 = AXIS2_PLACEMENT_3D('',#953,#954,#955);
#953 = CARTESIAN_POINT('',(-62.8,4.,5.5));
#954 = DIRECTION('',(0.,0.707106781187,0.707106781187));
#955 = DIRECTION('',(1.,0.,-0.));
#956 = ADVANCED_FACE('',(#957),#975,.F.);
#957 = FACE_BOUND('',#958,.F.);
#958 = EDGE_LOOP('',(#959,#967,#968,#969));
#959 = ORIENTED_EDGE('',*,*,#960,.F.);
#960 = EDGE_CURVE('',#240,#961,#963,.T.);
#961 = VERTEX_POINT('',#962);
#962 = CARTESIAN_POINT('',(-57.8,4.5,4.));
#963 = LINE('',#964,#965);
#964 = CARTESIAN_POINT('',(-57.05,3.75,4.));
#965 = VECTOR('',#966,1.);
#966 = DIRECTION('',(-0.707106781187,0.707106781187,-4.17E-15));
#967 = ORIENTED_EDGE('',*,*,#247,.T.);
#968 = ORIENTED_EDGE('',*,*,#938,.T.);
#969 = ORIENTED_EDGE('',*,*,#970,.F.);
#970 = EDGE_CURVE('',#961,#939,#971,.T.);
#971 = LINE('',#972,#973);
#972 = CARTESIAN_POINT('',(-57.8,4.5,4.));
#973 = VECTOR('',#974,1.);
#974 = DIRECTION('',(-0.707106781187,5.2E-16,0.707106781187));
#975 = PLANE('',#976);
#976 = AXIS2_PLACEMENT_3D('',#977,#978,#979);
#977 = CARTESIAN_POINT('',(-56.8,3.5,4.));
#978 = DIRECTION('',(-0.57735026919,-0.57735026919,-0.57735026919));
#979 = DIRECTION('',(-0.707106781187,4.329869796038E-15,0.707106781187)
  );
#980 = ADVANCED_FACE('',(#981),#999,.T.);
#981 = FACE_BOUND('',#982,.T.);
#982 = EDGE_LOOP('',(#983,#991,#992,#993));
#983 = ORIENTED_EDGE('',*,*,#984,.F.);
#984 = EDGE_CURVE('',#224,#985,#987,.T.);
#985 = VERTEX_POINT('',#986);
#986 = CARTESIAN_POINT('',(-58.8,4.5,-5.));
#987 = LINE('',#988,#989);
#988 = CARTESIAN_POINT('',(-58.8,4.25,-5.25));
#989 = VECTOR('',#990,1.);
#990 = DIRECTION('',(-4.52E-15,0.707106781187,0.707106781187));
#991 = ORIENTED_EDGE('',*,*,#223,.T.);
#992 = ORIENTED_EDGE('',*,*,#922,.T.);
#993 = ORIENTED_EDGE('',*,*,#994,.F.);
#994 = EDGE_CURVE('',#985,#872,#995,.T.);
#995 = LINE('',#996,#997);
#996 = CARTESIAN_POINT('',(-57.8,4.5,-5.));
#997 = VECTOR('',#998,1.);
#998 = DIRECTION('',(-1.,-0.,0.));
#999 = PLANE('',#1000);
#1000 = AXIS2_PLACEMENT_3D('',#1001,#1002,#1003);
#1001 = CARTESIAN_POINT('',(-57.8,4.,-5.5));
#1002 = DIRECTION('',(0.,0.707106781187,-0.707106781187));
#1003 = DIRECTION('',(-1.,0.,-0.));
#1004 = ADVANCED_FACE('',(#1005),#1023,.T.);
#1005 = FACE_BOUND('',#1006,.T.);
#1006 = EDGE_LOOP('',(#1007,#1008,#1009,#1017));
#1007 = ORIENTED_EDGE('',*,*,#960,.F.);
#1008 = ORIENTED_EDGE('',*,*,#239,.T.);
#1009 = ORIENTED_EDGE('',*,*,#1010,.T.);
#1010 = EDGE_CURVE('',#232,#1011,#1013,.T.);
#1011 = VERTEX_POINT('',#1012);
#1012 = CARTESIAN_POINT('',(-57.8,4.5,-4.));
#1013 = LINE('',#1014,#1015);
#1014 = CARTESIAN_POINT('',(-57.05,3.75,-4.));
#1015 = VECTOR('',#1016,1.);
#1016 = DIRECTION('',(-0.707106781187,0.707106781187,4.68E-15));
#1017 = ORIENTED_EDGE('',*,*,#1018,.F.);
#1018 = EDGE_CURVE('',#961,#1011,#1019,.T.);
#1019 = LINE('',#1020,#1021);
#1020 = CARTESIAN_POINT('',(-57.8,4.5,5.));
#1021 = VECTOR('',#1022,1.);
#1022 = DIRECTION('',(0.,2.2E-16,-1.));
#1023 = PLANE('',#1024);
#1024 = AXIS2_PLACEMENT_3D('',#1025,#1026,#1027);
#1025 = CARTESIAN_POINT('',(-57.3,4.,5.));
#1026 = DIRECTION('',(0.707106781187,0.707106781187,-3.E-17));
#1027 = DIRECTION('',(-1.312132034356E-16,8.87867965644E-17,-1.));
#1028 = ADVANCED_FACE('',(#1029),#1040,.T.);
#1029 = FACE_BOUND('',#1030,.T.);
#1030 = EDGE_LOOP('',(#1031,#1032,#1033,#1034));
#1031 = ORIENTED_EDGE('',*,*,#1010,.F.);
#1032 = ORIENTED_EDGE('',*,*,#231,.T.);
#1033 = ORIENTED_EDGE('',*,*,#984,.T.);
#1034 = ORIENTED_EDGE('',*,*,#1035,.F.);
#1035 = EDGE_CURVE('',#1011,#985,#1036,.T.);
#1036 = LINE('',#1037,#1038);
#1037 = CARTESIAN_POINT('',(-57.8,4.5,-4.));
#1038 = VECTOR('',#1039,1.);
#1039 = DIRECTION('',(-0.707106781187,1.6E-16,-0.707106781187));
#1040 = PLANE('',#1041);
#1041 = AXIS2_PLACEMENT_3D('',#1042,#1043,#1044);
#1042 = CARTESIAN_POINT('',(-56.8,3.5,-4.));
#1043 = DIRECTION('',(0.57735026919,0.57735026919,-0.57735026919));
#1044 = DIRECTION('',(-0.707106781187,3.969047313035E-15,-0.707106781187
    ));
#1045 = ADVANCED_FACE('',(#1046),#1105,.F.);
#1046 = FACE_BOUND('',#1047,.F.);
#1047 = EDGE_LOOP('',(#1048,#1058,#1066,#1074,#1082,#1090,#1096,#1097,
    #1098,#1099));
#1048 = ORIENTED_EDGE('',*,*,#1049,.T.);
#1049 = EDGE_CURVE('',#1050,#1052,#1054,.T.);
#1050 = VERTEX_POINT('',#1051);
#1051 = CARTESIAN_POINT('',(62.8,4.5,5.));
#1052 = VERTEX_POINT('',#1053);
#1053 = CARTESIAN_POINT('',(62.8,7.5,5.));
#1054 = LINE('',#1055,#1056);
#1055 = CARTESIAN_POINT('',(62.8,3.5,5.));
#1056 = VECTOR('',#1057,1.);
#1057 = DIRECTION('',(0.,1.,2.2E-16));
#1058 = ORIENTED_EDGE('',*,*,#1059,.T.);
#1059 = EDGE_CURVE('',#1052,#1060,#1062,.T.);
#1060 = VERTEX_POINT('',#1061);
#1061 = CARTESIAN_POINT('',(62.8,8.5,4.));
#1062 = LINE('',#1063,#1064);
#1063 = CARTESIAN_POINT('',(62.8,6.75,5.75));
#1064 = VECTOR('',#1065,1.);
#1065 = DIRECTION('',(0.,0.707106781187,-0.707106781187));
#1066 = ORIENTED_EDGE('',*,*,#1067,.T.);
#1067 = EDGE_CURVE('',#1060,#1068,#1070,.T.);
#1068 = VERTEX_POINT('',#1069);
#1069 = CARTESIAN_POINT('',(62.8,8.5,-4.));
#1070 = LINE('',#1071,#1072);
#1071 = CARTESIAN_POINT('',(62.8,8.5,5.));
#1072 = VECTOR('',#1073,1.);
#1073 = DIRECTION('',(0.,2.2E-16,-1.));
#1074 = ORIENTED_EDGE('',*,*,#1075,.F.);
#1075 = EDGE_CURVE('',#1076,#1068,#1078,.T.);
#1076 = VERTEX_POINT('',#1077);
#1077 = CARTESIAN_POINT('',(62.8,7.5,-5.));
#1078 = LINE('',#1079,#1080);
#1079 = CARTESIAN_POINT('',(62.8,9.25,-3.25));
#1080 = VECTOR('',#1081,1.);
#1081 = DIRECTION('',(0.,0.707106781187,0.707106781187));
#1082 = ORIENTED_EDGE('',*,*,#1083,.F.);
#1083 = EDGE_CURVE('',#1084,#1076,#1086,.T.);
#1084 = VERTEX_POINT('',#1085);
#1085 = CARTESIAN_POINT('',(62.8,4.5,-5.));
#1086 = LINE('',#1087,#1088);
#1087 = CARTESIAN_POINT('',(62.8,3.5,-5.));
#1088 = VECTOR('',#1089,1.);
#1089 = DIRECTION('',(0.,1.,2.2E-16));
#1090 = ORIENTED_EDGE('',*,*,#1091,.F.);
#1091 = EDGE_CURVE('',#266,#1084,#1092,.T.);
#1092 = LINE('',#1093,#1094);
#1093 = CARTESIAN_POINT('',(62.8,6.5,-3.));
#1094 = VECTOR('',#1095,1.);
#1095 = DIRECTION('',(0.,0.707106781187,0.707106781187));
#1096 = ORIENTED_EDGE('',*,*,#263,.F.);
#1097 = ORIENTED_EDGE('',*,*,#273,.F.);
#1098 = ORIENTED_EDGE('',*,*,#281,.T.);
#1099 = ORIENTED_EDGE('',*,*,#1100,.T.);
#1100 = EDGE_CURVE('',#282,#1050,#1101,.T.);
#1101 = LINE('',#1102,#1103);
#1102 = CARTESIAN_POINT('',(62.8,4.,5.5));
#1103 = VECTOR('',#1104,1.);
#1104 = DIRECTION('',(0.,0.707106781187,-0.707106781187));
#1105 = PLANE('',#1106);
#1106 = AXIS2_PLACEMENT_3D('',#1107,#1108,#1109);
#1107 = CARTESIAN_POINT('',(62.8,3.5,5.));
#1108 = DIRECTION('',(-1.,0.,0.));
#1109 = DIRECTION('',(0.,2.2E-16,-1.));
#1110 = ADVANCED_FACE('',(#1111),#1129,.T.);
#1111 = FACE_BOUND('',#1112,.T.);
#1112 = EDGE_LOOP('',(#1113,#1114,#1115,#1123));
#1113 = ORIENTED_EDGE('',*,*,#1091,.F.);
#1114 = ORIENTED_EDGE('',*,*,#321,.T.);
#1115 = ORIENTED_EDGE('',*,*,#1116,.T.);
#1116 = EDGE_CURVE('',#314,#1117,#1119,.T.);
#1117 = VERTEX_POINT('',#1118);
#1118 = CARTESIAN_POINT('',(58.8,4.5,-5.));
#1119 = LINE('',#1120,#1121);
#1120 = CARTESIAN_POINT('',(58.8,4.25,-5.25));
#1121 = VECTOR('',#1122,1.);
#1122 = DIRECTION('',(1.35E-15,0.707106781187,0.707106781187));
#1123 = ORIENTED_EDGE('',*,*,#1124,.F.);
#1124 = EDGE_CURVE('',#1084,#1117,#1125,.T.);
#1125 = LINE('',#1126,#1127);
#1126 = CARTESIAN_POINT('',(62.8,4.5,-5.));
#1127 = VECTOR('',#1128,1.);
#1128 = DIRECTION('',(-1.,-0.,0.));
#1129 = PLANE('',#1130);
#1130 = AXIS2_PLACEMENT_3D('',#1131,#1132,#1133);
#1131 = CARTESIAN_POINT('',(62.8,4.,-5.5));
#1132 = DIRECTION('',(0.,0.707106781187,-0.707106781187));
#1133 = DIRECTION('',(-1.,0.,-0.));
#1134 = ADVANCED_FACE('',(#1135),#1153,.F.);
#1135 = FACE_BOUND('',#1136,.F.);
#1136 = EDGE_LOOP('',(#1137,#1145,#1146,#1147));
#1137 = ORIENTED_EDGE('',*,*,#1138,.F.);
#1138 = EDGE_CURVE('',#306,#1139,#1141,.T.);
#1139 = VERTEX_POINT('',#1140);
#1140 = CARTESIAN_POINT('',(57.8,4.5,-4.));
#1141 = LINE('',#1142,#1143);
#1142 = CARTESIAN_POINT('',(57.05,3.75,-4.));
#1143 = VECTOR('',#1144,1.);
#1144 = DIRECTION('',(0.707106781187,0.707106781187,1.02E-15));
#1145 = ORIENTED_EDGE('',*,*,#313,.T.);
#1146 = ORIENTED_EDGE('',*,*,#1116,.T.);
#1147 = ORIENTED_EDGE('',*,*,#1148,.F.);
#1148 = EDGE_CURVE('',#1139,#1117,#1149,.T.);
#1149 = LINE('',#1150,#1151);
#1150 = CARTESIAN_POINT('',(57.8,4.5,-4.));
#1151 = VECTOR('',#1152,1.);
#1152 = DIRECTION('',(0.707106781187,1.6E-16,-0.707106781187));
#1153 = PLANE('',#1154);
#1154 = AXIS2_PLACEMENT_3D('',#1155,#1156,#1157);
#1155 = CARTESIAN_POINT('',(56.8,3.5,-4.));
#1156 = DIRECTION('',(0.57735026919,-0.57735026919,0.57735026919));
#1157 = DIRECTION('',(0.707106781187,8.326672684689E-16,-0.707106781187)
  );
#1158 = ADVANCED_FACE('',(#1159),#1177,.T.);
#1159 = FACE_BOUND('',#1160,.T.);
#1160 = EDGE_LOOP('',(#1161,#1169,#1170,#1171));
#1161 = ORIENTED_EDGE('',*,*,#1162,.F.);
#1162 = EDGE_CURVE('',#290,#1163,#1165,.T.);
#1163 = VERTEX_POINT('',#1164);
#1164 = CARTESIAN_POINT('',(58.8,4.5,5.));
#1165 = LINE('',#1166,#1167);
#1166 = CARTESIAN_POINT('',(58.8,4.25,5.25));
#1167 = VECTOR('',#1168,1.);
#1168 = DIRECTION('',(3.17E-15,0.707106781187,-0.707106781187));
#1169 = ORIENTED_EDGE('',*,*,#289,.T.);
#1170 = ORIENTED_EDGE('',*,*,#1100,.T.);
#1171 = ORIENTED_EDGE('',*,*,#1172,.F.);
#1172 = EDGE_CURVE('',#1163,#1050,#1173,.T.);
#1173 = LINE('',#1174,#1175);
#1174 = CARTESIAN_POINT('',(57.8,4.5,5.));
#1175 = VECTOR('',#1176,1.);
#1176 = DIRECTION('',(1.,0.,0.));
#1177 = PLANE('',#1178);
#1178 = AXIS2_PLACEMENT_3D('',#1179,#1180,#1181);
#1179 = CARTESIAN_POINT('',(57.8,4.,5.5));
#1180 = DIRECTION('',(0.,0.707106781187,0.707106781187));
#1181 = DIRECTION('',(1.,0.,-0.));
#1182 = ADVANCED_FACE('',(#1183),#1201,.T.);
#1183 = FACE_BOUND('',#1184,.T.);
#1184 = EDGE_LOOP('',(#1185,#1186,#1187,#1195));
#1185 = ORIENTED_EDGE('',*,*,#1138,.F.);
#1186 = ORIENTED_EDGE('',*,*,#305,.T.);
#1187 = ORIENTED_EDGE('',*,*,#1188,.T.);
#1188 = EDGE_CURVE('',#298,#1189,#1191,.T.);
#1189 = VERTEX_POINT('',#1190);
#1190 = CARTESIAN_POINT('',(57.8,4.5,4.));
#1191 = LINE('',#1192,#1193);
#1192 = CARTESIAN_POINT('',(57.05,3.75,4.));
#1193 = VECTOR('',#1194,1.);
#1194 = DIRECTION('',(0.707106781187,0.707106781187,-1.09E-15));
#1195 = ORIENTED_EDGE('',*,*,#1196,.F.);
#1196 = EDGE_CURVE('',#1139,#1189,#1197,.T.);
#1197 = LINE('',#1198,#1199);
#1198 = CARTESIAN_POINT('',(57.8,4.5,-5.));
#1199 = VECTOR('',#1200,1.);
#1200 = DIRECTION('',(0.,-2.2E-16,1.));
#1201 = PLANE('',#1202);
#1202 = AXIS2_PLACEMENT_3D('',#1203,#1204,#1205);
#1203 = CARTESIAN_POINT('',(57.3,4.,-5.));
#1204 = DIRECTION('',(-0.707106781187,0.707106781187,3.E-17));
#1205 = DIRECTION('',(-8.87867965644E-17,-1.312132034356E-16,1.));
#1206 = ADVANCED_FACE('',(#1207),#1218,.T.);
#1207 = FACE_BOUND('',#1208,.T.);
#1208 = EDGE_LOOP('',(#1209,#1210,#1211,#1212));
#1209 = ORIENTED_EDGE('',*,*,#1188,.F.);
#1210 = ORIENTED_EDGE('',*,*,#297,.T.);
#1211 = ORIENTED_EDGE('',*,*,#1162,.T.);
#1212 = ORIENTED_EDGE('',*,*,#1213,.F.);
#1213 = EDGE_CURVE('',#1189,#1163,#1214,.T.);
#1214 = LINE('',#1215,#1216);
#1215 = CARTESIAN_POINT('',(57.8,4.5,4.));
#1216 = VECTOR('',#1217,1.);
#1217 = DIRECTION('',(0.707106781187,1.38E-15,0.707106781187));
#1218 = PLANE('',#1219);
#1219 = AXIS2_PLACEMENT_3D('',#1220,#1221,#1222);
#1220 = CARTESIAN_POINT('',(56.8,3.5,4.));
#1221 = DIRECTION('',(-0.57735026919,0.57735026919,0.57735026919));
#1222 = DIRECTION('',(0.707106781187,1.720845688169E-15,0.707106781187)
  );
#1223 = ADVANCED_FACE('',(#1224),#1283,.F.);
#1224 = FACE_BOUND('',#1225,.F.);
#1225 = EDGE_LOOP('',(#1226,#1236,#1244,#1252,#1260,#1268,#1274,#1275,
    #1276,#1277));
#1226 = ORIENTED_EDGE('',*,*,#1227,.T.);
#1227 = EDGE_CURVE('',#1228,#1230,#1232,.T.);
#1228 = VERTEX_POINT('',#1229);
#1229 = CARTESIAN_POINT('',(-39.,4.5,28.800000000002));
#1230 = VERTEX_POINT('',#1231);
#1231 = CARTESIAN_POINT('',(-39.,7.5,28.800000000002));
#1232 = LINE('',#1233,#1234);
#1233 = CARTESIAN_POINT('',(-39.,3.5,28.800000000002));
#1234 = VECTOR('',#1235,1.);
#1235 = DIRECTION('',(0.,1.,2.2E-16));
#1236 = ORIENTED_EDGE('',*,*,#1237,.T.);
#1237 = EDGE_CURVE('',#1230,#1238,#1240,.T.);
#1238 = VERTEX_POINT('',#1239);
#1239 = CARTESIAN_POINT('',(-38.,8.5,28.800000000002));
#1240 = LINE('',#1241,#1242);
#1241 = CARTESIAN_POINT('',(-39.75,6.75,28.800000000002));
#1242 = VECTOR('',#1243,1.);
#1243 = DIRECTION('',(0.707106781187,0.707106781187,1.6E-16));
#1244 = ORIENTED_EDGE('',*,*,#1245,.T.);
#1245 = EDGE_CURVE('',#1238,#1246,#1248,.T.);
#1246 = VERTEX_POINT('',#1247);
#1247 = CARTESIAN_POINT('',(-29.99999999999,8.5,28.800000000002));
#1248 = LINE('',#1249,#1250);
#1249 = CARTESIAN_POINT('',(-39.,8.5,28.800000000002));
#1250 = VECTOR('',#1251,1.);
#1251 = DIRECTION('',(1.,0.,0.));
#1252 = ORIENTED_EDGE('',*,*,#1253,.F.);
#1253 = EDGE_CURVE('',#1254,#1246,#1256,.T.);
#1254 = VERTEX_POINT('',#1255);
#1255 = CARTESIAN_POINT('',(-28.99999999999,7.5,28.800000000002));
#1256 = LINE('',#1257,#1258);
#1257 = CARTESIAN_POINT('',(-30.75,9.25,28.800000000002));
#1258 = VECTOR('',#1259,1.);
#1259 = DIRECTION('',(-0.707106781187,0.707106781187,1.6E-16));
#1260 = ORIENTED_EDGE('',*,*,#1261,.F.);
#1261 = EDGE_CURVE('',#1262,#1254,#1264,.T.);
#1262 = VERTEX_POINT('',#1263);
#1263 = CARTESIAN_POINT('',(-28.99999999999,4.5,28.800000000002));
#1264 = LINE('',#1265,#1266);
#1265 = CARTESIAN_POINT('',(-28.99999999999,3.5,28.800000000002));
#1266 = VECTOR('',#1267,1.);
#1267 = DIRECTION('',(0.,1.,2.2E-16));
#1268 = ORIENTED_EDGE('',*,*,#1269,.F.);
#1269 = EDGE_CURVE('',#332,#1262,#1270,.T.);
#1270 = LINE('',#1271,#1272);
#1271 = CARTESIAN_POINT('',(-31.,6.5,28.800000000002));
#1272 = VECTOR('',#1273,1.);
#1273 = DIRECTION('',(-0.707106781187,0.707106781187,1.6E-16));
#1274 = ORIENTED_EDGE('',*,*,#329,.F.);
#1275 = ORIENTED_EDGE('',*,*,#339,.F.);
#1276 = ORIENTED_EDGE('',*,*,#347,.T.);
#1277 = ORIENTED_EDGE('',*,*,#1278,.T.);
#1278 = EDGE_CURVE('',#348,#1228,#1279,.T.);
#1279 = LINE('',#1280,#1281);
#1280 = CARTESIAN_POINT('',(-39.5,4.,28.800000000002));
#1281 = VECTOR('',#1282,1.);
#1282 = DIRECTION('',(0.707106781187,0.707106781187,1.6E-16));
#1283 = PLANE('',#1284);
#1284 = AXIS2_PLACEMENT_3D('',#1285,#1286,#1287);
#1285 = CARTESIAN_POINT('',(-39.,3.5,28.800000000002));
#1286 = DIRECTION('',(0.,2.2E-16,-1.));
#1287 = DIRECTION('',(1.,0.,0.));
#1288 = ADVANCED_FACE('',(#1289),#1307,.T.);
#1289 = FACE_BOUND('',#1290,.T.);
#1290 = EDGE_LOOP('',(#1291,#1292,#1293,#1301));
#1291 = ORIENTED_EDGE('',*,*,#1269,.F.);
#1292 = ORIENTED_EDGE('',*,*,#387,.T.);
#1293 = ORIENTED_EDGE('',*,*,#1294,.T.);
#1294 = EDGE_CURVE('',#380,#1295,#1297,.T.);
#1295 = VERTEX_POINT('',#1296);
#1296 = CARTESIAN_POINT('',(-28.99999999999,4.5,24.8));
#1297 = LINE('',#1298,#1299);
#1298 = CARTESIAN_POINT('',(-28.74999999999,4.25,24.8));
#1299 = VECTOR('',#1300,1.);
#1300 = DIRECTION('',(-0.707106781187,0.707106781187,4.5E-16));
#1301 = ORIENTED_EDGE('',*,*,#1302,.F.);
#1302 = EDGE_CURVE('',#1262,#1295,#1303,.T.);
#1303 = LINE('',#1304,#1305);
#1304 = CARTESIAN_POINT('',(-28.99999999999,4.5,28.800000000002));
#1305 = VECTOR('',#1306,1.);
#1306 = DIRECTION('',(0.,2.2E-16,-1.));
#1307 = PLANE('',#1308);
#1308 = AXIS2_PLACEMENT_3D('',#1309,#1310,#1311);
#1309 = CARTESIAN_POINT('',(-28.49999999999,4.,28.800000000002));
#1310 = DIRECTION('',(0.707106781187,0.707106781187,-3.E-17));
#1311 = DIRECTION('',(-1.312132034356E-16,8.87867965644E-17,-1.));
#1312 = ADVANCED_FACE('',(#1313),#1331,.F.);
#1313 = FACE_BOUND('',#1314,.F.);
#1314 = EDGE_LOOP('',(#1315,#1323,#1324,#1325));
#1315 = ORIENTED_EDGE('',*,*,#1316,.F.);
#1316 = EDGE_CURVE('',#372,#1317,#1319,.T.);
#1317 = VERTEX_POINT('',#1318);
#1318 = CARTESIAN_POINT('',(-29.99999999999,4.5,23.8));
#1319 = LINE('',#1320,#1321);
#1320 = CARTESIAN_POINT('',(-29.99999999999,3.75,23.05));
#1321 = VECTOR('',#1322,1.);
#1322 = DIRECTION('',(-2.9E-16,0.707106781187,0.707106781187));
#1323 = ORIENTED_EDGE('',*,*,#379,.T.);
#1324 = ORIENTED_EDGE('',*,*,#1294,.T.);
#1325 = ORIENTED_EDGE('',*,*,#1326,.F.);
#1326 = EDGE_CURVE('',#1317,#1295,#1327,.T.);
#1327 = LINE('',#1328,#1329);
#1328 = CARTESIAN_POINT('',(-29.99999999999,4.5,23.8));
#1329 = VECTOR('',#1330,1.);
#1330 = DIRECTION('',(0.707106781187,-1.6E-16,0.707106781187));
#1331 = PLANE('',#1332);
#1332 = AXIS2_PLACEMENT_3D('',#1333,#1334,#1335);
#1333 = CARTESIAN_POINT('',(-29.99999999999,3.5,22.8));
#1334 = DIRECTION('',(-0.57735026919,-0.57735026919,0.57735026919));
#1335 = DIRECTION('',(0.707106781187,-1.942890293094E-16,0.707106781187)
  );
#1336 = ADVANCED_FACE('',(#1337),#1355,.T.);
#1337 = FACE_BOUND('',#1338,.T.);
#1338 = EDGE_LOOP('',(#1339,#1347,#1348,#1349));
#1339 = ORIENTED_EDGE('',*,*,#1340,.F.);
#1340 = EDGE_CURVE('',#356,#1341,#1343,.T.);
#1341 = VERTEX_POINT('',#1342);
#1342 = CARTESIAN_POINT('',(-39.,4.5,24.8));
#1343 = LINE('',#1344,#1345);
#1344 = CARTESIAN_POINT('',(-39.25,4.25,24.8));
#1345 = VECTOR('',#1346,1.);
#1346 = DIRECTION('',(0.707106781187,0.707106781187,5.4E-16));
#1347 = ORIENTED_EDGE('',*,*,#355,.T.);
#1348 = ORIENTED_EDGE('',*,*,#1278,.T.);
#1349 = ORIENTED_EDGE('',*,*,#1350,.F.);
#1350 = EDGE_CURVE('',#1341,#1228,#1351,.T.);
#1351 = LINE('',#1352,#1353);
#1352 = CARTESIAN_POINT('',(-39.,4.5,23.8));
#1353 = VECTOR('',#1354,1.);
#1354 = DIRECTION('',(0.,-2.2E-16,1.));
#1355 = PLANE('',#1356);
#1356 = AXIS2_PLACEMENT_3D('',#1357,#1358,#1359);
#1357 = CARTESIAN_POINT('',(-39.5,4.,23.8));
#1358 = DIRECTION('',(-0.707106781187,0.707106781187,2.E-17));
#1359 = DIRECTION('',(-9.585786437627E-17,-1.241421356237E-16,1.));
#1360 = ADVANCED_FACE('',(#1361),#1379,.T.);
#1361 = FACE_BOUND('',#1362,.T.);
#1362 = EDGE_LOOP('',(#1363,#1364,#1365,#1373));
#1363 = ORIENTED_EDGE('',*,*,#1316,.F.);
#1364 = ORIENTED_EDGE('',*,*,#371,.T.);
#1365 = ORIENTED_EDGE('',*,*,#1366,.T.);
#1366 = EDGE_CURVE('',#364,#1367,#1369,.T.);
#1367 = VERTEX_POINT('',#1368);
#1368 = CARTESIAN_POINT('',(-38.,4.5,23.8));
#1369 = LINE('',#1370,#1371);
#1370 = CARTESIAN_POINT('',(-38.,3.75,23.05));
#1371 = VECTOR('',#1372,1.);
#1372 = DIRECTION('',(-2.21E-15,0.707106781187,0.707106781187));
#1373 = ORIENTED_EDGE('',*,*,#1374,.F.);
#1374 = EDGE_CURVE('',#1317,#1367,#1375,.T.);
#1375 = LINE('',#1376,#1377);
#1376 = CARTESIAN_POINT('',(-28.99999999999,4.5,23.8));
#1377 = VECTOR('',#1378,1.);
#1378 = DIRECTION('',(-1.,-0.,0.));
#1379 = PLANE('',#1380);
#1380 = AXIS2_PLACEMENT_3D('',#1381,#1382,#1383);
#1381 = CARTESIAN_POINT('',(-28.99999999999,4.,23.3));
#1382 = DIRECTION('',(0.,0.707106781187,-0.707106781187));
#1383 = DIRECTION('',(-1.,0.,-0.));
#1384 = ADVANCED_FACE('',(#1385),#1396,.T.);
#1385 = FACE_BOUND('',#1386,.T.);
#1386 = EDGE_LOOP('',(#1387,#1388,#1389,#1390));
#1387 = ORIENTED_EDGE('',*,*,#1366,.F.);
#1388 = ORIENTED_EDGE('',*,*,#363,.T.);
#1389 = ORIENTED_EDGE('',*,*,#1340,.T.);
#1390 = ORIENTED_EDGE('',*,*,#1391,.F.);
#1391 = EDGE_CURVE('',#1367,#1341,#1392,.T.);
#1392 = LINE('',#1393,#1394);
#1393 = CARTESIAN_POINT('',(-38.,4.5,23.8));
#1394 = VECTOR('',#1395,1.);
#1395 = DIRECTION('',(-0.707106781187,2.44E-15,0.707106781187));
#1396 = PLANE('',#1397);
#1397 = AXIS2_PLACEMENT_3D('',#1398,#1399,#1400);
#1398 = CARTESIAN_POINT('',(-38.,3.5,22.8));
#1399 = DIRECTION('',(-0.57735026919,0.57735026919,-0.57735026919));
#1400 = DIRECTION('',(-0.707106781187,-1.387778780781E-16,0.707106781187
    ));
#1401 = ADVANCED_FACE('',(#1402),#1420,.F.);
#1402 = FACE_BOUND('',#1403,.F.);
#1403 = EDGE_LOOP('',(#1404,#1405,#1406,#1414));
#1404 = ORIENTED_EDGE('',*,*,#401,.F.);
#1405 = ORIENTED_EDGE('',*,*,#524,.F.);
#1406 = ORIENTED_EDGE('',*,*,#1407,.T.);
#1407 = EDGE_CURVE('',#515,#1408,#1410,.T.);
#1408 = VERTEX_POINT('',#1409);
#1409 = CARTESIAN_POINT('',(29.,7.5,24.800000000001));
#1410 = LINE('',#1411,#1412);
#1411 = CARTESIAN_POINT('',(29.,3.5,24.800000000001));
#1412 = VECTOR('',#1413,1.);
#1413 = DIRECTION('',(0.,1.,2.2E-16));
#1414 = ORIENTED_EDGE('',*,*,#1415,.T.);
#1415 = EDGE_CURVE('',#1408,#404,#1416,.T.);
#1416 = LINE('',#1417,#1418);
#1417 = CARTESIAN_POINT('',(29.,7.5,23.800000000001));
#1418 = VECTOR('',#1419,1.);
#1419 = DIRECTION('',(0.,-2.2E-16,1.));
#1420 = PLANE('',#1421);
#1421 = AXIS2_PLACEMENT_3D('',#1422,#1423,#1424);
#1422 = CARTESIAN_POINT('',(29.,3.5,23.800000000001));
#1423 = DIRECTION('',(1.,0.,0.));
#1424 = DIRECTION('',(0.,-2.2E-16,1.));
#1425 = ADVANCED_FACE('',(#1426),#1444,.F.);
#1426 = FACE_BOUND('',#1427,.T.);
#1427 = EDGE_LOOP('',(#1428,#1436,#1437,#1438));
#1428 = ORIENTED_EDGE('',*,*,#1429,.T.);
#1429 = EDGE_CURVE('',#1430,#1408,#1432,.T.);
#1430 = VERTEX_POINT('',#1431);
#1431 = CARTESIAN_POINT('',(30.,8.5,24.800000000001));
#1432 = LINE('',#1433,#1434);
#1433 = CARTESIAN_POINT('',(29.75,8.25,24.800000000001));
#1434 = VECTOR('',#1435,1.);
#1435 = DIRECTION('',(-0.707106781187,-0.707106781187,5.2E-16));
#1436 = ORIENTED_EDGE('',*,*,#1415,.T.);
#1437 = ORIENTED_EDGE('',*,*,#411,.T.);
#1438 = ORIENTED_EDGE('',*,*,#1439,.F.);
#1439 = EDGE_CURVE('',#1430,#412,#1440,.T.);
#1440 = LINE('',#1441,#1442);
#1441 = CARTESIAN_POINT('',(30.,8.5,23.800000000001));
#1442 = VECTOR('',#1443,1.);
#1443 = DIRECTION('',(0.,-2.2E-16,1.));
#1444 = PLANE('',#1445);
#1445 = AXIS2_PLACEMENT_3D('',#1446,#1447,#1448);
#1446 = CARTESIAN_POINT('',(29.5,8.,23.800000000001));
#1447 = DIRECTION('',(0.707106781187,-0.707106781187,-4.E-17));
#1448 = DIRECTION('',(8.171572875254E-17,1.382842712475E-16,-1.));
#1449 = ADVANCED_FACE('',(#1450),#1468,.T.);
#1450 = FACE_BOUND('',#1451,.T.);
#1451 = EDGE_LOOP('',(#1452,#1453,#1461,#1467));
#1452 = ORIENTED_EDGE('',*,*,#419,.T.);
#1453 = ORIENTED_EDGE('',*,*,#1454,.T.);
#1454 = EDGE_CURVE('',#420,#1455,#1457,.T.);
#1455 = VERTEX_POINT('',#1456);
#1456 = CARTESIAN_POINT('',(38.,8.5,24.800000000001));
#1457 = LINE('',#1458,#1459);
#1458 = CARTESIAN_POINT('',(38.,8.5,28.8));
#1459 = VECTOR('',#1460,1.);
#1460 = DIRECTION('',(0.,2.2E-16,-1.));
#1461 = ORIENTED_EDGE('',*,*,#1462,.T.);
#1462 = EDGE_CURVE('',#1455,#1430,#1463,.T.);
#1463 = LINE('',#1464,#1465);
#1464 = CARTESIAN_POINT('',(39.,8.5,24.800000000001));
#1465 = VECTOR('',#1466,1.);
#1466 = DIRECTION('',(-1.,-0.,0.));
#1467 = ORIENTED_EDGE('',*,*,#1439,.T.);
#1468 = PLANE('',#1469);
#1469 = AXIS2_PLACEMENT_3D('',#1470,#1471,#1472);
#1470 = CARTESIAN_POINT('',(-2.22518E-12,8.5,13.150000000001));
#1471 = DIRECTION('',(0.,1.,2.2E-16));
#1472 = DIRECTION('',(0.,-2.2E-16,1.));
#1473 = ADVANCED_FACE('',(#1474),#1492,.F.);
#1474 = FACE_BOUND('',#1475,.T.);
#1475 = EDGE_LOOP('',(#1476,#1477,#1485,#1491));
#1476 = ORIENTED_EDGE('',*,*,#427,.F.);
#1477 = ORIENTED_EDGE('',*,*,#1478,.T.);
#1478 = EDGE_CURVE('',#428,#1479,#1481,.T.);
#1479 = VERTEX_POINT('',#1480);
#1480 = CARTESIAN_POINT('',(39.,7.5,24.800000000001));
#1481 = LINE('',#1482,#1483);
#1482 = CARTESIAN_POINT('',(39.,7.5,28.8));
#1483 = VECTOR('',#1484,1.);
#1484 = DIRECTION('',(0.,2.2E-16,-1.));
#1485 = ORIENTED_EDGE('',*,*,#1486,.F.);
#1486 = EDGE_CURVE('',#1455,#1479,#1487,.T.);
#1487 = LINE('',#1488,#1489);
#1488 = CARTESIAN_POINT('',(38.25,8.25,24.800000000001));
#1489 = VECTOR('',#1490,1.);
#1490 = DIRECTION('',(0.707106781187,-0.707106781187,-2.08E-15));
#1491 = ORIENTED_EDGE('',*,*,#1454,.F.);
#1492 = PLANE('',#1493);
#1493 = AXIS2_PLACEMENT_3D('',#1494,#1495,#1496);
#1494 = CARTESIAN_POINT('',(38.5,8.,28.8));
#1495 = DIRECTION('',(-0.707106781187,-0.707106781187,-2.E-17));
#1496 = DIRECTION('',(9.585786437627E-17,-1.241421356237E-16,1.));
#1497 = ADVANCED_FACE('',(#1498),#1509,.F.);
#1498 = FACE_BOUND('',#1499,.F.);
#1499 = EDGE_LOOP('',(#1500,#1501,#1502,#1508));
#1500 = ORIENTED_EDGE('',*,*,#435,.T.);
#1501 = ORIENTED_EDGE('',*,*,#1478,.T.);
#1502 = ORIENTED_EDGE('',*,*,#1503,.F.);
#1503 = EDGE_CURVE('',#469,#1479,#1504,.T.);
#1504 = LINE('',#1505,#1506);
#1505 = CARTESIAN_POINT('',(39.,3.5,24.800000000001));
#1506 = VECTOR('',#1507,1.);
#1507 = DIRECTION('',(0.,1.,2.2E-16));
#1508 = ORIENTED_EDGE('',*,*,#476,.F.);
#1509 = PLANE('',#1510);
#1510 = AXIS2_PLACEMENT_3D('',#1511,#1512,#1513);
#1511 = CARTESIAN_POINT('',(39.,3.5,28.8));
#1512 = DIRECTION('',(-1.,0.,0.));
#1513 = DIRECTION('',(0.,2.2E-16,-1.));
#1514 = ADVANCED_FACE('',(#1515),#1533,.T.);
#1515 = FACE_BOUND('',#1516,.T.);
#1516 = EDGE_LOOP('',(#1517,#1525,#1531,#1532));
#1517 = ORIENTED_EDGE('',*,*,#1518,.T.);
#1518 = EDGE_CURVE('',#491,#1519,#1521,.T.);
#1519 = VERTEX_POINT('',#1520);
#1520 = CARTESIAN_POINT('',(38.,7.5,23.800000000001));
#1521 = LINE('',#1522,#1523);
#1522 = CARTESIAN_POINT('',(38.,3.5,23.800000000001));
#1523 = VECTOR('',#1524,1.);
#1524 = DIRECTION('',(0.,1.,2.2E-16));
#1525 = ORIENTED_EDGE('',*,*,#1526,.T.);
#1526 = EDGE_CURVE('',#1519,#1479,#1527,.T.);
#1527 = LINE('',#1528,#1529);
#1528 = CARTESIAN_POINT('',(38.5,7.5,24.300000000001));
#1529 = VECTOR('',#1530,1.);
#1530 = DIRECTION('',(0.707106781187,1.09E-15,0.707106781187));
#1531 = ORIENTED_EDGE('',*,*,#1503,.F.);
#1532 = ORIENTED_EDGE('',*,*,#500,.F.);
#1533 = PLANE('',#1534);
#1534 = AXIS2_PLACEMENT_3D('',#1535,#1536,#1537);
#1535 = CARTESIAN_POINT('',(38.5,3.5,24.300000000001));
#1536 = DIRECTION('',(0.707106781187,1.6E-16,-0.707106781187));
#1537 = DIRECTION('',(-3.137084989848E-18,1.,2.231370849898E-16));
#1538 = ADVANCED_FACE('',(#1539),#1557,.F.);
#1539 = FACE_BOUND('',#1540,.F.);
#1540 = EDGE_LOOP('',(#1541,#1542,#1550,#1556));
#1541 = ORIENTED_EDGE('',*,*,#1518,.T.);
#1542 = ORIENTED_EDGE('',*,*,#1543,.T.);
#1543 = EDGE_CURVE('',#1519,#1544,#1546,.T.);
#1544 = VERTEX_POINT('',#1545);
#1545 = CARTESIAN_POINT('',(30.,7.5,23.800000000001));
#1546 = LINE('',#1547,#1548);
#1547 = CARTESIAN_POINT('',(39.,7.5,23.800000000001));
#1548 = VECTOR('',#1549,1.);
#1549 = DIRECTION('',(-1.,-0.,0.));
#1550 = ORIENTED_EDGE('',*,*,#1551,.F.);
#1551 = EDGE_CURVE('',#541,#1544,#1552,.T.);
#1552 = LINE('',#1553,#1554);
#1553 = CARTESIAN_POINT('',(30.,3.5,23.800000000001));
#1554 = VECTOR('',#1555,1.);
#1555 = DIRECTION('',(0.,1.,2.2E-16));
#1556 = ORIENTED_EDGE('',*,*,#548,.F.);
#1557 = PLANE('',#1558);
#1558 = AXIS2_PLACEMENT_3D('',#1559,#1560,#1561);
#1559 = CARTESIAN_POINT('',(39.,3.5,23.800000000001));
#1560 = DIRECTION('',(0.,-2.2E-16,1.));
#1561 = DIRECTION('',(-1.,0.,0.));
#1562 = ADVANCED_FACE('',(#1563),#1574,.T.);
#1563 = FACE_BOUND('',#1564,.F.);
#1564 = EDGE_LOOP('',(#1565,#1566,#1572,#1573));
#1565 = ORIENTED_EDGE('',*,*,#1551,.T.);
#1566 = ORIENTED_EDGE('',*,*,#1567,.T.);
#1567 = EDGE_CURVE('',#1544,#1408,#1568,.T.);
#1568 = LINE('',#1569,#1570);
#1569 = CARTESIAN_POINT('',(29.5,7.5,24.300000000001));
#1570 = VECTOR('',#1571,1.);
#1571 = DIRECTION('',(-0.707106781187,1.09E-15,0.707106781187));
#1572 = ORIENTED_EDGE('',*,*,#1407,.F.);
#1573 = ORIENTED_EDGE('',*,*,#565,.F.);
#1574 = PLANE('',#1575);
#1575 = AXIS2_PLACEMENT_3D('',#1576,#1577,#1578);
#1576 = CARTESIAN_POINT('',(29.5,3.5,24.300000000001));
#1577 = DIRECTION('',(-0.707106781187,1.6E-16,-0.707106781187));
#1578 = DIRECTION('',(-3.137084989848E-18,-1.,-2.231370849898E-16));
#1579 = ADVANCED_FACE('',(#1580),#1605,.T.);
#1580 = FACE_BOUND('',#1581,.T.);
#1581 = EDGE_LOOP('',(#1582,#1583,#1591,#1599));
#1582 = ORIENTED_EDGE('',*,*,#588,.T.);
#1583 = ORIENTED_EDGE('',*,*,#1584,.F.);
#1584 = EDGE_CURVE('',#1585,#589,#1587,.T.);
#1585 = VERTEX_POINT('',#1586);
#1586 = CARTESIAN_POINT('',(-89.,-3.5,33.));
#1587 = LINE('',#1588,#1589);
#1588 = CARTESIAN_POINT('',(-89.,-3.,33.5));
#1589 = VECTOR('',#1590,1.);
#1590 = DIRECTION('',(1.92E-15,0.707106781187,0.707106781187));
#1591 = ORIENTED_EDGE('',*,*,#1592,.F.);
#1592 = EDGE_CURVE('',#1593,#1585,#1595,.T.);
#1593 = VERTEX_POINT('',#1594);
#1594 = CARTESIAN_POINT('',(89.,-3.5,33.));
#1595 = LINE('',#1596,#1597);
#1596 = CARTESIAN_POINT('',(90.,-3.5,33.));
#1597 = VECTOR('',#1598,1.);
#1598 = DIRECTION('',(-1.,0.,0.));
#1599 = ORIENTED_EDGE('',*,*,#1600,.T.);
#1600 = EDGE_CURVE('',#1593,#581,#1601,.T.);
#1601 = LINE('',#1602,#1603);
#1602 = CARTESIAN_POINT('',(89.,-3.,33.5));
#1603 = VECTOR('',#1604,1.);
#1604 = DIRECTION('',(-1.92E-15,0.707106781187,0.707106781187));
#1605 = PLANE('',#1606);
#1606 = AXIS2_PLACEMENT_3D('',#1607,#1608,#1609);
#1607 = CARTESIAN_POINT('',(90.,-3.,33.5));
#1608 = DIRECTION('',(0.,-0.707106781187,0.707106781187));
#1609 = DIRECTION('',(-1.,0.,0.));
#1610 = ADVANCED_FACE('',(#1611),#1621,.T.);
#1611 = FACE_BOUND('',#1612,.T.);
#1612 = EDGE_LOOP('',(#1613,#1619,#1620));
#1613 = ORIENTED_EDGE('',*,*,#1614,.F.);
#1614 = EDGE_CURVE('',#613,#1593,#1615,.T.);
#1615 = LINE('',#1616,#1617);
#1616 = CARTESIAN_POINT('',(89.75,-2.75,33.));
#1617 = VECTOR('',#1618,1.);
#1618 = DIRECTION('',(-0.707106781187,-0.707106781187,-1.093E-14));
#1619 = ORIENTED_EDGE('',*,*,#612,.T.);
#1620 = ORIENTED_EDGE('',*,*,#1600,.F.);
#1621 = PLANE('',#1622);
#1622 = AXIS2_PLACEMENT_3D('',#1623,#1624,#1625);
#1623 = CARTESIAN_POINT('',(90.,-2.5,33.));
#1624 = DIRECTION('',(0.57735026919,-0.57735026919,0.57735026919));
#1625 = DIRECTION('',(2.775557561563E-17,0.707106781187,0.707106781187)
  );
#1626 = ADVANCED_FACE('',(#1627),#1637,.F.);
#1627 = FACE_BOUND('',#1628,.F.);
#1628 = EDGE_LOOP('',(#1629,#1635,#1636));
#1629 = ORIENTED_EDGE('',*,*,#1630,.F.);
#1630 = EDGE_CURVE('',#637,#1585,#1631,.T.);
#1631 = LINE('',#1632,#1633);
#1632 = CARTESIAN_POINT('',(-89.75,-2.75,33.));
#1633 = VECTOR('',#1634,1.);
#1634 = DIRECTION('',(0.707106781187,-0.707106781187,-5.16E-15));
#1635 = ORIENTED_EDGE('',*,*,#636,.T.);
#1636 = ORIENTED_EDGE('',*,*,#1584,.F.);
#1637 = PLANE('',#1638);
#1638 = AXIS2_PLACEMENT_3D('',#1639,#1640,#1641);
#1639 = CARTESIAN_POINT('',(-90.,-2.5,33.));
#1640 = DIRECTION('',(0.57735026919,0.57735026919,-0.57735026919));
#1641 = DIRECTION('',(0.,0.707106781187,0.707106781187));
#1642 = ADVANCED_FACE('',(#1643),#1661,.T.);
#1643 = FACE_BOUND('',#1644,.T.);
#1644 = EDGE_LOOP('',(#1645,#1653,#1654,#1655));
#1645 = ORIENTED_EDGE('',*,*,#1646,.F.);
#1646 = EDGE_CURVE('',#660,#1647,#1649,.T.);
#1647 = VERTEX_POINT('',#1648);
#1648 = CARTESIAN_POINT('',(89.,-3.5,-33.));
#1649 = LINE('',#1650,#1651);
#1650 = CARTESIAN_POINT('',(89.75,-2.75,-33.));
#1651 = VECTOR('',#1652,1.);
#1652 = DIRECTION('',(-0.707106781187,-0.707106781187,7.44E-15));
#1653 = ORIENTED_EDGE('',*,*,#667,.T.);
#1654 = ORIENTED_EDGE('',*,*,#1614,.T.);
#1655 = ORIENTED_EDGE('',*,*,#1656,.F.);
#1656 = EDGE_CURVE('',#1647,#1593,#1657,.T.);
#1657 = LINE('',#1658,#1659);
#1658 = CARTESIAN_POINT('',(89.,-3.5,-34.));
#1659 = VECTOR('',#1660,1.);
#1660 = DIRECTION('',(0.,2.2E-16,1.));
#1661 = PLANE('',#1662);
#1662 = AXIS2_PLACEMENT_3D('',#1663,#1664,#1665);
#1663 = CARTESIAN_POINT('',(89.5,-3.,-34.));
#1664 = DIRECTION('',(0.707106781187,-0.707106781187,-4.E-17));
#1665 = DIRECTION('',(1.382842712475E-16,8.171572875254E-17,1.));
#1666 = ADVANCED_FACE('',(#1667),#1685,.T.);
#1667 = FACE_BOUND('',#1668,.T.);
#1668 = EDGE_LOOP('',(#1669,#1670,#1671,#1679));
#1669 = ORIENTED_EDGE('',*,*,#1630,.F.);
#1670 = ORIENTED_EDGE('',*,*,#684,.T.);
#1671 = ORIENTED_EDGE('',*,*,#1672,.F.);
#1672 = EDGE_CURVE('',#1673,#685,#1675,.T.);
#1673 = VERTEX_POINT('',#1674);
#1674 = CARTESIAN_POINT('',(-89.,-3.5,-33.));
#1675 = LINE('',#1676,#1677);
#1676 = CARTESIAN_POINT('',(-89.49999999999,-3.000000000001,-33.));
#1677 = VECTOR('',#1678,1.);
#1678 = DIRECTION('',(-0.707106781187,0.707106781187,-2.215E-14));
#1679 = ORIENTED_EDGE('',*,*,#1680,.F.);
#1680 = EDGE_CURVE('',#1585,#1673,#1681,.T.);
#1681 = LINE('',#1682,#1683);
#1682 = CARTESIAN_POINT('',(-89.,-3.5,34.));
#1683 = VECTOR('',#1684,1.);
#1684 = DIRECTION('',(0.,-2.2E-16,-1.));
#1685 = PLANE('',#1686);
#1686 = AXIS2_PLACEMENT_3D('',#1687,#1688,#1689);
#1687 = CARTESIAN_POINT('',(-89.5,-3.,34.));
#1688 = DIRECTION('',(-0.707106781187,-0.707106781187,-2.E-17));
#1689 = DIRECTION('',(1.241421356237E-16,-9.585786437627E-17,-1.));
#1690 = ADVANCED_FACE('',(#1691),#1701,.F.);
#1691 = FACE_BOUND('',#1692,.F.);
#1692 = EDGE_LOOP('',(#1693,#1694,#1695));
#1693 = ORIENTED_EDGE('',*,*,#1646,.F.);
#1694 = ORIENTED_EDGE('',*,*,#708,.T.);
#1695 = ORIENTED_EDGE('',*,*,#1696,.F.);
#1696 = EDGE_CURVE('',#1647,#709,#1697,.T.);
#1697 = LINE('',#1698,#1699);
#1698 = CARTESIAN_POINT('',(89.,-3.,-33.5));
#1699 = VECTOR('',#1700,1.);
#1700 = DIRECTION('',(-1.54E-15,0.707106781187,-0.707106781187));
#1701 = PLANE('',#1702);
#1702 = AXIS2_PLACEMENT_3D('',#1703,#1704,#1705);
#1703 = CARTESIAN_POINT('',(90.,-2.5,-33.));
#1704 = DIRECTION('',(-0.57735026919,0.57735026919,0.57735026919));
#1705 = DIRECTION('',(0.,0.707106781187,-0.707106781187));
#1706 = ADVANCED_FACE('',(#1707),#1717,.F.);
#1707 = FACE_BOUND('',#1708,.F.);
#1708 = EDGE_LOOP('',(#1709,#1715,#1716));
#1709 = ORIENTED_EDGE('',*,*,#1710,.F.);
#1710 = EDGE_CURVE('',#733,#1673,#1711,.T.);
#1711 = LINE('',#1712,#1713);
#1712 = CARTESIAN_POINT('',(-89.,-2.75,-33.75));
#1713 = VECTOR('',#1714,1.);
#1714 = DIRECTION('',(8.17E-15,-0.707106781187,0.707106781187));
#1715 = ORIENTED_EDGE('',*,*,#732,.T.);
#1716 = ORIENTED_EDGE('',*,*,#1672,.F.);
#1717 = PLANE('',#1718);
#1718 = AXIS2_PLACEMENT_3D('',#1719,#1720,#1721);
#1719 = CARTESIAN_POINT('',(-89.,-2.5,-34.));
#1720 = DIRECTION('',(0.57735026919,0.57735026919,0.57735026919));
#1721 = DIRECTION('',(-0.707106781187,0.707106781187,-9.90874049478E-15)
  );
#1722 = ADVANCED_FACE('',(#1723),#1734,.T.);
#1723 = FACE_BOUND('',#1724,.F.);
#1724 = EDGE_LOOP('',(#1725,#1726,#1732,#1733));
#1725 = ORIENTED_EDGE('',*,*,#1710,.T.);
#1726 = ORIENTED_EDGE('',*,*,#1727,.T.);
#1727 = EDGE_CURVE('',#1673,#1647,#1728,.T.);
#1728 = LINE('',#1729,#1730);
#1729 = CARTESIAN_POINT('',(-90.,-3.5,-33.));
#1730 = VECTOR('',#1731,1.);
#1731 = DIRECTION('',(1.,0.,0.));
#1732 = ORIENTED_EDGE('',*,*,#1696,.T.);
#1733 = ORIENTED_EDGE('',*,*,#756,.F.);
#1734 = PLANE('',#1735);
#1735 = AXIS2_PLACEMENT_3D('',#1736,#1737,#1738);
#1736 = CARTESIAN_POINT('',(-90.,-3.,-33.5));
#1737 = DIRECTION('',(0.,-0.707106781187,-0.707106781187));
#1738 = DIRECTION('',(-1.,-0.,-0.));
#1739 = ADVANCED_FACE('',(#1740),#1743,.T.);
#1740 = FACE_BOUND('',#1741,.T.);
#1741 = EDGE_LOOP('',(#1742));
#1742 = ORIENTED_EDGE('',*,*,#779,.T.);
#1743 = PLANE('',#1744);
#1744 = AXIS2_PLACEMENT_3D('',#1745,#1746,#1747);
#1745 = CARTESIAN_POINT('',(-1.08E-15,1.5,-4.440892098501E-16));
#1746 = DIRECTION('',(0.,1.,2.2E-16));
#1747 = DIRECTION('',(0.,-2.2E-16,1.));
#1748 = ADVANCED_FACE('',(#1749),#1752,.T.);
#1749 = FACE_BOUND('',#1750,.T.);
#1750 = EDGE_LOOP('',(#1751));
#1751 = ORIENTED_EDGE('',*,*,#804,.T.);
#1752 = PLANE('',#1753);
#1753 = AXIS2_PLACEMENT_3D('',#1754,#1755,#1756);
#1754 = CARTESIAN_POINT('',(-1.08E-15,1.5,-4.440892098501E-16));
#1755 = DIRECTION('',(0.,1.,2.2E-16));
#1756 = DIRECTION('',(0.,-2.2E-16,1.));
#1757 = ADVANCED_FACE('',(#1758),#1761,.T.);
#1758 = FACE_BOUND('',#1759,.T.);
#1759 = EDGE_LOOP('',(#1760));
#1760 = ORIENTED_EDGE('',*,*,#829,.T.);
#1761 = PLANE('',#1762);
#1762 = AXIS2_PLACEMENT_3D('',#1763,#1764,#1765);
#1763 = CARTESIAN_POINT('',(-1.08E-15,1.5,-4.440892098501E-16));
#1764 = DIRECTION('',(0.,1.,2.2E-16));
#1765 = DIRECTION('',(0.,-2.2E-16,1.));
#1766 = ADVANCED_FACE('',(#1767),#1770,.T.);
#1767 = FACE_BOUND('',#1768,.T.);
#1768 = EDGE_LOOP('',(#1769));
#1769 = ORIENTED_EDGE('',*,*,#854,.T.);
#1770 = PLANE('',#1771);
#1771 = AXIS2_PLACEMENT_3D('',#1772,#1773,#1774);
#1772 = CARTESIAN_POINT('',(-1.08E-15,1.5,-4.440892098501E-16));
#1773 = DIRECTION('',(0.,1.,2.2E-16));
#1774 = DIRECTION('',(0.,-2.2E-16,1.));
#1775 = ADVANCED_FACE('',(#1776),#1794,.F.);
#1776 = FACE_BOUND('',#1777,.F.);
#1777 = EDGE_LOOP('',(#1778,#1779,#1780,#1788));
#1778 = ORIENTED_EDGE('',*,*,#871,.F.);
#1779 = ORIENTED_EDGE('',*,*,#994,.F.);
#1780 = ORIENTED_EDGE('',*,*,#1781,.T.);
#1781 = EDGE_CURVE('',#985,#1782,#1784,.T.);
#1782 = VERTEX_POINT('',#1783);
#1783 = CARTESIAN_POINT('',(-58.8,7.5,-5.));
#1784 = LINE('',#1785,#1786);
#1785 = CARTESIAN_POINT('',(-58.8,3.5,-5.));
#1786 = VECTOR('',#1787,1.);
#1787 = DIRECTION('',(0.,1.,2.2E-16));
#1788 = ORIENTED_EDGE('',*,*,#1789,.T.);
#1789 = EDGE_CURVE('',#1782,#874,#1790,.T.);
#1790 = LINE('',#1791,#1792);
#1791 = CARTESIAN_POINT('',(-57.8,7.5,-5.));
#1792 = VECTOR('',#1793,1.);
#1793 = DIRECTION('',(-1.,-0.,0.));
#1794 = PLANE('',#1795);
#1795 = AXIS2_PLACEMENT_3D('',#1796,#1797,#1798);
#1796 = CARTESIAN_POINT('',(-57.8,3.5,-5.));
#1797 = DIRECTION('',(0.,-2.2E-16,1.));
#1798 = DIRECTION('',(-1.,0.,0.));
#1799 = ADVANCED_FACE('',(#1800),#1818,.F.);
#1800 = FACE_BOUND('',#1801,.T.);
#1801 = EDGE_LOOP('',(#1802,#1810,#1811,#1812));
#1802 = ORIENTED_EDGE('',*,*,#1803,.T.);
#1803 = EDGE_CURVE('',#1804,#1782,#1806,.T.);
#1804 = VERTEX_POINT('',#1805);
#1805 = CARTESIAN_POINT('',(-58.8,8.5,-4.));
#1806 = LINE('',#1807,#1808);
#1807 = CARTESIAN_POINT('',(-58.8,8.25,-4.25));
#1808 = VECTOR('',#1809,1.);
#1809 = DIRECTION('',(0.,-0.707106781187,-0.707106781187));
#1810 = ORIENTED_EDGE('',*,*,#1789,.T.);
#1811 = ORIENTED_EDGE('',*,*,#881,.T.);
#1812 = ORIENTED_EDGE('',*,*,#1813,.F.);
#1813 = EDGE_CURVE('',#1804,#882,#1814,.T.);
#1814 = LINE('',#1815,#1816);
#1815 = CARTESIAN_POINT('',(-57.8,8.5,-4.));
#1816 = VECTOR('',#1817,1.);
#1817 = DIRECTION('',(-1.,-0.,0.));
#1818 = PLANE('',#1819);
#1819 = AXIS2_PLACEMENT_3D('',#1820,#1821,#1822);
#1820 = CARTESIAN_POINT('',(-57.8,8.,-4.5));
#1821 = DIRECTION('',(0.,-0.707106781187,0.707106781187));
#1822 = DIRECTION('',(1.,-0.,-0.));
#1823 = ADVANCED_FACE('',(#1824),#1842,.T.);
#1824 = FACE_BOUND('',#1825,.T.);
#1825 = EDGE_LOOP('',(#1826,#1827,#1835,#1841));
#1826 = ORIENTED_EDGE('',*,*,#889,.T.);
#1827 = ORIENTED_EDGE('',*,*,#1828,.T.);
#1828 = EDGE_CURVE('',#890,#1829,#1831,.T.);
#1829 = VERTEX_POINT('',#1830);
#1830 = CARTESIAN_POINT('',(-58.8,8.5,4.));
#1831 = LINE('',#1832,#1833);
#1832 = CARTESIAN_POINT('',(-62.8,8.5,4.));
#1833 = VECTOR('',#1834,1.);
#1834 = DIRECTION('',(1.,0.,0.));
#1835 = ORIENTED_EDGE('',*,*,#1836,.T.);
#1836 = EDGE_CURVE('',#1829,#1804,#1837,.T.);
#1837 = LINE('',#1838,#1839);
#1838 = CARTESIAN_POINT('',(-58.8,8.5,5.));
#1839 = VECTOR('',#1840,1.);
#1840 = DIRECTION('',(0.,2.2E-16,-1.));
#1841 = ORIENTED_EDGE('',*,*,#1813,.T.);
#1842 = PLANE('',#1843);
#1843 = AXIS2_PLACEMENT_3D('',#1844,#1845,#1846);
#1844 = CARTESIAN_POINT('',(-2.22518E-12,8.5,13.150000000001));
#1845 = DIRECTION('',(0.,1.,2.2E-16));
#1846 = DIRECTION('',(0.,-2.2E-16,1.));
#1847 = ADVANCED_FACE('',(#1848),#1866,.F.);
#1848 = FACE_BOUND('',#1849,.T.);
#1849 = EDGE_LOOP('',(#1850,#1851,#1859,#1865));
#1850 = ORIENTED_EDGE('',*,*,#897,.F.);
#1851 = ORIENTED_EDGE('',*,*,#1852,.T.);
#1852 = EDGE_CURVE('',#898,#1853,#1855,.T.);
#1853 = VERTEX_POINT('',#1854);
#1854 = CARTESIAN_POINT('',(-58.8,7.5,5.));
#1855 = LINE('',#1856,#1857);
#1856 = CARTESIAN_POINT('',(-62.8,7.5,5.));
#1857 = VECTOR('',#1858,1.);
#1858 = DIRECTION('',(1.,0.,0.));
#1859 = ORIENTED_EDGE('',*,*,#1860,.F.);
#1860 = EDGE_CURVE('',#1829,#1853,#1861,.T.);
#1861 = LINE('',#1862,#1863);
#1862 = CARTESIAN_POINT('',(-58.8,8.25,4.25));
#1863 = VECTOR('',#1864,1.);
#1864 = DIRECTION('',(2.12E-15,-0.707106781187,0.707106781187));
#1865 = ORIENTED_EDGE('',*,*,#1828,.F.);
#1866 = PLANE('',#1867);
#1867 = AXIS2_PLACEMENT_3D('',#1868,#1869,#1870);
#1868 = CARTESIAN_POINT('',(-62.8,8.,4.5));
#1869 = DIRECTION('',(0.,-0.707106781187,-0.707106781187));
#1870 = DIRECTION('',(-1.,-0.,-0.));
#1871 = ADVANCED_FACE('',(#1872),#1883,.F.);
#1872 = FACE_BOUND('',#1873,.F.);
#1873 = EDGE_LOOP('',(#1874,#1875,#1876,#1882));
#1874 = ORIENTED_EDGE('',*,*,#905,.T.);
#1875 = ORIENTED_EDGE('',*,*,#1852,.T.);
#1876 = ORIENTED_EDGE('',*,*,#1877,.F.);
#1877 = EDGE_CURVE('',#939,#1853,#1878,.T.);
#1878 = LINE('',#1879,#1880);
#1879 = CARTESIAN_POINT('',(-58.8,3.5,5.));
#1880 = VECTOR('',#1881,1.);
#1881 = DIRECTION('',(0.,1.,2.2E-16));
#1882 = ORIENTED_EDGE('',*,*,#946,.F.);
#1883 = PLANE('',#1884);
#1884 = AXIS2_PLACEMENT_3D('',#1885,#1886,#1887);
#1885 = CARTESIAN_POINT('',(-62.8,3.5,5.));
#1886 = DIRECTION('',(0.,2.2E-16,-1.));
#1887 = DIRECTION('',(1.,0.,0.));
#1888 = ADVANCED_FACE('',(#1889),#1907,.T.);
#1889 = FACE_BOUND('',#1890,.F.);
#1890 = EDGE_LOOP('',(#1891,#1892,#1900,#1906));
#1891 = ORIENTED_EDGE('',*,*,#1877,.T.);
#1892 = ORIENTED_EDGE('',*,*,#1893,.F.);
#1893 = EDGE_CURVE('',#1894,#1853,#1896,.T.);
#1894 = VERTEX_POINT('',#1895);
#1895 = CARTESIAN_POINT('',(-57.8,7.5,4.));
#1896 = LINE('',#1897,#1898);
#1897 = CARTESIAN_POINT('',(-58.3,7.5,4.5));
#1898 = VECTOR('',#1899,1.);
#1899 = DIRECTION('',(-0.707106781187,-3.91E-15,0.707106781187));
#1900 = ORIENTED_EDGE('',*,*,#1901,.F.);
#1901 = EDGE_CURVE('',#961,#1894,#1902,.T.);
#1902 = LINE('',#1903,#1904);
#1903 = CARTESIAN_POINT('',(-57.8,3.5,4.));
#1904 = VECTOR('',#1905,1.);
#1905 = DIRECTION('',(0.,1.,2.2E-16));
#1906 = ORIENTED_EDGE('',*,*,#970,.T.);
#1907 = PLANE('',#1908);
#1908 = AXIS2_PLACEMENT_3D('',#1909,#1910,#1911);
#1909 = CARTESIAN_POINT('',(-58.3,3.5,4.5));
#1910 = DIRECTION('',(0.707106781187,-1.6E-16,0.707106781187));
#1911 = DIRECTION('',(-3.137084989848E-18,-1.,-2.231370849898E-16));
#1912 = ADVANCED_FACE('',(#1913),#1931,.F.);
#1913 = FACE_BOUND('',#1914,.F.);
#1914 = EDGE_LOOP('',(#1915,#1916,#1924,#1930));
#1915 = ORIENTED_EDGE('',*,*,#1901,.T.);
#1916 = ORIENTED_EDGE('',*,*,#1917,.T.);
#1917 = EDGE_CURVE('',#1894,#1918,#1920,.T.);
#1918 = VERTEX_POINT('',#1919);
#1919 = CARTESIAN_POINT('',(-57.8,7.5,-4.));
#1920 = LINE('',#1921,#1922);
#1921 = CARTESIAN_POINT('',(-57.8,7.5,5.));
#1922 = VECTOR('',#1923,1.);
#1923 = DIRECTION('',(0.,2.2E-16,-1.));
#1924 = ORIENTED_EDGE('',*,*,#1925,.F.);
#1925 = EDGE_CURVE('',#1011,#1918,#1926,.T.);
#1926 = LINE('',#1927,#1928);
#1927 = CARTESIAN_POINT('',(-57.8,3.5,-4.));
#1928 = VECTOR('',#1929,1.);
#1929 = DIRECTION('',(0.,1.,2.2E-16));
#1930 = ORIENTED_EDGE('',*,*,#1018,.F.);
#1931 = PLANE('',#1932);
#1932 = AXIS2_PLACEMENT_3D('',#1933,#1934,#1935);
#1933 = CARTESIAN_POINT('',(-57.8,3.5,5.));
#1934 = DIRECTION('',(-1.,0.,0.));
#1935 = DIRECTION('',(0.,2.2E-16,-1.));
#1936 = ADVANCED_FACE('',(#1937),#1948,.T.);
#1937 = FACE_BOUND('',#1938,.F.);
#1938 = EDGE_LOOP('',(#1939,#1940,#1946,#1947));
#1939 = ORIENTED_EDGE('',*,*,#1925,.T.);
#1940 = ORIENTED_EDGE('',*,*,#1941,.T.);
#1941 = EDGE_CURVE('',#1918,#1782,#1942,.T.);
#1942 = LINE('',#1943,#1944);
#1943 = CARTESIAN_POINT('',(-58.3,7.5,-4.5));
#1944 = VECTOR('',#1945,1.);
#1945 = DIRECTION('',(-0.707106781187,-4.84E-15,-0.707106781187));
#1946 = ORIENTED_EDGE('',*,*,#1781,.F.);
#1947 = ORIENTED_EDGE('',*,*,#1035,.F.);
#1948 = PLANE('',#1949);
#1949 = AXIS2_PLACEMENT_3D('',#1950,#1951,#1952);
#1950 = CARTESIAN_POINT('',(-58.3,3.5,-4.5));
#1951 = DIRECTION('',(0.707106781187,1.6E-16,-0.707106781187));
#1952 = DIRECTION('',(3.137084989848E-18,-1.,-2.231370849898E-16));
#1953 = ADVANCED_FACE('',(#1954),#1972,.F.);
#1954 = FACE_BOUND('',#1955,.F.);
#1955 = EDGE_LOOP('',(#1956,#1957,#1958,#1966));
#1956 = ORIENTED_EDGE('',*,*,#1049,.F.);
#1957 = ORIENTED_EDGE('',*,*,#1172,.F.);
#1958 = ORIENTED_EDGE('',*,*,#1959,.T.);
#1959 = EDGE_CURVE('',#1163,#1960,#1962,.T.);
#1960 = VERTEX_POINT('',#1961);
#1961 = CARTESIAN_POINT('',(58.8,7.5,5.));
#1962 = LINE('',#1963,#1964);
#1963 = CARTESIAN_POINT('',(58.8,3.5,5.));
#1964 = VECTOR('',#1965,1.);
#1965 = DIRECTION('',(0.,1.,2.2E-16));
#1966 = ORIENTED_EDGE('',*,*,#1967,.T.);
#1967 = EDGE_CURVE('',#1960,#1052,#1968,.T.);
#1968 = LINE('',#1969,#1970);
#1969 = CARTESIAN_POINT('',(57.8,7.5,5.));
#1970 = VECTOR('',#1971,1.);
#1971 = DIRECTION('',(1.,0.,0.));
#1972 = PLANE('',#1973);
#1973 = AXIS2_PLACEMENT_3D('',#1974,#1975,#1976);
#1974 = CARTESIAN_POINT('',(57.8,3.5,5.));
#1975 = DIRECTION('',(0.,2.2E-16,-1.));
#1976 = DIRECTION('',(1.,0.,0.));
#1977 = ADVANCED_FACE('',(#1978),#1996,.F.);
#1978 = FACE_BOUND('',#1979,.T.);
#1979 = EDGE_LOOP('',(#1980,#1988,#1989,#1990));
#1980 = ORIENTED_EDGE('',*,*,#1981,.T.);
#1981 = EDGE_CURVE('',#1982,#1960,#1984,.T.);
#1982 = VERTEX_POINT('',#1983);
#1983 = CARTESIAN_POINT('',(58.8,8.5,4.));
#1984 = LINE('',#1985,#1986);
#1985 = CARTESIAN_POINT('',(58.8,8.25,4.25));
#1986 = VECTOR('',#1987,1.);
#1987 = DIRECTION('',(5.8E-16,-0.707106781187,0.707106781187));
#1988 = ORIENTED_EDGE('',*,*,#1967,.T.);
#1989 = ORIENTED_EDGE('',*,*,#1059,.T.);
#1990 = ORIENTED_EDGE('',*,*,#1991,.F.);
#1991 = EDGE_CURVE('',#1982,#1060,#1992,.T.);
#1992 = LINE('',#1993,#1994);
#1993 = CARTESIAN_POINT('',(57.8,8.5,4.));
#1994 = VECTOR('',#1995,1.);
#1995 = DIRECTION('',(1.,0.,0.));
#1996 = PLANE('',#1997);
#1997 = AXIS2_PLACEMENT_3D('',#1998,#1999,#2000);
#1998 = CARTESIAN_POINT('',(57.8,8.,4.5));
#1999 = DIRECTION('',(0.,-0.707106781187,-0.707106781187));
#2000 = DIRECTION('',(-1.,-0.,-0.));
#2001 = ADVANCED_FACE('',(#2002),#2020,.T.);
#2002 = FACE_BOUND('',#2003,.T.);
#2003 = EDGE_LOOP('',(#2004,#2005,#2013,#2019));
#2004 = ORIENTED_EDGE('',*,*,#1067,.T.);
#2005 = ORIENTED_EDGE('',*,*,#2006,.T.);
#2006 = EDGE_CURVE('',#1068,#2007,#2009,.T.);
#2007 = VERTEX_POINT('',#2008);
#2008 = CARTESIAN_POINT('',(58.8,8.5,-4.));
#2009 = LINE('',#2010,#2011);
#2010 = CARTESIAN_POINT('',(62.8,8.5,-4.));
#2011 = VECTOR('',#2012,1.);
#2012 = DIRECTION('',(-1.,-0.,0.));
#2013 = ORIENTED_EDGE('',*,*,#2014,.T.);
#2014 = EDGE_CURVE('',#2007,#1982,#2015,.T.);
#2015 = LINE('',#2016,#2017);
#2016 = CARTESIAN_POINT('',(58.8,8.5,-5.));
#2017 = VECTOR('',#2018,1.);
#2018 = DIRECTION('',(0.,-2.2E-16,1.));
#2019 = ORIENTED_EDGE('',*,*,#1991,.T.);
#2020 = PLANE('',#2021);
#2021 = AXIS2_PLACEMENT_3D('',#2022,#2023,#2024);
#2022 = CARTESIAN_POINT('',(-2.22518E-12,8.5,13.150000000001));
#2023 = DIRECTION('',(0.,1.,2.2E-16));
#2024 = DIRECTION('',(0.,-2.2E-16,1.));
#2025 = ADVANCED_FACE('',(#2026),#2044,.F.);
#2026 = FACE_BOUND('',#2027,.T.);
#2027 = EDGE_LOOP('',(#2028,#2029,#2037,#2043));
#2028 = ORIENTED_EDGE('',*,*,#1075,.F.);
#2029 = ORIENTED_EDGE('',*,*,#2030,.T.);
#2030 = EDGE_CURVE('',#1076,#2031,#2033,.T.);
#2031 = VERTEX_POINT('',#2032);
#2032 = CARTESIAN_POINT('',(58.8,7.5,-5.));
#2033 = LINE('',#2034,#2035);
#2034 = CARTESIAN_POINT('',(62.8,7.5,-5.));
#2035 = VECTOR('',#2036,1.);
#2036 = DIRECTION('',(-1.,-0.,0.));
#2037 = ORIENTED_EDGE('',*,*,#2038,.F.);
#2038 = EDGE_CURVE('',#2007,#2031,#2039,.T.);
#2039 = LINE('',#2040,#2041);
#2040 = CARTESIAN_POINT('',(58.8,8.25,-4.25));
#2041 = VECTOR('',#2042,1.);
#2042 = DIRECTION('',(6.7E-16,-0.707106781187,-0.707106781187));
#2043 = ORIENTED_EDGE('',*,*,#2006,.F.);
#2044 = PLANE('',#2045);
#2045 = AXIS2_PLACEMENT_3D('',#2046,#2047,#2048);
#2046 = CARTESIAN_POINT('',(62.8,8.,-4.5));
#2047 = DIRECTION('',(0.,-0.707106781187,0.707106781187));
#2048 = DIRECTION('',(1.,-0.,-0.));
#2049 = ADVANCED_FACE('',(#2050),#2061,.F.);
#2050 = FACE_BOUND('',#2051,.F.);
#2051 = EDGE_LOOP('',(#2052,#2053,#2054,#2060));
#2052 = ORIENTED_EDGE('',*,*,#1083,.T.);
#2053 = ORIENTED_EDGE('',*,*,#2030,.T.);
#2054 = ORIENTED_EDGE('',*,*,#2055,.F.);
#2055 = EDGE_CURVE('',#1117,#2031,#2056,.T.);
#2056 = LINE('',#2057,#2058);
#2057 = CARTESIAN_POINT('',(58.8,3.5,-5.));
#2058 = VECTOR('',#2059,1.);
#2059 = DIRECTION('',(0.,1.,2.2E-16));
#2060 = ORIENTED_EDGE('',*,*,#1124,.F.);
#2061 = PLANE('',#2062);
#2062 = AXIS2_PLACEMENT_3D('',#2063,#2064,#2065);
#2063 = CARTESIAN_POINT('',(62.8,3.5,-5.));
#2064 = DIRECTION('',(0.,-2.2E-16,1.));
#2065 = DIRECTION('',(-1.,0.,0.));
#2066 = ADVANCED_FACE('',(#2067),#2085,.T.);
#2067 = FACE_BOUND('',#2068,.T.);
#2068 = EDGE_LOOP('',(#2069,#2077,#2083,#2084));
#2069 = ORIENTED_EDGE('',*,*,#2070,.T.);
#2070 = EDGE_CURVE('',#1139,#2071,#2073,.T.);
#2071 = VERTEX_POINT('',#2072);
#2072 = CARTESIAN_POINT('',(57.8,7.5,-4.));
#2073 = LINE('',#2074,#2075);
#2074 = CARTESIAN_POINT('',(57.8,3.5,-4.));
#2075 = VECTOR('',#2076,1.);
#2076 = DIRECTION('',(0.,1.,2.2E-16));
#2077 = ORIENTED_EDGE('',*,*,#2078,.T.);
#2078 = EDGE_CURVE('',#2071,#2031,#2079,.T.);
#2079 = LINE('',#2080,#2081);
#2080 = CARTESIAN_POINT('',(58.3,7.5,-4.5));
#2081 = VECTOR('',#2082,1.);
#2082 = DIRECTION('',(0.707106781187,1.41E-15,-0.707106781187));
#2083 = ORIENTED_EDGE('',*,*,#2055,.F.);
#2084 = ORIENTED_EDGE('',*,*,#1148,.F.);
#2085 = PLANE('',#2086);
#2086 = AXIS2_PLACEMENT_3D('',#2087,#2088,#2089);
#2087 = CARTESIAN_POINT('',(58.3,3.5,-4.5));
#2088 = DIRECTION('',(-0.707106781187,1.6E-16,-0.707106781187));
#2089 = DIRECTION('',(3.137084989848E-18,1.,2.231370849898E-16));
#2090 = ADVANCED_FACE('',(#2091),#2109,.F.);
#2091 = FACE_BOUND('',#2092,.F.);
#2092 = EDGE_LOOP('',(#2093,#2094,#2102,#2108));
#2093 = ORIENTED_EDGE('',*,*,#2070,.T.);
#2094 = ORIENTED_EDGE('',*,*,#2095,.T.);
#2095 = EDGE_CURVE('',#2071,#2096,#2098,.T.);
#2096 = VERTEX_POINT('',#2097);
#2097 = CARTESIAN_POINT('',(57.8,7.5,4.));
#2098 = LINE('',#2099,#2100);
#2099 = CARTESIAN_POINT('',(57.8,7.5,-5.));
#2100 = VECTOR('',#2101,1.);
#2101 = DIRECTION('',(0.,-2.2E-16,1.));
#2102 = ORIENTED_EDGE('',*,*,#2103,.F.);
#2103 = EDGE_CURVE('',#1189,#2096,#2104,.T.);
#2104 = LINE('',#2105,#2106);
#2105 = CARTESIAN_POINT('',(57.8,3.5,4.));
#2106 = VECTOR('',#2107,1.);
#2107 = DIRECTION('',(0.,1.,2.2E-16));
#2108 = ORIENTED_EDGE('',*,*,#1196,.F.);
#2109 = PLANE('',#2110);
#2110 = AXIS2_PLACEMENT_3D('',#2111,#2112,#2113);
#2111 = CARTESIAN_POINT('',(57.8,3.5,-5.));
#2112 = DIRECTION('',(1.,0.,0.));
#2113 = DIRECTION('',(0.,-2.2E-16,1.));
#2114 = ADVANCED_FACE('',(#2115),#2126,.T.);
#2115 = FACE_BOUND('',#2116,.F.);
#2116 = EDGE_LOOP('',(#2117,#2118,#2124,#2125));
#2117 = ORIENTED_EDGE('',*,*,#2103,.T.);
#2118 = ORIENTED_EDGE('',*,*,#2119,.T.);
#2119 = EDGE_CURVE('',#2096,#1960,#2120,.T.);
#2120 = LINE('',#2121,#2122);
#2121 = CARTESIAN_POINT('',(58.3,7.5,4.5));
#2122 = VECTOR('',#2123,1.);
#2123 = DIRECTION('',(0.707106781187,3.4E-15,0.707106781187));
#2124 = ORIENTED_EDGE('',*,*,#1959,.F.);
#2125 = ORIENTED_EDGE('',*,*,#1213,.F.);
#2126 = PLANE('',#2127);
#2127 = AXIS2_PLACEMENT_3D('',#2128,#2129,#2130);
#2128 = CARTESIAN_POINT('',(58.3,3.5,4.5));
#2129 = DIRECTION('',(-0.707106781187,-1.6E-16,0.707106781187));
#2130 = DIRECTION('',(3.137084989848E-18,-1.,-2.231370849898E-16));
#2131 = ADVANCED_FACE('',(#2132),#2150,.F.);
#2132 = FACE_BOUND('',#2133,.F.);
#2133 = EDGE_LOOP('',(#2134,#2135,#2136,#2144));
#2134 = ORIENTED_EDGE('',*,*,#1227,.F.);
#2135 = ORIENTED_EDGE('',*,*,#1350,.F.);
#2136 = ORIENTED_EDGE('',*,*,#2137,.T.);
#2137 = EDGE_CURVE('',#1341,#2138,#2140,.T.);
#2138 = VERTEX_POINT('',#2139);
#2139 = CARTESIAN_POINT('',(-39.,7.5,24.8));
#2140 = LINE('',#2141,#2142);
#2141 = CARTESIAN_POINT('',(-39.,3.5,24.8));
#2142 = VECTOR('',#2143,1.);
#2143 = DIRECTION('',(0.,1.,2.2E-16));
#2144 = ORIENTED_EDGE('',*,*,#2145,.T.);
#2145 = EDGE_CURVE('',#2138,#1230,#2146,.T.);
#2146 = LINE('',#2147,#2148);
#2147 = CARTESIAN_POINT('',(-39.,7.5,23.8));
#2148 = VECTOR('',#2149,1.);
#2149 = DIRECTION('',(0.,-2.2E-16,1.));
#2150 = PLANE('',#2151);
#2151 = AXIS2_PLACEMENT_3D('',#2152,#2153,#2154);
#2152 = CARTESIAN_POINT('',(-39.,3.5,23.8));
#2153 = DIRECTION('',(1.,0.,0.));
#2154 = DIRECTION('',(0.,-2.2E-16,1.));
#2155 = ADVANCED_FACE('',(#2156),#2174,.F.);
#2156 = FACE_BOUND('',#2157,.T.);
#2157 = EDGE_LOOP('',(#2158,#2166,#2167,#2168));
#2158 = ORIENTED_EDGE('',*,*,#2159,.T.);
#2159 = EDGE_CURVE('',#2160,#2138,#2162,.T.);
#2160 = VERTEX_POINT('',#2161);
#2161 = CARTESIAN_POINT('',(-38.,8.5,24.8));
#2162 = LINE('',#2163,#2164);
#2163 = CARTESIAN_POINT('',(-38.25,8.25,24.8));
#2164 = VECTOR('',#2165,1.);
#2165 = DIRECTION('',(-0.707106781187,-0.707106781187,-5.93E-15));
#2166 = ORIENTED_EDGE('',*,*,#2145,.T.);
#2167 = ORIENTED_EDGE('',*,*,#1237,.T.);
#2168 = ORIENTED_EDGE('',*,*,#2169,.F.);
#2169 = EDGE_CURVE('',#2160,#1238,#2170,.T.);
#2170 = LINE('',#2171,#2172);
#2171 = CARTESIAN_POINT('',(-38.,8.5,23.8));
#2172 = VECTOR('',#2173,1.);
#2173 = DIRECTION('',(0.,-2.2E-16,1.));
#2174 = PLANE('',#2175);
#2175 = AXIS2_PLACEMENT_3D('',#2176,#2177,#2178);
#2176 = CARTESIAN_POINT('',(-38.5,8.,23.8));
#2177 = DIRECTION('',(0.707106781187,-0.707106781187,-3.E-17));
#2178 = DIRECTION('',(8.87867965644E-17,1.312132034356E-16,-1.));
#2179 = ADVANCED_FACE('',(#2180),#2198,.T.);
#2180 = FACE_BOUND('',#2181,.T.);
#2181 = EDGE_LOOP('',(#2182,#2183,#2191,#2197));
#2182 = ORIENTED_EDGE('',*,*,#1245,.T.);
#2183 = ORIENTED_EDGE('',*,*,#2184,.T.);
#2184 = EDGE_CURVE('',#1246,#2185,#2187,.T.);
#2185 = VERTEX_POINT('',#2186);
#2186 = CARTESIAN_POINT('',(-29.99999999999,8.5,24.8));
#2187 = LINE('',#2188,#2189);
#2188 = CARTESIAN_POINT('',(-29.99999999999,8.5,28.800000000002));
#2189 = VECTOR('',#2190,1.);
#2190 = DIRECTION('',(0.,2.2E-16,-1.));
#2191 = ORIENTED_EDGE('',*,*,#2192,.T.);
#2192 = EDGE_CURVE('',#2185,#2160,#2193,.T.);
#2193 = LINE('',#2194,#2195);
#2194 = CARTESIAN_POINT('',(-28.99999999999,8.5,24.8));
#2195 = VECTOR('',#2196,1.);
#2196 = DIRECTION('',(-1.,-0.,0.));
#2197 = ORIENTED_EDGE('',*,*,#2169,.T.);
#2198 = PLANE('',#2199);
#2199 = AXIS2_PLACEMENT_3D('',#2200,#2201,#2202);
#2200 = CARTESIAN_POINT('',(-2.22518E-12,8.5,13.150000000001));
#2201 = DIRECTION('',(0.,1.,2.2E-16));
#2202 = DIRECTION('',(0.,-2.2E-16,1.));
#2203 = ADVANCED_FACE('',(#2204),#2222,.F.);
#2204 = FACE_BOUND('',#2205,.T.);
#2205 = EDGE_LOOP('',(#2206,#2207,#2215,#2221));
#2206 = ORIENTED_EDGE('',*,*,#1253,.F.);
#2207 = ORIENTED_EDGE('',*,*,#2208,.T.);
#2208 = EDGE_CURVE('',#1254,#2209,#2211,.T.);
#2209 = VERTEX_POINT('',#2210);
#2210 = CARTESIAN_POINT('',(-28.99999999999,7.5,24.8));
#2211 = LINE('',#2212,#2213);
#2212 = CARTESIAN_POINT('',(-28.99999999999,7.5,28.800000000002));
#2213 = VECTOR('',#2214,1.);
#2214 = DIRECTION('',(0.,2.2E-16,-1.));
#2215 = ORIENTED_EDGE('',*,*,#2216,.F.);
#2216 = EDGE_CURVE('',#2185,#2209,#2217,.T.);
#2217 = LINE('',#2218,#2219);
#2218 = CARTESIAN_POINT('',(-29.74999999999,8.25,24.8));
#2219 = VECTOR('',#2220,1.);
#2220 = DIRECTION('',(0.707106781187,-0.707106781187,-2.08E-15));
#2221 = ORIENTED_EDGE('',*,*,#2184,.F.);
#2222 = PLANE('',#2223);
#2223 = AXIS2_PLACEMENT_3D('',#2224,#2225,#2226);
#2224 = CARTESIAN_POINT('',(-29.49999999999,8.,28.800000000002));
#2225 = DIRECTION('',(-0.707106781187,-0.707106781187,-2.E-17));
#2226 = DIRECTION('',(9.585786437627E-17,-1.241421356237E-16,1.));
#2227 = ADVANCED_FACE('',(#2228),#2239,.F.);
#2228 = FACE_BOUND('',#2229,.F.);
#2229 = EDGE_LOOP('',(#2230,#2231,#2232,#2238));
#2230 = ORIENTED_EDGE('',*,*,#1261,.T.);
#2231 = ORIENTED_EDGE('',*,*,#2208,.T.);
#2232 = ORIENTED_EDGE('',*,*,#2233,.F.);
#2233 = EDGE_CURVE('',#1295,#2209,#2234,.T.);
#2234 = LINE('',#2235,#2236);
#2235 = CARTESIAN_POINT('',(-28.99999999999,3.5,24.8));
#2236 = VECTOR('',#2237,1.);
#2237 = DIRECTION('',(0.,1.,2.2E-16));
#2238 = ORIENTED_EDGE('',*,*,#1302,.F.);
#2239 = PLANE('',#2240);
#2240 = AXIS2_PLACEMENT_3D('',#2241,#2242,#2243);
#2241 = CARTESIAN_POINT('',(-28.99999999999,3.5,28.800000000002));
#2242 = DIRECTION('',(-1.,0.,0.));
#2243 = DIRECTION('',(0.,2.2E-16,-1.));
#2244 = ADVANCED_FACE('',(#2245),#2263,.T.);
#2245 = FACE_BOUND('',#2246,.F.);
#2246 = EDGE_LOOP('',(#2247,#2248,#2256,#2262));
#2247 = ORIENTED_EDGE('',*,*,#2233,.T.);
#2248 = ORIENTED_EDGE('',*,*,#2249,.F.);
#2249 = EDGE_CURVE('',#2250,#2209,#2252,.T.);
#2250 = VERTEX_POINT('',#2251);
#2251 = CARTESIAN_POINT('',(-29.99999999999,7.5,23.8));
#2252 = LINE('',#2253,#2254);
#2253 = CARTESIAN_POINT('',(-29.49999999999,7.5,24.3));
#2254 = VECTOR('',#2255,1.);
#2255 = DIRECTION('',(0.707106781187,1.09E-15,0.707106781187));
#2256 = ORIENTED_EDGE('',*,*,#2257,.F.);
#2257 = EDGE_CURVE('',#1317,#2250,#2258,.T.);
#2258 = LINE('',#2259,#2260);
#2259 = CARTESIAN_POINT('',(-29.99999999999,3.5,23.8));
#2260 = VECTOR('',#2261,1.);
#2261 = DIRECTION('',(0.,1.,2.2E-16));
#2262 = ORIENTED_EDGE('',*,*,#1326,.T.);
#2263 = PLANE('',#2264);
#2264 = AXIS2_PLACEMENT_3D('',#2265,#2266,#2267);
#2265 = CARTESIAN_POINT('',(-29.49999999999,3.5,24.3));
#2266 = DIRECTION('',(0.707106781187,1.6E-16,-0.707106781187));
#2267 = DIRECTION('',(3.137084989848E-18,-1.,-2.231370849898E-16));
#2268 = ADVANCED_FACE('',(#2269),#2287,.F.);
#2269 = FACE_BOUND('',#2270,.F.);
#2270 = EDGE_LOOP('',(#2271,#2272,#2280,#2286));
#2271 = ORIENTED_EDGE('',*,*,#2257,.T.);
#2272 = ORIENTED_EDGE('',*,*,#2273,.T.);
#2273 = EDGE_CURVE('',#2250,#2274,#2276,.T.);
#2274 = VERTEX_POINT('',#2275);
#2275 = CARTESIAN_POINT('',(-38.,7.5,23.8));
#2276 = LINE('',#2277,#2278);
#2277 = CARTESIAN_POINT('',(-28.99999999999,7.5,23.8));
#2278 = VECTOR('',#2279,1.);
#2279 = DIRECTION('',(-1.,-0.,0.));
#2280 = ORIENTED_EDGE('',*,*,#2281,.F.);
#2281 = EDGE_CURVE('',#1367,#2274,#2282,.T.);
#2282 = LINE('',#2283,#2284);
#2283 = CARTESIAN_POINT('',(-38.,3.5,23.8));
#2284 = VECTOR('',#2285,1.);
#2285 = DIRECTION('',(0.,1.,2.2E-16));
#2286 = ORIENTED_EDGE('',*,*,#1374,.F.);
#2287 = PLANE('',#2288);
#2288 = AXIS2_PLACEMENT_3D('',#2289,#2290,#2291);
#2289 = CARTESIAN_POINT('',(-28.99999999999,3.5,23.8));
#2290 = DIRECTION('',(0.,-2.2E-16,1.));
#2291 = DIRECTION('',(-1.,0.,0.));
#2292 = ADVANCED_FACE('',(#2293),#2304,.T.);
#2293 = FACE_BOUND('',#2294,.T.);
#2294 = EDGE_LOOP('',(#2295,#2296,#2302,#2303));
#2295 = ORIENTED_EDGE('',*,*,#2137,.T.);
#2296 = ORIENTED_EDGE('',*,*,#2297,.F.);
#2297 = EDGE_CURVE('',#2274,#2138,#2298,.T.);
#2298 = LINE('',#2299,#2300);
#2299 = CARTESIAN_POINT('',(-38.5,7.5,24.3));
#2300 = VECTOR('',#2301,1.);
#2301 = DIRECTION('',(-0.707106781187,3.69E-15,0.707106781187));
#2302 = ORIENTED_EDGE('',*,*,#2281,.F.);
#2303 = ORIENTED_EDGE('',*,*,#1391,.T.);
#2304 = PLANE('',#2305);
#2305 = AXIS2_PLACEMENT_3D('',#2306,#2307,#2308);
#2306 = CARTESIAN_POINT('',(-38.5,3.5,24.3));
#2307 = DIRECTION('',(-0.707106781187,1.6E-16,-0.707106781187));
#2308 = DIRECTION('',(3.137084989848E-18,1.,2.231370849898E-16));
#2309 = ADVANCED_FACE('',(#2310),#2320,.F.);
#2310 = FACE_BOUND('',#2311,.F.);
#2311 = EDGE_LOOP('',(#2312,#2318,#2319));
#2312 = ORIENTED_EDGE('',*,*,#2313,.F.);
#2313 = EDGE_CURVE('',#1430,#1544,#2314,.T.);
#2314 = LINE('',#2315,#2316);
#2315 = CARTESIAN_POINT('',(30.,8.25,24.550000000001));
#2316 = VECTOR('',#2317,1.);
#2317 = DIRECTION('',(1.92E-15,-0.707106781187,-0.707106781187));
#2318 = ORIENTED_EDGE('',*,*,#1429,.T.);
#2319 = ORIENTED_EDGE('',*,*,#1567,.F.);
#2320 = PLANE('',#2321);
#2321 = AXIS2_PLACEMENT_3D('',#2322,#2323,#2324);
#2322 = CARTESIAN_POINT('',(30.,8.5,24.800000000001));
#2323 = DIRECTION('',(0.57735026919,-0.57735026919,0.57735026919));
#2324 = DIRECTION('',(-0.707106781187,1.08246744901E-15,0.707106781187)
  );
#2325 = ADVANCED_FACE('',(#2326),#2337,.F.);
#2326 = FACE_BOUND('',#2327,.T.);
#2327 = EDGE_LOOP('',(#2328,#2334,#2335,#2336));
#2328 = ORIENTED_EDGE('',*,*,#2329,.T.);
#2329 = EDGE_CURVE('',#1455,#1519,#2330,.T.);
#2330 = LINE('',#2331,#2332);
#2331 = CARTESIAN_POINT('',(38.,8.25,24.550000000001));
#2332 = VECTOR('',#2333,1.);
#2333 = DIRECTION('',(6.7E-16,-0.707106781187,-0.707106781187));
#2334 = ORIENTED_EDGE('',*,*,#1543,.T.);
#2335 = ORIENTED_EDGE('',*,*,#2313,.F.);
#2336 = ORIENTED_EDGE('',*,*,#1462,.F.);
#2337 = PLANE('',#2338);
#2338 = AXIS2_PLACEMENT_3D('',#2339,#2340,#2341);
#2339 = CARTESIAN_POINT('',(39.,8.,24.300000000001));
#2340 = DIRECTION('',(0.,-0.707106781187,0.707106781187));
#2341 = DIRECTION('',(1.,-0.,-0.));
#2342 = ADVANCED_FACE('',(#2343),#2348,.T.);
#2343 = FACE_BOUND('',#2344,.T.);
#2344 = EDGE_LOOP('',(#2345,#2346,#2347));
#2345 = ORIENTED_EDGE('',*,*,#2329,.F.);
#2346 = ORIENTED_EDGE('',*,*,#1486,.T.);
#2347 = ORIENTED_EDGE('',*,*,#1526,.F.);
#2348 = PLANE('',#2349);
#2349 = AXIS2_PLACEMENT_3D('',#2350,#2351,#2352);
#2350 = CARTESIAN_POINT('',(38.,8.5,24.800000000001));
#2351 = DIRECTION('',(0.57735026919,0.57735026919,-0.57735026919));
#2352 = DIRECTION('',(0.707106781187,1.110223024625E-15,0.707106781187)
  );
#2353 = ADVANCED_FACE('',(#2354),#2360,.F.);
#2354 = FACE_BOUND('',#2355,.F.);
#2355 = EDGE_LOOP('',(#2356,#2357,#2358,#2359));
#2356 = ORIENTED_EDGE('',*,*,#1592,.F.);
#2357 = ORIENTED_EDGE('',*,*,#1656,.F.);
#2358 = ORIENTED_EDGE('',*,*,#1727,.F.);
#2359 = ORIENTED_EDGE('',*,*,#1680,.F.);
#2360 = PLANE('',#2361);
#2361 = AXIS2_PLACEMENT_3D('',#2362,#2363,#2364);
#2362 = CARTESIAN_POINT('',(0.,-3.5,0.));
#2363 = DIRECTION('',(0.,1.,2.2E-16));
#2364 = DIRECTION('',(0.,-2.2E-16,1.));
#2365 = ADVANCED_FACE('',(#2366),#2376,.F.);
#2366 = FACE_BOUND('',#2367,.F.);
#2367 = EDGE_LOOP('',(#2368,#2374,#2375));
#2368 = ORIENTED_EDGE('',*,*,#2369,.F.);
#2369 = EDGE_CURVE('',#1804,#1918,#2370,.T.);
#2370 = LINE('',#2371,#2372);
#2371 = CARTESIAN_POINT('',(-58.55,8.25,-4.));
#2372 = VECTOR('',#2373,1.);
#2373 = DIRECTION('',(0.707106781187,-0.707106781187,-5.16E-15));
#2374 = ORIENTED_EDGE('',*,*,#1803,.T.);
#2375 = ORIENTED_EDGE('',*,*,#1941,.F.);
#2376 = PLANE('',#2377);
#2377 = AXIS2_PLACEMENT_3D('',#2378,#2379,#2380);
#2378 = CARTESIAN_POINT('',(-58.8,8.5,-4.));
#2379 = DIRECTION('',(-0.57735026919,-0.57735026919,0.57735026919));
#2380 = DIRECTION('',(-0.707106781187,-1.137978600241E-15,
    -0.707106781187));
#2381 = ADVANCED_FACE('',(#2382),#2393,.F.);
#2382 = FACE_BOUND('',#2383,.T.);
#2383 = EDGE_LOOP('',(#2384,#2390,#2391,#2392));
#2384 = ORIENTED_EDGE('',*,*,#2385,.T.);
#2385 = EDGE_CURVE('',#1829,#1894,#2386,.T.);
#2386 = LINE('',#2387,#2388);
#2387 = CARTESIAN_POINT('',(-58.55,8.25,4.));
#2388 = VECTOR('',#2389,1.);
#2389 = DIRECTION('',(0.707106781187,-0.707106781187,5.71E-15));
#2390 = ORIENTED_EDGE('',*,*,#1917,.T.);
#2391 = ORIENTED_EDGE('',*,*,#2369,.F.);
#2392 = ORIENTED_EDGE('',*,*,#1836,.F.);
#2393 = PLANE('',#2394);
#2394 = AXIS2_PLACEMENT_3D('',#2395,#2396,#2397);
#2395 = CARTESIAN_POINT('',(-58.3,8.,5.));
#2396 = DIRECTION('',(-0.707106781187,-0.707106781187,-2.E-17));
#2397 = DIRECTION('',(9.585786437627E-17,-1.241421356237E-16,1.));
#2398 = ADVANCED_FACE('',(#2399),#2404,.T.);
#2399 = FACE_BOUND('',#2400,.T.);
#2400 = EDGE_LOOP('',(#2401,#2402,#2403));
#2401 = ORIENTED_EDGE('',*,*,#2385,.F.);
#2402 = ORIENTED_EDGE('',*,*,#1860,.T.);
#2403 = ORIENTED_EDGE('',*,*,#1893,.F.);
#2404 = PLANE('',#2405);
#2405 = AXIS2_PLACEMENT_3D('',#2406,#2407,#2408);
#2406 = CARTESIAN_POINT('',(-58.8,8.5,4.));
#2407 = DIRECTION('',(0.57735026919,0.57735026919,0.57735026919));
#2408 = DIRECTION('',(-0.707106781187,4.718447854657E-16,0.707106781187)
  );
#2409 = ADVANCED_FACE('',(#2410),#2420,.F.);
#2410 = FACE_BOUND('',#2411,.F.);
#2411 = EDGE_LOOP('',(#2412,#2418,#2419));
#2412 = ORIENTED_EDGE('',*,*,#2413,.F.);
#2413 = EDGE_CURVE('',#1982,#2096,#2414,.T.);
#2414 = LINE('',#2415,#2416);
#2415 = CARTESIAN_POINT('',(58.55,8.25,4.));
#2416 = VECTOR('',#2417,1.);
#2417 = DIRECTION('',(-0.707106781187,-0.707106781187,-4.29E-15));
#2418 = ORIENTED_EDGE('',*,*,#1981,.T.);
#2419 = ORIENTED_EDGE('',*,*,#2119,.F.);
#2420 = PLANE('',#2421);
#2421 = AXIS2_PLACEMENT_3D('',#2422,#2423,#2424);
#2422 = CARTESIAN_POINT('',(58.8,8.5,4.));
#2423 = DIRECTION('',(0.57735026919,-0.57735026919,-0.57735026919));
#2424 = DIRECTION('',(0.707106781187,3.635980405647E-15,0.707106781187)
  );
#2425 = ADVANCED_FACE('',(#2426),#2437,.F.);
#2426 = FACE_BOUND('',#2427,.T.);
#2427 = EDGE_LOOP('',(#2428,#2434,#2435,#2436));
#2428 = ORIENTED_EDGE('',*,*,#2429,.T.);
#2429 = EDGE_CURVE('',#2007,#2071,#2430,.T.);
#2430 = LINE('',#2431,#2432);
#2431 = CARTESIAN_POINT('',(58.55,8.25,-4.));
#2432 = VECTOR('',#2433,1.);
#2433 = DIRECTION('',(-0.707106781187,-0.707106781187,1.77E-15));
#2434 = ORIENTED_EDGE('',*,*,#2095,.T.);
#2435 = ORIENTED_EDGE('',*,*,#2413,.F.);
#2436 = ORIENTED_EDGE('',*,*,#2014,.F.);
#2437 = PLANE('',#2438);
#2438 = AXIS2_PLACEMENT_3D('',#2439,#2440,#2441);
#2439 = CARTESIAN_POINT('',(58.3,8.,-5.));
#2440 = DIRECTION('',(0.707106781187,-0.707106781187,-4.E-17));
#2441 = DIRECTION('',(8.171572875254E-17,1.382842712475E-16,-1.));
#2442 = ADVANCED_FACE('',(#2443),#2448,.T.);
#2443 = FACE_BOUND('',#2444,.T.);
#2444 = EDGE_LOOP('',(#2445,#2446,#2447));
#2445 = ORIENTED_EDGE('',*,*,#2429,.F.);
#2446 = ORIENTED_EDGE('',*,*,#2038,.T.);
#2447 = ORIENTED_EDGE('',*,*,#2078,.F.);
#2448 = PLANE('',#2449);
#2449 = AXIS2_PLACEMENT_3D('',#2450,#2451,#2452);
#2450 = CARTESIAN_POINT('',(58.8,8.5,-4.));
#2451 = DIRECTION('',(-0.57735026919,0.57735026919,-0.57735026919));
#2452 = DIRECTION('',(0.707106781187,2.109423746788E-15,-0.707106781187)
  );
#2453 = ADVANCED_FACE('',(#2454),#2464,.F.);
#2454 = FACE_BOUND('',#2455,.F.);
#2455 = EDGE_LOOP('',(#2456,#2462,#2463));
#2456 = ORIENTED_EDGE('',*,*,#2457,.F.);
#2457 = EDGE_CURVE('',#2160,#2274,#2458,.T.);
#2458 = LINE('',#2459,#2460);
#2459 = CARTESIAN_POINT('',(-38.,8.25,24.55));
#2460 = VECTOR('',#2461,1.);
#2461 = DIRECTION('',(-1.92E-15,-0.707106781187,-0.707106781187));
#2462 = ORIENTED_EDGE('',*,*,#2159,.T.);
#2463 = ORIENTED_EDGE('',*,*,#2297,.F.);
#2464 = PLANE('',#2465);
#2465 = AXIS2_PLACEMENT_3D('',#2466,#2467,#2468);
#2466 = CARTESIAN_POINT('',(-38.,8.5,24.8));
#2467 = DIRECTION('',(0.57735026919,-0.57735026919,0.57735026919));
#2468 = DIRECTION('',(-0.707106781187,1.110223024625E-15,0.707106781187)
  );
#2469 = ADVANCED_FACE('',(#2470),#2481,.F.);
#2470 = FACE_BOUND('',#2471,.T.);
#2471 = EDGE_LOOP('',(#2472,#2478,#2479,#2480));
#2472 = ORIENTED_EDGE('',*,*,#2473,.T.);
#2473 = EDGE_CURVE('',#2185,#2250,#2474,.T.);
#2474 = LINE('',#2475,#2476);
#2475 = CARTESIAN_POINT('',(-29.99999999999,8.25,24.55));
#2476 = VECTOR('',#2477,1.);
#2477 = DIRECTION('',(6.7E-16,-0.707106781187,-0.707106781187));
#2478 = ORIENTED_EDGE('',*,*,#2273,.T.);
#2479 = ORIENTED_EDGE('',*,*,#2457,.F.);
#2480 = ORIENTED_EDGE('',*,*,#2192,.F.);
#2481 = PLANE('',#2482);
#2482 = AXIS2_PLACEMENT_3D('',#2483,#2484,#2485);
#2483 = CARTESIAN_POINT('',(-28.99999999999,8.,24.3));
#2484 = DIRECTION('',(0.,-0.707106781187,0.707106781187));
#2485 = DIRECTION('',(1.,-0.,-0.));
#2486 = ADVANCED_FACE('',(#2487),#2492,.T.);
#2487 = FACE_BOUND('',#2488,.T.);
#2488 = EDGE_LOOP('',(#2489,#2490,#2491));
#2489 = ORIENTED_EDGE('',*,*,#2473,.F.);
#2490 = ORIENTED_EDGE('',*,*,#2216,.T.);
#2491 = ORIENTED_EDGE('',*,*,#2249,.F.);
#2492 = PLANE('',#2493);
#2493 = AXIS2_PLACEMENT_3D('',#2494,#2495,#2496);
#2494 = CARTESIAN_POINT('',(-29.99999999999,8.5,24.8));
#2495 = DIRECTION('',(0.57735026919,0.57735026919,-0.57735026919));
#2496 = DIRECTION('',(0.707106781187,1.110223024625E-15,0.707106781187)
  );
#2497 = ( GEOMETRIC_REPRESENTATION_CONTEXT(3) 
GLOBAL_UNCERTAINTY_ASSIGNED_CONTEXT((#2501)) 
GLOBAL_UNIT_ASSIGNED_CONTEXT((#2498,#2499,#2500)) REPRESENTATION_CONTEXT
('Context #1','3D Context with UNIT and UNCERTAINTY') );
#2498 = ( LENGTH_UNIT() NAMED_UNIT(*) SI_UNIT(.MILLI.,.METRE.) );
#2499 = ( NAMED_UNIT(*) PLANE_ANGLE_UNIT() SI_UNIT($,.RADIAN.) );
#2500 = ( NAMED_UNIT(*) SI_UNIT($,.STERADIAN.) SOLID_ANGLE_UNIT() );
#2501 = UNCERTAINTY_MEASURE_WITH_UNIT(LENGTH_MEASURE(1.E-07),#2498,
  'distance_accuracy_value','confusion accuracy');
#2502 = PRODUCT_RELATED_PRODUCT_CATEGORY('part',$,(#7));
#2503 = MECHANICAL_DESIGN_GEOMETRIC_PRESENTATION_REPRESENTATION('',(
    #2504),#2497);
#2504 = STYLED_ITEM('color',(#2505),#15);
#2505 = PRESENTATION_STYLE_ASSIGNMENT((#2506,#2512));
#2506 = SURFACE_STYLE_USAGE(.BOTH.,#2507);
#2507 = SURFACE_SIDE_STYLE('',(#2508));
#2508 = SURFACE_STYLE_FILL_AREA(#2509);
#2509 = FILL_AREA_STYLE('',(#2510));
#2510 = FILL_AREA_STYLE_COLOUR('',#2511);
#2511 = COLOUR_RGB('',0.800000010877,0.800000010877,0.800000010877);
#2512 = CURVE_STYLE('',#2513,POSITIVE_LENGTH_MEASURE(0.1),#2514);
#2513 = DRAUGHTING_PRE_DEFINED_CURVE_FONT('continuous');
#2514 = COLOUR_RGB('',9.803921802644E-02,9.803921802644E-02,
  9.803921802644E-02);
ENDSEC;
END-ISO-10303-21;
