ISO-10303-21;
HEADER;
FILE_DESCRIPTION(('FreeCAD Model'),'2;1');
FILE_NAME('Open CASCADE Shape Model','2026-09-06T12:30:36',('FreeCAD'),(
    'FreeCAD'),'Open CASCADE STEP processor 7.8','FreeCAD','Unknown');
FILE_SCHEMA(('AUTOMOTIVE_DESIGN { 1 0 10303 214 1 1 1 1 }'));
ENDSEC;
DATA;
#1 = APPLICATION_PROTOCOL_DEFINITION('international standard',
  'automotive_design',2000,#2);
#2 = APPLICATION_CONTEXT(
  'core data for automotive mechanical design processes');
#3 = SHAPE_DEFINITION_REPRESENTATION(#4,#10);
#4 = PRODUCT_DEFINITION_SHAPE('','',#5);
#5 = PRODUCT_DEFINITION('design','',#6,#9);
#6 = PRODUCT_DEFINITION_FORMATION('','',#7);
#7 = PRODUCT('Open CASCADE STEP translator 7.8 235',
  'Open CASCADE STEP translator 7.8 235','',(#8));
#8 = PRODUCT_CONTEXT('',#2,'mechanical');
#9 = PRODUCT_DEFINITION_CONTEXT('part definition',#2,'design');
#10 = ADVANCED_BREP_SHAPE_REPRESENTATION('',(#11,#15),#2762);
#11 = AXIS2_PLACEMENT_3D('',#12,#13,#14);
#12 = CARTESIAN_POINT('',(0.,0.,0.));
#13 = DIRECTION('',(0.,0.,1.));
#14 = DIRECTION('',(1.,0.,-0.));
#15 = MANIFOLD_SOLID_BREP('',#16);
#16 = CLOSED_SHELL('',(#17,#304,#397,#455,#479,#513,#537,#562,#586,#620,
    #706,#758,#816,#840,#864,#895,#926,#950,#974,#991,#1022,#1046,#1070,
    #1087,#1118,#1142,#1166,#1183,#1214,#1238,#1262,#1279,#1312,#1336,
    #1360,#1486,#1521,#1545,#1571,#1588,#1662,#1736,#1753,#1770,#1786,
    #1802,#1833,#1856,#1879,#1902,#1925,#1941,#1966,#1983,#2000,#2078,
    #2149,#2174,#2199,#2337,#2349,#2367,#2385,#2402,#2419,#2436,#2453,
    #2462,#2480,#2498,#2510,#2528,#2546,#2558,#2583,#2608,#2633,#2658,
    #2683,#2708,#2717,#2726,#2735,#2744,#2753));
#17 = ADVANCED_FACE('',(#18,#129,#163,#197,#231,#265),#299,.T.);
#18 = FACE_BOUND('',#19,.T.);
#19 = EDGE_LOOP('',(#20,#30,#38,#46,#54,#62,#81,#92,#101,#112));
#20 = ORIENTED_EDGE('',*,*,#21,.F.);
#21 = EDGE_CURVE('',#22,#24,#26,.T.);
#22 = VERTEX_POINT('',#23);
#23 = CARTESIAN_POINT('',(3.05,38.6,-6.25));
#24 = VERTEX_POINT('',#25);
#25 = CARTESIAN_POINT('',(2.45967477525,38.6,-6.25));
#26 = LINE('',#27,#28);
#27 = CARTESIAN_POINT('',(2.05,38.6,-6.25));
#28 = VECTOR('',#29,1.);
#29 = DIRECTION('',(-1.,7.8E-16,-1.44E-15));
#30 = ORIENTED_EDGE('',*,*,#31,.F.);
#31 = EDGE_CURVE('',#32,#22,#34,.T.);
#32 = VERTEX_POINT('',#33);
#33 = CARTESIAN_POINT('',(3.05,42.4,-6.25));
#34 = LINE('',#35,#36);
#35 = CARTESIAN_POINT('',(3.05,41.4,-6.25));
#36 = VECTOR('',#37,1.);
#37 = DIRECTION('',(1.1E-16,-1.,1.96E-15));
#38 = ORIENTED_EDGE('',*,*,#39,.F.);
#39 = EDGE_CURVE('',#40,#32,#42,.T.);
#40 = VERTEX_POINT('',#41);
#41 = CARTESIAN_POINT('',(-3.05,42.4,-6.25));
#42 = LINE('',#43,#44);
#43 = CARTESIAN_POINT('',(-2.05,42.4,-6.25));
#44 = VECTOR('',#45,1.);
#45 = DIRECTION('',(1.,-7.8E-16,1.44E-15));
#46 = ORIENTED_EDGE('',*,*,#47,.F.);
#47 = EDGE_CURVE('',#48,#40,#50,.T.);
#48 = VERTEX_POINT('',#49);
#49 = CARTESIAN_POINT('',(-3.05,38.6,-6.25));
#50 = LINE('',#51,#52);
#51 = CARTESIAN_POINT('',(-3.05,39.6,-6.25));
#52 = VECTOR('',#53,1.);
#53 = DIRECTION('',(-1.1E-16,1.,-1.96E-15));
#54 = ORIENTED_EDGE('',*,*,#55,.F.);
#55 = EDGE_CURVE('',#56,#48,#58,.T.);
#56 = VERTEX_POINT('',#57);
#57 = CARTESIAN_POINT('',(-2.45967477525,38.6,-6.25));
#58 = LINE('',#59,#60);
#59 = CARTESIAN_POINT('',(2.05,38.6,-6.25));
#60 = VECTOR('',#61,1.);
#61 = DIRECTION('',(-1.,7.8E-16,-1.44E-15));
#62 = ORIENTED_EDGE('',*,*,#63,.F.);
#63 = EDGE_CURVE('',#64,#56,#66,.T.);
#64 = VERTEX_POINT('',#65);
#65 = CARTESIAN_POINT('',(-2.322548207493,38.446687836487,-6.25));
#66 = B_SPLINE_CURVE_WITH_KNOTS('',7,(#67,#68,#69,#70,#71,#72,#73,#74,
    #75,#76,#77,#78,#79,#80),.UNSPECIFIED.,.F.,.F.,(8,6,8),(
    3.211943351068,3.757433059441,3.786989716982),.UNSPECIFIED.);
#67 = CARTESIAN_POINT('',(-2.322548207493,38.446687836487,-6.25));
#68 = CARTESIAN_POINT('',(-2.37449960829,38.504771268342,-6.25));
#69 = CARTESIAN_POINT('',(-2.426451009088,38.562854700197,-6.25));
#70 = CARTESIAN_POINT('',(-2.478402409885,38.62093813205,-6.25));
#71 = CARTESIAN_POINT('',(-2.530353810682,38.679021563907,-6.25));
#72 = CARTESIAN_POINT('',(-2.58230521148,38.73710499576,-6.25));
#73 = CARTESIAN_POINT('',(-2.634256612277,38.795188427615,-6.25));
#74 = CARTESIAN_POINT('',(-2.68902293284,38.856419035444,-6.25));
#75 = CARTESIAN_POINT('',(-2.692113087957,38.859873933894,-6.25));
#76 = CARTESIAN_POINT('',(-2.695478478423,38.863636554821,-6.25));
#77 = CARTESIAN_POINT('',(-2.69911910424,38.867706898225,-6.25));
#78 = CARTESIAN_POINT('',(-2.703034965407,38.872084964105,-6.25));
#79 = CARTESIAN_POINT('',(-2.707226061925,38.876770752462,-6.25));
#80 = CARTESIAN_POINT('',(-2.711692393793,38.881764263295,-6.25));
#81 = ORIENTED_EDGE('',*,*,#82,.F.);
#82 = EDGE_CURVE('',#83,#64,#85,.T.);
#83 = VERTEX_POINT('',#84);
#84 = CARTESIAN_POINT('',(-1.86338998125,37.933333333333,-6.25));
#85 = B_SPLINE_CURVE_WITH_KNOTS('',5,(#86,#87,#88,#89,#90,#91),
  .UNSPECIFIED.,.F.,.F.,(6,6),(2.523206011704,3.211943351068),
  .PIECEWISE_BEZIER_KNOTS.);
#86 = CARTESIAN_POINT('',(-1.86338998125,37.933333333334,-6.25));
#87 = CARTESIAN_POINT('',(-1.955221626498,38.036004233964,-6.25));
#88 = CARTESIAN_POINT('',(-2.047053271747,38.138675134595,-6.25));
#89 = CARTESIAN_POINT('',(-2.138884916996,38.241346035226,-6.25));
#90 = CARTESIAN_POINT('',(-2.230716562244,38.344016935856,-6.25));
#91 = CARTESIAN_POINT('',(-2.322548207493,38.446687836487,-6.25));
#92 = ORIENTED_EDGE('',*,*,#93,.F.);
#93 = EDGE_CURVE('',#94,#83,#96,.T.);
#94 = VERTEX_POINT('',#95);
#95 = CARTESIAN_POINT('',(1.86338998125,37.933333333334,-6.25));
#96 = CIRCLE('',#97,2.5);
#97 = AXIS2_PLACEMENT_3D('',#98,#99,#100);
#98 = CARTESIAN_POINT('',(-3.619E-14,39.6,-6.25));
#99 = DIRECTION('',(7.8E-16,-2.96E-15,-1.));
#100 = DIRECTION('',(0.7453559925,-0.666666666667,2.554711007483E-15));
#101 = ORIENTED_EDGE('',*,*,#102,.F.);
#102 = EDGE_CURVE('',#103,#94,#105,.T.);
#103 = VERTEX_POINT('',#104);
#104 = CARTESIAN_POINT('',(2.322548207493,38.446687836487,-6.25));
#105 = B_SPLINE_CURVE_WITH_KNOTS('',5,(#106,#107,#108,#109,#110,#111),
  .UNSPECIFIED.,.F.,.F.,(6,6),(-0.688737339364,0.),
  .PIECEWISE_BEZIER_KNOTS.);
#106 = CARTESIAN_POINT('',(2.322548207493,38.446687836487,-6.25));
#107 = CARTESIAN_POINT('',(2.230716562244,38.344016935856,-6.25));
#108 = CARTESIAN_POINT('',(2.138884916996,38.241346035226,-6.25));
#109 = CARTESIAN_POINT('',(2.047053271747,38.138675134595,-6.25));
#110 = CARTESIAN_POINT('',(1.955221626498,38.036004233964,-6.25));
#111 = CARTESIAN_POINT('',(1.86338998125,37.933333333334,-6.25));
#112 = ORIENTED_EDGE('',*,*,#113,.F.);
#113 = EDGE_CURVE('',#24,#103,#114,.T.);
#114 = B_SPLINE_CURVE_WITH_KNOTS('',7,(#115,#116,#117,#118,#119,#120,
    #121,#122,#123,#124,#125,#126,#127,#128),.UNSPECIFIED.,.F.,.F.,(8,6,
    8),(-1.263783705278,-1.234227047737,-0.688737339364),.UNSPECIFIED.);
#115 = CARTESIAN_POINT('',(2.711692393793,38.881764263295,-6.25));
#116 = CARTESIAN_POINT('',(2.707226061925,38.876770752462,-6.25));
#117 = CARTESIAN_POINT('',(2.703034965407,38.872084964105,-6.25));
#118 = CARTESIAN_POINT('',(2.69911910424,38.867706898224,-6.25));
#119 = CARTESIAN_POINT('',(2.695478478423,38.863636554821,-6.25));
#120 = CARTESIAN_POINT('',(2.692113087956,38.859873933894,-6.25));
#121 = CARTESIAN_POINT('',(2.68902293284,38.856419035444,-6.25));
#122 = CARTESIAN_POINT('',(2.634256612277,38.795188427615,-6.25));
#123 = CARTESIAN_POINT('',(2.58230521148,38.73710499576,-6.25));
#124 = CARTESIAN_POINT('',(2.530353810682,38.679021563906,-6.25));
#125 = CARTESIAN_POINT('',(2.478402409885,38.620938132051,-6.25));
#126 = CARTESIAN_POINT('',(2.426451009088,38.562854700197,-6.25));
#127 = CARTESIAN_POINT('',(2.37449960829,38.504771268342,-6.25));
#128 = CARTESIAN_POINT('',(2.322548207493,38.446687836487,-6.25));
#129 = FACE_BOUND('',#130,.T.);
#130 = EDGE_LOOP('',(#131,#141,#149,#157));
#131 = ORIENTED_EDGE('',*,*,#132,.T.);
#132 = EDGE_CURVE('',#133,#135,#137,.T.);
#133 = VERTEX_POINT('',#134);
#134 = CARTESIAN_POINT('',(-18.,47.5,-6.25));
#135 = VERTEX_POINT('',#136);
#136 = CARTESIAN_POINT('',(18.,47.5,-6.25));
#137 = LINE('',#138,#139);
#138 = CARTESIAN_POINT('',(-19.,47.5,-6.25));
#139 = VECTOR('',#140,1.);
#140 = DIRECTION('',(1.,-1.55E-15,-6.7E-16));
#141 = ORIENTED_EDGE('',*,*,#142,.F.);
#142 = EDGE_CURVE('',#143,#135,#145,.T.);
#143 = VERTEX_POINT('',#144);
#144 = CARTESIAN_POINT('',(18.,-46.5,-6.25));
#145 = LINE('',#146,#147);
#146 = CARTESIAN_POINT('',(18.,-47.5,-6.25));
#147 = VECTOR('',#148,1.);
#148 = DIRECTION('',(-1.67E-15,1.,-1.78E-15));
#149 = ORIENTED_EDGE('',*,*,#150,.F.);
#150 = EDGE_CURVE('',#151,#143,#153,.T.);
#151 = VERTEX_POINT('',#152);
#152 = CARTESIAN_POINT('',(-18.,-46.5,-6.25));
#153 = LINE('',#154,#155);
#154 = CARTESIAN_POINT('',(-19.,-46.5,-6.25));
#155 = VECTOR('',#156,1.);
#156 = DIRECTION('',(1.,-1.66E-15,-2.2E-16));
#157 = ORIENTED_EDGE('',*,*,#158,.T.);
#158 = EDGE_CURVE('',#151,#133,#159,.T.);
#159 = LINE('',#160,#161);
#160 = CARTESIAN_POINT('',(-18.,-47.5,-6.25));
#161 = VECTOR('',#162,1.);
#162 = DIRECTION('',(-1.67E-15,1.,-1.78E-15));
#163 = FACE_BOUND('',#164,.T.);
#164 = EDGE_LOOP('',(#165,#175,#183,#191));
#165 = ORIENTED_EDGE('',*,*,#166,.T.);
#166 = EDGE_CURVE('',#167,#169,#171,.T.);
#167 = VERTEX_POINT('',#168);
#168 = CARTESIAN_POINT('',(15.250000000002,30.250000000003,-6.25));
#169 = VERTEX_POINT('',#170);
#170 = CARTESIAN_POINT('',(15.250000000002,35.749999999997,-6.25));
#171 = LINE('',#172,#173);
#172 = CARTESIAN_POINT('',(15.250000000002,30.250000000003,-6.25));
#173 = VECTOR('',#174,1.);
#174 = DIRECTION('',(-2.E-15,1.,-1.67E-15));
#175 = ORIENTED_EDGE('',*,*,#176,.T.);
#176 = EDGE_CURVE('',#169,#177,#179,.T.);
#177 = VERTEX_POINT('',#178);
#178 = CARTESIAN_POINT('',(9.749999999998,35.749999999997,-6.25));
#179 = LINE('',#180,#181);
#180 = CARTESIAN_POINT('',(15.250000000002,35.749999999998,-6.25));
#181 = VECTOR('',#182,1.);
#182 = DIRECTION('',(-1.,1.11E-15,1.E-15));
#183 = ORIENTED_EDGE('',*,*,#184,.T.);
#184 = EDGE_CURVE('',#177,#185,#187,.T.);
#185 = VERTEX_POINT('',#186);
#186 = CARTESIAN_POINT('',(9.749999999998,30.250000000003,-6.25));
#187 = LINE('',#188,#189);
#188 = CARTESIAN_POINT('',(9.749999999998,35.749999999998,-6.25));
#189 = VECTOR('',#190,1.);
#190 = DIRECTION('',(2.E-15,-1.,1.67E-15));
#191 = ORIENTED_EDGE('',*,*,#192,.T.);
#192 = EDGE_CURVE('',#185,#167,#193,.T.);
#193 = LINE('',#194,#195);
#194 = CARTESIAN_POINT('',(9.749999999998,30.250000000003,-6.25));
#195 = VECTOR('',#196,1.);
#196 = DIRECTION('',(1.,-1.11E-15,-1.E-15));
#197 = FACE_BOUND('',#198,.T.);
#198 = EDGE_LOOP('',(#199,#209,#217,#225));
#199 = ORIENTED_EDGE('',*,*,#200,.F.);
#200 = EDGE_CURVE('',#201,#203,#205,.T.);
#201 = VERTEX_POINT('',#202);
#202 = CARTESIAN_POINT('',(15.25,-43.75,-6.25));
#203 = VERTEX_POINT('',#204);
#204 = CARTESIAN_POINT('',(9.75,-43.75,-6.25));
#205 = LINE('',#206,#207);
#206 = CARTESIAN_POINT('',(15.25,-43.75,-6.25));
#207 = VECTOR('',#208,1.);
#208 = DIRECTION('',(-1.,1.11E-15,1.E-15));
#209 = ORIENTED_EDGE('',*,*,#210,.F.);
#210 = EDGE_CURVE('',#211,#201,#213,.T.);
#211 = VERTEX_POINT('',#212);
#212 = CARTESIAN_POINT('',(15.25,-38.25,-6.25));
#213 = LINE('',#214,#215);
#214 = CARTESIAN_POINT('',(15.25,-38.25,-6.25));
#215 = VECTOR('',#216,1.);
#216 = DIRECTION('',(2.E-15,-1.,1.67E-15));
#217 = ORIENTED_EDGE('',*,*,#218,.F.);
#218 = EDGE_CURVE('',#219,#211,#221,.T.);
#219 = VERTEX_POINT('',#220);
#220 = CARTESIAN_POINT('',(9.75,-38.25,-6.25));
#221 = LINE('',#222,#223);
#222 = CARTESIAN_POINT('',(9.75,-38.25,-6.25));
#223 = VECTOR('',#224,1.);
#224 = DIRECTION('',(1.,-1.11E-15,-1.E-15));
#225 = ORIENTED_EDGE('',*,*,#226,.F.);
#226 = EDGE_CURVE('',#203,#219,#227,.T.);
#227 = LINE('',#228,#229);
#228 = CARTESIAN_POINT('',(9.75,-43.75,-6.25));
#229 = VECTOR('',#230,1.);
#230 = DIRECTION('',(-2.E-15,1.,-1.67E-15));
#231 = FACE_BOUND('',#232,.T.);
#232 = EDGE_LOOP('',(#233,#243,#251,#259));
#233 = ORIENTED_EDGE('',*,*,#234,.F.);
#234 = EDGE_CURVE('',#235,#237,#239,.T.);
#235 = VERTEX_POINT('',#236);
#236 = CARTESIAN_POINT('',(-15.25,35.750000000003,-6.25));
#237 = VERTEX_POINT('',#238);
#238 = CARTESIAN_POINT('',(-9.749999999995,35.750000000003,-6.25));
#239 = LINE('',#240,#241);
#240 = CARTESIAN_POINT('',(-15.25,35.750000000003,-6.25));
#241 = VECTOR('',#242,1.);
#242 = DIRECTION('',(1.,-1.11E-15,-1.E-15));
#243 = ORIENTED_EDGE('',*,*,#244,.F.);
#244 = EDGE_CURVE('',#245,#235,#247,.T.);
#245 = VERTEX_POINT('',#246);
#246 = CARTESIAN_POINT('',(-15.25,30.249999999998,-6.25));
#247 = LINE('',#248,#249);
#248 = CARTESIAN_POINT('',(-15.25,30.249999999998,-6.25));
#249 = VECTOR('',#250,1.);
#250 = DIRECTION('',(-2.E-15,1.,-1.67E-15));
#251 = ORIENTED_EDGE('',*,*,#252,.F.);
#252 = EDGE_CURVE('',#253,#245,#255,.T.);
#253 = VERTEX_POINT('',#254);
#254 = CARTESIAN_POINT('',(-9.749999999995,30.249999999997,-6.25));
#255 = LINE('',#256,#257);
#256 = CARTESIAN_POINT('',(-9.749999999995,30.249999999998,-6.25));
#257 = VECTOR('',#258,1.);
#258 = DIRECTION('',(-1.,1.11E-15,1.E-15));
#259 = ORIENTED_EDGE('',*,*,#260,.F.);
#260 = EDGE_CURVE('',#237,#253,#261,.T.);
#261 = LINE('',#262,#263);
#262 = CARTESIAN_POINT('',(-9.749999999995,35.750000000003,-6.25));
#263 = VECTOR('',#264,1.);
#264 = DIRECTION('',(2.E-15,-1.,1.67E-15));
#265 = FACE_BOUND('',#266,.T.);
#266 = EDGE_LOOP('',(#267,#277,#285,#293));
#267 = ORIENTED_EDGE('',*,*,#268,.F.);
#268 = EDGE_CURVE('',#269,#271,#273,.T.);
#269 = VERTEX_POINT('',#270);
#270 = CARTESIAN_POINT('',(-9.749999999998,-43.75,-6.25));
#271 = VERTEX_POINT('',#272);
#272 = CARTESIAN_POINT('',(-15.25,-43.75,-6.25));
#273 = LINE('',#274,#275);
#274 = CARTESIAN_POINT('',(-9.749999999998,-43.75,-6.25));
#275 = VECTOR('',#276,1.);
#276 = DIRECTION('',(-1.,1.11E-15,1.E-15));
#277 = ORIENTED_EDGE('',*,*,#278,.F.);
#278 = EDGE_CURVE('',#279,#269,#281,.T.);
#279 = VERTEX_POINT('',#280);
#280 = CARTESIAN_POINT('',(-9.749999999998,-38.25,-6.25));
#281 = LINE('',#282,#283);
#282 = CARTESIAN_POINT('',(-9.749999999998,-38.25,-6.25));
#283 = VECTOR('',#284,1.);
#284 = DIRECTION('',(2.E-15,-1.,1.67E-15));
#285 = ORIENTED_EDGE('',*,*,#286,.F.);
#286 = EDGE_CURVE('',#287,#279,#289,.T.);
#287 = VERTEX_POINT('',#288);
#288 = CARTESIAN_POINT('',(-15.25,-38.25,-6.25));
#289 = LINE('',#290,#291);
#290 = CARTESIAN_POINT('',(-15.25,-38.25,-6.25));
#291 = VECTOR('',#292,1.);
#292 = DIRECTION('',(1.,-1.11E-15,-1.E-15));
#293 = ORIENTED_EDGE('',*,*,#294,.F.);
#294 = EDGE_CURVE('',#271,#287,#295,.T.);
#295 = LINE('',#296,#297);
#296 = CARTESIAN_POINT('',(-15.25,-43.75,-6.25));
#297 = VECTOR('',#298,1.);
#298 = DIRECTION('',(-2.E-15,1.,-1.67E-15));
#299 = PLANE('',#300);
#300 = AXIS2_PLACEMENT_3D('',#301,#302,#303);
#301 = CARTESIAN_POINT('',(1.681E-14,9.87E-15,-6.25));
#302 = DIRECTION('',(2.33E-15,8.1E-16,-1.));
#303 = DIRECTION('',(2.22E-15,-1.,-8.1E-16));
#304 = ADVANCED_FACE('',(#305),#392,.F.);
#305 = FACE_BOUND('',#306,.T.);
#306 = EDGE_LOOP('',(#307,#318,#326,#332,#333));
#307 = ORIENTED_EDGE('',*,*,#308,.F.);
#308 = EDGE_CURVE('',#309,#311,#313,.T.);
#309 = VERTEX_POINT('',#310);
#310 = CARTESIAN_POINT('',(1.936491673104,39.6,-5.25));
#311 = VERTEX_POINT('',#312);
#312 = CARTESIAN_POINT('',(1.858230739254,39.593837246705,
    -5.256162637565));
#313 = ELLIPSE('',#314,0.707106781187,0.5);
#314 = AXIS2_PLACEMENT_3D('',#315,#316,#317);
#315 = CARTESIAN_POINT('',(1.936491673104,39.1,-5.75));
#316 = DIRECTION('',(-2.14E-15,-0.707106781187,0.707106781187));
#317 = DIRECTION('',(8.5E-16,-0.707106781187,-0.707106781187));
#318 = ORIENTED_EDGE('',*,*,#319,.F.);
#319 = EDGE_CURVE('',#320,#309,#322,.T.);
#320 = VERTEX_POINT('',#321);
#321 = CARTESIAN_POINT('',(2.05,39.6,-5.25));
#322 = LINE('',#323,#324);
#323 = CARTESIAN_POINT('',(2.05,39.6,-5.25));
#324 = VECTOR('',#325,1.);
#325 = DIRECTION('',(-1.,7.8E-16,-1.44E-15));
#326 = ORIENTED_EDGE('',*,*,#327,.F.);
#327 = EDGE_CURVE('',#22,#320,#328,.T.);
#328 = LINE('',#329,#330);
#329 = CARTESIAN_POINT('',(2.083333333333,39.566666666667,
    -5.283333333333));
#330 = VECTOR('',#331,1.);
#331 = DIRECTION('',(-0.57735026919,0.57735026919,0.57735026919));
#332 = ORIENTED_EDGE('',*,*,#21,.T.);
#333 = ORIENTED_EDGE('',*,*,#334,.T.);
#334 = EDGE_CURVE('',#24,#311,#335,.T.);
#335 = B_SPLINE_CURVE_WITH_KNOTS('',7,(#336,#337,#338,#339,#340,#341,
    #342,#343,#344,#345,#346,#347,#348,#349,#350,#351,#352,#353,#354,
    #355,#356,#357,#358,#359,#360,#361,#362,#363,#364,#365,#366,#367,
    #368,#369,#370,#371,#372,#373,#374,#375,#376,#377,#378,#379,#380,
    #381,#382,#383,#384,#385,#386,#387,#388,#389,#390,#391),
  .UNSPECIFIED.,.F.,.F.,(8,6,6,6,6,6,6,6,6,8),(0.,0.122090666093,
    0.222998859913,0.43045596062,0.66353912806,0.819992368053,
    0.911426934038,0.950032735049,0.971235356624,1.),.UNSPECIFIED.);
#336 = CARTESIAN_POINT('',(2.45967477525,38.6,-6.25));
#337 = CARTESIAN_POINT('',(2.446127664333,38.617185500562,
    -6.232814499438));
#338 = CARTESIAN_POINT('',(2.432570046721,38.634368062761,
    -6.215631937239));
#339 = CARTESIAN_POINT('',(2.419005407325,38.651548659713,
    -6.198451340288));
#340 = CARTESIAN_POINT('',(2.405437221939,38.668728263426,
    -6.181271736574));
#341 = CARTESIAN_POINT('',(2.39186895724,38.685907844805,-6.164092155195
    ));
#342 = CARTESIAN_POINT('',(2.378304070786,38.703088373648,
    -6.146911626352));
#343 = CARTESIAN_POINT('',(2.353540245936,38.734472145789,
    -6.115527854211));
#344 = CARTESIAN_POINT('',(2.342339175831,38.748674786749,
    -6.101325213251));
#345 = CARTESIAN_POINT('',(2.331144756436,38.762879290487,
    -6.087120709514));
#346 = CARTESIAN_POINT('',(2.319959010035,38.777086219157,
    -6.072913780843));
#347 = CARTESIAN_POINT('',(2.308784025473,38.791296148114,
    -6.058703851886));
#348 = CARTESIAN_POINT('',(2.297621958144,38.80550966591,-6.04449033409)
  );
#349 = CARTESIAN_POINT('',(2.263558066506,38.848957553216,
    -6.001042446784));
#350 = CARTESIAN_POINT('',(2.240705174057,38.878205293026,
    -5.971794706974));
#351 = CARTESIAN_POINT('',(2.217936042534,38.907476155983,
    -5.942523844017));
#352 = CARTESIAN_POINT('',(2.195271798955,38.936775714325,
    -5.913224285675));
#353 = CARTESIAN_POINT('',(2.172736783539,38.966110016693,
    -5.883889983307));
#354 = CARTESIAN_POINT('',(2.150360325764,38.995486054548,
    -5.854513945452));
#355 = CARTESIAN_POINT('',(2.103256715243,39.057973260628,
    -5.792026739372));
#356 = CARTESIAN_POINT('',(2.07858321368,39.091094801161,-5.758905198839
    ));
#357 = CARTESIAN_POINT('',(2.054205630601,39.124291887543,
    -5.725708112457));
#358 = CARTESIAN_POINT('',(2.030191771991,39.157579483042,
    -5.692420516959));
#359 = CARTESIAN_POINT('',(2.006624785562,39.190971639785,
    -5.659028360215));
#360 = CARTESIAN_POINT('',(1.983623634513,39.224486067883,
    -5.625513932117));
#361 = CARTESIAN_POINT('',(1.946464191123,39.280753230355,
    -5.569246769645));
#362 = CARTESIAN_POINT('',(1.931890973962,39.303412276773,
    -5.546587723228));
#363 = CARTESIAN_POINT('',(1.917725318229,39.326150005557,
    -5.523849994443));
#364 = CARTESIAN_POINT('',(1.904044384097,39.348977278798,
    -5.501022721202));
#365 = CARTESIAN_POINT('',(1.890974093788,39.371900117087,
    -5.478099882913));
#366 = CARTESIAN_POINT('',(1.878671333864,39.394918071982,
    -5.455081928018));
#367 = CARTESIAN_POINT('',(1.860914272896,39.431557342511,
    -5.418442657489));
#368 = CARTESIAN_POINT('',(1.854747072474,39.445090802593,
    -5.404909197407));
#369 = CARTESIAN_POINT('',(1.84901991644,39.458661737449,-5.391338262552
    ));
#370 = CARTESIAN_POINT('',(1.843817403349,39.472270475046,
    -5.377729524954));
#371 = CARTESIAN_POINT('',(1.839281027965,39.485897753181,
    -5.364102246819));
#372 = CARTESIAN_POINT('',(1.835585457861,39.499506110536,
    -5.350493889464));
#373 = CARTESIAN_POINT('',(1.832032904037,39.518752391475,
    -5.331247608525));
#374 = CARTESIAN_POINT('',(1.831192599218,39.524447796962,
    -5.325552203038));
#375 = CARTESIAN_POINT('',(1.830593240586,39.530121367009,
    -5.319878632991));
#376 = CARTESIAN_POINT('',(1.830267875391,39.53576359905,-5.31423640095)
  );
#377 = CARTESIAN_POINT('',(1.83025766259,39.541358667771,-5.308641332229
    ));
#378 = CARTESIAN_POINT('',(1.830613522073,39.546884113571,
    -5.303115886429));
#379 = CARTESIAN_POINT('',(1.831828506883,39.555290763873,
    -5.294709236127));
#380 = CARTESIAN_POINT('',(1.832388375288,39.558240176669,
    -5.291759823331));
#381 = CARTESIAN_POINT('',(1.833087509736,39.561153603759,
    -5.288846396241));
#382 = CARTESIAN_POINT('',(1.833937095634,39.564024067007,
    -5.285975932993));
#383 = CARTESIAN_POINT('',(1.834948794315,39.56684297029,-5.28315702971)
  );
#384 = CARTESIAN_POINT('',(1.836134154189,39.569600293991,-5.28039970601
    ));
#385 = CARTESIAN_POINT('',(1.83936245983,39.575926723834,-5.274073276166
    ));
#386 = CARTESIAN_POINT('',(1.84156197317,39.579437176609,-5.270562823391
    ));
#387 = CARTESIAN_POINT('',(1.844127091869,39.58278335842,-5.26721664158)
  );
#388 = CARTESIAN_POINT('',(1.847078131342,39.585928868436,
    -5.264071131565));
#389 = CARTESIAN_POINT('',(1.850423828523,39.588838183406,
    -5.261161816594));
#390 = CARTESIAN_POINT('',(1.854153977902,39.591481146679,
    -5.258518853322));
#391 = CARTESIAN_POINT('',(1.858232067571,39.59383745721,-5.25616254279)
  );
#392 = PLANE('',#393);
#393 = AXIS2_PLACEMENT_3D('',#394,#395,#396);
#394 = CARTESIAN_POINT('',(2.05,39.1,-5.75));
#395 = DIRECTION('',(-1.9E-15,-0.707106781187,0.707106781187));
#396 = DIRECTION('',(1.,-1.008502884254E-15,1.678502884254E-15));
#397 = ADVANCED_FACE('',(#398),#426,.F.);
#398 = FACE_BOUND('',#399,.F.);
#399 = EDGE_LOOP('',(#400,#401,#420,#425));
#400 = ORIENTED_EDGE('',*,*,#334,.T.);
#401 = ORIENTED_EDGE('',*,*,#402,.T.);
#402 = EDGE_CURVE('',#311,#403,#405,.T.);
#403 = VERTEX_POINT('',#404);
#404 = CARTESIAN_POINT('',(1.452368754828,39.225,-5.264122529507));
#405 = B_SPLINE_CURVE_WITH_KNOTS('',7,(#406,#407,#408,#409,#410,#411,
    #412,#413,#414,#415,#416,#417,#418,#419),.UNSPECIFIED.,.F.,.F.,(8,6,
    8),(-1.263783705278,-1.234227047737,-0.688737339364),.UNSPECIFIED.);
#406 = CARTESIAN_POINT('',(1.895892747937,39.599805739341,
    -5.253475458007));
#407 = CARTESIAN_POINT('',(1.890512460982,39.598953097535,
    -5.253859340801));
#408 = CARTESIAN_POINT('',(1.885132174027,39.59810045573,-5.254243223595
    ));
#409 = CARTESIAN_POINT('',(1.879751887073,39.597247813925,
    -5.254627106389));
#410 = CARTESIAN_POINT('',(1.874371600118,39.59639517212,-5.255010989183
    ));
#411 = CARTESIAN_POINT('',(1.868991313163,39.595542530315,
    -5.255394871977));
#412 = CARTESIAN_POINT('',(1.863611026209,39.59468988851,-5.255778754771
    ));
#413 = CARTESIAN_POINT('',(1.758933612783,39.57810111927,-5.263247474987
    ));
#414 = CARTESIAN_POINT('',(1.682093825248,39.542278537253,
    -5.271652628468));
#415 = CARTESIAN_POINT('',(1.614061893439,39.498577969582,
    -5.276311798869));
#416 = CARTESIAN_POINT('',(1.558148000848,39.444038698131,
    -5.278265658553));
#417 = CARTESIAN_POINT('',(1.511171873896,39.381505246067,
    -5.276303580248));
#418 = CARTESIAN_POINT('',(1.474298936112,39.309935226894,
    -5.270964388357));
#419 = CARTESIAN_POINT('',(1.452368754828,39.225,-5.264122529507));
#420 = ORIENTED_EDGE('',*,*,#421,.F.);
#421 = EDGE_CURVE('',#103,#403,#422,.T.);
#422 = B_SPLINE_CURVE_WITH_KNOTS('',1,(#423,#424),.UNSPECIFIED.,.F.,.F.,
  (2,2),(0.,0.545489708373),.PIECEWISE_BEZIER_KNOTS.);
#423 = CARTESIAN_POINT('',(2.322548207493,38.446687836487,-6.25));
#424 = CARTESIAN_POINT('',(1.452368754828,39.225,-5.264122529507));
#425 = ORIENTED_EDGE('',*,*,#113,.F.);
#426 = B_SPLINE_SURFACE_WITH_KNOTS('',1,7,(
    (#427,#428,#429,#430,#431,#432,#433,#434,#435,#436,#437,#438,#439
      ,#440)
    ,(#441,#442,#443,#444,#445,#446,#447,#448,#449,#450,#451,#452,#453
      ,#454
    )),.UNSPECIFIED.,.F.,.F.,.F.,(2,2),(8,6,8),(0.,0.545489708373),(
    -1.263783705278,-1.234227047737,-0.688737339364),.UNSPECIFIED.);
#427 = CARTESIAN_POINT('',(2.711692393793,38.881764263295,-6.25));
#428 = CARTESIAN_POINT('',(2.707226061925,38.876770752462,-6.25));
#429 = CARTESIAN_POINT('',(2.703034965407,38.872084964105,-6.25));
#430 = CARTESIAN_POINT('',(2.69911910424,38.867706898224,-6.25));
#431 = CARTESIAN_POINT('',(2.695478478423,38.863636554821,-6.25));
#432 = CARTESIAN_POINT('',(2.692113087956,38.859873933894,-6.25));
#433 = CARTESIAN_POINT('',(2.68902293284,38.856419035444,-6.25));
#434 = CARTESIAN_POINT('',(2.634256612277,38.795188427615,-6.25));
#435 = CARTESIAN_POINT('',(2.58230521148,38.73710499576,-6.25));
#436 = CARTESIAN_POINT('',(2.530353810682,38.679021563906,-6.25));
#437 = CARTESIAN_POINT('',(2.478402409885,38.620938132051,-6.25));
#438 = CARTESIAN_POINT('',(2.426451009088,38.562854700197,-6.25));
#439 = CARTESIAN_POINT('',(2.37449960829,38.504771268342,-6.25));
#440 = CARTESIAN_POINT('',(2.322548207493,38.446687836487,-6.25));
#441 = CARTESIAN_POINT('',(1.895892747937,39.599805739341,
    -5.253475458007));
#442 = CARTESIAN_POINT('',(1.890512460982,39.598953097535,
    -5.253859340801));
#443 = CARTESIAN_POINT('',(1.885132174027,39.59810045573,-5.254243223595
    ));
#444 = CARTESIAN_POINT('',(1.879751887073,39.597247813925,
    -5.254627106389));
#445 = CARTESIAN_POINT('',(1.874371600118,39.59639517212,-5.255010989183
    ));
#446 = CARTESIAN_POINT('',(1.868991313163,39.595542530315,
    -5.255394871977));
#447 = CARTESIAN_POINT('',(1.863611026209,39.59468988851,-5.255778754771
    ));
#448 = CARTESIAN_POINT('',(1.758933612783,39.57810111927,-5.263247474987
    ));
#449 = CARTESIAN_POINT('',(1.682093825248,39.542278537253,
    -5.271652628468));
#450 = CARTESIAN_POINT('',(1.614061893439,39.498577969582,
    -5.276311798869));
#451 = CARTESIAN_POINT('',(1.558148000848,39.444038698131,
    -5.278265658553));
#452 = CARTESIAN_POINT('',(1.511171873896,39.381505246067,
    -5.276303580248));
#453 = CARTESIAN_POINT('',(1.474298936112,39.309935226894,
    -5.270964388357));
#454 = CARTESIAN_POINT('',(1.452368754828,39.225,-5.264122529507));
#455 = ADVANCED_FACE('',(#456),#474,.F.);
#456 = FACE_BOUND('',#457,.T.);
#457 = EDGE_LOOP('',(#458,#466,#467,#468));
#458 = ORIENTED_EDGE('',*,*,#459,.F.);
#459 = EDGE_CURVE('',#32,#460,#462,.T.);
#460 = VERTEX_POINT('',#461);
#461 = CARTESIAN_POINT('',(2.05,41.4,-5.25));
#462 = LINE('',#463,#464);
#463 = CARTESIAN_POINT('',(1.7,41.05,-4.9));
#464 = VECTOR('',#465,1.);
#465 = DIRECTION('',(-0.57735026919,-0.57735026919,0.57735026919));
#466 = ORIENTED_EDGE('',*,*,#31,.T.);
#467 = ORIENTED_EDGE('',*,*,#327,.T.);
#468 = ORIENTED_EDGE('',*,*,#469,.F.);
#469 = EDGE_CURVE('',#460,#320,#470,.T.);
#470 = LINE('',#471,#472);
#471 = CARTESIAN_POINT('',(2.05,41.4,-5.25));
#472 = VECTOR('',#473,1.);
#473 = DIRECTION('',(1.1E-16,-1.,1.96E-15));
#474 = PLANE('',#475);
#475 = AXIS2_PLACEMENT_3D('',#476,#477,#478);
#476 = CARTESIAN_POINT('',(2.55,41.4,-5.75));
#477 = DIRECTION('',(0.707106781187,4.E-16,0.707106781187));
#478 = DIRECTION('',(6.471572875254E-16,1.,-1.212842712475E-15));
#479 = ADVANCED_FACE('',(#480),#500,.F.);
#480 = FACE_BOUND('',#481,.F.);
#481 = EDGE_LOOP('',(#482,#483,#494,#499));
#482 = ORIENTED_EDGE('',*,*,#421,.T.);
#483 = ORIENTED_EDGE('',*,*,#484,.T.);
#484 = EDGE_CURVE('',#403,#485,#487,.T.);
#485 = VERTEX_POINT('',#486);
#486 = CARTESIAN_POINT('',(1.11803398875,38.6,-5.25));
#487 = B_SPLINE_CURVE_WITH_KNOTS('',5,(#488,#489,#490,#491,#492,#493),
  .UNSPECIFIED.,.F.,.F.,(6,6),(-0.688737339364,0.),
  .PIECEWISE_BEZIER_KNOTS.);
#488 = CARTESIAN_POINT('',(1.452368754828,39.225,-5.264122529507));
#489 = CARTESIAN_POINT('',(1.413603974725,39.074864652242,
    -5.252028550421));
#490 = CARTESIAN_POINT('',(1.35807469196,38.939723931508,-5.25024731612)
  );
#491 = CARTESIAN_POINT('',(1.289944061015,38.81585419923,-5.249915711888
    ));
#492 = CARTESIAN_POINT('',(1.209865633999,38.702670900631,-5.25));
#493 = CARTESIAN_POINT('',(1.11803398875,38.6,-5.25));
#494 = ORIENTED_EDGE('',*,*,#495,.F.);
#495 = EDGE_CURVE('',#94,#485,#496,.T.);
#496 = B_SPLINE_CURVE_WITH_KNOTS('',1,(#497,#498),.UNSPECIFIED.,.F.,.F.,
  (2,2),(0.,0.688737339364),.PIECEWISE_BEZIER_KNOTS.);
#497 = CARTESIAN_POINT('',(1.86338998125,37.933333333334,-6.25));
#498 = CARTESIAN_POINT('',(1.11803398875,38.6,-5.25));
#499 = ORIENTED_EDGE('',*,*,#102,.F.);
#500 = B_SPLINE_SURFACE_WITH_KNOTS('',1,5,(
    (#501,#502,#503,#504,#505,#506)
    ,(#507,#508,#509,#510,#511,#512
    )),.UNSPECIFIED.,.F.,.F.,.F.,(2,2),(6,6),(0.,0.688737339364),(
    -0.688737339364,0.),.PIECEWISE_BEZIER_KNOTS.);
#501 = CARTESIAN_POINT('',(2.322548207493,38.446687836487,-6.25));
#502 = CARTESIAN_POINT('',(2.230716562244,38.344016935856,-6.25));
#503 = CARTESIAN_POINT('',(2.138884916996,38.241346035226,-6.25));
#504 = CARTESIAN_POINT('',(2.047053271747,38.138675134595,-6.25));
#505 = CARTESIAN_POINT('',(1.955221626498,38.036004233964,-6.25));
#506 = CARTESIAN_POINT('',(1.86338998125,37.933333333334,-6.25));
#507 = CARTESIAN_POINT('',(1.452368754828,39.225,-5.264122529507));
#508 = CARTESIAN_POINT('',(1.413603974725,39.074864652242,
    -5.252028550421));
#509 = CARTESIAN_POINT('',(1.35807469196,38.939723931508,-5.25024731612)
  );
#510 = CARTESIAN_POINT('',(1.289944061015,38.81585419923,-5.249915711888
    ));
#511 = CARTESIAN_POINT('',(1.209865633999,38.702670900631,-5.25));
#512 = CARTESIAN_POINT('',(1.11803398875,38.6,-5.25));
#513 = ADVANCED_FACE('',(#514),#532,.F.);
#514 = FACE_BOUND('',#515,.T.);
#515 = EDGE_LOOP('',(#516,#524,#525,#526));
#516 = ORIENTED_EDGE('',*,*,#517,.F.);
#517 = EDGE_CURVE('',#40,#518,#520,.T.);
#518 = VERTEX_POINT('',#519);
#519 = CARTESIAN_POINT('',(-2.05,41.4,-5.25));
#520 = LINE('',#521,#522);
#521 = CARTESIAN_POINT('',(-2.083333333333,41.433333333333,
    -5.283333333333));
#522 = VECTOR('',#523,1.);
#523 = DIRECTION('',(0.57735026919,-0.57735026919,0.57735026919));
#524 = ORIENTED_EDGE('',*,*,#39,.T.);
#525 = ORIENTED_EDGE('',*,*,#459,.T.);
#526 = ORIENTED_EDGE('',*,*,#527,.F.);
#527 = EDGE_CURVE('',#518,#460,#528,.T.);
#528 = LINE('',#529,#530);
#529 = CARTESIAN_POINT('',(-2.05,41.4,-5.25));
#530 = VECTOR('',#531,1.);
#531 = DIRECTION('',(1.,-7.8E-16,1.44E-15));
#532 = PLANE('',#533);
#533 = AXIS2_PLACEMENT_3D('',#534,#535,#536);
#534 = CARTESIAN_POINT('',(-2.05,41.9,-5.75));
#535 = DIRECTION('',(-1.38E-15,0.707106781187,0.707106781187));
#536 = DIRECTION('',(-1.,1.341926419626E-16,-2.085807358037E-15));
#537 = ADVANCED_FACE('',(#538),#557,.F.);
#538 = FACE_BOUND('',#539,.T.);
#539 = EDGE_LOOP('',(#540,#541,#542,#550));
#540 = ORIENTED_EDGE('',*,*,#495,.F.);
#541 = ORIENTED_EDGE('',*,*,#93,.T.);
#542 = ORIENTED_EDGE('',*,*,#543,.T.);
#543 = EDGE_CURVE('',#83,#544,#546,.T.);
#544 = VERTEX_POINT('',#545);
#545 = CARTESIAN_POINT('',(-1.11803398875,38.6,-5.25));
#546 = LINE('',#547,#548);
#547 = CARTESIAN_POINT('',(-1.11803398875,38.6,-5.25));
#548 = VECTOR('',#549,1.);
#549 = DIRECTION('',(0.527046276695,0.471404520791,0.707106781187));
#550 = ORIENTED_EDGE('',*,*,#551,.F.);
#551 = EDGE_CURVE('',#485,#544,#552,.T.);
#552 = CIRCLE('',#553,1.5);
#553 = AXIS2_PLACEMENT_3D('',#554,#555,#556);
#554 = CARTESIAN_POINT('',(-3.696E-14,39.6,-5.25));
#555 = DIRECTION('',(7.8E-16,-2.96E-15,-1.));
#556 = DIRECTION('',(0.7453559925,-0.666666666667,2.554711007483E-15));
#557 = CONICAL_SURFACE('',#558,1.5,0.785398163397);
#558 = AXIS2_PLACEMENT_3D('',#559,#560,#561);
#559 = CARTESIAN_POINT('',(-3.696E-14,39.6,-5.25));
#560 = DIRECTION('',(7.8E-16,-2.96E-15,-1.));
#561 = DIRECTION('',(0.7453559925,-0.666666666667,2.554711007483E-15));
#562 = ADVANCED_FACE('',(#563),#581,.F.);
#563 = FACE_BOUND('',#564,.T.);
#564 = EDGE_LOOP('',(#565,#573,#574,#575));
#565 = ORIENTED_EDGE('',*,*,#566,.F.);
#566 = EDGE_CURVE('',#48,#567,#569,.T.);
#567 = VERTEX_POINT('',#568);
#568 = CARTESIAN_POINT('',(-2.05,39.6,-5.25));
#569 = LINE('',#570,#571);
#570 = CARTESIAN_POINT('',(-1.7,39.95,-4.9));
#571 = VECTOR('',#572,1.);
#572 = DIRECTION('',(0.57735026919,0.57735026919,0.57735026919));
#573 = ORIENTED_EDGE('',*,*,#47,.T.);
#574 = ORIENTED_EDGE('',*,*,#517,.T.);
#575 = ORIENTED_EDGE('',*,*,#576,.F.);
#576 = EDGE_CURVE('',#567,#518,#577,.T.);
#577 = LINE('',#578,#579);
#578 = CARTESIAN_POINT('',(-2.05,39.6,-5.25));
#579 = VECTOR('',#580,1.);
#580 = DIRECTION('',(-1.1E-16,1.,-1.96E-15));
#581 = PLANE('',#582);
#582 = AXIS2_PLACEMENT_3D('',#583,#584,#585);
#583 = CARTESIAN_POINT('',(-2.55,39.6,-5.75));
#584 = DIRECTION('',(-0.707106781187,1.19E-15,0.707106781187));
#585 = DIRECTION('',(1.93542930388E-16,-1.,1.876457069612E-15));
#586 = ADVANCED_FACE('',(#587),#607,.F.);
#587 = FACE_BOUND('',#588,.F.);
#588 = EDGE_LOOP('',(#589,#590,#601,#606));
#589 = ORIENTED_EDGE('',*,*,#543,.T.);
#590 = ORIENTED_EDGE('',*,*,#591,.T.);
#591 = EDGE_CURVE('',#544,#592,#594,.T.);
#592 = VERTEX_POINT('',#593);
#593 = CARTESIAN_POINT('',(-1.452368754828,39.225,-5.264122529507));
#594 = B_SPLINE_CURVE_WITH_KNOTS('',5,(#595,#596,#597,#598,#599,#600),
  .UNSPECIFIED.,.F.,.F.,(6,6),(2.523206011704,3.211943351068),
  .PIECEWISE_BEZIER_KNOTS.);
#595 = CARTESIAN_POINT('',(-1.11803398875,38.6,-5.25));
#596 = CARTESIAN_POINT('',(-1.209865633998,38.702670900631,-5.25));
#597 = CARTESIAN_POINT('',(-1.289944061015,38.81585419923,
    -5.249915711888));
#598 = CARTESIAN_POINT('',(-1.35807469196,38.939723931508,-5.25024731612
    ));
#599 = CARTESIAN_POINT('',(-1.413603974725,39.074864652242,
    -5.252028550421));
#600 = CARTESIAN_POINT('',(-1.452368754828,39.225,-5.264122529507));
#601 = ORIENTED_EDGE('',*,*,#602,.F.);
#602 = EDGE_CURVE('',#64,#592,#603,.T.);
#603 = B_SPLINE_CURVE_WITH_KNOTS('',1,(#604,#605),.UNSPECIFIED.,.F.,.F.,
  (2,2),(0.,0.688737339364),.PIECEWISE_BEZIER_KNOTS.);
#604 = CARTESIAN_POINT('',(-2.322548207493,38.446687836487,-6.25));
#605 = CARTESIAN_POINT('',(-1.452368754828,39.225,-5.264122529507));
#606 = ORIENTED_EDGE('',*,*,#82,.F.);
#607 = B_SPLINE_SURFACE_WITH_KNOTS('',1,5,(
    (#608,#609,#610,#611,#612,#613)
    ,(#614,#615,#616,#617,#618,#619
    )),.UNSPECIFIED.,.F.,.F.,.F.,(2,2),(6,6),(0.,0.688737339364),(
    2.523206011704,3.211943351068),.PIECEWISE_BEZIER_KNOTS.);
#608 = CARTESIAN_POINT('',(-1.86338998125,37.933333333334,-6.25));
#609 = CARTESIAN_POINT('',(-1.955221626498,38.036004233964,-6.25));
#610 = CARTESIAN_POINT('',(-2.047053271747,38.138675134595,-6.25));
#611 = CARTESIAN_POINT('',(-2.138884916996,38.241346035226,-6.25));
#612 = CARTESIAN_POINT('',(-2.230716562244,38.344016935856,-6.25));
#613 = CARTESIAN_POINT('',(-2.322548207493,38.446687836487,-6.25));
#614 = CARTESIAN_POINT('',(-1.11803398875,38.6,-5.25));
#615 = CARTESIAN_POINT('',(-1.209865633998,38.702670900631,-5.25));
#616 = CARTESIAN_POINT('',(-1.289944061015,38.81585419923,
    -5.249915711888));
#617 = CARTESIAN_POINT('',(-1.35807469196,38.939723931508,-5.25024731612
    ));
#618 = CARTESIAN_POINT('',(-1.413603974725,39.074864652242,
    -5.252028550421));
#619 = CARTESIAN_POINT('',(-1.452368754828,39.225,-5.264122529507));
#620 = ADVANCED_FACE('',(#621),#701,.F.);
#621 = FACE_BOUND('',#622,.T.);
#622 = EDGE_LOOP('',(#623,#634,#693,#694,#695));
#623 = ORIENTED_EDGE('',*,*,#624,.F.);
#624 = EDGE_CURVE('',#625,#627,#629,.T.);
#625 = VERTEX_POINT('',#626);
#626 = CARTESIAN_POINT('',(-1.858230739254,39.593837246705,
    -5.256162637565));
#627 = VERTEX_POINT('',#628);
#628 = CARTESIAN_POINT('',(-1.936491673104,39.6,-5.25));
#629 = ELLIPSE('',#630,0.707106781187,0.5);
#630 = AXIS2_PLACEMENT_3D('',#631,#632,#633);
#631 = CARTESIAN_POINT('',(-1.936491673104,39.1,-5.75));
#632 = DIRECTION('',(-2.14E-15,-0.707106781187,0.707106781187));
#633 = DIRECTION('',(8.5E-16,-0.707106781187,-0.707106781187));
#634 = ORIENTED_EDGE('',*,*,#635,.F.);
#635 = EDGE_CURVE('',#56,#625,#636,.T.);
#636 = B_SPLINE_CURVE_WITH_KNOTS('',7,(#637,#638,#639,#640,#641,#642,
    #643,#644,#645,#646,#647,#648,#649,#650,#651,#652,#653,#654,#655,
    #656,#657,#658,#659,#660,#661,#662,#663,#664,#665,#666,#667,#668,
    #669,#670,#671,#672,#673,#674,#675,#676,#677,#678,#679,#680,#681,
    #682,#683,#684,#685,#686,#687,#688,#689,#690,#691,#692),
  .UNSPECIFIED.,.F.,.F.,(8,6,6,6,6,6,6,6,6,8),(0.,0.122090666093,
    0.222998859913,0.430455960619,0.663539128059,0.819992368052,
    0.911426934037,0.950032735049,0.971235356623,1.),.UNSPECIFIED.);
#637 = CARTESIAN_POINT('',(-2.45967477525,38.6,-6.25));
#638 = CARTESIAN_POINT('',(-2.446127664333,38.617185500562,
    -6.232814499438));
#639 = CARTESIAN_POINT('',(-2.432570046721,38.634368062761,
    -6.215631937239));
#640 = CARTESIAN_POINT('',(-2.419005407325,38.651548659713,
    -6.198451340288));
#641 = CARTESIAN_POINT('',(-2.405437221939,38.668728263426,
    -6.181271736574));
#642 = CARTESIAN_POINT('',(-2.39186895724,38.685907844805,
    -6.164092155195));
#643 = CARTESIAN_POINT('',(-2.378304070786,38.703088373648,
    -6.146911626352));
#644 = CARTESIAN_POINT('',(-2.353540245936,38.734472145789,
    -6.115527854211));
#645 = CARTESIAN_POINT('',(-2.342339175831,38.748674786749,
    -6.101325213251));
#646 = CARTESIAN_POINT('',(-2.331144756436,38.762879290486,
    -6.087120709514));
#647 = CARTESIAN_POINT('',(-2.319959010035,38.777086219157,
    -6.072913780844));
#648 = CARTESIAN_POINT('',(-2.308784025473,38.791296148114,
    -6.058703851886));
#649 = CARTESIAN_POINT('',(-2.297621958144,38.80550966591,-6.04449033409
    ));
#650 = CARTESIAN_POINT('',(-2.263558066506,38.848957553216,
    -6.001042446784));
#651 = CARTESIAN_POINT('',(-2.240705174057,38.878205293026,
    -5.971794706974));
#652 = CARTESIAN_POINT('',(-2.217936042534,38.907476155983,
    -5.942523844017));
#653 = CARTESIAN_POINT('',(-2.195271798955,38.936775714325,
    -5.913224285675));
#654 = CARTESIAN_POINT('',(-2.172736783539,38.966110016693,
    -5.883889983308));
#655 = CARTESIAN_POINT('',(-2.150360325764,38.995486054548,
    -5.854513945453));
#656 = CARTESIAN_POINT('',(-2.103256715243,39.057973260628,
    -5.792026739372));
#657 = CARTESIAN_POINT('',(-2.07858321368,39.091094801161,
    -5.758905198839));
#658 = CARTESIAN_POINT('',(-2.054205630601,39.124291887543,
    -5.725708112457));
#659 = CARTESIAN_POINT('',(-2.030191771991,39.157579483041,
    -5.692420516959));
#660 = CARTESIAN_POINT('',(-2.006624785562,39.190971639785,
    -5.659028360215));
#661 = CARTESIAN_POINT('',(-1.983623634513,39.224486067883,
    -5.625513932117));
#662 = CARTESIAN_POINT('',(-1.946464191123,39.280753230355,
    -5.569246769645));
#663 = CARTESIAN_POINT('',(-1.931890973962,39.303412276772,
    -5.546587723228));
#664 = CARTESIAN_POINT('',(-1.917725318229,39.326150005557,
    -5.523849994443));
#665 = CARTESIAN_POINT('',(-1.904044384097,39.348977278798,
    -5.501022721202));
#666 = CARTESIAN_POINT('',(-1.890974093788,39.371900117087,
    -5.478099882914));
#667 = CARTESIAN_POINT('',(-1.878671333864,39.394918071982,
    -5.455081928018));
#668 = CARTESIAN_POINT('',(-1.860914272896,39.431557342511,
    -5.418442657489));
#669 = CARTESIAN_POINT('',(-1.854747072475,39.445090802593,
    -5.404909197407));
#670 = CARTESIAN_POINT('',(-1.84901991644,39.458661737449,
    -5.391338262552));
#671 = CARTESIAN_POINT('',(-1.843817403349,39.472270475046,
    -5.377729524954));
#672 = CARTESIAN_POINT('',(-1.839281027965,39.48589775318,-5.36410224682
    ));
#673 = CARTESIAN_POINT('',(-1.835585457861,39.499506110536,
    -5.350493889464));
#674 = CARTESIAN_POINT('',(-1.832032904037,39.518752391475,
    -5.331247608525));
#675 = CARTESIAN_POINT('',(-1.831192599218,39.524447796962,
    -5.325552203038));
#676 = CARTESIAN_POINT('',(-1.830593240586,39.530121367009,
    -5.319878632992));
#677 = CARTESIAN_POINT('',(-1.830267875391,39.53576359905,-5.31423640095
    ));
#678 = CARTESIAN_POINT('',(-1.83025766259,39.541358667771,
    -5.308641332229));
#679 = CARTESIAN_POINT('',(-1.830613522073,39.546884113571,
    -5.303115886429));
#680 = CARTESIAN_POINT('',(-1.831828506883,39.555290763873,
    -5.294709236127));
#681 = CARTESIAN_POINT('',(-1.832388375288,39.558240176669,
    -5.291759823331));
#682 = CARTESIAN_POINT('',(-1.833087509735,39.561153603759,
    -5.288846396241));
#683 = CARTESIAN_POINT('',(-1.833937095634,39.564024067007,
    -5.285975932993));
#684 = CARTESIAN_POINT('',(-1.834948794314,39.56684297029,-5.28315702971
    ));
#685 = CARTESIAN_POINT('',(-1.836134154188,39.569600293991,
    -5.280399706009));
#686 = CARTESIAN_POINT('',(-1.83936245983,39.575926723834,
    -5.274073276166));
#687 = CARTESIAN_POINT('',(-1.84156197317,39.579437176609,
    -5.270562823391));
#688 = CARTESIAN_POINT('',(-1.844127091868,39.58278335842,-5.26721664158
    ));
#689 = CARTESIAN_POINT('',(-1.847078131342,39.585928868436,
    -5.264071131564));
#690 = CARTESIAN_POINT('',(-1.850423828523,39.588838183407,
    -5.261161816594));
#691 = CARTESIAN_POINT('',(-1.854153977901,39.591481146679,
    -5.258518853322));
#692 = CARTESIAN_POINT('',(-1.858232067571,39.59383745721,-5.25616254279
    ));
#693 = ORIENTED_EDGE('',*,*,#55,.T.);
#694 = ORIENTED_EDGE('',*,*,#566,.T.);
#695 = ORIENTED_EDGE('',*,*,#696,.F.);
#696 = EDGE_CURVE('',#627,#567,#697,.T.);
#697 = LINE('',#698,#699);
#698 = CARTESIAN_POINT('',(2.05,39.6,-5.25));
#699 = VECTOR('',#700,1.);
#700 = DIRECTION('',(-1.,7.8E-16,-1.44E-15));
#701 = PLANE('',#702);
#702 = AXIS2_PLACEMENT_3D('',#703,#704,#705);
#703 = CARTESIAN_POINT('',(2.05,39.1,-5.75));
#704 = DIRECTION('',(-1.9E-15,-0.707106781187,0.707106781187));
#705 = DIRECTION('',(1.,-1.008502884254E-15,1.678502884254E-15));
#706 = ADVANCED_FACE('',(#707),#729,.F.);
#707 = FACE_BOUND('',#708,.F.);
#708 = EDGE_LOOP('',(#709,#710,#727,#728));
#709 = ORIENTED_EDGE('',*,*,#602,.T.);
#710 = ORIENTED_EDGE('',*,*,#711,.T.);
#711 = EDGE_CURVE('',#592,#625,#712,.T.);
#712 = B_SPLINE_CURVE_WITH_KNOTS('',7,(#713,#714,#715,#716,#717,#718,
    #719,#720,#721,#722,#723,#724,#725,#726),.UNSPECIFIED.,.F.,.F.,(8,6,
    8),(3.211943351068,3.757433059441,3.786989716982),.UNSPECIFIED.);
#713 = CARTESIAN_POINT('',(-1.452368754828,39.225,-5.264122529507));
#714 = CARTESIAN_POINT('',(-1.474298936112,39.309935226894,
    -5.270964388357));
#715 = CARTESIAN_POINT('',(-1.511171873896,39.381505246067,
    -5.276303580248));
#716 = CARTESIAN_POINT('',(-1.558148000848,39.44403869813,
    -5.278265658553));
#717 = CARTESIAN_POINT('',(-1.614061893439,39.498577969583,
    -5.276311798869));
#718 = CARTESIAN_POINT('',(-1.682093825248,39.542278537253,
    -5.271652628467));
#719 = CARTESIAN_POINT('',(-1.758933612783,39.57810111927,
    -5.263247474987));
#720 = CARTESIAN_POINT('',(-1.863611026209,39.59468988851,
    -5.255778754771));
#721 = CARTESIAN_POINT('',(-1.868991313163,39.595542530315,
    -5.255394871977));
#722 = CARTESIAN_POINT('',(-1.874371600118,39.59639517212,
    -5.255010989183));
#723 = CARTESIAN_POINT('',(-1.879751887073,39.597247813925,
    -5.254627106389));
#724 = CARTESIAN_POINT('',(-1.885132174027,39.59810045573,
    -5.254243223595));
#725 = CARTESIAN_POINT('',(-1.890512460982,39.598953097535,
    -5.253859340801));
#726 = CARTESIAN_POINT('',(-1.895892747937,39.59980573934,
    -5.253475458007));
#727 = ORIENTED_EDGE('',*,*,#635,.F.);
#728 = ORIENTED_EDGE('',*,*,#63,.F.);
#729 = B_SPLINE_SURFACE_WITH_KNOTS('',1,7,(
    (#730,#731,#732,#733,#734,#735,#736,#737,#738,#739,#740,#741,#742
      ,#743)
    ,(#744,#745,#746,#747,#748,#749,#750,#751,#752,#753,#754,#755,#756
      ,#757
    )),.UNSPECIFIED.,.F.,.F.,.F.,(2,2),(8,6,8),(0.,0.545489708373),(
    3.211943351068,3.757433059441,3.786989716982),.UNSPECIFIED.);
#730 = CARTESIAN_POINT('',(-2.322548207493,38.446687836487,-6.25));
#731 = CARTESIAN_POINT('',(-2.37449960829,38.504771268342,-6.25));
#732 = CARTESIAN_POINT('',(-2.426451009088,38.562854700197,-6.25));
#733 = CARTESIAN_POINT('',(-2.478402409885,38.62093813205,-6.25));
#734 = CARTESIAN_POINT('',(-2.530353810682,38.679021563907,-6.25));
#735 = CARTESIAN_POINT('',(-2.58230521148,38.73710499576,-6.25));
#736 = CARTESIAN_POINT('',(-2.634256612277,38.795188427615,-6.25));
#737 = CARTESIAN_POINT('',(-2.68902293284,38.856419035444,-6.25));
#738 = CARTESIAN_POINT('',(-2.692113087957,38.859873933894,-6.25));
#739 = CARTESIAN_POINT('',(-2.695478478423,38.863636554821,-6.25));
#740 = CARTESIAN_POINT('',(-2.69911910424,38.867706898225,-6.25));
#741 = CARTESIAN_POINT('',(-2.703034965407,38.872084964105,-6.25));
#742 = CARTESIAN_POINT('',(-2.707226061925,38.876770752462,-6.25));
#743 = CARTESIAN_POINT('',(-2.711692393793,38.881764263295,-6.25));
#744 = CARTESIAN_POINT('',(-1.452368754828,39.225,-5.264122529507));
#745 = CARTESIAN_POINT('',(-1.474298936112,39.309935226894,
    -5.270964388357));
#746 = CARTESIAN_POINT('',(-1.511171873896,39.381505246067,
    -5.276303580248));
#747 = CARTESIAN_POINT('',(-1.558148000848,39.44403869813,
    -5.278265658553));
#748 = CARTESIAN_POINT('',(-1.614061893439,39.498577969583,
    -5.276311798869));
#749 = CARTESIAN_POINT('',(-1.682093825248,39.542278537253,
    -5.271652628467));
#750 = CARTESIAN_POINT('',(-1.758933612783,39.57810111927,
    -5.263247474987));
#751 = CARTESIAN_POINT('',(-1.863611026209,39.59468988851,
    -5.255778754771));
#752 = CARTESIAN_POINT('',(-1.868991313163,39.595542530315,
    -5.255394871977));
#753 = CARTESIAN_POINT('',(-1.874371600118,39.59639517212,
    -5.255010989183));
#754 = CARTESIAN_POINT('',(-1.879751887073,39.597247813925,
    -5.254627106389));
#755 = CARTESIAN_POINT('',(-1.885132174027,39.59810045573,
    -5.254243223595));
#756 = CARTESIAN_POINT('',(-1.890512460982,39.598953097535,
    -5.253859340801));
#757 = CARTESIAN_POINT('',(-1.895892747937,39.59980573934,
    -5.253475458007));
#758 = ADVANCED_FACE('',(#759,#800),#811,.T.);
#759 = FACE_BOUND('',#760,.T.);
#760 = EDGE_LOOP('',(#761,#762,#770,#778,#786,#794));
#761 = ORIENTED_EDGE('',*,*,#132,.F.);
#762 = ORIENTED_EDGE('',*,*,#763,.T.);
#763 = EDGE_CURVE('',#133,#764,#766,.T.);
#764 = VERTEX_POINT('',#765);
#765 = CARTESIAN_POINT('',(-19.,47.5,-5.25));
#766 = LINE('',#767,#768);
#767 = CARTESIAN_POINT('',(-15.3125,47.5,-8.9375));
#768 = VECTOR('',#769,1.);
#769 = DIRECTION('',(-0.707106781187,6.2E-16,0.707106781187));
#770 = ORIENTED_EDGE('',*,*,#771,.T.);
#771 = EDGE_CURVE('',#764,#772,#774,.T.);
#772 = VERTEX_POINT('',#773);
#773 = CARTESIAN_POINT('',(-19.,47.5,4.75));
#774 = LINE('',#775,#776);
#775 = CARTESIAN_POINT('',(-19.,47.5,-6.25));
#776 = VECTOR('',#777,1.);
#777 = DIRECTION('',(-2.33E-15,-1.44E-15,1.));
#778 = ORIENTED_EDGE('',*,*,#779,.T.);
#779 = EDGE_CURVE('',#772,#780,#782,.T.);
#780 = VERTEX_POINT('',#781);
#781 = CARTESIAN_POINT('',(19.,47.5,4.75));
#782 = LINE('',#783,#784);
#783 = CARTESIAN_POINT('',(-19.,47.5,4.75));
#784 = VECTOR('',#785,1.);
#785 = DIRECTION('',(1.,-9.3E-16,-4.4E-16));
#786 = ORIENTED_EDGE('',*,*,#787,.F.);
#787 = EDGE_CURVE('',#788,#780,#790,.T.);
#788 = VERTEX_POINT('',#789);
#789 = CARTESIAN_POINT('',(19.,47.5,-5.25));
#790 = LINE('',#791,#792);
#791 = CARTESIAN_POINT('',(19.,47.5,-6.25));
#792 = VECTOR('',#793,1.);
#793 = DIRECTION('',(-2.33E-15,-1.44E-15,1.));
#794 = ORIENTED_EDGE('',*,*,#795,.F.);
#795 = EDGE_CURVE('',#135,#788,#796,.T.);
#796 = LINE('',#797,#798);
#797 = CARTESIAN_POINT('',(15.3125,47.5,-8.9375));
#798 = VECTOR('',#799,1.);
#799 = DIRECTION('',(0.707106781187,-1.24E-15,0.707106781187));
#800 = FACE_BOUND('',#801,.T.);
#801 = EDGE_LOOP('',(#802));
#802 = ORIENTED_EDGE('',*,*,#803,.F.);
#803 = EDGE_CURVE('',#804,#804,#806,.T.);
#804 = VERTEX_POINT('',#805);
#805 = CARTESIAN_POINT('',(4.1E-14,47.5,0.25));
#806 = CIRCLE('',#807,1.);
#807 = AXIS2_PLACEMENT_3D('',#808,#809,#810);
#808 = CARTESIAN_POINT('',(-1.06581410364E-13,47.5,-0.75));
#809 = DIRECTION('',(5.6E-16,1.,7.8E-16));
#810 = DIRECTION('',(-1.33E-15,-7.8E-16,1.));
#811 = PLANE('',#812);
#812 = AXIS2_PLACEMENT_3D('',#813,#814,#815);
#813 = CARTESIAN_POINT('',(-1.0575E-13,47.5,-1.1385E-13));
#814 = DIRECTION('',(-1.46E-15,1.,-1.67E-15));
#815 = DIRECTION('',(1.,1.46E-15,-7.8E-16));
#816 = ADVANCED_FACE('',(#817),#835,.T.);
#817 = FACE_BOUND('',#818,.F.);
#818 = EDGE_LOOP('',(#819,#827,#828,#829));
#819 = ORIENTED_EDGE('',*,*,#820,.T.);
#820 = EDGE_CURVE('',#821,#151,#823,.T.);
#821 = VERTEX_POINT('',#822);
#822 = CARTESIAN_POINT('',(-19.,-46.5,-5.25));
#823 = LINE('',#824,#825);
#824 = CARTESIAN_POINT('',(-18.75,-46.5,-5.5));
#825 = VECTOR('',#826,1.);
#826 = DIRECTION('',(0.707106781187,-3.6E-16,-0.707106781187));
#827 = ORIENTED_EDGE('',*,*,#158,.T.);
#828 = ORIENTED_EDGE('',*,*,#763,.T.);
#829 = ORIENTED_EDGE('',*,*,#830,.F.);
#830 = EDGE_CURVE('',#821,#764,#831,.T.);
#831 = LINE('',#832,#833);
#832 = CARTESIAN_POINT('',(-19.,-47.5,-5.25));
#833 = VECTOR('',#834,1.);
#834 = DIRECTION('',(-1.67E-15,1.,-1.78E-15));
#835 = PLANE('',#836);
#836 = AXIS2_PLACEMENT_3D('',#837,#838,#839);
#837 = CARTESIAN_POINT('',(-18.5,-47.5,-5.75));
#838 = DIRECTION('',(-0.707106781187,7.9E-16,-0.707106781187));
#839 = DIRECTION('',(-6.136143571374E-16,-1.,-5.036143571374E-16));
#840 = ADVANCED_FACE('',(#841),#859,.T.);
#841 = FACE_BOUND('',#842,.T.);
#842 = EDGE_LOOP('',(#843,#844,#845,#853));
#843 = ORIENTED_EDGE('',*,*,#142,.T.);
#844 = ORIENTED_EDGE('',*,*,#795,.T.);
#845 = ORIENTED_EDGE('',*,*,#846,.F.);
#846 = EDGE_CURVE('',#847,#788,#849,.T.);
#847 = VERTEX_POINT('',#848);
#848 = CARTESIAN_POINT('',(19.,-46.5,-5.25));
#849 = LINE('',#850,#851);
#850 = CARTESIAN_POINT('',(19.,-47.5,-5.25));
#851 = VECTOR('',#852,1.);
#852 = DIRECTION('',(-1.67E-15,1.,-1.78E-15));
#853 = ORIENTED_EDGE('',*,*,#854,.T.);
#854 = EDGE_CURVE('',#847,#143,#855,.T.);
#855 = LINE('',#856,#857);
#856 = CARTESIAN_POINT('',(18.5,-46.5,-5.75));
#857 = VECTOR('',#858,1.);
#858 = DIRECTION('',(-0.707106781187,-9.67E-15,-0.707106781187));
#859 = PLANE('',#860);
#860 = AXIS2_PLACEMENT_3D('',#861,#862,#863);
#861 = CARTESIAN_POINT('',(18.5,-47.5,-5.75));
#862 = DIRECTION('',(0.707106781187,-4.4E-16,-0.707106781187));
#863 = DIRECTION('',(-1.408873016278E-15,1.,-2.031126983722E-15));
#864 = ADVANCED_FACE('',(#865),#890,.T.);
#865 = FACE_BOUND('',#866,.T.);
#866 = EDGE_LOOP('',(#867,#868,#876,#884));
#867 = ORIENTED_EDGE('',*,*,#150,.T.);
#868 = ORIENTED_EDGE('',*,*,#869,.F.);
#869 = EDGE_CURVE('',#870,#143,#872,.T.);
#870 = VERTEX_POINT('',#871);
#871 = CARTESIAN_POINT('',(18.,-47.5,-5.25));
#872 = LINE('',#873,#874);
#873 = CARTESIAN_POINT('',(18.,-47.25,-5.5));
#874 = VECTOR('',#875,1.);
#875 = DIRECTION('',(9.4E-15,0.707106781187,-0.707106781187));
#876 = ORIENTED_EDGE('',*,*,#877,.F.);
#877 = EDGE_CURVE('',#878,#870,#880,.T.);
#878 = VERTEX_POINT('',#879);
#879 = CARTESIAN_POINT('',(-18.,-47.5,-5.25));
#880 = LINE('',#881,#882);
#881 = CARTESIAN_POINT('',(-19.,-47.5,-5.25));
#882 = VECTOR('',#883,1.);
#883 = DIRECTION('',(1.,-1.66E-15,-2.2E-16));
#884 = ORIENTED_EDGE('',*,*,#885,.T.);
#885 = EDGE_CURVE('',#878,#151,#886,.T.);
#886 = LINE('',#887,#888);
#887 = CARTESIAN_POINT('',(-18.,-47.,-5.75));
#888 = VECTOR('',#889,1.);
#889 = DIRECTION('',(-2.9E-15,0.707106781187,-0.707106781187));
#890 = PLANE('',#891);
#891 = AXIS2_PLACEMENT_3D('',#892,#893,#894);
#892 = CARTESIAN_POINT('',(-19.,-47.,-5.75));
#893 = DIRECTION('',(2.32E-15,-0.707106781187,-0.707106781187));
#894 = DIRECTION('',(1.,9.204877323528E-16,2.360487732353E-15));
#895 = ADVANCED_FACE('',(#896),#921,.T.);
#896 = FACE_BOUND('',#897,.T.);
#897 = EDGE_LOOP('',(#898,#906,#914,#920));
#898 = ORIENTED_EDGE('',*,*,#899,.T.);
#899 = EDGE_CURVE('',#167,#900,#902,.T.);
#900 = VERTEX_POINT('',#901);
#901 = CARTESIAN_POINT('',(15.250000000002,30.250000000003,-2.25));
#902 = LINE('',#903,#904);
#903 = CARTESIAN_POINT('',(15.250000000002,30.250000000003,-6.25));
#904 = VECTOR('',#905,1.);
#905 = DIRECTION('',(-2.33E-15,-1.22E-15,1.));
#906 = ORIENTED_EDGE('',*,*,#907,.T.);
#907 = EDGE_CURVE('',#900,#908,#910,.T.);
#908 = VERTEX_POINT('',#909);
#909 = CARTESIAN_POINT('',(15.250000000002,35.749999999997,-2.25));
#910 = LINE('',#911,#912);
#911 = CARTESIAN_POINT('',(15.250000000002,30.250000000003,-2.25));
#912 = VECTOR('',#913,1.);
#913 = DIRECTION('',(-2.E-15,1.,-1.67E-15));
#914 = ORIENTED_EDGE('',*,*,#915,.F.);
#915 = EDGE_CURVE('',#169,#908,#916,.T.);
#916 = LINE('',#917,#918);
#917 = CARTESIAN_POINT('',(15.250000000002,35.749999999998,-6.25));
#918 = VECTOR('',#919,1.);
#919 = DIRECTION('',(-2.33E-15,-1.22E-15,1.));
#920 = ORIENTED_EDGE('',*,*,#166,.F.);
#921 = PLANE('',#922);
#922 = AXIS2_PLACEMENT_3D('',#923,#924,#925);
#923 = CARTESIAN_POINT('',(15.250000000002,30.250000000003,-6.25));
#924 = DIRECTION('',(-1.,8.9E-16,3.3E-16));
#925 = DIRECTION('',(8.9E-16,1.,-1.67E-15));
#926 = ADVANCED_FACE('',(#927),#945,.T.);
#927 = FACE_BOUND('',#928,.T.);
#928 = EDGE_LOOP('',(#929,#937,#943,#944));
#929 = ORIENTED_EDGE('',*,*,#930,.T.);
#930 = EDGE_CURVE('',#185,#931,#933,.T.);
#931 = VERTEX_POINT('',#932);
#932 = CARTESIAN_POINT('',(9.749999999998,30.250000000003,-2.25));
#933 = LINE('',#934,#935);
#934 = CARTESIAN_POINT('',(9.749999999998,30.250000000003,-6.25));
#935 = VECTOR('',#936,1.);
#936 = DIRECTION('',(-2.33E-15,-1.22E-15,1.));
#937 = ORIENTED_EDGE('',*,*,#938,.T.);
#938 = EDGE_CURVE('',#931,#900,#939,.T.);
#939 = LINE('',#940,#941);
#940 = CARTESIAN_POINT('',(9.749999999998,30.250000000003,-2.25));
#941 = VECTOR('',#942,1.);
#942 = DIRECTION('',(1.,-1.11E-15,-1.E-15));
#943 = ORIENTED_EDGE('',*,*,#899,.F.);
#944 = ORIENTED_EDGE('',*,*,#192,.F.);
#945 = PLANE('',#946);
#946 = AXIS2_PLACEMENT_3D('',#947,#948,#949);
#947 = CARTESIAN_POINT('',(9.749999999998,30.250000000003,-6.25));
#948 = DIRECTION('',(-1.55E-15,1.,-1.44E-15));
#949 = DIRECTION('',(1.,1.55E-15,-5.6E-16));
#950 = ADVANCED_FACE('',(#951),#969,.T.);
#951 = FACE_BOUND('',#952,.T.);
#952 = EDGE_LOOP('',(#953,#954,#962,#968));
#953 = ORIENTED_EDGE('',*,*,#915,.T.);
#954 = ORIENTED_EDGE('',*,*,#955,.T.);
#955 = EDGE_CURVE('',#908,#956,#958,.T.);
#956 = VERTEX_POINT('',#957);
#957 = CARTESIAN_POINT('',(9.749999999998,35.749999999997,-2.25));
#958 = LINE('',#959,#960);
#959 = CARTESIAN_POINT('',(15.250000000002,35.749999999998,-2.25));
#960 = VECTOR('',#961,1.);
#961 = DIRECTION('',(-1.,1.11E-15,1.E-15));
#962 = ORIENTED_EDGE('',*,*,#963,.F.);
#963 = EDGE_CURVE('',#177,#956,#964,.T.);
#964 = LINE('',#965,#966);
#965 = CARTESIAN_POINT('',(9.749999999998,35.749999999998,-6.25));
#966 = VECTOR('',#967,1.);
#967 = DIRECTION('',(-2.33E-15,-1.22E-15,1.));
#968 = ORIENTED_EDGE('',*,*,#176,.F.);
#969 = PLANE('',#970);
#970 = AXIS2_PLACEMENT_3D('',#971,#972,#973);
#971 = CARTESIAN_POINT('',(15.250000000002,35.749999999998,-6.25));
#972 = DIRECTION('',(1.55E-15,-1.,1.44E-15));
#973 = DIRECTION('',(-1.,-1.55E-15,5.6E-16));
#974 = ADVANCED_FACE('',(#975),#986,.T.);
#975 = FACE_BOUND('',#976,.T.);
#976 = EDGE_LOOP('',(#977,#978,#984,#985));
#977 = ORIENTED_EDGE('',*,*,#963,.T.);
#978 = ORIENTED_EDGE('',*,*,#979,.T.);
#979 = EDGE_CURVE('',#956,#931,#980,.T.);
#980 = LINE('',#981,#982);
#981 = CARTESIAN_POINT('',(9.749999999998,35.749999999998,-2.25));
#982 = VECTOR('',#983,1.);
#983 = DIRECTION('',(2.E-15,-1.,1.67E-15));
#984 = ORIENTED_EDGE('',*,*,#930,.F.);
#985 = ORIENTED_EDGE('',*,*,#184,.F.);
#986 = PLANE('',#987);
#987 = AXIS2_PLACEMENT_3D('',#988,#989,#990);
#988 = CARTESIAN_POINT('',(9.749999999998,35.749999999998,-6.25));
#989 = DIRECTION('',(1.,-8.9E-16,-3.3E-16));
#990 = DIRECTION('',(-8.9E-16,-1.,1.67E-15));
#991 = ADVANCED_FACE('',(#992),#1017,.F.);
#992 = FACE_BOUND('',#993,.F.);
#993 = EDGE_LOOP('',(#994,#1002,#1010,#1016));
#994 = ORIENTED_EDGE('',*,*,#995,.T.);
#995 = EDGE_CURVE('',#201,#996,#998,.T.);
#996 = VERTEX_POINT('',#997);
#997 = CARTESIAN_POINT('',(15.25,-43.75,-2.25));
#998 = LINE('',#999,#1000);
#999 = CARTESIAN_POINT('',(15.25,-43.75,-6.25));
#1000 = VECTOR('',#1001,1.);
#1001 = DIRECTION('',(-2.33E-15,-1.22E-15,1.));
#1002 = ORIENTED_EDGE('',*,*,#1003,.T.);
#1003 = EDGE_CURVE('',#996,#1004,#1006,.T.);
#1004 = VERTEX_POINT('',#1005);
#1005 = CARTESIAN_POINT('',(9.75,-43.75,-2.25));
#1006 = LINE('',#1007,#1008);
#1007 = CARTESIAN_POINT('',(15.25,-43.75,-2.25));
#1008 = VECTOR('',#1009,1.);
#1009 = DIRECTION('',(-1.,1.11E-15,1.E-15));
#1010 = ORIENTED_EDGE('',*,*,#1011,.F.);
#1011 = EDGE_CURVE('',#203,#1004,#1012,.T.);
#1012 = LINE('',#1013,#1014);
#1013 = CARTESIAN_POINT('',(9.75,-43.75,-6.25));
#1014 = VECTOR('',#1015,1.);
#1015 = DIRECTION('',(-2.33E-15,-1.22E-15,1.));
#1016 = ORIENTED_EDGE('',*,*,#200,.F.);
#1017 = PLANE('',#1018);
#1018 = AXIS2_PLACEMENT_3D('',#1019,#1020,#1021);
#1019 = CARTESIAN_POINT('',(15.25,-43.75,-6.25));
#1020 = DIRECTION('',(1.55E-15,-1.,1.44E-15));
#1021 = DIRECTION('',(-1.,-1.55E-15,5.6E-16));
#1022 = ADVANCED_FACE('',(#1023),#1041,.F.);
#1023 = FACE_BOUND('',#1024,.F.);
#1024 = EDGE_LOOP('',(#1025,#1033,#1039,#1040));
#1025 = ORIENTED_EDGE('',*,*,#1026,.T.);
#1026 = EDGE_CURVE('',#211,#1027,#1029,.T.);
#1027 = VERTEX_POINT('',#1028);
#1028 = CARTESIAN_POINT('',(15.25,-38.25,-2.25));
#1029 = LINE('',#1030,#1031);
#1030 = CARTESIAN_POINT('',(15.25,-38.25,-6.25));
#1031 = VECTOR('',#1032,1.);
#1032 = DIRECTION('',(-2.33E-15,-1.22E-15,1.));
#1033 = ORIENTED_EDGE('',*,*,#1034,.T.);
#1034 = EDGE_CURVE('',#1027,#996,#1035,.T.);
#1035 = LINE('',#1036,#1037);
#1036 = CARTESIAN_POINT('',(15.25,-38.25,-2.25));
#1037 = VECTOR('',#1038,1.);
#1038 = DIRECTION('',(2.E-15,-1.,1.67E-15));
#1039 = ORIENTED_EDGE('',*,*,#995,.F.);
#1040 = ORIENTED_EDGE('',*,*,#210,.F.);
#1041 = PLANE('',#1042);
#1042 = AXIS2_PLACEMENT_3D('',#1043,#1044,#1045);
#1043 = CARTESIAN_POINT('',(15.25,-38.25,-6.25));
#1044 = DIRECTION('',(1.,-8.9E-16,-3.3E-16));
#1045 = DIRECTION('',(-8.9E-16,-1.,1.67E-15));
#1046 = ADVANCED_FACE('',(#1047),#1065,.F.);
#1047 = FACE_BOUND('',#1048,.F.);
#1048 = EDGE_LOOP('',(#1049,#1050,#1058,#1064));
#1049 = ORIENTED_EDGE('',*,*,#1011,.T.);
#1050 = ORIENTED_EDGE('',*,*,#1051,.T.);
#1051 = EDGE_CURVE('',#1004,#1052,#1054,.T.);
#1052 = VERTEX_POINT('',#1053);
#1053 = CARTESIAN_POINT('',(9.75,-38.25,-2.25));
#1054 = LINE('',#1055,#1056);
#1055 = CARTESIAN_POINT('',(9.75,-43.75,-2.25));
#1056 = VECTOR('',#1057,1.);
#1057 = DIRECTION('',(-2.E-15,1.,-1.67E-15));
#1058 = ORIENTED_EDGE('',*,*,#1059,.F.);
#1059 = EDGE_CURVE('',#219,#1052,#1060,.T.);
#1060 = LINE('',#1061,#1062);
#1061 = CARTESIAN_POINT('',(9.75,-38.25,-6.25));
#1062 = VECTOR('',#1063,1.);
#1063 = DIRECTION('',(-2.33E-15,-1.22E-15,1.));
#1064 = ORIENTED_EDGE('',*,*,#226,.F.);
#1065 = PLANE('',#1066);
#1066 = AXIS2_PLACEMENT_3D('',#1067,#1068,#1069);
#1067 = CARTESIAN_POINT('',(9.75,-43.75,-6.25));
#1068 = DIRECTION('',(-1.,8.9E-16,3.3E-16));
#1069 = DIRECTION('',(8.9E-16,1.,-1.67E-15));
#1070 = ADVANCED_FACE('',(#1071),#1082,.F.);
#1071 = FACE_BOUND('',#1072,.F.);
#1072 = EDGE_LOOP('',(#1073,#1074,#1080,#1081));
#1073 = ORIENTED_EDGE('',*,*,#1059,.T.);
#1074 = ORIENTED_EDGE('',*,*,#1075,.T.);
#1075 = EDGE_CURVE('',#1052,#1027,#1076,.T.);
#1076 = LINE('',#1077,#1078);
#1077 = CARTESIAN_POINT('',(9.75,-38.25,-2.25));
#1078 = VECTOR('',#1079,1.);
#1079 = DIRECTION('',(1.,-1.11E-15,-1.E-15));
#1080 = ORIENTED_EDGE('',*,*,#1026,.F.);
#1081 = ORIENTED_EDGE('',*,*,#218,.F.);
#1082 = PLANE('',#1083);
#1083 = AXIS2_PLACEMENT_3D('',#1084,#1085,#1086);
#1084 = CARTESIAN_POINT('',(9.75,-38.25,-6.25));
#1085 = DIRECTION('',(-1.55E-15,1.,-1.44E-15));
#1086 = DIRECTION('',(1.,1.55E-15,-5.6E-16));
#1087 = ADVANCED_FACE('',(#1088),#1113,.F.);
#1088 = FACE_BOUND('',#1089,.F.);
#1089 = EDGE_LOOP('',(#1090,#1098,#1106,#1112));
#1090 = ORIENTED_EDGE('',*,*,#1091,.T.);
#1091 = EDGE_CURVE('',#235,#1092,#1094,.T.);
#1092 = VERTEX_POINT('',#1093);
#1093 = CARTESIAN_POINT('',(-15.25,35.750000000003,-2.25));
#1094 = LINE('',#1095,#1096);
#1095 = CARTESIAN_POINT('',(-15.25,35.750000000003,-6.25));
#1096 = VECTOR('',#1097,1.);
#1097 = DIRECTION('',(-2.33E-15,-1.22E-15,1.));
#1098 = ORIENTED_EDGE('',*,*,#1099,.T.);
#1099 = EDGE_CURVE('',#1092,#1100,#1102,.T.);
#1100 = VERTEX_POINT('',#1101);
#1101 = CARTESIAN_POINT('',(-9.749999999995,35.750000000003,-2.25));
#1102 = LINE('',#1103,#1104);
#1103 = CARTESIAN_POINT('',(-15.25,35.750000000003,-2.25));
#1104 = VECTOR('',#1105,1.);
#1105 = DIRECTION('',(1.,-1.11E-15,-1.E-15));
#1106 = ORIENTED_EDGE('',*,*,#1107,.F.);
#1107 = EDGE_CURVE('',#237,#1100,#1108,.T.);
#1108 = LINE('',#1109,#1110);
#1109 = CARTESIAN_POINT('',(-9.749999999995,35.750000000003,-6.25));
#1110 = VECTOR('',#1111,1.);
#1111 = DIRECTION('',(-2.33E-15,-1.22E-15,1.));
#1112 = ORIENTED_EDGE('',*,*,#234,.F.);
#1113 = PLANE('',#1114);
#1114 = AXIS2_PLACEMENT_3D('',#1115,#1116,#1117);
#1115 = CARTESIAN_POINT('',(-15.25,35.750000000003,-6.25));
#1116 = DIRECTION('',(-1.55E-15,1.,-1.44E-15));
#1117 = DIRECTION('',(1.,1.55E-15,-5.6E-16));
#1118 = ADVANCED_FACE('',(#1119),#1137,.F.);
#1119 = FACE_BOUND('',#1120,.F.);
#1120 = EDGE_LOOP('',(#1121,#1129,#1135,#1136));
#1121 = ORIENTED_EDGE('',*,*,#1122,.T.);
#1122 = EDGE_CURVE('',#245,#1123,#1125,.T.);
#1123 = VERTEX_POINT('',#1124);
#1124 = CARTESIAN_POINT('',(-15.25,30.249999999998,-2.25));
#1125 = LINE('',#1126,#1127);
#1126 = CARTESIAN_POINT('',(-15.25,30.249999999998,-6.25));
#1127 = VECTOR('',#1128,1.);
#1128 = DIRECTION('',(-2.33E-15,-1.22E-15,1.));
#1129 = ORIENTED_EDGE('',*,*,#1130,.T.);
#1130 = EDGE_CURVE('',#1123,#1092,#1131,.T.);
#1131 = LINE('',#1132,#1133);
#1132 = CARTESIAN_POINT('',(-15.25,30.249999999998,-2.25));
#1133 = VECTOR('',#1134,1.);
#1134 = DIRECTION('',(-2.E-15,1.,-1.67E-15));
#1135 = ORIENTED_EDGE('',*,*,#1091,.F.);
#1136 = ORIENTED_EDGE('',*,*,#244,.F.);
#1137 = PLANE('',#1138);
#1138 = AXIS2_PLACEMENT_3D('',#1139,#1140,#1141);
#1139 = CARTESIAN_POINT('',(-15.25,30.249999999998,-6.25));
#1140 = DIRECTION('',(-1.,8.9E-16,3.3E-16));
#1141 = DIRECTION('',(8.9E-16,1.,-1.67E-15));
#1142 = ADVANCED_FACE('',(#1143),#1161,.F.);
#1143 = FACE_BOUND('',#1144,.F.);
#1144 = EDGE_LOOP('',(#1145,#1146,#1154,#1160));
#1145 = ORIENTED_EDGE('',*,*,#1107,.T.);
#1146 = ORIENTED_EDGE('',*,*,#1147,.T.);
#1147 = EDGE_CURVE('',#1100,#1148,#1150,.T.);
#1148 = VERTEX_POINT('',#1149);
#1149 = CARTESIAN_POINT('',(-9.749999999995,30.249999999997,-2.25));
#1150 = LINE('',#1151,#1152);
#1151 = CARTESIAN_POINT('',(-9.749999999995,35.750000000003,-2.25));
#1152 = VECTOR('',#1153,1.);
#1153 = DIRECTION('',(2.E-15,-1.,1.67E-15));
#1154 = ORIENTED_EDGE('',*,*,#1155,.F.);
#1155 = EDGE_CURVE('',#253,#1148,#1156,.T.);
#1156 = LINE('',#1157,#1158);
#1157 = CARTESIAN_POINT('',(-9.749999999995,30.249999999998,-6.25));
#1158 = VECTOR('',#1159,1.);
#1159 = DIRECTION('',(-2.33E-15,-1.22E-15,1.));
#1160 = ORIENTED_EDGE('',*,*,#260,.F.);
#1161 = PLANE('',#1162);
#1162 = AXIS2_PLACEMENT_3D('',#1163,#1164,#1165);
#1163 = CARTESIAN_POINT('',(-9.749999999995,35.750000000003,-6.25));
#1164 = DIRECTION('',(1.,-8.9E-16,-3.3E-16));
#1165 = DIRECTION('',(-8.9E-16,-1.,1.67E-15));
#1166 = ADVANCED_FACE('',(#1167),#1178,.F.);
#1167 = FACE_BOUND('',#1168,.F.);
#1168 = EDGE_LOOP('',(#1169,#1170,#1176,#1177));
#1169 = ORIENTED_EDGE('',*,*,#1155,.T.);
#1170 = ORIENTED_EDGE('',*,*,#1171,.T.);
#1171 = EDGE_CURVE('',#1148,#1123,#1172,.T.);
#1172 = LINE('',#1173,#1174);
#1173 = CARTESIAN_POINT('',(-9.749999999995,30.249999999998,-2.25));
#1174 = VECTOR('',#1175,1.);
#1175 = DIRECTION('',(-1.,1.11E-15,1.E-15));
#1176 = ORIENTED_EDGE('',*,*,#1122,.F.);
#1177 = ORIENTED_EDGE('',*,*,#252,.F.);
#1178 = PLANE('',#1179);
#1179 = AXIS2_PLACEMENT_3D('',#1180,#1181,#1182);
#1180 = CARTESIAN_POINT('',(-9.749999999995,30.249999999998,-6.25));
#1181 = DIRECTION('',(1.55E-15,-1.,1.44E-15));
#1182 = DIRECTION('',(-1.,-1.55E-15,5.6E-16));
#1183 = ADVANCED_FACE('',(#1184),#1209,.F.);
#1184 = FACE_BOUND('',#1185,.F.);
#1185 = EDGE_LOOP('',(#1186,#1194,#1202,#1208));
#1186 = ORIENTED_EDGE('',*,*,#1187,.T.);
#1187 = EDGE_CURVE('',#269,#1188,#1190,.T.);
#1188 = VERTEX_POINT('',#1189);
#1189 = CARTESIAN_POINT('',(-9.749999999998,-43.75,-2.25));
#1190 = LINE('',#1191,#1192);
#1191 = CARTESIAN_POINT('',(-9.749999999998,-43.75,-6.25));
#1192 = VECTOR('',#1193,1.);
#1193 = DIRECTION('',(-2.33E-15,-1.22E-15,1.));
#1194 = ORIENTED_EDGE('',*,*,#1195,.T.);
#1195 = EDGE_CURVE('',#1188,#1196,#1198,.T.);
#1196 = VERTEX_POINT('',#1197);
#1197 = CARTESIAN_POINT('',(-15.25,-43.75,-2.25));
#1198 = LINE('',#1199,#1200);
#1199 = CARTESIAN_POINT('',(-9.749999999998,-43.75,-2.25));
#1200 = VECTOR('',#1201,1.);
#1201 = DIRECTION('',(-1.,1.11E-15,1.E-15));
#1202 = ORIENTED_EDGE('',*,*,#1203,.F.);
#1203 = EDGE_CURVE('',#271,#1196,#1204,.T.);
#1204 = LINE('',#1205,#1206);
#1205 = CARTESIAN_POINT('',(-15.25,-43.75,-6.25));
#1206 = VECTOR('',#1207,1.);
#1207 = DIRECTION('',(-2.33E-15,-1.22E-15,1.));
#1208 = ORIENTED_EDGE('',*,*,#268,.F.);
#1209 = PLANE('',#1210);
#1210 = AXIS2_PLACEMENT_3D('',#1211,#1212,#1213);
#1211 = CARTESIAN_POINT('',(-9.749999999998,-43.75,-6.25));
#1212 = DIRECTION('',(1.55E-15,-1.,1.44E-15));
#1213 = DIRECTION('',(-1.,-1.55E-15,5.6E-16));
#1214 = ADVANCED_FACE('',(#1215),#1233,.F.);
#1215 = FACE_BOUND('',#1216,.F.);
#1216 = EDGE_LOOP('',(#1217,#1225,#1231,#1232));
#1217 = ORIENTED_EDGE('',*,*,#1218,.T.);
#1218 = EDGE_CURVE('',#279,#1219,#1221,.T.);
#1219 = VERTEX_POINT('',#1220);
#1220 = CARTESIAN_POINT('',(-9.749999999998,-38.25,-2.25));
#1221 = LINE('',#1222,#1223);
#1222 = CARTESIAN_POINT('',(-9.749999999998,-38.25,-6.25));
#1223 = VECTOR('',#1224,1.);
#1224 = DIRECTION('',(-2.33E-15,-1.22E-15,1.));
#1225 = ORIENTED_EDGE('',*,*,#1226,.T.);
#1226 = EDGE_CURVE('',#1219,#1188,#1227,.T.);
#1227 = LINE('',#1228,#1229);
#1228 = CARTESIAN_POINT('',(-9.749999999998,-38.25,-2.25));
#1229 = VECTOR('',#1230,1.);
#1230 = DIRECTION('',(2.E-15,-1.,1.67E-15));
#1231 = ORIENTED_EDGE('',*,*,#1187,.F.);
#1232 = ORIENTED_EDGE('',*,*,#278,.F.);
#1233 = PLANE('',#1234);
#1234 = AXIS2_PLACEMENT_3D('',#1235,#1236,#1237);
#1235 = CARTESIAN_POINT('',(-9.749999999998,-38.25,-6.25));
#1236 = DIRECTION('',(1.,-8.9E-16,-3.3E-16));
#1237 = DIRECTION('',(-8.9E-16,-1.,1.67E-15));
#1238 = ADVANCED_FACE('',(#1239),#1257,.F.);
#1239 = FACE_BOUND('',#1240,.F.);
#1240 = EDGE_LOOP('',(#1241,#1242,#1250,#1256));
#1241 = ORIENTED_EDGE('',*,*,#1203,.T.);
#1242 = ORIENTED_EDGE('',*,*,#1243,.T.);
#1243 = EDGE_CURVE('',#1196,#1244,#1246,.T.);
#1244 = VERTEX_POINT('',#1245);
#1245 = CARTESIAN_POINT('',(-15.25,-38.25,-2.25));
#1246 = LINE('',#1247,#1248);
#1247 = CARTESIAN_POINT('',(-15.25,-43.75,-2.25));
#1248 = VECTOR('',#1249,1.);
#1249 = DIRECTION('',(-2.E-15,1.,-1.67E-15));
#1250 = ORIENTED_EDGE('',*,*,#1251,.F.);
#1251 = EDGE_CURVE('',#287,#1244,#1252,.T.);
#1252 = LINE('',#1253,#1254);
#1253 = CARTESIAN_POINT('',(-15.25,-38.25,-6.25));
#1254 = VECTOR('',#1255,1.);
#1255 = DIRECTION('',(-2.33E-15,-1.22E-15,1.));
#1256 = ORIENTED_EDGE('',*,*,#294,.F.);
#1257 = PLANE('',#1258);
#1258 = AXIS2_PLACEMENT_3D('',#1259,#1260,#1261);
#1259 = CARTESIAN_POINT('',(-15.25,-43.75,-6.25));
#1260 = DIRECTION('',(-1.,8.9E-16,3.3E-16));
#1261 = DIRECTION('',(8.9E-16,1.,-1.67E-15));
#1262 = ADVANCED_FACE('',(#1263),#1274,.F.);
#1263 = FACE_BOUND('',#1264,.F.);
#1264 = EDGE_LOOP('',(#1265,#1266,#1272,#1273));
#1265 = ORIENTED_EDGE('',*,*,#1251,.T.);
#1266 = ORIENTED_EDGE('',*,*,#1267,.T.);
#1267 = EDGE_CURVE('',#1244,#1219,#1268,.T.);
#1268 = LINE('',#1269,#1270);
#1269 = CARTESIAN_POINT('',(-15.25,-38.25,-2.25));
#1270 = VECTOR('',#1271,1.);
#1271 = DIRECTION('',(1.,-1.11E-15,-1.E-15));
#1272 = ORIENTED_EDGE('',*,*,#1218,.F.);
#1273 = ORIENTED_EDGE('',*,*,#286,.F.);
#1274 = PLANE('',#1275);
#1275 = AXIS2_PLACEMENT_3D('',#1276,#1277,#1278);
#1276 = CARTESIAN_POINT('',(-15.25,-38.25,-6.25));
#1277 = DIRECTION('',(-1.55E-15,1.,-1.44E-15));
#1278 = DIRECTION('',(1.,1.55E-15,-5.6E-16));
#1279 = ADVANCED_FACE('',(#1280),#1307,.T.);
#1280 = FACE_BOUND('',#1281,.T.);
#1281 = EDGE_LOOP('',(#1282,#1283,#1284,#1292,#1301));
#1282 = ORIENTED_EDGE('',*,*,#308,.T.);
#1283 = ORIENTED_EDGE('',*,*,#402,.T.);
#1284 = ORIENTED_EDGE('',*,*,#1285,.T.);
#1285 = EDGE_CURVE('',#403,#1286,#1288,.T.);
#1286 = VERTEX_POINT('',#1287);
#1287 = CARTESIAN_POINT('',(1.452368754828,39.225,2.35));
#1288 = LINE('',#1289,#1290);
#1289 = CARTESIAN_POINT('',(1.452368754828,39.225,-6.25));
#1290 = VECTOR('',#1291,1.);
#1291 = DIRECTION('',(-2.33E-15,1.41E-15,1.));
#1292 = ORIENTED_EDGE('',*,*,#1293,.T.);
#1293 = EDGE_CURVE('',#1286,#1294,#1296,.T.);
#1294 = VERTEX_POINT('',#1295);
#1295 = CARTESIAN_POINT('',(1.936491673104,39.6,2.35));
#1296 = CIRCLE('',#1297,0.5);
#1297 = AXIS2_PLACEMENT_3D('',#1298,#1299,#1300);
#1298 = CARTESIAN_POINT('',(1.936491673104,39.1,2.35));
#1299 = DIRECTION('',(1.67E-15,-1.63E-15,-1.));
#1300 = DIRECTION('',(-3.E-16,1.,-1.63E-15));
#1301 = ORIENTED_EDGE('',*,*,#1302,.F.);
#1302 = EDGE_CURVE('',#309,#1294,#1303,.T.);
#1303 = LINE('',#1304,#1305);
#1304 = CARTESIAN_POINT('',(1.936491673104,39.6,-6.25));
#1305 = VECTOR('',#1306,1.);
#1306 = DIRECTION('',(-2.33E-15,1.41E-15,1.));
#1307 = CYLINDRICAL_SURFACE('',#1308,0.5);
#1308 = AXIS2_PLACEMENT_3D('',#1309,#1310,#1311);
#1309 = CARTESIAN_POINT('',(1.936491673104,39.1,-6.25));
#1310 = DIRECTION('',(2.11E-15,-1.63E-15,-1.));
#1311 = DIRECTION('',(2.2E-16,1.,-1.63E-15));
#1312 = ADVANCED_FACE('',(#1313),#1331,.F.);
#1313 = FACE_BOUND('',#1314,.F.);
#1314 = EDGE_LOOP('',(#1315,#1316,#1324,#1330));
#1315 = ORIENTED_EDGE('',*,*,#319,.F.);
#1316 = ORIENTED_EDGE('',*,*,#1317,.T.);
#1317 = EDGE_CURVE('',#320,#1318,#1320,.T.);
#1318 = VERTEX_POINT('',#1319);
#1319 = CARTESIAN_POINT('',(2.05,39.6,2.35));
#1320 = LINE('',#1321,#1322);
#1321 = CARTESIAN_POINT('',(2.05,39.6,-6.25));
#1322 = VECTOR('',#1323,1.);
#1323 = DIRECTION('',(-2.33E-15,7.4E-16,1.));
#1324 = ORIENTED_EDGE('',*,*,#1325,.T.);
#1325 = EDGE_CURVE('',#1318,#1294,#1326,.T.);
#1326 = LINE('',#1327,#1328);
#1327 = CARTESIAN_POINT('',(2.05,39.6,2.35));
#1328 = VECTOR('',#1329,1.);
#1329 = DIRECTION('',(-1.,5.9E-16,-7.8E-16));
#1330 = ORIENTED_EDGE('',*,*,#1302,.F.);
#1331 = PLANE('',#1332);
#1332 = AXIS2_PLACEMENT_3D('',#1333,#1334,#1335);
#1333 = CARTESIAN_POINT('',(2.05,39.6,-6.25));
#1334 = DIRECTION('',(2.2E-16,-1.,1.63E-15));
#1335 = DIRECTION('',(-1.,-2.2E-16,-1.22E-15));
#1336 = ADVANCED_FACE('',(#1337),#1355,.F.);
#1337 = FACE_BOUND('',#1338,.F.);
#1338 = EDGE_LOOP('',(#1339,#1347,#1353,#1354));
#1339 = ORIENTED_EDGE('',*,*,#1340,.T.);
#1340 = EDGE_CURVE('',#460,#1341,#1343,.T.);
#1341 = VERTEX_POINT('',#1342);
#1342 = CARTESIAN_POINT('',(2.05,41.4,2.35));
#1343 = LINE('',#1344,#1345);
#1344 = CARTESIAN_POINT('',(2.05,41.4,-6.25));
#1345 = VECTOR('',#1346,1.);
#1346 = DIRECTION('',(-2.33E-15,7.4E-16,1.));
#1347 = ORIENTED_EDGE('',*,*,#1348,.T.);
#1348 = EDGE_CURVE('',#1341,#1318,#1349,.T.);
#1349 = LINE('',#1350,#1351);
#1350 = CARTESIAN_POINT('',(2.05,41.4,2.35));
#1351 = VECTOR('',#1352,1.);
#1352 = DIRECTION('',(7.4E-16,-1.,1.52E-15));
#1353 = ORIENTED_EDGE('',*,*,#1317,.F.);
#1354 = ORIENTED_EDGE('',*,*,#469,.F.);
#1355 = PLANE('',#1356);
#1356 = AXIS2_PLACEMENT_3D('',#1357,#1358,#1359);
#1357 = CARTESIAN_POINT('',(2.05,41.4,-6.25));
#1358 = DIRECTION('',(1.,-4.4E-16,1.44E-15));
#1359 = DIRECTION('',(-4.4E-16,-1.,1.85E-15));
#1360 = ADVANCED_FACE('',(#1361,#1382),#1481,.F.);
#1361 = FACE_BOUND('',#1362,.F.);
#1362 = EDGE_LOOP('',(#1363,#1371,#1372,#1373,#1374,#1375));
#1363 = ORIENTED_EDGE('',*,*,#1364,.F.);
#1364 = EDGE_CURVE('',#592,#1365,#1367,.T.);
#1365 = VERTEX_POINT('',#1366);
#1366 = CARTESIAN_POINT('',(-1.452368754828,39.225,2.35));
#1367 = LINE('',#1368,#1369);
#1368 = CARTESIAN_POINT('',(-1.452368754828,39.225,-6.25));
#1369 = VECTOR('',#1370,1.);
#1370 = DIRECTION('',(-2.33E-15,1.41E-15,1.));
#1371 = ORIENTED_EDGE('',*,*,#591,.F.);
#1372 = ORIENTED_EDGE('',*,*,#551,.F.);
#1373 = ORIENTED_EDGE('',*,*,#484,.F.);
#1374 = ORIENTED_EDGE('',*,*,#1285,.T.);
#1375 = ORIENTED_EDGE('',*,*,#1376,.T.);
#1376 = EDGE_CURVE('',#1286,#1365,#1377,.T.);
#1377 = CIRCLE('',#1378,1.5);
#1378 = AXIS2_PLACEMENT_3D('',#1379,#1380,#1381);
#1379 = CARTESIAN_POINT('',(-1.351E-14,39.6,2.35));
#1380 = DIRECTION('',(1.67E-15,-1.63E-15,-1.));
#1381 = DIRECTION('',(-3.E-16,1.,-1.63E-15));
#1382 = FACE_BOUND('',#1383,.F.);
#1383 = EDGE_LOOP('',(#1384));
#1384 = ORIENTED_EDGE('',*,*,#1385,.T.);
#1385 = EDGE_CURVE('',#1386,#1386,#1388,.T.);
#1386 = VERTEX_POINT('',#1387);
#1387 = CARTESIAN_POINT('',(4.E-14,38.1,0.25));
#1388 = B_SPLINE_CURVE_WITH_KNOTS('',6,(#1389,#1390,#1391,#1392,#1393,
    #1394,#1395,#1396,#1397,#1398,#1399,#1400,#1401,#1402,#1403,#1404,
    #1405,#1406,#1407,#1408,#1409,#1410,#1411,#1412,#1413,#1414,#1415,
    #1416,#1417,#1418,#1419,#1420,#1421,#1422,#1423,#1424,#1425,#1426,
    #1427,#1428,#1429,#1430,#1431,#1432,#1433,#1434,#1435,#1436,#1437,
    #1438,#1439,#1440,#1441,#1442,#1443,#1444,#1445,#1446,#1447,#1448,
    #1449,#1450,#1451,#1452,#1453,#1454,#1455,#1456,#1457,#1458,#1459,
    #1460,#1461,#1462,#1463,#1464,#1465,#1466,#1467,#1468,#1469,#1470,
    #1471,#1472,#1473,#1474,#1475,#1476,#1477,#1478,#1479,#1480),
  .UNSPECIFIED.,.T.,.F.,(7,5,5,5,5,5,5,5,5,5,5,5,5,5,5,5,5,5,7),(0.,
    6.532364639181E-02,0.139715587982,0.198523349236,0.216359139101,
    0.249585118945,0.300036445063,0.359456799687,0.434121661675,
    0.499558368142,0.564997512563,0.639520985736,0.698432724353,
    0.716300049485,0.749584775822,0.80012530438,0.859650719487,
    0.934447595604,1.),.UNSPECIFIED.);
#1389 = CARTESIAN_POINT('',(2.129E-14,38.1,0.25));
#1390 = CARTESIAN_POINT('',(7.487087425869E-02,38.1,0.25));
#1391 = CARTESIAN_POINT('',(0.149474818117,38.104484639728,
    0.243273244828));
#1392 = CARTESIAN_POINT('',(0.222810320126,38.113393149566,
    0.229909526806));
#1393 = CARTESIAN_POINT('',(0.29389268922,38.126369246447,0.210259153898
    ));
#1394 = CARTESIAN_POINT('',(0.361808534382,38.142761014737,
    0.184929405838));
#1395 = CARTESIAN_POINT('',(0.498630534488,38.183264318914,
    0.120545859705));
#1396 = CARTESIAN_POINT('',(0.56657214705,38.208193141888,
    7.997778386181E-02));
#1397 = CARTESIAN_POINT('',(0.629335862202,38.23551233356,
    3.395558447791E-02));
#1398 = CARTESIAN_POINT('',(0.686752498269,38.2642417777,
    -1.68343090395E-02));
#1399 = CARTESIAN_POINT('',(0.738695888743,38.29336896982,
    -7.182431449766E-02));
#1400 = CARTESIAN_POINT('',(0.821651987068,38.344318745904,
    -0.176952286687));
#1401 = CARTESIAN_POINT('',(0.854853555483,38.366444830601,
    -0.22579937986));
#1402 = CARTESIAN_POINT('',(0.884528595216,38.387668695435,
    -0.276858733929));
#1403 = CARTESIAN_POINT('',(0.910567147107,38.407423368736,
    -0.329932148089));
#1404 = CARTESIAN_POINT('',(0.932853778307,38.425117702903,
    -0.384855444521));
#1405 = CARTESIAN_POINT('',(0.956798088978,38.444755718486,
    -0.458686319268));
#1406 = CARTESIAN_POINT('',(0.962006983887,38.449081609234,
    -0.476016497539));
#1407 = CARTESIAN_POINT('',(0.96684736558,38.45314668737,-0.493487593482
    ));
#1408 = CARTESIAN_POINT('',(0.971314015516,38.45693512714,
    -0.511090373433));
#1409 = CARTESIAN_POINT('',(0.975401802615,38.460432000088,
    -0.528814381245));
#1410 = CARTESIAN_POINT('',(0.986005577507,38.469568245167,
    -0.579869758673));
#1411 = CARTESIAN_POINT('',(0.991577847303,38.47445708513,
    -0.613493322912));
#1412 = CARTESIAN_POINT('',(0.995781752714,38.478192794964,
    -0.647414563385));
#1413 = CARTESIAN_POINT('',(0.998593008434,38.480707724969,
    -0.681534222445));
#1414 = CARTESIAN_POINT('',(1.,38.48196601125,-0.715758549819));
#1415 = CARTESIAN_POINT('',(1.,38.48196601125,-0.801993246789));
#1416 = CARTESIAN_POINT('',(0.996756062101,38.479064566053,
    -0.853876746031));
#1417 = CARTESIAN_POINT('',(0.990293738516,38.473284391691,
    -0.905389578206));
#1418 = CARTESIAN_POINT('',(0.98066859437,38.464802684577,
    -0.956259311465));
#1419 = CARTESIAN_POINT('',(0.967976412879,38.453951695602,
    -1.006172716102));
#1420 = CARTESIAN_POINT('',(0.934115709543,38.426121935052,
    -1.111992162613));
#1421 = CARTESIAN_POINT('',(0.911813468668,38.408373771863,
    -1.167473570554));
#1422 = CARTESIAN_POINT('',(0.885689179663,38.388507606931,
    -1.221080966648));
#1423 = CARTESIAN_POINT('',(0.855861648566,38.367130801074,
    -1.272645175237));
#1424 = CARTESIAN_POINT('',(0.822444838291,38.344826511163,
    -1.321961591941));
#1425 = CARTESIAN_POINT('',(0.739181708199,38.293641523955,
    -1.427660973629));
#1426 = CARTESIAN_POINT('',(0.687182238052,38.264456895365,
    -1.482785348157));
#1427 = CARTESIAN_POINT('',(0.629688269761,38.235665787539,
    -1.533697060725));
#1428 = CARTESIAN_POINT('',(0.566826603442,38.208286537546,
    -1.579825775568));
#1429 = CARTESIAN_POINT('',(0.498767124488,38.183304753539,
    -1.62048158533));
#1430 = CARTESIAN_POINT('',(0.361812342836,38.142762142151,
    -1.684927613716));
#1431 = CARTESIAN_POINT('',(0.293896326622,38.126369873383,
    -1.710258230786));
#1432 = CARTESIAN_POINT('',(0.2228114329,38.113393019196,-1.729909737666
    ));
#1433 = CARTESIAN_POINT('',(0.149473079408,38.104484302062,
    -1.743273744574));
#1434 = CARTESIAN_POINT('',(7.486808492404E-02,38.1,-1.75));
#1435 = CARTESIAN_POINT('',(-7.487087425871E-02,38.1,-1.75));
#1436 = CARTESIAN_POINT('',(-0.149474818116,38.104484639728,
    -1.743273244828));
#1437 = CARTESIAN_POINT('',(-0.222810320127,38.113393149566,
    -1.729909526806));
#1438 = CARTESIAN_POINT('',(-0.29389268922,38.126369246447,
    -1.710259153898));
#1439 = CARTESIAN_POINT('',(-0.361808534382,38.142761014737,
    -1.684929405839));
#1440 = CARTESIAN_POINT('',(-0.498630534488,38.183264318914,
    -1.620545859705));
#1441 = CARTESIAN_POINT('',(-0.56657214705,38.208193141888,
    -1.579977783862));
#1442 = CARTESIAN_POINT('',(-0.629335862202,38.23551233356,
    -1.533955584478));
#1443 = CARTESIAN_POINT('',(-0.686752498269,38.2642417777,
    -1.483165690961));
#1444 = CARTESIAN_POINT('',(-0.738695888743,38.29336896982,
    -1.428175685503));
#1445 = CARTESIAN_POINT('',(-0.821651987068,38.344318745904,
    -1.323047713313));
#1446 = CARTESIAN_POINT('',(-0.854853555483,38.366444830601,
    -1.27420062014));
#1447 = CARTESIAN_POINT('',(-0.884528595216,38.387668695435,
    -1.223141266072));
#1448 = CARTESIAN_POINT('',(-0.910567147107,38.407423368736,
    -1.170067851911));
#1449 = CARTESIAN_POINT('',(-0.932853778307,38.425117702903,
    -1.115144555479));
#1450 = CARTESIAN_POINT('',(-0.956798088978,38.444755718486,
    -1.041313680733));
#1451 = CARTESIAN_POINT('',(-0.962006983887,38.449081609234,
    -1.023983502461));
#1452 = CARTESIAN_POINT('',(-0.96684736558,38.45314668737,
    -1.006512406518));
#1453 = CARTESIAN_POINT('',(-0.971314015516,38.45693512714,
    -0.988909626568));
#1454 = CARTESIAN_POINT('',(-0.975401802615,38.460432000088,
    -0.971185618755));
#1455 = CARTESIAN_POINT('',(-0.986005577507,38.469568245167,
    -0.920130241327));
#1456 = CARTESIAN_POINT('',(-0.991577847303,38.47445708513,
    -0.886506677088));
#1457 = CARTESIAN_POINT('',(-0.995781752714,38.478192794964,
    -0.852585436615));
#1458 = CARTESIAN_POINT('',(-0.998593008434,38.480707724969,
    -0.818465777555));
#1459 = CARTESIAN_POINT('',(-1.,38.48196601125,-0.784241450181));
#1460 = CARTESIAN_POINT('',(-1.,38.48196601125,-0.698006753211));
#1461 = CARTESIAN_POINT('',(-0.996756062101,38.479064566053,
    -0.646123253969));
#1462 = CARTESIAN_POINT('',(-0.990293738516,38.473284391691,
    -0.594610421795));
#1463 = CARTESIAN_POINT('',(-0.980668594369,38.464802684577,
    -0.543740688534));
#1464 = CARTESIAN_POINT('',(-0.967976412879,38.453951695602,
    -0.493827283899));
#1465 = CARTESIAN_POINT('',(-0.934115709543,38.426121935052,
    -0.388007837387));
#1466 = CARTESIAN_POINT('',(-0.911813468668,38.408373771862,
    -0.332526429446));
#1467 = CARTESIAN_POINT('',(-0.885689179663,38.388507606931,
    -0.278919033353));
#1468 = CARTESIAN_POINT('',(-0.855861648565,38.367130801074,
    -0.227354824763));
#1469 = CARTESIAN_POINT('',(-0.822444838291,38.344826511163,
    -0.178038408059));
#1470 = CARTESIAN_POINT('',(-0.739181708199,38.293641523955,
    -7.23390263717E-02));
#1471 = CARTESIAN_POINT('',(-0.687182238052,38.264456895365,
    -1.721465184353E-02));
#1472 = CARTESIAN_POINT('',(-0.629688269761,38.235665787539,
    3.369706072443E-02));
#1473 = CARTESIAN_POINT('',(-0.566826603442,38.208286537546,
    7.982577556824E-02));
#1474 = CARTESIAN_POINT('',(-0.498767124488,38.183304753539,
    0.120481585329));
#1475 = CARTESIAN_POINT('',(-0.361812342835,38.142762142151,
    0.184927613716));
#1476 = CARTESIAN_POINT('',(-0.293896326622,38.126369873383,
    0.210258230785));
#1477 = CARTESIAN_POINT('',(-0.2228114329,38.113393019196,0.229909737666
    ));
#1478 = CARTESIAN_POINT('',(-0.149473079407,38.104484302062,
    0.243273744573));
#1479 = CARTESIAN_POINT('',(-7.486808492399E-02,38.1,0.25));
#1480 = CARTESIAN_POINT('',(2.129E-14,38.1,0.25));
#1481 = CYLINDRICAL_SURFACE('',#1482,1.5);
#1482 = AXIS2_PLACEMENT_3D('',#1483,#1484,#1485);
#1483 = CARTESIAN_POINT('',(2.536E-14,39.6,-6.25));
#1484 = DIRECTION('',(2.11E-15,-1.63E-15,-1.));
#1485 = DIRECTION('',(2.2E-16,1.,-1.63E-15));
#1486 = ADVANCED_FACE('',(#1487,#1505),#1516,.F.);
#1487 = FACE_BOUND('',#1488,.F.);
#1488 = EDGE_LOOP('',(#1489,#1497,#1503,#1504));
#1489 = ORIENTED_EDGE('',*,*,#1490,.T.);
#1490 = EDGE_CURVE('',#518,#1491,#1493,.T.);
#1491 = VERTEX_POINT('',#1492);
#1492 = CARTESIAN_POINT('',(-2.05,41.4,2.35));
#1493 = LINE('',#1494,#1495);
#1494 = CARTESIAN_POINT('',(-2.05,41.4,-6.25));
#1495 = VECTOR('',#1496,1.);
#1496 = DIRECTION('',(-2.33E-15,7.4E-16,1.));
#1497 = ORIENTED_EDGE('',*,*,#1498,.T.);
#1498 = EDGE_CURVE('',#1491,#1341,#1499,.T.);
#1499 = LINE('',#1500,#1501);
#1500 = CARTESIAN_POINT('',(-2.05,41.4,2.35));
#1501 = VECTOR('',#1502,1.);
#1502 = DIRECTION('',(1.,-5.9E-16,7.8E-16));
#1503 = ORIENTED_EDGE('',*,*,#1340,.F.);
#1504 = ORIENTED_EDGE('',*,*,#527,.F.);
#1505 = FACE_BOUND('',#1506,.F.);
#1506 = EDGE_LOOP('',(#1507));
#1507 = ORIENTED_EDGE('',*,*,#1508,.F.);
#1508 = EDGE_CURVE('',#1509,#1509,#1511,.T.);
#1509 = VERTEX_POINT('',#1510);
#1510 = CARTESIAN_POINT('',(4.E-14,41.4,0.25));
#1511 = CIRCLE('',#1512,1.);
#1512 = AXIS2_PLACEMENT_3D('',#1513,#1514,#1515);
#1513 = CARTESIAN_POINT('',(8.17E-15,41.4,-0.75));
#1514 = DIRECTION('',(4.4E-16,1.,0.));
#1515 = DIRECTION('',(-1.33E-15,5.852E-31,1.));
#1516 = PLANE('',#1517);
#1517 = AXIS2_PLACEMENT_3D('',#1518,#1519,#1520);
#1518 = CARTESIAN_POINT('',(-2.05,41.4,-6.25));
#1519 = DIRECTION('',(-2.2E-16,1.,-1.63E-15));
#1520 = DIRECTION('',(1.,2.2E-16,1.22E-15));
#1521 = ADVANCED_FACE('',(#1522),#1540,.F.);
#1522 = FACE_BOUND('',#1523,.F.);
#1523 = EDGE_LOOP('',(#1524,#1532,#1538,#1539));
#1524 = ORIENTED_EDGE('',*,*,#1525,.T.);
#1525 = EDGE_CURVE('',#567,#1526,#1528,.T.);
#1526 = VERTEX_POINT('',#1527);
#1527 = CARTESIAN_POINT('',(-2.05,39.6,2.35));
#1528 = LINE('',#1529,#1530);
#1529 = CARTESIAN_POINT('',(-2.05,39.6,-6.25));
#1530 = VECTOR('',#1531,1.);
#1531 = DIRECTION('',(-2.33E-15,7.4E-16,1.));
#1532 = ORIENTED_EDGE('',*,*,#1533,.T.);
#1533 = EDGE_CURVE('',#1526,#1491,#1534,.T.);
#1534 = LINE('',#1535,#1536);
#1535 = CARTESIAN_POINT('',(-2.05,39.6,2.35));
#1536 = VECTOR('',#1537,1.);
#1537 = DIRECTION('',(-7.4E-16,1.,-1.52E-15));
#1538 = ORIENTED_EDGE('',*,*,#1490,.F.);
#1539 = ORIENTED_EDGE('',*,*,#576,.F.);
#1540 = PLANE('',#1541);
#1541 = AXIS2_PLACEMENT_3D('',#1542,#1543,#1544);
#1542 = CARTESIAN_POINT('',(-2.05,39.6,-6.25));
#1543 = DIRECTION('',(-1.,4.4E-16,-1.44E-15));
#1544 = DIRECTION('',(4.4E-16,1.,-1.85E-15));
#1545 = ADVANCED_FACE('',(#1546),#1566,.T.);
#1546 = FACE_BOUND('',#1547,.T.);
#1547 = EDGE_LOOP('',(#1548,#1549,#1557,#1564,#1565));
#1548 = ORIENTED_EDGE('',*,*,#624,.T.);
#1549 = ORIENTED_EDGE('',*,*,#1550,.T.);
#1550 = EDGE_CURVE('',#627,#1551,#1553,.T.);
#1551 = VERTEX_POINT('',#1552);
#1552 = CARTESIAN_POINT('',(-1.936491673104,39.6,2.35));
#1553 = LINE('',#1554,#1555);
#1554 = CARTESIAN_POINT('',(-1.936491673104,39.6,-6.25));
#1555 = VECTOR('',#1556,1.);
#1556 = DIRECTION('',(-2.33E-15,1.41E-15,1.));
#1557 = ORIENTED_EDGE('',*,*,#1558,.T.);
#1558 = EDGE_CURVE('',#1551,#1365,#1559,.T.);
#1559 = CIRCLE('',#1560,0.5);
#1560 = AXIS2_PLACEMENT_3D('',#1561,#1562,#1563);
#1561 = CARTESIAN_POINT('',(-1.936491673104,39.1,2.35));
#1562 = DIRECTION('',(1.67E-15,-1.63E-15,-1.));
#1563 = DIRECTION('',(-3.E-16,1.,-1.63E-15));
#1564 = ORIENTED_EDGE('',*,*,#1364,.F.);
#1565 = ORIENTED_EDGE('',*,*,#711,.T.);
#1566 = CYLINDRICAL_SURFACE('',#1567,0.5);
#1567 = AXIS2_PLACEMENT_3D('',#1568,#1569,#1570);
#1568 = CARTESIAN_POINT('',(-1.936491673104,39.1,-6.25));
#1569 = DIRECTION('',(2.11E-15,-1.63E-15,-1.));
#1570 = DIRECTION('',(2.2E-16,1.,-1.63E-15));
#1571 = ADVANCED_FACE('',(#1572),#1583,.F.);
#1572 = FACE_BOUND('',#1573,.F.);
#1573 = EDGE_LOOP('',(#1574,#1575,#1576,#1582));
#1574 = ORIENTED_EDGE('',*,*,#696,.F.);
#1575 = ORIENTED_EDGE('',*,*,#1550,.T.);
#1576 = ORIENTED_EDGE('',*,*,#1577,.T.);
#1577 = EDGE_CURVE('',#1551,#1526,#1578,.T.);
#1578 = LINE('',#1579,#1580);
#1579 = CARTESIAN_POINT('',(2.05,39.6,2.35));
#1580 = VECTOR('',#1581,1.);
#1581 = DIRECTION('',(-1.,5.9E-16,-7.8E-16));
#1582 = ORIENTED_EDGE('',*,*,#1525,.F.);
#1583 = PLANE('',#1584);
#1584 = AXIS2_PLACEMENT_3D('',#1585,#1586,#1587);
#1585 = CARTESIAN_POINT('',(2.05,39.6,-6.25));
#1586 = DIRECTION('',(2.2E-16,-1.,1.63E-15));
#1587 = DIRECTION('',(-1.,-2.2E-16,-1.22E-15));
#1588 = ADVANCED_FACE('',(#1589),#1657,.T.);
#1589 = FACE_BOUND('',#1590,.T.);
#1590 = EDGE_LOOP('',(#1591,#1592,#1593,#1601,#1609,#1618,#1626,#1635,
    #1643,#1651));
#1591 = ORIENTED_EDGE('',*,*,#771,.F.);
#1592 = ORIENTED_EDGE('',*,*,#830,.F.);
#1593 = ORIENTED_EDGE('',*,*,#1594,.F.);
#1594 = EDGE_CURVE('',#1595,#821,#1597,.T.);
#1595 = VERTEX_POINT('',#1596);
#1596 = CARTESIAN_POINT('',(-19.,-46.5,6.25));
#1597 = LINE('',#1598,#1599);
#1598 = CARTESIAN_POINT('',(-19.,-46.5,6.25));
#1599 = VECTOR('',#1600,1.);
#1600 = DIRECTION('',(2.33E-15,8.9E-16,-1.));
#1601 = ORIENTED_EDGE('',*,*,#1602,.F.);
#1602 = EDGE_CURVE('',#1603,#1595,#1605,.T.);
#1603 = VERTEX_POINT('',#1604);
#1604 = CARTESIAN_POINT('',(-19.,-31.5,6.25));
#1605 = LINE('',#1606,#1607);
#1606 = CARTESIAN_POINT('',(-19.,47.5,6.25));
#1607 = VECTOR('',#1608,1.);
#1608 = DIRECTION('',(2.22E-15,-1.,2.23E-15));
#1609 = ORIENTED_EDGE('',*,*,#1610,.T.);
#1610 = EDGE_CURVE('',#1603,#1611,#1613,.T.);
#1611 = VERTEX_POINT('',#1612);
#1612 = CARTESIAN_POINT('',(-19.,-22.5,6.25));
#1613 = CIRCLE('',#1614,4.5);
#1614 = AXIS2_PLACEMENT_3D('',#1615,#1616,#1617);
#1615 = CARTESIAN_POINT('',(-19.,-27.,6.25));
#1616 = DIRECTION('',(1.,2.22E-15,2.55E-15));
#1617 = DIRECTION('',(-2.22E-15,1.,-1.89E-15));
#1618 = ORIENTED_EDGE('',*,*,#1619,.F.);
#1619 = EDGE_CURVE('',#1620,#1611,#1622,.T.);
#1620 = VERTEX_POINT('',#1621);
#1621 = CARTESIAN_POINT('',(-19.,15.5,6.25));
#1622 = LINE('',#1623,#1624);
#1623 = CARTESIAN_POINT('',(-19.,47.5,6.25));
#1624 = VECTOR('',#1625,1.);
#1625 = DIRECTION('',(2.22E-15,-1.,2.23E-15));
#1626 = ORIENTED_EDGE('',*,*,#1627,.T.);
#1627 = EDGE_CURVE('',#1620,#1628,#1630,.T.);
#1628 = VERTEX_POINT('',#1629);
#1629 = CARTESIAN_POINT('',(-19.,24.5,6.25));
#1630 = CIRCLE('',#1631,4.5);
#1631 = AXIS2_PLACEMENT_3D('',#1632,#1633,#1634);
#1632 = CARTESIAN_POINT('',(-19.,20.,6.25));
#1633 = DIRECTION('',(1.,2.22E-15,2.55E-15));
#1634 = DIRECTION('',(-2.22E-15,1.,-1.89E-15));
#1635 = ORIENTED_EDGE('',*,*,#1636,.F.);
#1636 = EDGE_CURVE('',#1637,#1628,#1639,.T.);
#1637 = VERTEX_POINT('',#1638);
#1638 = CARTESIAN_POINT('',(-19.,41.5,6.25));
#1639 = LINE('',#1640,#1641);
#1640 = CARTESIAN_POINT('',(-19.,47.5,6.25));
#1641 = VECTOR('',#1642,1.);
#1642 = DIRECTION('',(2.22E-15,-1.,2.23E-15));
#1643 = ORIENTED_EDGE('',*,*,#1644,.T.);
#1644 = EDGE_CURVE('',#1637,#1645,#1647,.T.);
#1645 = VERTEX_POINT('',#1646);
#1646 = CARTESIAN_POINT('',(-19.,41.5,4.75));
#1647 = LINE('',#1648,#1649);
#1648 = CARTESIAN_POINT('',(-19.,41.5,6.25));
#1649 = VECTOR('',#1650,1.);
#1650 = DIRECTION('',(2.E-15,1.E-15,-1.));
#1651 = ORIENTED_EDGE('',*,*,#1652,.T.);
#1652 = EDGE_CURVE('',#1645,#772,#1653,.T.);
#1653 = LINE('',#1654,#1655);
#1654 = CARTESIAN_POINT('',(-19.,41.5,4.75));
#1655 = VECTOR('',#1656,1.);
#1656 = DIRECTION('',(-2.11E-15,1.,-1.44E-15));
#1657 = PLANE('',#1658);
#1658 = AXIS2_PLACEMENT_3D('',#1659,#1660,#1661);
#1659 = CARTESIAN_POINT('',(-19.,3.274E-14,1.239E-14));
#1660 = DIRECTION('',(-1.,8.9E-16,4.5E-16));
#1661 = DIRECTION('',(-4.5E-16,1.44E-15,-1.));
#1662 = ADVANCED_FACE('',(#1663),#1731,.T.);
#1663 = FACE_BOUND('',#1664,.T.);
#1664 = EDGE_LOOP('',(#1665,#1675,#1681,#1682,#1683,#1691,#1699,#1707,
    #1716,#1724));
#1665 = ORIENTED_EDGE('',*,*,#1666,.T.);
#1666 = EDGE_CURVE('',#1667,#1669,#1671,.T.);
#1667 = VERTEX_POINT('',#1668);
#1668 = CARTESIAN_POINT('',(19.,-31.5,6.25));
#1669 = VERTEX_POINT('',#1670);
#1670 = CARTESIAN_POINT('',(19.,-46.5,6.25));
#1671 = LINE('',#1672,#1673);
#1672 = CARTESIAN_POINT('',(19.,47.5,6.25));
#1673 = VECTOR('',#1674,1.);
#1674 = DIRECTION('',(2.22E-15,-1.,2.23E-15));
#1675 = ORIENTED_EDGE('',*,*,#1676,.T.);
#1676 = EDGE_CURVE('',#1669,#847,#1677,.T.);
#1677 = LINE('',#1678,#1679);
#1678 = CARTESIAN_POINT('',(19.,-46.5,6.25));
#1679 = VECTOR('',#1680,1.);
#1680 = DIRECTION('',(2.33E-15,8.9E-16,-1.));
#1681 = ORIENTED_EDGE('',*,*,#846,.T.);
#1682 = ORIENTED_EDGE('',*,*,#787,.T.);
#1683 = ORIENTED_EDGE('',*,*,#1684,.T.);
#1684 = EDGE_CURVE('',#780,#1685,#1687,.T.);
#1685 = VERTEX_POINT('',#1686);
#1686 = CARTESIAN_POINT('',(19.,41.5,4.75));
#1687 = LINE('',#1688,#1689);
#1688 = CARTESIAN_POINT('',(19.,47.5,4.75));
#1689 = VECTOR('',#1690,1.);
#1690 = DIRECTION('',(2.11E-15,-1.,1.44E-15));
#1691 = ORIENTED_EDGE('',*,*,#1692,.F.);
#1692 = EDGE_CURVE('',#1693,#1685,#1695,.T.);
#1693 = VERTEX_POINT('',#1694);
#1694 = CARTESIAN_POINT('',(19.,41.5,6.25));
#1695 = LINE('',#1696,#1697);
#1696 = CARTESIAN_POINT('',(19.,41.5,6.25));
#1697 = VECTOR('',#1698,1.);
#1698 = DIRECTION('',(2.E-15,1.E-15,-1.));
#1699 = ORIENTED_EDGE('',*,*,#1700,.T.);
#1700 = EDGE_CURVE('',#1693,#1701,#1703,.T.);
#1701 = VERTEX_POINT('',#1702);
#1702 = CARTESIAN_POINT('',(19.,24.5,6.25));
#1703 = LINE('',#1704,#1705);
#1704 = CARTESIAN_POINT('',(19.,47.5,6.25));
#1705 = VECTOR('',#1706,1.);
#1706 = DIRECTION('',(2.22E-15,-1.,2.23E-15));
#1707 = ORIENTED_EDGE('',*,*,#1708,.F.);
#1708 = EDGE_CURVE('',#1709,#1701,#1711,.T.);
#1709 = VERTEX_POINT('',#1710);
#1710 = CARTESIAN_POINT('',(19.,15.5,6.25));
#1711 = CIRCLE('',#1712,4.5);
#1712 = AXIS2_PLACEMENT_3D('',#1713,#1714,#1715);
#1713 = CARTESIAN_POINT('',(19.,20.,6.25));
#1714 = DIRECTION('',(1.,2.22E-15,2.33E-15));
#1715 = DIRECTION('',(-2.22E-15,1.,-1.67E-15));
#1716 = ORIENTED_EDGE('',*,*,#1717,.T.);
#1717 = EDGE_CURVE('',#1709,#1718,#1720,.T.);
#1718 = VERTEX_POINT('',#1719);
#1719 = CARTESIAN_POINT('',(19.,-22.5,6.25));
#1720 = LINE('',#1721,#1722);
#1721 = CARTESIAN_POINT('',(19.,47.5,6.25));
#1722 = VECTOR('',#1723,1.);
#1723 = DIRECTION('',(2.22E-15,-1.,2.23E-15));
#1724 = ORIENTED_EDGE('',*,*,#1725,.F.);
#1725 = EDGE_CURVE('',#1667,#1718,#1726,.T.);
#1726 = CIRCLE('',#1727,4.5);
#1727 = AXIS2_PLACEMENT_3D('',#1728,#1729,#1730);
#1728 = CARTESIAN_POINT('',(19.,-27.,6.25));
#1729 = DIRECTION('',(1.,2.22E-15,2.33E-15));
#1730 = DIRECTION('',(-2.22E-15,1.,-1.67E-15));
#1731 = PLANE('',#1732);
#1732 = AXIS2_PLACEMENT_3D('',#1733,#1734,#1735);
#1733 = CARTESIAN_POINT('',(19.,-3.116E-14,-1.388E-14));
#1734 = DIRECTION('',(1.,-8.9E-16,-4.5E-16));
#1735 = DIRECTION('',(4.5E-16,-1.44E-15,1.));
#1736 = ADVANCED_FACE('',(#1737),#1748,.T.);
#1737 = FACE_BOUND('',#1738,.F.);
#1738 = EDGE_LOOP('',(#1739,#1740,#1746,#1747));
#1739 = ORIENTED_EDGE('',*,*,#1684,.T.);
#1740 = ORIENTED_EDGE('',*,*,#1741,.T.);
#1741 = EDGE_CURVE('',#1685,#1645,#1742,.T.);
#1742 = LINE('',#1743,#1744);
#1743 = CARTESIAN_POINT('',(19.,41.5,4.75));
#1744 = VECTOR('',#1745,1.);
#1745 = DIRECTION('',(-1.,5.6E-16,4.4E-16));
#1746 = ORIENTED_EDGE('',*,*,#1652,.T.);
#1747 = ORIENTED_EDGE('',*,*,#779,.T.);
#1748 = PLANE('',#1749);
#1749 = AXIS2_PLACEMENT_3D('',#1750,#1751,#1752);
#1750 = CARTESIAN_POINT('',(-1.1034E-13,44.5,4.75));
#1751 = DIRECTION('',(-2.E-15,-1.22E-15,1.));
#1752 = DIRECTION('',(1.,-7.8E-16,2.E-15));
#1753 = ADVANCED_FACE('',(#1754),#1765,.F.);
#1754 = FACE_BOUND('',#1755,.F.);
#1755 = EDGE_LOOP('',(#1756,#1757,#1763,#1764));
#1756 = ORIENTED_EDGE('',*,*,#803,.F.);
#1757 = ORIENTED_EDGE('',*,*,#1758,.T.);
#1758 = EDGE_CURVE('',#804,#1509,#1759,.T.);
#1759 = LINE('',#1760,#1761);
#1760 = CARTESIAN_POINT('',(-1.17E-14,47.5,0.25));
#1761 = VECTOR('',#1762,1.);
#1762 = DIRECTION('',(1.E-15,-1.,1.E-15));
#1763 = ORIENTED_EDGE('',*,*,#1508,.T.);
#1764 = ORIENTED_EDGE('',*,*,#1758,.F.);
#1765 = CYLINDRICAL_SURFACE('',#1766,1.);
#1766 = AXIS2_PLACEMENT_3D('',#1767,#1768,#1769);
#1767 = CARTESIAN_POINT('',(-1.036E-14,47.5,-0.75));
#1768 = DIRECTION('',(-7.8E-16,1.,-7.8E-16));
#1769 = DIRECTION('',(-1.33E-15,7.8E-16,1.));
#1770 = ADVANCED_FACE('',(#1771),#1781,.T.);
#1771 = FACE_BOUND('',#1772,.T.);
#1772 = EDGE_LOOP('',(#1773,#1779,#1780));
#1773 = ORIENTED_EDGE('',*,*,#1774,.F.);
#1774 = EDGE_CURVE('',#821,#878,#1775,.T.);
#1775 = LINE('',#1776,#1777);
#1776 = CARTESIAN_POINT('',(-18.75,-46.75,-5.25));
#1777 = VECTOR('',#1778,1.);
#1778 = DIRECTION('',(0.707106781187,-0.707106781187,3.63E-15));
#1779 = ORIENTED_EDGE('',*,*,#820,.T.);
#1780 = ORIENTED_EDGE('',*,*,#885,.F.);
#1781 = PLANE('',#1782);
#1782 = AXIS2_PLACEMENT_3D('',#1783,#1784,#1785);
#1783 = CARTESIAN_POINT('',(-19.,-46.5,-5.25));
#1784 = DIRECTION('',(-0.57735026919,-0.57735026919,-0.57735026919));
#1785 = DIRECTION('',(2.6645352591E-15,0.707106781187,-0.707106781187));
#1786 = ADVANCED_FACE('',(#1787),#1797,.T.);
#1787 = FACE_BOUND('',#1788,.T.);
#1788 = EDGE_LOOP('',(#1789,#1795,#1796));
#1789 = ORIENTED_EDGE('',*,*,#1790,.F.);
#1790 = EDGE_CURVE('',#870,#847,#1791,.T.);
#1791 = LINE('',#1792,#1793);
#1792 = CARTESIAN_POINT('',(18.25,-47.25,-5.25));
#1793 = VECTOR('',#1794,1.);
#1794 = DIRECTION('',(0.707106781187,0.707106781187,-5.E-16));
#1795 = ORIENTED_EDGE('',*,*,#869,.T.);
#1796 = ORIENTED_EDGE('',*,*,#854,.F.);
#1797 = PLANE('',#1798);
#1798 = AXIS2_PLACEMENT_3D('',#1799,#1800,#1801);
#1799 = CARTESIAN_POINT('',(18.,-47.5,-5.25));
#1800 = DIRECTION('',(0.57735026919,-0.57735026919,-0.57735026919));
#1801 = DIRECTION('',(-0.707106781187,-1.01307850997E-14,-0.707106781187
    ));
#1802 = ADVANCED_FACE('',(#1803),#1828,.T.);
#1803 = FACE_BOUND('',#1804,.T.);
#1804 = EDGE_LOOP('',(#1805,#1815,#1821,#1822));
#1805 = ORIENTED_EDGE('',*,*,#1806,.F.);
#1806 = EDGE_CURVE('',#1807,#1809,#1811,.T.);
#1807 = VERTEX_POINT('',#1808);
#1808 = CARTESIAN_POINT('',(-18.,-47.5,6.25));
#1809 = VERTEX_POINT('',#1810);
#1810 = CARTESIAN_POINT('',(18.,-47.5,6.25));
#1811 = LINE('',#1812,#1813);
#1812 = CARTESIAN_POINT('',(-19.,-47.5,6.25));
#1813 = VECTOR('',#1814,1.);
#1814 = DIRECTION('',(1.,-1.55E-15,-6.7E-16));
#1815 = ORIENTED_EDGE('',*,*,#1816,.T.);
#1816 = EDGE_CURVE('',#1807,#878,#1817,.T.);
#1817 = LINE('',#1818,#1819);
#1818 = CARTESIAN_POINT('',(-18.,-47.5,6.25));
#1819 = VECTOR('',#1820,1.);
#1820 = DIRECTION('',(2.33E-15,8.9E-16,-1.));
#1821 = ORIENTED_EDGE('',*,*,#877,.T.);
#1822 = ORIENTED_EDGE('',*,*,#1823,.F.);
#1823 = EDGE_CURVE('',#1809,#870,#1824,.T.);
#1824 = LINE('',#1825,#1826);
#1825 = CARTESIAN_POINT('',(18.,-47.5,6.25));
#1826 = VECTOR('',#1827,1.);
#1827 = DIRECTION('',(2.33E-15,8.9E-16,-1.));
#1828 = PLANE('',#1829);
#1829 = AXIS2_PLACEMENT_3D('',#1830,#1831,#1832);
#1830 = CARTESIAN_POINT('',(1.0505E-13,-47.5,1.1399E-13));
#1831 = DIRECTION('',(1.46E-15,-1.,1.67E-15));
#1832 = DIRECTION('',(-1.,-1.46E-15,7.8E-16));
#1833 = ADVANCED_FACE('',(#1834,#1840),#1851,.F.);
#1834 = FACE_BOUND('',#1835,.F.);
#1835 = EDGE_LOOP('',(#1836,#1837,#1838,#1839));
#1836 = ORIENTED_EDGE('',*,*,#955,.T.);
#1837 = ORIENTED_EDGE('',*,*,#979,.T.);
#1838 = ORIENTED_EDGE('',*,*,#938,.T.);
#1839 = ORIENTED_EDGE('',*,*,#907,.T.);
#1840 = FACE_BOUND('',#1841,.F.);
#1841 = EDGE_LOOP('',(#1842));
#1842 = ORIENTED_EDGE('',*,*,#1843,.T.);
#1843 = EDGE_CURVE('',#1844,#1844,#1846,.T.);
#1844 = VERTEX_POINT('',#1845);
#1845 = CARTESIAN_POINT('',(12.5,34.5,-2.25));
#1846 = CIRCLE('',#1847,1.5);
#1847 = AXIS2_PLACEMENT_3D('',#1848,#1849,#1850);
#1848 = CARTESIAN_POINT('',(12.5,33.,-2.25));
#1849 = DIRECTION('',(-3.3E-16,-1.66E-15,-1.));
#1850 = DIRECTION('',(-1.78E-15,1.,-1.66E-15));
#1851 = PLANE('',#1852);
#1852 = AXIS2_PLACEMENT_3D('',#1853,#1854,#1855);
#1853 = CARTESIAN_POINT('',(-5.68564E-12,-3.999999999992,-2.25));
#1854 = DIRECTION('',(-2.33E-15,-1.44E-15,1.));
#1855 = DIRECTION('',(1.,-8.9E-16,2.33E-15));
#1856 = ADVANCED_FACE('',(#1857,#1863),#1874,.F.);
#1857 = FACE_BOUND('',#1858,.F.);
#1858 = EDGE_LOOP('',(#1859,#1860,#1861,#1862));
#1859 = ORIENTED_EDGE('',*,*,#1003,.F.);
#1860 = ORIENTED_EDGE('',*,*,#1034,.F.);
#1861 = ORIENTED_EDGE('',*,*,#1075,.F.);
#1862 = ORIENTED_EDGE('',*,*,#1051,.F.);
#1863 = FACE_BOUND('',#1864,.F.);
#1864 = EDGE_LOOP('',(#1865));
#1865 = ORIENTED_EDGE('',*,*,#1866,.T.);
#1866 = EDGE_CURVE('',#1867,#1867,#1869,.T.);
#1867 = VERTEX_POINT('',#1868);
#1868 = CARTESIAN_POINT('',(12.5,-39.5,-2.25));
#1869 = CIRCLE('',#1870,1.5);
#1870 = AXIS2_PLACEMENT_3D('',#1871,#1872,#1873);
#1871 = CARTESIAN_POINT('',(12.5,-41.,-2.25));
#1872 = DIRECTION('',(-3.3E-16,-1.66E-15,-1.));
#1873 = DIRECTION('',(-1.78E-15,1.,-1.66E-15));
#1874 = PLANE('',#1875);
#1875 = AXIS2_PLACEMENT_3D('',#1876,#1877,#1878);
#1876 = CARTESIAN_POINT('',(-5.68564E-12,-3.999999999992,-2.25));
#1877 = DIRECTION('',(-2.33E-15,-1.44E-15,1.));
#1878 = DIRECTION('',(1.,-8.9E-16,2.33E-15));
#1879 = ADVANCED_FACE('',(#1880,#1886),#1897,.F.);
#1880 = FACE_BOUND('',#1881,.F.);
#1881 = EDGE_LOOP('',(#1882,#1883,#1884,#1885));
#1882 = ORIENTED_EDGE('',*,*,#1099,.F.);
#1883 = ORIENTED_EDGE('',*,*,#1130,.F.);
#1884 = ORIENTED_EDGE('',*,*,#1171,.F.);
#1885 = ORIENTED_EDGE('',*,*,#1147,.F.);
#1886 = FACE_BOUND('',#1887,.F.);
#1887 = EDGE_LOOP('',(#1888));
#1888 = ORIENTED_EDGE('',*,*,#1889,.T.);
#1889 = EDGE_CURVE('',#1890,#1890,#1892,.T.);
#1890 = VERTEX_POINT('',#1891);
#1891 = CARTESIAN_POINT('',(-12.5,34.5,-2.25));
#1892 = CIRCLE('',#1893,1.5);
#1893 = AXIS2_PLACEMENT_3D('',#1894,#1895,#1896);
#1894 = CARTESIAN_POINT('',(-12.5,33.,-2.25));
#1895 = DIRECTION('',(-3.3E-16,-1.66E-15,-1.));
#1896 = DIRECTION('',(-1.78E-15,1.,-1.66E-15));
#1897 = PLANE('',#1898);
#1898 = AXIS2_PLACEMENT_3D('',#1899,#1900,#1901);
#1899 = CARTESIAN_POINT('',(-5.68564E-12,-3.999999999992,-2.25));
#1900 = DIRECTION('',(-2.33E-15,-1.44E-15,1.));
#1901 = DIRECTION('',(1.,-8.9E-16,2.33E-15));
#1902 = ADVANCED_FACE('',(#1903,#1909),#1920,.F.);
#1903 = FACE_BOUND('',#1904,.F.);
#1904 = EDGE_LOOP('',(#1905,#1906,#1907,#1908));
#1905 = ORIENTED_EDGE('',*,*,#1195,.F.);
#1906 = ORIENTED_EDGE('',*,*,#1226,.F.);
#1907 = ORIENTED_EDGE('',*,*,#1267,.F.);
#1908 = ORIENTED_EDGE('',*,*,#1243,.F.);
#1909 = FACE_BOUND('',#1910,.F.);
#1910 = EDGE_LOOP('',(#1911));
#1911 = ORIENTED_EDGE('',*,*,#1912,.T.);
#1912 = EDGE_CURVE('',#1913,#1913,#1915,.T.);
#1913 = VERTEX_POINT('',#1914);
#1914 = CARTESIAN_POINT('',(-12.5,-39.5,-2.25));
#1915 = CIRCLE('',#1916,1.5);
#1916 = AXIS2_PLACEMENT_3D('',#1917,#1918,#1919);
#1917 = CARTESIAN_POINT('',(-12.5,-41.,-2.25));
#1918 = DIRECTION('',(-3.3E-16,-1.66E-15,-1.));
#1919 = DIRECTION('',(-1.78E-15,1.,-1.66E-15));
#1920 = PLANE('',#1921);
#1921 = AXIS2_PLACEMENT_3D('',#1922,#1923,#1924);
#1922 = CARTESIAN_POINT('',(-5.68564E-12,-3.999999999992,-2.25));
#1923 = DIRECTION('',(-2.33E-15,-1.44E-15,1.));
#1924 = DIRECTION('',(1.,-8.9E-16,2.33E-15));
#1925 = ADVANCED_FACE('',(#1926),#1936,.T.);
#1926 = FACE_BOUND('',#1927,.T.);
#1927 = EDGE_LOOP('',(#1928,#1929,#1930,#1931,#1932,#1933,#1934,#1935));
#1928 = ORIENTED_EDGE('',*,*,#1293,.F.);
#1929 = ORIENTED_EDGE('',*,*,#1376,.T.);
#1930 = ORIENTED_EDGE('',*,*,#1558,.F.);
#1931 = ORIENTED_EDGE('',*,*,#1577,.T.);
#1932 = ORIENTED_EDGE('',*,*,#1533,.T.);
#1933 = ORIENTED_EDGE('',*,*,#1498,.T.);
#1934 = ORIENTED_EDGE('',*,*,#1348,.T.);
#1935 = ORIENTED_EDGE('',*,*,#1325,.T.);
#1936 = PLANE('',#1937);
#1937 = AXIS2_PLACEMENT_3D('',#1938,#1939,#1940);
#1938 = CARTESIAN_POINT('',(5.41E-15,40.097244539687,2.35));
#1939 = DIRECTION('',(1.72E-15,-6.4E-15,-1.));
#1940 = DIRECTION('',(0.,-1.,6.4E-15));
#1941 = ADVANCED_FACE('',(#1942),#1961,.F.);
#1942 = FACE_BOUND('',#1943,.F.);
#1943 = EDGE_LOOP('',(#1944,#1945,#1953,#1960));
#1944 = ORIENTED_EDGE('',*,*,#1385,.F.);
#1945 = ORIENTED_EDGE('',*,*,#1946,.T.);
#1946 = EDGE_CURVE('',#1386,#1947,#1949,.T.);
#1947 = VERTEX_POINT('',#1948);
#1948 = CARTESIAN_POINT('',(4.E-14,37.5,0.25));
#1949 = LINE('',#1950,#1951);
#1950 = CARTESIAN_POINT('',(-1.17E-14,47.5,0.25));
#1951 = VECTOR('',#1952,1.);
#1952 = DIRECTION('',(1.E-15,-1.,1.E-15));
#1953 = ORIENTED_EDGE('',*,*,#1954,.T.);
#1954 = EDGE_CURVE('',#1947,#1947,#1955,.T.);
#1955 = CIRCLE('',#1956,1.);
#1956 = AXIS2_PLACEMENT_3D('',#1957,#1958,#1959);
#1957 = CARTESIAN_POINT('',(-7.815970093361E-14,37.5,-0.75));
#1958 = DIRECTION('',(5.6E-16,1.,7.8E-16));
#1959 = DIRECTION('',(-1.33E-15,-7.8E-16,1.));
#1960 = ORIENTED_EDGE('',*,*,#1946,.F.);
#1961 = CYLINDRICAL_SURFACE('',#1962,1.);
#1962 = AXIS2_PLACEMENT_3D('',#1963,#1964,#1965);
#1963 = CARTESIAN_POINT('',(-1.036E-14,47.5,-0.75));
#1964 = DIRECTION('',(-7.8E-16,1.,-7.8E-16));
#1965 = DIRECTION('',(-1.33E-15,7.8E-16,1.));
#1966 = ADVANCED_FACE('',(#1967),#1978,.T.);
#1967 = FACE_BOUND('',#1968,.T.);
#1968 = EDGE_LOOP('',(#1969,#1975,#1976,#1977));
#1969 = ORIENTED_EDGE('',*,*,#1970,.F.);
#1970 = EDGE_CURVE('',#1595,#1807,#1971,.T.);
#1971 = LINE('',#1972,#1973);
#1972 = CARTESIAN_POINT('',(-25.625,-39.875,6.25));
#1973 = VECTOR('',#1974,1.);
#1974 = DIRECTION('',(0.707106781187,-0.707106781187,1.47E-15));
#1975 = ORIENTED_EDGE('',*,*,#1594,.T.);
#1976 = ORIENTED_EDGE('',*,*,#1774,.T.);
#1977 = ORIENTED_EDGE('',*,*,#1816,.F.);
#1978 = PLANE('',#1979);
#1979 = AXIS2_PLACEMENT_3D('',#1980,#1981,#1982);
#1980 = CARTESIAN_POINT('',(-18.5,-47.,6.25));
#1981 = DIRECTION('',(-0.707106781187,-0.707106781187,1.42E-15));
#1982 = DIRECTION('',(-2.840916292849E-16,-1.724091629285E-15,-1.));
#1983 = ADVANCED_FACE('',(#1984),#1995,.T.);
#1984 = FACE_BOUND('',#1985,.T.);
#1985 = EDGE_LOOP('',(#1986,#1987,#1988,#1989));
#1986 = ORIENTED_EDGE('',*,*,#1692,.T.);
#1987 = ORIENTED_EDGE('',*,*,#1741,.T.);
#1988 = ORIENTED_EDGE('',*,*,#1644,.F.);
#1989 = ORIENTED_EDGE('',*,*,#1990,.F.);
#1990 = EDGE_CURVE('',#1693,#1637,#1991,.T.);
#1991 = LINE('',#1992,#1993);
#1992 = CARTESIAN_POINT('',(19.,41.5,6.25));
#1993 = VECTOR('',#1994,1.);
#1994 = DIRECTION('',(-1.,5.6E-16,4.4E-16));
#1995 = PLANE('',#1996);
#1996 = AXIS2_PLACEMENT_3D('',#1997,#1998,#1999);
#1997 = CARTESIAN_POINT('',(19.,41.5,6.25));
#1998 = DIRECTION('',(-1.67E-15,1.,-1.22E-15));
#1999 = DIRECTION('',(-1.,-1.67E-15,4.4E-16));
#2000 = ADVANCED_FACE('',(#2001,#2051,#2062),#2073,.T.);
#2001 = FACE_BOUND('',#2002,.T.);
#2002 = EDGE_LOOP('',(#2003,#2004,#2005,#2006,#2012,#2013,#2021,#2029,
    #2037,#2045));
#2003 = ORIENTED_EDGE('',*,*,#1602,.T.);
#2004 = ORIENTED_EDGE('',*,*,#1970,.T.);
#2005 = ORIENTED_EDGE('',*,*,#1806,.T.);
#2006 = ORIENTED_EDGE('',*,*,#2007,.F.);
#2007 = EDGE_CURVE('',#1669,#1809,#2008,.T.);
#2008 = LINE('',#2009,#2010);
#2009 = CARTESIAN_POINT('',(25.625,-39.875,6.25));
#2010 = VECTOR('',#2011,1.);
#2011 = DIRECTION('',(-0.707106781187,-0.707106781187,1.32E-15));
#2012 = ORIENTED_EDGE('',*,*,#1666,.F.);
#2013 = ORIENTED_EDGE('',*,*,#2014,.F.);
#2014 = EDGE_CURVE('',#2015,#1667,#2017,.T.);
#2015 = VERTEX_POINT('',#2016);
#2016 = CARTESIAN_POINT('',(12.05,-31.5,6.25));
#2017 = LINE('',#2018,#2019);
#2018 = CARTESIAN_POINT('',(19.,-31.5,6.25));
#2019 = VECTOR('',#2020,1.);
#2020 = DIRECTION('',(1.,-8.9E-16,-5.6E-16));
#2021 = ORIENTED_EDGE('',*,*,#2022,.F.);
#2022 = EDGE_CURVE('',#2023,#2015,#2025,.T.);
#2023 = VERTEX_POINT('',#2024);
#2024 = CARTESIAN_POINT('',(12.05,-34.55,6.25));
#2025 = LINE('',#2026,#2027);
#2026 = CARTESIAN_POINT('',(12.05,-47.5,6.25));
#2027 = VECTOR('',#2028,1.);
#2028 = DIRECTION('',(-2.22E-15,1.,-1.67E-15));
#2029 = ORIENTED_EDGE('',*,*,#2030,.T.);
#2030 = EDGE_CURVE('',#2023,#2031,#2033,.T.);
#2031 = VERTEX_POINT('',#2032);
#2032 = CARTESIAN_POINT('',(-12.05,-34.55,6.25));
#2033 = LINE('',#2034,#2035);
#2034 = CARTESIAN_POINT('',(-19.,-34.55,6.25));
#2035 = VECTOR('',#2036,1.);
#2036 = DIRECTION('',(-1.,8.9E-16,5.6E-16));
#2037 = ORIENTED_EDGE('',*,*,#2038,.T.);
#2038 = EDGE_CURVE('',#2031,#2039,#2041,.T.);
#2039 = VERTEX_POINT('',#2040);
#2040 = CARTESIAN_POINT('',(-12.05,-31.5,6.25));
#2041 = LINE('',#2042,#2043);
#2042 = CARTESIAN_POINT('',(-12.05,-47.5,6.25));
#2043 = VECTOR('',#2044,1.);
#2044 = DIRECTION('',(-2.22E-15,1.,-1.67E-15));
#2045 = ORIENTED_EDGE('',*,*,#2046,.F.);
#2046 = EDGE_CURVE('',#1603,#2039,#2047,.T.);
#2047 = LINE('',#2048,#2049);
#2048 = CARTESIAN_POINT('',(19.,-31.5,6.25));
#2049 = VECTOR('',#2050,1.);
#2050 = DIRECTION('',(1.,-8.9E-16,-5.6E-16));
#2051 = FACE_BOUND('',#2052,.T.);
#2052 = EDGE_LOOP('',(#2053));
#2053 = ORIENTED_EDGE('',*,*,#2054,.T.);
#2054 = EDGE_CURVE('',#2055,#2055,#2057,.T.);
#2055 = VERTEX_POINT('',#2056);
#2056 = CARTESIAN_POINT('',(12.5,-39.5,6.25));
#2057 = CIRCLE('',#2058,1.5);
#2058 = AXIS2_PLACEMENT_3D('',#2059,#2060,#2061);
#2059 = CARTESIAN_POINT('',(12.5,-41.,6.25));
#2060 = DIRECTION('',(-7.8E-16,-1.89E-15,-1.));
#2061 = DIRECTION('',(-2.E-15,1.,-1.89E-15));
#2062 = FACE_BOUND('',#2063,.T.);
#2063 = EDGE_LOOP('',(#2064));
#2064 = ORIENTED_EDGE('',*,*,#2065,.T.);
#2065 = EDGE_CURVE('',#2066,#2066,#2068,.T.);
#2066 = VERTEX_POINT('',#2067);
#2067 = CARTESIAN_POINT('',(-12.5,-39.5,6.25));
#2068 = CIRCLE('',#2069,1.5);
#2069 = AXIS2_PLACEMENT_3D('',#2070,#2071,#2072);
#2070 = CARTESIAN_POINT('',(-12.5,-41.,6.25));
#2071 = DIRECTION('',(-7.8E-16,-1.89E-15,-1.));
#2072 = DIRECTION('',(-2.E-15,1.,-1.89E-15));
#2073 = PLANE('',#2074);
#2074 = AXIS2_PLACEMENT_3D('',#2075,#2076,#2077);
#2075 = CARTESIAN_POINT('',(-1.55E-14,-9.23E-15,6.25));
#2076 = DIRECTION('',(-2.33E-15,-8.E-16,1.));
#2077 = DIRECTION('',(-2.22E-15,1.,8.E-16));
#2078 = ADVANCED_FACE('',(#2079,#2122,#2133),#2144,.T.);
#2079 = FACE_BOUND('',#2080,.T.);
#2080 = EDGE_LOOP('',(#2081,#2082,#2083,#2091,#2099,#2107,#2115,#2121));
#2081 = ORIENTED_EDGE('',*,*,#1990,.T.);
#2082 = ORIENTED_EDGE('',*,*,#1636,.T.);
#2083 = ORIENTED_EDGE('',*,*,#2084,.F.);
#2084 = EDGE_CURVE('',#2085,#1628,#2087,.T.);
#2085 = VERTEX_POINT('',#2086);
#2086 = CARTESIAN_POINT('',(-12.05,24.5,6.25));
#2087 = LINE('',#2088,#2089);
#2088 = CARTESIAN_POINT('',(19.,24.5,6.25));
#2089 = VECTOR('',#2090,1.);
#2090 = DIRECTION('',(-1.,1.11E-15,7.8E-16));
#2091 = ORIENTED_EDGE('',*,*,#2092,.T.);
#2092 = EDGE_CURVE('',#2085,#2093,#2095,.T.);
#2093 = VERTEX_POINT('',#2094);
#2094 = CARTESIAN_POINT('',(-12.05,27.55,6.25));
#2095 = LINE('',#2096,#2097);
#2096 = CARTESIAN_POINT('',(-12.05,-47.5,6.25));
#2097 = VECTOR('',#2098,1.);
#2098 = DIRECTION('',(-2.22E-15,1.,-1.67E-15));
#2099 = ORIENTED_EDGE('',*,*,#2100,.T.);
#2100 = EDGE_CURVE('',#2093,#2101,#2103,.T.);
#2101 = VERTEX_POINT('',#2102);
#2102 = CARTESIAN_POINT('',(12.05,27.55,6.25));
#2103 = LINE('',#2104,#2105);
#2104 = CARTESIAN_POINT('',(-19.,27.55,6.25));
#2105 = VECTOR('',#2106,1.);
#2106 = DIRECTION('',(1.,-1.11E-15,-7.8E-16));
#2107 = ORIENTED_EDGE('',*,*,#2108,.F.);
#2108 = EDGE_CURVE('',#2109,#2101,#2111,.T.);
#2109 = VERTEX_POINT('',#2110);
#2110 = CARTESIAN_POINT('',(12.05,24.5,6.25));
#2111 = LINE('',#2112,#2113);
#2112 = CARTESIAN_POINT('',(12.05,-47.5,6.25));
#2113 = VECTOR('',#2114,1.);
#2114 = DIRECTION('',(-2.22E-15,1.,-1.67E-15));
#2115 = ORIENTED_EDGE('',*,*,#2116,.F.);
#2116 = EDGE_CURVE('',#1701,#2109,#2117,.T.);
#2117 = LINE('',#2118,#2119);
#2118 = CARTESIAN_POINT('',(19.,24.5,6.25));
#2119 = VECTOR('',#2120,1.);
#2120 = DIRECTION('',(-1.,1.11E-15,7.8E-16));
#2121 = ORIENTED_EDGE('',*,*,#1700,.F.);
#2122 = FACE_BOUND('',#2123,.T.);
#2123 = EDGE_LOOP('',(#2124));
#2124 = ORIENTED_EDGE('',*,*,#2125,.T.);
#2125 = EDGE_CURVE('',#2126,#2126,#2128,.T.);
#2126 = VERTEX_POINT('',#2127);
#2127 = CARTESIAN_POINT('',(12.5,34.5,6.25));
#2128 = CIRCLE('',#2129,1.5);
#2129 = AXIS2_PLACEMENT_3D('',#2130,#2131,#2132);
#2130 = CARTESIAN_POINT('',(12.5,33.,6.25));
#2131 = DIRECTION('',(-7.8E-16,-1.89E-15,-1.));
#2132 = DIRECTION('',(-2.E-15,1.,-1.89E-15));
#2133 = FACE_BOUND('',#2134,.T.);
#2134 = EDGE_LOOP('',(#2135));
#2135 = ORIENTED_EDGE('',*,*,#2136,.T.);
#2136 = EDGE_CURVE('',#2137,#2137,#2139,.T.);
#2137 = VERTEX_POINT('',#2138);
#2138 = CARTESIAN_POINT('',(-12.5,34.5,6.25));
#2139 = CIRCLE('',#2140,1.5);
#2140 = AXIS2_PLACEMENT_3D('',#2141,#2142,#2143);
#2141 = CARTESIAN_POINT('',(-12.5,33.,6.25));
#2142 = DIRECTION('',(-7.8E-16,-1.89E-15,-1.));
#2143 = DIRECTION('',(-2.E-15,1.,-1.89E-15));
#2144 = PLANE('',#2145);
#2145 = AXIS2_PLACEMENT_3D('',#2146,#2147,#2148);
#2146 = CARTESIAN_POINT('',(-1.55E-14,-9.23E-15,6.25));
#2147 = DIRECTION('',(-2.33E-15,-8.E-16,1.));
#2148 = DIRECTION('',(-2.22E-15,1.,8.E-16));
#2149 = ADVANCED_FACE('',(#2150),#2169,.F.);
#2150 = FACE_BOUND('',#2151,.F.);
#2151 = EDGE_LOOP('',(#2152,#2160,#2167,#2168));
#2152 = ORIENTED_EDGE('',*,*,#2153,.F.);
#2153 = EDGE_CURVE('',#2154,#1611,#2156,.T.);
#2154 = VERTEX_POINT('',#2155);
#2155 = CARTESIAN_POINT('',(-12.05,-22.5,6.25));
#2156 = LINE('',#2157,#2158);
#2157 = CARTESIAN_POINT('',(19.,-22.5,6.25));
#2158 = VECTOR('',#2159,1.);
#2159 = DIRECTION('',(-1.,1.11E-15,7.8E-16));
#2160 = ORIENTED_EDGE('',*,*,#2161,.F.);
#2161 = EDGE_CURVE('',#2039,#2154,#2162,.T.);
#2162 = CIRCLE('',#2163,4.5);
#2163 = AXIS2_PLACEMENT_3D('',#2164,#2165,#2166);
#2164 = CARTESIAN_POINT('',(-12.05,-27.,6.25));
#2165 = DIRECTION('',(1.,2.22E-15,2.55E-15));
#2166 = DIRECTION('',(-2.22E-15,1.,-1.89E-15));
#2167 = ORIENTED_EDGE('',*,*,#2046,.F.);
#2168 = ORIENTED_EDGE('',*,*,#1610,.T.);
#2169 = CYLINDRICAL_SURFACE('',#2170,4.5);
#2170 = AXIS2_PLACEMENT_3D('',#2171,#2172,#2173);
#2171 = CARTESIAN_POINT('',(19.,-27.,6.25));
#2172 = DIRECTION('',(1.,-8.9E-16,-5.6E-16));
#2173 = DIRECTION('',(8.9E-16,1.,-1.89E-15));
#2174 = ADVANCED_FACE('',(#2175),#2194,.F.);
#2175 = FACE_BOUND('',#2176,.F.);
#2176 = EDGE_LOOP('',(#2177,#2178,#2187,#2193));
#2177 = ORIENTED_EDGE('',*,*,#2084,.F.);
#2178 = ORIENTED_EDGE('',*,*,#2179,.F.);
#2179 = EDGE_CURVE('',#2180,#2085,#2182,.T.);
#2180 = VERTEX_POINT('',#2181);
#2181 = CARTESIAN_POINT('',(-12.05,15.5,6.25));
#2182 = CIRCLE('',#2183,4.5);
#2183 = AXIS2_PLACEMENT_3D('',#2184,#2185,#2186);
#2184 = CARTESIAN_POINT('',(-12.05,20.,6.25));
#2185 = DIRECTION('',(1.,2.22E-15,2.55E-15));
#2186 = DIRECTION('',(-2.22E-15,1.,-1.89E-15));
#2187 = ORIENTED_EDGE('',*,*,#2188,.F.);
#2188 = EDGE_CURVE('',#1620,#2180,#2189,.T.);
#2189 = LINE('',#2190,#2191);
#2190 = CARTESIAN_POINT('',(19.,15.5,6.25));
#2191 = VECTOR('',#2192,1.);
#2192 = DIRECTION('',(1.,-8.9E-16,-5.6E-16));
#2193 = ORIENTED_EDGE('',*,*,#1627,.T.);
#2194 = CYLINDRICAL_SURFACE('',#2195,4.5);
#2195 = AXIS2_PLACEMENT_3D('',#2196,#2197,#2198);
#2196 = CARTESIAN_POINT('',(19.,20.,6.25));
#2197 = DIRECTION('',(1.,-8.9E-16,-5.6E-16));
#2198 = DIRECTION('',(8.9E-16,1.,-1.89E-15));
#2199 = ADVANCED_FACE('',(#2200,#2266,#2277,#2288,#2299,#2310,#2321),
  #2332,.T.);
#2200 = FACE_BOUND('',#2201,.T.);
#2201 = EDGE_LOOP('',(#2202,#2203,#2204,#2205,#2213,#2221,#2229,#2235,
    #2236,#2244,#2252,#2260));
#2202 = ORIENTED_EDGE('',*,*,#2188,.F.);
#2203 = ORIENTED_EDGE('',*,*,#1619,.T.);
#2204 = ORIENTED_EDGE('',*,*,#2153,.F.);
#2205 = ORIENTED_EDGE('',*,*,#2206,.T.);
#2206 = EDGE_CURVE('',#2154,#2207,#2209,.T.);
#2207 = VERTEX_POINT('',#2208);
#2208 = CARTESIAN_POINT('',(-12.05,-19.45,6.25));
#2209 = LINE('',#2210,#2211);
#2210 = CARTESIAN_POINT('',(-12.05,-47.5,6.25));
#2211 = VECTOR('',#2212,1.);
#2212 = DIRECTION('',(-2.22E-15,1.,-1.67E-15));
#2213 = ORIENTED_EDGE('',*,*,#2214,.T.);
#2214 = EDGE_CURVE('',#2207,#2215,#2217,.T.);
#2215 = VERTEX_POINT('',#2216);
#2216 = CARTESIAN_POINT('',(12.05,-19.45,6.25));
#2217 = LINE('',#2218,#2219);
#2218 = CARTESIAN_POINT('',(-19.,-19.45,6.25));
#2219 = VECTOR('',#2220,1.);
#2220 = DIRECTION('',(1.,-1.11E-15,-7.8E-16));
#2221 = ORIENTED_EDGE('',*,*,#2222,.F.);
#2222 = EDGE_CURVE('',#2223,#2215,#2225,.T.);
#2223 = VERTEX_POINT('',#2224);
#2224 = CARTESIAN_POINT('',(12.05,-22.5,6.25));
#2225 = LINE('',#2226,#2227);
#2226 = CARTESIAN_POINT('',(12.05,-47.5,6.25));
#2227 = VECTOR('',#2228,1.);
#2228 = DIRECTION('',(-2.22E-15,1.,-1.67E-15));
#2229 = ORIENTED_EDGE('',*,*,#2230,.F.);
#2230 = EDGE_CURVE('',#1718,#2223,#2231,.T.);
#2231 = LINE('',#2232,#2233);
#2232 = CARTESIAN_POINT('',(19.,-22.5,6.25));
#2233 = VECTOR('',#2234,1.);
#2234 = DIRECTION('',(-1.,1.11E-15,7.8E-16));
#2235 = ORIENTED_EDGE('',*,*,#1717,.F.);
#2236 = ORIENTED_EDGE('',*,*,#2237,.F.);
#2237 = EDGE_CURVE('',#2238,#1709,#2240,.T.);
#2238 = VERTEX_POINT('',#2239);
#2239 = CARTESIAN_POINT('',(12.05,15.5,6.25));
#2240 = LINE('',#2241,#2242);
#2241 = CARTESIAN_POINT('',(19.,15.5,6.25));
#2242 = VECTOR('',#2243,1.);
#2243 = DIRECTION('',(1.,-8.9E-16,-5.6E-16));
#2244 = ORIENTED_EDGE('',*,*,#2245,.F.);
#2245 = EDGE_CURVE('',#2246,#2238,#2248,.T.);
#2246 = VERTEX_POINT('',#2247);
#2247 = CARTESIAN_POINT('',(12.05,12.45,6.25));
#2248 = LINE('',#2249,#2250);
#2249 = CARTESIAN_POINT('',(12.05,-47.5,6.25));
#2250 = VECTOR('',#2251,1.);
#2251 = DIRECTION('',(-2.22E-15,1.,-1.67E-15));
#2252 = ORIENTED_EDGE('',*,*,#2253,.T.);
#2253 = EDGE_CURVE('',#2246,#2254,#2256,.T.);
#2254 = VERTEX_POINT('',#2255);
#2255 = CARTESIAN_POINT('',(-12.05,12.45,6.25));
#2256 = LINE('',#2257,#2258);
#2257 = CARTESIAN_POINT('',(-19.,12.45,6.25));
#2258 = VECTOR('',#2259,1.);
#2259 = DIRECTION('',(-1.,8.9E-16,5.6E-16));
#2260 = ORIENTED_EDGE('',*,*,#2261,.T.);
#2261 = EDGE_CURVE('',#2254,#2180,#2262,.T.);
#2262 = LINE('',#2263,#2264);
#2263 = CARTESIAN_POINT('',(-12.05,-47.5,6.25));
#2264 = VECTOR('',#2265,1.);
#2265 = DIRECTION('',(-2.22E-15,1.,-1.67E-15));
#2266 = FACE_BOUND('',#2267,.T.);
#2267 = EDGE_LOOP('',(#2268));
#2268 = ORIENTED_EDGE('',*,*,#2269,.F.);
#2269 = EDGE_CURVE('',#2270,#2270,#2272,.T.);
#2270 = VERTEX_POINT('',#2271);
#2271 = CARTESIAN_POINT('',(14.1,-4.5,6.25));
#2272 = CIRCLE('',#2273,1.25);
#2273 = AXIS2_PLACEMENT_3D('',#2274,#2275,#2276);
#2274 = CARTESIAN_POINT('',(14.1,-3.25,6.25));
#2275 = DIRECTION('',(3.3E-16,1.22E-15,1.));
#2276 = DIRECTION('',(1.78E-15,-1.,1.22E-15));
#2277 = FACE_BOUND('',#2278,.T.);
#2278 = EDGE_LOOP('',(#2279));
#2279 = ORIENTED_EDGE('',*,*,#2280,.F.);
#2280 = EDGE_CURVE('',#2281,#2281,#2283,.T.);
#2281 = VERTEX_POINT('',#2282);
#2282 = CARTESIAN_POINT('',(-1.4E-14,-5.75,6.25));
#2283 = CIRCLE('',#2284,1.25);
#2284 = AXIS2_PLACEMENT_3D('',#2285,#2286,#2287);
#2285 = CARTESIAN_POINT('',(-8.06E-15,-4.5,6.25));
#2286 = DIRECTION('',(-1.67E-15,2.08E-15,1.));
#2287 = DIRECTION('',(9.7E-16,-1.,2.08E-15));
#2288 = FACE_BOUND('',#2289,.T.);
#2289 = EDGE_LOOP('',(#2290));
#2290 = ORIENTED_EDGE('',*,*,#2291,.F.);
#2291 = EDGE_CURVE('',#2292,#2292,#2294,.T.);
#2292 = VERTEX_POINT('',#2293);
#2293 = CARTESIAN_POINT('',(14.1,2.,6.25));
#2294 = CIRCLE('',#2295,1.25);
#2295 = AXIS2_PLACEMENT_3D('',#2296,#2297,#2298);
#2296 = CARTESIAN_POINT('',(14.1,3.25,6.25));
#2297 = DIRECTION('',(3.3E-16,1.22E-15,1.));
#2298 = DIRECTION('',(1.78E-15,-1.,1.22E-15));
#2299 = FACE_BOUND('',#2300,.T.);
#2300 = EDGE_LOOP('',(#2301));
#2301 = ORIENTED_EDGE('',*,*,#2302,.F.);
#2302 = EDGE_CURVE('',#2303,#2303,#2305,.T.);
#2303 = VERTEX_POINT('',#2304);
#2304 = CARTESIAN_POINT('',(-14.1,-4.5,6.25));
#2305 = CIRCLE('',#2306,1.25);
#2306 = AXIS2_PLACEMENT_3D('',#2307,#2308,#2309);
#2307 = CARTESIAN_POINT('',(-14.1,-3.25,6.25));
#2308 = DIRECTION('',(3.3E-16,1.22E-15,1.));
#2309 = DIRECTION('',(1.78E-15,-1.,1.22E-15));
#2310 = FACE_BOUND('',#2311,.T.);
#2311 = EDGE_LOOP('',(#2312));
#2312 = ORIENTED_EDGE('',*,*,#2313,.F.);
#2313 = EDGE_CURVE('',#2314,#2314,#2316,.T.);
#2314 = VERTEX_POINT('',#2315);
#2315 = CARTESIAN_POINT('',(-1.5E-14,3.25,6.25));
#2316 = CIRCLE('',#2317,1.25);
#2317 = AXIS2_PLACEMENT_3D('',#2318,#2319,#2320);
#2318 = CARTESIAN_POINT('',(-1.681E-14,4.5,6.25));
#2319 = DIRECTION('',(-1.67E-15,2.08E-15,1.));
#2320 = DIRECTION('',(9.7E-16,-1.,2.08E-15));
#2321 = FACE_BOUND('',#2322,.T.);
#2322 = EDGE_LOOP('',(#2323));
#2323 = ORIENTED_EDGE('',*,*,#2324,.F.);
#2324 = EDGE_CURVE('',#2325,#2325,#2327,.T.);
#2325 = VERTEX_POINT('',#2326);
#2326 = CARTESIAN_POINT('',(-14.1,2.,6.25));
#2327 = CIRCLE('',#2328,1.25);
#2328 = AXIS2_PLACEMENT_3D('',#2329,#2330,#2331);
#2329 = CARTESIAN_POINT('',(-14.1,3.25,6.25));
#2330 = DIRECTION('',(3.3E-16,1.22E-15,1.));
#2331 = DIRECTION('',(1.78E-15,-1.,1.22E-15));
#2332 = PLANE('',#2333);
#2333 = AXIS2_PLACEMENT_3D('',#2334,#2335,#2336);
#2334 = CARTESIAN_POINT('',(-1.55E-14,-9.23E-15,6.25));
#2335 = DIRECTION('',(-2.33E-15,-8.E-16,1.));
#2336 = DIRECTION('',(-2.22E-15,1.,8.E-16));
#2337 = ADVANCED_FACE('',(#2338),#2344,.T.);
#2338 = FACE_BOUND('',#2339,.F.);
#2339 = EDGE_LOOP('',(#2340,#2341,#2342,#2343));
#2340 = ORIENTED_EDGE('',*,*,#2007,.F.);
#2341 = ORIENTED_EDGE('',*,*,#1676,.T.);
#2342 = ORIENTED_EDGE('',*,*,#1790,.F.);
#2343 = ORIENTED_EDGE('',*,*,#1823,.F.);
#2344 = PLANE('',#2345);
#2345 = AXIS2_PLACEMENT_3D('',#2346,#2347,#2348);
#2346 = CARTESIAN_POINT('',(18.5,-47.,6.25));
#2347 = DIRECTION('',(0.707106781187,-0.707106781187,8.2E-16));
#2348 = DIRECTION('',(-2.189827560573E-15,-1.030172439427E-15,1.));
#2349 = ADVANCED_FACE('',(#2350),#2362,.F.);
#2350 = FACE_BOUND('',#2351,.F.);
#2351 = EDGE_LOOP('',(#2352,#2353,#2354,#2355));
#2352 = ORIENTED_EDGE('',*,*,#2230,.F.);
#2353 = ORIENTED_EDGE('',*,*,#1725,.F.);
#2354 = ORIENTED_EDGE('',*,*,#2014,.F.);
#2355 = ORIENTED_EDGE('',*,*,#2356,.T.);
#2356 = EDGE_CURVE('',#2015,#2223,#2357,.T.);
#2357 = CIRCLE('',#2358,4.5);
#2358 = AXIS2_PLACEMENT_3D('',#2359,#2360,#2361);
#2359 = CARTESIAN_POINT('',(12.05,-27.,6.25));
#2360 = DIRECTION('',(1.,2.22E-15,2.55E-15));
#2361 = DIRECTION('',(-2.22E-15,1.,-1.89E-15));
#2362 = CYLINDRICAL_SURFACE('',#2363,4.5);
#2363 = AXIS2_PLACEMENT_3D('',#2364,#2365,#2366);
#2364 = CARTESIAN_POINT('',(19.,-27.,6.25));
#2365 = DIRECTION('',(1.,-8.9E-16,-5.6E-16));
#2366 = DIRECTION('',(8.9E-16,1.,-1.89E-15));
#2367 = ADVANCED_FACE('',(#2368),#2380,.F.);
#2368 = FACE_BOUND('',#2369,.F.);
#2369 = EDGE_LOOP('',(#2370,#2371,#2372,#2373));
#2370 = ORIENTED_EDGE('',*,*,#2116,.F.);
#2371 = ORIENTED_EDGE('',*,*,#1708,.F.);
#2372 = ORIENTED_EDGE('',*,*,#2237,.F.);
#2373 = ORIENTED_EDGE('',*,*,#2374,.T.);
#2374 = EDGE_CURVE('',#2238,#2109,#2375,.T.);
#2375 = CIRCLE('',#2376,4.5);
#2376 = AXIS2_PLACEMENT_3D('',#2377,#2378,#2379);
#2377 = CARTESIAN_POINT('',(12.05,20.,6.25));
#2378 = DIRECTION('',(1.,2.22E-15,2.55E-15));
#2379 = DIRECTION('',(-2.22E-15,1.,-1.89E-15));
#2380 = CYLINDRICAL_SURFACE('',#2381,4.5);
#2381 = AXIS2_PLACEMENT_3D('',#2382,#2383,#2384);
#2382 = CARTESIAN_POINT('',(19.,20.,6.25));
#2383 = DIRECTION('',(1.,-8.9E-16,-5.6E-16));
#2384 = DIRECTION('',(8.9E-16,1.,-1.89E-15));
#2385 = ADVANCED_FACE('',(#2386),#2397,.F.);
#2386 = FACE_BOUND('',#2387,.F.);
#2387 = EDGE_LOOP('',(#2388,#2389,#2395,#2396));
#2388 = ORIENTED_EDGE('',*,*,#1843,.F.);
#2389 = ORIENTED_EDGE('',*,*,#2390,.T.);
#2390 = EDGE_CURVE('',#1844,#2126,#2391,.T.);
#2391 = LINE('',#2392,#2393);
#2392 = CARTESIAN_POINT('',(12.5,34.5,-6.25));
#2393 = VECTOR('',#2394,1.);
#2394 = DIRECTION('',(-2.55E-15,-1.44E-15,1.));
#2395 = ORIENTED_EDGE('',*,*,#2125,.T.);
#2396 = ORIENTED_EDGE('',*,*,#2390,.F.);
#2397 = CYLINDRICAL_SURFACE('',#2398,1.5);
#2398 = AXIS2_PLACEMENT_3D('',#2399,#2400,#2401);
#2399 = CARTESIAN_POINT('',(12.5,33.,-6.25));
#2400 = DIRECTION('',(2.33E-15,1.22E-15,-1.));
#2401 = DIRECTION('',(-2.E-15,1.,1.22E-15));
#2402 = ADVANCED_FACE('',(#2403),#2414,.F.);
#2403 = FACE_BOUND('',#2404,.F.);
#2404 = EDGE_LOOP('',(#2405,#2406,#2412,#2413));
#2405 = ORIENTED_EDGE('',*,*,#1866,.F.);
#2406 = ORIENTED_EDGE('',*,*,#2407,.T.);
#2407 = EDGE_CURVE('',#1867,#2055,#2408,.T.);
#2408 = LINE('',#2409,#2410);
#2409 = CARTESIAN_POINT('',(12.5,-39.5,-6.25));
#2410 = VECTOR('',#2411,1.);
#2411 = DIRECTION('',(-2.55E-15,-1.44E-15,1.));
#2412 = ORIENTED_EDGE('',*,*,#2054,.T.);
#2413 = ORIENTED_EDGE('',*,*,#2407,.F.);
#2414 = CYLINDRICAL_SURFACE('',#2415,1.5);
#2415 = AXIS2_PLACEMENT_3D('',#2416,#2417,#2418);
#2416 = CARTESIAN_POINT('',(12.5,-41.,-6.25));
#2417 = DIRECTION('',(2.33E-15,1.22E-15,-1.));
#2418 = DIRECTION('',(-2.E-15,1.,1.22E-15));
#2419 = ADVANCED_FACE('',(#2420),#2431,.F.);
#2420 = FACE_BOUND('',#2421,.F.);
#2421 = EDGE_LOOP('',(#2422,#2423,#2429,#2430));
#2422 = ORIENTED_EDGE('',*,*,#1889,.F.);
#2423 = ORIENTED_EDGE('',*,*,#2424,.T.);
#2424 = EDGE_CURVE('',#1890,#2137,#2425,.T.);
#2425 = LINE('',#2426,#2427);
#2426 = CARTESIAN_POINT('',(-12.5,34.5,-6.25));
#2427 = VECTOR('',#2428,1.);
#2428 = DIRECTION('',(-2.55E-15,-1.44E-15,1.));
#2429 = ORIENTED_EDGE('',*,*,#2136,.T.);
#2430 = ORIENTED_EDGE('',*,*,#2424,.F.);
#2431 = CYLINDRICAL_SURFACE('',#2432,1.5);
#2432 = AXIS2_PLACEMENT_3D('',#2433,#2434,#2435);
#2433 = CARTESIAN_POINT('',(-12.5,33.,-6.25));
#2434 = DIRECTION('',(2.33E-15,1.22E-15,-1.));
#2435 = DIRECTION('',(-2.E-15,1.,1.22E-15));
#2436 = ADVANCED_FACE('',(#2437),#2448,.F.);
#2437 = FACE_BOUND('',#2438,.F.);
#2438 = EDGE_LOOP('',(#2439,#2440,#2446,#2447));
#2439 = ORIENTED_EDGE('',*,*,#1912,.F.);
#2440 = ORIENTED_EDGE('',*,*,#2441,.T.);
#2441 = EDGE_CURVE('',#1913,#2066,#2442,.T.);
#2442 = LINE('',#2443,#2444);
#2443 = CARTESIAN_POINT('',(-12.5,-39.5,-6.25));
#2444 = VECTOR('',#2445,1.);
#2445 = DIRECTION('',(-2.55E-15,-1.44E-15,1.));
#2446 = ORIENTED_EDGE('',*,*,#2065,.T.);
#2447 = ORIENTED_EDGE('',*,*,#2441,.F.);
#2448 = CYLINDRICAL_SURFACE('',#2449,1.5);
#2449 = AXIS2_PLACEMENT_3D('',#2450,#2451,#2452);
#2450 = CARTESIAN_POINT('',(-12.5,-41.,-6.25));
#2451 = DIRECTION('',(2.33E-15,1.22E-15,-1.));
#2452 = DIRECTION('',(-2.E-15,1.,1.22E-15));
#2453 = ADVANCED_FACE('',(#2454),#2457,.T.);
#2454 = FACE_BOUND('',#2455,.T.);
#2455 = EDGE_LOOP('',(#2456));
#2456 = ORIENTED_EDGE('',*,*,#1954,.T.);
#2457 = PLANE('',#2458);
#2458 = AXIS2_PLACEMENT_3D('',#2459,#2460,#2461);
#2459 = CARTESIAN_POINT('',(7.105427357601E-15,37.5,-0.75));
#2460 = DIRECTION('',(-1.22E-15,1.,-1.E-15));
#2461 = DIRECTION('',(-1.33E-15,1.E-15,1.));
#2462 = ADVANCED_FACE('',(#2463),#2475,.T.);
#2463 = FACE_BOUND('',#2464,.T.);
#2464 = EDGE_LOOP('',(#2465,#2466,#2467,#2468));
#2465 = ORIENTED_EDGE('',*,*,#2206,.F.);
#2466 = ORIENTED_EDGE('',*,*,#2161,.F.);
#2467 = ORIENTED_EDGE('',*,*,#2038,.F.);
#2468 = ORIENTED_EDGE('',*,*,#2469,.F.);
#2469 = EDGE_CURVE('',#2207,#2031,#2470,.T.);
#2470 = CIRCLE('',#2471,7.55);
#2471 = AXIS2_PLACEMENT_3D('',#2472,#2473,#2474);
#2472 = CARTESIAN_POINT('',(-12.05,-27.,6.25));
#2473 = DIRECTION('',(-1.,-2.E-15,-2.66E-15));
#2474 = DIRECTION('',(-2.E-15,1.,-2.23E-15));
#2475 = PLANE('',#2476);
#2476 = AXIS2_PLACEMENT_3D('',#2477,#2478,#2479);
#2477 = CARTESIAN_POINT('',(-12.05,-47.5,6.25));
#2478 = DIRECTION('',(1.,-6.7E-16,-5.6E-16));
#2479 = DIRECTION('',(6.7E-16,1.,-1.89E-15));
#2480 = ADVANCED_FACE('',(#2481),#2493,.F.);
#2481 = FACE_BOUND('',#2482,.F.);
#2482 = EDGE_LOOP('',(#2483,#2484,#2485,#2492));
#2483 = ORIENTED_EDGE('',*,*,#2469,.F.);
#2484 = ORIENTED_EDGE('',*,*,#2214,.T.);
#2485 = ORIENTED_EDGE('',*,*,#2486,.T.);
#2486 = EDGE_CURVE('',#2215,#2023,#2487,.T.);
#2487 = CIRCLE('',#2488,7.55);
#2488 = AXIS2_PLACEMENT_3D('',#2489,#2490,#2491);
#2489 = CARTESIAN_POINT('',(12.05,-27.,6.25));
#2490 = DIRECTION('',(-1.,-2.E-15,-2.66E-15));
#2491 = DIRECTION('',(-2.E-15,1.,-2.23E-15));
#2492 = ORIENTED_EDGE('',*,*,#2030,.T.);
#2493 = CYLINDRICAL_SURFACE('',#2494,7.55);
#2494 = AXIS2_PLACEMENT_3D('',#2495,#2496,#2497);
#2495 = CARTESIAN_POINT('',(-19.,-27.,6.25));
#2496 = DIRECTION('',(-1.,8.9E-16,5.6E-16));
#2497 = DIRECTION('',(8.9E-16,1.,-1.89E-15));
#2498 = ADVANCED_FACE('',(#2499),#2505,.F.);
#2499 = FACE_BOUND('',#2500,.F.);
#2500 = EDGE_LOOP('',(#2501,#2502,#2503,#2504));
#2501 = ORIENTED_EDGE('',*,*,#2222,.F.);
#2502 = ORIENTED_EDGE('',*,*,#2356,.F.);
#2503 = ORIENTED_EDGE('',*,*,#2022,.F.);
#2504 = ORIENTED_EDGE('',*,*,#2486,.F.);
#2505 = PLANE('',#2506);
#2506 = AXIS2_PLACEMENT_3D('',#2507,#2508,#2509);
#2507 = CARTESIAN_POINT('',(12.05,-47.5,6.25));
#2508 = DIRECTION('',(1.,-6.7E-16,-5.6E-16));
#2509 = DIRECTION('',(6.7E-16,1.,-1.89E-15));
#2510 = ADVANCED_FACE('',(#2511),#2523,.F.);
#2511 = FACE_BOUND('',#2512,.F.);
#2512 = EDGE_LOOP('',(#2513,#2514,#2515,#2516));
#2513 = ORIENTED_EDGE('',*,*,#2108,.F.);
#2514 = ORIENTED_EDGE('',*,*,#2374,.F.);
#2515 = ORIENTED_EDGE('',*,*,#2245,.F.);
#2516 = ORIENTED_EDGE('',*,*,#2517,.F.);
#2517 = EDGE_CURVE('',#2101,#2246,#2518,.T.);
#2518 = CIRCLE('',#2519,7.55);
#2519 = AXIS2_PLACEMENT_3D('',#2520,#2521,#2522);
#2520 = CARTESIAN_POINT('',(12.05,20.,6.25));
#2521 = DIRECTION('',(-1.,-2.E-15,-2.66E-15));
#2522 = DIRECTION('',(-2.E-15,1.,-2.23E-15));
#2523 = PLANE('',#2524);
#2524 = AXIS2_PLACEMENT_3D('',#2525,#2526,#2527);
#2525 = CARTESIAN_POINT('',(12.05,-47.5,6.25));
#2526 = DIRECTION('',(1.,-6.7E-16,-5.6E-16));
#2527 = DIRECTION('',(6.7E-16,1.,-1.89E-15));
#2528 = ADVANCED_FACE('',(#2529),#2541,.F.);
#2529 = FACE_BOUND('',#2530,.F.);
#2530 = EDGE_LOOP('',(#2531,#2538,#2539,#2540));
#2531 = ORIENTED_EDGE('',*,*,#2532,.F.);
#2532 = EDGE_CURVE('',#2093,#2254,#2533,.T.);
#2533 = CIRCLE('',#2534,7.55);
#2534 = AXIS2_PLACEMENT_3D('',#2535,#2536,#2537);
#2535 = CARTESIAN_POINT('',(-12.05,20.,6.25));
#2536 = DIRECTION('',(-1.,-2.E-15,-2.66E-15));
#2537 = DIRECTION('',(-2.E-15,1.,-2.23E-15));
#2538 = ORIENTED_EDGE('',*,*,#2100,.T.);
#2539 = ORIENTED_EDGE('',*,*,#2517,.T.);
#2540 = ORIENTED_EDGE('',*,*,#2253,.T.);
#2541 = CYLINDRICAL_SURFACE('',#2542,7.55);
#2542 = AXIS2_PLACEMENT_3D('',#2543,#2544,#2545);
#2543 = CARTESIAN_POINT('',(-19.,20.,6.25));
#2544 = DIRECTION('',(-1.,8.9E-16,5.6E-16));
#2545 = DIRECTION('',(8.9E-16,1.,-1.89E-15));
#2546 = ADVANCED_FACE('',(#2547),#2553,.T.);
#2547 = FACE_BOUND('',#2548,.T.);
#2548 = EDGE_LOOP('',(#2549,#2550,#2551,#2552));
#2549 = ORIENTED_EDGE('',*,*,#2092,.F.);
#2550 = ORIENTED_EDGE('',*,*,#2179,.F.);
#2551 = ORIENTED_EDGE('',*,*,#2261,.F.);
#2552 = ORIENTED_EDGE('',*,*,#2532,.F.);
#2553 = PLANE('',#2554);
#2554 = AXIS2_PLACEMENT_3D('',#2555,#2556,#2557);
#2555 = CARTESIAN_POINT('',(-12.05,-47.5,6.25));
#2556 = DIRECTION('',(1.,-6.7E-16,-5.6E-16));
#2557 = DIRECTION('',(6.7E-16,1.,-1.89E-15));
#2558 = ADVANCED_FACE('',(#2559),#2578,.F.);
#2559 = FACE_BOUND('',#2560,.F.);
#2560 = EDGE_LOOP('',(#2561,#2569,#2576,#2577));
#2561 = ORIENTED_EDGE('',*,*,#2562,.T.);
#2562 = EDGE_CURVE('',#2270,#2563,#2565,.T.);
#2563 = VERTEX_POINT('',#2564);
#2564 = CARTESIAN_POINT('',(14.1,-4.5,3.75));
#2565 = LINE('',#2566,#2567);
#2566 = CARTESIAN_POINT('',(14.1,-4.5,6.25));
#2567 = VECTOR('',#2568,1.);
#2568 = DIRECTION('',(1.67E-15,7.8E-16,-1.));
#2569 = ORIENTED_EDGE('',*,*,#2570,.T.);
#2570 = EDGE_CURVE('',#2563,#2563,#2571,.T.);
#2571 = CIRCLE('',#2572,1.25);
#2572 = AXIS2_PLACEMENT_3D('',#2573,#2574,#2575);
#2573 = CARTESIAN_POINT('',(14.1,-3.25,3.75));
#2574 = DIRECTION('',(3.3E-16,1.22E-15,1.));
#2575 = DIRECTION('',(1.78E-15,-1.,1.22E-15));
#2576 = ORIENTED_EDGE('',*,*,#2562,.F.);
#2577 = ORIENTED_EDGE('',*,*,#2269,.F.);
#2578 = CYLINDRICAL_SURFACE('',#2579,1.25);
#2579 = AXIS2_PLACEMENT_3D('',#2580,#2581,#2582);
#2580 = CARTESIAN_POINT('',(14.1,-3.25,6.25));
#2581 = DIRECTION('',(-1.44E-15,-5.6E-16,1.));
#2582 = DIRECTION('',(1.55E-15,-1.,-5.6E-16));
#2583 = ADVANCED_FACE('',(#2584),#2603,.F.);
#2584 = FACE_BOUND('',#2585,.F.);
#2585 = EDGE_LOOP('',(#2586,#2594,#2601,#2602));
#2586 = ORIENTED_EDGE('',*,*,#2587,.T.);
#2587 = EDGE_CURVE('',#2281,#2588,#2590,.T.);
#2588 = VERTEX_POINT('',#2589);
#2589 = CARTESIAN_POINT('',(-7.E-15,-5.75,3.25));
#2590 = LINE('',#2591,#2592);
#2591 = CARTESIAN_POINT('',(-1.138E-14,-5.75,6.25));
#2592 = VECTOR('',#2593,1.);
#2593 = DIRECTION('',(2.33E-15,-1.08E-15,-1.));
#2594 = ORIENTED_EDGE('',*,*,#2595,.T.);
#2595 = EDGE_CURVE('',#2588,#2588,#2596,.T.);
#2596 = CIRCLE('',#2597,1.25);
#2597 = AXIS2_PLACEMENT_3D('',#2598,#2599,#2600);
#2598 = CARTESIAN_POINT('',(-2.73E-15,-4.5,3.25));
#2599 = DIRECTION('',(-1.67E-15,2.08E-15,1.));
#2600 = DIRECTION('',(9.7E-16,-1.,2.08E-15));
#2601 = ORIENTED_EDGE('',*,*,#2587,.F.);
#2602 = ORIENTED_EDGE('',*,*,#2280,.F.);
#2603 = CYLINDRICAL_SURFACE('',#2604,1.25);
#2604 = AXIS2_PLACEMENT_3D('',#2605,#2606,#2607);
#2605 = CARTESIAN_POINT('',(-1.207E-14,-4.5,6.25));
#2606 = DIRECTION('',(-2.11E-15,1.31E-15,1.));
#2607 = DIRECTION('',(5.6E-16,-1.,1.31E-15));
#2608 = ADVANCED_FACE('',(#2609),#2628,.F.);
#2609 = FACE_BOUND('',#2610,.F.);
#2610 = EDGE_LOOP('',(#2611,#2619,#2626,#2627));
#2611 = ORIENTED_EDGE('',*,*,#2612,.T.);
#2612 = EDGE_CURVE('',#2292,#2613,#2615,.T.);
#2613 = VERTEX_POINT('',#2614);
#2614 = CARTESIAN_POINT('',(14.1,2.,3.75));
#2615 = LINE('',#2616,#2617);
#2616 = CARTESIAN_POINT('',(14.1,2.,6.25));
#2617 = VECTOR('',#2618,1.);
#2618 = DIRECTION('',(1.67E-15,7.8E-16,-1.));
#2619 = ORIENTED_EDGE('',*,*,#2620,.T.);
#2620 = EDGE_CURVE('',#2613,#2613,#2621,.T.);
#2621 = CIRCLE('',#2622,1.25);
#2622 = AXIS2_PLACEMENT_3D('',#2623,#2624,#2625);
#2623 = CARTESIAN_POINT('',(14.1,3.25,3.75));
#2624 = DIRECTION('',(3.3E-16,1.22E-15,1.));
#2625 = DIRECTION('',(1.78E-15,-1.,1.22E-15));
#2626 = ORIENTED_EDGE('',*,*,#2612,.F.);
#2627 = ORIENTED_EDGE('',*,*,#2291,.F.);
#2628 = CYLINDRICAL_SURFACE('',#2629,1.25);
#2629 = AXIS2_PLACEMENT_3D('',#2630,#2631,#2632);
#2630 = CARTESIAN_POINT('',(14.1,3.25,6.25));
#2631 = DIRECTION('',(-1.44E-15,-5.6E-16,1.));
#2632 = DIRECTION('',(1.55E-15,-1.,-5.6E-16));
#2633 = ADVANCED_FACE('',(#2634),#2653,.F.);
#2634 = FACE_BOUND('',#2635,.F.);
#2635 = EDGE_LOOP('',(#2636,#2644,#2651,#2652));
#2636 = ORIENTED_EDGE('',*,*,#2637,.T.);
#2637 = EDGE_CURVE('',#2303,#2638,#2640,.T.);
#2638 = VERTEX_POINT('',#2639);
#2639 = CARTESIAN_POINT('',(-14.1,-4.5,3.75));
#2640 = LINE('',#2641,#2642);
#2641 = CARTESIAN_POINT('',(-14.1,-4.5,6.25));
#2642 = VECTOR('',#2643,1.);
#2643 = DIRECTION('',(1.67E-15,7.8E-16,-1.));
#2644 = ORIENTED_EDGE('',*,*,#2645,.T.);
#2645 = EDGE_CURVE('',#2638,#2638,#2646,.T.);
#2646 = CIRCLE('',#2647,1.25);
#2647 = AXIS2_PLACEMENT_3D('',#2648,#2649,#2650);
#2648 = CARTESIAN_POINT('',(-14.1,-3.25,3.75));
#2649 = DIRECTION('',(3.3E-16,1.22E-15,1.));
#2650 = DIRECTION('',(1.78E-15,-1.,1.22E-15));
#2651 = ORIENTED_EDGE('',*,*,#2637,.F.);
#2652 = ORIENTED_EDGE('',*,*,#2302,.F.);
#2653 = CYLINDRICAL_SURFACE('',#2654,1.25);
#2654 = AXIS2_PLACEMENT_3D('',#2655,#2656,#2657);
#2655 = CARTESIAN_POINT('',(-14.1,-3.25,6.25));
#2656 = DIRECTION('',(-1.44E-15,-5.6E-16,1.));
#2657 = DIRECTION('',(1.55E-15,-1.,-5.6E-16));
#2658 = ADVANCED_FACE('',(#2659),#2678,.F.);
#2659 = FACE_BOUND('',#2660,.F.);
#2660 = EDGE_LOOP('',(#2661,#2669,#2676,#2677));
#2661 = ORIENTED_EDGE('',*,*,#2662,.T.);
#2662 = EDGE_CURVE('',#2314,#2663,#2665,.T.);
#2663 = VERTEX_POINT('',#2664);
#2664 = CARTESIAN_POINT('',(-8.E-15,3.25,3.25));
#2665 = LINE('',#2666,#2667);
#2666 = CARTESIAN_POINT('',(-1.638E-14,3.25,6.25));
#2667 = VECTOR('',#2668,1.);
#2668 = DIRECTION('',(2.33E-15,-1.08E-15,-1.));
#2669 = ORIENTED_EDGE('',*,*,#2670,.T.);
#2670 = EDGE_CURVE('',#2663,#2663,#2671,.T.);
#2671 = CIRCLE('',#2672,1.25);
#2672 = AXIS2_PLACEMENT_3D('',#2673,#2674,#2675);
#2673 = CARTESIAN_POINT('',(-1.148E-14,4.5,3.25));
#2674 = DIRECTION('',(-1.67E-15,2.08E-15,1.));
#2675 = DIRECTION('',(9.7E-16,-1.,2.08E-15));
#2676 = ORIENTED_EDGE('',*,*,#2662,.F.);
#2677 = ORIENTED_EDGE('',*,*,#2313,.F.);
#2678 = CYLINDRICAL_SURFACE('',#2679,1.25);
#2679 = AXIS2_PLACEMENT_3D('',#2680,#2681,#2682);
#2680 = CARTESIAN_POINT('',(-1.707E-14,4.5,6.25));
#2681 = DIRECTION('',(-2.11E-15,1.31E-15,1.));
#2682 = DIRECTION('',(5.6E-16,-1.,1.31E-15));
#2683 = ADVANCED_FACE('',(#2684),#2703,.F.);
#2684 = FACE_BOUND('',#2685,.F.);
#2685 = EDGE_LOOP('',(#2686,#2694,#2701,#2702));
#2686 = ORIENTED_EDGE('',*,*,#2687,.T.);
#2687 = EDGE_CURVE('',#2325,#2688,#2690,.T.);
#2688 = VERTEX_POINT('',#2689);
#2689 = CARTESIAN_POINT('',(-14.1,2.,3.75));
#2690 = LINE('',#2691,#2692);
#2691 = CARTESIAN_POINT('',(-14.1,2.,6.25));
#2692 = VECTOR('',#2693,1.);
#2693 = DIRECTION('',(1.67E-15,7.8E-16,-1.));
#2694 = ORIENTED_EDGE('',*,*,#2695,.T.);
#2695 = EDGE_CURVE('',#2688,#2688,#2696,.T.);
#2696 = CIRCLE('',#2697,1.25);
#2697 = AXIS2_PLACEMENT_3D('',#2698,#2699,#2700);
#2698 = CARTESIAN_POINT('',(-14.1,3.25,3.75));
#2699 = DIRECTION('',(3.3E-16,1.22E-15,1.));
#2700 = DIRECTION('',(1.78E-15,-1.,1.22E-15));
#2701 = ORIENTED_EDGE('',*,*,#2687,.F.);
#2702 = ORIENTED_EDGE('',*,*,#2324,.F.);
#2703 = CYLINDRICAL_SURFACE('',#2704,1.25);
#2704 = AXIS2_PLACEMENT_3D('',#2705,#2706,#2707);
#2705 = CARTESIAN_POINT('',(-14.1,3.25,6.25));
#2706 = DIRECTION('',(-1.44E-15,-5.6E-16,1.));
#2707 = DIRECTION('',(1.55E-15,-1.,-5.6E-16));
#2708 = ADVANCED_FACE('',(#2709),#2712,.T.);
#2709 = FACE_BOUND('',#2710,.T.);
#2710 = EDGE_LOOP('',(#2711));
#2711 = ORIENTED_EDGE('',*,*,#2570,.T.);
#2712 = PLANE('',#2713);
#2713 = AXIS2_PLACEMENT_3D('',#2714,#2715,#2716);
#2714 = CARTESIAN_POINT('',(-1.176E-14,6.661338147751E-15,3.75));
#2715 = DIRECTION('',(-1.67E-15,-1.E-15,1.));
#2716 = DIRECTION('',(1.,-6.7E-16,1.67E-15));
#2717 = ADVANCED_FACE('',(#2718),#2721,.T.);
#2718 = FACE_BOUND('',#2719,.T.);
#2719 = EDGE_LOOP('',(#2720));
#2720 = ORIENTED_EDGE('',*,*,#2595,.T.);
#2721 = PLANE('',#2722);
#2722 = AXIS2_PLACEMENT_3D('',#2723,#2724,#2725);
#2723 = CARTESIAN_POINT('',(-9.17E-15,4.440892098501E-15,3.25));
#2724 = DIRECTION('',(-2.31E-15,8.6E-16,1.));
#2725 = DIRECTION('',(1.,-3.3E-16,2.31E-15));
#2726 = ADVANCED_FACE('',(#2727),#2730,.T.);
#2727 = FACE_BOUND('',#2728,.T.);
#2728 = EDGE_LOOP('',(#2729));
#2729 = ORIENTED_EDGE('',*,*,#2620,.T.);
#2730 = PLANE('',#2731);
#2731 = AXIS2_PLACEMENT_3D('',#2732,#2733,#2734);
#2732 = CARTESIAN_POINT('',(-1.176E-14,6.661338147751E-15,3.75));
#2733 = DIRECTION('',(-1.67E-15,-1.E-15,1.));
#2734 = DIRECTION('',(1.,-6.7E-16,1.67E-15));
#2735 = ADVANCED_FACE('',(#2736),#2739,.T.);
#2736 = FACE_BOUND('',#2737,.T.);
#2737 = EDGE_LOOP('',(#2738));
#2738 = ORIENTED_EDGE('',*,*,#2645,.T.);
#2739 = PLANE('',#2740);
#2740 = AXIS2_PLACEMENT_3D('',#2741,#2742,#2743);
#2741 = CARTESIAN_POINT('',(-1.176E-14,6.661338147751E-15,3.75));
#2742 = DIRECTION('',(-1.67E-15,-1.E-15,1.));
#2743 = DIRECTION('',(1.,-6.7E-16,1.67E-15));
#2744 = ADVANCED_FACE('',(#2745),#2748,.T.);
#2745 = FACE_BOUND('',#2746,.T.);
#2746 = EDGE_LOOP('',(#2747));
#2747 = ORIENTED_EDGE('',*,*,#2670,.T.);
#2748 = PLANE('',#2749);
#2749 = AXIS2_PLACEMENT_3D('',#2750,#2751,#2752);
#2750 = CARTESIAN_POINT('',(-9.17E-15,4.440892098501E-15,3.25));
#2751 = DIRECTION('',(-2.31E-15,8.6E-16,1.));
#2752 = DIRECTION('',(1.,-3.3E-16,2.31E-15));
#2753 = ADVANCED_FACE('',(#2754),#2757,.T.);
#2754 = FACE_BOUND('',#2755,.T.);
#2755 = EDGE_LOOP('',(#2756));
#2756 = ORIENTED_EDGE('',*,*,#2695,.T.);
#2757 = PLANE('',#2758);
#2758 = AXIS2_PLACEMENT_3D('',#2759,#2760,#2761);
#2759 = CARTESIAN_POINT('',(-1.176E-14,6.661338147751E-15,3.75));
#2760 = DIRECTION('',(-1.67E-15,-1.E-15,1.));
#2761 = DIRECTION('',(1.,-6.7E-16,1.67E-15));
#2762 = ( GEOMETRIC_REPRESENTATION_CONTEXT(3) 
GLOBAL_UNCERTAINTY_ASSIGNED_CONTEXT((#2766)) 
GLOBAL_UNIT_ASSIGNED_CONTEXT((#2763,#2764,#2765)) REPRESENTATION_CONTEXT
('Context #1','3D Context with UNIT and UNCERTAINTY') );
#2763 = ( LENGTH_UNIT() NAMED_UNIT(*) SI_UNIT(.MILLI.,.METRE.) );
#2764 = ( NAMED_UNIT(*) PLANE_ANGLE_UNIT() SI_UNIT($,.RADIAN.) );
#2765 = ( NAMED_UNIT(*) SI_UNIT($,.STERADIAN.) SOLID_ANGLE_UNIT() );
#2766 = UNCERTAINTY_MEASURE_WITH_UNIT(LENGTH_MEASURE(5.E-06),#2763,
  'distance_accuracy_value','confusion accuracy');
#2767 = PRODUCT_RELATED_PRODUCT_CATEGORY('part',$,(#7));
ENDSEC;
END-ISO-10303-21;
