ISO-10303-21;
HEADER;
FILE_DESCRIPTION(('FreeCAD Model'),'2;1');
FILE_NAME('Open CASCADE Shape Model','2026-09-06T12:30:37',('FreeCAD'),(
    'FreeCAD'),'Open CASCADE STEP processor 7.8','FreeCAD','Unknown');
FILE_SCHEMA(('AUTOMOTIVE_DESIGN { 1 0 10303 214 1 1 1 1 }'));
ENDSEC;
DATA;
#1 = APPLICATION_PROTOCOL_DEFINITION('international standard',
  'automotive_design',2000,#2);
#2 = APPLICATION_CONTEXT(
  'core data for automotive mechanical design processes');
#3 = SHAPE_DEFINITION_REPRESENTATION(#4,#10);
#4 = PRODUCT_DEFINITION_SHAPE('','',#5);
#5 = PRODUCT_DEFINITION('design','',#6,#9);
#6 = PRODUCT_DEFINITION_FORMATION('','',#7);
#7 = PRODUCT('Open CASCADE STEP translator 7.8 237',
  'Open CASCADE STEP translator 7.8 237','',(#8));
#8 = PRODUCT_CONTEXT('',#2,'mechanical');
#9 = PRODUCT_DEFINITION_CONTEXT('part definition',#2,'design');
#10 = ADVANCED_BREP_SHAPE_REPRESENTATION('',(#11,#15),#6592);
#11 = AXIS2_PLACEMENT_3D('',#12,#13,#14);
#12 = CARTESIAN_POINT('',(0.,0.,0.));
#13 = DIRECTION('',(0.,0.,1.));
#14 = DIRECTION('',(1.,0.,-0.));
#15 = MANIFOLD_SOLID_BREP('',#16);
#16 = CLOSED_SHELL('',(#17,#312,#375,#399,#423,#582,#675,#733,#757,#792,
    #816,#840,#864,#898,#984,#1036,#1129,#1187,#1211,#1246,#1270,#1294,
    #1318,#1352,#1438,#1490,#1515,#1549,#1574,#1655,#1717,#1741,#1758,
    #1807,#1901,#1925,#1949,#1973,#1997,#2021,#2056,#2084,#2108,#2172,
    #2189,#2214,#2239,#2272,#2296,#2320,#2436,#2463,#2487,#2513,#2530,
    #2563,#2587,#2611,#2727,#2754,#2778,#2804,#2821,#2865,#2896,#2927,
    #2983,#3007,#3164,#3188,#3205,#3230,#3261,#3285,#3309,#3326,#3350,
    #3367,#3390,#3414,#3461,#3478,#3502,#3543,#3568,#3593,#3646,#3671,
    #3688,#3710,#3727,#3744,#3756,#3772,#3797,#3813,#3838,#3850,#3917,
    #3929,#3946,#4213,#4286,#4303,#4331,#4348,#4360,#4384,#4408,#4436,
    #4461,#4486,#4501,#4526,#4549,#4566,#4591,#4600,#4609,#4618,#4627,
    #4652,#4683,#4707,#4731,#4748,#4866,#4899,#4933,#4957,#4982,#5006,
    #5040,#5064,#5176,#5202,#5320,#5353,#5387,#5411,#5436,#5460,#5494,
    #5518,#5630,#5656,#5673,#5707,#5724,#5755,#5779,#5803,#5820,#5845,
    #5862,#5896,#5930,#5947,#5962,#5995,#6019,#6135,#6152,#6176,#6202,
    #6219,#6252,#6276,#6392,#6409,#6433,#6459,#6476,#6492,#6508,#6524,
    #6549,#6574,#6583));
#17 = ADVANCED_FACE('',(#18,#52,#163,#274,#285,#296),#307,.F.);
#18 = FACE_BOUND('',#19,.F.);
#19 = EDGE_LOOP('',(#20,#30,#38,#46));
#20 = ORIENTED_EDGE('',*,*,#21,.F.);
#21 = EDGE_CURVE('',#22,#24,#26,.T.);
#22 = VERTEX_POINT('',#23);
#23 = CARTESIAN_POINT('',(-36.,39.,-11.5));
#24 = VERTEX_POINT('',#25);
#25 = CARTESIAN_POINT('',(-36.,-39.,-11.5));
#26 = LINE('',#27,#28);
#27 = CARTESIAN_POINT('',(-36.,40.,-11.5));
#28 = VECTOR('',#29,1.);
#29 = DIRECTION('',(0.,-1.,0.));
#30 = ORIENTED_EDGE('',*,*,#31,.T.);
#31 = EDGE_CURVE('',#22,#32,#34,.T.);
#32 = VERTEX_POINT('',#33);
#33 = CARTESIAN_POINT('',(-36.,39.,26.5));
#34 = LINE('',#35,#36);
#35 = CARTESIAN_POINT('',(-36.,39.,-11.5));
#36 = VECTOR('',#37,1.);
#37 = DIRECTION('',(0.,0.,1.));
#38 = ORIENTED_EDGE('',*,*,#39,.T.);
#39 = EDGE_CURVE('',#32,#40,#42,.T.);
#40 = VERTEX_POINT('',#41);
#41 = CARTESIAN_POINT('',(-36.,-39.,26.5));
#42 = LINE('',#43,#44);
#43 = CARTESIAN_POINT('',(-36.,40.,26.5));
#44 = VECTOR('',#45,1.);
#45 = DIRECTION('',(0.,-1.,0.));
#46 = ORIENTED_EDGE('',*,*,#47,.F.);
#47 = EDGE_CURVE('',#24,#40,#48,.T.);
#48 = LINE('',#49,#50);
#49 = CARTESIAN_POINT('',(-36.,-39.,-11.5));
#50 = VECTOR('',#51,1.);
#51 = DIRECTION('',(0.,0.,1.));
#52 = FACE_BOUND('',#53,.F.);
#53 = EDGE_LOOP('',(#54,#64,#72,#80,#88,#96,#115,#126,#135,#146));
#54 = ORIENTED_EDGE('',*,*,#55,.T.);
#55 = EDGE_CURVE('',#56,#58,#60,.T.);
#56 = VERTEX_POINT('',#57);
#57 = CARTESIAN_POINT('',(-36.,12.04032522475,17.6));
#58 = VERTEX_POINT('',#59);
#59 = CARTESIAN_POINT('',(-36.,11.45,17.6));
#60 = LINE('',#61,#62);
#61 = CARTESIAN_POINT('',(-36.,16.55,17.6));
#62 = VECTOR('',#63,1.);
#63 = DIRECTION('',(0.,-1.,0.));
#64 = ORIENTED_EDGE('',*,*,#65,.T.);
#65 = EDGE_CURVE('',#58,#66,#68,.T.);
#66 = VERTEX_POINT('',#67);
#67 = CARTESIAN_POINT('',(-36.,11.45,21.4));
#68 = LINE('',#69,#70);
#69 = CARTESIAN_POINT('',(-36.,11.45,18.6));
#70 = VECTOR('',#71,1.);
#71 = DIRECTION('',(0.,0.,1.));
#72 = ORIENTED_EDGE('',*,*,#73,.T.);
#73 = EDGE_CURVE('',#66,#74,#76,.T.);
#74 = VERTEX_POINT('',#75);
#75 = CARTESIAN_POINT('',(-36.,17.55,21.4));
#76 = LINE('',#77,#78);
#77 = CARTESIAN_POINT('',(-36.,12.45,21.4));
#78 = VECTOR('',#79,1.);
#79 = DIRECTION('',(0.,1.,0.));
#80 = ORIENTED_EDGE('',*,*,#81,.T.);
#81 = EDGE_CURVE('',#74,#82,#84,.T.);
#82 = VERTEX_POINT('',#83);
#83 = CARTESIAN_POINT('',(-36.,17.55,17.6));
#84 = LINE('',#85,#86);
#85 = CARTESIAN_POINT('',(-36.,17.55,20.4));
#86 = VECTOR('',#87,1.);
#87 = DIRECTION('',(0.,0.,-1.));
#88 = ORIENTED_EDGE('',*,*,#89,.T.);
#89 = EDGE_CURVE('',#82,#90,#92,.T.);
#90 = VERTEX_POINT('',#91);
#91 = CARTESIAN_POINT('',(-36.,16.95967477525,17.6));
#92 = LINE('',#93,#94);
#93 = CARTESIAN_POINT('',(-36.,16.55,17.6));
#94 = VECTOR('',#95,1.);
#95 = DIRECTION('',(0.,-1.,0.));
#96 = ORIENTED_EDGE('',*,*,#97,.T.);
#97 = EDGE_CURVE('',#90,#98,#100,.T.);
#98 = VERTEX_POINT('',#99);
#99 = CARTESIAN_POINT('',(-36.,16.822548207493,17.446687836487));
#100 = B_SPLINE_CURVE_WITH_KNOTS('',7,(#101,#102,#103,#104,#105,#106,
    #107,#108,#109,#110,#111,#112,#113,#114),.UNSPECIFIED.,.F.,.F.,(8,6,
    8),(-1.263783705278,-1.234227047737,-0.688737339364),.UNSPECIFIED.);
#101 = CARTESIAN_POINT('',(-36.,17.211692393793,17.881764263295));
#102 = CARTESIAN_POINT('',(-36.,17.207226061925,17.876770752461));
#103 = CARTESIAN_POINT('',(-36.,17.203034965407,17.872084964105));
#104 = CARTESIAN_POINT('',(-36.,17.19911910424,17.867706898224));
#105 = CARTESIAN_POINT('',(-36.,17.195478478423,17.863636554821));
#106 = CARTESIAN_POINT('',(-36.,17.192113087956,17.859873933894));
#107 = CARTESIAN_POINT('',(-36.,17.18902293284,17.856419035443));
#108 = CARTESIAN_POINT('',(-36.,17.134256612277,17.795188427615));
#109 = CARTESIAN_POINT('',(-36.,17.08230521148,17.73710499576));
#110 = CARTESIAN_POINT('',(-36.,17.030353810683,17.679021563906));
#111 = CARTESIAN_POINT('',(-36.,16.978402409885,17.620938132051));
#112 = CARTESIAN_POINT('',(-36.,16.926451009088,17.562854700197));
#113 = CARTESIAN_POINT('',(-36.,16.87449960829,17.504771268342));
#114 = CARTESIAN_POINT('',(-36.,16.822548207493,17.446687836487));
#115 = ORIENTED_EDGE('',*,*,#116,.T.);
#116 = EDGE_CURVE('',#98,#117,#119,.T.);
#117 = VERTEX_POINT('',#118);
#118 = CARTESIAN_POINT('',(-36.,16.36338998125,16.933333333333));
#119 = B_SPLINE_CURVE_WITH_KNOTS('',5,(#120,#121,#122,#123,#124,#125),
  .UNSPECIFIED.,.F.,.F.,(6,6),(-0.688737339364,0.),
  .PIECEWISE_BEZIER_KNOTS.);
#120 = CARTESIAN_POINT('',(-36.,16.822548207493,17.446687836487));
#121 = CARTESIAN_POINT('',(-36.,16.730716562244,17.344016935856));
#122 = CARTESIAN_POINT('',(-36.,16.638884916996,17.241346035226));
#123 = CARTESIAN_POINT('',(-36.,16.547053271747,17.138675134595));
#124 = CARTESIAN_POINT('',(-36.,16.455221626498,17.036004233964));
#125 = CARTESIAN_POINT('',(-36.,16.36338998125,16.933333333333));
#126 = ORIENTED_EDGE('',*,*,#127,.T.);
#127 = EDGE_CURVE('',#117,#128,#130,.T.);
#128 = VERTEX_POINT('',#129);
#129 = CARTESIAN_POINT('',(-36.,12.63661001875,16.933333333333));
#130 = CIRCLE('',#131,2.5);
#131 = AXIS2_PLACEMENT_3D('',#132,#133,#134);
#132 = CARTESIAN_POINT('',(-36.,14.5,18.6));
#133 = DIRECTION('',(-1.,0.,-0.));
#134 = DIRECTION('',(0.,0.7453559925,-0.666666666667));
#135 = ORIENTED_EDGE('',*,*,#136,.T.);
#136 = EDGE_CURVE('',#128,#137,#139,.T.);
#137 = VERTEX_POINT('',#138);
#138 = CARTESIAN_POINT('',(-36.,12.177451792507,17.446687836487));
#139 = B_SPLINE_CURVE_WITH_KNOTS('',5,(#140,#141,#142,#143,#144,#145),
  .UNSPECIFIED.,.F.,.F.,(6,6),(2.523206011704,3.211943351068),
  .PIECEWISE_BEZIER_KNOTS.);
#140 = CARTESIAN_POINT('',(-36.,12.63661001875,16.933333333333));
#141 = CARTESIAN_POINT('',(-36.,12.544778373502,17.036004233964));
#142 = CARTESIAN_POINT('',(-36.,12.452946728253,17.138675134595));
#143 = CARTESIAN_POINT('',(-36.,12.361115083004,17.241346035226));
#144 = CARTESIAN_POINT('',(-36.,12.269283437756,17.344016935856));
#145 = CARTESIAN_POINT('',(-36.,12.177451792507,17.446687836487));
#146 = ORIENTED_EDGE('',*,*,#147,.T.);
#147 = EDGE_CURVE('',#137,#56,#148,.T.);
#148 = B_SPLINE_CURVE_WITH_KNOTS('',7,(#149,#150,#151,#152,#153,#154,
    #155,#156,#157,#158,#159,#160,#161,#162),.UNSPECIFIED.,.F.,.F.,(8,6,
    8),(3.211943351068,3.757433059441,3.786989716981),.UNSPECIFIED.);
#149 = CARTESIAN_POINT('',(-36.,12.177451792507,17.446687836487));
#150 = CARTESIAN_POINT('',(-36.,12.12550039171,17.504771268342));
#151 = CARTESIAN_POINT('',(-36.,12.073548990913,17.562854700197));
#152 = CARTESIAN_POINT('',(-36.,12.021597590115,17.620938132051));
#153 = CARTESIAN_POINT('',(-36.,11.969646189318,17.679021563906));
#154 = CARTESIAN_POINT('',(-36.,11.91769478852,17.73710499576));
#155 = CARTESIAN_POINT('',(-36.,11.865743387723,17.795188427615));
#156 = CARTESIAN_POINT('',(-36.,11.81097706716,17.856419035443));
#157 = CARTESIAN_POINT('',(-36.,11.807886912044,17.859873933894));
#158 = CARTESIAN_POINT('',(-36.,11.804521521577,17.863636554821));
#159 = CARTESIAN_POINT('',(-36.,11.80088089576,17.867706898224));
#160 = CARTESIAN_POINT('',(-36.,11.796965034593,17.872084964105));
#161 = CARTESIAN_POINT('',(-36.,11.792773938075,17.876770752461));
#162 = CARTESIAN_POINT('',(-36.,11.788307606207,17.881764263295));
#163 = FACE_BOUND('',#164,.F.);
#164 = EDGE_LOOP('',(#165,#175,#183,#191,#199,#207,#226,#237,#246,#257)
  );
#165 = ORIENTED_EDGE('',*,*,#166,.F.);
#166 = EDGE_CURVE('',#167,#169,#171,.T.);
#167 = VERTEX_POINT('',#168);
#168 = CARTESIAN_POINT('',(-36.,-35.54999999999,17.600000000006));
#169 = VERTEX_POINT('',#170);
#170 = CARTESIAN_POINT('',(-36.,-34.95967477524,17.600000000006));
#171 = LINE('',#172,#173);
#172 = CARTESIAN_POINT('',(-36.,-34.54999999999,17.600000000006));
#173 = VECTOR('',#174,1.);
#174 = DIRECTION('',(0.,1.,0.));
#175 = ORIENTED_EDGE('',*,*,#176,.F.);
#176 = EDGE_CURVE('',#177,#167,#179,.T.);
#177 = VERTEX_POINT('',#178);
#178 = CARTESIAN_POINT('',(-36.,-35.54999999999,21.4));
#179 = LINE('',#180,#181);
#180 = CARTESIAN_POINT('',(-36.,-35.54999999999,20.4));
#181 = VECTOR('',#182,1.);
#182 = DIRECTION('',(0.,0.,-1.));
#183 = ORIENTED_EDGE('',*,*,#184,.F.);
#184 = EDGE_CURVE('',#185,#177,#187,.T.);
#185 = VERTEX_POINT('',#186);
#186 = CARTESIAN_POINT('',(-36.,-29.44999999999,21.4));
#187 = LINE('',#188,#189);
#188 = CARTESIAN_POINT('',(-36.,-30.44999999999,21.4));
#189 = VECTOR('',#190,1.);
#190 = DIRECTION('',(0.,-1.,0.));
#191 = ORIENTED_EDGE('',*,*,#192,.F.);
#192 = EDGE_CURVE('',#193,#185,#195,.T.);
#193 = VERTEX_POINT('',#194);
#194 = CARTESIAN_POINT('',(-36.,-29.44999999999,17.600000000006));
#195 = LINE('',#196,#197);
#196 = CARTESIAN_POINT('',(-36.,-29.44999999999,18.600000000006));
#197 = VECTOR('',#198,1.);
#198 = DIRECTION('',(0.,0.,1.));
#199 = ORIENTED_EDGE('',*,*,#200,.F.);
#200 = EDGE_CURVE('',#201,#193,#203,.T.);
#201 = VERTEX_POINT('',#202);
#202 = CARTESIAN_POINT('',(-36.,-30.04032522474,17.600000000006));
#203 = LINE('',#204,#205);
#204 = CARTESIAN_POINT('',(-36.,-34.54999999999,17.600000000006));
#205 = VECTOR('',#206,1.);
#206 = DIRECTION('',(0.,1.,0.));
#207 = ORIENTED_EDGE('',*,*,#208,.T.);
#208 = EDGE_CURVE('',#201,#209,#211,.T.);
#209 = VERTEX_POINT('',#210);
#210 = CARTESIAN_POINT('',(-36.,-30.1774517925,17.446687836493));
#211 = B_SPLINE_CURVE_WITH_KNOTS('',7,(#212,#213,#214,#215,#216,#217,
    #218,#219,#220,#221,#222,#223,#224,#225),.UNSPECIFIED.,.F.,.F.,(8,6,
    8),(-1.263783705278,-1.234227047737,-0.688737339364),.UNSPECIFIED.);
#212 = CARTESIAN_POINT('',(-36.,-29.7883076062,17.881764263301));
#213 = CARTESIAN_POINT('',(-36.,-29.79277393806,17.876770752467));
#214 = CARTESIAN_POINT('',(-36.,-29.79696503458,17.872084964111));
#215 = CARTESIAN_POINT('',(-36.,-29.80088089575,17.86770689823));
#216 = CARTESIAN_POINT('',(-36.,-29.80452152157,17.863636554827));
#217 = CARTESIAN_POINT('',(-36.,-29.80788691203,17.8598739339));
#218 = CARTESIAN_POINT('',(-36.,-29.81097706715,17.856419035449));
#219 = CARTESIAN_POINT('',(-36.,-29.86574338771,17.795188427621));
#220 = CARTESIAN_POINT('',(-36.,-29.91769478851,17.737104995766));
#221 = CARTESIAN_POINT('',(-36.,-29.96964618931,17.679021563912));
#222 = CARTESIAN_POINT('',(-36.,-30.0215975901,17.620938132057));
#223 = CARTESIAN_POINT('',(-36.,-30.0735489909,17.562854700203));
#224 = CARTESIAN_POINT('',(-36.,-30.1255003917,17.504771268348));
#225 = CARTESIAN_POINT('',(-36.,-30.1774517925,17.446687836493));
#226 = ORIENTED_EDGE('',*,*,#227,.T.);
#227 = EDGE_CURVE('',#209,#228,#230,.T.);
#228 = VERTEX_POINT('',#229);
#229 = CARTESIAN_POINT('',(-36.,-30.63661001874,16.933333333339));
#230 = B_SPLINE_CURVE_WITH_KNOTS('',5,(#231,#232,#233,#234,#235,#236),
  .UNSPECIFIED.,.F.,.F.,(6,6),(-0.688737339364,0.),
  .PIECEWISE_BEZIER_KNOTS.);
#231 = CARTESIAN_POINT('',(-36.,-30.1774517925,17.446687836493));
#232 = CARTESIAN_POINT('',(-36.,-30.26928343774,17.344016935862));
#233 = CARTESIAN_POINT('',(-36.,-30.36111508299,17.241346035232));
#234 = CARTESIAN_POINT('',(-36.,-30.45294672824,17.138675134601));
#235 = CARTESIAN_POINT('',(-36.,-30.54477837349,17.03600423397));
#236 = CARTESIAN_POINT('',(-36.,-30.63661001874,16.933333333339));
#237 = ORIENTED_EDGE('',*,*,#238,.T.);
#238 = EDGE_CURVE('',#228,#239,#241,.T.);
#239 = VERTEX_POINT('',#240);
#240 = CARTESIAN_POINT('',(-36.,-34.36338998124,16.933333333339));
#241 = CIRCLE('',#242,2.5);
#242 = AXIS2_PLACEMENT_3D('',#243,#244,#245);
#243 = CARTESIAN_POINT('',(-36.,-32.49999999999,18.600000000006));
#244 = DIRECTION('',(-1.,0.,-0.));
#245 = DIRECTION('',(0.,0.7453559925,-0.666666666667));
#246 = ORIENTED_EDGE('',*,*,#247,.T.);
#247 = EDGE_CURVE('',#239,#248,#250,.T.);
#248 = VERTEX_POINT('',#249);
#249 = CARTESIAN_POINT('',(-36.,-34.82254820748,17.446687836493));
#250 = B_SPLINE_CURVE_WITH_KNOTS('',5,(#251,#252,#253,#254,#255,#256),
  .UNSPECIFIED.,.F.,.F.,(6,6),(2.523206011704,3.211943351068),
  .PIECEWISE_BEZIER_KNOTS.);
#251 = CARTESIAN_POINT('',(-36.,-34.36338998124,16.933333333339));
#252 = CARTESIAN_POINT('',(-36.,-34.45522162649,17.03600423397));
#253 = CARTESIAN_POINT('',(-36.,-34.54705327173,17.138675134601));
#254 = CARTESIAN_POINT('',(-36.,-34.63888491698,17.241346035232));
#255 = CARTESIAN_POINT('',(-36.,-34.73071656223,17.344016935862));
#256 = CARTESIAN_POINT('',(-36.,-34.82254820748,17.446687836493));
#257 = ORIENTED_EDGE('',*,*,#258,.T.);
#258 = EDGE_CURVE('',#248,#169,#259,.T.);
#259 = B_SPLINE_CURVE_WITH_KNOTS('',7,(#260,#261,#262,#263,#264,#265,
    #266,#267,#268,#269,#270,#271,#272,#273),.UNSPECIFIED.,.F.,.F.,(8,6,
    8),(3.211943351068,3.757433059441,3.786989716981),.UNSPECIFIED.);
#260 = CARTESIAN_POINT('',(-36.,-34.82254820748,17.446687836493));
#261 = CARTESIAN_POINT('',(-36.,-34.87449960828,17.504771268348));
#262 = CARTESIAN_POINT('',(-36.,-34.92645100908,17.562854700202));
#263 = CARTESIAN_POINT('',(-35.99999999999,-34.97840240987,
    17.620938132057));
#264 = CARTESIAN_POINT('',(-36.,-35.03035381067,17.679021563912));
#265 = CARTESIAN_POINT('',(-36.,-35.08230521147,17.737104995766));
#266 = CARTESIAN_POINT('',(-36.,-35.13425661227,17.795188427621));
#267 = CARTESIAN_POINT('',(-36.,-35.18902293283,17.856419035449));
#268 = CARTESIAN_POINT('',(-36.,-35.19211308794,17.8598739339));
#269 = CARTESIAN_POINT('',(-36.,-35.19547847841,17.863636554827));
#270 = CARTESIAN_POINT('',(-36.,-35.19911910423,17.86770689823));
#271 = CARTESIAN_POINT('',(-36.,-35.2030349654,17.872084964111));
#272 = CARTESIAN_POINT('',(-36.,-35.20722606191,17.876770752467));
#273 = CARTESIAN_POINT('',(-36.,-35.21169239378,17.881764263301));
#274 = FACE_BOUND('',#275,.F.);
#275 = EDGE_LOOP('',(#276));
#276 = ORIENTED_EDGE('',*,*,#277,.T.);
#277 = EDGE_CURVE('',#278,#278,#280,.T.);
#278 = VERTEX_POINT('',#279);
#279 = CARTESIAN_POINT('',(-36.,10.4,-6.));
#280 = CIRCLE('',#281,4.1);
#281 = AXIS2_PLACEMENT_3D('',#282,#283,#284);
#282 = CARTESIAN_POINT('',(-36.,14.5,-6.));
#283 = DIRECTION('',(-1.,0.,0.));
#284 = DIRECTION('',(0.,-1.,0.));
#285 = FACE_BOUND('',#286,.F.);
#286 = EDGE_LOOP('',(#287));
#287 = ORIENTED_EDGE('',*,*,#288,.T.);
#288 = EDGE_CURVE('',#289,#289,#291,.T.);
#289 = VERTEX_POINT('',#290);
#290 = CARTESIAN_POINT('',(-36.,-10.5,-2.5));
#291 = CIRCLE('',#292,1.5);
#292 = AXIS2_PLACEMENT_3D('',#293,#294,#295);
#293 = CARTESIAN_POINT('',(-36.,-9.,-2.5));
#294 = DIRECTION('',(-1.,0.,0.));
#295 = DIRECTION('',(0.,-1.,0.));
#296 = FACE_BOUND('',#297,.F.);
#297 = EDGE_LOOP('',(#298));
#298 = ORIENTED_EDGE('',*,*,#299,.T.);
#299 = EDGE_CURVE('',#300,#300,#302,.T.);
#300 = VERTEX_POINT('',#301);
#301 = CARTESIAN_POINT('',(-36.,-36.6,-6.));
#302 = CIRCLE('',#303,4.1);
#303 = AXIS2_PLACEMENT_3D('',#304,#305,#306);
#304 = CARTESIAN_POINT('',(-36.,-32.5,-6.));
#305 = DIRECTION('',(-1.,0.,0.));
#306 = DIRECTION('',(0.,-1.,0.));
#307 = PLANE('',#308);
#308 = AXIS2_PLACEMENT_3D('',#309,#310,#311);
#309 = CARTESIAN_POINT('',(-36.,40.,-26.5));
#310 = DIRECTION('',(1.,0.,0.));
#311 = DIRECTION('',(0.,-1.,0.));
#312 = ADVANCED_FACE('',(#313),#370,.T.);
#313 = FACE_BOUND('',#314,.T.);
#314 = EDGE_LOOP('',(#315,#316,#324,#332,#340,#348,#356,#364));
#315 = ORIENTED_EDGE('',*,*,#21,.F.);
#316 = ORIENTED_EDGE('',*,*,#317,.T.);
#317 = EDGE_CURVE('',#22,#318,#320,.T.);
#318 = VERTEX_POINT('',#319);
#319 = CARTESIAN_POINT('',(-35.,40.,-11.5));
#320 = LINE('',#321,#322);
#321 = CARTESIAN_POINT('',(-38.84253574399,36.157464256007,-11.5));
#322 = VECTOR('',#323,1.);
#323 = DIRECTION('',(0.707106781187,0.707106781187,0.));
#324 = ORIENTED_EDGE('',*,*,#325,.F.);
#325 = EDGE_CURVE('',#326,#318,#328,.T.);
#326 = VERTEX_POINT('',#327);
#327 = CARTESIAN_POINT('',(-36.,40.,-11.5));
#328 = LINE('',#329,#330);
#329 = CARTESIAN_POINT('',(18.,40.,-11.5));
#330 = VECTOR('',#331,1.);
#331 = DIRECTION('',(1.,0.,0.));
#332 = ORIENTED_EDGE('',*,*,#333,.F.);
#333 = EDGE_CURVE('',#334,#326,#336,.T.);
#334 = VERTEX_POINT('',#335);
#335 = CARTESIAN_POINT('',(-90.,-40.,-11.5));
#336 = LINE('',#337,#338);
#337 = CARTESIAN_POINT('',(-90.,-40.,-11.5));
#338 = VECTOR('',#339,1.);
#339 = DIRECTION('',(0.559472855001,0.828848674076,0.));
#340 = ORIENTED_EDGE('',*,*,#341,.T.);
#341 = EDGE_CURVE('',#334,#342,#344,.T.);
#342 = VERTEX_POINT('',#343);
#343 = CARTESIAN_POINT('',(-90.,-41.,-11.5));
#344 = LINE('',#345,#346);
#345 = CARTESIAN_POINT('',(-90.,-33.18507148798,-11.5));
#346 = VECTOR('',#347,1.);
#347 = DIRECTION('',(-0.,-1.,-0.));
#348 = ORIENTED_EDGE('',*,*,#349,.F.);
#349 = EDGE_CURVE('',#350,#342,#352,.T.);
#350 = VERTEX_POINT('',#351);
#351 = CARTESIAN_POINT('',(-89.,-40.,-11.5));
#352 = LINE('',#353,#354);
#353 = CARTESIAN_POINT('',(-59.34253574399,-10.34253574399,-11.5));
#354 = VECTOR('',#355,1.);
#355 = DIRECTION('',(-0.707106781187,-0.707106781187,0.));
#356 = ORIENTED_EDGE('',*,*,#357,.F.);
#357 = EDGE_CURVE('',#358,#350,#360,.T.);
#358 = VERTEX_POINT('',#359);
#359 = CARTESIAN_POINT('',(-37.,-40.,-11.5));
#360 = LINE('',#361,#362);
#361 = CARTESIAN_POINT('',(-36.,-40.,-11.5));
#362 = VECTOR('',#363,1.);
#363 = DIRECTION('',(-1.,0.,0.));
#364 = ORIENTED_EDGE('',*,*,#365,.F.);
#365 = EDGE_CURVE('',#24,#358,#366,.T.);
#366 = LINE('',#367,#368);
#367 = CARTESIAN_POINT('',(-19.84253574399,-22.84253574399,-11.5));
#368 = VECTOR('',#369,1.);
#369 = DIRECTION('',(-0.707106781187,-0.707106781187,0.));
#370 = PLANE('',#371);
#371 = AXIS2_PLACEMENT_3D('',#372,#373,#374);
#372 = CARTESIAN_POINT('',(1.97E-15,-9.370142975973,-11.5));
#373 = DIRECTION('',(0.,0.,1.));
#374 = DIRECTION('',(1.,0.,0.));
#375 = ADVANCED_FACE('',(#376),#394,.T.);
#376 = FACE_BOUND('',#377,.T.);
#377 = EDGE_LOOP('',(#378,#379,#380,#388));
#378 = ORIENTED_EDGE('',*,*,#317,.F.);
#379 = ORIENTED_EDGE('',*,*,#31,.T.);
#380 = ORIENTED_EDGE('',*,*,#381,.T.);
#381 = EDGE_CURVE('',#32,#382,#384,.T.);
#382 = VERTEX_POINT('',#383);
#383 = CARTESIAN_POINT('',(-35.,40.,26.5));
#384 = LINE('',#385,#386);
#385 = CARTESIAN_POINT('',(-55.,20.,26.5));
#386 = VECTOR('',#387,1.);
#387 = DIRECTION('',(0.707106781187,0.707106781187,0.));
#388 = ORIENTED_EDGE('',*,*,#389,.F.);
#389 = EDGE_CURVE('',#318,#382,#390,.T.);
#390 = LINE('',#391,#392);
#391 = CARTESIAN_POINT('',(-35.,40.,-11.5));
#392 = VECTOR('',#393,1.);
#393 = DIRECTION('',(0.,0.,1.));
#394 = PLANE('',#395);
#395 = AXIS2_PLACEMENT_3D('',#396,#397,#398);
#396 = CARTESIAN_POINT('',(-35.5,39.5,-11.5));
#397 = DIRECTION('',(-0.707106781187,0.707106781187,0.));
#398 = DIRECTION('',(0.,0.,1.));
#399 = ADVANCED_FACE('',(#400),#418,.T.);
#400 = FACE_BOUND('',#401,.F.);
#401 = EDGE_LOOP('',(#402,#403,#404,#412));
#402 = ORIENTED_EDGE('',*,*,#365,.F.);
#403 = ORIENTED_EDGE('',*,*,#47,.T.);
#404 = ORIENTED_EDGE('',*,*,#405,.T.);
#405 = EDGE_CURVE('',#40,#406,#408,.T.);
#406 = VERTEX_POINT('',#407);
#407 = CARTESIAN_POINT('',(-37.,-40.,26.5));
#408 = LINE('',#409,#410);
#409 = CARTESIAN_POINT('',(-36.,-39.,26.5));
#410 = VECTOR('',#411,1.);
#411 = DIRECTION('',(-0.707106781187,-0.707106781187,0.));
#412 = ORIENTED_EDGE('',*,*,#413,.F.);
#413 = EDGE_CURVE('',#358,#406,#414,.T.);
#414 = LINE('',#415,#416);
#415 = CARTESIAN_POINT('',(-37.,-40.,-11.5));
#416 = VECTOR('',#417,1.);
#417 = DIRECTION('',(0.,0.,1.));
#418 = PLANE('',#419);
#419 = AXIS2_PLACEMENT_3D('',#420,#421,#422);
#420 = CARTESIAN_POINT('',(-36.5,-39.5,-11.5));
#421 = DIRECTION('',(-0.707106781187,0.707106781187,0.));
#422 = DIRECTION('',(-0.,-0.,-1.));
#423 = ADVANCED_FACE('',(#424,#555,#566),#577,.T.);
#424 = FACE_BOUND('',#425,.T.);
#425 = EDGE_LOOP('',(#426,#436,#444,#452,#460,#468,#476,#484,#492,#498,
    #499,#500,#501,#509,#517,#525,#533,#541,#549));
#426 = ORIENTED_EDGE('',*,*,#427,.F.);
#427 = EDGE_CURVE('',#428,#430,#432,.T.);
#428 = VERTEX_POINT('',#429);
#429 = CARTESIAN_POINT('',(-64.,-74.,26.5));
#430 = VERTEX_POINT('',#431);
#431 = CARTESIAN_POINT('',(-90.,-74.,26.5));
#432 = LINE('',#433,#434);
#433 = CARTESIAN_POINT('',(-63.,-74.,26.5));
#434 = VECTOR('',#435,1.);
#435 = DIRECTION('',(-1.,0.,0.));
#436 = ORIENTED_EDGE('',*,*,#437,.T.);
#437 = EDGE_CURVE('',#428,#438,#440,.T.);
#438 = VERTEX_POINT('',#439);
#439 = CARTESIAN_POINT('',(-63.,-73.,26.5));
#440 = LINE('',#441,#442);
#441 = CARTESIAN_POINT('',(-47.75,-57.75,26.5));
#442 = VECTOR('',#443,1.);
#443 = DIRECTION('',(0.707106781187,0.707106781187,0.));
#444 = ORIENTED_EDGE('',*,*,#445,.F.);
#445 = EDGE_CURVE('',#446,#438,#448,.T.);
#446 = VERTEX_POINT('',#447);
#447 = CARTESIAN_POINT('',(-63.,-53.,26.5));
#448 = LINE('',#449,#450);
#449 = CARTESIAN_POINT('',(-63.,-40.,26.5));
#450 = VECTOR('',#451,1.);
#451 = DIRECTION('',(0.,-1.,0.));
#452 = ORIENTED_EDGE('',*,*,#453,.T.);
#453 = EDGE_CURVE('',#446,#454,#456,.T.);
#454 = VERTEX_POINT('',#455);
#455 = CARTESIAN_POINT('',(-62.,-52.,26.5));
#456 = LINE('',#457,#458);
#457 = CARTESIAN_POINT('',(-52.25,-42.25,26.5));
#458 = VECTOR('',#459,1.);
#459 = DIRECTION('',(0.707106781187,0.707106781187,0.));
#460 = ORIENTED_EDGE('',*,*,#461,.F.);
#461 = EDGE_CURVE('',#462,#454,#464,.T.);
#462 = VERTEX_POINT('',#463);
#463 = CARTESIAN_POINT('',(-25.,-52.,26.5));
#464 = LINE('',#465,#466);
#465 = CARTESIAN_POINT('',(-24.,-52.,26.5));
#466 = VECTOR('',#467,1.);
#467 = DIRECTION('',(-1.,0.,0.));
#468 = ORIENTED_EDGE('',*,*,#469,.F.);
#469 = EDGE_CURVE('',#470,#462,#472,.T.);
#470 = VERTEX_POINT('',#471);
#471 = CARTESIAN_POINT('',(-24.,-51.,26.5));
#472 = LINE('',#473,#474);
#473 = CARTESIAN_POINT('',(-24.,-51.,26.5));
#474 = VECTOR('',#475,1.);
#475 = DIRECTION('',(-0.707106781187,-0.707106781187,0.));
#476 = ORIENTED_EDGE('',*,*,#477,.F.);
#477 = EDGE_CURVE('',#478,#470,#480,.T.);
#478 = VERTEX_POINT('',#479);
#479 = CARTESIAN_POINT('',(-24.,39.,26.5));
#480 = LINE('',#481,#482);
#481 = CARTESIAN_POINT('',(-24.,-40.,26.5));
#482 = VECTOR('',#483,1.);
#483 = DIRECTION('',(0.,-1.,2.2E-16));
#484 = ORIENTED_EDGE('',*,*,#485,.F.);
#485 = EDGE_CURVE('',#486,#478,#488,.T.);
#486 = VERTEX_POINT('',#487);
#487 = CARTESIAN_POINT('',(-25.,40.,26.5));
#488 = LINE('',#489,#490);
#489 = CARTESIAN_POINT('',(-13.69166666666,28.691666666667,26.5));
#490 = VECTOR('',#491,1.);
#491 = DIRECTION('',(0.707106781187,-0.707106781187,0.));
#492 = ORIENTED_EDGE('',*,*,#493,.T.);
#493 = EDGE_CURVE('',#486,#382,#494,.T.);
#494 = LINE('',#495,#496);
#495 = CARTESIAN_POINT('',(36.,40.,26.5));
#496 = VECTOR('',#497,1.);
#497 = DIRECTION('',(-1.,0.,0.));
#498 = ORIENTED_EDGE('',*,*,#381,.F.);
#499 = ORIENTED_EDGE('',*,*,#39,.T.);
#500 = ORIENTED_EDGE('',*,*,#405,.T.);
#501 = ORIENTED_EDGE('',*,*,#502,.T.);
#502 = EDGE_CURVE('',#406,#503,#505,.T.);
#503 = VERTEX_POINT('',#504);
#504 = CARTESIAN_POINT('',(-89.,-40.,26.5));
#505 = LINE('',#506,#507);
#506 = CARTESIAN_POINT('',(-24.,-40.,26.5));
#507 = VECTOR('',#508,1.);
#508 = DIRECTION('',(-1.,0.,0.));
#509 = ORIENTED_EDGE('',*,*,#510,.T.);
#510 = EDGE_CURVE('',#503,#511,#513,.T.);
#511 = VERTEX_POINT('',#512);
#512 = CARTESIAN_POINT('',(-90.,-41.,26.5));
#513 = LINE('',#514,#515);
#514 = CARTESIAN_POINT('',(-75.5,-26.5,26.5));
#515 = VECTOR('',#516,1.);
#516 = DIRECTION('',(-0.707106781187,-0.707106781187,0.));
#517 = ORIENTED_EDGE('',*,*,#518,.F.);
#518 = EDGE_CURVE('',#519,#511,#521,.T.);
#519 = VERTEX_POINT('',#520);
#520 = CARTESIAN_POINT('',(-90.,-46.95,26.5));
#521 = LINE('',#522,#523);
#522 = CARTESIAN_POINT('',(-90.,-74.,26.5));
#523 = VECTOR('',#524,1.);
#524 = DIRECTION('',(0.,1.,0.));
#525 = ORIENTED_EDGE('',*,*,#526,.F.);
#526 = EDGE_CURVE('',#527,#519,#529,.T.);
#527 = VERTEX_POINT('',#528);
#528 = CARTESIAN_POINT('',(-69.9,-46.95,26.5));
#529 = LINE('',#530,#531);
#530 = CARTESIAN_POINT('',(-68.69166666666,-46.95,26.5));
#531 = VECTOR('',#532,1.);
#532 = DIRECTION('',(-1.,0.,0.));
#533 = ORIENTED_EDGE('',*,*,#534,.F.);
#534 = EDGE_CURVE('',#535,#527,#537,.T.);
#535 = VERTEX_POINT('',#536);
#536 = CARTESIAN_POINT('',(-69.9,-67.05,26.5));
#537 = LINE('',#538,#539);
#538 = CARTESIAN_POINT('',(-69.9,-36.78333333333,26.5));
#539 = VECTOR('',#540,1.);
#540 = DIRECTION('',(0.,1.,0.));
#541 = ORIENTED_EDGE('',*,*,#542,.F.);
#542 = EDGE_CURVE('',#543,#535,#545,.T.);
#543 = VERTEX_POINT('',#544);
#544 = CARTESIAN_POINT('',(-90.,-67.05,26.5));
#545 = LINE('',#546,#547);
#546 = CARTESIAN_POINT('',(-58.64166666666,-67.05,26.5));
#547 = VECTOR('',#548,1.);
#548 = DIRECTION('',(1.,0.,0.));
#549 = ORIENTED_EDGE('',*,*,#550,.F.);
#550 = EDGE_CURVE('',#430,#543,#551,.T.);
#551 = LINE('',#552,#553);
#552 = CARTESIAN_POINT('',(-90.,-74.,26.5));
#553 = VECTOR('',#554,1.);
#554 = DIRECTION('',(0.,1.,0.));
#555 = FACE_BOUND('',#556,.T.);
#556 = EDGE_LOOP('',(#557));
#557 = ORIENTED_EDGE('',*,*,#558,.F.);
#558 = EDGE_CURVE('',#559,#559,#561,.T.);
#559 = VERTEX_POINT('',#560);
#560 = CARTESIAN_POINT('',(-29.,-32.5,26.5));
#561 = CIRCLE('',#562,1.);
#562 = AXIS2_PLACEMENT_3D('',#563,#564,#565);
#563 = CARTESIAN_POINT('',(-30.,-32.5,26.5));
#564 = DIRECTION('',(0.,0.,1.));
#565 = DIRECTION('',(1.,0.,0.));
#566 = FACE_BOUND('',#567,.T.);
#567 = EDGE_LOOP('',(#568));
#568 = ORIENTED_EDGE('',*,*,#569,.F.);
#569 = EDGE_CURVE('',#570,#570,#572,.T.);
#570 = VERTEX_POINT('',#571);
#571 = CARTESIAN_POINT('',(-29.,14.5,26.5));
#572 = CIRCLE('',#573,1.);
#573 = AXIS2_PLACEMENT_3D('',#574,#575,#576);
#574 = CARTESIAN_POINT('',(-30.,14.5,26.5));
#575 = DIRECTION('',(0.,0.,1.));
#576 = DIRECTION('',(1.,0.,0.));
#577 = PLANE('',#578);
#578 = AXIS2_PLACEMENT_3D('',#579,#580,#581);
#579 = CARTESIAN_POINT('',(-47.38333333333,-26.61666666666,26.5));
#580 = DIRECTION('',(0.,0.,1.));
#581 = DIRECTION('',(1.,0.,0.));
#582 = ADVANCED_FACE('',(#583),#670,.T.);
#583 = FACE_BOUND('',#584,.T.);
#584 = EDGE_LOOP('',(#585,#596,#655,#656,#664));
#585 = ORIENTED_EDGE('',*,*,#586,.T.);
#586 = EDGE_CURVE('',#587,#589,#591,.T.);
#587 = VERTEX_POINT('',#588);
#588 = CARTESIAN_POINT('',(-35.,12.563508326896,18.6));
#589 = VERTEX_POINT('',#590);
#590 = CARTESIAN_POINT('',(-35.00616263756,12.641769260746,
    18.593837246705));
#591 = ELLIPSE('',#592,0.707106781187,0.5);
#592 = AXIS2_PLACEMENT_3D('',#593,#594,#595);
#593 = CARTESIAN_POINT('',(-35.5,12.563508326896,18.1));
#594 = DIRECTION('',(-0.707106781187,0.,0.707106781187));
#595 = DIRECTION('',(-0.707106781187,0.,-0.707106781187));
#596 = ORIENTED_EDGE('',*,*,#597,.F.);
#597 = EDGE_CURVE('',#56,#589,#598,.T.);
#598 = B_SPLINE_CURVE_WITH_KNOTS('',7,(#599,#600,#601,#602,#603,#604,
    #605,#606,#607,#608,#609,#610,#611,#612,#613,#614,#615,#616,#617,
    #618,#619,#620,#621,#622,#623,#624,#625,#626,#627,#628,#629,#630,
    #631,#632,#633,#634,#635,#636,#637,#638,#639,#640,#641,#642,#643,
    #644,#645,#646,#647,#648,#649,#650,#651,#652,#653,#654),
  .UNSPECIFIED.,.F.,.F.,(8,6,6,6,6,6,6,6,6,8),(0.,0.122090666092,
    0.222998859913,0.43045596062,0.66353912806,0.819992368053,
    0.911426934037,0.950032735049,0.971235356623,1.),.UNSPECIFIED.);
#599 = CARTESIAN_POINT('',(-36.,12.04032522475,17.6));
#600 = CARTESIAN_POINT('',(-35.98281449943,12.053872335667,
    17.617185500562));
#601 = CARTESIAN_POINT('',(-35.96563193723,12.067429953279,
    17.634368062761));
#602 = CARTESIAN_POINT('',(-35.94845134028,12.080994592675,
    17.651548659712));
#603 = CARTESIAN_POINT('',(-35.93127173657,12.094562778061,
    17.668728263426));
#604 = CARTESIAN_POINT('',(-35.91409215519,12.10813104276,
    17.685907844805));
#605 = CARTESIAN_POINT('',(-35.89691162635,12.121695929214,
    17.703088373648));
#606 = CARTESIAN_POINT('',(-35.86552785421,12.146459754064,
    17.734472145788));
#607 = CARTESIAN_POINT('',(-35.85132521325,12.157660824168,
    17.748674786749));
#608 = CARTESIAN_POINT('',(-35.83712070951,12.168855243564,
    17.762879290486));
#609 = CARTESIAN_POINT('',(-35.82291378084,12.180040989964,
    17.777086219156));
#610 = CARTESIAN_POINT('',(-35.80870385188,12.191215974527,
    17.791296148113));
#611 = CARTESIAN_POINT('',(-35.79449033409,12.202378041855,
    17.805509665909));
#612 = CARTESIAN_POINT('',(-35.75104244678,12.236441933494,
    17.848957553215));
#613 = CARTESIAN_POINT('',(-35.72179470697,12.259294825943,
    17.878205293026));
#614 = CARTESIAN_POINT('',(-35.69252384401,12.282063957466,
    17.907476155983));
#615 = CARTESIAN_POINT('',(-35.66322428567,12.304728201045,
    17.936775714325));
#616 = CARTESIAN_POINT('',(-35.6338899833,12.327263216461,
    17.966110016692));
#617 = CARTESIAN_POINT('',(-35.60451394545,12.349639674236,
    17.995486054547));
#618 = CARTESIAN_POINT('',(-35.54202673937,12.396743284757,
    18.057973260628));
#619 = CARTESIAN_POINT('',(-35.50890519884,12.42141678632,18.09109480116
    ));
#620 = CARTESIAN_POINT('',(-35.47570811245,12.445794369398,
    18.124291887543));
#621 = CARTESIAN_POINT('',(-35.44242051695,12.469808228008,
    18.157579483041));
#622 = CARTESIAN_POINT('',(-35.40902836021,12.493375214438,
    18.190971639784));
#623 = CARTESIAN_POINT('',(-35.37551393211,12.516376365486,
    18.224486067882));
#624 = CARTESIAN_POINT('',(-35.31924676964,12.553535808877,
    18.280753230355));
#625 = CARTESIAN_POINT('',(-35.29658772322,12.568109026038,
    18.303412276772));
#626 = CARTESIAN_POINT('',(-35.27384999444,12.58227468177,
    18.326150005556));
#627 = CARTESIAN_POINT('',(-35.2510227212,12.595955615903,
    18.348977278798));
#628 = CARTESIAN_POINT('',(-35.22809988291,12.609025906211,
    18.371900117086));
#629 = CARTESIAN_POINT('',(-35.20508192801,12.621328666136,
    18.394918071981));
#630 = CARTESIAN_POINT('',(-35.16844265749,12.639085727103,
    18.43155734251));
#631 = CARTESIAN_POINT('',(-35.1549091974,12.645252927525,
    18.445090802592));
#632 = CARTESIAN_POINT('',(-35.14133826255,12.65098008356,
    18.458661737448));
#633 = CARTESIAN_POINT('',(-35.12772952495,12.656182596651,
    18.472270475046));
#634 = CARTESIAN_POINT('',(-35.11410224682,12.660718972035,
    18.48589775318));
#635 = CARTESIAN_POINT('',(-35.10049388946,12.664414542138,
    18.499506110536));
#636 = CARTESIAN_POINT('',(-35.08124760852,12.667967095963,
    18.518752391474));
#637 = CARTESIAN_POINT('',(-35.07555220303,12.668807400782,
    18.524447796961));
#638 = CARTESIAN_POINT('',(-35.06987863299,12.669406759414,
    18.530121367008));
#639 = CARTESIAN_POINT('',(-35.06423640095,12.669732124609,
    18.53576359905));
#640 = CARTESIAN_POINT('',(-35.05864133223,12.66974233741,18.54135866777
    ));
#641 = CARTESIAN_POINT('',(-35.05311588643,12.669386477927,
    18.54688411357));
#642 = CARTESIAN_POINT('',(-35.04470923612,12.668171493117,
    18.555290763873));
#643 = CARTESIAN_POINT('',(-35.04175982333,12.667611624712,
    18.558240176668));
#644 = CARTESIAN_POINT('',(-35.03884639624,12.666912490265,
    18.561153603759));
#645 = CARTESIAN_POINT('',(-35.03597593299,12.666062904366,
    18.564024067007));
#646 = CARTESIAN_POINT('',(-35.03315702971,12.665051205686,
    18.56684297029));
#647 = CARTESIAN_POINT('',(-35.03039970601,12.663865845812,
    18.56960029399));
#648 = CARTESIAN_POINT('',(-35.02407327616,12.66063754017,
    18.575926723834));
#649 = CARTESIAN_POINT('',(-35.02056282339,12.65843802683,
    18.579437176609));
#650 = CARTESIAN_POINT('',(-35.01721664158,12.655872908132,
    18.58278335842));
#651 = CARTESIAN_POINT('',(-35.01407113156,12.652921868658,
    18.585928868435));
#652 = CARTESIAN_POINT('',(-35.01116181659,12.649576171477,
    18.588838183406));
#653 = CARTESIAN_POINT('',(-35.00851885332,12.645846022099,
    18.591481146678));
#654 = CARTESIAN_POINT('',(-35.00616254279,12.64176793243,18.59383745721
    ));
#655 = ORIENTED_EDGE('',*,*,#55,.T.);
#656 = ORIENTED_EDGE('',*,*,#657,.T.);
#657 = EDGE_CURVE('',#58,#658,#660,.T.);
#658 = VERTEX_POINT('',#659);
#659 = CARTESIAN_POINT('',(-35.,12.45,18.6));
#660 = LINE('',#661,#662);
#661 = CARTESIAN_POINT('',(-34.65,12.8,18.95));
#662 = VECTOR('',#663,1.);
#663 = DIRECTION('',(0.57735026919,0.57735026919,0.57735026919));
#664 = ORIENTED_EDGE('',*,*,#665,.F.);
#665 = EDGE_CURVE('',#587,#658,#666,.T.);
#666 = LINE('',#667,#668);
#667 = CARTESIAN_POINT('',(-35.,16.55,18.6));
#668 = VECTOR('',#669,1.);
#669 = DIRECTION('',(0.,-1.,0.));
#670 = PLANE('',#671);
#671 = AXIS2_PLACEMENT_3D('',#672,#673,#674);
#672 = CARTESIAN_POINT('',(-35.5,16.55,18.1));
#673 = DIRECTION('',(-0.707106781187,0.,0.707106781187));
#674 = DIRECTION('',(0.,-1.,0.));
#675 = ADVANCED_FACE('',(#676),#704,.F.);
#676 = FACE_BOUND('',#677,.F.);
#677 = EDGE_LOOP('',(#678,#685,#702,#703));
#678 = ORIENTED_EDGE('',*,*,#679,.T.);
#679 = EDGE_CURVE('',#137,#680,#682,.T.);
#680 = VERTEX_POINT('',#681);
#681 = CARTESIAN_POINT('',(-35.0141225295,13.047631245172,18.225));
#682 = B_SPLINE_CURVE_WITH_KNOTS('',1,(#683,#684),.UNSPECIFIED.,.F.,.F.,
  (2,2),(0.,0.688737339364),.PIECEWISE_BEZIER_KNOTS.);
#683 = CARTESIAN_POINT('',(-36.,12.177451792507,17.446687836487));
#684 = CARTESIAN_POINT('',(-35.0141225295,13.047631245172,18.225));
#685 = ORIENTED_EDGE('',*,*,#686,.T.);
#686 = EDGE_CURVE('',#680,#589,#687,.T.);
#687 = B_SPLINE_CURVE_WITH_KNOTS('',7,(#688,#689,#690,#691,#692,#693,
    #694,#695,#696,#697,#698,#699,#700,#701),.UNSPECIFIED.,.F.,.F.,(8,6,
    8),(3.211943351068,3.757433059441,3.786989716981),.UNSPECIFIED.);
#688 = CARTESIAN_POINT('',(-35.0141225295,13.047631245172,18.225));
#689 = CARTESIAN_POINT('',(-35.02096438835,13.025701063888,
    18.309935226894));
#690 = CARTESIAN_POINT('',(-35.02630358024,12.988828126104,
    18.381505246067));
#691 = CARTESIAN_POINT('',(-35.02826565855,12.941851999152,
    18.444038698131));
#692 = CARTESIAN_POINT('',(-35.02631179886,12.885938106562,
    18.498577969583));
#693 = CARTESIAN_POINT('',(-35.02165262846,12.817906174752,
    18.542278537253));
#694 = CARTESIAN_POINT('',(-35.01324747498,12.741066387217,
    18.57810111927));
#695 = CARTESIAN_POINT('',(-35.00577875477,12.636388973791,
    18.59468988851));
#696 = CARTESIAN_POINT('',(-35.00539487197,12.631008686837,
    18.595542530315));
#697 = CARTESIAN_POINT('',(-35.00501098918,12.625628399882,
    18.59639517212));
#698 = CARTESIAN_POINT('',(-35.00462710638,12.620248112927,
    18.597247813925));
#699 = CARTESIAN_POINT('',(-35.00424322359,12.614867825973,
    18.59810045573));
#700 = CARTESIAN_POINT('',(-35.0038593408,12.609487539018,
    18.598953097535));
#701 = CARTESIAN_POINT('',(-35.003475458,12.604107252064,18.59980573934)
  );
#702 = ORIENTED_EDGE('',*,*,#597,.F.);
#703 = ORIENTED_EDGE('',*,*,#147,.F.);
#704 = B_SPLINE_SURFACE_WITH_KNOTS('',1,7,(
    (#705,#706,#707,#708,#709,#710,#711,#712,#713,#714,#715,#716,#717
      ,#718)
    ,(#719,#720,#721,#722,#723,#724,#725,#726,#727,#728,#729,#730,#731
      ,#732
    )),.UNSPECIFIED.,.F.,.F.,.F.,(2,2),(8,6,8),(0.,0.545489708373),(
    3.211943351068,3.757433059441,3.786989716981),.UNSPECIFIED.);
#705 = CARTESIAN_POINT('',(-36.,12.177451792507,17.446687836487));
#706 = CARTESIAN_POINT('',(-36.,12.12550039171,17.504771268342));
#707 = CARTESIAN_POINT('',(-36.,12.073548990913,17.562854700197));
#708 = CARTESIAN_POINT('',(-36.,12.021597590115,17.620938132051));
#709 = CARTESIAN_POINT('',(-36.,11.969646189318,17.679021563906));
#710 = CARTESIAN_POINT('',(-36.,11.91769478852,17.73710499576));
#711 = CARTESIAN_POINT('',(-36.,11.865743387723,17.795188427615));
#712 = CARTESIAN_POINT('',(-36.,11.81097706716,17.856419035443));
#713 = CARTESIAN_POINT('',(-36.,11.807886912044,17.859873933894));
#714 = CARTESIAN_POINT('',(-36.,11.804521521577,17.863636554821));
#715 = CARTESIAN_POINT('',(-36.,11.80088089576,17.867706898224));
#716 = CARTESIAN_POINT('',(-36.,11.796965034593,17.872084964105));
#717 = CARTESIAN_POINT('',(-36.,11.792773938075,17.876770752461));
#718 = CARTESIAN_POINT('',(-36.,11.788307606207,17.881764263295));
#719 = CARTESIAN_POINT('',(-35.0141225295,13.047631245172,18.225));
#720 = CARTESIAN_POINT('',(-35.02096438835,13.025701063888,
    18.309935226894));
#721 = CARTESIAN_POINT('',(-35.02630358024,12.988828126104,
    18.381505246067));
#722 = CARTESIAN_POINT('',(-35.02826565855,12.941851999152,
    18.444038698131));
#723 = CARTESIAN_POINT('',(-35.02631179886,12.885938106562,
    18.498577969583));
#724 = CARTESIAN_POINT('',(-35.02165262846,12.817906174752,
    18.542278537253));
#725 = CARTESIAN_POINT('',(-35.01324747498,12.741066387217,
    18.57810111927));
#726 = CARTESIAN_POINT('',(-35.00577875477,12.636388973791,
    18.59468988851));
#727 = CARTESIAN_POINT('',(-35.00539487197,12.631008686837,
    18.595542530315));
#728 = CARTESIAN_POINT('',(-35.00501098918,12.625628399882,
    18.59639517212));
#729 = CARTESIAN_POINT('',(-35.00462710638,12.620248112927,
    18.597247813925));
#730 = CARTESIAN_POINT('',(-35.00424322359,12.614867825973,
    18.59810045573));
#731 = CARTESIAN_POINT('',(-35.0038593408,12.609487539018,
    18.598953097535));
#732 = CARTESIAN_POINT('',(-35.003475458,12.604107252064,18.59980573934)
  );
#733 = ADVANCED_FACE('',(#734),#752,.T.);
#734 = FACE_BOUND('',#735,.T.);
#735 = EDGE_LOOP('',(#736,#737,#738,#746));
#736 = ORIENTED_EDGE('',*,*,#657,.F.);
#737 = ORIENTED_EDGE('',*,*,#65,.T.);
#738 = ORIENTED_EDGE('',*,*,#739,.T.);
#739 = EDGE_CURVE('',#66,#740,#742,.T.);
#740 = VERTEX_POINT('',#741);
#741 = CARTESIAN_POINT('',(-35.,12.45,20.4));
#742 = LINE('',#743,#744);
#743 = CARTESIAN_POINT('',(-35.03333333333,12.416666666667,
    20.433333333333));
#744 = VECTOR('',#745,1.);
#745 = DIRECTION('',(0.57735026919,0.57735026919,-0.57735026919));
#746 = ORIENTED_EDGE('',*,*,#747,.F.);
#747 = EDGE_CURVE('',#658,#740,#748,.T.);
#748 = LINE('',#749,#750);
#749 = CARTESIAN_POINT('',(-35.,12.45,18.6));
#750 = VECTOR('',#751,1.);
#751 = DIRECTION('',(0.,0.,1.));
#752 = PLANE('',#753);
#753 = AXIS2_PLACEMENT_3D('',#754,#755,#756);
#754 = CARTESIAN_POINT('',(-35.5,11.95,18.6));
#755 = DIRECTION('',(-0.707106781187,0.707106781187,0.));
#756 = DIRECTION('',(0.,0.,1.));
#757 = ADVANCED_FACE('',(#758),#779,.F.);
#758 = FACE_BOUND('',#759,.F.);
#759 = EDGE_LOOP('',(#760,#768,#777,#778));
#760 = ORIENTED_EDGE('',*,*,#761,.T.);
#761 = EDGE_CURVE('',#128,#762,#764,.T.);
#762 = VERTEX_POINT('',#763);
#763 = CARTESIAN_POINT('',(-35.,13.38196601125,17.6));
#764 = LINE('',#765,#766);
#765 = CARTESIAN_POINT('',(-35.,13.38196601125,17.6));
#766 = VECTOR('',#767,1.);
#767 = DIRECTION('',(0.707106781187,0.527046276695,0.471404520791));
#768 = ORIENTED_EDGE('',*,*,#769,.T.);
#769 = EDGE_CURVE('',#762,#680,#770,.T.);
#770 = B_SPLINE_CURVE_WITH_KNOTS('',5,(#771,#772,#773,#774,#775,#776),
  .UNSPECIFIED.,.F.,.F.,(6,6),(2.523206011704,3.211943351068),
  .PIECEWISE_BEZIER_KNOTS.);
#771 = CARTESIAN_POINT('',(-35.,13.38196601125,17.6));
#772 = CARTESIAN_POINT('',(-35.,13.290134366001,17.702670900631));
#773 = CARTESIAN_POINT('',(-34.99991571188,13.210055938985,
    17.81585419923));
#774 = CARTESIAN_POINT('',(-35.00024731612,13.14192530804,
    17.939723931508));
#775 = CARTESIAN_POINT('',(-35.00202855042,13.086396025275,
    18.074864652242));
#776 = CARTESIAN_POINT('',(-35.0141225295,13.047631245172,18.225));
#777 = ORIENTED_EDGE('',*,*,#679,.F.);
#778 = ORIENTED_EDGE('',*,*,#136,.F.);
#779 = B_SPLINE_SURFACE_WITH_KNOTS('',1,5,(
    (#780,#781,#782,#783,#784,#785)
    ,(#786,#787,#788,#789,#790,#791
    )),.UNSPECIFIED.,.F.,.F.,.F.,(2,2),(6,6),(0.,0.688737339364),(
    2.523206011704,3.211943351068),.PIECEWISE_BEZIER_KNOTS.);
#780 = CARTESIAN_POINT('',(-36.,12.63661001875,16.933333333333));
#781 = CARTESIAN_POINT('',(-36.,12.544778373502,17.036004233964));
#782 = CARTESIAN_POINT('',(-36.,12.452946728253,17.138675134595));
#783 = CARTESIAN_POINT('',(-36.,12.361115083004,17.241346035226));
#784 = CARTESIAN_POINT('',(-36.,12.269283437756,17.344016935856));
#785 = CARTESIAN_POINT('',(-36.,12.177451792507,17.446687836487));
#786 = CARTESIAN_POINT('',(-35.,13.38196601125,17.6));
#787 = CARTESIAN_POINT('',(-35.,13.290134366001,17.702670900631));
#788 = CARTESIAN_POINT('',(-34.99991571188,13.210055938985,
    17.81585419923));
#789 = CARTESIAN_POINT('',(-35.00024731612,13.14192530804,
    17.939723931508));
#790 = CARTESIAN_POINT('',(-35.00202855042,13.086396025275,
    18.074864652242));
#791 = CARTESIAN_POINT('',(-35.0141225295,13.047631245172,18.225));
#792 = ADVANCED_FACE('',(#793),#811,.T.);
#793 = FACE_BOUND('',#794,.T.);
#794 = EDGE_LOOP('',(#795,#796,#797,#805));
#795 = ORIENTED_EDGE('',*,*,#739,.F.);
#796 = ORIENTED_EDGE('',*,*,#73,.T.);
#797 = ORIENTED_EDGE('',*,*,#798,.T.);
#798 = EDGE_CURVE('',#74,#799,#801,.T.);
#799 = VERTEX_POINT('',#800);
#800 = CARTESIAN_POINT('',(-35.,16.55,20.4));
#801 = LINE('',#802,#803);
#802 = CARTESIAN_POINT('',(-34.65,16.2,20.05));
#803 = VECTOR('',#804,1.);
#804 = DIRECTION('',(0.57735026919,-0.57735026919,-0.57735026919));
#805 = ORIENTED_EDGE('',*,*,#806,.F.);
#806 = EDGE_CURVE('',#740,#799,#807,.T.);
#807 = LINE('',#808,#809);
#808 = CARTESIAN_POINT('',(-35.,12.45,20.4));
#809 = VECTOR('',#810,1.);
#810 = DIRECTION('',(0.,1.,0.));
#811 = PLANE('',#812);
#812 = AXIS2_PLACEMENT_3D('',#813,#814,#815);
#813 = CARTESIAN_POINT('',(-35.5,12.45,20.9));
#814 = DIRECTION('',(-0.707106781187,0.,-0.707106781187));
#815 = DIRECTION('',(0.,1.,0.));
#816 = ADVANCED_FACE('',(#817),#835,.F.);
#817 = FACE_BOUND('',#818,.T.);
#818 = EDGE_LOOP('',(#819,#826,#827,#828));
#819 = ORIENTED_EDGE('',*,*,#820,.F.);
#820 = EDGE_CURVE('',#117,#821,#823,.T.);
#821 = VERTEX_POINT('',#822);
#822 = CARTESIAN_POINT('',(-35.,15.61803398875,17.6));
#823 = B_SPLINE_CURVE_WITH_KNOTS('',1,(#824,#825),.UNSPECIFIED.,.F.,.F.,
  (2,2),(0.,0.688737339364),.PIECEWISE_BEZIER_KNOTS.);
#824 = CARTESIAN_POINT('',(-36.,16.36338998125,16.933333333333));
#825 = CARTESIAN_POINT('',(-35.,15.61803398875,17.6));
#826 = ORIENTED_EDGE('',*,*,#127,.T.);
#827 = ORIENTED_EDGE('',*,*,#761,.T.);
#828 = ORIENTED_EDGE('',*,*,#829,.F.);
#829 = EDGE_CURVE('',#821,#762,#830,.T.);
#830 = CIRCLE('',#831,1.5);
#831 = AXIS2_PLACEMENT_3D('',#832,#833,#834);
#832 = CARTESIAN_POINT('',(-35.,14.5,18.6));
#833 = DIRECTION('',(-1.,0.,-0.));
#834 = DIRECTION('',(0.,0.7453559925,-0.666666666667));
#835 = CONICAL_SURFACE('',#836,1.5,0.785398163397);
#836 = AXIS2_PLACEMENT_3D('',#837,#838,#839);
#837 = CARTESIAN_POINT('',(-35.,14.5,18.6));
#838 = DIRECTION('',(-1.,-0.,-0.));
#839 = DIRECTION('',(0.,0.7453559925,-0.666666666667));
#840 = ADVANCED_FACE('',(#841),#859,.T.);
#841 = FACE_BOUND('',#842,.T.);
#842 = EDGE_LOOP('',(#843,#844,#845,#853));
#843 = ORIENTED_EDGE('',*,*,#798,.F.);
#844 = ORIENTED_EDGE('',*,*,#81,.T.);
#845 = ORIENTED_EDGE('',*,*,#846,.T.);
#846 = EDGE_CURVE('',#82,#847,#849,.T.);
#847 = VERTEX_POINT('',#848);
#848 = CARTESIAN_POINT('',(-35.,16.55,18.6));
#849 = LINE('',#850,#851);
#850 = CARTESIAN_POINT('',(-35.03333333333,16.583333333333,
    18.566666666667));
#851 = VECTOR('',#852,1.);
#852 = DIRECTION('',(0.57735026919,-0.57735026919,0.57735026919));
#853 = ORIENTED_EDGE('',*,*,#854,.F.);
#854 = EDGE_CURVE('',#799,#847,#855,.T.);
#855 = LINE('',#856,#857);
#856 = CARTESIAN_POINT('',(-35.,16.55,20.4));
#857 = VECTOR('',#858,1.);
#858 = DIRECTION('',(0.,0.,-1.));
#859 = PLANE('',#860);
#860 = AXIS2_PLACEMENT_3D('',#861,#862,#863);
#861 = CARTESIAN_POINT('',(-35.5,17.05,20.4));
#862 = DIRECTION('',(-0.707106781187,-0.707106781187,0.));
#863 = DIRECTION('',(0.,0.,-1.));
#864 = ADVANCED_FACE('',(#865),#885,.F.);
#865 = FACE_BOUND('',#866,.F.);
#866 = EDGE_LOOP('',(#867,#874,#883,#884));
#867 = ORIENTED_EDGE('',*,*,#868,.T.);
#868 = EDGE_CURVE('',#98,#869,#871,.T.);
#869 = VERTEX_POINT('',#870);
#870 = CARTESIAN_POINT('',(-35.0141225295,15.952368754828,18.225));
#871 = B_SPLINE_CURVE_WITH_KNOTS('',1,(#872,#873),.UNSPECIFIED.,.F.,.F.,
  (2,2),(0.,0.545489708373),.PIECEWISE_BEZIER_KNOTS.);
#872 = CARTESIAN_POINT('',(-36.,16.822548207493,17.446687836487));
#873 = CARTESIAN_POINT('',(-35.0141225295,15.952368754828,18.225));
#874 = ORIENTED_EDGE('',*,*,#875,.T.);
#875 = EDGE_CURVE('',#869,#821,#876,.T.);
#876 = B_SPLINE_CURVE_WITH_KNOTS('',5,(#877,#878,#879,#880,#881,#882),
  .UNSPECIFIED.,.F.,.F.,(6,6),(-0.688737339364,0.),
  .PIECEWISE_BEZIER_KNOTS.);
#877 = CARTESIAN_POINT('',(-35.0141225295,15.952368754828,18.225));
#878 = CARTESIAN_POINT('',(-35.00202855042,15.913603974725,
    18.074864652242));
#879 = CARTESIAN_POINT('',(-35.00024731612,15.85807469196,
    17.939723931508));
#880 = CARTESIAN_POINT('',(-34.99991571188,15.789944061015,
    17.81585419923));
#881 = CARTESIAN_POINT('',(-35.,15.709865633998,17.702670900631));
#882 = CARTESIAN_POINT('',(-35.,15.61803398875,17.6));
#883 = ORIENTED_EDGE('',*,*,#820,.F.);
#884 = ORIENTED_EDGE('',*,*,#116,.F.);
#885 = B_SPLINE_SURFACE_WITH_KNOTS('',1,5,(
    (#886,#887,#888,#889,#890,#891)
    ,(#892,#893,#894,#895,#896,#897
    )),.UNSPECIFIED.,.F.,.F.,.F.,(2,2),(6,6),(0.,0.688737339364),(
    -0.688737339364,0.),.PIECEWISE_BEZIER_KNOTS.);
#886 = CARTESIAN_POINT('',(-36.,16.822548207493,17.446687836487));
#887 = CARTESIAN_POINT('',(-36.,16.730716562244,17.344016935856));
#888 = CARTESIAN_POINT('',(-36.,16.638884916996,17.241346035226));
#889 = CARTESIAN_POINT('',(-36.,16.547053271747,17.138675134595));
#890 = CARTESIAN_POINT('',(-36.,16.455221626498,17.036004233964));
#891 = CARTESIAN_POINT('',(-36.,16.36338998125,16.933333333333));
#892 = CARTESIAN_POINT('',(-35.0141225295,15.952368754828,18.225));
#893 = CARTESIAN_POINT('',(-35.00202855042,15.913603974725,
    18.074864652242));
#894 = CARTESIAN_POINT('',(-35.00024731612,15.85807469196,
    17.939723931508));
#895 = CARTESIAN_POINT('',(-34.99991571188,15.789944061015,
    17.81585419923));
#896 = CARTESIAN_POINT('',(-35.,15.709865633998,17.702670900631));
#897 = CARTESIAN_POINT('',(-35.,15.61803398875,17.6));
#898 = ADVANCED_FACE('',(#899),#979,.T.);
#899 = FACE_BOUND('',#900,.T.);
#900 = EDGE_LOOP('',(#901,#912,#918,#919,#920));
#901 = ORIENTED_EDGE('',*,*,#902,.T.);
#902 = EDGE_CURVE('',#903,#905,#907,.T.);
#903 = VERTEX_POINT('',#904);
#904 = CARTESIAN_POINT('',(-35.00616263756,16.358230739254,
    18.593837246705));
#905 = VERTEX_POINT('',#906);
#906 = CARTESIAN_POINT('',(-35.,16.436491673104,18.6));
#907 = ELLIPSE('',#908,0.707106781187,0.5);
#908 = AXIS2_PLACEMENT_3D('',#909,#910,#911);
#909 = CARTESIAN_POINT('',(-35.5,16.436491673104,18.1));
#910 = DIRECTION('',(-0.707106781187,0.,0.707106781187));
#911 = DIRECTION('',(-0.707106781187,0.,-0.707106781187));
#912 = ORIENTED_EDGE('',*,*,#913,.F.);
#913 = EDGE_CURVE('',#847,#905,#914,.T.);
#914 = LINE('',#915,#916);
#915 = CARTESIAN_POINT('',(-35.,16.55,18.6));
#916 = VECTOR('',#917,1.);
#917 = DIRECTION('',(0.,-1.,0.));
#918 = ORIENTED_EDGE('',*,*,#846,.F.);
#919 = ORIENTED_EDGE('',*,*,#89,.T.);
#920 = ORIENTED_EDGE('',*,*,#921,.T.);
#921 = EDGE_CURVE('',#90,#903,#922,.T.);
#922 = B_SPLINE_CURVE_WITH_KNOTS('',7,(#923,#924,#925,#926,#927,#928,
    #929,#930,#931,#932,#933,#934,#935,#936,#937,#938,#939,#940,#941,
    #942,#943,#944,#945,#946,#947,#948,#949,#950,#951,#952,#953,#954,
    #955,#956,#957,#958,#959,#960,#961,#962,#963,#964,#965,#966,#967,
    #968,#969,#970,#971,#972,#973,#974,#975,#976,#977,#978),
  .UNSPECIFIED.,.F.,.F.,(8,6,6,6,6,6,6,6,6,8),(0.,0.122090666093,
    0.222998859914,0.43045596062,0.663539128061,0.819992368054,
    0.911426934037,0.950032735049,0.971235356623,1.),.UNSPECIFIED.);
#923 = CARTESIAN_POINT('',(-36.,16.95967477525,17.6));
#924 = CARTESIAN_POINT('',(-35.98281449943,16.946127664333,
    17.617185500562));
#925 = CARTESIAN_POINT('',(-35.96563193723,16.932570046721,
    17.634368062761));
#926 = CARTESIAN_POINT('',(-35.94845134028,16.919005407325,
    17.651548659713));
#927 = CARTESIAN_POINT('',(-35.93127173657,16.905437221939,
    17.668728263426));
#928 = CARTESIAN_POINT('',(-35.91409215519,16.89186895724,
    17.685907844805));
#929 = CARTESIAN_POINT('',(-35.89691162635,16.878304070786,
    17.703088373648));
#930 = CARTESIAN_POINT('',(-35.86552785421,16.853540245936,
    17.734472145789));
#931 = CARTESIAN_POINT('',(-35.85132521325,16.842339175831,
    17.748674786749));
#932 = CARTESIAN_POINT('',(-35.83712070951,16.831144756436,
    17.762879290486));
#933 = CARTESIAN_POINT('',(-35.82291378084,16.819959010036,
    17.777086219157));
#934 = CARTESIAN_POINT('',(-35.80870385188,16.808784025473,
    17.791296148114));
#935 = CARTESIAN_POINT('',(-35.79449033409,16.797621958144,
    17.80550966591));
#936 = CARTESIAN_POINT('',(-35.75104244678,16.763558066506,
    17.848957553216));
#937 = CARTESIAN_POINT('',(-35.72179470697,16.740705174057,
    17.878205293026));
#938 = CARTESIAN_POINT('',(-35.69252384401,16.717936042534,
    17.907476155983));
#939 = CARTESIAN_POINT('',(-35.66322428567,16.695271798955,
    17.936775714325));
#940 = CARTESIAN_POINT('',(-35.6338899833,16.672736783539,
    17.966110016693));
#941 = CARTESIAN_POINT('',(-35.60451394545,16.650360325764,
    17.995486054548));
#942 = CARTESIAN_POINT('',(-35.54202673937,16.603256715243,
    18.057973260628));
#943 = CARTESIAN_POINT('',(-35.50890519883,16.57858321368,
    18.091094801161));
#944 = CARTESIAN_POINT('',(-35.47570811245,16.554205630602,
    18.124291887543));
#945 = CARTESIAN_POINT('',(-35.44242051695,16.530191771991,
    18.157579483041));
#946 = CARTESIAN_POINT('',(-35.40902836021,16.506624785562,
    18.190971639785));
#947 = CARTESIAN_POINT('',(-35.37551393211,16.483623634513,
    18.224486067883));
#948 = CARTESIAN_POINT('',(-35.31924676964,16.446464191123,
    18.280753230355));
#949 = CARTESIAN_POINT('',(-35.29658772322,16.431890973962,
    18.303412276772));
#950 = CARTESIAN_POINT('',(-35.27384999444,16.417725318229,
    18.326150005557));
#951 = CARTESIAN_POINT('',(-35.2510227212,16.404044384097,
    18.348977278798));
#952 = CARTESIAN_POINT('',(-35.22809988291,16.390974093788,
    18.371900117087));
#953 = CARTESIAN_POINT('',(-35.20508192801,16.378671333864,
    18.394918071982));
#954 = CARTESIAN_POINT('',(-35.16844265749,16.360914272897,
    18.43155734251));
#955 = CARTESIAN_POINT('',(-35.1549091974,16.354747072474,
    18.445090802593));
#956 = CARTESIAN_POINT('',(-35.14133826255,16.349019916441,
    18.458661737447));
#957 = CARTESIAN_POINT('',(-35.12772952495,16.343817403349,
    18.472270475047));
#958 = CARTESIAN_POINT('',(-35.11410224682,16.339281027965,
    18.48589775318));
#959 = CARTESIAN_POINT('',(-35.10049388946,16.335585457861,
    18.499506110536));
#960 = CARTESIAN_POINT('',(-35.08124760852,16.332032904037,
    18.518752391475));
#961 = CARTESIAN_POINT('',(-35.07555220303,16.331192599218,
    18.524447796962));
#962 = CARTESIAN_POINT('',(-35.06987863299,16.330593240586,
    18.530121367009));
#963 = CARTESIAN_POINT('',(-35.06423640095,16.330267875391,
    18.53576359905));
#964 = CARTESIAN_POINT('',(-35.05864133222,16.33025766259,
    18.541358667771));
#965 = CARTESIAN_POINT('',(-35.05311588642,16.330613522073,
    18.546884113571));
#966 = CARTESIAN_POINT('',(-35.04470923612,16.331828506883,
    18.555290763873));
#967 = CARTESIAN_POINT('',(-35.04175982333,16.332388375288,
    18.558240176669));
#968 = CARTESIAN_POINT('',(-35.03884639624,16.333087509735,
    18.561153603759));
#969 = CARTESIAN_POINT('',(-35.03597593299,16.333937095634,
    18.564024067007));
#970 = CARTESIAN_POINT('',(-35.03315702971,16.334948794314,
    18.56684297029));
#971 = CARTESIAN_POINT('',(-35.030399706,16.336134154188,18.569600293991
    ));
#972 = CARTESIAN_POINT('',(-35.02407327616,16.33936245983,
    18.575926723834));
#973 = CARTESIAN_POINT('',(-35.02056282339,16.34156197317,
    18.579437176609));
#974 = CARTESIAN_POINT('',(-35.01721664158,16.344127091868,
    18.58278335842));
#975 = CARTESIAN_POINT('',(-35.01407113156,16.347078131342,
    18.585928868436));
#976 = CARTESIAN_POINT('',(-35.01116181659,16.350423828523,
    18.588838183406));
#977 = CARTESIAN_POINT('',(-35.00851885332,16.354153977901,
    18.591481146679));
#978 = CARTESIAN_POINT('',(-35.00616254279,16.358232067571,
    18.59383745721));
#979 = PLANE('',#980);
#980 = AXIS2_PLACEMENT_3D('',#981,#982,#983);
#981 = CARTESIAN_POINT('',(-35.5,16.55,18.1));
#982 = DIRECTION('',(-0.707106781187,0.,0.707106781187));
#983 = DIRECTION('',(0.,-1.,0.));
#984 = ADVANCED_FACE('',(#985),#1007,.F.);
#985 = FACE_BOUND('',#986,.F.);
#986 = EDGE_LOOP('',(#987,#988,#1005,#1006));
#987 = ORIENTED_EDGE('',*,*,#921,.T.);
#988 = ORIENTED_EDGE('',*,*,#989,.T.);
#989 = EDGE_CURVE('',#903,#869,#990,.T.);
#990 = B_SPLINE_CURVE_WITH_KNOTS('',7,(#991,#992,#993,#994,#995,#996,
    #997,#998,#999,#1000,#1001,#1002,#1003,#1004),.UNSPECIFIED.,.F.,.F.,
  (8,6,8),(-1.263783705278,-1.234227047737,-0.688737339364),
  .UNSPECIFIED.);
#991 = CARTESIAN_POINT('',(-35.003475458,16.395892747937,18.59980573934)
  );
#992 = CARTESIAN_POINT('',(-35.0038593408,16.390512460982,
    18.598953097535));
#993 = CARTESIAN_POINT('',(-35.00424322359,16.385132174027,
    18.59810045573));
#994 = CARTESIAN_POINT('',(-35.00462710638,16.379751887073,
    18.597247813925));
#995 = CARTESIAN_POINT('',(-35.00501098918,16.374371600118,
    18.59639517212));
#996 = CARTESIAN_POINT('',(-35.00539487197,16.368991313163,
    18.595542530315));
#997 = CARTESIAN_POINT('',(-35.00577875477,16.363611026209,
    18.59468988851));
#998 = CARTESIAN_POINT('',(-35.01324747498,16.258933612783,
    18.57810111927));
#999 = CARTESIAN_POINT('',(-35.02165262846,16.182093825248,
    18.542278537253));
#1000 = CARTESIAN_POINT('',(-35.02631179886,16.114061893439,
    18.498577969582));
#1001 = CARTESIAN_POINT('',(-35.02826565855,16.058148000848,
    18.444038698131));
#1002 = CARTESIAN_POINT('',(-35.02630358024,16.011171873896,
    18.381505246067));
#1003 = CARTESIAN_POINT('',(-35.02096438835,15.974298936112,
    18.309935226894));
#1004 = CARTESIAN_POINT('',(-35.0141225295,15.952368754828,18.225));
#1005 = ORIENTED_EDGE('',*,*,#868,.F.);
#1006 = ORIENTED_EDGE('',*,*,#97,.F.);
#1007 = B_SPLINE_SURFACE_WITH_KNOTS('',1,7,(
    (#1008,#1009,#1010,#1011,#1012,#1013,#1014,#1015,#1016,#1017,#1018
      ,#1019,#1020,#1021)
    ,(#1022,#1023,#1024,#1025,#1026,#1027,#1028,#1029,#1030,#1031,#1032
      ,#1033,#1034,#1035
    )),.UNSPECIFIED.,.F.,.F.,.F.,(2,2),(8,6,8),(0.,0.545489708373),(
    -1.263783705278,-1.234227047737,-0.688737339364),.UNSPECIFIED.);
#1008 = CARTESIAN_POINT('',(-36.,17.211692393793,17.881764263295));
#1009 = CARTESIAN_POINT('',(-36.,17.207226061925,17.876770752461));
#1010 = CARTESIAN_POINT('',(-36.,17.203034965407,17.872084964105));
#1011 = CARTESIAN_POINT('',(-36.,17.19911910424,17.867706898224));
#1012 = CARTESIAN_POINT('',(-36.,17.195478478423,17.863636554821));
#1013 = CARTESIAN_POINT('',(-36.,17.192113087956,17.859873933894));
#1014 = CARTESIAN_POINT('',(-36.,17.18902293284,17.856419035443));
#1015 = CARTESIAN_POINT('',(-36.,17.134256612277,17.795188427615));
#1016 = CARTESIAN_POINT('',(-36.,17.08230521148,17.73710499576));
#1017 = CARTESIAN_POINT('',(-36.,17.030353810683,17.679021563906));
#1018 = CARTESIAN_POINT('',(-36.,16.978402409885,17.620938132051));
#1019 = CARTESIAN_POINT('',(-36.,16.926451009088,17.562854700197));
#1020 = CARTESIAN_POINT('',(-36.,16.87449960829,17.504771268342));
#1021 = CARTESIAN_POINT('',(-36.,16.822548207493,17.446687836487));
#1022 = CARTESIAN_POINT('',(-35.003475458,16.395892747937,18.59980573934
    ));
#1023 = CARTESIAN_POINT('',(-35.0038593408,16.390512460982,
    18.598953097535));
#1024 = CARTESIAN_POINT('',(-35.00424322359,16.385132174027,
    18.59810045573));
#1025 = CARTESIAN_POINT('',(-35.00462710638,16.379751887073,
    18.597247813925));
#1026 = CARTESIAN_POINT('',(-35.00501098918,16.374371600118,
    18.59639517212));
#1027 = CARTESIAN_POINT('',(-35.00539487197,16.368991313163,
    18.595542530315));
#1028 = CARTESIAN_POINT('',(-35.00577875477,16.363611026209,
    18.59468988851));
#1029 = CARTESIAN_POINT('',(-35.01324747498,16.258933612783,
    18.57810111927));
#1030 = CARTESIAN_POINT('',(-35.02165262846,16.182093825248,
    18.542278537253));
#1031 = CARTESIAN_POINT('',(-35.02631179886,16.114061893439,
    18.498577969582));
#1032 = CARTESIAN_POINT('',(-35.02826565855,16.058148000848,
    18.444038698131));
#1033 = CARTESIAN_POINT('',(-35.02630358024,16.011171873896,
    18.381505246067));
#1034 = CARTESIAN_POINT('',(-35.02096438835,15.974298936112,
    18.309935226894));
#1035 = CARTESIAN_POINT('',(-35.0141225295,15.952368754828,18.225));
#1036 = ADVANCED_FACE('',(#1037),#1124,.F.);
#1037 = FACE_BOUND('',#1038,.F.);
#1038 = EDGE_LOOP('',(#1039,#1050,#1058,#1064,#1065));
#1039 = ORIENTED_EDGE('',*,*,#1040,.T.);
#1040 = EDGE_CURVE('',#1041,#1043,#1045,.T.);
#1041 = VERTEX_POINT('',#1042);
#1042 = CARTESIAN_POINT('',(-35.00616263756,-34.35823073924,
    18.593837246711));
#1043 = VERTEX_POINT('',#1044);
#1044 = CARTESIAN_POINT('',(-35.,-34.43649167309,18.600000000006));
#1045 = ELLIPSE('',#1046,0.707106781187,0.5);
#1046 = AXIS2_PLACEMENT_3D('',#1047,#1048,#1049);
#1047 = CARTESIAN_POINT('',(-35.5,-34.43649167309,18.100000000006));
#1048 = DIRECTION('',(0.707106781187,0.,-0.707106781187));
#1049 = DIRECTION('',(-0.707106781187,0.,-0.707106781187));
#1050 = ORIENTED_EDGE('',*,*,#1051,.F.);
#1051 = EDGE_CURVE('',#1052,#1043,#1054,.T.);
#1052 = VERTEX_POINT('',#1053);
#1053 = CARTESIAN_POINT('',(-35.,-34.54999999999,18.600000000006));
#1054 = LINE('',#1055,#1056);
#1055 = CARTESIAN_POINT('',(-35.,-34.54999999999,18.600000000006));
#1056 = VECTOR('',#1057,1.);
#1057 = DIRECTION('',(0.,1.,0.));
#1058 = ORIENTED_EDGE('',*,*,#1059,.F.);
#1059 = EDGE_CURVE('',#167,#1052,#1060,.T.);
#1060 = LINE('',#1061,#1062);
#1061 = CARTESIAN_POINT('',(-35.03333333333,-34.58333333332,
    18.566666666672));
#1062 = VECTOR('',#1063,1.);
#1063 = DIRECTION('',(0.57735026919,0.57735026919,0.57735026919));
#1064 = ORIENTED_EDGE('',*,*,#166,.T.);
#1065 = ORIENTED_EDGE('',*,*,#1066,.T.);
#1066 = EDGE_CURVE('',#169,#1041,#1067,.T.);
#1067 = B_SPLINE_CURVE_WITH_KNOTS('',7,(#1068,#1069,#1070,#1071,#1072,
    #1073,#1074,#1075,#1076,#1077,#1078,#1079,#1080,#1081,#1082,#1083,
    #1084,#1085,#1086,#1087,#1088,#1089,#1090,#1091,#1092,#1093,#1094,
    #1095,#1096,#1097,#1098,#1099,#1100,#1101,#1102,#1103,#1104,#1105,
    #1106,#1107,#1108,#1109,#1110,#1111,#1112,#1113,#1114,#1115,#1116,
    #1117,#1118,#1119,#1120,#1121,#1122,#1123),.UNSPECIFIED.,.F.,.F.,(8,
    6,6,6,6,6,6,6,6,8),(0.,0.122090666092,0.222998859913,0.430455960619,
    0.663539128059,0.819992368052,0.911426934036,0.950032735049,
    0.971235356623,1.),.UNSPECIFIED.);
#1068 = CARTESIAN_POINT('',(-36.,-34.95967477524,17.600000000006));
#1069 = CARTESIAN_POINT('',(-35.98281449943,-34.94612766432,
    17.617185500568));
#1070 = CARTESIAN_POINT('',(-35.96563193723,-34.93257004671,
    17.634368062767));
#1071 = CARTESIAN_POINT('',(-35.94845134028,-34.91900540731,
    17.651548659718));
#1072 = CARTESIAN_POINT('',(-35.93127173657,-34.90543722193,
    17.668728263432));
#1073 = CARTESIAN_POINT('',(-35.91409215519,-34.89186895723,
    17.685907844811));
#1074 = CARTESIAN_POINT('',(-35.89691162635,-34.87830407077,
    17.703088373654));
#1075 = CARTESIAN_POINT('',(-35.86552785421,-34.85354024592,
    17.734472145794));
#1076 = CARTESIAN_POINT('',(-35.85132521325,-34.84233917582,
    17.748674786755));
#1077 = CARTESIAN_POINT('',(-35.83712070951,-34.83114475642,
    17.762879290492));
#1078 = CARTESIAN_POINT('',(-35.82291378084,-34.81995901002,
    17.777086219162));
#1079 = CARTESIAN_POINT('',(-35.80870385188,-34.80878402546,
    17.791296148119));
#1080 = CARTESIAN_POINT('',(-35.79449033409,-34.79762195813,
    17.805509665915));
#1081 = CARTESIAN_POINT('',(-35.75104244678,-34.76355806649,
    17.848957553221));
#1082 = CARTESIAN_POINT('',(-35.72179470697,-34.74070517405,
    17.878205293032));
#1083 = CARTESIAN_POINT('',(-35.69252384401,-34.71793604252,
    17.907476155988));
#1084 = CARTESIAN_POINT('',(-35.66322428567,-34.69527179894,
    17.936775714331));
#1085 = CARTESIAN_POINT('',(-35.6338899833,-34.67273678353,
    17.966110016698));
#1086 = CARTESIAN_POINT('',(-35.60451394545,-34.65036032575,
    17.995486054553));
#1087 = CARTESIAN_POINT('',(-35.54202673937,-34.60325671523,
    18.057973260634));
#1088 = CARTESIAN_POINT('',(-35.50890519884,-34.57858321367,
    18.091094801166));
#1089 = CARTESIAN_POINT('',(-35.47570811245,-34.55420563059,
    18.124291887549));
#1090 = CARTESIAN_POINT('',(-35.44242051695,-34.53019177198,
    18.157579483047));
#1091 = CARTESIAN_POINT('',(-35.40902836021,-34.50662478555,
    18.19097163979));
#1092 = CARTESIAN_POINT('',(-35.37551393211,-34.4836236345,
    18.224486067888));
#1093 = CARTESIAN_POINT('',(-35.31924676964,-34.44646419111,
    18.280753230361));
#1094 = CARTESIAN_POINT('',(-35.29658772322,-34.43189097395,
    18.303412276778));
#1095 = CARTESIAN_POINT('',(-35.27384999444,-34.41772531822,
    18.326150005562));
#1096 = CARTESIAN_POINT('',(-35.2510227212,-34.40404438409,
    18.348977278804));
#1097 = CARTESIAN_POINT('',(-35.22809988291,-34.39097409378,
    18.371900117092));
#1098 = CARTESIAN_POINT('',(-35.20508192801,-34.37867133385,
    18.394918071987));
#1099 = CARTESIAN_POINT('',(-35.16844265749,-34.36091427288,
    18.431557342516));
#1100 = CARTESIAN_POINT('',(-35.1549091974,-34.35474707246,
    18.445090802598));
#1101 = CARTESIAN_POINT('',(-35.14133826255,-34.34901991643,
    18.458661737454));
#1102 = CARTESIAN_POINT('',(-35.12772952495,-34.34381740334,
    18.472270475052));
#1103 = CARTESIAN_POINT('',(-35.11410224682,-34.33928102795,
    18.485897753186));
#1104 = CARTESIAN_POINT('',(-35.10049388946,-34.33558545785,
    18.499506110542));
#1105 = CARTESIAN_POINT('',(-35.08124760852,-34.33203290403,
    18.51875239148));
#1106 = CARTESIAN_POINT('',(-35.07555220303,-34.33119259921,
    18.524447796967));
#1107 = CARTESIAN_POINT('',(-35.06987863299,-34.33059324057,
    18.530121367014));
#1108 = CARTESIAN_POINT('',(-35.06423640095,-34.33026787538,
    18.535763599056));
#1109 = CARTESIAN_POINT('',(-35.05864133223,-34.33025766258,
    18.541358667776));
#1110 = CARTESIAN_POINT('',(-35.05311588643,-34.33061352206,
    18.546884113576));
#1111 = CARTESIAN_POINT('',(-35.04470923612,-34.33182850687,
    18.555290763879));
#1112 = CARTESIAN_POINT('',(-35.04175982333,-34.33238837528,
    18.558240176674));
#1113 = CARTESIAN_POINT('',(-35.03884639624,-34.33308750972,
    18.561153603765));
#1114 = CARTESIAN_POINT('',(-35.03597593299,-34.33393709562,
    18.564024067013));
#1115 = CARTESIAN_POINT('',(-35.03315702971,-34.3349487943,
    18.566842970296));
#1116 = CARTESIAN_POINT('',(-35.03039970601,-34.33613415418,
    18.569600293996));
#1117 = CARTESIAN_POINT('',(-35.02407327616,-34.33936245982,
    18.57592672384));
#1118 = CARTESIAN_POINT('',(-35.02056282339,-34.34156197316,
    18.579437176615));
#1119 = CARTESIAN_POINT('',(-35.01721664158,-34.34412709186,
    18.582783358426));
#1120 = CARTESIAN_POINT('',(-35.01407113156,-34.34707813133,
    18.585928868441));
#1121 = CARTESIAN_POINT('',(-35.01116181659,-34.35042382851,
    18.588838183412));
#1122 = CARTESIAN_POINT('',(-35.00851885332,-34.35415397789,
    18.591481146685));
#1123 = CARTESIAN_POINT('',(-35.00616254279,-34.35823206756,
    18.593837457216));
#1124 = PLANE('',#1125);
#1125 = AXIS2_PLACEMENT_3D('',#1126,#1127,#1128);
#1126 = CARTESIAN_POINT('',(-35.5,-34.54999999999,18.100000000006));
#1127 = DIRECTION('',(0.707106781187,0.,-0.707106781187));
#1128 = DIRECTION('',(0.,1.,0.));
#1129 = ADVANCED_FACE('',(#1130),#1158,.F.);
#1130 = FACE_BOUND('',#1131,.F.);
#1131 = EDGE_LOOP('',(#1132,#1139,#1156,#1157));
#1132 = ORIENTED_EDGE('',*,*,#1133,.T.);
#1133 = EDGE_CURVE('',#248,#1134,#1136,.T.);
#1134 = VERTEX_POINT('',#1135);
#1135 = CARTESIAN_POINT('',(-35.0141225295,-33.95236875482,
    18.225000000006));
#1136 = B_SPLINE_CURVE_WITH_KNOTS('',1,(#1137,#1138),.UNSPECIFIED.,.F.,
  .F.,(2,2),(0.,0.688737339364),.PIECEWISE_BEZIER_KNOTS.);
#1137 = CARTESIAN_POINT('',(-36.,-34.82254820748,17.446687836493));
#1138 = CARTESIAN_POINT('',(-35.0141225295,-33.95236875482,
    18.225000000006));
#1139 = ORIENTED_EDGE('',*,*,#1140,.T.);
#1140 = EDGE_CURVE('',#1134,#1041,#1141,.T.);
#1141 = B_SPLINE_CURVE_WITH_KNOTS('',7,(#1142,#1143,#1144,#1145,#1146,
    #1147,#1148,#1149,#1150,#1151,#1152,#1153,#1154,#1155),
  .UNSPECIFIED.,.F.,.F.,(8,6,8),(3.211943351068,3.757433059441,
    3.786989716981),.UNSPECIFIED.);
#1142 = CARTESIAN_POINT('',(-35.0141225295,-33.95236875482,
    18.225000000006));
#1143 = CARTESIAN_POINT('',(-35.02096438835,-33.9742989361,18.3099352269
    ));
#1144 = CARTESIAN_POINT('',(-35.02630358024,-34.01117187388,
    18.381505246073));
#1145 = CARTESIAN_POINT('',(-35.02826565855,-34.05814800084,
    18.444038698137));
#1146 = CARTESIAN_POINT('',(-35.02631179886,-34.11406189343,
    18.498577969588));
#1147 = CARTESIAN_POINT('',(-35.02165262846,-34.18209382524,
    18.542278537259));
#1148 = CARTESIAN_POINT('',(-35.01324747498,-34.25893361277,
    18.578101119276));
#1149 = CARTESIAN_POINT('',(-35.00577875477,-34.3636110262,
    18.594689888516));
#1150 = CARTESIAN_POINT('',(-35.00539487197,-34.36899131315,
    18.595542530321));
#1151 = CARTESIAN_POINT('',(-35.00501098918,-34.37437160011,
    18.596395172126));
#1152 = CARTESIAN_POINT('',(-35.00462710638,-34.37975188706,
    18.597247813931));
#1153 = CARTESIAN_POINT('',(-35.00424322359,-34.38513217402,
    18.598100455736));
#1154 = CARTESIAN_POINT('',(-35.0038593408,-34.39051246097,
    18.598953097541));
#1155 = CARTESIAN_POINT('',(-35.003475458,-34.39589274792,
    18.599805739346));
#1156 = ORIENTED_EDGE('',*,*,#1066,.F.);
#1157 = ORIENTED_EDGE('',*,*,#258,.F.);
#1158 = B_SPLINE_SURFACE_WITH_KNOTS('',1,7,(
    (#1159,#1160,#1161,#1162,#1163,#1164,#1165,#1166,#1167,#1168,#1169
      ,#1170,#1171,#1172)
    ,(#1173,#1174,#1175,#1176,#1177,#1178,#1179,#1180,#1181,#1182,#1183
      ,#1184,#1185,#1186
    )),.UNSPECIFIED.,.F.,.F.,.F.,(2,2),(8,6,8),(0.,0.545489708373),(
    3.211943351068,3.757433059441,3.786989716981),.UNSPECIFIED.);
#1159 = CARTESIAN_POINT('',(-36.,-34.82254820748,17.446687836493));
#1160 = CARTESIAN_POINT('',(-36.,-34.87449960828,17.504771268348));
#1161 = CARTESIAN_POINT('',(-36.,-34.92645100908,17.562854700202));
#1162 = CARTESIAN_POINT('',(-35.99999999999,-34.97840240987,
    17.620938132057));
#1163 = CARTESIAN_POINT('',(-36.,-35.03035381067,17.679021563912));
#1164 = CARTESIAN_POINT('',(-36.,-35.08230521147,17.737104995766));
#1165 = CARTESIAN_POINT('',(-36.,-35.13425661227,17.795188427621));
#1166 = CARTESIAN_POINT('',(-36.,-35.18902293283,17.856419035449));
#1167 = CARTESIAN_POINT('',(-36.,-35.19211308794,17.8598739339));
#1168 = CARTESIAN_POINT('',(-36.,-35.19547847841,17.863636554827));
#1169 = CARTESIAN_POINT('',(-36.,-35.19911910423,17.86770689823));
#1170 = CARTESIAN_POINT('',(-36.,-35.2030349654,17.872084964111));
#1171 = CARTESIAN_POINT('',(-36.,-35.20722606191,17.876770752467));
#1172 = CARTESIAN_POINT('',(-36.,-35.21169239378,17.881764263301));
#1173 = CARTESIAN_POINT('',(-35.0141225295,-33.95236875482,
    18.225000000006));
#1174 = CARTESIAN_POINT('',(-35.02096438835,-33.9742989361,18.3099352269
    ));
#1175 = CARTESIAN_POINT('',(-35.02630358024,-34.01117187388,
    18.381505246073));
#1176 = CARTESIAN_POINT('',(-35.02826565855,-34.05814800084,
    18.444038698137));
#1177 = CARTESIAN_POINT('',(-35.02631179886,-34.11406189343,
    18.498577969588));
#1178 = CARTESIAN_POINT('',(-35.02165262846,-34.18209382524,
    18.542278537259));
#1179 = CARTESIAN_POINT('',(-35.01324747498,-34.25893361277,
    18.578101119276));
#1180 = CARTESIAN_POINT('',(-35.00577875477,-34.3636110262,
    18.594689888516));
#1181 = CARTESIAN_POINT('',(-35.00539487197,-34.36899131315,
    18.595542530321));
#1182 = CARTESIAN_POINT('',(-35.00501098918,-34.37437160011,
    18.596395172126));
#1183 = CARTESIAN_POINT('',(-35.00462710638,-34.37975188706,
    18.597247813931));
#1184 = CARTESIAN_POINT('',(-35.00424322359,-34.38513217402,
    18.598100455736));
#1185 = CARTESIAN_POINT('',(-35.0038593408,-34.39051246097,
    18.598953097541));
#1186 = CARTESIAN_POINT('',(-35.003475458,-34.39589274792,
    18.599805739346));
#1187 = ADVANCED_FACE('',(#1188),#1206,.F.);
#1188 = FACE_BOUND('',#1189,.F.);
#1189 = EDGE_LOOP('',(#1190,#1198,#1199,#1200));
#1190 = ORIENTED_EDGE('',*,*,#1191,.F.);
#1191 = EDGE_CURVE('',#177,#1192,#1194,.T.);
#1192 = VERTEX_POINT('',#1193);
#1193 = CARTESIAN_POINT('',(-35.,-34.54999999999,20.4));
#1194 = LINE('',#1195,#1196);
#1195 = CARTESIAN_POINT('',(-34.65,-34.19999999999,20.05));
#1196 = VECTOR('',#1197,1.);
#1197 = DIRECTION('',(0.57735026919,0.57735026919,-0.57735026919));
#1198 = ORIENTED_EDGE('',*,*,#176,.T.);
#1199 = ORIENTED_EDGE('',*,*,#1059,.T.);
#1200 = ORIENTED_EDGE('',*,*,#1201,.F.);
#1201 = EDGE_CURVE('',#1192,#1052,#1202,.T.);
#1202 = LINE('',#1203,#1204);
#1203 = CARTESIAN_POINT('',(-35.,-34.54999999999,20.4));
#1204 = VECTOR('',#1205,1.);
#1205 = DIRECTION('',(0.,0.,-1.));
#1206 = PLANE('',#1207);
#1207 = AXIS2_PLACEMENT_3D('',#1208,#1209,#1210);
#1208 = CARTESIAN_POINT('',(-35.5,-35.04999999999,20.4));
#1209 = DIRECTION('',(0.707106781187,-0.707106781187,0.));
#1210 = DIRECTION('',(0.,0.,-1.));
#1211 = ADVANCED_FACE('',(#1212),#1233,.F.);
#1212 = FACE_BOUND('',#1213,.F.);
#1213 = EDGE_LOOP('',(#1214,#1222,#1231,#1232));
#1214 = ORIENTED_EDGE('',*,*,#1215,.T.);
#1215 = EDGE_CURVE('',#239,#1216,#1218,.T.);
#1216 = VERTEX_POINT('',#1217);
#1217 = CARTESIAN_POINT('',(-35.,-33.61803398874,17.600000000006));
#1218 = LINE('',#1219,#1220);
#1219 = CARTESIAN_POINT('',(-35.,-33.61803398874,17.600000000006));
#1220 = VECTOR('',#1221,1.);
#1221 = DIRECTION('',(0.707106781187,0.527046276695,0.471404520791));
#1222 = ORIENTED_EDGE('',*,*,#1223,.T.);
#1223 = EDGE_CURVE('',#1216,#1134,#1224,.T.);
#1224 = B_SPLINE_CURVE_WITH_KNOTS('',5,(#1225,#1226,#1227,#1228,#1229,
    #1230),.UNSPECIFIED.,.F.,.F.,(6,6),(2.523206011704,3.211943351068),
  .PIECEWISE_BEZIER_KNOTS.);
#1225 = CARTESIAN_POINT('',(-35.,-33.61803398874,17.600000000006));
#1226 = CARTESIAN_POINT('',(-35.,-33.70986563399,17.702670900637));
#1227 = CARTESIAN_POINT('',(-34.99991571188,-33.789944061,
    17.815854199236));
#1228 = CARTESIAN_POINT('',(-35.00024731612,-33.85807469195,
    17.939723931514));
#1229 = CARTESIAN_POINT('',(-35.00202855042,-33.91360397471,
    18.074864652248));
#1230 = CARTESIAN_POINT('',(-35.0141225295,-33.95236875482,
    18.225000000006));
#1231 = ORIENTED_EDGE('',*,*,#1133,.F.);
#1232 = ORIENTED_EDGE('',*,*,#247,.F.);
#1233 = B_SPLINE_SURFACE_WITH_KNOTS('',1,5,(
    (#1234,#1235,#1236,#1237,#1238,#1239)
    ,(#1240,#1241,#1242,#1243,#1244,#1245
    )),.UNSPECIFIED.,.F.,.F.,.F.,(2,2),(6,6),(0.,0.688737339364),(
    2.523206011704,3.211943351068),.PIECEWISE_BEZIER_KNOTS.);
#1234 = CARTESIAN_POINT('',(-36.,-34.36338998124,16.933333333339));
#1235 = CARTESIAN_POINT('',(-36.,-34.45522162649,17.03600423397));
#1236 = CARTESIAN_POINT('',(-36.,-34.54705327173,17.138675134601));
#1237 = CARTESIAN_POINT('',(-36.,-34.63888491698,17.241346035232));
#1238 = CARTESIAN_POINT('',(-36.,-34.73071656223,17.344016935862));
#1239 = CARTESIAN_POINT('',(-36.,-34.82254820748,17.446687836493));
#1240 = CARTESIAN_POINT('',(-35.,-33.61803398874,17.600000000006));
#1241 = CARTESIAN_POINT('',(-35.,-33.70986563399,17.702670900637));
#1242 = CARTESIAN_POINT('',(-34.99991571188,-33.789944061,
    17.815854199236));
#1243 = CARTESIAN_POINT('',(-35.00024731612,-33.85807469195,
    17.939723931514));
#1244 = CARTESIAN_POINT('',(-35.00202855042,-33.91360397471,
    18.074864652248));
#1245 = CARTESIAN_POINT('',(-35.0141225295,-33.95236875482,
    18.225000000006));
#1246 = ADVANCED_FACE('',(#1247),#1265,.F.);
#1247 = FACE_BOUND('',#1248,.F.);
#1248 = EDGE_LOOP('',(#1249,#1257,#1258,#1259));
#1249 = ORIENTED_EDGE('',*,*,#1250,.F.);
#1250 = EDGE_CURVE('',#185,#1251,#1253,.T.);
#1251 = VERTEX_POINT('',#1252);
#1252 = CARTESIAN_POINT('',(-35.,-30.44999999999,20.4));
#1253 = LINE('',#1254,#1255);
#1254 = CARTESIAN_POINT('',(-35.03333333333,-30.41666666665,
    20.433333333334));
#1255 = VECTOR('',#1256,1.);
#1256 = DIRECTION('',(0.57735026919,-0.57735026919,-0.57735026919));
#1257 = ORIENTED_EDGE('',*,*,#184,.T.);
#1258 = ORIENTED_EDGE('',*,*,#1191,.T.);
#1259 = ORIENTED_EDGE('',*,*,#1260,.F.);
#1260 = EDGE_CURVE('',#1251,#1192,#1261,.T.);
#1261 = LINE('',#1262,#1263);
#1262 = CARTESIAN_POINT('',(-35.,-30.44999999999,20.4));
#1263 = VECTOR('',#1264,1.);
#1264 = DIRECTION('',(0.,-1.,0.));
#1265 = PLANE('',#1266);
#1266 = AXIS2_PLACEMENT_3D('',#1267,#1268,#1269);
#1267 = CARTESIAN_POINT('',(-35.5,-30.44999999999,20.9));
#1268 = DIRECTION('',(0.707106781187,0.,0.707106781187));
#1269 = DIRECTION('',(0.,-1.,0.));
#1270 = ADVANCED_FACE('',(#1271),#1289,.F.);
#1271 = FACE_BOUND('',#1272,.T.);
#1272 = EDGE_LOOP('',(#1273,#1280,#1281,#1282));
#1273 = ORIENTED_EDGE('',*,*,#1274,.F.);
#1274 = EDGE_CURVE('',#228,#1275,#1277,.T.);
#1275 = VERTEX_POINT('',#1276);
#1276 = CARTESIAN_POINT('',(-35.,-31.38196601124,17.600000000006));
#1277 = B_SPLINE_CURVE_WITH_KNOTS('',1,(#1278,#1279),.UNSPECIFIED.,.F.,
  .F.,(2,2),(0.,0.688737339364),.PIECEWISE_BEZIER_KNOTS.);
#1278 = CARTESIAN_POINT('',(-36.,-30.63661001874,16.933333333339));
#1279 = CARTESIAN_POINT('',(-35.,-31.38196601124,17.600000000006));
#1280 = ORIENTED_EDGE('',*,*,#238,.T.);
#1281 = ORIENTED_EDGE('',*,*,#1215,.T.);
#1282 = ORIENTED_EDGE('',*,*,#1283,.F.);
#1283 = EDGE_CURVE('',#1275,#1216,#1284,.T.);
#1284 = CIRCLE('',#1285,1.5);
#1285 = AXIS2_PLACEMENT_3D('',#1286,#1287,#1288);
#1286 = CARTESIAN_POINT('',(-35.,-32.49999999999,18.600000000006));
#1287 = DIRECTION('',(-1.,0.,-0.));
#1288 = DIRECTION('',(0.,0.7453559925,-0.666666666667));
#1289 = CONICAL_SURFACE('',#1290,1.5,0.785398163397);
#1290 = AXIS2_PLACEMENT_3D('',#1291,#1292,#1293);
#1291 = CARTESIAN_POINT('',(-35.,-32.49999999999,18.600000000006));
#1292 = DIRECTION('',(-1.,-0.,-0.));
#1293 = DIRECTION('',(0.,0.7453559925,-0.666666666667));
#1294 = ADVANCED_FACE('',(#1295),#1313,.F.);
#1295 = FACE_BOUND('',#1296,.F.);
#1296 = EDGE_LOOP('',(#1297,#1305,#1306,#1307));
#1297 = ORIENTED_EDGE('',*,*,#1298,.F.);
#1298 = EDGE_CURVE('',#193,#1299,#1301,.T.);
#1299 = VERTEX_POINT('',#1300);
#1300 = CARTESIAN_POINT('',(-35.,-30.44999999999,18.600000000006));
#1301 = LINE('',#1302,#1303);
#1302 = CARTESIAN_POINT('',(-34.65,-30.79999999999,18.950000000006));
#1303 = VECTOR('',#1304,1.);
#1304 = DIRECTION('',(0.57735026919,-0.57735026919,0.57735026919));
#1305 = ORIENTED_EDGE('',*,*,#192,.T.);
#1306 = ORIENTED_EDGE('',*,*,#1250,.T.);
#1307 = ORIENTED_EDGE('',*,*,#1308,.F.);
#1308 = EDGE_CURVE('',#1299,#1251,#1309,.T.);
#1309 = LINE('',#1310,#1311);
#1310 = CARTESIAN_POINT('',(-35.,-30.44999999999,18.600000000006));
#1311 = VECTOR('',#1312,1.);
#1312 = DIRECTION('',(0.,0.,1.));
#1313 = PLANE('',#1314);
#1314 = AXIS2_PLACEMENT_3D('',#1315,#1316,#1317);
#1315 = CARTESIAN_POINT('',(-35.5,-29.94999999999,18.600000000006));
#1316 = DIRECTION('',(0.707106781187,0.707106781187,0.));
#1317 = DIRECTION('',(0.,0.,1.));
#1318 = ADVANCED_FACE('',(#1319),#1339,.F.);
#1319 = FACE_BOUND('',#1320,.F.);
#1320 = EDGE_LOOP('',(#1321,#1328,#1337,#1338));
#1321 = ORIENTED_EDGE('',*,*,#1322,.T.);
#1322 = EDGE_CURVE('',#209,#1323,#1325,.T.);
#1323 = VERTEX_POINT('',#1324);
#1324 = CARTESIAN_POINT('',(-35.0141225295,-31.04763124516,
    18.225000000006));
#1325 = B_SPLINE_CURVE_WITH_KNOTS('',1,(#1326,#1327),.UNSPECIFIED.,.F.,
  .F.,(2,2),(0.,0.545489708373),.PIECEWISE_BEZIER_KNOTS.);
#1326 = CARTESIAN_POINT('',(-36.,-30.1774517925,17.446687836493));
#1327 = CARTESIAN_POINT('',(-35.0141225295,-31.04763124516,
    18.225000000006));
#1328 = ORIENTED_EDGE('',*,*,#1329,.T.);
#1329 = EDGE_CURVE('',#1323,#1275,#1330,.T.);
#1330 = B_SPLINE_CURVE_WITH_KNOTS('',5,(#1331,#1332,#1333,#1334,#1335,
    #1336),.UNSPECIFIED.,.F.,.F.,(6,6),(-0.688737339364,0.),
  .PIECEWISE_BEZIER_KNOTS.);
#1331 = CARTESIAN_POINT('',(-35.0141225295,-31.04763124516,
    18.225000000006));
#1332 = CARTESIAN_POINT('',(-35.00202855042,-31.08639602526,
    18.074864652248));
#1333 = CARTESIAN_POINT('',(-35.00024731612,-31.14192530803,
    17.939723931514));
#1334 = CARTESIAN_POINT('',(-34.99991571188,-31.21005593897,
    17.815854199236));
#1335 = CARTESIAN_POINT('',(-35.,-31.29013436599,17.702670900637));
#1336 = CARTESIAN_POINT('',(-35.,-31.38196601124,17.600000000006));
#1337 = ORIENTED_EDGE('',*,*,#1274,.F.);
#1338 = ORIENTED_EDGE('',*,*,#227,.F.);
#1339 = B_SPLINE_SURFACE_WITH_KNOTS('',1,5,(
    (#1340,#1341,#1342,#1343,#1344,#1345)
    ,(#1346,#1347,#1348,#1349,#1350,#1351
    )),.UNSPECIFIED.,.F.,.F.,.F.,(2,2),(6,6),(0.,0.688737339364),(
    -0.688737339364,0.),.PIECEWISE_BEZIER_KNOTS.);
#1340 = CARTESIAN_POINT('',(-36.,-30.1774517925,17.446687836493));
#1341 = CARTESIAN_POINT('',(-36.,-30.26928343774,17.344016935862));
#1342 = CARTESIAN_POINT('',(-36.,-30.36111508299,17.241346035232));
#1343 = CARTESIAN_POINT('',(-36.,-30.45294672824,17.138675134601));
#1344 = CARTESIAN_POINT('',(-36.,-30.54477837349,17.03600423397));
#1345 = CARTESIAN_POINT('',(-36.,-30.63661001874,16.933333333339));
#1346 = CARTESIAN_POINT('',(-35.0141225295,-31.04763124516,
    18.225000000006));
#1347 = CARTESIAN_POINT('',(-35.00202855042,-31.08639602526,
    18.074864652248));
#1348 = CARTESIAN_POINT('',(-35.00024731612,-31.14192530803,
    17.939723931514));
#1349 = CARTESIAN_POINT('',(-34.99991571188,-31.21005593897,
    17.815854199236));
#1350 = CARTESIAN_POINT('',(-35.,-31.29013436599,17.702670900637));
#1351 = CARTESIAN_POINT('',(-35.,-31.38196601124,17.600000000006));
#1352 = ADVANCED_FACE('',(#1353),#1433,.F.);
#1353 = FACE_BOUND('',#1354,.F.);
#1354 = EDGE_LOOP('',(#1355,#1366,#1425,#1426,#1427));
#1355 = ORIENTED_EDGE('',*,*,#1356,.T.);
#1356 = EDGE_CURVE('',#1357,#1359,#1361,.T.);
#1357 = VERTEX_POINT('',#1358);
#1358 = CARTESIAN_POINT('',(-35.,-30.56350832688,18.600000000006));
#1359 = VERTEX_POINT('',#1360);
#1360 = CARTESIAN_POINT('',(-35.00616263756,-30.64176926073,
    18.593837246711));
#1361 = ELLIPSE('',#1362,0.707106781187,0.5);
#1362 = AXIS2_PLACEMENT_3D('',#1363,#1364,#1365);
#1363 = CARTESIAN_POINT('',(-35.5,-30.56350832688,18.100000000006));
#1364 = DIRECTION('',(0.707106781187,0.,-0.707106781187));
#1365 = DIRECTION('',(-0.707106781187,0.,-0.707106781187));
#1366 = ORIENTED_EDGE('',*,*,#1367,.F.);
#1367 = EDGE_CURVE('',#201,#1359,#1368,.T.);
#1368 = B_SPLINE_CURVE_WITH_KNOTS('',7,(#1369,#1370,#1371,#1372,#1373,
    #1374,#1375,#1376,#1377,#1378,#1379,#1380,#1381,#1382,#1383,#1384,
    #1385,#1386,#1387,#1388,#1389,#1390,#1391,#1392,#1393,#1394,#1395,
    #1396,#1397,#1398,#1399,#1400,#1401,#1402,#1403,#1404,#1405,#1406,
    #1407,#1408,#1409,#1410,#1411,#1412,#1413,#1414,#1415,#1416,#1417,
    #1418,#1419,#1420,#1421,#1422,#1423,#1424),.UNSPECIFIED.,.F.,.F.,(8,
    6,6,6,6,6,6,6,6,8),(0.,0.122090666092,0.222998859913,0.430455960619,
    0.663539128059,0.819992368052,0.911426934037,0.950032735049,
    0.971235356623,1.),.UNSPECIFIED.);
#1369 = CARTESIAN_POINT('',(-36.,-30.04032522474,17.600000000006));
#1370 = CARTESIAN_POINT('',(-35.98281449943,-30.05387233565,
    17.617185500568));
#1371 = CARTESIAN_POINT('',(-35.96563193723,-30.06742995327,
    17.634368062767));
#1372 = CARTESIAN_POINT('',(-35.94845134028,-30.08099459266,
    17.651548659718));
#1373 = CARTESIAN_POINT('',(-35.93127173657,-30.09456277805,
    17.668728263432));
#1374 = CARTESIAN_POINT('',(-35.91409215519,-30.10813104275,
    17.685907844811));
#1375 = CARTESIAN_POINT('',(-35.89691162635,-30.1216959292,
    17.703088373654));
#1376 = CARTESIAN_POINT('',(-35.86552785421,-30.14645975405,
    17.734472145794));
#1377 = CARTESIAN_POINT('',(-35.85132521325,-30.15766082416,
    17.748674786755));
#1378 = CARTESIAN_POINT('',(-35.83712070951,-30.16885524355,
    17.762879290492));
#1379 = CARTESIAN_POINT('',(-35.82291378084,-30.18004098995,
    17.777086219162));
#1380 = CARTESIAN_POINT('',(-35.80870385188,-30.19121597451,
    17.791296148119));
#1381 = CARTESIAN_POINT('',(-35.79449033409,-30.20237804184,
    17.805509665915));
#1382 = CARTESIAN_POINT('',(-35.75104244678,-30.23644193348,
    17.848957553221));
#1383 = CARTESIAN_POINT('',(-35.72179470697,-30.25929482593,
    17.878205293032));
#1384 = CARTESIAN_POINT('',(-35.69252384401,-30.28206395745,
    17.907476155989));
#1385 = CARTESIAN_POINT('',(-35.66322428567,-30.30472820103,
    17.936775714331));
#1386 = CARTESIAN_POINT('',(-35.6338899833,-30.32726321645,
    17.966110016698));
#1387 = CARTESIAN_POINT('',(-35.60451394545,-30.34963967422,
    17.995486054553));
#1388 = CARTESIAN_POINT('',(-35.54202673937,-30.39674328474,
    18.057973260634));
#1389 = CARTESIAN_POINT('',(-35.50890519883,-30.42141678631,
    18.091094801167));
#1390 = CARTESIAN_POINT('',(-35.47570811245,-30.44579436939,
    18.124291887549));
#1391 = CARTESIAN_POINT('',(-35.44242051695,-30.469808228,
    18.157579483047));
#1392 = CARTESIAN_POINT('',(-35.40902836021,-30.49337521443,
    18.190971639791));
#1393 = CARTESIAN_POINT('',(-35.37551393211,-30.51637636547,
    18.224486067888));
#1394 = CARTESIAN_POINT('',(-35.31924676964,-30.55353580887,
    18.280753230361));
#1395 = CARTESIAN_POINT('',(-35.29658772322,-30.56810902603,
    18.303412276778));
#1396 = CARTESIAN_POINT('',(-35.27384999444,-30.58227468176,
    18.326150005563));
#1397 = CARTESIAN_POINT('',(-35.2510227212,-30.59595561589,
    18.348977278803));
#1398 = CARTESIAN_POINT('',(-35.22809988291,-30.6090259062,
    18.371900117092));
#1399 = CARTESIAN_POINT('',(-35.20508192801,-30.62132866612,
    18.394918071988));
#1400 = CARTESIAN_POINT('',(-35.16844265749,-30.63908572709,
    18.431557342516));
#1401 = CARTESIAN_POINT('',(-35.1549091974,-30.64525292751,
    18.445090802598));
#1402 = CARTESIAN_POINT('',(-35.14133826255,-30.65098008355,
    18.458661737454));
#1403 = CARTESIAN_POINT('',(-35.12772952495,-30.65618259664,
    18.472270475052));
#1404 = CARTESIAN_POINT('',(-35.11410224682,-30.66071897202,
    18.485897753186));
#1405 = CARTESIAN_POINT('',(-35.10049388946,-30.66441454213,
    18.499506110542));
#1406 = CARTESIAN_POINT('',(-35.08124760852,-30.66796709595,
    18.518752391481));
#1407 = CARTESIAN_POINT('',(-35.07555220303,-30.66880740077,
    18.524447796967));
#1408 = CARTESIAN_POINT('',(-35.06987863299,-30.6694067594,
    18.530121367014));
#1409 = CARTESIAN_POINT('',(-35.06423640095,-30.6697321246,
    18.535763599056));
#1410 = CARTESIAN_POINT('',(-35.05864133222,-30.6697423374,
    18.541358667777));
#1411 = CARTESIAN_POINT('',(-35.05311588643,-30.66938647791,
    18.546884113576));
#1412 = CARTESIAN_POINT('',(-35.04470923612,-30.6681714931,
    18.555290763879));
#1413 = CARTESIAN_POINT('',(-35.04175982333,-30.6676116247,
    18.558240176675));
#1414 = CARTESIAN_POINT('',(-35.03884639624,-30.66691249025,
    18.561153603765));
#1415 = CARTESIAN_POINT('',(-35.03597593299,-30.66606290435,
    18.564024067013));
#1416 = CARTESIAN_POINT('',(-35.03315702971,-30.66505120567,
    18.566842970296));
#1417 = CARTESIAN_POINT('',(-35.03039970601,-30.6638658458,
    18.569600293996));
#1418 = CARTESIAN_POINT('',(-35.02407327616,-30.66063754016,
    18.57592672384));
#1419 = CARTESIAN_POINT('',(-35.02056282339,-30.65843802682,
    18.579437176615));
#1420 = CARTESIAN_POINT('',(-35.01721664158,-30.65587290812,
    18.582783358426));
#1421 = CARTESIAN_POINT('',(-35.01407113156,-30.65292186865,
    18.585928868441));
#1422 = CARTESIAN_POINT('',(-35.01116181659,-30.64957617147,
    18.588838183412));
#1423 = CARTESIAN_POINT('',(-35.00851885332,-30.64584602209,
    18.591481146685));
#1424 = CARTESIAN_POINT('',(-35.00616254279,-30.64176793242,
    18.593837457216));
#1425 = ORIENTED_EDGE('',*,*,#200,.T.);
#1426 = ORIENTED_EDGE('',*,*,#1298,.T.);
#1427 = ORIENTED_EDGE('',*,*,#1428,.F.);
#1428 = EDGE_CURVE('',#1357,#1299,#1429,.T.);
#1429 = LINE('',#1430,#1431);
#1430 = CARTESIAN_POINT('',(-35.,-34.54999999999,18.600000000006));
#1431 = VECTOR('',#1432,1.);
#1432 = DIRECTION('',(0.,1.,0.));
#1433 = PLANE('',#1434);
#1434 = AXIS2_PLACEMENT_3D('',#1435,#1436,#1437);
#1435 = CARTESIAN_POINT('',(-35.5,-34.54999999999,18.100000000006));
#1436 = DIRECTION('',(0.707106781187,0.,-0.707106781187));
#1437 = DIRECTION('',(0.,1.,0.));
#1438 = ADVANCED_FACE('',(#1439),#1461,.F.);
#1439 = FACE_BOUND('',#1440,.F.);
#1440 = EDGE_LOOP('',(#1441,#1442,#1459,#1460));
#1441 = ORIENTED_EDGE('',*,*,#1367,.T.);
#1442 = ORIENTED_EDGE('',*,*,#1443,.T.);
#1443 = EDGE_CURVE('',#1359,#1323,#1444,.T.);
#1444 = B_SPLINE_CURVE_WITH_KNOTS('',7,(#1445,#1446,#1447,#1448,#1449,
    #1450,#1451,#1452,#1453,#1454,#1455,#1456,#1457,#1458),
  .UNSPECIFIED.,.F.,.F.,(8,6,8),(-1.263783705278,-1.234227047737,
    -0.688737339364),.UNSPECIFIED.);
#1445 = CARTESIAN_POINT('',(-35.003475458,-30.60410725205,
    18.599805739346));
#1446 = CARTESIAN_POINT('',(-35.0038593408,-30.60948753901,
    18.598953097541));
#1447 = CARTESIAN_POINT('',(-35.00424322359,-30.61486782596,
    18.598100455736));
#1448 = CARTESIAN_POINT('',(-35.00462710638,-30.62024811292,
    18.597247813931));
#1449 = CARTESIAN_POINT('',(-35.00501098918,-30.62562839987,
    18.596395172126));
#1450 = CARTESIAN_POINT('',(-35.00539487197,-30.63100868682,
    18.595542530321));
#1451 = CARTESIAN_POINT('',(-35.00577875477,-30.63638897378,
    18.594689888516));
#1452 = CARTESIAN_POINT('',(-35.01324747498,-30.7410663872,
    18.578101119276));
#1453 = CARTESIAN_POINT('',(-35.02165262846,-30.81790617474,
    18.542278537259));
#1454 = CARTESIAN_POINT('',(-35.02631179886,-30.88593810655,
    18.498577969588));
#1455 = CARTESIAN_POINT('',(-35.02826565855,-30.94185199914,
    18.444038698137));
#1456 = CARTESIAN_POINT('',(-35.02630358024,-30.98882812609,
    18.381505246073));
#1457 = CARTESIAN_POINT('',(-35.02096438835,-31.02570106388,
    18.3099352269));
#1458 = CARTESIAN_POINT('',(-35.0141225295,-31.04763124516,
    18.225000000006));
#1459 = ORIENTED_EDGE('',*,*,#1322,.F.);
#1460 = ORIENTED_EDGE('',*,*,#208,.F.);
#1461 = B_SPLINE_SURFACE_WITH_KNOTS('',1,7,(
    (#1462,#1463,#1464,#1465,#1466,#1467,#1468,#1469,#1470,#1471,#1472
      ,#1473,#1474,#1475)
    ,(#1476,#1477,#1478,#1479,#1480,#1481,#1482,#1483,#1484,#1485,#1486
      ,#1487,#1488,#1489
    )),.UNSPECIFIED.,.F.,.F.,.F.,(2,2),(8,6,8),(0.,0.545489708373),(
    -1.263783705278,-1.234227047737,-0.688737339364),.UNSPECIFIED.);
#1462 = CARTESIAN_POINT('',(-36.,-29.7883076062,17.881764263301));
#1463 = CARTESIAN_POINT('',(-36.,-29.79277393806,17.876770752467));
#1464 = CARTESIAN_POINT('',(-36.,-29.79696503458,17.872084964111));
#1465 = CARTESIAN_POINT('',(-36.,-29.80088089575,17.86770689823));
#1466 = CARTESIAN_POINT('',(-36.,-29.80452152157,17.863636554827));
#1467 = CARTESIAN_POINT('',(-36.,-29.80788691203,17.8598739339));
#1468 = CARTESIAN_POINT('',(-36.,-29.81097706715,17.856419035449));
#1469 = CARTESIAN_POINT('',(-36.,-29.86574338771,17.795188427621));
#1470 = CARTESIAN_POINT('',(-36.,-29.91769478851,17.737104995766));
#1471 = CARTESIAN_POINT('',(-36.,-29.96964618931,17.679021563912));
#1472 = CARTESIAN_POINT('',(-36.,-30.0215975901,17.620938132057));
#1473 = CARTESIAN_POINT('',(-36.,-30.0735489909,17.562854700203));
#1474 = CARTESIAN_POINT('',(-36.,-30.1255003917,17.504771268348));
#1475 = CARTESIAN_POINT('',(-36.,-30.1774517925,17.446687836493));
#1476 = CARTESIAN_POINT('',(-35.003475458,-30.60410725205,
    18.599805739346));
#1477 = CARTESIAN_POINT('',(-35.0038593408,-30.60948753901,
    18.598953097541));
#1478 = CARTESIAN_POINT('',(-35.00424322359,-30.61486782596,
    18.598100455736));
#1479 = CARTESIAN_POINT('',(-35.00462710638,-30.62024811292,
    18.597247813931));
#1480 = CARTESIAN_POINT('',(-35.00501098918,-30.62562839987,
    18.596395172126));
#1481 = CARTESIAN_POINT('',(-35.00539487197,-30.63100868682,
    18.595542530321));
#1482 = CARTESIAN_POINT('',(-35.00577875477,-30.63638897378,
    18.594689888516));
#1483 = CARTESIAN_POINT('',(-35.01324747498,-30.7410663872,
    18.578101119276));
#1484 = CARTESIAN_POINT('',(-35.02165262846,-30.81790617474,
    18.542278537259));
#1485 = CARTESIAN_POINT('',(-35.02631179886,-30.88593810655,
    18.498577969588));
#1486 = CARTESIAN_POINT('',(-35.02826565855,-30.94185199914,
    18.444038698137));
#1487 = CARTESIAN_POINT('',(-35.02630358024,-30.98882812609,
    18.381505246073));
#1488 = CARTESIAN_POINT('',(-35.02096438835,-31.02570106388,
    18.3099352269));
#1489 = CARTESIAN_POINT('',(-35.0141225295,-31.04763124516,
    18.225000000006));
#1490 = ADVANCED_FACE('',(#1491),#1510,.F.);
#1491 = FACE_BOUND('',#1492,.F.);
#1492 = EDGE_LOOP('',(#1493,#1494,#1502,#1509));
#1493 = ORIENTED_EDGE('',*,*,#277,.F.);
#1494 = ORIENTED_EDGE('',*,*,#1495,.T.);
#1495 = EDGE_CURVE('',#278,#1496,#1498,.T.);
#1496 = VERTEX_POINT('',#1497);
#1497 = CARTESIAN_POINT('',(-24.,10.4,-6.));
#1498 = LINE('',#1499,#1500);
#1499 = CARTESIAN_POINT('',(-36.,10.4,-6.));
#1500 = VECTOR('',#1501,1.);
#1501 = DIRECTION('',(1.,0.,0.));
#1502 = ORIENTED_EDGE('',*,*,#1503,.T.);
#1503 = EDGE_CURVE('',#1496,#1496,#1504,.T.);
#1504 = CIRCLE('',#1505,4.1);
#1505 = AXIS2_PLACEMENT_3D('',#1506,#1507,#1508);
#1506 = CARTESIAN_POINT('',(-24.,14.5,-6.));
#1507 = DIRECTION('',(-1.,0.,0.));
#1508 = DIRECTION('',(0.,-1.,0.));
#1509 = ORIENTED_EDGE('',*,*,#1495,.F.);
#1510 = CYLINDRICAL_SURFACE('',#1511,4.1);
#1511 = AXIS2_PLACEMENT_3D('',#1512,#1513,#1514);
#1512 = CARTESIAN_POINT('',(-36.,14.5,-6.));
#1513 = DIRECTION('',(-1.,0.,0.));
#1514 = DIRECTION('',(0.,-1.,0.));
#1515 = ADVANCED_FACE('',(#1516),#1544,.F.);
#1516 = FACE_BOUND('',#1517,.F.);
#1517 = EDGE_LOOP('',(#1518,#1526,#1527,#1528,#1537));
#1518 = ORIENTED_EDGE('',*,*,#1519,.F.);
#1519 = EDGE_CURVE('',#289,#1520,#1522,.T.);
#1520 = VERTEX_POINT('',#1521);
#1521 = CARTESIAN_POINT('',(-30.,-10.5,-2.5));
#1522 = LINE('',#1523,#1524);
#1523 = CARTESIAN_POINT('',(-36.,-10.5,-2.5));
#1524 = VECTOR('',#1525,1.);
#1525 = DIRECTION('',(1.,0.,0.));
#1526 = ORIENTED_EDGE('',*,*,#288,.F.);
#1527 = ORIENTED_EDGE('',*,*,#1519,.T.);
#1528 = ORIENTED_EDGE('',*,*,#1529,.F.);
#1529 = EDGE_CURVE('',#1530,#1520,#1532,.T.);
#1530 = VERTEX_POINT('',#1531);
#1531 = CARTESIAN_POINT('',(-30.,-7.5,-2.5));
#1532 = CIRCLE('',#1533,1.5);
#1533 = AXIS2_PLACEMENT_3D('',#1534,#1535,#1536);
#1534 = CARTESIAN_POINT('',(-30.,-9.,-2.5));
#1535 = DIRECTION('',(1.,0.,0.));
#1536 = DIRECTION('',(0.,1.,0.));
#1537 = ORIENTED_EDGE('',*,*,#1538,.F.);
#1538 = EDGE_CURVE('',#1520,#1530,#1539,.T.);
#1539 = CIRCLE('',#1540,1.5);
#1540 = AXIS2_PLACEMENT_3D('',#1541,#1542,#1543);
#1541 = CARTESIAN_POINT('',(-30.,-9.,-2.5));
#1542 = DIRECTION('',(1.,0.,0.));
#1543 = DIRECTION('',(0.,1.,0.));
#1544 = CYLINDRICAL_SURFACE('',#1545,1.5);
#1545 = AXIS2_PLACEMENT_3D('',#1546,#1547,#1548);
#1546 = CARTESIAN_POINT('',(-36.,-9.,-2.5));
#1547 = DIRECTION('',(-1.,0.,0.));
#1548 = DIRECTION('',(0.,-1.,0.));
#1549 = ADVANCED_FACE('',(#1550),#1569,.F.);
#1550 = FACE_BOUND('',#1551,.F.);
#1551 = EDGE_LOOP('',(#1552,#1553,#1561,#1568));
#1552 = ORIENTED_EDGE('',*,*,#299,.F.);
#1553 = ORIENTED_EDGE('',*,*,#1554,.T.);
#1554 = EDGE_CURVE('',#300,#1555,#1557,.T.);
#1555 = VERTEX_POINT('',#1556);
#1556 = CARTESIAN_POINT('',(-24.,-36.6,-6.));
#1557 = LINE('',#1558,#1559);
#1558 = CARTESIAN_POINT('',(-36.,-36.6,-6.));
#1559 = VECTOR('',#1560,1.);
#1560 = DIRECTION('',(1.,0.,0.));
#1561 = ORIENTED_EDGE('',*,*,#1562,.T.);
#1562 = EDGE_CURVE('',#1555,#1555,#1563,.T.);
#1563 = CIRCLE('',#1564,4.1);
#1564 = AXIS2_PLACEMENT_3D('',#1565,#1566,#1567);
#1565 = CARTESIAN_POINT('',(-24.,-32.5,-6.));
#1566 = DIRECTION('',(-1.,0.,0.));
#1567 = DIRECTION('',(0.,-1.,0.));
#1568 = ORIENTED_EDGE('',*,*,#1554,.F.);
#1569 = CYLINDRICAL_SURFACE('',#1570,4.1);
#1570 = AXIS2_PLACEMENT_3D('',#1571,#1572,#1573);
#1571 = CARTESIAN_POINT('',(-36.,-32.5,-6.));
#1572 = DIRECTION('',(-1.,0.,0.));
#1573 = DIRECTION('',(0.,-1.,0.));
#1574 = ADVANCED_FACE('',(#1575),#1650,.F.);
#1575 = FACE_BOUND('',#1576,.F.);
#1576 = EDGE_LOOP('',(#1577,#1585,#1593,#1601,#1609,#1617,#1625,#1633,
    #1641,#1647,#1648,#1649));
#1577 = ORIENTED_EDGE('',*,*,#1578,.F.);
#1578 = EDGE_CURVE('',#1579,#326,#1581,.T.);
#1579 = VERTEX_POINT('',#1580);
#1580 = CARTESIAN_POINT('',(-36.,40.,-25.5));
#1581 = LINE('',#1582,#1583);
#1582 = CARTESIAN_POINT('',(-36.,40.,-26.5));
#1583 = VECTOR('',#1584,1.);
#1584 = DIRECTION('',(0.,0.,1.));
#1585 = ORIENTED_EDGE('',*,*,#1586,.F.);
#1586 = EDGE_CURVE('',#1587,#1579,#1589,.T.);
#1587 = VERTEX_POINT('',#1588);
#1588 = CARTESIAN_POINT('',(36.,40.,-25.5));
#1589 = LINE('',#1590,#1591);
#1590 = CARTESIAN_POINT('',(36.,40.,-25.5));
#1591 = VECTOR('',#1592,1.);
#1592 = DIRECTION('',(-1.,0.,0.));
#1593 = ORIENTED_EDGE('',*,*,#1594,.T.);
#1594 = EDGE_CURVE('',#1587,#1595,#1597,.T.);
#1595 = VERTEX_POINT('',#1596);
#1596 = CARTESIAN_POINT('',(36.,40.,-11.5));
#1597 = LINE('',#1598,#1599);
#1598 = CARTESIAN_POINT('',(36.,40.,-26.5));
#1599 = VECTOR('',#1600,1.);
#1600 = DIRECTION('',(0.,0.,1.));
#1601 = ORIENTED_EDGE('',*,*,#1602,.T.);
#1602 = EDGE_CURVE('',#1595,#1603,#1605,.T.);
#1603 = VERTEX_POINT('',#1604);
#1604 = CARTESIAN_POINT('',(35.,40.,-11.5));
#1605 = LINE('',#1606,#1607);
#1606 = CARTESIAN_POINT('',(18.,40.,-11.5));
#1607 = VECTOR('',#1608,1.);
#1608 = DIRECTION('',(-1.,0.,0.));
#1609 = ORIENTED_EDGE('',*,*,#1610,.T.);
#1610 = EDGE_CURVE('',#1603,#1611,#1613,.T.);
#1611 = VERTEX_POINT('',#1612);
#1612 = CARTESIAN_POINT('',(35.,40.,26.5));
#1613 = LINE('',#1614,#1615);
#1614 = CARTESIAN_POINT('',(35.,40.,-11.5));
#1615 = VECTOR('',#1616,1.);
#1616 = DIRECTION('',(0.,0.,1.));
#1617 = ORIENTED_EDGE('',*,*,#1618,.T.);
#1618 = EDGE_CURVE('',#1611,#1619,#1621,.T.);
#1619 = VERTEX_POINT('',#1620);
#1620 = CARTESIAN_POINT('',(25.,40.,26.5));
#1621 = LINE('',#1622,#1623);
#1622 = CARTESIAN_POINT('',(36.,40.,26.5));
#1623 = VECTOR('',#1624,1.);
#1624 = DIRECTION('',(-1.,0.,0.));
#1625 = ORIENTED_EDGE('',*,*,#1626,.T.);
#1626 = EDGE_CURVE('',#1619,#1627,#1629,.T.);
#1627 = VERTEX_POINT('',#1628);
#1628 = CARTESIAN_POINT('',(25.,40.,-22.5));
#1629 = LINE('',#1630,#1631);
#1630 = CARTESIAN_POINT('',(25.,40.,26.5));
#1631 = VECTOR('',#1632,1.);
#1632 = DIRECTION('',(-0.,-0.,-1.));
#1633 = ORIENTED_EDGE('',*,*,#1634,.T.);
#1634 = EDGE_CURVE('',#1627,#1635,#1637,.T.);
#1635 = VERTEX_POINT('',#1636);
#1636 = CARTESIAN_POINT('',(-25.,40.,-22.5));
#1637 = LINE('',#1638,#1639);
#1638 = CARTESIAN_POINT('',(24.,40.,-22.5));
#1639 = VECTOR('',#1640,1.);
#1640 = DIRECTION('',(-1.,0.,0.));
#1641 = ORIENTED_EDGE('',*,*,#1642,.F.);
#1642 = EDGE_CURVE('',#486,#1635,#1643,.T.);
#1643 = LINE('',#1644,#1645);
#1644 = CARTESIAN_POINT('',(-25.,40.,26.5));
#1645 = VECTOR('',#1646,1.);
#1646 = DIRECTION('',(-0.,-0.,-1.));
#1647 = ORIENTED_EDGE('',*,*,#493,.T.);
#1648 = ORIENTED_EDGE('',*,*,#389,.F.);
#1649 = ORIENTED_EDGE('',*,*,#325,.F.);
#1650 = PLANE('',#1651);
#1651 = AXIS2_PLACEMENT_3D('',#1652,#1653,#1654);
#1652 = CARTESIAN_POINT('',(36.,40.,-26.5));
#1653 = DIRECTION('',(0.,-1.,0.));
#1654 = DIRECTION('',(-1.,0.,0.));
#1655 = ADVANCED_FACE('',(#1656,#1667,#1678),#1712,.T.);
#1656 = FACE_BOUND('',#1657,.T.);
#1657 = EDGE_LOOP('',(#1658,#1659,#1665,#1666));
#1658 = ORIENTED_EDGE('',*,*,#357,.T.);
#1659 = ORIENTED_EDGE('',*,*,#1660,.F.);
#1660 = EDGE_CURVE('',#503,#350,#1661,.T.);
#1661 = LINE('',#1662,#1663);
#1662 = CARTESIAN_POINT('',(-89.,-40.,26.5));
#1663 = VECTOR('',#1664,1.);
#1664 = DIRECTION('',(0.,-2.2E-16,-1.));
#1665 = ORIENTED_EDGE('',*,*,#502,.F.);
#1666 = ORIENTED_EDGE('',*,*,#413,.F.);
#1667 = FACE_BOUND('',#1668,.T.);
#1668 = EDGE_LOOP('',(#1669));
#1669 = ORIENTED_EDGE('',*,*,#1670,.F.);
#1670 = EDGE_CURVE('',#1671,#1671,#1673,.T.);
#1671 = VERTEX_POINT('',#1672);
#1672 = CARTESIAN_POINT('',(-84.95,-40.,7.5));
#1673 = CIRCLE('',#1674,5.);
#1674 = AXIS2_PLACEMENT_3D('',#1675,#1676,#1677);
#1675 = CARTESIAN_POINT('',(-79.95,-40.,7.5));
#1676 = DIRECTION('',(0.,1.,-0.));
#1677 = DIRECTION('',(-1.,0.,0.));
#1678 = FACE_BOUND('',#1679,.T.);
#1679 = EDGE_LOOP('',(#1680,#1690,#1698,#1706));
#1680 = ORIENTED_EDGE('',*,*,#1681,.F.);
#1681 = EDGE_CURVE('',#1682,#1684,#1686,.T.);
#1682 = VERTEX_POINT('',#1683);
#1683 = CARTESIAN_POINT('',(-51.05,-40.,-4.05));
#1684 = VERTEX_POINT('',#1685);
#1685 = CARTESIAN_POINT('',(-51.05,-40.,4.05));
#1686 = LINE('',#1687,#1688);
#1687 = CARTESIAN_POINT('',(-51.05,-40.,-4.05));
#1688 = VECTOR('',#1689,1.);
#1689 = DIRECTION('',(0.,0.,1.));
#1690 = ORIENTED_EDGE('',*,*,#1691,.F.);
#1691 = EDGE_CURVE('',#1692,#1682,#1694,.T.);
#1692 = VERTEX_POINT('',#1693);
#1693 = CARTESIAN_POINT('',(-42.95,-40.,-4.05));
#1694 = LINE('',#1695,#1696);
#1695 = CARTESIAN_POINT('',(-42.95,-40.,-4.05));
#1696 = VECTOR('',#1697,1.);
#1697 = DIRECTION('',(-1.,0.,0.));
#1698 = ORIENTED_EDGE('',*,*,#1699,.F.);
#1699 = EDGE_CURVE('',#1700,#1692,#1702,.T.);
#1700 = VERTEX_POINT('',#1701);
#1701 = CARTESIAN_POINT('',(-42.95,-40.,4.05));
#1702 = LINE('',#1703,#1704);
#1703 = CARTESIAN_POINT('',(-42.95,-40.,4.05));
#1704 = VECTOR('',#1705,1.);
#1705 = DIRECTION('',(0.,0.,-1.));
#1706 = ORIENTED_EDGE('',*,*,#1707,.F.);
#1707 = EDGE_CURVE('',#1684,#1700,#1708,.T.);
#1708 = LINE('',#1709,#1710);
#1709 = CARTESIAN_POINT('',(-51.05,-40.,4.05));
#1710 = VECTOR('',#1711,1.);
#1711 = DIRECTION('',(1.,0.,0.));
#1712 = PLANE('',#1713);
#1713 = AXIS2_PLACEMENT_3D('',#1714,#1715,#1716);
#1714 = CARTESIAN_POINT('',(-63.,-40.,0.));
#1715 = DIRECTION('',(0.,1.,0.));
#1716 = DIRECTION('',(0.,0.,1.));
#1717 = ADVANCED_FACE('',(#1718),#1736,.T.);
#1718 = FACE_BOUND('',#1719,.T.);
#1719 = EDGE_LOOP('',(#1720,#1728,#1729,#1730));
#1720 = ORIENTED_EDGE('',*,*,#1721,.F.);
#1721 = EDGE_CURVE('',#334,#1722,#1724,.T.);
#1722 = VERTEX_POINT('',#1723);
#1723 = CARTESIAN_POINT('',(-90.,-40.,-25.5));
#1724 = LINE('',#1725,#1726);
#1725 = CARTESIAN_POINT('',(-90.,-40.,26.5));
#1726 = VECTOR('',#1727,1.);
#1727 = DIRECTION('',(0.,-2.2E-16,-1.));
#1728 = ORIENTED_EDGE('',*,*,#333,.T.);
#1729 = ORIENTED_EDGE('',*,*,#1578,.F.);
#1730 = ORIENTED_EDGE('',*,*,#1731,.F.);
#1731 = EDGE_CURVE('',#1722,#1579,#1732,.T.);
#1732 = LINE('',#1733,#1734);
#1733 = CARTESIAN_POINT('',(-90.,-40.,-25.5));
#1734 = VECTOR('',#1735,1.);
#1735 = DIRECTION('',(0.559472855001,0.828848674076,0.));
#1736 = PLANE('',#1737);
#1737 = AXIS2_PLACEMENT_3D('',#1738,#1739,#1740);
#1738 = CARTESIAN_POINT('',(-90.,-40.,-26.5));
#1739 = DIRECTION('',(-0.828848674076,0.559472855001,0.));
#1740 = DIRECTION('',(0.559472855001,0.828848674076,0.));
#1741 = ADVANCED_FACE('',(#1742),#1753,.T.);
#1742 = FACE_BOUND('',#1743,.T.);
#1743 = EDGE_LOOP('',(#1744,#1745,#1746,#1747));
#1744 = ORIENTED_EDGE('',*,*,#510,.F.);
#1745 = ORIENTED_EDGE('',*,*,#1660,.T.);
#1746 = ORIENTED_EDGE('',*,*,#349,.T.);
#1747 = ORIENTED_EDGE('',*,*,#1748,.F.);
#1748 = EDGE_CURVE('',#511,#342,#1749,.T.);
#1749 = LINE('',#1750,#1751);
#1750 = CARTESIAN_POINT('',(-90.,-41.,26.5));
#1751 = VECTOR('',#1752,1.);
#1752 = DIRECTION('',(0.,-2.2E-16,-1.));
#1753 = PLANE('',#1754);
#1754 = AXIS2_PLACEMENT_3D('',#1755,#1756,#1757);
#1755 = CARTESIAN_POINT('',(-89.5,-40.5,26.5));
#1756 = DIRECTION('',(-0.707106781187,0.707106781187,0.));
#1757 = DIRECTION('',(-1.1E-16,-1.1E-16,-1.));
#1758 = ADVANCED_FACE('',(#1759),#1802,.T.);
#1759 = FACE_BOUND('',#1760,.T.);
#1760 = EDGE_LOOP('',(#1761,#1769,#1770,#1778,#1786,#1792,#1793,#1794,
    #1795,#1796));
#1761 = ORIENTED_EDGE('',*,*,#1762,.T.);
#1762 = EDGE_CURVE('',#1763,#430,#1765,.T.);
#1763 = VERTEX_POINT('',#1764);
#1764 = CARTESIAN_POINT('',(-90.,-74.,-25.5));
#1765 = LINE('',#1766,#1767);
#1766 = CARTESIAN_POINT('',(-90.,-74.,-26.5));
#1767 = VECTOR('',#1768,1.);
#1768 = DIRECTION('',(0.,0.,1.));
#1769 = ORIENTED_EDGE('',*,*,#550,.T.);
#1770 = ORIENTED_EDGE('',*,*,#1771,.F.);
#1771 = EDGE_CURVE('',#1772,#543,#1774,.T.);
#1772 = VERTEX_POINT('',#1773);
#1773 = CARTESIAN_POINT('',(-90.,-67.05,-21.5));
#1774 = LINE('',#1775,#1776);
#1775 = CARTESIAN_POINT('',(-90.,-67.05,-26.5));
#1776 = VECTOR('',#1777,1.);
#1777 = DIRECTION('',(0.,0.,1.));
#1778 = ORIENTED_EDGE('',*,*,#1779,.T.);
#1779 = EDGE_CURVE('',#1772,#1780,#1782,.T.);
#1780 = VERTEX_POINT('',#1781);
#1781 = CARTESIAN_POINT('',(-90.,-46.95,-21.5));
#1782 = LINE('',#1783,#1784);
#1783 = CARTESIAN_POINT('',(-90.,-74.,-21.5));
#1784 = VECTOR('',#1785,1.);
#1785 = DIRECTION('',(0.,1.,0.));
#1786 = ORIENTED_EDGE('',*,*,#1787,.T.);
#1787 = EDGE_CURVE('',#1780,#519,#1788,.T.);
#1788 = LINE('',#1789,#1790);
#1789 = CARTESIAN_POINT('',(-90.,-46.95,-26.5));
#1790 = VECTOR('',#1791,1.);
#1791 = DIRECTION('',(0.,0.,1.));
#1792 = ORIENTED_EDGE('',*,*,#518,.T.);
#1793 = ORIENTED_EDGE('',*,*,#1748,.T.);
#1794 = ORIENTED_EDGE('',*,*,#341,.F.);
#1795 = ORIENTED_EDGE('',*,*,#1721,.T.);
#1796 = ORIENTED_EDGE('',*,*,#1797,.T.);
#1797 = EDGE_CURVE('',#1722,#1763,#1798,.T.);
#1798 = LINE('',#1799,#1800);
#1799 = CARTESIAN_POINT('',(-90.,-40.,-25.5));
#1800 = VECTOR('',#1801,1.);
#1801 = DIRECTION('',(0.,-1.,2.2E-16));
#1802 = PLANE('',#1803);
#1803 = AXIS2_PLACEMENT_3D('',#1804,#1805,#1806);
#1804 = CARTESIAN_POINT('',(-90.,-57.,-2.684444444444));
#1805 = DIRECTION('',(-1.,-0.,-0.));
#1806 = DIRECTION('',(0.,0.,-1.));
#1807 = ADVANCED_FACE('',(#1808,#1874,#1885),#1896,.T.);
#1808 = FACE_BOUND('',#1809,.T.);
#1809 = EDGE_LOOP('',(#1810,#1820,#1828,#1836,#1842,#1843,#1844,#1852,
    #1860,#1868));
#1810 = ORIENTED_EDGE('',*,*,#1811,.T.);
#1811 = EDGE_CURVE('',#1812,#1814,#1816,.T.);
#1812 = VERTEX_POINT('',#1813);
#1813 = CARTESIAN_POINT('',(90.,-74.,26.5));
#1814 = VERTEX_POINT('',#1815);
#1815 = CARTESIAN_POINT('',(64.,-74.,26.5));
#1816 = LINE('',#1817,#1818);
#1817 = CARTESIAN_POINT('',(90.,-74.,26.5));
#1818 = VECTOR('',#1819,1.);
#1819 = DIRECTION('',(-1.,0.,0.));
#1820 = ORIENTED_EDGE('',*,*,#1821,.F.);
#1821 = EDGE_CURVE('',#1822,#1814,#1824,.T.);
#1822 = VERTEX_POINT('',#1823);
#1823 = CARTESIAN_POINT('',(64.,-74.,-22.5));
#1824 = LINE('',#1825,#1826);
#1825 = CARTESIAN_POINT('',(64.,-74.,-21.5));
#1826 = VECTOR('',#1827,1.);
#1827 = DIRECTION('',(0.,0.,1.));
#1828 = ORIENTED_EDGE('',*,*,#1829,.T.);
#1829 = EDGE_CURVE('',#1822,#1830,#1832,.T.);
#1830 = VERTEX_POINT('',#1831);
#1831 = CARTESIAN_POINT('',(-64.,-74.,-22.5));
#1832 = LINE('',#1833,#1834);
#1833 = CARTESIAN_POINT('',(63.,-74.,-22.5));
#1834 = VECTOR('',#1835,1.);
#1835 = DIRECTION('',(-1.,0.,0.));
#1836 = ORIENTED_EDGE('',*,*,#1837,.T.);
#1837 = EDGE_CURVE('',#1830,#428,#1838,.T.);
#1838 = LINE('',#1839,#1840);
#1839 = CARTESIAN_POINT('',(-64.,-74.,-21.5));
#1840 = VECTOR('',#1841,1.);
#1841 = DIRECTION('',(0.,0.,1.));
#1842 = ORIENTED_EDGE('',*,*,#427,.T.);
#1843 = ORIENTED_EDGE('',*,*,#1762,.F.);
#1844 = ORIENTED_EDGE('',*,*,#1845,.F.);
#1845 = EDGE_CURVE('',#1846,#1763,#1848,.T.);
#1846 = VERTEX_POINT('',#1847);
#1847 = CARTESIAN_POINT('',(-89.,-74.,-26.5));
#1848 = LINE('',#1849,#1850);
#1849 = CARTESIAN_POINT('',(-71.04137010676,-74.,-44.45862989323));
#1850 = VECTOR('',#1851,1.);
#1851 = DIRECTION('',(-0.707106781187,0.,0.707106781187));
#1852 = ORIENTED_EDGE('',*,*,#1853,.F.);
#1853 = EDGE_CURVE('',#1854,#1846,#1856,.T.);
#1854 = VERTEX_POINT('',#1855);
#1855 = CARTESIAN_POINT('',(89.,-74.,-26.5));
#1856 = LINE('',#1857,#1858);
#1857 = CARTESIAN_POINT('',(90.,-74.,-26.5));
#1858 = VECTOR('',#1859,1.);
#1859 = DIRECTION('',(-1.,0.,0.));
#1860 = ORIENTED_EDGE('',*,*,#1861,.T.);
#1861 = EDGE_CURVE('',#1854,#1862,#1864,.T.);
#1862 = VERTEX_POINT('',#1863);
#1863 = CARTESIAN_POINT('',(90.,-74.,-25.5));
#1864 = LINE('',#1865,#1866);
#1865 = CARTESIAN_POINT('',(71.041370106762,-74.,-44.45862989323));
#1866 = VECTOR('',#1867,1.);
#1867 = DIRECTION('',(0.707106781187,0.,0.707106781187));
#1868 = ORIENTED_EDGE('',*,*,#1869,.T.);
#1869 = EDGE_CURVE('',#1862,#1812,#1870,.T.);
#1870 = LINE('',#1871,#1872);
#1871 = CARTESIAN_POINT('',(90.,-74.,-26.5));
#1872 = VECTOR('',#1873,1.);
#1873 = DIRECTION('',(0.,0.,1.));
#1874 = FACE_BOUND('',#1875,.T.);
#1875 = EDGE_LOOP('',(#1876));
#1876 = ORIENTED_EDGE('',*,*,#1877,.F.);
#1877 = EDGE_CURVE('',#1878,#1878,#1880,.T.);
#1878 = VERTEX_POINT('',#1879);
#1879 = CARTESIAN_POINT('',(-71.4,-74.,7.5));
#1880 = CIRCLE('',#1881,5.1);
#1881 = AXIS2_PLACEMENT_3D('',#1882,#1883,#1884);
#1882 = CARTESIAN_POINT('',(-76.5,-74.,7.5));
#1883 = DIRECTION('',(0.,-1.,0.));
#1884 = DIRECTION('',(1.,0.,0.));
#1885 = FACE_BOUND('',#1886,.T.);
#1886 = EDGE_LOOP('',(#1887));
#1887 = ORIENTED_EDGE('',*,*,#1888,.F.);
#1888 = EDGE_CURVE('',#1889,#1889,#1891,.T.);
#1889 = VERTEX_POINT('',#1890);
#1890 = CARTESIAN_POINT('',(81.6,-74.,7.5));
#1891 = CIRCLE('',#1892,5.1);
#1892 = AXIS2_PLACEMENT_3D('',#1893,#1894,#1895);
#1893 = CARTESIAN_POINT('',(76.5,-74.,7.5));
#1894 = DIRECTION('',(0.,-1.,0.));
#1895 = DIRECTION('',(1.,0.,0.));
#1896 = PLANE('',#1897);
#1897 = AXIS2_PLACEMENT_3D('',#1898,#1899,#1900);
#1898 = CARTESIAN_POINT('',(0.,-74.,-10.33451957295));
#1899 = DIRECTION('',(-0.,-1.,-0.));
#1900 = DIRECTION('',(0.,0.,-1.));
#1901 = ADVANCED_FACE('',(#1902),#1920,.T.);
#1902 = FACE_BOUND('',#1903,.F.);
#1903 = EDGE_LOOP('',(#1904,#1912,#1913,#1914));
#1904 = ORIENTED_EDGE('',*,*,#1905,.F.);
#1905 = EDGE_CURVE('',#1830,#1906,#1908,.T.);
#1906 = VERTEX_POINT('',#1907);
#1907 = CARTESIAN_POINT('',(-63.,-73.,-21.5));
#1908 = LINE('',#1909,#1910);
#1909 = CARTESIAN_POINT('',(-42.33333333333,-52.33333333333,
    -0.833333333333));
#1910 = VECTOR('',#1911,1.);
#1911 = DIRECTION('',(0.57735026919,0.57735026919,0.57735026919));
#1912 = ORIENTED_EDGE('',*,*,#1837,.T.);
#1913 = ORIENTED_EDGE('',*,*,#437,.T.);
#1914 = ORIENTED_EDGE('',*,*,#1915,.F.);
#1915 = EDGE_CURVE('',#1906,#438,#1916,.T.);
#1916 = LINE('',#1917,#1918);
#1917 = CARTESIAN_POINT('',(-63.,-73.,-21.5));
#1918 = VECTOR('',#1919,1.);
#1919 = DIRECTION('',(0.,0.,1.));
#1920 = PLANE('',#1921);
#1921 = AXIS2_PLACEMENT_3D('',#1922,#1923,#1924);
#1922 = CARTESIAN_POINT('',(-63.5,-73.5,-21.5));
#1923 = DIRECTION('',(0.707106781187,-0.707106781187,0.));
#1924 = DIRECTION('',(-0.,-0.,-1.));
#1925 = ADVANCED_FACE('',(#1926),#1944,.T.);
#1926 = FACE_BOUND('',#1927,.T.);
#1927 = EDGE_LOOP('',(#1928,#1936,#1942,#1943));
#1928 = ORIENTED_EDGE('',*,*,#1929,.F.);
#1929 = EDGE_CURVE('',#1930,#1906,#1932,.T.);
#1930 = VERTEX_POINT('',#1931);
#1931 = CARTESIAN_POINT('',(-63.,-53.,-21.5));
#1932 = LINE('',#1933,#1934);
#1933 = CARTESIAN_POINT('',(-63.,-48.5,-21.5));
#1934 = VECTOR('',#1935,1.);
#1935 = DIRECTION('',(0.,-1.,0.));
#1936 = ORIENTED_EDGE('',*,*,#1937,.F.);
#1937 = EDGE_CURVE('',#446,#1930,#1938,.T.);
#1938 = LINE('',#1939,#1940);
#1939 = CARTESIAN_POINT('',(-63.,-53.,26.5));
#1940 = VECTOR('',#1941,1.);
#1941 = DIRECTION('',(0.,-2.7E-16,-1.));
#1942 = ORIENTED_EDGE('',*,*,#445,.T.);
#1943 = ORIENTED_EDGE('',*,*,#1915,.F.);
#1944 = PLANE('',#1945);
#1945 = AXIS2_PLACEMENT_3D('',#1946,#1947,#1948);
#1946 = CARTESIAN_POINT('',(-63.,-40.,-26.5));
#1947 = DIRECTION('',(1.,0.,0.));
#1948 = DIRECTION('',(0.,-1.,0.));
#1949 = ADVANCED_FACE('',(#1950),#1968,.F.);
#1950 = FACE_BOUND('',#1951,.F.);
#1951 = EDGE_LOOP('',(#1952,#1960,#1966,#1967));
#1952 = ORIENTED_EDGE('',*,*,#1953,.F.);
#1953 = EDGE_CURVE('',#1954,#1772,#1956,.T.);
#1954 = VERTEX_POINT('',#1955);
#1955 = CARTESIAN_POINT('',(-69.9,-67.05,-21.5));
#1956 = LINE('',#1957,#1958);
#1957 = CARTESIAN_POINT('',(-34.95,-67.05,-21.5));
#1958 = VECTOR('',#1959,1.);
#1959 = DIRECTION('',(-1.,0.,0.));
#1960 = ORIENTED_EDGE('',*,*,#1961,.T.);
#1961 = EDGE_CURVE('',#1954,#535,#1962,.T.);
#1962 = LINE('',#1963,#1964);
#1963 = CARTESIAN_POINT('',(-69.9,-67.05,-26.5));
#1964 = VECTOR('',#1965,1.);
#1965 = DIRECTION('',(0.,0.,1.));
#1966 = ORIENTED_EDGE('',*,*,#542,.F.);
#1967 = ORIENTED_EDGE('',*,*,#1771,.F.);
#1968 = PLANE('',#1969);
#1969 = AXIS2_PLACEMENT_3D('',#1970,#1971,#1972);
#1970 = CARTESIAN_POINT('',(-69.9,-67.05,-26.5));
#1971 = DIRECTION('',(0.,-1.,0.));
#1972 = DIRECTION('',(-1.,0.,0.));
#1973 = ADVANCED_FACE('',(#1974),#1992,.T.);
#1974 = FACE_BOUND('',#1975,.T.);
#1975 = EDGE_LOOP('',(#1976,#1977,#1978,#1986));
#1976 = ORIENTED_EDGE('',*,*,#453,.F.);
#1977 = ORIENTED_EDGE('',*,*,#1937,.T.);
#1978 = ORIENTED_EDGE('',*,*,#1979,.T.);
#1979 = EDGE_CURVE('',#1930,#1980,#1982,.T.);
#1980 = VERTEX_POINT('',#1981);
#1981 = CARTESIAN_POINT('',(-62.,-52.,-21.5));
#1982 = LINE('',#1983,#1984);
#1983 = CARTESIAN_POINT('',(-41.7375,-31.7375,-21.5));
#1984 = VECTOR('',#1985,1.);
#1985 = DIRECTION('',(0.707106781187,0.707106781187,0.));
#1986 = ORIENTED_EDGE('',*,*,#1987,.F.);
#1987 = EDGE_CURVE('',#454,#1980,#1988,.T.);
#1988 = LINE('',#1989,#1990);
#1989 = CARTESIAN_POINT('',(-62.,-52.,26.5));
#1990 = VECTOR('',#1991,1.);
#1991 = DIRECTION('',(0.,-2.7E-16,-1.));
#1992 = PLANE('',#1993);
#1993 = AXIS2_PLACEMENT_3D('',#1994,#1995,#1996);
#1994 = CARTESIAN_POINT('',(-62.5,-52.5,26.5));
#1995 = DIRECTION('',(0.707106781187,-0.707106781187,0.));
#1996 = DIRECTION('',(-1.3E-16,-1.3E-16,-1.));
#1997 = ADVANCED_FACE('',(#1998),#2016,.F.);
#1998 = FACE_BOUND('',#1999,.F.);
#1999 = EDGE_LOOP('',(#2000,#2008,#2014,#2015));
#2000 = ORIENTED_EDGE('',*,*,#2001,.F.);
#2001 = EDGE_CURVE('',#2002,#1954,#2004,.T.);
#2002 = VERTEX_POINT('',#2003);
#2003 = CARTESIAN_POINT('',(-69.9,-46.95,-21.5));
#2004 = LINE('',#2005,#2006);
#2005 = CARTESIAN_POINT('',(-69.9,-51.975,-21.5));
#2006 = VECTOR('',#2007,1.);
#2007 = DIRECTION('',(0.,-1.,0.));
#2008 = ORIENTED_EDGE('',*,*,#2009,.T.);
#2009 = EDGE_CURVE('',#2002,#527,#2010,.T.);
#2010 = LINE('',#2011,#2012);
#2011 = CARTESIAN_POINT('',(-69.9,-46.95,-26.5));
#2012 = VECTOR('',#2013,1.);
#2013 = DIRECTION('',(0.,0.,1.));
#2014 = ORIENTED_EDGE('',*,*,#534,.F.);
#2015 = ORIENTED_EDGE('',*,*,#1961,.F.);
#2016 = PLANE('',#2017);
#2017 = AXIS2_PLACEMENT_3D('',#2018,#2019,#2020);
#2018 = CARTESIAN_POINT('',(-69.9,-46.95,-26.5));
#2019 = DIRECTION('',(1.,0.,0.));
#2020 = DIRECTION('',(0.,-1.,0.));
#2021 = ADVANCED_FACE('',(#2022,#2040),#2051,.F.);
#2022 = FACE_BOUND('',#2023,.F.);
#2023 = EDGE_LOOP('',(#2024,#2025,#2033,#2039));
#2024 = ORIENTED_EDGE('',*,*,#461,.F.);
#2025 = ORIENTED_EDGE('',*,*,#2026,.T.);
#2026 = EDGE_CURVE('',#462,#2027,#2029,.T.);
#2027 = VERTEX_POINT('',#2028);
#2028 = CARTESIAN_POINT('',(-25.,-52.,-21.5));
#2029 = LINE('',#2030,#2031);
#2030 = CARTESIAN_POINT('',(-25.,-52.,26.5));
#2031 = VECTOR('',#2032,1.);
#2032 = DIRECTION('',(0.,0.,-1.));
#2033 = ORIENTED_EDGE('',*,*,#2034,.F.);
#2034 = EDGE_CURVE('',#1980,#2027,#2035,.T.);
#2035 = LINE('',#2036,#2037);
#2036 = CARTESIAN_POINT('',(7.3E-16,-52.,-21.5));
#2037 = VECTOR('',#2038,1.);
#2038 = DIRECTION('',(1.,0.,0.));
#2039 = ORIENTED_EDGE('',*,*,#1987,.F.);
#2040 = FACE_BOUND('',#2041,.F.);
#2041 = EDGE_LOOP('',(#2042));
#2042 = ORIENTED_EDGE('',*,*,#2043,.T.);
#2043 = EDGE_CURVE('',#2044,#2044,#2046,.T.);
#2044 = VERTEX_POINT('',#2045);
#2045 = CARTESIAN_POINT('',(-44.5,-52.,6.E-15));
#2046 = CIRCLE('',#2047,2.5);
#2047 = AXIS2_PLACEMENT_3D('',#2048,#2049,#2050);
#2048 = CARTESIAN_POINT('',(-47.,-52.,6.2E-15));
#2049 = DIRECTION('',(0.,-1.,0.));
#2050 = DIRECTION('',(1.,0.,0.));
#2051 = PLANE('',#2052);
#2052 = AXIS2_PLACEMENT_3D('',#2053,#2054,#2055);
#2053 = CARTESIAN_POINT('',(4.E-16,-52.,-3.672597864769));
#2054 = DIRECTION('',(0.,1.,-2.7E-16));
#2055 = DIRECTION('',(0.,2.7E-16,1.));
#2056 = ADVANCED_FACE('',(#2057,#2068),#2079,.F.);
#2057 = FACE_BOUND('',#2058,.F.);
#2058 = EDGE_LOOP('',(#2059,#2065,#2066,#2067));
#2059 = ORIENTED_EDGE('',*,*,#2060,.F.);
#2060 = EDGE_CURVE('',#1780,#2002,#2061,.T.);
#2061 = LINE('',#2062,#2063);
#2062 = CARTESIAN_POINT('',(-45.,-46.95,-21.5));
#2063 = VECTOR('',#2064,1.);
#2064 = DIRECTION('',(1.,0.,0.));
#2065 = ORIENTED_EDGE('',*,*,#1787,.T.);
#2066 = ORIENTED_EDGE('',*,*,#526,.F.);
#2067 = ORIENTED_EDGE('',*,*,#2009,.F.);
#2068 = FACE_BOUND('',#2069,.F.);
#2069 = EDGE_LOOP('',(#2070));
#2070 = ORIENTED_EDGE('',*,*,#2071,.F.);
#2071 = EDGE_CURVE('',#2072,#2072,#2074,.T.);
#2072 = VERTEX_POINT('',#2073);
#2073 = CARTESIAN_POINT('',(-82.45,-46.95,7.5));
#2074 = CIRCLE('',#2075,2.5);
#2075 = AXIS2_PLACEMENT_3D('',#2076,#2077,#2078);
#2076 = CARTESIAN_POINT('',(-79.95,-46.95,7.5));
#2077 = DIRECTION('',(0.,1.,-2.2E-16));
#2078 = DIRECTION('',(-1.,0.,0.));
#2079 = PLANE('',#2080);
#2080 = AXIS2_PLACEMENT_3D('',#2081,#2082,#2083);
#2081 = CARTESIAN_POINT('',(-90.,-46.95,-26.5));
#2082 = DIRECTION('',(0.,1.,0.));
#2083 = DIRECTION('',(1.,0.,0.));
#2084 = ADVANCED_FACE('',(#2085),#2103,.F.);
#2085 = FACE_BOUND('',#2086,.F.);
#2086 = EDGE_LOOP('',(#2087,#2088,#2096,#2102));
#2087 = ORIENTED_EDGE('',*,*,#469,.F.);
#2088 = ORIENTED_EDGE('',*,*,#2089,.T.);
#2089 = EDGE_CURVE('',#470,#2090,#2092,.T.);
#2090 = VERTEX_POINT('',#2091);
#2091 = CARTESIAN_POINT('',(-24.,-51.,-21.5));
#2092 = LINE('',#2093,#2094);
#2093 = CARTESIAN_POINT('',(-24.,-51.,26.5));
#2094 = VECTOR('',#2095,1.);
#2095 = DIRECTION('',(0.,0.,-1.));
#2096 = ORIENTED_EDGE('',*,*,#2097,.T.);
#2097 = EDGE_CURVE('',#2090,#2027,#2098,.T.);
#2098 = LINE('',#2099,#2100);
#2099 = CARTESIAN_POINT('',(-13.4875,-40.4875,-21.5));
#2100 = VECTOR('',#2101,1.);
#2101 = DIRECTION('',(-0.707106781187,-0.707106781187,0.));
#2102 = ORIENTED_EDGE('',*,*,#2026,.F.);
#2103 = PLANE('',#2104);
#2104 = AXIS2_PLACEMENT_3D('',#2105,#2106,#2107);
#2105 = CARTESIAN_POINT('',(-24.5,-51.5,26.5));
#2106 = DIRECTION('',(-0.707106781187,0.707106781187,0.));
#2107 = DIRECTION('',(0.,0.,-1.));
#2108 = ADVANCED_FACE('',(#2109,#2127,#2130,#2133),#2167,.T.);
#2109 = FACE_BOUND('',#2110,.T.);
#2110 = EDGE_LOOP('',(#2111,#2112,#2113,#2121));
#2111 = ORIENTED_EDGE('',*,*,#477,.T.);
#2112 = ORIENTED_EDGE('',*,*,#2089,.T.);
#2113 = ORIENTED_EDGE('',*,*,#2114,.F.);
#2114 = EDGE_CURVE('',#2115,#2090,#2117,.T.);
#2115 = VERTEX_POINT('',#2116);
#2116 = CARTESIAN_POINT('',(-24.,39.,-21.5));
#2117 = LINE('',#2118,#2119);
#2118 = CARTESIAN_POINT('',(-24.,-40.,-21.5));
#2119 = VECTOR('',#2120,1.);
#2120 = DIRECTION('',(0.,-1.,2.2E-16));
#2121 = ORIENTED_EDGE('',*,*,#2122,.F.);
#2122 = EDGE_CURVE('',#478,#2115,#2123,.T.);
#2123 = LINE('',#2124,#2125);
#2124 = CARTESIAN_POINT('',(-24.,39.,26.5));
#2125 = VECTOR('',#2126,1.);
#2126 = DIRECTION('',(-0.,-0.,-1.));
#2127 = FACE_BOUND('',#2128,.T.);
#2128 = EDGE_LOOP('',(#2129));
#2129 = ORIENTED_EDGE('',*,*,#1503,.T.);
#2130 = FACE_BOUND('',#2131,.T.);
#2131 = EDGE_LOOP('',(#2132));
#2132 = ORIENTED_EDGE('',*,*,#1562,.T.);
#2133 = FACE_BOUND('',#2134,.T.);
#2134 = EDGE_LOOP('',(#2135,#2145,#2153,#2161));
#2135 = ORIENTED_EDGE('',*,*,#2136,.F.);
#2136 = EDGE_CURVE('',#2137,#2139,#2141,.T.);
#2137 = VERTEX_POINT('',#2138);
#2138 = CARTESIAN_POINT('',(-24.,-6.25,-5.25));
#2139 = VERTEX_POINT('',#2140);
#2140 = CARTESIAN_POINT('',(-24.,-6.25,0.25));
#2141 = LINE('',#2142,#2143);
#2142 = CARTESIAN_POINT('',(-24.,-6.25,-5.25));
#2143 = VECTOR('',#2144,1.);
#2144 = DIRECTION('',(0.,0.,1.));
#2145 = ORIENTED_EDGE('',*,*,#2146,.F.);
#2146 = EDGE_CURVE('',#2147,#2137,#2149,.T.);
#2147 = VERTEX_POINT('',#2148);
#2148 = CARTESIAN_POINT('',(-24.,-11.75,-5.25));
#2149 = LINE('',#2150,#2151);
#2150 = CARTESIAN_POINT('',(-24.,-11.75,-5.25));
#2151 = VECTOR('',#2152,1.);
#2152 = DIRECTION('',(0.,1.,0.));
#2153 = ORIENTED_EDGE('',*,*,#2154,.F.);
#2154 = EDGE_CURVE('',#2155,#2147,#2157,.T.);
#2155 = VERTEX_POINT('',#2156);
#2156 = CARTESIAN_POINT('',(-24.,-11.75,0.25));
#2157 = LINE('',#2158,#2159);
#2158 = CARTESIAN_POINT('',(-24.,-11.75,0.25));
#2159 = VECTOR('',#2160,1.);
#2160 = DIRECTION('',(0.,0.,-1.));
#2161 = ORIENTED_EDGE('',*,*,#2162,.F.);
#2162 = EDGE_CURVE('',#2139,#2155,#2163,.T.);
#2163 = LINE('',#2164,#2165);
#2164 = CARTESIAN_POINT('',(-24.,-6.25,0.25));
#2165 = VECTOR('',#2166,1.);
#2166 = DIRECTION('',(0.,-1.,0.));
#2167 = PLANE('',#2168);
#2168 = AXIS2_PLACEMENT_3D('',#2169,#2170,#2171);
#2169 = CARTESIAN_POINT('',(-24.,-6.,2.5));
#2170 = DIRECTION('',(1.,0.,0.));
#2171 = DIRECTION('',(0.,0.,1.));
#2172 = ADVANCED_FACE('',(#2173),#2184,.F.);
#2173 = FACE_BOUND('',#2174,.F.);
#2174 = EDGE_LOOP('',(#2175,#2176,#2177,#2183));
#2175 = ORIENTED_EDGE('',*,*,#485,.F.);
#2176 = ORIENTED_EDGE('',*,*,#1642,.T.);
#2177 = ORIENTED_EDGE('',*,*,#2178,.T.);
#2178 = EDGE_CURVE('',#1635,#2115,#2179,.T.);
#2179 = LINE('',#2180,#2181);
#2180 = CARTESIAN_POINT('',(-8.333333333333,23.333333333333,
    -5.833333333333));
#2181 = VECTOR('',#2182,1.);
#2182 = DIRECTION('',(0.57735026919,-0.57735026919,0.57735026919));
#2183 = ORIENTED_EDGE('',*,*,#2122,.F.);
#2184 = PLANE('',#2185);
#2185 = AXIS2_PLACEMENT_3D('',#2186,#2187,#2188);
#2186 = CARTESIAN_POINT('',(-24.5,39.5,26.5));
#2187 = DIRECTION('',(-0.707106781187,-0.707106781187,0.));
#2188 = DIRECTION('',(0.,0.,-1.));
#2189 = ADVANCED_FACE('',(#2190),#2209,.F.);
#2190 = FACE_BOUND('',#2191,.F.);
#2191 = EDGE_LOOP('',(#2192,#2193,#2201,#2208));
#2192 = ORIENTED_EDGE('',*,*,#558,.F.);
#2193 = ORIENTED_EDGE('',*,*,#2194,.T.);
#2194 = EDGE_CURVE('',#559,#2195,#2197,.T.);
#2195 = VERTEX_POINT('',#2196);
#2196 = CARTESIAN_POINT('',(-29.,-32.5,20.4));
#2197 = LINE('',#2198,#2199);
#2198 = CARTESIAN_POINT('',(-29.,-32.5,26.5));
#2199 = VECTOR('',#2200,1.);
#2200 = DIRECTION('',(-0.,-0.,-1.));
#2201 = ORIENTED_EDGE('',*,*,#2202,.T.);
#2202 = EDGE_CURVE('',#2195,#2195,#2203,.T.);
#2203 = CIRCLE('',#2204,1.);
#2204 = AXIS2_PLACEMENT_3D('',#2205,#2206,#2207);
#2205 = CARTESIAN_POINT('',(-30.,-32.5,20.4));
#2206 = DIRECTION('',(0.,0.,1.));
#2207 = DIRECTION('',(1.,0.,0.));
#2208 = ORIENTED_EDGE('',*,*,#2194,.F.);
#2209 = CYLINDRICAL_SURFACE('',#2210,1.);
#2210 = AXIS2_PLACEMENT_3D('',#2211,#2212,#2213);
#2211 = CARTESIAN_POINT('',(-30.,-32.5,26.5));
#2212 = DIRECTION('',(0.,0.,1.));
#2213 = DIRECTION('',(1.,0.,0.));
#2214 = ADVANCED_FACE('',(#2215),#2234,.F.);
#2215 = FACE_BOUND('',#2216,.F.);
#2216 = EDGE_LOOP('',(#2217,#2218,#2226,#2233));
#2217 = ORIENTED_EDGE('',*,*,#569,.F.);
#2218 = ORIENTED_EDGE('',*,*,#2219,.T.);
#2219 = EDGE_CURVE('',#570,#2220,#2222,.T.);
#2220 = VERTEX_POINT('',#2221);
#2221 = CARTESIAN_POINT('',(-29.,14.5,20.4));
#2222 = LINE('',#2223,#2224);
#2223 = CARTESIAN_POINT('',(-29.,14.5,26.5));
#2224 = VECTOR('',#2225,1.);
#2225 = DIRECTION('',(-0.,-0.,-1.));
#2226 = ORIENTED_EDGE('',*,*,#2227,.T.);
#2227 = EDGE_CURVE('',#2220,#2220,#2228,.T.);
#2228 = CIRCLE('',#2229,1.);
#2229 = AXIS2_PLACEMENT_3D('',#2230,#2231,#2232);
#2230 = CARTESIAN_POINT('',(-30.,14.5,20.4));
#2231 = DIRECTION('',(0.,0.,1.));
#2232 = DIRECTION('',(1.,0.,0.));
#2233 = ORIENTED_EDGE('',*,*,#2219,.F.);
#2234 = CYLINDRICAL_SURFACE('',#2235,1.);
#2235 = AXIS2_PLACEMENT_3D('',#2236,#2237,#2238);
#2236 = CARTESIAN_POINT('',(-30.,14.5,26.5));
#2237 = DIRECTION('',(0.,0.,1.));
#2238 = DIRECTION('',(1.,0.,0.));
#2239 = ADVANCED_FACE('',(#2240),#2267,.T.);
#2240 = FACE_BOUND('',#2241,.T.);
#2241 = EDGE_LOOP('',(#2242,#2243,#2251,#2260,#2266));
#2242 = ORIENTED_EDGE('',*,*,#586,.F.);
#2243 = ORIENTED_EDGE('',*,*,#2244,.T.);
#2244 = EDGE_CURVE('',#587,#2245,#2247,.T.);
#2245 = VERTEX_POINT('',#2246);
#2246 = CARTESIAN_POINT('',(-27.4,12.563508326896,18.6));
#2247 = LINE('',#2248,#2249);
#2248 = CARTESIAN_POINT('',(-36.,12.563508326896,18.6));
#2249 = VECTOR('',#2250,1.);
#2250 = DIRECTION('',(1.,0.,0.));
#2251 = ORIENTED_EDGE('',*,*,#2252,.T.);
#2252 = EDGE_CURVE('',#2245,#2253,#2255,.T.);
#2253 = VERTEX_POINT('',#2254);
#2254 = CARTESIAN_POINT('',(-27.4,13.047631245172,18.225));
#2255 = CIRCLE('',#2256,0.5);
#2256 = AXIS2_PLACEMENT_3D('',#2257,#2258,#2259);
#2257 = CARTESIAN_POINT('',(-27.4,12.563508326896,18.1));
#2258 = DIRECTION('',(-1.,0.,0.));
#2259 = DIRECTION('',(0.,-1.,0.));
#2260 = ORIENTED_EDGE('',*,*,#2261,.F.);
#2261 = EDGE_CURVE('',#680,#2253,#2262,.T.);
#2262 = LINE('',#2263,#2264);
#2263 = CARTESIAN_POINT('',(-36.,13.047631245172,18.225));
#2264 = VECTOR('',#2265,1.);
#2265 = DIRECTION('',(1.,0.,0.));
#2266 = ORIENTED_EDGE('',*,*,#686,.T.);
#2267 = CYLINDRICAL_SURFACE('',#2268,0.5);
#2268 = AXIS2_PLACEMENT_3D('',#2269,#2270,#2271);
#2269 = CARTESIAN_POINT('',(-36.,12.563508326896,18.1));
#2270 = DIRECTION('',(-1.,0.,0.));
#2271 = DIRECTION('',(0.,-1.,0.));
#2272 = ADVANCED_FACE('',(#2273),#2291,.F.);
#2273 = FACE_BOUND('',#2274,.F.);
#2274 = EDGE_LOOP('',(#2275,#2276,#2277,#2285));
#2275 = ORIENTED_EDGE('',*,*,#665,.F.);
#2276 = ORIENTED_EDGE('',*,*,#2244,.T.);
#2277 = ORIENTED_EDGE('',*,*,#2278,.T.);
#2278 = EDGE_CURVE('',#2245,#2279,#2281,.T.);
#2279 = VERTEX_POINT('',#2280);
#2280 = CARTESIAN_POINT('',(-27.4,12.45,18.6));
#2281 = LINE('',#2282,#2283);
#2282 = CARTESIAN_POINT('',(-27.4,16.55,18.6));
#2283 = VECTOR('',#2284,1.);
#2284 = DIRECTION('',(0.,-1.,0.));
#2285 = ORIENTED_EDGE('',*,*,#2286,.F.);
#2286 = EDGE_CURVE('',#658,#2279,#2287,.T.);
#2287 = LINE('',#2288,#2289);
#2288 = CARTESIAN_POINT('',(-36.,12.45,18.6));
#2289 = VECTOR('',#2290,1.);
#2290 = DIRECTION('',(1.,0.,0.));
#2291 = PLANE('',#2292);
#2292 = AXIS2_PLACEMENT_3D('',#2293,#2294,#2295);
#2293 = CARTESIAN_POINT('',(-36.,16.55,18.6));
#2294 = DIRECTION('',(0.,0.,-1.));
#2295 = DIRECTION('',(0.,-1.,0.));
#2296 = ADVANCED_FACE('',(#2297),#2315,.F.);
#2297 = FACE_BOUND('',#2298,.F.);
#2298 = EDGE_LOOP('',(#2299,#2300,#2308,#2314));
#2299 = ORIENTED_EDGE('',*,*,#2286,.T.);
#2300 = ORIENTED_EDGE('',*,*,#2301,.T.);
#2301 = EDGE_CURVE('',#2279,#2302,#2304,.T.);
#2302 = VERTEX_POINT('',#2303);
#2303 = CARTESIAN_POINT('',(-27.4,12.45,20.4));
#2304 = LINE('',#2305,#2306);
#2305 = CARTESIAN_POINT('',(-27.4,12.45,18.6));
#2306 = VECTOR('',#2307,1.);
#2307 = DIRECTION('',(0.,0.,1.));
#2308 = ORIENTED_EDGE('',*,*,#2309,.F.);
#2309 = EDGE_CURVE('',#740,#2302,#2310,.T.);
#2310 = LINE('',#2311,#2312);
#2311 = CARTESIAN_POINT('',(-36.,12.45,20.4));
#2312 = VECTOR('',#2313,1.);
#2313 = DIRECTION('',(1.,0.,0.));
#2314 = ORIENTED_EDGE('',*,*,#747,.F.);
#2315 = PLANE('',#2316);
#2316 = AXIS2_PLACEMENT_3D('',#2317,#2318,#2319);
#2317 = CARTESIAN_POINT('',(-36.,12.45,18.6));
#2318 = DIRECTION('',(0.,-1.,0.));
#2319 = DIRECTION('',(0.,0.,1.));
#2320 = ADVANCED_FACE('',(#2321,#2342),#2431,.F.);
#2321 = FACE_BOUND('',#2322,.F.);
#2322 = EDGE_LOOP('',(#2323,#2324,#2325,#2326,#2327,#2335));
#2323 = ORIENTED_EDGE('',*,*,#2261,.F.);
#2324 = ORIENTED_EDGE('',*,*,#769,.F.);
#2325 = ORIENTED_EDGE('',*,*,#829,.F.);
#2326 = ORIENTED_EDGE('',*,*,#875,.F.);
#2327 = ORIENTED_EDGE('',*,*,#2328,.T.);
#2328 = EDGE_CURVE('',#869,#2329,#2331,.T.);
#2329 = VERTEX_POINT('',#2330);
#2330 = CARTESIAN_POINT('',(-27.4,15.952368754828,18.225));
#2331 = LINE('',#2332,#2333);
#2332 = CARTESIAN_POINT('',(-36.,15.952368754828,18.225));
#2333 = VECTOR('',#2334,1.);
#2334 = DIRECTION('',(1.,0.,0.));
#2335 = ORIENTED_EDGE('',*,*,#2336,.T.);
#2336 = EDGE_CURVE('',#2329,#2253,#2337,.T.);
#2337 = CIRCLE('',#2338,1.5);
#2338 = AXIS2_PLACEMENT_3D('',#2339,#2340,#2341);
#2339 = CARTESIAN_POINT('',(-27.4,14.5,18.6));
#2340 = DIRECTION('',(-1.,0.,0.));
#2341 = DIRECTION('',(0.,-1.,0.));
#2342 = FACE_BOUND('',#2343,.F.);
#2343 = EDGE_LOOP('',(#2344));
#2344 = ORIENTED_EDGE('',*,*,#2345,.T.);
#2345 = EDGE_CURVE('',#2346,#2346,#2348,.T.);
#2346 = VERTEX_POINT('',#2347);
#2347 = CARTESIAN_POINT('',(-29.,14.5,17.1));
#2348 = B_SPLINE_CURVE_WITH_KNOTS('',6,(#2349,#2350,#2351,#2352,#2353,
    #2354,#2355,#2356,#2357,#2358,#2359,#2360,#2361,#2362,#2363,#2364,
    #2365,#2366,#2367,#2368,#2369,#2370,#2371,#2372,#2373,#2374,#2375,
    #2376,#2377,#2378,#2379,#2380,#2381,#2382,#2383,#2384,#2385,#2386,
    #2387,#2388,#2389,#2390,#2391,#2392,#2393,#2394,#2395,#2396,#2397,
    #2398,#2399,#2400,#2401,#2402,#2403,#2404,#2405,#2406,#2407,#2408,
    #2409,#2410,#2411,#2412,#2413,#2414,#2415,#2416,#2417,#2418,#2419,
    #2420,#2421,#2422,#2423,#2424,#2425,#2426,#2427,#2428,#2429,#2430),
  .UNSPECIFIED.,.T.,.F.,(7,5,5,5,5,5,5,5,5,5,5,5,5,5,5,5,7),(0.,
    6.539705707398E-02,0.139872600293,0.19874644968,0.249808413877,
    0.282435200755,0.359609841323,0.434311439739,0.499785872248,
    0.565262744115,0.639823675845,0.698771036145,0.749896719469,
    0.800374289407,0.859825553371,0.934529254601,1.),.UNSPECIFIED.);
#2349 = CARTESIAN_POINT('',(-29.,14.5,17.1));
#2350 = CARTESIAN_POINT('',(-29.,14.574870874259,17.1));
#2351 = CARTESIAN_POINT('',(-29.00672675517,14.649474818117,
    17.104484639728));
#2352 = CARTESIAN_POINT('',(-29.02009047319,14.722810320126,
    17.113393149566));
#2353 = CARTESIAN_POINT('',(-29.0397408461,14.79389268922,
    17.126369246447));
#2354 = CARTESIAN_POINT('',(-29.06507059416,14.861808534382,
    17.142761014737));
#2355 = CARTESIAN_POINT('',(-29.12945414029,14.998630534488,
    17.183264318914));
#2356 = CARTESIAN_POINT('',(-29.17002221613,15.06657214705,
    17.208193141888));
#2357 = CARTESIAN_POINT('',(-29.21604441552,15.129335862202,
    17.23551233356));
#2358 = CARTESIAN_POINT('',(-29.26683430903,15.186752498269,
    17.2642417777));
#2359 = CARTESIAN_POINT('',(-29.32182431449,15.238695888743,
    17.293368969819));
#2360 = CARTESIAN_POINT('',(-29.42695228668,15.321651987068,
    17.344318745903));
#2361 = CARTESIAN_POINT('',(-29.47579937986,15.354853555483,
    17.366444830601));
#2362 = CARTESIAN_POINT('',(-29.52685873392,15.384528595216,
    17.387668695435));
#2363 = CARTESIAN_POINT('',(-29.57993214808,15.410567147107,
    17.407423368736));
#2364 = CARTESIAN_POINT('',(-29.63485544452,15.432853778307,
    17.425117702903));
#2365 = CARTESIAN_POINT('',(-29.74063793904,15.467160413859,
    17.453254417835));
#2366 = CARTESIAN_POINT('',(-29.79114128112,15.480173577667,
    17.464366595005));
#2367 = CARTESIAN_POINT('',(-29.84263492769,15.49004408392,
    17.473061086392));
#2368 = CARTESIAN_POINT('',(-29.89479458629,15.496672228748,
    17.478989585276));
#2369 = CARTESIAN_POINT('',(-29.94733919416,15.5,17.48196601125));
#2370 = CARTESIAN_POINT('',(-30.03364839006,15.5,17.48196601125));
#2371 = CARTESIAN_POINT('',(-30.06728101,15.498641325673,17.480750925801
    ));
#2372 = CARTESIAN_POINT('',(-30.1008142572,15.495926445086,
    17.478322240026));
#2373 = CARTESIAN_POINT('',(-30.13415881116,15.491866262954,
    17.474713421983));
#2374 = CARTESIAN_POINT('',(-30.1672202765,15.486483544565,
    17.469987721037));
#2375 = CARTESIAN_POINT('',(-30.27719926988,15.46404588891,
    17.450630899566));
#2376 = CARTESIAN_POINT('',(-30.35199543381,15.441163773358,
    17.43134905409));
#2377 = CARTESIAN_POINT('',(-30.42403001688,15.411595019895,
    17.40750693321));
#2378 = CARTESIAN_POINT('',(-30.4928823235,15.375587113866,
    17.380463209984));
#2379 = CARTESIAN_POINT('',(-30.5580023786,15.333441002857,
    17.351586268357));
#2380 = CARTESIAN_POINT('',(-30.6776546113,15.239186720026,
    17.293644604914));
#2381 = CARTESIAN_POINT('',(-30.73278151551,15.187187090947,
    17.264459238012));
#2382 = CARTESIAN_POINT('',(-30.78369792188,15.129688838247,
    17.235665520101));
#2383 = CARTESIAN_POINT('',(-30.82982937183,15.066822047412,
    17.208284340737));
#2384 = CARTESIAN_POINT('',(-30.87048448617,14.998760959872,
    17.183302928633));
#2385 = CARTESIAN_POINT('',(-30.93492761371,14.861812342836,
    17.142762142151));
#2386 = CARTESIAN_POINT('',(-30.96025823078,14.793896326622,
    17.126369873383));
#2387 = CARTESIAN_POINT('',(-30.97990973766,14.7228114329,
    17.113393019196));
#2388 = CARTESIAN_POINT('',(-30.99327374457,14.649473079408,
    17.104484302062));
#2389 = CARTESIAN_POINT('',(-31.,14.574868084924,17.1));
#2390 = CARTESIAN_POINT('',(-31.,14.425129125741,17.1));
#2391 = CARTESIAN_POINT('',(-30.99327324482,14.350525181883,
    17.104484639728));
#2392 = CARTESIAN_POINT('',(-30.9799095268,14.277189679874,
    17.113393149566));
#2393 = CARTESIAN_POINT('',(-30.96025915389,14.20610731078,
    17.126369246447));
#2394 = CARTESIAN_POINT('',(-30.93492940583,14.138191465618,
    17.142761014737));
#2395 = CARTESIAN_POINT('',(-30.87054839115,14.00137484511,
    17.183262726396));
#2396 = CARTESIAN_POINT('',(-30.82998087746,13.933431739544,
    17.208191249829));
#2397 = CARTESIAN_POINT('',(-30.78395616967,13.870663377382,
    17.235512206723));
#2398 = CARTESIAN_POINT('',(-30.73316199814,13.813242865528,
    17.264244022933));
#2399 = CARTESIAN_POINT('',(-30.67816970536,13.761299392353,
    17.293371868064));
#2400 = CARTESIAN_POINT('',(-30.57304770834,13.67834800901,
    17.344318748312));
#2401 = CARTESIAN_POINT('',(-30.5242006205,13.645146445946,
    17.366444830097));
#2402 = CARTESIAN_POINT('',(-30.47314127666,13.615471411897,
    17.387668690503));
#2403 = CARTESIAN_POINT('',(-30.42006787052,13.589432861628,
    17.40742336192));
#2404 = CARTESIAN_POINT('',(-30.36514457254,13.567146227228,
    17.425117698363));
#2405 = CARTESIAN_POINT('',(-30.25936208241,13.5328395931,
    17.453254412127));
#2406 = CARTESIAN_POINT('',(-30.20885875631,13.519826431534,
    17.464366587029));
#2407 = CARTESIAN_POINT('',(-30.15736510587,13.509955919744,
    17.473061083024));
#2408 = CARTESIAN_POINT('',(-30.10520543504,13.503327773148,
    17.47898958361));
#2409 = CARTESIAN_POINT('',(-30.0526608209,13.5,17.48196601125));
#2410 = CARTESIAN_POINT('',(-29.94800675321,13.5,17.48196601125));
#2411 = CARTESIAN_POINT('',(-29.89612325396,13.503243937899,
    17.479064566053));
#2412 = CARTESIAN_POINT('',(-29.84461042179,13.509706261484,
    17.473284391691));
#2413 = CARTESIAN_POINT('',(-29.79374068853,13.519331405631,
    17.464802684576));
#2414 = CARTESIAN_POINT('',(-29.74382728389,13.532023587121,
    17.453951695602));
#2415 = CARTESIAN_POINT('',(-29.63800783738,13.565884290457,
    17.426121935052));
#2416 = CARTESIAN_POINT('',(-29.58252642944,13.588186531332,
    17.408373771862));
#2417 = CARTESIAN_POINT('',(-29.52891903335,13.614310820337,
    17.388507606931));
#2418 = CARTESIAN_POINT('',(-29.47735482476,13.644138351434,
    17.367130801074));
#2419 = CARTESIAN_POINT('',(-29.42803840805,13.67755516171,
    17.344826511162));
#2420 = CARTESIAN_POINT('',(-29.32233902637,13.760818291801,
    17.293641523955));
#2421 = CARTESIAN_POINT('',(-29.26721465184,13.812817761948,
    17.264456895365));
#2422 = CARTESIAN_POINT('',(-29.21630293927,13.870311730239,
    17.235665787539));
#2423 = CARTESIAN_POINT('',(-29.17017422443,13.933173396558,
    17.208286537546));
#2424 = CARTESIAN_POINT('',(-29.12951841467,14.001232875512,
    17.183304753539));
#2425 = CARTESIAN_POINT('',(-29.06507238628,14.138187657165,
    17.142762142151));
#2426 = CARTESIAN_POINT('',(-29.03974176921,14.206103673378,
    17.126369873383));
#2427 = CARTESIAN_POINT('',(-29.02009026233,14.2771885671,
    17.113393019196));
#2428 = CARTESIAN_POINT('',(-29.00672625542,14.350526920592,
    17.104484302062));
#2429 = CARTESIAN_POINT('',(-29.,14.425131915076,17.1));
#2430 = CARTESIAN_POINT('',(-29.,14.5,17.1));
#2431 = CYLINDRICAL_SURFACE('',#2432,1.5);
#2432 = AXIS2_PLACEMENT_3D('',#2433,#2434,#2435);
#2433 = CARTESIAN_POINT('',(-36.,14.5,18.6));
#2434 = DIRECTION('',(-1.,0.,0.));
#2435 = DIRECTION('',(0.,-1.,0.));
#2436 = ADVANCED_FACE('',(#2437,#2455),#2458,.F.);
#2437 = FACE_BOUND('',#2438,.F.);
#2438 = EDGE_LOOP('',(#2439,#2440,#2448,#2454));
#2439 = ORIENTED_EDGE('',*,*,#2309,.T.);
#2440 = ORIENTED_EDGE('',*,*,#2441,.T.);
#2441 = EDGE_CURVE('',#2302,#2442,#2444,.T.);
#2442 = VERTEX_POINT('',#2443);
#2443 = CARTESIAN_POINT('',(-27.4,16.55,20.4));
#2444 = LINE('',#2445,#2446);
#2445 = CARTESIAN_POINT('',(-27.4,12.45,20.4));
#2446 = VECTOR('',#2447,1.);
#2447 = DIRECTION('',(0.,1.,0.));
#2448 = ORIENTED_EDGE('',*,*,#2449,.F.);
#2449 = EDGE_CURVE('',#799,#2442,#2450,.T.);
#2450 = LINE('',#2451,#2452);
#2451 = CARTESIAN_POINT('',(-36.,16.55,20.4));
#2452 = VECTOR('',#2453,1.);
#2453 = DIRECTION('',(1.,0.,0.));
#2454 = ORIENTED_EDGE('',*,*,#806,.F.);
#2455 = FACE_BOUND('',#2456,.F.);
#2456 = EDGE_LOOP('',(#2457));
#2457 = ORIENTED_EDGE('',*,*,#2227,.F.);
#2458 = PLANE('',#2459);
#2459 = AXIS2_PLACEMENT_3D('',#2460,#2461,#2462);
#2460 = CARTESIAN_POINT('',(-36.,12.45,20.4));
#2461 = DIRECTION('',(0.,0.,1.));
#2462 = DIRECTION('',(0.,1.,0.));
#2463 = ADVANCED_FACE('',(#2464),#2482,.F.);
#2464 = FACE_BOUND('',#2465,.F.);
#2465 = EDGE_LOOP('',(#2466,#2467,#2475,#2481));
#2466 = ORIENTED_EDGE('',*,*,#2449,.T.);
#2467 = ORIENTED_EDGE('',*,*,#2468,.T.);
#2468 = EDGE_CURVE('',#2442,#2469,#2471,.T.);
#2469 = VERTEX_POINT('',#2470);
#2470 = CARTESIAN_POINT('',(-27.4,16.55,18.6));
#2471 = LINE('',#2472,#2473);
#2472 = CARTESIAN_POINT('',(-27.4,16.55,20.4));
#2473 = VECTOR('',#2474,1.);
#2474 = DIRECTION('',(0.,0.,-1.));
#2475 = ORIENTED_EDGE('',*,*,#2476,.F.);
#2476 = EDGE_CURVE('',#847,#2469,#2477,.T.);
#2477 = LINE('',#2478,#2479);
#2478 = CARTESIAN_POINT('',(-36.,16.55,18.6));
#2479 = VECTOR('',#2480,1.);
#2480 = DIRECTION('',(1.,0.,0.));
#2481 = ORIENTED_EDGE('',*,*,#854,.F.);
#2482 = PLANE('',#2483);
#2483 = AXIS2_PLACEMENT_3D('',#2484,#2485,#2486);
#2484 = CARTESIAN_POINT('',(-36.,16.55,20.4));
#2485 = DIRECTION('',(0.,1.,0.));
#2486 = DIRECTION('',(0.,0.,-1.));
#2487 = ADVANCED_FACE('',(#2488),#2508,.T.);
#2488 = FACE_BOUND('',#2489,.T.);
#2489 = EDGE_LOOP('',(#2490,#2491,#2492,#2493,#2502));
#2490 = ORIENTED_EDGE('',*,*,#902,.F.);
#2491 = ORIENTED_EDGE('',*,*,#989,.T.);
#2492 = ORIENTED_EDGE('',*,*,#2328,.T.);
#2493 = ORIENTED_EDGE('',*,*,#2494,.T.);
#2494 = EDGE_CURVE('',#2329,#2495,#2497,.T.);
#2495 = VERTEX_POINT('',#2496);
#2496 = CARTESIAN_POINT('',(-27.4,16.436491673104,18.6));
#2497 = CIRCLE('',#2498,0.5);
#2498 = AXIS2_PLACEMENT_3D('',#2499,#2500,#2501);
#2499 = CARTESIAN_POINT('',(-27.4,16.436491673104,18.1));
#2500 = DIRECTION('',(-1.,0.,0.));
#2501 = DIRECTION('',(0.,-1.,0.));
#2502 = ORIENTED_EDGE('',*,*,#2503,.F.);
#2503 = EDGE_CURVE('',#905,#2495,#2504,.T.);
#2504 = LINE('',#2505,#2506);
#2505 = CARTESIAN_POINT('',(-36.,16.436491673104,18.6));
#2506 = VECTOR('',#2507,1.);
#2507 = DIRECTION('',(1.,0.,0.));
#2508 = CYLINDRICAL_SURFACE('',#2509,0.5);
#2509 = AXIS2_PLACEMENT_3D('',#2510,#2511,#2512);
#2510 = CARTESIAN_POINT('',(-36.,16.436491673104,18.1));
#2511 = DIRECTION('',(-1.,0.,0.));
#2512 = DIRECTION('',(0.,-1.,0.));
#2513 = ADVANCED_FACE('',(#2514),#2525,.F.);
#2514 = FACE_BOUND('',#2515,.F.);
#2515 = EDGE_LOOP('',(#2516,#2517,#2518,#2524));
#2516 = ORIENTED_EDGE('',*,*,#913,.F.);
#2517 = ORIENTED_EDGE('',*,*,#2476,.T.);
#2518 = ORIENTED_EDGE('',*,*,#2519,.T.);
#2519 = EDGE_CURVE('',#2469,#2495,#2520,.T.);
#2520 = LINE('',#2521,#2522);
#2521 = CARTESIAN_POINT('',(-27.4,16.55,18.6));
#2522 = VECTOR('',#2523,1.);
#2523 = DIRECTION('',(0.,-1.,0.));
#2524 = ORIENTED_EDGE('',*,*,#2503,.F.);
#2525 = PLANE('',#2526);
#2526 = AXIS2_PLACEMENT_3D('',#2527,#2528,#2529);
#2527 = CARTESIAN_POINT('',(-36.,16.55,18.6));
#2528 = DIRECTION('',(0.,0.,-1.));
#2529 = DIRECTION('',(0.,-1.,0.));
#2530 = ADVANCED_FACE('',(#2531),#2558,.T.);
#2531 = FACE_BOUND('',#2532,.T.);
#2532 = EDGE_LOOP('',(#2533,#2534,#2542,#2551,#2557));
#2533 = ORIENTED_EDGE('',*,*,#1040,.T.);
#2534 = ORIENTED_EDGE('',*,*,#2535,.T.);
#2535 = EDGE_CURVE('',#1043,#2536,#2538,.T.);
#2536 = VERTEX_POINT('',#2537);
#2537 = CARTESIAN_POINT('',(-27.4,-34.43649167309,18.600000000006));
#2538 = LINE('',#2539,#2540);
#2539 = CARTESIAN_POINT('',(-36.,-34.43649167309,18.600000000006));
#2540 = VECTOR('',#2541,1.);
#2541 = DIRECTION('',(1.,0.,0.));
#2542 = ORIENTED_EDGE('',*,*,#2543,.T.);
#2543 = EDGE_CURVE('',#2536,#2544,#2546,.T.);
#2544 = VERTEX_POINT('',#2545);
#2545 = CARTESIAN_POINT('',(-27.4,-33.95236875482,18.225000000006));
#2546 = CIRCLE('',#2547,0.5);
#2547 = AXIS2_PLACEMENT_3D('',#2548,#2549,#2550);
#2548 = CARTESIAN_POINT('',(-27.4,-34.43649167309,18.100000000006));
#2549 = DIRECTION('',(-1.,0.,0.));
#2550 = DIRECTION('',(0.,-1.,0.));
#2551 = ORIENTED_EDGE('',*,*,#2552,.F.);
#2552 = EDGE_CURVE('',#1134,#2544,#2553,.T.);
#2553 = LINE('',#2554,#2555);
#2554 = CARTESIAN_POINT('',(-36.,-33.95236875482,18.225000000006));
#2555 = VECTOR('',#2556,1.);
#2556 = DIRECTION('',(1.,0.,0.));
#2557 = ORIENTED_EDGE('',*,*,#1140,.T.);
#2558 = CYLINDRICAL_SURFACE('',#2559,0.5);
#2559 = AXIS2_PLACEMENT_3D('',#2560,#2561,#2562);
#2560 = CARTESIAN_POINT('',(-36.,-34.43649167309,18.100000000006));
#2561 = DIRECTION('',(-1.,0.,0.));
#2562 = DIRECTION('',(0.,-1.,0.));
#2563 = ADVANCED_FACE('',(#2564),#2582,.T.);
#2564 = FACE_BOUND('',#2565,.T.);
#2565 = EDGE_LOOP('',(#2566,#2567,#2575,#2581));
#2566 = ORIENTED_EDGE('',*,*,#1051,.F.);
#2567 = ORIENTED_EDGE('',*,*,#2568,.T.);
#2568 = EDGE_CURVE('',#1052,#2569,#2571,.T.);
#2569 = VERTEX_POINT('',#2570);
#2570 = CARTESIAN_POINT('',(-27.4,-34.54999999999,18.600000000006));
#2571 = LINE('',#2572,#2573);
#2572 = CARTESIAN_POINT('',(-36.,-34.54999999999,18.600000000006));
#2573 = VECTOR('',#2574,1.);
#2574 = DIRECTION('',(1.,0.,0.));
#2575 = ORIENTED_EDGE('',*,*,#2576,.T.);
#2576 = EDGE_CURVE('',#2569,#2536,#2577,.T.);
#2577 = LINE('',#2578,#2579);
#2578 = CARTESIAN_POINT('',(-27.4,-34.54999999999,18.600000000006));
#2579 = VECTOR('',#2580,1.);
#2580 = DIRECTION('',(0.,1.,0.));
#2581 = ORIENTED_EDGE('',*,*,#2535,.F.);
#2582 = PLANE('',#2583);
#2583 = AXIS2_PLACEMENT_3D('',#2584,#2585,#2586);
#2584 = CARTESIAN_POINT('',(-36.,-34.54999999999,18.600000000006));
#2585 = DIRECTION('',(0.,0.,1.));
#2586 = DIRECTION('',(0.,1.,0.));
#2587 = ADVANCED_FACE('',(#2588),#2606,.T.);
#2588 = FACE_BOUND('',#2589,.T.);
#2589 = EDGE_LOOP('',(#2590,#2598,#2604,#2605));
#2590 = ORIENTED_EDGE('',*,*,#2591,.T.);
#2591 = EDGE_CURVE('',#1192,#2592,#2594,.T.);
#2592 = VERTEX_POINT('',#2593);
#2593 = CARTESIAN_POINT('',(-27.4,-34.54999999999,20.4));
#2594 = LINE('',#2595,#2596);
#2595 = CARTESIAN_POINT('',(-36.,-34.54999999999,20.4));
#2596 = VECTOR('',#2597,1.);
#2597 = DIRECTION('',(1.,0.,0.));
#2598 = ORIENTED_EDGE('',*,*,#2599,.T.);
#2599 = EDGE_CURVE('',#2592,#2569,#2600,.T.);
#2600 = LINE('',#2601,#2602);
#2601 = CARTESIAN_POINT('',(-27.4,-34.54999999999,20.4));
#2602 = VECTOR('',#2603,1.);
#2603 = DIRECTION('',(0.,0.,-1.));
#2604 = ORIENTED_EDGE('',*,*,#2568,.F.);
#2605 = ORIENTED_EDGE('',*,*,#1201,.F.);
#2606 = PLANE('',#2607);
#2607 = AXIS2_PLACEMENT_3D('',#2608,#2609,#2610);
#2608 = CARTESIAN_POINT('',(-36.,-34.54999999999,20.4));
#2609 = DIRECTION('',(0.,1.,0.));
#2610 = DIRECTION('',(0.,0.,-1.));
#2611 = ADVANCED_FACE('',(#2612,#2633),#2722,.F.);
#2612 = FACE_BOUND('',#2613,.F.);
#2613 = EDGE_LOOP('',(#2614,#2615,#2616,#2617,#2618,#2626));
#2614 = ORIENTED_EDGE('',*,*,#2552,.F.);
#2615 = ORIENTED_EDGE('',*,*,#1223,.F.);
#2616 = ORIENTED_EDGE('',*,*,#1283,.F.);
#2617 = ORIENTED_EDGE('',*,*,#1329,.F.);
#2618 = ORIENTED_EDGE('',*,*,#2619,.T.);
#2619 = EDGE_CURVE('',#1323,#2620,#2622,.T.);
#2620 = VERTEX_POINT('',#2621);
#2621 = CARTESIAN_POINT('',(-27.4,-31.04763124516,18.225000000006));
#2622 = LINE('',#2623,#2624);
#2623 = CARTESIAN_POINT('',(-36.,-31.04763124516,18.225000000006));
#2624 = VECTOR('',#2625,1.);
#2625 = DIRECTION('',(1.,0.,0.));
#2626 = ORIENTED_EDGE('',*,*,#2627,.T.);
#2627 = EDGE_CURVE('',#2620,#2544,#2628,.T.);
#2628 = CIRCLE('',#2629,1.5);
#2629 = AXIS2_PLACEMENT_3D('',#2630,#2631,#2632);
#2630 = CARTESIAN_POINT('',(-27.4,-32.49999999999,18.600000000006));
#2631 = DIRECTION('',(-1.,0.,0.));
#2632 = DIRECTION('',(0.,-1.,0.));
#2633 = FACE_BOUND('',#2634,.F.);
#2634 = EDGE_LOOP('',(#2635));
#2635 = ORIENTED_EDGE('',*,*,#2636,.T.);
#2636 = EDGE_CURVE('',#2637,#2637,#2639,.T.);
#2637 = VERTEX_POINT('',#2638);
#2638 = CARTESIAN_POINT('',(-29.,-32.5,17.100000000006));
#2639 = B_SPLINE_CURVE_WITH_KNOTS('',6,(#2640,#2641,#2642,#2643,#2644,
    #2645,#2646,#2647,#2648,#2649,#2650,#2651,#2652,#2653,#2654,#2655,
    #2656,#2657,#2658,#2659,#2660,#2661,#2662,#2663,#2664,#2665,#2666,
    #2667,#2668,#2669,#2670,#2671,#2672,#2673,#2674,#2675,#2676,#2677,
    #2678,#2679,#2680,#2681,#2682,#2683,#2684,#2685,#2686,#2687,#2688,
    #2689,#2690,#2691,#2692,#2693,#2694,#2695,#2696,#2697,#2698,#2699,
    #2700,#2701,#2702,#2703,#2704,#2705,#2706,#2707,#2708,#2709,#2710,
    #2711,#2712,#2713,#2714,#2715,#2716,#2717,#2718,#2719,#2720,#2721),
  .UNSPECIFIED.,.T.,.F.,(7,5,5,5,5,5,5,5,5,5,5,5,5,5,5,5,7),(0.,
    6.539705707405E-02,0.139872600293,0.19874644968,0.249808413877,
    0.282435200755,0.359609841323,0.434311439739,0.499785872248,
    0.565262744115,0.639823675845,0.698771036145,0.749896719469,
    0.800374289408,0.859825553372,0.934529254602,1.),.UNSPECIFIED.);
#2640 = CARTESIAN_POINT('',(-29.,-32.5,17.100000000006));
#2641 = CARTESIAN_POINT('',(-29.,-32.42512912574,17.100000000006));
#2642 = CARTESIAN_POINT('',(-29.00672675517,-32.35052518188,
    17.104484639734));
#2643 = CARTESIAN_POINT('',(-29.02009047319,-32.27718967987,
    17.11339314957));
#2644 = CARTESIAN_POINT('',(-29.0397408461,-32.20610731078,
    17.126369246451));
#2645 = CARTESIAN_POINT('',(-29.06507059416,-32.13819146561,
    17.142761014741));
#2646 = CARTESIAN_POINT('',(-29.12945414029,-32.00136946551,
    17.183264318917));
#2647 = CARTESIAN_POINT('',(-29.17002221613,-31.93342785295,
    17.208193141891));
#2648 = CARTESIAN_POINT('',(-29.21604441552,-31.87066413779,
    17.235512333562));
#2649 = CARTESIAN_POINT('',(-29.26683430903,-31.81324750173,
    17.264241777702));
#2650 = CARTESIAN_POINT('',(-29.32182431449,-31.76130411125,
    17.293368969821));
#2651 = CARTESIAN_POINT('',(-29.42695228668,-31.67834801293,
    17.344318745905));
#2652 = CARTESIAN_POINT('',(-29.47579937986,-31.64514644451,
    17.366444830602));
#2653 = CARTESIAN_POINT('',(-29.52685873392,-31.61547140478,
    17.387668695436));
#2654 = CARTESIAN_POINT('',(-29.57993214808,-31.58943285289,
    17.407423368736));
#2655 = CARTESIAN_POINT('',(-29.63485544452,-31.56714622169,
    17.425117702903));
#2656 = CARTESIAN_POINT('',(-29.74063793904,-31.53283958614,
    17.453254417834));
#2657 = CARTESIAN_POINT('',(-29.79114128112,-31.51982642233,
    17.464366595005));
#2658 = CARTESIAN_POINT('',(-29.84263492769,-31.50995591608,
    17.473061086391));
#2659 = CARTESIAN_POINT('',(-29.89479458629,-31.50332777125,
    17.478989585276));
#2660 = CARTESIAN_POINT('',(-29.94733919416,-31.5,17.481966011249));
#2661 = CARTESIAN_POINT('',(-30.03364839006,-31.5,17.481966011249));
#2662 = CARTESIAN_POINT('',(-30.06728101,-31.50135867432,17.480750925801
    ));
#2663 = CARTESIAN_POINT('',(-30.1008142572,-31.50407355491,
    17.478322240025));
#2664 = CARTESIAN_POINT('',(-30.13415881116,-31.50813373704,
    17.474713421983));
#2665 = CARTESIAN_POINT('',(-30.1672202765,-31.51351645543,
    17.469987721037));
#2666 = CARTESIAN_POINT('',(-30.27719926988,-31.53595411109,
    17.450630899566));
#2667 = CARTESIAN_POINT('',(-30.35199543381,-31.55883622664,
    17.43134905409));
#2668 = CARTESIAN_POINT('',(-30.42403001688,-31.5884049801,
    17.407506933211));
#2669 = CARTESIAN_POINT('',(-30.4928823235,-31.62441288613,
    17.380463209984));
#2670 = CARTESIAN_POINT('',(-30.5580023786,-31.66655899714,
    17.351586268358));
#2671 = CARTESIAN_POINT('',(-30.6776546113,-31.76081327997,
    17.293644604916));
#2672 = CARTESIAN_POINT('',(-30.73278151551,-31.81281290905,
    17.264459238014));
#2673 = CARTESIAN_POINT('',(-30.78369792188,-31.87031116175,
    17.235665520104));
#2674 = CARTESIAN_POINT('',(-30.82982937183,-31.93317795258,
    17.20828434074));
#2675 = CARTESIAN_POINT('',(-30.87048448617,-32.00123904012,
    17.183302928637));
#2676 = CARTESIAN_POINT('',(-30.93492761371,-32.13818765716,
    17.142762142155));
#2677 = CARTESIAN_POINT('',(-30.96025823078,-32.20610367337,
    17.126369873387));
#2678 = CARTESIAN_POINT('',(-30.97990973766,-32.2771885671,
    17.113393019201));
#2679 = CARTESIAN_POINT('',(-30.99327374457,-32.35052692059,
    17.104484302068));
#2680 = CARTESIAN_POINT('',(-31.,-32.42513191507,17.100000000006));
#2681 = CARTESIAN_POINT('',(-31.,-32.57487087425,17.100000000006));
#2682 = CARTESIAN_POINT('',(-30.99327324482,-32.64947481811,
    17.104484639735));
#2683 = CARTESIAN_POINT('',(-30.9799095268,-32.72281032012,
    17.113393149573));
#2684 = CARTESIAN_POINT('',(-30.96025915389,-32.79389268922,
    17.126369246454));
#2685 = CARTESIAN_POINT('',(-30.93492940583,-32.86180853438,
    17.142761014745));
#2686 = CARTESIAN_POINT('',(-30.87054839115,-32.99862515489,
    17.183262726405));
#2687 = CARTESIAN_POINT('',(-30.82998087746,-33.06656826045,
    17.208191249838));
#2688 = CARTESIAN_POINT('',(-30.78395616967,-33.12933662261,
    17.235512206732));
#2689 = CARTESIAN_POINT('',(-30.73316199814,-33.18675713447,
    17.264244022943));
#2690 = CARTESIAN_POINT('',(-30.67816970536,-33.23870060764,
    17.293371868075));
#2691 = CARTESIAN_POINT('',(-30.57304770834,-33.32165199099,
    17.344318748323));
#2692 = CARTESIAN_POINT('',(-30.5242006205,-33.35485355405,
    17.366444830108));
#2693 = CARTESIAN_POINT('',(-30.47314127666,-33.3845285881,
    17.387668690515));
#2694 = CARTESIAN_POINT('',(-30.42006787052,-33.41056713837,
    17.407423361932));
#2695 = CARTESIAN_POINT('',(-30.36514457254,-33.43285377277,
    17.425117698375));
#2696 = CARTESIAN_POINT('',(-30.25936208241,-33.4671604069,
    17.45325441214));
#2697 = CARTESIAN_POINT('',(-30.20885875631,-33.48017356846,
    17.464366587042));
#2698 = CARTESIAN_POINT('',(-30.15736510587,-33.49004408025,
    17.473061083036));
#2699 = CARTESIAN_POINT('',(-30.10520543505,-33.49667222685,
    17.478989583623));
#2700 = CARTESIAN_POINT('',(-30.0526608209,-33.5,17.481966011263));
#2701 = CARTESIAN_POINT('',(-29.94800675321,-33.5,17.481966011263));
#2702 = CARTESIAN_POINT('',(-29.89612325396,-33.4967560621,
    17.479064566065));
#2703 = CARTESIAN_POINT('',(-29.84461042179,-33.49029373851,
    17.473284391704));
#2704 = CARTESIAN_POINT('',(-29.79374068853,-33.48066859436,
    17.464802684589));
#2705 = CARTESIAN_POINT('',(-29.74382728389,-33.46797641287,
    17.453951695614));
#2706 = CARTESIAN_POINT('',(-29.63800783738,-33.43411570954,
    17.426121935064));
#2707 = CARTESIAN_POINT('',(-29.58252642944,-33.41181346866,
    17.408373771874));
#2708 = CARTESIAN_POINT('',(-29.52891903335,-33.38568917966,
    17.388507606942));
#2709 = CARTESIAN_POINT('',(-29.47735482476,-33.35586164856,
    17.367130801085));
#2710 = CARTESIAN_POINT('',(-29.42803840805,-33.32244483829,
    17.344826511174));
#2711 = CARTESIAN_POINT('',(-29.32233902637,-33.23918170819,
    17.293641523965));
#2712 = CARTESIAN_POINT('',(-29.26721465184,-33.18718223805,
    17.264456895375));
#2713 = CARTESIAN_POINT('',(-29.21630293927,-33.12968826976,
    17.235665787548));
#2714 = CARTESIAN_POINT('',(-29.17017422443,-33.06682660344,
    17.208286537555));
#2715 = CARTESIAN_POINT('',(-29.12951841467,-32.99876712448,
    17.183304753548));
#2716 = CARTESIAN_POINT('',(-29.06507238628,-32.86181234283,
    17.142762142158));
#2717 = CARTESIAN_POINT('',(-29.03974176921,-32.79389632662,
    17.12636987339));
#2718 = CARTESIAN_POINT('',(-29.02009026233,-32.7228114329,
    17.113393019203));
#2719 = CARTESIAN_POINT('',(-29.00672625542,-32.6494730794,
    17.104484302069));
#2720 = CARTESIAN_POINT('',(-29.,-32.57486808492,17.100000000006));
#2721 = CARTESIAN_POINT('',(-29.,-32.5,17.100000000006));
#2722 = CYLINDRICAL_SURFACE('',#2723,1.5);
#2723 = AXIS2_PLACEMENT_3D('',#2724,#2725,#2726);
#2724 = CARTESIAN_POINT('',(-36.,-32.49999999999,18.600000000006));
#2725 = DIRECTION('',(-1.,0.,0.));
#2726 = DIRECTION('',(0.,-1.,0.));
#2727 = ADVANCED_FACE('',(#2728,#2746),#2749,.T.);
#2728 = FACE_BOUND('',#2729,.T.);
#2729 = EDGE_LOOP('',(#2730,#2738,#2744,#2745));
#2730 = ORIENTED_EDGE('',*,*,#2731,.T.);
#2731 = EDGE_CURVE('',#1251,#2732,#2734,.T.);
#2732 = VERTEX_POINT('',#2733);
#2733 = CARTESIAN_POINT('',(-27.4,-30.44999999999,20.4));
#2734 = LINE('',#2735,#2736);
#2735 = CARTESIAN_POINT('',(-36.,-30.44999999999,20.4));
#2736 = VECTOR('',#2737,1.);
#2737 = DIRECTION('',(1.,0.,0.));
#2738 = ORIENTED_EDGE('',*,*,#2739,.T.);
#2739 = EDGE_CURVE('',#2732,#2592,#2740,.T.);
#2740 = LINE('',#2741,#2742);
#2741 = CARTESIAN_POINT('',(-27.4,-30.44999999999,20.4));
#2742 = VECTOR('',#2743,1.);
#2743 = DIRECTION('',(0.,-1.,0.));
#2744 = ORIENTED_EDGE('',*,*,#2591,.F.);
#2745 = ORIENTED_EDGE('',*,*,#1260,.F.);
#2746 = FACE_BOUND('',#2747,.T.);
#2747 = EDGE_LOOP('',(#2748));
#2748 = ORIENTED_EDGE('',*,*,#2202,.T.);
#2749 = PLANE('',#2750);
#2750 = AXIS2_PLACEMENT_3D('',#2751,#2752,#2753);
#2751 = CARTESIAN_POINT('',(-36.,-30.44999999999,20.4));
#2752 = DIRECTION('',(0.,0.,-1.));
#2753 = DIRECTION('',(0.,-1.,0.));
#2754 = ADVANCED_FACE('',(#2755),#2773,.T.);
#2755 = FACE_BOUND('',#2756,.T.);
#2756 = EDGE_LOOP('',(#2757,#2765,#2771,#2772));
#2757 = ORIENTED_EDGE('',*,*,#2758,.T.);
#2758 = EDGE_CURVE('',#1299,#2759,#2761,.T.);
#2759 = VERTEX_POINT('',#2760);
#2760 = CARTESIAN_POINT('',(-27.4,-30.44999999999,18.600000000006));
#2761 = LINE('',#2762,#2763);
#2762 = CARTESIAN_POINT('',(-36.,-30.44999999999,18.600000000006));
#2763 = VECTOR('',#2764,1.);
#2764 = DIRECTION('',(1.,0.,0.));
#2765 = ORIENTED_EDGE('',*,*,#2766,.T.);
#2766 = EDGE_CURVE('',#2759,#2732,#2767,.T.);
#2767 = LINE('',#2768,#2769);
#2768 = CARTESIAN_POINT('',(-27.4,-30.44999999999,18.600000000006));
#2769 = VECTOR('',#2770,1.);
#2770 = DIRECTION('',(0.,0.,1.));
#2771 = ORIENTED_EDGE('',*,*,#2731,.F.);
#2772 = ORIENTED_EDGE('',*,*,#1308,.F.);
#2773 = PLANE('',#2774);
#2774 = AXIS2_PLACEMENT_3D('',#2775,#2776,#2777);
#2775 = CARTESIAN_POINT('',(-36.,-30.44999999999,18.600000000006));
#2776 = DIRECTION('',(0.,-1.,0.));
#2777 = DIRECTION('',(0.,0.,1.));
#2778 = ADVANCED_FACE('',(#2779),#2799,.T.);
#2779 = FACE_BOUND('',#2780,.T.);
#2780 = EDGE_LOOP('',(#2781,#2782,#2783,#2784,#2793));
#2781 = ORIENTED_EDGE('',*,*,#1356,.T.);
#2782 = ORIENTED_EDGE('',*,*,#1443,.T.);
#2783 = ORIENTED_EDGE('',*,*,#2619,.T.);
#2784 = ORIENTED_EDGE('',*,*,#2785,.T.);
#2785 = EDGE_CURVE('',#2620,#2786,#2788,.T.);
#2786 = VERTEX_POINT('',#2787);
#2787 = CARTESIAN_POINT('',(-27.4,-30.56350832688,18.600000000006));
#2788 = CIRCLE('',#2789,0.5);
#2789 = AXIS2_PLACEMENT_3D('',#2790,#2791,#2792);
#2790 = CARTESIAN_POINT('',(-27.4,-30.56350832688,18.100000000006));
#2791 = DIRECTION('',(-1.,0.,0.));
#2792 = DIRECTION('',(0.,-1.,0.));
#2793 = ORIENTED_EDGE('',*,*,#2794,.F.);
#2794 = EDGE_CURVE('',#1357,#2786,#2795,.T.);
#2795 = LINE('',#2796,#2797);
#2796 = CARTESIAN_POINT('',(-36.,-30.56350832688,18.600000000006));
#2797 = VECTOR('',#2798,1.);
#2798 = DIRECTION('',(1.,0.,0.));
#2799 = CYLINDRICAL_SURFACE('',#2800,0.5);
#2800 = AXIS2_PLACEMENT_3D('',#2801,#2802,#2803);
#2801 = CARTESIAN_POINT('',(-36.,-30.56350832688,18.100000000006));
#2802 = DIRECTION('',(-1.,0.,0.));
#2803 = DIRECTION('',(0.,-1.,0.));
#2804 = ADVANCED_FACE('',(#2805),#2816,.T.);
#2805 = FACE_BOUND('',#2806,.T.);
#2806 = EDGE_LOOP('',(#2807,#2808,#2809,#2815));
#2807 = ORIENTED_EDGE('',*,*,#1428,.F.);
#2808 = ORIENTED_EDGE('',*,*,#2794,.T.);
#2809 = ORIENTED_EDGE('',*,*,#2810,.T.);
#2810 = EDGE_CURVE('',#2786,#2759,#2811,.T.);
#2811 = LINE('',#2812,#2813);
#2812 = CARTESIAN_POINT('',(-27.4,-34.54999999999,18.600000000006));
#2813 = VECTOR('',#2814,1.);
#2814 = DIRECTION('',(0.,1.,0.));
#2815 = ORIENTED_EDGE('',*,*,#2758,.F.);
#2816 = PLANE('',#2817);
#2817 = AXIS2_PLACEMENT_3D('',#2818,#2819,#2820);
#2818 = CARTESIAN_POINT('',(-36.,-34.54999999999,18.600000000006));
#2819 = DIRECTION('',(0.,0.,1.));
#2820 = DIRECTION('',(0.,1.,0.));
#2821 = ADVANCED_FACE('',(#2822,#2856),#2860,.T.);
#2822 = FACE_BOUND('',#2823,.T.);
#2823 = EDGE_LOOP('',(#2824,#2834,#2842,#2850));
#2824 = ORIENTED_EDGE('',*,*,#2825,.T.);
#2825 = EDGE_CURVE('',#2826,#2828,#2830,.T.);
#2826 = VERTEX_POINT('',#2827);
#2827 = CARTESIAN_POINT('',(-30.,-6.25,-5.25));
#2828 = VERTEX_POINT('',#2829);
#2829 = CARTESIAN_POINT('',(-30.,-6.25,0.25));
#2830 = LINE('',#2831,#2832);
#2831 = CARTESIAN_POINT('',(-30.,-6.25,-5.25));
#2832 = VECTOR('',#2833,1.);
#2833 = DIRECTION('',(0.,0.,1.));
#2834 = ORIENTED_EDGE('',*,*,#2835,.T.);
#2835 = EDGE_CURVE('',#2828,#2836,#2838,.T.);
#2836 = VERTEX_POINT('',#2837);
#2837 = CARTESIAN_POINT('',(-30.,-11.75,0.25));
#2838 = LINE('',#2839,#2840);
#2839 = CARTESIAN_POINT('',(-30.,-6.25,0.25));
#2840 = VECTOR('',#2841,1.);
#2841 = DIRECTION('',(0.,-1.,0.));
#2842 = ORIENTED_EDGE('',*,*,#2843,.T.);
#2843 = EDGE_CURVE('',#2836,#2844,#2846,.T.);
#2844 = VERTEX_POINT('',#2845);
#2845 = CARTESIAN_POINT('',(-30.,-11.75,-5.25));
#2846 = LINE('',#2847,#2848);
#2847 = CARTESIAN_POINT('',(-30.,-11.75,0.25));
#2848 = VECTOR('',#2849,1.);
#2849 = DIRECTION('',(0.,0.,-1.));
#2850 = ORIENTED_EDGE('',*,*,#2851,.T.);
#2851 = EDGE_CURVE('',#2844,#2826,#2852,.T.);
#2852 = LINE('',#2853,#2854);
#2853 = CARTESIAN_POINT('',(-30.,-11.75,-5.25));
#2854 = VECTOR('',#2855,1.);
#2855 = DIRECTION('',(0.,1.,0.));
#2856 = FACE_BOUND('',#2857,.F.);
#2857 = EDGE_LOOP('',(#2858,#2859));
#2858 = ORIENTED_EDGE('',*,*,#1529,.T.);
#2859 = ORIENTED_EDGE('',*,*,#1538,.T.);
#2860 = PLANE('',#2861);
#2861 = AXIS2_PLACEMENT_3D('',#2862,#2863,#2864);
#2862 = CARTESIAN_POINT('',(-30.,-9.,-2.5));
#2863 = DIRECTION('',(1.,0.,0.));
#2864 = DIRECTION('',(0.,0.,1.));
#2865 = ADVANCED_FACE('',(#2866),#2891,.F.);
#2866 = FACE_BOUND('',#2867,.F.);
#2867 = EDGE_LOOP('',(#2868,#2876,#2877,#2885));
#2868 = ORIENTED_EDGE('',*,*,#2869,.F.);
#2869 = EDGE_CURVE('',#1587,#2870,#2872,.T.);
#2870 = VERTEX_POINT('',#2871);
#2871 = CARTESIAN_POINT('',(35.468507148799,39.,-26.5));
#2872 = LINE('',#2873,#2874);
#2873 = CARTESIAN_POINT('',(35.767142858552,39.561880953015,
    -25.93811904698));
#2874 = VECTOR('',#2875,1.);
#2875 = DIRECTION('',(-0.351798104075,-0.661905617883,-0.661905617883));
#2876 = ORIENTED_EDGE('',*,*,#1586,.T.);
#2877 = ORIENTED_EDGE('',*,*,#2878,.T.);
#2878 = EDGE_CURVE('',#1579,#2879,#2881,.T.);
#2879 = VERTEX_POINT('',#2880);
#2880 = CARTESIAN_POINT('',(-35.46850714879,39.,-26.5));
#2881 = LINE('',#2882,#2883);
#2882 = CARTESIAN_POINT('',(-25.33900004637,19.941404800598,
    -45.5585951994));
#2883 = VECTOR('',#2884,1.);
#2884 = DIRECTION('',(0.351798104075,-0.661905617883,-0.661905617883));
#2885 = ORIENTED_EDGE('',*,*,#2886,.F.);
#2886 = EDGE_CURVE('',#2870,#2879,#2887,.T.);
#2887 = LINE('',#2888,#2889);
#2888 = CARTESIAN_POINT('',(36.,39.,-26.5));
#2889 = VECTOR('',#2890,1.);
#2890 = DIRECTION('',(-1.,0.,0.));
#2891 = PLANE('',#2892);
#2892 = AXIS2_PLACEMENT_3D('',#2893,#2894,#2895);
#2893 = CARTESIAN_POINT('',(36.,39.5,-26.));
#2894 = DIRECTION('',(0.,-0.707106781187,0.707106781187));
#2895 = DIRECTION('',(-1.,0.,0.));
#2896 = ADVANCED_FACE('',(#2897),#2922,.T.);
#2897 = FACE_BOUND('',#2898,.T.);
#2898 = EDGE_LOOP('',(#2899,#2900,#2908,#2916));
#2899 = ORIENTED_EDGE('',*,*,#1594,.T.);
#2900 = ORIENTED_EDGE('',*,*,#2901,.T.);
#2901 = EDGE_CURVE('',#1595,#2902,#2904,.T.);
#2902 = VERTEX_POINT('',#2903);
#2903 = CARTESIAN_POINT('',(90.,-40.,-11.5));
#2904 = LINE('',#2905,#2906);
#2905 = CARTESIAN_POINT('',(36.,40.,-11.5));
#2906 = VECTOR('',#2907,1.);
#2907 = DIRECTION('',(0.559472855001,-0.828848674076,0.));
#2908 = ORIENTED_EDGE('',*,*,#2909,.F.);
#2909 = EDGE_CURVE('',#2910,#2902,#2912,.T.);
#2910 = VERTEX_POINT('',#2911);
#2911 = CARTESIAN_POINT('',(90.,-40.,-25.5));
#2912 = LINE('',#2913,#2914);
#2913 = CARTESIAN_POINT('',(90.,-40.,-26.5));
#2914 = VECTOR('',#2915,1.);
#2915 = DIRECTION('',(0.,2.2E-16,1.));
#2916 = ORIENTED_EDGE('',*,*,#2917,.F.);
#2917 = EDGE_CURVE('',#1587,#2910,#2918,.T.);
#2918 = LINE('',#2919,#2920);
#2919 = CARTESIAN_POINT('',(36.,40.,-25.5));
#2920 = VECTOR('',#2921,1.);
#2921 = DIRECTION('',(0.559472855001,-0.828848674076,0.));
#2922 = PLANE('',#2923);
#2923 = AXIS2_PLACEMENT_3D('',#2924,#2925,#2926);
#2924 = CARTESIAN_POINT('',(36.,40.,-26.5));
#2925 = DIRECTION('',(0.828848674076,0.559472855001,0.));
#2926 = DIRECTION('',(0.559472855001,-0.828848674076,0.));
#2927 = ADVANCED_FACE('',(#2928),#2978,.T.);
#2928 = FACE_BOUND('',#2929,.T.);
#2929 = EDGE_LOOP('',(#2930,#2940,#2948,#2954,#2955,#2956,#2964,#2972));
#2930 = ORIENTED_EDGE('',*,*,#2931,.F.);
#2931 = EDGE_CURVE('',#2932,#2934,#2936,.T.);
#2932 = VERTEX_POINT('',#2933);
#2933 = CARTESIAN_POINT('',(89.,-40.,-11.5));
#2934 = VERTEX_POINT('',#2935);
#2935 = CARTESIAN_POINT('',(37.,-40.,-11.5));
#2936 = LINE('',#2937,#2938);
#2937 = CARTESIAN_POINT('',(90.,-40.,-11.5));
#2938 = VECTOR('',#2939,1.);
#2939 = DIRECTION('',(-1.,0.,0.));
#2940 = ORIENTED_EDGE('',*,*,#2941,.F.);
#2941 = EDGE_CURVE('',#2942,#2932,#2944,.T.);
#2942 = VERTEX_POINT('',#2943);
#2943 = CARTESIAN_POINT('',(90.,-41.,-11.5));
#2944 = LINE('',#2945,#2946);
#2945 = CARTESIAN_POINT('',(59.342535743993,-10.34253574399,-11.5));
#2946 = VECTOR('',#2947,1.);
#2947 = DIRECTION('',(-0.707106781187,0.707106781187,0.));
#2948 = ORIENTED_EDGE('',*,*,#2949,.F.);
#2949 = EDGE_CURVE('',#2902,#2942,#2950,.T.);
#2950 = LINE('',#2951,#2952);
#2951 = CARTESIAN_POINT('',(90.,-33.18507148798,-11.5));
#2952 = VECTOR('',#2953,1.);
#2953 = DIRECTION('',(0.,-1.,0.));
#2954 = ORIENTED_EDGE('',*,*,#2901,.F.);
#2955 = ORIENTED_EDGE('',*,*,#1602,.T.);
#2956 = ORIENTED_EDGE('',*,*,#2957,.T.);
#2957 = EDGE_CURVE('',#1603,#2958,#2960,.T.);
#2958 = VERTEX_POINT('',#2959);
#2959 = CARTESIAN_POINT('',(36.,39.,-11.5));
#2960 = LINE('',#2961,#2962);
#2961 = CARTESIAN_POINT('',(38.842535743993,36.157464256007,-11.5));
#2962 = VECTOR('',#2963,1.);
#2963 = DIRECTION('',(0.707106781187,-0.707106781187,0.));
#2964 = ORIENTED_EDGE('',*,*,#2965,.F.);
#2965 = EDGE_CURVE('',#2966,#2958,#2968,.T.);
#2966 = VERTEX_POINT('',#2967);
#2967 = CARTESIAN_POINT('',(36.,-39.,-11.5));
#2968 = LINE('',#2969,#2970);
#2969 = CARTESIAN_POINT('',(36.,-40.,-11.5));
#2970 = VECTOR('',#2971,1.);
#2971 = DIRECTION('',(0.,1.,0.));
#2972 = ORIENTED_EDGE('',*,*,#2973,.T.);
#2973 = EDGE_CURVE('',#2966,#2934,#2974,.T.);
#2974 = LINE('',#2975,#2976);
#2975 = CARTESIAN_POINT('',(19.842535743993,-22.84253574399,-11.5));
#2976 = VECTOR('',#2977,1.);
#2977 = DIRECTION('',(0.707106781187,-0.707106781187,0.));
#2978 = PLANE('',#2979);
#2979 = AXIS2_PLACEMENT_3D('',#2980,#2981,#2982);
#2980 = CARTESIAN_POINT('',(1.97E-15,-9.370142975973,-11.5));
#2981 = DIRECTION('',(0.,0.,1.));
#2982 = DIRECTION('',(1.,0.,0.));
#2983 = ADVANCED_FACE('',(#2984),#3002,.T.);
#2984 = FACE_BOUND('',#2985,.T.);
#2985 = EDGE_LOOP('',(#2986,#2987,#2988,#2996));
#2986 = ORIENTED_EDGE('',*,*,#2957,.F.);
#2987 = ORIENTED_EDGE('',*,*,#1610,.T.);
#2988 = ORIENTED_EDGE('',*,*,#2989,.T.);
#2989 = EDGE_CURVE('',#1611,#2990,#2992,.T.);
#2990 = VERTEX_POINT('',#2991);
#2991 = CARTESIAN_POINT('',(36.,39.,26.5));
#2992 = LINE('',#2993,#2994);
#2993 = CARTESIAN_POINT('',(55.,20.,26.5));
#2994 = VECTOR('',#2995,1.);
#2995 = DIRECTION('',(0.707106781187,-0.707106781187,0.));
#2996 = ORIENTED_EDGE('',*,*,#2997,.F.);
#2997 = EDGE_CURVE('',#2958,#2990,#2998,.T.);
#2998 = LINE('',#2999,#3000);
#2999 = CARTESIAN_POINT('',(36.,39.,-11.5));
#3000 = VECTOR('',#3001,1.);
#3001 = DIRECTION('',(0.,0.,1.));
#3002 = PLANE('',#3003);
#3003 = AXIS2_PLACEMENT_3D('',#3004,#3005,#3006);
#3004 = CARTESIAN_POINT('',(35.5,39.5,-11.5));
#3005 = DIRECTION('',(0.707106781187,0.707106781187,0.));
#3006 = DIRECTION('',(0.,0.,1.));
#3007 = ADVANCED_FACE('',(#3008,#3137,#3148),#3159,.T.);
#3008 = FACE_BOUND('',#3009,.T.);
#3009 = EDGE_LOOP('',(#3010,#3020,#3028,#3036,#3044,#3052,#3058,#3059,
    #3067,#3075,#3083,#3091,#3099,#3107,#3115,#3123,#3129,#3130,#3131));
#3010 = ORIENTED_EDGE('',*,*,#3011,.F.);
#3011 = EDGE_CURVE('',#3012,#3014,#3016,.T.);
#3012 = VERTEX_POINT('',#3013);
#3013 = CARTESIAN_POINT('',(24.,-51.,26.5));
#3014 = VERTEX_POINT('',#3015);
#3015 = CARTESIAN_POINT('',(24.,39.,26.5));
#3016 = LINE('',#3017,#3018);
#3017 = CARTESIAN_POINT('',(24.,-40.,26.5));
#3018 = VECTOR('',#3019,1.);
#3019 = DIRECTION('',(0.,1.,0.));
#3020 = ORIENTED_EDGE('',*,*,#3021,.T.);
#3021 = EDGE_CURVE('',#3012,#3022,#3024,.T.);
#3022 = VERTEX_POINT('',#3023);
#3023 = CARTESIAN_POINT('',(25.,-52.,26.5));
#3024 = LINE('',#3025,#3026);
#3025 = CARTESIAN_POINT('',(24.,-51.,26.5));
#3026 = VECTOR('',#3027,1.);
#3027 = DIRECTION('',(0.707106781187,-0.707106781187,0.));
#3028 = ORIENTED_EDGE('',*,*,#3029,.F.);
#3029 = EDGE_CURVE('',#3030,#3022,#3032,.T.);
#3030 = VERTEX_POINT('',#3031);
#3031 = CARTESIAN_POINT('',(62.,-52.,26.5));
#3032 = LINE('',#3033,#3034);
#3033 = CARTESIAN_POINT('',(90.,-52.,26.5));
#3034 = VECTOR('',#3035,1.);
#3035 = DIRECTION('',(-1.,0.,0.));
#3036 = ORIENTED_EDGE('',*,*,#3037,.F.);
#3037 = EDGE_CURVE('',#3038,#3030,#3040,.T.);
#3038 = VERTEX_POINT('',#3039);
#3039 = CARTESIAN_POINT('',(63.,-53.,26.5));
#3040 = LINE('',#3041,#3042);
#3041 = CARTESIAN_POINT('',(52.25,-42.25,26.5));
#3042 = VECTOR('',#3043,1.);
#3043 = DIRECTION('',(-0.707106781187,0.707106781187,0.));
#3044 = ORIENTED_EDGE('',*,*,#3045,.F.);
#3045 = EDGE_CURVE('',#3046,#3038,#3048,.T.);
#3046 = VERTEX_POINT('',#3047);
#3047 = CARTESIAN_POINT('',(63.,-73.,26.5));
#3048 = LINE('',#3049,#3050);
#3049 = CARTESIAN_POINT('',(63.,-74.,26.5));
#3050 = VECTOR('',#3051,1.);
#3051 = DIRECTION('',(0.,1.,0.));
#3052 = ORIENTED_EDGE('',*,*,#3053,.F.);
#3053 = EDGE_CURVE('',#1814,#3046,#3054,.T.);
#3054 = LINE('',#3055,#3056);
#3055 = CARTESIAN_POINT('',(47.75,-57.75,26.5));
#3056 = VECTOR('',#3057,1.);
#3057 = DIRECTION('',(-0.707106781187,0.707106781187,0.));
#3058 = ORIENTED_EDGE('',*,*,#1811,.F.);
#3059 = ORIENTED_EDGE('',*,*,#3060,.F.);
#3060 = EDGE_CURVE('',#3061,#1812,#3063,.T.);
#3061 = VERTEX_POINT('',#3062);
#3062 = CARTESIAN_POINT('',(90.,-67.05,26.5));
#3063 = LINE('',#3064,#3065);
#3064 = CARTESIAN_POINT('',(90.,-40.,26.5));
#3065 = VECTOR('',#3066,1.);
#3066 = DIRECTION('',(0.,-1.,0.));
#3067 = ORIENTED_EDGE('',*,*,#3068,.F.);
#3068 = EDGE_CURVE('',#3069,#3061,#3071,.T.);
#3069 = VERTEX_POINT('',#3070);
#3070 = CARTESIAN_POINT('',(69.9,-67.05,26.5));
#3071 = LINE('',#3072,#3073);
#3072 = CARTESIAN_POINT('',(68.691666666667,-67.05,26.5));
#3073 = VECTOR('',#3074,1.);
#3074 = DIRECTION('',(1.,0.,0.));
#3075 = ORIENTED_EDGE('',*,*,#3076,.F.);
#3076 = EDGE_CURVE('',#3077,#3069,#3079,.T.);
#3077 = VERTEX_POINT('',#3078);
#3078 = CARTESIAN_POINT('',(69.9,-46.95,26.5));
#3079 = LINE('',#3080,#3081);
#3080 = CARTESIAN_POINT('',(69.9,-46.83333333333,26.5));
#3081 = VECTOR('',#3082,1.);
#3082 = DIRECTION('',(0.,-1.,0.));
#3083 = ORIENTED_EDGE('',*,*,#3084,.F.);
#3084 = EDGE_CURVE('',#3085,#3077,#3087,.T.);
#3085 = VERTEX_POINT('',#3086);
#3086 = CARTESIAN_POINT('',(90.,-46.95,26.5));
#3087 = LINE('',#3088,#3089);
#3088 = CARTESIAN_POINT('',(58.641666666667,-46.95,26.5));
#3089 = VECTOR('',#3090,1.);
#3090 = DIRECTION('',(-1.,0.,0.));
#3091 = ORIENTED_EDGE('',*,*,#3092,.F.);
#3092 = EDGE_CURVE('',#3093,#3085,#3095,.T.);
#3093 = VERTEX_POINT('',#3094);
#3094 = CARTESIAN_POINT('',(90.,-41.,26.5));
#3095 = LINE('',#3096,#3097);
#3096 = CARTESIAN_POINT('',(90.,-40.,26.5));
#3097 = VECTOR('',#3098,1.);
#3098 = DIRECTION('',(0.,-1.,0.));
#3099 = ORIENTED_EDGE('',*,*,#3100,.T.);
#3100 = EDGE_CURVE('',#3093,#3101,#3103,.T.);
#3101 = VERTEX_POINT('',#3102);
#3102 = CARTESIAN_POINT('',(89.,-40.,26.5));
#3103 = LINE('',#3104,#3105);
#3104 = CARTESIAN_POINT('',(75.5,-26.5,26.5));
#3105 = VECTOR('',#3106,1.);
#3106 = DIRECTION('',(-0.707106781187,0.707106781187,0.));
#3107 = ORIENTED_EDGE('',*,*,#3108,.T.);
#3108 = EDGE_CURVE('',#3101,#3109,#3111,.T.);
#3109 = VERTEX_POINT('',#3110);
#3110 = CARTESIAN_POINT('',(37.,-40.,26.5));
#3111 = LINE('',#3112,#3113);
#3112 = CARTESIAN_POINT('',(90.,-40.,26.5));
#3113 = VECTOR('',#3114,1.);
#3114 = DIRECTION('',(-1.,0.,0.));
#3115 = ORIENTED_EDGE('',*,*,#3116,.F.);
#3116 = EDGE_CURVE('',#3117,#3109,#3119,.T.);
#3117 = VERTEX_POINT('',#3118);
#3118 = CARTESIAN_POINT('',(36.,-39.,26.5));
#3119 = LINE('',#3120,#3121);
#3120 = CARTESIAN_POINT('',(36.,-39.,26.5));
#3121 = VECTOR('',#3122,1.);
#3122 = DIRECTION('',(0.707106781187,-0.707106781187,0.));
#3123 = ORIENTED_EDGE('',*,*,#3124,.T.);
#3124 = EDGE_CURVE('',#3117,#2990,#3125,.T.);
#3125 = LINE('',#3126,#3127);
#3126 = CARTESIAN_POINT('',(36.,-40.,26.5));
#3127 = VECTOR('',#3128,1.);
#3128 = DIRECTION('',(0.,1.,0.));
#3129 = ORIENTED_EDGE('',*,*,#2989,.F.);
#3130 = ORIENTED_EDGE('',*,*,#1618,.T.);
#3131 = ORIENTED_EDGE('',*,*,#3132,.T.);
#3132 = EDGE_CURVE('',#1619,#3014,#3133,.T.);
#3133 = LINE('',#3134,#3135);
#3134 = CARTESIAN_POINT('',(13.691666666667,28.691666666667,26.5));
#3135 = VECTOR('',#3136,1.);
#3136 = DIRECTION('',(-0.707106781187,-0.707106781187,0.));
#3137 = FACE_BOUND('',#3138,.T.);
#3138 = EDGE_LOOP('',(#3139));
#3139 = ORIENTED_EDGE('',*,*,#3140,.F.);
#3140 = EDGE_CURVE('',#3141,#3141,#3143,.T.);
#3141 = VERTEX_POINT('',#3142);
#3142 = CARTESIAN_POINT('',(31.,-32.5,26.5));
#3143 = CIRCLE('',#3144,1.);
#3144 = AXIS2_PLACEMENT_3D('',#3145,#3146,#3147);
#3145 = CARTESIAN_POINT('',(30.,-32.5,26.5));
#3146 = DIRECTION('',(0.,0.,1.));
#3147 = DIRECTION('',(1.,0.,0.));
#3148 = FACE_BOUND('',#3149,.T.);
#3149 = EDGE_LOOP('',(#3150));
#3150 = ORIENTED_EDGE('',*,*,#3151,.F.);
#3151 = EDGE_CURVE('',#3152,#3152,#3154,.T.);
#3152 = VERTEX_POINT('',#3153);
#3153 = CARTESIAN_POINT('',(31.,14.5,26.5));
#3154 = CIRCLE('',#3155,1.);
#3155 = AXIS2_PLACEMENT_3D('',#3156,#3157,#3158);
#3156 = CARTESIAN_POINT('',(30.,14.5,26.5));
#3157 = DIRECTION('',(0.,0.,1.));
#3158 = DIRECTION('',(1.,0.,0.));
#3159 = PLANE('',#3160);
#3160 = AXIS2_PLACEMENT_3D('',#3161,#3162,#3163);
#3161 = CARTESIAN_POINT('',(47.383333333333,-26.61666666666,26.5));
#3162 = DIRECTION('',(0.,0.,1.));
#3163 = DIRECTION('',(1.,0.,0.));
#3164 = ADVANCED_FACE('',(#3165),#3183,.F.);
#3165 = FACE_BOUND('',#3166,.T.);
#3166 = EDGE_LOOP('',(#3167,#3175,#3176,#3177));
#3167 = ORIENTED_EDGE('',*,*,#3168,.F.);
#3168 = EDGE_CURVE('',#1627,#3169,#3171,.T.);
#3169 = VERTEX_POINT('',#3170);
#3170 = CARTESIAN_POINT('',(24.,39.,-21.5));
#3171 = LINE('',#3172,#3173);
#3172 = CARTESIAN_POINT('',(16.333333333333,31.333333333333,
    -13.83333333333));
#3173 = VECTOR('',#3174,1.);
#3174 = DIRECTION('',(-0.57735026919,-0.57735026919,0.57735026919));
#3175 = ORIENTED_EDGE('',*,*,#1634,.T.);
#3176 = ORIENTED_EDGE('',*,*,#2178,.T.);
#3177 = ORIENTED_EDGE('',*,*,#3178,.F.);
#3178 = EDGE_CURVE('',#3169,#2115,#3179,.T.);
#3179 = LINE('',#3180,#3181);
#3180 = CARTESIAN_POINT('',(24.,39.,-21.5));
#3181 = VECTOR('',#3182,1.);
#3182 = DIRECTION('',(-1.,0.,0.));
#3183 = PLANE('',#3184);
#3184 = AXIS2_PLACEMENT_3D('',#3185,#3186,#3187);
#3185 = CARTESIAN_POINT('',(24.,39.5,-22.));
#3186 = DIRECTION('',(0.,-0.707106781187,-0.707106781187));
#3187 = DIRECTION('',(1.,0.,0.));
#3188 = ADVANCED_FACE('',(#3189),#3200,.F.);
#3189 = FACE_BOUND('',#3190,.T.);
#3190 = EDGE_LOOP('',(#3191,#3192,#3193,#3194));
#3191 = ORIENTED_EDGE('',*,*,#3132,.F.);
#3192 = ORIENTED_EDGE('',*,*,#1626,.T.);
#3193 = ORIENTED_EDGE('',*,*,#3168,.T.);
#3194 = ORIENTED_EDGE('',*,*,#3195,.F.);
#3195 = EDGE_CURVE('',#3014,#3169,#3196,.T.);
#3196 = LINE('',#3197,#3198);
#3197 = CARTESIAN_POINT('',(24.,39.,26.5));
#3198 = VECTOR('',#3199,1.);
#3199 = DIRECTION('',(-0.,-0.,-1.));
#3200 = PLANE('',#3201);
#3201 = AXIS2_PLACEMENT_3D('',#3202,#3203,#3204);
#3202 = CARTESIAN_POINT('',(24.5,39.5,26.5));
#3203 = DIRECTION('',(0.707106781187,-0.707106781187,0.));
#3204 = DIRECTION('',(0.,0.,1.));
#3205 = ADVANCED_FACE('',(#3206),#3225,.F.);
#3206 = FACE_BOUND('',#3207,.T.);
#3207 = EDGE_LOOP('',(#3208,#3216,#3217,#3218));
#3208 = ORIENTED_EDGE('',*,*,#3209,.F.);
#3209 = EDGE_CURVE('',#1671,#3210,#3212,.T.);
#3210 = VERTEX_POINT('',#3211);
#3211 = CARTESIAN_POINT('',(-82.45,-42.8,7.5));
#3212 = LINE('',#3213,#3214);
#3213 = CARTESIAN_POINT('',(-82.45,-42.8,7.5));
#3214 = VECTOR('',#3215,1.);
#3215 = DIRECTION('',(0.666015769309,-0.745937661626,0.));
#3216 = ORIENTED_EDGE('',*,*,#1670,.T.);
#3217 = ORIENTED_EDGE('',*,*,#3209,.T.);
#3218 = ORIENTED_EDGE('',*,*,#3219,.F.);
#3219 = EDGE_CURVE('',#3210,#3210,#3220,.T.);
#3220 = CIRCLE('',#3221,2.5);
#3221 = AXIS2_PLACEMENT_3D('',#3222,#3223,#3224);
#3222 = CARTESIAN_POINT('',(-79.95,-42.8,7.5));
#3223 = DIRECTION('',(0.,1.,-0.));
#3224 = DIRECTION('',(-1.,0.,0.));
#3225 = CONICAL_SURFACE('',#3226,2.5,0.728854726453);
#3226 = AXIS2_PLACEMENT_3D('',#3227,#3228,#3229);
#3227 = CARTESIAN_POINT('',(-79.95,-42.8,7.5));
#3228 = DIRECTION('',(0.,1.,0.));
#3229 = DIRECTION('',(-1.,0.,0.));
#3230 = ADVANCED_FACE('',(#3231),#3256,.F.);
#3231 = FACE_BOUND('',#3232,.F.);
#3232 = EDGE_LOOP('',(#3233,#3241,#3249,#3255));
#3233 = ORIENTED_EDGE('',*,*,#3234,.T.);
#3234 = EDGE_CURVE('',#1682,#3235,#3237,.T.);
#3235 = VERTEX_POINT('',#3236);
#3236 = CARTESIAN_POINT('',(-51.05,-43.5,-4.05));
#3237 = LINE('',#3238,#3239);
#3238 = CARTESIAN_POINT('',(-51.05,-40.,-4.05));
#3239 = VECTOR('',#3240,1.);
#3240 = DIRECTION('',(0.,-1.,2.2E-16));
#3241 = ORIENTED_EDGE('',*,*,#3242,.T.);
#3242 = EDGE_CURVE('',#3235,#3243,#3245,.T.);
#3243 = VERTEX_POINT('',#3244);
#3244 = CARTESIAN_POINT('',(-51.05,-43.5,4.05));
#3245 = LINE('',#3246,#3247);
#3246 = CARTESIAN_POINT('',(-51.05,-43.5,-4.05));
#3247 = VECTOR('',#3248,1.);
#3248 = DIRECTION('',(0.,0.,1.));
#3249 = ORIENTED_EDGE('',*,*,#3250,.F.);
#3250 = EDGE_CURVE('',#1684,#3243,#3251,.T.);
#3251 = LINE('',#3252,#3253);
#3252 = CARTESIAN_POINT('',(-51.05,-40.,4.05));
#3253 = VECTOR('',#3254,1.);
#3254 = DIRECTION('',(0.,-1.,2.2E-16));
#3255 = ORIENTED_EDGE('',*,*,#1681,.F.);
#3256 = PLANE('',#3257);
#3257 = AXIS2_PLACEMENT_3D('',#3258,#3259,#3260);
#3258 = CARTESIAN_POINT('',(-51.05,-40.,-4.05));
#3259 = DIRECTION('',(-1.,0.,0.));
#3260 = DIRECTION('',(0.,2.2E-16,1.));
#3261 = ADVANCED_FACE('',(#3262),#3280,.F.);
#3262 = FACE_BOUND('',#3263,.F.);
#3263 = EDGE_LOOP('',(#3264,#3272,#3278,#3279));
#3264 = ORIENTED_EDGE('',*,*,#3265,.T.);
#3265 = EDGE_CURVE('',#1692,#3266,#3268,.T.);
#3266 = VERTEX_POINT('',#3267);
#3267 = CARTESIAN_POINT('',(-42.95,-43.5,-4.05));
#3268 = LINE('',#3269,#3270);
#3269 = CARTESIAN_POINT('',(-42.95,-40.,-4.05));
#3270 = VECTOR('',#3271,1.);
#3271 = DIRECTION('',(0.,-1.,2.2E-16));
#3272 = ORIENTED_EDGE('',*,*,#3273,.T.);
#3273 = EDGE_CURVE('',#3266,#3235,#3274,.T.);
#3274 = LINE('',#3275,#3276);
#3275 = CARTESIAN_POINT('',(-42.95,-43.5,-4.05));
#3276 = VECTOR('',#3277,1.);
#3277 = DIRECTION('',(-1.,0.,0.));
#3278 = ORIENTED_EDGE('',*,*,#3234,.F.);
#3279 = ORIENTED_EDGE('',*,*,#1691,.F.);
#3280 = PLANE('',#3281);
#3281 = AXIS2_PLACEMENT_3D('',#3282,#3283,#3284);
#3282 = CARTESIAN_POINT('',(-42.95,-40.,-4.05));
#3283 = DIRECTION('',(-0.,-2.2E-16,-1.));
#3284 = DIRECTION('',(-1.,0.,0.));
#3285 = ADVANCED_FACE('',(#3286),#3304,.F.);
#3286 = FACE_BOUND('',#3287,.F.);
#3287 = EDGE_LOOP('',(#3288,#3289,#3297,#3303));
#3288 = ORIENTED_EDGE('',*,*,#3250,.T.);
#3289 = ORIENTED_EDGE('',*,*,#3290,.T.);
#3290 = EDGE_CURVE('',#3243,#3291,#3293,.T.);
#3291 = VERTEX_POINT('',#3292);
#3292 = CARTESIAN_POINT('',(-42.95,-43.5,4.05));
#3293 = LINE('',#3294,#3295);
#3294 = CARTESIAN_POINT('',(-51.05,-43.5,4.05));
#3295 = VECTOR('',#3296,1.);
#3296 = DIRECTION('',(1.,0.,0.));
#3297 = ORIENTED_EDGE('',*,*,#3298,.F.);
#3298 = EDGE_CURVE('',#1700,#3291,#3299,.T.);
#3299 = LINE('',#3300,#3301);
#3300 = CARTESIAN_POINT('',(-42.95,-40.,4.05));
#3301 = VECTOR('',#3302,1.);
#3302 = DIRECTION('',(0.,-1.,2.2E-16));
#3303 = ORIENTED_EDGE('',*,*,#1707,.F.);
#3304 = PLANE('',#3305);
#3305 = AXIS2_PLACEMENT_3D('',#3306,#3307,#3308);
#3306 = CARTESIAN_POINT('',(-51.05,-40.,4.05));
#3307 = DIRECTION('',(0.,2.2E-16,1.));
#3308 = DIRECTION('',(1.,0.,0.));
#3309 = ADVANCED_FACE('',(#3310),#3321,.F.);
#3310 = FACE_BOUND('',#3311,.F.);
#3311 = EDGE_LOOP('',(#3312,#3313,#3319,#3320));
#3312 = ORIENTED_EDGE('',*,*,#3298,.T.);
#3313 = ORIENTED_EDGE('',*,*,#3314,.T.);
#3314 = EDGE_CURVE('',#3291,#3266,#3315,.T.);
#3315 = LINE('',#3316,#3317);
#3316 = CARTESIAN_POINT('',(-42.95,-43.5,4.05));
#3317 = VECTOR('',#3318,1.);
#3318 = DIRECTION('',(0.,0.,-1.));
#3319 = ORIENTED_EDGE('',*,*,#3265,.F.);
#3320 = ORIENTED_EDGE('',*,*,#1699,.F.);
#3321 = PLANE('',#3322);
#3322 = AXIS2_PLACEMENT_3D('',#3323,#3324,#3325);
#3323 = CARTESIAN_POINT('',(-42.95,-40.,4.05));
#3324 = DIRECTION('',(1.,0.,0.));
#3325 = DIRECTION('',(0.,-2.2E-16,-1.));
#3326 = ADVANCED_FACE('',(#3327),#3345,.T.);
#3327 = FACE_BOUND('',#3328,.T.);
#3328 = EDGE_LOOP('',(#3329,#3337,#3338,#3339));
#3329 = ORIENTED_EDGE('',*,*,#3330,.F.);
#3330 = EDGE_CURVE('',#1722,#3331,#3333,.T.);
#3331 = VERTEX_POINT('',#3332);
#3332 = CARTESIAN_POINT('',(-89.,-40.30591533511,-26.5));
#3333 = LINE('',#3334,#3335);
#3334 = CARTESIAN_POINT('',(-89.52235023377,-40.1461203883,
    -25.97764976622));
#3335 = VECTOR('',#3336,1.);
#3336 = DIRECTION('',(0.691122106594,-0.211424850843,-0.691122106594));
#3337 = ORIENTED_EDGE('',*,*,#1731,.T.);
#3338 = ORIENTED_EDGE('',*,*,#2878,.T.);
#3339 = ORIENTED_EDGE('',*,*,#3340,.F.);
#3340 = EDGE_CURVE('',#3331,#2879,#3341,.T.);
#3341 = LINE('',#3342,#3343);
#3342 = CARTESIAN_POINT('',(-89.17115132592,-40.559472855,-26.5));
#3343 = VECTOR('',#3344,1.);
#3344 = DIRECTION('',(0.559472855001,0.828848674076,0.));
#3345 = PLANE('',#3346);
#3346 = AXIS2_PLACEMENT_3D('',#3347,#3348,#3349);
#3347 = CARTESIAN_POINT('',(-89.58557566296,-40.2797364275,-26.));
#3348 = DIRECTION('',(-0.586084518016,0.395607049661,-0.707106781187));
#3349 = DIRECTION('',(0.559472855001,0.828848674076,5.551115123126E-17)
  );
#3350 = ADVANCED_FACE('',(#3351),#3362,.T.);
#3351 = FACE_BOUND('',#3352,.T.);
#3352 = EDGE_LOOP('',(#3353,#3354,#3360,#3361));
#3353 = ORIENTED_EDGE('',*,*,#3330,.T.);
#3354 = ORIENTED_EDGE('',*,*,#3355,.T.);
#3355 = EDGE_CURVE('',#3331,#1846,#3356,.T.);
#3356 = LINE('',#3357,#3358);
#3357 = CARTESIAN_POINT('',(-89.,-40.,-26.5));
#3358 = VECTOR('',#3359,1.);
#3359 = DIRECTION('',(0.,-1.,2.2E-16));
#3360 = ORIENTED_EDGE('',*,*,#1845,.T.);
#3361 = ORIENTED_EDGE('',*,*,#1797,.F.);
#3362 = PLANE('',#3363);
#3363 = AXIS2_PLACEMENT_3D('',#3364,#3365,#3366);
#3364 = CARTESIAN_POINT('',(-89.5,-40.,-26.));
#3365 = DIRECTION('',(-0.707106781187,0.,-0.707106781187));
#3366 = DIRECTION('',(-1.1E-16,-1.,1.1E-16));
#3367 = ADVANCED_FACE('',(#3368,#3374),#3385,.T.);
#3368 = FACE_BOUND('',#3369,.T.);
#3369 = EDGE_LOOP('',(#3370,#3371,#3372,#3373));
#3370 = ORIENTED_EDGE('',*,*,#2060,.F.);
#3371 = ORIENTED_EDGE('',*,*,#1779,.F.);
#3372 = ORIENTED_EDGE('',*,*,#1953,.F.);
#3373 = ORIENTED_EDGE('',*,*,#2001,.F.);
#3374 = FACE_BOUND('',#3375,.T.);
#3375 = EDGE_LOOP('',(#3376));
#3376 = ORIENTED_EDGE('',*,*,#3377,.F.);
#3377 = EDGE_CURVE('',#3378,#3378,#3380,.T.);
#3378 = VERTEX_POINT('',#3379);
#3379 = CARTESIAN_POINT('',(-77.45,-57.,-21.5));
#3380 = CIRCLE('',#3381,2.5);
#3381 = AXIS2_PLACEMENT_3D('',#3382,#3383,#3384);
#3382 = CARTESIAN_POINT('',(-79.95,-57.,-21.5));
#3383 = DIRECTION('',(0.,0.,1.));
#3384 = DIRECTION('',(1.,0.,0.));
#3385 = PLANE('',#3386);
#3386 = AXIS2_PLACEMENT_3D('',#3387,#3388,#3389);
#3387 = CARTESIAN_POINT('',(1.06E-15,-57.,-21.5));
#3388 = DIRECTION('',(0.,0.,1.));
#3389 = DIRECTION('',(1.,0.,0.));
#3390 = ADVANCED_FACE('',(#3391),#3409,.T.);
#3391 = FACE_BOUND('',#3392,.T.);
#3392 = EDGE_LOOP('',(#3393,#3401,#3402,#3403));
#3393 = ORIENTED_EDGE('',*,*,#3394,.T.);
#3394 = EDGE_CURVE('',#3395,#1822,#3397,.T.);
#3395 = VERTEX_POINT('',#3396);
#3396 = CARTESIAN_POINT('',(63.,-73.,-21.5));
#3397 = LINE('',#3398,#3399);
#3398 = CARTESIAN_POINT('',(63.333333333333,-73.33333333333,
    -21.83333333333));
#3399 = VECTOR('',#3400,1.);
#3400 = DIRECTION('',(0.57735026919,-0.57735026919,-0.57735026919));
#3401 = ORIENTED_EDGE('',*,*,#1821,.T.);
#3402 = ORIENTED_EDGE('',*,*,#3053,.T.);
#3403 = ORIENTED_EDGE('',*,*,#3404,.F.);
#3404 = EDGE_CURVE('',#3395,#3046,#3405,.T.);
#3405 = LINE('',#3406,#3407);
#3406 = CARTESIAN_POINT('',(63.,-73.,-21.5));
#3407 = VECTOR('',#3408,1.);
#3408 = DIRECTION('',(0.,0.,1.));
#3409 = PLANE('',#3410);
#3410 = AXIS2_PLACEMENT_3D('',#3411,#3412,#3413);
#3411 = CARTESIAN_POINT('',(63.5,-73.5,-21.5));
#3412 = DIRECTION('',(-0.707106781187,-0.707106781187,0.));
#3413 = DIRECTION('',(0.,0.,1.));
#3414 = ADVANCED_FACE('',(#3415),#3456,.T.);
#3415 = FACE_BOUND('',#3416,.T.);
#3416 = EDGE_LOOP('',(#3417,#3418,#3424,#3425,#3426,#3432,#3433,#3441,
    #3449,#3455));
#3417 = ORIENTED_EDGE('',*,*,#1869,.F.);
#3418 = ORIENTED_EDGE('',*,*,#3419,.F.);
#3419 = EDGE_CURVE('',#2910,#1862,#3420,.T.);
#3420 = LINE('',#3421,#3422);
#3421 = CARTESIAN_POINT('',(90.,-40.,-25.5));
#3422 = VECTOR('',#3423,1.);
#3423 = DIRECTION('',(0.,-1.,2.2E-16));
#3424 = ORIENTED_EDGE('',*,*,#2909,.T.);
#3425 = ORIENTED_EDGE('',*,*,#2949,.T.);
#3426 = ORIENTED_EDGE('',*,*,#3427,.T.);
#3427 = EDGE_CURVE('',#2942,#3093,#3428,.T.);
#3428 = LINE('',#3429,#3430);
#3429 = CARTESIAN_POINT('',(90.,-41.,-11.5));
#3430 = VECTOR('',#3431,1.);
#3431 = DIRECTION('',(0.,2.2E-16,1.));
#3432 = ORIENTED_EDGE('',*,*,#3092,.T.);
#3433 = ORIENTED_EDGE('',*,*,#3434,.F.);
#3434 = EDGE_CURVE('',#3435,#3085,#3437,.T.);
#3435 = VERTEX_POINT('',#3436);
#3436 = CARTESIAN_POINT('',(90.,-46.95,-21.5));
#3437 = LINE('',#3438,#3439);
#3438 = CARTESIAN_POINT('',(90.,-46.95,-26.5));
#3439 = VECTOR('',#3440,1.);
#3440 = DIRECTION('',(0.,0.,1.));
#3441 = ORIENTED_EDGE('',*,*,#3442,.T.);
#3442 = EDGE_CURVE('',#3435,#3443,#3445,.T.);
#3443 = VERTEX_POINT('',#3444);
#3444 = CARTESIAN_POINT('',(90.,-67.05,-21.5));
#3445 = LINE('',#3446,#3447);
#3446 = CARTESIAN_POINT('',(90.,-40.,-21.5));
#3447 = VECTOR('',#3448,1.);
#3448 = DIRECTION('',(0.,-1.,0.));
#3449 = ORIENTED_EDGE('',*,*,#3450,.T.);
#3450 = EDGE_CURVE('',#3443,#3061,#3451,.T.);
#3451 = LINE('',#3452,#3453);
#3452 = CARTESIAN_POINT('',(90.,-67.05,-26.5));
#3453 = VECTOR('',#3454,1.);
#3454 = DIRECTION('',(0.,0.,1.));
#3455 = ORIENTED_EDGE('',*,*,#3060,.T.);
#3456 = PLANE('',#3457);
#3457 = AXIS2_PLACEMENT_3D('',#3458,#3459,#3460);
#3458 = CARTESIAN_POINT('',(90.,-57.,-2.684444444444));
#3459 = DIRECTION('',(1.,0.,0.));
#3460 = DIRECTION('',(0.,0.,1.));
#3461 = ADVANCED_FACE('',(#3462),#3473,.T.);
#3462 = FACE_BOUND('',#3463,.T.);
#3463 = EDGE_LOOP('',(#3464,#3465,#3471,#3472));
#3464 = ORIENTED_EDGE('',*,*,#3394,.F.);
#3465 = ORIENTED_EDGE('',*,*,#3466,.T.);
#3466 = EDGE_CURVE('',#3395,#1906,#3467,.T.);
#3467 = LINE('',#3468,#3469);
#3468 = CARTESIAN_POINT('',(63.,-73.,-21.5));
#3469 = VECTOR('',#3470,1.);
#3470 = DIRECTION('',(-1.,0.,0.));
#3471 = ORIENTED_EDGE('',*,*,#1905,.F.);
#3472 = ORIENTED_EDGE('',*,*,#1829,.F.);
#3473 = PLANE('',#3474);
#3474 = AXIS2_PLACEMENT_3D('',#3475,#3476,#3477);
#3475 = CARTESIAN_POINT('',(63.,-73.5,-22.));
#3476 = DIRECTION('',(0.,-0.707106781187,0.707106781187));
#3477 = DIRECTION('',(-1.,0.,0.));
#3478 = ADVANCED_FACE('',(#3479),#3497,.T.);
#3479 = FACE_BOUND('',#3480,.F.);
#3480 = EDGE_LOOP('',(#3481,#3489,#3495,#3496));
#3481 = ORIENTED_EDGE('',*,*,#3482,.F.);
#3482 = EDGE_CURVE('',#3483,#2910,#3485,.T.);
#3483 = VERTEX_POINT('',#3484);
#3484 = CARTESIAN_POINT('',(89.,-40.30591533511,-26.5));
#3485 = LINE('',#3486,#3487);
#3486 = CARTESIAN_POINT('',(82.470622077788,-42.30335217026,
    -33.02937792221));
#3487 = VECTOR('',#3488,1.);
#3488 = DIRECTION('',(0.691122106594,0.211424850843,0.691122106594));
#3489 = ORIENTED_EDGE('',*,*,#3490,.T.);
#3490 = EDGE_CURVE('',#3483,#1854,#3491,.T.);
#3491 = LINE('',#3492,#3493);
#3492 = CARTESIAN_POINT('',(89.,-40.,-26.5));
#3493 = VECTOR('',#3494,1.);
#3494 = DIRECTION('',(0.,-1.,2.2E-16));
#3495 = ORIENTED_EDGE('',*,*,#1861,.T.);
#3496 = ORIENTED_EDGE('',*,*,#3419,.F.);
#3497 = PLANE('',#3498);
#3498 = AXIS2_PLACEMENT_3D('',#3499,#3500,#3501);
#3499 = CARTESIAN_POINT('',(89.5,-40.,-26.));
#3500 = DIRECTION('',(0.707106781187,0.,-0.707106781187));
#3501 = DIRECTION('',(-1.1E-16,1.,-1.1E-16));
#3502 = ADVANCED_FACE('',(#3503,#3516,#3527),#3538,.T.);
#3503 = FACE_BOUND('',#3504,.T.);
#3504 = EDGE_LOOP('',(#3505,#3506,#3507,#3508,#3509,#3515));
#3505 = ORIENTED_EDGE('',*,*,#1853,.T.);
#3506 = ORIENTED_EDGE('',*,*,#3355,.F.);
#3507 = ORIENTED_EDGE('',*,*,#3340,.T.);
#3508 = ORIENTED_EDGE('',*,*,#2886,.F.);
#3509 = ORIENTED_EDGE('',*,*,#3510,.T.);
#3510 = EDGE_CURVE('',#2870,#3483,#3511,.T.);
#3511 = LINE('',#3512,#3513);
#3512 = CARTESIAN_POINT('',(35.171151325924,39.440527144999,-26.5));
#3513 = VECTOR('',#3514,1.);
#3514 = DIRECTION('',(0.559472855001,-0.828848674076,0.));
#3515 = ORIENTED_EDGE('',*,*,#3490,.T.);
#3516 = FACE_BOUND('',#3517,.T.);
#3517 = EDGE_LOOP('',(#3518));
#3518 = ORIENTED_EDGE('',*,*,#3519,.T.);
#3519 = EDGE_CURVE('',#3520,#3520,#3522,.T.);
#3520 = VERTEX_POINT('',#3521);
#3521 = CARTESIAN_POINT('',(-74.95,-57.,-26.5));
#3522 = CIRCLE('',#3523,5.);
#3523 = AXIS2_PLACEMENT_3D('',#3524,#3525,#3526);
#3524 = CARTESIAN_POINT('',(-79.95,-57.,-26.5));
#3525 = DIRECTION('',(0.,0.,1.));
#3526 = DIRECTION('',(1.,0.,0.));
#3527 = FACE_BOUND('',#3528,.T.);
#3528 = EDGE_LOOP('',(#3529));
#3529 = ORIENTED_EDGE('',*,*,#3530,.T.);
#3530 = EDGE_CURVE('',#3531,#3531,#3533,.T.);
#3531 = VERTEX_POINT('',#3532);
#3532 = CARTESIAN_POINT('',(84.95,-57.,-26.5));
#3533 = CIRCLE('',#3534,5.);
#3534 = AXIS2_PLACEMENT_3D('',#3535,#3536,#3537);
#3535 = CARTESIAN_POINT('',(79.95,-57.,-26.5));
#3536 = DIRECTION('',(0.,0.,1.));
#3537 = DIRECTION('',(1.,0.,0.));
#3538 = PLANE('',#3539);
#3539 = AXIS2_PLACEMENT_3D('',#3540,#3541,#3542);
#3540 = CARTESIAN_POINT('',(7.09E-15,-27.90431918988,-26.5));
#3541 = DIRECTION('',(-0.,-0.,-1.));
#3542 = DIRECTION('',(-1.,0.,0.));
#3543 = ADVANCED_FACE('',(#3544),#3563,.F.);
#3544 = FACE_BOUND('',#3545,.F.);
#3545 = EDGE_LOOP('',(#3546,#3554,#3561,#3562));
#3546 = ORIENTED_EDGE('',*,*,#3547,.T.);
#3547 = EDGE_CURVE('',#1878,#3548,#3550,.T.);
#3548 = VERTEX_POINT('',#3549);
#3549 = CARTESIAN_POINT('',(-71.4,-71.9,7.5));
#3550 = LINE('',#3551,#3552);
#3551 = CARTESIAN_POINT('',(-71.4,-74.,7.5));
#3552 = VECTOR('',#3553,1.);
#3553 = DIRECTION('',(0.,1.,-2.2E-16));
#3554 = ORIENTED_EDGE('',*,*,#3555,.T.);
#3555 = EDGE_CURVE('',#3548,#3548,#3556,.T.);
#3556 = CIRCLE('',#3557,5.1);
#3557 = AXIS2_PLACEMENT_3D('',#3558,#3559,#3560);
#3558 = CARTESIAN_POINT('',(-76.5,-71.9,7.5));
#3559 = DIRECTION('',(0.,-1.,0.));
#3560 = DIRECTION('',(1.,0.,0.));
#3561 = ORIENTED_EDGE('',*,*,#3547,.F.);
#3562 = ORIENTED_EDGE('',*,*,#1877,.F.);
#3563 = CYLINDRICAL_SURFACE('',#3564,5.1);
#3564 = AXIS2_PLACEMENT_3D('',#3565,#3566,#3567);
#3565 = CARTESIAN_POINT('',(-76.5,-74.,7.5));
#3566 = DIRECTION('',(0.,-1.,2.2E-16));
#3567 = DIRECTION('',(1.,0.,0.));
#3568 = ADVANCED_FACE('',(#3569),#3588,.F.);
#3569 = FACE_BOUND('',#3570,.F.);
#3570 = EDGE_LOOP('',(#3571,#3579,#3586,#3587));
#3571 = ORIENTED_EDGE('',*,*,#3572,.T.);
#3572 = EDGE_CURVE('',#1889,#3573,#3575,.T.);
#3573 = VERTEX_POINT('',#3574);
#3574 = CARTESIAN_POINT('',(81.6,-71.9,7.5));
#3575 = LINE('',#3576,#3577);
#3576 = CARTESIAN_POINT('',(81.6,-74.,7.5));
#3577 = VECTOR('',#3578,1.);
#3578 = DIRECTION('',(0.,1.,-2.2E-16));
#3579 = ORIENTED_EDGE('',*,*,#3580,.T.);
#3580 = EDGE_CURVE('',#3573,#3573,#3581,.T.);
#3581 = CIRCLE('',#3582,5.1);
#3582 = AXIS2_PLACEMENT_3D('',#3583,#3584,#3585);
#3583 = CARTESIAN_POINT('',(76.5,-71.9,7.5));
#3584 = DIRECTION('',(0.,-1.,0.));
#3585 = DIRECTION('',(1.,0.,0.));
#3586 = ORIENTED_EDGE('',*,*,#3572,.F.);
#3587 = ORIENTED_EDGE('',*,*,#1888,.F.);
#3588 = CYLINDRICAL_SURFACE('',#3589,5.1);
#3589 = AXIS2_PLACEMENT_3D('',#3590,#3591,#3592);
#3590 = CARTESIAN_POINT('',(76.5,-74.,7.5));
#3591 = DIRECTION('',(0.,-1.,2.2E-16));
#3592 = DIRECTION('',(1.,0.,0.));
#3593 = ADVANCED_FACE('',(#3594),#3641,.T.);
#3594 = FACE_BOUND('',#3595,.T.);
#3595 = EDGE_LOOP('',(#3596,#3597,#3598,#3599,#3600,#3601,#3602,#3610,
    #3618,#3626,#3634,#3640));
#3596 = ORIENTED_EDGE('',*,*,#2114,.T.);
#3597 = ORIENTED_EDGE('',*,*,#2097,.T.);
#3598 = ORIENTED_EDGE('',*,*,#2034,.F.);
#3599 = ORIENTED_EDGE('',*,*,#1979,.F.);
#3600 = ORIENTED_EDGE('',*,*,#1929,.T.);
#3601 = ORIENTED_EDGE('',*,*,#3466,.F.);
#3602 = ORIENTED_EDGE('',*,*,#3603,.T.);
#3603 = EDGE_CURVE('',#3395,#3604,#3606,.T.);
#3604 = VERTEX_POINT('',#3605);
#3605 = CARTESIAN_POINT('',(63.,-53.,-21.5));
#3606 = LINE('',#3607,#3608);
#3607 = CARTESIAN_POINT('',(63.,-65.5,-21.5));
#3608 = VECTOR('',#3609,1.);
#3609 = DIRECTION('',(0.,1.,0.));
#3610 = ORIENTED_EDGE('',*,*,#3611,.T.);
#3611 = EDGE_CURVE('',#3604,#3612,#3614,.T.);
#3612 = VERTEX_POINT('',#3613);
#3613 = CARTESIAN_POINT('',(62.,-52.,-21.5));
#3614 = LINE('',#3615,#3616);
#3615 = CARTESIAN_POINT('',(41.7375,-31.7375,-21.5));
#3616 = VECTOR('',#3617,1.);
#3617 = DIRECTION('',(-0.707106781187,0.707106781187,0.));
#3618 = ORIENTED_EDGE('',*,*,#3619,.F.);
#3619 = EDGE_CURVE('',#3620,#3612,#3622,.T.);
#3620 = VERTEX_POINT('',#3621);
#3621 = CARTESIAN_POINT('',(25.,-52.,-21.5));
#3622 = LINE('',#3623,#3624);
#3623 = CARTESIAN_POINT('',(7.3E-16,-52.,-21.5));
#3624 = VECTOR('',#3625,1.);
#3625 = DIRECTION('',(1.,0.,0.));
#3626 = ORIENTED_EDGE('',*,*,#3627,.F.);
#3627 = EDGE_CURVE('',#3628,#3620,#3630,.T.);
#3628 = VERTEX_POINT('',#3629);
#3629 = CARTESIAN_POINT('',(24.,-51.,-21.5));
#3630 = LINE('',#3631,#3632);
#3631 = CARTESIAN_POINT('',(13.4875,-40.4875,-21.5));
#3632 = VECTOR('',#3633,1.);
#3633 = DIRECTION('',(0.707106781187,-0.707106781187,0.));
#3634 = ORIENTED_EDGE('',*,*,#3635,.T.);
#3635 = EDGE_CURVE('',#3628,#3169,#3636,.T.);
#3636 = LINE('',#3637,#3638);
#3637 = CARTESIAN_POINT('',(24.,-40.,-21.5));
#3638 = VECTOR('',#3639,1.);
#3639 = DIRECTION('',(0.,1.,0.));
#3640 = ORIENTED_EDGE('',*,*,#3178,.T.);
#3641 = PLANE('',#3642);
#3642 = AXIS2_PLACEMENT_3D('',#3643,#3644,#3645);
#3643 = CARTESIAN_POINT('',(7.11E-15,-31.95,-21.5));
#3644 = DIRECTION('',(0.,0.,1.));
#3645 = DIRECTION('',(1.,0.,0.));
#3646 = ADVANCED_FACE('',(#3647),#3666,.F.);
#3647 = FACE_BOUND('',#3648,.F.);
#3648 = EDGE_LOOP('',(#3649,#3657,#3658,#3659));
#3649 = ORIENTED_EDGE('',*,*,#3650,.F.);
#3650 = EDGE_CURVE('',#2044,#3651,#3653,.T.);
#3651 = VERTEX_POINT('',#3652);
#3652 = CARTESIAN_POINT('',(-44.5,-43.5,5.E-15));
#3653 = LINE('',#3654,#3655);
#3654 = CARTESIAN_POINT('',(-44.5,-52.,6.47E-15));
#3655 = VECTOR('',#3656,1.);
#3656 = DIRECTION('',(0.,1.,-2.2E-16));
#3657 = ORIENTED_EDGE('',*,*,#2043,.F.);
#3658 = ORIENTED_EDGE('',*,*,#3650,.T.);
#3659 = ORIENTED_EDGE('',*,*,#3660,.T.);
#3660 = EDGE_CURVE('',#3651,#3651,#3661,.T.);
#3661 = CIRCLE('',#3662,2.5);
#3662 = AXIS2_PLACEMENT_3D('',#3663,#3664,#3665);
#3663 = CARTESIAN_POINT('',(-47.,-43.5,4.58E-15));
#3664 = DIRECTION('',(0.,-1.,2.2E-16));
#3665 = DIRECTION('',(1.,0.,0.));
#3666 = CYLINDRICAL_SURFACE('',#3667,2.5);
#3667 = AXIS2_PLACEMENT_3D('',#3668,#3669,#3670);
#3668 = CARTESIAN_POINT('',(-47.,-52.,6.47E-15));
#3669 = DIRECTION('',(0.,-1.,2.2E-16));
#3670 = DIRECTION('',(1.,0.,0.));
#3671 = ADVANCED_FACE('',(#3672),#3683,.F.);
#3672 = FACE_BOUND('',#3673,.F.);
#3673 = EDGE_LOOP('',(#3674,#3680,#3681,#3682));
#3674 = ORIENTED_EDGE('',*,*,#3675,.F.);
#3675 = EDGE_CURVE('',#3210,#2072,#3676,.T.);
#3676 = LINE('',#3677,#3678);
#3677 = CARTESIAN_POINT('',(-82.45,-40.,7.5));
#3678 = VECTOR('',#3679,1.);
#3679 = DIRECTION('',(0.,-1.,2.2E-16));
#3680 = ORIENTED_EDGE('',*,*,#3219,.F.);
#3681 = ORIENTED_EDGE('',*,*,#3675,.T.);
#3682 = ORIENTED_EDGE('',*,*,#2071,.T.);
#3683 = CYLINDRICAL_SURFACE('',#3684,2.5);
#3684 = AXIS2_PLACEMENT_3D('',#3685,#3686,#3687);
#3685 = CARTESIAN_POINT('',(-79.95,-40.,7.5));
#3686 = DIRECTION('',(0.,1.,-2.2E-16));
#3687 = DIRECTION('',(-1.,0.,0.));
#3688 = ADVANCED_FACE('',(#3689),#3705,.F.);
#3689 = FACE_BOUND('',#3690,.F.);
#3690 = EDGE_LOOP('',(#3691,#3697,#3698,#3704));
#3691 = ORIENTED_EDGE('',*,*,#3692,.T.);
#3692 = EDGE_CURVE('',#2137,#2826,#3693,.T.);
#3693 = LINE('',#3694,#3695);
#3694 = CARTESIAN_POINT('',(-24.,-6.25,-5.25));
#3695 = VECTOR('',#3696,1.);
#3696 = DIRECTION('',(-1.,-0.,-0.));
#3697 = ORIENTED_EDGE('',*,*,#2825,.T.);
#3698 = ORIENTED_EDGE('',*,*,#3699,.F.);
#3699 = EDGE_CURVE('',#2139,#2828,#3700,.T.);
#3700 = LINE('',#3701,#3702);
#3701 = CARTESIAN_POINT('',(-24.,-6.25,0.25));
#3702 = VECTOR('',#3703,1.);
#3703 = DIRECTION('',(-1.,-0.,-0.));
#3704 = ORIENTED_EDGE('',*,*,#2136,.F.);
#3705 = PLANE('',#3706);
#3706 = AXIS2_PLACEMENT_3D('',#3707,#3708,#3709);
#3707 = CARTESIAN_POINT('',(-24.,-6.25,-5.25));
#3708 = DIRECTION('',(0.,1.,0.));
#3709 = DIRECTION('',(0.,0.,1.));
#3710 = ADVANCED_FACE('',(#3711),#3722,.F.);
#3711 = FACE_BOUND('',#3712,.F.);
#3712 = EDGE_LOOP('',(#3713,#3714,#3715,#3721));
#3713 = ORIENTED_EDGE('',*,*,#3699,.T.);
#3714 = ORIENTED_EDGE('',*,*,#2835,.T.);
#3715 = ORIENTED_EDGE('',*,*,#3716,.F.);
#3716 = EDGE_CURVE('',#2155,#2836,#3717,.T.);
#3717 = LINE('',#3718,#3719);
#3718 = CARTESIAN_POINT('',(-24.,-11.75,0.25));
#3719 = VECTOR('',#3720,1.);
#3720 = DIRECTION('',(-1.,-0.,-0.));
#3721 = ORIENTED_EDGE('',*,*,#2162,.F.);
#3722 = PLANE('',#3723);
#3723 = AXIS2_PLACEMENT_3D('',#3724,#3725,#3726);
#3724 = CARTESIAN_POINT('',(-24.,-6.25,0.25));
#3725 = DIRECTION('',(0.,0.,1.));
#3726 = DIRECTION('',(0.,-1.,0.));
#3727 = ADVANCED_FACE('',(#3728),#3739,.F.);
#3728 = FACE_BOUND('',#3729,.F.);
#3729 = EDGE_LOOP('',(#3730,#3731,#3732,#3738));
#3730 = ORIENTED_EDGE('',*,*,#3716,.T.);
#3731 = ORIENTED_EDGE('',*,*,#2843,.T.);
#3732 = ORIENTED_EDGE('',*,*,#3733,.F.);
#3733 = EDGE_CURVE('',#2147,#2844,#3734,.T.);
#3734 = LINE('',#3735,#3736);
#3735 = CARTESIAN_POINT('',(-24.,-11.75,-5.25));
#3736 = VECTOR('',#3737,1.);
#3737 = DIRECTION('',(-1.,-0.,-0.));
#3738 = ORIENTED_EDGE('',*,*,#2154,.F.);
#3739 = PLANE('',#3740);
#3740 = AXIS2_PLACEMENT_3D('',#3741,#3742,#3743);
#3741 = CARTESIAN_POINT('',(-24.,-11.75,0.25));
#3742 = DIRECTION('',(0.,-1.,0.));
#3743 = DIRECTION('',(0.,0.,-1.));
#3744 = ADVANCED_FACE('',(#3745),#3751,.F.);
#3745 = FACE_BOUND('',#3746,.F.);
#3746 = EDGE_LOOP('',(#3747,#3748,#3749,#3750));
#3747 = ORIENTED_EDGE('',*,*,#3733,.T.);
#3748 = ORIENTED_EDGE('',*,*,#2851,.T.);
#3749 = ORIENTED_EDGE('',*,*,#3692,.F.);
#3750 = ORIENTED_EDGE('',*,*,#2146,.F.);
#3751 = PLANE('',#3752);
#3752 = AXIS2_PLACEMENT_3D('',#3753,#3754,#3755);
#3753 = CARTESIAN_POINT('',(-24.,-11.75,-5.25));
#3754 = DIRECTION('',(0.,0.,-1.));
#3755 = DIRECTION('',(0.,1.,0.));
#3756 = ADVANCED_FACE('',(#3757),#3767,.T.);
#3757 = FACE_BOUND('',#3758,.T.);
#3758 = EDGE_LOOP('',(#3759,#3760,#3761,#3762,#3763,#3764,#3765,#3766));
#3759 = ORIENTED_EDGE('',*,*,#2494,.F.);
#3760 = ORIENTED_EDGE('',*,*,#2336,.T.);
#3761 = ORIENTED_EDGE('',*,*,#2252,.F.);
#3762 = ORIENTED_EDGE('',*,*,#2278,.T.);
#3763 = ORIENTED_EDGE('',*,*,#2301,.T.);
#3764 = ORIENTED_EDGE('',*,*,#2441,.T.);
#3765 = ORIENTED_EDGE('',*,*,#2468,.T.);
#3766 = ORIENTED_EDGE('',*,*,#2519,.T.);
#3767 = PLANE('',#3768);
#3768 = AXIS2_PLACEMENT_3D('',#3769,#3770,#3771);
#3769 = CARTESIAN_POINT('',(-27.4,14.5,19.097244539687));
#3770 = DIRECTION('',(-1.,-0.,-0.));
#3771 = DIRECTION('',(0.,0.,-1.));
#3772 = ADVANCED_FACE('',(#3773),#3792,.F.);
#3773 = FACE_BOUND('',#3774,.F.);
#3774 = EDGE_LOOP('',(#3775,#3776,#3784,#3791));
#3775 = ORIENTED_EDGE('',*,*,#2345,.F.);
#3776 = ORIENTED_EDGE('',*,*,#3777,.T.);
#3777 = EDGE_CURVE('',#2346,#3778,#3780,.T.);
#3778 = VERTEX_POINT('',#3779);
#3779 = CARTESIAN_POINT('',(-29.,14.5,16.5));
#3780 = LINE('',#3781,#3782);
#3781 = CARTESIAN_POINT('',(-29.,14.5,26.5));
#3782 = VECTOR('',#3783,1.);
#3783 = DIRECTION('',(-0.,-0.,-1.));
#3784 = ORIENTED_EDGE('',*,*,#3785,.T.);
#3785 = EDGE_CURVE('',#3778,#3778,#3786,.T.);
#3786 = CIRCLE('',#3787,1.);
#3787 = AXIS2_PLACEMENT_3D('',#3788,#3789,#3790);
#3788 = CARTESIAN_POINT('',(-30.,14.5,16.5));
#3789 = DIRECTION('',(0.,0.,1.));
#3790 = DIRECTION('',(1.,0.,0.));
#3791 = ORIENTED_EDGE('',*,*,#3777,.F.);
#3792 = CYLINDRICAL_SURFACE('',#3793,1.);
#3793 = AXIS2_PLACEMENT_3D('',#3794,#3795,#3796);
#3794 = CARTESIAN_POINT('',(-30.,14.5,26.5));
#3795 = DIRECTION('',(0.,0.,1.));
#3796 = DIRECTION('',(1.,0.,0.));
#3797 = ADVANCED_FACE('',(#3798),#3808,.T.);
#3798 = FACE_BOUND('',#3799,.T.);
#3799 = EDGE_LOOP('',(#3800,#3801,#3802,#3803,#3804,#3805,#3806,#3807));
#3800 = ORIENTED_EDGE('',*,*,#2785,.F.);
#3801 = ORIENTED_EDGE('',*,*,#2627,.T.);
#3802 = ORIENTED_EDGE('',*,*,#2543,.F.);
#3803 = ORIENTED_EDGE('',*,*,#2576,.F.);
#3804 = ORIENTED_EDGE('',*,*,#2599,.F.);
#3805 = ORIENTED_EDGE('',*,*,#2739,.F.);
#3806 = ORIENTED_EDGE('',*,*,#2766,.F.);
#3807 = ORIENTED_EDGE('',*,*,#2810,.F.);
#3808 = PLANE('',#3809);
#3809 = AXIS2_PLACEMENT_3D('',#3810,#3811,#3812);
#3810 = CARTESIAN_POINT('',(-27.4,-32.49999999999,19.09724453969));
#3811 = DIRECTION('',(-1.,-0.,-0.));
#3812 = DIRECTION('',(0.,0.,-1.));
#3813 = ADVANCED_FACE('',(#3814),#3833,.F.);
#3814 = FACE_BOUND('',#3815,.F.);
#3815 = EDGE_LOOP('',(#3816,#3817,#3825,#3832));
#3816 = ORIENTED_EDGE('',*,*,#2636,.F.);
#3817 = ORIENTED_EDGE('',*,*,#3818,.T.);
#3818 = EDGE_CURVE('',#2637,#3819,#3821,.T.);
#3819 = VERTEX_POINT('',#3820);
#3820 = CARTESIAN_POINT('',(-29.,-32.5,16.5));
#3821 = LINE('',#3822,#3823);
#3822 = CARTESIAN_POINT('',(-29.,-32.5,26.5));
#3823 = VECTOR('',#3824,1.);
#3824 = DIRECTION('',(-0.,-0.,-1.));
#3825 = ORIENTED_EDGE('',*,*,#3826,.T.);
#3826 = EDGE_CURVE('',#3819,#3819,#3827,.T.);
#3827 = CIRCLE('',#3828,1.);
#3828 = AXIS2_PLACEMENT_3D('',#3829,#3830,#3831);
#3829 = CARTESIAN_POINT('',(-30.,-32.5,16.5));
#3830 = DIRECTION('',(0.,0.,1.));
#3831 = DIRECTION('',(1.,0.,0.));
#3832 = ORIENTED_EDGE('',*,*,#3818,.F.);
#3833 = CYLINDRICAL_SURFACE('',#3834,1.);
#3834 = AXIS2_PLACEMENT_3D('',#3835,#3836,#3837);
#3835 = CARTESIAN_POINT('',(-30.,-32.5,26.5));
#3836 = DIRECTION('',(0.,0.,1.));
#3837 = DIRECTION('',(1.,0.,0.));
#3838 = ADVANCED_FACE('',(#3839),#3845,.T.);
#3839 = FACE_BOUND('',#3840,.F.);
#3840 = EDGE_LOOP('',(#3841,#3842,#3843,#3844));
#3841 = ORIENTED_EDGE('',*,*,#2869,.T.);
#3842 = ORIENTED_EDGE('',*,*,#3510,.T.);
#3843 = ORIENTED_EDGE('',*,*,#3482,.T.);
#3844 = ORIENTED_EDGE('',*,*,#2917,.F.);
#3845 = PLANE('',#3846);
#3846 = AXIS2_PLACEMENT_3D('',#3847,#3848,#3849);
#3847 = CARTESIAN_POINT('',(35.585575662962,39.720263572499,-26.));
#3848 = DIRECTION('',(0.586084518016,0.395607049661,-0.707106781187));
#3849 = DIRECTION('',(-0.559472855001,0.828848674076,1.387778780781E-16)
  );
#3850 = ADVANCED_FACE('',(#3851,#3867,#3878),#3912,.T.);
#3851 = FACE_BOUND('',#3852,.T.);
#3852 = EDGE_LOOP('',(#3853,#3854,#3860,#3861));
#3853 = ORIENTED_EDGE('',*,*,#3108,.F.);
#3854 = ORIENTED_EDGE('',*,*,#3855,.F.);
#3855 = EDGE_CURVE('',#2932,#3101,#3856,.T.);
#3856 = LINE('',#3857,#3858);
#3857 = CARTESIAN_POINT('',(89.,-40.,-11.5));
#3858 = VECTOR('',#3859,1.);
#3859 = DIRECTION('',(0.,2.2E-16,1.));
#3860 = ORIENTED_EDGE('',*,*,#2931,.T.);
#3861 = ORIENTED_EDGE('',*,*,#3862,.T.);
#3862 = EDGE_CURVE('',#2934,#3109,#3863,.T.);
#3863 = LINE('',#3864,#3865);
#3864 = CARTESIAN_POINT('',(37.,-40.,-11.5));
#3865 = VECTOR('',#3866,1.);
#3866 = DIRECTION('',(0.,0.,1.));
#3867 = FACE_BOUND('',#3868,.T.);
#3868 = EDGE_LOOP('',(#3869));
#3869 = ORIENTED_EDGE('',*,*,#3870,.F.);
#3870 = EDGE_CURVE('',#3871,#3871,#3873,.T.);
#3871 = VERTEX_POINT('',#3872);
#3872 = CARTESIAN_POINT('',(74.95,-40.,7.5));
#3873 = CIRCLE('',#3874,5.);
#3874 = AXIS2_PLACEMENT_3D('',#3875,#3876,#3877);
#3875 = CARTESIAN_POINT('',(79.95,-40.,7.5));
#3876 = DIRECTION('',(0.,1.,-0.));
#3877 = DIRECTION('',(-1.,0.,0.));
#3878 = FACE_BOUND('',#3879,.T.);
#3879 = EDGE_LOOP('',(#3880,#3890,#3898,#3906));
#3880 = ORIENTED_EDGE('',*,*,#3881,.F.);
#3881 = EDGE_CURVE('',#3882,#3884,#3886,.T.);
#3882 = VERTEX_POINT('',#3883);
#3883 = CARTESIAN_POINT('',(42.949999999998,-40.,-4.049999999998));
#3884 = VERTEX_POINT('',#3885);
#3885 = CARTESIAN_POINT('',(42.949999999998,-40.,4.049999999998));
#3886 = LINE('',#3887,#3888);
#3887 = CARTESIAN_POINT('',(42.949999999998,-40.,-4.049999999998));
#3888 = VECTOR('',#3889,1.);
#3889 = DIRECTION('',(0.,0.,1.));
#3890 = ORIENTED_EDGE('',*,*,#3891,.F.);
#3891 = EDGE_CURVE('',#3892,#3882,#3894,.T.);
#3892 = VERTEX_POINT('',#3893);
#3893 = CARTESIAN_POINT('',(51.050000000002,-40.,-4.049999999998));
#3894 = LINE('',#3895,#3896);
#3895 = CARTESIAN_POINT('',(51.050000000002,-40.,-4.049999999998));
#3896 = VECTOR('',#3897,1.);
#3897 = DIRECTION('',(-1.,0.,0.));
#3898 = ORIENTED_EDGE('',*,*,#3899,.F.);
#3899 = EDGE_CURVE('',#3900,#3892,#3902,.T.);
#3900 = VERTEX_POINT('',#3901);
#3901 = CARTESIAN_POINT('',(51.050000000002,-40.,4.049999999998));
#3902 = LINE('',#3903,#3904);
#3903 = CARTESIAN_POINT('',(51.050000000002,-40.,4.049999999998));
#3904 = VECTOR('',#3905,1.);
#3905 = DIRECTION('',(0.,0.,-1.));
#3906 = ORIENTED_EDGE('',*,*,#3907,.F.);
#3907 = EDGE_CURVE('',#3884,#3900,#3908,.T.);
#3908 = LINE('',#3909,#3910);
#3909 = CARTESIAN_POINT('',(42.949999999998,-40.,4.049999999998));
#3910 = VECTOR('',#3911,1.);
#3911 = DIRECTION('',(1.,0.,0.));
#3912 = PLANE('',#3913);
#3913 = AXIS2_PLACEMENT_3D('',#3914,#3915,#3916);
#3914 = CARTESIAN_POINT('',(63.,-40.,0.));
#3915 = DIRECTION('',(0.,1.,0.));
#3916 = DIRECTION('',(0.,0.,1.));
#3917 = ADVANCED_FACE('',(#3918),#3924,.T.);
#3918 = FACE_BOUND('',#3919,.F.);
#3919 = EDGE_LOOP('',(#3920,#3921,#3922,#3923));
#3920 = ORIENTED_EDGE('',*,*,#2941,.F.);
#3921 = ORIENTED_EDGE('',*,*,#3427,.T.);
#3922 = ORIENTED_EDGE('',*,*,#3100,.T.);
#3923 = ORIENTED_EDGE('',*,*,#3855,.F.);
#3924 = PLANE('',#3925);
#3925 = AXIS2_PLACEMENT_3D('',#3926,#3927,#3928);
#3926 = CARTESIAN_POINT('',(89.5,-40.5,-11.5));
#3927 = DIRECTION('',(0.707106781187,0.707106781187,0.));
#3928 = DIRECTION('',(1.1E-16,-1.1E-16,-1.));
#3929 = ADVANCED_FACE('',(#3930),#3941,.T.);
#3930 = FACE_BOUND('',#3931,.T.);
#3931 = EDGE_LOOP('',(#3932,#3933,#3939,#3940));
#3932 = ORIENTED_EDGE('',*,*,#2973,.F.);
#3933 = ORIENTED_EDGE('',*,*,#3934,.T.);
#3934 = EDGE_CURVE('',#2966,#3117,#3935,.T.);
#3935 = LINE('',#3936,#3937);
#3936 = CARTESIAN_POINT('',(36.,-39.,-11.5));
#3937 = VECTOR('',#3938,1.);
#3938 = DIRECTION('',(0.,0.,1.));
#3939 = ORIENTED_EDGE('',*,*,#3116,.T.);
#3940 = ORIENTED_EDGE('',*,*,#3862,.F.);
#3941 = PLANE('',#3942);
#3942 = AXIS2_PLACEMENT_3D('',#3943,#3944,#3945);
#3943 = CARTESIAN_POINT('',(36.5,-39.5,-11.5));
#3944 = DIRECTION('',(0.707106781187,0.707106781187,0.));
#3945 = DIRECTION('',(0.,0.,1.));
#3946 = ADVANCED_FACE('',(#3947,#3953,#4064,#4175,#4186,#4197),#4208,.F.
  );
#3947 = FACE_BOUND('',#3948,.F.);
#3948 = EDGE_LOOP('',(#3949,#3950,#3951,#3952));
#3949 = ORIENTED_EDGE('',*,*,#2965,.F.);
#3950 = ORIENTED_EDGE('',*,*,#3934,.T.);
#3951 = ORIENTED_EDGE('',*,*,#3124,.T.);
#3952 = ORIENTED_EDGE('',*,*,#2997,.F.);
#3953 = FACE_BOUND('',#3954,.F.);
#3954 = EDGE_LOOP('',(#3955,#3976,#3984,#3992,#4000,#4008,#4016,#4035,
    #4046,#4055));
#3955 = ORIENTED_EDGE('',*,*,#3956,.F.);
#3956 = EDGE_CURVE('',#3957,#3959,#3961,.T.);
#3957 = VERTEX_POINT('',#3958);
#3958 = CARTESIAN_POINT('',(36.,-30.04032522474,17.600000000006));
#3959 = VERTEX_POINT('',#3960);
#3960 = CARTESIAN_POINT('',(36.,-30.1774517925,17.446687836493));
#3961 = B_SPLINE_CURVE_WITH_KNOTS('',7,(#3962,#3963,#3964,#3965,#3966,
    #3967,#3968,#3969,#3970,#3971,#3972,#3973,#3974,#3975),
  .UNSPECIFIED.,.F.,.F.,(8,6,8),(-1.263783705278,-1.234227047737,
    -0.688737339364),.UNSPECIFIED.);
#3962 = CARTESIAN_POINT('',(36.,-29.7883076062,17.881764263301));
#3963 = CARTESIAN_POINT('',(36.,-29.79277393806,17.876770752467));
#3964 = CARTESIAN_POINT('',(36.,-29.79696503458,17.872084964111));
#3965 = CARTESIAN_POINT('',(36.,-29.80088089575,17.86770689823));
#3966 = CARTESIAN_POINT('',(36.,-29.80452152157,17.863636554827));
#3967 = CARTESIAN_POINT('',(36.,-29.80788691203,17.8598739339));
#3968 = CARTESIAN_POINT('',(36.,-29.81097706715,17.856419035449));
#3969 = CARTESIAN_POINT('',(36.,-29.86574338771,17.795188427621));
#3970 = CARTESIAN_POINT('',(36.,-29.91769478851,17.737104995766));
#3971 = CARTESIAN_POINT('',(36.,-29.96964618931,17.679021563912));
#3972 = CARTESIAN_POINT('',(36.,-30.0215975901,17.620938132057));
#3973 = CARTESIAN_POINT('',(36.,-30.0735489909,17.562854700203));
#3974 = CARTESIAN_POINT('',(36.,-30.1255003917,17.504771268348));
#3975 = CARTESIAN_POINT('',(36.,-30.1774517925,17.446687836493));
#3976 = ORIENTED_EDGE('',*,*,#3977,.T.);
#3977 = EDGE_CURVE('',#3957,#3978,#3980,.T.);
#3978 = VERTEX_POINT('',#3979);
#3979 = CARTESIAN_POINT('',(36.,-29.44999999999,17.600000000006));
#3980 = LINE('',#3981,#3982);
#3981 = CARTESIAN_POINT('',(36.,-34.54999999999,17.600000000006));
#3982 = VECTOR('',#3983,1.);
#3983 = DIRECTION('',(2.2E-16,1.,0.));
#3984 = ORIENTED_EDGE('',*,*,#3985,.T.);
#3985 = EDGE_CURVE('',#3978,#3986,#3988,.T.);
#3986 = VERTEX_POINT('',#3987);
#3987 = CARTESIAN_POINT('',(36.,-29.44999999999,21.4));
#3988 = LINE('',#3989,#3990);
#3989 = CARTESIAN_POINT('',(36.,-29.44999999999,18.600000000006));
#3990 = VECTOR('',#3991,1.);
#3991 = DIRECTION('',(-2.2E-16,0.,1.));
#3992 = ORIENTED_EDGE('',*,*,#3993,.T.);
#3993 = EDGE_CURVE('',#3986,#3994,#3996,.T.);
#3994 = VERTEX_POINT('',#3995);
#3995 = CARTESIAN_POINT('',(36.,-35.54999999999,21.4));
#3996 = LINE('',#3997,#3998);
#3997 = CARTESIAN_POINT('',(36.,-30.44999999999,21.4));
#3998 = VECTOR('',#3999,1.);
#3999 = DIRECTION('',(-2.2E-16,-1.,-0.));
#4000 = ORIENTED_EDGE('',*,*,#4001,.T.);
#4001 = EDGE_CURVE('',#3994,#4002,#4004,.T.);
#4002 = VERTEX_POINT('',#4003);
#4003 = CARTESIAN_POINT('',(36.,-35.54999999999,17.600000000006));
#4004 = LINE('',#4005,#4006);
#4005 = CARTESIAN_POINT('',(36.,-35.54999999999,20.4));
#4006 = VECTOR('',#4007,1.);
#4007 = DIRECTION('',(2.2E-16,0.,-1.));
#4008 = ORIENTED_EDGE('',*,*,#4009,.T.);
#4009 = EDGE_CURVE('',#4002,#4010,#4012,.T.);
#4010 = VERTEX_POINT('',#4011);
#4011 = CARTESIAN_POINT('',(36.,-34.95967477524,17.600000000006));
#4012 = LINE('',#4013,#4014);
#4013 = CARTESIAN_POINT('',(36.,-34.54999999999,17.600000000006));
#4014 = VECTOR('',#4015,1.);
#4015 = DIRECTION('',(2.2E-16,1.,0.));
#4016 = ORIENTED_EDGE('',*,*,#4017,.F.);
#4017 = EDGE_CURVE('',#4018,#4010,#4020,.T.);
#4018 = VERTEX_POINT('',#4019);
#4019 = CARTESIAN_POINT('',(36.,-34.82254820748,17.446687836493));
#4020 = B_SPLINE_CURVE_WITH_KNOTS('',7,(#4021,#4022,#4023,#4024,#4025,
    #4026,#4027,#4028,#4029,#4030,#4031,#4032,#4033,#4034),
  .UNSPECIFIED.,.F.,.F.,(8,6,8),(3.211943351068,3.757433059441,
    3.786989716981),.UNSPECIFIED.);
#4021 = CARTESIAN_POINT('',(36.,-34.82254820748,17.446687836493));
#4022 = CARTESIAN_POINT('',(36.,-34.87449960828,17.504771268348));
#4023 = CARTESIAN_POINT('',(36.,-34.92645100908,17.562854700202));
#4024 = CARTESIAN_POINT('',(35.999999999999,-34.97840240987,
    17.620938132057));
#4025 = CARTESIAN_POINT('',(36.,-35.03035381067,17.679021563912));
#4026 = CARTESIAN_POINT('',(36.,-35.08230521147,17.737104995766));
#4027 = CARTESIAN_POINT('',(36.,-35.13425661227,17.795188427621));
#4028 = CARTESIAN_POINT('',(36.,-35.18902293283,17.856419035449));
#4029 = CARTESIAN_POINT('',(36.,-35.19211308794,17.8598739339));
#4030 = CARTESIAN_POINT('',(36.,-35.19547847841,17.863636554827));
#4031 = CARTESIAN_POINT('',(36.,-35.19911910423,17.86770689823));
#4032 = CARTESIAN_POINT('',(36.,-35.2030349654,17.872084964111));
#4033 = CARTESIAN_POINT('',(36.,-35.20722606191,17.876770752467));
#4034 = CARTESIAN_POINT('',(36.,-35.21169239378,17.881764263301));
#4035 = ORIENTED_EDGE('',*,*,#4036,.F.);
#4036 = EDGE_CURVE('',#4037,#4018,#4039,.T.);
#4037 = VERTEX_POINT('',#4038);
#4038 = CARTESIAN_POINT('',(36.,-34.36338998124,16.933333333339));
#4039 = B_SPLINE_CURVE_WITH_KNOTS('',5,(#4040,#4041,#4042,#4043,#4044,
    #4045),.UNSPECIFIED.,.F.,.F.,(6,6),(2.523206011704,3.211943351068),
  .PIECEWISE_BEZIER_KNOTS.);
#4040 = CARTESIAN_POINT('',(36.,-34.36338998124,16.933333333339));
#4041 = CARTESIAN_POINT('',(36.,-34.45522162649,17.03600423397));
#4042 = CARTESIAN_POINT('',(36.,-34.54705327173,17.138675134601));
#4043 = CARTESIAN_POINT('',(36.,-34.63888491698,17.241346035232));
#4044 = CARTESIAN_POINT('',(36.,-34.73071656223,17.344016935862));
#4045 = CARTESIAN_POINT('',(36.,-34.82254820748,17.446687836493));
#4046 = ORIENTED_EDGE('',*,*,#4047,.F.);
#4047 = EDGE_CURVE('',#4048,#4037,#4050,.T.);
#4048 = VERTEX_POINT('',#4049);
#4049 = CARTESIAN_POINT('',(36.,-30.63661001874,16.933333333339));
#4050 = CIRCLE('',#4051,2.5);
#4051 = AXIS2_PLACEMENT_3D('',#4052,#4053,#4054);
#4052 = CARTESIAN_POINT('',(36.,-32.49999999999,18.600000000006));
#4053 = DIRECTION('',(-1.,2.2E-16,-2.2E-16));
#4054 = DIRECTION('',(3.106449850167E-16,0.7453559925,-0.666666666667));
#4055 = ORIENTED_EDGE('',*,*,#4056,.F.);
#4056 = EDGE_CURVE('',#3959,#4048,#4057,.T.);
#4057 = B_SPLINE_CURVE_WITH_KNOTS('',5,(#4058,#4059,#4060,#4061,#4062,
    #4063),.UNSPECIFIED.,.F.,.F.,(6,6),(-0.688737339364,0.),
  .PIECEWISE_BEZIER_KNOTS.);
#4058 = CARTESIAN_POINT('',(36.,-30.1774517925,17.446687836493));
#4059 = CARTESIAN_POINT('',(36.,-30.26928343774,17.344016935862));
#4060 = CARTESIAN_POINT('',(36.,-30.36111508299,17.241346035232));
#4061 = CARTESIAN_POINT('',(36.,-30.45294672824,17.138675134601));
#4062 = CARTESIAN_POINT('',(36.,-30.54477837349,17.03600423397));
#4063 = CARTESIAN_POINT('',(36.,-30.63661001874,16.933333333339));
#4064 = FACE_BOUND('',#4065,.F.);
#4065 = EDGE_LOOP('',(#4066,#4087,#4095,#4103,#4111,#4119,#4127,#4146,
    #4157,#4166));
#4066 = ORIENTED_EDGE('',*,*,#4067,.F.);
#4067 = EDGE_CURVE('',#4068,#4070,#4072,.T.);
#4068 = VERTEX_POINT('',#4069);
#4069 = CARTESIAN_POINT('',(36.,16.95967477525,17.6));
#4070 = VERTEX_POINT('',#4071);
#4071 = CARTESIAN_POINT('',(36.,16.822548207493,17.446687836487));
#4072 = B_SPLINE_CURVE_WITH_KNOTS('',7,(#4073,#4074,#4075,#4076,#4077,
    #4078,#4079,#4080,#4081,#4082,#4083,#4084,#4085,#4086),
  .UNSPECIFIED.,.F.,.F.,(8,6,8),(-1.263783705278,-1.234227047737,
    -0.688737339364),.UNSPECIFIED.);
#4073 = CARTESIAN_POINT('',(36.,17.211692393793,17.881764263295));
#4074 = CARTESIAN_POINT('',(36.,17.207226061925,17.876770752461));
#4075 = CARTESIAN_POINT('',(36.,17.203034965407,17.872084964105));
#4076 = CARTESIAN_POINT('',(36.,17.19911910424,17.867706898224));
#4077 = CARTESIAN_POINT('',(36.,17.195478478423,17.863636554821));
#4078 = CARTESIAN_POINT('',(36.,17.192113087956,17.859873933894));
#4079 = CARTESIAN_POINT('',(36.,17.18902293284,17.856419035443));
#4080 = CARTESIAN_POINT('',(36.,17.134256612277,17.795188427615));
#4081 = CARTESIAN_POINT('',(36.,17.08230521148,17.73710499576));
#4082 = CARTESIAN_POINT('',(36.,17.030353810683,17.679021563906));
#4083 = CARTESIAN_POINT('',(36.,16.978402409885,17.620938132051));
#4084 = CARTESIAN_POINT('',(36.,16.926451009088,17.562854700197));
#4085 = CARTESIAN_POINT('',(36.,16.87449960829,17.504771268342));
#4086 = CARTESIAN_POINT('',(36.,16.822548207493,17.446687836487));
#4087 = ORIENTED_EDGE('',*,*,#4088,.F.);
#4088 = EDGE_CURVE('',#4089,#4068,#4091,.T.);
#4089 = VERTEX_POINT('',#4090);
#4090 = CARTESIAN_POINT('',(36.,17.55,17.6));
#4091 = LINE('',#4092,#4093);
#4092 = CARTESIAN_POINT('',(36.,16.55,17.6));
#4093 = VECTOR('',#4094,1.);
#4094 = DIRECTION('',(-2.2E-16,-1.,-0.));
#4095 = ORIENTED_EDGE('',*,*,#4096,.F.);
#4096 = EDGE_CURVE('',#4097,#4089,#4099,.T.);
#4097 = VERTEX_POINT('',#4098);
#4098 = CARTESIAN_POINT('',(36.,17.55,21.4));
#4099 = LINE('',#4100,#4101);
#4100 = CARTESIAN_POINT('',(36.,17.55,20.4));
#4101 = VECTOR('',#4102,1.);
#4102 = DIRECTION('',(2.2E-16,0.,-1.));
#4103 = ORIENTED_EDGE('',*,*,#4104,.F.);
#4104 = EDGE_CURVE('',#4105,#4097,#4107,.T.);
#4105 = VERTEX_POINT('',#4106);
#4106 = CARTESIAN_POINT('',(36.,11.45,21.4));
#4107 = LINE('',#4108,#4109);
#4108 = CARTESIAN_POINT('',(36.,12.45,21.4));
#4109 = VECTOR('',#4110,1.);
#4110 = DIRECTION('',(2.2E-16,1.,0.));
#4111 = ORIENTED_EDGE('',*,*,#4112,.F.);
#4112 = EDGE_CURVE('',#4113,#4105,#4115,.T.);
#4113 = VERTEX_POINT('',#4114);
#4114 = CARTESIAN_POINT('',(36.,11.45,17.6));
#4115 = LINE('',#4116,#4117);
#4116 = CARTESIAN_POINT('',(36.,11.45,18.6));
#4117 = VECTOR('',#4118,1.);
#4118 = DIRECTION('',(-2.2E-16,0.,1.));
#4119 = ORIENTED_EDGE('',*,*,#4120,.F.);
#4120 = EDGE_CURVE('',#4121,#4113,#4123,.T.);
#4121 = VERTEX_POINT('',#4122);
#4122 = CARTESIAN_POINT('',(36.,12.04032522475,17.6));
#4123 = LINE('',#4124,#4125);
#4124 = CARTESIAN_POINT('',(36.,16.55,17.6));
#4125 = VECTOR('',#4126,1.);
#4126 = DIRECTION('',(-2.2E-16,-1.,-0.));
#4127 = ORIENTED_EDGE('',*,*,#4128,.F.);
#4128 = EDGE_CURVE('',#4129,#4121,#4131,.T.);
#4129 = VERTEX_POINT('',#4130);
#4130 = CARTESIAN_POINT('',(36.,12.177451792507,17.446687836487));
#4131 = B_SPLINE_CURVE_WITH_KNOTS('',7,(#4132,#4133,#4134,#4135,#4136,
    #4137,#4138,#4139,#4140,#4141,#4142,#4143,#4144,#4145),
  .UNSPECIFIED.,.F.,.F.,(8,6,8),(3.211943351068,3.757433059441,
    3.786989716981),.UNSPECIFIED.);
#4132 = CARTESIAN_POINT('',(36.,12.177451792507,17.446687836487));
#4133 = CARTESIAN_POINT('',(36.,12.12550039171,17.504771268342));
#4134 = CARTESIAN_POINT('',(36.,12.073548990913,17.562854700197));
#4135 = CARTESIAN_POINT('',(36.,12.021597590115,17.620938132051));
#4136 = CARTESIAN_POINT('',(36.,11.969646189318,17.679021563906));
#4137 = CARTESIAN_POINT('',(36.,11.91769478852,17.73710499576));
#4138 = CARTESIAN_POINT('',(36.,11.865743387723,17.795188427615));
#4139 = CARTESIAN_POINT('',(36.,11.81097706716,17.856419035443));
#4140 = CARTESIAN_POINT('',(36.,11.807886912044,17.859873933894));
#4141 = CARTESIAN_POINT('',(36.,11.804521521577,17.863636554821));
#4142 = CARTESIAN_POINT('',(36.,11.80088089576,17.867706898224));
#4143 = CARTESIAN_POINT('',(36.,11.796965034593,17.872084964105));
#4144 = CARTESIAN_POINT('',(36.,11.792773938075,17.876770752461));
#4145 = CARTESIAN_POINT('',(36.,11.788307606207,17.881764263295));
#4146 = ORIENTED_EDGE('',*,*,#4147,.F.);
#4147 = EDGE_CURVE('',#4148,#4129,#4150,.T.);
#4148 = VERTEX_POINT('',#4149);
#4149 = CARTESIAN_POINT('',(36.,12.63661001875,16.933333333333));
#4150 = B_SPLINE_CURVE_WITH_KNOTS('',5,(#4151,#4152,#4153,#4154,#4155,
    #4156),.UNSPECIFIED.,.F.,.F.,(6,6),(2.523206011704,3.211943351068),
  .PIECEWISE_BEZIER_KNOTS.);
#4151 = CARTESIAN_POINT('',(36.,12.63661001875,16.933333333333));
#4152 = CARTESIAN_POINT('',(36.,12.544778373502,17.036004233964));
#4153 = CARTESIAN_POINT('',(36.,12.452946728253,17.138675134595));
#4154 = CARTESIAN_POINT('',(36.,12.361115083004,17.241346035226));
#4155 = CARTESIAN_POINT('',(36.,12.269283437756,17.344016935856));
#4156 = CARTESIAN_POINT('',(36.,12.177451792507,17.446687836487));
#4157 = ORIENTED_EDGE('',*,*,#4158,.F.);
#4158 = EDGE_CURVE('',#4159,#4148,#4161,.T.);
#4159 = VERTEX_POINT('',#4160);
#4160 = CARTESIAN_POINT('',(36.,16.36338998125,16.933333333333));
#4161 = CIRCLE('',#4162,2.5);
#4162 = AXIS2_PLACEMENT_3D('',#4163,#4164,#4165);
#4163 = CARTESIAN_POINT('',(36.,14.5,18.6));
#4164 = DIRECTION('',(-1.,2.2E-16,-2.2E-16));
#4165 = DIRECTION('',(3.106449850167E-16,0.7453559925,-0.666666666667));
#4166 = ORIENTED_EDGE('',*,*,#4167,.F.);
#4167 = EDGE_CURVE('',#4070,#4159,#4168,.T.);
#4168 = B_SPLINE_CURVE_WITH_KNOTS('',5,(#4169,#4170,#4171,#4172,#4173,
    #4174),.UNSPECIFIED.,.F.,.F.,(6,6),(-0.688737339364,0.),
  .PIECEWISE_BEZIER_KNOTS.);
#4169 = CARTESIAN_POINT('',(36.,16.822548207493,17.446687836487));
#4170 = CARTESIAN_POINT('',(36.,16.730716562244,17.344016935856));
#4171 = CARTESIAN_POINT('',(36.,16.638884916996,17.241346035226));
#4172 = CARTESIAN_POINT('',(36.,16.547053271747,17.138675134595));
#4173 = CARTESIAN_POINT('',(36.,16.455221626498,17.036004233964));
#4174 = CARTESIAN_POINT('',(36.,16.36338998125,16.933333333333));
#4175 = FACE_BOUND('',#4176,.F.);
#4176 = EDGE_LOOP('',(#4177));
#4177 = ORIENTED_EDGE('',*,*,#4178,.F.);
#4178 = EDGE_CURVE('',#4179,#4179,#4181,.T.);
#4179 = VERTEX_POINT('',#4180);
#4180 = CARTESIAN_POINT('',(36.,-36.6,-6.));
#4181 = CIRCLE('',#4182,4.1);
#4182 = AXIS2_PLACEMENT_3D('',#4183,#4184,#4185);
#4183 = CARTESIAN_POINT('',(36.,-32.5,-6.));
#4184 = DIRECTION('',(-1.,0.,0.));
#4185 = DIRECTION('',(0.,-1.,0.));
#4186 = FACE_BOUND('',#4187,.F.);
#4187 = EDGE_LOOP('',(#4188));
#4188 = ORIENTED_EDGE('',*,*,#4189,.F.);
#4189 = EDGE_CURVE('',#4190,#4190,#4192,.T.);
#4190 = VERTEX_POINT('',#4191);
#4191 = CARTESIAN_POINT('',(36.,-10.5,-2.5));
#4192 = CIRCLE('',#4193,1.5);
#4193 = AXIS2_PLACEMENT_3D('',#4194,#4195,#4196);
#4194 = CARTESIAN_POINT('',(36.,-9.,-2.5));
#4195 = DIRECTION('',(-1.,2.2E-16,-2.2E-16));
#4196 = DIRECTION('',(-2.2E-16,-1.,0.));
#4197 = FACE_BOUND('',#4198,.F.);
#4198 = EDGE_LOOP('',(#4199));
#4199 = ORIENTED_EDGE('',*,*,#4200,.F.);
#4200 = EDGE_CURVE('',#4201,#4201,#4203,.T.);
#4201 = VERTEX_POINT('',#4202);
#4202 = CARTESIAN_POINT('',(36.,10.4,-6.));
#4203 = CIRCLE('',#4204,4.1);
#4204 = AXIS2_PLACEMENT_3D('',#4205,#4206,#4207);
#4205 = CARTESIAN_POINT('',(36.,14.5,-6.));
#4206 = DIRECTION('',(-1.,0.,0.));
#4207 = DIRECTION('',(0.,-1.,0.));
#4208 = PLANE('',#4209);
#4209 = AXIS2_PLACEMENT_3D('',#4210,#4211,#4212);
#4210 = CARTESIAN_POINT('',(36.,-40.,-26.5));
#4211 = DIRECTION('',(-1.,0.,0.));
#4212 = DIRECTION('',(0.,1.,0.));
#4213 = ADVANCED_FACE('',(#4214,#4225,#4236,#4270),#4281,.T.);
#4214 = FACE_BOUND('',#4215,.T.);
#4215 = EDGE_LOOP('',(#4216,#4217,#4218,#4219));
#4216 = ORIENTED_EDGE('',*,*,#3011,.T.);
#4217 = ORIENTED_EDGE('',*,*,#3195,.T.);
#4218 = ORIENTED_EDGE('',*,*,#3635,.F.);
#4219 = ORIENTED_EDGE('',*,*,#4220,.T.);
#4220 = EDGE_CURVE('',#3628,#3012,#4221,.T.);
#4221 = LINE('',#4222,#4223);
#4222 = CARTESIAN_POINT('',(24.,-51.,-21.5));
#4223 = VECTOR('',#4224,1.);
#4224 = DIRECTION('',(3.E-16,0.,1.));
#4225 = FACE_BOUND('',#4226,.T.);
#4226 = EDGE_LOOP('',(#4227));
#4227 = ORIENTED_EDGE('',*,*,#4228,.F.);
#4228 = EDGE_CURVE('',#4229,#4229,#4231,.T.);
#4229 = VERTEX_POINT('',#4230);
#4230 = CARTESIAN_POINT('',(24.,10.4,-6.));
#4231 = CIRCLE('',#4232,4.1);
#4232 = AXIS2_PLACEMENT_3D('',#4233,#4234,#4235);
#4233 = CARTESIAN_POINT('',(24.,14.5,-6.));
#4234 = DIRECTION('',(-1.,0.,0.));
#4235 = DIRECTION('',(0.,-1.,0.));
#4236 = FACE_BOUND('',#4237,.T.);
#4237 = EDGE_LOOP('',(#4238,#4248,#4256,#4264));
#4238 = ORIENTED_EDGE('',*,*,#4239,.T.);
#4239 = EDGE_CURVE('',#4240,#4242,#4244,.T.);
#4240 = VERTEX_POINT('',#4241);
#4241 = CARTESIAN_POINT('',(24.,-11.75,-5.25));
#4242 = VERTEX_POINT('',#4243);
#4243 = CARTESIAN_POINT('',(24.,-6.25,-5.25));
#4244 = LINE('',#4245,#4246);
#4245 = CARTESIAN_POINT('',(24.,-11.75,-5.25));
#4246 = VECTOR('',#4247,1.);
#4247 = DIRECTION('',(2.2E-16,1.,0.));
#4248 = ORIENTED_EDGE('',*,*,#4249,.T.);
#4249 = EDGE_CURVE('',#4242,#4250,#4252,.T.);
#4250 = VERTEX_POINT('',#4251);
#4251 = CARTESIAN_POINT('',(24.,-6.25,0.25));
#4252 = LINE('',#4253,#4254);
#4253 = CARTESIAN_POINT('',(24.,-6.25,-5.25));
#4254 = VECTOR('',#4255,1.);
#4255 = DIRECTION('',(-2.2E-16,0.,1.));
#4256 = ORIENTED_EDGE('',*,*,#4257,.T.);
#4257 = EDGE_CURVE('',#4250,#4258,#4260,.T.);
#4258 = VERTEX_POINT('',#4259);
#4259 = CARTESIAN_POINT('',(24.,-11.75,0.25));
#4260 = LINE('',#4261,#4262);
#4261 = CARTESIAN_POINT('',(24.,-6.25,0.25));
#4262 = VECTOR('',#4263,1.);
#4263 = DIRECTION('',(-2.2E-16,-1.,-0.));
#4264 = ORIENTED_EDGE('',*,*,#4265,.T.);
#4265 = EDGE_CURVE('',#4258,#4240,#4266,.T.);
#4266 = LINE('',#4267,#4268);
#4267 = CARTESIAN_POINT('',(24.,-11.75,0.25));
#4268 = VECTOR('',#4269,1.);
#4269 = DIRECTION('',(2.2E-16,0.,-1.));
#4270 = FACE_BOUND('',#4271,.T.);
#4271 = EDGE_LOOP('',(#4272));
#4272 = ORIENTED_EDGE('',*,*,#4273,.F.);
#4273 = EDGE_CURVE('',#4274,#4274,#4276,.T.);
#4274 = VERTEX_POINT('',#4275);
#4275 = CARTESIAN_POINT('',(24.,-36.6,-6.));
#4276 = CIRCLE('',#4277,4.1);
#4277 = AXIS2_PLACEMENT_3D('',#4278,#4279,#4280);
#4278 = CARTESIAN_POINT('',(24.,-32.5,-6.));
#4279 = DIRECTION('',(-1.,0.,0.));
#4280 = DIRECTION('',(0.,-1.,0.));
#4281 = PLANE('',#4282);
#4282 = AXIS2_PLACEMENT_3D('',#4283,#4284,#4285);
#4283 = CARTESIAN_POINT('',(24.,-6.,2.5));
#4284 = DIRECTION('',(-1.,-0.,-0.));
#4285 = DIRECTION('',(0.,0.,-1.));
#4286 = ADVANCED_FACE('',(#4287),#4298,.F.);
#4287 = FACE_BOUND('',#4288,.F.);
#4288 = EDGE_LOOP('',(#4289,#4290,#4291,#4292));
#4289 = ORIENTED_EDGE('',*,*,#3627,.F.);
#4290 = ORIENTED_EDGE('',*,*,#4220,.T.);
#4291 = ORIENTED_EDGE('',*,*,#3021,.T.);
#4292 = ORIENTED_EDGE('',*,*,#4293,.F.);
#4293 = EDGE_CURVE('',#3620,#3022,#4294,.T.);
#4294 = LINE('',#4295,#4296);
#4295 = CARTESIAN_POINT('',(25.,-52.,-21.5));
#4296 = VECTOR('',#4297,1.);
#4297 = DIRECTION('',(3.E-16,0.,1.));
#4298 = PLANE('',#4299);
#4299 = AXIS2_PLACEMENT_3D('',#4300,#4301,#4302);
#4300 = CARTESIAN_POINT('',(24.5,-51.5,-21.5));
#4301 = DIRECTION('',(0.707106781187,0.707106781187,0.));
#4302 = DIRECTION('',(1.5E-16,-1.5E-16,1.));
#4303 = ADVANCED_FACE('',(#4304,#4315),#4326,.F.);
#4304 = FACE_BOUND('',#4305,.F.);
#4305 = EDGE_LOOP('',(#4306,#4307,#4308,#4309));
#4306 = ORIENTED_EDGE('',*,*,#3619,.F.);
#4307 = ORIENTED_EDGE('',*,*,#4293,.T.);
#4308 = ORIENTED_EDGE('',*,*,#3029,.F.);
#4309 = ORIENTED_EDGE('',*,*,#4310,.F.);
#4310 = EDGE_CURVE('',#3612,#3030,#4311,.T.);
#4311 = LINE('',#4312,#4313);
#4312 = CARTESIAN_POINT('',(62.,-52.,-21.5));
#4313 = VECTOR('',#4314,1.);
#4314 = DIRECTION('',(0.,2.7E-16,1.));
#4315 = FACE_BOUND('',#4316,.F.);
#4316 = EDGE_LOOP('',(#4317));
#4317 = ORIENTED_EDGE('',*,*,#4318,.T.);
#4318 = EDGE_CURVE('',#4319,#4319,#4321,.T.);
#4319 = VERTEX_POINT('',#4320);
#4320 = CARTESIAN_POINT('',(49.5,-52.,6.E-15));
#4321 = CIRCLE('',#4322,2.5);
#4322 = AXIS2_PLACEMENT_3D('',#4323,#4324,#4325);
#4323 = CARTESIAN_POINT('',(47.,-52.,6.2E-15));
#4324 = DIRECTION('',(0.,-1.,0.));
#4325 = DIRECTION('',(1.,0.,0.));
#4326 = PLANE('',#4327);
#4327 = AXIS2_PLACEMENT_3D('',#4328,#4329,#4330);
#4328 = CARTESIAN_POINT('',(4.E-16,-52.,-3.672597864769));
#4329 = DIRECTION('',(0.,1.,-2.7E-16));
#4330 = DIRECTION('',(0.,2.7E-16,1.));
#4331 = ADVANCED_FACE('',(#4332),#4343,.T.);
#4332 = FACE_BOUND('',#4333,.T.);
#4333 = EDGE_LOOP('',(#4334,#4335,#4341,#4342));
#4334 = ORIENTED_EDGE('',*,*,#3611,.F.);
#4335 = ORIENTED_EDGE('',*,*,#4336,.T.);
#4336 = EDGE_CURVE('',#3604,#3038,#4337,.T.);
#4337 = LINE('',#4338,#4339);
#4338 = CARTESIAN_POINT('',(63.,-53.,-21.5));
#4339 = VECTOR('',#4340,1.);
#4340 = DIRECTION('',(0.,2.7E-16,1.));
#4341 = ORIENTED_EDGE('',*,*,#3037,.T.);
#4342 = ORIENTED_EDGE('',*,*,#4310,.F.);
#4343 = PLANE('',#4344);
#4344 = AXIS2_PLACEMENT_3D('',#4345,#4346,#4347);
#4345 = CARTESIAN_POINT('',(62.5,-52.5,-21.5));
#4346 = DIRECTION('',(-0.707106781187,-0.707106781187,5.E-16));
#4347 = DIRECTION('',(2.185533905933E-16,4.885533905933E-16,1.));
#4348 = ADVANCED_FACE('',(#4349),#4355,.T.);
#4349 = FACE_BOUND('',#4350,.T.);
#4350 = EDGE_LOOP('',(#4351,#4352,#4353,#4354));
#4351 = ORIENTED_EDGE('',*,*,#3603,.F.);
#4352 = ORIENTED_EDGE('',*,*,#3404,.T.);
#4353 = ORIENTED_EDGE('',*,*,#3045,.T.);
#4354 = ORIENTED_EDGE('',*,*,#4336,.F.);
#4355 = PLANE('',#4356);
#4356 = AXIS2_PLACEMENT_3D('',#4357,#4358,#4359);
#4357 = CARTESIAN_POINT('',(63.,-74.,-26.5));
#4358 = DIRECTION('',(-1.,0.,0.));
#4359 = DIRECTION('',(0.,1.,0.));
#4360 = ADVANCED_FACE('',(#4361),#4379,.F.);
#4361 = FACE_BOUND('',#4362,.F.);
#4362 = EDGE_LOOP('',(#4363,#4371,#4372,#4373));
#4363 = ORIENTED_EDGE('',*,*,#4364,.F.);
#4364 = EDGE_CURVE('',#3443,#4365,#4367,.T.);
#4365 = VERTEX_POINT('',#4366);
#4366 = CARTESIAN_POINT('',(69.9,-67.05,-21.5));
#4367 = LINE('',#4368,#4369);
#4368 = CARTESIAN_POINT('',(45.,-67.05,-21.5));
#4369 = VECTOR('',#4370,1.);
#4370 = DIRECTION('',(-1.,0.,0.));
#4371 = ORIENTED_EDGE('',*,*,#3450,.T.);
#4372 = ORIENTED_EDGE('',*,*,#3068,.F.);
#4373 = ORIENTED_EDGE('',*,*,#4374,.F.);
#4374 = EDGE_CURVE('',#4365,#3069,#4375,.T.);
#4375 = LINE('',#4376,#4377);
#4376 = CARTESIAN_POINT('',(69.9,-67.05,-26.5));
#4377 = VECTOR('',#4378,1.);
#4378 = DIRECTION('',(0.,0.,1.));
#4379 = PLANE('',#4380);
#4380 = AXIS2_PLACEMENT_3D('',#4381,#4382,#4383);
#4381 = CARTESIAN_POINT('',(90.,-67.05,-26.5));
#4382 = DIRECTION('',(0.,-1.,0.));
#4383 = DIRECTION('',(-1.,0.,0.));
#4384 = ADVANCED_FACE('',(#4385),#4403,.F.);
#4385 = FACE_BOUND('',#4386,.F.);
#4386 = EDGE_LOOP('',(#4387,#4395,#4396,#4397));
#4387 = ORIENTED_EDGE('',*,*,#4388,.F.);
#4388 = EDGE_CURVE('',#4365,#4389,#4391,.T.);
#4389 = VERTEX_POINT('',#4390);
#4390 = CARTESIAN_POINT('',(69.9,-46.95,-21.5));
#4391 = LINE('',#4392,#4393);
#4392 = CARTESIAN_POINT('',(69.9,-62.025,-21.5));
#4393 = VECTOR('',#4394,1.);
#4394 = DIRECTION('',(0.,1.,0.));
#4395 = ORIENTED_EDGE('',*,*,#4374,.T.);
#4396 = ORIENTED_EDGE('',*,*,#3076,.F.);
#4397 = ORIENTED_EDGE('',*,*,#4398,.F.);
#4398 = EDGE_CURVE('',#4389,#3077,#4399,.T.);
#4399 = LINE('',#4400,#4401);
#4400 = CARTESIAN_POINT('',(69.9,-46.95,-26.5));
#4401 = VECTOR('',#4402,1.);
#4402 = DIRECTION('',(0.,0.,1.));
#4403 = PLANE('',#4404);
#4404 = AXIS2_PLACEMENT_3D('',#4405,#4406,#4407);
#4405 = CARTESIAN_POINT('',(69.9,-67.05,-26.5));
#4406 = DIRECTION('',(-1.,0.,0.));
#4407 = DIRECTION('',(0.,1.,0.));
#4408 = ADVANCED_FACE('',(#4409,#4420),#4431,.F.);
#4409 = FACE_BOUND('',#4410,.F.);
#4410 = EDGE_LOOP('',(#4411,#4417,#4418,#4419));
#4411 = ORIENTED_EDGE('',*,*,#4412,.F.);
#4412 = EDGE_CURVE('',#4389,#3435,#4413,.T.);
#4413 = LINE('',#4414,#4415);
#4414 = CARTESIAN_POINT('',(34.95,-46.95,-21.5));
#4415 = VECTOR('',#4416,1.);
#4416 = DIRECTION('',(1.,0.,0.));
#4417 = ORIENTED_EDGE('',*,*,#4398,.T.);
#4418 = ORIENTED_EDGE('',*,*,#3084,.F.);
#4419 = ORIENTED_EDGE('',*,*,#3434,.F.);
#4420 = FACE_BOUND('',#4421,.F.);
#4421 = EDGE_LOOP('',(#4422));
#4422 = ORIENTED_EDGE('',*,*,#4423,.F.);
#4423 = EDGE_CURVE('',#4424,#4424,#4426,.T.);
#4424 = VERTEX_POINT('',#4425);
#4425 = CARTESIAN_POINT('',(77.45,-46.95,7.5));
#4426 = CIRCLE('',#4427,2.5);
#4427 = AXIS2_PLACEMENT_3D('',#4428,#4429,#4430);
#4428 = CARTESIAN_POINT('',(79.95,-46.95,7.5));
#4429 = DIRECTION('',(0.,1.,-2.2E-16));
#4430 = DIRECTION('',(-1.,0.,0.));
#4431 = PLANE('',#4432);
#4432 = AXIS2_PLACEMENT_3D('',#4433,#4434,#4435);
#4433 = CARTESIAN_POINT('',(69.9,-46.95,-26.5));
#4434 = DIRECTION('',(0.,1.,0.));
#4435 = DIRECTION('',(1.,0.,0.));
#4436 = ADVANCED_FACE('',(#4437),#4456,.F.);
#4437 = FACE_BOUND('',#4438,.F.);
#4438 = EDGE_LOOP('',(#4439,#4440,#4448,#4455));
#4439 = ORIENTED_EDGE('',*,*,#3140,.F.);
#4440 = ORIENTED_EDGE('',*,*,#4441,.T.);
#4441 = EDGE_CURVE('',#3141,#4442,#4444,.T.);
#4442 = VERTEX_POINT('',#4443);
#4443 = CARTESIAN_POINT('',(31.,-32.5,20.4));
#4444 = LINE('',#4445,#4446);
#4445 = CARTESIAN_POINT('',(31.,-32.5,26.5));
#4446 = VECTOR('',#4447,1.);
#4447 = DIRECTION('',(-0.,-0.,-1.));
#4448 = ORIENTED_EDGE('',*,*,#4449,.T.);
#4449 = EDGE_CURVE('',#4442,#4442,#4450,.T.);
#4450 = CIRCLE('',#4451,1.);
#4451 = AXIS2_PLACEMENT_3D('',#4452,#4453,#4454);
#4452 = CARTESIAN_POINT('',(30.,-32.5,20.4));
#4453 = DIRECTION('',(0.,0.,1.));
#4454 = DIRECTION('',(1.,0.,0.));
#4455 = ORIENTED_EDGE('',*,*,#4441,.F.);
#4456 = CYLINDRICAL_SURFACE('',#4457,1.);
#4457 = AXIS2_PLACEMENT_3D('',#4458,#4459,#4460);
#4458 = CARTESIAN_POINT('',(30.,-32.5,26.5));
#4459 = DIRECTION('',(0.,0.,1.));
#4460 = DIRECTION('',(1.,0.,0.));
#4461 = ADVANCED_FACE('',(#4462),#4481,.F.);
#4462 = FACE_BOUND('',#4463,.F.);
#4463 = EDGE_LOOP('',(#4464,#4465,#4473,#4480));
#4464 = ORIENTED_EDGE('',*,*,#3151,.F.);
#4465 = ORIENTED_EDGE('',*,*,#4466,.T.);
#4466 = EDGE_CURVE('',#3152,#4467,#4469,.T.);
#4467 = VERTEX_POINT('',#4468);
#4468 = CARTESIAN_POINT('',(31.,14.5,20.4));
#4469 = LINE('',#4470,#4471);
#4470 = CARTESIAN_POINT('',(31.,14.5,26.5));
#4471 = VECTOR('',#4472,1.);
#4472 = DIRECTION('',(-0.,-0.,-1.));
#4473 = ORIENTED_EDGE('',*,*,#4474,.T.);
#4474 = EDGE_CURVE('',#4467,#4467,#4475,.T.);
#4475 = CIRCLE('',#4476,1.);
#4476 = AXIS2_PLACEMENT_3D('',#4477,#4478,#4479);
#4477 = CARTESIAN_POINT('',(30.,14.5,20.4));
#4478 = DIRECTION('',(0.,0.,1.));
#4479 = DIRECTION('',(1.,0.,0.));
#4480 = ORIENTED_EDGE('',*,*,#4466,.F.);
#4481 = CYLINDRICAL_SURFACE('',#4482,1.);
#4482 = AXIS2_PLACEMENT_3D('',#4483,#4484,#4485);
#4483 = CARTESIAN_POINT('',(30.,14.5,26.5));
#4484 = DIRECTION('',(0.,0.,1.));
#4485 = DIRECTION('',(1.,0.,0.));
#4486 = ADVANCED_FACE('',(#4487,#4493),#4496,.T.);
#4487 = FACE_BOUND('',#4488,.T.);
#4488 = EDGE_LOOP('',(#4489,#4490,#4491,#4492));
#4489 = ORIENTED_EDGE('',*,*,#3242,.T.);
#4490 = ORIENTED_EDGE('',*,*,#3290,.T.);
#4491 = ORIENTED_EDGE('',*,*,#3314,.T.);
#4492 = ORIENTED_EDGE('',*,*,#3273,.T.);
#4493 = FACE_BOUND('',#4494,.T.);
#4494 = EDGE_LOOP('',(#4495));
#4495 = ORIENTED_EDGE('',*,*,#3660,.T.);
#4496 = PLANE('',#4497);
#4497 = AXIS2_PLACEMENT_3D('',#4498,#4499,#4500);
#4498 = CARTESIAN_POINT('',(1.79215E-12,-43.5,4.51E-15));
#4499 = DIRECTION('',(0.,1.,0.));
#4500 = DIRECTION('',(0.,0.,1.));
#4501 = ADVANCED_FACE('',(#4502),#4521,.F.);
#4502 = FACE_BOUND('',#4503,.F.);
#4503 = EDGE_LOOP('',(#4504,#4512,#4513,#4514));
#4504 = ORIENTED_EDGE('',*,*,#4505,.F.);
#4505 = EDGE_CURVE('',#3378,#4506,#4508,.T.);
#4506 = VERTEX_POINT('',#4507);
#4507 = CARTESIAN_POINT('',(-77.45,-57.,-23.7));
#4508 = LINE('',#4509,#4510);
#4509 = CARTESIAN_POINT('',(-77.45,-57.,-21.5));
#4510 = VECTOR('',#4511,1.);
#4511 = DIRECTION('',(-0.,-0.,-1.));
#4512 = ORIENTED_EDGE('',*,*,#3377,.F.);
#4513 = ORIENTED_EDGE('',*,*,#4505,.T.);
#4514 = ORIENTED_EDGE('',*,*,#4515,.T.);
#4515 = EDGE_CURVE('',#4506,#4506,#4516,.T.);
#4516 = CIRCLE('',#4517,2.5);
#4517 = AXIS2_PLACEMENT_3D('',#4518,#4519,#4520);
#4518 = CARTESIAN_POINT('',(-79.95,-57.,-23.7));
#4519 = DIRECTION('',(0.,0.,1.));
#4520 = DIRECTION('',(1.,0.,0.));
#4521 = CYLINDRICAL_SURFACE('',#4522,2.5);
#4522 = AXIS2_PLACEMENT_3D('',#4523,#4524,#4525);
#4523 = CARTESIAN_POINT('',(-79.95,-57.,-21.5));
#4524 = DIRECTION('',(0.,0.,1.));
#4525 = DIRECTION('',(1.,0.,0.));
#4526 = ADVANCED_FACE('',(#4527,#4533),#4544,.T.);
#4527 = FACE_BOUND('',#4528,.T.);
#4528 = EDGE_LOOP('',(#4529,#4530,#4531,#4532));
#4529 = ORIENTED_EDGE('',*,*,#3442,.F.);
#4530 = ORIENTED_EDGE('',*,*,#4412,.F.);
#4531 = ORIENTED_EDGE('',*,*,#4388,.F.);
#4532 = ORIENTED_EDGE('',*,*,#4364,.F.);
#4533 = FACE_BOUND('',#4534,.T.);
#4534 = EDGE_LOOP('',(#4535));
#4535 = ORIENTED_EDGE('',*,*,#4536,.F.);
#4536 = EDGE_CURVE('',#4537,#4537,#4539,.T.);
#4537 = VERTEX_POINT('',#4538);
#4538 = CARTESIAN_POINT('',(82.45,-57.,-21.5));
#4539 = CIRCLE('',#4540,2.5);
#4540 = AXIS2_PLACEMENT_3D('',#4541,#4542,#4543);
#4541 = CARTESIAN_POINT('',(79.95,-57.,-21.5));
#4542 = DIRECTION('',(0.,0.,1.));
#4543 = DIRECTION('',(1.,0.,0.));
#4544 = PLANE('',#4545);
#4545 = AXIS2_PLACEMENT_3D('',#4546,#4547,#4548);
#4546 = CARTESIAN_POINT('',(1.06E-15,-57.,-21.5));
#4547 = DIRECTION('',(0.,0.,1.));
#4548 = DIRECTION('',(1.,0.,0.));
#4549 = ADVANCED_FACE('',(#4550),#4561,.F.);
#4550 = FACE_BOUND('',#4551,.F.);
#4551 = EDGE_LOOP('',(#4552,#4558,#4559,#4560));
#4552 = ORIENTED_EDGE('',*,*,#4553,.F.);
#4553 = EDGE_CURVE('',#3520,#4506,#4554,.T.);
#4554 = LINE('',#4555,#4556);
#4555 = CARTESIAN_POINT('',(-77.45,-57.,-23.7));
#4556 = VECTOR('',#4557,1.);
#4557 = DIRECTION('',(-0.666015769309,0.,0.745937661626));
#4558 = ORIENTED_EDGE('',*,*,#3519,.T.);
#4559 = ORIENTED_EDGE('',*,*,#4553,.T.);
#4560 = ORIENTED_EDGE('',*,*,#4515,.F.);
#4561 = CONICAL_SURFACE('',#4562,2.5,0.728854726453);
#4562 = AXIS2_PLACEMENT_3D('',#4563,#4564,#4565);
#4563 = CARTESIAN_POINT('',(-79.95,-57.,-23.7));
#4564 = DIRECTION('',(-0.,-0.,-1.));
#4565 = DIRECTION('',(1.,0.,0.));
#4566 = ADVANCED_FACE('',(#4567),#4586,.F.);
#4567 = FACE_BOUND('',#4568,.F.);
#4568 = EDGE_LOOP('',(#4569,#4577,#4578,#4579));
#4569 = ORIENTED_EDGE('',*,*,#4570,.F.);
#4570 = EDGE_CURVE('',#3531,#4571,#4573,.T.);
#4571 = VERTEX_POINT('',#4572);
#4572 = CARTESIAN_POINT('',(82.45,-57.,-23.7));
#4573 = LINE('',#4574,#4575);
#4574 = CARTESIAN_POINT('',(82.45,-57.,-23.7));
#4575 = VECTOR('',#4576,1.);
#4576 = DIRECTION('',(-0.666015769309,0.,0.745937661626));
#4577 = ORIENTED_EDGE('',*,*,#3530,.T.);
#4578 = ORIENTED_EDGE('',*,*,#4570,.T.);
#4579 = ORIENTED_EDGE('',*,*,#4580,.F.);
#4580 = EDGE_CURVE('',#4571,#4571,#4581,.T.);
#4581 = CIRCLE('',#4582,2.5);
#4582 = AXIS2_PLACEMENT_3D('',#4583,#4584,#4585);
#4583 = CARTESIAN_POINT('',(79.95,-57.,-23.7));
#4584 = DIRECTION('',(0.,0.,1.));
#4585 = DIRECTION('',(1.,0.,0.));
#4586 = CONICAL_SURFACE('',#4587,2.5,0.728854726453);
#4587 = AXIS2_PLACEMENT_3D('',#4588,#4589,#4590);
#4588 = CARTESIAN_POINT('',(79.95,-57.,-23.7));
#4589 = DIRECTION('',(-0.,-0.,-1.));
#4590 = DIRECTION('',(1.,0.,0.));
#4591 = ADVANCED_FACE('',(#4592),#4595,.F.);
#4592 = FACE_BOUND('',#4593,.T.);
#4593 = EDGE_LOOP('',(#4594));
#4594 = ORIENTED_EDGE('',*,*,#3555,.T.);
#4595 = PLANE('',#4596);
#4596 = AXIS2_PLACEMENT_3D('',#4597,#4598,#4599);
#4597 = CARTESIAN_POINT('',(-2.15E-15,-71.9,7.5));
#4598 = DIRECTION('',(0.,1.,0.));
#4599 = DIRECTION('',(0.,0.,1.));
#4600 = ADVANCED_FACE('',(#4601),#4604,.F.);
#4601 = FACE_BOUND('',#4602,.T.);
#4602 = EDGE_LOOP('',(#4603));
#4603 = ORIENTED_EDGE('',*,*,#3580,.T.);
#4604 = PLANE('',#4605);
#4605 = AXIS2_PLACEMENT_3D('',#4606,#4607,#4608);
#4606 = CARTESIAN_POINT('',(-2.15E-15,-71.9,7.5));
#4607 = DIRECTION('',(0.,1.,0.));
#4608 = DIRECTION('',(0.,0.,1.));
#4609 = ADVANCED_FACE('',(#4610),#4613,.T.);
#4610 = FACE_BOUND('',#4611,.T.);
#4611 = EDGE_LOOP('',(#4612));
#4612 = ORIENTED_EDGE('',*,*,#3785,.T.);
#4613 = PLANE('',#4614);
#4614 = AXIS2_PLACEMENT_3D('',#4615,#4616,#4617);
#4615 = CARTESIAN_POINT('',(-3.4E-16,-9.,16.5));
#4616 = DIRECTION('',(0.,0.,1.));
#4617 = DIRECTION('',(1.,0.,0.));
#4618 = ADVANCED_FACE('',(#4619),#4622,.T.);
#4619 = FACE_BOUND('',#4620,.T.);
#4620 = EDGE_LOOP('',(#4621));
#4621 = ORIENTED_EDGE('',*,*,#3826,.T.);
#4622 = PLANE('',#4623);
#4623 = AXIS2_PLACEMENT_3D('',#4624,#4625,#4626);
#4624 = CARTESIAN_POINT('',(-3.4E-16,-9.,16.5));
#4625 = DIRECTION('',(0.,0.,1.));
#4626 = DIRECTION('',(1.,0.,0.));
#4627 = ADVANCED_FACE('',(#4628),#4647,.F.);
#4628 = FACE_BOUND('',#4629,.T.);
#4629 = EDGE_LOOP('',(#4630,#4638,#4639,#4640));
#4630 = ORIENTED_EDGE('',*,*,#4631,.F.);
#4631 = EDGE_CURVE('',#3871,#4632,#4634,.T.);
#4632 = VERTEX_POINT('',#4633);
#4633 = CARTESIAN_POINT('',(77.45,-42.8,7.5));
#4634 = LINE('',#4635,#4636);
#4635 = CARTESIAN_POINT('',(77.45,-42.8,7.5));
#4636 = VECTOR('',#4637,1.);
#4637 = DIRECTION('',(0.666015769309,-0.745937661626,0.));
#4638 = ORIENTED_EDGE('',*,*,#3870,.T.);
#4639 = ORIENTED_EDGE('',*,*,#4631,.T.);
#4640 = ORIENTED_EDGE('',*,*,#4641,.F.);
#4641 = EDGE_CURVE('',#4632,#4632,#4642,.T.);
#4642 = CIRCLE('',#4643,2.5);
#4643 = AXIS2_PLACEMENT_3D('',#4644,#4645,#4646);
#4644 = CARTESIAN_POINT('',(79.95,-42.8,7.5));
#4645 = DIRECTION('',(0.,1.,-0.));
#4646 = DIRECTION('',(-1.,0.,0.));
#4647 = CONICAL_SURFACE('',#4648,2.5,0.728854726453);
#4648 = AXIS2_PLACEMENT_3D('',#4649,#4650,#4651);
#4649 = CARTESIAN_POINT('',(79.95,-42.8,7.5));
#4650 = DIRECTION('',(0.,1.,0.));
#4651 = DIRECTION('',(-1.,0.,0.));
#4652 = ADVANCED_FACE('',(#4653),#4678,.F.);
#4653 = FACE_BOUND('',#4654,.F.);
#4654 = EDGE_LOOP('',(#4655,#4663,#4671,#4677));
#4655 = ORIENTED_EDGE('',*,*,#4656,.T.);
#4656 = EDGE_CURVE('',#3882,#4657,#4659,.T.);
#4657 = VERTEX_POINT('',#4658);
#4658 = CARTESIAN_POINT('',(42.949999999998,-43.5,-4.049999999998));
#4659 = LINE('',#4660,#4661);
#4660 = CARTESIAN_POINT('',(42.949999999998,-40.,-4.049999999998));
#4661 = VECTOR('',#4662,1.);
#4662 = DIRECTION('',(0.,-1.,2.2E-16));
#4663 = ORIENTED_EDGE('',*,*,#4664,.T.);
#4664 = EDGE_CURVE('',#4657,#4665,#4667,.T.);
#4665 = VERTEX_POINT('',#4666);
#4666 = CARTESIAN_POINT('',(42.949999999998,-43.5,4.049999999998));
#4667 = LINE('',#4668,#4669);
#4668 = CARTESIAN_POINT('',(42.949999999998,-43.5,-4.049999999998));
#4669 = VECTOR('',#4670,1.);
#4670 = DIRECTION('',(0.,0.,1.));
#4671 = ORIENTED_EDGE('',*,*,#4672,.F.);
#4672 = EDGE_CURVE('',#3884,#4665,#4673,.T.);
#4673 = LINE('',#4674,#4675);
#4674 = CARTESIAN_POINT('',(42.949999999998,-40.,4.049999999998));
#4675 = VECTOR('',#4676,1.);
#4676 = DIRECTION('',(0.,-1.,2.2E-16));
#4677 = ORIENTED_EDGE('',*,*,#3881,.F.);
#4678 = PLANE('',#4679);
#4679 = AXIS2_PLACEMENT_3D('',#4680,#4681,#4682);
#4680 = CARTESIAN_POINT('',(42.949999999998,-40.,-4.049999999998));
#4681 = DIRECTION('',(-1.,0.,0.));
#4682 = DIRECTION('',(0.,2.2E-16,1.));
#4683 = ADVANCED_FACE('',(#4684),#4702,.F.);
#4684 = FACE_BOUND('',#4685,.F.);
#4685 = EDGE_LOOP('',(#4686,#4694,#4700,#4701));
#4686 = ORIENTED_EDGE('',*,*,#4687,.T.);
#4687 = EDGE_CURVE('',#3892,#4688,#4690,.T.);
#4688 = VERTEX_POINT('',#4689);
#4689 = CARTESIAN_POINT('',(51.050000000002,-43.5,-4.049999999998));
#4690 = LINE('',#4691,#4692);
#4691 = CARTESIAN_POINT('',(51.050000000002,-40.,-4.049999999998));
#4692 = VECTOR('',#4693,1.);
#4693 = DIRECTION('',(0.,-1.,2.2E-16));
#4694 = ORIENTED_EDGE('',*,*,#4695,.T.);
#4695 = EDGE_CURVE('',#4688,#4657,#4696,.T.);
#4696 = LINE('',#4697,#4698);
#4697 = CARTESIAN_POINT('',(51.050000000002,-43.5,-4.049999999998));
#4698 = VECTOR('',#4699,1.);
#4699 = DIRECTION('',(-1.,0.,0.));
#4700 = ORIENTED_EDGE('',*,*,#4656,.F.);
#4701 = ORIENTED_EDGE('',*,*,#3891,.F.);
#4702 = PLANE('',#4703);
#4703 = AXIS2_PLACEMENT_3D('',#4704,#4705,#4706);
#4704 = CARTESIAN_POINT('',(51.050000000002,-40.,-4.049999999998));
#4705 = DIRECTION('',(-0.,-2.2E-16,-1.));
#4706 = DIRECTION('',(-1.,0.,0.));
#4707 = ADVANCED_FACE('',(#4708),#4726,.F.);
#4708 = FACE_BOUND('',#4709,.F.);
#4709 = EDGE_LOOP('',(#4710,#4711,#4719,#4725));
#4710 = ORIENTED_EDGE('',*,*,#4672,.T.);
#4711 = ORIENTED_EDGE('',*,*,#4712,.T.);
#4712 = EDGE_CURVE('',#4665,#4713,#4715,.T.);
#4713 = VERTEX_POINT('',#4714);
#4714 = CARTESIAN_POINT('',(51.050000000002,-43.5,4.049999999998));
#4715 = LINE('',#4716,#4717);
#4716 = CARTESIAN_POINT('',(42.949999999998,-43.5,4.049999999998));
#4717 = VECTOR('',#4718,1.);
#4718 = DIRECTION('',(1.,0.,0.));
#4719 = ORIENTED_EDGE('',*,*,#4720,.F.);
#4720 = EDGE_CURVE('',#3900,#4713,#4721,.T.);
#4721 = LINE('',#4722,#4723);
#4722 = CARTESIAN_POINT('',(51.050000000002,-40.,4.049999999998));
#4723 = VECTOR('',#4724,1.);
#4724 = DIRECTION('',(0.,-1.,2.2E-16));
#4725 = ORIENTED_EDGE('',*,*,#3907,.F.);
#4726 = PLANE('',#4727);
#4727 = AXIS2_PLACEMENT_3D('',#4728,#4729,#4730);
#4728 = CARTESIAN_POINT('',(42.949999999998,-40.,4.049999999998));
#4729 = DIRECTION('',(0.,2.2E-16,1.));
#4730 = DIRECTION('',(1.,0.,0.));
#4731 = ADVANCED_FACE('',(#4732),#4743,.F.);
#4732 = FACE_BOUND('',#4733,.F.);
#4733 = EDGE_LOOP('',(#4734,#4735,#4741,#4742));
#4734 = ORIENTED_EDGE('',*,*,#4720,.T.);
#4735 = ORIENTED_EDGE('',*,*,#4736,.T.);
#4736 = EDGE_CURVE('',#4713,#4688,#4737,.T.);
#4737 = LINE('',#4738,#4739);
#4738 = CARTESIAN_POINT('',(51.050000000002,-43.5,4.049999999998));
#4739 = VECTOR('',#4740,1.);
#4740 = DIRECTION('',(0.,0.,-1.));
#4741 = ORIENTED_EDGE('',*,*,#4687,.F.);
#4742 = ORIENTED_EDGE('',*,*,#3899,.F.);
#4743 = PLANE('',#4744);
#4744 = AXIS2_PLACEMENT_3D('',#4745,#4746,#4747);
#4745 = CARTESIAN_POINT('',(51.050000000002,-40.,4.049999999998));
#4746 = DIRECTION('',(1.,0.,0.));
#4747 = DIRECTION('',(0.,-2.2E-16,-1.));
#4748 = ADVANCED_FACE('',(#4749),#4837,.T.);
#4749 = FACE_BOUND('',#4750,.T.);
#4750 = EDGE_LOOP('',(#4751,#4812,#4831,#4836));
#4751 = ORIENTED_EDGE('',*,*,#4752,.T.);
#4752 = EDGE_CURVE('',#3957,#4753,#4755,.T.);
#4753 = VERTEX_POINT('',#4754);
#4754 = CARTESIAN_POINT('',(35.006162637565,-30.64176926073,
    18.593837246711));
#4755 = B_SPLINE_CURVE_WITH_KNOTS('',7,(#4756,#4757,#4758,#4759,#4760,
    #4761,#4762,#4763,#4764,#4765,#4766,#4767,#4768,#4769,#4770,#4771,
    #4772,#4773,#4774,#4775,#4776,#4777,#4778,#4779,#4780,#4781,#4782,
    #4783,#4784,#4785,#4786,#4787,#4788,#4789,#4790,#4791,#4792,#4793,
    #4794,#4795,#4796,#4797,#4798,#4799,#4800,#4801,#4802,#4803,#4804,
    #4805,#4806,#4807,#4808,#4809,#4810,#4811),.UNSPECIFIED.,.F.,.F.,(8,
    6,6,6,6,6,6,6,6,8),(0.,0.122090666092,0.222998859913,0.430455960619,
    0.663539128059,0.819992368052,0.911426934037,0.950032735049,
    0.971235356623,1.),.UNSPECIFIED.);
#4756 = CARTESIAN_POINT('',(36.,-30.04032522474,17.600000000006));
#4757 = CARTESIAN_POINT('',(35.982814499438,-30.05387233565,
    17.617185500568));
#4758 = CARTESIAN_POINT('',(35.965631937239,-30.06742995327,
    17.634368062767));
#4759 = CARTESIAN_POINT('',(35.948451340288,-30.08099459266,
    17.651548659718));
#4760 = CARTESIAN_POINT('',(35.931271736574,-30.09456277805,
    17.668728263432));
#4761 = CARTESIAN_POINT('',(35.914092155195,-30.10813104275,
    17.685907844811));
#4762 = CARTESIAN_POINT('',(35.896911626352,-30.1216959292,
    17.703088373654));
#4763 = CARTESIAN_POINT('',(35.865527854212,-30.14645975405,
    17.734472145794));
#4764 = CARTESIAN_POINT('',(35.851325213251,-30.15766082416,
    17.748674786755));
#4765 = CARTESIAN_POINT('',(35.837120709514,-30.16885524355,
    17.762879290492));
#4766 = CARTESIAN_POINT('',(35.822913780844,-30.18004098995,
    17.777086219162));
#4767 = CARTESIAN_POINT('',(35.808703851887,-30.19121597451,
    17.791296148119));
#4768 = CARTESIAN_POINT('',(35.794490334091,-30.20237804184,
    17.805509665915));
#4769 = CARTESIAN_POINT('',(35.751042446785,-30.23644193348,
    17.848957553221));
#4770 = CARTESIAN_POINT('',(35.721794706974,-30.25929482593,
    17.878205293032));
#4771 = CARTESIAN_POINT('',(35.692523844017,-30.28206395745,
    17.907476155989));
#4772 = CARTESIAN_POINT('',(35.663224285675,-30.30472820103,
    17.936775714331));
#4773 = CARTESIAN_POINT('',(35.633889983308,-30.32726321645,
    17.966110016698));
#4774 = CARTESIAN_POINT('',(35.604513945453,-30.34963967422,
    17.995486054553));
#4775 = CARTESIAN_POINT('',(35.542026739372,-30.39674328474,
    18.057973260634));
#4776 = CARTESIAN_POINT('',(35.508905198839,-30.42141678631,
    18.091094801167));
#4777 = CARTESIAN_POINT('',(35.475708112457,-30.44579436939,
    18.124291887549));
#4778 = CARTESIAN_POINT('',(35.442420516959,-30.469808228,
    18.157579483047));
#4779 = CARTESIAN_POINT('',(35.409028360215,-30.49337521443,
    18.190971639791));
#4780 = CARTESIAN_POINT('',(35.375513932118,-30.51637636547,
    18.224486067888));
#4781 = CARTESIAN_POINT('',(35.319246769645,-30.55353580887,
    18.280753230361));
#4782 = CARTESIAN_POINT('',(35.296587723228,-30.56810902603,
    18.303412276778));
#4783 = CARTESIAN_POINT('',(35.273849994443,-30.58227468176,
    18.326150005563));
#4784 = CARTESIAN_POINT('',(35.251022721203,-30.59595561589,
    18.348977278803));
#4785 = CARTESIAN_POINT('',(35.228099882914,-30.6090259062,
    18.371900117092));
#4786 = CARTESIAN_POINT('',(35.205081928018,-30.62132866612,
    18.394918071988));
#4787 = CARTESIAN_POINT('',(35.16844265749,-30.63908572709,
    18.431557342516));
#4788 = CARTESIAN_POINT('',(35.154909197408,-30.64525292751,
    18.445090802598));
#4789 = CARTESIAN_POINT('',(35.141338262552,-30.65098008355,
    18.458661737454));
#4790 = CARTESIAN_POINT('',(35.127729524954,-30.65618259664,
    18.472270475052));
#4791 = CARTESIAN_POINT('',(35.11410224682,-30.66071897202,
    18.485897753186));
#4792 = CARTESIAN_POINT('',(35.100493889464,-30.66441454213,
    18.499506110542));
#4793 = CARTESIAN_POINT('',(35.081247608525,-30.66796709595,
    18.518752391481));
#4794 = CARTESIAN_POINT('',(35.075552203039,-30.66880740077,
    18.524447796967));
#4795 = CARTESIAN_POINT('',(35.069878632992,-30.6694067594,
    18.530121367014));
#4796 = CARTESIAN_POINT('',(35.06423640095,-30.6697321246,
    18.535763599056));
#4797 = CARTESIAN_POINT('',(35.058641332229,-30.6697423374,
    18.541358667777));
#4798 = CARTESIAN_POINT('',(35.05311588643,-30.66938647791,
    18.546884113577));
#4799 = CARTESIAN_POINT('',(35.044709236127,-30.6681714931,
    18.555290763879));
#4800 = CARTESIAN_POINT('',(35.041759823331,-30.6676116247,
    18.558240176675));
#4801 = CARTESIAN_POINT('',(35.038846396241,-30.66691249025,
    18.561153603765));
#4802 = CARTESIAN_POINT('',(35.035975932993,-30.66606290435,
    18.564024067013));
#4803 = CARTESIAN_POINT('',(35.03315702971,-30.66505120567,
    18.566842970296));
#4804 = CARTESIAN_POINT('',(35.03039970601,-30.6638658458,
    18.569600293996));
#4805 = CARTESIAN_POINT('',(35.024073276166,-30.66063754016,
    18.57592672384));
#4806 = CARTESIAN_POINT('',(35.020562823391,-30.65843802682,
    18.579437176615));
#4807 = CARTESIAN_POINT('',(35.01721664158,-30.65587290812,
    18.582783358426));
#4808 = CARTESIAN_POINT('',(35.014071131565,-30.65292186865,
    18.585928868441));
#4809 = CARTESIAN_POINT('',(35.011161816594,-30.64957617147,
    18.588838183412));
#4810 = CARTESIAN_POINT('',(35.008518853321,-30.64584602209,
    18.591481146685));
#4811 = CARTESIAN_POINT('',(35.00616254279,-30.64176793242,
    18.593837457216));
#4812 = ORIENTED_EDGE('',*,*,#4813,.T.);
#4813 = EDGE_CURVE('',#4753,#4814,#4816,.T.);
#4814 = VERTEX_POINT('',#4815);
#4815 = CARTESIAN_POINT('',(35.014122529507,-31.04763124516,
    18.225000000006));
#4816 = B_SPLINE_CURVE_WITH_KNOTS('',7,(#4817,#4818,#4819,#4820,#4821,
    #4822,#4823,#4824,#4825,#4826,#4827,#4828,#4829,#4830),
  .UNSPECIFIED.,.F.,.F.,(8,6,8),(-1.263783705278,-1.234227047737,
    -0.688737339364),.UNSPECIFIED.);
#4817 = CARTESIAN_POINT('',(35.003475458007,-30.60410725205,
    18.599805739346));
#4818 = CARTESIAN_POINT('',(35.003859340801,-30.60948753901,
    18.598953097541));
#4819 = CARTESIAN_POINT('',(35.004243223595,-30.61486782596,
    18.598100455736));
#4820 = CARTESIAN_POINT('',(35.004627106389,-30.62024811292,
    18.597247813931));
#4821 = CARTESIAN_POINT('',(35.005010989183,-30.62562839987,
    18.596395172126));
#4822 = CARTESIAN_POINT('',(35.005394871977,-30.63100868682,
    18.595542530321));
#4823 = CARTESIAN_POINT('',(35.005778754771,-30.63638897378,
    18.594689888516));
#4824 = CARTESIAN_POINT('',(35.013247474987,-30.7410663872,
    18.578101119276));
#4825 = CARTESIAN_POINT('',(35.021652628467,-30.81790617474,
    18.542278537259));
#4826 = CARTESIAN_POINT('',(35.026311798869,-30.88593810655,
    18.498577969588));
#4827 = CARTESIAN_POINT('',(35.028265658553,-30.94185199914,
    18.444038698137));
#4828 = CARTESIAN_POINT('',(35.026303580248,-30.98882812609,
    18.381505246073));
#4829 = CARTESIAN_POINT('',(35.020964388356,-31.02570106388,
    18.3099352269));
#4830 = CARTESIAN_POINT('',(35.014122529507,-31.04763124516,
    18.225000000006));
#4831 = ORIENTED_EDGE('',*,*,#4832,.F.);
#4832 = EDGE_CURVE('',#3959,#4814,#4833,.T.);
#4833 = B_SPLINE_CURVE_WITH_KNOTS('',1,(#4834,#4835),.UNSPECIFIED.,.F.,
  .F.,(2,2),(0.,0.545489708373),.PIECEWISE_BEZIER_KNOTS.);
#4834 = CARTESIAN_POINT('',(36.,-30.1774517925,17.446687836493));
#4835 = CARTESIAN_POINT('',(35.014122529507,-31.04763124516,
    18.225000000006));
#4836 = ORIENTED_EDGE('',*,*,#3956,.F.);
#4837 = B_SPLINE_SURFACE_WITH_KNOTS('',1,7,(
    (#4838,#4839,#4840,#4841,#4842,#4843,#4844,#4845,#4846,#4847,#4848
      ,#4849,#4850,#4851)
    ,(#4852,#4853,#4854,#4855,#4856,#4857,#4858,#4859,#4860,#4861,#4862
      ,#4863,#4864,#4865
    )),.UNSPECIFIED.,.F.,.F.,.F.,(2,2),(8,6,8),(0.,0.545489708373),(
    -1.263783705278,-1.234227047737,-0.688737339364),.UNSPECIFIED.);
#4838 = CARTESIAN_POINT('',(36.,-29.7883076062,17.881764263301));
#4839 = CARTESIAN_POINT('',(36.,-29.79277393806,17.876770752467));
#4840 = CARTESIAN_POINT('',(36.,-29.79696503458,17.872084964111));
#4841 = CARTESIAN_POINT('',(36.,-29.80088089575,17.86770689823));
#4842 = CARTESIAN_POINT('',(36.,-29.80452152157,17.863636554827));
#4843 = CARTESIAN_POINT('',(36.,-29.80788691203,17.8598739339));
#4844 = CARTESIAN_POINT('',(36.,-29.81097706715,17.856419035449));
#4845 = CARTESIAN_POINT('',(36.,-29.86574338771,17.795188427621));
#4846 = CARTESIAN_POINT('',(36.,-29.91769478851,17.737104995766));
#4847 = CARTESIAN_POINT('',(36.,-29.96964618931,17.679021563912));
#4848 = CARTESIAN_POINT('',(36.,-30.0215975901,17.620938132057));
#4849 = CARTESIAN_POINT('',(36.,-30.0735489909,17.562854700203));
#4850 = CARTESIAN_POINT('',(36.,-30.1255003917,17.504771268348));
#4851 = CARTESIAN_POINT('',(36.,-30.1774517925,17.446687836493));
#4852 = CARTESIAN_POINT('',(35.003475458007,-30.60410725205,
    18.599805739346));
#4853 = CARTESIAN_POINT('',(35.003859340801,-30.60948753901,
    18.598953097541));
#4854 = CARTESIAN_POINT('',(35.004243223595,-30.61486782596,
    18.598100455736));
#4855 = CARTESIAN_POINT('',(35.004627106389,-30.62024811292,
    18.597247813931));
#4856 = CARTESIAN_POINT('',(35.005010989183,-30.62562839987,
    18.596395172126));
#4857 = CARTESIAN_POINT('',(35.005394871977,-30.63100868682,
    18.595542530321));
#4858 = CARTESIAN_POINT('',(35.005778754771,-30.63638897378,
    18.594689888516));
#4859 = CARTESIAN_POINT('',(35.013247474987,-30.7410663872,
    18.578101119276));
#4860 = CARTESIAN_POINT('',(35.021652628467,-30.81790617474,
    18.542278537259));
#4861 = CARTESIAN_POINT('',(35.026311798869,-30.88593810655,
    18.498577969588));
#4862 = CARTESIAN_POINT('',(35.028265658553,-30.94185199914,
    18.444038698137));
#4863 = CARTESIAN_POINT('',(35.026303580248,-30.98882812609,
    18.381505246073));
#4864 = CARTESIAN_POINT('',(35.020964388356,-31.02570106388,
    18.3099352269));
#4865 = CARTESIAN_POINT('',(35.014122529507,-31.04763124516,
    18.225000000006));
#4866 = ADVANCED_FACE('',(#4867),#4894,.F.);
#4867 = FACE_BOUND('',#4868,.T.);
#4868 = EDGE_LOOP('',(#4869,#4879,#4886,#4887,#4888));
#4869 = ORIENTED_EDGE('',*,*,#4870,.F.);
#4870 = EDGE_CURVE('',#4871,#4873,#4875,.T.);
#4871 = VERTEX_POINT('',#4872);
#4872 = CARTESIAN_POINT('',(35.,-30.56350832688,18.600000000006));
#4873 = VERTEX_POINT('',#4874);
#4874 = CARTESIAN_POINT('',(35.,-30.44999999999,18.600000000006));
#4875 = LINE('',#4876,#4877);
#4876 = CARTESIAN_POINT('',(35.,-34.54999999999,18.600000000006));
#4877 = VECTOR('',#4878,1.);
#4878 = DIRECTION('',(2.2E-16,1.,0.));
#4879 = ORIENTED_EDGE('',*,*,#4880,.F.);
#4880 = EDGE_CURVE('',#4753,#4871,#4881,.T.);
#4881 = ELLIPSE('',#4882,0.707106781187,0.5);
#4882 = AXIS2_PLACEMENT_3D('',#4883,#4884,#4885);
#4883 = CARTESIAN_POINT('',(35.5,-30.56350832688,18.100000000006));
#4884 = DIRECTION('',(-0.707106781187,1.6E-16,-0.707106781187));
#4885 = DIRECTION('',(0.707106781187,-1.6E-16,-0.707106781187));
#4886 = ORIENTED_EDGE('',*,*,#4752,.F.);
#4887 = ORIENTED_EDGE('',*,*,#3977,.T.);
#4888 = ORIENTED_EDGE('',*,*,#4889,.T.);
#4889 = EDGE_CURVE('',#3978,#4873,#4890,.T.);
#4890 = LINE('',#4891,#4892);
#4891 = CARTESIAN_POINT('',(34.65,-30.79999999999,18.950000000006));
#4892 = VECTOR('',#4893,1.);
#4893 = DIRECTION('',(-0.57735026919,-0.57735026919,0.57735026919));
#4894 = PLANE('',#4895);
#4895 = AXIS2_PLACEMENT_3D('',#4896,#4897,#4898);
#4896 = CARTESIAN_POINT('',(35.5,-34.54999999999,18.100000000006));
#4897 = DIRECTION('',(-0.707106781187,1.6E-16,-0.707106781187));
#4898 = DIRECTION('',(-2.231370849898E-16,-1.,-3.137084989848E-18));
#4899 = ADVANCED_FACE('',(#4900),#4920,.T.);
#4900 = FACE_BOUND('',#4901,.T.);
#4901 = EDGE_LOOP('',(#4902,#4903,#4914,#4919));
#4902 = ORIENTED_EDGE('',*,*,#4832,.T.);
#4903 = ORIENTED_EDGE('',*,*,#4904,.T.);
#4904 = EDGE_CURVE('',#4814,#4905,#4907,.T.);
#4905 = VERTEX_POINT('',#4906);
#4906 = CARTESIAN_POINT('',(35.,-31.38196601124,17.600000000006));
#4907 = B_SPLINE_CURVE_WITH_KNOTS('',5,(#4908,#4909,#4910,#4911,#4912,
    #4913),.UNSPECIFIED.,.F.,.F.,(6,6),(-0.688737339364,0.),
  .PIECEWISE_BEZIER_KNOTS.);
#4908 = CARTESIAN_POINT('',(35.014122529507,-31.04763124516,
    18.225000000006));
#4909 = CARTESIAN_POINT('',(35.00202855042,-31.08639602526,
    18.074864652248));
#4910 = CARTESIAN_POINT('',(35.00024731612,-31.14192530803,
    17.939723931514));
#4911 = CARTESIAN_POINT('',(34.999915711888,-31.21005593897,
    17.815854199236));
#4912 = CARTESIAN_POINT('',(35.,-31.29013436599,17.702670900637));
#4913 = CARTESIAN_POINT('',(35.,-31.38196601124,17.600000000006));
#4914 = ORIENTED_EDGE('',*,*,#4915,.F.);
#4915 = EDGE_CURVE('',#4048,#4905,#4916,.T.);
#4916 = B_SPLINE_CURVE_WITH_KNOTS('',1,(#4917,#4918),.UNSPECIFIED.,.F.,
  .F.,(2,2),(0.,0.688737339364),.PIECEWISE_BEZIER_KNOTS.);
#4917 = CARTESIAN_POINT('',(36.,-30.63661001874,16.933333333339));
#4918 = CARTESIAN_POINT('',(35.,-31.38196601124,17.600000000006));
#4919 = ORIENTED_EDGE('',*,*,#4056,.F.);
#4920 = B_SPLINE_SURFACE_WITH_KNOTS('',1,5,(
    (#4921,#4922,#4923,#4924,#4925,#4926)
    ,(#4927,#4928,#4929,#4930,#4931,#4932
    )),.UNSPECIFIED.,.F.,.F.,.F.,(2,2),(6,6),(0.,0.688737339364),(
    -0.688737339364,0.),.PIECEWISE_BEZIER_KNOTS.);
#4921 = CARTESIAN_POINT('',(36.,-30.1774517925,17.446687836493));
#4922 = CARTESIAN_POINT('',(36.,-30.26928343774,17.344016935862));
#4923 = CARTESIAN_POINT('',(36.,-30.36111508299,17.241346035232));
#4924 = CARTESIAN_POINT('',(36.,-30.45294672824,17.138675134601));
#4925 = CARTESIAN_POINT('',(36.,-30.54477837349,17.03600423397));
#4926 = CARTESIAN_POINT('',(36.,-30.63661001874,16.933333333339));
#4927 = CARTESIAN_POINT('',(35.014122529507,-31.04763124516,
    18.225000000006));
#4928 = CARTESIAN_POINT('',(35.00202855042,-31.08639602526,
    18.074864652248));
#4929 = CARTESIAN_POINT('',(35.00024731612,-31.14192530803,
    17.939723931514));
#4930 = CARTESIAN_POINT('',(34.999915711888,-31.21005593897,
    17.815854199236));
#4931 = CARTESIAN_POINT('',(35.,-31.29013436599,17.702670900637));
#4932 = CARTESIAN_POINT('',(35.,-31.38196601124,17.600000000006));
#4933 = ADVANCED_FACE('',(#4934),#4952,.F.);
#4934 = FACE_BOUND('',#4935,.T.);
#4935 = EDGE_LOOP('',(#4936,#4937,#4938,#4946));
#4936 = ORIENTED_EDGE('',*,*,#4889,.F.);
#4937 = ORIENTED_EDGE('',*,*,#3985,.T.);
#4938 = ORIENTED_EDGE('',*,*,#4939,.T.);
#4939 = EDGE_CURVE('',#3986,#4940,#4942,.T.);
#4940 = VERTEX_POINT('',#4941);
#4941 = CARTESIAN_POINT('',(35.,-30.44999999999,20.4));
#4942 = LINE('',#4943,#4944);
#4943 = CARTESIAN_POINT('',(35.033333333334,-30.41666666665,
    20.433333333334));
#4944 = VECTOR('',#4945,1.);
#4945 = DIRECTION('',(-0.57735026919,-0.57735026919,-0.57735026919));
#4946 = ORIENTED_EDGE('',*,*,#4947,.F.);
#4947 = EDGE_CURVE('',#4873,#4940,#4948,.T.);
#4948 = LINE('',#4949,#4950);
#4949 = CARTESIAN_POINT('',(35.,-30.44999999999,18.600000000006));
#4950 = VECTOR('',#4951,1.);
#4951 = DIRECTION('',(-2.2E-16,0.,1.));
#4952 = PLANE('',#4953);
#4953 = AXIS2_PLACEMENT_3D('',#4954,#4955,#4956);
#4954 = CARTESIAN_POINT('',(35.5,-29.94999999999,18.600000000006));
#4955 = DIRECTION('',(-0.707106781187,0.707106781187,-1.6E-16));
#4956 = DIRECTION('',(2.231370849898E-16,-3.137084989848E-18,-1.));
#4957 = ADVANCED_FACE('',(#4958),#4977,.F.);
#4958 = FACE_BOUND('',#4959,.F.);
#4959 = EDGE_LOOP('',(#4960,#4961,#4962,#4970));
#4960 = ORIENTED_EDGE('',*,*,#4915,.F.);
#4961 = ORIENTED_EDGE('',*,*,#4047,.T.);
#4962 = ORIENTED_EDGE('',*,*,#4963,.T.);
#4963 = EDGE_CURVE('',#4037,#4964,#4966,.T.);
#4964 = VERTEX_POINT('',#4965);
#4965 = CARTESIAN_POINT('',(35.,-33.61803398874,17.600000000006));
#4966 = LINE('',#4967,#4968);
#4967 = CARTESIAN_POINT('',(35.,-33.61803398874,17.600000000006));
#4968 = VECTOR('',#4969,1.);
#4969 = DIRECTION('',(-0.707106781187,0.527046276695,0.471404520791));
#4970 = ORIENTED_EDGE('',*,*,#4971,.F.);
#4971 = EDGE_CURVE('',#4905,#4964,#4972,.T.);
#4972 = CIRCLE('',#4973,1.5);
#4973 = AXIS2_PLACEMENT_3D('',#4974,#4975,#4976);
#4974 = CARTESIAN_POINT('',(35.,-32.49999999999,18.600000000006));
#4975 = DIRECTION('',(-1.,2.2E-16,-2.2E-16));
#4976 = DIRECTION('',(3.106449850167E-16,0.7453559925,-0.666666666667));
#4977 = CONICAL_SURFACE('',#4978,1.5,0.785398163397);
#4978 = AXIS2_PLACEMENT_3D('',#4979,#4980,#4981);
#4979 = CARTESIAN_POINT('',(35.,-32.49999999999,18.600000000006));
#4980 = DIRECTION('',(1.,-2.2E-16,2.2E-16));
#4981 = DIRECTION('',(3.106449850167E-16,0.7453559925,-0.666666666667));
#4982 = ADVANCED_FACE('',(#4983),#5001,.F.);
#4983 = FACE_BOUND('',#4984,.T.);
#4984 = EDGE_LOOP('',(#4985,#4986,#4987,#4995));
#4985 = ORIENTED_EDGE('',*,*,#4939,.F.);
#4986 = ORIENTED_EDGE('',*,*,#3993,.T.);
#4987 = ORIENTED_EDGE('',*,*,#4988,.T.);
#4988 = EDGE_CURVE('',#3994,#4989,#4991,.T.);
#4989 = VERTEX_POINT('',#4990);
#4990 = CARTESIAN_POINT('',(35.,-34.54999999999,20.4));
#4991 = LINE('',#4992,#4993);
#4992 = CARTESIAN_POINT('',(34.65,-34.19999999999,20.05));
#4993 = VECTOR('',#4994,1.);
#4994 = DIRECTION('',(-0.57735026919,0.57735026919,-0.57735026919));
#4995 = ORIENTED_EDGE('',*,*,#4996,.F.);
#4996 = EDGE_CURVE('',#4940,#4989,#4997,.T.);
#4997 = LINE('',#4998,#4999);
#4998 = CARTESIAN_POINT('',(35.,-30.44999999999,20.4));
#4999 = VECTOR('',#5000,1.);
#5000 = DIRECTION('',(-2.2E-16,-1.,-0.));
#5001 = PLANE('',#5002);
#5002 = AXIS2_PLACEMENT_3D('',#5003,#5004,#5005);
#5003 = CARTESIAN_POINT('',(35.5,-30.44999999999,20.9));
#5004 = DIRECTION('',(-0.707106781187,1.6E-16,0.707106781187));
#5005 = DIRECTION('',(2.231370849898E-16,1.,-3.137084989848E-18));
#5006 = ADVANCED_FACE('',(#5007),#5027,.T.);
#5007 = FACE_BOUND('',#5008,.T.);
#5008 = EDGE_LOOP('',(#5009,#5010,#5021,#5026));
#5009 = ORIENTED_EDGE('',*,*,#4963,.T.);
#5010 = ORIENTED_EDGE('',*,*,#5011,.T.);
#5011 = EDGE_CURVE('',#4964,#5012,#5014,.T.);
#5012 = VERTEX_POINT('',#5013);
#5013 = CARTESIAN_POINT('',(35.014122529507,-33.95236875482,
    18.225000000006));
#5014 = B_SPLINE_CURVE_WITH_KNOTS('',5,(#5015,#5016,#5017,#5018,#5019,
    #5020),.UNSPECIFIED.,.F.,.F.,(6,6),(2.523206011704,3.211943351068),
  .PIECEWISE_BEZIER_KNOTS.);
#5015 = CARTESIAN_POINT('',(35.,-33.61803398874,17.600000000006));
#5016 = CARTESIAN_POINT('',(35.,-33.70986563399,17.702670900637));
#5017 = CARTESIAN_POINT('',(34.999915711888,-33.789944061,
    17.815854199236));
#5018 = CARTESIAN_POINT('',(35.00024731612,-33.85807469195,
    17.939723931514));
#5019 = CARTESIAN_POINT('',(35.00202855042,-33.91360397471,
    18.074864652248));
#5020 = CARTESIAN_POINT('',(35.014122529507,-33.95236875482,
    18.225000000006));
#5021 = ORIENTED_EDGE('',*,*,#5022,.F.);
#5022 = EDGE_CURVE('',#4018,#5012,#5023,.T.);
#5023 = B_SPLINE_CURVE_WITH_KNOTS('',1,(#5024,#5025),.UNSPECIFIED.,.F.,
  .F.,(2,2),(0.,0.688737339364),.PIECEWISE_BEZIER_KNOTS.);
#5024 = CARTESIAN_POINT('',(36.,-34.82254820748,17.446687836493));
#5025 = CARTESIAN_POINT('',(35.014122529507,-33.95236875482,
    18.225000000006));
#5026 = ORIENTED_EDGE('',*,*,#4036,.F.);
#5027 = B_SPLINE_SURFACE_WITH_KNOTS('',1,5,(
    (#5028,#5029,#5030,#5031,#5032,#5033)
    ,(#5034,#5035,#5036,#5037,#5038,#5039
    )),.UNSPECIFIED.,.F.,.F.,.F.,(2,2),(6,6),(0.,0.688737339364),(
    2.523206011704,3.211943351068),.PIECEWISE_BEZIER_KNOTS.);
#5028 = CARTESIAN_POINT('',(36.,-34.36338998124,16.933333333339));
#5029 = CARTESIAN_POINT('',(36.,-34.45522162649,17.03600423397));
#5030 = CARTESIAN_POINT('',(36.,-34.54705327173,17.138675134601));
#5031 = CARTESIAN_POINT('',(36.,-34.63888491698,17.241346035232));
#5032 = CARTESIAN_POINT('',(36.,-34.73071656223,17.344016935862));
#5033 = CARTESIAN_POINT('',(36.,-34.82254820748,17.446687836493));
#5034 = CARTESIAN_POINT('',(35.,-33.61803398874,17.600000000006));
#5035 = CARTESIAN_POINT('',(35.,-33.70986563399,17.702670900637));
#5036 = CARTESIAN_POINT('',(34.999915711888,-33.789944061,
    17.815854199236));
#5037 = CARTESIAN_POINT('',(35.00024731612,-33.85807469195,
    17.939723931514));
#5038 = CARTESIAN_POINT('',(35.00202855042,-33.91360397471,
    18.074864652248));
#5039 = CARTESIAN_POINT('',(35.014122529507,-33.95236875482,
    18.225000000006));
#5040 = ADVANCED_FACE('',(#5041),#5059,.F.);
#5041 = FACE_BOUND('',#5042,.T.);
#5042 = EDGE_LOOP('',(#5043,#5044,#5045,#5053));
#5043 = ORIENTED_EDGE('',*,*,#4988,.F.);
#5044 = ORIENTED_EDGE('',*,*,#4001,.T.);
#5045 = ORIENTED_EDGE('',*,*,#5046,.T.);
#5046 = EDGE_CURVE('',#4002,#5047,#5049,.T.);
#5047 = VERTEX_POINT('',#5048);
#5048 = CARTESIAN_POINT('',(35.,-34.54999999999,18.600000000006));
#5049 = LINE('',#5050,#5051);
#5050 = CARTESIAN_POINT('',(35.033333333334,-34.58333333332,
    18.566666666672));
#5051 = VECTOR('',#5052,1.);
#5052 = DIRECTION('',(-0.57735026919,0.57735026919,0.57735026919));
#5053 = ORIENTED_EDGE('',*,*,#5054,.F.);
#5054 = EDGE_CURVE('',#4989,#5047,#5055,.T.);
#5055 = LINE('',#5056,#5057);
#5056 = CARTESIAN_POINT('',(35.,-34.54999999999,20.4));
#5057 = VECTOR('',#5058,1.);
#5058 = DIRECTION('',(2.2E-16,0.,-1.));
#5059 = PLANE('',#5060);
#5060 = AXIS2_PLACEMENT_3D('',#5061,#5062,#5063);
#5061 = CARTESIAN_POINT('',(35.5,-35.04999999999,20.4));
#5062 = DIRECTION('',(-0.707106781187,-0.707106781187,-1.6E-16));
#5063 = DIRECTION('',(-2.231370849898E-16,-3.137084989848E-18,1.));
#5064 = ADVANCED_FACE('',(#5065),#5147,.T.);
#5065 = FACE_BOUND('',#5066,.T.);
#5066 = EDGE_LOOP('',(#5067,#5068,#5087,#5146));
#5067 = ORIENTED_EDGE('',*,*,#5022,.T.);
#5068 = ORIENTED_EDGE('',*,*,#5069,.T.);
#5069 = EDGE_CURVE('',#5012,#5070,#5072,.T.);
#5070 = VERTEX_POINT('',#5071);
#5071 = CARTESIAN_POINT('',(35.006162637565,-34.35823073924,
    18.593837246711));
#5072 = B_SPLINE_CURVE_WITH_KNOTS('',7,(#5073,#5074,#5075,#5076,#5077,
    #5078,#5079,#5080,#5081,#5082,#5083,#5084,#5085,#5086),
  .UNSPECIFIED.,.F.,.F.,(8,6,8),(3.211943351068,3.757433059441,
    3.786989716981),.UNSPECIFIED.);
#5073 = CARTESIAN_POINT('',(35.014122529507,-33.95236875482,
    18.225000000006));
#5074 = CARTESIAN_POINT('',(35.020964388356,-33.9742989361,18.3099352269
    ));
#5075 = CARTESIAN_POINT('',(35.026303580248,-34.01117187388,
    18.381505246073));
#5076 = CARTESIAN_POINT('',(35.028265658553,-34.05814800084,
    18.444038698137));
#5077 = CARTESIAN_POINT('',(35.026311798869,-34.11406189343,
    18.498577969588));
#5078 = CARTESIAN_POINT('',(35.021652628467,-34.18209382524,
    18.542278537259));
#5079 = CARTESIAN_POINT('',(35.013247474987,-34.25893361277,
    18.578101119276));
#5080 = CARTESIAN_POINT('',(35.005778754771,-34.3636110262,
    18.594689888516));
#5081 = CARTESIAN_POINT('',(35.005394871977,-34.36899131315,
    18.595542530321));
#5082 = CARTESIAN_POINT('',(35.005010989183,-34.37437160011,
    18.596395172126));
#5083 = CARTESIAN_POINT('',(35.004627106389,-34.37975188706,
    18.597247813931));
#5084 = CARTESIAN_POINT('',(35.004243223595,-34.38513217402,
    18.598100455736));
#5085 = CARTESIAN_POINT('',(35.003859340801,-34.39051246097,
    18.598953097541));
#5086 = CARTESIAN_POINT('',(35.003475458007,-34.39589274792,
    18.599805739346));
#5087 = ORIENTED_EDGE('',*,*,#5088,.F.);
#5088 = EDGE_CURVE('',#4010,#5070,#5089,.T.);
#5089 = B_SPLINE_CURVE_WITH_KNOTS('',7,(#5090,#5091,#5092,#5093,#5094,
    #5095,#5096,#5097,#5098,#5099,#5100,#5101,#5102,#5103,#5104,#5105,
    #5106,#5107,#5108,#5109,#5110,#5111,#5112,#5113,#5114,#5115,#5116,
    #5117,#5118,#5119,#5120,#5121,#5122,#5123,#5124,#5125,#5126,#5127,
    #5128,#5129,#5130,#5131,#5132,#5133,#5134,#5135,#5136,#5137,#5138,
    #5139,#5140,#5141,#5142,#5143,#5144,#5145),.UNSPECIFIED.,.F.,.F.,(8,
    6,6,6,6,6,6,6,6,8),(0.,0.122090666092,0.222998859913,0.430455960619,
    0.663539128059,0.819992368052,0.911426934036,0.950032735049,
    0.971235356623,1.),.UNSPECIFIED.);
#5090 = CARTESIAN_POINT('',(36.,-34.95967477524,17.600000000006));
#5091 = CARTESIAN_POINT('',(35.982814499438,-34.94612766432,
    17.617185500568));
#5092 = CARTESIAN_POINT('',(35.965631937239,-34.93257004671,
    17.634368062767));
#5093 = CARTESIAN_POINT('',(35.948451340288,-34.91900540731,
    17.651548659718));
#5094 = CARTESIAN_POINT('',(35.931271736574,-34.90543722193,
    17.668728263432));
#5095 = CARTESIAN_POINT('',(35.914092155195,-34.89186895723,
    17.685907844811));
#5096 = CARTESIAN_POINT('',(35.896911626352,-34.87830407077,
    17.703088373654));
#5097 = CARTESIAN_POINT('',(35.865527854212,-34.85354024592,
    17.734472145794));
#5098 = CARTESIAN_POINT('',(35.851325213251,-34.84233917582,
    17.748674786755));
#5099 = CARTESIAN_POINT('',(35.837120709514,-34.83114475642,
    17.762879290492));
#5100 = CARTESIAN_POINT('',(35.822913780844,-34.81995901002,
    17.777086219162));
#5101 = CARTESIAN_POINT('',(35.808703851887,-34.80878402546,
    17.791296148119));
#5102 = CARTESIAN_POINT('',(35.794490334091,-34.79762195813,
    17.805509665915));
#5103 = CARTESIAN_POINT('',(35.751042446785,-34.76355806649,
    17.848957553221));
#5104 = CARTESIAN_POINT('',(35.721794706974,-34.74070517405,
    17.878205293032));
#5105 = CARTESIAN_POINT('',(35.692523844018,-34.71793604252,
    17.907476155989));
#5106 = CARTESIAN_POINT('',(35.663224285675,-34.69527179894,
    17.936775714331));
#5107 = CARTESIAN_POINT('',(35.633889983308,-34.67273678353,
    17.966110016698));
#5108 = CARTESIAN_POINT('',(35.604513945453,-34.65036032575,
    17.995486054553));
#5109 = CARTESIAN_POINT('',(35.542026739372,-34.60325671523,
    18.057973260634));
#5110 = CARTESIAN_POINT('',(35.50890519884,-34.57858321367,
    18.091094801166));
#5111 = CARTESIAN_POINT('',(35.475708112457,-34.55420563059,
    18.124291887549));
#5112 = CARTESIAN_POINT('',(35.442420516959,-34.53019177198,
    18.157579483047));
#5113 = CARTESIAN_POINT('',(35.409028360216,-34.50662478555,
    18.19097163979));
#5114 = CARTESIAN_POINT('',(35.375513932118,-34.4836236345,
    18.224486067888));
#5115 = CARTESIAN_POINT('',(35.319246769645,-34.44646419111,
    18.280753230361));
#5116 = CARTESIAN_POINT('',(35.296587723228,-34.43189097395,
    18.303412276778));
#5117 = CARTESIAN_POINT('',(35.273849994444,-34.41772531822,
    18.326150005562));
#5118 = CARTESIAN_POINT('',(35.251022721202,-34.40404438409,
    18.348977278804));
#5119 = CARTESIAN_POINT('',(35.228099882914,-34.39097409378,
    18.371900117092));
#5120 = CARTESIAN_POINT('',(35.205081928019,-34.37867133385,
    18.394918071987));
#5121 = CARTESIAN_POINT('',(35.16844265749,-34.36091427288,
    18.431557342516));
#5122 = CARTESIAN_POINT('',(35.154909197408,-34.35474707246,
    18.445090802598));
#5123 = CARTESIAN_POINT('',(35.141338262552,-34.34901991643,
    18.458661737454));
#5124 = CARTESIAN_POINT('',(35.127729524954,-34.34381740334,
    18.472270475052));
#5125 = CARTESIAN_POINT('',(35.11410224682,-34.33928102795,
    18.485897753186));
#5126 = CARTESIAN_POINT('',(35.100493889464,-34.33558545785,
    18.499506110542));
#5127 = CARTESIAN_POINT('',(35.081247608526,-34.33203290403,
    18.51875239148));
#5128 = CARTESIAN_POINT('',(35.075552203039,-34.33119259921,
    18.524447796967));
#5129 = CARTESIAN_POINT('',(35.069878632992,-34.33059324057,
    18.530121367014));
#5130 = CARTESIAN_POINT('',(35.06423640095,-34.33026787538,
    18.535763599056));
#5131 = CARTESIAN_POINT('',(35.05864133223,-34.33025766258,
    18.541358667776));
#5132 = CARTESIAN_POINT('',(35.05311588643,-34.33061352206,
    18.546884113576));
#5133 = CARTESIAN_POINT('',(35.044709236127,-34.33182850687,
    18.555290763879));
#5134 = CARTESIAN_POINT('',(35.041759823332,-34.33238837528,
    18.558240176674));
#5135 = CARTESIAN_POINT('',(35.038846396241,-34.33308750972,
    18.561153603765));
#5136 = CARTESIAN_POINT('',(35.035975932993,-34.33393709562,
    18.564024067013));
#5137 = CARTESIAN_POINT('',(35.03315702971,-34.3349487943,
    18.566842970296));
#5138 = CARTESIAN_POINT('',(35.03039970601,-34.33613415418,
    18.569600293996));
#5139 = CARTESIAN_POINT('',(35.024073276166,-34.33936245982,
    18.57592672384));
#5140 = CARTESIAN_POINT('',(35.020562823391,-34.34156197316,
    18.579437176615));
#5141 = CARTESIAN_POINT('',(35.01721664158,-34.34412709186,
    18.582783358426));
#5142 = CARTESIAN_POINT('',(35.014071131565,-34.34707813133,
    18.585928868441));
#5143 = CARTESIAN_POINT('',(35.011161816594,-34.35042382851,
    18.588838183412));
#5144 = CARTESIAN_POINT('',(35.008518853321,-34.35415397789,
    18.591481146685));
#5145 = CARTESIAN_POINT('',(35.00616254279,-34.35823206756,
    18.593837457216));
#5146 = ORIENTED_EDGE('',*,*,#4017,.F.);
#5147 = B_SPLINE_SURFACE_WITH_KNOTS('',1,7,(
    (#5148,#5149,#5150,#5151,#5152,#5153,#5154,#5155,#5156,#5157,#5158
      ,#5159,#5160,#5161)
    ,(#5162,#5163,#5164,#5165,#5166,#5167,#5168,#5169,#5170,#5171,#5172
      ,#5173,#5174,#5175
    )),.UNSPECIFIED.,.F.,.F.,.F.,(2,2),(8,6,8),(0.,0.545489708373),(
    3.211943351068,3.757433059441,3.786989716981),.UNSPECIFIED.);
#5148 = CARTESIAN_POINT('',(36.,-34.82254820748,17.446687836493));
#5149 = CARTESIAN_POINT('',(36.,-34.87449960828,17.504771268348));
#5150 = CARTESIAN_POINT('',(36.,-34.92645100908,17.562854700202));
#5151 = CARTESIAN_POINT('',(35.999999999999,-34.97840240987,
    17.620938132057));
#5152 = CARTESIAN_POINT('',(36.,-35.03035381067,17.679021563912));
#5153 = CARTESIAN_POINT('',(36.,-35.08230521147,17.737104995766));
#5154 = CARTESIAN_POINT('',(36.,-35.13425661227,17.795188427621));
#5155 = CARTESIAN_POINT('',(36.,-35.18902293283,17.856419035449));
#5156 = CARTESIAN_POINT('',(36.,-35.19211308794,17.8598739339));
#5157 = CARTESIAN_POINT('',(36.,-35.19547847841,17.863636554827));
#5158 = CARTESIAN_POINT('',(36.,-35.19911910423,17.86770689823));
#5159 = CARTESIAN_POINT('',(36.,-35.2030349654,17.872084964111));
#5160 = CARTESIAN_POINT('',(36.,-35.20722606191,17.876770752467));
#5161 = CARTESIAN_POINT('',(36.,-35.21169239378,17.881764263301));
#5162 = CARTESIAN_POINT('',(35.014122529507,-33.95236875482,
    18.225000000006));
#5163 = CARTESIAN_POINT('',(35.020964388356,-33.9742989361,18.3099352269
    ));
#5164 = CARTESIAN_POINT('',(35.026303580248,-34.01117187388,
    18.381505246073));
#5165 = CARTESIAN_POINT('',(35.028265658553,-34.05814800084,
    18.444038698137));
#5166 = CARTESIAN_POINT('',(35.026311798869,-34.11406189343,
    18.498577969588));
#5167 = CARTESIAN_POINT('',(35.021652628467,-34.18209382524,
    18.542278537259));
#5168 = CARTESIAN_POINT('',(35.013247474987,-34.25893361277,
    18.578101119276));
#5169 = CARTESIAN_POINT('',(35.005778754771,-34.3636110262,
    18.594689888516));
#5170 = CARTESIAN_POINT('',(35.005394871977,-34.36899131315,
    18.595542530321));
#5171 = CARTESIAN_POINT('',(35.005010989183,-34.37437160011,
    18.596395172126));
#5172 = CARTESIAN_POINT('',(35.004627106389,-34.37975188706,
    18.597247813931));
#5173 = CARTESIAN_POINT('',(35.004243223595,-34.38513217402,
    18.598100455736));
#5174 = CARTESIAN_POINT('',(35.003859340801,-34.39051246097,
    18.598953097541));
#5175 = CARTESIAN_POINT('',(35.003475458007,-34.39589274792,
    18.599805739346));
#5176 = ADVANCED_FACE('',(#5177),#5197,.F.);
#5177 = FACE_BOUND('',#5178,.T.);
#5178 = EDGE_LOOP('',(#5179,#5180,#5181,#5182,#5191));
#5179 = ORIENTED_EDGE('',*,*,#5046,.F.);
#5180 = ORIENTED_EDGE('',*,*,#4009,.T.);
#5181 = ORIENTED_EDGE('',*,*,#5088,.T.);
#5182 = ORIENTED_EDGE('',*,*,#5183,.F.);
#5183 = EDGE_CURVE('',#5184,#5070,#5186,.T.);
#5184 = VERTEX_POINT('',#5185);
#5185 = CARTESIAN_POINT('',(35.,-34.43649167309,18.600000000006));
#5186 = ELLIPSE('',#5187,0.707106781187,0.5);
#5187 = AXIS2_PLACEMENT_3D('',#5188,#5189,#5190);
#5188 = CARTESIAN_POINT('',(35.5,-34.43649167309,18.100000000006));
#5189 = DIRECTION('',(-0.707106781187,1.6E-16,-0.707106781187));
#5190 = DIRECTION('',(0.707106781187,-1.6E-16,-0.707106781187));
#5191 = ORIENTED_EDGE('',*,*,#5192,.F.);
#5192 = EDGE_CURVE('',#5047,#5184,#5193,.T.);
#5193 = LINE('',#5194,#5195);
#5194 = CARTESIAN_POINT('',(35.,-34.54999999999,18.600000000006));
#5195 = VECTOR('',#5196,1.);
#5196 = DIRECTION('',(2.2E-16,1.,0.));
#5197 = PLANE('',#5198);
#5198 = AXIS2_PLACEMENT_3D('',#5199,#5200,#5201);
#5199 = CARTESIAN_POINT('',(35.5,-34.54999999999,18.100000000006));
#5200 = DIRECTION('',(-0.707106781187,1.6E-16,-0.707106781187));
#5201 = DIRECTION('',(-2.231370849898E-16,-1.,-3.137084989848E-18));
#5202 = ADVANCED_FACE('',(#5203),#5291,.T.);
#5203 = FACE_BOUND('',#5204,.T.);
#5204 = EDGE_LOOP('',(#5205,#5266,#5285,#5290));
#5205 = ORIENTED_EDGE('',*,*,#5206,.T.);
#5206 = EDGE_CURVE('',#4068,#5207,#5209,.T.);
#5207 = VERTEX_POINT('',#5208);
#5208 = CARTESIAN_POINT('',(35.006162637565,16.358230739254,
    18.593837246705));
#5209 = B_SPLINE_CURVE_WITH_KNOTS('',7,(#5210,#5211,#5212,#5213,#5214,
    #5215,#5216,#5217,#5218,#5219,#5220,#5221,#5222,#5223,#5224,#5225,
    #5226,#5227,#5228,#5229,#5230,#5231,#5232,#5233,#5234,#5235,#5236,
    #5237,#5238,#5239,#5240,#5241,#5242,#5243,#5244,#5245,#5246,#5247,
    #5248,#5249,#5250,#5251,#5252,#5253,#5254,#5255,#5256,#5257,#5258,
    #5259,#5260,#5261,#5262,#5263,#5264,#5265),.UNSPECIFIED.,.F.,.F.,(8,
    6,6,6,6,6,6,6,6,8),(0.,0.122090666093,0.222998859914,0.43045596062,
    0.663539128061,0.819992368054,0.911426934037,0.950032735049,
    0.971235356623,1.),.UNSPECIFIED.);
#5210 = CARTESIAN_POINT('',(36.,16.95967477525,17.6));
#5211 = CARTESIAN_POINT('',(35.982814499438,16.946127664333,
    17.617185500562));
#5212 = CARTESIAN_POINT('',(35.965631937239,16.932570046721,
    17.634368062761));
#5213 = CARTESIAN_POINT('',(35.948451340287,16.919005407325,
    17.651548659713));
#5214 = CARTESIAN_POINT('',(35.931271736574,16.905437221939,
    17.668728263426));
#5215 = CARTESIAN_POINT('',(35.914092155195,16.89186895724,
    17.685907844805));
#5216 = CARTESIAN_POINT('',(35.896911626352,16.878304070786,
    17.703088373648));
#5217 = CARTESIAN_POINT('',(35.865527854211,16.853540245936,
    17.734472145789));
#5218 = CARTESIAN_POINT('',(35.851325213251,16.842339175831,
    17.748674786749));
#5219 = CARTESIAN_POINT('',(35.837120709514,16.831144756436,
    17.762879290486));
#5220 = CARTESIAN_POINT('',(35.822913780843,16.819959010036,
    17.777086219157));
#5221 = CARTESIAN_POINT('',(35.808703851886,16.808784025473,
    17.791296148114));
#5222 = CARTESIAN_POINT('',(35.79449033409,16.797621958144,
    17.80550966591));
#5223 = CARTESIAN_POINT('',(35.751042446784,16.763558066506,
    17.848957553216));
#5224 = CARTESIAN_POINT('',(35.721794706974,16.740705174057,
    17.878205293026));
#5225 = CARTESIAN_POINT('',(35.692523844017,16.717936042534,
    17.907476155983));
#5226 = CARTESIAN_POINT('',(35.663224285675,16.695271798955,
    17.936775714325));
#5227 = CARTESIAN_POINT('',(35.633889983307,16.672736783539,
    17.966110016693));
#5228 = CARTESIAN_POINT('',(35.604513945452,16.650360325764,
    17.995486054548));
#5229 = CARTESIAN_POINT('',(35.542026739372,16.603256715243,
    18.057973260628));
#5230 = CARTESIAN_POINT('',(35.508905198839,16.57858321368,
    18.091094801161));
#5231 = CARTESIAN_POINT('',(35.475708112457,16.554205630602,
    18.124291887543));
#5232 = CARTESIAN_POINT('',(35.442420516959,16.530191771991,
    18.157579483041));
#5233 = CARTESIAN_POINT('',(35.409028360215,16.506624785562,
    18.190971639785));
#5234 = CARTESIAN_POINT('',(35.375513932117,16.483623634513,
    18.224486067883));
#5235 = CARTESIAN_POINT('',(35.319246769645,16.446464191123,
    18.280753230355));
#5236 = CARTESIAN_POINT('',(35.296587723228,16.431890973962,
    18.303412276772));
#5237 = CARTESIAN_POINT('',(35.273849994443,16.417725318229,
    18.326150005557));
#5238 = CARTESIAN_POINT('',(35.251022721202,16.404044384097,
    18.348977278798));
#5239 = CARTESIAN_POINT('',(35.228099882913,16.390974093788,
    18.371900117087));
#5240 = CARTESIAN_POINT('',(35.205081928018,16.378671333864,
    18.394918071982));
#5241 = CARTESIAN_POINT('',(35.16844265749,16.360914272897,
    18.43155734251));
#5242 = CARTESIAN_POINT('',(35.154909197407,16.354747072474,
    18.445090802594));
#5243 = CARTESIAN_POINT('',(35.141338262553,16.349019916441,
    18.458661737447));
#5244 = CARTESIAN_POINT('',(35.127729524953,16.343817403349,
    18.472270475047));
#5245 = CARTESIAN_POINT('',(35.11410224682,16.339281027965,
    18.48589775318));
#5246 = CARTESIAN_POINT('',(35.100493889464,16.335585457861,
    18.499506110536));
#5247 = CARTESIAN_POINT('',(35.081247608525,16.332032904037,
    18.518752391475));
#5248 = CARTESIAN_POINT('',(35.075552203038,16.331192599218,
    18.524447796962));
#5249 = CARTESIAN_POINT('',(35.069878632991,16.330593240586,
    18.530121367009));
#5250 = CARTESIAN_POINT('',(35.06423640095,16.330267875391,
    18.53576359905));
#5251 = CARTESIAN_POINT('',(35.058641332229,16.33025766259,
    18.541358667771));
#5252 = CARTESIAN_POINT('',(35.053115886429,16.330613522073,
    18.546884113571));
#5253 = CARTESIAN_POINT('',(35.044709236127,16.331828506883,
    18.555290763873));
#5254 = CARTESIAN_POINT('',(35.041759823331,16.332388375288,
    18.558240176669));
#5255 = CARTESIAN_POINT('',(35.038846396241,16.333087509735,
    18.561153603759));
#5256 = CARTESIAN_POINT('',(35.035975932993,16.333937095634,
    18.564024067007));
#5257 = CARTESIAN_POINT('',(35.03315702971,16.334948794314,
    18.56684297029));
#5258 = CARTESIAN_POINT('',(35.030399706009,16.336134154188,
    18.569600293991));
#5259 = CARTESIAN_POINT('',(35.024073276166,16.33936245983,
    18.575926723834));
#5260 = CARTESIAN_POINT('',(35.020562823391,16.34156197317,
    18.579437176609));
#5261 = CARTESIAN_POINT('',(35.01721664158,16.344127091868,
    18.58278335842));
#5262 = CARTESIAN_POINT('',(35.014071131564,16.347078131342,
    18.585928868436));
#5263 = CARTESIAN_POINT('',(35.011161816594,16.350423828523,
    18.588838183406));
#5264 = CARTESIAN_POINT('',(35.008518853321,16.354153977901,
    18.591481146679));
#5265 = CARTESIAN_POINT('',(35.00616254279,16.358232067571,
    18.59383745721));
#5266 = ORIENTED_EDGE('',*,*,#5267,.T.);
#5267 = EDGE_CURVE('',#5207,#5268,#5270,.T.);
#5268 = VERTEX_POINT('',#5269);
#5269 = CARTESIAN_POINT('',(35.014122529507,15.952368754828,18.225));
#5270 = B_SPLINE_CURVE_WITH_KNOTS('',7,(#5271,#5272,#5273,#5274,#5275,
    #5276,#5277,#5278,#5279,#5280,#5281,#5282,#5283,#5284),
  .UNSPECIFIED.,.F.,.F.,(8,6,8),(-1.263783705278,-1.234227047737,
    -0.688737339364),.UNSPECIFIED.);
#5271 = CARTESIAN_POINT('',(35.003475458007,16.395892747937,
    18.59980573934));
#5272 = CARTESIAN_POINT('',(35.003859340801,16.390512460982,
    18.598953097535));
#5273 = CARTESIAN_POINT('',(35.004243223595,16.385132174027,
    18.59810045573));
#5274 = CARTESIAN_POINT('',(35.004627106389,16.379751887073,
    18.597247813925));
#5275 = CARTESIAN_POINT('',(35.005010989183,16.374371600118,
    18.59639517212));
#5276 = CARTESIAN_POINT('',(35.005394871977,16.368991313163,
    18.595542530315));
#5277 = CARTESIAN_POINT('',(35.005778754771,16.363611026209,
    18.59468988851));
#5278 = CARTESIAN_POINT('',(35.013247474987,16.258933612783,
    18.57810111927));
#5279 = CARTESIAN_POINT('',(35.021652628467,16.182093825248,
    18.542278537253));
#5280 = CARTESIAN_POINT('',(35.026311798869,16.114061893439,
    18.498577969582));
#5281 = CARTESIAN_POINT('',(35.028265658553,16.058148000848,
    18.444038698131));
#5282 = CARTESIAN_POINT('',(35.026303580248,16.011171873896,
    18.381505246067));
#5283 = CARTESIAN_POINT('',(35.020964388357,15.974298936112,
    18.309935226894));
#5284 = CARTESIAN_POINT('',(35.014122529507,15.952368754828,18.225));
#5285 = ORIENTED_EDGE('',*,*,#5286,.F.);
#5286 = EDGE_CURVE('',#4070,#5268,#5287,.T.);
#5287 = B_SPLINE_CURVE_WITH_KNOTS('',1,(#5288,#5289),.UNSPECIFIED.,.F.,
  .F.,(2,2),(0.,0.545489708373),.PIECEWISE_BEZIER_KNOTS.);
#5288 = CARTESIAN_POINT('',(36.,16.822548207493,17.446687836487));
#5289 = CARTESIAN_POINT('',(35.014122529507,15.952368754828,18.225));
#5290 = ORIENTED_EDGE('',*,*,#4067,.F.);
#5291 = B_SPLINE_SURFACE_WITH_KNOTS('',1,7,(
    (#5292,#5293,#5294,#5295,#5296,#5297,#5298,#5299,#5300,#5301,#5302
      ,#5303,#5304,#5305)
    ,(#5306,#5307,#5308,#5309,#5310,#5311,#5312,#5313,#5314,#5315,#5316
      ,#5317,#5318,#5319
    )),.UNSPECIFIED.,.F.,.F.,.F.,(2,2),(8,6,8),(0.,0.545489708373),(
    -1.263783705278,-1.234227047737,-0.688737339364),.UNSPECIFIED.);
#5292 = CARTESIAN_POINT('',(36.,17.211692393793,17.881764263295));
#5293 = CARTESIAN_POINT('',(36.,17.207226061925,17.876770752461));
#5294 = CARTESIAN_POINT('',(36.,17.203034965407,17.872084964105));
#5295 = CARTESIAN_POINT('',(36.,17.19911910424,17.867706898224));
#5296 = CARTESIAN_POINT('',(36.,17.195478478423,17.863636554821));
#5297 = CARTESIAN_POINT('',(36.,17.192113087956,17.859873933894));
#5298 = CARTESIAN_POINT('',(36.,17.18902293284,17.856419035443));
#5299 = CARTESIAN_POINT('',(36.,17.134256612277,17.795188427615));
#5300 = CARTESIAN_POINT('',(36.,17.08230521148,17.73710499576));
#5301 = CARTESIAN_POINT('',(36.,17.030353810683,17.679021563906));
#5302 = CARTESIAN_POINT('',(36.,16.978402409885,17.620938132051));
#5303 = CARTESIAN_POINT('',(36.,16.926451009088,17.562854700197));
#5304 = CARTESIAN_POINT('',(36.,16.87449960829,17.504771268342));
#5305 = CARTESIAN_POINT('',(36.,16.822548207493,17.446687836487));
#5306 = CARTESIAN_POINT('',(35.003475458007,16.395892747937,
    18.59980573934));
#5307 = CARTESIAN_POINT('',(35.003859340801,16.390512460982,
    18.598953097535));
#5308 = CARTESIAN_POINT('',(35.004243223595,16.385132174027,
    18.59810045573));
#5309 = CARTESIAN_POINT('',(35.004627106389,16.379751887073,
    18.597247813925));
#5310 = CARTESIAN_POINT('',(35.005010989183,16.374371600118,
    18.59639517212));
#5311 = CARTESIAN_POINT('',(35.005394871977,16.368991313163,
    18.595542530315));
#5312 = CARTESIAN_POINT('',(35.005778754771,16.363611026209,
    18.59468988851));
#5313 = CARTESIAN_POINT('',(35.013247474987,16.258933612783,
    18.57810111927));
#5314 = CARTESIAN_POINT('',(35.021652628467,16.182093825248,
    18.542278537253));
#5315 = CARTESIAN_POINT('',(35.026311798869,16.114061893439,
    18.498577969582));
#5316 = CARTESIAN_POINT('',(35.028265658553,16.058148000848,
    18.444038698131));
#5317 = CARTESIAN_POINT('',(35.026303580248,16.011171873896,
    18.381505246067));
#5318 = CARTESIAN_POINT('',(35.020964388357,15.974298936112,
    18.309935226894));
#5319 = CARTESIAN_POINT('',(35.014122529507,15.952368754828,18.225));
#5320 = ADVANCED_FACE('',(#5321),#5348,.T.);
#5321 = FACE_BOUND('',#5322,.F.);
#5322 = EDGE_LOOP('',(#5323,#5331,#5332,#5333,#5342));
#5323 = ORIENTED_EDGE('',*,*,#5324,.F.);
#5324 = EDGE_CURVE('',#4089,#5325,#5327,.T.);
#5325 = VERTEX_POINT('',#5326);
#5326 = CARTESIAN_POINT('',(35.,16.55,18.6));
#5327 = LINE('',#5328,#5329);
#5328 = CARTESIAN_POINT('',(35.033333333333,16.583333333333,
    18.566666666667));
#5329 = VECTOR('',#5330,1.);
#5330 = DIRECTION('',(-0.57735026919,-0.57735026919,0.57735026919));
#5331 = ORIENTED_EDGE('',*,*,#4088,.T.);
#5332 = ORIENTED_EDGE('',*,*,#5206,.T.);
#5333 = ORIENTED_EDGE('',*,*,#5334,.F.);
#5334 = EDGE_CURVE('',#5335,#5207,#5337,.T.);
#5335 = VERTEX_POINT('',#5336);
#5336 = CARTESIAN_POINT('',(35.,16.436491673104,18.6));
#5337 = ELLIPSE('',#5338,0.707106781187,0.5);
#5338 = AXIS2_PLACEMENT_3D('',#5339,#5340,#5341);
#5339 = CARTESIAN_POINT('',(35.5,16.436491673104,18.1));
#5340 = DIRECTION('',(0.707106781187,-1.6E-16,0.707106781187));
#5341 = DIRECTION('',(0.707106781187,-1.6E-16,-0.707106781187));
#5342 = ORIENTED_EDGE('',*,*,#5343,.F.);
#5343 = EDGE_CURVE('',#5325,#5335,#5344,.T.);
#5344 = LINE('',#5345,#5346);
#5345 = CARTESIAN_POINT('',(35.,16.55,18.6));
#5346 = VECTOR('',#5347,1.);
#5347 = DIRECTION('',(-2.2E-16,-1.,-0.));
#5348 = PLANE('',#5349);
#5349 = AXIS2_PLACEMENT_3D('',#5350,#5351,#5352);
#5350 = CARTESIAN_POINT('',(35.5,16.55,18.1));
#5351 = DIRECTION('',(0.707106781187,-1.6E-16,0.707106781187));
#5352 = DIRECTION('',(2.231370849898E-16,1.,3.137084989848E-18));
#5353 = ADVANCED_FACE('',(#5354),#5374,.T.);
#5354 = FACE_BOUND('',#5355,.T.);
#5355 = EDGE_LOOP('',(#5356,#5357,#5368,#5373));
#5356 = ORIENTED_EDGE('',*,*,#5286,.T.);
#5357 = ORIENTED_EDGE('',*,*,#5358,.T.);
#5358 = EDGE_CURVE('',#5268,#5359,#5361,.T.);
#5359 = VERTEX_POINT('',#5360);
#5360 = CARTESIAN_POINT('',(35.,15.61803398875,17.6));
#5361 = B_SPLINE_CURVE_WITH_KNOTS('',5,(#5362,#5363,#5364,#5365,#5366,
    #5367),.UNSPECIFIED.,.F.,.F.,(6,6),(-0.688737339364,0.),
  .PIECEWISE_BEZIER_KNOTS.);
#5362 = CARTESIAN_POINT('',(35.014122529507,15.952368754828,18.225));
#5363 = CARTESIAN_POINT('',(35.002028550421,15.913603974725,
    18.074864652242));
#5364 = CARTESIAN_POINT('',(35.00024731612,15.85807469196,
    17.939723931508));
#5365 = CARTESIAN_POINT('',(34.999915711888,15.789944061015,
    17.81585419923));
#5366 = CARTESIAN_POINT('',(35.,15.709865633998,17.702670900631));
#5367 = CARTESIAN_POINT('',(35.,15.61803398875,17.6));
#5368 = ORIENTED_EDGE('',*,*,#5369,.F.);
#5369 = EDGE_CURVE('',#4159,#5359,#5370,.T.);
#5370 = B_SPLINE_CURVE_WITH_KNOTS('',1,(#5371,#5372),.UNSPECIFIED.,.F.,
  .F.,(2,2),(0.,0.688737339364),.PIECEWISE_BEZIER_KNOTS.);
#5371 = CARTESIAN_POINT('',(36.,16.36338998125,16.933333333333));
#5372 = CARTESIAN_POINT('',(35.,15.61803398875,17.6));
#5373 = ORIENTED_EDGE('',*,*,#4167,.F.);
#5374 = B_SPLINE_SURFACE_WITH_KNOTS('',1,5,(
    (#5375,#5376,#5377,#5378,#5379,#5380)
    ,(#5381,#5382,#5383,#5384,#5385,#5386
    )),.UNSPECIFIED.,.F.,.F.,.F.,(2,2),(6,6),(0.,0.688737339364),(
    -0.688737339364,0.),.PIECEWISE_BEZIER_KNOTS.);
#5375 = CARTESIAN_POINT('',(36.,16.822548207493,17.446687836487));
#5376 = CARTESIAN_POINT('',(36.,16.730716562244,17.344016935856));
#5377 = CARTESIAN_POINT('',(36.,16.638884916996,17.241346035226));
#5378 = CARTESIAN_POINT('',(36.,16.547053271747,17.138675134595));
#5379 = CARTESIAN_POINT('',(36.,16.455221626498,17.036004233964));
#5380 = CARTESIAN_POINT('',(36.,16.36338998125,16.933333333333));
#5381 = CARTESIAN_POINT('',(35.014122529507,15.952368754828,18.225));
#5382 = CARTESIAN_POINT('',(35.002028550421,15.913603974725,
    18.074864652242));
#5383 = CARTESIAN_POINT('',(35.00024731612,15.85807469196,
    17.939723931508));
#5384 = CARTESIAN_POINT('',(34.999915711888,15.789944061015,
    17.81585419923));
#5385 = CARTESIAN_POINT('',(35.,15.709865633998,17.702670900631));
#5386 = CARTESIAN_POINT('',(35.,15.61803398875,17.6));
#5387 = ADVANCED_FACE('',(#5388),#5406,.T.);
#5388 = FACE_BOUND('',#5389,.F.);
#5389 = EDGE_LOOP('',(#5390,#5398,#5399,#5400));
#5390 = ORIENTED_EDGE('',*,*,#5391,.F.);
#5391 = EDGE_CURVE('',#4097,#5392,#5394,.T.);
#5392 = VERTEX_POINT('',#5393);
#5393 = CARTESIAN_POINT('',(35.,16.55,20.4));
#5394 = LINE('',#5395,#5396);
#5395 = CARTESIAN_POINT('',(34.65,16.2,20.05));
#5396 = VECTOR('',#5397,1.);
#5397 = DIRECTION('',(-0.57735026919,-0.57735026919,-0.57735026919));
#5398 = ORIENTED_EDGE('',*,*,#4096,.T.);
#5399 = ORIENTED_EDGE('',*,*,#5324,.T.);
#5400 = ORIENTED_EDGE('',*,*,#5401,.F.);
#5401 = EDGE_CURVE('',#5392,#5325,#5402,.T.);
#5402 = LINE('',#5403,#5404);
#5403 = CARTESIAN_POINT('',(35.,16.55,20.4));
#5404 = VECTOR('',#5405,1.);
#5405 = DIRECTION('',(2.2E-16,0.,-1.));
#5406 = PLANE('',#5407);
#5407 = AXIS2_PLACEMENT_3D('',#5408,#5409,#5410);
#5408 = CARTESIAN_POINT('',(35.5,17.05,20.4));
#5409 = DIRECTION('',(0.707106781187,-0.707106781187,1.6E-16));
#5410 = DIRECTION('',(-2.231370849898E-16,3.137084989848E-18,1.));
#5411 = ADVANCED_FACE('',(#5412),#5431,.F.);
#5412 = FACE_BOUND('',#5413,.F.);
#5413 = EDGE_LOOP('',(#5414,#5415,#5416,#5424));
#5414 = ORIENTED_EDGE('',*,*,#5369,.F.);
#5415 = ORIENTED_EDGE('',*,*,#4158,.T.);
#5416 = ORIENTED_EDGE('',*,*,#5417,.T.);
#5417 = EDGE_CURVE('',#4148,#5418,#5420,.T.);
#5418 = VERTEX_POINT('',#5419);
#5419 = CARTESIAN_POINT('',(35.,13.38196601125,17.6));
#5420 = LINE('',#5421,#5422);
#5421 = CARTESIAN_POINT('',(35.,13.38196601125,17.6));
#5422 = VECTOR('',#5423,1.);
#5423 = DIRECTION('',(-0.707106781187,0.527046276695,0.471404520791));
#5424 = ORIENTED_EDGE('',*,*,#5425,.F.);
#5425 = EDGE_CURVE('',#5359,#5418,#5426,.T.);
#5426 = CIRCLE('',#5427,1.5);
#5427 = AXIS2_PLACEMENT_3D('',#5428,#5429,#5430);
#5428 = CARTESIAN_POINT('',(35.,14.5,18.6));
#5429 = DIRECTION('',(-1.,2.2E-16,-2.2E-16));
#5430 = DIRECTION('',(3.106449850167E-16,0.7453559925,-0.666666666667));
#5431 = CONICAL_SURFACE('',#5432,1.5,0.785398163397);
#5432 = AXIS2_PLACEMENT_3D('',#5433,#5434,#5435);
#5433 = CARTESIAN_POINT('',(35.,14.5,18.6));
#5434 = DIRECTION('',(1.,-2.2E-16,2.2E-16));
#5435 = DIRECTION('',(3.106449850167E-16,0.7453559925,-0.666666666667));
#5436 = ADVANCED_FACE('',(#5437),#5455,.T.);
#5437 = FACE_BOUND('',#5438,.F.);
#5438 = EDGE_LOOP('',(#5439,#5447,#5448,#5449));
#5439 = ORIENTED_EDGE('',*,*,#5440,.F.);
#5440 = EDGE_CURVE('',#4105,#5441,#5443,.T.);
#5441 = VERTEX_POINT('',#5442);
#5442 = CARTESIAN_POINT('',(35.,12.45,20.4));
#5443 = LINE('',#5444,#5445);
#5444 = CARTESIAN_POINT('',(35.033333333333,12.416666666667,
    20.433333333333));
#5445 = VECTOR('',#5446,1.);
#5446 = DIRECTION('',(-0.57735026919,0.57735026919,-0.57735026919));
#5447 = ORIENTED_EDGE('',*,*,#4104,.T.);
#5448 = ORIENTED_EDGE('',*,*,#5391,.T.);
#5449 = ORIENTED_EDGE('',*,*,#5450,.F.);
#5450 = EDGE_CURVE('',#5441,#5392,#5451,.T.);
#5451 = LINE('',#5452,#5453);
#5452 = CARTESIAN_POINT('',(35.,12.45,20.4));
#5453 = VECTOR('',#5454,1.);
#5454 = DIRECTION('',(2.2E-16,1.,0.));
#5455 = PLANE('',#5456);
#5456 = AXIS2_PLACEMENT_3D('',#5457,#5458,#5459);
#5457 = CARTESIAN_POINT('',(35.5,12.45,20.9));
#5458 = DIRECTION('',(0.707106781187,-1.6E-16,-0.707106781187));
#5459 = DIRECTION('',(-2.231370849898E-16,-1.,3.137084989848E-18));
#5460 = ADVANCED_FACE('',(#5461),#5481,.T.);
#5461 = FACE_BOUND('',#5462,.T.);
#5462 = EDGE_LOOP('',(#5463,#5464,#5475,#5480));
#5463 = ORIENTED_EDGE('',*,*,#5417,.T.);
#5464 = ORIENTED_EDGE('',*,*,#5465,.T.);
#5465 = EDGE_CURVE('',#5418,#5466,#5468,.T.);
#5466 = VERTEX_POINT('',#5467);
#5467 = CARTESIAN_POINT('',(35.014122529507,13.047631245172,18.225));
#5468 = B_SPLINE_CURVE_WITH_KNOTS('',5,(#5469,#5470,#5471,#5472,#5473,
    #5474),.UNSPECIFIED.,.F.,.F.,(6,6),(2.523206011704,3.211943351068),
  .PIECEWISE_BEZIER_KNOTS.);
#5469 = CARTESIAN_POINT('',(35.,13.38196601125,17.6));
#5470 = CARTESIAN_POINT('',(35.,13.290134366001,17.702670900631));
#5471 = CARTESIAN_POINT('',(34.999915711888,13.210055938985,
    17.81585419923));
#5472 = CARTESIAN_POINT('',(35.00024731612,13.14192530804,
    17.939723931508));
#5473 = CARTESIAN_POINT('',(35.002028550421,13.086396025275,
    18.074864652242));
#5474 = CARTESIAN_POINT('',(35.014122529507,13.047631245172,18.225));
#5475 = ORIENTED_EDGE('',*,*,#5476,.F.);
#5476 = EDGE_CURVE('',#4129,#5466,#5477,.T.);
#5477 = B_SPLINE_CURVE_WITH_KNOTS('',1,(#5478,#5479),.UNSPECIFIED.,.F.,
  .F.,(2,2),(0.,0.688737339364),.PIECEWISE_BEZIER_KNOTS.);
#5478 = CARTESIAN_POINT('',(36.,12.177451792507,17.446687836487));
#5479 = CARTESIAN_POINT('',(35.014122529507,13.047631245172,18.225));
#5480 = ORIENTED_EDGE('',*,*,#4147,.F.);
#5481 = B_SPLINE_SURFACE_WITH_KNOTS('',1,5,(
    (#5482,#5483,#5484,#5485,#5486,#5487)
    ,(#5488,#5489,#5490,#5491,#5492,#5493
    )),.UNSPECIFIED.,.F.,.F.,.F.,(2,2),(6,6),(0.,0.688737339364),(
    2.523206011704,3.211943351068),.PIECEWISE_BEZIER_KNOTS.);
#5482 = CARTESIAN_POINT('',(36.,12.63661001875,16.933333333333));
#5483 = CARTESIAN_POINT('',(36.,12.544778373502,17.036004233964));
#5484 = CARTESIAN_POINT('',(36.,12.452946728253,17.138675134595));
#5485 = CARTESIAN_POINT('',(36.,12.361115083004,17.241346035226));
#5486 = CARTESIAN_POINT('',(36.,12.269283437756,17.344016935856));
#5487 = CARTESIAN_POINT('',(36.,12.177451792507,17.446687836487));
#5488 = CARTESIAN_POINT('',(35.,13.38196601125,17.6));
#5489 = CARTESIAN_POINT('',(35.,13.290134366001,17.702670900631));
#5490 = CARTESIAN_POINT('',(34.999915711888,13.210055938985,
    17.81585419923));
#5491 = CARTESIAN_POINT('',(35.00024731612,13.14192530804,
    17.939723931508));
#5492 = CARTESIAN_POINT('',(35.002028550421,13.086396025275,
    18.074864652242));
#5493 = CARTESIAN_POINT('',(35.014122529507,13.047631245172,18.225));
#5494 = ADVANCED_FACE('',(#5495),#5513,.T.);
#5495 = FACE_BOUND('',#5496,.F.);
#5496 = EDGE_LOOP('',(#5497,#5505,#5506,#5507));
#5497 = ORIENTED_EDGE('',*,*,#5498,.F.);
#5498 = EDGE_CURVE('',#4113,#5499,#5501,.T.);
#5499 = VERTEX_POINT('',#5500);
#5500 = CARTESIAN_POINT('',(35.,12.45,18.6));
#5501 = LINE('',#5502,#5503);
#5502 = CARTESIAN_POINT('',(34.65,12.8,18.95));
#5503 = VECTOR('',#5504,1.);
#5504 = DIRECTION('',(-0.57735026919,0.57735026919,0.57735026919));
#5505 = ORIENTED_EDGE('',*,*,#4112,.T.);
#5506 = ORIENTED_EDGE('',*,*,#5440,.T.);
#5507 = ORIENTED_EDGE('',*,*,#5508,.F.);
#5508 = EDGE_CURVE('',#5499,#5441,#5509,.T.);
#5509 = LINE('',#5510,#5511);
#5510 = CARTESIAN_POINT('',(35.,12.45,18.6));
#5511 = VECTOR('',#5512,1.);
#5512 = DIRECTION('',(-2.2E-16,0.,1.));
#5513 = PLANE('',#5514);
#5514 = AXIS2_PLACEMENT_3D('',#5515,#5516,#5517);
#5515 = CARTESIAN_POINT('',(35.5,11.95,18.6));
#5516 = DIRECTION('',(0.707106781187,0.707106781187,1.6E-16));
#5517 = DIRECTION('',(2.231370849898E-16,3.137084989848E-18,-1.));
#5518 = ADVANCED_FACE('',(#5519),#5601,.T.);
#5519 = FACE_BOUND('',#5520,.T.);
#5520 = EDGE_LOOP('',(#5521,#5522,#5541,#5600));
#5521 = ORIENTED_EDGE('',*,*,#5476,.T.);
#5522 = ORIENTED_EDGE('',*,*,#5523,.T.);
#5523 = EDGE_CURVE('',#5466,#5524,#5526,.T.);
#5524 = VERTEX_POINT('',#5525);
#5525 = CARTESIAN_POINT('',(35.006162637565,12.641769260746,
    18.593837246705));
#5526 = B_SPLINE_CURVE_WITH_KNOTS('',7,(#5527,#5528,#5529,#5530,#5531,
    #5532,#5533,#5534,#5535,#5536,#5537,#5538,#5539,#5540),
  .UNSPECIFIED.,.F.,.F.,(8,6,8),(3.211943351068,3.757433059441,
    3.786989716981),.UNSPECIFIED.);
#5527 = CARTESIAN_POINT('',(35.014122529507,13.047631245172,18.225));
#5528 = CARTESIAN_POINT('',(35.020964388357,13.025701063888,
    18.309935226894));
#5529 = CARTESIAN_POINT('',(35.026303580248,12.988828126104,
    18.381505246067));
#5530 = CARTESIAN_POINT('',(35.028265658554,12.941851999152,
    18.444038698131));
#5531 = CARTESIAN_POINT('',(35.026311798868,12.885938106562,
    18.498577969583));
#5532 = CARTESIAN_POINT('',(35.021652628468,12.817906174752,
    18.542278537253));
#5533 = CARTESIAN_POINT('',(35.013247474987,12.741066387217,
    18.57810111927));
#5534 = CARTESIAN_POINT('',(35.005778754771,12.636388973791,
    18.59468988851));
#5535 = CARTESIAN_POINT('',(35.005394871977,12.631008686837,
    18.595542530315));
#5536 = CARTESIAN_POINT('',(35.005010989183,12.625628399882,
    18.59639517212));
#5537 = CARTESIAN_POINT('',(35.004627106389,12.620248112927,
    18.597247813925));
#5538 = CARTESIAN_POINT('',(35.004243223595,12.614867825973,
    18.59810045573));
#5539 = CARTESIAN_POINT('',(35.003859340801,12.609487539018,
    18.598953097535));
#5540 = CARTESIAN_POINT('',(35.003475458007,12.604107252064,
    18.59980573934));
#5541 = ORIENTED_EDGE('',*,*,#5542,.F.);
#5542 = EDGE_CURVE('',#4121,#5524,#5543,.T.);
#5543 = B_SPLINE_CURVE_WITH_KNOTS('',7,(#5544,#5545,#5546,#5547,#5548,
    #5549,#5550,#5551,#5552,#5553,#5554,#5555,#5556,#5557,#5558,#5559,
    #5560,#5561,#5562,#5563,#5564,#5565,#5566,#5567,#5568,#5569,#5570,
    #5571,#5572,#5573,#5574,#5575,#5576,#5577,#5578,#5579,#5580,#5581,
    #5582,#5583,#5584,#5585,#5586,#5587,#5588,#5589,#5590,#5591,#5592,
    #5593,#5594,#5595,#5596,#5597,#5598,#5599),.UNSPECIFIED.,.F.,.F.,(8,
    6,6,6,6,6,6,6,6,8),(0.,0.122090666092,0.222998859913,0.43045596062,
    0.66353912806,0.819992368053,0.911426934037,0.950032735049,
    0.971235356623,1.),.UNSPECIFIED.);
#5544 = CARTESIAN_POINT('',(36.,12.04032522475,17.6));
#5545 = CARTESIAN_POINT('',(35.982814499438,12.053872335667,
    17.617185500562));
#5546 = CARTESIAN_POINT('',(35.965631937239,12.067429953279,
    17.634368062761));
#5547 = CARTESIAN_POINT('',(35.948451340288,12.080994592675,
    17.651548659712));
#5548 = CARTESIAN_POINT('',(35.931271736574,12.094562778061,
    17.668728263426));
#5549 = CARTESIAN_POINT('',(35.914092155195,12.10813104276,
    17.685907844805));
#5550 = CARTESIAN_POINT('',(35.896911626352,12.121695929214,
    17.703088373648));
#5551 = CARTESIAN_POINT('',(35.865527854212,12.146459754064,
    17.734472145788));
#5552 = CARTESIAN_POINT('',(35.851325213251,12.157660824168,
    17.748674786749));
#5553 = CARTESIAN_POINT('',(35.837120709514,12.168855243564,
    17.762879290486));
#5554 = CARTESIAN_POINT('',(35.822913780844,12.180040989964,
    17.777086219156));
#5555 = CARTESIAN_POINT('',(35.808703851887,12.191215974527,
    17.791296148113));
#5556 = CARTESIAN_POINT('',(35.794490334091,12.202378041855,
    17.805509665909));
#5557 = CARTESIAN_POINT('',(35.751042446785,12.236441933494,
    17.848957553215));
#5558 = CARTESIAN_POINT('',(35.721794706974,12.259294825943,
    17.878205293026));
#5559 = CARTESIAN_POINT('',(35.692523844017,12.282063957466,
    17.907476155983));
#5560 = CARTESIAN_POINT('',(35.663224285675,12.304728201045,
    17.936775714325));
#5561 = CARTESIAN_POINT('',(35.633889983308,12.327263216461,
    17.966110016692));
#5562 = CARTESIAN_POINT('',(35.604513945453,12.349639674236,
    17.995486054547));
#5563 = CARTESIAN_POINT('',(35.542026739372,12.396743284757,
    18.057973260628));
#5564 = CARTESIAN_POINT('',(35.50890519884,12.42141678632,18.09109480116
    ));
#5565 = CARTESIAN_POINT('',(35.475708112457,12.445794369398,
    18.124291887543));
#5566 = CARTESIAN_POINT('',(35.442420516959,12.469808228008,
    18.157579483041));
#5567 = CARTESIAN_POINT('',(35.409028360216,12.493375214438,
    18.190971639784));
#5568 = CARTESIAN_POINT('',(35.375513932118,12.516376365486,
    18.224486067882));
#5569 = CARTESIAN_POINT('',(35.319246769646,12.553535808877,
    18.280753230355));
#5570 = CARTESIAN_POINT('',(35.296587723228,12.568109026038,
    18.303412276772));
#5571 = CARTESIAN_POINT('',(35.273849994444,12.58227468177,
    18.326150005556));
#5572 = CARTESIAN_POINT('',(35.251022721202,12.595955615903,
    18.348977278798));
#5573 = CARTESIAN_POINT('',(35.228099882914,12.609025906211,
    18.371900117086));
#5574 = CARTESIAN_POINT('',(35.205081928019,12.621328666136,
    18.394918071981));
#5575 = CARTESIAN_POINT('',(35.16844265749,12.639085727103,
    18.43155734251));
#5576 = CARTESIAN_POINT('',(35.154909197408,12.645252927525,
    18.445090802592));
#5577 = CARTESIAN_POINT('',(35.141338262552,12.65098008356,
    18.458661737448));
#5578 = CARTESIAN_POINT('',(35.127729524954,12.656182596651,
    18.472270475046));
#5579 = CARTESIAN_POINT('',(35.11410224682,12.660718972035,
    18.48589775318));
#5580 = CARTESIAN_POINT('',(35.100493889464,12.664414542138,
    18.499506110536));
#5581 = CARTESIAN_POINT('',(35.081247608526,12.667967095963,
    18.518752391474));
#5582 = CARTESIAN_POINT('',(35.075552203039,12.668807400782,
    18.524447796961));
#5583 = CARTESIAN_POINT('',(35.069878632992,12.669406759414,
    18.530121367008));
#5584 = CARTESIAN_POINT('',(35.06423640095,12.669732124609,
    18.53576359905));
#5585 = CARTESIAN_POINT('',(35.05864133223,12.66974233741,18.54135866777
    ));
#5586 = CARTESIAN_POINT('',(35.05311588643,12.669386477927,
    18.54688411357));
#5587 = CARTESIAN_POINT('',(35.044709236127,12.668171493117,
    18.555290763873));
#5588 = CARTESIAN_POINT('',(35.041759823332,12.667611624712,
    18.558240176668));
#5589 = CARTESIAN_POINT('',(35.038846396241,12.666912490265,
    18.561153603759));
#5590 = CARTESIAN_POINT('',(35.035975932993,12.666062904366,
    18.564024067007));
#5591 = CARTESIAN_POINT('',(35.03315702971,12.665051205686,
    18.56684297029));
#5592 = CARTESIAN_POINT('',(35.03039970601,12.663865845812,
    18.56960029399));
#5593 = CARTESIAN_POINT('',(35.024073276166,12.66063754017,
    18.575926723834));
#5594 = CARTESIAN_POINT('',(35.020562823391,12.65843802683,
    18.579437176609));
#5595 = CARTESIAN_POINT('',(35.01721664158,12.655872908132,
    18.58278335842));
#5596 = CARTESIAN_POINT('',(35.014071131565,12.652921868658,
    18.585928868435));
#5597 = CARTESIAN_POINT('',(35.011161816594,12.649576171477,
    18.588838183406));
#5598 = CARTESIAN_POINT('',(35.008518853322,12.645846022099,
    18.591481146678));
#5599 = CARTESIAN_POINT('',(35.00616254279,12.64176793243,18.59383745721
    ));
#5600 = ORIENTED_EDGE('',*,*,#4128,.F.);
#5601 = B_SPLINE_SURFACE_WITH_KNOTS('',1,7,(
    (#5602,#5603,#5604,#5605,#5606,#5607,#5608,#5609,#5610,#5611,#5612
      ,#5613,#5614,#5615)
    ,(#5616,#5617,#5618,#5619,#5620,#5621,#5622,#5623,#5624,#5625,#5626
      ,#5627,#5628,#5629
    )),.UNSPECIFIED.,.F.,.F.,.F.,(2,2),(8,6,8),(0.,0.545489708373),(
    3.211943351068,3.757433059441,3.786989716981),.UNSPECIFIED.);
#5602 = CARTESIAN_POINT('',(36.,12.177451792507,17.446687836487));
#5603 = CARTESIAN_POINT('',(36.,12.12550039171,17.504771268342));
#5604 = CARTESIAN_POINT('',(36.,12.073548990913,17.562854700197));
#5605 = CARTESIAN_POINT('',(36.,12.021597590115,17.620938132051));
#5606 = CARTESIAN_POINT('',(36.,11.969646189318,17.679021563906));
#5607 = CARTESIAN_POINT('',(36.,11.91769478852,17.73710499576));
#5608 = CARTESIAN_POINT('',(36.,11.865743387723,17.795188427615));
#5609 = CARTESIAN_POINT('',(36.,11.81097706716,17.856419035443));
#5610 = CARTESIAN_POINT('',(36.,11.807886912044,17.859873933894));
#5611 = CARTESIAN_POINT('',(36.,11.804521521577,17.863636554821));
#5612 = CARTESIAN_POINT('',(36.,11.80088089576,17.867706898224));
#5613 = CARTESIAN_POINT('',(36.,11.796965034593,17.872084964105));
#5614 = CARTESIAN_POINT('',(36.,11.792773938075,17.876770752461));
#5615 = CARTESIAN_POINT('',(36.,11.788307606207,17.881764263295));
#5616 = CARTESIAN_POINT('',(35.014122529507,13.047631245172,18.225));
#5617 = CARTESIAN_POINT('',(35.020964388357,13.025701063888,
    18.309935226894));
#5618 = CARTESIAN_POINT('',(35.026303580248,12.988828126104,
    18.381505246067));
#5619 = CARTESIAN_POINT('',(35.028265658554,12.941851999152,
    18.444038698131));
#5620 = CARTESIAN_POINT('',(35.026311798868,12.885938106562,
    18.498577969583));
#5621 = CARTESIAN_POINT('',(35.021652628468,12.817906174752,
    18.542278537253));
#5622 = CARTESIAN_POINT('',(35.013247474987,12.741066387217,
    18.57810111927));
#5623 = CARTESIAN_POINT('',(35.005778754771,12.636388973791,
    18.59468988851));
#5624 = CARTESIAN_POINT('',(35.005394871977,12.631008686837,
    18.595542530315));
#5625 = CARTESIAN_POINT('',(35.005010989183,12.625628399882,
    18.59639517212));
#5626 = CARTESIAN_POINT('',(35.004627106389,12.620248112927,
    18.597247813925));
#5627 = CARTESIAN_POINT('',(35.004243223595,12.614867825973,
    18.59810045573));
#5628 = CARTESIAN_POINT('',(35.003859340801,12.609487539018,
    18.598953097535));
#5629 = CARTESIAN_POINT('',(35.003475458007,12.604107252064,
    18.59980573934));
#5630 = ADVANCED_FACE('',(#5631),#5651,.T.);
#5631 = FACE_BOUND('',#5632,.F.);
#5632 = EDGE_LOOP('',(#5633,#5641,#5648,#5649,#5650));
#5633 = ORIENTED_EDGE('',*,*,#5634,.F.);
#5634 = EDGE_CURVE('',#5635,#5499,#5637,.T.);
#5635 = VERTEX_POINT('',#5636);
#5636 = CARTESIAN_POINT('',(35.,12.563508326896,18.6));
#5637 = LINE('',#5638,#5639);
#5638 = CARTESIAN_POINT('',(35.,16.55,18.6));
#5639 = VECTOR('',#5640,1.);
#5640 = DIRECTION('',(-2.2E-16,-1.,-0.));
#5641 = ORIENTED_EDGE('',*,*,#5642,.F.);
#5642 = EDGE_CURVE('',#5524,#5635,#5643,.T.);
#5643 = ELLIPSE('',#5644,0.707106781187,0.5);
#5644 = AXIS2_PLACEMENT_3D('',#5645,#5646,#5647);
#5645 = CARTESIAN_POINT('',(35.5,12.563508326896,18.1));
#5646 = DIRECTION('',(0.707106781187,-1.6E-16,0.707106781187));
#5647 = DIRECTION('',(0.707106781187,-1.6E-16,-0.707106781187));
#5648 = ORIENTED_EDGE('',*,*,#5542,.F.);
#5649 = ORIENTED_EDGE('',*,*,#4120,.T.);
#5650 = ORIENTED_EDGE('',*,*,#5498,.T.);
#5651 = PLANE('',#5652);
#5652 = AXIS2_PLACEMENT_3D('',#5653,#5654,#5655);
#5653 = CARTESIAN_POINT('',(35.5,16.55,18.1));
#5654 = DIRECTION('',(0.707106781187,-1.6E-16,0.707106781187));
#5655 = DIRECTION('',(2.231370849898E-16,1.,3.137084989848E-18));
#5656 = ADVANCED_FACE('',(#5657),#5668,.F.);
#5657 = FACE_BOUND('',#5658,.F.);
#5658 = EDGE_LOOP('',(#5659,#5660,#5666,#5667));
#5659 = ORIENTED_EDGE('',*,*,#4273,.F.);
#5660 = ORIENTED_EDGE('',*,*,#5661,.T.);
#5661 = EDGE_CURVE('',#4274,#4179,#5662,.T.);
#5662 = LINE('',#5663,#5664);
#5663 = CARTESIAN_POINT('',(-36.,-36.6,-6.));
#5664 = VECTOR('',#5665,1.);
#5665 = DIRECTION('',(1.,0.,0.));
#5666 = ORIENTED_EDGE('',*,*,#4178,.T.);
#5667 = ORIENTED_EDGE('',*,*,#5661,.F.);
#5668 = CYLINDRICAL_SURFACE('',#5669,4.1);
#5669 = AXIS2_PLACEMENT_3D('',#5670,#5671,#5672);
#5670 = CARTESIAN_POINT('',(-36.,-32.5,-6.));
#5671 = DIRECTION('',(-1.,0.,0.));
#5672 = DIRECTION('',(0.,-1.,0.));
#5673 = ADVANCED_FACE('',(#5674),#5702,.F.);
#5674 = FACE_BOUND('',#5675,.T.);
#5675 = EDGE_LOOP('',(#5676,#5684,#5685,#5686,#5695));
#5676 = ORIENTED_EDGE('',*,*,#5677,.F.);
#5677 = EDGE_CURVE('',#4190,#5678,#5680,.T.);
#5678 = VERTEX_POINT('',#5679);
#5679 = CARTESIAN_POINT('',(30.,-10.5,-2.5));
#5680 = LINE('',#5681,#5682);
#5681 = CARTESIAN_POINT('',(36.,-10.5,-2.5));
#5682 = VECTOR('',#5683,1.);
#5683 = DIRECTION('',(-1.,2.2E-16,-2.2E-16));
#5684 = ORIENTED_EDGE('',*,*,#4189,.F.);
#5685 = ORIENTED_EDGE('',*,*,#5677,.T.);
#5686 = ORIENTED_EDGE('',*,*,#5687,.F.);
#5687 = EDGE_CURVE('',#5688,#5678,#5690,.T.);
#5688 = VERTEX_POINT('',#5689);
#5689 = CARTESIAN_POINT('',(30.,-7.5,-2.5));
#5690 = CIRCLE('',#5691,1.5);
#5691 = AXIS2_PLACEMENT_3D('',#5692,#5693,#5694);
#5692 = CARTESIAN_POINT('',(30.,-9.,-2.5));
#5693 = DIRECTION('',(1.,-2.2E-16,2.2E-16));
#5694 = DIRECTION('',(2.2E-16,1.,0.));
#5695 = ORIENTED_EDGE('',*,*,#5696,.F.);
#5696 = EDGE_CURVE('',#5678,#5688,#5697,.T.);
#5697 = CIRCLE('',#5698,1.5);
#5698 = AXIS2_PLACEMENT_3D('',#5699,#5700,#5701);
#5699 = CARTESIAN_POINT('',(30.,-9.,-2.5));
#5700 = DIRECTION('',(1.,-2.2E-16,2.2E-16));
#5701 = DIRECTION('',(2.2E-16,1.,0.));
#5702 = CYLINDRICAL_SURFACE('',#5703,1.5);
#5703 = AXIS2_PLACEMENT_3D('',#5704,#5705,#5706);
#5704 = CARTESIAN_POINT('',(36.,-9.,-2.5));
#5705 = DIRECTION('',(1.,-2.2E-16,2.2E-16));
#5706 = DIRECTION('',(-2.2E-16,-1.,0.));
#5707 = ADVANCED_FACE('',(#5708),#5719,.F.);
#5708 = FACE_BOUND('',#5709,.F.);
#5709 = EDGE_LOOP('',(#5710,#5711,#5717,#5718));
#5710 = ORIENTED_EDGE('',*,*,#4228,.F.);
#5711 = ORIENTED_EDGE('',*,*,#5712,.T.);
#5712 = EDGE_CURVE('',#4229,#4201,#5713,.T.);
#5713 = LINE('',#5714,#5715);
#5714 = CARTESIAN_POINT('',(-36.,10.4,-6.));
#5715 = VECTOR('',#5716,1.);
#5716 = DIRECTION('',(1.,0.,0.));
#5717 = ORIENTED_EDGE('',*,*,#4200,.T.);
#5718 = ORIENTED_EDGE('',*,*,#5712,.F.);
#5719 = CYLINDRICAL_SURFACE('',#5720,4.1);
#5720 = AXIS2_PLACEMENT_3D('',#5721,#5722,#5723);
#5721 = CARTESIAN_POINT('',(-36.,14.5,-6.));
#5722 = DIRECTION('',(-1.,0.,0.));
#5723 = DIRECTION('',(0.,-1.,0.));
#5724 = ADVANCED_FACE('',(#5725),#5750,.F.);
#5725 = FACE_BOUND('',#5726,.T.);
#5726 = EDGE_LOOP('',(#5727,#5735,#5743,#5749));
#5727 = ORIENTED_EDGE('',*,*,#5728,.T.);
#5728 = EDGE_CURVE('',#4240,#5729,#5731,.T.);
#5729 = VERTEX_POINT('',#5730);
#5730 = CARTESIAN_POINT('',(30.,-11.75,-5.25));
#5731 = LINE('',#5732,#5733);
#5732 = CARTESIAN_POINT('',(24.,-11.75,-5.25));
#5733 = VECTOR('',#5734,1.);
#5734 = DIRECTION('',(1.,-2.2E-16,2.2E-16));
#5735 = ORIENTED_EDGE('',*,*,#5736,.T.);
#5736 = EDGE_CURVE('',#5729,#5737,#5739,.T.);
#5737 = VERTEX_POINT('',#5738);
#5738 = CARTESIAN_POINT('',(30.,-6.25,-5.25));
#5739 = LINE('',#5740,#5741);
#5740 = CARTESIAN_POINT('',(30.,-11.75,-5.25));
#5741 = VECTOR('',#5742,1.);
#5742 = DIRECTION('',(2.2E-16,1.,0.));
#5743 = ORIENTED_EDGE('',*,*,#5744,.F.);
#5744 = EDGE_CURVE('',#4242,#5737,#5745,.T.);
#5745 = LINE('',#5746,#5747);
#5746 = CARTESIAN_POINT('',(24.,-6.25,-5.25));
#5747 = VECTOR('',#5748,1.);
#5748 = DIRECTION('',(1.,-2.2E-16,2.2E-16));
#5749 = ORIENTED_EDGE('',*,*,#4239,.F.);
#5750 = PLANE('',#5751);
#5751 = AXIS2_PLACEMENT_3D('',#5752,#5753,#5754);
#5752 = CARTESIAN_POINT('',(24.,-11.75,-5.25));
#5753 = DIRECTION('',(2.2E-16,0.,-1.));
#5754 = DIRECTION('',(-2.2E-16,-1.,-4.84E-32));
#5755 = ADVANCED_FACE('',(#5756),#5774,.F.);
#5756 = FACE_BOUND('',#5757,.T.);
#5757 = EDGE_LOOP('',(#5758,#5766,#5772,#5773));
#5758 = ORIENTED_EDGE('',*,*,#5759,.T.);
#5759 = EDGE_CURVE('',#4258,#5760,#5762,.T.);
#5760 = VERTEX_POINT('',#5761);
#5761 = CARTESIAN_POINT('',(30.,-11.75,0.25));
#5762 = LINE('',#5763,#5764);
#5763 = CARTESIAN_POINT('',(24.,-11.75,0.25));
#5764 = VECTOR('',#5765,1.);
#5765 = DIRECTION('',(1.,-2.2E-16,2.2E-16));
#5766 = ORIENTED_EDGE('',*,*,#5767,.T.);
#5767 = EDGE_CURVE('',#5760,#5729,#5768,.T.);
#5768 = LINE('',#5769,#5770);
#5769 = CARTESIAN_POINT('',(30.,-11.75,0.25));
#5770 = VECTOR('',#5771,1.);
#5771 = DIRECTION('',(2.2E-16,0.,-1.));
#5772 = ORIENTED_EDGE('',*,*,#5728,.F.);
#5773 = ORIENTED_EDGE('',*,*,#4265,.F.);
#5774 = PLANE('',#5775);
#5775 = AXIS2_PLACEMENT_3D('',#5776,#5777,#5778);
#5776 = CARTESIAN_POINT('',(24.,-11.75,0.25));
#5777 = DIRECTION('',(-2.2E-16,-1.,-0.));
#5778 = DIRECTION('',(-2.2E-16,4.84E-32,1.));
#5779 = ADVANCED_FACE('',(#5780),#5798,.F.);
#5780 = FACE_BOUND('',#5781,.T.);
#5781 = EDGE_LOOP('',(#5782,#5790,#5796,#5797));
#5782 = ORIENTED_EDGE('',*,*,#5783,.T.);
#5783 = EDGE_CURVE('',#4250,#5784,#5786,.T.);
#5784 = VERTEX_POINT('',#5785);
#5785 = CARTESIAN_POINT('',(30.,-6.25,0.25));
#5786 = LINE('',#5787,#5788);
#5787 = CARTESIAN_POINT('',(24.,-6.25,0.25));
#5788 = VECTOR('',#5789,1.);
#5789 = DIRECTION('',(1.,-2.2E-16,2.2E-16));
#5790 = ORIENTED_EDGE('',*,*,#5791,.T.);
#5791 = EDGE_CURVE('',#5784,#5760,#5792,.T.);
#5792 = LINE('',#5793,#5794);
#5793 = CARTESIAN_POINT('',(30.,-6.25,0.25));
#5794 = VECTOR('',#5795,1.);
#5795 = DIRECTION('',(-2.2E-16,-1.,-0.));
#5796 = ORIENTED_EDGE('',*,*,#5759,.F.);
#5797 = ORIENTED_EDGE('',*,*,#4257,.F.);
#5798 = PLANE('',#5799);
#5799 = AXIS2_PLACEMENT_3D('',#5800,#5801,#5802);
#5800 = CARTESIAN_POINT('',(24.,-6.25,0.25));
#5801 = DIRECTION('',(-2.2E-16,0.,1.));
#5802 = DIRECTION('',(2.2E-16,1.,4.84E-32));
#5803 = ADVANCED_FACE('',(#5804),#5815,.F.);
#5804 = FACE_BOUND('',#5805,.T.);
#5805 = EDGE_LOOP('',(#5806,#5807,#5813,#5814));
#5806 = ORIENTED_EDGE('',*,*,#5744,.T.);
#5807 = ORIENTED_EDGE('',*,*,#5808,.T.);
#5808 = EDGE_CURVE('',#5737,#5784,#5809,.T.);
#5809 = LINE('',#5810,#5811);
#5810 = CARTESIAN_POINT('',(30.,-6.25,-5.25));
#5811 = VECTOR('',#5812,1.);
#5812 = DIRECTION('',(-2.2E-16,0.,1.));
#5813 = ORIENTED_EDGE('',*,*,#5783,.F.);
#5814 = ORIENTED_EDGE('',*,*,#4249,.F.);
#5815 = PLANE('',#5816);
#5816 = AXIS2_PLACEMENT_3D('',#5817,#5818,#5819);
#5817 = CARTESIAN_POINT('',(24.,-6.25,-5.25));
#5818 = DIRECTION('',(2.2E-16,1.,0.));
#5819 = DIRECTION('',(2.2E-16,-4.84E-32,-1.));
#5820 = ADVANCED_FACE('',(#5821),#5840,.F.);
#5821 = FACE_BOUND('',#5822,.F.);
#5822 = EDGE_LOOP('',(#5823,#5831,#5832,#5833));
#5823 = ORIENTED_EDGE('',*,*,#5824,.F.);
#5824 = EDGE_CURVE('',#4319,#5825,#5827,.T.);
#5825 = VERTEX_POINT('',#5826);
#5826 = CARTESIAN_POINT('',(49.5,-43.5,5.E-15));
#5827 = LINE('',#5828,#5829);
#5828 = CARTESIAN_POINT('',(49.5,-52.,6.47E-15));
#5829 = VECTOR('',#5830,1.);
#5830 = DIRECTION('',(0.,1.,-2.2E-16));
#5831 = ORIENTED_EDGE('',*,*,#4318,.F.);
#5832 = ORIENTED_EDGE('',*,*,#5824,.T.);
#5833 = ORIENTED_EDGE('',*,*,#5834,.T.);
#5834 = EDGE_CURVE('',#5825,#5825,#5835,.T.);
#5835 = CIRCLE('',#5836,2.5);
#5836 = AXIS2_PLACEMENT_3D('',#5837,#5838,#5839);
#5837 = CARTESIAN_POINT('',(47.,-43.5,4.58E-15));
#5838 = DIRECTION('',(0.,-1.,2.2E-16));
#5839 = DIRECTION('',(1.,0.,0.));
#5840 = CYLINDRICAL_SURFACE('',#5841,2.5);
#5841 = AXIS2_PLACEMENT_3D('',#5842,#5843,#5844);
#5842 = CARTESIAN_POINT('',(47.,-52.,6.47E-15));
#5843 = DIRECTION('',(0.,-1.,2.2E-16));
#5844 = DIRECTION('',(1.,0.,0.));
#5845 = ADVANCED_FACE('',(#5846),#5857,.F.);
#5846 = FACE_BOUND('',#5847,.F.);
#5847 = EDGE_LOOP('',(#5848,#5854,#5855,#5856));
#5848 = ORIENTED_EDGE('',*,*,#5849,.F.);
#5849 = EDGE_CURVE('',#4632,#4424,#5850,.T.);
#5850 = LINE('',#5851,#5852);
#5851 = CARTESIAN_POINT('',(77.45,-40.,7.5));
#5852 = VECTOR('',#5853,1.);
#5853 = DIRECTION('',(0.,-1.,2.2E-16));
#5854 = ORIENTED_EDGE('',*,*,#4641,.F.);
#5855 = ORIENTED_EDGE('',*,*,#5849,.T.);
#5856 = ORIENTED_EDGE('',*,*,#4423,.T.);
#5857 = CYLINDRICAL_SURFACE('',#5858,2.5);
#5858 = AXIS2_PLACEMENT_3D('',#5859,#5860,#5861);
#5859 = CARTESIAN_POINT('',(79.95,-40.,7.5));
#5860 = DIRECTION('',(0.,1.,-2.2E-16));
#5861 = DIRECTION('',(-1.,0.,0.));
#5862 = ADVANCED_FACE('',(#5863,#5888),#5891,.T.);
#5863 = FACE_BOUND('',#5864,.F.);
#5864 = EDGE_LOOP('',(#5865,#5866,#5874,#5882));
#5865 = ORIENTED_EDGE('',*,*,#4996,.F.);
#5866 = ORIENTED_EDGE('',*,*,#5867,.T.);
#5867 = EDGE_CURVE('',#4940,#5868,#5870,.T.);
#5868 = VERTEX_POINT('',#5869);
#5869 = CARTESIAN_POINT('',(27.4,-30.44999999999,20.4));
#5870 = LINE('',#5871,#5872);
#5871 = CARTESIAN_POINT('',(36.,-30.44999999999,20.4));
#5872 = VECTOR('',#5873,1.);
#5873 = DIRECTION('',(-1.,2.2E-16,-2.2E-16));
#5874 = ORIENTED_EDGE('',*,*,#5875,.T.);
#5875 = EDGE_CURVE('',#5868,#5876,#5878,.T.);
#5876 = VERTEX_POINT('',#5877);
#5877 = CARTESIAN_POINT('',(27.4,-34.54999999999,20.4));
#5878 = LINE('',#5879,#5880);
#5879 = CARTESIAN_POINT('',(27.4,-30.44999999999,20.4));
#5880 = VECTOR('',#5881,1.);
#5881 = DIRECTION('',(-2.2E-16,-1.,0.));
#5882 = ORIENTED_EDGE('',*,*,#5883,.F.);
#5883 = EDGE_CURVE('',#4989,#5876,#5884,.T.);
#5884 = LINE('',#5885,#5886);
#5885 = CARTESIAN_POINT('',(36.,-34.54999999999,20.4));
#5886 = VECTOR('',#5887,1.);
#5887 = DIRECTION('',(-1.,2.2E-16,-2.2E-16));
#5888 = FACE_BOUND('',#5889,.F.);
#5889 = EDGE_LOOP('',(#5890));
#5890 = ORIENTED_EDGE('',*,*,#4449,.F.);
#5891 = PLANE('',#5892);
#5892 = AXIS2_PLACEMENT_3D('',#5893,#5894,#5895);
#5893 = CARTESIAN_POINT('',(36.,-30.44999999999,20.4));
#5894 = DIRECTION('',(2.2E-16,0.,-1.));
#5895 = DIRECTION('',(2.2E-16,1.,4.84E-32));
#5896 = ADVANCED_FACE('',(#5897,#5922),#5925,.F.);
#5897 = FACE_BOUND('',#5898,.T.);
#5898 = EDGE_LOOP('',(#5899,#5900,#5908,#5916));
#5899 = ORIENTED_EDGE('',*,*,#5450,.F.);
#5900 = ORIENTED_EDGE('',*,*,#5901,.T.);
#5901 = EDGE_CURVE('',#5441,#5902,#5904,.T.);
#5902 = VERTEX_POINT('',#5903);
#5903 = CARTESIAN_POINT('',(27.4,12.45,20.4));
#5904 = LINE('',#5905,#5906);
#5905 = CARTESIAN_POINT('',(36.,12.45,20.4));
#5906 = VECTOR('',#5907,1.);
#5907 = DIRECTION('',(-1.,2.2E-16,-2.2E-16));
#5908 = ORIENTED_EDGE('',*,*,#5909,.T.);
#5909 = EDGE_CURVE('',#5902,#5910,#5912,.T.);
#5910 = VERTEX_POINT('',#5911);
#5911 = CARTESIAN_POINT('',(27.4,16.55,20.4));
#5912 = LINE('',#5913,#5914);
#5913 = CARTESIAN_POINT('',(27.4,12.45,20.4));
#5914 = VECTOR('',#5915,1.);
#5915 = DIRECTION('',(2.2E-16,1.,0.));
#5916 = ORIENTED_EDGE('',*,*,#5917,.F.);
#5917 = EDGE_CURVE('',#5392,#5910,#5918,.T.);
#5918 = LINE('',#5919,#5920);
#5919 = CARTESIAN_POINT('',(36.,16.55,20.4));
#5920 = VECTOR('',#5921,1.);
#5921 = DIRECTION('',(-1.,2.2E-16,-2.2E-16));
#5922 = FACE_BOUND('',#5923,.T.);
#5923 = EDGE_LOOP('',(#5924));
#5924 = ORIENTED_EDGE('',*,*,#4474,.T.);
#5925 = PLANE('',#5926);
#5926 = AXIS2_PLACEMENT_3D('',#5927,#5928,#5929);
#5927 = CARTESIAN_POINT('',(36.,12.45,20.4));
#5928 = DIRECTION('',(-2.2E-16,0.,1.));
#5929 = DIRECTION('',(-2.2E-16,-1.,-4.84E-32));
#5930 = ADVANCED_FACE('',(#5931),#5942,.F.);
#5931 = FACE_BOUND('',#5932,.F.);
#5932 = EDGE_LOOP('',(#5933,#5939,#5940,#5941));
#5933 = ORIENTED_EDGE('',*,*,#5934,.F.);
#5934 = EDGE_CURVE('',#4537,#4571,#5935,.T.);
#5935 = LINE('',#5936,#5937);
#5936 = CARTESIAN_POINT('',(82.45,-57.,-21.5));
#5937 = VECTOR('',#5938,1.);
#5938 = DIRECTION('',(-0.,-0.,-1.));
#5939 = ORIENTED_EDGE('',*,*,#4536,.F.);
#5940 = ORIENTED_EDGE('',*,*,#5934,.T.);
#5941 = ORIENTED_EDGE('',*,*,#4580,.T.);
#5942 = CYLINDRICAL_SURFACE('',#5943,2.5);
#5943 = AXIS2_PLACEMENT_3D('',#5944,#5945,#5946);
#5944 = CARTESIAN_POINT('',(79.95,-57.,-21.5));
#5945 = DIRECTION('',(0.,0.,1.));
#5946 = DIRECTION('',(1.,0.,0.));
#5947 = ADVANCED_FACE('',(#5948,#5954),#5957,.T.);
#5948 = FACE_BOUND('',#5949,.T.);
#5949 = EDGE_LOOP('',(#5950,#5951,#5952,#5953));
#5950 = ORIENTED_EDGE('',*,*,#4664,.T.);
#5951 = ORIENTED_EDGE('',*,*,#4712,.T.);
#5952 = ORIENTED_EDGE('',*,*,#4736,.T.);
#5953 = ORIENTED_EDGE('',*,*,#4695,.T.);
#5954 = FACE_BOUND('',#5955,.T.);
#5955 = EDGE_LOOP('',(#5956));
#5956 = ORIENTED_EDGE('',*,*,#5834,.T.);
#5957 = PLANE('',#5958);
#5958 = AXIS2_PLACEMENT_3D('',#5959,#5960,#5961);
#5959 = CARTESIAN_POINT('',(1.79215E-12,-43.5,4.51E-15));
#5960 = DIRECTION('',(0.,1.,0.));
#5961 = DIRECTION('',(0.,0.,1.));
#5962 = ADVANCED_FACE('',(#5963),#5990,.T.);
#5963 = FACE_BOUND('',#5964,.F.);
#5964 = EDGE_LOOP('',(#5965,#5966,#5974,#5983,#5989));
#5965 = ORIENTED_EDGE('',*,*,#4813,.T.);
#5966 = ORIENTED_EDGE('',*,*,#5967,.T.);
#5967 = EDGE_CURVE('',#4814,#5968,#5970,.T.);
#5968 = VERTEX_POINT('',#5969);
#5969 = CARTESIAN_POINT('',(27.4,-31.04763124516,18.225000000006));
#5970 = LINE('',#5971,#5972);
#5971 = CARTESIAN_POINT('',(36.,-31.04763124516,18.225000000006));
#5972 = VECTOR('',#5973,1.);
#5973 = DIRECTION('',(-1.,2.2E-16,-2.2E-16));
#5974 = ORIENTED_EDGE('',*,*,#5975,.T.);
#5975 = EDGE_CURVE('',#5968,#5976,#5978,.T.);
#5976 = VERTEX_POINT('',#5977);
#5977 = CARTESIAN_POINT('',(27.4,-30.56350832688,18.600000000006));
#5978 = CIRCLE('',#5979,0.5);
#5979 = AXIS2_PLACEMENT_3D('',#5980,#5981,#5982);
#5980 = CARTESIAN_POINT('',(27.4,-30.56350832688,18.100000000006));
#5981 = DIRECTION('',(-1.,2.2E-16,-2.2E-16));
#5982 = DIRECTION('',(-2.2E-16,-1.,0.));
#5983 = ORIENTED_EDGE('',*,*,#5984,.F.);
#5984 = EDGE_CURVE('',#4871,#5976,#5985,.T.);
#5985 = LINE('',#5986,#5987);
#5986 = CARTESIAN_POINT('',(36.,-30.56350832688,18.600000000006));
#5987 = VECTOR('',#5988,1.);
#5988 = DIRECTION('',(-1.,2.2E-16,-2.2E-16));
#5989 = ORIENTED_EDGE('',*,*,#4880,.F.);
#5990 = CYLINDRICAL_SURFACE('',#5991,0.5);
#5991 = AXIS2_PLACEMENT_3D('',#5992,#5993,#5994);
#5992 = CARTESIAN_POINT('',(36.,-30.56350832688,18.100000000006));
#5993 = DIRECTION('',(1.,-2.2E-16,2.2E-16));
#5994 = DIRECTION('',(-2.2E-16,-1.,0.));
#5995 = ADVANCED_FACE('',(#5996),#6014,.T.);
#5996 = FACE_BOUND('',#5997,.F.);
#5997 = EDGE_LOOP('',(#5998,#5999,#6000,#6008));
#5998 = ORIENTED_EDGE('',*,*,#4870,.F.);
#5999 = ORIENTED_EDGE('',*,*,#5984,.T.);
#6000 = ORIENTED_EDGE('',*,*,#6001,.T.);
#6001 = EDGE_CURVE('',#5976,#6002,#6004,.T.);
#6002 = VERTEX_POINT('',#6003);
#6003 = CARTESIAN_POINT('',(27.4,-30.44999999999,18.600000000006));
#6004 = LINE('',#6005,#6006);
#6005 = CARTESIAN_POINT('',(27.4,-34.54999999999,18.600000000006));
#6006 = VECTOR('',#6007,1.);
#6007 = DIRECTION('',(2.2E-16,1.,0.));
#6008 = ORIENTED_EDGE('',*,*,#6009,.F.);
#6009 = EDGE_CURVE('',#4873,#6002,#6010,.T.);
#6010 = LINE('',#6011,#6012);
#6011 = CARTESIAN_POINT('',(36.,-30.44999999999,18.600000000006));
#6012 = VECTOR('',#6013,1.);
#6013 = DIRECTION('',(-1.,2.2E-16,-2.2E-16));
#6014 = PLANE('',#6015);
#6015 = AXIS2_PLACEMENT_3D('',#6016,#6017,#6018);
#6016 = CARTESIAN_POINT('',(36.,-34.54999999999,18.600000000006));
#6017 = DIRECTION('',(-2.2E-16,0.,1.));
#6018 = DIRECTION('',(-2.2E-16,-1.,-4.84E-32));
#6019 = ADVANCED_FACE('',(#6020,#6041),#6130,.F.);
#6020 = FACE_BOUND('',#6021,.T.);
#6021 = EDGE_LOOP('',(#6022,#6023,#6024,#6033,#6039,#6040));
#6022 = ORIENTED_EDGE('',*,*,#4904,.F.);
#6023 = ORIENTED_EDGE('',*,*,#5967,.T.);
#6024 = ORIENTED_EDGE('',*,*,#6025,.T.);
#6025 = EDGE_CURVE('',#5968,#6026,#6028,.T.);
#6026 = VERTEX_POINT('',#6027);
#6027 = CARTESIAN_POINT('',(27.4,-33.95236875482,18.225000000006));
#6028 = CIRCLE('',#6029,1.5);
#6029 = AXIS2_PLACEMENT_3D('',#6030,#6031,#6032);
#6030 = CARTESIAN_POINT('',(27.4,-32.49999999999,18.600000000006));
#6031 = DIRECTION('',(-1.,2.2E-16,-2.2E-16));
#6032 = DIRECTION('',(-2.2E-16,-1.,0.));
#6033 = ORIENTED_EDGE('',*,*,#6034,.F.);
#6034 = EDGE_CURVE('',#5012,#6026,#6035,.T.);
#6035 = LINE('',#6036,#6037);
#6036 = CARTESIAN_POINT('',(36.,-33.95236875482,18.225000000006));
#6037 = VECTOR('',#6038,1.);
#6038 = DIRECTION('',(-1.,2.2E-16,-2.2E-16));
#6039 = ORIENTED_EDGE('',*,*,#5011,.F.);
#6040 = ORIENTED_EDGE('',*,*,#4971,.F.);
#6041 = FACE_BOUND('',#6042,.T.);
#6042 = EDGE_LOOP('',(#6043));
#6043 = ORIENTED_EDGE('',*,*,#6044,.F.);
#6044 = EDGE_CURVE('',#6045,#6045,#6047,.T.);
#6045 = VERTEX_POINT('',#6046);
#6046 = CARTESIAN_POINT('',(31.,-32.5,17.100000000006));
#6047 = B_SPLINE_CURVE_WITH_KNOTS('',6,(#6048,#6049,#6050,#6051,#6052,
    #6053,#6054,#6055,#6056,#6057,#6058,#6059,#6060,#6061,#6062,#6063,
    #6064,#6065,#6066,#6067,#6068,#6069,#6070,#6071,#6072,#6073,#6074,
    #6075,#6076,#6077,#6078,#6079,#6080,#6081,#6082,#6083,#6084,#6085,
    #6086,#6087,#6088,#6089,#6090,#6091,#6092,#6093,#6094,#6095,#6096,
    #6097,#6098,#6099,#6100,#6101,#6102,#6103,#6104,#6105,#6106,#6107,
    #6108,#6109,#6110,#6111,#6112,#6113,#6114,#6115,#6116,#6117,#6118,
    #6119,#6120,#6121,#6122,#6123,#6124,#6125,#6126,#6127,#6128,#6129),
  .UNSPECIFIED.,.T.,.F.,(7,5,5,5,5,5,5,5,5,5,5,5,5,5,5,5,7),(0.,
    6.539705707415E-02,0.139872600293,0.19874644968,0.249808413877,
    0.282435200755,0.359609841323,0.434311439739,0.499785872248,
    0.565262744116,0.639823675845,0.698771036146,0.74989671947,
    0.800374289408,0.859825553372,0.934529254601,1.),.UNSPECIFIED.);
#6048 = CARTESIAN_POINT('',(31.,-32.5,17.100000000006));
#6049 = CARTESIAN_POINT('',(31.,-32.42512912574,17.100000000006));
#6050 = CARTESIAN_POINT('',(30.993273244828,-32.35052518188,
    17.104484639734));
#6051 = CARTESIAN_POINT('',(30.979909526806,-32.27718967987,
    17.113393149571));
#6052 = CARTESIAN_POINT('',(30.960259153898,-32.20610731078,
    17.126369246451));
#6053 = CARTESIAN_POINT('',(30.934929405839,-32.13819146561,
    17.142761014741));
#6054 = CARTESIAN_POINT('',(30.870545859705,-32.00136946551,
    17.183264318917));
#6055 = CARTESIAN_POINT('',(30.829977783862,-31.93342785295,
    17.208193141891));
#6056 = CARTESIAN_POINT('',(30.783955584478,-31.87066413779,
    17.235512333562));
#6057 = CARTESIAN_POINT('',(30.733165690961,-31.81324750173,
    17.264241777702));
#6058 = CARTESIAN_POINT('',(30.678175685502,-31.76130411125,
    17.293368969821));
#6059 = CARTESIAN_POINT('',(30.573047713313,-31.67834801293,
    17.344318745905));
#6060 = CARTESIAN_POINT('',(30.52420062014,-31.64514644451,
    17.366444830602));
#6061 = CARTESIAN_POINT('',(30.473141266071,-31.61547140478,
    17.387668695436));
#6062 = CARTESIAN_POINT('',(30.420067851911,-31.58943285289,
    17.407423368736));
#6063 = CARTESIAN_POINT('',(30.365144555479,-31.56714622169,
    17.425117702903));
#6064 = CARTESIAN_POINT('',(30.259362060954,-31.53283958614,
    17.453254417834));
#6065 = CARTESIAN_POINT('',(30.208858718876,-31.51982642233,
    17.464366595005));
#6066 = CARTESIAN_POINT('',(30.157365072307,-31.50995591608,
    17.473061086391));
#6067 = CARTESIAN_POINT('',(30.105205413705,-31.50332777125,
    17.478989585276));
#6068 = CARTESIAN_POINT('',(30.05266080584,-31.5,17.481966011249));
#6069 = CARTESIAN_POINT('',(29.966351609932,-31.5,17.481966011249));
#6070 = CARTESIAN_POINT('',(29.932718989992,-31.50135867432,
    17.480750925801));
#6071 = CARTESIAN_POINT('',(29.899185742794,-31.50407355491,
    17.478322240025));
#6072 = CARTESIAN_POINT('',(29.865841188834,-31.50813373704,
    17.474713421983));
#6073 = CARTESIAN_POINT('',(29.832779723493,-31.51351645543,
    17.469987721037));
#6074 = CARTESIAN_POINT('',(29.722800730113,-31.53595411109,
    17.450630899566));
#6075 = CARTESIAN_POINT('',(29.648004566187,-31.55883622664,
    17.43134905409));
#6076 = CARTESIAN_POINT('',(29.575969983117,-31.5884049801,
    17.407506933211));
#6077 = CARTESIAN_POINT('',(29.507117676497,-31.62441288613,
    17.380463209984));
#6078 = CARTESIAN_POINT('',(29.441997621391,-31.66655899714,
    17.351586268358));
#6079 = CARTESIAN_POINT('',(29.322345388695,-31.76081327997,
    17.293644604916));
#6080 = CARTESIAN_POINT('',(29.267218484482,-31.81281290905,
    17.264459238014));
#6081 = CARTESIAN_POINT('',(29.216302078111,-31.87031116175,
    17.235665520104));
#6082 = CARTESIAN_POINT('',(29.170170628164,-31.93317795258,
    17.20828434074));
#6083 = CARTESIAN_POINT('',(29.129515513822,-32.00123904012,
    17.183302928637));
#6084 = CARTESIAN_POINT('',(29.065072386284,-32.13818765716,
    17.142762142155));
#6085 = CARTESIAN_POINT('',(29.039741769214,-32.20610367337,
    17.126369873387));
#6086 = CARTESIAN_POINT('',(29.020090262334,-32.2771885671,
    17.113393019201));
#6087 = CARTESIAN_POINT('',(29.006726255427,-32.35052692059,
    17.104484302068));
#6088 = CARTESIAN_POINT('',(29.,-32.42513191507,17.100000000006));
#6089 = CARTESIAN_POINT('',(29.,-32.57487087425,17.100000000006));
#6090 = CARTESIAN_POINT('',(29.006726755172,-32.64947481811,
    17.104484639735));
#6091 = CARTESIAN_POINT('',(29.020090473194,-32.72281032012,
    17.113393149573));
#6092 = CARTESIAN_POINT('',(29.039740846102,-32.79389268922,
    17.126369246454));
#6093 = CARTESIAN_POINT('',(29.065070594162,-32.86180853438,
    17.142761014745));
#6094 = CARTESIAN_POINT('',(29.129451608849,-32.99862515489,
    17.183262726405));
#6095 = CARTESIAN_POINT('',(29.170019122536,-33.06656826045,
    17.208191249838));
#6096 = CARTESIAN_POINT('',(29.216043830325,-33.12933662261,
    17.235512206732));
#6097 = CARTESIAN_POINT('',(29.266838001854,-33.18675713447,
    17.264244022943));
#6098 = CARTESIAN_POINT('',(29.321830294634,-33.23870060764,
    17.293371868075));
#6099 = CARTESIAN_POINT('',(29.426952291657,-33.32165199099,
    17.344318748323));
#6100 = CARTESIAN_POINT('',(29.475799379493,-33.35485355405,
    17.366444830108));
#6101 = CARTESIAN_POINT('',(29.526858723334,-33.3845285881,
    17.387668690515));
#6102 = CARTESIAN_POINT('',(29.579932129477,-33.41056713837,
    17.407423361932));
#6103 = CARTESIAN_POINT('',(29.634855427455,-33.43285377277,
    17.425117698375));
#6104 = CARTESIAN_POINT('',(29.740637917588,-33.4671604069,
    17.45325441214));
#6105 = CARTESIAN_POINT('',(29.791141243686,-33.48017356846,
    17.464366587042));
#6106 = CARTESIAN_POINT('',(29.842634894126,-33.49004408025,
    17.473061083036));
#6107 = CARTESIAN_POINT('',(29.89479456495,-33.49667222685,
    17.478989583623));
#6108 = CARTESIAN_POINT('',(29.947339179094,-33.5,17.481966011263));
#6109 = CARTESIAN_POINT('',(30.051993246789,-33.5,17.481966011263));
#6110 = CARTESIAN_POINT('',(30.103876746031,-33.4967560621,
    17.479064566065));
#6111 = CARTESIAN_POINT('',(30.155389578206,-33.49029373851,
    17.473284391704));
#6112 = CARTESIAN_POINT('',(30.206259311465,-33.48066859436,
    17.464802684589));
#6113 = CARTESIAN_POINT('',(30.256172716102,-33.46797641287,
    17.453951695614));
#6114 = CARTESIAN_POINT('',(30.361992162613,-33.43411570954,
    17.426121935064));
#6115 = CARTESIAN_POINT('',(30.417473570554,-33.41181346866,
    17.408373771874));
#6116 = CARTESIAN_POINT('',(30.471080966648,-33.38568917966,
    17.388507606942));
#6117 = CARTESIAN_POINT('',(30.522645175237,-33.35586164856,
    17.367130801085));
#6118 = CARTESIAN_POINT('',(30.571961591941,-33.32244483829,
    17.344826511173));
#6119 = CARTESIAN_POINT('',(30.677660973628,-33.23918170819,
    17.293641523965));
#6120 = CARTESIAN_POINT('',(30.732785348157,-33.18718223805,
    17.264456895375));
#6121 = CARTESIAN_POINT('',(30.783697060724,-33.12968826976,
    17.235665787548));
#6122 = CARTESIAN_POINT('',(30.829825775568,-33.06682660344,
    17.208286537555));
#6123 = CARTESIAN_POINT('',(30.87048158533,-32.99876712448,
    17.183304753548));
#6124 = CARTESIAN_POINT('',(30.934927613716,-32.86181234283,
    17.142762142158));
#6125 = CARTESIAN_POINT('',(30.960258230786,-32.79389632662,
    17.12636987339));
#6126 = CARTESIAN_POINT('',(30.979909737666,-32.7228114329,
    17.113393019203));
#6127 = CARTESIAN_POINT('',(30.993273744573,-32.6494730794,
    17.104484302069));
#6128 = CARTESIAN_POINT('',(31.,-32.57486808492,17.100000000006));
#6129 = CARTESIAN_POINT('',(31.,-32.5,17.100000000006));
#6130 = CYLINDRICAL_SURFACE('',#6131,1.5);
#6131 = AXIS2_PLACEMENT_3D('',#6132,#6133,#6134);
#6132 = CARTESIAN_POINT('',(36.,-32.49999999999,18.600000000006));
#6133 = DIRECTION('',(1.,-2.2E-16,2.2E-16));
#6134 = DIRECTION('',(-2.2E-16,-1.,0.));
#6135 = ADVANCED_FACE('',(#6136),#6147,.T.);
#6136 = FACE_BOUND('',#6137,.F.);
#6137 = EDGE_LOOP('',(#6138,#6139,#6140,#6146));
#6138 = ORIENTED_EDGE('',*,*,#4947,.F.);
#6139 = ORIENTED_EDGE('',*,*,#6009,.T.);
#6140 = ORIENTED_EDGE('',*,*,#6141,.T.);
#6141 = EDGE_CURVE('',#6002,#5868,#6142,.T.);
#6142 = LINE('',#6143,#6144);
#6143 = CARTESIAN_POINT('',(27.4,-30.44999999999,18.600000000006));
#6144 = VECTOR('',#6145,1.);
#6145 = DIRECTION('',(-2.2E-16,0.,1.));
#6146 = ORIENTED_EDGE('',*,*,#5867,.F.);
#6147 = PLANE('',#6148);
#6148 = AXIS2_PLACEMENT_3D('',#6149,#6150,#6151);
#6149 = CARTESIAN_POINT('',(36.,-30.44999999999,18.600000000006));
#6150 = DIRECTION('',(-2.2E-16,-1.,-0.));
#6151 = DIRECTION('',(2.2E-16,-4.84E-32,-1.));
#6152 = ADVANCED_FACE('',(#6153),#6171,.T.);
#6153 = FACE_BOUND('',#6154,.F.);
#6154 = EDGE_LOOP('',(#6155,#6156,#6157,#6165));
#6155 = ORIENTED_EDGE('',*,*,#5054,.F.);
#6156 = ORIENTED_EDGE('',*,*,#5883,.T.);
#6157 = ORIENTED_EDGE('',*,*,#6158,.T.);
#6158 = EDGE_CURVE('',#5876,#6159,#6161,.T.);
#6159 = VERTEX_POINT('',#6160);
#6160 = CARTESIAN_POINT('',(27.4,-34.54999999999,18.600000000006));
#6161 = LINE('',#6162,#6163);
#6162 = CARTESIAN_POINT('',(27.4,-34.54999999999,20.4));
#6163 = VECTOR('',#6164,1.);
#6164 = DIRECTION('',(2.2E-16,-0.,-1.));
#6165 = ORIENTED_EDGE('',*,*,#6166,.F.);
#6166 = EDGE_CURVE('',#5047,#6159,#6167,.T.);
#6167 = LINE('',#6168,#6169);
#6168 = CARTESIAN_POINT('',(36.,-34.54999999999,18.600000000006));
#6169 = VECTOR('',#6170,1.);
#6170 = DIRECTION('',(-1.,2.2E-16,-2.2E-16));
#6171 = PLANE('',#6172);
#6172 = AXIS2_PLACEMENT_3D('',#6173,#6174,#6175);
#6173 = CARTESIAN_POINT('',(36.,-34.54999999999,20.4));
#6174 = DIRECTION('',(2.2E-16,1.,0.));
#6175 = DIRECTION('',(-2.2E-16,4.84E-32,1.));
#6176 = ADVANCED_FACE('',(#6177),#6197,.T.);
#6177 = FACE_BOUND('',#6178,.F.);
#6178 = EDGE_LOOP('',(#6179,#6180,#6188,#6195,#6196));
#6179 = ORIENTED_EDGE('',*,*,#5183,.F.);
#6180 = ORIENTED_EDGE('',*,*,#6181,.T.);
#6181 = EDGE_CURVE('',#5184,#6182,#6184,.T.);
#6182 = VERTEX_POINT('',#6183);
#6183 = CARTESIAN_POINT('',(27.4,-34.43649167309,18.600000000006));
#6184 = LINE('',#6185,#6186);
#6185 = CARTESIAN_POINT('',(36.,-34.43649167309,18.600000000006));
#6186 = VECTOR('',#6187,1.);
#6187 = DIRECTION('',(-1.,2.2E-16,-2.2E-16));
#6188 = ORIENTED_EDGE('',*,*,#6189,.T.);
#6189 = EDGE_CURVE('',#6182,#6026,#6190,.T.);
#6190 = CIRCLE('',#6191,0.5);
#6191 = AXIS2_PLACEMENT_3D('',#6192,#6193,#6194);
#6192 = CARTESIAN_POINT('',(27.4,-34.43649167309,18.100000000006));
#6193 = DIRECTION('',(-1.,2.2E-16,-2.2E-16));
#6194 = DIRECTION('',(-2.2E-16,-1.,0.));
#6195 = ORIENTED_EDGE('',*,*,#6034,.F.);
#6196 = ORIENTED_EDGE('',*,*,#5069,.T.);
#6197 = CYLINDRICAL_SURFACE('',#6198,0.5);
#6198 = AXIS2_PLACEMENT_3D('',#6199,#6200,#6201);
#6199 = CARTESIAN_POINT('',(36.,-34.43649167309,18.100000000006));
#6200 = DIRECTION('',(1.,-2.2E-16,2.2E-16));
#6201 = DIRECTION('',(-2.2E-16,-1.,0.));
#6202 = ADVANCED_FACE('',(#6203),#6214,.T.);
#6203 = FACE_BOUND('',#6204,.F.);
#6204 = EDGE_LOOP('',(#6205,#6206,#6207,#6213));
#6205 = ORIENTED_EDGE('',*,*,#5192,.F.);
#6206 = ORIENTED_EDGE('',*,*,#6166,.T.);
#6207 = ORIENTED_EDGE('',*,*,#6208,.T.);
#6208 = EDGE_CURVE('',#6159,#6182,#6209,.T.);
#6209 = LINE('',#6210,#6211);
#6210 = CARTESIAN_POINT('',(27.4,-34.54999999999,18.600000000006));
#6211 = VECTOR('',#6212,1.);
#6212 = DIRECTION('',(2.2E-16,1.,0.));
#6213 = ORIENTED_EDGE('',*,*,#6181,.F.);
#6214 = PLANE('',#6215);
#6215 = AXIS2_PLACEMENT_3D('',#6216,#6217,#6218);
#6216 = CARTESIAN_POINT('',(36.,-34.54999999999,18.600000000006));
#6217 = DIRECTION('',(-2.2E-16,0.,1.));
#6218 = DIRECTION('',(-2.2E-16,-1.,-4.84E-32));
#6219 = ADVANCED_FACE('',(#6220),#6247,.T.);
#6220 = FACE_BOUND('',#6221,.F.);
#6221 = EDGE_LOOP('',(#6222,#6223,#6231,#6240,#6246));
#6222 = ORIENTED_EDGE('',*,*,#5267,.T.);
#6223 = ORIENTED_EDGE('',*,*,#6224,.T.);
#6224 = EDGE_CURVE('',#5268,#6225,#6227,.T.);
#6225 = VERTEX_POINT('',#6226);
#6226 = CARTESIAN_POINT('',(27.4,15.952368754828,18.225));
#6227 = LINE('',#6228,#6229);
#6228 = CARTESIAN_POINT('',(36.,15.952368754828,18.225));
#6229 = VECTOR('',#6230,1.);
#6230 = DIRECTION('',(-1.,2.2E-16,-2.2E-16));
#6231 = ORIENTED_EDGE('',*,*,#6232,.T.);
#6232 = EDGE_CURVE('',#6225,#6233,#6235,.T.);
#6233 = VERTEX_POINT('',#6234);
#6234 = CARTESIAN_POINT('',(27.4,16.436491673104,18.6));
#6235 = CIRCLE('',#6236,0.5);
#6236 = AXIS2_PLACEMENT_3D('',#6237,#6238,#6239);
#6237 = CARTESIAN_POINT('',(27.4,16.436491673104,18.1));
#6238 = DIRECTION('',(-1.,2.2E-16,-2.2E-16));
#6239 = DIRECTION('',(-2.2E-16,-1.,0.));
#6240 = ORIENTED_EDGE('',*,*,#6241,.F.);
#6241 = EDGE_CURVE('',#5335,#6233,#6242,.T.);
#6242 = LINE('',#6243,#6244);
#6243 = CARTESIAN_POINT('',(36.,16.436491673104,18.6));
#6244 = VECTOR('',#6245,1.);
#6245 = DIRECTION('',(-1.,2.2E-16,-2.2E-16));
#6246 = ORIENTED_EDGE('',*,*,#5334,.T.);
#6247 = CYLINDRICAL_SURFACE('',#6248,0.5);
#6248 = AXIS2_PLACEMENT_3D('',#6249,#6250,#6251);
#6249 = CARTESIAN_POINT('',(36.,16.436491673104,18.1));
#6250 = DIRECTION('',(1.,-2.2E-16,2.2E-16));
#6251 = DIRECTION('',(-2.2E-16,-1.,0.));
#6252 = ADVANCED_FACE('',(#6253),#6271,.F.);
#6253 = FACE_BOUND('',#6254,.T.);
#6254 = EDGE_LOOP('',(#6255,#6256,#6264,#6270));
#6255 = ORIENTED_EDGE('',*,*,#5343,.F.);
#6256 = ORIENTED_EDGE('',*,*,#6257,.T.);
#6257 = EDGE_CURVE('',#5325,#6258,#6260,.T.);
#6258 = VERTEX_POINT('',#6259);
#6259 = CARTESIAN_POINT('',(27.4,16.55,18.6));
#6260 = LINE('',#6261,#6262);
#6261 = CARTESIAN_POINT('',(36.,16.55,18.6));
#6262 = VECTOR('',#6263,1.);
#6263 = DIRECTION('',(-1.,2.2E-16,-2.2E-16));
#6264 = ORIENTED_EDGE('',*,*,#6265,.T.);
#6265 = EDGE_CURVE('',#6258,#6233,#6266,.T.);
#6266 = LINE('',#6267,#6268);
#6267 = CARTESIAN_POINT('',(27.4,16.55,18.6));
#6268 = VECTOR('',#6269,1.);
#6269 = DIRECTION('',(-2.2E-16,-1.,0.));
#6270 = ORIENTED_EDGE('',*,*,#6241,.F.);
#6271 = PLANE('',#6272);
#6272 = AXIS2_PLACEMENT_3D('',#6273,#6274,#6275);
#6273 = CARTESIAN_POINT('',(36.,16.55,18.6));
#6274 = DIRECTION('',(2.2E-16,0.,-1.));
#6275 = DIRECTION('',(2.2E-16,1.,4.84E-32));
#6276 = ADVANCED_FACE('',(#6277,#6298),#6387,.F.);
#6277 = FACE_BOUND('',#6278,.T.);
#6278 = EDGE_LOOP('',(#6279,#6280,#6281,#6290,#6296,#6297));
#6279 = ORIENTED_EDGE('',*,*,#5358,.F.);
#6280 = ORIENTED_EDGE('',*,*,#6224,.T.);
#6281 = ORIENTED_EDGE('',*,*,#6282,.T.);
#6282 = EDGE_CURVE('',#6225,#6283,#6285,.T.);
#6283 = VERTEX_POINT('',#6284);
#6284 = CARTESIAN_POINT('',(27.4,13.047631245172,18.225));
#6285 = CIRCLE('',#6286,1.5);
#6286 = AXIS2_PLACEMENT_3D('',#6287,#6288,#6289);
#6287 = CARTESIAN_POINT('',(27.4,14.5,18.6));
#6288 = DIRECTION('',(-1.,2.2E-16,-2.2E-16));
#6289 = DIRECTION('',(-2.2E-16,-1.,0.));
#6290 = ORIENTED_EDGE('',*,*,#6291,.F.);
#6291 = EDGE_CURVE('',#5466,#6283,#6292,.T.);
#6292 = LINE('',#6293,#6294);
#6293 = CARTESIAN_POINT('',(36.,13.047631245172,18.225));
#6294 = VECTOR('',#6295,1.);
#6295 = DIRECTION('',(-1.,2.2E-16,-2.2E-16));
#6296 = ORIENTED_EDGE('',*,*,#5465,.F.);
#6297 = ORIENTED_EDGE('',*,*,#5425,.F.);
#6298 = FACE_BOUND('',#6299,.T.);
#6299 = EDGE_LOOP('',(#6300));
#6300 = ORIENTED_EDGE('',*,*,#6301,.F.);
#6301 = EDGE_CURVE('',#6302,#6302,#6304,.T.);
#6302 = VERTEX_POINT('',#6303);
#6303 = CARTESIAN_POINT('',(31.,14.5,17.1));
#6304 = B_SPLINE_CURVE_WITH_KNOTS('',6,(#6305,#6306,#6307,#6308,#6309,
    #6310,#6311,#6312,#6313,#6314,#6315,#6316,#6317,#6318,#6319,#6320,
    #6321,#6322,#6323,#6324,#6325,#6326,#6327,#6328,#6329,#6330,#6331,
    #6332,#6333,#6334,#6335,#6336,#6337,#6338,#6339,#6340,#6341,#6342,
    #6343,#6344,#6345,#6346,#6347,#6348,#6349,#6350,#6351,#6352,#6353,
    #6354,#6355,#6356,#6357,#6358,#6359,#6360,#6361,#6362,#6363,#6364,
    #6365,#6366,#6367,#6368,#6369,#6370,#6371,#6372,#6373,#6374,#6375,
    #6376,#6377,#6378,#6379,#6380,#6381,#6382,#6383,#6384,#6385,#6386),
  .UNSPECIFIED.,.T.,.F.,(7,5,5,5,5,5,5,5,5,5,5,5,5,5,5,5,7),(0.,
    6.539705707424E-02,0.139872600293,0.198746449681,0.249808413878,
    0.282435200756,0.359609841324,0.43431143974,0.49978587225,
    0.565262744117,0.639823675847,0.698771036147,0.749896719472,
    0.80037428941,0.859825553373,0.934529254602,1.),.UNSPECIFIED.);
#6305 = CARTESIAN_POINT('',(31.,14.5,17.1));
#6306 = CARTESIAN_POINT('',(31.,14.574870874259,17.1));
#6307 = CARTESIAN_POINT('',(30.993273244828,14.649474818117,
    17.104484639728));
#6308 = CARTESIAN_POINT('',(30.979909526806,14.722810320126,
    17.113393149566));
#6309 = CARTESIAN_POINT('',(30.960259153898,14.79389268922,
    17.126369246447));
#6310 = CARTESIAN_POINT('',(30.934929405839,14.861808534382,
    17.142761014737));
#6311 = CARTESIAN_POINT('',(30.870545859705,14.998630534488,
    17.183264318914));
#6312 = CARTESIAN_POINT('',(30.829977783862,15.06657214705,
    17.208193141888));
#6313 = CARTESIAN_POINT('',(30.783955584478,15.129335862202,
    17.23551233356));
#6314 = CARTESIAN_POINT('',(30.733165690961,15.186752498269,
    17.2642417777));
#6315 = CARTESIAN_POINT('',(30.678175685502,15.238695888743,
    17.293368969819));
#6316 = CARTESIAN_POINT('',(30.573047713313,15.321651987068,
    17.344318745903));
#6317 = CARTESIAN_POINT('',(30.52420062014,15.354853555483,
    17.366444830601));
#6318 = CARTESIAN_POINT('',(30.473141266071,15.384528595216,
    17.387668695435));
#6319 = CARTESIAN_POINT('',(30.420067851911,15.410567147107,
    17.407423368736));
#6320 = CARTESIAN_POINT('',(30.365144555479,15.432853778307,
    17.425117702903));
#6321 = CARTESIAN_POINT('',(30.259362060954,15.467160413859,
    17.453254417835));
#6322 = CARTESIAN_POINT('',(30.208858718877,15.480173577667,
    17.464366595005));
#6323 = CARTESIAN_POINT('',(30.157365072307,15.49004408392,
    17.473061086392));
#6324 = CARTESIAN_POINT('',(30.105205413705,15.496672228748,
    17.478989585276));
#6325 = CARTESIAN_POINT('',(30.05266080584,15.5,17.48196601125));
#6326 = CARTESIAN_POINT('',(29.966351609932,15.5,17.48196601125));
#6327 = CARTESIAN_POINT('',(29.932718989992,15.498641325673,
    17.480750925801));
#6328 = CARTESIAN_POINT('',(29.899185742794,15.495926445086,
    17.478322240026));
#6329 = CARTESIAN_POINT('',(29.865841188834,15.491866262954,
    17.474713421983));
#6330 = CARTESIAN_POINT('',(29.832779723493,15.486483544565,
    17.469987721037));
#6331 = CARTESIAN_POINT('',(29.722800730113,15.46404588891,
    17.450630899566));
#6332 = CARTESIAN_POINT('',(29.648004566187,15.441163773358,
    17.43134905409));
#6333 = CARTESIAN_POINT('',(29.575969983117,15.411595019895,
    17.40750693321));
#6334 = CARTESIAN_POINT('',(29.507117676497,15.375587113866,
    17.380463209984));
#6335 = CARTESIAN_POINT('',(29.441997621391,15.333441002857,
    17.351586268357));
#6336 = CARTESIAN_POINT('',(29.322345388695,15.239186720026,
    17.293644604914));
#6337 = CARTESIAN_POINT('',(29.267218484482,15.187187090947,
    17.264459238012));
#6338 = CARTESIAN_POINT('',(29.216302078111,15.129688838247,
    17.235665520101));
#6339 = CARTESIAN_POINT('',(29.170170628164,15.066822047412,
    17.208284340737));
#6340 = CARTESIAN_POINT('',(29.129515513822,14.998760959872,
    17.183302928633));
#6341 = CARTESIAN_POINT('',(29.065072386284,14.861812342835,
    17.142762142151));
#6342 = CARTESIAN_POINT('',(29.039741769214,14.793896326622,
    17.126369873383));
#6343 = CARTESIAN_POINT('',(29.020090262334,14.7228114329,
    17.113393019196));
#6344 = CARTESIAN_POINT('',(29.006726255427,14.649473079408,
    17.104484302062));
#6345 = CARTESIAN_POINT('',(29.,14.574868084924,17.1));
#6346 = CARTESIAN_POINT('',(29.,14.425129125741,17.1));
#6347 = CARTESIAN_POINT('',(29.006726755172,14.350525181883,
    17.104484639728));
#6348 = CARTESIAN_POINT('',(29.020090473194,14.277189679874,
    17.113393149566));
#6349 = CARTESIAN_POINT('',(29.039740846102,14.20610731078,
    17.126369246447));
#6350 = CARTESIAN_POINT('',(29.065070594161,14.138191465618,
    17.142761014737));
#6351 = CARTESIAN_POINT('',(29.129451608849,14.00137484511,
    17.183262726396));
#6352 = CARTESIAN_POINT('',(29.170019122536,13.933431739544,
    17.208191249829));
#6353 = CARTESIAN_POINT('',(29.216043830325,13.870663377382,
    17.235512206723));
#6354 = CARTESIAN_POINT('',(29.266838001854,13.813242865528,
    17.264244022933));
#6355 = CARTESIAN_POINT('',(29.321830294634,13.761299392353,
    17.293371868064));
#6356 = CARTESIAN_POINT('',(29.426952291657,13.67834800901,
    17.344318748312));
#6357 = CARTESIAN_POINT('',(29.475799379493,13.645146445946,
    17.366444830097));
#6358 = CARTESIAN_POINT('',(29.526858723334,13.615471411897,
    17.387668690503));
#6359 = CARTESIAN_POINT('',(29.579932129477,13.589432861628,
    17.40742336192));
#6360 = CARTESIAN_POINT('',(29.634855427455,13.567146227228,
    17.425117698363));
#6361 = CARTESIAN_POINT('',(29.740637917588,13.5328395931,
    17.453254412127));
#6362 = CARTESIAN_POINT('',(29.791141243686,13.519826431534,
    17.464366587029));
#6363 = CARTESIAN_POINT('',(29.842634894125,13.509955919744,
    17.473061083024));
#6364 = CARTESIAN_POINT('',(29.894794564951,13.503327773148,
    17.47898958361));
#6365 = CARTESIAN_POINT('',(29.947339179094,13.5,17.48196601125));
#6366 = CARTESIAN_POINT('',(30.051993246789,13.5,17.48196601125));
#6367 = CARTESIAN_POINT('',(30.103876746031,13.503243937899,
    17.479064566053));
#6368 = CARTESIAN_POINT('',(30.155389578205,13.509706261484,
    17.473284391691));
#6369 = CARTESIAN_POINT('',(30.206259311466,13.519331405631,
    17.464802684576));
#6370 = CARTESIAN_POINT('',(30.256172716102,13.532023587121,
    17.453951695602));
#6371 = CARTESIAN_POINT('',(30.361992162613,13.565884290457,
    17.426121935052));
#6372 = CARTESIAN_POINT('',(30.417473570554,13.588186531332,
    17.408373771862));
#6373 = CARTESIAN_POINT('',(30.471080966648,13.614310820337,
    17.388507606931));
#6374 = CARTESIAN_POINT('',(30.522645175237,13.644138351435,
    17.367130801074));
#6375 = CARTESIAN_POINT('',(30.571961591941,13.677555161709,
    17.344826511163));
#6376 = CARTESIAN_POINT('',(30.677660973628,13.760818291801,
    17.293641523955));
#6377 = CARTESIAN_POINT('',(30.732785348157,13.812817761948,
    17.264456895365));
#6378 = CARTESIAN_POINT('',(30.783697060725,13.870311730239,
    17.235665787539));
#6379 = CARTESIAN_POINT('',(30.829825775568,13.933173396558,
    17.208286537546));
#6380 = CARTESIAN_POINT('',(30.870481585329,14.001232875512,
    17.183304753539));
#6381 = CARTESIAN_POINT('',(30.934927613716,14.138187657164,
    17.142762142151));
#6382 = CARTESIAN_POINT('',(30.960258230786,14.206103673378,
    17.126369873383));
#6383 = CARTESIAN_POINT('',(30.979909737666,14.2771885671,
    17.113393019196));
#6384 = CARTESIAN_POINT('',(30.993273744573,14.350526920593,
    17.104484302062));
#6385 = CARTESIAN_POINT('',(31.,14.425131915076,17.1));
#6386 = CARTESIAN_POINT('',(31.,14.5,17.1));
#6387 = CYLINDRICAL_SURFACE('',#6388,1.5);
#6388 = AXIS2_PLACEMENT_3D('',#6389,#6390,#6391);
#6389 = CARTESIAN_POINT('',(36.,14.5,18.6));
#6390 = DIRECTION('',(1.,-2.2E-16,2.2E-16));
#6391 = DIRECTION('',(-2.2E-16,-1.,0.));
#6392 = ADVANCED_FACE('',(#6393),#6404,.F.);
#6393 = FACE_BOUND('',#6394,.T.);
#6394 = EDGE_LOOP('',(#6395,#6396,#6397,#6403));
#6395 = ORIENTED_EDGE('',*,*,#5401,.F.);
#6396 = ORIENTED_EDGE('',*,*,#5917,.T.);
#6397 = ORIENTED_EDGE('',*,*,#6398,.T.);
#6398 = EDGE_CURVE('',#5910,#6258,#6399,.T.);
#6399 = LINE('',#6400,#6401);
#6400 = CARTESIAN_POINT('',(27.4,16.55,20.4));
#6401 = VECTOR('',#6402,1.);
#6402 = DIRECTION('',(2.2E-16,-0.,-1.));
#6403 = ORIENTED_EDGE('',*,*,#6257,.F.);
#6404 = PLANE('',#6405);
#6405 = AXIS2_PLACEMENT_3D('',#6406,#6407,#6408);
#6406 = CARTESIAN_POINT('',(36.,16.55,20.4));
#6407 = DIRECTION('',(2.2E-16,1.,0.));
#6408 = DIRECTION('',(-2.2E-16,4.84E-32,1.));
#6409 = ADVANCED_FACE('',(#6410),#6428,.F.);
#6410 = FACE_BOUND('',#6411,.T.);
#6411 = EDGE_LOOP('',(#6412,#6413,#6421,#6427));
#6412 = ORIENTED_EDGE('',*,*,#5508,.F.);
#6413 = ORIENTED_EDGE('',*,*,#6414,.T.);
#6414 = EDGE_CURVE('',#5499,#6415,#6417,.T.);
#6415 = VERTEX_POINT('',#6416);
#6416 = CARTESIAN_POINT('',(27.4,12.45,18.6));
#6417 = LINE('',#6418,#6419);
#6418 = CARTESIAN_POINT('',(36.,12.45,18.6));
#6419 = VECTOR('',#6420,1.);
#6420 = DIRECTION('',(-1.,2.2E-16,-2.2E-16));
#6421 = ORIENTED_EDGE('',*,*,#6422,.T.);
#6422 = EDGE_CURVE('',#6415,#5902,#6423,.T.);
#6423 = LINE('',#6424,#6425);
#6424 = CARTESIAN_POINT('',(27.4,12.45,18.6));
#6425 = VECTOR('',#6426,1.);
#6426 = DIRECTION('',(-2.2E-16,0.,1.));
#6427 = ORIENTED_EDGE('',*,*,#5901,.F.);
#6428 = PLANE('',#6429);
#6429 = AXIS2_PLACEMENT_3D('',#6430,#6431,#6432);
#6430 = CARTESIAN_POINT('',(36.,12.45,18.6));
#6431 = DIRECTION('',(-2.2E-16,-1.,-0.));
#6432 = DIRECTION('',(2.2E-16,-4.84E-32,-1.));
#6433 = ADVANCED_FACE('',(#6434),#6454,.T.);
#6434 = FACE_BOUND('',#6435,.F.);
#6435 = EDGE_LOOP('',(#6436,#6437,#6445,#6452,#6453));
#6436 = ORIENTED_EDGE('',*,*,#5642,.T.);
#6437 = ORIENTED_EDGE('',*,*,#6438,.T.);
#6438 = EDGE_CURVE('',#5635,#6439,#6441,.T.);
#6439 = VERTEX_POINT('',#6440);
#6440 = CARTESIAN_POINT('',(27.4,12.563508326896,18.6));
#6441 = LINE('',#6442,#6443);
#6442 = CARTESIAN_POINT('',(36.,12.563508326896,18.6));
#6443 = VECTOR('',#6444,1.);
#6444 = DIRECTION('',(-1.,2.2E-16,-2.2E-16));
#6445 = ORIENTED_EDGE('',*,*,#6446,.T.);
#6446 = EDGE_CURVE('',#6439,#6283,#6447,.T.);
#6447 = CIRCLE('',#6448,0.5);
#6448 = AXIS2_PLACEMENT_3D('',#6449,#6450,#6451);
#6449 = CARTESIAN_POINT('',(27.4,12.563508326896,18.1));
#6450 = DIRECTION('',(-1.,2.2E-16,-2.2E-16));
#6451 = DIRECTION('',(-2.2E-16,-1.,0.));
#6452 = ORIENTED_EDGE('',*,*,#6291,.F.);
#6453 = ORIENTED_EDGE('',*,*,#5523,.T.);
#6454 = CYLINDRICAL_SURFACE('',#6455,0.5);
#6455 = AXIS2_PLACEMENT_3D('',#6456,#6457,#6458);
#6456 = CARTESIAN_POINT('',(36.,12.563508326896,18.1));
#6457 = DIRECTION('',(1.,-2.2E-16,2.2E-16));
#6458 = DIRECTION('',(-2.2E-16,-1.,0.));
#6459 = ADVANCED_FACE('',(#6460),#6471,.F.);
#6460 = FACE_BOUND('',#6461,.T.);
#6461 = EDGE_LOOP('',(#6462,#6463,#6464,#6470));
#6462 = ORIENTED_EDGE('',*,*,#5634,.F.);
#6463 = ORIENTED_EDGE('',*,*,#6438,.T.);
#6464 = ORIENTED_EDGE('',*,*,#6465,.T.);
#6465 = EDGE_CURVE('',#6439,#6415,#6466,.T.);
#6466 = LINE('',#6467,#6468);
#6467 = CARTESIAN_POINT('',(27.4,16.55,18.6));
#6468 = VECTOR('',#6469,1.);
#6469 = DIRECTION('',(-2.2E-16,-1.,0.));
#6470 = ORIENTED_EDGE('',*,*,#6414,.F.);
#6471 = PLANE('',#6472);
#6472 = AXIS2_PLACEMENT_3D('',#6473,#6474,#6475);
#6473 = CARTESIAN_POINT('',(36.,16.55,18.6));
#6474 = DIRECTION('',(2.2E-16,0.,-1.));
#6475 = DIRECTION('',(2.2E-16,1.,4.84E-32));
#6476 = ADVANCED_FACE('',(#6477,#6483),#6487,.T.);
#6477 = FACE_BOUND('',#6478,.F.);
#6478 = EDGE_LOOP('',(#6479,#6480,#6481,#6482));
#6479 = ORIENTED_EDGE('',*,*,#5808,.T.);
#6480 = ORIENTED_EDGE('',*,*,#5791,.T.);
#6481 = ORIENTED_EDGE('',*,*,#5767,.T.);
#6482 = ORIENTED_EDGE('',*,*,#5736,.T.);
#6483 = FACE_BOUND('',#6484,.T.);
#6484 = EDGE_LOOP('',(#6485,#6486));
#6485 = ORIENTED_EDGE('',*,*,#5687,.T.);
#6486 = ORIENTED_EDGE('',*,*,#5696,.T.);
#6487 = PLANE('',#6488);
#6488 = AXIS2_PLACEMENT_3D('',#6489,#6490,#6491);
#6489 = CARTESIAN_POINT('',(30.,-9.,-2.5));
#6490 = DIRECTION('',(-1.,2.2E-16,-2.2E-16));
#6491 = DIRECTION('',(2.2E-16,0.,-1.));
#6492 = ADVANCED_FACE('',(#6493),#6503,.T.);
#6493 = FACE_BOUND('',#6494,.T.);
#6494 = EDGE_LOOP('',(#6495,#6496,#6497,#6498,#6499,#6500,#6501,#6502));
#6495 = ORIENTED_EDGE('',*,*,#6158,.T.);
#6496 = ORIENTED_EDGE('',*,*,#6208,.T.);
#6497 = ORIENTED_EDGE('',*,*,#6189,.T.);
#6498 = ORIENTED_EDGE('',*,*,#6025,.F.);
#6499 = ORIENTED_EDGE('',*,*,#5975,.T.);
#6500 = ORIENTED_EDGE('',*,*,#6001,.T.);
#6501 = ORIENTED_EDGE('',*,*,#6141,.T.);
#6502 = ORIENTED_EDGE('',*,*,#5875,.T.);
#6503 = PLANE('',#6504);
#6504 = AXIS2_PLACEMENT_3D('',#6505,#6506,#6507);
#6505 = CARTESIAN_POINT('',(27.4,-32.49999999999,19.09724453969));
#6506 = DIRECTION('',(1.,0.,0.));
#6507 = DIRECTION('',(0.,0.,1.));
#6508 = ADVANCED_FACE('',(#6509),#6519,.T.);
#6509 = FACE_BOUND('',#6510,.T.);
#6510 = EDGE_LOOP('',(#6511,#6512,#6513,#6514,#6515,#6516,#6517,#6518));
#6511 = ORIENTED_EDGE('',*,*,#6265,.F.);
#6512 = ORIENTED_EDGE('',*,*,#6398,.F.);
#6513 = ORIENTED_EDGE('',*,*,#5909,.F.);
#6514 = ORIENTED_EDGE('',*,*,#6422,.F.);
#6515 = ORIENTED_EDGE('',*,*,#6465,.F.);
#6516 = ORIENTED_EDGE('',*,*,#6446,.T.);
#6517 = ORIENTED_EDGE('',*,*,#6282,.F.);
#6518 = ORIENTED_EDGE('',*,*,#6232,.T.);
#6519 = PLANE('',#6520);
#6520 = AXIS2_PLACEMENT_3D('',#6521,#6522,#6523);
#6521 = CARTESIAN_POINT('',(27.4,14.5,19.097244539687));
#6522 = DIRECTION('',(1.,0.,0.));
#6523 = DIRECTION('',(0.,0.,1.));
#6524 = ADVANCED_FACE('',(#6525),#6544,.F.);
#6525 = FACE_BOUND('',#6526,.F.);
#6526 = EDGE_LOOP('',(#6527,#6528,#6536,#6543));
#6527 = ORIENTED_EDGE('',*,*,#6044,.F.);
#6528 = ORIENTED_EDGE('',*,*,#6529,.T.);
#6529 = EDGE_CURVE('',#6045,#6530,#6532,.T.);
#6530 = VERTEX_POINT('',#6531);
#6531 = CARTESIAN_POINT('',(31.,-32.5,16.5));
#6532 = LINE('',#6533,#6534);
#6533 = CARTESIAN_POINT('',(31.,-32.5,26.5));
#6534 = VECTOR('',#6535,1.);
#6535 = DIRECTION('',(-0.,-0.,-1.));
#6536 = ORIENTED_EDGE('',*,*,#6537,.T.);
#6537 = EDGE_CURVE('',#6530,#6530,#6538,.T.);
#6538 = CIRCLE('',#6539,1.);
#6539 = AXIS2_PLACEMENT_3D('',#6540,#6541,#6542);
#6540 = CARTESIAN_POINT('',(30.,-32.5,16.5));
#6541 = DIRECTION('',(0.,0.,1.));
#6542 = DIRECTION('',(1.,0.,0.));
#6543 = ORIENTED_EDGE('',*,*,#6529,.F.);
#6544 = CYLINDRICAL_SURFACE('',#6545,1.);
#6545 = AXIS2_PLACEMENT_3D('',#6546,#6547,#6548);
#6546 = CARTESIAN_POINT('',(30.,-32.5,26.5));
#6547 = DIRECTION('',(0.,0.,1.));
#6548 = DIRECTION('',(1.,0.,0.));
#6549 = ADVANCED_FACE('',(#6550),#6569,.F.);
#6550 = FACE_BOUND('',#6551,.F.);
#6551 = EDGE_LOOP('',(#6552,#6553,#6561,#6568));
#6552 = ORIENTED_EDGE('',*,*,#6301,.F.);
#6553 = ORIENTED_EDGE('',*,*,#6554,.T.);
#6554 = EDGE_CURVE('',#6302,#6555,#6557,.T.);
#6555 = VERTEX_POINT('',#6556);
#6556 = CARTESIAN_POINT('',(31.,14.5,16.5));
#6557 = LINE('',#6558,#6559);
#6558 = CARTESIAN_POINT('',(31.,14.5,26.5));
#6559 = VECTOR('',#6560,1.);
#6560 = DIRECTION('',(-0.,-0.,-1.));
#6561 = ORIENTED_EDGE('',*,*,#6562,.T.);
#6562 = EDGE_CURVE('',#6555,#6555,#6563,.T.);
#6563 = CIRCLE('',#6564,1.);
#6564 = AXIS2_PLACEMENT_3D('',#6565,#6566,#6567);
#6565 = CARTESIAN_POINT('',(30.,14.5,16.5));
#6566 = DIRECTION('',(0.,0.,1.));
#6567 = DIRECTION('',(1.,0.,0.));
#6568 = ORIENTED_EDGE('',*,*,#6554,.F.);
#6569 = CYLINDRICAL_SURFACE('',#6570,1.);
#6570 = AXIS2_PLACEMENT_3D('',#6571,#6572,#6573);
#6571 = CARTESIAN_POINT('',(30.,14.5,26.5));
#6572 = DIRECTION('',(0.,0.,1.));
#6573 = DIRECTION('',(1.,0.,0.));
#6574 = ADVANCED_FACE('',(#6575),#6578,.T.);
#6575 = FACE_BOUND('',#6576,.T.);
#6576 = EDGE_LOOP('',(#6577));
#6577 = ORIENTED_EDGE('',*,*,#6537,.T.);
#6578 = PLANE('',#6579);
#6579 = AXIS2_PLACEMENT_3D('',#6580,#6581,#6582);
#6580 = CARTESIAN_POINT('',(-3.4E-16,-9.,16.5));
#6581 = DIRECTION('',(0.,0.,1.));
#6582 = DIRECTION('',(1.,0.,0.));
#6583 = ADVANCED_FACE('',(#6584),#6587,.T.);
#6584 = FACE_BOUND('',#6585,.T.);
#6585 = EDGE_LOOP('',(#6586));
#6586 = ORIENTED_EDGE('',*,*,#6562,.T.);
#6587 = PLANE('',#6588);
#6588 = AXIS2_PLACEMENT_3D('',#6589,#6590,#6591);
#6589 = CARTESIAN_POINT('',(-3.4E-16,-9.,16.5));
#6590 = DIRECTION('',(0.,0.,1.));
#6591 = DIRECTION('',(1.,0.,0.));
#6592 = ( GEOMETRIC_REPRESENTATION_CONTEXT(3) 
GLOBAL_UNCERTAINTY_ASSIGNED_CONTEXT((#6596)) 
GLOBAL_UNIT_ASSIGNED_CONTEXT((#6593,#6594,#6595)) REPRESENTATION_CONTEXT
('Context #1','3D Context with UNIT and UNCERTAINTY') );
#6593 = ( LENGTH_UNIT() NAMED_UNIT(*) SI_UNIT(.MILLI.,.METRE.) );
#6594 = ( NAMED_UNIT(*) PLANE_ANGLE_UNIT() SI_UNIT($,.RADIAN.) );
#6595 = ( NAMED_UNIT(*) SI_UNIT($,.STERADIAN.) SOLID_ANGLE_UNIT() );
#6596 = UNCERTAINTY_MEASURE_WITH_UNIT(LENGTH_MEASURE(2.E-05),#6593,
  'distance_accuracy_value','confusion accuracy');
#6597 = PRODUCT_RELATED_PRODUCT_CATEGORY('part',$,(#7));
ENDSEC;
END-ISO-10303-21;
