ISO-10303-21;
HEADER;
FILE_DESCRIPTION(('FreeCAD Model'),'2;1');
FILE_NAME('Open CASCADE Shape Model','2026-09-06T12:30:38',('FreeCAD'),(
    'FreeCAD'),'Open CASCADE STEP processor 7.8','FreeCAD','Unknown');
FILE_SCHEMA(('AUTOMOTIVE_DESIGN { 1 0 10303 214 1 1 1 1 }'));
ENDSEC;
DATA;
#1 = APPLICATION_PROTOCOL_DEFINITION('international standard',
  'automotive_design',2000,#2);
#2 = APPLICATION_CONTEXT(
  'core data for automotive mechanical design processes');
#3 = SHAPE_DEFINITION_REPRESENTATION(#4,#10);
#4 = PRODUCT_DEFINITION_SHAPE('','',#5);
#5 = PRODUCT_DEFINITION('design','',#6,#9);
#6 = PRODUCT_DEFINITION_FORMATION('','',#7);
#7 = PRODUCT('Open CASCADE STEP translator 7.8 243',
  'Open CASCADE STEP translator 7.8 243','',(#8));
#8 = PRODUCT_CONTEXT('',#2,'mechanical');
#9 = PRODUCT_DEFINITION_CONTEXT('part definition',#2,'design');
#10 = ADVANCED_BREP_SHAPE_REPRESENTATION('',(#11,#15),#2863);
#11 = AXIS2_PLACEMENT_3D('',#12,#13,#14);
#12 = CARTESIAN_POINT('',(0.,0.,0.));
#13 = DIRECTION('',(0.,0.,1.));
#14 = DIRECTION('',(1.,0.,-0.));
#15 = MANIFOLD_SOLID_BREP('',#16);
#16 = CLOSED_SHELL('',(#17,#339,#432,#490,#514,#549,#573,#597,#621,#655,
    #741,#793,#878,#902,#926,#950,#974,#991,#1016,#1041,#1066,#1091,
    #1184,#1242,#1266,#1301,#1325,#1349,#1373,#1407,#1493,#1545,#1578,
    #1602,#1626,#1742,#1777,#1801,#1827,#1844,#1868,#1892,#2022,#2046,
    #2063,#2088,#2105,#2129,#2153,#2170,#2187,#2230,#2247,#2290,#2323,
    #2347,#2371,#2487,#2514,#2538,#2564,#2581,#2597,#2622,#2639,#2656,
    #2668,#2690,#2707,#2724,#2736,#2758,#2775,#2792,#2804,#2820,#2845,
    #2854));
#17 = ADVANCED_FACE('',(#18,#129,#179,#190,#201,#212,#223),#334,.F.);
#18 = FACE_BOUND('',#19,.F.);
#19 = EDGE_LOOP('',(#20,#30,#38,#46,#54,#62,#81,#92,#101,#112));
#20 = ORIENTED_EDGE('',*,*,#21,.T.);
#21 = EDGE_CURVE('',#22,#24,#26,.T.);
#22 = VERTEX_POINT('',#23);
#23 = CARTESIAN_POINT('',(-10.04032522475,-5.7,21.1));
#24 = VERTEX_POINT('',#25);
#25 = CARTESIAN_POINT('',(-9.45,-5.7,21.1));
#26 = LINE('',#27,#28);
#27 = CARTESIAN_POINT('',(-14.55,-5.7,21.1));
#28 = VECTOR('',#29,1.);
#29 = DIRECTION('',(1.,0.,0.));
#30 = ORIENTED_EDGE('',*,*,#31,.T.);
#31 = EDGE_CURVE('',#24,#32,#34,.T.);
#32 = VERTEX_POINT('',#33);
#33 = CARTESIAN_POINT('',(-9.45,-5.7,24.9));
#34 = LINE('',#35,#36);
#35 = CARTESIAN_POINT('',(-9.45,-5.7,22.1));
#36 = VECTOR('',#37,1.);
#37 = DIRECTION('',(0.,2.2E-16,1.));
#38 = ORIENTED_EDGE('',*,*,#39,.T.);
#39 = EDGE_CURVE('',#32,#40,#42,.T.);
#40 = VERTEX_POINT('',#41);
#41 = CARTESIAN_POINT('',(-15.55,-5.7,24.9));
#42 = LINE('',#43,#44);
#43 = CARTESIAN_POINT('',(-10.45,-5.7,24.9));
#44 = VECTOR('',#45,1.);
#45 = DIRECTION('',(-1.,0.,0.));
#46 = ORIENTED_EDGE('',*,*,#47,.T.);
#47 = EDGE_CURVE('',#40,#48,#50,.T.);
#48 = VERTEX_POINT('',#49);
#49 = CARTESIAN_POINT('',(-15.55,-5.7,21.1));
#50 = LINE('',#51,#52);
#51 = CARTESIAN_POINT('',(-15.55,-5.7,23.9));
#52 = VECTOR('',#53,1.);
#53 = DIRECTION('',(0.,-2.2E-16,-1.));
#54 = ORIENTED_EDGE('',*,*,#55,.T.);
#55 = EDGE_CURVE('',#48,#56,#58,.T.);
#56 = VERTEX_POINT('',#57);
#57 = CARTESIAN_POINT('',(-14.95967477525,-5.7,21.1));
#58 = LINE('',#59,#60);
#59 = CARTESIAN_POINT('',(-14.55,-5.7,21.1));
#60 = VECTOR('',#61,1.);
#61 = DIRECTION('',(1.,0.,0.));
#62 = ORIENTED_EDGE('',*,*,#63,.T.);
#63 = EDGE_CURVE('',#56,#64,#66,.T.);
#64 = VERTEX_POINT('',#65);
#65 = CARTESIAN_POINT('',(-14.82254820749,-5.7,20.946687836487));
#66 = B_SPLINE_CURVE_WITH_KNOTS('',7,(#67,#68,#69,#70,#71,#72,#73,#74,
    #75,#76,#77,#78,#79,#80),.UNSPECIFIED.,.F.,.F.,(8,6,8),(
    -1.263783705278,-1.234227047737,-0.688737339364),.UNSPECIFIED.);
#67 = CARTESIAN_POINT('',(-15.21169239379,-5.7,21.381764263295));
#68 = CARTESIAN_POINT('',(-15.20722606192,-5.7,21.376770752462));
#69 = CARTESIAN_POINT('',(-15.2030349654,-5.7,21.372084964105));
#70 = CARTESIAN_POINT('',(-15.19911910424,-5.7,21.367706898224));
#71 = CARTESIAN_POINT('',(-15.19547847842,-5.7,21.363636554821));
#72 = CARTESIAN_POINT('',(-15.19211308795,-5.7,21.359873933894));
#73 = CARTESIAN_POINT('',(-15.18902293284,-5.7,21.356419035444));
#74 = CARTESIAN_POINT('',(-15.13425661227,-5.7,21.295188427615));
#75 = CARTESIAN_POINT('',(-15.08230521148,-5.7,21.23710499576));
#76 = CARTESIAN_POINT('',(-15.03035381068,-5.7,21.179021563906));
#77 = CARTESIAN_POINT('',(-14.97840240988,-5.7,21.120938132051));
#78 = CARTESIAN_POINT('',(-14.92645100908,-5.7,21.062854700197));
#79 = CARTESIAN_POINT('',(-14.87449960829,-5.7,21.004771268342));
#80 = CARTESIAN_POINT('',(-14.82254820749,-5.7,20.946687836487));
#81 = ORIENTED_EDGE('',*,*,#82,.T.);
#82 = EDGE_CURVE('',#64,#83,#85,.T.);
#83 = VERTEX_POINT('',#84);
#84 = CARTESIAN_POINT('',(-14.36338998125,-5.7,20.433333333333));
#85 = B_SPLINE_CURVE_WITH_KNOTS('',5,(#86,#87,#88,#89,#90,#91),
  .UNSPECIFIED.,.F.,.F.,(6,6),(-0.688737339364,0.),
  .PIECEWISE_BEZIER_KNOTS.);
#86 = CARTESIAN_POINT('',(-14.82254820749,-5.7,20.946687836487));
#87 = CARTESIAN_POINT('',(-14.73071656224,-5.7,20.844016935856));
#88 = CARTESIAN_POINT('',(-14.63888491699,-5.7,20.741346035226));
#89 = CARTESIAN_POINT('',(-14.54705327174,-5.7,20.638675134595));
#90 = CARTESIAN_POINT('',(-14.45522162649,-5.7,20.536004233964));
#91 = CARTESIAN_POINT('',(-14.36338998125,-5.7,20.433333333333));
#92 = ORIENTED_EDGE('',*,*,#93,.T.);
#93 = EDGE_CURVE('',#83,#94,#96,.T.);
#94 = VERTEX_POINT('',#95);
#95 = CARTESIAN_POINT('',(-10.63661001875,-5.7,20.433333333333));
#96 = CIRCLE('',#97,2.5);
#97 = AXIS2_PLACEMENT_3D('',#98,#99,#100);
#98 = CARTESIAN_POINT('',(-12.5,-5.7,22.1));
#99 = DIRECTION('',(0.,-1.,-0.));
#100 = DIRECTION('',(-0.7453559925,0.,-0.666666666667));
#101 = ORIENTED_EDGE('',*,*,#102,.T.);
#102 = EDGE_CURVE('',#94,#103,#105,.T.);
#103 = VERTEX_POINT('',#104);
#104 = CARTESIAN_POINT('',(-10.1774517925,-5.7,20.946687836487));
#105 = B_SPLINE_CURVE_WITH_KNOTS('',5,(#106,#107,#108,#109,#110,#111),
  .UNSPECIFIED.,.F.,.F.,(6,6),(2.523206011704,3.211943351068),
  .PIECEWISE_BEZIER_KNOTS.);
#106 = CARTESIAN_POINT('',(-10.63661001875,-5.7,20.433333333333));
#107 = CARTESIAN_POINT('',(-10.5447783735,-5.7,20.536004233964));
#108 = CARTESIAN_POINT('',(-10.45294672825,-5.7,20.638675134595));
#109 = CARTESIAN_POINT('',(-10.361115083,-5.7,20.741346035226));
#110 = CARTESIAN_POINT('',(-10.26928343775,-5.7,20.844016935856));
#111 = CARTESIAN_POINT('',(-10.1774517925,-5.7,20.946687836487));
#112 = ORIENTED_EDGE('',*,*,#113,.T.);
#113 = EDGE_CURVE('',#103,#22,#114,.T.);
#114 = B_SPLINE_CURVE_WITH_KNOTS('',7,(#115,#116,#117,#118,#119,#120,
    #121,#122,#123,#124,#125,#126,#127,#128),.UNSPECIFIED.,.F.,.F.,(8,6,
    8),(3.211943351068,3.757433059441,3.786989716982),.UNSPECIFIED.);
#115 = CARTESIAN_POINT('',(-10.1774517925,-5.7,20.946687836487));
#116 = CARTESIAN_POINT('',(-10.12550039171,-5.7,21.004771268342));
#117 = CARTESIAN_POINT('',(-10.07354899091,-5.7,21.062854700197));
#118 = CARTESIAN_POINT('',(-10.02159759011,-5.7,21.120938132051));
#119 = CARTESIAN_POINT('',(-9.969646189318,-5.7,21.179021563906));
#120 = CARTESIAN_POINT('',(-9.91769478852,-5.7,21.23710499576));
#121 = CARTESIAN_POINT('',(-9.865743387723,-5.7,21.295188427615));
#122 = CARTESIAN_POINT('',(-9.81097706716,-5.7,21.356419035444));
#123 = CARTESIAN_POINT('',(-9.807886912043,-5.7,21.359873933894));
#124 = CARTESIAN_POINT('',(-9.804521521577,-5.7,21.363636554821));
#125 = CARTESIAN_POINT('',(-9.80088089576,-5.7,21.367706898224));
#126 = CARTESIAN_POINT('',(-9.796965034593,-5.7,21.372084964105));
#127 = CARTESIAN_POINT('',(-9.792773938075,-5.7,21.376770752462));
#128 = CARTESIAN_POINT('',(-9.788307606207,-5.7,21.381764263295));
#129 = FACE_BOUND('',#130,.F.);
#130 = EDGE_LOOP('',(#131,#141,#149,#157,#165,#173));
#131 = ORIENTED_EDGE('',*,*,#132,.F.);
#132 = EDGE_CURVE('',#133,#135,#137,.T.);
#133 = VERTEX_POINT('',#134);
#134 = CARTESIAN_POINT('',(18.,-5.7,29.));
#135 = VERTEX_POINT('',#136);
#136 = CARTESIAN_POINT('',(-18.,-5.7,29.));
#137 = LINE('',#138,#139);
#138 = CARTESIAN_POINT('',(19.,-5.7,29.));
#139 = VECTOR('',#140,1.);
#140 = DIRECTION('',(-1.,0.,0.));
#141 = ORIENTED_EDGE('',*,*,#142,.F.);
#142 = EDGE_CURVE('',#143,#133,#145,.T.);
#143 = VERTEX_POINT('',#144);
#144 = CARTESIAN_POINT('',(18.,-5.7,-15.58578643762));
#145 = LINE('',#146,#147);
#146 = CARTESIAN_POINT('',(18.,-5.7,-16.));
#147 = VECTOR('',#148,1.);
#148 = DIRECTION('',(0.,0.,1.));
#149 = ORIENTED_EDGE('',*,*,#150,.T.);
#150 = EDGE_CURVE('',#143,#151,#153,.T.);
#151 = VERTEX_POINT('',#152);
#152 = CARTESIAN_POINT('',(5.585786437627,-5.7,-28.));
#153 = LINE('',#154,#155);
#154 = CARTESIAN_POINT('',(18.292893218813,-5.7,-15.29289321881));
#155 = VECTOR('',#156,1.);
#156 = DIRECTION('',(-0.707106781187,0.,-0.707106781187));
#157 = ORIENTED_EDGE('',*,*,#158,.F.);
#158 = EDGE_CURVE('',#159,#151,#161,.T.);
#159 = VERTEX_POINT('',#160);
#160 = CARTESIAN_POINT('',(-5.585786437627,-5.7,-28.));
#161 = LINE('',#162,#163);
#162 = CARTESIAN_POINT('',(-6.,-5.7,-28.));
#163 = VECTOR('',#164,1.);
#164 = DIRECTION('',(1.,0.,0.));
#165 = ORIENTED_EDGE('',*,*,#166,.T.);
#166 = EDGE_CURVE('',#159,#167,#169,.T.);
#167 = VERTEX_POINT('',#168);
#168 = CARTESIAN_POINT('',(-18.,-5.7,-15.58578643762));
#169 = LINE('',#170,#171);
#170 = CARTESIAN_POINT('',(-5.292893218813,-5.7,-28.29289321881));
#171 = VECTOR('',#172,1.);
#172 = DIRECTION('',(-0.707106781187,0.,0.707106781187));
#173 = ORIENTED_EDGE('',*,*,#174,.F.);
#174 = EDGE_CURVE('',#135,#167,#175,.T.);
#175 = LINE('',#176,#177);
#176 = CARTESIAN_POINT('',(-18.,-5.7,29.));
#177 = VECTOR('',#178,1.);
#178 = DIRECTION('',(0.,0.,-1.));
#179 = FACE_BOUND('',#180,.F.);
#180 = EDGE_LOOP('',(#181));
#181 = ORIENTED_EDGE('',*,*,#182,.T.);
#182 = EDGE_CURVE('',#183,#183,#185,.T.);
#183 = VERTEX_POINT('',#184);
#184 = CARTESIAN_POINT('',(3.05,-5.7,-22.25));
#185 = CIRCLE('',#186,3.05);
#186 = AXIS2_PLACEMENT_3D('',#187,#188,#189);
#187 = CARTESIAN_POINT('',(0.,-5.7,-22.25));
#188 = DIRECTION('',(0.,-1.,0.));
#189 = DIRECTION('',(1.,0.,0.));
#190 = FACE_BOUND('',#191,.F.);
#191 = EDGE_LOOP('',(#192));
#192 = ORIENTED_EDGE('',*,*,#193,.T.);
#193 = EDGE_CURVE('',#194,#194,#196,.T.);
#194 = VERTEX_POINT('',#195);
#195 = CARTESIAN_POINT('',(-11.,-5.7,7.5));
#196 = CIRCLE('',#197,1.5);
#197 = AXIS2_PLACEMENT_3D('',#198,#199,#200);
#198 = CARTESIAN_POINT('',(-12.5,-5.7,7.5));
#199 = DIRECTION('',(0.,-1.,0.));
#200 = DIRECTION('',(1.,0.,0.));
#201 = FACE_BOUND('',#202,.F.);
#202 = EDGE_LOOP('',(#203));
#203 = ORIENTED_EDGE('',*,*,#204,.T.);
#204 = EDGE_CURVE('',#205,#205,#207,.T.);
#205 = VERTEX_POINT('',#206);
#206 = CARTESIAN_POINT('',(3.05,-5.7,22.5));
#207 = CIRCLE('',#208,3.05);
#208 = AXIS2_PLACEMENT_3D('',#209,#210,#211);
#209 = CARTESIAN_POINT('',(0.,-5.7,22.5));
#210 = DIRECTION('',(0.,-1.,0.));
#211 = DIRECTION('',(1.,0.,0.));
#212 = FACE_BOUND('',#213,.F.);
#213 = EDGE_LOOP('',(#214));
#214 = ORIENTED_EDGE('',*,*,#215,.T.);
#215 = EDGE_CURVE('',#216,#216,#218,.T.);
#216 = VERTEX_POINT('',#217);
#217 = CARTESIAN_POINT('',(14.,-5.7,7.5));
#218 = CIRCLE('',#219,1.5);
#219 = AXIS2_PLACEMENT_3D('',#220,#221,#222);
#220 = CARTESIAN_POINT('',(12.5,-5.7,7.5));
#221 = DIRECTION('',(0.,-1.,0.));
#222 = DIRECTION('',(1.,0.,0.));
#223 = FACE_BOUND('',#224,.F.);
#224 = EDGE_LOOP('',(#225,#235,#243,#251,#259,#267,#286,#297,#306,#317)
  );
#225 = ORIENTED_EDGE('',*,*,#226,.T.);
#226 = EDGE_CURVE('',#227,#229,#231,.T.);
#227 = VERTEX_POINT('',#228);
#228 = CARTESIAN_POINT('',(14.95967477525,-5.7,21.1));
#229 = VERTEX_POINT('',#230);
#230 = CARTESIAN_POINT('',(15.55,-5.7,21.1));
#231 = LINE('',#232,#233);
#232 = CARTESIAN_POINT('',(10.45,-5.7,21.1));
#233 = VECTOR('',#234,1.);
#234 = DIRECTION('',(1.,0.,0.));
#235 = ORIENTED_EDGE('',*,*,#236,.T.);
#236 = EDGE_CURVE('',#229,#237,#239,.T.);
#237 = VERTEX_POINT('',#238);
#238 = CARTESIAN_POINT('',(15.55,-5.7,24.9));
#239 = LINE('',#240,#241);
#240 = CARTESIAN_POINT('',(15.55,-5.7,22.1));
#241 = VECTOR('',#242,1.);
#242 = DIRECTION('',(0.,2.2E-16,1.));
#243 = ORIENTED_EDGE('',*,*,#244,.T.);
#244 = EDGE_CURVE('',#237,#245,#247,.T.);
#245 = VERTEX_POINT('',#246);
#246 = CARTESIAN_POINT('',(9.45,-5.7,24.9));
#247 = LINE('',#248,#249);
#248 = CARTESIAN_POINT('',(14.55,-5.7,24.9));
#249 = VECTOR('',#250,1.);
#250 = DIRECTION('',(-1.,0.,0.));
#251 = ORIENTED_EDGE('',*,*,#252,.T.);
#252 = EDGE_CURVE('',#245,#253,#255,.T.);
#253 = VERTEX_POINT('',#254);
#254 = CARTESIAN_POINT('',(9.45,-5.7,21.1));
#255 = LINE('',#256,#257);
#256 = CARTESIAN_POINT('',(9.45,-5.7,23.9));
#257 = VECTOR('',#258,1.);
#258 = DIRECTION('',(0.,-2.2E-16,-1.));
#259 = ORIENTED_EDGE('',*,*,#260,.T.);
#260 = EDGE_CURVE('',#253,#261,#263,.T.);
#261 = VERTEX_POINT('',#262);
#262 = CARTESIAN_POINT('',(10.04032522475,-5.7,21.1));
#263 = LINE('',#264,#265);
#264 = CARTESIAN_POINT('',(10.45,-5.7,21.1));
#265 = VECTOR('',#266,1.);
#266 = DIRECTION('',(1.,0.,0.));
#267 = ORIENTED_EDGE('',*,*,#268,.T.);
#268 = EDGE_CURVE('',#261,#269,#271,.T.);
#269 = VERTEX_POINT('',#270);
#270 = CARTESIAN_POINT('',(10.177451792507,-5.7,20.946687836487));
#271 = B_SPLINE_CURVE_WITH_KNOTS('',7,(#272,#273,#274,#275,#276,#277,
    #278,#279,#280,#281,#282,#283,#284,#285),.UNSPECIFIED.,.F.,.F.,(8,6,
    8),(-1.263783705278,-1.234227047737,-0.688737339364),.UNSPECIFIED.);
#272 = CARTESIAN_POINT('',(9.788307606207,-5.7,21.381764263295));
#273 = CARTESIAN_POINT('',(9.792773938075,-5.7,21.376770752461));
#274 = CARTESIAN_POINT('',(9.796965034593,-5.7,21.372084964105));
#275 = CARTESIAN_POINT('',(9.80088089576,-5.7,21.367706898224));
#276 = CARTESIAN_POINT('',(9.804521521577,-5.7,21.363636554821));
#277 = CARTESIAN_POINT('',(9.807886912043,-5.7,21.359873933894));
#278 = CARTESIAN_POINT('',(9.81097706716,-5.7,21.356419035443));
#279 = CARTESIAN_POINT('',(9.865743387723,-5.7,21.295188427615));
#280 = CARTESIAN_POINT('',(9.91769478852,-5.7,21.23710499576));
#281 = CARTESIAN_POINT('',(9.969646189318,-5.7,21.179021563906));
#282 = CARTESIAN_POINT('',(10.021597590115,-5.7,21.120938132051));
#283 = CARTESIAN_POINT('',(10.073548990912,-5.7,21.062854700197));
#284 = CARTESIAN_POINT('',(10.12550039171,-5.7,21.004771268342));
#285 = CARTESIAN_POINT('',(10.177451792507,-5.7,20.946687836487));
#286 = ORIENTED_EDGE('',*,*,#287,.T.);
#287 = EDGE_CURVE('',#269,#288,#290,.T.);
#288 = VERTEX_POINT('',#289);
#289 = CARTESIAN_POINT('',(10.63661001875,-5.7,20.433333333333));
#290 = B_SPLINE_CURVE_WITH_KNOTS('',5,(#291,#292,#293,#294,#295,#296),
  .UNSPECIFIED.,.F.,.F.,(6,6),(-0.688737339364,0.),
  .PIECEWISE_BEZIER_KNOTS.);
#291 = CARTESIAN_POINT('',(10.177451792507,-5.7,20.946687836487));
#292 = CARTESIAN_POINT('',(10.269283437756,-5.7,20.844016935856));
#293 = CARTESIAN_POINT('',(10.361115083004,-5.7,20.741346035226));
#294 = CARTESIAN_POINT('',(10.452946728253,-5.7,20.638675134595));
#295 = CARTESIAN_POINT('',(10.544778373502,-5.7,20.536004233964));
#296 = CARTESIAN_POINT('',(10.63661001875,-5.7,20.433333333333));
#297 = ORIENTED_EDGE('',*,*,#298,.T.);
#298 = EDGE_CURVE('',#288,#299,#301,.T.);
#299 = VERTEX_POINT('',#300);
#300 = CARTESIAN_POINT('',(14.36338998125,-5.7,20.433333333333));
#301 = CIRCLE('',#302,2.5);
#302 = AXIS2_PLACEMENT_3D('',#303,#304,#305);
#303 = CARTESIAN_POINT('',(12.5,-5.7,22.1));
#304 = DIRECTION('',(0.,-1.,-0.));
#305 = DIRECTION('',(-0.7453559925,0.,-0.666666666667));
#306 = ORIENTED_EDGE('',*,*,#307,.T.);
#307 = EDGE_CURVE('',#299,#308,#310,.T.);
#308 = VERTEX_POINT('',#309);
#309 = CARTESIAN_POINT('',(14.822548207493,-5.7,20.946687836487));
#310 = B_SPLINE_CURVE_WITH_KNOTS('',5,(#311,#312,#313,#314,#315,#316),
  .UNSPECIFIED.,.F.,.F.,(6,6),(2.523206011704,3.211943351068),
  .PIECEWISE_BEZIER_KNOTS.);
#311 = CARTESIAN_POINT('',(14.36338998125,-5.7,20.433333333333));
#312 = CARTESIAN_POINT('',(14.455221626498,-5.7,20.536004233964));
#313 = CARTESIAN_POINT('',(14.547053271747,-5.7,20.638675134595));
#314 = CARTESIAN_POINT('',(14.638884916996,-5.7,20.741346035226));
#315 = CARTESIAN_POINT('',(14.730716562244,-5.7,20.844016935856));
#316 = CARTESIAN_POINT('',(14.822548207493,-5.7,20.946687836487));
#317 = ORIENTED_EDGE('',*,*,#318,.T.);
#318 = EDGE_CURVE('',#308,#227,#319,.T.);
#319 = B_SPLINE_CURVE_WITH_KNOTS('',7,(#320,#321,#322,#323,#324,#325,
    #326,#327,#328,#329,#330,#331,#332,#333),.UNSPECIFIED.,.F.,.F.,(8,6,
    8),(3.211943351068,3.757433059441,3.786989716981),.UNSPECIFIED.);
#320 = CARTESIAN_POINT('',(14.822548207493,-5.7,20.946687836487));
#321 = CARTESIAN_POINT('',(14.87449960829,-5.7,21.004771268342));
#322 = CARTESIAN_POINT('',(14.926451009087,-5.7,21.062854700196));
#323 = CARTESIAN_POINT('',(14.978402409885,-5.7,21.120938132051));
#324 = CARTESIAN_POINT('',(15.030353810682,-5.7,21.179021563905));
#325 = CARTESIAN_POINT('',(15.08230521148,-5.7,21.237104995761));
#326 = CARTESIAN_POINT('',(15.134256612277,-5.7,21.295188427615));
#327 = CARTESIAN_POINT('',(15.18902293284,-5.7,21.356419035443));
#328 = CARTESIAN_POINT('',(15.192113087956,-5.7,21.359873933894));
#329 = CARTESIAN_POINT('',(15.195478478423,-5.7,21.363636554821));
#330 = CARTESIAN_POINT('',(15.19911910424,-5.7,21.367706898224));
#331 = CARTESIAN_POINT('',(15.203034965407,-5.7,21.372084964105));
#332 = CARTESIAN_POINT('',(15.207226061925,-5.7,21.376770752461));
#333 = CARTESIAN_POINT('',(15.211692393793,-5.7,21.381764263295));
#334 = PLANE('',#335);
#335 = AXIS2_PLACEMENT_3D('',#336,#337,#338);
#336 = CARTESIAN_POINT('',(0.,-5.7,2.E-15));
#337 = DIRECTION('',(0.,1.,0.));
#338 = DIRECTION('',(0.,0.,1.));
#339 = ADVANCED_FACE('',(#340),#427,.T.);
#340 = FACE_BOUND('',#341,.T.);
#341 = EDGE_LOOP('',(#342,#353,#412,#413,#421));
#342 = ORIENTED_EDGE('',*,*,#343,.T.);
#343 = EDGE_CURVE('',#344,#346,#348,.T.);
#344 = VERTEX_POINT('',#345);
#345 = CARTESIAN_POINT('',(-10.56350832689,-4.7,22.1));
#346 = VERTEX_POINT('',#347);
#347 = CARTESIAN_POINT('',(-10.64176926074,-4.706162637565,
    22.093837246705));
#348 = ELLIPSE('',#349,0.707106781187,0.5);
#349 = AXIS2_PLACEMENT_3D('',#350,#351,#352);
#350 = CARTESIAN_POINT('',(-10.56350832689,-5.2,21.6));
#351 = DIRECTION('',(0.,-0.707106781187,0.707106781187));
#352 = DIRECTION('',(0.,-0.707106781187,-0.707106781187));
#353 = ORIENTED_EDGE('',*,*,#354,.F.);
#354 = EDGE_CURVE('',#22,#346,#355,.T.);
#355 = B_SPLINE_CURVE_WITH_KNOTS('',7,(#356,#357,#358,#359,#360,#361,
    #362,#363,#364,#365,#366,#367,#368,#369,#370,#371,#372,#373,#374,
    #375,#376,#377,#378,#379,#380,#381,#382,#383,#384,#385,#386,#387,
    #388,#389,#390,#391,#392,#393,#394,#395,#396,#397,#398,#399,#400,
    #401,#402,#403,#404,#405,#406,#407,#408,#409,#410,#411),
  .UNSPECIFIED.,.F.,.F.,(8,6,6,6,6,6,6,6,6,8),(0.,0.122090666093,
    0.222998859913,0.43045596062,0.66353912806,0.819992368053,
    0.911426934037,0.950032735049,0.971235356623,1.),.UNSPECIFIED.);
#356 = CARTESIAN_POINT('',(-10.04032522475,-5.7,21.1));
#357 = CARTESIAN_POINT('',(-10.05387233566,-5.682814499438,
    21.117185500562));
#358 = CARTESIAN_POINT('',(-10.06742995327,-5.665631937239,
    21.134368062761));
#359 = CARTESIAN_POINT('',(-10.08099459267,-5.648451340287,
    21.151548659713));
#360 = CARTESIAN_POINT('',(-10.09456277806,-5.631271736574,
    21.168728263426));
#361 = CARTESIAN_POINT('',(-10.10813104276,-5.614092155195,
    21.185907844805));
#362 = CARTESIAN_POINT('',(-10.12169592921,-5.596911626352,
    21.203088373648));
#363 = CARTESIAN_POINT('',(-10.14645975406,-5.565527854211,
    21.234472145789));
#364 = CARTESIAN_POINT('',(-10.15766082416,-5.551325213251,
    21.248674786749));
#365 = CARTESIAN_POINT('',(-10.16885524356,-5.537120709513,
    21.262879290487));
#366 = CARTESIAN_POINT('',(-10.18004098996,-5.522913780843,
    21.277086219157));
#367 = CARTESIAN_POINT('',(-10.19121597452,-5.508703851886,
    21.291296148114));
#368 = CARTESIAN_POINT('',(-10.20237804185,-5.49449033409,21.30550966591
    ));
#369 = CARTESIAN_POINT('',(-10.23644193349,-5.451042446784,
    21.348957553216));
#370 = CARTESIAN_POINT('',(-10.25929482594,-5.421794706974,
    21.378205293026));
#371 = CARTESIAN_POINT('',(-10.28206395746,-5.392523844017,
    21.407476155983));
#372 = CARTESIAN_POINT('',(-10.30472820104,-5.363224285675,
    21.436775714325));
#373 = CARTESIAN_POINT('',(-10.32726321646,-5.333889983307,
    21.466110016693));
#374 = CARTESIAN_POINT('',(-10.34963967423,-5.304513945452,
    21.495486054548));
#375 = CARTESIAN_POINT('',(-10.39674328475,-5.242026739372,
    21.557973260628));
#376 = CARTESIAN_POINT('',(-10.42141678632,-5.208905198839,
    21.591094801161));
#377 = CARTESIAN_POINT('',(-10.44579436939,-5.175708112457,
    21.624291887543));
#378 = CARTESIAN_POINT('',(-10.469808228,-5.142420516958,21.657579483042
    ));
#379 = CARTESIAN_POINT('',(-10.49337521443,-5.109028360215,
    21.690971639785));
#380 = CARTESIAN_POINT('',(-10.51637636548,-5.075513932117,
    21.724486067883));
#381 = CARTESIAN_POINT('',(-10.55353580887,-5.019246769645,
    21.780753230355));
#382 = CARTESIAN_POINT('',(-10.56810902603,-4.996587723227,
    21.803412276773));
#383 = CARTESIAN_POINT('',(-10.58227468177,-4.973849994444,
    21.826150005556));
#384 = CARTESIAN_POINT('',(-10.5959556159,-4.951022721201,
    21.848977278799));
#385 = CARTESIAN_POINT('',(-10.60902590621,-4.928099882913,
    21.871900117087));
#386 = CARTESIAN_POINT('',(-10.62132866613,-4.905081928018,
    21.894918071982));
#387 = CARTESIAN_POINT('',(-10.6390857271,-4.868442657489,
    21.931557342511));
#388 = CARTESIAN_POINT('',(-10.64525292752,-4.854909197407,
    21.945090802593));
#389 = CARTESIAN_POINT('',(-10.65098008356,-4.841338262551,
    21.958661737449));
#390 = CARTESIAN_POINT('',(-10.65618259665,-4.827729524955,
    21.972270475045));
#391 = CARTESIAN_POINT('',(-10.66071897203,-4.814102246819,
    21.985897753181));
#392 = CARTESIAN_POINT('',(-10.66441454213,-4.800493889464,
    21.999506110536));
#393 = CARTESIAN_POINT('',(-10.66796709596,-4.781247608525,
    22.018752391475));
#394 = CARTESIAN_POINT('',(-10.66880740078,-4.775552203038,
    22.024447796962));
#395 = CARTESIAN_POINT('',(-10.66940675941,-4.769878632991,
    22.030121367009));
#396 = CARTESIAN_POINT('',(-10.6697321246,-4.76423640095,22.03576359905)
  );
#397 = CARTESIAN_POINT('',(-10.66974233741,-4.758641332229,
    22.041358667771));
#398 = CARTESIAN_POINT('',(-10.66938647792,-4.753115886429,
    22.046884113571));
#399 = CARTESIAN_POINT('',(-10.66817149311,-4.744709236127,
    22.055290763873));
#400 = CARTESIAN_POINT('',(-10.66761162471,-4.741759823331,
    22.058240176669));
#401 = CARTESIAN_POINT('',(-10.66691249026,-4.738846396241,
    22.061153603759));
#402 = CARTESIAN_POINT('',(-10.66606290436,-4.735975932993,
    22.064024067007));
#403 = CARTESIAN_POINT('',(-10.66505120568,-4.73315702971,22.06684297029
    ));
#404 = CARTESIAN_POINT('',(-10.66386584581,-4.730399706009,
    22.069600293991));
#405 = CARTESIAN_POINT('',(-10.66063754017,-4.724073276166,
    22.075926723834));
#406 = CARTESIAN_POINT('',(-10.65843802683,-4.720562823391,
    22.079437176609));
#407 = CARTESIAN_POINT('',(-10.65587290813,-4.71721664158,22.08278335842
    ));
#408 = CARTESIAN_POINT('',(-10.65292186865,-4.714071131564,
    22.085928868436));
#409 = CARTESIAN_POINT('',(-10.64957617147,-4.711161816594,
    22.088838183406));
#410 = CARTESIAN_POINT('',(-10.64584602209,-4.708518853321,
    22.091481146679));
#411 = CARTESIAN_POINT('',(-10.64176793242,-4.70616254279,22.09383745721
    ));
#412 = ORIENTED_EDGE('',*,*,#21,.T.);
#413 = ORIENTED_EDGE('',*,*,#414,.T.);
#414 = EDGE_CURVE('',#24,#415,#417,.T.);
#415 = VERTEX_POINT('',#416);
#416 = CARTESIAN_POINT('',(-10.45,-4.7,22.1));
#417 = LINE('',#418,#419);
#418 = CARTESIAN_POINT('',(-10.8,-4.35,22.45));
#419 = VECTOR('',#420,1.);
#420 = DIRECTION('',(-0.57735026919,0.57735026919,0.57735026919));
#421 = ORIENTED_EDGE('',*,*,#422,.F.);
#422 = EDGE_CURVE('',#344,#415,#423,.T.);
#423 = LINE('',#424,#425);
#424 = CARTESIAN_POINT('',(-14.55,-4.7,22.1));
#425 = VECTOR('',#426,1.);
#426 = DIRECTION('',(1.,0.,0.));
#427 = PLANE('',#428);
#428 = AXIS2_PLACEMENT_3D('',#429,#430,#431);
#429 = CARTESIAN_POINT('',(-14.55,-5.2,21.6));
#430 = DIRECTION('',(0.,-0.707106781187,0.707106781187));
#431 = DIRECTION('',(1.,0.,0.));
#432 = ADVANCED_FACE('',(#433),#461,.F.);
#433 = FACE_BOUND('',#434,.F.);
#434 = EDGE_LOOP('',(#435,#442,#459,#460));
#435 = ORIENTED_EDGE('',*,*,#436,.T.);
#436 = EDGE_CURVE('',#103,#437,#439,.T.);
#437 = VERTEX_POINT('',#438);
#438 = CARTESIAN_POINT('',(-11.04763124517,-4.714122529507,21.725));
#439 = B_SPLINE_CURVE_WITH_KNOTS('',1,(#440,#441),.UNSPECIFIED.,.F.,.F.,
  (2,2),(0.,0.688737339364),.PIECEWISE_BEZIER_KNOTS.);
#440 = CARTESIAN_POINT('',(-10.1774517925,-5.7,20.946687836487));
#441 = CARTESIAN_POINT('',(-11.04763124517,-4.714122529507,21.725));
#442 = ORIENTED_EDGE('',*,*,#443,.T.);
#443 = EDGE_CURVE('',#437,#346,#444,.T.);
#444 = B_SPLINE_CURVE_WITH_KNOTS('',7,(#445,#446,#447,#448,#449,#450,
    #451,#452,#453,#454,#455,#456,#457,#458),.UNSPECIFIED.,.F.,.F.,(8,6,
    8),(3.211943351068,3.757433059441,3.786989716982),.UNSPECIFIED.);
#445 = CARTESIAN_POINT('',(-11.04763124517,-4.714122529507,21.725));
#446 = CARTESIAN_POINT('',(-11.02570106388,-4.720964388356,
    21.809935226894));
#447 = CARTESIAN_POINT('',(-10.9888281261,-4.726303580248,
    21.881505246067));
#448 = CARTESIAN_POINT('',(-10.94185199915,-4.728265658553,
    21.944038698131));
#449 = CARTESIAN_POINT('',(-10.88593810656,-4.726311798869,
    21.998577969582));
#450 = CARTESIAN_POINT('',(-10.81790617475,-4.721652628467,
    22.042278537253));
#451 = CARTESIAN_POINT('',(-10.74106638721,-4.713247474987,
    22.07810111927));
#452 = CARTESIAN_POINT('',(-10.63638897379,-4.705778754771,
    22.09468988851));
#453 = CARTESIAN_POINT('',(-10.63100868683,-4.705394871977,
    22.095542530315));
#454 = CARTESIAN_POINT('',(-10.62562839988,-4.705010989183,
    22.09639517212));
#455 = CARTESIAN_POINT('',(-10.62024811292,-4.704627106389,
    22.097247813925));
#456 = CARTESIAN_POINT('',(-10.61486782597,-4.704243223595,
    22.09810045573));
#457 = CARTESIAN_POINT('',(-10.60948753901,-4.703859340801,
    22.098953097535));
#458 = CARTESIAN_POINT('',(-10.60410725206,-4.703475458007,
    22.09980573934));
#459 = ORIENTED_EDGE('',*,*,#354,.F.);
#460 = ORIENTED_EDGE('',*,*,#113,.F.);
#461 = B_SPLINE_SURFACE_WITH_KNOTS('',1,7,(
    (#462,#463,#464,#465,#466,#467,#468,#469,#470,#471,#472,#473,#474
      ,#475)
    ,(#476,#477,#478,#479,#480,#481,#482,#483,#484,#485,#486,#487,#488
      ,#489
    )),.UNSPECIFIED.,.F.,.F.,.F.,(2,2),(8,6,8),(0.,0.545489708373),(
    3.211943351068,3.757433059441,3.786989716982),.UNSPECIFIED.);
#462 = CARTESIAN_POINT('',(-10.1774517925,-5.7,20.946687836487));
#463 = CARTESIAN_POINT('',(-10.12550039171,-5.7,21.004771268342));
#464 = CARTESIAN_POINT('',(-10.07354899091,-5.7,21.062854700197));
#465 = CARTESIAN_POINT('',(-10.02159759011,-5.7,21.120938132051));
#466 = CARTESIAN_POINT('',(-9.969646189318,-5.7,21.179021563906));
#467 = CARTESIAN_POINT('',(-9.91769478852,-5.7,21.23710499576));
#468 = CARTESIAN_POINT('',(-9.865743387723,-5.7,21.295188427615));
#469 = CARTESIAN_POINT('',(-9.81097706716,-5.7,21.356419035444));
#470 = CARTESIAN_POINT('',(-9.807886912043,-5.7,21.359873933894));
#471 = CARTESIAN_POINT('',(-9.804521521577,-5.7,21.363636554821));
#472 = CARTESIAN_POINT('',(-9.80088089576,-5.7,21.367706898224));
#473 = CARTESIAN_POINT('',(-9.796965034593,-5.7,21.372084964105));
#474 = CARTESIAN_POINT('',(-9.792773938075,-5.7,21.376770752462));
#475 = CARTESIAN_POINT('',(-9.788307606207,-5.7,21.381764263295));
#476 = CARTESIAN_POINT('',(-11.04763124517,-4.714122529507,21.725));
#477 = CARTESIAN_POINT('',(-11.02570106388,-4.720964388356,
    21.809935226894));
#478 = CARTESIAN_POINT('',(-10.9888281261,-4.726303580248,
    21.881505246067));
#479 = CARTESIAN_POINT('',(-10.94185199915,-4.728265658553,
    21.944038698131));
#480 = CARTESIAN_POINT('',(-10.88593810656,-4.726311798869,
    21.998577969582));
#481 = CARTESIAN_POINT('',(-10.81790617475,-4.721652628467,
    22.042278537253));
#482 = CARTESIAN_POINT('',(-10.74106638721,-4.713247474987,
    22.07810111927));
#483 = CARTESIAN_POINT('',(-10.63638897379,-4.705778754771,
    22.09468988851));
#484 = CARTESIAN_POINT('',(-10.63100868683,-4.705394871977,
    22.095542530315));
#485 = CARTESIAN_POINT('',(-10.62562839988,-4.705010989183,
    22.09639517212));
#486 = CARTESIAN_POINT('',(-10.62024811292,-4.704627106389,
    22.097247813925));
#487 = CARTESIAN_POINT('',(-10.61486782597,-4.704243223595,
    22.09810045573));
#488 = CARTESIAN_POINT('',(-10.60948753901,-4.703859340801,
    22.098953097535));
#489 = CARTESIAN_POINT('',(-10.60410725206,-4.703475458007,
    22.09980573934));
#490 = ADVANCED_FACE('',(#491),#509,.T.);
#491 = FACE_BOUND('',#492,.T.);
#492 = EDGE_LOOP('',(#493,#494,#495,#503));
#493 = ORIENTED_EDGE('',*,*,#414,.F.);
#494 = ORIENTED_EDGE('',*,*,#31,.T.);
#495 = ORIENTED_EDGE('',*,*,#496,.T.);
#496 = EDGE_CURVE('',#32,#497,#499,.T.);
#497 = VERTEX_POINT('',#498);
#498 = CARTESIAN_POINT('',(-10.45,-4.7,23.9));
#499 = LINE('',#500,#501);
#500 = CARTESIAN_POINT('',(-10.41666666666,-4.733333333333,
    23.933333333333));
#501 = VECTOR('',#502,1.);
#502 = DIRECTION('',(-0.57735026919,0.57735026919,-0.57735026919));
#503 = ORIENTED_EDGE('',*,*,#504,.F.);
#504 = EDGE_CURVE('',#415,#497,#505,.T.);
#505 = LINE('',#506,#507);
#506 = CARTESIAN_POINT('',(-10.45,-4.7,22.1));
#507 = VECTOR('',#508,1.);
#508 = DIRECTION('',(0.,2.2E-16,1.));
#509 = PLANE('',#510);
#510 = AXIS2_PLACEMENT_3D('',#511,#512,#513);
#511 = CARTESIAN_POINT('',(-9.95,-5.2,22.1));
#512 = DIRECTION('',(-0.707106781187,-0.707106781187,0.));
#513 = DIRECTION('',(-1.1E-16,1.1E-16,1.));
#514 = ADVANCED_FACE('',(#515),#536,.F.);
#515 = FACE_BOUND('',#516,.F.);
#516 = EDGE_LOOP('',(#517,#525,#534,#535));
#517 = ORIENTED_EDGE('',*,*,#518,.T.);
#518 = EDGE_CURVE('',#94,#519,#521,.T.);
#519 = VERTEX_POINT('',#520);
#520 = CARTESIAN_POINT('',(-11.38196601125,-4.7,21.1));
#521 = LINE('',#522,#523);
#522 = CARTESIAN_POINT('',(-11.38196601125,-4.7,21.1));
#523 = VECTOR('',#524,1.);
#524 = DIRECTION('',(-0.527046276695,0.707106781187,0.471404520791));
#525 = ORIENTED_EDGE('',*,*,#526,.T.);
#526 = EDGE_CURVE('',#519,#437,#527,.T.);
#527 = B_SPLINE_CURVE_WITH_KNOTS('',5,(#528,#529,#530,#531,#532,#533),
  .UNSPECIFIED.,.F.,.F.,(6,6),(2.523206011704,3.211943351068),
  .PIECEWISE_BEZIER_KNOTS.);
#528 = CARTESIAN_POINT('',(-11.38196601125,-4.7,21.1));
#529 = CARTESIAN_POINT('',(-11.290134366,-4.7,21.202670900631));
#530 = CARTESIAN_POINT('',(-11.21005593898,-4.699915711888,
    21.31585419923));
#531 = CARTESIAN_POINT('',(-11.14192530804,-4.70024731612,
    21.439723931508));
#532 = CARTESIAN_POINT('',(-11.08639602527,-4.70202855042,
    21.574864652242));
#533 = CARTESIAN_POINT('',(-11.04763124517,-4.714122529507,21.725));
#534 = ORIENTED_EDGE('',*,*,#436,.F.);
#535 = ORIENTED_EDGE('',*,*,#102,.F.);
#536 = B_SPLINE_SURFACE_WITH_KNOTS('',1,5,(
    (#537,#538,#539,#540,#541,#542)
    ,(#543,#544,#545,#546,#547,#548
    )),.UNSPECIFIED.,.F.,.F.,.F.,(2,2),(6,6),(0.,0.688737339364),(
    2.523206011704,3.211943351068),.PIECEWISE_BEZIER_KNOTS.);
#537 = CARTESIAN_POINT('',(-10.63661001875,-5.7,20.433333333333));
#538 = CARTESIAN_POINT('',(-10.5447783735,-5.7,20.536004233964));
#539 = CARTESIAN_POINT('',(-10.45294672825,-5.7,20.638675134595));
#540 = CARTESIAN_POINT('',(-10.361115083,-5.7,20.741346035226));
#541 = CARTESIAN_POINT('',(-10.26928343775,-5.7,20.844016935856));
#542 = CARTESIAN_POINT('',(-10.1774517925,-5.7,20.946687836487));
#543 = CARTESIAN_POINT('',(-11.38196601125,-4.7,21.1));
#544 = CARTESIAN_POINT('',(-11.290134366,-4.7,21.202670900631));
#545 = CARTESIAN_POINT('',(-11.21005593898,-4.699915711888,
    21.31585419923));
#546 = CARTESIAN_POINT('',(-11.14192530804,-4.70024731612,
    21.439723931508));
#547 = CARTESIAN_POINT('',(-11.08639602527,-4.70202855042,
    21.574864652242));
#548 = CARTESIAN_POINT('',(-11.04763124517,-4.714122529507,21.725));
#549 = ADVANCED_FACE('',(#550),#568,.T.);
#550 = FACE_BOUND('',#551,.T.);
#551 = EDGE_LOOP('',(#552,#553,#554,#562));
#552 = ORIENTED_EDGE('',*,*,#496,.F.);
#553 = ORIENTED_EDGE('',*,*,#39,.T.);
#554 = ORIENTED_EDGE('',*,*,#555,.T.);
#555 = EDGE_CURVE('',#40,#556,#558,.T.);
#556 = VERTEX_POINT('',#557);
#557 = CARTESIAN_POINT('',(-14.55,-4.7,23.9));
#558 = LINE('',#559,#560);
#559 = CARTESIAN_POINT('',(-14.2,-4.35,23.55));
#560 = VECTOR('',#561,1.);
#561 = DIRECTION('',(0.57735026919,0.57735026919,-0.57735026919));
#562 = ORIENTED_EDGE('',*,*,#563,.F.);
#563 = EDGE_CURVE('',#497,#556,#564,.T.);
#564 = LINE('',#565,#566);
#565 = CARTESIAN_POINT('',(-10.45,-4.7,23.9));
#566 = VECTOR('',#567,1.);
#567 = DIRECTION('',(-1.,0.,0.));
#568 = PLANE('',#569);
#569 = AXIS2_PLACEMENT_3D('',#570,#571,#572);
#570 = CARTESIAN_POINT('',(-10.45,-5.2,24.4));
#571 = DIRECTION('',(0.,-0.707106781187,-0.707106781187));
#572 = DIRECTION('',(-1.,0.,0.));
#573 = ADVANCED_FACE('',(#574),#592,.F.);
#574 = FACE_BOUND('',#575,.T.);
#575 = EDGE_LOOP('',(#576,#583,#584,#585));
#576 = ORIENTED_EDGE('',*,*,#577,.F.);
#577 = EDGE_CURVE('',#83,#578,#580,.T.);
#578 = VERTEX_POINT('',#579);
#579 = CARTESIAN_POINT('',(-13.61803398875,-4.7,21.1));
#580 = B_SPLINE_CURVE_WITH_KNOTS('',1,(#581,#582),.UNSPECIFIED.,.F.,.F.,
  (2,2),(0.,0.688737339364),.PIECEWISE_BEZIER_KNOTS.);
#581 = CARTESIAN_POINT('',(-14.36338998125,-5.7,20.433333333333));
#582 = CARTESIAN_POINT('',(-13.61803398875,-4.7,21.1));
#583 = ORIENTED_EDGE('',*,*,#93,.T.);
#584 = ORIENTED_EDGE('',*,*,#518,.T.);
#585 = ORIENTED_EDGE('',*,*,#586,.F.);
#586 = EDGE_CURVE('',#578,#519,#587,.T.);
#587 = CIRCLE('',#588,1.5);
#588 = AXIS2_PLACEMENT_3D('',#589,#590,#591);
#589 = CARTESIAN_POINT('',(-12.5,-4.7,22.1));
#590 = DIRECTION('',(0.,-1.,-0.));
#591 = DIRECTION('',(-0.7453559925,0.,-0.666666666667));
#592 = CONICAL_SURFACE('',#593,1.5,0.785398163397);
#593 = AXIS2_PLACEMENT_3D('',#594,#595,#596);
#594 = CARTESIAN_POINT('',(-12.5,-4.7,22.1));
#595 = DIRECTION('',(-0.,-1.,-0.));
#596 = DIRECTION('',(-0.7453559925,0.,-0.666666666667));
#597 = ADVANCED_FACE('',(#598),#616,.T.);
#598 = FACE_BOUND('',#599,.T.);
#599 = EDGE_LOOP('',(#600,#601,#602,#610));
#600 = ORIENTED_EDGE('',*,*,#555,.F.);
#601 = ORIENTED_EDGE('',*,*,#47,.T.);
#602 = ORIENTED_EDGE('',*,*,#603,.T.);
#603 = EDGE_CURVE('',#48,#604,#606,.T.);
#604 = VERTEX_POINT('',#605);
#605 = CARTESIAN_POINT('',(-14.55,-4.7,22.1));
#606 = LINE('',#607,#608);
#607 = CARTESIAN_POINT('',(-14.58333333333,-4.733333333333,
    22.066666666667));
#608 = VECTOR('',#609,1.);
#609 = DIRECTION('',(0.57735026919,0.57735026919,0.57735026919));
#610 = ORIENTED_EDGE('',*,*,#611,.F.);
#611 = EDGE_CURVE('',#556,#604,#612,.T.);
#612 = LINE('',#613,#614);
#613 = CARTESIAN_POINT('',(-14.55,-4.7,23.9));
#614 = VECTOR('',#615,1.);
#615 = DIRECTION('',(0.,-2.2E-16,-1.));
#616 = PLANE('',#617);
#617 = AXIS2_PLACEMENT_3D('',#618,#619,#620);
#618 = CARTESIAN_POINT('',(-15.05,-5.2,23.9));
#619 = DIRECTION('',(0.707106781187,-0.707106781187,0.));
#620 = DIRECTION('',(-1.1E-16,-1.1E-16,-1.));
#621 = ADVANCED_FACE('',(#622),#642,.F.);
#622 = FACE_BOUND('',#623,.F.);
#623 = EDGE_LOOP('',(#624,#631,#640,#641));
#624 = ORIENTED_EDGE('',*,*,#625,.T.);
#625 = EDGE_CURVE('',#64,#626,#628,.T.);
#626 = VERTEX_POINT('',#627);
#627 = CARTESIAN_POINT('',(-13.95236875482,-4.714122529507,21.725));
#628 = B_SPLINE_CURVE_WITH_KNOTS('',1,(#629,#630),.UNSPECIFIED.,.F.,.F.,
  (2,2),(0.,0.545489708373),.PIECEWISE_BEZIER_KNOTS.);
#629 = CARTESIAN_POINT('',(-14.82254820749,-5.7,20.946687836487));
#630 = CARTESIAN_POINT('',(-13.95236875482,-4.714122529507,21.725));
#631 = ORIENTED_EDGE('',*,*,#632,.T.);
#632 = EDGE_CURVE('',#626,#578,#633,.T.);
#633 = B_SPLINE_CURVE_WITH_KNOTS('',5,(#634,#635,#636,#637,#638,#639),
  .UNSPECIFIED.,.F.,.F.,(6,6),(-0.688737339364,0.),
  .PIECEWISE_BEZIER_KNOTS.);
#634 = CARTESIAN_POINT('',(-13.95236875482,-4.714122529507,21.725));
#635 = CARTESIAN_POINT('',(-13.91360397472,-4.70202855042,
    21.574864652242));
#636 = CARTESIAN_POINT('',(-13.85807469196,-4.70024731612,
    21.439723931508));
#637 = CARTESIAN_POINT('',(-13.78994406101,-4.699915711888,
    21.31585419923));
#638 = CARTESIAN_POINT('',(-13.70986563399,-4.7,21.202670900631));
#639 = CARTESIAN_POINT('',(-13.61803398875,-4.7,21.1));
#640 = ORIENTED_EDGE('',*,*,#577,.F.);
#641 = ORIENTED_EDGE('',*,*,#82,.F.);
#642 = B_SPLINE_SURFACE_WITH_KNOTS('',1,5,(
    (#643,#644,#645,#646,#647,#648)
    ,(#649,#650,#651,#652,#653,#654
    )),.UNSPECIFIED.,.F.,.F.,.F.,(2,2),(6,6),(0.,0.688737339364),(
    -0.688737339364,0.),.PIECEWISE_BEZIER_KNOTS.);
#643 = CARTESIAN_POINT('',(-14.82254820749,-5.7,20.946687836487));
#644 = CARTESIAN_POINT('',(-14.73071656224,-5.7,20.844016935856));
#645 = CARTESIAN_POINT('',(-14.63888491699,-5.7,20.741346035226));
#646 = CARTESIAN_POINT('',(-14.54705327174,-5.7,20.638675134595));
#647 = CARTESIAN_POINT('',(-14.45522162649,-5.7,20.536004233964));
#648 = CARTESIAN_POINT('',(-14.36338998125,-5.7,20.433333333333));
#649 = CARTESIAN_POINT('',(-13.95236875482,-4.714122529507,21.725));
#650 = CARTESIAN_POINT('',(-13.91360397472,-4.70202855042,
    21.574864652242));
#651 = CARTESIAN_POINT('',(-13.85807469196,-4.70024731612,
    21.439723931508));
#652 = CARTESIAN_POINT('',(-13.78994406101,-4.699915711888,
    21.31585419923));
#653 = CARTESIAN_POINT('',(-13.70986563399,-4.7,21.202670900631));
#654 = CARTESIAN_POINT('',(-13.61803398875,-4.7,21.1));
#655 = ADVANCED_FACE('',(#656),#736,.T.);
#656 = FACE_BOUND('',#657,.T.);
#657 = EDGE_LOOP('',(#658,#669,#675,#676,#677));
#658 = ORIENTED_EDGE('',*,*,#659,.T.);
#659 = EDGE_CURVE('',#660,#662,#664,.T.);
#660 = VERTEX_POINT('',#661);
#661 = CARTESIAN_POINT('',(-14.35823073925,-4.706162637565,
    22.093837246705));
#662 = VERTEX_POINT('',#663);
#663 = CARTESIAN_POINT('',(-14.4364916731,-4.7,22.1));
#664 = ELLIPSE('',#665,0.707106781187,0.5);
#665 = AXIS2_PLACEMENT_3D('',#666,#667,#668);
#666 = CARTESIAN_POINT('',(-14.4364916731,-5.2,21.6));
#667 = DIRECTION('',(0.,-0.707106781187,0.707106781187));
#668 = DIRECTION('',(0.,-0.707106781187,-0.707106781187));
#669 = ORIENTED_EDGE('',*,*,#670,.F.);
#670 = EDGE_CURVE('',#604,#662,#671,.T.);
#671 = LINE('',#672,#673);
#672 = CARTESIAN_POINT('',(-14.55,-4.7,22.1));
#673 = VECTOR('',#674,1.);
#674 = DIRECTION('',(1.,0.,0.));
#675 = ORIENTED_EDGE('',*,*,#603,.F.);
#676 = ORIENTED_EDGE('',*,*,#55,.T.);
#677 = ORIENTED_EDGE('',*,*,#678,.T.);
#678 = EDGE_CURVE('',#56,#660,#679,.T.);
#679 = B_SPLINE_CURVE_WITH_KNOTS('',7,(#680,#681,#682,#683,#684,#685,
    #686,#687,#688,#689,#690,#691,#692,#693,#694,#695,#696,#697,#698,
    #699,#700,#701,#702,#703,#704,#705,#706,#707,#708,#709,#710,#711,
    #712,#713,#714,#715,#716,#717,#718,#719,#720,#721,#722,#723,#724,
    #725,#726,#727,#728,#729,#730,#731,#732,#733,#734,#735),
  .UNSPECIFIED.,.F.,.F.,(8,6,6,6,6,6,6,6,6,8),(0.,0.122090666093,
    0.222998859913,0.43045596062,0.66353912806,0.819992368053,
    0.911426934037,0.950032735049,0.971235356623,1.),.UNSPECIFIED.);
#680 = CARTESIAN_POINT('',(-14.95967477525,-5.7,21.1));
#681 = CARTESIAN_POINT('',(-14.94612766433,-5.682814499438,
    21.117185500562));
#682 = CARTESIAN_POINT('',(-14.93257004672,-5.665631937239,
    21.134368062761));
#683 = CARTESIAN_POINT('',(-14.91900540732,-5.648451340288,
    21.151548659713));
#684 = CARTESIAN_POINT('',(-14.90543722193,-5.631271736574,
    21.168728263426));
#685 = CARTESIAN_POINT('',(-14.89186895724,-5.614092155195,
    21.185907844805));
#686 = CARTESIAN_POINT('',(-14.87830407078,-5.596911626352,
    21.203088373648));
#687 = CARTESIAN_POINT('',(-14.85354024593,-5.565527854211,
    21.234472145789));
#688 = CARTESIAN_POINT('',(-14.84233917583,-5.551325213251,
    21.248674786749));
#689 = CARTESIAN_POINT('',(-14.83114475643,-5.537120709514,
    21.262879290486));
#690 = CARTESIAN_POINT('',(-14.81995901003,-5.522913780844,
    21.277086219156));
#691 = CARTESIAN_POINT('',(-14.80878402547,-5.508703851886,
    21.291296148114));
#692 = CARTESIAN_POINT('',(-14.79762195814,-5.49449033409,21.30550966591
    ));
#693 = CARTESIAN_POINT('',(-14.7635580665,-5.451042446784,
    21.348957553216));
#694 = CARTESIAN_POINT('',(-14.74070517405,-5.421794706974,
    21.378205293026));
#695 = CARTESIAN_POINT('',(-14.71793604253,-5.392523844017,
    21.407476155983));
#696 = CARTESIAN_POINT('',(-14.69527179895,-5.363224285675,
    21.436775714325));
#697 = CARTESIAN_POINT('',(-14.67273678353,-5.333889983308,
    21.466110016692));
#698 = CARTESIAN_POINT('',(-14.65036032576,-5.304513945453,
    21.495486054547));
#699 = CARTESIAN_POINT('',(-14.60325671524,-5.242026739372,
    21.557973260628));
#700 = CARTESIAN_POINT('',(-14.57858321368,-5.208905198839,
    21.591094801161));
#701 = CARTESIAN_POINT('',(-14.5542056306,-5.175708112457,
    21.624291887543));
#702 = CARTESIAN_POINT('',(-14.53019177199,-5.142420516959,
    21.657579483041));
#703 = CARTESIAN_POINT('',(-14.50662478556,-5.109028360215,
    21.690971639785));
#704 = CARTESIAN_POINT('',(-14.48362363451,-5.075513932117,
    21.724486067883));
#705 = CARTESIAN_POINT('',(-14.44646419112,-5.019246769645,
    21.780753230355));
#706 = CARTESIAN_POINT('',(-14.43189097396,-4.996587723228,
    21.803412276772));
#707 = CARTESIAN_POINT('',(-14.41772531822,-4.973849994443,
    21.826150005557));
#708 = CARTESIAN_POINT('',(-14.40404438409,-4.951022721202,
    21.848977278798));
#709 = CARTESIAN_POINT('',(-14.39097409378,-4.928099882914,
    21.871900117086));
#710 = CARTESIAN_POINT('',(-14.37867133386,-4.905081928018,
    21.894918071982));
#711 = CARTESIAN_POINT('',(-14.36091427289,-4.868442657489,
    21.931557342511));
#712 = CARTESIAN_POINT('',(-14.35474707247,-4.854909197407,
    21.945090802593));
#713 = CARTESIAN_POINT('',(-14.34901991644,-4.841338262552,
    21.958661737448));
#714 = CARTESIAN_POINT('',(-14.34381740334,-4.827729524954,
    21.972270475046));
#715 = CARTESIAN_POINT('',(-14.33928102796,-4.81410224682,21.98589775318
    ));
#716 = CARTESIAN_POINT('',(-14.33558545786,-4.800493889464,
    21.999506110536));
#717 = CARTESIAN_POINT('',(-14.33203290403,-4.781247608525,
    22.018752391475));
#718 = CARTESIAN_POINT('',(-14.33119259921,-4.775552203038,
    22.024447796962));
#719 = CARTESIAN_POINT('',(-14.33059324058,-4.769878632992,
    22.030121367008));
#720 = CARTESIAN_POINT('',(-14.33026787539,-4.76423640095,22.03576359905
    ));
#721 = CARTESIAN_POINT('',(-14.33025766259,-4.758641332229,
    22.041358667771));
#722 = CARTESIAN_POINT('',(-14.33061352207,-4.753115886429,
    22.046884113571));
#723 = CARTESIAN_POINT('',(-14.33182850688,-4.744709236127,
    22.055290763873));
#724 = CARTESIAN_POINT('',(-14.33238837528,-4.741759823331,
    22.058240176669));
#725 = CARTESIAN_POINT('',(-14.33308750973,-4.738846396241,
    22.061153603759));
#726 = CARTESIAN_POINT('',(-14.33393709563,-4.735975932993,
    22.064024067007));
#727 = CARTESIAN_POINT('',(-14.33494879431,-4.73315702971,22.06684297029
    ));
#728 = CARTESIAN_POINT('',(-14.33613415418,-4.73039970601,22.06960029399
    ));
#729 = CARTESIAN_POINT('',(-14.33936245983,-4.724073276166,
    22.075926723834));
#730 = CARTESIAN_POINT('',(-14.34156197317,-4.720562823391,
    22.079437176609));
#731 = CARTESIAN_POINT('',(-14.34412709186,-4.71721664158,22.08278335842
    ));
#732 = CARTESIAN_POINT('',(-14.34707813134,-4.714071131565,
    22.085928868435));
#733 = CARTESIAN_POINT('',(-14.35042382852,-4.711161816594,
    22.088838183406));
#734 = CARTESIAN_POINT('',(-14.3541539779,-4.708518853321,
    22.091481146679));
#735 = CARTESIAN_POINT('',(-14.35823206757,-4.70616254279,22.09383745721
    ));
#736 = PLANE('',#737);
#737 = AXIS2_PLACEMENT_3D('',#738,#739,#740);
#738 = CARTESIAN_POINT('',(-14.55,-5.2,21.6));
#739 = DIRECTION('',(0.,-0.707106781187,0.707106781187));
#740 = DIRECTION('',(1.,0.,0.));
#741 = ADVANCED_FACE('',(#742),#764,.F.);
#742 = FACE_BOUND('',#743,.F.);
#743 = EDGE_LOOP('',(#744,#745,#762,#763));
#744 = ORIENTED_EDGE('',*,*,#678,.T.);
#745 = ORIENTED_EDGE('',*,*,#746,.T.);
#746 = EDGE_CURVE('',#660,#626,#747,.T.);
#747 = B_SPLINE_CURVE_WITH_KNOTS('',7,(#748,#749,#750,#751,#752,#753,
    #754,#755,#756,#757,#758,#759,#760,#761),.UNSPECIFIED.,.F.,.F.,(8,6,
    8),(-1.263783705278,-1.234227047737,-0.688737339364),.UNSPECIFIED.);
#748 = CARTESIAN_POINT('',(-14.39589274793,-4.703475458007,
    22.09980573934));
#749 = CARTESIAN_POINT('',(-14.39051246098,-4.703859340801,
    22.098953097535));
#750 = CARTESIAN_POINT('',(-14.38513217402,-4.704243223595,
    22.09810045573));
#751 = CARTESIAN_POINT('',(-14.37975188707,-4.704627106389,
    22.097247813925));
#752 = CARTESIAN_POINT('',(-14.37437160011,-4.705010989183,
    22.09639517212));
#753 = CARTESIAN_POINT('',(-14.36899131316,-4.705394871977,
    22.095542530315));
#754 = CARTESIAN_POINT('',(-14.3636110262,-4.705778754771,22.09468988851
    ));
#755 = CARTESIAN_POINT('',(-14.25893361278,-4.713247474987,
    22.07810111927));
#756 = CARTESIAN_POINT('',(-14.18209382524,-4.721652628467,
    22.042278537254));
#757 = CARTESIAN_POINT('',(-14.11406189343,-4.726311798869,
    21.998577969582));
#758 = CARTESIAN_POINT('',(-14.05814800084,-4.728265658553,
    21.944038698131));
#759 = CARTESIAN_POINT('',(-14.01117187389,-4.726303580248,
    21.881505246067));
#760 = CARTESIAN_POINT('',(-13.97429893611,-4.720964388356,
    21.809935226894));
#761 = CARTESIAN_POINT('',(-13.95236875482,-4.714122529507,21.725));
#762 = ORIENTED_EDGE('',*,*,#625,.F.);
#763 = ORIENTED_EDGE('',*,*,#63,.F.);
#764 = B_SPLINE_SURFACE_WITH_KNOTS('',1,7,(
    (#765,#766,#767,#768,#769,#770,#771,#772,#773,#774,#775,#776,#777
      ,#778)
    ,(#779,#780,#781,#782,#783,#784,#785,#786,#787,#788,#789,#790,#791
      ,#792
    )),.UNSPECIFIED.,.F.,.F.,.F.,(2,2),(8,6,8),(0.,0.545489708373),(
    -1.263783705278,-1.234227047737,-0.688737339364),.UNSPECIFIED.);
#765 = CARTESIAN_POINT('',(-15.21169239379,-5.7,21.381764263295));
#766 = CARTESIAN_POINT('',(-15.20722606192,-5.7,21.376770752462));
#767 = CARTESIAN_POINT('',(-15.2030349654,-5.7,21.372084964105));
#768 = CARTESIAN_POINT('',(-15.19911910424,-5.7,21.367706898224));
#769 = CARTESIAN_POINT('',(-15.19547847842,-5.7,21.363636554821));
#770 = CARTESIAN_POINT('',(-15.19211308795,-5.7,21.359873933894));
#771 = CARTESIAN_POINT('',(-15.18902293284,-5.7,21.356419035444));
#772 = CARTESIAN_POINT('',(-15.13425661227,-5.7,21.295188427615));
#773 = CARTESIAN_POINT('',(-15.08230521148,-5.7,21.23710499576));
#774 = CARTESIAN_POINT('',(-15.03035381068,-5.7,21.179021563906));
#775 = CARTESIAN_POINT('',(-14.97840240988,-5.7,21.120938132051));
#776 = CARTESIAN_POINT('',(-14.92645100908,-5.7,21.062854700197));
#777 = CARTESIAN_POINT('',(-14.87449960829,-5.7,21.004771268342));
#778 = CARTESIAN_POINT('',(-14.82254820749,-5.7,20.946687836487));
#779 = CARTESIAN_POINT('',(-14.39589274793,-4.703475458007,
    22.09980573934));
#780 = CARTESIAN_POINT('',(-14.39051246098,-4.703859340801,
    22.098953097535));
#781 = CARTESIAN_POINT('',(-14.38513217402,-4.704243223595,
    22.09810045573));
#782 = CARTESIAN_POINT('',(-14.37975188707,-4.704627106389,
    22.097247813925));
#783 = CARTESIAN_POINT('',(-14.37437160011,-4.705010989183,
    22.09639517212));
#784 = CARTESIAN_POINT('',(-14.36899131316,-4.705394871977,
    22.095542530315));
#785 = CARTESIAN_POINT('',(-14.3636110262,-4.705778754771,22.09468988851
    ));
#786 = CARTESIAN_POINT('',(-14.25893361278,-4.713247474987,
    22.07810111927));
#787 = CARTESIAN_POINT('',(-14.18209382524,-4.721652628467,
    22.042278537254));
#788 = CARTESIAN_POINT('',(-14.11406189343,-4.726311798869,
    21.998577969582));
#789 = CARTESIAN_POINT('',(-14.05814800084,-4.728265658553,
    21.944038698131));
#790 = CARTESIAN_POINT('',(-14.01117187389,-4.726303580248,
    21.881505246067));
#791 = CARTESIAN_POINT('',(-13.97429893611,-4.720964388356,
    21.809935226894));
#792 = CARTESIAN_POINT('',(-13.95236875482,-4.714122529507,21.725));
#793 = ADVANCED_FACE('',(#794,#851,#862),#873,.F.);
#794 = FACE_BOUND('',#795,.F.);
#795 = EDGE_LOOP('',(#796,#806,#812,#813,#821,#829,#837,#845));
#796 = ORIENTED_EDGE('',*,*,#797,.T.);
#797 = EDGE_CURVE('',#798,#800,#802,.T.);
#798 = VERTEX_POINT('',#799);
#799 = CARTESIAN_POINT('',(19.,4.7,29.));
#800 = VERTEX_POINT('',#801);
#801 = CARTESIAN_POINT('',(19.,-4.7,29.));
#802 = LINE('',#803,#804);
#803 = CARTESIAN_POINT('',(19.,5.7,29.));
#804 = VECTOR('',#805,1.);
#805 = DIRECTION('',(0.,-1.,2.2E-16));
#806 = ORIENTED_EDGE('',*,*,#807,.F.);
#807 = EDGE_CURVE('',#133,#800,#808,.T.);
#808 = LINE('',#809,#810);
#809 = CARTESIAN_POINT('',(21.35,-2.35,29.));
#810 = VECTOR('',#811,1.);
#811 = DIRECTION('',(0.707106781187,0.707106781187,-1.6E-16));
#812 = ORIENTED_EDGE('',*,*,#132,.T.);
#813 = ORIENTED_EDGE('',*,*,#814,.T.);
#814 = EDGE_CURVE('',#135,#815,#817,.T.);
#815 = VERTEX_POINT('',#816);
#816 = CARTESIAN_POINT('',(-19.,-4.7,29.));
#817 = LINE('',#818,#819);
#818 = CARTESIAN_POINT('',(-11.85,-11.85,29.));
#819 = VECTOR('',#820,1.);
#820 = DIRECTION('',(-0.707106781187,0.707106781187,-1.6E-16));
#821 = ORIENTED_EDGE('',*,*,#822,.F.);
#822 = EDGE_CURVE('',#823,#815,#825,.T.);
#823 = VERTEX_POINT('',#824);
#824 = CARTESIAN_POINT('',(-19.,4.7,29.));
#825 = LINE('',#826,#827);
#826 = CARTESIAN_POINT('',(-19.,5.7,29.));
#827 = VECTOR('',#828,1.);
#828 = DIRECTION('',(0.,-1.,2.2E-16));
#829 = ORIENTED_EDGE('',*,*,#830,.T.);
#830 = EDGE_CURVE('',#823,#831,#833,.T.);
#831 = VERTEX_POINT('',#832);
#832 = CARTESIAN_POINT('',(-18.,5.7,29.));
#833 = LINE('',#834,#835);
#834 = CARTESIAN_POINT('',(-9.,14.7,29.));
#835 = VECTOR('',#836,1.);
#836 = DIRECTION('',(0.707106781187,0.707106781187,-1.6E-16));
#837 = ORIENTED_EDGE('',*,*,#838,.F.);
#838 = EDGE_CURVE('',#839,#831,#841,.T.);
#839 = VERTEX_POINT('',#840);
#840 = CARTESIAN_POINT('',(18.,5.7,29.));
#841 = LINE('',#842,#843);
#842 = CARTESIAN_POINT('',(19.,5.7,29.));
#843 = VECTOR('',#844,1.);
#844 = DIRECTION('',(-1.,0.,0.));
#845 = ORIENTED_EDGE('',*,*,#846,.F.);
#846 = EDGE_CURVE('',#798,#839,#847,.T.);
#847 = LINE('',#848,#849);
#848 = CARTESIAN_POINT('',(18.5,5.2,29.));
#849 = VECTOR('',#850,1.);
#850 = DIRECTION('',(-0.707106781187,0.707106781187,-1.6E-16));
#851 = FACE_BOUND('',#852,.F.);
#852 = EDGE_LOOP('',(#853));
#853 = ORIENTED_EDGE('',*,*,#854,.T.);
#854 = EDGE_CURVE('',#855,#855,#857,.T.);
#855 = VERTEX_POINT('',#856);
#856 = CARTESIAN_POINT('',(13.5,6.E-15,29.));
#857 = CIRCLE('',#858,1.);
#858 = AXIS2_PLACEMENT_3D('',#859,#860,#861);
#859 = CARTESIAN_POINT('',(12.5,6.E-15,29.));
#860 = DIRECTION('',(0.,0.,1.));
#861 = DIRECTION('',(1.,0.,0.));
#862 = FACE_BOUND('',#863,.F.);
#863 = EDGE_LOOP('',(#864));
#864 = ORIENTED_EDGE('',*,*,#865,.T.);
#865 = EDGE_CURVE('',#866,#866,#868,.T.);
#866 = VERTEX_POINT('',#867);
#867 = CARTESIAN_POINT('',(-11.5,6.E-15,29.));
#868 = CIRCLE('',#869,1.);
#869 = AXIS2_PLACEMENT_3D('',#870,#871,#872);
#870 = CARTESIAN_POINT('',(-12.5,6.E-15,29.));
#871 = DIRECTION('',(0.,0.,1.));
#872 = DIRECTION('',(1.,0.,0.));
#873 = PLANE('',#874);
#874 = AXIS2_PLACEMENT_3D('',#875,#876,#877);
#875 = CARTESIAN_POINT('',(19.,5.7,29.));
#876 = DIRECTION('',(-0.,-2.2E-16,-1.));
#877 = DIRECTION('',(-1.,0.,0.));
#878 = ADVANCED_FACE('',(#879),#897,.T.);
#879 = FACE_BOUND('',#880,.F.);
#880 = EDGE_LOOP('',(#881,#889,#890,#891));
#881 = ORIENTED_EDGE('',*,*,#882,.F.);
#882 = EDGE_CURVE('',#143,#883,#885,.T.);
#883 = VERTEX_POINT('',#884);
#884 = CARTESIAN_POINT('',(19.,-4.7,-16.));
#885 = LINE('',#886,#887);
#886 = CARTESIAN_POINT('',(18.53950428678,-5.16049571322,-15.80925643016
    ));
#887 = VECTOR('',#888,1.);
#888 = DIRECTION('',(0.678598344546,0.678598344546,-0.281084637715));
#889 = ORIENTED_EDGE('',*,*,#142,.T.);
#890 = ORIENTED_EDGE('',*,*,#807,.T.);
#891 = ORIENTED_EDGE('',*,*,#892,.F.);
#892 = EDGE_CURVE('',#883,#800,#893,.T.);
#893 = LINE('',#894,#895);
#894 = CARTESIAN_POINT('',(19.,-4.7,-16.));
#895 = VECTOR('',#896,1.);
#896 = DIRECTION('',(0.,0.,1.));
#897 = PLANE('',#898);
#898 = AXIS2_PLACEMENT_3D('',#899,#900,#901);
#899 = CARTESIAN_POINT('',(18.5,-5.2,-16.));
#900 = DIRECTION('',(0.707106781187,-0.707106781187,0.));
#901 = DIRECTION('',(-0.,-0.,-1.));
#902 = ADVANCED_FACE('',(#903),#921,.T.);
#903 = FACE_BOUND('',#904,.F.);
#904 = EDGE_LOOP('',(#905,#906,#907,#915));
#905 = ORIENTED_EDGE('',*,*,#814,.F.);
#906 = ORIENTED_EDGE('',*,*,#174,.T.);
#907 = ORIENTED_EDGE('',*,*,#908,.T.);
#908 = EDGE_CURVE('',#167,#909,#911,.T.);
#909 = VERTEX_POINT('',#910);
#910 = CARTESIAN_POINT('',(-19.,-4.7,-16.));
#911 = LINE('',#912,#913);
#912 = CARTESIAN_POINT('',(-12.49438503355,-11.20561496644,
    -13.30528604932));
#913 = VECTOR('',#914,1.);
#914 = DIRECTION('',(-0.678598344546,0.678598344546,-0.281084637715));
#915 = ORIENTED_EDGE('',*,*,#916,.F.);
#916 = EDGE_CURVE('',#815,#909,#917,.T.);
#917 = LINE('',#918,#919);
#918 = CARTESIAN_POINT('',(-19.,-4.7,29.));
#919 = VECTOR('',#920,1.);
#920 = DIRECTION('',(0.,0.,-1.));
#921 = PLANE('',#922);
#922 = AXIS2_PLACEMENT_3D('',#923,#924,#925);
#923 = CARTESIAN_POINT('',(-18.5,-5.2,29.));
#924 = DIRECTION('',(-0.707106781187,-0.707106781187,0.));
#925 = DIRECTION('',(0.,0.,1.));
#926 = ADVANCED_FACE('',(#927),#945,.F.);
#927 = FACE_BOUND('',#928,.T.);
#928 = EDGE_LOOP('',(#929,#930,#931,#939));
#929 = ORIENTED_EDGE('',*,*,#882,.F.);
#930 = ORIENTED_EDGE('',*,*,#150,.T.);
#931 = ORIENTED_EDGE('',*,*,#932,.T.);
#932 = EDGE_CURVE('',#151,#933,#935,.T.);
#933 = VERTEX_POINT('',#934);
#934 = CARTESIAN_POINT('',(6.,-4.7,-29.));
#935 = LINE('',#936,#937);
#936 = CARTESIAN_POINT('',(4.608927513051,-8.058346064237,
    -25.64165393576));
#937 = VECTOR('',#938,1.);
#938 = DIRECTION('',(0.281084637715,0.678598344546,-0.678598344546));
#939 = ORIENTED_EDGE('',*,*,#940,.F.);
#940 = EDGE_CURVE('',#883,#933,#941,.T.);
#941 = LINE('',#942,#943);
#942 = CARTESIAN_POINT('',(19.,-4.7,-16.));
#943 = VECTOR('',#944,1.);
#944 = DIRECTION('',(-0.707106781187,0.,-0.707106781187));
#945 = PLANE('',#946);
#946 = AXIS2_PLACEMENT_3D('',#947,#948,#949);
#947 = CARTESIAN_POINT('',(18.646446609407,-5.2,-15.6464466094));
#948 = DIRECTION('',(-0.5,0.707106781187,0.5));
#949 = DIRECTION('',(0.707106781187,2.775557561563E-17,0.707106781187));
#950 = ADVANCED_FACE('',(#951),#969,.F.);
#951 = FACE_BOUND('',#952,.T.);
#952 = EDGE_LOOP('',(#953,#961,#962,#963));
#953 = ORIENTED_EDGE('',*,*,#954,.F.);
#954 = EDGE_CURVE('',#159,#955,#957,.T.);
#955 = VERTEX_POINT('',#956);
#956 = CARTESIAN_POINT('',(-6.,-4.7,-29.));
#957 = LINE('',#958,#959);
#958 = CARTESIAN_POINT('',(-5.809256430169,-5.16049571322,
    -28.53950428678));
#959 = VECTOR('',#960,1.);
#960 = DIRECTION('',(-0.281084637715,0.678598344546,-0.678598344546));
#961 = ORIENTED_EDGE('',*,*,#166,.T.);
#962 = ORIENTED_EDGE('',*,*,#908,.T.);
#963 = ORIENTED_EDGE('',*,*,#964,.F.);
#964 = EDGE_CURVE('',#955,#909,#965,.T.);
#965 = LINE('',#966,#967);
#966 = CARTESIAN_POINT('',(-6.,-4.7,-29.));
#967 = VECTOR('',#968,1.);
#968 = DIRECTION('',(-0.707106781187,0.,0.707106781187));
#969 = PLANE('',#970);
#970 = AXIS2_PLACEMENT_3D('',#971,#972,#973);
#971 = CARTESIAN_POINT('',(-5.646446609407,-5.2,-28.6464466094));
#972 = DIRECTION('',(0.5,0.707106781187,0.5));
#973 = DIRECTION('',(0.707106781187,2.775557561563E-17,-0.707106781187)
  );
#974 = ADVANCED_FACE('',(#975),#986,.T.);
#975 = FACE_BOUND('',#976,.F.);
#976 = EDGE_LOOP('',(#977,#978,#979,#980));
#977 = ORIENTED_EDGE('',*,*,#954,.F.);
#978 = ORIENTED_EDGE('',*,*,#158,.T.);
#979 = ORIENTED_EDGE('',*,*,#932,.T.);
#980 = ORIENTED_EDGE('',*,*,#981,.F.);
#981 = EDGE_CURVE('',#955,#933,#982,.T.);
#982 = LINE('',#983,#984);
#983 = CARTESIAN_POINT('',(-6.,-4.7,-29.));
#984 = VECTOR('',#985,1.);
#985 = DIRECTION('',(1.,0.,0.));
#986 = PLANE('',#987);
#987 = AXIS2_PLACEMENT_3D('',#988,#989,#990);
#988 = CARTESIAN_POINT('',(-6.,-5.2,-28.5));
#989 = DIRECTION('',(0.,-0.707106781187,-0.707106781187));
#990 = DIRECTION('',(-1.,-0.,-0.));
#991 = ADVANCED_FACE('',(#992),#1011,.F.);
#992 = FACE_BOUND('',#993,.T.);
#993 = EDGE_LOOP('',(#994,#1002,#1003,#1004));
#994 = ORIENTED_EDGE('',*,*,#995,.F.);
#995 = EDGE_CURVE('',#183,#996,#998,.T.);
#996 = VERTEX_POINT('',#997);
#997 = CARTESIAN_POINT('',(1.6,-3.9,-22.25));
#998 = LINE('',#999,#1000);
#999 = CARTESIAN_POINT('',(1.6,-3.9,-22.25));
#1000 = VECTOR('',#1001,1.);
#1001 = DIRECTION('',(-0.627329537873,0.778753909083,0.));
#1002 = ORIENTED_EDGE('',*,*,#182,.T.);
#1003 = ORIENTED_EDGE('',*,*,#995,.T.);
#1004 = ORIENTED_EDGE('',*,*,#1005,.F.);
#1005 = EDGE_CURVE('',#996,#996,#1006,.T.);
#1006 = CIRCLE('',#1007,1.6);
#1007 = AXIS2_PLACEMENT_3D('',#1008,#1009,#1010);
#1008 = CARTESIAN_POINT('',(0.,-3.9,-22.25));
#1009 = DIRECTION('',(0.,-1.,0.));
#1010 = DIRECTION('',(1.,0.,0.));
#1011 = CONICAL_SURFACE('',#1012,1.6,0.678119307749);
#1012 = AXIS2_PLACEMENT_3D('',#1013,#1014,#1015);
#1013 = CARTESIAN_POINT('',(0.,-3.9,-22.25));
#1014 = DIRECTION('',(-0.,-1.,-0.));
#1015 = DIRECTION('',(1.,0.,0.));
#1016 = ADVANCED_FACE('',(#1017),#1036,.F.);
#1017 = FACE_BOUND('',#1018,.F.);
#1018 = EDGE_LOOP('',(#1019,#1027,#1028,#1029));
#1019 = ORIENTED_EDGE('',*,*,#1020,.F.);
#1020 = EDGE_CURVE('',#194,#1021,#1023,.T.);
#1021 = VERTEX_POINT('',#1022);
#1022 = CARTESIAN_POINT('',(-11.,2.2,7.5));
#1023 = LINE('',#1024,#1025);
#1024 = CARTESIAN_POINT('',(-11.,-5.7,7.5));
#1025 = VECTOR('',#1026,1.);
#1026 = DIRECTION('',(0.,1.,-2.2E-16));
#1027 = ORIENTED_EDGE('',*,*,#193,.F.);
#1028 = ORIENTED_EDGE('',*,*,#1020,.T.);
#1029 = ORIENTED_EDGE('',*,*,#1030,.T.);
#1030 = EDGE_CURVE('',#1021,#1021,#1031,.T.);
#1031 = CIRCLE('',#1032,1.5);
#1032 = AXIS2_PLACEMENT_3D('',#1033,#1034,#1035);
#1033 = CARTESIAN_POINT('',(-12.5,2.2,7.5));
#1034 = DIRECTION('',(0.,-1.,2.2E-16));
#1035 = DIRECTION('',(1.,0.,0.));
#1036 = CYLINDRICAL_SURFACE('',#1037,1.5);
#1037 = AXIS2_PLACEMENT_3D('',#1038,#1039,#1040);
#1038 = CARTESIAN_POINT('',(-12.5,-5.7,7.5));
#1039 = DIRECTION('',(0.,-1.,2.2E-16));
#1040 = DIRECTION('',(1.,0.,0.));
#1041 = ADVANCED_FACE('',(#1042),#1061,.F.);
#1042 = FACE_BOUND('',#1043,.T.);
#1043 = EDGE_LOOP('',(#1044,#1052,#1053,#1054));
#1044 = ORIENTED_EDGE('',*,*,#1045,.F.);
#1045 = EDGE_CURVE('',#205,#1046,#1048,.T.);
#1046 = VERTEX_POINT('',#1047);
#1047 = CARTESIAN_POINT('',(1.6,-3.9,22.5));
#1048 = LINE('',#1049,#1050);
#1049 = CARTESIAN_POINT('',(1.6,-3.9,22.5));
#1050 = VECTOR('',#1051,1.);
#1051 = DIRECTION('',(-0.627329537873,0.778753909083,0.));
#1052 = ORIENTED_EDGE('',*,*,#204,.T.);
#1053 = ORIENTED_EDGE('',*,*,#1045,.T.);
#1054 = ORIENTED_EDGE('',*,*,#1055,.F.);
#1055 = EDGE_CURVE('',#1046,#1046,#1056,.T.);
#1056 = CIRCLE('',#1057,1.6);
#1057 = AXIS2_PLACEMENT_3D('',#1058,#1059,#1060);
#1058 = CARTESIAN_POINT('',(0.,-3.9,22.5));
#1059 = DIRECTION('',(0.,-1.,0.));
#1060 = DIRECTION('',(1.,0.,0.));
#1061 = CONICAL_SURFACE('',#1062,1.6,0.678119307749);
#1062 = AXIS2_PLACEMENT_3D('',#1063,#1064,#1065);
#1063 = CARTESIAN_POINT('',(0.,-3.9,22.5));
#1064 = DIRECTION('',(-0.,-1.,-0.));
#1065 = DIRECTION('',(1.,0.,0.));
#1066 = ADVANCED_FACE('',(#1067),#1086,.F.);
#1067 = FACE_BOUND('',#1068,.F.);
#1068 = EDGE_LOOP('',(#1069,#1077,#1078,#1079));
#1069 = ORIENTED_EDGE('',*,*,#1070,.F.);
#1070 = EDGE_CURVE('',#216,#1071,#1073,.T.);
#1071 = VERTEX_POINT('',#1072);
#1072 = CARTESIAN_POINT('',(14.,2.2,7.5));
#1073 = LINE('',#1074,#1075);
#1074 = CARTESIAN_POINT('',(14.,-5.7,7.5));
#1075 = VECTOR('',#1076,1.);
#1076 = DIRECTION('',(0.,1.,-2.2E-16));
#1077 = ORIENTED_EDGE('',*,*,#215,.F.);
#1078 = ORIENTED_EDGE('',*,*,#1070,.T.);
#1079 = ORIENTED_EDGE('',*,*,#1080,.T.);
#1080 = EDGE_CURVE('',#1071,#1071,#1081,.T.);
#1081 = CIRCLE('',#1082,1.5);
#1082 = AXIS2_PLACEMENT_3D('',#1083,#1084,#1085);
#1083 = CARTESIAN_POINT('',(12.5,2.2,7.5));
#1084 = DIRECTION('',(0.,-1.,2.2E-16));
#1085 = DIRECTION('',(1.,0.,0.));
#1086 = CYLINDRICAL_SURFACE('',#1087,1.5);
#1087 = AXIS2_PLACEMENT_3D('',#1088,#1089,#1090);
#1088 = CARTESIAN_POINT('',(12.5,-5.7,7.5));
#1089 = DIRECTION('',(0.,-1.,2.2E-16));
#1090 = DIRECTION('',(1.,0.,0.));
#1091 = ADVANCED_FACE('',(#1092),#1179,.T.);
#1092 = FACE_BOUND('',#1093,.T.);
#1093 = EDGE_LOOP('',(#1094,#1105,#1164,#1165,#1173));
#1094 = ORIENTED_EDGE('',*,*,#1095,.T.);
#1095 = EDGE_CURVE('',#1096,#1098,#1100,.T.);
#1096 = VERTEX_POINT('',#1097);
#1097 = CARTESIAN_POINT('',(14.436491673104,-4.7,22.1));
#1098 = VERTEX_POINT('',#1099);
#1099 = CARTESIAN_POINT('',(14.358230739254,-4.706162637565,
    22.093837246705));
#1100 = ELLIPSE('',#1101,0.707106781187,0.5);
#1101 = AXIS2_PLACEMENT_3D('',#1102,#1103,#1104);
#1102 = CARTESIAN_POINT('',(14.436491673104,-5.2,21.6));
#1103 = DIRECTION('',(0.,-0.707106781187,0.707106781187));
#1104 = DIRECTION('',(0.,-0.707106781187,-0.707106781187));
#1105 = ORIENTED_EDGE('',*,*,#1106,.F.);
#1106 = EDGE_CURVE('',#227,#1098,#1107,.T.);
#1107 = B_SPLINE_CURVE_WITH_KNOTS('',7,(#1108,#1109,#1110,#1111,#1112,
    #1113,#1114,#1115,#1116,#1117,#1118,#1119,#1120,#1121,#1122,#1123,
    #1124,#1125,#1126,#1127,#1128,#1129,#1130,#1131,#1132,#1133,#1134,
    #1135,#1136,#1137,#1138,#1139,#1140,#1141,#1142,#1143,#1144,#1145,
    #1146,#1147,#1148,#1149,#1150,#1151,#1152,#1153,#1154,#1155,#1156,
    #1157,#1158,#1159,#1160,#1161,#1162,#1163),.UNSPECIFIED.,.F.,.F.,(8,
    6,6,6,6,6,6,6,6,8),(0.,0.122090666093,0.222998859913,0.430455960619,
    0.663539128059,0.819992368053,0.911426934037,0.950032735049,
    0.971235356623,1.),.UNSPECIFIED.);
#1108 = CARTESIAN_POINT('',(14.95967477525,-5.7,21.1));
#1109 = CARTESIAN_POINT('',(14.946127664333,-5.682814499438,
    21.117185500562));
#1110 = CARTESIAN_POINT('',(14.932570046721,-5.665631937239,
    21.134368062761));
#1111 = CARTESIAN_POINT('',(14.919005407325,-5.648451340287,
    21.151548659713));
#1112 = CARTESIAN_POINT('',(14.905437221939,-5.631271736574,
    21.168728263426));
#1113 = CARTESIAN_POINT('',(14.89186895724,-5.614092155195,
    21.185907844805));
#1114 = CARTESIAN_POINT('',(14.878304070786,-5.596911626352,
    21.203088373648));
#1115 = CARTESIAN_POINT('',(14.853540245936,-5.565527854211,
    21.234472145789));
#1116 = CARTESIAN_POINT('',(14.842339175831,-5.551325213251,
    21.248674786749));
#1117 = CARTESIAN_POINT('',(14.831144756436,-5.537120709514,
    21.262879290486));
#1118 = CARTESIAN_POINT('',(14.819959010035,-5.522913780843,
    21.277086219157));
#1119 = CARTESIAN_POINT('',(14.808784025473,-5.508703851886,
    21.291296148114));
#1120 = CARTESIAN_POINT('',(14.797621958144,-5.49449033409,
    21.30550966591));
#1121 = CARTESIAN_POINT('',(14.763558066506,-5.451042446784,
    21.348957553216));
#1122 = CARTESIAN_POINT('',(14.740705174057,-5.421794706974,
    21.378205293026));
#1123 = CARTESIAN_POINT('',(14.717936042534,-5.392523844017,
    21.407476155983));
#1124 = CARTESIAN_POINT('',(14.695271798955,-5.363224285675,
    21.436775714325));
#1125 = CARTESIAN_POINT('',(14.672736783539,-5.333889983307,
    21.466110016693));
#1126 = CARTESIAN_POINT('',(14.650360325764,-5.304513945452,
    21.495486054548));
#1127 = CARTESIAN_POINT('',(14.603256715243,-5.242026739372,
    21.557973260628));
#1128 = CARTESIAN_POINT('',(14.57858321368,-5.208905198839,
    21.591094801161));
#1129 = CARTESIAN_POINT('',(14.554205630601,-5.175708112457,
    21.624291887543));
#1130 = CARTESIAN_POINT('',(14.530191771991,-5.142420516959,
    21.657579483041));
#1131 = CARTESIAN_POINT('',(14.506624785562,-5.109028360215,
    21.690971639785));
#1132 = CARTESIAN_POINT('',(14.483623634513,-5.075513932117,
    21.724486067883));
#1133 = CARTESIAN_POINT('',(14.446464191123,-5.019246769645,
    21.780753230355));
#1134 = CARTESIAN_POINT('',(14.431890973962,-4.996587723228,
    21.803412276772));
#1135 = CARTESIAN_POINT('',(14.417725318228,-4.973849994442,
    21.826150005558));
#1136 = CARTESIAN_POINT('',(14.404044384098,-4.951022721203,
    21.848977278797));
#1137 = CARTESIAN_POINT('',(14.390974093788,-4.928099882913,
    21.871900117087));
#1138 = CARTESIAN_POINT('',(14.378671333864,-4.905081928018,
    21.894918071982));
#1139 = CARTESIAN_POINT('',(14.360914272896,-4.868442657489,
    21.931557342511));
#1140 = CARTESIAN_POINT('',(14.354747072474,-4.854909197407,
    21.945090802593));
#1141 = CARTESIAN_POINT('',(14.34901991644,-4.841338262552,
    21.958661737448));
#1142 = CARTESIAN_POINT('',(14.343817403349,-4.827729524954,
    21.972270475046));
#1143 = CARTESIAN_POINT('',(14.339281027965,-4.81410224682,
    21.98589775318));
#1144 = CARTESIAN_POINT('',(14.335585457861,-4.800493889464,
    21.999506110536));
#1145 = CARTESIAN_POINT('',(14.332032904037,-4.781247608525,
    22.018752391475));
#1146 = CARTESIAN_POINT('',(14.331192599218,-4.775552203038,
    22.024447796962));
#1147 = CARTESIAN_POINT('',(14.330593240586,-4.769878632991,
    22.030121367009));
#1148 = CARTESIAN_POINT('',(14.330267875391,-4.76423640095,
    22.03576359905));
#1149 = CARTESIAN_POINT('',(14.33025766259,-4.758641332229,
    22.041358667771));
#1150 = CARTESIAN_POINT('',(14.330613522073,-4.753115886429,
    22.046884113571));
#1151 = CARTESIAN_POINT('',(14.331828506883,-4.744709236127,
    22.055290763873));
#1152 = CARTESIAN_POINT('',(14.332388375288,-4.741759823331,
    22.058240176669));
#1153 = CARTESIAN_POINT('',(14.333087509736,-4.738846396241,
    22.061153603759));
#1154 = CARTESIAN_POINT('',(14.333937095634,-4.735975932993,
    22.064024067007));
#1155 = CARTESIAN_POINT('',(14.334948794315,-4.73315702971,
    22.06684297029));
#1156 = CARTESIAN_POINT('',(14.336134154189,-4.730399706009,
    22.06960029399));
#1157 = CARTESIAN_POINT('',(14.33936245983,-4.724073276166,
    22.075926723834));
#1158 = CARTESIAN_POINT('',(14.34156197317,-4.720562823391,
    22.079437176609));
#1159 = CARTESIAN_POINT('',(14.344127091869,-4.71721664158,
    22.08278335842));
#1160 = CARTESIAN_POINT('',(14.347078131342,-4.714071131564,
    22.085928868436));
#1161 = CARTESIAN_POINT('',(14.350423828523,-4.711161816594,
    22.088838183406));
#1162 = CARTESIAN_POINT('',(14.354153977902,-4.708518853321,
    22.091481146678));
#1163 = CARTESIAN_POINT('',(14.358232067571,-4.70616254279,
    22.09383745721));
#1164 = ORIENTED_EDGE('',*,*,#226,.T.);
#1165 = ORIENTED_EDGE('',*,*,#1166,.T.);
#1166 = EDGE_CURVE('',#229,#1167,#1169,.T.);
#1167 = VERTEX_POINT('',#1168);
#1168 = CARTESIAN_POINT('',(14.55,-4.7,22.1));
#1169 = LINE('',#1170,#1171);
#1170 = CARTESIAN_POINT('',(14.2,-4.35,22.45));
#1171 = VECTOR('',#1172,1.);
#1172 = DIRECTION('',(-0.57735026919,0.57735026919,0.57735026919));
#1173 = ORIENTED_EDGE('',*,*,#1174,.F.);
#1174 = EDGE_CURVE('',#1096,#1167,#1175,.T.);
#1175 = LINE('',#1176,#1177);
#1176 = CARTESIAN_POINT('',(10.45,-4.7,22.1));
#1177 = VECTOR('',#1178,1.);
#1178 = DIRECTION('',(1.,0.,0.));
#1179 = PLANE('',#1180);
#1180 = AXIS2_PLACEMENT_3D('',#1181,#1182,#1183);
#1181 = CARTESIAN_POINT('',(10.45,-5.2,21.6));
#1182 = DIRECTION('',(0.,-0.707106781187,0.707106781187));
#1183 = DIRECTION('',(1.,0.,0.));
#1184 = ADVANCED_FACE('',(#1185),#1213,.F.);
#1185 = FACE_BOUND('',#1186,.F.);
#1186 = EDGE_LOOP('',(#1187,#1194,#1211,#1212));
#1187 = ORIENTED_EDGE('',*,*,#1188,.T.);
#1188 = EDGE_CURVE('',#308,#1189,#1191,.T.);
#1189 = VERTEX_POINT('',#1190);
#1190 = CARTESIAN_POINT('',(13.952368754828,-4.714122529507,21.725));
#1191 = B_SPLINE_CURVE_WITH_KNOTS('',1,(#1192,#1193),.UNSPECIFIED.,.F.,
  .F.,(2,2),(0.,0.688737339364),.PIECEWISE_BEZIER_KNOTS.);
#1192 = CARTESIAN_POINT('',(14.822548207493,-5.7,20.946687836487));
#1193 = CARTESIAN_POINT('',(13.952368754828,-4.714122529507,21.725));
#1194 = ORIENTED_EDGE('',*,*,#1195,.T.);
#1195 = EDGE_CURVE('',#1189,#1098,#1196,.T.);
#1196 = B_SPLINE_CURVE_WITH_KNOTS('',7,(#1197,#1198,#1199,#1200,#1201,
    #1202,#1203,#1204,#1205,#1206,#1207,#1208,#1209,#1210),
  .UNSPECIFIED.,.F.,.F.,(8,6,8),(3.211943351068,3.757433059441,
    3.786989716981),.UNSPECIFIED.);
#1197 = CARTESIAN_POINT('',(13.952368754828,-4.714122529507,21.725));
#1198 = CARTESIAN_POINT('',(13.974298936112,-4.720964388357,
    21.809935226894));
#1199 = CARTESIAN_POINT('',(14.011171873896,-4.726303580248,
    21.881505246066));
#1200 = CARTESIAN_POINT('',(14.058148000848,-4.728265658554,
    21.944038698131));
#1201 = CARTESIAN_POINT('',(14.114061893438,-4.726311798868,
    21.998577969582));
#1202 = CARTESIAN_POINT('',(14.182093825248,-4.721652628467,
    22.042278537253));
#1203 = CARTESIAN_POINT('',(14.258933612783,-4.713247474987,
    22.07810111927));
#1204 = CARTESIAN_POINT('',(14.363611026209,-4.705778754771,
    22.09468988851));
#1205 = CARTESIAN_POINT('',(14.368991313163,-4.705394871977,
    22.095542530315));
#1206 = CARTESIAN_POINT('',(14.374371600118,-4.705010989183,
    22.09639517212));
#1207 = CARTESIAN_POINT('',(14.379751887073,-4.704627106389,
    22.097247813925));
#1208 = CARTESIAN_POINT('',(14.385132174027,-4.704243223595,
    22.09810045573));
#1209 = CARTESIAN_POINT('',(14.390512460982,-4.703859340801,
    22.098953097535));
#1210 = CARTESIAN_POINT('',(14.395892747937,-4.703475458007,
    22.09980573934));
#1211 = ORIENTED_EDGE('',*,*,#1106,.F.);
#1212 = ORIENTED_EDGE('',*,*,#318,.F.);
#1213 = B_SPLINE_SURFACE_WITH_KNOTS('',1,7,(
    (#1214,#1215,#1216,#1217,#1218,#1219,#1220,#1221,#1222,#1223,#1224
      ,#1225,#1226,#1227)
    ,(#1228,#1229,#1230,#1231,#1232,#1233,#1234,#1235,#1236,#1237,#1238
      ,#1239,#1240,#1241
    )),.UNSPECIFIED.,.F.,.F.,.F.,(2,2),(8,6,8),(0.,0.545489708373),(
    3.211943351068,3.757433059441,3.786989716981),.UNSPECIFIED.);
#1214 = CARTESIAN_POINT('',(14.822548207493,-5.7,20.946687836487));
#1215 = CARTESIAN_POINT('',(14.87449960829,-5.7,21.004771268342));
#1216 = CARTESIAN_POINT('',(14.926451009087,-5.7,21.062854700196));
#1217 = CARTESIAN_POINT('',(14.978402409885,-5.7,21.120938132051));
#1218 = CARTESIAN_POINT('',(15.030353810682,-5.7,21.179021563905));
#1219 = CARTESIAN_POINT('',(15.08230521148,-5.7,21.237104995761));
#1220 = CARTESIAN_POINT('',(15.134256612277,-5.7,21.295188427615));
#1221 = CARTESIAN_POINT('',(15.18902293284,-5.7,21.356419035443));
#1222 = CARTESIAN_POINT('',(15.192113087956,-5.7,21.359873933894));
#1223 = CARTESIAN_POINT('',(15.195478478423,-5.7,21.363636554821));
#1224 = CARTESIAN_POINT('',(15.19911910424,-5.7,21.367706898224));
#1225 = CARTESIAN_POINT('',(15.203034965407,-5.7,21.372084964105));
#1226 = CARTESIAN_POINT('',(15.207226061925,-5.7,21.376770752461));
#1227 = CARTESIAN_POINT('',(15.211692393793,-5.7,21.381764263295));
#1228 = CARTESIAN_POINT('',(13.952368754828,-4.714122529507,21.725));
#1229 = CARTESIAN_POINT('',(13.974298936112,-4.720964388357,
    21.809935226894));
#1230 = CARTESIAN_POINT('',(14.011171873896,-4.726303580248,
    21.881505246066));
#1231 = CARTESIAN_POINT('',(14.058148000848,-4.728265658554,
    21.944038698131));
#1232 = CARTESIAN_POINT('',(14.114061893438,-4.726311798868,
    21.998577969582));
#1233 = CARTESIAN_POINT('',(14.182093825248,-4.721652628467,
    22.042278537253));
#1234 = CARTESIAN_POINT('',(14.258933612783,-4.713247474987,
    22.07810111927));
#1235 = CARTESIAN_POINT('',(14.363611026209,-4.705778754771,
    22.09468988851));
#1236 = CARTESIAN_POINT('',(14.368991313163,-4.705394871977,
    22.095542530315));
#1237 = CARTESIAN_POINT('',(14.374371600118,-4.705010989183,
    22.09639517212));
#1238 = CARTESIAN_POINT('',(14.379751887073,-4.704627106389,
    22.097247813925));
#1239 = CARTESIAN_POINT('',(14.385132174027,-4.704243223595,
    22.09810045573));
#1240 = CARTESIAN_POINT('',(14.390512460982,-4.703859340801,
    22.098953097535));
#1241 = CARTESIAN_POINT('',(14.395892747937,-4.703475458007,
    22.09980573934));
#1242 = ADVANCED_FACE('',(#1243),#1261,.T.);
#1243 = FACE_BOUND('',#1244,.T.);
#1244 = EDGE_LOOP('',(#1245,#1246,#1247,#1255));
#1245 = ORIENTED_EDGE('',*,*,#1166,.F.);
#1246 = ORIENTED_EDGE('',*,*,#236,.T.);
#1247 = ORIENTED_EDGE('',*,*,#1248,.T.);
#1248 = EDGE_CURVE('',#237,#1249,#1251,.T.);
#1249 = VERTEX_POINT('',#1250);
#1250 = CARTESIAN_POINT('',(14.55,-4.7,23.9));
#1251 = LINE('',#1252,#1253);
#1252 = CARTESIAN_POINT('',(14.583333333333,-4.733333333333,
    23.933333333333));
#1253 = VECTOR('',#1254,1.);
#1254 = DIRECTION('',(-0.57735026919,0.57735026919,-0.57735026919));
#1255 = ORIENTED_EDGE('',*,*,#1256,.F.);
#1256 = EDGE_CURVE('',#1167,#1249,#1257,.T.);
#1257 = LINE('',#1258,#1259);
#1258 = CARTESIAN_POINT('',(14.55,-4.7,22.1));
#1259 = VECTOR('',#1260,1.);
#1260 = DIRECTION('',(0.,2.2E-16,1.));
#1261 = PLANE('',#1262);
#1262 = AXIS2_PLACEMENT_3D('',#1263,#1264,#1265);
#1263 = CARTESIAN_POINT('',(15.05,-5.2,22.1));
#1264 = DIRECTION('',(-0.707106781187,-0.707106781187,0.));
#1265 = DIRECTION('',(-1.1E-16,1.1E-16,1.));
#1266 = ADVANCED_FACE('',(#1267),#1288,.F.);
#1267 = FACE_BOUND('',#1268,.F.);
#1268 = EDGE_LOOP('',(#1269,#1277,#1286,#1287));
#1269 = ORIENTED_EDGE('',*,*,#1270,.T.);
#1270 = EDGE_CURVE('',#299,#1271,#1273,.T.);
#1271 = VERTEX_POINT('',#1272);
#1272 = CARTESIAN_POINT('',(13.61803398875,-4.7,21.1));
#1273 = LINE('',#1274,#1275);
#1274 = CARTESIAN_POINT('',(13.61803398875,-4.7,21.1));
#1275 = VECTOR('',#1276,1.);
#1276 = DIRECTION('',(-0.527046276695,0.707106781187,0.471404520791));
#1277 = ORIENTED_EDGE('',*,*,#1278,.T.);
#1278 = EDGE_CURVE('',#1271,#1189,#1279,.T.);
#1279 = B_SPLINE_CURVE_WITH_KNOTS('',5,(#1280,#1281,#1282,#1283,#1284,
    #1285),.UNSPECIFIED.,.F.,.F.,(6,6),(2.523206011704,3.211943351068),
  .PIECEWISE_BEZIER_KNOTS.);
#1280 = CARTESIAN_POINT('',(13.61803398875,-4.7,21.1));
#1281 = CARTESIAN_POINT('',(13.709865633999,-4.7,21.202670900631));
#1282 = CARTESIAN_POINT('',(13.789944061015,-4.699915711888,
    21.315854199229));
#1283 = CARTESIAN_POINT('',(13.85807469196,-4.70024731612,
    21.439723931508));
#1284 = CARTESIAN_POINT('',(13.913603974725,-4.70202855042,
    21.574864652242));
#1285 = CARTESIAN_POINT('',(13.952368754828,-4.714122529507,21.725));
#1286 = ORIENTED_EDGE('',*,*,#1188,.F.);
#1287 = ORIENTED_EDGE('',*,*,#307,.F.);
#1288 = B_SPLINE_SURFACE_WITH_KNOTS('',1,5,(
    (#1289,#1290,#1291,#1292,#1293,#1294)
    ,(#1295,#1296,#1297,#1298,#1299,#1300
    )),.UNSPECIFIED.,.F.,.F.,.F.,(2,2),(6,6),(0.,0.688737339364),(
    2.523206011704,3.211943351068),.PIECEWISE_BEZIER_KNOTS.);
#1289 = CARTESIAN_POINT('',(14.36338998125,-5.7,20.433333333333));
#1290 = CARTESIAN_POINT('',(14.455221626498,-5.7,20.536004233964));
#1291 = CARTESIAN_POINT('',(14.547053271747,-5.7,20.638675134595));
#1292 = CARTESIAN_POINT('',(14.638884916996,-5.7,20.741346035226));
#1293 = CARTESIAN_POINT('',(14.730716562244,-5.7,20.844016935856));
#1294 = CARTESIAN_POINT('',(14.822548207493,-5.7,20.946687836487));
#1295 = CARTESIAN_POINT('',(13.61803398875,-4.7,21.1));
#1296 = CARTESIAN_POINT('',(13.709865633999,-4.7,21.202670900631));
#1297 = CARTESIAN_POINT('',(13.789944061015,-4.699915711888,
    21.315854199229));
#1298 = CARTESIAN_POINT('',(13.85807469196,-4.70024731612,
    21.439723931508));
#1299 = CARTESIAN_POINT('',(13.913603974725,-4.70202855042,
    21.574864652242));
#1300 = CARTESIAN_POINT('',(13.952368754828,-4.714122529507,21.725));
#1301 = ADVANCED_FACE('',(#1302),#1320,.T.);
#1302 = FACE_BOUND('',#1303,.T.);
#1303 = EDGE_LOOP('',(#1304,#1305,#1306,#1314));
#1304 = ORIENTED_EDGE('',*,*,#1248,.F.);
#1305 = ORIENTED_EDGE('',*,*,#244,.T.);
#1306 = ORIENTED_EDGE('',*,*,#1307,.T.);
#1307 = EDGE_CURVE('',#245,#1308,#1310,.T.);
#1308 = VERTEX_POINT('',#1309);
#1309 = CARTESIAN_POINT('',(10.45,-4.7,23.9));
#1310 = LINE('',#1311,#1312);
#1311 = CARTESIAN_POINT('',(10.8,-4.35,23.55));
#1312 = VECTOR('',#1313,1.);
#1313 = DIRECTION('',(0.57735026919,0.57735026919,-0.57735026919));
#1314 = ORIENTED_EDGE('',*,*,#1315,.F.);
#1315 = EDGE_CURVE('',#1249,#1308,#1316,.T.);
#1316 = LINE('',#1317,#1318);
#1317 = CARTESIAN_POINT('',(14.55,-4.7,23.9));
#1318 = VECTOR('',#1319,1.);
#1319 = DIRECTION('',(-1.,0.,0.));
#1320 = PLANE('',#1321);
#1321 = AXIS2_PLACEMENT_3D('',#1322,#1323,#1324);
#1322 = CARTESIAN_POINT('',(14.55,-5.2,24.4));
#1323 = DIRECTION('',(0.,-0.707106781187,-0.707106781187));
#1324 = DIRECTION('',(-1.,0.,0.));
#1325 = ADVANCED_FACE('',(#1326),#1344,.F.);
#1326 = FACE_BOUND('',#1327,.T.);
#1327 = EDGE_LOOP('',(#1328,#1335,#1336,#1337));
#1328 = ORIENTED_EDGE('',*,*,#1329,.F.);
#1329 = EDGE_CURVE('',#288,#1330,#1332,.T.);
#1330 = VERTEX_POINT('',#1331);
#1331 = CARTESIAN_POINT('',(11.38196601125,-4.7,21.1));
#1332 = B_SPLINE_CURVE_WITH_KNOTS('',1,(#1333,#1334),.UNSPECIFIED.,.F.,
  .F.,(2,2),(0.,0.688737339364),.PIECEWISE_BEZIER_KNOTS.);
#1333 = CARTESIAN_POINT('',(10.63661001875,-5.7,20.433333333333));
#1334 = CARTESIAN_POINT('',(11.38196601125,-4.7,21.1));
#1335 = ORIENTED_EDGE('',*,*,#298,.T.);
#1336 = ORIENTED_EDGE('',*,*,#1270,.T.);
#1337 = ORIENTED_EDGE('',*,*,#1338,.F.);
#1338 = EDGE_CURVE('',#1330,#1271,#1339,.T.);
#1339 = CIRCLE('',#1340,1.5);
#1340 = AXIS2_PLACEMENT_3D('',#1341,#1342,#1343);
#1341 = CARTESIAN_POINT('',(12.5,-4.7,22.1));
#1342 = DIRECTION('',(0.,-1.,-0.));
#1343 = DIRECTION('',(-0.7453559925,0.,-0.666666666667));
#1344 = CONICAL_SURFACE('',#1345,1.5,0.785398163397);
#1345 = AXIS2_PLACEMENT_3D('',#1346,#1347,#1348);
#1346 = CARTESIAN_POINT('',(12.5,-4.7,22.1));
#1347 = DIRECTION('',(-0.,-1.,-0.));
#1348 = DIRECTION('',(-0.7453559925,0.,-0.666666666667));
#1349 = ADVANCED_FACE('',(#1350),#1368,.T.);
#1350 = FACE_BOUND('',#1351,.T.);
#1351 = EDGE_LOOP('',(#1352,#1353,#1354,#1362));
#1352 = ORIENTED_EDGE('',*,*,#1307,.F.);
#1353 = ORIENTED_EDGE('',*,*,#252,.T.);
#1354 = ORIENTED_EDGE('',*,*,#1355,.T.);
#1355 = EDGE_CURVE('',#253,#1356,#1358,.T.);
#1356 = VERTEX_POINT('',#1357);
#1357 = CARTESIAN_POINT('',(10.45,-4.7,22.1));
#1358 = LINE('',#1359,#1360);
#1359 = CARTESIAN_POINT('',(10.416666666667,-4.733333333333,
    22.066666666667));
#1360 = VECTOR('',#1361,1.);
#1361 = DIRECTION('',(0.57735026919,0.57735026919,0.57735026919));
#1362 = ORIENTED_EDGE('',*,*,#1363,.F.);
#1363 = EDGE_CURVE('',#1308,#1356,#1364,.T.);
#1364 = LINE('',#1365,#1366);
#1365 = CARTESIAN_POINT('',(10.45,-4.7,23.9));
#1366 = VECTOR('',#1367,1.);
#1367 = DIRECTION('',(0.,-2.2E-16,-1.));
#1368 = PLANE('',#1369);
#1369 = AXIS2_PLACEMENT_3D('',#1370,#1371,#1372);
#1370 = CARTESIAN_POINT('',(9.95,-5.2,23.9));
#1371 = DIRECTION('',(0.707106781187,-0.707106781187,0.));
#1372 = DIRECTION('',(-1.1E-16,-1.1E-16,-1.));
#1373 = ADVANCED_FACE('',(#1374),#1394,.F.);
#1374 = FACE_BOUND('',#1375,.F.);
#1375 = EDGE_LOOP('',(#1376,#1383,#1392,#1393));
#1376 = ORIENTED_EDGE('',*,*,#1377,.T.);
#1377 = EDGE_CURVE('',#269,#1378,#1380,.T.);
#1378 = VERTEX_POINT('',#1379);
#1379 = CARTESIAN_POINT('',(11.047631245172,-4.714122529507,21.725));
#1380 = B_SPLINE_CURVE_WITH_KNOTS('',1,(#1381,#1382),.UNSPECIFIED.,.F.,
  .F.,(2,2),(0.,0.545489708373),.PIECEWISE_BEZIER_KNOTS.);
#1381 = CARTESIAN_POINT('',(10.177451792507,-5.7,20.946687836487));
#1382 = CARTESIAN_POINT('',(11.047631245172,-4.714122529507,21.725));
#1383 = ORIENTED_EDGE('',*,*,#1384,.T.);
#1384 = EDGE_CURVE('',#1378,#1330,#1385,.T.);
#1385 = B_SPLINE_CURVE_WITH_KNOTS('',5,(#1386,#1387,#1388,#1389,#1390,
    #1391),.UNSPECIFIED.,.F.,.F.,(6,6),(-0.688737339364,0.),
  .PIECEWISE_BEZIER_KNOTS.);
#1386 = CARTESIAN_POINT('',(11.047631245172,-4.714122529507,21.725));
#1387 = CARTESIAN_POINT('',(11.086396025275,-4.70202855042,
    21.574864652242));
#1388 = CARTESIAN_POINT('',(11.14192530804,-4.70024731612,
    21.439723931508));
#1389 = CARTESIAN_POINT('',(11.210055938985,-4.699915711888,
    21.31585419923));
#1390 = CARTESIAN_POINT('',(11.290134366001,-4.7,21.202670900631));
#1391 = CARTESIAN_POINT('',(11.38196601125,-4.7,21.1));
#1392 = ORIENTED_EDGE('',*,*,#1329,.F.);
#1393 = ORIENTED_EDGE('',*,*,#287,.F.);
#1394 = B_SPLINE_SURFACE_WITH_KNOTS('',1,5,(
    (#1395,#1396,#1397,#1398,#1399,#1400)
    ,(#1401,#1402,#1403,#1404,#1405,#1406
    )),.UNSPECIFIED.,.F.,.F.,.F.,(2,2),(6,6),(0.,0.688737339364),(
    -0.688737339364,0.),.PIECEWISE_BEZIER_KNOTS.);
#1395 = CARTESIAN_POINT('',(10.177451792507,-5.7,20.946687836487));
#1396 = CARTESIAN_POINT('',(10.269283437756,-5.7,20.844016935856));
#1397 = CARTESIAN_POINT('',(10.361115083004,-5.7,20.741346035226));
#1398 = CARTESIAN_POINT('',(10.452946728253,-5.7,20.638675134595));
#1399 = CARTESIAN_POINT('',(10.544778373502,-5.7,20.536004233964));
#1400 = CARTESIAN_POINT('',(10.63661001875,-5.7,20.433333333333));
#1401 = CARTESIAN_POINT('',(11.047631245172,-4.714122529507,21.725));
#1402 = CARTESIAN_POINT('',(11.086396025275,-4.70202855042,
    21.574864652242));
#1403 = CARTESIAN_POINT('',(11.14192530804,-4.70024731612,
    21.439723931508));
#1404 = CARTESIAN_POINT('',(11.210055938985,-4.699915711888,
    21.31585419923));
#1405 = CARTESIAN_POINT('',(11.290134366001,-4.7,21.202670900631));
#1406 = CARTESIAN_POINT('',(11.38196601125,-4.7,21.1));
#1407 = ADVANCED_FACE('',(#1408),#1488,.T.);
#1408 = FACE_BOUND('',#1409,.T.);
#1409 = EDGE_LOOP('',(#1410,#1421,#1427,#1428,#1429));
#1410 = ORIENTED_EDGE('',*,*,#1411,.T.);
#1411 = EDGE_CURVE('',#1412,#1414,#1416,.T.);
#1412 = VERTEX_POINT('',#1413);
#1413 = CARTESIAN_POINT('',(10.641769260746,-4.706162637565,
    22.093837246705));
#1414 = VERTEX_POINT('',#1415);
#1415 = CARTESIAN_POINT('',(10.563508326896,-4.7,22.1));
#1416 = ELLIPSE('',#1417,0.707106781187,0.5);
#1417 = AXIS2_PLACEMENT_3D('',#1418,#1419,#1420);
#1418 = CARTESIAN_POINT('',(10.563508326896,-5.2,21.6));
#1419 = DIRECTION('',(0.,-0.707106781187,0.707106781187));
#1420 = DIRECTION('',(0.,-0.707106781187,-0.707106781187));
#1421 = ORIENTED_EDGE('',*,*,#1422,.F.);
#1422 = EDGE_CURVE('',#1356,#1414,#1423,.T.);
#1423 = LINE('',#1424,#1425);
#1424 = CARTESIAN_POINT('',(10.45,-4.7,22.1));
#1425 = VECTOR('',#1426,1.);
#1426 = DIRECTION('',(1.,0.,0.));
#1427 = ORIENTED_EDGE('',*,*,#1355,.F.);
#1428 = ORIENTED_EDGE('',*,*,#260,.T.);
#1429 = ORIENTED_EDGE('',*,*,#1430,.T.);
#1430 = EDGE_CURVE('',#261,#1412,#1431,.T.);
#1431 = B_SPLINE_CURVE_WITH_KNOTS('',7,(#1432,#1433,#1434,#1435,#1436,
    #1437,#1438,#1439,#1440,#1441,#1442,#1443,#1444,#1445,#1446,#1447,
    #1448,#1449,#1450,#1451,#1452,#1453,#1454,#1455,#1456,#1457,#1458,
    #1459,#1460,#1461,#1462,#1463,#1464,#1465,#1466,#1467,#1468,#1469,
    #1470,#1471,#1472,#1473,#1474,#1475,#1476,#1477,#1478,#1479,#1480,
    #1481,#1482,#1483,#1484,#1485,#1486,#1487),.UNSPECIFIED.,.F.,.F.,(8,
    6,6,6,6,6,6,6,6,8),(0.,0.122090666093,0.222998859913,0.430455960619,
    0.663539128059,0.819992368052,0.911426934037,0.950032735049,
    0.971235356623,1.),.UNSPECIFIED.);
#1432 = CARTESIAN_POINT('',(10.04032522475,-5.7,21.1));
#1433 = CARTESIAN_POINT('',(10.053872335667,-5.682814499438,
    21.117185500562));
#1434 = CARTESIAN_POINT('',(10.067429953279,-5.665631937239,
    21.134368062761));
#1435 = CARTESIAN_POINT('',(10.080994592675,-5.648451340287,
    21.151548659713));
#1436 = CARTESIAN_POINT('',(10.094562778061,-5.631271736574,
    21.168728263426));
#1437 = CARTESIAN_POINT('',(10.10813104276,-5.614092155195,
    21.185907844805));
#1438 = CARTESIAN_POINT('',(10.121695929214,-5.596911626352,
    21.203088373648));
#1439 = CARTESIAN_POINT('',(10.146459754064,-5.565527854211,
    21.234472145789));
#1440 = CARTESIAN_POINT('',(10.157660824169,-5.551325213251,
    21.248674786749));
#1441 = CARTESIAN_POINT('',(10.168855243564,-5.537120709513,
    21.262879290486));
#1442 = CARTESIAN_POINT('',(10.180040989965,-5.522913780843,
    21.277086219157));
#1443 = CARTESIAN_POINT('',(10.191215974527,-5.508703851886,
    21.291296148114));
#1444 = CARTESIAN_POINT('',(10.202378041856,-5.49449033409,
    21.30550966591));
#1445 = CARTESIAN_POINT('',(10.236441933494,-5.451042446784,
    21.348957553216));
#1446 = CARTESIAN_POINT('',(10.259294825943,-5.421794706974,
    21.378205293026));
#1447 = CARTESIAN_POINT('',(10.282063957466,-5.392523844017,
    21.407476155983));
#1448 = CARTESIAN_POINT('',(10.304728201045,-5.363224285675,
    21.436775714325));
#1449 = CARTESIAN_POINT('',(10.327263216461,-5.333889983307,
    21.466110016693));
#1450 = CARTESIAN_POINT('',(10.349639674236,-5.304513945452,
    21.495486054548));
#1451 = CARTESIAN_POINT('',(10.396743284757,-5.242026739372,
    21.557973260628));
#1452 = CARTESIAN_POINT('',(10.42141678632,-5.208905198839,
    21.591094801161));
#1453 = CARTESIAN_POINT('',(10.445794369399,-5.175708112457,
    21.624291887543));
#1454 = CARTESIAN_POINT('',(10.469808228009,-5.142420516958,
    21.657579483041));
#1455 = CARTESIAN_POINT('',(10.493375214438,-5.109028360215,
    21.690971639785));
#1456 = CARTESIAN_POINT('',(10.516376365487,-5.075513932117,
    21.724486067883));
#1457 = CARTESIAN_POINT('',(10.553535808877,-5.019246769645,
    21.780753230355));
#1458 = CARTESIAN_POINT('',(10.568109026038,-4.996587723228,
    21.803412276772));
#1459 = CARTESIAN_POINT('',(10.582274681771,-4.973849994443,
    21.826150005557));
#1460 = CARTESIAN_POINT('',(10.595955615903,-4.951022721202,
    21.848977278798));
#1461 = CARTESIAN_POINT('',(10.609025906212,-4.928099882913,
    21.871900117087));
#1462 = CARTESIAN_POINT('',(10.621328666136,-4.905081928018,
    21.894918071982));
#1463 = CARTESIAN_POINT('',(10.639085727104,-4.868442657489,
    21.931557342511));
#1464 = CARTESIAN_POINT('',(10.645252927525,-4.854909197407,
    21.945090802593));
#1465 = CARTESIAN_POINT('',(10.65098008356,-4.841338262551,
    21.958661737449));
#1466 = CARTESIAN_POINT('',(10.656182596651,-4.827729524954,
    21.972270475046));
#1467 = CARTESIAN_POINT('',(10.660718972035,-4.81410224682,
    21.98589775318));
#1468 = CARTESIAN_POINT('',(10.664414542139,-4.800493889464,
    21.999506110536));
#1469 = CARTESIAN_POINT('',(10.667967095963,-4.781247608525,
    22.018752391475));
#1470 = CARTESIAN_POINT('',(10.668807400782,-4.775552203038,
    22.024447796962));
#1471 = CARTESIAN_POINT('',(10.669406759414,-4.769878632991,
    22.030121367009));
#1472 = CARTESIAN_POINT('',(10.669732124609,-4.76423640095,
    22.03576359905));
#1473 = CARTESIAN_POINT('',(10.66974233741,-4.758641332229,
    22.041358667771));
#1474 = CARTESIAN_POINT('',(10.669386477927,-4.753115886429,
    22.046884113571));
#1475 = CARTESIAN_POINT('',(10.668171493117,-4.744709236127,
    22.055290763873));
#1476 = CARTESIAN_POINT('',(10.667611624712,-4.741759823331,
    22.058240176669));
#1477 = CARTESIAN_POINT('',(10.666912490264,-4.738846396241,
    22.061153603759));
#1478 = CARTESIAN_POINT('',(10.666062904366,-4.735975932993,
    22.064024067007));
#1479 = CARTESIAN_POINT('',(10.665051205685,-4.73315702971,
    22.06684297029));
#1480 = CARTESIAN_POINT('',(10.663865845811,-4.730399706009,
    22.069600293991));
#1481 = CARTESIAN_POINT('',(10.66063754017,-4.724073276166,
    22.075926723834));
#1482 = CARTESIAN_POINT('',(10.65843802683,-4.720562823391,
    22.079437176609));
#1483 = CARTESIAN_POINT('',(10.655872908131,-4.71721664158,
    22.08278335842));
#1484 = CARTESIAN_POINT('',(10.652921868658,-4.714071131564,
    22.085928868436));
#1485 = CARTESIAN_POINT('',(10.649576171477,-4.711161816593,
    22.088838183406));
#1486 = CARTESIAN_POINT('',(10.645846022098,-4.708518853322,
    22.091481146678));
#1487 = CARTESIAN_POINT('',(10.641767932429,-4.70616254279,
    22.09383745721));
#1488 = PLANE('',#1489);
#1489 = AXIS2_PLACEMENT_3D('',#1490,#1491,#1492);
#1490 = CARTESIAN_POINT('',(10.45,-5.2,21.6));
#1491 = DIRECTION('',(0.,-0.707106781187,0.707106781187));
#1492 = DIRECTION('',(1.,0.,0.));
#1493 = ADVANCED_FACE('',(#1494),#1516,.F.);
#1494 = FACE_BOUND('',#1495,.F.);
#1495 = EDGE_LOOP('',(#1496,#1497,#1514,#1515));
#1496 = ORIENTED_EDGE('',*,*,#1430,.T.);
#1497 = ORIENTED_EDGE('',*,*,#1498,.T.);
#1498 = EDGE_CURVE('',#1412,#1378,#1499,.T.);
#1499 = B_SPLINE_CURVE_WITH_KNOTS('',7,(#1500,#1501,#1502,#1503,#1504,
    #1505,#1506,#1507,#1508,#1509,#1510,#1511,#1512,#1513),
  .UNSPECIFIED.,.F.,.F.,(8,6,8),(-1.263783705278,-1.234227047737,
    -0.688737339364),.UNSPECIFIED.);
#1500 = CARTESIAN_POINT('',(10.604107252063,-4.703475458007,
    22.09980573934));
#1501 = CARTESIAN_POINT('',(10.609487539018,-4.703859340801,
    22.098953097535));
#1502 = CARTESIAN_POINT('',(10.614867825973,-4.704243223595,
    22.09810045573));
#1503 = CARTESIAN_POINT('',(10.620248112927,-4.704627106389,
    22.097247813925));
#1504 = CARTESIAN_POINT('',(10.625628399882,-4.705010989183,
    22.09639517212));
#1505 = CARTESIAN_POINT('',(10.631008686837,-4.705394871977,
    22.095542530315));
#1506 = CARTESIAN_POINT('',(10.636388973791,-4.705778754771,
    22.09468988851));
#1507 = CARTESIAN_POINT('',(10.741066387217,-4.713247474987,
    22.07810111927));
#1508 = CARTESIAN_POINT('',(10.817906174752,-4.721652628467,
    22.042278537253));
#1509 = CARTESIAN_POINT('',(10.885938106562,-4.726311798869,
    21.998577969583));
#1510 = CARTESIAN_POINT('',(10.941851999152,-4.728265658553,
    21.944038698131));
#1511 = CARTESIAN_POINT('',(10.988828126104,-4.726303580248,
    21.881505246067));
#1512 = CARTESIAN_POINT('',(11.025701063888,-4.720964388356,
    21.809935226894));
#1513 = CARTESIAN_POINT('',(11.047631245172,-4.714122529507,21.725));
#1514 = ORIENTED_EDGE('',*,*,#1377,.F.);
#1515 = ORIENTED_EDGE('',*,*,#268,.F.);
#1516 = B_SPLINE_SURFACE_WITH_KNOTS('',1,7,(
    (#1517,#1518,#1519,#1520,#1521,#1522,#1523,#1524,#1525,#1526,#1527
      ,#1528,#1529,#1530)
    ,(#1531,#1532,#1533,#1534,#1535,#1536,#1537,#1538,#1539,#1540,#1541
      ,#1542,#1543,#1544
    )),.UNSPECIFIED.,.F.,.F.,.F.,(2,2),(8,6,8),(0.,0.545489708373),(
    -1.263783705278,-1.234227047737,-0.688737339364),.UNSPECIFIED.);
#1517 = CARTESIAN_POINT('',(9.788307606207,-5.7,21.381764263295));
#1518 = CARTESIAN_POINT('',(9.792773938075,-5.7,21.376770752461));
#1519 = CARTESIAN_POINT('',(9.796965034593,-5.7,21.372084964105));
#1520 = CARTESIAN_POINT('',(9.80088089576,-5.7,21.367706898224));
#1521 = CARTESIAN_POINT('',(9.804521521577,-5.7,21.363636554821));
#1522 = CARTESIAN_POINT('',(9.807886912043,-5.7,21.359873933894));
#1523 = CARTESIAN_POINT('',(9.81097706716,-5.7,21.356419035443));
#1524 = CARTESIAN_POINT('',(9.865743387723,-5.7,21.295188427615));
#1525 = CARTESIAN_POINT('',(9.91769478852,-5.7,21.23710499576));
#1526 = CARTESIAN_POINT('',(9.969646189318,-5.7,21.179021563906));
#1527 = CARTESIAN_POINT('',(10.021597590115,-5.7,21.120938132051));
#1528 = CARTESIAN_POINT('',(10.073548990912,-5.7,21.062854700197));
#1529 = CARTESIAN_POINT('',(10.12550039171,-5.7,21.004771268342));
#1530 = CARTESIAN_POINT('',(10.177451792507,-5.7,20.946687836487));
#1531 = CARTESIAN_POINT('',(10.604107252063,-4.703475458007,
    22.09980573934));
#1532 = CARTESIAN_POINT('',(10.609487539018,-4.703859340801,
    22.098953097535));
#1533 = CARTESIAN_POINT('',(10.614867825973,-4.704243223595,
    22.09810045573));
#1534 = CARTESIAN_POINT('',(10.620248112927,-4.704627106389,
    22.097247813925));
#1535 = CARTESIAN_POINT('',(10.625628399882,-4.705010989183,
    22.09639517212));
#1536 = CARTESIAN_POINT('',(10.631008686837,-4.705394871977,
    22.095542530315));
#1537 = CARTESIAN_POINT('',(10.636388973791,-4.705778754771,
    22.09468988851));
#1538 = CARTESIAN_POINT('',(10.741066387217,-4.713247474987,
    22.07810111927));
#1539 = CARTESIAN_POINT('',(10.817906174752,-4.721652628467,
    22.042278537253));
#1540 = CARTESIAN_POINT('',(10.885938106562,-4.726311798869,
    21.998577969583));
#1541 = CARTESIAN_POINT('',(10.941851999152,-4.728265658553,
    21.944038698131));
#1542 = CARTESIAN_POINT('',(10.988828126104,-4.726303580248,
    21.881505246067));
#1543 = CARTESIAN_POINT('',(11.025701063888,-4.720964388356,
    21.809935226894));
#1544 = CARTESIAN_POINT('',(11.047631245172,-4.714122529507,21.725));
#1545 = ADVANCED_FACE('',(#1546),#1573,.T.);
#1546 = FACE_BOUND('',#1547,.T.);
#1547 = EDGE_LOOP('',(#1548,#1549,#1557,#1566,#1572));
#1548 = ORIENTED_EDGE('',*,*,#343,.F.);
#1549 = ORIENTED_EDGE('',*,*,#1550,.T.);
#1550 = EDGE_CURVE('',#344,#1551,#1553,.T.);
#1551 = VERTEX_POINT('',#1552);
#1552 = CARTESIAN_POINT('',(-10.56350832689,2.6,22.1));
#1553 = LINE('',#1554,#1555);
#1554 = CARTESIAN_POINT('',(-10.56350832689,-5.7,22.1));
#1555 = VECTOR('',#1556,1.);
#1556 = DIRECTION('',(0.,1.,-2.2E-16));
#1557 = ORIENTED_EDGE('',*,*,#1558,.T.);
#1558 = EDGE_CURVE('',#1551,#1559,#1561,.T.);
#1559 = VERTEX_POINT('',#1560);
#1560 = CARTESIAN_POINT('',(-11.04763124517,2.6,21.725));
#1561 = CIRCLE('',#1562,0.5);
#1562 = AXIS2_PLACEMENT_3D('',#1563,#1564,#1565);
#1563 = CARTESIAN_POINT('',(-10.56350832689,2.6,21.6));
#1564 = DIRECTION('',(0.,-1.,0.));
#1565 = DIRECTION('',(1.,0.,0.));
#1566 = ORIENTED_EDGE('',*,*,#1567,.F.);
#1567 = EDGE_CURVE('',#437,#1559,#1568,.T.);
#1568 = LINE('',#1569,#1570);
#1569 = CARTESIAN_POINT('',(-11.04763124517,-5.7,21.725));
#1570 = VECTOR('',#1571,1.);
#1571 = DIRECTION('',(0.,1.,-2.2E-16));
#1572 = ORIENTED_EDGE('',*,*,#443,.T.);
#1573 = CYLINDRICAL_SURFACE('',#1574,0.5);
#1574 = AXIS2_PLACEMENT_3D('',#1575,#1576,#1577);
#1575 = CARTESIAN_POINT('',(-10.56350832689,-5.7,21.6));
#1576 = DIRECTION('',(0.,-1.,2.2E-16));
#1577 = DIRECTION('',(1.,0.,0.));
#1578 = ADVANCED_FACE('',(#1579),#1597,.F.);
#1579 = FACE_BOUND('',#1580,.F.);
#1580 = EDGE_LOOP('',(#1581,#1582,#1583,#1591));
#1581 = ORIENTED_EDGE('',*,*,#422,.F.);
#1582 = ORIENTED_EDGE('',*,*,#1550,.T.);
#1583 = ORIENTED_EDGE('',*,*,#1584,.T.);
#1584 = EDGE_CURVE('',#1551,#1585,#1587,.T.);
#1585 = VERTEX_POINT('',#1586);
#1586 = CARTESIAN_POINT('',(-10.45,2.6,22.1));
#1587 = LINE('',#1588,#1589);
#1588 = CARTESIAN_POINT('',(-14.55,2.6,22.1));
#1589 = VECTOR('',#1590,1.);
#1590 = DIRECTION('',(1.,0.,0.));
#1591 = ORIENTED_EDGE('',*,*,#1592,.F.);
#1592 = EDGE_CURVE('',#415,#1585,#1593,.T.);
#1593 = LINE('',#1594,#1595);
#1594 = CARTESIAN_POINT('',(-10.45,-5.7,22.1));
#1595 = VECTOR('',#1596,1.);
#1596 = DIRECTION('',(0.,1.,-2.2E-16));
#1597 = PLANE('',#1598);
#1598 = AXIS2_PLACEMENT_3D('',#1599,#1600,#1601);
#1599 = CARTESIAN_POINT('',(-14.55,-5.7,22.1));
#1600 = DIRECTION('',(0.,-2.2E-16,-1.));
#1601 = DIRECTION('',(1.,0.,0.));
#1602 = ADVANCED_FACE('',(#1603),#1621,.F.);
#1603 = FACE_BOUND('',#1604,.F.);
#1604 = EDGE_LOOP('',(#1605,#1606,#1614,#1620));
#1605 = ORIENTED_EDGE('',*,*,#1592,.T.);
#1606 = ORIENTED_EDGE('',*,*,#1607,.T.);
#1607 = EDGE_CURVE('',#1585,#1608,#1610,.T.);
#1608 = VERTEX_POINT('',#1609);
#1609 = CARTESIAN_POINT('',(-10.45,2.6,23.9));
#1610 = LINE('',#1611,#1612);
#1611 = CARTESIAN_POINT('',(-10.45,2.6,22.1));
#1612 = VECTOR('',#1613,1.);
#1613 = DIRECTION('',(0.,0.,1.));
#1614 = ORIENTED_EDGE('',*,*,#1615,.F.);
#1615 = EDGE_CURVE('',#497,#1608,#1616,.T.);
#1616 = LINE('',#1617,#1618);
#1617 = CARTESIAN_POINT('',(-10.45,-5.7,23.9));
#1618 = VECTOR('',#1619,1.);
#1619 = DIRECTION('',(0.,1.,-2.2E-16));
#1620 = ORIENTED_EDGE('',*,*,#504,.F.);
#1621 = PLANE('',#1622);
#1622 = AXIS2_PLACEMENT_3D('',#1623,#1624,#1625);
#1623 = CARTESIAN_POINT('',(-10.45,-5.7,22.1));
#1624 = DIRECTION('',(1.,0.,0.));
#1625 = DIRECTION('',(0.,2.2E-16,1.));
#1626 = ADVANCED_FACE('',(#1627,#1648),#1737,.F.);
#1627 = FACE_BOUND('',#1628,.F.);
#1628 = EDGE_LOOP('',(#1629,#1630,#1631,#1632,#1633,#1641));
#1629 = ORIENTED_EDGE('',*,*,#1567,.F.);
#1630 = ORIENTED_EDGE('',*,*,#526,.F.);
#1631 = ORIENTED_EDGE('',*,*,#586,.F.);
#1632 = ORIENTED_EDGE('',*,*,#632,.F.);
#1633 = ORIENTED_EDGE('',*,*,#1634,.T.);
#1634 = EDGE_CURVE('',#626,#1635,#1637,.T.);
#1635 = VERTEX_POINT('',#1636);
#1636 = CARTESIAN_POINT('',(-13.95236875482,2.6,21.725));
#1637 = LINE('',#1638,#1639);
#1638 = CARTESIAN_POINT('',(-13.95236875482,-5.7,21.725));
#1639 = VECTOR('',#1640,1.);
#1640 = DIRECTION('',(0.,1.,-2.2E-16));
#1641 = ORIENTED_EDGE('',*,*,#1642,.T.);
#1642 = EDGE_CURVE('',#1635,#1559,#1643,.T.);
#1643 = CIRCLE('',#1644,1.5);
#1644 = AXIS2_PLACEMENT_3D('',#1645,#1646,#1647);
#1645 = CARTESIAN_POINT('',(-12.5,2.6,22.1));
#1646 = DIRECTION('',(0.,-1.,0.));
#1647 = DIRECTION('',(1.,0.,0.));
#1648 = FACE_BOUND('',#1649,.F.);
#1649 = EDGE_LOOP('',(#1650));
#1650 = ORIENTED_EDGE('',*,*,#1651,.T.);
#1651 = EDGE_CURVE('',#1652,#1652,#1654,.T.);
#1652 = VERTEX_POINT('',#1653);
#1653 = CARTESIAN_POINT('',(-11.5,6.E-15,20.98196601125));
#1654 = B_SPLINE_CURVE_WITH_KNOTS('',6,(#1655,#1656,#1657,#1658,#1659,
    #1660,#1661,#1662,#1663,#1664,#1665,#1666,#1667,#1668,#1669,#1670,
    #1671,#1672,#1673,#1674,#1675,#1676,#1677,#1678,#1679,#1680,#1681,
    #1682,#1683,#1684,#1685,#1686,#1687,#1688,#1689,#1690,#1691,#1692,
    #1693,#1694,#1695,#1696,#1697,#1698,#1699,#1700,#1701,#1702,#1703,
    #1704,#1705,#1706,#1707,#1708,#1709,#1710,#1711,#1712,#1713,#1714,
    #1715,#1716,#1717,#1718,#1719,#1720,#1721,#1722,#1723,#1724,#1725,
    #1726,#1727,#1728,#1729,#1730,#1731,#1732,#1733,#1734,#1735,#1736),
  .UNSPECIFIED.,.T.,.F.,(7,5,5,5,5,5,5,5,5,5,5,5,5,5,5,5,7),(0.,
    5.129774259884E-02,0.109835842824,0.18446744033,0.249880518426,
    0.315296033562,0.389787096115,0.448679218325,0.499756993056,
    0.532393872968,0.609592387362,0.684317094573,0.749811781472,
    0.815308908483,0.889892905492,0.948858501045,1.),.UNSPECIFIED.);
#1655 = CARTESIAN_POINT('',(-11.5,6.22E-15,20.98196601125));
#1656 = CARTESIAN_POINT('',(-11.5,5.288580720353E-02,20.98196601125));
#1657 = CARTESIAN_POINT('',(-11.5033562683,0.105653116262,
    20.978964097517));
#1658 = CARTESIAN_POINT('',(-11.51004074679,0.15803055773,
    20.972985208716));
#1659 = CARTESIAN_POINT('',(-11.51999458535,0.209734145851,
    20.964218490697));
#1660 = CARTESIAN_POINT('',(-11.533116736,0.260435829253,20.95301777855)
  );
#1661 = CARTESIAN_POINT('',(-11.56751526422,0.366026293938,
    20.924825939706));
#1662 = CARTESIAN_POINT('',(-11.58971296109,0.420593788672,
    20.907214616792));
#1663 = CARTESIAN_POINT('',(-11.61561613299,0.473331743907,
    20.887573201344));
#1664 = CARTESIAN_POINT('',(-11.64511134511,0.524079065586,
    20.866481893132));
#1665 = CARTESIAN_POINT('',(-11.67809074584,0.572641495661,
    20.84449726739));
#1666 = CARTESIAN_POINT('',(-11.76081327997,0.677654611305,
    20.793644604914));
#1667 = CARTESIAN_POINT('',(-11.81281290905,0.732781515518,
    20.764459238012));
#1668 = CARTESIAN_POINT('',(-11.87031116175,0.783697921889,
    20.735665520101));
#1669 = CARTESIAN_POINT('',(-11.93317795258,0.829829371836,
    20.708284340737));
#1670 = CARTESIAN_POINT('',(-12.00123904012,0.870484486178,
    20.683302928633));
#1671 = CARTESIAN_POINT('',(-12.13818765712,0.934927613699,
    20.642762142161));
#1672 = CARTESIAN_POINT('',(-12.20610367338,0.960258230797,
    20.626369873376));
#1673 = CARTESIAN_POINT('',(-12.27718856713,0.979909737675,
    20.61339301919));
#1674 = CARTESIAN_POINT('',(-12.3505269206,0.993273744567,
    20.604484302067));
#1675 = CARTESIAN_POINT('',(-12.42513191503,1.,20.6));
#1676 = CARTESIAN_POINT('',(-12.57487087425,1.,20.6));
#1677 = CARTESIAN_POINT('',(-12.64947481811,0.993273244828,
    20.604484639728));
#1678 = CARTESIAN_POINT('',(-12.72281032012,0.979909526806,
    20.613393149566));
#1679 = CARTESIAN_POINT('',(-12.79389268922,0.960259153898,
    20.626369246447));
#1680 = CARTESIAN_POINT('',(-12.86180853438,0.934929405839,
    20.642761014737));
#1681 = CARTESIAN_POINT('',(-12.99862515489,0.870548391151,
    20.683262726396));
#1682 = CARTESIAN_POINT('',(-13.06656826045,0.829980877464,
    20.708191249829));
#1683 = CARTESIAN_POINT('',(-13.12933662261,0.783956169675,
    20.735512206723));
#1684 = CARTESIAN_POINT('',(-13.18675713447,0.733161998146,
    20.764244022933));
#1685 = CARTESIAN_POINT('',(-13.23870060764,0.678169705366,
    20.793371868064));
#1686 = CARTESIAN_POINT('',(-13.32165199099,0.573047708343,
    20.844318748312));
#1687 = CARTESIAN_POINT('',(-13.35485355405,0.524200620507,
    20.866444830097));
#1688 = CARTESIAN_POINT('',(-13.3845285881,0.473141276666,
    20.887668690503));
#1689 = CARTESIAN_POINT('',(-13.41056713837,0.420067870523,
    20.90742336192));
#1690 = CARTESIAN_POINT('',(-13.43285377277,0.365144572545,
    20.925117698363));
#1691 = CARTESIAN_POINT('',(-13.4671604069,0.259362082412,
    20.953254412127));
#1692 = CARTESIAN_POINT('',(-13.48017356846,0.208858756314,
    20.964366587029));
#1693 = CARTESIAN_POINT('',(-13.49004408025,0.157365105875,
    20.973061083024));
#1694 = CARTESIAN_POINT('',(-13.49667222685,0.10520543505,20.97898958361
    ));
#1695 = CARTESIAN_POINT('',(-13.5,5.266082090638E-02,20.98196601125));
#1696 = CARTESIAN_POINT('',(-13.5,-3.364839006796E-02,20.98196601125));
#1697 = CARTESIAN_POINT('',(-13.49864132567,-6.728101000753E-02,
    20.980750925801));
#1698 = CARTESIAN_POINT('',(-13.49592644508,-0.100814257206,
    20.978322240026));
#1699 = CARTESIAN_POINT('',(-13.49186626295,-0.134158811166,
    20.974713421983));
#1700 = CARTESIAN_POINT('',(-13.48648354456,-0.167220276507,
    20.969987721037));
#1701 = CARTESIAN_POINT('',(-13.46404588891,-0.277199269887,
    20.950630899566));
#1702 = CARTESIAN_POINT('',(-13.44116377335,-0.351995433813,
    20.93134905409));
#1703 = CARTESIAN_POINT('',(-13.41159501989,-0.424030016883,
    20.90750693321));
#1704 = CARTESIAN_POINT('',(-13.37558711386,-0.492882323503,
    20.880463209984));
#1705 = CARTESIAN_POINT('',(-13.33344100285,-0.558002378609,
    20.851586268357));
#1706 = CARTESIAN_POINT('',(-13.23918672002,-0.677654611305,
    20.793644604914));
#1707 = CARTESIAN_POINT('',(-13.18718709094,-0.732781515518,
    20.764459238012));
#1708 = CARTESIAN_POINT('',(-13.12968883824,-0.783697921889,
    20.735665520101));
#1709 = CARTESIAN_POINT('',(-13.06682204741,-0.829829371836,
    20.708284340737));
#1710 = CARTESIAN_POINT('',(-12.99876095987,-0.870484486178,
    20.683302928633));
#1711 = CARTESIAN_POINT('',(-12.86181234283,-0.934927613716,
    20.642762142151));
#1712 = CARTESIAN_POINT('',(-12.79389632662,-0.960258230786,
    20.626369873383));
#1713 = CARTESIAN_POINT('',(-12.7228114329,-0.979909737666,
    20.613393019196));
#1714 = CARTESIAN_POINT('',(-12.6494730794,-0.993273744573,
    20.604484302062));
#1715 = CARTESIAN_POINT('',(-12.57486808492,-1.,20.6));
#1716 = CARTESIAN_POINT('',(-12.42512912574,-1.,20.6));
#1717 = CARTESIAN_POINT('',(-12.35052518188,-0.993273244828,
    20.604484639728));
#1718 = CARTESIAN_POINT('',(-12.27718967987,-0.979909526806,
    20.613393149566));
#1719 = CARTESIAN_POINT('',(-12.20610731078,-0.960259153898,
    20.626369246447));
#1720 = CARTESIAN_POINT('',(-12.13819146561,-0.934929405839,
    20.642761014737));
#1721 = CARTESIAN_POINT('',(-12.00137484511,-0.870548391151,
    20.683262726396));
#1722 = CARTESIAN_POINT('',(-11.93343173954,-0.829980877464,
    20.708191249829));
#1723 = CARTESIAN_POINT('',(-11.87066337738,-0.783956169675,
    20.735512206723));
#1724 = CARTESIAN_POINT('',(-11.81324286552,-0.733161998146,
    20.764244022933));
#1725 = CARTESIAN_POINT('',(-11.76129939235,-0.678169705366,
    20.793371868064));
#1726 = CARTESIAN_POINT('',(-11.67834800901,-0.573047708343,
    20.844318748312));
#1727 = CARTESIAN_POINT('',(-11.64514644594,-0.524200620507,
    20.866444830097));
#1728 = CARTESIAN_POINT('',(-11.61547141189,-0.473141276666,
    20.887668690503));
#1729 = CARTESIAN_POINT('',(-11.58943286162,-0.420067870523,
    20.90742336192));
#1730 = CARTESIAN_POINT('',(-11.56714622722,-0.365144572545,
    20.925117698363));
#1731 = CARTESIAN_POINT('',(-11.5328395931,-0.259362082412,
    20.953254412127));
#1732 = CARTESIAN_POINT('',(-11.51982643153,-0.208858756314,
    20.964366587029));
#1733 = CARTESIAN_POINT('',(-11.50995591974,-0.157365105875,
    20.973061083024));
#1734 = CARTESIAN_POINT('',(-11.50332777314,-0.105205435049,
    20.97898958361));
#1735 = CARTESIAN_POINT('',(-11.5,-5.266082090645E-02,20.98196601125));
#1736 = CARTESIAN_POINT('',(-11.5,6.22E-15,20.98196601125));
#1737 = CYLINDRICAL_SURFACE('',#1738,1.5);
#1738 = AXIS2_PLACEMENT_3D('',#1739,#1740,#1741);
#1739 = CARTESIAN_POINT('',(-12.5,-5.7,22.1));
#1740 = DIRECTION('',(0.,-1.,2.2E-16));
#1741 = DIRECTION('',(1.,0.,0.));
#1742 = ADVANCED_FACE('',(#1743,#1761),#1772,.F.);
#1743 = FACE_BOUND('',#1744,.F.);
#1744 = EDGE_LOOP('',(#1745,#1746,#1754,#1760));
#1745 = ORIENTED_EDGE('',*,*,#1615,.T.);
#1746 = ORIENTED_EDGE('',*,*,#1747,.T.);
#1747 = EDGE_CURVE('',#1608,#1748,#1750,.T.);
#1748 = VERTEX_POINT('',#1749);
#1749 = CARTESIAN_POINT('',(-14.55,2.6,23.9));
#1750 = LINE('',#1751,#1752);
#1751 = CARTESIAN_POINT('',(-10.45,2.6,23.9));
#1752 = VECTOR('',#1753,1.);
#1753 = DIRECTION('',(-1.,0.,0.));
#1754 = ORIENTED_EDGE('',*,*,#1755,.F.);
#1755 = EDGE_CURVE('',#556,#1748,#1756,.T.);
#1756 = LINE('',#1757,#1758);
#1757 = CARTESIAN_POINT('',(-14.55,-5.7,23.9));
#1758 = VECTOR('',#1759,1.);
#1759 = DIRECTION('',(0.,1.,-2.2E-16));
#1760 = ORIENTED_EDGE('',*,*,#563,.F.);
#1761 = FACE_BOUND('',#1762,.F.);
#1762 = EDGE_LOOP('',(#1763));
#1763 = ORIENTED_EDGE('',*,*,#1764,.F.);
#1764 = EDGE_CURVE('',#1765,#1765,#1767,.T.);
#1765 = VERTEX_POINT('',#1766);
#1766 = CARTESIAN_POINT('',(-11.5,6.E-15,23.9));
#1767 = CIRCLE('',#1768,1.);
#1768 = AXIS2_PLACEMENT_3D('',#1769,#1770,#1771);
#1769 = CARTESIAN_POINT('',(-12.5,6.38E-15,23.9));
#1770 = DIRECTION('',(0.,0.,1.));
#1771 = DIRECTION('',(1.,0.,0.));
#1772 = PLANE('',#1773);
#1773 = AXIS2_PLACEMENT_3D('',#1774,#1775,#1776);
#1774 = CARTESIAN_POINT('',(-10.45,-5.7,23.9));
#1775 = DIRECTION('',(0.,2.2E-16,1.));
#1776 = DIRECTION('',(-1.,0.,0.));
#1777 = ADVANCED_FACE('',(#1778),#1796,.F.);
#1778 = FACE_BOUND('',#1779,.F.);
#1779 = EDGE_LOOP('',(#1780,#1781,#1789,#1795));
#1780 = ORIENTED_EDGE('',*,*,#1755,.T.);
#1781 = ORIENTED_EDGE('',*,*,#1782,.T.);
#1782 = EDGE_CURVE('',#1748,#1783,#1785,.T.);
#1783 = VERTEX_POINT('',#1784);
#1784 = CARTESIAN_POINT('',(-14.55,2.6,22.1));
#1785 = LINE('',#1786,#1787);
#1786 = CARTESIAN_POINT('',(-14.55,2.6,23.9));
#1787 = VECTOR('',#1788,1.);
#1788 = DIRECTION('',(0.,0.,-1.));
#1789 = ORIENTED_EDGE('',*,*,#1790,.F.);
#1790 = EDGE_CURVE('',#604,#1783,#1791,.T.);
#1791 = LINE('',#1792,#1793);
#1792 = CARTESIAN_POINT('',(-14.55,-5.7,22.1));
#1793 = VECTOR('',#1794,1.);
#1794 = DIRECTION('',(0.,1.,-2.2E-16));
#1795 = ORIENTED_EDGE('',*,*,#611,.F.);
#1796 = PLANE('',#1797);
#1797 = AXIS2_PLACEMENT_3D('',#1798,#1799,#1800);
#1798 = CARTESIAN_POINT('',(-14.55,-5.7,23.9));
#1799 = DIRECTION('',(-1.,0.,0.));
#1800 = DIRECTION('',(-0.,-2.2E-16,-1.));
#1801 = ADVANCED_FACE('',(#1802),#1822,.T.);
#1802 = FACE_BOUND('',#1803,.T.);
#1803 = EDGE_LOOP('',(#1804,#1805,#1806,#1807,#1816));
#1804 = ORIENTED_EDGE('',*,*,#659,.F.);
#1805 = ORIENTED_EDGE('',*,*,#746,.T.);
#1806 = ORIENTED_EDGE('',*,*,#1634,.T.);
#1807 = ORIENTED_EDGE('',*,*,#1808,.T.);
#1808 = EDGE_CURVE('',#1635,#1809,#1811,.T.);
#1809 = VERTEX_POINT('',#1810);
#1810 = CARTESIAN_POINT('',(-14.4364916731,2.6,22.1));
#1811 = CIRCLE('',#1812,0.5);
#1812 = AXIS2_PLACEMENT_3D('',#1813,#1814,#1815);
#1813 = CARTESIAN_POINT('',(-14.4364916731,2.6,21.6));
#1814 = DIRECTION('',(0.,-1.,0.));
#1815 = DIRECTION('',(1.,0.,0.));
#1816 = ORIENTED_EDGE('',*,*,#1817,.F.);
#1817 = EDGE_CURVE('',#662,#1809,#1818,.T.);
#1818 = LINE('',#1819,#1820);
#1819 = CARTESIAN_POINT('',(-14.4364916731,-5.7,22.1));
#1820 = VECTOR('',#1821,1.);
#1821 = DIRECTION('',(0.,1.,-2.2E-16));
#1822 = CYLINDRICAL_SURFACE('',#1823,0.5);
#1823 = AXIS2_PLACEMENT_3D('',#1824,#1825,#1826);
#1824 = CARTESIAN_POINT('',(-14.4364916731,-5.7,21.6));
#1825 = DIRECTION('',(0.,-1.,2.2E-16));
#1826 = DIRECTION('',(1.,0.,0.));
#1827 = ADVANCED_FACE('',(#1828),#1839,.F.);
#1828 = FACE_BOUND('',#1829,.F.);
#1829 = EDGE_LOOP('',(#1830,#1831,#1832,#1838));
#1830 = ORIENTED_EDGE('',*,*,#670,.F.);
#1831 = ORIENTED_EDGE('',*,*,#1790,.T.);
#1832 = ORIENTED_EDGE('',*,*,#1833,.T.);
#1833 = EDGE_CURVE('',#1783,#1809,#1834,.T.);
#1834 = LINE('',#1835,#1836);
#1835 = CARTESIAN_POINT('',(-14.55,2.6,22.1));
#1836 = VECTOR('',#1837,1.);
#1837 = DIRECTION('',(1.,0.,0.));
#1838 = ORIENTED_EDGE('',*,*,#1817,.F.);
#1839 = PLANE('',#1840);
#1840 = AXIS2_PLACEMENT_3D('',#1841,#1842,#1843);
#1841 = CARTESIAN_POINT('',(-14.55,-5.7,22.1));
#1842 = DIRECTION('',(0.,-2.2E-16,-1.));
#1843 = DIRECTION('',(1.,0.,0.));
#1844 = ADVANCED_FACE('',(#1845),#1863,.F.);
#1845 = FACE_BOUND('',#1846,.F.);
#1846 = EDGE_LOOP('',(#1847,#1855,#1856,#1857));
#1847 = ORIENTED_EDGE('',*,*,#1848,.T.);
#1848 = EDGE_CURVE('',#1849,#883,#1851,.T.);
#1849 = VERTEX_POINT('',#1850);
#1850 = CARTESIAN_POINT('',(19.,4.7,-16.));
#1851 = LINE('',#1852,#1853);
#1852 = CARTESIAN_POINT('',(19.,5.7,-16.));
#1853 = VECTOR('',#1854,1.);
#1854 = DIRECTION('',(0.,-1.,2.2E-16));
#1855 = ORIENTED_EDGE('',*,*,#892,.T.);
#1856 = ORIENTED_EDGE('',*,*,#797,.F.);
#1857 = ORIENTED_EDGE('',*,*,#1858,.F.);
#1858 = EDGE_CURVE('',#1849,#798,#1859,.T.);
#1859 = LINE('',#1860,#1861);
#1860 = CARTESIAN_POINT('',(19.,4.7,-16.));
#1861 = VECTOR('',#1862,1.);
#1862 = DIRECTION('',(0.,0.,1.));
#1863 = PLANE('',#1864);
#1864 = AXIS2_PLACEMENT_3D('',#1865,#1866,#1867);
#1865 = CARTESIAN_POINT('',(19.,5.7,-29.));
#1866 = DIRECTION('',(-1.,0.,0.));
#1867 = DIRECTION('',(0.,2.2E-16,1.));
#1868 = ADVANCED_FACE('',(#1869),#1887,.F.);
#1869 = FACE_BOUND('',#1870,.F.);
#1870 = EDGE_LOOP('',(#1871,#1879,#1880,#1881));
#1871 = ORIENTED_EDGE('',*,*,#1872,.F.);
#1872 = EDGE_CURVE('',#1849,#1873,#1875,.T.);
#1873 = VERTEX_POINT('',#1874);
#1874 = CARTESIAN_POINT('',(18.,5.7,-15.58578643762));
#1875 = LINE('',#1876,#1877);
#1876 = CARTESIAN_POINT('',(18.53950428678,5.16049571322,-15.80925643016
    ));
#1877 = VECTOR('',#1878,1.);
#1878 = DIRECTION('',(-0.678598344546,0.678598344546,0.281084637715));
#1879 = ORIENTED_EDGE('',*,*,#1858,.T.);
#1880 = ORIENTED_EDGE('',*,*,#846,.T.);
#1881 = ORIENTED_EDGE('',*,*,#1882,.F.);
#1882 = EDGE_CURVE('',#1873,#839,#1883,.T.);
#1883 = LINE('',#1884,#1885);
#1884 = CARTESIAN_POINT('',(18.,5.7,-16.));
#1885 = VECTOR('',#1886,1.);
#1886 = DIRECTION('',(0.,0.,1.));
#1887 = PLANE('',#1888);
#1888 = AXIS2_PLACEMENT_3D('',#1889,#1890,#1891);
#1889 = CARTESIAN_POINT('',(18.5,5.2,-16.));
#1890 = DIRECTION('',(-0.707106781187,-0.707106781187,0.));
#1891 = DIRECTION('',(0.,0.,1.));
#1892 = ADVANCED_FACE('',(#1893,#1927,#1961,#1972,#1983),#2017,.T.);
#1893 = FACE_BOUND('',#1894,.T.);
#1894 = EDGE_LOOP('',(#1895,#1896,#1897,#1905,#1913,#1921));
#1895 = ORIENTED_EDGE('',*,*,#838,.F.);
#1896 = ORIENTED_EDGE('',*,*,#1882,.F.);
#1897 = ORIENTED_EDGE('',*,*,#1898,.T.);
#1898 = EDGE_CURVE('',#1873,#1899,#1901,.T.);
#1899 = VERTEX_POINT('',#1900);
#1900 = CARTESIAN_POINT('',(5.585786437627,5.7,-28.));
#1901 = LINE('',#1902,#1903);
#1902 = CARTESIAN_POINT('',(18.292893218813,5.7,-15.29289321881));
#1903 = VECTOR('',#1904,1.);
#1904 = DIRECTION('',(-0.707106781187,0.,-0.707106781187));
#1905 = ORIENTED_EDGE('',*,*,#1906,.F.);
#1906 = EDGE_CURVE('',#1907,#1899,#1909,.T.);
#1907 = VERTEX_POINT('',#1908);
#1908 = CARTESIAN_POINT('',(-5.585786437627,5.7,-28.));
#1909 = LINE('',#1910,#1911);
#1910 = CARTESIAN_POINT('',(-6.,5.7,-28.));
#1911 = VECTOR('',#1912,1.);
#1912 = DIRECTION('',(1.,0.,0.));
#1913 = ORIENTED_EDGE('',*,*,#1914,.T.);
#1914 = EDGE_CURVE('',#1907,#1915,#1917,.T.);
#1915 = VERTEX_POINT('',#1916);
#1916 = CARTESIAN_POINT('',(-18.,5.7,-15.58578643762));
#1917 = LINE('',#1918,#1919);
#1918 = CARTESIAN_POINT('',(-5.292893218813,5.7,-28.29289321881));
#1919 = VECTOR('',#1920,1.);
#1920 = DIRECTION('',(-0.707106781187,0.,0.707106781187));
#1921 = ORIENTED_EDGE('',*,*,#1922,.F.);
#1922 = EDGE_CURVE('',#831,#1915,#1923,.T.);
#1923 = LINE('',#1924,#1925);
#1924 = CARTESIAN_POINT('',(-18.,5.7,29.));
#1925 = VECTOR('',#1926,1.);
#1926 = DIRECTION('',(0.,0.,-1.));
#1927 = FACE_BOUND('',#1928,.T.);
#1928 = EDGE_LOOP('',(#1929,#1939,#1947,#1955));
#1929 = ORIENTED_EDGE('',*,*,#1930,.F.);
#1930 = EDGE_CURVE('',#1931,#1933,#1935,.T.);
#1931 = VERTEX_POINT('',#1932);
#1932 = CARTESIAN_POINT('',(-15.25,5.7,10.250000000001));
#1933 = VERTEX_POINT('',#1934);
#1934 = CARTESIAN_POINT('',(-9.749999999993,5.7,10.250000000001));
#1935 = LINE('',#1936,#1937);
#1936 = CARTESIAN_POINT('',(-15.25,5.7,10.250000000001));
#1937 = VECTOR('',#1938,1.);
#1938 = DIRECTION('',(1.,0.,0.));
#1939 = ORIENTED_EDGE('',*,*,#1940,.F.);
#1940 = EDGE_CURVE('',#1941,#1931,#1943,.T.);
#1941 = VERTEX_POINT('',#1942);
#1942 = CARTESIAN_POINT('',(-15.25,5.7,4.749999999999));
#1943 = LINE('',#1944,#1945);
#1944 = CARTESIAN_POINT('',(-15.25,5.7,4.749999999999));
#1945 = VECTOR('',#1946,1.);
#1946 = DIRECTION('',(0.,0.,1.));
#1947 = ORIENTED_EDGE('',*,*,#1948,.F.);
#1948 = EDGE_CURVE('',#1949,#1941,#1951,.T.);
#1949 = VERTEX_POINT('',#1950);
#1950 = CARTESIAN_POINT('',(-9.749999999993,5.7,4.749999999999));
#1951 = LINE('',#1952,#1953);
#1952 = CARTESIAN_POINT('',(-9.749999999993,5.7,4.749999999999));
#1953 = VECTOR('',#1954,1.);
#1954 = DIRECTION('',(-1.,0.,0.));
#1955 = ORIENTED_EDGE('',*,*,#1956,.F.);
#1956 = EDGE_CURVE('',#1933,#1949,#1957,.T.);
#1957 = LINE('',#1958,#1959);
#1958 = CARTESIAN_POINT('',(-9.749999999993,5.7,10.250000000001));
#1959 = VECTOR('',#1960,1.);
#1960 = DIRECTION('',(0.,0.,-1.));
#1961 = FACE_BOUND('',#1962,.T.);
#1962 = EDGE_LOOP('',(#1963));
#1963 = ORIENTED_EDGE('',*,*,#1964,.T.);
#1964 = EDGE_CURVE('',#1965,#1965,#1967,.T.);
#1965 = VERTEX_POINT('',#1966);
#1966 = CARTESIAN_POINT('',(1.6,5.7,-22.25));
#1967 = CIRCLE('',#1968,1.6);
#1968 = AXIS2_PLACEMENT_3D('',#1969,#1970,#1971);
#1969 = CARTESIAN_POINT('',(0.,5.7,-22.25));
#1970 = DIRECTION('',(0.,-1.,2.2E-16));
#1971 = DIRECTION('',(1.,0.,0.));
#1972 = FACE_BOUND('',#1973,.T.);
#1973 = EDGE_LOOP('',(#1974));
#1974 = ORIENTED_EDGE('',*,*,#1975,.T.);
#1975 = EDGE_CURVE('',#1976,#1976,#1978,.T.);
#1976 = VERTEX_POINT('',#1977);
#1977 = CARTESIAN_POINT('',(1.6,5.7,22.5));
#1978 = CIRCLE('',#1979,1.6);
#1979 = AXIS2_PLACEMENT_3D('',#1980,#1981,#1982);
#1980 = CARTESIAN_POINT('',(0.,5.7,22.5));
#1981 = DIRECTION('',(0.,-1.,2.2E-16));
#1982 = DIRECTION('',(1.,0.,0.));
#1983 = FACE_BOUND('',#1984,.T.);
#1984 = EDGE_LOOP('',(#1985,#1995,#2003,#2011));
#1985 = ORIENTED_EDGE('',*,*,#1986,.F.);
#1986 = EDGE_CURVE('',#1987,#1989,#1991,.T.);
#1987 = VERTEX_POINT('',#1988);
#1988 = CARTESIAN_POINT('',(15.25,5.7,10.25));
#1989 = VERTEX_POINT('',#1990);
#1990 = CARTESIAN_POINT('',(15.25,5.7,4.75));
#1991 = LINE('',#1992,#1993);
#1992 = CARTESIAN_POINT('',(15.25,5.7,10.25));
#1993 = VECTOR('',#1994,1.);
#1994 = DIRECTION('',(0.,0.,-1.));
#1995 = ORIENTED_EDGE('',*,*,#1996,.F.);
#1996 = EDGE_CURVE('',#1997,#1987,#1999,.T.);
#1997 = VERTEX_POINT('',#1998);
#1998 = CARTESIAN_POINT('',(9.75,5.7,10.25));
#1999 = LINE('',#2000,#2001);
#2000 = CARTESIAN_POINT('',(9.75,5.7,10.25));
#2001 = VECTOR('',#2002,1.);
#2002 = DIRECTION('',(1.,0.,0.));
#2003 = ORIENTED_EDGE('',*,*,#2004,.F.);
#2004 = EDGE_CURVE('',#2005,#1997,#2007,.T.);
#2005 = VERTEX_POINT('',#2006);
#2006 = CARTESIAN_POINT('',(9.75,5.7,4.75));
#2007 = LINE('',#2008,#2009);
#2008 = CARTESIAN_POINT('',(9.75,5.7,4.75));
#2009 = VECTOR('',#2010,1.);
#2010 = DIRECTION('',(0.,0.,1.));
#2011 = ORIENTED_EDGE('',*,*,#2012,.F.);
#2012 = EDGE_CURVE('',#1989,#2005,#2013,.T.);
#2013 = LINE('',#2014,#2015);
#2014 = CARTESIAN_POINT('',(15.25,5.7,4.75));
#2015 = VECTOR('',#2016,1.);
#2016 = DIRECTION('',(-1.,0.,0.));
#2017 = PLANE('',#2018);
#2018 = AXIS2_PLACEMENT_3D('',#2019,#2020,#2021);
#2019 = CARTESIAN_POINT('',(0.,5.7,-1.E-15));
#2020 = DIRECTION('',(0.,1.,0.));
#2021 = DIRECTION('',(0.,0.,1.));
#2022 = ADVANCED_FACE('',(#2023),#2041,.F.);
#2023 = FACE_BOUND('',#2024,.F.);
#2024 = EDGE_LOOP('',(#2025,#2026,#2034,#2040));
#2025 = ORIENTED_EDGE('',*,*,#830,.F.);
#2026 = ORIENTED_EDGE('',*,*,#2027,.T.);
#2027 = EDGE_CURVE('',#823,#2028,#2030,.T.);
#2028 = VERTEX_POINT('',#2029);
#2029 = CARTESIAN_POINT('',(-19.,4.7,-16.));
#2030 = LINE('',#2031,#2032);
#2031 = CARTESIAN_POINT('',(-19.,4.7,29.));
#2032 = VECTOR('',#2033,1.);
#2033 = DIRECTION('',(0.,0.,-1.));
#2034 = ORIENTED_EDGE('',*,*,#2035,.T.);
#2035 = EDGE_CURVE('',#2028,#1915,#2036,.T.);
#2036 = LINE('',#2037,#2038);
#2037 = CARTESIAN_POINT('',(-12.49438503355,11.205614966441,
    -13.30528604932));
#2038 = VECTOR('',#2039,1.);
#2039 = DIRECTION('',(0.678598344546,0.678598344546,0.281084637715));
#2040 = ORIENTED_EDGE('',*,*,#1922,.F.);
#2041 = PLANE('',#2042);
#2042 = AXIS2_PLACEMENT_3D('',#2043,#2044,#2045);
#2043 = CARTESIAN_POINT('',(-18.5,5.2,29.));
#2044 = DIRECTION('',(0.707106781187,-0.707106781187,0.));
#2045 = DIRECTION('',(0.,0.,-1.));
#2046 = ADVANCED_FACE('',(#2047),#2058,.F.);
#2047 = FACE_BOUND('',#2048,.F.);
#2048 = EDGE_LOOP('',(#2049,#2055,#2056,#2057));
#2049 = ORIENTED_EDGE('',*,*,#2050,.F.);
#2050 = EDGE_CURVE('',#2028,#909,#2051,.T.);
#2051 = LINE('',#2052,#2053);
#2052 = CARTESIAN_POINT('',(-19.,5.7,-16.));
#2053 = VECTOR('',#2054,1.);
#2054 = DIRECTION('',(0.,-1.,2.2E-16));
#2055 = ORIENTED_EDGE('',*,*,#2027,.F.);
#2056 = ORIENTED_EDGE('',*,*,#822,.T.);
#2057 = ORIENTED_EDGE('',*,*,#916,.T.);
#2058 = PLANE('',#2059);
#2059 = AXIS2_PLACEMENT_3D('',#2060,#2061,#2062);
#2060 = CARTESIAN_POINT('',(-19.,5.7,29.));
#2061 = DIRECTION('',(1.,0.,0.));
#2062 = DIRECTION('',(0.,-2.2E-16,-1.));
#2063 = ADVANCED_FACE('',(#2064),#2083,.F.);
#2064 = FACE_BOUND('',#2065,.F.);
#2065 = EDGE_LOOP('',(#2066,#2067,#2075,#2082));
#2066 = ORIENTED_EDGE('',*,*,#854,.F.);
#2067 = ORIENTED_EDGE('',*,*,#2068,.T.);
#2068 = EDGE_CURVE('',#855,#2069,#2071,.T.);
#2069 = VERTEX_POINT('',#2070);
#2070 = CARTESIAN_POINT('',(13.5,6.E-15,23.9));
#2071 = LINE('',#2072,#2073);
#2072 = CARTESIAN_POINT('',(13.5,6.38E-15,29.));
#2073 = VECTOR('',#2074,1.);
#2074 = DIRECTION('',(-0.,-0.,-1.));
#2075 = ORIENTED_EDGE('',*,*,#2076,.T.);
#2076 = EDGE_CURVE('',#2069,#2069,#2077,.T.);
#2077 = CIRCLE('',#2078,1.);
#2078 = AXIS2_PLACEMENT_3D('',#2079,#2080,#2081);
#2079 = CARTESIAN_POINT('',(12.5,6.38E-15,23.9));
#2080 = DIRECTION('',(0.,0.,1.));
#2081 = DIRECTION('',(1.,0.,0.));
#2082 = ORIENTED_EDGE('',*,*,#2068,.F.);
#2083 = CYLINDRICAL_SURFACE('',#2084,1.);
#2084 = AXIS2_PLACEMENT_3D('',#2085,#2086,#2087);
#2085 = CARTESIAN_POINT('',(12.5,6.38E-15,29.));
#2086 = DIRECTION('',(0.,0.,1.));
#2087 = DIRECTION('',(1.,0.,0.));
#2088 = ADVANCED_FACE('',(#2089),#2100,.F.);
#2089 = FACE_BOUND('',#2090,.F.);
#2090 = EDGE_LOOP('',(#2091,#2092,#2098,#2099));
#2091 = ORIENTED_EDGE('',*,*,#865,.F.);
#2092 = ORIENTED_EDGE('',*,*,#2093,.T.);
#2093 = EDGE_CURVE('',#866,#1765,#2094,.T.);
#2094 = LINE('',#2095,#2096);
#2095 = CARTESIAN_POINT('',(-11.5,6.38E-15,29.));
#2096 = VECTOR('',#2097,1.);
#2097 = DIRECTION('',(-0.,-0.,-1.));
#2098 = ORIENTED_EDGE('',*,*,#1764,.T.);
#2099 = ORIENTED_EDGE('',*,*,#2093,.F.);
#2100 = CYLINDRICAL_SURFACE('',#2101,1.);
#2101 = AXIS2_PLACEMENT_3D('',#2102,#2103,#2104);
#2102 = CARTESIAN_POINT('',(-12.5,6.38E-15,29.));
#2103 = DIRECTION('',(0.,0.,1.));
#2104 = DIRECTION('',(1.,0.,0.));
#2105 = ADVANCED_FACE('',(#2106),#2124,.T.);
#2106 = FACE_BOUND('',#2107,.T.);
#2107 = EDGE_LOOP('',(#2108,#2109,#2110,#2118));
#2108 = ORIENTED_EDGE('',*,*,#1848,.T.);
#2109 = ORIENTED_EDGE('',*,*,#940,.T.);
#2110 = ORIENTED_EDGE('',*,*,#2111,.F.);
#2111 = EDGE_CURVE('',#2112,#933,#2114,.T.);
#2112 = VERTEX_POINT('',#2113);
#2113 = CARTESIAN_POINT('',(6.,4.7,-29.));
#2114 = LINE('',#2115,#2116);
#2115 = CARTESIAN_POINT('',(6.,5.7,-29.));
#2116 = VECTOR('',#2117,1.);
#2117 = DIRECTION('',(0.,-1.,2.2E-16));
#2118 = ORIENTED_EDGE('',*,*,#2119,.F.);
#2119 = EDGE_CURVE('',#1849,#2112,#2120,.T.);
#2120 = LINE('',#2121,#2122);
#2121 = CARTESIAN_POINT('',(19.,4.7,-16.));
#2122 = VECTOR('',#2123,1.);
#2123 = DIRECTION('',(-0.707106781187,0.,-0.707106781187));
#2124 = PLANE('',#2125);
#2125 = AXIS2_PLACEMENT_3D('',#2126,#2127,#2128);
#2126 = CARTESIAN_POINT('',(12.5,5.7,-22.5));
#2127 = DIRECTION('',(0.707106781187,-3.5E-16,-0.707106781187));
#2128 = DIRECTION('',(-1.374873734153E-16,-1.,3.574873734153E-16));
#2129 = ADVANCED_FACE('',(#2130),#2148,.T.);
#2130 = FACE_BOUND('',#2131,.T.);
#2131 = EDGE_LOOP('',(#2132,#2140,#2141,#2142));
#2132 = ORIENTED_EDGE('',*,*,#2133,.T.);
#2133 = EDGE_CURVE('',#2134,#955,#2136,.T.);
#2134 = VERTEX_POINT('',#2135);
#2135 = CARTESIAN_POINT('',(-6.,4.7,-29.));
#2136 = LINE('',#2137,#2138);
#2137 = CARTESIAN_POINT('',(-6.,5.7,-29.));
#2138 = VECTOR('',#2139,1.);
#2139 = DIRECTION('',(0.,-1.,2.2E-16));
#2140 = ORIENTED_EDGE('',*,*,#964,.T.);
#2141 = ORIENTED_EDGE('',*,*,#2050,.F.);
#2142 = ORIENTED_EDGE('',*,*,#2143,.F.);
#2143 = EDGE_CURVE('',#2134,#2028,#2144,.T.);
#2144 = LINE('',#2145,#2146);
#2145 = CARTESIAN_POINT('',(-6.,4.7,-29.));
#2146 = VECTOR('',#2147,1.);
#2147 = DIRECTION('',(-0.707106781187,0.,0.707106781187));
#2148 = PLANE('',#2149);
#2149 = AXIS2_PLACEMENT_3D('',#2150,#2151,#2152);
#2150 = CARTESIAN_POINT('',(-12.5,5.7,-22.5));
#2151 = DIRECTION('',(-0.707106781187,-2.3E-16,-0.707106781187));
#2152 = DIRECTION('',(5.263455967291E-17,-1.,2.726345596729E-16));
#2153 = ADVANCED_FACE('',(#2154),#2165,.F.);
#2154 = FACE_BOUND('',#2155,.F.);
#2155 = EDGE_LOOP('',(#2156,#2157,#2158,#2159));
#2156 = ORIENTED_EDGE('',*,*,#2133,.T.);
#2157 = ORIENTED_EDGE('',*,*,#981,.T.);
#2158 = ORIENTED_EDGE('',*,*,#2111,.F.);
#2159 = ORIENTED_EDGE('',*,*,#2160,.F.);
#2160 = EDGE_CURVE('',#2134,#2112,#2161,.T.);
#2161 = LINE('',#2162,#2163);
#2162 = CARTESIAN_POINT('',(-6.,4.7,-29.));
#2163 = VECTOR('',#2164,1.);
#2164 = DIRECTION('',(1.,0.,0.));
#2165 = PLANE('',#2166);
#2166 = AXIS2_PLACEMENT_3D('',#2167,#2168,#2169);
#2167 = CARTESIAN_POINT('',(-19.,5.7,-29.));
#2168 = DIRECTION('',(0.,2.2E-16,1.));
#2169 = DIRECTION('',(1.,0.,0.));
#2170 = ADVANCED_FACE('',(#2171),#2182,.F.);
#2171 = FACE_BOUND('',#2172,.F.);
#2172 = EDGE_LOOP('',(#2173,#2179,#2180,#2181));
#2173 = ORIENTED_EDGE('',*,*,#2174,.F.);
#2174 = EDGE_CURVE('',#996,#1965,#2175,.T.);
#2175 = LINE('',#2176,#2177);
#2176 = CARTESIAN_POINT('',(1.6,-5.7,-22.25));
#2177 = VECTOR('',#2178,1.);
#2178 = DIRECTION('',(0.,1.,-2.2E-16));
#2179 = ORIENTED_EDGE('',*,*,#1005,.F.);
#2180 = ORIENTED_EDGE('',*,*,#2174,.T.);
#2181 = ORIENTED_EDGE('',*,*,#1964,.T.);
#2182 = CYLINDRICAL_SURFACE('',#2183,1.6);
#2183 = AXIS2_PLACEMENT_3D('',#2184,#2185,#2186);
#2184 = CARTESIAN_POINT('',(0.,-5.7,-22.25));
#2185 = DIRECTION('',(0.,-1.,2.2E-16));
#2186 = DIRECTION('',(1.,0.,0.));
#2187 = ADVANCED_FACE('',(#2188,#2222),#2225,.T.);
#2188 = FACE_BOUND('',#2189,.T.);
#2189 = EDGE_LOOP('',(#2190,#2200,#2208,#2216));
#2190 = ORIENTED_EDGE('',*,*,#2191,.T.);
#2191 = EDGE_CURVE('',#2192,#2194,#2196,.T.);
#2192 = VERTEX_POINT('',#2193);
#2193 = CARTESIAN_POINT('',(-15.25,2.2,10.250000000001));
#2194 = VERTEX_POINT('',#2195);
#2195 = CARTESIAN_POINT('',(-9.749999999993,2.2,10.250000000001));
#2196 = LINE('',#2197,#2198);
#2197 = CARTESIAN_POINT('',(-15.25,2.2,10.250000000001));
#2198 = VECTOR('',#2199,1.);
#2199 = DIRECTION('',(1.,0.,0.));
#2200 = ORIENTED_EDGE('',*,*,#2201,.T.);
#2201 = EDGE_CURVE('',#2194,#2202,#2204,.T.);
#2202 = VERTEX_POINT('',#2203);
#2203 = CARTESIAN_POINT('',(-9.749999999993,2.2,4.749999999999));
#2204 = LINE('',#2205,#2206);
#2205 = CARTESIAN_POINT('',(-9.749999999993,2.2,10.250000000001));
#2206 = VECTOR('',#2207,1.);
#2207 = DIRECTION('',(0.,0.,-1.));
#2208 = ORIENTED_EDGE('',*,*,#2209,.T.);
#2209 = EDGE_CURVE('',#2202,#2210,#2212,.T.);
#2210 = VERTEX_POINT('',#2211);
#2211 = CARTESIAN_POINT('',(-15.25,2.2,4.749999999999));
#2212 = LINE('',#2213,#2214);
#2213 = CARTESIAN_POINT('',(-9.749999999993,2.2,4.749999999999));
#2214 = VECTOR('',#2215,1.);
#2215 = DIRECTION('',(-1.,0.,0.));
#2216 = ORIENTED_EDGE('',*,*,#2217,.T.);
#2217 = EDGE_CURVE('',#2210,#2192,#2218,.T.);
#2218 = LINE('',#2219,#2220);
#2219 = CARTESIAN_POINT('',(-15.25,2.2,4.749999999999));
#2220 = VECTOR('',#2221,1.);
#2221 = DIRECTION('',(0.,0.,1.));
#2222 = FACE_BOUND('',#2223,.T.);
#2223 = EDGE_LOOP('',(#2224));
#2224 = ORIENTED_EDGE('',*,*,#1030,.T.);
#2225 = PLANE('',#2226);
#2226 = AXIS2_PLACEMENT_3D('',#2227,#2228,#2229);
#2227 = CARTESIAN_POINT('',(-9.57553E-12,2.2,7.5));
#2228 = DIRECTION('',(0.,1.,-3.2E-16));
#2229 = DIRECTION('',(0.,3.2E-16,1.));
#2230 = ADVANCED_FACE('',(#2231),#2242,.F.);
#2231 = FACE_BOUND('',#2232,.F.);
#2232 = EDGE_LOOP('',(#2233,#2239,#2240,#2241));
#2233 = ORIENTED_EDGE('',*,*,#2234,.F.);
#2234 = EDGE_CURVE('',#1046,#1976,#2235,.T.);
#2235 = LINE('',#2236,#2237);
#2236 = CARTESIAN_POINT('',(1.6,-5.7,22.5));
#2237 = VECTOR('',#2238,1.);
#2238 = DIRECTION('',(0.,1.,-2.2E-16));
#2239 = ORIENTED_EDGE('',*,*,#1055,.F.);
#2240 = ORIENTED_EDGE('',*,*,#2234,.T.);
#2241 = ORIENTED_EDGE('',*,*,#1975,.T.);
#2242 = CYLINDRICAL_SURFACE('',#2243,1.6);
#2243 = AXIS2_PLACEMENT_3D('',#2244,#2245,#2246);
#2244 = CARTESIAN_POINT('',(0.,-5.7,22.5));
#2245 = DIRECTION('',(0.,-1.,2.2E-16));
#2246 = DIRECTION('',(1.,0.,0.));
#2247 = ADVANCED_FACE('',(#2248,#2282),#2285,.T.);
#2248 = FACE_BOUND('',#2249,.T.);
#2249 = EDGE_LOOP('',(#2250,#2260,#2268,#2276));
#2250 = ORIENTED_EDGE('',*,*,#2251,.T.);
#2251 = EDGE_CURVE('',#2252,#2254,#2256,.T.);
#2252 = VERTEX_POINT('',#2253);
#2253 = CARTESIAN_POINT('',(15.25,2.2,10.25));
#2254 = VERTEX_POINT('',#2255);
#2255 = CARTESIAN_POINT('',(15.25,2.2,4.75));
#2256 = LINE('',#2257,#2258);
#2257 = CARTESIAN_POINT('',(15.25,2.2,10.25));
#2258 = VECTOR('',#2259,1.);
#2259 = DIRECTION('',(0.,0.,-1.));
#2260 = ORIENTED_EDGE('',*,*,#2261,.T.);
#2261 = EDGE_CURVE('',#2254,#2262,#2264,.T.);
#2262 = VERTEX_POINT('',#2263);
#2263 = CARTESIAN_POINT('',(9.75,2.2,4.75));
#2264 = LINE('',#2265,#2266);
#2265 = CARTESIAN_POINT('',(15.25,2.2,4.75));
#2266 = VECTOR('',#2267,1.);
#2267 = DIRECTION('',(-1.,0.,0.));
#2268 = ORIENTED_EDGE('',*,*,#2269,.T.);
#2269 = EDGE_CURVE('',#2262,#2270,#2272,.T.);
#2270 = VERTEX_POINT('',#2271);
#2271 = CARTESIAN_POINT('',(9.75,2.2,10.25));
#2272 = LINE('',#2273,#2274);
#2273 = CARTESIAN_POINT('',(9.75,2.2,4.75));
#2274 = VECTOR('',#2275,1.);
#2275 = DIRECTION('',(0.,0.,1.));
#2276 = ORIENTED_EDGE('',*,*,#2277,.T.);
#2277 = EDGE_CURVE('',#2270,#2252,#2278,.T.);
#2278 = LINE('',#2279,#2280);
#2279 = CARTESIAN_POINT('',(9.75,2.2,10.25));
#2280 = VECTOR('',#2281,1.);
#2281 = DIRECTION('',(1.,0.,0.));
#2282 = FACE_BOUND('',#2283,.T.);
#2283 = EDGE_LOOP('',(#2284));
#2284 = ORIENTED_EDGE('',*,*,#1080,.T.);
#2285 = PLANE('',#2286);
#2286 = AXIS2_PLACEMENT_3D('',#2287,#2288,#2289);
#2287 = CARTESIAN_POINT('',(-9.57553E-12,2.2,7.5));
#2288 = DIRECTION('',(0.,1.,-3.2E-16));
#2289 = DIRECTION('',(0.,3.2E-16,1.));
#2290 = ADVANCED_FACE('',(#2291),#2318,.T.);
#2291 = FACE_BOUND('',#2292,.T.);
#2292 = EDGE_LOOP('',(#2293,#2294,#2302,#2311,#2317));
#2293 = ORIENTED_EDGE('',*,*,#1095,.F.);
#2294 = ORIENTED_EDGE('',*,*,#2295,.T.);
#2295 = EDGE_CURVE('',#1096,#2296,#2298,.T.);
#2296 = VERTEX_POINT('',#2297);
#2297 = CARTESIAN_POINT('',(14.436491673104,2.6,22.1));
#2298 = LINE('',#2299,#2300);
#2299 = CARTESIAN_POINT('',(14.436491673104,-5.7,22.1));
#2300 = VECTOR('',#2301,1.);
#2301 = DIRECTION('',(0.,1.,-2.2E-16));
#2302 = ORIENTED_EDGE('',*,*,#2303,.T.);
#2303 = EDGE_CURVE('',#2296,#2304,#2306,.T.);
#2304 = VERTEX_POINT('',#2305);
#2305 = CARTESIAN_POINT('',(13.952368754828,2.6,21.725));
#2306 = CIRCLE('',#2307,0.5);
#2307 = AXIS2_PLACEMENT_3D('',#2308,#2309,#2310);
#2308 = CARTESIAN_POINT('',(14.436491673104,2.6,21.6));
#2309 = DIRECTION('',(0.,-1.,0.));
#2310 = DIRECTION('',(1.,0.,0.));
#2311 = ORIENTED_EDGE('',*,*,#2312,.F.);
#2312 = EDGE_CURVE('',#1189,#2304,#2313,.T.);
#2313 = LINE('',#2314,#2315);
#2314 = CARTESIAN_POINT('',(13.952368754828,-5.7,21.725));
#2315 = VECTOR('',#2316,1.);
#2316 = DIRECTION('',(0.,1.,-2.2E-16));
#2317 = ORIENTED_EDGE('',*,*,#1195,.T.);
#2318 = CYLINDRICAL_SURFACE('',#2319,0.5);
#2319 = AXIS2_PLACEMENT_3D('',#2320,#2321,#2322);
#2320 = CARTESIAN_POINT('',(14.436491673104,-5.7,21.6));
#2321 = DIRECTION('',(0.,-1.,2.2E-16));
#2322 = DIRECTION('',(1.,0.,0.));
#2323 = ADVANCED_FACE('',(#2324),#2342,.F.);
#2324 = FACE_BOUND('',#2325,.F.);
#2325 = EDGE_LOOP('',(#2326,#2327,#2328,#2336));
#2326 = ORIENTED_EDGE('',*,*,#1174,.F.);
#2327 = ORIENTED_EDGE('',*,*,#2295,.T.);
#2328 = ORIENTED_EDGE('',*,*,#2329,.T.);
#2329 = EDGE_CURVE('',#2296,#2330,#2332,.T.);
#2330 = VERTEX_POINT('',#2331);
#2331 = CARTESIAN_POINT('',(14.55,2.6,22.1));
#2332 = LINE('',#2333,#2334);
#2333 = CARTESIAN_POINT('',(10.45,2.6,22.1));
#2334 = VECTOR('',#2335,1.);
#2335 = DIRECTION('',(1.,0.,0.));
#2336 = ORIENTED_EDGE('',*,*,#2337,.F.);
#2337 = EDGE_CURVE('',#1167,#2330,#2338,.T.);
#2338 = LINE('',#2339,#2340);
#2339 = CARTESIAN_POINT('',(14.55,-5.7,22.1));
#2340 = VECTOR('',#2341,1.);
#2341 = DIRECTION('',(0.,1.,-2.2E-16));
#2342 = PLANE('',#2343);
#2343 = AXIS2_PLACEMENT_3D('',#2344,#2345,#2346);
#2344 = CARTESIAN_POINT('',(10.45,-5.7,22.1));
#2345 = DIRECTION('',(0.,-2.2E-16,-1.));
#2346 = DIRECTION('',(1.,0.,0.));
#2347 = ADVANCED_FACE('',(#2348),#2366,.F.);
#2348 = FACE_BOUND('',#2349,.F.);
#2349 = EDGE_LOOP('',(#2350,#2351,#2359,#2365));
#2350 = ORIENTED_EDGE('',*,*,#2337,.T.);
#2351 = ORIENTED_EDGE('',*,*,#2352,.T.);
#2352 = EDGE_CURVE('',#2330,#2353,#2355,.T.);
#2353 = VERTEX_POINT('',#2354);
#2354 = CARTESIAN_POINT('',(14.55,2.6,23.9));
#2355 = LINE('',#2356,#2357);
#2356 = CARTESIAN_POINT('',(14.55,2.6,22.1));
#2357 = VECTOR('',#2358,1.);
#2358 = DIRECTION('',(0.,0.,1.));
#2359 = ORIENTED_EDGE('',*,*,#2360,.F.);
#2360 = EDGE_CURVE('',#1249,#2353,#2361,.T.);
#2361 = LINE('',#2362,#2363);
#2362 = CARTESIAN_POINT('',(14.55,-5.7,23.9));
#2363 = VECTOR('',#2364,1.);
#2364 = DIRECTION('',(0.,1.,-2.2E-16));
#2365 = ORIENTED_EDGE('',*,*,#1256,.F.);
#2366 = PLANE('',#2367);
#2367 = AXIS2_PLACEMENT_3D('',#2368,#2369,#2370);
#2368 = CARTESIAN_POINT('',(14.55,-5.7,22.1));
#2369 = DIRECTION('',(1.,0.,0.));
#2370 = DIRECTION('',(0.,2.2E-16,1.));
#2371 = ADVANCED_FACE('',(#2372,#2393),#2482,.F.);
#2372 = FACE_BOUND('',#2373,.F.);
#2373 = EDGE_LOOP('',(#2374,#2375,#2376,#2377,#2378,#2386));
#2374 = ORIENTED_EDGE('',*,*,#2312,.F.);
#2375 = ORIENTED_EDGE('',*,*,#1278,.F.);
#2376 = ORIENTED_EDGE('',*,*,#1338,.F.);
#2377 = ORIENTED_EDGE('',*,*,#1384,.F.);
#2378 = ORIENTED_EDGE('',*,*,#2379,.T.);
#2379 = EDGE_CURVE('',#1378,#2380,#2382,.T.);
#2380 = VERTEX_POINT('',#2381);
#2381 = CARTESIAN_POINT('',(11.047631245172,2.6,21.725));
#2382 = LINE('',#2383,#2384);
#2383 = CARTESIAN_POINT('',(11.047631245172,-5.7,21.725));
#2384 = VECTOR('',#2385,1.);
#2385 = DIRECTION('',(0.,1.,-2.2E-16));
#2386 = ORIENTED_EDGE('',*,*,#2387,.T.);
#2387 = EDGE_CURVE('',#2380,#2304,#2388,.T.);
#2388 = CIRCLE('',#2389,1.5);
#2389 = AXIS2_PLACEMENT_3D('',#2390,#2391,#2392);
#2390 = CARTESIAN_POINT('',(12.5,2.6,22.1));
#2391 = DIRECTION('',(0.,-1.,0.));
#2392 = DIRECTION('',(1.,0.,0.));
#2393 = FACE_BOUND('',#2394,.F.);
#2394 = EDGE_LOOP('',(#2395));
#2395 = ORIENTED_EDGE('',*,*,#2396,.T.);
#2396 = EDGE_CURVE('',#2397,#2397,#2399,.T.);
#2397 = VERTEX_POINT('',#2398);
#2398 = CARTESIAN_POINT('',(13.5,6.E-15,20.98196601125));
#2399 = B_SPLINE_CURVE_WITH_KNOTS('',6,(#2400,#2401,#2402,#2403,#2404,
    #2405,#2406,#2407,#2408,#2409,#2410,#2411,#2412,#2413,#2414,#2415,
    #2416,#2417,#2418,#2419,#2420,#2421,#2422,#2423,#2424,#2425,#2426,
    #2427,#2428,#2429,#2430,#2431,#2432,#2433,#2434,#2435,#2436,#2437,
    #2438,#2439,#2440,#2441,#2442,#2443,#2444,#2445,#2446,#2447,#2448,
    #2449,#2450,#2451,#2452,#2453,#2454,#2455,#2456,#2457,#2458,#2459,
    #2460,#2461,#2462,#2463,#2464,#2465,#2466,#2467,#2468,#2469,#2470,
    #2471,#2472,#2473,#2474,#2475,#2476,#2477,#2478,#2479,#2480,#2481),
  .UNSPECIFIED.,.T.,.F.,(7,5,5,5,5,5,5,5,5,5,5,5,5,5,5,5,7),(0.,
    5.129774260157E-02,0.109835842829,0.184467440339,0.249880518437,
    0.315296033572,0.389787096124,0.448679218333,0.499756993064,
    0.532393872974,0.609592387367,0.684317094578,0.749811781475,
    0.815308908485,0.889892905494,0.948858501045,1.),.UNSPECIFIED.);
#2400 = CARTESIAN_POINT('',(13.5,6.22E-15,20.98196601125));
#2401 = CARTESIAN_POINT('',(13.5,5.288580720353E-02,20.98196601125));
#2402 = CARTESIAN_POINT('',(13.4966437317,0.105653116262,20.978964097517
    ));
#2403 = CARTESIAN_POINT('',(13.489959253203,0.15803055773,
    20.972985208716));
#2404 = CARTESIAN_POINT('',(13.480005414642,0.209734145851,
    20.964218490697));
#2405 = CARTESIAN_POINT('',(13.466883263999,0.260435829253,
    20.95301777855));
#2406 = CARTESIAN_POINT('',(13.432484735775,0.366026293938,
    20.924825939706));
#2407 = CARTESIAN_POINT('',(13.410287038903,0.420593788672,
    20.907214616792));
#2408 = CARTESIAN_POINT('',(13.384383867009,0.473331743907,
    20.887573201344));
#2409 = CARTESIAN_POINT('',(13.354888654887,0.524079065586,
    20.866481893132));
#2410 = CARTESIAN_POINT('',(13.321909254156,0.572641495661,
    20.84449726739));
#2411 = CARTESIAN_POINT('',(13.239186720026,0.677654611305,
    20.793644604914));
#2412 = CARTESIAN_POINT('',(13.187187090947,0.732781515518,
    20.764459238012));
#2413 = CARTESIAN_POINT('',(13.129688838247,0.783697921889,
    20.735665520101));
#2414 = CARTESIAN_POINT('',(13.066822047412,0.829829371836,
    20.708284340737));
#2415 = CARTESIAN_POINT('',(12.998760959872,0.870484486178,
    20.683302928633));
#2416 = CARTESIAN_POINT('',(12.861812342874,0.934927613698,
    20.642762142162));
#2417 = CARTESIAN_POINT('',(12.793896326613,0.960258230798,
    20.626369873375));
#2418 = CARTESIAN_POINT('',(12.722811432859,0.979909737675,
    20.613393019189));
#2419 = CARTESIAN_POINT('',(12.649473079397,0.993273744566,
    20.604484302067));
#2420 = CARTESIAN_POINT('',(12.574868084965,1.,20.6));
#2421 = CARTESIAN_POINT('',(12.425129125741,1.,20.6));
#2422 = CARTESIAN_POINT('',(12.350525181883,0.993273244828,
    20.604484639728));
#2423 = CARTESIAN_POINT('',(12.277189679874,0.979909526806,
    20.613393149566));
#2424 = CARTESIAN_POINT('',(12.20610731078,0.960259153898,
    20.626369246447));
#2425 = CARTESIAN_POINT('',(12.138191465618,0.934929405839,
    20.642761014737));
#2426 = CARTESIAN_POINT('',(12.00137484511,0.870548391151,
    20.683262726396));
#2427 = CARTESIAN_POINT('',(11.933431739544,0.829980877464,
    20.708191249829));
#2428 = CARTESIAN_POINT('',(11.870663377382,0.783956169675,
    20.735512206723));
#2429 = CARTESIAN_POINT('',(11.813242865528,0.733161998146,
    20.764244022933));
#2430 = CARTESIAN_POINT('',(11.761299392353,0.678169705366,
    20.793371868064));
#2431 = CARTESIAN_POINT('',(11.67834800901,0.573047708343,
    20.844318748312));
#2432 = CARTESIAN_POINT('',(11.645146445946,0.524200620507,
    20.866444830097));
#2433 = CARTESIAN_POINT('',(11.615471411897,0.473141276666,
    20.887668690503));
#2434 = CARTESIAN_POINT('',(11.589432861628,0.420067870523,
    20.90742336192));
#2435 = CARTESIAN_POINT('',(11.567146227228,0.365144572545,
    20.925117698363));
#2436 = CARTESIAN_POINT('',(11.5328395931,0.259362082412,20.953254412127
    ));
#2437 = CARTESIAN_POINT('',(11.519826431534,0.208858756314,
    20.964366587029));
#2438 = CARTESIAN_POINT('',(11.509955919744,0.157365105875,
    20.973061083024));
#2439 = CARTESIAN_POINT('',(11.503327773148,0.10520543505,20.97898958361
    ));
#2440 = CARTESIAN_POINT('',(11.5,5.266082090631E-02,20.98196601125));
#2441 = CARTESIAN_POINT('',(11.5,-3.364839006792E-02,20.98196601125));
#2442 = CARTESIAN_POINT('',(11.501358674327,-6.728101000753E-02,
    20.980750925801));
#2443 = CARTESIAN_POINT('',(11.504073554914,-0.100814257206,
    20.978322240026));
#2444 = CARTESIAN_POINT('',(11.508133737046,-0.134158811166,
    20.974713421983));
#2445 = CARTESIAN_POINT('',(11.513516455435,-0.167220276507,
    20.969987721037));
#2446 = CARTESIAN_POINT('',(11.53595411109,-0.277199269887,
    20.950630899566));
#2447 = CARTESIAN_POINT('',(11.558836226642,-0.351995433813,
    20.93134905409));
#2448 = CARTESIAN_POINT('',(11.588404980105,-0.424030016883,
    20.90750693321));
#2449 = CARTESIAN_POINT('',(11.624412886134,-0.492882323503,
    20.880463209984));
#2450 = CARTESIAN_POINT('',(11.666558997143,-0.558002378609,
    20.851586268357));
#2451 = CARTESIAN_POINT('',(11.760813279974,-0.677654611305,
    20.793644604914));
#2452 = CARTESIAN_POINT('',(11.812812909053,-0.732781515518,
    20.764459238012));
#2453 = CARTESIAN_POINT('',(11.870311161753,-0.783697921889,
    20.735665520101));
#2454 = CARTESIAN_POINT('',(11.933177952588,-0.829829371836,
    20.708284340737));
#2455 = CARTESIAN_POINT('',(12.001239040128,-0.870484486178,
    20.683302928633));
#2456 = CARTESIAN_POINT('',(12.138187657165,-0.934927613716,
    20.64276214215));
#2457 = CARTESIAN_POINT('',(12.206103673378,-0.960258230786,
    20.626369873383));
#2458 = CARTESIAN_POINT('',(12.2771885671,-0.979909737666,
    20.613393019196));
#2459 = CARTESIAN_POINT('',(12.350526920592,-0.993273744573,
    20.604484302062));
#2460 = CARTESIAN_POINT('',(12.425131915076,-1.,20.6));
#2461 = CARTESIAN_POINT('',(12.574870874259,-1.,20.6));
#2462 = CARTESIAN_POINT('',(12.649474818117,-0.993273244828,
    20.604484639728));
#2463 = CARTESIAN_POINT('',(12.722810320126,-0.979909526806,
    20.613393149566));
#2464 = CARTESIAN_POINT('',(12.79389268922,-0.960259153898,
    20.626369246447));
#2465 = CARTESIAN_POINT('',(12.861808534382,-0.934929405839,
    20.642761014737));
#2466 = CARTESIAN_POINT('',(12.99862515489,-0.870548391151,
    20.683262726396));
#2467 = CARTESIAN_POINT('',(13.066568260456,-0.829980877464,
    20.708191249829));
#2468 = CARTESIAN_POINT('',(13.129336622618,-0.783956169675,
    20.735512206723));
#2469 = CARTESIAN_POINT('',(13.186757134472,-0.733161998146,
    20.764244022933));
#2470 = CARTESIAN_POINT('',(13.238700607647,-0.678169705366,
    20.793371868064));
#2471 = CARTESIAN_POINT('',(13.32165199099,-0.573047708343,
    20.844318748312));
#2472 = CARTESIAN_POINT('',(13.354853554054,-0.524200620507,
    20.866444830097));
#2473 = CARTESIAN_POINT('',(13.384528588103,-0.473141276666,
    20.887668690503));
#2474 = CARTESIAN_POINT('',(13.410567138372,-0.420067870523,
    20.90742336192));
#2475 = CARTESIAN_POINT('',(13.432853772772,-0.365144572545,
    20.925117698363));
#2476 = CARTESIAN_POINT('',(13.4671604069,-0.259362082412,
    20.953254412127));
#2477 = CARTESIAN_POINT('',(13.480173568466,-0.208858756314,
    20.964366587029));
#2478 = CARTESIAN_POINT('',(13.490044080256,-0.157365105875,
    20.973061083024));
#2479 = CARTESIAN_POINT('',(13.496672226852,-0.10520543505,
    20.97898958361));
#2480 = CARTESIAN_POINT('',(13.5,-5.266082090629E-02,20.98196601125));
#2481 = CARTESIAN_POINT('',(13.5,6.22E-15,20.98196601125));
#2482 = CYLINDRICAL_SURFACE('',#2483,1.5);
#2483 = AXIS2_PLACEMENT_3D('',#2484,#2485,#2486);
#2484 = CARTESIAN_POINT('',(12.5,-5.7,22.1));
#2485 = DIRECTION('',(0.,-1.,2.2E-16));
#2486 = DIRECTION('',(1.,0.,0.));
#2487 = ADVANCED_FACE('',(#2488,#2506),#2509,.F.);
#2488 = FACE_BOUND('',#2489,.F.);
#2489 = EDGE_LOOP('',(#2490,#2491,#2499,#2505));
#2490 = ORIENTED_EDGE('',*,*,#2360,.T.);
#2491 = ORIENTED_EDGE('',*,*,#2492,.T.);
#2492 = EDGE_CURVE('',#2353,#2493,#2495,.T.);
#2493 = VERTEX_POINT('',#2494);
#2494 = CARTESIAN_POINT('',(10.45,2.6,23.9));
#2495 = LINE('',#2496,#2497);
#2496 = CARTESIAN_POINT('',(14.55,2.6,23.9));
#2497 = VECTOR('',#2498,1.);
#2498 = DIRECTION('',(-1.,0.,0.));
#2499 = ORIENTED_EDGE('',*,*,#2500,.F.);
#2500 = EDGE_CURVE('',#1308,#2493,#2501,.T.);
#2501 = LINE('',#2502,#2503);
#2502 = CARTESIAN_POINT('',(10.45,-5.7,23.9));
#2503 = VECTOR('',#2504,1.);
#2504 = DIRECTION('',(0.,1.,-2.2E-16));
#2505 = ORIENTED_EDGE('',*,*,#1315,.F.);
#2506 = FACE_BOUND('',#2507,.F.);
#2507 = EDGE_LOOP('',(#2508));
#2508 = ORIENTED_EDGE('',*,*,#2076,.F.);
#2509 = PLANE('',#2510);
#2510 = AXIS2_PLACEMENT_3D('',#2511,#2512,#2513);
#2511 = CARTESIAN_POINT('',(14.55,-5.7,23.9));
#2512 = DIRECTION('',(0.,2.2E-16,1.));
#2513 = DIRECTION('',(-1.,0.,0.));
#2514 = ADVANCED_FACE('',(#2515),#2533,.F.);
#2515 = FACE_BOUND('',#2516,.F.);
#2516 = EDGE_LOOP('',(#2517,#2518,#2526,#2532));
#2517 = ORIENTED_EDGE('',*,*,#2500,.T.);
#2518 = ORIENTED_EDGE('',*,*,#2519,.T.);
#2519 = EDGE_CURVE('',#2493,#2520,#2522,.T.);
#2520 = VERTEX_POINT('',#2521);
#2521 = CARTESIAN_POINT('',(10.45,2.6,22.1));
#2522 = LINE('',#2523,#2524);
#2523 = CARTESIAN_POINT('',(10.45,2.6,23.9));
#2524 = VECTOR('',#2525,1.);
#2525 = DIRECTION('',(0.,0.,-1.));
#2526 = ORIENTED_EDGE('',*,*,#2527,.F.);
#2527 = EDGE_CURVE('',#1356,#2520,#2528,.T.);
#2528 = LINE('',#2529,#2530);
#2529 = CARTESIAN_POINT('',(10.45,-5.7,22.1));
#2530 = VECTOR('',#2531,1.);
#2531 = DIRECTION('',(0.,1.,-2.2E-16));
#2532 = ORIENTED_EDGE('',*,*,#1363,.F.);
#2533 = PLANE('',#2534);
#2534 = AXIS2_PLACEMENT_3D('',#2535,#2536,#2537);
#2535 = CARTESIAN_POINT('',(10.45,-5.7,23.9));
#2536 = DIRECTION('',(-1.,0.,0.));
#2537 = DIRECTION('',(-0.,-2.2E-16,-1.));
#2538 = ADVANCED_FACE('',(#2539),#2559,.T.);
#2539 = FACE_BOUND('',#2540,.T.);
#2540 = EDGE_LOOP('',(#2541,#2542,#2543,#2544,#2553));
#2541 = ORIENTED_EDGE('',*,*,#1411,.F.);
#2542 = ORIENTED_EDGE('',*,*,#1498,.T.);
#2543 = ORIENTED_EDGE('',*,*,#2379,.T.);
#2544 = ORIENTED_EDGE('',*,*,#2545,.T.);
#2545 = EDGE_CURVE('',#2380,#2546,#2548,.T.);
#2546 = VERTEX_POINT('',#2547);
#2547 = CARTESIAN_POINT('',(10.563508326896,2.6,22.1));
#2548 = CIRCLE('',#2549,0.5);
#2549 = AXIS2_PLACEMENT_3D('',#2550,#2551,#2552);
#2550 = CARTESIAN_POINT('',(10.563508326896,2.6,21.6));
#2551 = DIRECTION('',(0.,-1.,0.));
#2552 = DIRECTION('',(1.,0.,0.));
#2553 = ORIENTED_EDGE('',*,*,#2554,.F.);
#2554 = EDGE_CURVE('',#1414,#2546,#2555,.T.);
#2555 = LINE('',#2556,#2557);
#2556 = CARTESIAN_POINT('',(10.563508326896,-5.7,22.1));
#2557 = VECTOR('',#2558,1.);
#2558 = DIRECTION('',(0.,1.,-2.2E-16));
#2559 = CYLINDRICAL_SURFACE('',#2560,0.5);
#2560 = AXIS2_PLACEMENT_3D('',#2561,#2562,#2563);
#2561 = CARTESIAN_POINT('',(10.563508326896,-5.7,21.6));
#2562 = DIRECTION('',(0.,-1.,2.2E-16));
#2563 = DIRECTION('',(1.,0.,0.));
#2564 = ADVANCED_FACE('',(#2565),#2576,.F.);
#2565 = FACE_BOUND('',#2566,.F.);
#2566 = EDGE_LOOP('',(#2567,#2568,#2569,#2575));
#2567 = ORIENTED_EDGE('',*,*,#1422,.F.);
#2568 = ORIENTED_EDGE('',*,*,#2527,.T.);
#2569 = ORIENTED_EDGE('',*,*,#2570,.T.);
#2570 = EDGE_CURVE('',#2520,#2546,#2571,.T.);
#2571 = LINE('',#2572,#2573);
#2572 = CARTESIAN_POINT('',(10.45,2.6,22.1));
#2573 = VECTOR('',#2574,1.);
#2574 = DIRECTION('',(1.,0.,0.));
#2575 = ORIENTED_EDGE('',*,*,#2554,.F.);
#2576 = PLANE('',#2577);
#2577 = AXIS2_PLACEMENT_3D('',#2578,#2579,#2580);
#2578 = CARTESIAN_POINT('',(10.45,-5.7,22.1));
#2579 = DIRECTION('',(0.,-2.2E-16,-1.));
#2580 = DIRECTION('',(1.,0.,0.));
#2581 = ADVANCED_FACE('',(#2582),#2592,.T.);
#2582 = FACE_BOUND('',#2583,.T.);
#2583 = EDGE_LOOP('',(#2584,#2585,#2586,#2587,#2588,#2589,#2590,#2591));
#2584 = ORIENTED_EDGE('',*,*,#1808,.F.);
#2585 = ORIENTED_EDGE('',*,*,#1642,.T.);
#2586 = ORIENTED_EDGE('',*,*,#1558,.F.);
#2587 = ORIENTED_EDGE('',*,*,#1584,.T.);
#2588 = ORIENTED_EDGE('',*,*,#1607,.T.);
#2589 = ORIENTED_EDGE('',*,*,#1747,.T.);
#2590 = ORIENTED_EDGE('',*,*,#1782,.T.);
#2591 = ORIENTED_EDGE('',*,*,#1833,.T.);
#2592 = PLANE('',#2593);
#2593 = AXIS2_PLACEMENT_3D('',#2594,#2595,#2596);
#2594 = CARTESIAN_POINT('',(-12.5,2.6,22.597244539687));
#2595 = DIRECTION('',(0.,-1.,2.6E-16));
#2596 = DIRECTION('',(0.,-2.6E-16,-1.));
#2597 = ADVANCED_FACE('',(#2598),#2617,.F.);
#2598 = FACE_BOUND('',#2599,.F.);
#2599 = EDGE_LOOP('',(#2600,#2601,#2609,#2616));
#2600 = ORIENTED_EDGE('',*,*,#1651,.F.);
#2601 = ORIENTED_EDGE('',*,*,#2602,.T.);
#2602 = EDGE_CURVE('',#1652,#2603,#2605,.T.);
#2603 = VERTEX_POINT('',#2604);
#2604 = CARTESIAN_POINT('',(-11.5,6.E-15,20.));
#2605 = LINE('',#2606,#2607);
#2606 = CARTESIAN_POINT('',(-11.5,6.38E-15,29.));
#2607 = VECTOR('',#2608,1.);
#2608 = DIRECTION('',(-0.,-0.,-1.));
#2609 = ORIENTED_EDGE('',*,*,#2610,.T.);
#2610 = EDGE_CURVE('',#2603,#2603,#2611,.T.);
#2611 = CIRCLE('',#2612,1.);
#2612 = AXIS2_PLACEMENT_3D('',#2613,#2614,#2615);
#2613 = CARTESIAN_POINT('',(-12.5,6.E-15,20.));
#2614 = DIRECTION('',(0.,0.,1.));
#2615 = DIRECTION('',(1.,0.,0.));
#2616 = ORIENTED_EDGE('',*,*,#2602,.F.);
#2617 = CYLINDRICAL_SURFACE('',#2618,1.);
#2618 = AXIS2_PLACEMENT_3D('',#2619,#2620,#2621);
#2619 = CARTESIAN_POINT('',(-12.5,6.38E-15,29.));
#2620 = DIRECTION('',(0.,0.,1.));
#2621 = DIRECTION('',(1.,0.,0.));
#2622 = ADVANCED_FACE('',(#2623),#2634,.T.);
#2623 = FACE_BOUND('',#2624,.T.);
#2624 = EDGE_LOOP('',(#2625,#2626,#2627,#2633));
#2625 = ORIENTED_EDGE('',*,*,#1872,.F.);
#2626 = ORIENTED_EDGE('',*,*,#2119,.T.);
#2627 = ORIENTED_EDGE('',*,*,#2628,.T.);
#2628 = EDGE_CURVE('',#2112,#1899,#2629,.T.);
#2629 = LINE('',#2630,#2631);
#2630 = CARTESIAN_POINT('',(4.608927513051,8.058346064237,
    -25.64165393576));
#2631 = VECTOR('',#2632,1.);
#2632 = DIRECTION('',(-0.281084637715,0.678598344546,0.678598344546));
#2633 = ORIENTED_EDGE('',*,*,#1898,.F.);
#2634 = PLANE('',#2635);
#2635 = AXIS2_PLACEMENT_3D('',#2636,#2637,#2638);
#2636 = CARTESIAN_POINT('',(18.646446609407,5.2,-15.6464466094));
#2637 = DIRECTION('',(0.5,0.707106781187,-0.5));
#2638 = DIRECTION('',(-0.707106781187,2.775557561563E-17,-0.707106781187
    ));
#2639 = ADVANCED_FACE('',(#2640),#2651,.T.);
#2640 = FACE_BOUND('',#2641,.T.);
#2641 = EDGE_LOOP('',(#2642,#2648,#2649,#2650));
#2642 = ORIENTED_EDGE('',*,*,#2643,.F.);
#2643 = EDGE_CURVE('',#2134,#1907,#2644,.T.);
#2644 = LINE('',#2645,#2646);
#2645 = CARTESIAN_POINT('',(-5.809256430169,5.16049571322,
    -28.53950428678));
#2646 = VECTOR('',#2647,1.);
#2647 = DIRECTION('',(0.281084637715,0.678598344546,0.678598344546));
#2648 = ORIENTED_EDGE('',*,*,#2143,.T.);
#2649 = ORIENTED_EDGE('',*,*,#2035,.T.);
#2650 = ORIENTED_EDGE('',*,*,#1914,.F.);
#2651 = PLANE('',#2652);
#2652 = AXIS2_PLACEMENT_3D('',#2653,#2654,#2655);
#2653 = CARTESIAN_POINT('',(-5.646446609407,5.2,-28.6464466094));
#2654 = DIRECTION('',(-0.5,0.707106781187,-0.5));
#2655 = DIRECTION('',(-0.707106781187,8.326672684689E-17,0.707106781187)
  );
#2656 = ADVANCED_FACE('',(#2657),#2663,.F.);
#2657 = FACE_BOUND('',#2658,.F.);
#2658 = EDGE_LOOP('',(#2659,#2660,#2661,#2662));
#2659 = ORIENTED_EDGE('',*,*,#2643,.F.);
#2660 = ORIENTED_EDGE('',*,*,#2160,.T.);
#2661 = ORIENTED_EDGE('',*,*,#2628,.T.);
#2662 = ORIENTED_EDGE('',*,*,#1906,.F.);
#2663 = PLANE('',#2664);
#2664 = AXIS2_PLACEMENT_3D('',#2665,#2666,#2667);
#2665 = CARTESIAN_POINT('',(-6.,5.2,-28.5));
#2666 = DIRECTION('',(0.,-0.707106781187,0.707106781187));
#2667 = DIRECTION('',(1.,0.,0.));
#2668 = ADVANCED_FACE('',(#2669),#2685,.F.);
#2669 = FACE_BOUND('',#2670,.F.);
#2670 = EDGE_LOOP('',(#2671,#2677,#2678,#2684));
#2671 = ORIENTED_EDGE('',*,*,#2672,.T.);
#2672 = EDGE_CURVE('',#1931,#2192,#2673,.T.);
#2673 = LINE('',#2674,#2675);
#2674 = CARTESIAN_POINT('',(-15.25,5.7,10.250000000001));
#2675 = VECTOR('',#2676,1.);
#2676 = DIRECTION('',(0.,-1.,2.2E-16));
#2677 = ORIENTED_EDGE('',*,*,#2191,.T.);
#2678 = ORIENTED_EDGE('',*,*,#2679,.F.);
#2679 = EDGE_CURVE('',#1933,#2194,#2680,.T.);
#2680 = LINE('',#2681,#2682);
#2681 = CARTESIAN_POINT('',(-9.749999999993,5.7,10.250000000001));
#2682 = VECTOR('',#2683,1.);
#2683 = DIRECTION('',(0.,-1.,2.2E-16));
#2684 = ORIENTED_EDGE('',*,*,#1930,.F.);
#2685 = PLANE('',#2686);
#2686 = AXIS2_PLACEMENT_3D('',#2687,#2688,#2689);
#2687 = CARTESIAN_POINT('',(-15.25,5.7,10.250000000001));
#2688 = DIRECTION('',(0.,2.2E-16,1.));
#2689 = DIRECTION('',(1.,0.,0.));
#2690 = ADVANCED_FACE('',(#2691),#2702,.F.);
#2691 = FACE_BOUND('',#2692,.F.);
#2692 = EDGE_LOOP('',(#2693,#2694,#2695,#2701));
#2693 = ORIENTED_EDGE('',*,*,#2679,.T.);
#2694 = ORIENTED_EDGE('',*,*,#2201,.T.);
#2695 = ORIENTED_EDGE('',*,*,#2696,.F.);
#2696 = EDGE_CURVE('',#1949,#2202,#2697,.T.);
#2697 = LINE('',#2698,#2699);
#2698 = CARTESIAN_POINT('',(-9.749999999993,5.7,4.749999999999));
#2699 = VECTOR('',#2700,1.);
#2700 = DIRECTION('',(0.,-1.,2.2E-16));
#2701 = ORIENTED_EDGE('',*,*,#1956,.F.);
#2702 = PLANE('',#2703);
#2703 = AXIS2_PLACEMENT_3D('',#2704,#2705,#2706);
#2704 = CARTESIAN_POINT('',(-9.749999999993,5.7,10.250000000001));
#2705 = DIRECTION('',(1.,0.,0.));
#2706 = DIRECTION('',(0.,-2.2E-16,-1.));
#2707 = ADVANCED_FACE('',(#2708),#2719,.F.);
#2708 = FACE_BOUND('',#2709,.F.);
#2709 = EDGE_LOOP('',(#2710,#2711,#2712,#2718));
#2710 = ORIENTED_EDGE('',*,*,#2696,.T.);
#2711 = ORIENTED_EDGE('',*,*,#2209,.T.);
#2712 = ORIENTED_EDGE('',*,*,#2713,.F.);
#2713 = EDGE_CURVE('',#1941,#2210,#2714,.T.);
#2714 = LINE('',#2715,#2716);
#2715 = CARTESIAN_POINT('',(-15.25,5.7,4.749999999999));
#2716 = VECTOR('',#2717,1.);
#2717 = DIRECTION('',(0.,-1.,2.2E-16));
#2718 = ORIENTED_EDGE('',*,*,#1948,.F.);
#2719 = PLANE('',#2720);
#2720 = AXIS2_PLACEMENT_3D('',#2721,#2722,#2723);
#2721 = CARTESIAN_POINT('',(-9.749999999993,5.7,4.749999999999));
#2722 = DIRECTION('',(-0.,-2.2E-16,-1.));
#2723 = DIRECTION('',(-1.,0.,0.));
#2724 = ADVANCED_FACE('',(#2725),#2731,.F.);
#2725 = FACE_BOUND('',#2726,.F.);
#2726 = EDGE_LOOP('',(#2727,#2728,#2729,#2730));
#2727 = ORIENTED_EDGE('',*,*,#2713,.T.);
#2728 = ORIENTED_EDGE('',*,*,#2217,.T.);
#2729 = ORIENTED_EDGE('',*,*,#2672,.F.);
#2730 = ORIENTED_EDGE('',*,*,#1940,.F.);
#2731 = PLANE('',#2732);
#2732 = AXIS2_PLACEMENT_3D('',#2733,#2734,#2735);
#2733 = CARTESIAN_POINT('',(-15.25,5.7,4.749999999999));
#2734 = DIRECTION('',(-1.,0.,0.));
#2735 = DIRECTION('',(0.,2.2E-16,1.));
#2736 = ADVANCED_FACE('',(#2737),#2753,.F.);
#2737 = FACE_BOUND('',#2738,.F.);
#2738 = EDGE_LOOP('',(#2739,#2745,#2746,#2752));
#2739 = ORIENTED_EDGE('',*,*,#2740,.T.);
#2740 = EDGE_CURVE('',#1987,#2252,#2741,.T.);
#2741 = LINE('',#2742,#2743);
#2742 = CARTESIAN_POINT('',(15.25,5.7,10.25));
#2743 = VECTOR('',#2744,1.);
#2744 = DIRECTION('',(0.,-1.,2.2E-16));
#2745 = ORIENTED_EDGE('',*,*,#2251,.T.);
#2746 = ORIENTED_EDGE('',*,*,#2747,.F.);
#2747 = EDGE_CURVE('',#1989,#2254,#2748,.T.);
#2748 = LINE('',#2749,#2750);
#2749 = CARTESIAN_POINT('',(15.25,5.7,4.75));
#2750 = VECTOR('',#2751,1.);
#2751 = DIRECTION('',(0.,-1.,2.2E-16));
#2752 = ORIENTED_EDGE('',*,*,#1986,.F.);
#2753 = PLANE('',#2754);
#2754 = AXIS2_PLACEMENT_3D('',#2755,#2756,#2757);
#2755 = CARTESIAN_POINT('',(15.25,5.7,10.25));
#2756 = DIRECTION('',(1.,0.,0.));
#2757 = DIRECTION('',(0.,-2.2E-16,-1.));
#2758 = ADVANCED_FACE('',(#2759),#2770,.F.);
#2759 = FACE_BOUND('',#2760,.F.);
#2760 = EDGE_LOOP('',(#2761,#2762,#2763,#2769));
#2761 = ORIENTED_EDGE('',*,*,#2747,.T.);
#2762 = ORIENTED_EDGE('',*,*,#2261,.T.);
#2763 = ORIENTED_EDGE('',*,*,#2764,.F.);
#2764 = EDGE_CURVE('',#2005,#2262,#2765,.T.);
#2765 = LINE('',#2766,#2767);
#2766 = CARTESIAN_POINT('',(9.75,5.7,4.75));
#2767 = VECTOR('',#2768,1.);
#2768 = DIRECTION('',(0.,-1.,2.2E-16));
#2769 = ORIENTED_EDGE('',*,*,#2012,.F.);
#2770 = PLANE('',#2771);
#2771 = AXIS2_PLACEMENT_3D('',#2772,#2773,#2774);
#2772 = CARTESIAN_POINT('',(15.25,5.7,4.75));
#2773 = DIRECTION('',(-0.,-2.2E-16,-1.));
#2774 = DIRECTION('',(-1.,0.,0.));
#2775 = ADVANCED_FACE('',(#2776),#2787,.F.);
#2776 = FACE_BOUND('',#2777,.F.);
#2777 = EDGE_LOOP('',(#2778,#2779,#2780,#2786));
#2778 = ORIENTED_EDGE('',*,*,#2764,.T.);
#2779 = ORIENTED_EDGE('',*,*,#2269,.T.);
#2780 = ORIENTED_EDGE('',*,*,#2781,.F.);
#2781 = EDGE_CURVE('',#1997,#2270,#2782,.T.);
#2782 = LINE('',#2783,#2784);
#2783 = CARTESIAN_POINT('',(9.75,5.7,10.25));
#2784 = VECTOR('',#2785,1.);
#2785 = DIRECTION('',(0.,-1.,2.2E-16));
#2786 = ORIENTED_EDGE('',*,*,#2004,.F.);
#2787 = PLANE('',#2788);
#2788 = AXIS2_PLACEMENT_3D('',#2789,#2790,#2791);
#2789 = CARTESIAN_POINT('',(9.75,5.7,4.75));
#2790 = DIRECTION('',(-1.,0.,0.));
#2791 = DIRECTION('',(0.,2.2E-16,1.));
#2792 = ADVANCED_FACE('',(#2793),#2799,.F.);
#2793 = FACE_BOUND('',#2794,.F.);
#2794 = EDGE_LOOP('',(#2795,#2796,#2797,#2798));
#2795 = ORIENTED_EDGE('',*,*,#2781,.T.);
#2796 = ORIENTED_EDGE('',*,*,#2277,.T.);
#2797 = ORIENTED_EDGE('',*,*,#2740,.F.);
#2798 = ORIENTED_EDGE('',*,*,#1996,.F.);
#2799 = PLANE('',#2800);
#2800 = AXIS2_PLACEMENT_3D('',#2801,#2802,#2803);
#2801 = CARTESIAN_POINT('',(9.75,5.7,10.25));
#2802 = DIRECTION('',(0.,2.2E-16,1.));
#2803 = DIRECTION('',(1.,0.,0.));
#2804 = ADVANCED_FACE('',(#2805),#2815,.T.);
#2805 = FACE_BOUND('',#2806,.T.);
#2806 = EDGE_LOOP('',(#2807,#2808,#2809,#2810,#2811,#2812,#2813,#2814));
#2807 = ORIENTED_EDGE('',*,*,#2545,.F.);
#2808 = ORIENTED_EDGE('',*,*,#2387,.T.);
#2809 = ORIENTED_EDGE('',*,*,#2303,.F.);
#2810 = ORIENTED_EDGE('',*,*,#2329,.T.);
#2811 = ORIENTED_EDGE('',*,*,#2352,.T.);
#2812 = ORIENTED_EDGE('',*,*,#2492,.T.);
#2813 = ORIENTED_EDGE('',*,*,#2519,.T.);
#2814 = ORIENTED_EDGE('',*,*,#2570,.T.);
#2815 = PLANE('',#2816);
#2816 = AXIS2_PLACEMENT_3D('',#2817,#2818,#2819);
#2817 = CARTESIAN_POINT('',(12.5,2.6,22.597244539687));
#2818 = DIRECTION('',(0.,-1.,2.6E-16));
#2819 = DIRECTION('',(0.,-2.6E-16,-1.));
#2820 = ADVANCED_FACE('',(#2821),#2840,.F.);
#2821 = FACE_BOUND('',#2822,.F.);
#2822 = EDGE_LOOP('',(#2823,#2824,#2832,#2839));
#2823 = ORIENTED_EDGE('',*,*,#2396,.F.);
#2824 = ORIENTED_EDGE('',*,*,#2825,.T.);
#2825 = EDGE_CURVE('',#2397,#2826,#2828,.T.);
#2826 = VERTEX_POINT('',#2827);
#2827 = CARTESIAN_POINT('',(13.5,6.E-15,20.));
#2828 = LINE('',#2829,#2830);
#2829 = CARTESIAN_POINT('',(13.5,6.38E-15,29.));
#2830 = VECTOR('',#2831,1.);
#2831 = DIRECTION('',(-0.,-0.,-1.));
#2832 = ORIENTED_EDGE('',*,*,#2833,.T.);
#2833 = EDGE_CURVE('',#2826,#2826,#2834,.T.);
#2834 = CIRCLE('',#2835,1.);
#2835 = AXIS2_PLACEMENT_3D('',#2836,#2837,#2838);
#2836 = CARTESIAN_POINT('',(12.5,6.E-15,20.));
#2837 = DIRECTION('',(0.,0.,1.));
#2838 = DIRECTION('',(1.,0.,0.));
#2839 = ORIENTED_EDGE('',*,*,#2825,.F.);
#2840 = CYLINDRICAL_SURFACE('',#2841,1.);
#2841 = AXIS2_PLACEMENT_3D('',#2842,#2843,#2844);
#2842 = CARTESIAN_POINT('',(12.5,6.38E-15,29.));
#2843 = DIRECTION('',(0.,0.,1.));
#2844 = DIRECTION('',(1.,0.,0.));
#2845 = ADVANCED_FACE('',(#2846),#2849,.T.);
#2846 = FACE_BOUND('',#2847,.T.);
#2847 = EDGE_LOOP('',(#2848));
#2848 = ORIENTED_EDGE('',*,*,#2610,.T.);
#2849 = PLANE('',#2850);
#2850 = AXIS2_PLACEMENT_3D('',#2851,#2852,#2853);
#2851 = CARTESIAN_POINT('',(-1.7E-16,6.41E-15,20.));
#2852 = DIRECTION('',(0.,0.,1.));
#2853 = DIRECTION('',(1.,0.,0.));
#2854 = ADVANCED_FACE('',(#2855),#2858,.T.);
#2855 = FACE_BOUND('',#2856,.T.);
#2856 = EDGE_LOOP('',(#2857));
#2857 = ORIENTED_EDGE('',*,*,#2833,.T.);
#2858 = PLANE('',#2859);
#2859 = AXIS2_PLACEMENT_3D('',#2860,#2861,#2862);
#2860 = CARTESIAN_POINT('',(-1.7E-16,6.41E-15,20.));
#2861 = DIRECTION('',(0.,0.,1.));
#2862 = DIRECTION('',(1.,0.,0.));
#2863 = ( GEOMETRIC_REPRESENTATION_CONTEXT(3) 
GLOBAL_UNCERTAINTY_ASSIGNED_CONTEXT((#2867)) 
GLOBAL_UNIT_ASSIGNED_CONTEXT((#2864,#2865,#2866)) REPRESENTATION_CONTEXT
('Context #1','3D Context with UNIT and UNCERTAINTY') );
#2864 = ( LENGTH_UNIT() NAMED_UNIT(*) SI_UNIT(.MILLI.,.METRE.) );
#2865 = ( NAMED_UNIT(*) PLANE_ANGLE_UNIT() SI_UNIT($,.RADIAN.) );
#2866 = ( NAMED_UNIT(*) SI_UNIT($,.STERADIAN.) SOLID_ANGLE_UNIT() );
#2867 = UNCERTAINTY_MEASURE_WITH_UNIT(LENGTH_MEASURE(1.E-05),#2864,
  'distance_accuracy_value','confusion accuracy');
#2868 = PRODUCT_RELATED_PRODUCT_CATEGORY('part',$,(#7));
ENDSEC;
END-ISO-10303-21;
