ISO-10303-21;
HEADER;
FILE_DESCRIPTION(('FreeCAD Model'),'2;1');
FILE_NAME('Open CASCADE Shape Model','2026-09-06T12:30:42',('FreeCAD'),(
    'FreeCAD'),'Open CASCADE STEP processor 7.8','FreeCAD','Unknown');
FILE_SCHEMA(('AUTOMOTIVE_DESIGN { 1 0 10303 214 1 1 1 1 }'));
ENDSEC;
DATA;
#1 = APPLICATION_PROTOCOL_DEFINITION('international standard',
  'automotive_design',2000,#2);
#2 = APPLICATION_CONTEXT(
  'core data for automotive mechanical design processes');
#3 = SHAPE_DEFINITION_REPRESENTATION(#4,#10);
#4 = PRODUCT_DEFINITION_SHAPE('','',#5);
#5 = PRODUCT_DEFINITION('design','',#6,#9);
#6 = PRODUCT_DEFINITION_FORMATION('','',#7);
#7 = PRODUCT('Open CASCADE STEP translator 7.8 249',
  'Open CASCADE STEP translator 7.8 249','',(#8));
#8 = PRODUCT_CONTEXT('',#2,'mechanical');
#9 = PRODUCT_DEFINITION_CONTEXT('part definition',#2,'design');
#10 = ADVANCED_BREP_SHAPE_REPRESENTATION('',(#11,#15),#5791);
#11 = AXIS2_PLACEMENT_3D('',#12,#13,#14);
#12 = CARTESIAN_POINT('',(0.,0.,0.));
#13 = DIRECTION('',(0.,0.,1.));
#14 = DIRECTION('',(1.,0.,-0.));
#15 = MANIFOLD_SOLID_BREP('',#16);
#16 = CLOSED_SHELL('',(#17,#69,#94,#126,#150,#174,#223,#248,#945,#969,
    #1010,#1044,#1418,#1449,#1473,#1496,#1558,#1589,#1619,#1643,#1667,
    #1702,#1726,#1810,#1841,#1881,#2023,#2047,#2071,#2096,#2120,#2137,
    #2161,#2236,#2253,#2277,#2312,#2336,#2360,#2400,#2431,#2455,#2479,
    #2496,#2521,#2552,#2576,#2600,#2624,#2648,#2665,#2696,#2720,#2744,
    #2761,#2786,#2817,#2841,#2865,#2889,#2913,#2930,#2961,#2985,#3009,
    #3033,#3057,#3074,#3099,#3124,#3155,#3179,#3203,#3220,#3251,#3275,
    #3299,#3316,#3341,#3372,#3396,#3420,#3444,#3468,#3485,#3510,#3541,
    #3565,#3589,#3606,#3618,#3638,#3655,#3672,#3684,#3701,#3723,#3745,
    #3756,#3772,#3789,#3811,#3828,#3845,#3876,#3898,#3929,#3951,#3968,
    #3985,#4002,#4019,#4044,#4069,#4094,#4119,#4144,#4169,#4194,#4219,
    #4244,#4269,#4294,#4319,#4344,#4369,#4394,#4419,#4430,#4447,#4464,
    #4475,#4539,#4563,#4592,#4616,#4640,#4664,#4681,#4704,#4736,#4760,
    #4814,#4838,#4867,#4891,#4920,#4936,#4960,#4976,#5005,#5029,#5046,
    #5057,#5068,#5083,#5095,#5112,#5127,#5139,#5156,#5173,#5185,#5205,
    #5228,#5243,#5263,#5280,#5292,#5315,#5326,#5337,#5354,#5365,#5382,
    #5393,#5413,#5433,#5450,#5467,#5484,#5512,#5540,#5556,#5572,#5588,
    #5600,#5623,#5651,#5667,#5683,#5699,#5716,#5733,#5745,#5757,#5774));
#17 = ADVANCED_FACE('',(#18,#29),#64,.T.);
#18 = FACE_BOUND('',#19,.T.);
#19 = EDGE_LOOP('',(#20));
#20 = ORIENTED_EDGE('',*,*,#21,.T.);
#21 = EDGE_CURVE('',#22,#22,#24,.T.);
#22 = VERTEX_POINT('',#23);
#23 = CARTESIAN_POINT('',(18.55,10.,-15.5));
#24 = CIRCLE('',#25,3.05);
#25 = AXIS2_PLACEMENT_3D('',#26,#27,#28);
#26 = CARTESIAN_POINT('',(15.5,10.,-15.5));
#27 = DIRECTION('',(0.,-1.,0.));
#28 = DIRECTION('',(1.,0.,-3.33E-15));
#29 = FACE_BOUND('',#30,.T.);
#30 = EDGE_LOOP('',(#31,#42,#50,#58));
#31 = ORIENTED_EDGE('',*,*,#32,.T.);
#32 = EDGE_CURVE('',#33,#35,#37,.T.);
#33 = VERTEX_POINT('',#34);
#34 = CARTESIAN_POINT('',(19.,10.,-15.5));
#35 = VERTEX_POINT('',#36);
#36 = CARTESIAN_POINT('',(12.,10.,-15.5));
#37 = CIRCLE('',#38,3.5);
#38 = AXIS2_PLACEMENT_3D('',#39,#40,#41);
#39 = CARTESIAN_POINT('',(15.5,10.,-15.5));
#40 = DIRECTION('',(-0.,1.,2.2E-16));
#41 = DIRECTION('',(1.,0.,0.));
#42 = ORIENTED_EDGE('',*,*,#43,.T.);
#43 = EDGE_CURVE('',#35,#44,#46,.T.);
#44 = VERTEX_POINT('',#45);
#45 = CARTESIAN_POINT('',(12.,10.,-10.5));
#46 = LINE('',#47,#48);
#47 = CARTESIAN_POINT('',(12.,10.,-15.5));
#48 = VECTOR('',#49,1.);
#49 = DIRECTION('',(0.,-2.2E-16,1.));
#50 = ORIENTED_EDGE('',*,*,#51,.T.);
#51 = EDGE_CURVE('',#44,#52,#54,.T.);
#52 = VERTEX_POINT('',#53);
#53 = CARTESIAN_POINT('',(19.,10.,-10.5));
#54 = LINE('',#55,#56);
#55 = CARTESIAN_POINT('',(12.,10.,-10.5));
#56 = VECTOR('',#57,1.);
#57 = DIRECTION('',(1.,0.,0.));
#58 = ORIENTED_EDGE('',*,*,#59,.T.);
#59 = EDGE_CURVE('',#52,#33,#60,.T.);
#60 = LINE('',#61,#62);
#61 = CARTESIAN_POINT('',(19.,10.,-10.5));
#62 = VECTOR('',#63,1.);
#63 = DIRECTION('',(0.,2.2E-16,-1.));
#64 = PLANE('',#65);
#65 = AXIS2_PLACEMENT_3D('',#66,#67,#68);
#66 = CARTESIAN_POINT('',(3.159765472971,10.,-6.217248937901E-15));
#67 = DIRECTION('',(0.,1.,2.2E-16));
#68 = DIRECTION('',(0.,-2.2E-16,1.));
#69 = ADVANCED_FACE('',(#70),#89,.F.);
#70 = FACE_BOUND('',#71,.F.);
#71 = EDGE_LOOP('',(#72,#80,#81,#82));
#72 = ORIENTED_EDGE('',*,*,#73,.F.);
#73 = EDGE_CURVE('',#22,#74,#76,.T.);
#74 = VERTEX_POINT('',#75);
#75 = CARTESIAN_POINT('',(17.1,8.2,-15.5));
#76 = LINE('',#77,#78);
#77 = CARTESIAN_POINT('',(17.1,8.2,-15.5));
#78 = VECTOR('',#79,1.);
#79 = DIRECTION('',(-0.627329537873,-0.778753909083,2.09E-15));
#80 = ORIENTED_EDGE('',*,*,#21,.T.);
#81 = ORIENTED_EDGE('',*,*,#73,.T.);
#82 = ORIENTED_EDGE('',*,*,#83,.F.);
#83 = EDGE_CURVE('',#74,#74,#84,.T.);
#84 = CIRCLE('',#85,1.6);
#85 = AXIS2_PLACEMENT_3D('',#86,#87,#88);
#86 = CARTESIAN_POINT('',(15.5,8.2,-15.5));
#87 = DIRECTION('',(0.,-1.,0.));
#88 = DIRECTION('',(1.,0.,-3.33E-15));
#89 = CONICAL_SURFACE('',#90,1.6,0.678119307749);
#90 = AXIS2_PLACEMENT_3D('',#91,#92,#93);
#91 = CARTESIAN_POINT('',(15.5,8.2,-15.5));
#92 = DIRECTION('',(0.,1.,0.));
#93 = DIRECTION('',(1.,0.,-3.33E-15));
#94 = ADVANCED_FACE('',(#95),#121,.F.);
#95 = FACE_BOUND('',#96,.F.);
#96 = EDGE_LOOP('',(#97,#105,#106,#114));
#97 = ORIENTED_EDGE('',*,*,#98,.T.);
#98 = EDGE_CURVE('',#99,#33,#101,.T.);
#99 = VERTEX_POINT('',#100);
#100 = CARTESIAN_POINT('',(19.,11.5,-15.5));
#101 = LINE('',#102,#103);
#102 = CARTESIAN_POINT('',(19.,11.5,-15.5));
#103 = VECTOR('',#104,1.);
#104 = DIRECTION('',(0.,-1.,-2.2E-16));
#105 = ORIENTED_EDGE('',*,*,#32,.T.);
#106 = ORIENTED_EDGE('',*,*,#107,.F.);
#107 = EDGE_CURVE('',#108,#35,#110,.T.);
#108 = VERTEX_POINT('',#109);
#109 = CARTESIAN_POINT('',(12.,11.5,-15.5));
#110 = LINE('',#111,#112);
#111 = CARTESIAN_POINT('',(12.,11.5,-15.5));
#112 = VECTOR('',#113,1.);
#113 = DIRECTION('',(0.,-1.,-2.2E-16));
#114 = ORIENTED_EDGE('',*,*,#115,.F.);
#115 = EDGE_CURVE('',#99,#108,#116,.T.);
#116 = CIRCLE('',#117,3.5);
#117 = AXIS2_PLACEMENT_3D('',#118,#119,#120);
#118 = CARTESIAN_POINT('',(15.5,11.5,-15.5));
#119 = DIRECTION('',(-0.,1.,2.2E-16));
#120 = DIRECTION('',(1.,0.,0.));
#121 = CYLINDRICAL_SURFACE('',#122,3.5);
#122 = AXIS2_PLACEMENT_3D('',#123,#124,#125);
#123 = CARTESIAN_POINT('',(15.5,11.5,-15.5));
#124 = DIRECTION('',(0.,1.,2.2E-16));
#125 = DIRECTION('',(1.,0.,0.));
#126 = ADVANCED_FACE('',(#127),#145,.F.);
#127 = FACE_BOUND('',#128,.F.);
#128 = EDGE_LOOP('',(#129,#137,#138,#139));
#129 = ORIENTED_EDGE('',*,*,#130,.T.);
#130 = EDGE_CURVE('',#131,#52,#133,.T.);
#131 = VERTEX_POINT('',#132);
#132 = CARTESIAN_POINT('',(19.,11.5,-10.5));
#133 = LINE('',#134,#135);
#134 = CARTESIAN_POINT('',(19.,11.5,-10.5));
#135 = VECTOR('',#136,1.);
#136 = DIRECTION('',(0.,-1.,-2.2E-16));
#137 = ORIENTED_EDGE('',*,*,#59,.T.);
#138 = ORIENTED_EDGE('',*,*,#98,.F.);
#139 = ORIENTED_EDGE('',*,*,#140,.F.);
#140 = EDGE_CURVE('',#131,#99,#141,.T.);
#141 = LINE('',#142,#143);
#142 = CARTESIAN_POINT('',(19.,11.5,-10.5));
#143 = VECTOR('',#144,1.);
#144 = DIRECTION('',(0.,2.2E-16,-1.));
#145 = PLANE('',#146);
#146 = AXIS2_PLACEMENT_3D('',#147,#148,#149);
#147 = CARTESIAN_POINT('',(19.,11.5,-10.5));
#148 = DIRECTION('',(1.,0.,0.));
#149 = DIRECTION('',(0.,2.2E-16,-1.));
#150 = ADVANCED_FACE('',(#151),#169,.F.);
#151 = FACE_BOUND('',#152,.F.);
#152 = EDGE_LOOP('',(#153,#154,#155,#163));
#153 = ORIENTED_EDGE('',*,*,#107,.T.);
#154 = ORIENTED_EDGE('',*,*,#43,.T.);
#155 = ORIENTED_EDGE('',*,*,#156,.F.);
#156 = EDGE_CURVE('',#157,#44,#159,.T.);
#157 = VERTEX_POINT('',#158);
#158 = CARTESIAN_POINT('',(12.,11.5,-10.5));
#159 = LINE('',#160,#161);
#160 = CARTESIAN_POINT('',(12.,11.5,-10.5));
#161 = VECTOR('',#162,1.);
#162 = DIRECTION('',(0.,-1.,-2.2E-16));
#163 = ORIENTED_EDGE('',*,*,#164,.F.);
#164 = EDGE_CURVE('',#108,#157,#165,.T.);
#165 = LINE('',#166,#167);
#166 = CARTESIAN_POINT('',(12.,11.5,-15.5));
#167 = VECTOR('',#168,1.);
#168 = DIRECTION('',(0.,-2.2E-16,1.));
#169 = PLANE('',#170);
#170 = AXIS2_PLACEMENT_3D('',#171,#172,#173);
#171 = CARTESIAN_POINT('',(12.,11.5,-15.5));
#172 = DIRECTION('',(-1.,0.,0.));
#173 = DIRECTION('',(0.,-2.2E-16,1.));
#174 = ADVANCED_FACE('',(#175),#218,.T.);
#175 = FACE_BOUND('',#176,.T.);
#176 = EDGE_LOOP('',(#177,#185,#186,#187,#188,#196,#204,#212));
#177 = ORIENTED_EDGE('',*,*,#178,.F.);
#178 = EDGE_CURVE('',#131,#179,#181,.T.);
#179 = VERTEX_POINT('',#180);
#180 = CARTESIAN_POINT('',(43.,11.5,-10.5));
#181 = LINE('',#182,#183);
#182 = CARTESIAN_POINT('',(4.1217014342E-05,11.5,-10.5));
#183 = VECTOR('',#184,1.);
#184 = DIRECTION('',(1.,0.,0.));
#185 = ORIENTED_EDGE('',*,*,#130,.T.);
#186 = ORIENTED_EDGE('',*,*,#51,.F.);
#187 = ORIENTED_EDGE('',*,*,#156,.F.);
#188 = ORIENTED_EDGE('',*,*,#189,.F.);
#189 = EDGE_CURVE('',#190,#157,#192,.T.);
#190 = VERTEX_POINT('',#191);
#191 = CARTESIAN_POINT('',(4.1217014342E-05,11.5,-10.5));
#192 = LINE('',#193,#194);
#193 = CARTESIAN_POINT('',(4.1217014342E-05,11.5,-10.5));
#194 = VECTOR('',#195,1.);
#195 = DIRECTION('',(1.,0.,0.));
#196 = ORIENTED_EDGE('',*,*,#197,.T.);
#197 = EDGE_CURVE('',#190,#198,#200,.T.);
#198 = VERTEX_POINT('',#199);
#199 = CARTESIAN_POINT('',(4.1217014342E-05,-3.5,-10.5));
#200 = LINE('',#201,#202);
#201 = CARTESIAN_POINT('',(4.1217014342E-05,11.5,-10.5));
#202 = VECTOR('',#203,1.);
#203 = DIRECTION('',(0.,-1.,-2.2E-16));
#204 = ORIENTED_EDGE('',*,*,#205,.T.);
#205 = EDGE_CURVE('',#198,#206,#208,.T.);
#206 = VERTEX_POINT('',#207);
#207 = CARTESIAN_POINT('',(43.,-3.5,-10.5));
#208 = LINE('',#209,#210);
#209 = CARTESIAN_POINT('',(4.1217014342E-05,-3.5,-10.5));
#210 = VECTOR('',#211,1.);
#211 = DIRECTION('',(1.,0.,0.));
#212 = ORIENTED_EDGE('',*,*,#213,.F.);
#213 = EDGE_CURVE('',#179,#206,#214,.T.);
#214 = LINE('',#215,#216);
#215 = CARTESIAN_POINT('',(43.,11.5,-10.5));
#216 = VECTOR('',#217,1.);
#217 = DIRECTION('',(0.,-1.,-2.2E-16));
#218 = PLANE('',#219);
#219 = AXIS2_PLACEMENT_3D('',#220,#221,#222);
#220 = CARTESIAN_POINT('',(4.1217014342E-05,11.5,-10.5));
#221 = DIRECTION('',(0.,-2.2E-16,1.));
#222 = DIRECTION('',(1.,0.,0.));
#223 = ADVANCED_FACE('',(#224),#243,.F.);
#224 = FACE_BOUND('',#225,.F.);
#225 = EDGE_LOOP('',(#226,#234,#241,#242));
#226 = ORIENTED_EDGE('',*,*,#227,.F.);
#227 = EDGE_CURVE('',#228,#74,#230,.T.);
#228 = VERTEX_POINT('',#229);
#229 = CARTESIAN_POINT('',(17.1,-11.5,-15.5));
#230 = LINE('',#231,#232);
#231 = CARTESIAN_POINT('',(17.1,-11.5,-15.5));
#232 = VECTOR('',#233,1.);
#233 = DIRECTION('',(0.,1.,-2.2E-16));
#234 = ORIENTED_EDGE('',*,*,#235,.F.);
#235 = EDGE_CURVE('',#228,#228,#236,.T.);
#236 = CIRCLE('',#237,1.6);
#237 = AXIS2_PLACEMENT_3D('',#238,#239,#240);
#238 = CARTESIAN_POINT('',(15.5,-11.5,-15.5));
#239 = DIRECTION('',(0.,-1.,-2.2E-16));
#240 = DIRECTION('',(1.,0.,0.));
#241 = ORIENTED_EDGE('',*,*,#227,.T.);
#242 = ORIENTED_EDGE('',*,*,#83,.T.);
#243 = CYLINDRICAL_SURFACE('',#244,1.6);
#244 = AXIS2_PLACEMENT_3D('',#245,#246,#247);
#245 = CARTESIAN_POINT('',(15.5,-11.5,-15.5));
#246 = DIRECTION('',(0.,-1.,2.2E-16));
#247 = DIRECTION('',(1.,0.,0.));
#248 = ADVANCED_FACE('',(#249,#504,#538,#549,#599,#633,#644,#694,#744,
    #755,#766,#800,#834,#845,#895,#906),#940,.T.);
#249 = FACE_BOUND('',#250,.T.);
#250 = EDGE_LOOP('',(#251,#261,#269,#277,#285,#293,#301,#309,#317,#325,
    #333,#341,#349,#357,#365,#373,#381,#389,#397,#405,#413,#421,#429,
    #437,#445,#454,#462,#470,#477,#478,#479,#480,#481,#482,#490,#498));
#251 = ORIENTED_EDGE('',*,*,#252,.F.);
#252 = EDGE_CURVE('',#253,#255,#257,.T.);
#253 = VERTEX_POINT('',#254);
#254 = CARTESIAN_POINT('',(6.35,11.5,-45.));
#255 = VERTEX_POINT('',#256);
#256 = CARTESIAN_POINT('',(43.,11.5,-45.));
#257 = LINE('',#258,#259);
#258 = CARTESIAN_POINT('',(-44.,11.5,-45.));
#259 = VECTOR('',#260,1.);
#260 = DIRECTION('',(1.,0.,0.));
#261 = ORIENTED_EDGE('',*,*,#262,.F.);
#262 = EDGE_CURVE('',#263,#253,#265,.T.);
#263 = VERTEX_POINT('',#264);
#264 = CARTESIAN_POINT('',(6.35,11.5,-45.5));
#265 = LINE('',#266,#267);
#266 = CARTESIAN_POINT('',(6.35,11.5,-46.5));
#267 = VECTOR('',#268,1.);
#268 = DIRECTION('',(0.,-2.2E-16,1.));
#269 = ORIENTED_EDGE('',*,*,#270,.F.);
#270 = EDGE_CURVE('',#271,#263,#273,.T.);
#271 = VERTEX_POINT('',#272);
#272 = CARTESIAN_POINT('',(-6.35,11.5,-45.5));
#273 = LINE('',#274,#275);
#274 = CARTESIAN_POINT('',(-6.35,11.5,-45.5));
#275 = VECTOR('',#276,1.);
#276 = DIRECTION('',(1.,0.,0.));
#277 = ORIENTED_EDGE('',*,*,#278,.F.);
#278 = EDGE_CURVE('',#279,#271,#281,.T.);
#279 = VERTEX_POINT('',#280);
#280 = CARTESIAN_POINT('',(-6.35,11.5,-45.));
#281 = LINE('',#282,#283);
#282 = CARTESIAN_POINT('',(-6.35,11.5,-44.));
#283 = VECTOR('',#284,1.);
#284 = DIRECTION('',(0.,2.2E-16,-1.));
#285 = ORIENTED_EDGE('',*,*,#286,.F.);
#286 = EDGE_CURVE('',#287,#279,#289,.T.);
#287 = VERTEX_POINT('',#288);
#288 = CARTESIAN_POINT('',(-26.,11.5,-45.));
#289 = LINE('',#290,#291);
#290 = CARTESIAN_POINT('',(-44.,11.5,-45.));
#291 = VECTOR('',#292,1.);
#292 = DIRECTION('',(1.,0.,0.));
#293 = ORIENTED_EDGE('',*,*,#294,.T.);
#294 = EDGE_CURVE('',#287,#295,#297,.T.);
#295 = VERTEX_POINT('',#296);
#296 = CARTESIAN_POINT('',(-27.,11.5,-44.));
#297 = LINE('',#298,#299);
#298 = CARTESIAN_POINT('',(-31.73142219272,11.5,-39.26857780727));
#299 = VECTOR('',#300,1.);
#300 = DIRECTION('',(-0.707106781187,2.E-17,0.707106781187));
#301 = ORIENTED_EDGE('',*,*,#302,.F.);
#302 = EDGE_CURVE('',#303,#295,#305,.T.);
#303 = VERTEX_POINT('',#304);
#304 = CARTESIAN_POINT('',(-27.,11.5,-16.95));
#305 = LINE('',#306,#307);
#306 = CARTESIAN_POINT('',(-27.,11.5,-22.5));
#307 = VECTOR('',#308,1.);
#308 = DIRECTION('',(0.,0.,-1.));
#309 = ORIENTED_EDGE('',*,*,#310,.F.);
#310 = EDGE_CURVE('',#311,#303,#313,.T.);
#311 = VERTEX_POINT('',#312);
#312 = CARTESIAN_POINT('',(-29.,11.5,-16.95));
#313 = LINE('',#314,#315);
#314 = CARTESIAN_POINT('',(-13.5,11.5,-16.95));
#315 = VECTOR('',#316,1.);
#316 = DIRECTION('',(1.,0.,0.));
#317 = ORIENTED_EDGE('',*,*,#318,.F.);
#318 = EDGE_CURVE('',#319,#311,#321,.T.);
#319 = VERTEX_POINT('',#320);
#320 = CARTESIAN_POINT('',(-29.,11.5,-44.));
#321 = LINE('',#322,#323);
#322 = CARTESIAN_POINT('',(-29.,11.5,-8.475));
#323 = VECTOR('',#324,1.);
#324 = DIRECTION('',(0.,0.,1.));
#325 = ORIENTED_EDGE('',*,*,#326,.F.);
#326 = EDGE_CURVE('',#327,#319,#329,.T.);
#327 = VERTEX_POINT('',#328);
#328 = CARTESIAN_POINT('',(-44.,11.5,-44.));
#329 = LINE('',#330,#331);
#330 = CARTESIAN_POINT('',(-44.,11.5,-44.));
#331 = VECTOR('',#332,1.);
#332 = DIRECTION('',(1.,0.,0.));
#333 = ORIENTED_EDGE('',*,*,#334,.F.);
#334 = EDGE_CURVE('',#335,#327,#337,.T.);
#335 = VERTEX_POINT('',#336);
#336 = CARTESIAN_POINT('',(-44.,11.5,44.));
#337 = LINE('',#338,#339);
#338 = CARTESIAN_POINT('',(-44.,11.5,45.));
#339 = VECTOR('',#340,1.);
#340 = DIRECTION('',(0.,2.2E-16,-1.));
#341 = ORIENTED_EDGE('',*,*,#342,.T.);
#342 = EDGE_CURVE('',#335,#343,#345,.T.);
#343 = VERTEX_POINT('',#344);
#344 = CARTESIAN_POINT('',(-43.,11.5,45.));
#345 = LINE('',#346,#347);
#346 = CARTESIAN_POINT('',(-44.61239253199,11.5,43.387607468002));
#347 = VECTOR('',#348,1.);
#348 = DIRECTION('',(0.707106781187,2.E-17,0.707106781187));
#349 = ORIENTED_EDGE('',*,*,#350,.F.);
#350 = EDGE_CURVE('',#351,#343,#353,.T.);
#351 = VERTEX_POINT('',#352);
#352 = CARTESIAN_POINT('',(-30.,11.5,45.));
#353 = LINE('',#354,#355);
#354 = CARTESIAN_POINT('',(44.,11.5,45.));
#355 = VECTOR('',#356,1.);
#356 = DIRECTION('',(-1.,0.,0.));
#357 = ORIENTED_EDGE('',*,*,#358,.T.);
#358 = EDGE_CURVE('',#351,#359,#361,.T.);
#359 = VERTEX_POINT('',#360);
#360 = CARTESIAN_POINT('',(-29.,11.5,44.));
#361 = LINE('',#362,#363);
#362 = CARTESIAN_POINT('',(-11.73142219272,11.5,26.731422192721));
#363 = VECTOR('',#364,1.);
#364 = DIRECTION('',(0.707106781187,-2.E-17,-0.707106781187));
#365 = ORIENTED_EDGE('',*,*,#366,.F.);
#366 = EDGE_CURVE('',#367,#359,#369,.T.);
#367 = VERTEX_POINT('',#368);
#368 = CARTESIAN_POINT('',(-29.,11.5,16.95));
#369 = LINE('',#370,#371);
#370 = CARTESIAN_POINT('',(-29.,11.5,22.5));
#371 = VECTOR('',#372,1.);
#372 = DIRECTION('',(0.,0.,1.));
#373 = ORIENTED_EDGE('',*,*,#374,.F.);
#374 = EDGE_CURVE('',#375,#367,#377,.T.);
#375 = VERTEX_POINT('',#376);
#376 = CARTESIAN_POINT('',(-27.,11.5,16.95));
#377 = LINE('',#378,#379);
#378 = CARTESIAN_POINT('',(-14.5,11.5,16.95));
#379 = VECTOR('',#380,1.);
#380 = DIRECTION('',(-1.,0.,0.));
#381 = ORIENTED_EDGE('',*,*,#382,.F.);
#382 = EDGE_CURVE('',#383,#375,#385,.T.);
#383 = VERTEX_POINT('',#384);
#384 = CARTESIAN_POINT('',(-27.,11.5,44.));
#385 = LINE('',#386,#387);
#386 = CARTESIAN_POINT('',(-27.,11.5,8.475));
#387 = VECTOR('',#388,1.);
#388 = DIRECTION('',(0.,0.,-1.));
#389 = ORIENTED_EDGE('',*,*,#390,.T.);
#390 = EDGE_CURVE('',#383,#391,#393,.T.);
#391 = VERTEX_POINT('',#392);
#392 = CARTESIAN_POINT('',(-26.,11.5,45.));
#393 = LINE('',#394,#395);
#394 = CARTESIAN_POINT('',(-31.86239253199,11.5,39.137607468002));
#395 = VECTOR('',#396,1.);
#396 = DIRECTION('',(0.707106781187,2.E-17,0.707106781187));
#397 = ORIENTED_EDGE('',*,*,#398,.F.);
#398 = EDGE_CURVE('',#399,#391,#401,.T.);
#399 = VERTEX_POINT('',#400);
#400 = CARTESIAN_POINT('',(43.,11.5,45.));
#401 = LINE('',#402,#403);
#402 = CARTESIAN_POINT('',(44.,11.5,45.));
#403 = VECTOR('',#404,1.);
#404 = DIRECTION('',(-1.,0.,0.));
#405 = ORIENTED_EDGE('',*,*,#406,.F.);
#406 = EDGE_CURVE('',#407,#399,#409,.T.);
#407 = VERTEX_POINT('',#408);
#408 = CARTESIAN_POINT('',(44.,11.5,44.));
#409 = LINE('',#410,#411);
#410 = CARTESIAN_POINT('',(43.018577807279,11.5,44.981422192721));
#411 = VECTOR('',#412,1.);
#412 = DIRECTION('',(-0.707106781187,2.E-17,0.707106781187));
#413 = ORIENTED_EDGE('',*,*,#414,.F.);
#414 = EDGE_CURVE('',#415,#407,#417,.T.);
#415 = VERTEX_POINT('',#416);
#416 = CARTESIAN_POINT('',(44.,11.5,11.5));
#417 = LINE('',#418,#419);
#418 = CARTESIAN_POINT('',(44.,11.5,-45.));
#419 = VECTOR('',#420,1.);
#420 = DIRECTION('',(0.,-2.2E-16,1.));
#421 = ORIENTED_EDGE('',*,*,#422,.T.);
#422 = EDGE_CURVE('',#415,#423,#425,.T.);
#423 = VERTEX_POINT('',#424);
#424 = CARTESIAN_POINT('',(43.,11.5,10.5));
#425 = LINE('',#426,#427);
#426 = CARTESIAN_POINT('',(29.012607468002,11.5,-3.487392531998));
#427 = VECTOR('',#428,1.);
#428 = DIRECTION('',(-0.707106781187,-2.E-17,-0.707106781187));
#429 = ORIENTED_EDGE('',*,*,#430,.T.);
#430 = EDGE_CURVE('',#423,#431,#433,.T.);
#431 = VERTEX_POINT('',#432);
#432 = CARTESIAN_POINT('',(19.,11.5,10.5));
#433 = LINE('',#434,#435);
#434 = CARTESIAN_POINT('',(44.,11.5,10.5));
#435 = VECTOR('',#436,1.);
#436 = DIRECTION('',(-1.,0.,-0.));
#437 = ORIENTED_EDGE('',*,*,#438,.T.);
#438 = EDGE_CURVE('',#431,#439,#441,.T.);
#439 = VERTEX_POINT('',#440);
#440 = CARTESIAN_POINT('',(19.,11.5,15.5));
#441 = LINE('',#442,#443);
#442 = CARTESIAN_POINT('',(19.,11.5,10.5));
#443 = VECTOR('',#444,1.);
#444 = DIRECTION('',(0.,-2.2E-16,1.));
#445 = ORIENTED_EDGE('',*,*,#446,.F.);
#446 = EDGE_CURVE('',#447,#439,#449,.T.);
#447 = VERTEX_POINT('',#448);
#448 = CARTESIAN_POINT('',(12.,11.5,15.5));
#449 = CIRCLE('',#450,3.5);
#450 = AXIS2_PLACEMENT_3D('',#451,#452,#453);
#451 = CARTESIAN_POINT('',(15.5,11.5,15.5));
#452 = DIRECTION('',(-0.,1.,2.2E-16));
#453 = DIRECTION('',(1.,0.,0.));
#454 = ORIENTED_EDGE('',*,*,#455,.T.);
#455 = EDGE_CURVE('',#447,#456,#458,.T.);
#456 = VERTEX_POINT('',#457);
#457 = CARTESIAN_POINT('',(12.,11.5,10.5));
#458 = LINE('',#459,#460);
#459 = CARTESIAN_POINT('',(12.,11.5,15.5));
#460 = VECTOR('',#461,1.);
#461 = DIRECTION('',(0.,2.2E-16,-1.));
#462 = ORIENTED_EDGE('',*,*,#463,.T.);
#463 = EDGE_CURVE('',#456,#464,#466,.T.);
#464 = VERTEX_POINT('',#465);
#465 = CARTESIAN_POINT('',(4.1217014342E-05,11.5,10.5));
#466 = LINE('',#467,#468);
#467 = CARTESIAN_POINT('',(44.,11.5,10.5));
#468 = VECTOR('',#469,1.);
#469 = DIRECTION('',(-1.,0.,-0.));
#470 = ORIENTED_EDGE('',*,*,#471,.T.);
#471 = EDGE_CURVE('',#464,#190,#472,.T.);
#472 = CIRCLE('',#473,10.5);
#473 = AXIS2_PLACEMENT_3D('',#474,#475,#476);
#474 = CARTESIAN_POINT('',(0.,11.5,-5.11E-15));
#475 = DIRECTION('',(0.,-1.,2.2E-16));
#476 = DIRECTION('',(1.,0.,0.));
#477 = ORIENTED_EDGE('',*,*,#189,.T.);
#478 = ORIENTED_EDGE('',*,*,#164,.F.);
#479 = ORIENTED_EDGE('',*,*,#115,.F.);
#480 = ORIENTED_EDGE('',*,*,#140,.F.);
#481 = ORIENTED_EDGE('',*,*,#178,.T.);
#482 = ORIENTED_EDGE('',*,*,#483,.F.);
#483 = EDGE_CURVE('',#484,#179,#486,.T.);
#484 = VERTEX_POINT('',#485);
#485 = CARTESIAN_POINT('',(44.,11.5,-11.5));
#486 = LINE('',#487,#488);
#487 = CARTESIAN_POINT('',(29.143577807279,11.5,3.356422192721));
#488 = VECTOR('',#489,1.);
#489 = DIRECTION('',(-0.707106781187,2.E-17,0.707106781187));
#490 = ORIENTED_EDGE('',*,*,#491,.F.);
#491 = EDGE_CURVE('',#492,#484,#494,.T.);
#492 = VERTEX_POINT('',#493);
#493 = CARTESIAN_POINT('',(44.,11.5,-44.));
#494 = LINE('',#495,#496);
#495 = CARTESIAN_POINT('',(44.,11.5,-45.));
#496 = VECTOR('',#497,1.);
#497 = DIRECTION('',(0.,-2.2E-16,1.));
#498 = ORIENTED_EDGE('',*,*,#499,.F.);
#499 = EDGE_CURVE('',#255,#492,#500,.T.);
#500 = LINE('',#501,#502);
#501 = CARTESIAN_POINT('',(42.887607468002,11.5,-45.11239253199));
#502 = VECTOR('',#503,1.);
#503 = DIRECTION('',(0.707106781187,2.E-17,0.707106781187));
#504 = FACE_BOUND('',#505,.T.);
#505 = EDGE_LOOP('',(#506,#516,#524,#532));
#506 = ORIENTED_EDGE('',*,*,#507,.F.);
#507 = EDGE_CURVE('',#508,#510,#512,.T.);
#508 = VERTEX_POINT('',#509);
#509 = CARTESIAN_POINT('',(39.25,11.5,40.25));
#510 = VERTEX_POINT('',#511);
#511 = CARTESIAN_POINT('',(39.25,11.5,34.75));
#512 = LINE('',#513,#514);
#513 = CARTESIAN_POINT('',(39.25,11.5,40.25));
#514 = VECTOR('',#515,1.);
#515 = DIRECTION('',(0.,2.2E-16,-1.));
#516 = ORIENTED_EDGE('',*,*,#517,.F.);
#517 = EDGE_CURVE('',#518,#508,#520,.T.);
#518 = VERTEX_POINT('',#519);
#519 = CARTESIAN_POINT('',(33.75,11.5,40.25));
#520 = LINE('',#521,#522);
#521 = CARTESIAN_POINT('',(33.75,11.5,40.25));
#522 = VECTOR('',#523,1.);
#523 = DIRECTION('',(1.,0.,0.));
#524 = ORIENTED_EDGE('',*,*,#525,.F.);
#525 = EDGE_CURVE('',#526,#518,#528,.T.);
#526 = VERTEX_POINT('',#527);
#527 = CARTESIAN_POINT('',(33.75,11.5,34.75));
#528 = LINE('',#529,#530);
#529 = CARTESIAN_POINT('',(33.75,11.5,34.75));
#530 = VECTOR('',#531,1.);
#531 = DIRECTION('',(0.,-2.2E-16,1.));
#532 = ORIENTED_EDGE('',*,*,#533,.F.);
#533 = EDGE_CURVE('',#510,#526,#534,.T.);
#534 = LINE('',#535,#536);
#535 = CARTESIAN_POINT('',(39.25,11.5,34.75));
#536 = VECTOR('',#537,1.);
#537 = DIRECTION('',(-1.,0.,-0.));
#538 = FACE_BOUND('',#539,.T.);
#539 = EDGE_LOOP('',(#540));
#540 = ORIENTED_EDGE('',*,*,#541,.T.);
#541 = EDGE_CURVE('',#542,#542,#544,.T.);
#542 = VERTEX_POINT('',#543);
#543 = CARTESIAN_POINT('',(22.1,11.5,37.5));
#544 = CIRCLE('',#545,2.6);
#545 = AXIS2_PLACEMENT_3D('',#546,#547,#548);
#546 = CARTESIAN_POINT('',(19.5,11.5,37.5));
#547 = DIRECTION('',(0.,-1.,2.2E-16));
#548 = DIRECTION('',(1.,0.,0.));
#549 = FACE_BOUND('',#550,.T.);
#550 = EDGE_LOOP('',(#551,#561,#569,#577,#585,#593));
#551 = ORIENTED_EDGE('',*,*,#552,.F.);
#552 = EDGE_CURVE('',#553,#555,#557,.T.);
#553 = VERTEX_POINT('',#554);
#554 = CARTESIAN_POINT('',(2.066431948161,11.5,38.05));
#555 = VERTEX_POINT('',#556);
#556 = CARTESIAN_POINT('',(0.882863896323,11.5,40.1));
#557 = LINE('',#558,#559);
#558 = CARTESIAN_POINT('',(2.066431948161,11.5,38.05));
#559 = VECTOR('',#560,1.);
#560 = DIRECTION('',(-0.5,-1.9E-16,0.866025403784));
#561 = ORIENTED_EDGE('',*,*,#562,.F.);
#562 = EDGE_CURVE('',#563,#553,#565,.T.);
#563 = VERTEX_POINT('',#564);
#564 = CARTESIAN_POINT('',(4.433568051839,11.5,38.05));
#565 = LINE('',#566,#567);
#566 = CARTESIAN_POINT('',(4.433568051839,11.5,38.05));
#567 = VECTOR('',#568,1.);
#568 = DIRECTION('',(-1.,0.,-0.));
#569 = ORIENTED_EDGE('',*,*,#570,.F.);
#570 = EDGE_CURVE('',#571,#563,#573,.T.);
#571 = VERTEX_POINT('',#572);
#572 = CARTESIAN_POINT('',(5.617136103677,11.5,40.1));
#573 = LINE('',#574,#575);
#574 = CARTESIAN_POINT('',(5.617136103677,11.5,40.1));
#575 = VECTOR('',#576,1.);
#576 = DIRECTION('',(-0.5,1.9E-16,-0.866025403784));
#577 = ORIENTED_EDGE('',*,*,#578,.F.);
#578 = EDGE_CURVE('',#579,#571,#581,.T.);
#579 = VERTEX_POINT('',#580);
#580 = CARTESIAN_POINT('',(4.433568051839,11.5,42.15));
#581 = LINE('',#582,#583);
#582 = CARTESIAN_POINT('',(4.433568051839,11.5,42.15));
#583 = VECTOR('',#584,1.);
#584 = DIRECTION('',(0.5,1.9E-16,-0.866025403784));
#585 = ORIENTED_EDGE('',*,*,#586,.F.);
#586 = EDGE_CURVE('',#587,#579,#589,.T.);
#587 = VERTEX_POINT('',#588);
#588 = CARTESIAN_POINT('',(2.066431948161,11.5,42.15));
#589 = LINE('',#590,#591);
#590 = CARTESIAN_POINT('',(2.066431948161,11.5,42.15));
#591 = VECTOR('',#592,1.);
#592 = DIRECTION('',(1.,0.,0.));
#593 = ORIENTED_EDGE('',*,*,#594,.F.);
#594 = EDGE_CURVE('',#555,#587,#595,.T.);
#595 = LINE('',#596,#597);
#596 = CARTESIAN_POINT('',(0.882863896323,11.5,40.1));
#597 = VECTOR('',#598,1.);
#598 = DIRECTION('',(0.5,-1.9E-16,0.866025403784));
#599 = FACE_BOUND('',#600,.T.);
#600 = EDGE_LOOP('',(#601,#611,#619,#627));
#601 = ORIENTED_EDGE('',*,*,#602,.F.);
#602 = EDGE_CURVE('',#603,#605,#607,.T.);
#603 = VERTEX_POINT('',#604);
#604 = CARTESIAN_POINT('',(39.25,11.5,-40.25));
#605 = VERTEX_POINT('',#606);
#606 = CARTESIAN_POINT('',(33.75,11.5,-40.25));
#607 = LINE('',#608,#609);
#608 = CARTESIAN_POINT('',(39.25,11.5,-40.25));
#609 = VECTOR('',#610,1.);
#610 = DIRECTION('',(-1.,0.,-0.));
#611 = ORIENTED_EDGE('',*,*,#612,.F.);
#612 = EDGE_CURVE('',#613,#603,#615,.T.);
#613 = VERTEX_POINT('',#614);
#614 = CARTESIAN_POINT('',(39.25,11.5,-34.75));
#615 = LINE('',#616,#617);
#616 = CARTESIAN_POINT('',(39.25,11.5,-34.75));
#617 = VECTOR('',#618,1.);
#618 = DIRECTION('',(0.,2.2E-16,-1.));
#619 = ORIENTED_EDGE('',*,*,#620,.F.);
#620 = EDGE_CURVE('',#621,#613,#623,.T.);
#621 = VERTEX_POINT('',#622);
#622 = CARTESIAN_POINT('',(33.75,11.5,-34.75));
#623 = LINE('',#624,#625);
#624 = CARTESIAN_POINT('',(33.75,11.5,-34.75));
#625 = VECTOR('',#626,1.);
#626 = DIRECTION('',(1.,0.,0.));
#627 = ORIENTED_EDGE('',*,*,#628,.F.);
#628 = EDGE_CURVE('',#605,#621,#629,.T.);
#629 = LINE('',#630,#631);
#630 = CARTESIAN_POINT('',(33.75,11.5,-40.25));
#631 = VECTOR('',#632,1.);
#632 = DIRECTION('',(0.,-2.2E-16,1.));
#633 = FACE_BOUND('',#634,.T.);
#634 = EDGE_LOOP('',(#635));
#635 = ORIENTED_EDGE('',*,*,#636,.T.);
#636 = EDGE_CURVE('',#637,#637,#639,.T.);
#637 = VERTEX_POINT('',#638);
#638 = CARTESIAN_POINT('',(22.1,11.5,-37.5));
#639 = CIRCLE('',#640,2.6);
#640 = AXIS2_PLACEMENT_3D('',#641,#642,#643);
#641 = CARTESIAN_POINT('',(19.5,11.5,-37.5));
#642 = DIRECTION('',(0.,-1.,2.2E-16));
#643 = DIRECTION('',(1.,0.,0.));
#644 = FACE_BOUND('',#645,.T.);
#645 = EDGE_LOOP('',(#646,#656,#664,#672,#680,#688));
#646 = ORIENTED_EDGE('',*,*,#647,.F.);
#647 = EDGE_CURVE('',#648,#650,#652,.T.);
#648 = VERTEX_POINT('',#649);
#649 = CARTESIAN_POINT('',(2.066431948161,11.5,-43.65));
#650 = VERTEX_POINT('',#651);
#651 = CARTESIAN_POINT('',(0.882863896323,11.5,-41.6));
#652 = LINE('',#653,#654);
#653 = CARTESIAN_POINT('',(2.066431948161,11.5,-43.65));
#654 = VECTOR('',#655,1.);
#655 = DIRECTION('',(-0.5,-1.9E-16,0.866025403784));
#656 = ORIENTED_EDGE('',*,*,#657,.F.);
#657 = EDGE_CURVE('',#658,#648,#660,.T.);
#658 = VERTEX_POINT('',#659);
#659 = CARTESIAN_POINT('',(4.433568051839,11.5,-43.65));
#660 = LINE('',#661,#662);
#661 = CARTESIAN_POINT('',(4.433568051839,11.5,-43.65));
#662 = VECTOR('',#663,1.);
#663 = DIRECTION('',(-1.,0.,-0.));
#664 = ORIENTED_EDGE('',*,*,#665,.F.);
#665 = EDGE_CURVE('',#666,#658,#668,.T.);
#666 = VERTEX_POINT('',#667);
#667 = CARTESIAN_POINT('',(5.617136103677,11.5,-41.6));
#668 = LINE('',#669,#670);
#669 = CARTESIAN_POINT('',(5.617136103677,11.5,-41.6));
#670 = VECTOR('',#671,1.);
#671 = DIRECTION('',(-0.5,1.9E-16,-0.866025403784));
#672 = ORIENTED_EDGE('',*,*,#673,.F.);
#673 = EDGE_CURVE('',#674,#666,#676,.T.);
#674 = VERTEX_POINT('',#675);
#675 = CARTESIAN_POINT('',(4.433568051839,11.5,-39.55));
#676 = LINE('',#677,#678);
#677 = CARTESIAN_POINT('',(4.433568051839,11.5,-39.55));
#678 = VECTOR('',#679,1.);
#679 = DIRECTION('',(0.5,1.9E-16,-0.866025403784));
#680 = ORIENTED_EDGE('',*,*,#681,.F.);
#681 = EDGE_CURVE('',#682,#674,#684,.T.);
#682 = VERTEX_POINT('',#683);
#683 = CARTESIAN_POINT('',(2.066431948161,11.5,-39.55));
#684 = LINE('',#685,#686);
#685 = CARTESIAN_POINT('',(2.066431948161,11.5,-39.55));
#686 = VECTOR('',#687,1.);
#687 = DIRECTION('',(1.,0.,0.));
#688 = ORIENTED_EDGE('',*,*,#689,.F.);
#689 = EDGE_CURVE('',#650,#682,#690,.T.);
#690 = LINE('',#691,#692);
#691 = CARTESIAN_POINT('',(0.882863896323,11.5,-41.6));
#692 = VECTOR('',#693,1.);
#693 = DIRECTION('',(0.5,-1.9E-16,0.866025403784));
#694 = FACE_BOUND('',#695,.T.);
#695 = EDGE_LOOP('',(#696,#706,#714,#722,#730,#738));
#696 = ORIENTED_EDGE('',*,*,#697,.F.);
#697 = EDGE_CURVE('',#698,#700,#702,.T.);
#698 = VERTEX_POINT('',#699);
#699 = CARTESIAN_POINT('',(-4.433568051839,11.5,38.05));
#700 = VERTEX_POINT('',#701);
#701 = CARTESIAN_POINT('',(-5.617136103677,11.5,40.1));
#702 = LINE('',#703,#704);
#703 = CARTESIAN_POINT('',(-4.433568051839,11.5,38.05));
#704 = VECTOR('',#705,1.);
#705 = DIRECTION('',(-0.5,-1.9E-16,0.866025403784));
#706 = ORIENTED_EDGE('',*,*,#707,.F.);
#707 = EDGE_CURVE('',#708,#698,#710,.T.);
#708 = VERTEX_POINT('',#709);
#709 = CARTESIAN_POINT('',(-2.066431948161,11.5,38.05));
#710 = LINE('',#711,#712);
#711 = CARTESIAN_POINT('',(-2.066431948161,11.5,38.05));
#712 = VECTOR('',#713,1.);
#713 = DIRECTION('',(-1.,0.,-0.));
#714 = ORIENTED_EDGE('',*,*,#715,.F.);
#715 = EDGE_CURVE('',#716,#708,#718,.T.);
#716 = VERTEX_POINT('',#717);
#717 = CARTESIAN_POINT('',(-0.882863896323,11.5,40.1));
#718 = LINE('',#719,#720);
#719 = CARTESIAN_POINT('',(-0.882863896323,11.5,40.1));
#720 = VECTOR('',#721,1.);
#721 = DIRECTION('',(-0.5,1.9E-16,-0.866025403784));
#722 = ORIENTED_EDGE('',*,*,#723,.F.);
#723 = EDGE_CURVE('',#724,#716,#726,.T.);
#724 = VERTEX_POINT('',#725);
#725 = CARTESIAN_POINT('',(-2.066431948161,11.5,42.15));
#726 = LINE('',#727,#728);
#727 = CARTESIAN_POINT('',(-2.066431948161,11.5,42.15));
#728 = VECTOR('',#729,1.);
#729 = DIRECTION('',(0.5,1.9E-16,-0.866025403784));
#730 = ORIENTED_EDGE('',*,*,#731,.F.);
#731 = EDGE_CURVE('',#732,#724,#734,.T.);
#732 = VERTEX_POINT('',#733);
#733 = CARTESIAN_POINT('',(-4.433568051839,11.5,42.15));
#734 = LINE('',#735,#736);
#735 = CARTESIAN_POINT('',(-4.433568051839,11.5,42.15));
#736 = VECTOR('',#737,1.);
#737 = DIRECTION('',(1.,0.,0.));
#738 = ORIENTED_EDGE('',*,*,#739,.F.);
#739 = EDGE_CURVE('',#700,#732,#740,.T.);
#740 = LINE('',#741,#742);
#741 = CARTESIAN_POINT('',(-5.617136103677,11.5,40.1));
#742 = VECTOR('',#743,1.);
#743 = DIRECTION('',(0.5,-1.9E-16,0.866025403784));
#744 = FACE_BOUND('',#745,.T.);
#745 = EDGE_LOOP('',(#746));
#746 = ORIENTED_EDGE('',*,*,#747,.T.);
#747 = EDGE_CURVE('',#748,#748,#750,.T.);
#748 = VERTEX_POINT('',#749);
#749 = CARTESIAN_POINT('',(-16.9,11.5,37.5));
#750 = CIRCLE('',#751,2.6);
#751 = AXIS2_PLACEMENT_3D('',#752,#753,#754);
#752 = CARTESIAN_POINT('',(-19.5,11.5,37.5));
#753 = DIRECTION('',(0.,-1.,2.2E-16));
#754 = DIRECTION('',(1.,0.,0.));
#755 = FACE_BOUND('',#756,.T.);
#756 = EDGE_LOOP('',(#757));
#757 = ORIENTED_EDGE('',*,*,#758,.F.);
#758 = EDGE_CURVE('',#759,#759,#761,.T.);
#759 = VERTEX_POINT('',#760);
#760 = CARTESIAN_POINT('',(-12.,11.5,15.5));
#761 = CIRCLE('',#762,3.5);
#762 = AXIS2_PLACEMENT_3D('',#763,#764,#765);
#763 = CARTESIAN_POINT('',(-15.5,11.5,15.5));
#764 = DIRECTION('',(-0.,1.,2.2E-16));
#765 = DIRECTION('',(1.,0.,0.));
#766 = FACE_BOUND('',#767,.T.);
#767 = EDGE_LOOP('',(#768,#778,#786,#794));
#768 = ORIENTED_EDGE('',*,*,#769,.F.);
#769 = EDGE_CURVE('',#770,#772,#774,.T.);
#770 = VERTEX_POINT('',#771);
#771 = CARTESIAN_POINT('',(-39.25,11.5,39.35));
#772 = VERTEX_POINT('',#773);
#773 = CARTESIAN_POINT('',(-33.75,11.5,39.35));
#774 = LINE('',#775,#776);
#775 = CARTESIAN_POINT('',(-39.25,11.5,39.35));
#776 = VECTOR('',#777,1.);
#777 = DIRECTION('',(1.,0.,0.));
#778 = ORIENTED_EDGE('',*,*,#779,.F.);
#779 = EDGE_CURVE('',#780,#770,#782,.T.);
#780 = VERTEX_POINT('',#781);
#781 = CARTESIAN_POINT('',(-39.25,11.5,33.85));
#782 = LINE('',#783,#784);
#783 = CARTESIAN_POINT('',(-39.25,11.5,33.85));
#784 = VECTOR('',#785,1.);
#785 = DIRECTION('',(0.,-2.2E-16,1.));
#786 = ORIENTED_EDGE('',*,*,#787,.F.);
#787 = EDGE_CURVE('',#788,#780,#790,.T.);
#788 = VERTEX_POINT('',#789);
#789 = CARTESIAN_POINT('',(-33.75,11.5,33.85));
#790 = LINE('',#791,#792);
#791 = CARTESIAN_POINT('',(-33.75,11.5,33.85));
#792 = VECTOR('',#793,1.);
#793 = DIRECTION('',(-1.,0.,-0.));
#794 = ORIENTED_EDGE('',*,*,#795,.F.);
#795 = EDGE_CURVE('',#772,#788,#796,.T.);
#796 = LINE('',#797,#798);
#797 = CARTESIAN_POINT('',(-33.75,11.5,39.35));
#798 = VECTOR('',#799,1.);
#799 = DIRECTION('',(0.,2.2E-16,-1.));
#800 = FACE_BOUND('',#801,.T.);
#801 = EDGE_LOOP('',(#802,#812,#820,#828));
#802 = ORIENTED_EDGE('',*,*,#803,.F.);
#803 = EDGE_CURVE('',#804,#806,#808,.T.);
#804 = VERTEX_POINT('',#805);
#805 = CARTESIAN_POINT('',(-33.75,11.5,2.75));
#806 = VERTEX_POINT('',#807);
#807 = CARTESIAN_POINT('',(-33.75,11.5,-2.75));
#808 = LINE('',#809,#810);
#809 = CARTESIAN_POINT('',(-33.75,11.5,2.75));
#810 = VECTOR('',#811,1.);
#811 = DIRECTION('',(0.,2.2E-16,-1.));
#812 = ORIENTED_EDGE('',*,*,#813,.F.);
#813 = EDGE_CURVE('',#814,#804,#816,.T.);
#814 = VERTEX_POINT('',#815);
#815 = CARTESIAN_POINT('',(-39.25,11.5,2.75));
#816 = LINE('',#817,#818);
#817 = CARTESIAN_POINT('',(-39.25,11.5,2.75));
#818 = VECTOR('',#819,1.);
#819 = DIRECTION('',(1.,0.,0.));
#820 = ORIENTED_EDGE('',*,*,#821,.F.);
#821 = EDGE_CURVE('',#822,#814,#824,.T.);
#822 = VERTEX_POINT('',#823);
#823 = CARTESIAN_POINT('',(-39.25,11.5,-2.75));
#824 = LINE('',#825,#826);
#825 = CARTESIAN_POINT('',(-39.25,11.5,-2.75));
#826 = VECTOR('',#827,1.);
#827 = DIRECTION('',(0.,-2.2E-16,1.));
#828 = ORIENTED_EDGE('',*,*,#829,.F.);
#829 = EDGE_CURVE('',#806,#822,#830,.T.);
#830 = LINE('',#831,#832);
#831 = CARTESIAN_POINT('',(-33.75,11.5,-2.75));
#832 = VECTOR('',#833,1.);
#833 = DIRECTION('',(-1.,0.,-0.));
#834 = FACE_BOUND('',#835,.T.);
#835 = EDGE_LOOP('',(#836));
#836 = ORIENTED_EDGE('',*,*,#837,.F.);
#837 = EDGE_CURVE('',#838,#838,#840,.T.);
#838 = VERTEX_POINT('',#839);
#839 = CARTESIAN_POINT('',(-12.,11.5,-15.5));
#840 = CIRCLE('',#841,3.5);
#841 = AXIS2_PLACEMENT_3D('',#842,#843,#844);
#842 = CARTESIAN_POINT('',(-15.5,11.5,-15.5));
#843 = DIRECTION('',(-0.,1.,2.2E-16));
#844 = DIRECTION('',(1.,0.,0.));
#845 = FACE_BOUND('',#846,.T.);
#846 = EDGE_LOOP('',(#847,#857,#865,#873,#881,#889));
#847 = ORIENTED_EDGE('',*,*,#848,.F.);
#848 = EDGE_CURVE('',#849,#851,#853,.T.);
#849 = VERTEX_POINT('',#850);
#850 = CARTESIAN_POINT('',(-4.433568051839,11.5,-43.65));
#851 = VERTEX_POINT('',#852);
#852 = CARTESIAN_POINT('',(-5.617136103677,11.5,-41.6));
#853 = LINE('',#854,#855);
#854 = CARTESIAN_POINT('',(-4.433568051839,11.5,-43.65));
#855 = VECTOR('',#856,1.);
#856 = DIRECTION('',(-0.5,-1.9E-16,0.866025403784));
#857 = ORIENTED_EDGE('',*,*,#858,.F.);
#858 = EDGE_CURVE('',#859,#849,#861,.T.);
#859 = VERTEX_POINT('',#860);
#860 = CARTESIAN_POINT('',(-2.066431948161,11.5,-43.65));
#861 = LINE('',#862,#863);
#862 = CARTESIAN_POINT('',(-2.066431948161,11.5,-43.65));
#863 = VECTOR('',#864,1.);
#864 = DIRECTION('',(-1.,0.,-0.));
#865 = ORIENTED_EDGE('',*,*,#866,.F.);
#866 = EDGE_CURVE('',#867,#859,#869,.T.);
#867 = VERTEX_POINT('',#868);
#868 = CARTESIAN_POINT('',(-0.882863896323,11.5,-41.6));
#869 = LINE('',#870,#871);
#870 = CARTESIAN_POINT('',(-0.882863896323,11.5,-41.6));
#871 = VECTOR('',#872,1.);
#872 = DIRECTION('',(-0.5,1.9E-16,-0.866025403784));
#873 = ORIENTED_EDGE('',*,*,#874,.F.);
#874 = EDGE_CURVE('',#875,#867,#877,.T.);
#875 = VERTEX_POINT('',#876);
#876 = CARTESIAN_POINT('',(-2.066431948161,11.5,-39.55));
#877 = LINE('',#878,#879);
#878 = CARTESIAN_POINT('',(-2.066431948161,11.5,-39.55));
#879 = VECTOR('',#880,1.);
#880 = DIRECTION('',(0.5,1.9E-16,-0.866025403784));
#881 = ORIENTED_EDGE('',*,*,#882,.F.);
#882 = EDGE_CURVE('',#883,#875,#885,.T.);
#883 = VERTEX_POINT('',#884);
#884 = CARTESIAN_POINT('',(-4.433568051839,11.5,-39.55));
#885 = LINE('',#886,#887);
#886 = CARTESIAN_POINT('',(-4.433568051839,11.5,-39.55));
#887 = VECTOR('',#888,1.);
#888 = DIRECTION('',(1.,0.,0.));
#889 = ORIENTED_EDGE('',*,*,#890,.F.);
#890 = EDGE_CURVE('',#851,#883,#891,.T.);
#891 = LINE('',#892,#893);
#892 = CARTESIAN_POINT('',(-5.617136103677,11.5,-41.6));
#893 = VECTOR('',#894,1.);
#894 = DIRECTION('',(0.5,-1.9E-16,0.866025403784));
#895 = FACE_BOUND('',#896,.T.);
#896 = EDGE_LOOP('',(#897));
#897 = ORIENTED_EDGE('',*,*,#898,.T.);
#898 = EDGE_CURVE('',#899,#899,#901,.T.);
#899 = VERTEX_POINT('',#900);
#900 = CARTESIAN_POINT('',(-16.9,11.5,-37.5));
#901 = CIRCLE('',#902,2.6);
#902 = AXIS2_PLACEMENT_3D('',#903,#904,#905);
#903 = CARTESIAN_POINT('',(-19.5,11.5,-37.5));
#904 = DIRECTION('',(0.,-1.,2.2E-16));
#905 = DIRECTION('',(1.,0.,0.));
#906 = FACE_BOUND('',#907,.T.);
#907 = EDGE_LOOP('',(#908,#918,#926,#934));
#908 = ORIENTED_EDGE('',*,*,#909,.F.);
#909 = EDGE_CURVE('',#910,#912,#914,.T.);
#910 = VERTEX_POINT('',#911);
#911 = CARTESIAN_POINT('',(-39.25,11.5,-39.35));
#912 = VERTEX_POINT('',#913);
#913 = CARTESIAN_POINT('',(-39.25,11.5,-33.85));
#914 = LINE('',#915,#916);
#915 = CARTESIAN_POINT('',(-39.25,11.5,-39.35));
#916 = VECTOR('',#917,1.);
#917 = DIRECTION('',(0.,-2.2E-16,1.));
#918 = ORIENTED_EDGE('',*,*,#919,.F.);
#919 = EDGE_CURVE('',#920,#910,#922,.T.);
#920 = VERTEX_POINT('',#921);
#921 = CARTESIAN_POINT('',(-33.75,11.5,-39.35));
#922 = LINE('',#923,#924);
#923 = CARTESIAN_POINT('',(-33.75,11.5,-39.35));
#924 = VECTOR('',#925,1.);
#925 = DIRECTION('',(-1.,0.,-0.));
#926 = ORIENTED_EDGE('',*,*,#927,.F.);
#927 = EDGE_CURVE('',#928,#920,#930,.T.);
#928 = VERTEX_POINT('',#929);
#929 = CARTESIAN_POINT('',(-33.75,11.5,-33.85));
#930 = LINE('',#931,#932);
#931 = CARTESIAN_POINT('',(-33.75,11.5,-33.85));
#932 = VECTOR('',#933,1.);
#933 = DIRECTION('',(0.,2.2E-16,-1.));
#934 = ORIENTED_EDGE('',*,*,#935,.F.);
#935 = EDGE_CURVE('',#912,#928,#936,.T.);
#936 = LINE('',#937,#938);
#937 = CARTESIAN_POINT('',(-39.25,11.5,-33.85));
#938 = VECTOR('',#939,1.);
#939 = DIRECTION('',(1.,0.,0.));
#940 = PLANE('',#941);
#941 = AXIS2_PLACEMENT_3D('',#942,#943,#944);
#942 = CARTESIAN_POINT('',(-3.187629449438,11.5,-0.261940678554));
#943 = DIRECTION('',(0.,1.,-2.E-17));
#944 = DIRECTION('',(0.,-2.E-17,-1.));
#945 = ADVANCED_FACE('',(#946),#964,.F.);
#946 = FACE_BOUND('',#947,.F.);
#947 = EDGE_LOOP('',(#948,#949,#957,#963));
#948 = ORIENTED_EDGE('',*,*,#483,.F.);
#949 = ORIENTED_EDGE('',*,*,#950,.T.);
#950 = EDGE_CURVE('',#484,#951,#953,.T.);
#951 = VERTEX_POINT('',#952);
#952 = CARTESIAN_POINT('',(44.,-4.5,-11.5));
#953 = LINE('',#954,#955);
#954 = CARTESIAN_POINT('',(44.,11.5,-11.5));
#955 = VECTOR('',#956,1.);
#956 = DIRECTION('',(0.,-1.,-2.2E-16));
#957 = ORIENTED_EDGE('',*,*,#958,.T.);
#958 = EDGE_CURVE('',#951,#206,#959,.T.);
#959 = LINE('',#960,#961);
#960 = CARTESIAN_POINT('',(40.833333333333,-1.333333333333,
    -8.333333333333));
#961 = VECTOR('',#962,1.);
#962 = DIRECTION('',(-0.57735026919,0.57735026919,0.57735026919));
#963 = ORIENTED_EDGE('',*,*,#213,.F.);
#964 = PLANE('',#965);
#965 = AXIS2_PLACEMENT_3D('',#966,#967,#968);
#966 = CARTESIAN_POINT('',(43.5,11.5,-11.));
#967 = DIRECTION('',(-0.707106781187,1.6E-16,-0.707106781187));
#968 = DIRECTION('',(-3.137084989848E-18,-1.,-2.231370849898E-16));
#969 = ADVANCED_FACE('',(#970),#1005,.T.);
#970 = FACE_BOUND('',#971,.T.);
#971 = EDGE_LOOP('',(#972,#973,#982,#991,#999));
#972 = ORIENTED_EDGE('',*,*,#205,.F.);
#973 = ORIENTED_EDGE('',*,*,#974,.T.);
#974 = EDGE_CURVE('',#198,#975,#977,.T.);
#975 = VERTEX_POINT('',#976);
#976 = CARTESIAN_POINT('',(10.5,-3.5,-2.E-15));
#977 = CIRCLE('',#978,10.5);
#978 = AXIS2_PLACEMENT_3D('',#979,#980,#981);
#979 = CARTESIAN_POINT('',(0.,-3.5,-9.7E-16));
#980 = DIRECTION('',(0.,-1.,4.4E-16));
#981 = DIRECTION('',(1.,0.,0.));
#982 = ORIENTED_EDGE('',*,*,#983,.T.);
#983 = EDGE_CURVE('',#975,#984,#986,.T.);
#984 = VERTEX_POINT('',#985);
#985 = CARTESIAN_POINT('',(4.1217014342E-05,-3.5,10.5));
#986 = CIRCLE('',#987,10.5);
#987 = AXIS2_PLACEMENT_3D('',#988,#989,#990);
#988 = CARTESIAN_POINT('',(0.,-3.5,-9.7E-16));
#989 = DIRECTION('',(0.,-1.,4.4E-16));
#990 = DIRECTION('',(1.,0.,0.));
#991 = ORIENTED_EDGE('',*,*,#992,.F.);
#992 = EDGE_CURVE('',#993,#984,#995,.T.);
#993 = VERTEX_POINT('',#994);
#994 = CARTESIAN_POINT('',(43.,-3.5,10.5));
#995 = LINE('',#996,#997);
#996 = CARTESIAN_POINT('',(44.,-3.5,10.5));
#997 = VECTOR('',#998,1.);
#998 = DIRECTION('',(-1.,0.,-0.));
#999 = ORIENTED_EDGE('',*,*,#1000,.F.);
#1000 = EDGE_CURVE('',#206,#993,#1001,.T.);
#1001 = LINE('',#1002,#1003);
#1002 = CARTESIAN_POINT('',(43.,-3.5,-10.5));
#1003 = VECTOR('',#1004,1.);
#1004 = DIRECTION('',(0.,-2.2E-16,1.));
#1005 = PLANE('',#1006);
#1006 = AXIS2_PLACEMENT_3D('',#1007,#1008,#1009);
#1007 = CARTESIAN_POINT('',(22.000020608507,-3.5,-1.06581410364E-14));
#1008 = DIRECTION('',(0.,1.,2.2E-16));
#1009 = DIRECTION('',(0.,-2.2E-16,1.));
#1010 = ADVANCED_FACE('',(#1011),#1039,.F.);
#1011 = FACE_BOUND('',#1012,.F.);
#1012 = EDGE_LOOP('',(#1013,#1021,#1028,#1029,#1030,#1036,#1037,#1038));
#1013 = ORIENTED_EDGE('',*,*,#1014,.F.);
#1014 = EDGE_CURVE('',#1015,#975,#1017,.T.);
#1015 = VERTEX_POINT('',#1016);
#1016 = CARTESIAN_POINT('',(10.5,-9.,-1.E-15));
#1017 = LINE('',#1018,#1019);
#1018 = CARTESIAN_POINT('',(10.5,-11.5,0.));
#1019 = VECTOR('',#1020,1.);
#1020 = DIRECTION('',(0.,1.,-2.2E-16));
#1021 = ORIENTED_EDGE('',*,*,#1022,.F.);
#1022 = EDGE_CURVE('',#1015,#1015,#1023,.T.);
#1023 = CIRCLE('',#1024,10.5);
#1024 = AXIS2_PLACEMENT_3D('',#1025,#1026,#1027);
#1025 = CARTESIAN_POINT('',(0.,-9.,-5.6E-16));
#1026 = DIRECTION('',(0.,-1.,2.2E-16));
#1027 = DIRECTION('',(1.,0.,0.));
#1028 = ORIENTED_EDGE('',*,*,#1014,.T.);
#1029 = ORIENTED_EDGE('',*,*,#983,.T.);
#1030 = ORIENTED_EDGE('',*,*,#1031,.F.);
#1031 = EDGE_CURVE('',#464,#984,#1032,.T.);
#1032 = LINE('',#1033,#1034);
#1033 = CARTESIAN_POINT('',(4.1217014342E-05,11.5,10.5));
#1034 = VECTOR('',#1035,1.);
#1035 = DIRECTION('',(0.,-1.,-2.2E-16));
#1036 = ORIENTED_EDGE('',*,*,#471,.T.);
#1037 = ORIENTED_EDGE('',*,*,#197,.T.);
#1038 = ORIENTED_EDGE('',*,*,#974,.T.);
#1039 = CYLINDRICAL_SURFACE('',#1040,10.5);
#1040 = AXIS2_PLACEMENT_3D('',#1041,#1042,#1043);
#1041 = CARTESIAN_POINT('',(0.,-11.5,0.));
#1042 = DIRECTION('',(0.,-1.,2.2E-16));
#1043 = DIRECTION('',(1.,0.,0.));
#1044 = ADVANCED_FACE('',(#1045,#1223,#1234,#1245,#1256,#1267,#1278,
    #1289,#1300,#1311,#1322,#1325,#1336,#1347,#1358,#1369,#1380,#1391,
    #1402),#1413,.T.);
#1045 = FACE_BOUND('',#1046,.T.);
#1046 = EDGE_LOOP('',(#1047,#1057,#1065,#1073,#1081,#1089,#1097,#1105,
    #1113,#1121,#1129,#1137,#1145,#1153,#1161,#1169,#1177,#1185,#1193,
    #1201,#1209,#1217));
#1047 = ORIENTED_EDGE('',*,*,#1048,.T.);
#1048 = EDGE_CURVE('',#1049,#1051,#1053,.T.);
#1049 = VERTEX_POINT('',#1050);
#1050 = CARTESIAN_POINT('',(-6.35,-11.5,-44.));
#1051 = VERTEX_POINT('',#1052);
#1052 = CARTESIAN_POINT('',(-6.35,-11.5,-45.5));
#1053 = LINE('',#1054,#1055);
#1054 = CARTESIAN_POINT('',(-6.35,-11.5,-44.));
#1055 = VECTOR('',#1056,1.);
#1056 = DIRECTION('',(0.,-2.2E-16,-1.));
#1057 = ORIENTED_EDGE('',*,*,#1058,.F.);
#1058 = EDGE_CURVE('',#1059,#1051,#1061,.T.);
#1059 = VERTEX_POINT('',#1060);
#1060 = CARTESIAN_POINT('',(-5.35,-11.5,-46.5));
#1061 = LINE('',#1062,#1063);
#1062 = CARTESIAN_POINT('',(-17.47138157894,-11.5,-34.37861842105));
#1063 = VECTOR('',#1064,1.);
#1064 = DIRECTION('',(-0.707106781187,4.E-17,0.707106781187));
#1065 = ORIENTED_EDGE('',*,*,#1066,.T.);
#1066 = EDGE_CURVE('',#1059,#1067,#1069,.T.);
#1067 = VERTEX_POINT('',#1068);
#1068 = CARTESIAN_POINT('',(5.35,-11.5,-46.5));
#1069 = LINE('',#1070,#1071);
#1070 = CARTESIAN_POINT('',(-6.35,-11.5,-46.5));
#1071 = VECTOR('',#1072,1.);
#1072 = DIRECTION('',(1.,0.,0.));
#1073 = ORIENTED_EDGE('',*,*,#1074,.F.);
#1074 = EDGE_CURVE('',#1075,#1067,#1077,.T.);
#1075 = VERTEX_POINT('',#1076);
#1076 = CARTESIAN_POINT('',(6.35,-11.5,-45.5));
#1077 = LINE('',#1078,#1079);
#1078 = CARTESIAN_POINT('',(14.137765280136,-11.5,-37.71223471986));
#1079 = VECTOR('',#1080,1.);
#1080 = DIRECTION('',(-0.707106781187,-4.E-17,-0.707106781187));
#1081 = ORIENTED_EDGE('',*,*,#1082,.T.);
#1082 = EDGE_CURVE('',#1075,#1083,#1085,.T.);
#1083 = VERTEX_POINT('',#1084);
#1084 = CARTESIAN_POINT('',(6.35,-11.5,-44.));
#1085 = LINE('',#1086,#1087);
#1086 = CARTESIAN_POINT('',(6.35,-11.5,-23.41585314091));
#1087 = VECTOR('',#1088,1.);
#1088 = DIRECTION('',(0.,5.E-17,1.));
#1089 = ORIENTED_EDGE('',*,*,#1090,.T.);
#1090 = EDGE_CURVE('',#1083,#1091,#1093,.T.);
#1091 = VERTEX_POINT('',#1092);
#1092 = CARTESIAN_POINT('',(43.,-11.5,-44.));
#1093 = LINE('',#1094,#1095);
#1094 = CARTESIAN_POINT('',(6.35,-11.5,-44.));
#1095 = VECTOR('',#1096,1.);
#1096 = DIRECTION('',(1.,0.,0.));
#1097 = ORIENTED_EDGE('',*,*,#1098,.T.);
#1098 = EDGE_CURVE('',#1091,#1099,#1101,.T.);
#1099 = VERTEX_POINT('',#1100);
#1100 = CARTESIAN_POINT('',(43.,-11.5,44.));
#1101 = LINE('',#1102,#1103);
#1102 = CARTESIAN_POINT('',(43.,-11.5,-45.));
#1103 = VECTOR('',#1104,1.);
#1104 = DIRECTION('',(0.,0.,1.));
#1105 = ORIENTED_EDGE('',*,*,#1106,.T.);
#1106 = EDGE_CURVE('',#1099,#1107,#1109,.T.);
#1107 = VERTEX_POINT('',#1108);
#1108 = CARTESIAN_POINT('',(6.35,-11.5,44.));
#1109 = LINE('',#1110,#1111);
#1110 = CARTESIAN_POINT('',(44.,-11.5,44.));
#1111 = VECTOR('',#1112,1.);
#1112 = DIRECTION('',(-1.,0.,0.));
#1113 = ORIENTED_EDGE('',*,*,#1114,.T.);
#1114 = EDGE_CURVE('',#1107,#1115,#1117,.T.);
#1115 = VERTEX_POINT('',#1116);
#1116 = CARTESIAN_POINT('',(6.35,-11.5,45.));
#1117 = LINE('',#1118,#1119);
#1118 = CARTESIAN_POINT('',(6.35,-11.5,44.));
#1119 = VECTOR('',#1120,1.);
#1120 = DIRECTION('',(0.,-2.2E-16,1.));
#1121 = ORIENTED_EDGE('',*,*,#1122,.T.);
#1122 = EDGE_CURVE('',#1115,#1123,#1125,.T.);
#1123 = VERTEX_POINT('',#1124);
#1124 = CARTESIAN_POINT('',(-6.35,-11.5,45.));
#1125 = LINE('',#1126,#1127);
#1126 = CARTESIAN_POINT('',(6.35,-11.5,45.));
#1127 = VECTOR('',#1128,1.);
#1128 = DIRECTION('',(-1.,0.,0.));
#1129 = ORIENTED_EDGE('',*,*,#1130,.T.);
#1130 = EDGE_CURVE('',#1123,#1131,#1133,.T.);
#1131 = VERTEX_POINT('',#1132);
#1132 = CARTESIAN_POINT('',(-6.35,-11.5,44.));
#1133 = LINE('',#1134,#1135);
#1134 = CARTESIAN_POINT('',(-6.35,-11.5,45.));
#1135 = VECTOR('',#1136,1.);
#1136 = DIRECTION('',(0.,2.2E-16,-1.));
#1137 = ORIENTED_EDGE('',*,*,#1138,.T.);
#1138 = EDGE_CURVE('',#1131,#1139,#1141,.T.);
#1139 = VERTEX_POINT('',#1140);
#1140 = CARTESIAN_POINT('',(-26.,-11.5,44.));
#1141 = LINE('',#1142,#1143);
#1142 = CARTESIAN_POINT('',(44.,-11.5,44.));
#1143 = VECTOR('',#1144,1.);
#1144 = DIRECTION('',(-1.,0.,0.));
#1145 = ORIENTED_EDGE('',*,*,#1146,.F.);
#1146 = EDGE_CURVE('',#1147,#1139,#1149,.T.);
#1147 = VERTEX_POINT('',#1148);
#1148 = CARTESIAN_POINT('',(-26.,-11.5,15.95));
#1149 = LINE('',#1150,#1151);
#1150 = CARTESIAN_POINT('',(-26.,-11.5,16.95));
#1151 = VECTOR('',#1152,1.);
#1152 = DIRECTION('',(0.,2.2E-16,1.));
#1153 = ORIENTED_EDGE('',*,*,#1154,.F.);
#1154 = EDGE_CURVE('',#1155,#1147,#1157,.T.);
#1155 = VERTEX_POINT('',#1156);
#1156 = CARTESIAN_POINT('',(-30.,-11.5,15.95));
#1157 = LINE('',#1158,#1159);
#1158 = CARTESIAN_POINT('',(-29.,-11.5,15.95));
#1159 = VECTOR('',#1160,1.);
#1160 = DIRECTION('',(1.,0.,0.));
#1161 = ORIENTED_EDGE('',*,*,#1162,.F.);
#1162 = EDGE_CURVE('',#1163,#1155,#1165,.T.);
#1163 = VERTEX_POINT('',#1164);
#1164 = CARTESIAN_POINT('',(-30.,-11.5,44.));
#1165 = LINE('',#1166,#1167);
#1166 = CARTESIAN_POINT('',(-30.,-11.5,45.));
#1167 = VECTOR('',#1168,1.);
#1168 = DIRECTION('',(0.,-2.2E-16,-1.));
#1169 = ORIENTED_EDGE('',*,*,#1170,.T.);
#1170 = EDGE_CURVE('',#1163,#1171,#1173,.T.);
#1171 = VERTEX_POINT('',#1172);
#1172 = CARTESIAN_POINT('',(-43.,-11.5,44.));
#1173 = LINE('',#1174,#1175);
#1174 = CARTESIAN_POINT('',(-29.,-11.5,44.));
#1175 = VECTOR('',#1176,1.);
#1176 = DIRECTION('',(-1.,0.,0.));
#1177 = ORIENTED_EDGE('',*,*,#1178,.T.);
#1178 = EDGE_CURVE('',#1171,#1179,#1181,.T.);
#1179 = VERTEX_POINT('',#1180);
#1180 = CARTESIAN_POINT('',(-43.,-11.5,-44.));
#1181 = LINE('',#1182,#1183);
#1182 = CARTESIAN_POINT('',(-43.,-11.5,45.));
#1183 = VECTOR('',#1184,1.);
#1184 = DIRECTION('',(0.,0.,-1.));
#1185 = ORIENTED_EDGE('',*,*,#1186,.T.);
#1186 = EDGE_CURVE('',#1179,#1187,#1189,.T.);
#1187 = VERTEX_POINT('',#1188);
#1188 = CARTESIAN_POINT('',(-30.,-11.5,-44.));
#1189 = LINE('',#1190,#1191);
#1190 = CARTESIAN_POINT('',(-44.,-11.5,-44.));
#1191 = VECTOR('',#1192,1.);
#1192 = DIRECTION('',(1.,0.,0.));
#1193 = ORIENTED_EDGE('',*,*,#1194,.F.);
#1194 = EDGE_CURVE('',#1195,#1187,#1197,.T.);
#1195 = VERTEX_POINT('',#1196);
#1196 = CARTESIAN_POINT('',(-30.,-11.5,-15.95));
#1197 = LINE('',#1198,#1199);
#1198 = CARTESIAN_POINT('',(-30.,-11.5,-16.95));
#1199 = VECTOR('',#1200,1.);
#1200 = DIRECTION('',(0.,-2.2E-16,-1.));
#1201 = ORIENTED_EDGE('',*,*,#1202,.F.);
#1202 = EDGE_CURVE('',#1203,#1195,#1205,.T.);
#1203 = VERTEX_POINT('',#1204);
#1204 = CARTESIAN_POINT('',(-26.,-11.5,-15.95));
#1205 = LINE('',#1206,#1207);
#1206 = CARTESIAN_POINT('',(-27.,-11.5,-15.95));
#1207 = VECTOR('',#1208,1.);
#1208 = DIRECTION('',(-1.,0.,0.));
#1209 = ORIENTED_EDGE('',*,*,#1210,.F.);
#1210 = EDGE_CURVE('',#1211,#1203,#1213,.T.);
#1211 = VERTEX_POINT('',#1212);
#1212 = CARTESIAN_POINT('',(-26.,-11.5,-44.));
#1213 = LINE('',#1214,#1215);
#1214 = CARTESIAN_POINT('',(-26.,-11.5,-45.));
#1215 = VECTOR('',#1216,1.);
#1216 = DIRECTION('',(0.,2.2E-16,1.));
#1217 = ORIENTED_EDGE('',*,*,#1218,.T.);
#1218 = EDGE_CURVE('',#1211,#1049,#1219,.T.);
#1219 = LINE('',#1220,#1221);
#1220 = CARTESIAN_POINT('',(-27.,-11.5,-44.));
#1221 = VECTOR('',#1222,1.);
#1222 = DIRECTION('',(1.,0.,0.));
#1223 = FACE_BOUND('',#1224,.T.);
#1224 = EDGE_LOOP('',(#1225));
#1225 = ORIENTED_EDGE('',*,*,#1226,.F.);
#1226 = EDGE_CURVE('',#1227,#1227,#1229,.T.);
#1227 = VERTEX_POINT('',#1228);
#1228 = CARTESIAN_POINT('',(11.5,-11.5,0.));
#1229 = CIRCLE('',#1230,11.5);
#1230 = AXIS2_PLACEMENT_3D('',#1231,#1232,#1233);
#1231 = CARTESIAN_POINT('',(0.,-11.5,-1.7763568394E-15));
#1232 = DIRECTION('',(0.,-1.,-2.2E-16));
#1233 = DIRECTION('',(1.,0.,0.));
#1234 = FACE_BOUND('',#1235,.T.);
#1235 = EDGE_LOOP('',(#1236));
#1236 = ORIENTED_EDGE('',*,*,#1237,.F.);
#1237 = EDGE_CURVE('',#1238,#1238,#1240,.T.);
#1238 = VERTEX_POINT('',#1239);
#1239 = CARTESIAN_POINT('',(24.,-11.5,-37.5));
#1240 = CIRCLE('',#1241,4.5);
#1241 = AXIS2_PLACEMENT_3D('',#1242,#1243,#1244);
#1242 = CARTESIAN_POINT('',(19.5,-11.5,-37.5));
#1243 = DIRECTION('',(0.,-1.,-2.2E-16));
#1244 = DIRECTION('',(1.,0.,0.));
#1245 = FACE_BOUND('',#1246,.T.);
#1246 = EDGE_LOOP('',(#1247));
#1247 = ORIENTED_EDGE('',*,*,#1248,.F.);
#1248 = EDGE_CURVE('',#1249,#1249,#1251,.T.);
#1249 = VERTEX_POINT('',#1250);
#1250 = CARTESIAN_POINT('',(-15.,-11.5,37.5));
#1251 = CIRCLE('',#1252,4.5);
#1252 = AXIS2_PLACEMENT_3D('',#1253,#1254,#1255);
#1253 = CARTESIAN_POINT('',(-19.5,-11.5,37.5));
#1254 = DIRECTION('',(0.,-1.,-2.2E-16));
#1255 = DIRECTION('',(1.,0.,0.));
#1256 = FACE_BOUND('',#1257,.T.);
#1257 = EDGE_LOOP('',(#1258));
#1258 = ORIENTED_EDGE('',*,*,#1259,.F.);
#1259 = EDGE_CURVE('',#1260,#1260,#1262,.T.);
#1260 = VERTEX_POINT('',#1261);
#1261 = CARTESIAN_POINT('',(24.,-11.5,37.5));
#1262 = CIRCLE('',#1263,4.5);
#1263 = AXIS2_PLACEMENT_3D('',#1264,#1265,#1266);
#1264 = CARTESIAN_POINT('',(19.5,-11.5,37.5));
#1265 = DIRECTION('',(0.,-1.,-2.2E-16));
#1266 = DIRECTION('',(1.,0.,0.));
#1267 = FACE_BOUND('',#1268,.T.);
#1268 = EDGE_LOOP('',(#1269));
#1269 = ORIENTED_EDGE('',*,*,#1270,.F.);
#1270 = EDGE_CURVE('',#1271,#1271,#1273,.T.);
#1271 = VERTEX_POINT('',#1272);
#1272 = CARTESIAN_POINT('',(-15.,-11.5,-37.5));
#1273 = CIRCLE('',#1274,4.5);
#1274 = AXIS2_PLACEMENT_3D('',#1275,#1276,#1277);
#1275 = CARTESIAN_POINT('',(-19.5,-11.5,-37.5));
#1276 = DIRECTION('',(0.,-1.,-2.2E-16));
#1277 = DIRECTION('',(1.,0.,0.));
#1278 = FACE_BOUND('',#1279,.T.);
#1279 = EDGE_LOOP('',(#1280));
#1280 = ORIENTED_EDGE('',*,*,#1281,.F.);
#1281 = EDGE_CURVE('',#1282,#1282,#1284,.T.);
#1282 = VERTEX_POINT('',#1283);
#1283 = CARTESIAN_POINT('',(-33.5,-11.5,36.6));
#1284 = CIRCLE('',#1285,3.);
#1285 = AXIS2_PLACEMENT_3D('',#1286,#1287,#1288);
#1286 = CARTESIAN_POINT('',(-36.5,-11.5,36.6));
#1287 = DIRECTION('',(0.,-1.,-2.2E-16));
#1288 = DIRECTION('',(1.,0.,0.));
#1289 = FACE_BOUND('',#1290,.T.);
#1290 = EDGE_LOOP('',(#1291));
#1291 = ORIENTED_EDGE('',*,*,#1292,.F.);
#1292 = EDGE_CURVE('',#1293,#1293,#1295,.T.);
#1293 = VERTEX_POINT('',#1294);
#1294 = CARTESIAN_POINT('',(-33.5,-11.5,-36.6));
#1295 = CIRCLE('',#1296,3.);
#1296 = AXIS2_PLACEMENT_3D('',#1297,#1298,#1299);
#1297 = CARTESIAN_POINT('',(-36.5,-11.5,-36.6));
#1298 = DIRECTION('',(0.,-1.,-2.2E-16));
#1299 = DIRECTION('',(1.,0.,0.));
#1300 = FACE_BOUND('',#1301,.T.);
#1301 = EDGE_LOOP('',(#1302));
#1302 = ORIENTED_EDGE('',*,*,#1303,.F.);
#1303 = EDGE_CURVE('',#1304,#1304,#1306,.T.);
#1304 = VERTEX_POINT('',#1305);
#1305 = CARTESIAN_POINT('',(17.1,-11.5,15.5));
#1306 = CIRCLE('',#1307,1.6);
#1307 = AXIS2_PLACEMENT_3D('',#1308,#1309,#1310);
#1308 = CARTESIAN_POINT('',(15.5,-11.5,15.5));
#1309 = DIRECTION('',(0.,-1.,-2.2E-16));
#1310 = DIRECTION('',(1.,0.,0.));
#1311 = FACE_BOUND('',#1312,.T.);
#1312 = EDGE_LOOP('',(#1313));
#1313 = ORIENTED_EDGE('',*,*,#1314,.F.);
#1314 = EDGE_CURVE('',#1315,#1315,#1317,.T.);
#1315 = VERTEX_POINT('',#1316);
#1316 = CARTESIAN_POINT('',(-13.9,-11.5,15.5));
#1317 = CIRCLE('',#1318,1.6);
#1318 = AXIS2_PLACEMENT_3D('',#1319,#1320,#1321);
#1319 = CARTESIAN_POINT('',(-15.5,-11.5,15.5));
#1320 = DIRECTION('',(0.,-1.,-2.2E-16));
#1321 = DIRECTION('',(1.,0.,0.));
#1322 = FACE_BOUND('',#1323,.T.);
#1323 = EDGE_LOOP('',(#1324));
#1324 = ORIENTED_EDGE('',*,*,#235,.F.);
#1325 = FACE_BOUND('',#1326,.T.);
#1326 = EDGE_LOOP('',(#1327));
#1327 = ORIENTED_EDGE('',*,*,#1328,.F.);
#1328 = EDGE_CURVE('',#1329,#1329,#1331,.T.);
#1329 = VERTEX_POINT('',#1330);
#1330 = CARTESIAN_POINT('',(-13.9,-11.5,-15.5));
#1331 = CIRCLE('',#1332,1.6);
#1332 = AXIS2_PLACEMENT_3D('',#1333,#1334,#1335);
#1333 = CARTESIAN_POINT('',(-15.5,-11.5,-15.5));
#1334 = DIRECTION('',(0.,-1.,-2.2E-16));
#1335 = DIRECTION('',(1.,0.,0.));
#1336 = FACE_BOUND('',#1337,.T.);
#1337 = EDGE_LOOP('',(#1338));
#1338 = ORIENTED_EDGE('',*,*,#1339,.F.);
#1339 = EDGE_CURVE('',#1340,#1340,#1342,.T.);
#1340 = VERTEX_POINT('',#1341);
#1341 = CARTESIAN_POINT('',(38.,-11.5,-37.5));
#1342 = CIRCLE('',#1343,1.5);
#1343 = AXIS2_PLACEMENT_3D('',#1344,#1345,#1346);
#1344 = CARTESIAN_POINT('',(36.5,-11.5,-37.5));
#1345 = DIRECTION('',(0.,-1.,-2.2E-16));
#1346 = DIRECTION('',(1.,0.,0.));
#1347 = FACE_BOUND('',#1348,.T.);
#1348 = EDGE_LOOP('',(#1349));
#1349 = ORIENTED_EDGE('',*,*,#1350,.F.);
#1350 = EDGE_CURVE('',#1351,#1351,#1353,.T.);
#1351 = VERTEX_POINT('',#1352);
#1352 = CARTESIAN_POINT('',(38.,-11.5,37.5));
#1353 = CIRCLE('',#1354,1.5);
#1354 = AXIS2_PLACEMENT_3D('',#1355,#1356,#1357);
#1355 = CARTESIAN_POINT('',(36.5,-11.5,37.5));
#1356 = DIRECTION('',(0.,-1.,-2.2E-16));
#1357 = DIRECTION('',(1.,0.,0.));
#1358 = FACE_BOUND('',#1359,.T.);
#1359 = EDGE_LOOP('',(#1360));
#1360 = ORIENTED_EDGE('',*,*,#1361,.F.);
#1361 = EDGE_CURVE('',#1362,#1362,#1364,.T.);
#1362 = VERTEX_POINT('',#1363);
#1363 = CARTESIAN_POINT('',(-35.,-11.5,-2.E-15));
#1364 = CIRCLE('',#1365,1.5);
#1365 = AXIS2_PLACEMENT_3D('',#1366,#1367,#1368);
#1366 = CARTESIAN_POINT('',(-36.5,-11.5,-5.329070518201E-15));
#1367 = DIRECTION('',(0.,-1.,-2.2E-16));
#1368 = DIRECTION('',(1.,0.,0.));
#1369 = FACE_BOUND('',#1370,.T.);
#1370 = EDGE_LOOP('',(#1371));
#1371 = ORIENTED_EDGE('',*,*,#1372,.F.);
#1372 = EDGE_CURVE('',#1373,#1373,#1375,.T.);
#1373 = VERTEX_POINT('',#1374);
#1374 = CARTESIAN_POINT('',(-2.25,-11.5,-41.6));
#1375 = CIRCLE('',#1376,1.);
#1376 = AXIS2_PLACEMENT_3D('',#1377,#1378,#1379);
#1377 = CARTESIAN_POINT('',(-3.25,-11.5,-41.6));
#1378 = DIRECTION('',(0.,-1.,-2.2E-16));
#1379 = DIRECTION('',(1.,0.,0.));
#1380 = FACE_BOUND('',#1381,.T.);
#1381 = EDGE_LOOP('',(#1382));
#1382 = ORIENTED_EDGE('',*,*,#1383,.F.);
#1383 = EDGE_CURVE('',#1384,#1384,#1386,.T.);
#1384 = VERTEX_POINT('',#1385);
#1385 = CARTESIAN_POINT('',(4.25,-11.5,40.1));
#1386 = CIRCLE('',#1387,1.);
#1387 = AXIS2_PLACEMENT_3D('',#1388,#1389,#1390);
#1388 = CARTESIAN_POINT('',(3.25,-11.5,40.1));
#1389 = DIRECTION('',(0.,-1.,-2.2E-16));
#1390 = DIRECTION('',(1.,0.,0.));
#1391 = FACE_BOUND('',#1392,.T.);
#1392 = EDGE_LOOP('',(#1393));
#1393 = ORIENTED_EDGE('',*,*,#1394,.F.);
#1394 = EDGE_CURVE('',#1395,#1395,#1397,.T.);
#1395 = VERTEX_POINT('',#1396);
#1396 = CARTESIAN_POINT('',(-2.25,-11.5,40.1));
#1397 = CIRCLE('',#1398,1.);
#1398 = AXIS2_PLACEMENT_3D('',#1399,#1400,#1401);
#1399 = CARTESIAN_POINT('',(-3.25,-11.5,40.1));
#1400 = DIRECTION('',(0.,-1.,-2.2E-16));
#1401 = DIRECTION('',(1.,0.,0.));
#1402 = FACE_BOUND('',#1403,.T.);
#1403 = EDGE_LOOP('',(#1404));
#1404 = ORIENTED_EDGE('',*,*,#1405,.F.);
#1405 = EDGE_CURVE('',#1406,#1406,#1408,.T.);
#1406 = VERTEX_POINT('',#1407);
#1407 = CARTESIAN_POINT('',(4.25,-11.5,-41.6));
#1408 = CIRCLE('',#1409,1.);
#1409 = AXIS2_PLACEMENT_3D('',#1410,#1411,#1412);
#1410 = CARTESIAN_POINT('',(3.25,-11.5,-41.6));
#1411 = DIRECTION('',(0.,-1.,-2.2E-16));
#1412 = DIRECTION('',(1.,0.,0.));
#1413 = PLANE('',#1414);
#1414 = AXIS2_PLACEMENT_3D('',#1415,#1416,#1417);
#1415 = CARTESIAN_POINT('',(-6.741219670617,-11.5,-0.217599703872));
#1416 = DIRECTION('',(0.,-1.,5.E-17));
#1417 = DIRECTION('',(0.,5.E-17,1.));
#1418 = ADVANCED_FACE('',(#1419),#1444,.F.);
#1419 = FACE_BOUND('',#1420,.F.);
#1420 = EDGE_LOOP('',(#1421,#1422,#1430,#1438));
#1421 = ORIENTED_EDGE('',*,*,#252,.F.);
#1422 = ORIENTED_EDGE('',*,*,#1423,.F.);
#1423 = EDGE_CURVE('',#1424,#253,#1426,.T.);
#1424 = VERTEX_POINT('',#1425);
#1425 = CARTESIAN_POINT('',(6.35,-10.5,-45.));
#1426 = LINE('',#1427,#1428);
#1427 = CARTESIAN_POINT('',(6.35,-1.488E-14,-45.));
#1428 = VECTOR('',#1429,1.);
#1429 = DIRECTION('',(0.,1.,-4.4E-16));
#1430 = ORIENTED_EDGE('',*,*,#1431,.T.);
#1431 = EDGE_CURVE('',#1424,#1432,#1434,.T.);
#1432 = VERTEX_POINT('',#1433);
#1433 = CARTESIAN_POINT('',(43.,-10.5,-45.));
#1434 = LINE('',#1435,#1436);
#1435 = CARTESIAN_POINT('',(6.35,-10.5,-45.));
#1436 = VECTOR('',#1437,1.);
#1437 = DIRECTION('',(1.,0.,0.));
#1438 = ORIENTED_EDGE('',*,*,#1439,.F.);
#1439 = EDGE_CURVE('',#255,#1432,#1440,.T.);
#1440 = LINE('',#1441,#1442);
#1441 = CARTESIAN_POINT('',(43.,11.5,-45.));
#1442 = VECTOR('',#1443,1.);
#1443 = DIRECTION('',(0.,-1.,4.4E-16));
#1444 = PLANE('',#1445);
#1445 = AXIS2_PLACEMENT_3D('',#1446,#1447,#1448);
#1446 = CARTESIAN_POINT('',(-44.,11.5,-45.));
#1447 = DIRECTION('',(0.,2.2E-16,1.));
#1448 = DIRECTION('',(1.,0.,0.));
#1449 = ADVANCED_FACE('',(#1450),#1468,.T.);
#1450 = FACE_BOUND('',#1451,.F.);
#1451 = EDGE_LOOP('',(#1452,#1453,#1454,#1462));
#1452 = ORIENTED_EDGE('',*,*,#499,.F.);
#1453 = ORIENTED_EDGE('',*,*,#1439,.T.);
#1454 = ORIENTED_EDGE('',*,*,#1455,.F.);
#1455 = EDGE_CURVE('',#1456,#1432,#1458,.T.);
#1456 = VERTEX_POINT('',#1457);
#1457 = CARTESIAN_POINT('',(44.,-10.5,-44.));
#1458 = LINE('',#1459,#1460);
#1459 = CARTESIAN_POINT('',(43.75,-10.5,-44.25));
#1460 = VECTOR('',#1461,1.);
#1461 = DIRECTION('',(-0.707106781187,5.16E-15,-0.707106781187));
#1462 = ORIENTED_EDGE('',*,*,#1463,.F.);
#1463 = EDGE_CURVE('',#492,#1456,#1464,.T.);
#1464 = LINE('',#1465,#1466);
#1465 = CARTESIAN_POINT('',(44.,11.5,-44.));
#1466 = VECTOR('',#1467,1.);
#1467 = DIRECTION('',(0.,-1.,4.4E-16));
#1468 = PLANE('',#1469);
#1469 = AXIS2_PLACEMENT_3D('',#1470,#1471,#1472);
#1470 = CARTESIAN_POINT('',(43.5,11.5,-44.5));
#1471 = DIRECTION('',(0.707106781187,-3.5E-16,-0.707106781187));
#1472 = DIRECTION('',(2.748737341529E-17,1.,-4.674873734153E-16));
#1473 = ADVANCED_FACE('',(#1474),#1491,.T.);
#1474 = FACE_BOUND('',#1475,.T.);
#1475 = EDGE_LOOP('',(#1476,#1477,#1483,#1484,#1490));
#1476 = ORIENTED_EDGE('',*,*,#1423,.F.);
#1477 = ORIENTED_EDGE('',*,*,#1478,.T.);
#1478 = EDGE_CURVE('',#1424,#1083,#1479,.T.);
#1479 = LINE('',#1480,#1481);
#1480 = CARTESIAN_POINT('',(6.35,-10.625,-44.875));
#1481 = VECTOR('',#1482,1.);
#1482 = DIRECTION('',(0.,-0.707106781187,0.707106781187));
#1483 = ORIENTED_EDGE('',*,*,#1082,.F.);
#1484 = ORIENTED_EDGE('',*,*,#1485,.T.);
#1485 = EDGE_CURVE('',#1075,#263,#1486,.T.);
#1486 = LINE('',#1487,#1488);
#1487 = CARTESIAN_POINT('',(6.35,-11.5,-45.5));
#1488 = VECTOR('',#1489,1.);
#1489 = DIRECTION('',(0.,1.,-2.2E-16));
#1490 = ORIENTED_EDGE('',*,*,#262,.T.);
#1491 = PLANE('',#1492);
#1492 = AXIS2_PLACEMENT_3D('',#1493,#1494,#1495);
#1493 = CARTESIAN_POINT('',(6.35,-11.5,-46.5));
#1494 = DIRECTION('',(1.,0.,0.));
#1495 = DIRECTION('',(0.,2.2E-16,1.));
#1496 = ADVANCED_FACE('',(#1497,#1531,#1542),#1553,.F.);
#1497 = FACE_BOUND('',#1498,.F.);
#1498 = EDGE_LOOP('',(#1499,#1500,#1501,#1509,#1515,#1516,#1524,#1530));
#1499 = ORIENTED_EDGE('',*,*,#491,.F.);
#1500 = ORIENTED_EDGE('',*,*,#1463,.T.);
#1501 = ORIENTED_EDGE('',*,*,#1502,.T.);
#1502 = EDGE_CURVE('',#1456,#1503,#1505,.T.);
#1503 = VERTEX_POINT('',#1504);
#1504 = CARTESIAN_POINT('',(44.,-10.5,44.));
#1505 = LINE('',#1506,#1507);
#1506 = CARTESIAN_POINT('',(44.,-10.5,-45.));
#1507 = VECTOR('',#1508,1.);
#1508 = DIRECTION('',(0.,0.,1.));
#1509 = ORIENTED_EDGE('',*,*,#1510,.F.);
#1510 = EDGE_CURVE('',#407,#1503,#1511,.T.);
#1511 = LINE('',#1512,#1513);
#1512 = CARTESIAN_POINT('',(44.,11.5,44.));
#1513 = VECTOR('',#1514,1.);
#1514 = DIRECTION('',(0.,-1.,4.4E-16));
#1515 = ORIENTED_EDGE('',*,*,#414,.F.);
#1516 = ORIENTED_EDGE('',*,*,#1517,.T.);
#1517 = EDGE_CURVE('',#415,#1518,#1520,.T.);
#1518 = VERTEX_POINT('',#1519);
#1519 = CARTESIAN_POINT('',(44.,-4.5,11.5));
#1520 = LINE('',#1521,#1522);
#1521 = CARTESIAN_POINT('',(44.,11.5,11.5));
#1522 = VECTOR('',#1523,1.);
#1523 = DIRECTION('',(0.,-1.,-2.2E-16));
#1524 = ORIENTED_EDGE('',*,*,#1525,.F.);
#1525 = EDGE_CURVE('',#951,#1518,#1526,.T.);
#1526 = LINE('',#1527,#1528);
#1527 = CARTESIAN_POINT('',(44.,-4.5,-10.5));
#1528 = VECTOR('',#1529,1.);
#1529 = DIRECTION('',(0.,-2.2E-16,1.));
#1530 = ORIENTED_EDGE('',*,*,#950,.F.);
#1531 = FACE_BOUND('',#1532,.F.);
#1532 = EDGE_LOOP('',(#1533));
#1533 = ORIENTED_EDGE('',*,*,#1534,.T.);
#1534 = EDGE_CURVE('',#1535,#1535,#1537,.T.);
#1535 = VERTEX_POINT('',#1536);
#1536 = CARTESIAN_POINT('',(44.,2.5,30.1));
#1537 = CIRCLE('',#1538,4.1);
#1538 = AXIS2_PLACEMENT_3D('',#1539,#1540,#1541);
#1539 = CARTESIAN_POINT('',(44.,2.5,26.));
#1540 = DIRECTION('',(1.,2.2E-16,-2.2E-16));
#1541 = DIRECTION('',(2.2E-16,-2.2E-16,1.));
#1542 = FACE_BOUND('',#1543,.F.);
#1543 = EDGE_LOOP('',(#1544));
#1544 = ORIENTED_EDGE('',*,*,#1545,.T.);
#1545 = EDGE_CURVE('',#1546,#1546,#1548,.T.);
#1546 = VERTEX_POINT('',#1547);
#1547 = CARTESIAN_POINT('',(44.,2.5,-21.9));
#1548 = CIRCLE('',#1549,4.1);
#1549 = AXIS2_PLACEMENT_3D('',#1550,#1551,#1552);
#1550 = CARTESIAN_POINT('',(44.,2.5,-26.));
#1551 = DIRECTION('',(1.,2.2E-16,-2.2E-16));
#1552 = DIRECTION('',(2.2E-16,-2.2E-16,1.));
#1553 = PLANE('',#1554);
#1554 = AXIS2_PLACEMENT_3D('',#1555,#1556,#1557);
#1555 = CARTESIAN_POINT('',(44.,11.5,-45.));
#1556 = DIRECTION('',(-1.,0.,0.));
#1557 = DIRECTION('',(0.,2.2E-16,1.));
#1558 = ADVANCED_FACE('',(#1559),#1584,.T.);
#1559 = FACE_BOUND('',#1560,.T.);
#1560 = EDGE_LOOP('',(#1561,#1569,#1570,#1578));
#1561 = ORIENTED_EDGE('',*,*,#1562,.T.);
#1562 = EDGE_CURVE('',#1563,#271,#1565,.T.);
#1563 = VERTEX_POINT('',#1564);
#1564 = CARTESIAN_POINT('',(-5.35,10.5,-46.5));
#1565 = LINE('',#1566,#1567);
#1566 = CARTESIAN_POINT('',(-2.183333333333,7.333333333333,
    -49.66666666666));
#1567 = VECTOR('',#1568,1.);
#1568 = DIRECTION('',(-0.57735026919,0.57735026919,0.57735026919));
#1569 = ORIENTED_EDGE('',*,*,#270,.T.);
#1570 = ORIENTED_EDGE('',*,*,#1571,.T.);
#1571 = EDGE_CURVE('',#263,#1572,#1574,.T.);
#1572 = VERTEX_POINT('',#1573);
#1573 = CARTESIAN_POINT('',(5.35,10.5,-46.5));
#1574 = LINE('',#1575,#1576);
#1575 = CARTESIAN_POINT('',(6.666666666668E-02,5.216666666667,
    -51.78333333333));
#1576 = VECTOR('',#1577,1.);
#1577 = DIRECTION('',(-0.57735026919,-0.57735026919,-0.57735026919));
#1578 = ORIENTED_EDGE('',*,*,#1579,.F.);
#1579 = EDGE_CURVE('',#1563,#1572,#1580,.T.);
#1580 = LINE('',#1581,#1582);
#1581 = CARTESIAN_POINT('',(-6.35,10.5,-46.5));
#1582 = VECTOR('',#1583,1.);
#1583 = DIRECTION('',(1.,0.,0.));
#1584 = PLANE('',#1585);
#1585 = AXIS2_PLACEMENT_3D('',#1586,#1587,#1588);
#1586 = CARTESIAN_POINT('',(-6.35,11.,-46.));
#1587 = DIRECTION('',(0.,0.707106781187,-0.707106781187));
#1588 = DIRECTION('',(1.,0.,0.));
#1589 = ADVANCED_FACE('',(#1590),#1614,.T.);
#1590 = FACE_BOUND('',#1591,.T.);
#1591 = EDGE_LOOP('',(#1592,#1600,#1601,#1607,#1608));
#1592 = ORIENTED_EDGE('',*,*,#1593,.F.);
#1593 = EDGE_CURVE('',#279,#1594,#1596,.T.);
#1594 = VERTEX_POINT('',#1595);
#1595 = CARTESIAN_POINT('',(-6.35,-10.5,-45.));
#1596 = LINE('',#1597,#1598);
#1597 = CARTESIAN_POINT('',(-6.35,-1.488E-14,-45.));
#1598 = VECTOR('',#1599,1.);
#1599 = DIRECTION('',(0.,-1.,4.4E-16));
#1600 = ORIENTED_EDGE('',*,*,#278,.T.);
#1601 = ORIENTED_EDGE('',*,*,#1602,.F.);
#1602 = EDGE_CURVE('',#1051,#271,#1603,.T.);
#1603 = LINE('',#1604,#1605);
#1604 = CARTESIAN_POINT('',(-6.35,-11.5,-45.5));
#1605 = VECTOR('',#1606,1.);
#1606 = DIRECTION('',(0.,1.,-2.2E-16));
#1607 = ORIENTED_EDGE('',*,*,#1048,.F.);
#1608 = ORIENTED_EDGE('',*,*,#1609,.F.);
#1609 = EDGE_CURVE('',#1594,#1049,#1610,.T.);
#1610 = LINE('',#1611,#1612);
#1611 = CARTESIAN_POINT('',(-6.35,-11.25,-44.25));
#1612 = VECTOR('',#1613,1.);
#1613 = DIRECTION('',(0.,-0.707106781187,0.707106781187));
#1614 = PLANE('',#1615);
#1615 = AXIS2_PLACEMENT_3D('',#1616,#1617,#1618);
#1616 = CARTESIAN_POINT('',(-6.35,-11.5,-44.));
#1617 = DIRECTION('',(-1.,0.,0.));
#1618 = DIRECTION('',(0.,-2.2E-16,-1.));
#1619 = ADVANCED_FACE('',(#1620),#1638,.F.);
#1620 = FACE_BOUND('',#1621,.F.);
#1621 = EDGE_LOOP('',(#1622,#1623,#1631,#1637));
#1622 = ORIENTED_EDGE('',*,*,#286,.F.);
#1623 = ORIENTED_EDGE('',*,*,#1624,.F.);
#1624 = EDGE_CURVE('',#1625,#287,#1627,.T.);
#1625 = VERTEX_POINT('',#1626);
#1626 = CARTESIAN_POINT('',(-26.,-10.5,-45.));
#1627 = LINE('',#1628,#1629);
#1628 = CARTESIAN_POINT('',(-26.,-11.5,-45.));
#1629 = VECTOR('',#1630,1.);
#1630 = DIRECTION('',(0.,1.,-2.2E-16));
#1631 = ORIENTED_EDGE('',*,*,#1632,.T.);
#1632 = EDGE_CURVE('',#1625,#1594,#1633,.T.);
#1633 = LINE('',#1634,#1635);
#1634 = CARTESIAN_POINT('',(-27.,-10.5,-45.));
#1635 = VECTOR('',#1636,1.);
#1636 = DIRECTION('',(1.,0.,0.));
#1637 = ORIENTED_EDGE('',*,*,#1593,.F.);
#1638 = PLANE('',#1639);
#1639 = AXIS2_PLACEMENT_3D('',#1640,#1641,#1642);
#1640 = CARTESIAN_POINT('',(-44.,11.5,-45.));
#1641 = DIRECTION('',(0.,2.2E-16,1.));
#1642 = DIRECTION('',(1.,0.,0.));
#1643 = ADVANCED_FACE('',(#1644),#1662,.T.);
#1644 = FACE_BOUND('',#1645,.F.);
#1645 = EDGE_LOOP('',(#1646,#1654,#1655,#1656));
#1646 = ORIENTED_EDGE('',*,*,#1647,.T.);
#1647 = EDGE_CURVE('',#1648,#1625,#1650,.T.);
#1648 = VERTEX_POINT('',#1649);
#1649 = CARTESIAN_POINT('',(-27.,-10.5,-44.));
#1650 = LINE('',#1651,#1652);
#1651 = CARTESIAN_POINT('',(-26.75,-10.5,-44.25));
#1652 = VECTOR('',#1653,1.);
#1653 = DIRECTION('',(0.707106781187,4.E-15,-0.707106781187));
#1654 = ORIENTED_EDGE('',*,*,#1624,.T.);
#1655 = ORIENTED_EDGE('',*,*,#294,.T.);
#1656 = ORIENTED_EDGE('',*,*,#1657,.F.);
#1657 = EDGE_CURVE('',#1648,#295,#1658,.T.);
#1658 = LINE('',#1659,#1660);
#1659 = CARTESIAN_POINT('',(-27.,-11.5,-44.));
#1660 = VECTOR('',#1661,1.);
#1661 = DIRECTION('',(0.,1.,-2.2E-16));
#1662 = PLANE('',#1663);
#1663 = AXIS2_PLACEMENT_3D('',#1664,#1665,#1666);
#1664 = CARTESIAN_POINT('',(-26.5,-11.5,-44.5));
#1665 = DIRECTION('',(-0.707106781187,-3.5E-16,-0.707106781187));
#1666 = DIRECTION('',(1.324873734153E-16,-1.,3.624873734153E-16));
#1667 = ADVANCED_FACE('',(#1668,#1686),#1697,.F.);
#1668 = FACE_BOUND('',#1669,.F.);
#1669 = EDGE_LOOP('',(#1670,#1678,#1684,#1685));
#1670 = ORIENTED_EDGE('',*,*,#1671,.F.);
#1671 = EDGE_CURVE('',#1672,#303,#1674,.T.);
#1672 = VERTEX_POINT('',#1673);
#1673 = CARTESIAN_POINT('',(-27.,-10.5,-16.95));
#1674 = LINE('',#1675,#1676);
#1675 = CARTESIAN_POINT('',(-27.,-11.5,-16.95));
#1676 = VECTOR('',#1677,1.);
#1677 = DIRECTION('',(0.,1.,-2.2E-16));
#1678 = ORIENTED_EDGE('',*,*,#1679,.F.);
#1679 = EDGE_CURVE('',#1648,#1672,#1680,.T.);
#1680 = LINE('',#1681,#1682);
#1681 = CARTESIAN_POINT('',(-27.,-10.5,-45.));
#1682 = VECTOR('',#1683,1.);
#1683 = DIRECTION('',(0.,2.2E-16,1.));
#1684 = ORIENTED_EDGE('',*,*,#1657,.T.);
#1685 = ORIENTED_EDGE('',*,*,#302,.F.);
#1686 = FACE_BOUND('',#1687,.F.);
#1687 = EDGE_LOOP('',(#1688));
#1688 = ORIENTED_EDGE('',*,*,#1689,.F.);
#1689 = EDGE_CURVE('',#1690,#1690,#1692,.T.);
#1690 = VERTEX_POINT('',#1691);
#1691 = CARTESIAN_POINT('',(-27.,2.5,-21.9));
#1692 = CIRCLE('',#1693,4.1);
#1693 = AXIS2_PLACEMENT_3D('',#1694,#1695,#1696);
#1694 = CARTESIAN_POINT('',(-27.,2.5,-26.));
#1695 = DIRECTION('',(1.,0.,-2.2E-16));
#1696 = DIRECTION('',(2.2E-16,0.,1.));
#1697 = PLANE('',#1698);
#1698 = AXIS2_PLACEMENT_3D('',#1699,#1700,#1701);
#1699 = CARTESIAN_POINT('',(-27.,-11.5,-45.));
#1700 = DIRECTION('',(1.,0.,0.));
#1701 = DIRECTION('',(0.,2.2E-16,1.));
#1702 = ADVANCED_FACE('',(#1703),#1721,.F.);
#1703 = FACE_BOUND('',#1704,.F.);
#1704 = EDGE_LOOP('',(#1705,#1713,#1719,#1720));
#1705 = ORIENTED_EDGE('',*,*,#1706,.F.);
#1706 = EDGE_CURVE('',#1707,#311,#1709,.T.);
#1707 = VERTEX_POINT('',#1708);
#1708 = CARTESIAN_POINT('',(-29.,-10.5,-16.95));
#1709 = LINE('',#1710,#1711);
#1710 = CARTESIAN_POINT('',(-29.,-11.5,-16.95));
#1711 = VECTOR('',#1712,1.);
#1712 = DIRECTION('',(0.,1.,-2.2E-16));
#1713 = ORIENTED_EDGE('',*,*,#1714,.F.);
#1714 = EDGE_CURVE('',#1672,#1707,#1715,.T.);
#1715 = LINE('',#1716,#1717);
#1716 = CARTESIAN_POINT('',(-27.,-10.5,-16.95));
#1717 = VECTOR('',#1718,1.);
#1718 = DIRECTION('',(-1.,0.,0.));
#1719 = ORIENTED_EDGE('',*,*,#1671,.T.);
#1720 = ORIENTED_EDGE('',*,*,#310,.F.);
#1721 = PLANE('',#1722);
#1722 = AXIS2_PLACEMENT_3D('',#1723,#1724,#1725);
#1723 = CARTESIAN_POINT('',(-27.,-11.5,-16.95));
#1724 = DIRECTION('',(0.,2.2E-16,1.));
#1725 = DIRECTION('',(-1.,0.,0.));
#1726 = ADVANCED_FACE('',(#1727),#1805,.F.);
#1727 = FACE_BOUND('',#1728,.F.);
#1728 = EDGE_LOOP('',(#1729,#1740,#1748,#1756,#1762,#1763,#1764,#1772,
    #1780,#1789,#1798));
#1729 = ORIENTED_EDGE('',*,*,#1730,.T.);
#1730 = EDGE_CURVE('',#1731,#1733,#1735,.T.);
#1731 = VERTEX_POINT('',#1732);
#1732 = CARTESIAN_POINT('',(-29.,1.5,-22.02382092958));
#1733 = VERTEX_POINT('',#1734);
#1734 = CARTESIAN_POINT('',(-29.,0.5,-29.57910603363));
#1735 = CIRCLE('',#1736,4.1);
#1736 = AXIS2_PLACEMENT_3D('',#1737,#1738,#1739);
#1737 = CARTESIAN_POINT('',(-29.,2.5,-26.));
#1738 = DIRECTION('',(1.,0.,-2.2E-16));
#1739 = DIRECTION('',(2.2E-16,0.,1.));
#1740 = ORIENTED_EDGE('',*,*,#1741,.F.);
#1741 = EDGE_CURVE('',#1742,#1733,#1744,.T.);
#1742 = VERTEX_POINT('',#1743);
#1743 = CARTESIAN_POINT('',(-29.,0.5,-44.));
#1744 = LINE('',#1745,#1746);
#1745 = CARTESIAN_POINT('',(-29.,0.5,-45.));
#1746 = VECTOR('',#1747,1.);
#1747 = DIRECTION('',(-2.2E-16,0.,1.));
#1748 = ORIENTED_EDGE('',*,*,#1749,.F.);
#1749 = EDGE_CURVE('',#1750,#1742,#1752,.T.);
#1750 = VERTEX_POINT('',#1751);
#1751 = CARTESIAN_POINT('',(-29.,-10.5,-44.));
#1752 = LINE('',#1753,#1754);
#1753 = CARTESIAN_POINT('',(-29.,-11.5,-44.));
#1754 = VECTOR('',#1755,1.);
#1755 = DIRECTION('',(0.,1.,-2.2E-16));
#1756 = ORIENTED_EDGE('',*,*,#1757,.F.);
#1757 = EDGE_CURVE('',#1707,#1750,#1758,.T.);
#1758 = LINE('',#1759,#1760);
#1759 = CARTESIAN_POINT('',(-29.,-10.5,-16.95));
#1760 = VECTOR('',#1761,1.);
#1761 = DIRECTION('',(0.,-2.2E-16,-1.));
#1762 = ORIENTED_EDGE('',*,*,#1706,.T.);
#1763 = ORIENTED_EDGE('',*,*,#318,.F.);
#1764 = ORIENTED_EDGE('',*,*,#1765,.F.);
#1765 = EDGE_CURVE('',#1766,#319,#1768,.T.);
#1766 = VERTEX_POINT('',#1767);
#1767 = CARTESIAN_POINT('',(-29.,4.5,-44.));
#1768 = LINE('',#1769,#1770);
#1769 = CARTESIAN_POINT('',(-29.,3.5,-44.));
#1770 = VECTOR('',#1771,1.);
#1771 = DIRECTION('',(0.,1.,-2.2E-16));
#1772 = ORIENTED_EDGE('',*,*,#1773,.F.);
#1773 = EDGE_CURVE('',#1774,#1766,#1776,.T.);
#1774 = VERTEX_POINT('',#1775);
#1775 = CARTESIAN_POINT('',(-29.,4.5,-29.57910603363));
#1776 = LINE('',#1777,#1778);
#1777 = CARTESIAN_POINT('',(-29.,4.5,-29.97617907041));
#1778 = VECTOR('',#1779,1.);
#1779 = DIRECTION('',(2.2E-16,0.,-1.));
#1780 = ORIENTED_EDGE('',*,*,#1781,.T.);
#1781 = EDGE_CURVE('',#1774,#1782,#1784,.T.);
#1782 = VERTEX_POINT('',#1783);
#1783 = CARTESIAN_POINT('',(-29.,3.5,-22.02382092958));
#1784 = CIRCLE('',#1785,4.1);
#1785 = AXIS2_PLACEMENT_3D('',#1786,#1787,#1788);
#1786 = CARTESIAN_POINT('',(-29.,2.5,-26.));
#1787 = DIRECTION('',(1.,0.,-2.2E-16));
#1788 = DIRECTION('',(2.2E-16,0.,1.));
#1789 = ORIENTED_EDGE('',*,*,#1790,.T.);
#1790 = EDGE_CURVE('',#1782,#1791,#1793,.T.);
#1791 = VERTEX_POINT('',#1792);
#1792 = CARTESIAN_POINT('',(-29.,2.5,-21.9));
#1793 = CIRCLE('',#1794,4.1);
#1794 = AXIS2_PLACEMENT_3D('',#1795,#1796,#1797);
#1795 = CARTESIAN_POINT('',(-29.,2.5,-26.));
#1796 = DIRECTION('',(1.,0.,-2.2E-16));
#1797 = DIRECTION('',(2.2E-16,0.,1.));
#1798 = ORIENTED_EDGE('',*,*,#1799,.T.);
#1799 = EDGE_CURVE('',#1791,#1731,#1800,.T.);
#1800 = CIRCLE('',#1801,4.1);
#1801 = AXIS2_PLACEMENT_3D('',#1802,#1803,#1804);
#1802 = CARTESIAN_POINT('',(-29.,2.5,-26.));
#1803 = DIRECTION('',(1.,0.,-2.2E-16));
#1804 = DIRECTION('',(2.2E-16,0.,1.));
#1805 = PLANE('',#1806);
#1806 = AXIS2_PLACEMENT_3D('',#1807,#1808,#1809);
#1807 = CARTESIAN_POINT('',(-29.,-11.5,-16.95));
#1808 = DIRECTION('',(-1.,0.,0.));
#1809 = DIRECTION('',(0.,-2.2E-16,-1.));
#1810 = ADVANCED_FACE('',(#1811),#1836,.F.);
#1811 = FACE_BOUND('',#1812,.T.);
#1812 = EDGE_LOOP('',(#1813,#1821,#1822,#1830));
#1813 = ORIENTED_EDGE('',*,*,#1814,.T.);
#1814 = EDGE_CURVE('',#1815,#327,#1817,.T.);
#1815 = VERTEX_POINT('',#1816);
#1816 = CARTESIAN_POINT('',(-43.,10.5,-45.));
#1817 = LINE('',#1818,#1819);
#1818 = CARTESIAN_POINT('',(-43.66666666666,11.166666666667,
    -44.33333333333));
#1819 = VECTOR('',#1820,1.);
#1820 = DIRECTION('',(-0.57735026919,0.57735026919,0.57735026919));
#1821 = ORIENTED_EDGE('',*,*,#326,.T.);
#1822 = ORIENTED_EDGE('',*,*,#1823,.T.);
#1823 = EDGE_CURVE('',#319,#1824,#1826,.T.);
#1824 = VERTEX_POINT('',#1825);
#1825 = CARTESIAN_POINT('',(-30.,10.5,-45.));
#1826 = LINE('',#1827,#1828);
#1827 = CARTESIAN_POINT('',(-33.16666666666,7.333333333333,
    -48.16666666666));
#1828 = VECTOR('',#1829,1.);
#1829 = DIRECTION('',(-0.57735026919,-0.57735026919,-0.57735026919));
#1830 = ORIENTED_EDGE('',*,*,#1831,.F.);
#1831 = EDGE_CURVE('',#1815,#1824,#1832,.T.);
#1832 = LINE('',#1833,#1834);
#1833 = CARTESIAN_POINT('',(-44.,10.5,-45.));
#1834 = VECTOR('',#1835,1.);
#1835 = DIRECTION('',(1.,0.,0.));
#1836 = PLANE('',#1837);
#1837 = AXIS2_PLACEMENT_3D('',#1838,#1839,#1840);
#1838 = CARTESIAN_POINT('',(-44.,11.,-44.5));
#1839 = DIRECTION('',(0.,-0.707106781187,0.707106781187));
#1840 = DIRECTION('',(-1.,-0.,-0.));
#1841 = ADVANCED_FACE('',(#1842),#1876,.T.);
#1842 = FACE_BOUND('',#1843,.T.);
#1843 = EDGE_LOOP('',(#1844,#1845,#1851,#1852,#1853,#1854,#1862,#1870));
#1844 = ORIENTED_EDGE('',*,*,#430,.F.);
#1845 = ORIENTED_EDGE('',*,*,#1846,.T.);
#1846 = EDGE_CURVE('',#423,#993,#1847,.T.);
#1847 = LINE('',#1848,#1849);
#1848 = CARTESIAN_POINT('',(43.,11.5,10.5));
#1849 = VECTOR('',#1850,1.);
#1850 = DIRECTION('',(0.,-1.,-2.2E-16));
#1851 = ORIENTED_EDGE('',*,*,#992,.T.);
#1852 = ORIENTED_EDGE('',*,*,#1031,.F.);
#1853 = ORIENTED_EDGE('',*,*,#463,.F.);
#1854 = ORIENTED_EDGE('',*,*,#1855,.T.);
#1855 = EDGE_CURVE('',#456,#1856,#1858,.T.);
#1856 = VERTEX_POINT('',#1857);
#1857 = CARTESIAN_POINT('',(12.,10.,10.5));
#1858 = LINE('',#1859,#1860);
#1859 = CARTESIAN_POINT('',(12.,11.5,10.5));
#1860 = VECTOR('',#1861,1.);
#1861 = DIRECTION('',(0.,-1.,-2.2E-16));
#1862 = ORIENTED_EDGE('',*,*,#1863,.T.);
#1863 = EDGE_CURVE('',#1856,#1864,#1866,.T.);
#1864 = VERTEX_POINT('',#1865);
#1865 = CARTESIAN_POINT('',(19.,10.,10.5));
#1866 = LINE('',#1867,#1868);
#1867 = CARTESIAN_POINT('',(12.,10.,10.5));
#1868 = VECTOR('',#1869,1.);
#1869 = DIRECTION('',(1.,0.,0.));
#1870 = ORIENTED_EDGE('',*,*,#1871,.F.);
#1871 = EDGE_CURVE('',#431,#1864,#1872,.T.);
#1872 = LINE('',#1873,#1874);
#1873 = CARTESIAN_POINT('',(19.,11.5,10.5));
#1874 = VECTOR('',#1875,1.);
#1875 = DIRECTION('',(0.,-1.,-2.2E-16));
#1876 = PLANE('',#1877);
#1877 = AXIS2_PLACEMENT_3D('',#1878,#1879,#1880);
#1878 = CARTESIAN_POINT('',(44.,11.5,10.5));
#1879 = DIRECTION('',(0.,2.2E-16,-1.));
#1880 = DIRECTION('',(-1.,0.,0.));
#1881 = ADVANCED_FACE('',(#1882),#2018,.F.);
#1882 = FACE_BOUND('',#1883,.F.);
#1883 = EDGE_LOOP('',(#1884,#1885,#1893,#1901,#1910,#1919,#1928,#1936,
    #1944,#1952,#1960,#1968,#1977,#1986,#1995,#2004,#2012));
#1884 = ORIENTED_EDGE('',*,*,#334,.F.);
#1885 = ORIENTED_EDGE('',*,*,#1886,.T.);
#1886 = EDGE_CURVE('',#335,#1887,#1889,.T.);
#1887 = VERTEX_POINT('',#1888);
#1888 = CARTESIAN_POINT('',(-44.,4.5,44.));
#1889 = LINE('',#1890,#1891);
#1890 = CARTESIAN_POINT('',(-44.,11.5,44.));
#1891 = VECTOR('',#1892,1.);
#1892 = DIRECTION('',(0.,-1.,4.4E-16));
#1893 = ORIENTED_EDGE('',*,*,#1894,.T.);
#1894 = EDGE_CURVE('',#1887,#1895,#1897,.T.);
#1895 = VERTEX_POINT('',#1896);
#1896 = CARTESIAN_POINT('',(-44.,4.5,29.579106033635));
#1897 = LINE('',#1898,#1899);
#1898 = CARTESIAN_POINT('',(-44.,4.5,45.));
#1899 = VECTOR('',#1900,1.);
#1900 = DIRECTION('',(2.2E-16,0.,-1.));
#1901 = ORIENTED_EDGE('',*,*,#1902,.F.);
#1902 = EDGE_CURVE('',#1903,#1895,#1905,.T.);
#1903 = VERTEX_POINT('',#1904);
#1904 = CARTESIAN_POINT('',(-44.,3.5,22.023820929586));
#1905 = CIRCLE('',#1906,4.1);
#1906 = AXIS2_PLACEMENT_3D('',#1907,#1908,#1909);
#1907 = CARTESIAN_POINT('',(-44.,2.5,26.));
#1908 = DIRECTION('',(1.,0.,-2.2E-16));
#1909 = DIRECTION('',(2.2E-16,0.,1.));
#1910 = ORIENTED_EDGE('',*,*,#1911,.F.);
#1911 = EDGE_CURVE('',#1912,#1903,#1914,.T.);
#1912 = VERTEX_POINT('',#1913);
#1913 = CARTESIAN_POINT('',(-44.,1.5,22.023820929586));
#1914 = CIRCLE('',#1915,4.1);
#1915 = AXIS2_PLACEMENT_3D('',#1916,#1917,#1918);
#1916 = CARTESIAN_POINT('',(-44.,2.5,26.));
#1917 = DIRECTION('',(1.,0.,-2.2E-16));
#1918 = DIRECTION('',(2.2E-16,0.,1.));
#1919 = ORIENTED_EDGE('',*,*,#1920,.F.);
#1920 = EDGE_CURVE('',#1921,#1912,#1923,.T.);
#1921 = VERTEX_POINT('',#1922);
#1922 = CARTESIAN_POINT('',(-44.,0.5,29.579106033635));
#1923 = CIRCLE('',#1924,4.1);
#1924 = AXIS2_PLACEMENT_3D('',#1925,#1926,#1927);
#1925 = CARTESIAN_POINT('',(-44.,2.5,26.));
#1926 = DIRECTION('',(1.,0.,-2.2E-16));
#1927 = DIRECTION('',(2.2E-16,0.,1.));
#1928 = ORIENTED_EDGE('',*,*,#1929,.T.);
#1929 = EDGE_CURVE('',#1921,#1930,#1932,.T.);
#1930 = VERTEX_POINT('',#1931);
#1931 = CARTESIAN_POINT('',(-44.,0.5,44.));
#1932 = LINE('',#1933,#1934);
#1933 = CARTESIAN_POINT('',(-44.,0.5,29.976179070414));
#1934 = VECTOR('',#1935,1.);
#1935 = DIRECTION('',(-2.2E-16,0.,1.));
#1936 = ORIENTED_EDGE('',*,*,#1937,.T.);
#1937 = EDGE_CURVE('',#1930,#1938,#1940,.T.);
#1938 = VERTEX_POINT('',#1939);
#1939 = CARTESIAN_POINT('',(-44.,-10.5,44.));
#1940 = LINE('',#1941,#1942);
#1941 = CARTESIAN_POINT('',(-44.,1.5,44.));
#1942 = VECTOR('',#1943,1.);
#1943 = DIRECTION('',(0.,-1.,4.4E-16));
#1944 = ORIENTED_EDGE('',*,*,#1945,.T.);
#1945 = EDGE_CURVE('',#1938,#1946,#1948,.T.);
#1946 = VERTEX_POINT('',#1947);
#1947 = CARTESIAN_POINT('',(-44.,-10.5,-44.));
#1948 = LINE('',#1949,#1950);
#1949 = CARTESIAN_POINT('',(-44.,-10.5,45.));
#1950 = VECTOR('',#1951,1.);
#1951 = DIRECTION('',(0.,0.,-1.));
#1952 = ORIENTED_EDGE('',*,*,#1953,.F.);
#1953 = EDGE_CURVE('',#1954,#1946,#1956,.T.);
#1954 = VERTEX_POINT('',#1955);
#1955 = CARTESIAN_POINT('',(-44.,0.5,-44.));
#1956 = LINE('',#1957,#1958);
#1957 = CARTESIAN_POINT('',(-44.,1.5,-44.));
#1958 = VECTOR('',#1959,1.);
#1959 = DIRECTION('',(0.,-1.,4.4E-16));
#1960 = ORIENTED_EDGE('',*,*,#1961,.T.);
#1961 = EDGE_CURVE('',#1954,#1962,#1964,.T.);
#1962 = VERTEX_POINT('',#1963);
#1963 = CARTESIAN_POINT('',(-44.,0.5,-29.57910603363));
#1964 = LINE('',#1965,#1966);
#1965 = CARTESIAN_POINT('',(-44.,0.5,-45.));
#1966 = VECTOR('',#1967,1.);
#1967 = DIRECTION('',(-2.2E-16,0.,1.));
#1968 = ORIENTED_EDGE('',*,*,#1969,.F.);
#1969 = EDGE_CURVE('',#1970,#1962,#1972,.T.);
#1970 = VERTEX_POINT('',#1971);
#1971 = CARTESIAN_POINT('',(-44.,1.5,-22.02382092958));
#1972 = CIRCLE('',#1973,4.1);
#1973 = AXIS2_PLACEMENT_3D('',#1974,#1975,#1976);
#1974 = CARTESIAN_POINT('',(-44.,2.5,-26.));
#1975 = DIRECTION('',(1.,0.,-2.2E-16));
#1976 = DIRECTION('',(2.2E-16,0.,1.));
#1977 = ORIENTED_EDGE('',*,*,#1978,.F.);
#1978 = EDGE_CURVE('',#1979,#1970,#1981,.T.);
#1979 = VERTEX_POINT('',#1980);
#1980 = CARTESIAN_POINT('',(-44.,2.5,-21.9));
#1981 = CIRCLE('',#1982,4.1);
#1982 = AXIS2_PLACEMENT_3D('',#1983,#1984,#1985);
#1983 = CARTESIAN_POINT('',(-44.,2.5,-26.));
#1984 = DIRECTION('',(1.,0.,-2.2E-16));
#1985 = DIRECTION('',(2.2E-16,0.,1.));
#1986 = ORIENTED_EDGE('',*,*,#1987,.F.);
#1987 = EDGE_CURVE('',#1988,#1979,#1990,.T.);
#1988 = VERTEX_POINT('',#1989);
#1989 = CARTESIAN_POINT('',(-44.,3.5,-22.02382092958));
#1990 = CIRCLE('',#1991,4.1);
#1991 = AXIS2_PLACEMENT_3D('',#1992,#1993,#1994);
#1992 = CARTESIAN_POINT('',(-44.,2.5,-26.));
#1993 = DIRECTION('',(1.,0.,-2.2E-16));
#1994 = DIRECTION('',(2.2E-16,0.,1.));
#1995 = ORIENTED_EDGE('',*,*,#1996,.F.);
#1996 = EDGE_CURVE('',#1997,#1988,#1999,.T.);
#1997 = VERTEX_POINT('',#1998);
#1998 = CARTESIAN_POINT('',(-44.,4.5,-29.57910603363));
#1999 = CIRCLE('',#2000,4.1);
#2000 = AXIS2_PLACEMENT_3D('',#2001,#2002,#2003);
#2001 = CARTESIAN_POINT('',(-44.,2.5,-26.));
#2002 = DIRECTION('',(1.,0.,-2.2E-16));
#2003 = DIRECTION('',(2.2E-16,0.,1.));
#2004 = ORIENTED_EDGE('',*,*,#2005,.T.);
#2005 = EDGE_CURVE('',#1997,#2006,#2008,.T.);
#2006 = VERTEX_POINT('',#2007);
#2007 = CARTESIAN_POINT('',(-44.,4.5,-44.));
#2008 = LINE('',#2009,#2010);
#2009 = CARTESIAN_POINT('',(-44.,4.5,-29.97617907041));
#2010 = VECTOR('',#2011,1.);
#2011 = DIRECTION('',(2.2E-16,0.,-1.));
#2012 = ORIENTED_EDGE('',*,*,#2013,.F.);
#2013 = EDGE_CURVE('',#327,#2006,#2014,.T.);
#2014 = LINE('',#2015,#2016);
#2015 = CARTESIAN_POINT('',(-44.,11.5,-44.));
#2016 = VECTOR('',#2017,1.);
#2017 = DIRECTION('',(0.,-1.,4.4E-16));
#2018 = PLANE('',#2019);
#2019 = AXIS2_PLACEMENT_3D('',#2020,#2021,#2022);
#2020 = CARTESIAN_POINT('',(-44.,11.5,45.));
#2021 = DIRECTION('',(1.,0.,0.));
#2022 = DIRECTION('',(0.,-2.2E-16,-1.));
#2023 = ADVANCED_FACE('',(#2024),#2042,.T.);
#2024 = FACE_BOUND('',#2025,.T.);
#2025 = EDGE_LOOP('',(#2026,#2034,#2040,#2041));
#2026 = ORIENTED_EDGE('',*,*,#2027,.T.);
#2027 = EDGE_CURVE('',#447,#2028,#2030,.T.);
#2028 = VERTEX_POINT('',#2029);
#2029 = CARTESIAN_POINT('',(12.,10.,15.5));
#2030 = LINE('',#2031,#2032);
#2031 = CARTESIAN_POINT('',(12.,11.5,15.5));
#2032 = VECTOR('',#2033,1.);
#2033 = DIRECTION('',(0.,-1.,-2.2E-16));
#2034 = ORIENTED_EDGE('',*,*,#2035,.T.);
#2035 = EDGE_CURVE('',#2028,#1856,#2036,.T.);
#2036 = LINE('',#2037,#2038);
#2037 = CARTESIAN_POINT('',(12.,10.,15.5));
#2038 = VECTOR('',#2039,1.);
#2039 = DIRECTION('',(0.,2.2E-16,-1.));
#2040 = ORIENTED_EDGE('',*,*,#1855,.F.);
#2041 = ORIENTED_EDGE('',*,*,#455,.F.);
#2042 = PLANE('',#2043);
#2043 = AXIS2_PLACEMENT_3D('',#2044,#2045,#2046);
#2044 = CARTESIAN_POINT('',(12.,11.5,15.5));
#2045 = DIRECTION('',(1.,0.,0.));
#2046 = DIRECTION('',(0.,2.2E-16,-1.));
#2047 = ADVANCED_FACE('',(#2048),#2066,.T.);
#2048 = FACE_BOUND('',#2049,.T.);
#2049 = EDGE_LOOP('',(#2050,#2051,#2052,#2060));
#2050 = ORIENTED_EDGE('',*,*,#342,.F.);
#2051 = ORIENTED_EDGE('',*,*,#1886,.T.);
#2052 = ORIENTED_EDGE('',*,*,#2053,.T.);
#2053 = EDGE_CURVE('',#1887,#2054,#2056,.T.);
#2054 = VERTEX_POINT('',#2055);
#2055 = CARTESIAN_POINT('',(-43.,4.5,45.));
#2056 = LINE('',#2057,#2058);
#2057 = CARTESIAN_POINT('',(-43.5,4.5,44.5));
#2058 = VECTOR('',#2059,1.);
#2059 = DIRECTION('',(0.707106781187,-1.6E-16,0.707106781187));
#2060 = ORIENTED_EDGE('',*,*,#2061,.F.);
#2061 = EDGE_CURVE('',#343,#2054,#2062,.T.);
#2062 = LINE('',#2063,#2064);
#2063 = CARTESIAN_POINT('',(-43.,11.5,45.));
#2064 = VECTOR('',#2065,1.);
#2065 = DIRECTION('',(0.,-1.,4.4E-16));
#2066 = PLANE('',#2067);
#2067 = AXIS2_PLACEMENT_3D('',#2068,#2069,#2070);
#2068 = CARTESIAN_POINT('',(-43.5,11.5,44.5));
#2069 = DIRECTION('',(-0.707106781187,3.5E-16,0.707106781187));
#2070 = DIRECTION('',(-2.748737341529E-17,-1.,4.674873734153E-16));
#2071 = ADVANCED_FACE('',(#2072),#2091,.F.);
#2072 = FACE_BOUND('',#2073,.F.);
#2073 = EDGE_LOOP('',(#2074,#2075,#2084,#2090));
#2074 = ORIENTED_EDGE('',*,*,#2027,.T.);
#2075 = ORIENTED_EDGE('',*,*,#2076,.T.);
#2076 = EDGE_CURVE('',#2028,#2077,#2079,.T.);
#2077 = VERTEX_POINT('',#2078);
#2078 = CARTESIAN_POINT('',(19.,10.,15.5));
#2079 = CIRCLE('',#2080,3.5);
#2080 = AXIS2_PLACEMENT_3D('',#2081,#2082,#2083);
#2081 = CARTESIAN_POINT('',(15.5,10.,15.5));
#2082 = DIRECTION('',(-0.,1.,2.2E-16));
#2083 = DIRECTION('',(1.,0.,0.));
#2084 = ORIENTED_EDGE('',*,*,#2085,.F.);
#2085 = EDGE_CURVE('',#439,#2077,#2086,.T.);
#2086 = LINE('',#2087,#2088);
#2087 = CARTESIAN_POINT('',(19.,11.5,15.5));
#2088 = VECTOR('',#2089,1.);
#2089 = DIRECTION('',(0.,-1.,-2.2E-16));
#2090 = ORIENTED_EDGE('',*,*,#446,.F.);
#2091 = CYLINDRICAL_SURFACE('',#2092,3.5);
#2092 = AXIS2_PLACEMENT_3D('',#2093,#2094,#2095);
#2093 = CARTESIAN_POINT('',(15.5,11.5,15.5));
#2094 = DIRECTION('',(0.,1.,2.2E-16));
#2095 = DIRECTION('',(1.,0.,0.));
#2096 = ADVANCED_FACE('',(#2097),#2115,.F.);
#2097 = FACE_BOUND('',#2098,.F.);
#2098 = EDGE_LOOP('',(#2099,#2100,#2108,#2114));
#2099 = ORIENTED_EDGE('',*,*,#350,.F.);
#2100 = ORIENTED_EDGE('',*,*,#2101,.F.);
#2101 = EDGE_CURVE('',#2102,#351,#2104,.T.);
#2102 = VERTEX_POINT('',#2103);
#2103 = CARTESIAN_POINT('',(-30.,4.5,45.));
#2104 = LINE('',#2105,#2106);
#2105 = CARTESIAN_POINT('',(-30.,3.5,45.));
#2106 = VECTOR('',#2107,1.);
#2107 = DIRECTION('',(0.,1.,-2.2E-16));
#2108 = ORIENTED_EDGE('',*,*,#2109,.F.);
#2109 = EDGE_CURVE('',#2054,#2102,#2110,.T.);
#2110 = LINE('',#2111,#2112);
#2111 = CARTESIAN_POINT('',(-44.,4.5,45.));
#2112 = VECTOR('',#2113,1.);
#2113 = DIRECTION('',(1.,0.,2.2E-16));
#2114 = ORIENTED_EDGE('',*,*,#2061,.F.);
#2115 = PLANE('',#2116);
#2116 = AXIS2_PLACEMENT_3D('',#2117,#2118,#2119);
#2117 = CARTESIAN_POINT('',(44.,11.5,45.));
#2118 = DIRECTION('',(0.,-2.2E-16,-1.));
#2119 = DIRECTION('',(-1.,0.,0.));
#2120 = ADVANCED_FACE('',(#2121),#2132,.T.);
#2121 = FACE_BOUND('',#2122,.T.);
#2122 = EDGE_LOOP('',(#2123,#2124,#2130,#2131));
#2123 = ORIENTED_EDGE('',*,*,#1871,.T.);
#2124 = ORIENTED_EDGE('',*,*,#2125,.T.);
#2125 = EDGE_CURVE('',#1864,#2077,#2126,.T.);
#2126 = LINE('',#2127,#2128);
#2127 = CARTESIAN_POINT('',(19.,10.,10.5));
#2128 = VECTOR('',#2129,1.);
#2129 = DIRECTION('',(0.,-2.2E-16,1.));
#2130 = ORIENTED_EDGE('',*,*,#2085,.F.);
#2131 = ORIENTED_EDGE('',*,*,#438,.F.);
#2132 = PLANE('',#2133);
#2133 = AXIS2_PLACEMENT_3D('',#2134,#2135,#2136);
#2134 = CARTESIAN_POINT('',(19.,11.5,10.5));
#2135 = DIRECTION('',(-1.,0.,0.));
#2136 = DIRECTION('',(0.,-2.2E-16,1.));
#2137 = ADVANCED_FACE('',(#2138),#2156,.T.);
#2138 = FACE_BOUND('',#2139,.F.);
#2139 = EDGE_LOOP('',(#2140,#2141,#2142,#2150));
#2140 = ORIENTED_EDGE('',*,*,#2101,.T.);
#2141 = ORIENTED_EDGE('',*,*,#358,.T.);
#2142 = ORIENTED_EDGE('',*,*,#2143,.F.);
#2143 = EDGE_CURVE('',#2144,#359,#2146,.T.);
#2144 = VERTEX_POINT('',#2145);
#2145 = CARTESIAN_POINT('',(-29.,4.5,44.));
#2146 = LINE('',#2147,#2148);
#2147 = CARTESIAN_POINT('',(-29.,3.5,44.));
#2148 = VECTOR('',#2149,1.);
#2149 = DIRECTION('',(0.,1.,-2.2E-16));
#2150 = ORIENTED_EDGE('',*,*,#2151,.F.);
#2151 = EDGE_CURVE('',#2102,#2144,#2152,.T.);
#2152 = LINE('',#2153,#2154);
#2153 = CARTESIAN_POINT('',(-29.5,4.5,44.5));
#2154 = VECTOR('',#2155,1.);
#2155 = DIRECTION('',(0.707106781187,-3.2E-16,-0.707106781187));
#2156 = PLANE('',#2157);
#2157 = AXIS2_PLACEMENT_3D('',#2158,#2159,#2160);
#2158 = CARTESIAN_POINT('',(-29.5,3.5,44.5));
#2159 = DIRECTION('',(0.707106781187,3.5E-16,0.707106781187));
#2160 = DIRECTION('',(1.324873734153E-16,-1.,3.624873734153E-16));
#2161 = ADVANCED_FACE('',(#2162),#2231,.F.);
#2162 = FACE_BOUND('',#2163,.F.);
#2163 = EDGE_LOOP('',(#2164,#2172,#2180,#2188,#2196,#2205,#2214,#2223,
    #2229,#2230));
#2164 = ORIENTED_EDGE('',*,*,#2165,.F.);
#2165 = EDGE_CURVE('',#2166,#367,#2168,.T.);
#2166 = VERTEX_POINT('',#2167);
#2167 = CARTESIAN_POINT('',(-29.,-10.5,16.95));
#2168 = LINE('',#2169,#2170);
#2169 = CARTESIAN_POINT('',(-29.,-11.5,16.95));
#2170 = VECTOR('',#2171,1.);
#2171 = DIRECTION('',(0.,1.,-2.2E-16));
#2172 = ORIENTED_EDGE('',*,*,#2173,.F.);
#2173 = EDGE_CURVE('',#2174,#2166,#2176,.T.);
#2174 = VERTEX_POINT('',#2175);
#2175 = CARTESIAN_POINT('',(-29.,-10.5,44.));
#2176 = LINE('',#2177,#2178);
#2177 = CARTESIAN_POINT('',(-29.,-10.5,45.));
#2178 = VECTOR('',#2179,1.);
#2179 = DIRECTION('',(0.,-2.2E-16,-1.));
#2180 = ORIENTED_EDGE('',*,*,#2181,.T.);
#2181 = EDGE_CURVE('',#2174,#2182,#2184,.T.);
#2182 = VERTEX_POINT('',#2183);
#2183 = CARTESIAN_POINT('',(-29.,0.5,44.));
#2184 = LINE('',#2185,#2186);
#2185 = CARTESIAN_POINT('',(-29.,-11.5,44.));
#2186 = VECTOR('',#2187,1.);
#2187 = DIRECTION('',(0.,1.,-2.2E-16));
#2188 = ORIENTED_EDGE('',*,*,#2189,.F.);
#2189 = EDGE_CURVE('',#2190,#2182,#2192,.T.);
#2190 = VERTEX_POINT('',#2191);
#2191 = CARTESIAN_POINT('',(-29.,0.5,29.579106033635));
#2192 = LINE('',#2193,#2194);
#2193 = CARTESIAN_POINT('',(-29.,0.5,29.976179070414));
#2194 = VECTOR('',#2195,1.);
#2195 = DIRECTION('',(-2.2E-16,0.,1.));
#2196 = ORIENTED_EDGE('',*,*,#2197,.T.);
#2197 = EDGE_CURVE('',#2190,#2198,#2200,.T.);
#2198 = VERTEX_POINT('',#2199);
#2199 = CARTESIAN_POINT('',(-29.,1.5,22.023820929586));
#2200 = CIRCLE('',#2201,4.1);
#2201 = AXIS2_PLACEMENT_3D('',#2202,#2203,#2204);
#2202 = CARTESIAN_POINT('',(-29.,2.5,26.));
#2203 = DIRECTION('',(1.,0.,-2.2E-16));
#2204 = DIRECTION('',(2.2E-16,0.,1.));
#2205 = ORIENTED_EDGE('',*,*,#2206,.T.);
#2206 = EDGE_CURVE('',#2198,#2207,#2209,.T.);
#2207 = VERTEX_POINT('',#2208);
#2208 = CARTESIAN_POINT('',(-29.,3.5,22.023820929586));
#2209 = CIRCLE('',#2210,4.1);
#2210 = AXIS2_PLACEMENT_3D('',#2211,#2212,#2213);
#2211 = CARTESIAN_POINT('',(-29.,2.5,26.));
#2212 = DIRECTION('',(1.,0.,-2.2E-16));
#2213 = DIRECTION('',(2.2E-16,0.,1.));
#2214 = ORIENTED_EDGE('',*,*,#2215,.T.);
#2215 = EDGE_CURVE('',#2207,#2216,#2218,.T.);
#2216 = VERTEX_POINT('',#2217);
#2217 = CARTESIAN_POINT('',(-29.,4.5,29.579106033635));
#2218 = CIRCLE('',#2219,4.1);
#2219 = AXIS2_PLACEMENT_3D('',#2220,#2221,#2222);
#2220 = CARTESIAN_POINT('',(-29.,2.5,26.));
#2221 = DIRECTION('',(1.,0.,-2.2E-16));
#2222 = DIRECTION('',(2.2E-16,0.,1.));
#2223 = ORIENTED_EDGE('',*,*,#2224,.F.);
#2224 = EDGE_CURVE('',#2144,#2216,#2225,.T.);
#2225 = LINE('',#2226,#2227);
#2226 = CARTESIAN_POINT('',(-29.,4.5,45.));
#2227 = VECTOR('',#2228,1.);
#2228 = DIRECTION('',(2.2E-16,0.,-1.));
#2229 = ORIENTED_EDGE('',*,*,#2143,.T.);
#2230 = ORIENTED_EDGE('',*,*,#366,.F.);
#2231 = PLANE('',#2232);
#2232 = AXIS2_PLACEMENT_3D('',#2233,#2234,#2235);
#2233 = CARTESIAN_POINT('',(-29.,-11.5,45.));
#2234 = DIRECTION('',(-1.,0.,0.));
#2235 = DIRECTION('',(0.,-2.2E-16,-1.));
#2236 = ADVANCED_FACE('',(#2237),#2248,.F.);
#2237 = FACE_BOUND('',#2238,.T.);
#2238 = EDGE_LOOP('',(#2239,#2240,#2241,#2247));
#2239 = ORIENTED_EDGE('',*,*,#422,.F.);
#2240 = ORIENTED_EDGE('',*,*,#1517,.T.);
#2241 = ORIENTED_EDGE('',*,*,#2242,.T.);
#2242 = EDGE_CURVE('',#1518,#993,#2243,.T.);
#2243 = LINE('',#2244,#2245);
#2244 = CARTESIAN_POINT('',(37.333333333333,2.166666666667,
    4.833333333333));
#2245 = VECTOR('',#2246,1.);
#2246 = DIRECTION('',(-0.57735026919,0.57735026919,-0.57735026919));
#2247 = ORIENTED_EDGE('',*,*,#1846,.F.);
#2248 = PLANE('',#2249);
#2249 = AXIS2_PLACEMENT_3D('',#2250,#2251,#2252);
#2250 = CARTESIAN_POINT('',(43.5,11.5,11.));
#2251 = DIRECTION('',(-0.707106781187,-1.6E-16,0.707106781187));
#2252 = DIRECTION('',(-3.137084989848E-18,1.,2.231370849898E-16));
#2253 = ADVANCED_FACE('',(#2254),#2272,.F.);
#2254 = FACE_BOUND('',#2255,.F.);
#2255 = EDGE_LOOP('',(#2256,#2264,#2270,#2271));
#2256 = ORIENTED_EDGE('',*,*,#2257,.F.);
#2257 = EDGE_CURVE('',#2258,#375,#2260,.T.);
#2258 = VERTEX_POINT('',#2259);
#2259 = CARTESIAN_POINT('',(-27.,-10.5,16.95));
#2260 = LINE('',#2261,#2262);
#2261 = CARTESIAN_POINT('',(-27.,-11.5,16.95));
#2262 = VECTOR('',#2263,1.);
#2263 = DIRECTION('',(0.,1.,-2.2E-16));
#2264 = ORIENTED_EDGE('',*,*,#2265,.F.);
#2265 = EDGE_CURVE('',#2166,#2258,#2266,.T.);
#2266 = LINE('',#2267,#2268);
#2267 = CARTESIAN_POINT('',(-29.,-10.5,16.95));
#2268 = VECTOR('',#2269,1.);
#2269 = DIRECTION('',(1.,0.,0.));
#2270 = ORIENTED_EDGE('',*,*,#2165,.T.);
#2271 = ORIENTED_EDGE('',*,*,#374,.F.);
#2272 = PLANE('',#2273);
#2273 = AXIS2_PLACEMENT_3D('',#2274,#2275,#2276);
#2274 = CARTESIAN_POINT('',(-29.,-11.5,16.95));
#2275 = DIRECTION('',(0.,-2.2E-16,-1.));
#2276 = DIRECTION('',(1.,0.,0.));
#2277 = ADVANCED_FACE('',(#2278,#2296),#2307,.F.);
#2278 = FACE_BOUND('',#2279,.F.);
#2279 = EDGE_LOOP('',(#2280,#2281,#2289,#2295));
#2280 = ORIENTED_EDGE('',*,*,#382,.F.);
#2281 = ORIENTED_EDGE('',*,*,#2282,.F.);
#2282 = EDGE_CURVE('',#2283,#383,#2285,.T.);
#2283 = VERTEX_POINT('',#2284);
#2284 = CARTESIAN_POINT('',(-27.,-10.5,44.));
#2285 = LINE('',#2286,#2287);
#2286 = CARTESIAN_POINT('',(-27.,-11.5,44.));
#2287 = VECTOR('',#2288,1.);
#2288 = DIRECTION('',(0.,1.,-2.2E-16));
#2289 = ORIENTED_EDGE('',*,*,#2290,.F.);
#2290 = EDGE_CURVE('',#2258,#2283,#2291,.T.);
#2291 = LINE('',#2292,#2293);
#2292 = CARTESIAN_POINT('',(-27.,-10.5,16.95));
#2293 = VECTOR('',#2294,1.);
#2294 = DIRECTION('',(0.,2.2E-16,1.));
#2295 = ORIENTED_EDGE('',*,*,#2257,.T.);
#2296 = FACE_BOUND('',#2297,.F.);
#2297 = EDGE_LOOP('',(#2298));
#2298 = ORIENTED_EDGE('',*,*,#2299,.F.);
#2299 = EDGE_CURVE('',#2300,#2300,#2302,.T.);
#2300 = VERTEX_POINT('',#2301);
#2301 = CARTESIAN_POINT('',(-27.,2.5,30.1));
#2302 = CIRCLE('',#2303,4.1);
#2303 = AXIS2_PLACEMENT_3D('',#2304,#2305,#2306);
#2304 = CARTESIAN_POINT('',(-27.,2.5,26.));
#2305 = DIRECTION('',(1.,0.,-2.2E-16));
#2306 = DIRECTION('',(2.2E-16,0.,1.));
#2307 = PLANE('',#2308);
#2308 = AXIS2_PLACEMENT_3D('',#2309,#2310,#2311);
#2309 = CARTESIAN_POINT('',(-27.,-11.5,16.95));
#2310 = DIRECTION('',(1.,0.,0.));
#2311 = DIRECTION('',(0.,2.2E-16,1.));
#2312 = ADVANCED_FACE('',(#2313),#2331,.F.);
#2313 = FACE_BOUND('',#2314,.F.);
#2314 = EDGE_LOOP('',(#2315,#2316,#2317,#2325));
#2315 = ORIENTED_EDGE('',*,*,#406,.F.);
#2316 = ORIENTED_EDGE('',*,*,#1510,.T.);
#2317 = ORIENTED_EDGE('',*,*,#2318,.F.);
#2318 = EDGE_CURVE('',#2319,#1503,#2321,.T.);
#2319 = VERTEX_POINT('',#2320);
#2320 = CARTESIAN_POINT('',(43.,-10.5,45.));
#2321 = LINE('',#2322,#2323);
#2322 = CARTESIAN_POINT('',(43.5,-10.5,44.5));
#2323 = VECTOR('',#2324,1.);
#2324 = DIRECTION('',(0.707106781187,-3.59E-15,-0.707106781187));
#2325 = ORIENTED_EDGE('',*,*,#2326,.F.);
#2326 = EDGE_CURVE('',#399,#2319,#2327,.T.);
#2327 = LINE('',#2328,#2329);
#2328 = CARTESIAN_POINT('',(43.,11.5,45.));
#2329 = VECTOR('',#2330,1.);
#2330 = DIRECTION('',(0.,-1.,4.4E-16));
#2331 = PLANE('',#2332);
#2332 = AXIS2_PLACEMENT_3D('',#2333,#2334,#2335);
#2333 = CARTESIAN_POINT('',(43.5,11.5,44.5));
#2334 = DIRECTION('',(-0.707106781187,-3.5E-16,-0.707106781187));
#2335 = DIRECTION('',(2.748737341529E-17,-1.,4.674873734153E-16));
#2336 = ADVANCED_FACE('',(#2337),#2355,.F.);
#2337 = FACE_BOUND('',#2338,.F.);
#2338 = EDGE_LOOP('',(#2339,#2347,#2348,#2349));
#2339 = ORIENTED_EDGE('',*,*,#2340,.F.);
#2340 = EDGE_CURVE('',#2283,#2341,#2343,.T.);
#2341 = VERTEX_POINT('',#2342);
#2342 = CARTESIAN_POINT('',(-26.,-10.5,45.));
#2343 = LINE('',#2344,#2345);
#2344 = CARTESIAN_POINT('',(-26.75,-10.5,44.25));
#2345 = VECTOR('',#2346,1.);
#2346 = DIRECTION('',(0.707106781187,-1.6E-16,0.707106781187));
#2347 = ORIENTED_EDGE('',*,*,#2282,.T.);
#2348 = ORIENTED_EDGE('',*,*,#390,.T.);
#2349 = ORIENTED_EDGE('',*,*,#2350,.F.);
#2350 = EDGE_CURVE('',#2341,#391,#2351,.T.);
#2351 = LINE('',#2352,#2353);
#2352 = CARTESIAN_POINT('',(-26.,-11.5,45.));
#2353 = VECTOR('',#2354,1.);
#2354 = DIRECTION('',(0.,1.,-2.2E-16));
#2355 = PLANE('',#2356);
#2356 = AXIS2_PLACEMENT_3D('',#2357,#2358,#2359);
#2357 = CARTESIAN_POINT('',(-26.5,-11.5,44.5));
#2358 = DIRECTION('',(0.707106781187,-3.3E-16,-0.707106781187));
#2359 = DIRECTION('',(1.183452377916E-16,1.,-3.483452377916E-16));
#2360 = ADVANCED_FACE('',(#2361),#2395,.T.);
#2361 = FACE_BOUND('',#2362,.T.);
#2362 = EDGE_LOOP('',(#2363,#2364,#2365,#2373,#2379,#2380,#2388,#2394));
#2363 = ORIENTED_EDGE('',*,*,#398,.T.);
#2364 = ORIENTED_EDGE('',*,*,#2350,.F.);
#2365 = ORIENTED_EDGE('',*,*,#2366,.F.);
#2366 = EDGE_CURVE('',#2367,#2341,#2369,.T.);
#2367 = VERTEX_POINT('',#2368);
#2368 = CARTESIAN_POINT('',(-6.35,-10.5,45.));
#2369 = LINE('',#2370,#2371);
#2370 = CARTESIAN_POINT('',(44.,-10.5,45.));
#2371 = VECTOR('',#2372,1.);
#2372 = DIRECTION('',(-1.,0.,0.));
#2373 = ORIENTED_EDGE('',*,*,#2374,.F.);
#2374 = EDGE_CURVE('',#1123,#2367,#2375,.T.);
#2375 = LINE('',#2376,#2377);
#2376 = CARTESIAN_POINT('',(-6.35,-11.5,45.));
#2377 = VECTOR('',#2378,1.);
#2378 = DIRECTION('',(0.,1.,-2.2E-16));
#2379 = ORIENTED_EDGE('',*,*,#1122,.F.);
#2380 = ORIENTED_EDGE('',*,*,#2381,.T.);
#2381 = EDGE_CURVE('',#1115,#2382,#2384,.T.);
#2382 = VERTEX_POINT('',#2383);
#2383 = CARTESIAN_POINT('',(6.35,-10.5,45.));
#2384 = LINE('',#2385,#2386);
#2385 = CARTESIAN_POINT('',(6.35,-11.5,45.));
#2386 = VECTOR('',#2387,1.);
#2387 = DIRECTION('',(0.,1.,-2.2E-16));
#2388 = ORIENTED_EDGE('',*,*,#2389,.F.);
#2389 = EDGE_CURVE('',#2319,#2382,#2390,.T.);
#2390 = LINE('',#2391,#2392);
#2391 = CARTESIAN_POINT('',(44.,-10.5,45.));
#2392 = VECTOR('',#2393,1.);
#2393 = DIRECTION('',(-1.,0.,0.));
#2394 = ORIENTED_EDGE('',*,*,#2326,.F.);
#2395 = PLANE('',#2396);
#2396 = AXIS2_PLACEMENT_3D('',#2397,#2398,#2399);
#2397 = CARTESIAN_POINT('',(8.407608695652,0.30597826087,45.));
#2398 = DIRECTION('',(0.,6.8E-16,1.));
#2399 = DIRECTION('',(0.,-1.,6.8E-16));
#2400 = ADVANCED_FACE('',(#2401),#2426,.F.);
#2401 = FACE_BOUND('',#2402,.F.);
#2402 = EDGE_LOOP('',(#2403,#2411,#2419,#2425));
#2403 = ORIENTED_EDGE('',*,*,#2404,.T.);
#2404 = EDGE_CURVE('',#508,#2405,#2407,.T.);
#2405 = VERTEX_POINT('',#2406);
#2406 = CARTESIAN_POINT('',(39.25,8.5,40.25));
#2407 = LINE('',#2408,#2409);
#2408 = CARTESIAN_POINT('',(39.25,11.5,40.25));
#2409 = VECTOR('',#2410,1.);
#2410 = DIRECTION('',(0.,-1.,-2.2E-16));
#2411 = ORIENTED_EDGE('',*,*,#2412,.T.);
#2412 = EDGE_CURVE('',#2405,#2413,#2415,.T.);
#2413 = VERTEX_POINT('',#2414);
#2414 = CARTESIAN_POINT('',(39.25,8.5,34.75));
#2415 = LINE('',#2416,#2417);
#2416 = CARTESIAN_POINT('',(39.25,8.5,40.25));
#2417 = VECTOR('',#2418,1.);
#2418 = DIRECTION('',(0.,2.2E-16,-1.));
#2419 = ORIENTED_EDGE('',*,*,#2420,.F.);
#2420 = EDGE_CURVE('',#510,#2413,#2421,.T.);
#2421 = LINE('',#2422,#2423);
#2422 = CARTESIAN_POINT('',(39.25,11.5,34.75));
#2423 = VECTOR('',#2424,1.);
#2424 = DIRECTION('',(0.,-1.,-2.2E-16));
#2425 = ORIENTED_EDGE('',*,*,#507,.F.);
#2426 = PLANE('',#2427);
#2427 = AXIS2_PLACEMENT_3D('',#2428,#2429,#2430);
#2428 = CARTESIAN_POINT('',(39.25,11.5,40.25));
#2429 = DIRECTION('',(1.,0.,0.));
#2430 = DIRECTION('',(0.,2.2E-16,-1.));
#2431 = ADVANCED_FACE('',(#2432),#2450,.F.);
#2432 = FACE_BOUND('',#2433,.F.);
#2433 = EDGE_LOOP('',(#2434,#2435,#2443,#2449));
#2434 = ORIENTED_EDGE('',*,*,#2420,.T.);
#2435 = ORIENTED_EDGE('',*,*,#2436,.T.);
#2436 = EDGE_CURVE('',#2413,#2437,#2439,.T.);
#2437 = VERTEX_POINT('',#2438);
#2438 = CARTESIAN_POINT('',(33.75,8.5,34.75));
#2439 = LINE('',#2440,#2441);
#2440 = CARTESIAN_POINT('',(39.25,8.5,34.75));
#2441 = VECTOR('',#2442,1.);
#2442 = DIRECTION('',(-1.,0.,-0.));
#2443 = ORIENTED_EDGE('',*,*,#2444,.F.);
#2444 = EDGE_CURVE('',#526,#2437,#2445,.T.);
#2445 = LINE('',#2446,#2447);
#2446 = CARTESIAN_POINT('',(33.75,11.5,34.75));
#2447 = VECTOR('',#2448,1.);
#2448 = DIRECTION('',(0.,-1.,-2.2E-16));
#2449 = ORIENTED_EDGE('',*,*,#533,.F.);
#2450 = PLANE('',#2451);
#2451 = AXIS2_PLACEMENT_3D('',#2452,#2453,#2454);
#2452 = CARTESIAN_POINT('',(39.25,11.5,34.75));
#2453 = DIRECTION('',(0.,2.2E-16,-1.));
#2454 = DIRECTION('',(-1.,0.,0.));
#2455 = ADVANCED_FACE('',(#2456),#2474,.F.);
#2456 = FACE_BOUND('',#2457,.F.);
#2457 = EDGE_LOOP('',(#2458,#2459,#2467,#2473));
#2458 = ORIENTED_EDGE('',*,*,#2444,.T.);
#2459 = ORIENTED_EDGE('',*,*,#2460,.T.);
#2460 = EDGE_CURVE('',#2437,#2461,#2463,.T.);
#2461 = VERTEX_POINT('',#2462);
#2462 = CARTESIAN_POINT('',(33.75,8.5,40.25));
#2463 = LINE('',#2464,#2465);
#2464 = CARTESIAN_POINT('',(33.75,8.5,34.75));
#2465 = VECTOR('',#2466,1.);
#2466 = DIRECTION('',(0.,-2.2E-16,1.));
#2467 = ORIENTED_EDGE('',*,*,#2468,.F.);
#2468 = EDGE_CURVE('',#518,#2461,#2469,.T.);
#2469 = LINE('',#2470,#2471);
#2470 = CARTESIAN_POINT('',(33.75,11.5,40.25));
#2471 = VECTOR('',#2472,1.);
#2472 = DIRECTION('',(0.,-1.,-2.2E-16));
#2473 = ORIENTED_EDGE('',*,*,#525,.F.);
#2474 = PLANE('',#2475);
#2475 = AXIS2_PLACEMENT_3D('',#2476,#2477,#2478);
#2476 = CARTESIAN_POINT('',(33.75,11.5,34.75));
#2477 = DIRECTION('',(-1.,0.,0.));
#2478 = DIRECTION('',(0.,-2.2E-16,1.));
#2479 = ADVANCED_FACE('',(#2480),#2491,.F.);
#2480 = FACE_BOUND('',#2481,.F.);
#2481 = EDGE_LOOP('',(#2482,#2483,#2489,#2490));
#2482 = ORIENTED_EDGE('',*,*,#2468,.T.);
#2483 = ORIENTED_EDGE('',*,*,#2484,.T.);
#2484 = EDGE_CURVE('',#2461,#2405,#2485,.T.);
#2485 = LINE('',#2486,#2487);
#2486 = CARTESIAN_POINT('',(33.75,8.5,40.25));
#2487 = VECTOR('',#2488,1.);
#2488 = DIRECTION('',(1.,0.,0.));
#2489 = ORIENTED_EDGE('',*,*,#2404,.F.);
#2490 = ORIENTED_EDGE('',*,*,#517,.F.);
#2491 = PLANE('',#2492);
#2492 = AXIS2_PLACEMENT_3D('',#2493,#2494,#2495);
#2493 = CARTESIAN_POINT('',(33.75,11.5,40.25));
#2494 = DIRECTION('',(0.,-2.2E-16,1.));
#2495 = DIRECTION('',(1.,0.,0.));
#2496 = ADVANCED_FACE('',(#2497),#2516,.F.);
#2497 = FACE_BOUND('',#2498,.F.);
#2498 = EDGE_LOOP('',(#2499,#2508,#2514,#2515));
#2499 = ORIENTED_EDGE('',*,*,#2500,.F.);
#2500 = EDGE_CURVE('',#2501,#2501,#2503,.T.);
#2501 = VERTEX_POINT('',#2502);
#2502 = CARTESIAN_POINT('',(22.1,-10.5,37.5));
#2503 = CIRCLE('',#2504,2.6);
#2504 = AXIS2_PLACEMENT_3D('',#2505,#2506,#2507);
#2505 = CARTESIAN_POINT('',(19.5,-10.5,37.5));
#2506 = DIRECTION('',(0.,-1.,2.2E-16));
#2507 = DIRECTION('',(1.,0.,0.));
#2508 = ORIENTED_EDGE('',*,*,#2509,.T.);
#2509 = EDGE_CURVE('',#2501,#542,#2510,.T.);
#2510 = LINE('',#2511,#2512);
#2511 = CARTESIAN_POINT('',(22.1,-11.5,37.5));
#2512 = VECTOR('',#2513,1.);
#2513 = DIRECTION('',(0.,1.,-2.2E-16));
#2514 = ORIENTED_EDGE('',*,*,#541,.T.);
#2515 = ORIENTED_EDGE('',*,*,#2509,.F.);
#2516 = CYLINDRICAL_SURFACE('',#2517,2.6);
#2517 = AXIS2_PLACEMENT_3D('',#2518,#2519,#2520);
#2518 = CARTESIAN_POINT('',(19.5,-11.5,37.5));
#2519 = DIRECTION('',(0.,-1.,2.2E-16));
#2520 = DIRECTION('',(1.,0.,0.));
#2521 = ADVANCED_FACE('',(#2522),#2547,.F.);
#2522 = FACE_BOUND('',#2523,.F.);
#2523 = EDGE_LOOP('',(#2524,#2532,#2540,#2546));
#2524 = ORIENTED_EDGE('',*,*,#2525,.T.);
#2525 = EDGE_CURVE('',#553,#2526,#2528,.T.);
#2526 = VERTEX_POINT('',#2527);
#2527 = CARTESIAN_POINT('',(2.066431948161,1.,38.05));
#2528 = LINE('',#2529,#2530);
#2529 = CARTESIAN_POINT('',(2.066431948161,11.5,38.05));
#2530 = VECTOR('',#2531,1.);
#2531 = DIRECTION('',(0.,-1.,-2.2E-16));
#2532 = ORIENTED_EDGE('',*,*,#2533,.T.);
#2533 = EDGE_CURVE('',#2526,#2534,#2536,.T.);
#2534 = VERTEX_POINT('',#2535);
#2535 = CARTESIAN_POINT('',(0.882863896323,1.,40.1));
#2536 = LINE('',#2537,#2538);
#2537 = CARTESIAN_POINT('',(2.066431948161,1.,38.05));
#2538 = VECTOR('',#2539,1.);
#2539 = DIRECTION('',(-0.5,-1.9E-16,0.866025403784));
#2540 = ORIENTED_EDGE('',*,*,#2541,.F.);
#2541 = EDGE_CURVE('',#555,#2534,#2542,.T.);
#2542 = LINE('',#2543,#2544);
#2543 = CARTESIAN_POINT('',(0.882863896323,11.5,40.1));
#2544 = VECTOR('',#2545,1.);
#2545 = DIRECTION('',(0.,-1.,-2.2E-16));
#2546 = ORIENTED_EDGE('',*,*,#552,.F.);
#2547 = PLANE('',#2548);
#2548 = AXIS2_PLACEMENT_3D('',#2549,#2550,#2551);
#2549 = CARTESIAN_POINT('',(2.066431948161,11.5,38.05));
#2550 = DIRECTION('',(-0.866025403784,1.1E-16,-0.5));
#2551 = DIRECTION('',(-0.5,-1.9E-16,0.866025403784));
#2552 = ADVANCED_FACE('',(#2553),#2571,.F.);
#2553 = FACE_BOUND('',#2554,.F.);
#2554 = EDGE_LOOP('',(#2555,#2563,#2569,#2570));
#2555 = ORIENTED_EDGE('',*,*,#2556,.T.);
#2556 = EDGE_CURVE('',#563,#2557,#2559,.T.);
#2557 = VERTEX_POINT('',#2558);
#2558 = CARTESIAN_POINT('',(4.433568051839,1.,38.05));
#2559 = LINE('',#2560,#2561);
#2560 = CARTESIAN_POINT('',(4.433568051839,11.5,38.05));
#2561 = VECTOR('',#2562,1.);
#2562 = DIRECTION('',(0.,-1.,-2.2E-16));
#2563 = ORIENTED_EDGE('',*,*,#2564,.T.);
#2564 = EDGE_CURVE('',#2557,#2526,#2565,.T.);
#2565 = LINE('',#2566,#2567);
#2566 = CARTESIAN_POINT('',(4.433568051839,1.,38.05));
#2567 = VECTOR('',#2568,1.);
#2568 = DIRECTION('',(-1.,0.,-0.));
#2569 = ORIENTED_EDGE('',*,*,#2525,.F.);
#2570 = ORIENTED_EDGE('',*,*,#562,.F.);
#2571 = PLANE('',#2572);
#2572 = AXIS2_PLACEMENT_3D('',#2573,#2574,#2575);
#2573 = CARTESIAN_POINT('',(4.433568051839,11.5,38.05));
#2574 = DIRECTION('',(0.,2.2E-16,-1.));
#2575 = DIRECTION('',(-1.,0.,0.));
#2576 = ADVANCED_FACE('',(#2577),#2595,.F.);
#2577 = FACE_BOUND('',#2578,.F.);
#2578 = EDGE_LOOP('',(#2579,#2580,#2588,#2594));
#2579 = ORIENTED_EDGE('',*,*,#2541,.T.);
#2580 = ORIENTED_EDGE('',*,*,#2581,.T.);
#2581 = EDGE_CURVE('',#2534,#2582,#2584,.T.);
#2582 = VERTEX_POINT('',#2583);
#2583 = CARTESIAN_POINT('',(2.066431948161,1.,42.15));
#2584 = LINE('',#2585,#2586);
#2585 = CARTESIAN_POINT('',(0.882863896323,1.,40.1));
#2586 = VECTOR('',#2587,1.);
#2587 = DIRECTION('',(0.5,-1.9E-16,0.866025403784));
#2588 = ORIENTED_EDGE('',*,*,#2589,.F.);
#2589 = EDGE_CURVE('',#587,#2582,#2590,.T.);
#2590 = LINE('',#2591,#2592);
#2591 = CARTESIAN_POINT('',(2.066431948161,11.5,42.15));
#2592 = VECTOR('',#2593,1.);
#2593 = DIRECTION('',(0.,-1.,-2.2E-16));
#2594 = ORIENTED_EDGE('',*,*,#594,.F.);
#2595 = PLANE('',#2596);
#2596 = AXIS2_PLACEMENT_3D('',#2597,#2598,#2599);
#2597 = CARTESIAN_POINT('',(0.882863896323,11.5,40.1));
#2598 = DIRECTION('',(-0.866025403784,-1.1E-16,0.5));
#2599 = DIRECTION('',(0.5,-1.9E-16,0.866025403784));
#2600 = ADVANCED_FACE('',(#2601),#2619,.F.);
#2601 = FACE_BOUND('',#2602,.F.);
#2602 = EDGE_LOOP('',(#2603,#2611,#2617,#2618));
#2603 = ORIENTED_EDGE('',*,*,#2604,.T.);
#2604 = EDGE_CURVE('',#571,#2605,#2607,.T.);
#2605 = VERTEX_POINT('',#2606);
#2606 = CARTESIAN_POINT('',(5.617136103677,1.,40.1));
#2607 = LINE('',#2608,#2609);
#2608 = CARTESIAN_POINT('',(5.617136103677,11.5,40.1));
#2609 = VECTOR('',#2610,1.);
#2610 = DIRECTION('',(0.,-1.,-2.2E-16));
#2611 = ORIENTED_EDGE('',*,*,#2612,.T.);
#2612 = EDGE_CURVE('',#2605,#2557,#2613,.T.);
#2613 = LINE('',#2614,#2615);
#2614 = CARTESIAN_POINT('',(5.617136103677,1.,40.1));
#2615 = VECTOR('',#2616,1.);
#2616 = DIRECTION('',(-0.5,1.9E-16,-0.866025403784));
#2617 = ORIENTED_EDGE('',*,*,#2556,.F.);
#2618 = ORIENTED_EDGE('',*,*,#570,.F.);
#2619 = PLANE('',#2620);
#2620 = AXIS2_PLACEMENT_3D('',#2621,#2622,#2623);
#2621 = CARTESIAN_POINT('',(5.617136103677,11.5,40.1));
#2622 = DIRECTION('',(0.866025403784,1.1E-16,-0.5));
#2623 = DIRECTION('',(-0.5,1.9E-16,-0.866025403784));
#2624 = ADVANCED_FACE('',(#2625),#2643,.F.);
#2625 = FACE_BOUND('',#2626,.F.);
#2626 = EDGE_LOOP('',(#2627,#2628,#2636,#2642));
#2627 = ORIENTED_EDGE('',*,*,#2589,.T.);
#2628 = ORIENTED_EDGE('',*,*,#2629,.T.);
#2629 = EDGE_CURVE('',#2582,#2630,#2632,.T.);
#2630 = VERTEX_POINT('',#2631);
#2631 = CARTESIAN_POINT('',(4.433568051839,1.,42.15));
#2632 = LINE('',#2633,#2634);
#2633 = CARTESIAN_POINT('',(2.066431948161,1.,42.15));
#2634 = VECTOR('',#2635,1.);
#2635 = DIRECTION('',(1.,0.,0.));
#2636 = ORIENTED_EDGE('',*,*,#2637,.F.);
#2637 = EDGE_CURVE('',#579,#2630,#2638,.T.);
#2638 = LINE('',#2639,#2640);
#2639 = CARTESIAN_POINT('',(4.433568051839,11.5,42.15));
#2640 = VECTOR('',#2641,1.);
#2641 = DIRECTION('',(0.,-1.,-2.2E-16));
#2642 = ORIENTED_EDGE('',*,*,#586,.F.);
#2643 = PLANE('',#2644);
#2644 = AXIS2_PLACEMENT_3D('',#2645,#2646,#2647);
#2645 = CARTESIAN_POINT('',(2.066431948161,11.5,42.15));
#2646 = DIRECTION('',(0.,-2.2E-16,1.));
#2647 = DIRECTION('',(1.,0.,0.));
#2648 = ADVANCED_FACE('',(#2649),#2660,.F.);
#2649 = FACE_BOUND('',#2650,.F.);
#2650 = EDGE_LOOP('',(#2651,#2652,#2658,#2659));
#2651 = ORIENTED_EDGE('',*,*,#2637,.T.);
#2652 = ORIENTED_EDGE('',*,*,#2653,.T.);
#2653 = EDGE_CURVE('',#2630,#2605,#2654,.T.);
#2654 = LINE('',#2655,#2656);
#2655 = CARTESIAN_POINT('',(4.433568051839,1.,42.15));
#2656 = VECTOR('',#2657,1.);
#2657 = DIRECTION('',(0.5,1.9E-16,-0.866025403784));
#2658 = ORIENTED_EDGE('',*,*,#2604,.F.);
#2659 = ORIENTED_EDGE('',*,*,#578,.F.);
#2660 = PLANE('',#2661);
#2661 = AXIS2_PLACEMENT_3D('',#2662,#2663,#2664);
#2662 = CARTESIAN_POINT('',(4.433568051839,11.5,42.15));
#2663 = DIRECTION('',(0.866025403784,-1.1E-16,0.5));
#2664 = DIRECTION('',(0.5,1.9E-16,-0.866025403784));
#2665 = ADVANCED_FACE('',(#2666),#2691,.F.);
#2666 = FACE_BOUND('',#2667,.F.);
#2667 = EDGE_LOOP('',(#2668,#2676,#2684,#2690));
#2668 = ORIENTED_EDGE('',*,*,#2669,.T.);
#2669 = EDGE_CURVE('',#603,#2670,#2672,.T.);
#2670 = VERTEX_POINT('',#2671);
#2671 = CARTESIAN_POINT('',(39.25,8.5,-40.25));
#2672 = LINE('',#2673,#2674);
#2673 = CARTESIAN_POINT('',(39.25,11.5,-40.25));
#2674 = VECTOR('',#2675,1.);
#2675 = DIRECTION('',(0.,-1.,-2.2E-16));
#2676 = ORIENTED_EDGE('',*,*,#2677,.T.);
#2677 = EDGE_CURVE('',#2670,#2678,#2680,.T.);
#2678 = VERTEX_POINT('',#2679);
#2679 = CARTESIAN_POINT('',(33.75,8.5,-40.25));
#2680 = LINE('',#2681,#2682);
#2681 = CARTESIAN_POINT('',(39.25,8.5,-40.25));
#2682 = VECTOR('',#2683,1.);
#2683 = DIRECTION('',(-1.,0.,-0.));
#2684 = ORIENTED_EDGE('',*,*,#2685,.F.);
#2685 = EDGE_CURVE('',#605,#2678,#2686,.T.);
#2686 = LINE('',#2687,#2688);
#2687 = CARTESIAN_POINT('',(33.75,11.5,-40.25));
#2688 = VECTOR('',#2689,1.);
#2689 = DIRECTION('',(0.,-1.,-2.2E-16));
#2690 = ORIENTED_EDGE('',*,*,#602,.F.);
#2691 = PLANE('',#2692);
#2692 = AXIS2_PLACEMENT_3D('',#2693,#2694,#2695);
#2693 = CARTESIAN_POINT('',(39.25,11.5,-40.25));
#2694 = DIRECTION('',(0.,2.2E-16,-1.));
#2695 = DIRECTION('',(-1.,0.,0.));
#2696 = ADVANCED_FACE('',(#2697),#2715,.F.);
#2697 = FACE_BOUND('',#2698,.F.);
#2698 = EDGE_LOOP('',(#2699,#2700,#2708,#2714));
#2699 = ORIENTED_EDGE('',*,*,#2685,.T.);
#2700 = ORIENTED_EDGE('',*,*,#2701,.T.);
#2701 = EDGE_CURVE('',#2678,#2702,#2704,.T.);
#2702 = VERTEX_POINT('',#2703);
#2703 = CARTESIAN_POINT('',(33.75,8.5,-34.75));
#2704 = LINE('',#2705,#2706);
#2705 = CARTESIAN_POINT('',(33.75,8.5,-40.25));
#2706 = VECTOR('',#2707,1.);
#2707 = DIRECTION('',(0.,-2.2E-16,1.));
#2708 = ORIENTED_EDGE('',*,*,#2709,.F.);
#2709 = EDGE_CURVE('',#621,#2702,#2710,.T.);
#2710 = LINE('',#2711,#2712);
#2711 = CARTESIAN_POINT('',(33.75,11.5,-34.75));
#2712 = VECTOR('',#2713,1.);
#2713 = DIRECTION('',(0.,-1.,-2.2E-16));
#2714 = ORIENTED_EDGE('',*,*,#628,.F.);
#2715 = PLANE('',#2716);
#2716 = AXIS2_PLACEMENT_3D('',#2717,#2718,#2719);
#2717 = CARTESIAN_POINT('',(33.75,11.5,-40.25));
#2718 = DIRECTION('',(-1.,0.,0.));
#2719 = DIRECTION('',(0.,-2.2E-16,1.));
#2720 = ADVANCED_FACE('',(#2721),#2739,.F.);
#2721 = FACE_BOUND('',#2722,.F.);
#2722 = EDGE_LOOP('',(#2723,#2724,#2732,#2738));
#2723 = ORIENTED_EDGE('',*,*,#2709,.T.);
#2724 = ORIENTED_EDGE('',*,*,#2725,.T.);
#2725 = EDGE_CURVE('',#2702,#2726,#2728,.T.);
#2726 = VERTEX_POINT('',#2727);
#2727 = CARTESIAN_POINT('',(39.25,8.5,-34.75));
#2728 = LINE('',#2729,#2730);
#2729 = CARTESIAN_POINT('',(33.75,8.5,-34.75));
#2730 = VECTOR('',#2731,1.);
#2731 = DIRECTION('',(1.,0.,0.));
#2732 = ORIENTED_EDGE('',*,*,#2733,.F.);
#2733 = EDGE_CURVE('',#613,#2726,#2734,.T.);
#2734 = LINE('',#2735,#2736);
#2735 = CARTESIAN_POINT('',(39.25,11.5,-34.75));
#2736 = VECTOR('',#2737,1.);
#2737 = DIRECTION('',(0.,-1.,-2.2E-16));
#2738 = ORIENTED_EDGE('',*,*,#620,.F.);
#2739 = PLANE('',#2740);
#2740 = AXIS2_PLACEMENT_3D('',#2741,#2742,#2743);
#2741 = CARTESIAN_POINT('',(33.75,11.5,-34.75));
#2742 = DIRECTION('',(0.,-2.2E-16,1.));
#2743 = DIRECTION('',(1.,0.,0.));
#2744 = ADVANCED_FACE('',(#2745),#2756,.F.);
#2745 = FACE_BOUND('',#2746,.F.);
#2746 = EDGE_LOOP('',(#2747,#2748,#2754,#2755));
#2747 = ORIENTED_EDGE('',*,*,#2733,.T.);
#2748 = ORIENTED_EDGE('',*,*,#2749,.T.);
#2749 = EDGE_CURVE('',#2726,#2670,#2750,.T.);
#2750 = LINE('',#2751,#2752);
#2751 = CARTESIAN_POINT('',(39.25,8.5,-34.75));
#2752 = VECTOR('',#2753,1.);
#2753 = DIRECTION('',(0.,2.2E-16,-1.));
#2754 = ORIENTED_EDGE('',*,*,#2669,.F.);
#2755 = ORIENTED_EDGE('',*,*,#612,.F.);
#2756 = PLANE('',#2757);
#2757 = AXIS2_PLACEMENT_3D('',#2758,#2759,#2760);
#2758 = CARTESIAN_POINT('',(39.25,11.5,-34.75));
#2759 = DIRECTION('',(1.,0.,0.));
#2760 = DIRECTION('',(0.,2.2E-16,-1.));
#2761 = ADVANCED_FACE('',(#2762),#2781,.F.);
#2762 = FACE_BOUND('',#2763,.F.);
#2763 = EDGE_LOOP('',(#2764,#2773,#2779,#2780));
#2764 = ORIENTED_EDGE('',*,*,#2765,.F.);
#2765 = EDGE_CURVE('',#2766,#2766,#2768,.T.);
#2766 = VERTEX_POINT('',#2767);
#2767 = CARTESIAN_POINT('',(22.1,-10.5,-37.5));
#2768 = CIRCLE('',#2769,2.6);
#2769 = AXIS2_PLACEMENT_3D('',#2770,#2771,#2772);
#2770 = CARTESIAN_POINT('',(19.5,-10.5,-37.5));
#2771 = DIRECTION('',(0.,-1.,2.2E-16));
#2772 = DIRECTION('',(1.,0.,0.));
#2773 = ORIENTED_EDGE('',*,*,#2774,.T.);
#2774 = EDGE_CURVE('',#2766,#637,#2775,.T.);
#2775 = LINE('',#2776,#2777);
#2776 = CARTESIAN_POINT('',(22.1,-11.5,-37.5));
#2777 = VECTOR('',#2778,1.);
#2778 = DIRECTION('',(0.,1.,-2.2E-16));
#2779 = ORIENTED_EDGE('',*,*,#636,.T.);
#2780 = ORIENTED_EDGE('',*,*,#2774,.F.);
#2781 = CYLINDRICAL_SURFACE('',#2782,2.6);
#2782 = AXIS2_PLACEMENT_3D('',#2783,#2784,#2785);
#2783 = CARTESIAN_POINT('',(19.5,-11.5,-37.5));
#2784 = DIRECTION('',(0.,-1.,2.2E-16));
#2785 = DIRECTION('',(1.,0.,0.));
#2786 = ADVANCED_FACE('',(#2787),#2812,.F.);
#2787 = FACE_BOUND('',#2788,.F.);
#2788 = EDGE_LOOP('',(#2789,#2797,#2805,#2811));
#2789 = ORIENTED_EDGE('',*,*,#2790,.T.);
#2790 = EDGE_CURVE('',#648,#2791,#2793,.T.);
#2791 = VERTEX_POINT('',#2792);
#2792 = CARTESIAN_POINT('',(2.066431948161,1.,-43.65));
#2793 = LINE('',#2794,#2795);
#2794 = CARTESIAN_POINT('',(2.066431948161,11.5,-43.65));
#2795 = VECTOR('',#2796,1.);
#2796 = DIRECTION('',(0.,-1.,-2.2E-16));
#2797 = ORIENTED_EDGE('',*,*,#2798,.T.);
#2798 = EDGE_CURVE('',#2791,#2799,#2801,.T.);
#2799 = VERTEX_POINT('',#2800);
#2800 = CARTESIAN_POINT('',(0.882863896323,1.,-41.6));
#2801 = LINE('',#2802,#2803);
#2802 = CARTESIAN_POINT('',(2.066431948161,1.,-43.65));
#2803 = VECTOR('',#2804,1.);
#2804 = DIRECTION('',(-0.5,-1.9E-16,0.866025403784));
#2805 = ORIENTED_EDGE('',*,*,#2806,.F.);
#2806 = EDGE_CURVE('',#650,#2799,#2807,.T.);
#2807 = LINE('',#2808,#2809);
#2808 = CARTESIAN_POINT('',(0.882863896323,11.5,-41.6));
#2809 = VECTOR('',#2810,1.);
#2810 = DIRECTION('',(0.,-1.,-2.2E-16));
#2811 = ORIENTED_EDGE('',*,*,#647,.F.);
#2812 = PLANE('',#2813);
#2813 = AXIS2_PLACEMENT_3D('',#2814,#2815,#2816);
#2814 = CARTESIAN_POINT('',(2.066431948161,11.5,-43.65));
#2815 = DIRECTION('',(-0.866025403784,1.1E-16,-0.5));
#2816 = DIRECTION('',(-0.5,-1.9E-16,0.866025403784));
#2817 = ADVANCED_FACE('',(#2818),#2836,.F.);
#2818 = FACE_BOUND('',#2819,.F.);
#2819 = EDGE_LOOP('',(#2820,#2828,#2834,#2835));
#2820 = ORIENTED_EDGE('',*,*,#2821,.T.);
#2821 = EDGE_CURVE('',#658,#2822,#2824,.T.);
#2822 = VERTEX_POINT('',#2823);
#2823 = CARTESIAN_POINT('',(4.433568051839,1.,-43.65));
#2824 = LINE('',#2825,#2826);
#2825 = CARTESIAN_POINT('',(4.433568051839,11.5,-43.65));
#2826 = VECTOR('',#2827,1.);
#2827 = DIRECTION('',(0.,-1.,-2.2E-16));
#2828 = ORIENTED_EDGE('',*,*,#2829,.T.);
#2829 = EDGE_CURVE('',#2822,#2791,#2830,.T.);
#2830 = LINE('',#2831,#2832);
#2831 = CARTESIAN_POINT('',(4.433568051839,1.,-43.65));
#2832 = VECTOR('',#2833,1.);
#2833 = DIRECTION('',(-1.,0.,-0.));
#2834 = ORIENTED_EDGE('',*,*,#2790,.F.);
#2835 = ORIENTED_EDGE('',*,*,#657,.F.);
#2836 = PLANE('',#2837);
#2837 = AXIS2_PLACEMENT_3D('',#2838,#2839,#2840);
#2838 = CARTESIAN_POINT('',(4.433568051839,11.5,-43.65));
#2839 = DIRECTION('',(0.,2.2E-16,-1.));
#2840 = DIRECTION('',(-1.,0.,0.));
#2841 = ADVANCED_FACE('',(#2842),#2860,.F.);
#2842 = FACE_BOUND('',#2843,.F.);
#2843 = EDGE_LOOP('',(#2844,#2845,#2853,#2859));
#2844 = ORIENTED_EDGE('',*,*,#2806,.T.);
#2845 = ORIENTED_EDGE('',*,*,#2846,.T.);
#2846 = EDGE_CURVE('',#2799,#2847,#2849,.T.);
#2847 = VERTEX_POINT('',#2848);
#2848 = CARTESIAN_POINT('',(2.066431948161,1.,-39.55));
#2849 = LINE('',#2850,#2851);
#2850 = CARTESIAN_POINT('',(0.882863896323,1.,-41.6));
#2851 = VECTOR('',#2852,1.);
#2852 = DIRECTION('',(0.5,-1.9E-16,0.866025403784));
#2853 = ORIENTED_EDGE('',*,*,#2854,.F.);
#2854 = EDGE_CURVE('',#682,#2847,#2855,.T.);
#2855 = LINE('',#2856,#2857);
#2856 = CARTESIAN_POINT('',(2.066431948161,11.5,-39.55));
#2857 = VECTOR('',#2858,1.);
#2858 = DIRECTION('',(0.,-1.,-2.2E-16));
#2859 = ORIENTED_EDGE('',*,*,#689,.F.);
#2860 = PLANE('',#2861);
#2861 = AXIS2_PLACEMENT_3D('',#2862,#2863,#2864);
#2862 = CARTESIAN_POINT('',(0.882863896323,11.5,-41.6));
#2863 = DIRECTION('',(-0.866025403784,-1.1E-16,0.5));
#2864 = DIRECTION('',(0.5,-1.9E-16,0.866025403784));
#2865 = ADVANCED_FACE('',(#2866),#2884,.F.);
#2866 = FACE_BOUND('',#2867,.F.);
#2867 = EDGE_LOOP('',(#2868,#2876,#2882,#2883));
#2868 = ORIENTED_EDGE('',*,*,#2869,.T.);
#2869 = EDGE_CURVE('',#666,#2870,#2872,.T.);
#2870 = VERTEX_POINT('',#2871);
#2871 = CARTESIAN_POINT('',(5.617136103677,1.,-41.6));
#2872 = LINE('',#2873,#2874);
#2873 = CARTESIAN_POINT('',(5.617136103677,11.5,-41.6));
#2874 = VECTOR('',#2875,1.);
#2875 = DIRECTION('',(0.,-1.,-2.2E-16));
#2876 = ORIENTED_EDGE('',*,*,#2877,.T.);
#2877 = EDGE_CURVE('',#2870,#2822,#2878,.T.);
#2878 = LINE('',#2879,#2880);
#2879 = CARTESIAN_POINT('',(5.617136103677,1.,-41.6));
#2880 = VECTOR('',#2881,1.);
#2881 = DIRECTION('',(-0.5,1.9E-16,-0.866025403784));
#2882 = ORIENTED_EDGE('',*,*,#2821,.F.);
#2883 = ORIENTED_EDGE('',*,*,#665,.F.);
#2884 = PLANE('',#2885);
#2885 = AXIS2_PLACEMENT_3D('',#2886,#2887,#2888);
#2886 = CARTESIAN_POINT('',(5.617136103677,11.5,-41.6));
#2887 = DIRECTION('',(0.866025403784,1.1E-16,-0.5));
#2888 = DIRECTION('',(-0.5,1.9E-16,-0.866025403784));
#2889 = ADVANCED_FACE('',(#2890),#2908,.F.);
#2890 = FACE_BOUND('',#2891,.F.);
#2891 = EDGE_LOOP('',(#2892,#2893,#2901,#2907));
#2892 = ORIENTED_EDGE('',*,*,#2854,.T.);
#2893 = ORIENTED_EDGE('',*,*,#2894,.T.);
#2894 = EDGE_CURVE('',#2847,#2895,#2897,.T.);
#2895 = VERTEX_POINT('',#2896);
#2896 = CARTESIAN_POINT('',(4.433568051839,1.,-39.55));
#2897 = LINE('',#2898,#2899);
#2898 = CARTESIAN_POINT('',(2.066431948161,1.,-39.55));
#2899 = VECTOR('',#2900,1.);
#2900 = DIRECTION('',(1.,0.,0.));
#2901 = ORIENTED_EDGE('',*,*,#2902,.F.);
#2902 = EDGE_CURVE('',#674,#2895,#2903,.T.);
#2903 = LINE('',#2904,#2905);
#2904 = CARTESIAN_POINT('',(4.433568051839,11.5,-39.55));
#2905 = VECTOR('',#2906,1.);
#2906 = DIRECTION('',(0.,-1.,-2.2E-16));
#2907 = ORIENTED_EDGE('',*,*,#681,.F.);
#2908 = PLANE('',#2909);
#2909 = AXIS2_PLACEMENT_3D('',#2910,#2911,#2912);
#2910 = CARTESIAN_POINT('',(2.066431948161,11.5,-39.55));
#2911 = DIRECTION('',(0.,-2.2E-16,1.));
#2912 = DIRECTION('',(1.,0.,0.));
#2913 = ADVANCED_FACE('',(#2914),#2925,.F.);
#2914 = FACE_BOUND('',#2915,.F.);
#2915 = EDGE_LOOP('',(#2916,#2917,#2923,#2924));
#2916 = ORIENTED_EDGE('',*,*,#2902,.T.);
#2917 = ORIENTED_EDGE('',*,*,#2918,.T.);
#2918 = EDGE_CURVE('',#2895,#2870,#2919,.T.);
#2919 = LINE('',#2920,#2921);
#2920 = CARTESIAN_POINT('',(4.433568051839,1.,-39.55));
#2921 = VECTOR('',#2922,1.);
#2922 = DIRECTION('',(0.5,1.9E-16,-0.866025403784));
#2923 = ORIENTED_EDGE('',*,*,#2869,.F.);
#2924 = ORIENTED_EDGE('',*,*,#673,.F.);
#2925 = PLANE('',#2926);
#2926 = AXIS2_PLACEMENT_3D('',#2927,#2928,#2929);
#2927 = CARTESIAN_POINT('',(4.433568051839,11.5,-39.55));
#2928 = DIRECTION('',(0.866025403784,-1.1E-16,0.5));
#2929 = DIRECTION('',(0.5,1.9E-16,-0.866025403784));
#2930 = ADVANCED_FACE('',(#2931),#2956,.F.);
#2931 = FACE_BOUND('',#2932,.F.);
#2932 = EDGE_LOOP('',(#2933,#2941,#2949,#2955));
#2933 = ORIENTED_EDGE('',*,*,#2934,.T.);
#2934 = EDGE_CURVE('',#698,#2935,#2937,.T.);
#2935 = VERTEX_POINT('',#2936);
#2936 = CARTESIAN_POINT('',(-4.433568051839,1.,38.05));
#2937 = LINE('',#2938,#2939);
#2938 = CARTESIAN_POINT('',(-4.433568051839,11.5,38.05));
#2939 = VECTOR('',#2940,1.);
#2940 = DIRECTION('',(0.,-1.,-2.2E-16));
#2941 = ORIENTED_EDGE('',*,*,#2942,.T.);
#2942 = EDGE_CURVE('',#2935,#2943,#2945,.T.);
#2943 = VERTEX_POINT('',#2944);
#2944 = CARTESIAN_POINT('',(-5.617136103677,1.,40.1));
#2945 = LINE('',#2946,#2947);
#2946 = CARTESIAN_POINT('',(-4.433568051839,1.,38.05));
#2947 = VECTOR('',#2948,1.);
#2948 = DIRECTION('',(-0.5,-1.9E-16,0.866025403784));
#2949 = ORIENTED_EDGE('',*,*,#2950,.F.);
#2950 = EDGE_CURVE('',#700,#2943,#2951,.T.);
#2951 = LINE('',#2952,#2953);
#2952 = CARTESIAN_POINT('',(-5.617136103677,11.5,40.1));
#2953 = VECTOR('',#2954,1.);
#2954 = DIRECTION('',(0.,-1.,-2.2E-16));
#2955 = ORIENTED_EDGE('',*,*,#697,.F.);
#2956 = PLANE('',#2957);
#2957 = AXIS2_PLACEMENT_3D('',#2958,#2959,#2960);
#2958 = CARTESIAN_POINT('',(-4.433568051839,11.5,38.05));
#2959 = DIRECTION('',(-0.866025403784,1.1E-16,-0.5));
#2960 = DIRECTION('',(-0.5,-1.9E-16,0.866025403784));
#2961 = ADVANCED_FACE('',(#2962),#2980,.F.);
#2962 = FACE_BOUND('',#2963,.F.);
#2963 = EDGE_LOOP('',(#2964,#2972,#2978,#2979));
#2964 = ORIENTED_EDGE('',*,*,#2965,.T.);
#2965 = EDGE_CURVE('',#708,#2966,#2968,.T.);
#2966 = VERTEX_POINT('',#2967);
#2967 = CARTESIAN_POINT('',(-2.066431948161,1.,38.05));
#2968 = LINE('',#2969,#2970);
#2969 = CARTESIAN_POINT('',(-2.066431948161,11.5,38.05));
#2970 = VECTOR('',#2971,1.);
#2971 = DIRECTION('',(0.,-1.,-2.2E-16));
#2972 = ORIENTED_EDGE('',*,*,#2973,.T.);
#2973 = EDGE_CURVE('',#2966,#2935,#2974,.T.);
#2974 = LINE('',#2975,#2976);
#2975 = CARTESIAN_POINT('',(-2.066431948161,1.,38.05));
#2976 = VECTOR('',#2977,1.);
#2977 = DIRECTION('',(-1.,0.,-0.));
#2978 = ORIENTED_EDGE('',*,*,#2934,.F.);
#2979 = ORIENTED_EDGE('',*,*,#707,.F.);
#2980 = PLANE('',#2981);
#2981 = AXIS2_PLACEMENT_3D('',#2982,#2983,#2984);
#2982 = CARTESIAN_POINT('',(-2.066431948161,11.5,38.05));
#2983 = DIRECTION('',(0.,2.2E-16,-1.));
#2984 = DIRECTION('',(-1.,0.,0.));
#2985 = ADVANCED_FACE('',(#2986),#3004,.F.);
#2986 = FACE_BOUND('',#2987,.F.);
#2987 = EDGE_LOOP('',(#2988,#2989,#2997,#3003));
#2988 = ORIENTED_EDGE('',*,*,#2950,.T.);
#2989 = ORIENTED_EDGE('',*,*,#2990,.T.);
#2990 = EDGE_CURVE('',#2943,#2991,#2993,.T.);
#2991 = VERTEX_POINT('',#2992);
#2992 = CARTESIAN_POINT('',(-4.433568051839,1.,42.15));
#2993 = LINE('',#2994,#2995);
#2994 = CARTESIAN_POINT('',(-5.617136103677,1.,40.1));
#2995 = VECTOR('',#2996,1.);
#2996 = DIRECTION('',(0.5,-1.9E-16,0.866025403784));
#2997 = ORIENTED_EDGE('',*,*,#2998,.F.);
#2998 = EDGE_CURVE('',#732,#2991,#2999,.T.);
#2999 = LINE('',#3000,#3001);
#3000 = CARTESIAN_POINT('',(-4.433568051839,11.5,42.15));
#3001 = VECTOR('',#3002,1.);
#3002 = DIRECTION('',(0.,-1.,-2.2E-16));
#3003 = ORIENTED_EDGE('',*,*,#739,.F.);
#3004 = PLANE('',#3005);
#3005 = AXIS2_PLACEMENT_3D('',#3006,#3007,#3008);
#3006 = CARTESIAN_POINT('',(-5.617136103677,11.5,40.1));
#3007 = DIRECTION('',(-0.866025403784,-1.1E-16,0.5));
#3008 = DIRECTION('',(0.5,-1.9E-16,0.866025403784));
#3009 = ADVANCED_FACE('',(#3010),#3028,.F.);
#3010 = FACE_BOUND('',#3011,.F.);
#3011 = EDGE_LOOP('',(#3012,#3020,#3026,#3027));
#3012 = ORIENTED_EDGE('',*,*,#3013,.T.);
#3013 = EDGE_CURVE('',#716,#3014,#3016,.T.);
#3014 = VERTEX_POINT('',#3015);
#3015 = CARTESIAN_POINT('',(-0.882863896323,1.,40.1));
#3016 = LINE('',#3017,#3018);
#3017 = CARTESIAN_POINT('',(-0.882863896323,11.5,40.1));
#3018 = VECTOR('',#3019,1.);
#3019 = DIRECTION('',(0.,-1.,-2.2E-16));
#3020 = ORIENTED_EDGE('',*,*,#3021,.T.);
#3021 = EDGE_CURVE('',#3014,#2966,#3022,.T.);
#3022 = LINE('',#3023,#3024);
#3023 = CARTESIAN_POINT('',(-0.882863896323,1.,40.1));
#3024 = VECTOR('',#3025,1.);
#3025 = DIRECTION('',(-0.5,1.9E-16,-0.866025403784));
#3026 = ORIENTED_EDGE('',*,*,#2965,.F.);
#3027 = ORIENTED_EDGE('',*,*,#715,.F.);
#3028 = PLANE('',#3029);
#3029 = AXIS2_PLACEMENT_3D('',#3030,#3031,#3032);
#3030 = CARTESIAN_POINT('',(-0.882863896323,11.5,40.1));
#3031 = DIRECTION('',(0.866025403784,1.1E-16,-0.5));
#3032 = DIRECTION('',(-0.5,1.9E-16,-0.866025403784));
#3033 = ADVANCED_FACE('',(#3034),#3052,.F.);
#3034 = FACE_BOUND('',#3035,.F.);
#3035 = EDGE_LOOP('',(#3036,#3037,#3045,#3051));
#3036 = ORIENTED_EDGE('',*,*,#2998,.T.);
#3037 = ORIENTED_EDGE('',*,*,#3038,.T.);
#3038 = EDGE_CURVE('',#2991,#3039,#3041,.T.);
#3039 = VERTEX_POINT('',#3040);
#3040 = CARTESIAN_POINT('',(-2.066431948161,1.,42.15));
#3041 = LINE('',#3042,#3043);
#3042 = CARTESIAN_POINT('',(-4.433568051839,1.,42.15));
#3043 = VECTOR('',#3044,1.);
#3044 = DIRECTION('',(1.,0.,0.));
#3045 = ORIENTED_EDGE('',*,*,#3046,.F.);
#3046 = EDGE_CURVE('',#724,#3039,#3047,.T.);
#3047 = LINE('',#3048,#3049);
#3048 = CARTESIAN_POINT('',(-2.066431948161,11.5,42.15));
#3049 = VECTOR('',#3050,1.);
#3050 = DIRECTION('',(0.,-1.,-2.2E-16));
#3051 = ORIENTED_EDGE('',*,*,#731,.F.);
#3052 = PLANE('',#3053);
#3053 = AXIS2_PLACEMENT_3D('',#3054,#3055,#3056);
#3054 = CARTESIAN_POINT('',(-4.433568051839,11.5,42.15));
#3055 = DIRECTION('',(0.,-2.2E-16,1.));
#3056 = DIRECTION('',(1.,0.,0.));
#3057 = ADVANCED_FACE('',(#3058),#3069,.F.);
#3058 = FACE_BOUND('',#3059,.F.);
#3059 = EDGE_LOOP('',(#3060,#3061,#3067,#3068));
#3060 = ORIENTED_EDGE('',*,*,#3046,.T.);
#3061 = ORIENTED_EDGE('',*,*,#3062,.T.);
#3062 = EDGE_CURVE('',#3039,#3014,#3063,.T.);
#3063 = LINE('',#3064,#3065);
#3064 = CARTESIAN_POINT('',(-2.066431948161,1.,42.15));
#3065 = VECTOR('',#3066,1.);
#3066 = DIRECTION('',(0.5,1.9E-16,-0.866025403784));
#3067 = ORIENTED_EDGE('',*,*,#3013,.F.);
#3068 = ORIENTED_EDGE('',*,*,#723,.F.);
#3069 = PLANE('',#3070);
#3070 = AXIS2_PLACEMENT_3D('',#3071,#3072,#3073);
#3071 = CARTESIAN_POINT('',(-2.066431948161,11.5,42.15));
#3072 = DIRECTION('',(0.866025403784,-1.1E-16,0.5));
#3073 = DIRECTION('',(0.5,1.9E-16,-0.866025403784));
#3074 = ADVANCED_FACE('',(#3075),#3094,.F.);
#3075 = FACE_BOUND('',#3076,.F.);
#3076 = EDGE_LOOP('',(#3077,#3086,#3092,#3093));
#3077 = ORIENTED_EDGE('',*,*,#3078,.F.);
#3078 = EDGE_CURVE('',#3079,#3079,#3081,.T.);
#3079 = VERTEX_POINT('',#3080);
#3080 = CARTESIAN_POINT('',(-16.9,-10.5,37.5));
#3081 = CIRCLE('',#3082,2.6);
#3082 = AXIS2_PLACEMENT_3D('',#3083,#3084,#3085);
#3083 = CARTESIAN_POINT('',(-19.5,-10.5,37.5));
#3084 = DIRECTION('',(0.,-1.,2.2E-16));
#3085 = DIRECTION('',(1.,0.,0.));
#3086 = ORIENTED_EDGE('',*,*,#3087,.T.);
#3087 = EDGE_CURVE('',#3079,#748,#3088,.T.);
#3088 = LINE('',#3089,#3090);
#3089 = CARTESIAN_POINT('',(-16.9,-11.5,37.5));
#3090 = VECTOR('',#3091,1.);
#3091 = DIRECTION('',(0.,1.,-2.2E-16));
#3092 = ORIENTED_EDGE('',*,*,#747,.T.);
#3093 = ORIENTED_EDGE('',*,*,#3087,.F.);
#3094 = CYLINDRICAL_SURFACE('',#3095,2.6);
#3095 = AXIS2_PLACEMENT_3D('',#3096,#3097,#3098);
#3096 = CARTESIAN_POINT('',(-19.5,-11.5,37.5));
#3097 = DIRECTION('',(0.,-1.,2.2E-16));
#3098 = DIRECTION('',(1.,0.,0.));
#3099 = ADVANCED_FACE('',(#3100),#3119,.F.);
#3100 = FACE_BOUND('',#3101,.F.);
#3101 = EDGE_LOOP('',(#3102,#3110,#3117,#3118));
#3102 = ORIENTED_EDGE('',*,*,#3103,.T.);
#3103 = EDGE_CURVE('',#759,#3104,#3106,.T.);
#3104 = VERTEX_POINT('',#3105);
#3105 = CARTESIAN_POINT('',(-12.,10.,15.5));
#3106 = LINE('',#3107,#3108);
#3107 = CARTESIAN_POINT('',(-12.,11.5,15.5));
#3108 = VECTOR('',#3109,1.);
#3109 = DIRECTION('',(0.,-1.,-2.2E-16));
#3110 = ORIENTED_EDGE('',*,*,#3111,.T.);
#3111 = EDGE_CURVE('',#3104,#3104,#3112,.T.);
#3112 = CIRCLE('',#3113,3.5);
#3113 = AXIS2_PLACEMENT_3D('',#3114,#3115,#3116);
#3114 = CARTESIAN_POINT('',(-15.5,10.,15.5));
#3115 = DIRECTION('',(-0.,1.,2.2E-16));
#3116 = DIRECTION('',(1.,0.,0.));
#3117 = ORIENTED_EDGE('',*,*,#3103,.F.);
#3118 = ORIENTED_EDGE('',*,*,#758,.F.);
#3119 = CYLINDRICAL_SURFACE('',#3120,3.5);
#3120 = AXIS2_PLACEMENT_3D('',#3121,#3122,#3123);
#3121 = CARTESIAN_POINT('',(-15.5,11.5,15.5));
#3122 = DIRECTION('',(0.,1.,2.2E-16));
#3123 = DIRECTION('',(1.,0.,0.));
#3124 = ADVANCED_FACE('',(#3125),#3150,.F.);
#3125 = FACE_BOUND('',#3126,.F.);
#3126 = EDGE_LOOP('',(#3127,#3135,#3143,#3149));
#3127 = ORIENTED_EDGE('',*,*,#3128,.T.);
#3128 = EDGE_CURVE('',#770,#3129,#3131,.T.);
#3129 = VERTEX_POINT('',#3130);
#3130 = CARTESIAN_POINT('',(-39.25,8.5,39.35));
#3131 = LINE('',#3132,#3133);
#3132 = CARTESIAN_POINT('',(-39.25,11.5,39.35));
#3133 = VECTOR('',#3134,1.);
#3134 = DIRECTION('',(0.,-1.,-2.2E-16));
#3135 = ORIENTED_EDGE('',*,*,#3136,.T.);
#3136 = EDGE_CURVE('',#3129,#3137,#3139,.T.);
#3137 = VERTEX_POINT('',#3138);
#3138 = CARTESIAN_POINT('',(-33.75,8.5,39.35));
#3139 = LINE('',#3140,#3141);
#3140 = CARTESIAN_POINT('',(-39.25,8.5,39.35));
#3141 = VECTOR('',#3142,1.);
#3142 = DIRECTION('',(1.,0.,0.));
#3143 = ORIENTED_EDGE('',*,*,#3144,.F.);
#3144 = EDGE_CURVE('',#772,#3137,#3145,.T.);
#3145 = LINE('',#3146,#3147);
#3146 = CARTESIAN_POINT('',(-33.75,11.5,39.35));
#3147 = VECTOR('',#3148,1.);
#3148 = DIRECTION('',(0.,-1.,-2.2E-16));
#3149 = ORIENTED_EDGE('',*,*,#769,.F.);
#3150 = PLANE('',#3151);
#3151 = AXIS2_PLACEMENT_3D('',#3152,#3153,#3154);
#3152 = CARTESIAN_POINT('',(-39.25,11.5,39.35));
#3153 = DIRECTION('',(0.,-2.2E-16,1.));
#3154 = DIRECTION('',(1.,0.,0.));
#3155 = ADVANCED_FACE('',(#3156),#3174,.F.);
#3156 = FACE_BOUND('',#3157,.F.);
#3157 = EDGE_LOOP('',(#3158,#3166,#3172,#3173));
#3158 = ORIENTED_EDGE('',*,*,#3159,.T.);
#3159 = EDGE_CURVE('',#780,#3160,#3162,.T.);
#3160 = VERTEX_POINT('',#3161);
#3161 = CARTESIAN_POINT('',(-39.25,8.5,33.85));
#3162 = LINE('',#3163,#3164);
#3163 = CARTESIAN_POINT('',(-39.25,11.5,33.85));
#3164 = VECTOR('',#3165,1.);
#3165 = DIRECTION('',(0.,-1.,-2.2E-16));
#3166 = ORIENTED_EDGE('',*,*,#3167,.T.);
#3167 = EDGE_CURVE('',#3160,#3129,#3168,.T.);
#3168 = LINE('',#3169,#3170);
#3169 = CARTESIAN_POINT('',(-39.25,8.5,33.85));
#3170 = VECTOR('',#3171,1.);
#3171 = DIRECTION('',(0.,-2.2E-16,1.));
#3172 = ORIENTED_EDGE('',*,*,#3128,.F.);
#3173 = ORIENTED_EDGE('',*,*,#779,.F.);
#3174 = PLANE('',#3175);
#3175 = AXIS2_PLACEMENT_3D('',#3176,#3177,#3178);
#3176 = CARTESIAN_POINT('',(-39.25,11.5,33.85));
#3177 = DIRECTION('',(-1.,0.,0.));
#3178 = DIRECTION('',(0.,-2.2E-16,1.));
#3179 = ADVANCED_FACE('',(#3180),#3198,.F.);
#3180 = FACE_BOUND('',#3181,.F.);
#3181 = EDGE_LOOP('',(#3182,#3183,#3191,#3197));
#3182 = ORIENTED_EDGE('',*,*,#3144,.T.);
#3183 = ORIENTED_EDGE('',*,*,#3184,.T.);
#3184 = EDGE_CURVE('',#3137,#3185,#3187,.T.);
#3185 = VERTEX_POINT('',#3186);
#3186 = CARTESIAN_POINT('',(-33.75,8.5,33.85));
#3187 = LINE('',#3188,#3189);
#3188 = CARTESIAN_POINT('',(-33.75,8.5,39.35));
#3189 = VECTOR('',#3190,1.);
#3190 = DIRECTION('',(0.,2.2E-16,-1.));
#3191 = ORIENTED_EDGE('',*,*,#3192,.F.);
#3192 = EDGE_CURVE('',#788,#3185,#3193,.T.);
#3193 = LINE('',#3194,#3195);
#3194 = CARTESIAN_POINT('',(-33.75,11.5,33.85));
#3195 = VECTOR('',#3196,1.);
#3196 = DIRECTION('',(0.,-1.,-2.2E-16));
#3197 = ORIENTED_EDGE('',*,*,#795,.F.);
#3198 = PLANE('',#3199);
#3199 = AXIS2_PLACEMENT_3D('',#3200,#3201,#3202);
#3200 = CARTESIAN_POINT('',(-33.75,11.5,39.35));
#3201 = DIRECTION('',(1.,0.,0.));
#3202 = DIRECTION('',(0.,2.2E-16,-1.));
#3203 = ADVANCED_FACE('',(#3204),#3215,.F.);
#3204 = FACE_BOUND('',#3205,.F.);
#3205 = EDGE_LOOP('',(#3206,#3207,#3213,#3214));
#3206 = ORIENTED_EDGE('',*,*,#3192,.T.);
#3207 = ORIENTED_EDGE('',*,*,#3208,.T.);
#3208 = EDGE_CURVE('',#3185,#3160,#3209,.T.);
#3209 = LINE('',#3210,#3211);
#3210 = CARTESIAN_POINT('',(-33.75,8.5,33.85));
#3211 = VECTOR('',#3212,1.);
#3212 = DIRECTION('',(-1.,0.,-0.));
#3213 = ORIENTED_EDGE('',*,*,#3159,.F.);
#3214 = ORIENTED_EDGE('',*,*,#787,.F.);
#3215 = PLANE('',#3216);
#3216 = AXIS2_PLACEMENT_3D('',#3217,#3218,#3219);
#3217 = CARTESIAN_POINT('',(-33.75,11.5,33.85));
#3218 = DIRECTION('',(0.,2.2E-16,-1.));
#3219 = DIRECTION('',(-1.,0.,0.));
#3220 = ADVANCED_FACE('',(#3221),#3246,.F.);
#3221 = FACE_BOUND('',#3222,.F.);
#3222 = EDGE_LOOP('',(#3223,#3231,#3239,#3245));
#3223 = ORIENTED_EDGE('',*,*,#3224,.T.);
#3224 = EDGE_CURVE('',#804,#3225,#3227,.T.);
#3225 = VERTEX_POINT('',#3226);
#3226 = CARTESIAN_POINT('',(-33.75,8.5,2.75));
#3227 = LINE('',#3228,#3229);
#3228 = CARTESIAN_POINT('',(-33.75,11.5,2.75));
#3229 = VECTOR('',#3230,1.);
#3230 = DIRECTION('',(0.,-1.,-2.2E-16));
#3231 = ORIENTED_EDGE('',*,*,#3232,.T.);
#3232 = EDGE_CURVE('',#3225,#3233,#3235,.T.);
#3233 = VERTEX_POINT('',#3234);
#3234 = CARTESIAN_POINT('',(-33.75,8.5,-2.75));
#3235 = LINE('',#3236,#3237);
#3236 = CARTESIAN_POINT('',(-33.75,8.5,2.75));
#3237 = VECTOR('',#3238,1.);
#3238 = DIRECTION('',(0.,2.2E-16,-1.));
#3239 = ORIENTED_EDGE('',*,*,#3240,.F.);
#3240 = EDGE_CURVE('',#806,#3233,#3241,.T.);
#3241 = LINE('',#3242,#3243);
#3242 = CARTESIAN_POINT('',(-33.75,11.5,-2.75));
#3243 = VECTOR('',#3244,1.);
#3244 = DIRECTION('',(0.,-1.,-2.2E-16));
#3245 = ORIENTED_EDGE('',*,*,#803,.F.);
#3246 = PLANE('',#3247);
#3247 = AXIS2_PLACEMENT_3D('',#3248,#3249,#3250);
#3248 = CARTESIAN_POINT('',(-33.75,11.5,2.75));
#3249 = DIRECTION('',(1.,0.,0.));
#3250 = DIRECTION('',(0.,2.2E-16,-1.));
#3251 = ADVANCED_FACE('',(#3252),#3270,.F.);
#3252 = FACE_BOUND('',#3253,.F.);
#3253 = EDGE_LOOP('',(#3254,#3255,#3263,#3269));
#3254 = ORIENTED_EDGE('',*,*,#3240,.T.);
#3255 = ORIENTED_EDGE('',*,*,#3256,.T.);
#3256 = EDGE_CURVE('',#3233,#3257,#3259,.T.);
#3257 = VERTEX_POINT('',#3258);
#3258 = CARTESIAN_POINT('',(-39.25,8.5,-2.75));
#3259 = LINE('',#3260,#3261);
#3260 = CARTESIAN_POINT('',(-33.75,8.5,-2.75));
#3261 = VECTOR('',#3262,1.);
#3262 = DIRECTION('',(-1.,0.,-0.));
#3263 = ORIENTED_EDGE('',*,*,#3264,.F.);
#3264 = EDGE_CURVE('',#822,#3257,#3265,.T.);
#3265 = LINE('',#3266,#3267);
#3266 = CARTESIAN_POINT('',(-39.25,11.5,-2.75));
#3267 = VECTOR('',#3268,1.);
#3268 = DIRECTION('',(0.,-1.,-2.2E-16));
#3269 = ORIENTED_EDGE('',*,*,#829,.F.);
#3270 = PLANE('',#3271);
#3271 = AXIS2_PLACEMENT_3D('',#3272,#3273,#3274);
#3272 = CARTESIAN_POINT('',(-33.75,11.5,-2.75));
#3273 = DIRECTION('',(0.,2.2E-16,-1.));
#3274 = DIRECTION('',(-1.,0.,0.));
#3275 = ADVANCED_FACE('',(#3276),#3294,.F.);
#3276 = FACE_BOUND('',#3277,.F.);
#3277 = EDGE_LOOP('',(#3278,#3279,#3287,#3293));
#3278 = ORIENTED_EDGE('',*,*,#3264,.T.);
#3279 = ORIENTED_EDGE('',*,*,#3280,.T.);
#3280 = EDGE_CURVE('',#3257,#3281,#3283,.T.);
#3281 = VERTEX_POINT('',#3282);
#3282 = CARTESIAN_POINT('',(-39.25,8.5,2.75));
#3283 = LINE('',#3284,#3285);
#3284 = CARTESIAN_POINT('',(-39.25,8.5,-2.75));
#3285 = VECTOR('',#3286,1.);
#3286 = DIRECTION('',(0.,-2.2E-16,1.));
#3287 = ORIENTED_EDGE('',*,*,#3288,.F.);
#3288 = EDGE_CURVE('',#814,#3281,#3289,.T.);
#3289 = LINE('',#3290,#3291);
#3290 = CARTESIAN_POINT('',(-39.25,11.5,2.75));
#3291 = VECTOR('',#3292,1.);
#3292 = DIRECTION('',(0.,-1.,-2.2E-16));
#3293 = ORIENTED_EDGE('',*,*,#821,.F.);
#3294 = PLANE('',#3295);
#3295 = AXIS2_PLACEMENT_3D('',#3296,#3297,#3298);
#3296 = CARTESIAN_POINT('',(-39.25,11.5,-2.75));
#3297 = DIRECTION('',(-1.,0.,0.));
#3298 = DIRECTION('',(0.,-2.2E-16,1.));
#3299 = ADVANCED_FACE('',(#3300),#3311,.F.);
#3300 = FACE_BOUND('',#3301,.F.);
#3301 = EDGE_LOOP('',(#3302,#3303,#3309,#3310));
#3302 = ORIENTED_EDGE('',*,*,#3288,.T.);
#3303 = ORIENTED_EDGE('',*,*,#3304,.T.);
#3304 = EDGE_CURVE('',#3281,#3225,#3305,.T.);
#3305 = LINE('',#3306,#3307);
#3306 = CARTESIAN_POINT('',(-39.25,8.5,2.75));
#3307 = VECTOR('',#3308,1.);
#3308 = DIRECTION('',(1.,0.,0.));
#3309 = ORIENTED_EDGE('',*,*,#3224,.F.);
#3310 = ORIENTED_EDGE('',*,*,#813,.F.);
#3311 = PLANE('',#3312);
#3312 = AXIS2_PLACEMENT_3D('',#3313,#3314,#3315);
#3313 = CARTESIAN_POINT('',(-39.25,11.5,2.75));
#3314 = DIRECTION('',(0.,-2.2E-16,1.));
#3315 = DIRECTION('',(1.,0.,0.));
#3316 = ADVANCED_FACE('',(#3317),#3336,.F.);
#3317 = FACE_BOUND('',#3318,.F.);
#3318 = EDGE_LOOP('',(#3319,#3327,#3334,#3335));
#3319 = ORIENTED_EDGE('',*,*,#3320,.T.);
#3320 = EDGE_CURVE('',#838,#3321,#3323,.T.);
#3321 = VERTEX_POINT('',#3322);
#3322 = CARTESIAN_POINT('',(-12.,10.,-15.5));
#3323 = LINE('',#3324,#3325);
#3324 = CARTESIAN_POINT('',(-12.,11.5,-15.5));
#3325 = VECTOR('',#3326,1.);
#3326 = DIRECTION('',(0.,-1.,-2.2E-16));
#3327 = ORIENTED_EDGE('',*,*,#3328,.T.);
#3328 = EDGE_CURVE('',#3321,#3321,#3329,.T.);
#3329 = CIRCLE('',#3330,3.5);
#3330 = AXIS2_PLACEMENT_3D('',#3331,#3332,#3333);
#3331 = CARTESIAN_POINT('',(-15.5,10.,-15.5));
#3332 = DIRECTION('',(-0.,1.,2.2E-16));
#3333 = DIRECTION('',(1.,0.,0.));
#3334 = ORIENTED_EDGE('',*,*,#3320,.F.);
#3335 = ORIENTED_EDGE('',*,*,#837,.F.);
#3336 = CYLINDRICAL_SURFACE('',#3337,3.5);
#3337 = AXIS2_PLACEMENT_3D('',#3338,#3339,#3340);
#3338 = CARTESIAN_POINT('',(-15.5,11.5,-15.5));
#3339 = DIRECTION('',(0.,1.,2.2E-16));
#3340 = DIRECTION('',(1.,0.,0.));
#3341 = ADVANCED_FACE('',(#3342),#3367,.F.);
#3342 = FACE_BOUND('',#3343,.F.);
#3343 = EDGE_LOOP('',(#3344,#3352,#3360,#3366));
#3344 = ORIENTED_EDGE('',*,*,#3345,.T.);
#3345 = EDGE_CURVE('',#849,#3346,#3348,.T.);
#3346 = VERTEX_POINT('',#3347);
#3347 = CARTESIAN_POINT('',(-4.433568051839,1.,-43.65));
#3348 = LINE('',#3349,#3350);
#3349 = CARTESIAN_POINT('',(-4.433568051839,11.5,-43.65));
#3350 = VECTOR('',#3351,1.);
#3351 = DIRECTION('',(0.,-1.,-2.2E-16));
#3352 = ORIENTED_EDGE('',*,*,#3353,.T.);
#3353 = EDGE_CURVE('',#3346,#3354,#3356,.T.);
#3354 = VERTEX_POINT('',#3355);
#3355 = CARTESIAN_POINT('',(-5.617136103677,1.,-41.6));
#3356 = LINE('',#3357,#3358);
#3357 = CARTESIAN_POINT('',(-4.433568051839,1.,-43.65));
#3358 = VECTOR('',#3359,1.);
#3359 = DIRECTION('',(-0.5,-1.9E-16,0.866025403784));
#3360 = ORIENTED_EDGE('',*,*,#3361,.F.);
#3361 = EDGE_CURVE('',#851,#3354,#3362,.T.);
#3362 = LINE('',#3363,#3364);
#3363 = CARTESIAN_POINT('',(-5.617136103677,11.5,-41.6));
#3364 = VECTOR('',#3365,1.);
#3365 = DIRECTION('',(0.,-1.,-2.2E-16));
#3366 = ORIENTED_EDGE('',*,*,#848,.F.);
#3367 = PLANE('',#3368);
#3368 = AXIS2_PLACEMENT_3D('',#3369,#3370,#3371);
#3369 = CARTESIAN_POINT('',(-4.433568051839,11.5,-43.65));
#3370 = DIRECTION('',(-0.866025403784,1.1E-16,-0.5));
#3371 = DIRECTION('',(-0.5,-1.9E-16,0.866025403784));
#3372 = ADVANCED_FACE('',(#3373),#3391,.F.);
#3373 = FACE_BOUND('',#3374,.F.);
#3374 = EDGE_LOOP('',(#3375,#3383,#3389,#3390));
#3375 = ORIENTED_EDGE('',*,*,#3376,.T.);
#3376 = EDGE_CURVE('',#859,#3377,#3379,.T.);
#3377 = VERTEX_POINT('',#3378);
#3378 = CARTESIAN_POINT('',(-2.066431948161,1.,-43.65));
#3379 = LINE('',#3380,#3381);
#3380 = CARTESIAN_POINT('',(-2.066431948161,11.5,-43.65));
#3381 = VECTOR('',#3382,1.);
#3382 = DIRECTION('',(0.,-1.,-2.2E-16));
#3383 = ORIENTED_EDGE('',*,*,#3384,.T.);
#3384 = EDGE_CURVE('',#3377,#3346,#3385,.T.);
#3385 = LINE('',#3386,#3387);
#3386 = CARTESIAN_POINT('',(-2.066431948161,1.,-43.65));
#3387 = VECTOR('',#3388,1.);
#3388 = DIRECTION('',(-1.,0.,-0.));
#3389 = ORIENTED_EDGE('',*,*,#3345,.F.);
#3390 = ORIENTED_EDGE('',*,*,#858,.F.);
#3391 = PLANE('',#3392);
#3392 = AXIS2_PLACEMENT_3D('',#3393,#3394,#3395);
#3393 = CARTESIAN_POINT('',(-2.066431948161,11.5,-43.65));
#3394 = DIRECTION('',(0.,2.2E-16,-1.));
#3395 = DIRECTION('',(-1.,0.,0.));
#3396 = ADVANCED_FACE('',(#3397),#3415,.F.);
#3397 = FACE_BOUND('',#3398,.F.);
#3398 = EDGE_LOOP('',(#3399,#3400,#3408,#3414));
#3399 = ORIENTED_EDGE('',*,*,#3361,.T.);
#3400 = ORIENTED_EDGE('',*,*,#3401,.T.);
#3401 = EDGE_CURVE('',#3354,#3402,#3404,.T.);
#3402 = VERTEX_POINT('',#3403);
#3403 = CARTESIAN_POINT('',(-4.433568051839,1.,-39.55));
#3404 = LINE('',#3405,#3406);
#3405 = CARTESIAN_POINT('',(-5.617136103677,1.,-41.6));
#3406 = VECTOR('',#3407,1.);
#3407 = DIRECTION('',(0.5,-1.9E-16,0.866025403784));
#3408 = ORIENTED_EDGE('',*,*,#3409,.F.);
#3409 = EDGE_CURVE('',#883,#3402,#3410,.T.);
#3410 = LINE('',#3411,#3412);
#3411 = CARTESIAN_POINT('',(-4.433568051839,11.5,-39.55));
#3412 = VECTOR('',#3413,1.);
#3413 = DIRECTION('',(0.,-1.,-2.2E-16));
#3414 = ORIENTED_EDGE('',*,*,#890,.F.);
#3415 = PLANE('',#3416);
#3416 = AXIS2_PLACEMENT_3D('',#3417,#3418,#3419);
#3417 = CARTESIAN_POINT('',(-5.617136103677,11.5,-41.6));
#3418 = DIRECTION('',(-0.866025403784,-1.1E-16,0.5));
#3419 = DIRECTION('',(0.5,-1.9E-16,0.866025403784));
#3420 = ADVANCED_FACE('',(#3421),#3439,.F.);
#3421 = FACE_BOUND('',#3422,.F.);
#3422 = EDGE_LOOP('',(#3423,#3431,#3437,#3438));
#3423 = ORIENTED_EDGE('',*,*,#3424,.T.);
#3424 = EDGE_CURVE('',#867,#3425,#3427,.T.);
#3425 = VERTEX_POINT('',#3426);
#3426 = CARTESIAN_POINT('',(-0.882863896323,1.,-41.6));
#3427 = LINE('',#3428,#3429);
#3428 = CARTESIAN_POINT('',(-0.882863896323,11.5,-41.6));
#3429 = VECTOR('',#3430,1.);
#3430 = DIRECTION('',(0.,-1.,-2.2E-16));
#3431 = ORIENTED_EDGE('',*,*,#3432,.T.);
#3432 = EDGE_CURVE('',#3425,#3377,#3433,.T.);
#3433 = LINE('',#3434,#3435);
#3434 = CARTESIAN_POINT('',(-0.882863896323,1.,-41.6));
#3435 = VECTOR('',#3436,1.);
#3436 = DIRECTION('',(-0.5,1.9E-16,-0.866025403784));
#3437 = ORIENTED_EDGE('',*,*,#3376,.F.);
#3438 = ORIENTED_EDGE('',*,*,#866,.F.);
#3439 = PLANE('',#3440);
#3440 = AXIS2_PLACEMENT_3D('',#3441,#3442,#3443);
#3441 = CARTESIAN_POINT('',(-0.882863896323,11.5,-41.6));
#3442 = DIRECTION('',(0.866025403784,1.1E-16,-0.5));
#3443 = DIRECTION('',(-0.5,1.9E-16,-0.866025403784));
#3444 = ADVANCED_FACE('',(#3445),#3463,.F.);
#3445 = FACE_BOUND('',#3446,.F.);
#3446 = EDGE_LOOP('',(#3447,#3448,#3456,#3462));
#3447 = ORIENTED_EDGE('',*,*,#3409,.T.);
#3448 = ORIENTED_EDGE('',*,*,#3449,.T.);
#3449 = EDGE_CURVE('',#3402,#3450,#3452,.T.);
#3450 = VERTEX_POINT('',#3451);
#3451 = CARTESIAN_POINT('',(-2.066431948161,1.,-39.55));
#3452 = LINE('',#3453,#3454);
#3453 = CARTESIAN_POINT('',(-4.433568051839,1.,-39.55));
#3454 = VECTOR('',#3455,1.);
#3455 = DIRECTION('',(1.,0.,0.));
#3456 = ORIENTED_EDGE('',*,*,#3457,.F.);
#3457 = EDGE_CURVE('',#875,#3450,#3458,.T.);
#3458 = LINE('',#3459,#3460);
#3459 = CARTESIAN_POINT('',(-2.066431948161,11.5,-39.55));
#3460 = VECTOR('',#3461,1.);
#3461 = DIRECTION('',(0.,-1.,-2.2E-16));
#3462 = ORIENTED_EDGE('',*,*,#882,.F.);
#3463 = PLANE('',#3464);
#3464 = AXIS2_PLACEMENT_3D('',#3465,#3466,#3467);
#3465 = CARTESIAN_POINT('',(-4.433568051839,11.5,-39.55));
#3466 = DIRECTION('',(0.,-2.2E-16,1.));
#3467 = DIRECTION('',(1.,0.,0.));
#3468 = ADVANCED_FACE('',(#3469),#3480,.F.);
#3469 = FACE_BOUND('',#3470,.F.);
#3470 = EDGE_LOOP('',(#3471,#3472,#3478,#3479));
#3471 = ORIENTED_EDGE('',*,*,#3457,.T.);
#3472 = ORIENTED_EDGE('',*,*,#3473,.T.);
#3473 = EDGE_CURVE('',#3450,#3425,#3474,.T.);
#3474 = LINE('',#3475,#3476);
#3475 = CARTESIAN_POINT('',(-2.066431948161,1.,-39.55));
#3476 = VECTOR('',#3477,1.);
#3477 = DIRECTION('',(0.5,1.9E-16,-0.866025403784));
#3478 = ORIENTED_EDGE('',*,*,#3424,.F.);
#3479 = ORIENTED_EDGE('',*,*,#874,.F.);
#3480 = PLANE('',#3481);
#3481 = AXIS2_PLACEMENT_3D('',#3482,#3483,#3484);
#3482 = CARTESIAN_POINT('',(-2.066431948161,11.5,-39.55));
#3483 = DIRECTION('',(0.866025403784,-1.1E-16,0.5));
#3484 = DIRECTION('',(0.5,1.9E-16,-0.866025403784));
#3485 = ADVANCED_FACE('',(#3486),#3505,.F.);
#3486 = FACE_BOUND('',#3487,.F.);
#3487 = EDGE_LOOP('',(#3488,#3497,#3503,#3504));
#3488 = ORIENTED_EDGE('',*,*,#3489,.F.);
#3489 = EDGE_CURVE('',#3490,#3490,#3492,.T.);
#3490 = VERTEX_POINT('',#3491);
#3491 = CARTESIAN_POINT('',(-16.9,-10.5,-37.5));
#3492 = CIRCLE('',#3493,2.6);
#3493 = AXIS2_PLACEMENT_3D('',#3494,#3495,#3496);
#3494 = CARTESIAN_POINT('',(-19.5,-10.5,-37.5));
#3495 = DIRECTION('',(0.,-1.,2.2E-16));
#3496 = DIRECTION('',(1.,0.,0.));
#3497 = ORIENTED_EDGE('',*,*,#3498,.T.);
#3498 = EDGE_CURVE('',#3490,#899,#3499,.T.);
#3499 = LINE('',#3500,#3501);
#3500 = CARTESIAN_POINT('',(-16.9,-11.5,-37.5));
#3501 = VECTOR('',#3502,1.);
#3502 = DIRECTION('',(0.,1.,-2.2E-16));
#3503 = ORIENTED_EDGE('',*,*,#898,.T.);
#3504 = ORIENTED_EDGE('',*,*,#3498,.F.);
#3505 = CYLINDRICAL_SURFACE('',#3506,2.6);
#3506 = AXIS2_PLACEMENT_3D('',#3507,#3508,#3509);
#3507 = CARTESIAN_POINT('',(-19.5,-11.5,-37.5));
#3508 = DIRECTION('',(0.,-1.,2.2E-16));
#3509 = DIRECTION('',(1.,0.,0.));
#3510 = ADVANCED_FACE('',(#3511),#3536,.F.);
#3511 = FACE_BOUND('',#3512,.F.);
#3512 = EDGE_LOOP('',(#3513,#3521,#3529,#3535));
#3513 = ORIENTED_EDGE('',*,*,#3514,.T.);
#3514 = EDGE_CURVE('',#910,#3515,#3517,.T.);
#3515 = VERTEX_POINT('',#3516);
#3516 = CARTESIAN_POINT('',(-39.25,8.5,-39.35));
#3517 = LINE('',#3518,#3519);
#3518 = CARTESIAN_POINT('',(-39.25,11.5,-39.35));
#3519 = VECTOR('',#3520,1.);
#3520 = DIRECTION('',(0.,-1.,-2.2E-16));
#3521 = ORIENTED_EDGE('',*,*,#3522,.T.);
#3522 = EDGE_CURVE('',#3515,#3523,#3525,.T.);
#3523 = VERTEX_POINT('',#3524);
#3524 = CARTESIAN_POINT('',(-39.25,8.5,-33.85));
#3525 = LINE('',#3526,#3527);
#3526 = CARTESIAN_POINT('',(-39.25,8.5,-39.35));
#3527 = VECTOR('',#3528,1.);
#3528 = DIRECTION('',(0.,-2.2E-16,1.));
#3529 = ORIENTED_EDGE('',*,*,#3530,.F.);
#3530 = EDGE_CURVE('',#912,#3523,#3531,.T.);
#3531 = LINE('',#3532,#3533);
#3532 = CARTESIAN_POINT('',(-39.25,11.5,-33.85));
#3533 = VECTOR('',#3534,1.);
#3534 = DIRECTION('',(0.,-1.,-2.2E-16));
#3535 = ORIENTED_EDGE('',*,*,#909,.F.);
#3536 = PLANE('',#3537);
#3537 = AXIS2_PLACEMENT_3D('',#3538,#3539,#3540);
#3538 = CARTESIAN_POINT('',(-39.25,11.5,-39.35));
#3539 = DIRECTION('',(-1.,0.,0.));
#3540 = DIRECTION('',(0.,-2.2E-16,1.));
#3541 = ADVANCED_FACE('',(#3542),#3560,.F.);
#3542 = FACE_BOUND('',#3543,.F.);
#3543 = EDGE_LOOP('',(#3544,#3552,#3558,#3559));
#3544 = ORIENTED_EDGE('',*,*,#3545,.T.);
#3545 = EDGE_CURVE('',#920,#3546,#3548,.T.);
#3546 = VERTEX_POINT('',#3547);
#3547 = CARTESIAN_POINT('',(-33.75,8.5,-39.35));
#3548 = LINE('',#3549,#3550);
#3549 = CARTESIAN_POINT('',(-33.75,11.5,-39.35));
#3550 = VECTOR('',#3551,1.);
#3551 = DIRECTION('',(0.,-1.,-2.2E-16));
#3552 = ORIENTED_EDGE('',*,*,#3553,.T.);
#3553 = EDGE_CURVE('',#3546,#3515,#3554,.T.);
#3554 = LINE('',#3555,#3556);
#3555 = CARTESIAN_POINT('',(-33.75,8.5,-39.35));
#3556 = VECTOR('',#3557,1.);
#3557 = DIRECTION('',(-1.,0.,-0.));
#3558 = ORIENTED_EDGE('',*,*,#3514,.F.);
#3559 = ORIENTED_EDGE('',*,*,#919,.F.);
#3560 = PLANE('',#3561);
#3561 = AXIS2_PLACEMENT_3D('',#3562,#3563,#3564);
#3562 = CARTESIAN_POINT('',(-33.75,11.5,-39.35));
#3563 = DIRECTION('',(0.,2.2E-16,-1.));
#3564 = DIRECTION('',(-1.,0.,0.));
#3565 = ADVANCED_FACE('',(#3566),#3584,.F.);
#3566 = FACE_BOUND('',#3567,.F.);
#3567 = EDGE_LOOP('',(#3568,#3569,#3577,#3583));
#3568 = ORIENTED_EDGE('',*,*,#3530,.T.);
#3569 = ORIENTED_EDGE('',*,*,#3570,.T.);
#3570 = EDGE_CURVE('',#3523,#3571,#3573,.T.);
#3571 = VERTEX_POINT('',#3572);
#3572 = CARTESIAN_POINT('',(-33.75,8.5,-33.85));
#3573 = LINE('',#3574,#3575);
#3574 = CARTESIAN_POINT('',(-39.25,8.5,-33.85));
#3575 = VECTOR('',#3576,1.);
#3576 = DIRECTION('',(1.,0.,0.));
#3577 = ORIENTED_EDGE('',*,*,#3578,.F.);
#3578 = EDGE_CURVE('',#928,#3571,#3579,.T.);
#3579 = LINE('',#3580,#3581);
#3580 = CARTESIAN_POINT('',(-33.75,11.5,-33.85));
#3581 = VECTOR('',#3582,1.);
#3582 = DIRECTION('',(0.,-1.,-2.2E-16));
#3583 = ORIENTED_EDGE('',*,*,#935,.F.);
#3584 = PLANE('',#3585);
#3585 = AXIS2_PLACEMENT_3D('',#3586,#3587,#3588);
#3586 = CARTESIAN_POINT('',(-39.25,11.5,-33.85));
#3587 = DIRECTION('',(0.,-2.2E-16,1.));
#3588 = DIRECTION('',(1.,0.,0.));
#3589 = ADVANCED_FACE('',(#3590),#3601,.F.);
#3590 = FACE_BOUND('',#3591,.F.);
#3591 = EDGE_LOOP('',(#3592,#3593,#3599,#3600));
#3592 = ORIENTED_EDGE('',*,*,#3578,.T.);
#3593 = ORIENTED_EDGE('',*,*,#3594,.T.);
#3594 = EDGE_CURVE('',#3571,#3546,#3595,.T.);
#3595 = LINE('',#3596,#3597);
#3596 = CARTESIAN_POINT('',(-33.75,8.5,-33.85));
#3597 = VECTOR('',#3598,1.);
#3598 = DIRECTION('',(0.,2.2E-16,-1.));
#3599 = ORIENTED_EDGE('',*,*,#3545,.F.);
#3600 = ORIENTED_EDGE('',*,*,#927,.F.);
#3601 = PLANE('',#3602);
#3602 = AXIS2_PLACEMENT_3D('',#3603,#3604,#3605);
#3603 = CARTESIAN_POINT('',(-33.75,11.5,-33.85));
#3604 = DIRECTION('',(1.,0.,0.));
#3605 = DIRECTION('',(0.,2.2E-16,-1.));
#3606 = ADVANCED_FACE('',(#3607),#3613,.F.);
#3607 = FACE_BOUND('',#3608,.F.);
#3608 = EDGE_LOOP('',(#3609,#3610,#3611,#3612));
#3609 = ORIENTED_EDGE('',*,*,#958,.F.);
#3610 = ORIENTED_EDGE('',*,*,#1525,.T.);
#3611 = ORIENTED_EDGE('',*,*,#2242,.T.);
#3612 = ORIENTED_EDGE('',*,*,#1000,.F.);
#3613 = PLANE('',#3614);
#3614 = AXIS2_PLACEMENT_3D('',#3615,#3616,#3617);
#3615 = CARTESIAN_POINT('',(43.5,-4.,-10.5));
#3616 = DIRECTION('',(-0.707106781187,-0.707106781187,1.E-17));
#3617 = DIRECTION('',(1.170710678119E-16,-1.029289321881E-16,1.));
#3618 = ADVANCED_FACE('',(#3619,#3630),#3633,.F.);
#3619 = FACE_BOUND('',#3620,.F.);
#3620 = EDGE_LOOP('',(#3621));
#3621 = ORIENTED_EDGE('',*,*,#3622,.F.);
#3622 = EDGE_CURVE('',#3623,#3623,#3625,.T.);
#3623 = VERTEX_POINT('',#3624);
#3624 = CARTESIAN_POINT('',(11.5,-9.,-3.E-15));
#3625 = CIRCLE('',#3626,11.5);
#3626 = AXIS2_PLACEMENT_3D('',#3627,#3628,#3629);
#3627 = CARTESIAN_POINT('',(0.,-9.,-3.552713678801E-15));
#3628 = DIRECTION('',(0.,-1.,-2.2E-16));
#3629 = DIRECTION('',(1.,0.,0.));
#3630 = FACE_BOUND('',#3631,.F.);
#3631 = EDGE_LOOP('',(#3632));
#3632 = ORIENTED_EDGE('',*,*,#1022,.T.);
#3633 = PLANE('',#3634);
#3634 = AXIS2_PLACEMENT_3D('',#3635,#3636,#3637);
#3635 = CARTESIAN_POINT('',(-7.1E-16,-9.,-2.22044604925E-15));
#3636 = DIRECTION('',(0.,1.,2.2E-16));
#3637 = DIRECTION('',(0.,-2.2E-16,1.));
#3638 = ADVANCED_FACE('',(#3639),#3650,.T.);
#3639 = FACE_BOUND('',#3640,.F.);
#3640 = EDGE_LOOP('',(#3641,#3642,#3648,#3649));
#3641 = ORIENTED_EDGE('',*,*,#1058,.F.);
#3642 = ORIENTED_EDGE('',*,*,#3643,.T.);
#3643 = EDGE_CURVE('',#1059,#1563,#3644,.T.);
#3644 = LINE('',#3645,#3646);
#3645 = CARTESIAN_POINT('',(-5.35,-11.5,-46.5));
#3646 = VECTOR('',#3647,1.);
#3647 = DIRECTION('',(0.,1.,-2.2E-16));
#3648 = ORIENTED_EDGE('',*,*,#1562,.T.);
#3649 = ORIENTED_EDGE('',*,*,#1602,.F.);
#3650 = PLANE('',#3651);
#3651 = AXIS2_PLACEMENT_3D('',#3652,#3653,#3654);
#3652 = CARTESIAN_POINT('',(-5.85,-11.5,-46.));
#3653 = DIRECTION('',(-0.707106781187,-3.5E-16,-0.707106781187));
#3654 = DIRECTION('',(1.324873734153E-16,-1.,3.624873734153E-16));
#3655 = ADVANCED_FACE('',(#3656),#3667,.T.);
#3656 = FACE_BOUND('',#3657,.T.);
#3657 = EDGE_LOOP('',(#3658,#3659,#3660,#3661));
#3658 = ORIENTED_EDGE('',*,*,#1066,.F.);
#3659 = ORIENTED_EDGE('',*,*,#3643,.T.);
#3660 = ORIENTED_EDGE('',*,*,#1579,.T.);
#3661 = ORIENTED_EDGE('',*,*,#3662,.F.);
#3662 = EDGE_CURVE('',#1067,#1572,#3663,.T.);
#3663 = LINE('',#3664,#3665);
#3664 = CARTESIAN_POINT('',(5.35,-11.5,-46.5));
#3665 = VECTOR('',#3666,1.);
#3666 = DIRECTION('',(0.,1.,-2.2E-16));
#3667 = PLANE('',#3668);
#3668 = AXIS2_PLACEMENT_3D('',#3669,#3670,#3671);
#3669 = CARTESIAN_POINT('',(-6.35,-11.5,-46.5));
#3670 = DIRECTION('',(0.,-2.2E-16,-1.));
#3671 = DIRECTION('',(1.,0.,0.));
#3672 = ADVANCED_FACE('',(#3673),#3679,.T.);
#3673 = FACE_BOUND('',#3674,.F.);
#3674 = EDGE_LOOP('',(#3675,#3676,#3677,#3678));
#3675 = ORIENTED_EDGE('',*,*,#1074,.F.);
#3676 = ORIENTED_EDGE('',*,*,#1485,.T.);
#3677 = ORIENTED_EDGE('',*,*,#1571,.T.);
#3678 = ORIENTED_EDGE('',*,*,#3662,.F.);
#3679 = PLANE('',#3680);
#3680 = AXIS2_PLACEMENT_3D('',#3681,#3682,#3683);
#3681 = CARTESIAN_POINT('',(5.85,-11.5,-46.));
#3682 = DIRECTION('',(0.707106781187,-3.5E-16,-0.707106781187));
#3683 = DIRECTION('',(-1.324873734153E-16,-1.,3.624873734153E-16));
#3684 = ADVANCED_FACE('',(#3685),#3696,.F.);
#3685 = FACE_BOUND('',#3686,.T.);
#3686 = EDGE_LOOP('',(#3687,#3688,#3689,#3695));
#3687 = ORIENTED_EDGE('',*,*,#1478,.F.);
#3688 = ORIENTED_EDGE('',*,*,#1431,.T.);
#3689 = ORIENTED_EDGE('',*,*,#3690,.F.);
#3690 = EDGE_CURVE('',#1091,#1432,#3691,.T.);
#3691 = LINE('',#3692,#3693);
#3692 = CARTESIAN_POINT('',(43.,-11.,-44.5));
#3693 = VECTOR('',#3694,1.);
#3694 = DIRECTION('',(3.85E-15,0.707106781187,-0.707106781187));
#3695 = ORIENTED_EDGE('',*,*,#1090,.F.);
#3696 = PLANE('',#3697);
#3697 = AXIS2_PLACEMENT_3D('',#3698,#3699,#3700);
#3698 = CARTESIAN_POINT('',(6.35,-11.,-44.5));
#3699 = DIRECTION('',(0.,0.707106781187,0.707106781187));
#3700 = DIRECTION('',(-1.,0.,0.));
#3701 = ADVANCED_FACE('',(#3702),#3718,.F.);
#3702 = FACE_BOUND('',#3703,.T.);
#3703 = EDGE_LOOP('',(#3704,#3710,#3711,#3717));
#3704 = ORIENTED_EDGE('',*,*,#3705,.F.);
#3705 = EDGE_CURVE('',#1456,#1091,#3706,.T.);
#3706 = LINE('',#3707,#3708);
#3707 = CARTESIAN_POINT('',(43.75,-10.75,-44.));
#3708 = VECTOR('',#3709,1.);
#3709 = DIRECTION('',(-0.707106781187,-0.707106781187,8.69E-15));
#3710 = ORIENTED_EDGE('',*,*,#1502,.T.);
#3711 = ORIENTED_EDGE('',*,*,#3712,.F.);
#3712 = EDGE_CURVE('',#1099,#1503,#3713,.T.);
#3713 = LINE('',#3714,#3715);
#3714 = CARTESIAN_POINT('',(43.25,-11.25,44.));
#3715 = VECTOR('',#3716,1.);
#3716 = DIRECTION('',(0.707106781187,0.707106781187,7.66E-15));
#3717 = ORIENTED_EDGE('',*,*,#1098,.F.);
#3718 = PLANE('',#3719);
#3719 = AXIS2_PLACEMENT_3D('',#3720,#3721,#3722);
#3720 = CARTESIAN_POINT('',(43.5,-11.,-45.));
#3721 = DIRECTION('',(-0.707106781187,0.707106781187,2.E-17));
#3722 = DIRECTION('',(-1.414213562373E-17,1.414213562373E-17,-1.));
#3723 = ADVANCED_FACE('',(#3724),#3740,.T.);
#3724 = FACE_BOUND('',#3725,.T.);
#3725 = EDGE_LOOP('',(#3726,#3727,#3733,#3734));
#3726 = ORIENTED_EDGE('',*,*,#1106,.F.);
#3727 = ORIENTED_EDGE('',*,*,#3728,.T.);
#3728 = EDGE_CURVE('',#1099,#2319,#3729,.T.);
#3729 = LINE('',#3730,#3731);
#3730 = CARTESIAN_POINT('',(43.,-11.25,44.25));
#3731 = VECTOR('',#3732,1.);
#3732 = DIRECTION('',(3.75E-15,0.707106781187,0.707106781187));
#3733 = ORIENTED_EDGE('',*,*,#2389,.T.);
#3734 = ORIENTED_EDGE('',*,*,#3735,.F.);
#3735 = EDGE_CURVE('',#1107,#2382,#3736,.T.);
#3736 = LINE('',#3737,#3738);
#3737 = CARTESIAN_POINT('',(6.35,-11.25,44.25));
#3738 = VECTOR('',#3739,1.);
#3739 = DIRECTION('',(0.,0.707106781187,0.707106781187));
#3740 = PLANE('',#3741);
#3741 = AXIS2_PLACEMENT_3D('',#3742,#3743,#3744);
#3742 = CARTESIAN_POINT('',(44.,-11.,44.5));
#3743 = DIRECTION('',(0.,-0.707106781187,0.707106781187));
#3744 = DIRECTION('',(-1.,0.,0.));
#3745 = ADVANCED_FACE('',(#3746),#3751,.T.);
#3746 = FACE_BOUND('',#3747,.T.);
#3747 = EDGE_LOOP('',(#3748,#3749,#3750));
#3748 = ORIENTED_EDGE('',*,*,#1114,.F.);
#3749 = ORIENTED_EDGE('',*,*,#3735,.T.);
#3750 = ORIENTED_EDGE('',*,*,#2381,.F.);
#3751 = PLANE('',#3752);
#3752 = AXIS2_PLACEMENT_3D('',#3753,#3754,#3755);
#3753 = CARTESIAN_POINT('',(6.35,-11.5,44.));
#3754 = DIRECTION('',(1.,0.,0.));
#3755 = DIRECTION('',(0.,2.2E-16,1.));
#3756 = ADVANCED_FACE('',(#3757),#3767,.T.);
#3757 = FACE_BOUND('',#3758,.T.);
#3758 = EDGE_LOOP('',(#3759,#3760,#3761));
#3759 = ORIENTED_EDGE('',*,*,#1130,.F.);
#3760 = ORIENTED_EDGE('',*,*,#2374,.T.);
#3761 = ORIENTED_EDGE('',*,*,#3762,.T.);
#3762 = EDGE_CURVE('',#2367,#1131,#3763,.T.);
#3763 = LINE('',#3764,#3765);
#3764 = CARTESIAN_POINT('',(-6.35,-11.,44.5));
#3765 = VECTOR('',#3766,1.);
#3766 = DIRECTION('',(0.,-0.707106781187,-0.707106781187));
#3767 = PLANE('',#3768);
#3768 = AXIS2_PLACEMENT_3D('',#3769,#3770,#3771);
#3769 = CARTESIAN_POINT('',(-6.35,-11.5,45.));
#3770 = DIRECTION('',(-1.,0.,0.));
#3771 = DIRECTION('',(0.,-2.2E-16,-1.));
#3772 = ADVANCED_FACE('',(#3773),#3784,.T.);
#3773 = FACE_BOUND('',#3774,.T.);
#3774 = EDGE_LOOP('',(#3775,#3776,#3777,#3778));
#3775 = ORIENTED_EDGE('',*,*,#1138,.F.);
#3776 = ORIENTED_EDGE('',*,*,#3762,.F.);
#3777 = ORIENTED_EDGE('',*,*,#2366,.T.);
#3778 = ORIENTED_EDGE('',*,*,#3779,.F.);
#3779 = EDGE_CURVE('',#1139,#2341,#3780,.T.);
#3780 = LINE('',#3781,#3782);
#3781 = CARTESIAN_POINT('',(-26.,-11.,44.5));
#3782 = VECTOR('',#3783,1.);
#3783 = DIRECTION('',(-1.35E-15,0.707106781187,0.707106781187));
#3784 = PLANE('',#3785);
#3785 = AXIS2_PLACEMENT_3D('',#3786,#3787,#3788);
#3786 = CARTESIAN_POINT('',(44.,-11.,44.5));
#3787 = DIRECTION('',(0.,-0.707106781187,0.707106781187));
#3788 = DIRECTION('',(-1.,0.,0.));
#3789 = ADVANCED_FACE('',(#3790),#3806,.F.);
#3790 = FACE_BOUND('',#3791,.F.);
#3791 = EDGE_LOOP('',(#3792,#3798,#3799,#3805));
#3792 = ORIENTED_EDGE('',*,*,#3793,.F.);
#3793 = EDGE_CURVE('',#2258,#1147,#3794,.T.);
#3794 = LINE('',#3795,#3796);
#3795 = CARTESIAN_POINT('',(-27.,-10.5,16.95));
#3796 = VECTOR('',#3797,1.);
#3797 = DIRECTION('',(0.57735026919,-0.57735026919,-0.57735026919));
#3798 = ORIENTED_EDGE('',*,*,#2290,.T.);
#3799 = ORIENTED_EDGE('',*,*,#3800,.T.);
#3800 = EDGE_CURVE('',#2283,#1139,#3801,.T.);
#3801 = LINE('',#3802,#3803);
#3802 = CARTESIAN_POINT('',(-26.75,-10.75,44.));
#3803 = VECTOR('',#3804,1.);
#3804 = DIRECTION('',(0.707106781187,-0.707106781187,-1.5E-15));
#3805 = ORIENTED_EDGE('',*,*,#1146,.F.);
#3806 = PLANE('',#3807);
#3807 = AXIS2_PLACEMENT_3D('',#3808,#3809,#3810);
#3808 = CARTESIAN_POINT('',(-26.5,-11.,16.95));
#3809 = DIRECTION('',(0.707106781187,0.707106781187,4.E-17));
#3810 = DIRECTION('',(-1.382842712475E-16,8.171572875254E-17,1.));
#3811 = ADVANCED_FACE('',(#3812),#3823,.F.);
#3812 = FACE_BOUND('',#3813,.F.);
#3813 = EDGE_LOOP('',(#3814,#3820,#3821,#3822));
#3814 = ORIENTED_EDGE('',*,*,#3815,.F.);
#3815 = EDGE_CURVE('',#2166,#1155,#3816,.T.);
#3816 = LINE('',#3817,#3818);
#3817 = CARTESIAN_POINT('',(-24.65833333333,-6.158333333333,
    21.291666666667));
#3818 = VECTOR('',#3819,1.);
#3819 = DIRECTION('',(-0.57735026919,-0.57735026919,-0.57735026919));
#3820 = ORIENTED_EDGE('',*,*,#2265,.T.);
#3821 = ORIENTED_EDGE('',*,*,#3793,.T.);
#3822 = ORIENTED_EDGE('',*,*,#1154,.F.);
#3823 = PLANE('',#3824);
#3824 = AXIS2_PLACEMENT_3D('',#3825,#3826,#3827);
#3825 = CARTESIAN_POINT('',(-29.,-11.,16.45));
#3826 = DIRECTION('',(0.,0.707106781187,-0.707106781187));
#3827 = DIRECTION('',(1.,0.,0.));
#3828 = ADVANCED_FACE('',(#3829),#3840,.F.);
#3829 = FACE_BOUND('',#3830,.F.);
#3830 = EDGE_LOOP('',(#3831,#3837,#3838,#3839));
#3831 = ORIENTED_EDGE('',*,*,#3832,.F.);
#3832 = EDGE_CURVE('',#2174,#1163,#3833,.T.);
#3833 = LINE('',#3834,#3835);
#3834 = CARTESIAN_POINT('',(-29.25,-10.75,44.));
#3835 = VECTOR('',#3836,1.);
#3836 = DIRECTION('',(-0.707106781187,-0.707106781187,8.69E-15));
#3837 = ORIENTED_EDGE('',*,*,#2173,.T.);
#3838 = ORIENTED_EDGE('',*,*,#3815,.T.);
#3839 = ORIENTED_EDGE('',*,*,#1162,.F.);
#3840 = PLANE('',#3841);
#3841 = AXIS2_PLACEMENT_3D('',#3842,#3843,#3844);
#3842 = CARTESIAN_POINT('',(-29.5,-11.,45.));
#3843 = DIRECTION('',(-0.707106781187,0.707106781187,2.E-17));
#3844 = DIRECTION('',(-1.241421356237E-16,-9.585786437627E-17,-1.));
#3845 = ADVANCED_FACE('',(#3846),#3871,.F.);
#3846 = FACE_BOUND('',#3847,.F.);
#3847 = EDGE_LOOP('',(#3848,#3849,#3857,#3865));
#3848 = ORIENTED_EDGE('',*,*,#1170,.T.);
#3849 = ORIENTED_EDGE('',*,*,#3850,.T.);
#3850 = EDGE_CURVE('',#1171,#3851,#3853,.T.);
#3851 = VERTEX_POINT('',#3852);
#3852 = CARTESIAN_POINT('',(-43.,-10.5,45.));
#3853 = LINE('',#3854,#3855);
#3854 = CARTESIAN_POINT('',(-43.,-11.,44.5));
#3855 = VECTOR('',#3856,1.);
#3856 = DIRECTION('',(-1.15E-15,0.707106781187,0.707106781187));
#3857 = ORIENTED_EDGE('',*,*,#3858,.F.);
#3858 = EDGE_CURVE('',#3859,#3851,#3861,.T.);
#3859 = VERTEX_POINT('',#3860);
#3860 = CARTESIAN_POINT('',(-30.,-10.5,45.));
#3861 = LINE('',#3862,#3863);
#3862 = CARTESIAN_POINT('',(-29.,-10.5,45.));
#3863 = VECTOR('',#3864,1.);
#3864 = DIRECTION('',(-1.,0.,0.));
#3865 = ORIENTED_EDGE('',*,*,#3866,.F.);
#3866 = EDGE_CURVE('',#1163,#3859,#3867,.T.);
#3867 = LINE('',#3868,#3869);
#3868 = CARTESIAN_POINT('',(-30.,-11.,44.5));
#3869 = VECTOR('',#3870,1.);
#3870 = DIRECTION('',(1.15E-15,0.707106781187,0.707106781187));
#3871 = PLANE('',#3872);
#3872 = AXIS2_PLACEMENT_3D('',#3873,#3874,#3875);
#3873 = CARTESIAN_POINT('',(-29.,-11.,44.5));
#3874 = DIRECTION('',(0.,0.707106781187,-0.707106781187));
#3875 = DIRECTION('',(-1.,0.,0.));
#3876 = ADVANCED_FACE('',(#3877),#3893,.F.);
#3877 = FACE_BOUND('',#3878,.T.);
#3878 = EDGE_LOOP('',(#3879,#3885,#3886,#3892));
#3879 = ORIENTED_EDGE('',*,*,#3880,.F.);
#3880 = EDGE_CURVE('',#1938,#1171,#3881,.T.);
#3881 = LINE('',#3882,#3883);
#3882 = CARTESIAN_POINT('',(-43.75,-10.75,44.));
#3883 = VECTOR('',#3884,1.);
#3884 = DIRECTION('',(0.707106781187,-0.707106781187,3.69E-15));
#3885 = ORIENTED_EDGE('',*,*,#1945,.T.);
#3886 = ORIENTED_EDGE('',*,*,#3887,.F.);
#3887 = EDGE_CURVE('',#1179,#1946,#3888,.T.);
#3888 = LINE('',#3889,#3890);
#3889 = CARTESIAN_POINT('',(-43.5,-11.,-44.));
#3890 = VECTOR('',#3891,1.);
#3891 = DIRECTION('',(-0.707106781187,0.707106781187,-4.84E-15));
#3892 = ORIENTED_EDGE('',*,*,#1178,.F.);
#3893 = PLANE('',#3894);
#3894 = AXIS2_PLACEMENT_3D('',#3895,#3896,#3897);
#3895 = CARTESIAN_POINT('',(-43.5,-11.,45.));
#3896 = DIRECTION('',(0.707106781187,0.707106781187,-8.E-17));
#3897 = DIRECTION('',(5.656854249492E-17,5.656854249492E-17,1.));
#3898 = ADVANCED_FACE('',(#3899),#3924,.F.);
#3899 = FACE_BOUND('',#3900,.F.);
#3900 = EDGE_LOOP('',(#3901,#3909,#3910,#3918));
#3901 = ORIENTED_EDGE('',*,*,#3902,.T.);
#3902 = EDGE_CURVE('',#3903,#1179,#3905,.T.);
#3903 = VERTEX_POINT('',#3904);
#3904 = CARTESIAN_POINT('',(-43.,-10.5,-45.));
#3905 = LINE('',#3906,#3907);
#3906 = CARTESIAN_POINT('',(-43.,-10.75,-44.75));
#3907 = VECTOR('',#3908,1.);
#3908 = DIRECTION('',(0.,-0.707106781187,0.707106781187));
#3909 = ORIENTED_EDGE('',*,*,#1186,.T.);
#3910 = ORIENTED_EDGE('',*,*,#3911,.T.);
#3911 = EDGE_CURVE('',#1187,#3912,#3914,.T.);
#3912 = VERTEX_POINT('',#3913);
#3913 = CARTESIAN_POINT('',(-30.,-10.5,-45.));
#3914 = LINE('',#3915,#3916);
#3915 = CARTESIAN_POINT('',(-30.,-11.,-44.5));
#3916 = VECTOR('',#3917,1.);
#3917 = DIRECTION('',(6.25E-15,0.707106781187,-0.707106781187));
#3918 = ORIENTED_EDGE('',*,*,#3919,.F.);
#3919 = EDGE_CURVE('',#3903,#3912,#3920,.T.);
#3920 = LINE('',#3921,#3922);
#3921 = CARTESIAN_POINT('',(-44.,-10.5,-45.));
#3922 = VECTOR('',#3923,1.);
#3923 = DIRECTION('',(1.,0.,0.));
#3924 = PLANE('',#3925);
#3925 = AXIS2_PLACEMENT_3D('',#3926,#3927,#3928);
#3926 = CARTESIAN_POINT('',(-44.,-11.,-44.5));
#3927 = DIRECTION('',(0.,0.707106781187,0.707106781187));
#3928 = DIRECTION('',(1.,0.,0.));
#3929 = ADVANCED_FACE('',(#3930),#3946,.F.);
#3930 = FACE_BOUND('',#3931,.F.);
#3931 = EDGE_LOOP('',(#3932,#3938,#3939,#3945));
#3932 = ORIENTED_EDGE('',*,*,#3933,.F.);
#3933 = EDGE_CURVE('',#1707,#1195,#3934,.T.);
#3934 = LINE('',#3935,#3936);
#3935 = CARTESIAN_POINT('',(-29.,-10.5,-16.95));
#3936 = VECTOR('',#3937,1.);
#3937 = DIRECTION('',(-0.57735026919,-0.57735026919,0.57735026919));
#3938 = ORIENTED_EDGE('',*,*,#1757,.T.);
#3939 = ORIENTED_EDGE('',*,*,#3940,.T.);
#3940 = EDGE_CURVE('',#1750,#1187,#3941,.T.);
#3941 = LINE('',#3942,#3943);
#3942 = CARTESIAN_POINT('',(-29.25,-10.75,-44.));
#3943 = VECTOR('',#3944,1.);
#3944 = DIRECTION('',(-0.707106781187,-0.707106781187,1.19E-15));
#3945 = ORIENTED_EDGE('',*,*,#1194,.F.);
#3946 = PLANE('',#3947);
#3947 = AXIS2_PLACEMENT_3D('',#3948,#3949,#3950);
#3948 = CARTESIAN_POINT('',(-29.5,-11.,-16.95));
#3949 = DIRECTION('',(-0.707106781187,0.707106781187,2.E-17));
#3950 = DIRECTION('',(-1.241421356237E-16,-9.585786437627E-17,-1.));
#3951 = ADVANCED_FACE('',(#3952),#3963,.F.);
#3952 = FACE_BOUND('',#3953,.F.);
#3953 = EDGE_LOOP('',(#3954,#3960,#3961,#3962));
#3954 = ORIENTED_EDGE('',*,*,#3955,.F.);
#3955 = EDGE_CURVE('',#1672,#1203,#3956,.T.);
#3956 = LINE('',#3957,#3958);
#3957 = CARTESIAN_POINT('',(-31.34166666666,-6.158333333333,
    -21.29166666666));
#3958 = VECTOR('',#3959,1.);
#3959 = DIRECTION('',(0.57735026919,-0.57735026919,0.57735026919));
#3960 = ORIENTED_EDGE('',*,*,#1714,.T.);
#3961 = ORIENTED_EDGE('',*,*,#3933,.T.);
#3962 = ORIENTED_EDGE('',*,*,#1202,.F.);
#3963 = PLANE('',#3964);
#3964 = AXIS2_PLACEMENT_3D('',#3965,#3966,#3967);
#3965 = CARTESIAN_POINT('',(-27.,-11.,-16.45));
#3966 = DIRECTION('',(0.,0.707106781187,0.707106781187));
#3967 = DIRECTION('',(-1.,0.,0.));
#3968 = ADVANCED_FACE('',(#3969),#3980,.F.);
#3969 = FACE_BOUND('',#3970,.F.);
#3970 = EDGE_LOOP('',(#3971,#3977,#3978,#3979));
#3971 = ORIENTED_EDGE('',*,*,#3972,.F.);
#3972 = EDGE_CURVE('',#1648,#1211,#3973,.T.);
#3973 = LINE('',#3974,#3975);
#3974 = CARTESIAN_POINT('',(-26.75,-10.75,-44.));
#3975 = VECTOR('',#3976,1.);
#3976 = DIRECTION('',(0.707106781187,-0.707106781187,4.94E-15));
#3977 = ORIENTED_EDGE('',*,*,#1679,.T.);
#3978 = ORIENTED_EDGE('',*,*,#3955,.T.);
#3979 = ORIENTED_EDGE('',*,*,#1210,.F.);
#3980 = PLANE('',#3981);
#3981 = AXIS2_PLACEMENT_3D('',#3982,#3983,#3984);
#3982 = CARTESIAN_POINT('',(-26.5,-11.,-45.));
#3983 = DIRECTION('',(0.707106781187,0.707106781187,-8.E-17));
#3984 = DIRECTION('',(-5.343145750508E-17,1.665685424949E-16,1.));
#3985 = ADVANCED_FACE('',(#3986),#3997,.F.);
#3986 = FACE_BOUND('',#3987,.T.);
#3987 = EDGE_LOOP('',(#3988,#3989,#3990,#3991));
#3988 = ORIENTED_EDGE('',*,*,#1632,.T.);
#3989 = ORIENTED_EDGE('',*,*,#1609,.T.);
#3990 = ORIENTED_EDGE('',*,*,#1218,.F.);
#3991 = ORIENTED_EDGE('',*,*,#3992,.T.);
#3992 = EDGE_CURVE('',#1211,#1625,#3993,.T.);
#3993 = LINE('',#3994,#3995);
#3994 = CARTESIAN_POINT('',(-26.,-11.,-44.5));
#3995 = VECTOR('',#3996,1.);
#3996 = DIRECTION('',(-1.25E-15,0.707106781187,-0.707106781187));
#3997 = PLANE('',#3998);
#3998 = AXIS2_PLACEMENT_3D('',#3999,#4000,#4001);
#3999 = CARTESIAN_POINT('',(-27.,-11.,-44.5));
#4000 = DIRECTION('',(0.,0.707106781187,0.707106781187));
#4001 = DIRECTION('',(-1.,0.,0.));
#4002 = ADVANCED_FACE('',(#4003),#4014,.F.);
#4003 = FACE_BOUND('',#4004,.F.);
#4004 = EDGE_LOOP('',(#4005,#4011,#4012,#4013));
#4005 = ORIENTED_EDGE('',*,*,#4006,.T.);
#4006 = EDGE_CURVE('',#1227,#3623,#4007,.T.);
#4007 = LINE('',#4008,#4009);
#4008 = CARTESIAN_POINT('',(11.5,-11.5,0.));
#4009 = VECTOR('',#4010,1.);
#4010 = DIRECTION('',(0.,1.,-2.2E-16));
#4011 = ORIENTED_EDGE('',*,*,#3622,.T.);
#4012 = ORIENTED_EDGE('',*,*,#4006,.F.);
#4013 = ORIENTED_EDGE('',*,*,#1226,.F.);
#4014 = CYLINDRICAL_SURFACE('',#4015,11.5);
#4015 = AXIS2_PLACEMENT_3D('',#4016,#4017,#4018);
#4016 = CARTESIAN_POINT('',(0.,-11.5,0.));
#4017 = DIRECTION('',(0.,-1.,2.2E-16));
#4018 = DIRECTION('',(1.,0.,0.));
#4019 = ADVANCED_FACE('',(#4020),#4039,.F.);
#4020 = FACE_BOUND('',#4021,.F.);
#4021 = EDGE_LOOP('',(#4022,#4030,#4037,#4038));
#4022 = ORIENTED_EDGE('',*,*,#4023,.T.);
#4023 = EDGE_CURVE('',#1238,#4024,#4026,.T.);
#4024 = VERTEX_POINT('',#4025);
#4025 = CARTESIAN_POINT('',(24.,-10.5,-37.5));
#4026 = LINE('',#4027,#4028);
#4027 = CARTESIAN_POINT('',(24.,-11.5,-37.5));
#4028 = VECTOR('',#4029,1.);
#4029 = DIRECTION('',(0.,1.,-2.2E-16));
#4030 = ORIENTED_EDGE('',*,*,#4031,.T.);
#4031 = EDGE_CURVE('',#4024,#4024,#4032,.T.);
#4032 = CIRCLE('',#4033,4.5);
#4033 = AXIS2_PLACEMENT_3D('',#4034,#4035,#4036);
#4034 = CARTESIAN_POINT('',(19.5,-10.5,-37.5));
#4035 = DIRECTION('',(0.,-1.,-2.2E-16));
#4036 = DIRECTION('',(1.,0.,0.));
#4037 = ORIENTED_EDGE('',*,*,#4023,.F.);
#4038 = ORIENTED_EDGE('',*,*,#1237,.F.);
#4039 = CYLINDRICAL_SURFACE('',#4040,4.5);
#4040 = AXIS2_PLACEMENT_3D('',#4041,#4042,#4043);
#4041 = CARTESIAN_POINT('',(19.5,-11.5,-37.5));
#4042 = DIRECTION('',(0.,-1.,2.2E-16));
#4043 = DIRECTION('',(1.,0.,0.));
#4044 = ADVANCED_FACE('',(#4045),#4064,.F.);
#4045 = FACE_BOUND('',#4046,.F.);
#4046 = EDGE_LOOP('',(#4047,#4055,#4062,#4063));
#4047 = ORIENTED_EDGE('',*,*,#4048,.T.);
#4048 = EDGE_CURVE('',#1249,#4049,#4051,.T.);
#4049 = VERTEX_POINT('',#4050);
#4050 = CARTESIAN_POINT('',(-15.,-10.5,37.5));
#4051 = LINE('',#4052,#4053);
#4052 = CARTESIAN_POINT('',(-15.,-11.5,37.5));
#4053 = VECTOR('',#4054,1.);
#4054 = DIRECTION('',(0.,1.,-2.2E-16));
#4055 = ORIENTED_EDGE('',*,*,#4056,.T.);
#4056 = EDGE_CURVE('',#4049,#4049,#4057,.T.);
#4057 = CIRCLE('',#4058,4.5);
#4058 = AXIS2_PLACEMENT_3D('',#4059,#4060,#4061);
#4059 = CARTESIAN_POINT('',(-19.5,-10.5,37.5));
#4060 = DIRECTION('',(0.,-1.,-2.2E-16));
#4061 = DIRECTION('',(1.,0.,0.));
#4062 = ORIENTED_EDGE('',*,*,#4048,.F.);
#4063 = ORIENTED_EDGE('',*,*,#1248,.F.);
#4064 = CYLINDRICAL_SURFACE('',#4065,4.5);
#4065 = AXIS2_PLACEMENT_3D('',#4066,#4067,#4068);
#4066 = CARTESIAN_POINT('',(-19.5,-11.5,37.5));
#4067 = DIRECTION('',(0.,-1.,2.2E-16));
#4068 = DIRECTION('',(1.,0.,0.));
#4069 = ADVANCED_FACE('',(#4070),#4089,.F.);
#4070 = FACE_BOUND('',#4071,.F.);
#4071 = EDGE_LOOP('',(#4072,#4080,#4087,#4088));
#4072 = ORIENTED_EDGE('',*,*,#4073,.T.);
#4073 = EDGE_CURVE('',#1260,#4074,#4076,.T.);
#4074 = VERTEX_POINT('',#4075);
#4075 = CARTESIAN_POINT('',(24.,-10.5,37.5));
#4076 = LINE('',#4077,#4078);
#4077 = CARTESIAN_POINT('',(24.,-11.5,37.5));
#4078 = VECTOR('',#4079,1.);
#4079 = DIRECTION('',(0.,1.,-2.2E-16));
#4080 = ORIENTED_EDGE('',*,*,#4081,.T.);
#4081 = EDGE_CURVE('',#4074,#4074,#4082,.T.);
#4082 = CIRCLE('',#4083,4.5);
#4083 = AXIS2_PLACEMENT_3D('',#4084,#4085,#4086);
#4084 = CARTESIAN_POINT('',(19.5,-10.5,37.5));
#4085 = DIRECTION('',(0.,-1.,-2.2E-16));
#4086 = DIRECTION('',(1.,0.,0.));
#4087 = ORIENTED_EDGE('',*,*,#4073,.F.);
#4088 = ORIENTED_EDGE('',*,*,#1259,.F.);
#4089 = CYLINDRICAL_SURFACE('',#4090,4.5);
#4090 = AXIS2_PLACEMENT_3D('',#4091,#4092,#4093);
#4091 = CARTESIAN_POINT('',(19.5,-11.5,37.5));
#4092 = DIRECTION('',(0.,-1.,2.2E-16));
#4093 = DIRECTION('',(1.,0.,0.));
#4094 = ADVANCED_FACE('',(#4095),#4114,.F.);
#4095 = FACE_BOUND('',#4096,.F.);
#4096 = EDGE_LOOP('',(#4097,#4105,#4112,#4113));
#4097 = ORIENTED_EDGE('',*,*,#4098,.T.);
#4098 = EDGE_CURVE('',#1271,#4099,#4101,.T.);
#4099 = VERTEX_POINT('',#4100);
#4100 = CARTESIAN_POINT('',(-15.,-10.5,-37.5));
#4101 = LINE('',#4102,#4103);
#4102 = CARTESIAN_POINT('',(-15.,-11.5,-37.5));
#4103 = VECTOR('',#4104,1.);
#4104 = DIRECTION('',(0.,1.,-2.2E-16));
#4105 = ORIENTED_EDGE('',*,*,#4106,.T.);
#4106 = EDGE_CURVE('',#4099,#4099,#4107,.T.);
#4107 = CIRCLE('',#4108,4.5);
#4108 = AXIS2_PLACEMENT_3D('',#4109,#4110,#4111);
#4109 = CARTESIAN_POINT('',(-19.5,-10.5,-37.5));
#4110 = DIRECTION('',(0.,-1.,-2.2E-16));
#4111 = DIRECTION('',(1.,0.,0.));
#4112 = ORIENTED_EDGE('',*,*,#4098,.F.);
#4113 = ORIENTED_EDGE('',*,*,#1270,.F.);
#4114 = CYLINDRICAL_SURFACE('',#4115,4.5);
#4115 = AXIS2_PLACEMENT_3D('',#4116,#4117,#4118);
#4116 = CARTESIAN_POINT('',(-19.5,-11.5,-37.5));
#4117 = DIRECTION('',(0.,-1.,2.2E-16));
#4118 = DIRECTION('',(1.,0.,0.));
#4119 = ADVANCED_FACE('',(#4120),#4139,.F.);
#4120 = FACE_BOUND('',#4121,.F.);
#4121 = EDGE_LOOP('',(#4122,#4130,#4137,#4138));
#4122 = ORIENTED_EDGE('',*,*,#4123,.T.);
#4123 = EDGE_CURVE('',#1282,#4124,#4126,.T.);
#4124 = VERTEX_POINT('',#4125);
#4125 = CARTESIAN_POINT('',(-33.5,-9.5,36.6));
#4126 = LINE('',#4127,#4128);
#4127 = CARTESIAN_POINT('',(-33.5,-11.5,36.6));
#4128 = VECTOR('',#4129,1.);
#4129 = DIRECTION('',(0.,1.,-2.2E-16));
#4130 = ORIENTED_EDGE('',*,*,#4131,.T.);
#4131 = EDGE_CURVE('',#4124,#4124,#4132,.T.);
#4132 = CIRCLE('',#4133,3.);
#4133 = AXIS2_PLACEMENT_3D('',#4134,#4135,#4136);
#4134 = CARTESIAN_POINT('',(-36.5,-9.5,36.6));
#4135 = DIRECTION('',(0.,-1.,-2.2E-16));
#4136 = DIRECTION('',(1.,0.,0.));
#4137 = ORIENTED_EDGE('',*,*,#4123,.F.);
#4138 = ORIENTED_EDGE('',*,*,#1281,.F.);
#4139 = CYLINDRICAL_SURFACE('',#4140,3.);
#4140 = AXIS2_PLACEMENT_3D('',#4141,#4142,#4143);
#4141 = CARTESIAN_POINT('',(-36.5,-11.5,36.6));
#4142 = DIRECTION('',(0.,-1.,2.2E-16));
#4143 = DIRECTION('',(1.,0.,0.));
#4144 = ADVANCED_FACE('',(#4145),#4164,.F.);
#4145 = FACE_BOUND('',#4146,.F.);
#4146 = EDGE_LOOP('',(#4147,#4155,#4162,#4163));
#4147 = ORIENTED_EDGE('',*,*,#4148,.T.);
#4148 = EDGE_CURVE('',#1293,#4149,#4151,.T.);
#4149 = VERTEX_POINT('',#4150);
#4150 = CARTESIAN_POINT('',(-33.5,-9.5,-36.6));
#4151 = LINE('',#4152,#4153);
#4152 = CARTESIAN_POINT('',(-33.5,-11.5,-36.6));
#4153 = VECTOR('',#4154,1.);
#4154 = DIRECTION('',(0.,1.,-2.2E-16));
#4155 = ORIENTED_EDGE('',*,*,#4156,.T.);
#4156 = EDGE_CURVE('',#4149,#4149,#4157,.T.);
#4157 = CIRCLE('',#4158,3.);
#4158 = AXIS2_PLACEMENT_3D('',#4159,#4160,#4161);
#4159 = CARTESIAN_POINT('',(-36.5,-9.5,-36.6));
#4160 = DIRECTION('',(0.,-1.,-2.2E-16));
#4161 = DIRECTION('',(1.,0.,0.));
#4162 = ORIENTED_EDGE('',*,*,#4148,.F.);
#4163 = ORIENTED_EDGE('',*,*,#1292,.F.);
#4164 = CYLINDRICAL_SURFACE('',#4165,3.);
#4165 = AXIS2_PLACEMENT_3D('',#4166,#4167,#4168);
#4166 = CARTESIAN_POINT('',(-36.5,-11.5,-36.6));
#4167 = DIRECTION('',(0.,-1.,2.2E-16));
#4168 = DIRECTION('',(1.,0.,0.));
#4169 = ADVANCED_FACE('',(#4170),#4189,.F.);
#4170 = FACE_BOUND('',#4171,.F.);
#4171 = EDGE_LOOP('',(#4172,#4180,#4181,#4182));
#4172 = ORIENTED_EDGE('',*,*,#4173,.F.);
#4173 = EDGE_CURVE('',#1304,#4174,#4176,.T.);
#4174 = VERTEX_POINT('',#4175);
#4175 = CARTESIAN_POINT('',(17.1,8.2,15.5));
#4176 = LINE('',#4177,#4178);
#4177 = CARTESIAN_POINT('',(17.1,-11.5,15.5));
#4178 = VECTOR('',#4179,1.);
#4179 = DIRECTION('',(0.,1.,-2.2E-16));
#4180 = ORIENTED_EDGE('',*,*,#1303,.F.);
#4181 = ORIENTED_EDGE('',*,*,#4173,.T.);
#4182 = ORIENTED_EDGE('',*,*,#4183,.T.);
#4183 = EDGE_CURVE('',#4174,#4174,#4184,.T.);
#4184 = CIRCLE('',#4185,1.6);
#4185 = AXIS2_PLACEMENT_3D('',#4186,#4187,#4188);
#4186 = CARTESIAN_POINT('',(15.5,8.2,15.5));
#4187 = DIRECTION('',(0.,-1.,0.));
#4188 = DIRECTION('',(1.,0.,-3.33E-15));
#4189 = CYLINDRICAL_SURFACE('',#4190,1.6);
#4190 = AXIS2_PLACEMENT_3D('',#4191,#4192,#4193);
#4191 = CARTESIAN_POINT('',(15.5,-11.5,15.5));
#4192 = DIRECTION('',(0.,-1.,2.2E-16));
#4193 = DIRECTION('',(1.,0.,0.));
#4194 = ADVANCED_FACE('',(#4195),#4214,.F.);
#4195 = FACE_BOUND('',#4196,.F.);
#4196 = EDGE_LOOP('',(#4197,#4205,#4206,#4207));
#4197 = ORIENTED_EDGE('',*,*,#4198,.F.);
#4198 = EDGE_CURVE('',#1315,#4199,#4201,.T.);
#4199 = VERTEX_POINT('',#4200);
#4200 = CARTESIAN_POINT('',(-13.9,8.2,15.5));
#4201 = LINE('',#4202,#4203);
#4202 = CARTESIAN_POINT('',(-13.9,-11.5,15.5));
#4203 = VECTOR('',#4204,1.);
#4204 = DIRECTION('',(0.,1.,-2.2E-16));
#4205 = ORIENTED_EDGE('',*,*,#1314,.F.);
#4206 = ORIENTED_EDGE('',*,*,#4198,.T.);
#4207 = ORIENTED_EDGE('',*,*,#4208,.T.);
#4208 = EDGE_CURVE('',#4199,#4199,#4209,.T.);
#4209 = CIRCLE('',#4210,1.6);
#4210 = AXIS2_PLACEMENT_3D('',#4211,#4212,#4213);
#4211 = CARTESIAN_POINT('',(-15.5,8.2,15.5));
#4212 = DIRECTION('',(0.,-1.,0.));
#4213 = DIRECTION('',(1.,0.,-3.33E-15));
#4214 = CYLINDRICAL_SURFACE('',#4215,1.6);
#4215 = AXIS2_PLACEMENT_3D('',#4216,#4217,#4218);
#4216 = CARTESIAN_POINT('',(-15.5,-11.5,15.5));
#4217 = DIRECTION('',(0.,-1.,2.2E-16));
#4218 = DIRECTION('',(1.,0.,0.));
#4219 = ADVANCED_FACE('',(#4220),#4239,.F.);
#4220 = FACE_BOUND('',#4221,.F.);
#4221 = EDGE_LOOP('',(#4222,#4230,#4231,#4232));
#4222 = ORIENTED_EDGE('',*,*,#4223,.F.);
#4223 = EDGE_CURVE('',#1329,#4224,#4226,.T.);
#4224 = VERTEX_POINT('',#4225);
#4225 = CARTESIAN_POINT('',(-13.9,8.2,-15.5));
#4226 = LINE('',#4227,#4228);
#4227 = CARTESIAN_POINT('',(-13.9,-11.5,-15.5));
#4228 = VECTOR('',#4229,1.);
#4229 = DIRECTION('',(0.,1.,-2.2E-16));
#4230 = ORIENTED_EDGE('',*,*,#1328,.F.);
#4231 = ORIENTED_EDGE('',*,*,#4223,.T.);
#4232 = ORIENTED_EDGE('',*,*,#4233,.T.);
#4233 = EDGE_CURVE('',#4224,#4224,#4234,.T.);
#4234 = CIRCLE('',#4235,1.6);
#4235 = AXIS2_PLACEMENT_3D('',#4236,#4237,#4238);
#4236 = CARTESIAN_POINT('',(-15.5,8.2,-15.5));
#4237 = DIRECTION('',(0.,-1.,0.));
#4238 = DIRECTION('',(1.,0.,-3.33E-15));
#4239 = CYLINDRICAL_SURFACE('',#4240,1.6);
#4240 = AXIS2_PLACEMENT_3D('',#4241,#4242,#4243);
#4241 = CARTESIAN_POINT('',(-15.5,-11.5,-15.5));
#4242 = DIRECTION('',(0.,-1.,2.2E-16));
#4243 = DIRECTION('',(1.,0.,0.));
#4244 = ADVANCED_FACE('',(#4245),#4264,.F.);
#4245 = FACE_BOUND('',#4246,.F.);
#4246 = EDGE_LOOP('',(#4247,#4255,#4256,#4257));
#4247 = ORIENTED_EDGE('',*,*,#4248,.F.);
#4248 = EDGE_CURVE('',#1340,#4249,#4251,.T.);
#4249 = VERTEX_POINT('',#4250);
#4250 = CARTESIAN_POINT('',(38.,8.5,-37.5));
#4251 = LINE('',#4252,#4253);
#4252 = CARTESIAN_POINT('',(38.,-11.5,-37.5));
#4253 = VECTOR('',#4254,1.);
#4254 = DIRECTION('',(0.,1.,-2.2E-16));
#4255 = ORIENTED_EDGE('',*,*,#1339,.F.);
#4256 = ORIENTED_EDGE('',*,*,#4248,.T.);
#4257 = ORIENTED_EDGE('',*,*,#4258,.T.);
#4258 = EDGE_CURVE('',#4249,#4249,#4259,.T.);
#4259 = CIRCLE('',#4260,1.5);
#4260 = AXIS2_PLACEMENT_3D('',#4261,#4262,#4263);
#4261 = CARTESIAN_POINT('',(36.5,8.5,-37.5));
#4262 = DIRECTION('',(0.,-1.,2.2E-16));
#4263 = DIRECTION('',(1.,0.,0.));
#4264 = CYLINDRICAL_SURFACE('',#4265,1.5);
#4265 = AXIS2_PLACEMENT_3D('',#4266,#4267,#4268);
#4266 = CARTESIAN_POINT('',(36.5,-11.5,-37.5));
#4267 = DIRECTION('',(0.,-1.,2.2E-16));
#4268 = DIRECTION('',(1.,0.,0.));
#4269 = ADVANCED_FACE('',(#4270),#4289,.F.);
#4270 = FACE_BOUND('',#4271,.F.);
#4271 = EDGE_LOOP('',(#4272,#4280,#4281,#4282));
#4272 = ORIENTED_EDGE('',*,*,#4273,.F.);
#4273 = EDGE_CURVE('',#1351,#4274,#4276,.T.);
#4274 = VERTEX_POINT('',#4275);
#4275 = CARTESIAN_POINT('',(38.,8.5,37.5));
#4276 = LINE('',#4277,#4278);
#4277 = CARTESIAN_POINT('',(38.,-11.5,37.5));
#4278 = VECTOR('',#4279,1.);
#4279 = DIRECTION('',(0.,1.,-2.2E-16));
#4280 = ORIENTED_EDGE('',*,*,#1350,.F.);
#4281 = ORIENTED_EDGE('',*,*,#4273,.T.);
#4282 = ORIENTED_EDGE('',*,*,#4283,.T.);
#4283 = EDGE_CURVE('',#4274,#4274,#4284,.T.);
#4284 = CIRCLE('',#4285,1.5);
#4285 = AXIS2_PLACEMENT_3D('',#4286,#4287,#4288);
#4286 = CARTESIAN_POINT('',(36.5,8.5,37.5));
#4287 = DIRECTION('',(0.,-1.,2.2E-16));
#4288 = DIRECTION('',(1.,0.,0.));
#4289 = CYLINDRICAL_SURFACE('',#4290,1.5);
#4290 = AXIS2_PLACEMENT_3D('',#4291,#4292,#4293);
#4291 = CARTESIAN_POINT('',(36.5,-11.5,37.5));
#4292 = DIRECTION('',(0.,-1.,2.2E-16));
#4293 = DIRECTION('',(1.,0.,0.));
#4294 = ADVANCED_FACE('',(#4295),#4314,.F.);
#4295 = FACE_BOUND('',#4296,.F.);
#4296 = EDGE_LOOP('',(#4297,#4305,#4306,#4307));
#4297 = ORIENTED_EDGE('',*,*,#4298,.F.);
#4298 = EDGE_CURVE('',#1362,#4299,#4301,.T.);
#4299 = VERTEX_POINT('',#4300);
#4300 = CARTESIAN_POINT('',(-35.,8.5,-2.E-15));
#4301 = LINE('',#4302,#4303);
#4302 = CARTESIAN_POINT('',(-35.,-11.5,6.1E-16));
#4303 = VECTOR('',#4304,1.);
#4304 = DIRECTION('',(0.,1.,-2.2E-16));
#4305 = ORIENTED_EDGE('',*,*,#1361,.F.);
#4306 = ORIENTED_EDGE('',*,*,#4298,.T.);
#4307 = ORIENTED_EDGE('',*,*,#4308,.T.);
#4308 = EDGE_CURVE('',#4299,#4299,#4309,.T.);
#4309 = CIRCLE('',#4310,1.5);
#4310 = AXIS2_PLACEMENT_3D('',#4311,#4312,#4313);
#4311 = CARTESIAN_POINT('',(-36.5,8.5,-3.83E-15));
#4312 = DIRECTION('',(0.,-1.,2.2E-16));
#4313 = DIRECTION('',(1.,0.,0.));
#4314 = CYLINDRICAL_SURFACE('',#4315,1.5);
#4315 = AXIS2_PLACEMENT_3D('',#4316,#4317,#4318);
#4316 = CARTESIAN_POINT('',(-36.5,-11.5,6.1E-16));
#4317 = DIRECTION('',(0.,-1.,2.2E-16));
#4318 = DIRECTION('',(1.,0.,0.));
#4319 = ADVANCED_FACE('',(#4320),#4339,.F.);
#4320 = FACE_BOUND('',#4321,.F.);
#4321 = EDGE_LOOP('',(#4322,#4330,#4331,#4332));
#4322 = ORIENTED_EDGE('',*,*,#4323,.F.);
#4323 = EDGE_CURVE('',#1373,#4324,#4326,.T.);
#4324 = VERTEX_POINT('',#4325);
#4325 = CARTESIAN_POINT('',(-2.25,1.,-41.6));
#4326 = LINE('',#4327,#4328);
#4327 = CARTESIAN_POINT('',(-2.25,-11.5,-41.6));
#4328 = VECTOR('',#4329,1.);
#4329 = DIRECTION('',(0.,1.,-2.2E-16));
#4330 = ORIENTED_EDGE('',*,*,#1372,.F.);
#4331 = ORIENTED_EDGE('',*,*,#4323,.T.);
#4332 = ORIENTED_EDGE('',*,*,#4333,.T.);
#4333 = EDGE_CURVE('',#4324,#4324,#4334,.T.);
#4334 = CIRCLE('',#4335,1.);
#4335 = AXIS2_PLACEMENT_3D('',#4336,#4337,#4338);
#4336 = CARTESIAN_POINT('',(-3.25,1.,-41.6));
#4337 = DIRECTION('',(0.,-1.,2.2E-16));
#4338 = DIRECTION('',(1.,0.,0.));
#4339 = CYLINDRICAL_SURFACE('',#4340,1.);
#4340 = AXIS2_PLACEMENT_3D('',#4341,#4342,#4343);
#4341 = CARTESIAN_POINT('',(-3.25,-11.5,-41.6));
#4342 = DIRECTION('',(0.,-1.,2.2E-16));
#4343 = DIRECTION('',(1.,0.,0.));
#4344 = ADVANCED_FACE('',(#4345),#4364,.F.);
#4345 = FACE_BOUND('',#4346,.F.);
#4346 = EDGE_LOOP('',(#4347,#4355,#4356,#4357));
#4347 = ORIENTED_EDGE('',*,*,#4348,.F.);
#4348 = EDGE_CURVE('',#1384,#4349,#4351,.T.);
#4349 = VERTEX_POINT('',#4350);
#4350 = CARTESIAN_POINT('',(4.25,1.,40.1));
#4351 = LINE('',#4352,#4353);
#4352 = CARTESIAN_POINT('',(4.25,-11.5,40.1));
#4353 = VECTOR('',#4354,1.);
#4354 = DIRECTION('',(0.,1.,-2.2E-16));
#4355 = ORIENTED_EDGE('',*,*,#1383,.F.);
#4356 = ORIENTED_EDGE('',*,*,#4348,.T.);
#4357 = ORIENTED_EDGE('',*,*,#4358,.T.);
#4358 = EDGE_CURVE('',#4349,#4349,#4359,.T.);
#4359 = CIRCLE('',#4360,1.);
#4360 = AXIS2_PLACEMENT_3D('',#4361,#4362,#4363);
#4361 = CARTESIAN_POINT('',(3.25,1.,40.1));
#4362 = DIRECTION('',(0.,-1.,2.2E-16));
#4363 = DIRECTION('',(1.,0.,0.));
#4364 = CYLINDRICAL_SURFACE('',#4365,1.);
#4365 = AXIS2_PLACEMENT_3D('',#4366,#4367,#4368);
#4366 = CARTESIAN_POINT('',(3.25,-11.5,40.1));
#4367 = DIRECTION('',(0.,-1.,2.2E-16));
#4368 = DIRECTION('',(1.,0.,0.));
#4369 = ADVANCED_FACE('',(#4370),#4389,.F.);
#4370 = FACE_BOUND('',#4371,.F.);
#4371 = EDGE_LOOP('',(#4372,#4380,#4381,#4382));
#4372 = ORIENTED_EDGE('',*,*,#4373,.F.);
#4373 = EDGE_CURVE('',#1395,#4374,#4376,.T.);
#4374 = VERTEX_POINT('',#4375);
#4375 = CARTESIAN_POINT('',(-2.25,1.,40.1));
#4376 = LINE('',#4377,#4378);
#4377 = CARTESIAN_POINT('',(-2.25,-11.5,40.1));
#4378 = VECTOR('',#4379,1.);
#4379 = DIRECTION('',(0.,1.,-2.2E-16));
#4380 = ORIENTED_EDGE('',*,*,#1394,.F.);
#4381 = ORIENTED_EDGE('',*,*,#4373,.T.);
#4382 = ORIENTED_EDGE('',*,*,#4383,.T.);
#4383 = EDGE_CURVE('',#4374,#4374,#4384,.T.);
#4384 = CIRCLE('',#4385,1.);
#4385 = AXIS2_PLACEMENT_3D('',#4386,#4387,#4388);
#4386 = CARTESIAN_POINT('',(-3.25,1.,40.1));
#4387 = DIRECTION('',(0.,-1.,2.2E-16));
#4388 = DIRECTION('',(1.,0.,0.));
#4389 = CYLINDRICAL_SURFACE('',#4390,1.);
#4390 = AXIS2_PLACEMENT_3D('',#4391,#4392,#4393);
#4391 = CARTESIAN_POINT('',(-3.25,-11.5,40.1));
#4392 = DIRECTION('',(0.,-1.,2.2E-16));
#4393 = DIRECTION('',(1.,0.,0.));
#4394 = ADVANCED_FACE('',(#4395),#4414,.F.);
#4395 = FACE_BOUND('',#4396,.F.);
#4396 = EDGE_LOOP('',(#4397,#4405,#4406,#4407));
#4397 = ORIENTED_EDGE('',*,*,#4398,.F.);
#4398 = EDGE_CURVE('',#1406,#4399,#4401,.T.);
#4399 = VERTEX_POINT('',#4400);
#4400 = CARTESIAN_POINT('',(4.25,1.,-41.6));
#4401 = LINE('',#4402,#4403);
#4402 = CARTESIAN_POINT('',(4.25,-11.5,-41.6));
#4403 = VECTOR('',#4404,1.);
#4404 = DIRECTION('',(0.,1.,-2.2E-16));
#4405 = ORIENTED_EDGE('',*,*,#1405,.F.);
#4406 = ORIENTED_EDGE('',*,*,#4398,.T.);
#4407 = ORIENTED_EDGE('',*,*,#4408,.T.);
#4408 = EDGE_CURVE('',#4399,#4399,#4409,.T.);
#4409 = CIRCLE('',#4410,1.);
#4410 = AXIS2_PLACEMENT_3D('',#4411,#4412,#4413);
#4411 = CARTESIAN_POINT('',(3.25,1.,-41.6));
#4412 = DIRECTION('',(0.,-1.,2.2E-16));
#4413 = DIRECTION('',(1.,0.,0.));
#4414 = CYLINDRICAL_SURFACE('',#4415,1.);
#4415 = AXIS2_PLACEMENT_3D('',#4416,#4417,#4418);
#4416 = CARTESIAN_POINT('',(3.25,-11.5,-41.6));
#4417 = DIRECTION('',(0.,-1.,2.2E-16));
#4418 = DIRECTION('',(1.,0.,0.));
#4419 = ADVANCED_FACE('',(#4420),#4425,.F.);
#4420 = FACE_BOUND('',#4421,.F.);
#4421 = EDGE_LOOP('',(#4422,#4423,#4424));
#4422 = ORIENTED_EDGE('',*,*,#3705,.F.);
#4423 = ORIENTED_EDGE('',*,*,#1455,.T.);
#4424 = ORIENTED_EDGE('',*,*,#3690,.F.);
#4425 = PLANE('',#4426);
#4426 = AXIS2_PLACEMENT_3D('',#4427,#4428,#4429);
#4427 = CARTESIAN_POINT('',(44.,-10.5,-44.));
#4428 = DIRECTION('',(-0.57735026919,0.57735026919,0.57735026919));
#4429 = DIRECTION('',(4.996003610813E-15,0.707106781187,-0.707106781187)
  );
#4430 = ADVANCED_FACE('',(#4431),#4442,.F.);
#4431 = FACE_BOUND('',#4432,.F.);
#4432 = EDGE_LOOP('',(#4433,#4439,#4440,#4441));
#4433 = ORIENTED_EDGE('',*,*,#4434,.F.);
#4434 = EDGE_CURVE('',#1535,#2300,#4435,.T.);
#4435 = LINE('',#4436,#4437);
#4436 = CARTESIAN_POINT('',(44.,2.5,30.1));
#4437 = VECTOR('',#4438,1.);
#4438 = DIRECTION('',(-1.,0.,2.2E-16));
#4439 = ORIENTED_EDGE('',*,*,#1534,.F.);
#4440 = ORIENTED_EDGE('',*,*,#4434,.T.);
#4441 = ORIENTED_EDGE('',*,*,#2299,.T.);
#4442 = CYLINDRICAL_SURFACE('',#4443,4.1);
#4443 = AXIS2_PLACEMENT_3D('',#4444,#4445,#4446);
#4444 = CARTESIAN_POINT('',(44.,2.5,26.));
#4445 = DIRECTION('',(1.,0.,-2.2E-16));
#4446 = DIRECTION('',(2.2E-16,0.,1.));
#4447 = ADVANCED_FACE('',(#4448),#4459,.F.);
#4448 = FACE_BOUND('',#4449,.F.);
#4449 = EDGE_LOOP('',(#4450,#4456,#4457,#4458));
#4450 = ORIENTED_EDGE('',*,*,#4451,.F.);
#4451 = EDGE_CURVE('',#1546,#1690,#4452,.T.);
#4452 = LINE('',#4453,#4454);
#4453 = CARTESIAN_POINT('',(44.,2.5,-21.9));
#4454 = VECTOR('',#4455,1.);
#4455 = DIRECTION('',(-1.,0.,2.2E-16));
#4456 = ORIENTED_EDGE('',*,*,#1545,.F.);
#4457 = ORIENTED_EDGE('',*,*,#4451,.T.);
#4458 = ORIENTED_EDGE('',*,*,#1689,.T.);
#4459 = CYLINDRICAL_SURFACE('',#4460,4.1);
#4460 = AXIS2_PLACEMENT_3D('',#4461,#4462,#4463);
#4461 = CARTESIAN_POINT('',(44.,2.5,-26.));
#4462 = DIRECTION('',(1.,0.,-2.2E-16));
#4463 = DIRECTION('',(2.2E-16,0.,1.));
#4464 = ADVANCED_FACE('',(#4465),#4470,.T.);
#4465 = FACE_BOUND('',#4466,.T.);
#4466 = EDGE_LOOP('',(#4467,#4468,#4469));
#4467 = ORIENTED_EDGE('',*,*,#3972,.F.);
#4468 = ORIENTED_EDGE('',*,*,#1647,.T.);
#4469 = ORIENTED_EDGE('',*,*,#3992,.F.);
#4470 = PLANE('',#4471);
#4471 = AXIS2_PLACEMENT_3D('',#4472,#4473,#4474);
#4472 = CARTESIAN_POINT('',(-27.,-10.5,-44.));
#4473 = DIRECTION('',(-0.57735026919,-0.57735026919,-0.57735026919));
#4474 = DIRECTION('',(0.,0.707106781187,-0.707106781187));
#4475 = ADVANCED_FACE('',(#4476),#4534,.F.);
#4476 = FACE_BOUND('',#4477,.F.);
#4477 = EDGE_LOOP('',(#4478,#4488,#4495,#4496,#4497,#4498,#4499,#4508,
    #4516,#4523,#4524,#4525,#4526,#4527));
#4478 = ORIENTED_EDGE('',*,*,#4479,.F.);
#4479 = EDGE_CURVE('',#4480,#4482,#4484,.T.);
#4480 = VERTEX_POINT('',#4481);
#4481 = CARTESIAN_POINT('',(-43.,3.5,-29.97617907041));
#4482 = VERTEX_POINT('',#4483);
#4483 = CARTESIAN_POINT('',(-30.,3.5,-29.97617907041));
#4484 = LINE('',#4485,#4486);
#4485 = CARTESIAN_POINT('',(44.,3.5,-29.97617907041));
#4486 = VECTOR('',#4487,1.);
#4487 = DIRECTION('',(1.,0.,-2.2E-16));
#4488 = ORIENTED_EDGE('',*,*,#4489,.F.);
#4489 = EDGE_CURVE('',#1997,#4480,#4490,.T.);
#4490 = ELLIPSE('',#4491,5.79827560573,4.1);
#4491 = AXIS2_PLACEMENT_3D('',#4492,#4493,#4494);
#4492 = CARTESIAN_POINT('',(-42.,2.5,-26.));
#4493 = DIRECTION('',(-0.707106781187,-0.707106781187,0.));
#4494 = DIRECTION('',(0.707106781187,-0.707106781187,-3.2E-16));
#4495 = ORIENTED_EDGE('',*,*,#1996,.T.);
#4496 = ORIENTED_EDGE('',*,*,#1987,.T.);
#4497 = ORIENTED_EDGE('',*,*,#1978,.T.);
#4498 = ORIENTED_EDGE('',*,*,#1969,.T.);
#4499 = ORIENTED_EDGE('',*,*,#4500,.T.);
#4500 = EDGE_CURVE('',#1962,#4501,#4503,.T.);
#4501 = VERTEX_POINT('',#4502);
#4502 = CARTESIAN_POINT('',(-43.,1.5,-29.97617907041));
#4503 = ELLIPSE('',#4504,5.79827560573,4.1);
#4504 = AXIS2_PLACEMENT_3D('',#4505,#4506,#4507);
#4505 = CARTESIAN_POINT('',(-42.,2.5,-26.));
#4506 = DIRECTION('',(0.707106781187,-0.707106781187,1.E-17));
#4507 = DIRECTION('',(0.707106781187,0.707106781187,-3.3E-16));
#4508 = ORIENTED_EDGE('',*,*,#4509,.T.);
#4509 = EDGE_CURVE('',#4501,#4510,#4512,.T.);
#4510 = VERTEX_POINT('',#4511);
#4511 = CARTESIAN_POINT('',(-30.,1.5,-29.97617907041));
#4512 = LINE('',#4513,#4514);
#4513 = CARTESIAN_POINT('',(44.,1.5,-29.97617907041));
#4514 = VECTOR('',#4515,1.);
#4515 = DIRECTION('',(1.,0.,-2.2E-16));
#4516 = ORIENTED_EDGE('',*,*,#4517,.F.);
#4517 = EDGE_CURVE('',#1733,#4510,#4518,.T.);
#4518 = ELLIPSE('',#4519,5.79827560573,4.1);
#4519 = AXIS2_PLACEMENT_3D('',#4520,#4521,#4522);
#4520 = CARTESIAN_POINT('',(-31.,2.5,-26.));
#4521 = DIRECTION('',(0.707106781187,0.707106781187,2.E-17));
#4522 = DIRECTION('',(0.707106781187,-0.707106781187,-3.3E-16));
#4523 = ORIENTED_EDGE('',*,*,#1730,.F.);
#4524 = ORIENTED_EDGE('',*,*,#1799,.F.);
#4525 = ORIENTED_EDGE('',*,*,#1790,.F.);
#4526 = ORIENTED_EDGE('',*,*,#1781,.F.);
#4527 = ORIENTED_EDGE('',*,*,#4528,.T.);
#4528 = EDGE_CURVE('',#1774,#4482,#4529,.T.);
#4529 = ELLIPSE('',#4530,5.79827560573,4.1);
#4530 = AXIS2_PLACEMENT_3D('',#4531,#4532,#4533);
#4531 = CARTESIAN_POINT('',(-31.,2.5,-26.));
#4532 = DIRECTION('',(-0.707106781187,0.707106781187,0.));
#4533 = DIRECTION('',(0.707106781187,0.707106781187,-3.1E-16));
#4534 = CYLINDRICAL_SURFACE('',#4535,4.1);
#4535 = AXIS2_PLACEMENT_3D('',#4536,#4537,#4538);
#4536 = CARTESIAN_POINT('',(44.,2.5,-26.));
#4537 = DIRECTION('',(1.,0.,-2.2E-16));
#4538 = DIRECTION('',(2.2E-16,0.,1.));
#4539 = ADVANCED_FACE('',(#4540),#4558,.T.);
#4540 = FACE_BOUND('',#4541,.F.);
#4541 = EDGE_LOOP('',(#4542,#4550,#4551,#4552));
#4542 = ORIENTED_EDGE('',*,*,#4543,.T.);
#4543 = EDGE_CURVE('',#4544,#1742,#4546,.T.);
#4544 = VERTEX_POINT('',#4545);
#4545 = CARTESIAN_POINT('',(-30.,1.5,-44.));
#4546 = LINE('',#4547,#4548);
#4547 = CARTESIAN_POINT('',(-29.75,1.25,-44.));
#4548 = VECTOR('',#4549,1.);
#4549 = DIRECTION('',(0.707106781187,-0.707106781187,-1.31E-15));
#4550 = ORIENTED_EDGE('',*,*,#1741,.T.);
#4551 = ORIENTED_EDGE('',*,*,#4517,.T.);
#4552 = ORIENTED_EDGE('',*,*,#4553,.F.);
#4553 = EDGE_CURVE('',#4544,#4510,#4554,.T.);
#4554 = LINE('',#4555,#4556);
#4555 = CARTESIAN_POINT('',(-30.,1.5,-45.));
#4556 = VECTOR('',#4557,1.);
#4557 = DIRECTION('',(-2.2E-16,0.,1.));
#4558 = PLANE('',#4559);
#4559 = AXIS2_PLACEMENT_3D('',#4560,#4561,#4562);
#4560 = CARTESIAN_POINT('',(-29.5,1.,-45.));
#4561 = DIRECTION('',(0.707106781187,0.707106781187,2.E-17));
#4562 = DIRECTION('',(1.241421356237E-16,-9.585786437627E-17,-1.));
#4563 = ADVANCED_FACE('',(#4564),#4587,.T.);
#4564 = FACE_BOUND('',#4565,.F.);
#4565 = EDGE_LOOP('',(#4566,#4572,#4573,#4581));
#4566 = ORIENTED_EDGE('',*,*,#4567,.F.);
#4567 = EDGE_CURVE('',#1750,#3912,#4568,.T.);
#4568 = LINE('',#4569,#4570);
#4569 = CARTESIAN_POINT('',(-29.25,-10.5,-44.25));
#4570 = VECTOR('',#4571,1.);
#4571 = DIRECTION('',(-0.707106781187,-4.75E-15,-0.707106781187));
#4572 = ORIENTED_EDGE('',*,*,#1749,.T.);
#4573 = ORIENTED_EDGE('',*,*,#4574,.F.);
#4574 = EDGE_CURVE('',#4575,#1742,#4577,.T.);
#4575 = VERTEX_POINT('',#4576);
#4576 = CARTESIAN_POINT('',(-30.,0.5,-45.));
#4577 = LINE('',#4578,#4579);
#4578 = CARTESIAN_POINT('',(-29.5,0.5,-44.5));
#4579 = VECTOR('',#4580,1.);
#4580 = DIRECTION('',(0.707106781187,1.96E-15,0.707106781187));
#4581 = ORIENTED_EDGE('',*,*,#4582,.F.);
#4582 = EDGE_CURVE('',#3912,#4575,#4583,.T.);
#4583 = LINE('',#4584,#4585);
#4584 = CARTESIAN_POINT('',(-30.,-11.5,-45.));
#4585 = VECTOR('',#4586,1.);
#4586 = DIRECTION('',(0.,1.,-2.2E-16));
#4587 = PLANE('',#4588);
#4588 = AXIS2_PLACEMENT_3D('',#4589,#4590,#4591);
#4589 = CARTESIAN_POINT('',(-29.5,-11.5,-44.5));
#4590 = DIRECTION('',(0.707106781187,-3.5E-16,-0.707106781187));
#4591 = DIRECTION('',(-1.324873734153E-16,-1.,3.624873734153E-16));
#4592 = ADVANCED_FACE('',(#4593),#4611,.T.);
#4593 = FACE_BOUND('',#4594,.F.);
#4594 = EDGE_LOOP('',(#4595,#4596,#4597,#4605));
#4595 = ORIENTED_EDGE('',*,*,#4528,.F.);
#4596 = ORIENTED_EDGE('',*,*,#1773,.T.);
#4597 = ORIENTED_EDGE('',*,*,#4598,.F.);
#4598 = EDGE_CURVE('',#4599,#1766,#4601,.T.);
#4599 = VERTEX_POINT('',#4600);
#4600 = CARTESIAN_POINT('',(-30.,3.5,-44.));
#4601 = LINE('',#4602,#4603);
#4602 = CARTESIAN_POINT('',(-29.75,3.75,-44.));
#4603 = VECTOR('',#4604,1.);
#4604 = DIRECTION('',(0.707106781187,0.707106781187,5.4E-16));
#4605 = ORIENTED_EDGE('',*,*,#4606,.F.);
#4606 = EDGE_CURVE('',#4482,#4599,#4607,.T.);
#4607 = LINE('',#4608,#4609);
#4608 = CARTESIAN_POINT('',(-30.,3.5,-29.97617907041));
#4609 = VECTOR('',#4610,1.);
#4610 = DIRECTION('',(2.2E-16,0.,-1.));
#4611 = PLANE('',#4612);
#4612 = AXIS2_PLACEMENT_3D('',#4613,#4614,#4615);
#4613 = CARTESIAN_POINT('',(-29.5,4.,-29.97617907041));
#4614 = DIRECTION('',(0.707106781187,-0.707106781187,0.));
#4615 = DIRECTION('',(-1.1E-16,-1.1E-16,1.));
#4616 = ADVANCED_FACE('',(#4617),#4635,.T.);
#4617 = FACE_BOUND('',#4618,.F.);
#4618 = EDGE_LOOP('',(#4619,#4620,#4621,#4629));
#4619 = ORIENTED_EDGE('',*,*,#1765,.T.);
#4620 = ORIENTED_EDGE('',*,*,#1823,.T.);
#4621 = ORIENTED_EDGE('',*,*,#4622,.F.);
#4622 = EDGE_CURVE('',#4623,#1824,#4625,.T.);
#4623 = VERTEX_POINT('',#4624);
#4624 = CARTESIAN_POINT('',(-30.,4.5,-45.));
#4625 = LINE('',#4626,#4627);
#4626 = CARTESIAN_POINT('',(-30.,3.5,-45.));
#4627 = VECTOR('',#4628,1.);
#4628 = DIRECTION('',(0.,1.,-2.2E-16));
#4629 = ORIENTED_EDGE('',*,*,#4630,.T.);
#4630 = EDGE_CURVE('',#4623,#1766,#4631,.T.);
#4631 = LINE('',#4632,#4633);
#4632 = CARTESIAN_POINT('',(-29.5,4.5,-44.5));
#4633 = VECTOR('',#4634,1.);
#4634 = DIRECTION('',(0.707106781187,1.77E-15,0.707106781187));
#4635 = PLANE('',#4636);
#4636 = AXIS2_PLACEMENT_3D('',#4637,#4638,#4639);
#4637 = CARTESIAN_POINT('',(-29.5,3.5,-44.5));
#4638 = DIRECTION('',(0.707106781187,-3.3E-16,-0.707106781187));
#4639 = DIRECTION('',(-1.183452377916E-16,-1.,3.483452377916E-16));
#4640 = ADVANCED_FACE('',(#4641),#4659,.T.);
#4641 = FACE_BOUND('',#4642,.T.);
#4642 = EDGE_LOOP('',(#4643,#4644,#4652,#4658));
#4643 = ORIENTED_EDGE('',*,*,#1814,.F.);
#4644 = ORIENTED_EDGE('',*,*,#4645,.T.);
#4645 = EDGE_CURVE('',#1815,#4646,#4648,.T.);
#4646 = VERTEX_POINT('',#4647);
#4647 = CARTESIAN_POINT('',(-43.,4.5,-45.));
#4648 = LINE('',#4649,#4650);
#4649 = CARTESIAN_POINT('',(-43.,11.5,-45.));
#4650 = VECTOR('',#4651,1.);
#4651 = DIRECTION('',(0.,-1.,4.4E-16));
#4652 = ORIENTED_EDGE('',*,*,#4653,.F.);
#4653 = EDGE_CURVE('',#2006,#4646,#4654,.T.);
#4654 = LINE('',#4655,#4656);
#4655 = CARTESIAN_POINT('',(-43.5,4.5,-44.5));
#4656 = VECTOR('',#4657,1.);
#4657 = DIRECTION('',(0.707106781187,5.93E-15,-0.707106781187));
#4658 = ORIENTED_EDGE('',*,*,#2013,.F.);
#4659 = PLANE('',#4660);
#4660 = AXIS2_PLACEMENT_3D('',#4661,#4662,#4663);
#4661 = CARTESIAN_POINT('',(-43.5,11.5,-44.5));
#4662 = DIRECTION('',(-0.707106781187,-3.3E-16,-0.707106781187));
#4663 = DIRECTION('',(1.334523779156E-17,-1.,4.533452377916E-16));
#4664 = ADVANCED_FACE('',(#4665),#4676,.F.);
#4665 = FACE_BOUND('',#4666,.F.);
#4666 = EDGE_LOOP('',(#4667,#4668,#4674,#4675));
#4667 = ORIENTED_EDGE('',*,*,#4645,.T.);
#4668 = ORIENTED_EDGE('',*,*,#4669,.T.);
#4669 = EDGE_CURVE('',#4646,#4623,#4670,.T.);
#4670 = LINE('',#4671,#4672);
#4671 = CARTESIAN_POINT('',(-44.,4.5,-45.));
#4672 = VECTOR('',#4673,1.);
#4673 = DIRECTION('',(1.,0.,2.2E-16));
#4674 = ORIENTED_EDGE('',*,*,#4622,.T.);
#4675 = ORIENTED_EDGE('',*,*,#1831,.F.);
#4676 = PLANE('',#4677);
#4677 = AXIS2_PLACEMENT_3D('',#4678,#4679,#4680);
#4678 = CARTESIAN_POINT('',(-44.,11.5,-45.));
#4679 = DIRECTION('',(0.,2.2E-16,1.));
#4680 = DIRECTION('',(1.,0.,0.));
#4681 = ADVANCED_FACE('',(#4682,#4693),#4699,.T.);
#4682 = FACE_BOUND('',#4683,.T.);
#4683 = EDGE_LOOP('',(#4684));
#4684 = ORIENTED_EDGE('',*,*,#4685,.T.);
#4685 = EDGE_CURVE('',#4686,#4686,#4688,.T.);
#4686 = VERTEX_POINT('',#4687);
#4687 = CARTESIAN_POINT('',(18.55,10.,15.5));
#4688 = CIRCLE('',#4689,3.05);
#4689 = AXIS2_PLACEMENT_3D('',#4690,#4691,#4692);
#4690 = CARTESIAN_POINT('',(15.5,10.,15.5));
#4691 = DIRECTION('',(0.,-1.,0.));
#4692 = DIRECTION('',(1.,0.,-3.33E-15));
#4693 = FACE_BOUND('',#4694,.T.);
#4694 = EDGE_LOOP('',(#4695,#4696,#4697,#4698));
#4695 = ORIENTED_EDGE('',*,*,#2076,.T.);
#4696 = ORIENTED_EDGE('',*,*,#2125,.F.);
#4697 = ORIENTED_EDGE('',*,*,#1863,.F.);
#4698 = ORIENTED_EDGE('',*,*,#2035,.F.);
#4699 = PLANE('',#4700);
#4700 = AXIS2_PLACEMENT_3D('',#4701,#4702,#4703);
#4701 = CARTESIAN_POINT('',(3.159765472971,10.,-6.217248937901E-15));
#4702 = DIRECTION('',(0.,1.,2.2E-16));
#4703 = DIRECTION('',(0.,-2.2E-16,1.));
#4704 = ADVANCED_FACE('',(#4705),#4731,.T.);
#4705 = FACE_BOUND('',#4706,.T.);
#4706 = EDGE_LOOP('',(#4707,#4715,#4716,#4725));
#4707 = ORIENTED_EDGE('',*,*,#4708,.T.);
#4708 = EDGE_CURVE('',#4709,#1887,#4711,.T.);
#4709 = VERTEX_POINT('',#4710);
#4710 = CARTESIAN_POINT('',(-43.,3.5,44.));
#4711 = LINE('',#4712,#4713);
#4712 = CARTESIAN_POINT('',(-43.25,3.75,44.));
#4713 = VECTOR('',#4714,1.);
#4714 = DIRECTION('',(-0.707106781187,0.707106781187,5.06E-15));
#4715 = ORIENTED_EDGE('',*,*,#1894,.T.);
#4716 = ORIENTED_EDGE('',*,*,#4717,.T.);
#4717 = EDGE_CURVE('',#1895,#4718,#4720,.T.);
#4718 = VERTEX_POINT('',#4719);
#4719 = CARTESIAN_POINT('',(-43.,3.5,29.976179070414));
#4720 = ELLIPSE('',#4721,5.79827560573,4.1);
#4721 = AXIS2_PLACEMENT_3D('',#4722,#4723,#4724);
#4722 = CARTESIAN_POINT('',(-42.,2.5,26.));
#4723 = DIRECTION('',(0.707106781187,0.707106781187,0.));
#4724 = DIRECTION('',(0.707106781187,-0.707106781187,-3.2E-16));
#4725 = ORIENTED_EDGE('',*,*,#4726,.F.);
#4726 = EDGE_CURVE('',#4709,#4718,#4727,.T.);
#4727 = LINE('',#4728,#4729);
#4728 = CARTESIAN_POINT('',(-43.,3.5,45.));
#4729 = VECTOR('',#4730,1.);
#4730 = DIRECTION('',(2.2E-16,0.,-1.));
#4731 = PLANE('',#4732);
#4732 = AXIS2_PLACEMENT_3D('',#4733,#4734,#4735);
#4733 = CARTESIAN_POINT('',(-43.5,4.,45.));
#4734 = DIRECTION('',(-0.707106781187,-0.707106781187,-0.));
#4735 = DIRECTION('',(1.1E-16,-1.1E-16,-1.));
#4736 = ADVANCED_FACE('',(#4737),#4755,.T.);
#4737 = FACE_BOUND('',#4738,.T.);
#4738 = EDGE_LOOP('',(#4739,#4740,#4741,#4749));
#4739 = ORIENTED_EDGE('',*,*,#4489,.F.);
#4740 = ORIENTED_EDGE('',*,*,#2005,.T.);
#4741 = ORIENTED_EDGE('',*,*,#4742,.F.);
#4742 = EDGE_CURVE('',#4743,#2006,#4745,.T.);
#4743 = VERTEX_POINT('',#4744);
#4744 = CARTESIAN_POINT('',(-43.,3.5,-44.));
#4745 = LINE('',#4746,#4747);
#4746 = CARTESIAN_POINT('',(-43.25,3.75,-44.));
#4747 = VECTOR('',#4748,1.);
#4748 = DIRECTION('',(-0.707106781187,0.707106781187,-1.E-15));
#4749 = ORIENTED_EDGE('',*,*,#4750,.F.);
#4750 = EDGE_CURVE('',#4480,#4743,#4751,.T.);
#4751 = LINE('',#4752,#4753);
#4752 = CARTESIAN_POINT('',(-43.,3.5,-29.97617907041));
#4753 = VECTOR('',#4754,1.);
#4754 = DIRECTION('',(2.2E-16,0.,-1.));
#4755 = PLANE('',#4756);
#4756 = AXIS2_PLACEMENT_3D('',#4757,#4758,#4759);
#4757 = CARTESIAN_POINT('',(-43.5,4.,-29.97617907041));
#4758 = DIRECTION('',(-0.707106781187,-0.707106781187,-0.));
#4759 = DIRECTION('',(1.1E-16,-1.1E-16,-1.));
#4760 = ADVANCED_FACE('',(#4761),#4809,.F.);
#4761 = FACE_BOUND('',#4762,.F.);
#4762 = EDGE_LOOP('',(#4763,#4771,#4778,#4779,#4780,#4781,#4790,#4798,
    #4805,#4806,#4807,#4808));
#4763 = ORIENTED_EDGE('',*,*,#4764,.T.);
#4764 = EDGE_CURVE('',#4718,#4765,#4767,.T.);
#4765 = VERTEX_POINT('',#4766);
#4766 = CARTESIAN_POINT('',(-30.,3.5,29.976179070414));
#4767 = LINE('',#4768,#4769);
#4768 = CARTESIAN_POINT('',(44.,3.5,29.976179070414));
#4769 = VECTOR('',#4770,1.);
#4770 = DIRECTION('',(1.,0.,-2.2E-16));
#4771 = ORIENTED_EDGE('',*,*,#4772,.F.);
#4772 = EDGE_CURVE('',#2216,#4765,#4773,.T.);
#4773 = ELLIPSE('',#4774,5.79827560573,4.1);
#4774 = AXIS2_PLACEMENT_3D('',#4775,#4776,#4777);
#4775 = CARTESIAN_POINT('',(-31.,2.5,26.));
#4776 = DIRECTION('',(0.707106781187,-0.707106781187,0.));
#4777 = DIRECTION('',(0.707106781187,0.707106781187,-3.1E-16));
#4778 = ORIENTED_EDGE('',*,*,#2215,.F.);
#4779 = ORIENTED_EDGE('',*,*,#2206,.F.);
#4780 = ORIENTED_EDGE('',*,*,#2197,.F.);
#4781 = ORIENTED_EDGE('',*,*,#4782,.T.);
#4782 = EDGE_CURVE('',#2190,#4783,#4785,.T.);
#4783 = VERTEX_POINT('',#4784);
#4784 = CARTESIAN_POINT('',(-30.,1.5,29.976179070414));
#4785 = ELLIPSE('',#4786,5.79827560573,4.1);
#4786 = AXIS2_PLACEMENT_3D('',#4787,#4788,#4789);
#4787 = CARTESIAN_POINT('',(-31.,2.5,26.));
#4788 = DIRECTION('',(-0.707106781187,-0.707106781187,-2.E-17));
#4789 = DIRECTION('',(0.707106781187,-0.707106781187,-3.3E-16));
#4790 = ORIENTED_EDGE('',*,*,#4791,.F.);
#4791 = EDGE_CURVE('',#4792,#4783,#4794,.T.);
#4792 = VERTEX_POINT('',#4793);
#4793 = CARTESIAN_POINT('',(-43.,1.5,29.976179070414));
#4794 = LINE('',#4795,#4796);
#4795 = CARTESIAN_POINT('',(44.,1.5,29.976179070414));
#4796 = VECTOR('',#4797,1.);
#4797 = DIRECTION('',(1.,0.,-2.2E-16));
#4798 = ORIENTED_EDGE('',*,*,#4799,.F.);
#4799 = EDGE_CURVE('',#1921,#4792,#4800,.T.);
#4800 = ELLIPSE('',#4801,5.79827560573,4.1);
#4801 = AXIS2_PLACEMENT_3D('',#4802,#4803,#4804);
#4802 = CARTESIAN_POINT('',(-42.,2.5,26.));
#4803 = DIRECTION('',(-0.707106781187,0.707106781187,-1.E-17));
#4804 = DIRECTION('',(0.707106781187,0.707106781187,-3.3E-16));
#4805 = ORIENTED_EDGE('',*,*,#1920,.T.);
#4806 = ORIENTED_EDGE('',*,*,#1911,.T.);
#4807 = ORIENTED_EDGE('',*,*,#1902,.T.);
#4808 = ORIENTED_EDGE('',*,*,#4717,.T.);
#4809 = CYLINDRICAL_SURFACE('',#4810,4.1);
#4810 = AXIS2_PLACEMENT_3D('',#4811,#4812,#4813);
#4811 = CARTESIAN_POINT('',(44.,2.5,26.));
#4812 = DIRECTION('',(1.,0.,-2.2E-16));
#4813 = DIRECTION('',(2.2E-16,0.,1.));
#4814 = ADVANCED_FACE('',(#4815),#4833,.T.);
#4815 = FACE_BOUND('',#4816,.T.);
#4816 = EDGE_LOOP('',(#4817,#4818,#4819,#4827));
#4817 = ORIENTED_EDGE('',*,*,#4799,.F.);
#4818 = ORIENTED_EDGE('',*,*,#1929,.T.);
#4819 = ORIENTED_EDGE('',*,*,#4820,.F.);
#4820 = EDGE_CURVE('',#4821,#1930,#4823,.T.);
#4821 = VERTEX_POINT('',#4822);
#4822 = CARTESIAN_POINT('',(-43.,1.5,44.));
#4823 = LINE('',#4824,#4825);
#4824 = CARTESIAN_POINT('',(-43.25,1.25,44.));
#4825 = VECTOR('',#4826,1.);
#4826 = DIRECTION('',(-0.707106781187,-0.707106781187,-1.12E-15));
#4827 = ORIENTED_EDGE('',*,*,#4828,.F.);
#4828 = EDGE_CURVE('',#4792,#4821,#4829,.T.);
#4829 = LINE('',#4830,#4831);
#4830 = CARTESIAN_POINT('',(-43.,1.5,29.976179070414));
#4831 = VECTOR('',#4832,1.);
#4832 = DIRECTION('',(-2.2E-16,0.,1.));
#4833 = PLANE('',#4834);
#4834 = AXIS2_PLACEMENT_3D('',#4835,#4836,#4837);
#4835 = CARTESIAN_POINT('',(-43.5,1.,29.976179070414));
#4836 = DIRECTION('',(-0.707106781187,0.707106781187,-1.E-17));
#4837 = DIRECTION('',(-1.170710678119E-16,-1.029289321881E-16,1.));
#4838 = ADVANCED_FACE('',(#4839),#4862,.T.);
#4839 = FACE_BOUND('',#4840,.T.);
#4840 = EDGE_LOOP('',(#4841,#4842,#4848,#4856));
#4841 = ORIENTED_EDGE('',*,*,#1937,.T.);
#4842 = ORIENTED_EDGE('',*,*,#4843,.T.);
#4843 = EDGE_CURVE('',#1938,#3851,#4844,.T.);
#4844 = LINE('',#4845,#4846);
#4845 = CARTESIAN_POINT('',(-43.75,-10.5,44.25));
#4846 = VECTOR('',#4847,1.);
#4847 = DIRECTION('',(0.707106781187,-5.16E-15,0.707106781187));
#4848 = ORIENTED_EDGE('',*,*,#4849,.F.);
#4849 = EDGE_CURVE('',#4850,#3851,#4852,.T.);
#4850 = VERTEX_POINT('',#4851);
#4851 = CARTESIAN_POINT('',(-43.,0.5,45.));
#4852 = LINE('',#4853,#4854);
#4853 = CARTESIAN_POINT('',(-43.,1.5,45.));
#4854 = VECTOR('',#4855,1.);
#4855 = DIRECTION('',(0.,-1.,4.4E-16));
#4856 = ORIENTED_EDGE('',*,*,#4857,.F.);
#4857 = EDGE_CURVE('',#1930,#4850,#4858,.T.);
#4858 = LINE('',#4859,#4860);
#4859 = CARTESIAN_POINT('',(-43.5,0.5,44.5));
#4860 = VECTOR('',#4861,1.);
#4861 = DIRECTION('',(0.707106781187,-5.4E-16,0.707106781187));
#4862 = PLANE('',#4863);
#4863 = AXIS2_PLACEMENT_3D('',#4864,#4865,#4866);
#4864 = CARTESIAN_POINT('',(-43.5,1.5,44.5));
#4865 = DIRECTION('',(-0.707106781187,3.5E-16,0.707106781187));
#4866 = DIRECTION('',(-2.748737341529E-17,-1.,4.674873734153E-16));
#4867 = ADVANCED_FACE('',(#4868),#4886,.T.);
#4868 = FACE_BOUND('',#4869,.T.);
#4869 = EDGE_LOOP('',(#4870,#4878,#4879,#4880));
#4870 = ORIENTED_EDGE('',*,*,#4871,.T.);
#4871 = EDGE_CURVE('',#4872,#1954,#4874,.T.);
#4872 = VERTEX_POINT('',#4873);
#4873 = CARTESIAN_POINT('',(-43.,1.5,-44.));
#4874 = LINE('',#4875,#4876);
#4875 = CARTESIAN_POINT('',(-43.25,1.25,-44.));
#4876 = VECTOR('',#4877,1.);
#4877 = DIRECTION('',(-0.707106781187,-0.707106781187,-8.3E-16));
#4878 = ORIENTED_EDGE('',*,*,#1961,.T.);
#4879 = ORIENTED_EDGE('',*,*,#4500,.T.);
#4880 = ORIENTED_EDGE('',*,*,#4881,.F.);
#4881 = EDGE_CURVE('',#4872,#4501,#4882,.T.);
#4882 = LINE('',#4883,#4884);
#4883 = CARTESIAN_POINT('',(-43.,1.5,-45.));
#4884 = VECTOR('',#4885,1.);
#4885 = DIRECTION('',(-2.2E-16,0.,1.));
#4886 = PLANE('',#4887);
#4887 = AXIS2_PLACEMENT_3D('',#4888,#4889,#4890);
#4888 = CARTESIAN_POINT('',(-43.5,1.,-45.));
#4889 = DIRECTION('',(-0.707106781187,0.707106781187,-1.E-17));
#4890 = DIRECTION('',(-1.170710678119E-16,-1.029289321881E-16,1.));
#4891 = ADVANCED_FACE('',(#4892),#4915,.T.);
#4892 = FACE_BOUND('',#4893,.F.);
#4893 = EDGE_LOOP('',(#4894,#4895,#4901,#4909));
#4894 = ORIENTED_EDGE('',*,*,#1953,.T.);
#4895 = ORIENTED_EDGE('',*,*,#4896,.F.);
#4896 = EDGE_CURVE('',#3903,#1946,#4897,.T.);
#4897 = LINE('',#4898,#4899);
#4898 = CARTESIAN_POINT('',(-43.25,-10.5,-44.75));
#4899 = VECTOR('',#4900,1.);
#4900 = DIRECTION('',(-0.707106781187,-5.16E-15,0.707106781187));
#4901 = ORIENTED_EDGE('',*,*,#4902,.F.);
#4902 = EDGE_CURVE('',#4903,#3903,#4905,.T.);
#4903 = VERTEX_POINT('',#4904);
#4904 = CARTESIAN_POINT('',(-43.,0.5,-45.));
#4905 = LINE('',#4906,#4907);
#4906 = CARTESIAN_POINT('',(-43.,1.5,-45.));
#4907 = VECTOR('',#4908,1.);
#4908 = DIRECTION('',(0.,-1.,4.4E-16));
#4909 = ORIENTED_EDGE('',*,*,#4910,.F.);
#4910 = EDGE_CURVE('',#1954,#4903,#4911,.T.);
#4911 = LINE('',#4912,#4913);
#4912 = CARTESIAN_POINT('',(-43.5,0.5,-44.5));
#4913 = VECTOR('',#4914,1.);
#4914 = DIRECTION('',(0.707106781187,-3.2E-16,-0.707106781187));
#4915 = PLANE('',#4916);
#4916 = AXIS2_PLACEMENT_3D('',#4917,#4918,#4919);
#4917 = CARTESIAN_POINT('',(-43.5,1.5,-44.5));
#4918 = DIRECTION('',(-0.707106781187,-3.5E-16,-0.707106781187));
#4919 = DIRECTION('',(-2.748737341529E-17,1.,-4.674873734153E-16));
#4920 = ADVANCED_FACE('',(#4921),#4931,.T.);
#4921 = FACE_BOUND('',#4922,.T.);
#4922 = EDGE_LOOP('',(#4923,#4924,#4930));
#4923 = ORIENTED_EDGE('',*,*,#4708,.F.);
#4924 = ORIENTED_EDGE('',*,*,#4925,.T.);
#4925 = EDGE_CURVE('',#4709,#2054,#4926,.T.);
#4926 = LINE('',#4927,#4928);
#4927 = CARTESIAN_POINT('',(-43.,3.75,44.25));
#4928 = VECTOR('',#4929,1.);
#4929 = DIRECTION('',(-5.29E-15,0.707106781187,0.707106781187));
#4930 = ORIENTED_EDGE('',*,*,#2053,.F.);
#4931 = PLANE('',#4932);
#4932 = AXIS2_PLACEMENT_3D('',#4933,#4934,#4935);
#4933 = CARTESIAN_POINT('',(-43.,3.5,44.));
#4934 = DIRECTION('',(-0.57735026919,-0.57735026919,0.57735026919));
#4935 = DIRECTION('',(0.707106781187,-1.665334536938E-16,0.707106781187)
  );
#4936 = ADVANCED_FACE('',(#4937),#4955,.T.);
#4937 = FACE_BOUND('',#4938,.F.);
#4938 = EDGE_LOOP('',(#4939,#4940,#4941,#4949));
#4939 = ORIENTED_EDGE('',*,*,#4925,.T.);
#4940 = ORIENTED_EDGE('',*,*,#2109,.T.);
#4941 = ORIENTED_EDGE('',*,*,#4942,.F.);
#4942 = EDGE_CURVE('',#4943,#2102,#4945,.T.);
#4943 = VERTEX_POINT('',#4944);
#4944 = CARTESIAN_POINT('',(-30.,3.5,44.));
#4945 = LINE('',#4946,#4947);
#4946 = CARTESIAN_POINT('',(-30.,3.75,44.25));
#4947 = VECTOR('',#4948,1.);
#4948 = DIRECTION('',(4.23E-15,0.707106781187,0.707106781187));
#4949 = ORIENTED_EDGE('',*,*,#4950,.F.);
#4950 = EDGE_CURVE('',#4709,#4943,#4951,.T.);
#4951 = LINE('',#4952,#4953);
#4952 = CARTESIAN_POINT('',(-44.,3.5,44.));
#4953 = VECTOR('',#4954,1.);
#4954 = DIRECTION('',(1.,0.,2.2E-16));
#4955 = PLANE('',#4956);
#4956 = AXIS2_PLACEMENT_3D('',#4957,#4958,#4959);
#4957 = CARTESIAN_POINT('',(-44.,4.,44.5));
#4958 = DIRECTION('',(1.E-17,-0.707106781187,0.707106781187));
#4959 = DIRECTION('',(-1.,-1.170710678119E-16,-1.029289321881E-16));
#4960 = ADVANCED_FACE('',(#4961),#4971,.T.);
#4961 = FACE_BOUND('',#4962,.T.);
#4962 = EDGE_LOOP('',(#4963,#4964,#4970));
#4963 = ORIENTED_EDGE('',*,*,#4942,.F.);
#4964 = ORIENTED_EDGE('',*,*,#4965,.T.);
#4965 = EDGE_CURVE('',#4943,#2144,#4966,.T.);
#4966 = LINE('',#4967,#4968);
#4967 = CARTESIAN_POINT('',(-29.75,3.75,44.));
#4968 = VECTOR('',#4969,1.);
#4969 = DIRECTION('',(0.707106781187,0.707106781187,4.68E-15));
#4970 = ORIENTED_EDGE('',*,*,#2151,.F.);
#4971 = PLANE('',#4972);
#4972 = AXIS2_PLACEMENT_3D('',#4973,#4974,#4975);
#4973 = CARTESIAN_POINT('',(-30.,3.5,44.));
#4974 = DIRECTION('',(0.57735026919,-0.57735026919,0.57735026919));
#4975 = DIRECTION('',(0.707106781187,-4.718447854657E-16,-0.707106781187
    ));
#4976 = ADVANCED_FACE('',(#4977),#5000,.T.);
#4977 = FACE_BOUND('',#4978,.T.);
#4978 = EDGE_LOOP('',(#4979,#4985,#4986,#4994));
#4979 = ORIENTED_EDGE('',*,*,#4980,.F.);
#4980 = EDGE_CURVE('',#2174,#3859,#4981,.T.);
#4981 = LINE('',#4982,#4983);
#4982 = CARTESIAN_POINT('',(-29.25,-10.5,44.25));
#4983 = VECTOR('',#4984,1.);
#4984 = DIRECTION('',(-0.707106781187,-1.025E-14,0.707106781187));
#4985 = ORIENTED_EDGE('',*,*,#2181,.T.);
#4986 = ORIENTED_EDGE('',*,*,#4987,.F.);
#4987 = EDGE_CURVE('',#4988,#2182,#4990,.T.);
#4988 = VERTEX_POINT('',#4989);
#4989 = CARTESIAN_POINT('',(-30.,0.5,45.));
#4990 = LINE('',#4991,#4992);
#4991 = CARTESIAN_POINT('',(-29.5,0.5,44.5));
#4992 = VECTOR('',#4993,1.);
#4993 = DIRECTION('',(0.707106781187,-1.19E-15,-0.707106781187));
#4994 = ORIENTED_EDGE('',*,*,#4995,.F.);
#4995 = EDGE_CURVE('',#3859,#4988,#4996,.T.);
#4996 = LINE('',#4997,#4998);
#4997 = CARTESIAN_POINT('',(-30.,-11.5,45.));
#4998 = VECTOR('',#4999,1.);
#4999 = DIRECTION('',(0.,1.,-2.2E-16));
#5000 = PLANE('',#5001);
#5001 = AXIS2_PLACEMENT_3D('',#5002,#5003,#5004);
#5002 = CARTESIAN_POINT('',(-29.5,-11.5,44.5));
#5003 = DIRECTION('',(0.707106781187,3.6E-16,0.707106781187));
#5004 = DIRECTION('',(-1.395584412272E-16,1.,-3.695584412272E-16));
#5005 = ADVANCED_FACE('',(#5006),#5024,.T.);
#5006 = FACE_BOUND('',#5007,.F.);
#5007 = EDGE_LOOP('',(#5008,#5009,#5010,#5018));
#5008 = ORIENTED_EDGE('',*,*,#4782,.F.);
#5009 = ORIENTED_EDGE('',*,*,#2189,.T.);
#5010 = ORIENTED_EDGE('',*,*,#5011,.F.);
#5011 = EDGE_CURVE('',#5012,#2182,#5014,.T.);
#5012 = VERTEX_POINT('',#5013);
#5013 = CARTESIAN_POINT('',(-30.,1.5,44.));
#5014 = LINE('',#5015,#5016);
#5015 = CARTESIAN_POINT('',(-29.75,1.25,44.));
#5016 = VECTOR('',#5017,1.);
#5017 = DIRECTION('',(0.707106781187,-0.707106781187,-3.71E-15));
#5018 = ORIENTED_EDGE('',*,*,#5019,.F.);
#5019 = EDGE_CURVE('',#4783,#5012,#5020,.T.);
#5020 = LINE('',#5021,#5022);
#5021 = CARTESIAN_POINT('',(-30.,1.5,29.976179070414));
#5022 = VECTOR('',#5023,1.);
#5023 = DIRECTION('',(-2.2E-16,0.,1.));
#5024 = PLANE('',#5025);
#5025 = AXIS2_PLACEMENT_3D('',#5026,#5027,#5028);
#5026 = CARTESIAN_POINT('',(-29.5,1.,29.976179070414));
#5027 = DIRECTION('',(0.707106781187,0.707106781187,2.E-17));
#5028 = DIRECTION('',(1.241421356237E-16,-9.585786437627E-17,-1.));
#5029 = ADVANCED_FACE('',(#5030),#5041,.T.);
#5030 = FACE_BOUND('',#5031,.F.);
#5031 = EDGE_LOOP('',(#5032,#5033,#5034,#5035));
#5032 = ORIENTED_EDGE('',*,*,#4965,.T.);
#5033 = ORIENTED_EDGE('',*,*,#2224,.T.);
#5034 = ORIENTED_EDGE('',*,*,#4772,.T.);
#5035 = ORIENTED_EDGE('',*,*,#5036,.F.);
#5036 = EDGE_CURVE('',#4943,#4765,#5037,.T.);
#5037 = LINE('',#5038,#5039);
#5038 = CARTESIAN_POINT('',(-30.,3.5,45.));
#5039 = VECTOR('',#5040,1.);
#5040 = DIRECTION('',(2.2E-16,0.,-1.));
#5041 = PLANE('',#5042);
#5042 = AXIS2_PLACEMENT_3D('',#5043,#5044,#5045);
#5043 = CARTESIAN_POINT('',(-29.5,4.,45.));
#5044 = DIRECTION('',(0.707106781187,-0.707106781187,0.));
#5045 = DIRECTION('',(-1.1E-16,-1.1E-16,1.));
#5046 = ADVANCED_FACE('',(#5047),#5052,.T.);
#5047 = FACE_BOUND('',#5048,.T.);
#5048 = EDGE_LOOP('',(#5049,#5050,#5051));
#5049 = ORIENTED_EDGE('',*,*,#3728,.F.);
#5050 = ORIENTED_EDGE('',*,*,#3712,.T.);
#5051 = ORIENTED_EDGE('',*,*,#2318,.F.);
#5052 = PLANE('',#5053);
#5053 = AXIS2_PLACEMENT_3D('',#5054,#5055,#5056);
#5054 = CARTESIAN_POINT('',(43.,-11.5,44.));
#5055 = DIRECTION('',(0.57735026919,-0.57735026919,0.57735026919));
#5056 = DIRECTION('',(0.707106781187,-3.580469254416E-15,-0.707106781187
    ));
#5057 = ADVANCED_FACE('',(#5058),#5063,.F.);
#5058 = FACE_BOUND('',#5059,.F.);
#5059 = EDGE_LOOP('',(#5060,#5061,#5062));
#5060 = ORIENTED_EDGE('',*,*,#3800,.F.);
#5061 = ORIENTED_EDGE('',*,*,#2340,.T.);
#5062 = ORIENTED_EDGE('',*,*,#3779,.F.);
#5063 = PLANE('',#5064);
#5064 = AXIS2_PLACEMENT_3D('',#5065,#5066,#5067);
#5065 = CARTESIAN_POINT('',(-27.,-10.5,44.));
#5066 = DIRECTION('',(0.57735026919,0.57735026919,-0.57735026919));
#5067 = DIRECTION('',(-2.775557561563E-17,0.707106781187,0.707106781187)
  );
#5068 = ADVANCED_FACE('',(#5069,#5075),#5078,.T.);
#5069 = FACE_BOUND('',#5070,.T.);
#5070 = EDGE_LOOP('',(#5071,#5072,#5073,#5074));
#5071 = ORIENTED_EDGE('',*,*,#2412,.T.);
#5072 = ORIENTED_EDGE('',*,*,#2436,.T.);
#5073 = ORIENTED_EDGE('',*,*,#2460,.T.);
#5074 = ORIENTED_EDGE('',*,*,#2484,.T.);
#5075 = FACE_BOUND('',#5076,.T.);
#5076 = EDGE_LOOP('',(#5077));
#5077 = ORIENTED_EDGE('',*,*,#4283,.T.);
#5078 = PLANE('',#5079);
#5079 = AXIS2_PLACEMENT_3D('',#5080,#5081,#5082);
#5080 = CARTESIAN_POINT('',(12.166666666667,8.5,-7.105427357601E-15));
#5081 = DIRECTION('',(0.,1.,2.2E-16));
#5082 = DIRECTION('',(0.,-2.2E-16,1.));
#5083 = ADVANCED_FACE('',(#5084,#5087),#5090,.F.);
#5084 = FACE_BOUND('',#5085,.F.);
#5085 = EDGE_LOOP('',(#5086));
#5086 = ORIENTED_EDGE('',*,*,#4081,.F.);
#5087 = FACE_BOUND('',#5088,.F.);
#5088 = EDGE_LOOP('',(#5089));
#5089 = ORIENTED_EDGE('',*,*,#2500,.T.);
#5090 = PLANE('',#5091);
#5091 = AXIS2_PLACEMENT_3D('',#5092,#5093,#5094);
#5092 = CARTESIAN_POINT('',(-1.82E-15,-10.5,-9.992007221626E-16));
#5093 = DIRECTION('',(0.,1.,2.2E-16));
#5094 = DIRECTION('',(0.,-2.2E-16,1.));
#5095 = ADVANCED_FACE('',(#5096,#5104),#5107,.T.);
#5096 = FACE_BOUND('',#5097,.T.);
#5097 = EDGE_LOOP('',(#5098,#5099,#5100,#5101,#5102,#5103));
#5098 = ORIENTED_EDGE('',*,*,#2533,.T.);
#5099 = ORIENTED_EDGE('',*,*,#2581,.T.);
#5100 = ORIENTED_EDGE('',*,*,#2629,.T.);
#5101 = ORIENTED_EDGE('',*,*,#2653,.T.);
#5102 = ORIENTED_EDGE('',*,*,#2612,.T.);
#5103 = ORIENTED_EDGE('',*,*,#2564,.T.);
#5104 = FACE_BOUND('',#5105,.T.);
#5105 = EDGE_LOOP('',(#5106));
#5106 = ORIENTED_EDGE('',*,*,#4358,.T.);
#5107 = PLANE('',#5108);
#5108 = AXIS2_PLACEMENT_3D('',#5109,#5110,#5111);
#5109 = CARTESIAN_POINT('',(5.E-17,1.,-0.75));
#5110 = DIRECTION('',(0.,1.,2.2E-16));
#5111 = DIRECTION('',(0.,-2.2E-16,1.));
#5112 = ADVANCED_FACE('',(#5113,#5119),#5122,.T.);
#5113 = FACE_BOUND('',#5114,.T.);
#5114 = EDGE_LOOP('',(#5115,#5116,#5117,#5118));
#5115 = ORIENTED_EDGE('',*,*,#2677,.T.);
#5116 = ORIENTED_EDGE('',*,*,#2701,.T.);
#5117 = ORIENTED_EDGE('',*,*,#2725,.T.);
#5118 = ORIENTED_EDGE('',*,*,#2749,.T.);
#5119 = FACE_BOUND('',#5120,.T.);
#5120 = EDGE_LOOP('',(#5121));
#5121 = ORIENTED_EDGE('',*,*,#4258,.T.);
#5122 = PLANE('',#5123);
#5123 = AXIS2_PLACEMENT_3D('',#5124,#5125,#5126);
#5124 = CARTESIAN_POINT('',(12.166666666667,8.5,-7.105427357601E-15));
#5125 = DIRECTION('',(0.,1.,2.2E-16));
#5126 = DIRECTION('',(0.,-2.2E-16,1.));
#5127 = ADVANCED_FACE('',(#5128,#5131),#5134,.F.);
#5128 = FACE_BOUND('',#5129,.F.);
#5129 = EDGE_LOOP('',(#5130));
#5130 = ORIENTED_EDGE('',*,*,#4031,.F.);
#5131 = FACE_BOUND('',#5132,.F.);
#5132 = EDGE_LOOP('',(#5133));
#5133 = ORIENTED_EDGE('',*,*,#2765,.T.);
#5134 = PLANE('',#5135);
#5135 = AXIS2_PLACEMENT_3D('',#5136,#5137,#5138);
#5136 = CARTESIAN_POINT('',(-1.82E-15,-10.5,-9.992007221626E-16));
#5137 = DIRECTION('',(0.,1.,2.2E-16));
#5138 = DIRECTION('',(0.,-2.2E-16,1.));
#5139 = ADVANCED_FACE('',(#5140,#5148),#5151,.T.);
#5140 = FACE_BOUND('',#5141,.T.);
#5141 = EDGE_LOOP('',(#5142,#5143,#5144,#5145,#5146,#5147));
#5142 = ORIENTED_EDGE('',*,*,#2798,.T.);
#5143 = ORIENTED_EDGE('',*,*,#2846,.T.);
#5144 = ORIENTED_EDGE('',*,*,#2894,.T.);
#5145 = ORIENTED_EDGE('',*,*,#2918,.T.);
#5146 = ORIENTED_EDGE('',*,*,#2877,.T.);
#5147 = ORIENTED_EDGE('',*,*,#2829,.T.);
#5148 = FACE_BOUND('',#5149,.T.);
#5149 = EDGE_LOOP('',(#5150));
#5150 = ORIENTED_EDGE('',*,*,#4408,.T.);
#5151 = PLANE('',#5152);
#5152 = AXIS2_PLACEMENT_3D('',#5153,#5154,#5155);
#5153 = CARTESIAN_POINT('',(5.E-17,1.,-0.75));
#5154 = DIRECTION('',(0.,1.,2.2E-16));
#5155 = DIRECTION('',(0.,-2.2E-16,1.));
#5156 = ADVANCED_FACE('',(#5157,#5165),#5168,.T.);
#5157 = FACE_BOUND('',#5158,.T.);
#5158 = EDGE_LOOP('',(#5159,#5160,#5161,#5162,#5163,#5164));
#5159 = ORIENTED_EDGE('',*,*,#2942,.T.);
#5160 = ORIENTED_EDGE('',*,*,#2990,.T.);
#5161 = ORIENTED_EDGE('',*,*,#3038,.T.);
#5162 = ORIENTED_EDGE('',*,*,#3062,.T.);
#5163 = ORIENTED_EDGE('',*,*,#3021,.T.);
#5164 = ORIENTED_EDGE('',*,*,#2973,.T.);
#5165 = FACE_BOUND('',#5166,.T.);
#5166 = EDGE_LOOP('',(#5167));
#5167 = ORIENTED_EDGE('',*,*,#4383,.T.);
#5168 = PLANE('',#5169);
#5169 = AXIS2_PLACEMENT_3D('',#5170,#5171,#5172);
#5170 = CARTESIAN_POINT('',(5.E-17,1.,-0.75));
#5171 = DIRECTION('',(0.,1.,2.2E-16));
#5172 = DIRECTION('',(0.,-2.2E-16,1.));
#5173 = ADVANCED_FACE('',(#5174,#5177),#5180,.F.);
#5174 = FACE_BOUND('',#5175,.F.);
#5175 = EDGE_LOOP('',(#5176));
#5176 = ORIENTED_EDGE('',*,*,#4056,.F.);
#5177 = FACE_BOUND('',#5178,.F.);
#5178 = EDGE_LOOP('',(#5179));
#5179 = ORIENTED_EDGE('',*,*,#3078,.T.);
#5180 = PLANE('',#5181);
#5181 = AXIS2_PLACEMENT_3D('',#5182,#5183,#5184);
#5182 = CARTESIAN_POINT('',(-1.82E-15,-10.5,-9.992007221626E-16));
#5183 = DIRECTION('',(0.,1.,2.2E-16));
#5184 = DIRECTION('',(0.,-2.2E-16,1.));
#5185 = ADVANCED_FACE('',(#5186,#5197),#5200,.T.);
#5186 = FACE_BOUND('',#5187,.T.);
#5187 = EDGE_LOOP('',(#5188));
#5188 = ORIENTED_EDGE('',*,*,#5189,.T.);
#5189 = EDGE_CURVE('',#5190,#5190,#5192,.T.);
#5190 = VERTEX_POINT('',#5191);
#5191 = CARTESIAN_POINT('',(-12.45,10.,15.5));
#5192 = CIRCLE('',#5193,3.05);
#5193 = AXIS2_PLACEMENT_3D('',#5194,#5195,#5196);
#5194 = CARTESIAN_POINT('',(-15.5,10.,15.5));
#5195 = DIRECTION('',(0.,-1.,0.));
#5196 = DIRECTION('',(1.,0.,-3.33E-15));
#5197 = FACE_BOUND('',#5198,.T.);
#5198 = EDGE_LOOP('',(#5199));
#5199 = ORIENTED_EDGE('',*,*,#3111,.T.);
#5200 = PLANE('',#5201);
#5201 = AXIS2_PLACEMENT_3D('',#5202,#5203,#5204);
#5202 = CARTESIAN_POINT('',(3.159765472971,10.,-6.217248937901E-15));
#5203 = DIRECTION('',(0.,1.,2.2E-16));
#5204 = DIRECTION('',(0.,-2.2E-16,1.));
#5205 = ADVANCED_FACE('',(#5206,#5212),#5223,.T.);
#5206 = FACE_BOUND('',#5207,.T.);
#5207 = EDGE_LOOP('',(#5208,#5209,#5210,#5211));
#5208 = ORIENTED_EDGE('',*,*,#3136,.T.);
#5209 = ORIENTED_EDGE('',*,*,#3184,.T.);
#5210 = ORIENTED_EDGE('',*,*,#3208,.T.);
#5211 = ORIENTED_EDGE('',*,*,#3167,.T.);
#5212 = FACE_BOUND('',#5213,.T.);
#5213 = EDGE_LOOP('',(#5214));
#5214 = ORIENTED_EDGE('',*,*,#5215,.T.);
#5215 = EDGE_CURVE('',#5216,#5216,#5218,.T.);
#5216 = VERTEX_POINT('',#5217);
#5217 = CARTESIAN_POINT('',(-34.9,8.5,36.6));
#5218 = CIRCLE('',#5219,1.6);
#5219 = AXIS2_PLACEMENT_3D('',#5220,#5221,#5222);
#5220 = CARTESIAN_POINT('',(-36.5,8.5,36.6));
#5221 = DIRECTION('',(0.,-1.,2.2E-16));
#5222 = DIRECTION('',(1.,0.,0.));
#5223 = PLANE('',#5224);
#5224 = AXIS2_PLACEMENT_3D('',#5225,#5226,#5227);
#5225 = CARTESIAN_POINT('',(-36.5,8.5,1.465494392505E-14));
#5226 = DIRECTION('',(0.,1.,2.2E-16));
#5227 = DIRECTION('',(0.,-2.2E-16,1.));
#5228 = ADVANCED_FACE('',(#5229,#5235),#5238,.T.);
#5229 = FACE_BOUND('',#5230,.T.);
#5230 = EDGE_LOOP('',(#5231,#5232,#5233,#5234));
#5231 = ORIENTED_EDGE('',*,*,#3232,.T.);
#5232 = ORIENTED_EDGE('',*,*,#3256,.T.);
#5233 = ORIENTED_EDGE('',*,*,#3280,.T.);
#5234 = ORIENTED_EDGE('',*,*,#3304,.T.);
#5235 = FACE_BOUND('',#5236,.T.);
#5236 = EDGE_LOOP('',(#5237));
#5237 = ORIENTED_EDGE('',*,*,#4308,.T.);
#5238 = PLANE('',#5239);
#5239 = AXIS2_PLACEMENT_3D('',#5240,#5241,#5242);
#5240 = CARTESIAN_POINT('',(12.166666666667,8.5,-7.105427357601E-15));
#5241 = DIRECTION('',(0.,1.,2.2E-16));
#5242 = DIRECTION('',(0.,-2.2E-16,1.));
#5243 = ADVANCED_FACE('',(#5244,#5255),#5258,.T.);
#5244 = FACE_BOUND('',#5245,.T.);
#5245 = EDGE_LOOP('',(#5246));
#5246 = ORIENTED_EDGE('',*,*,#5247,.T.);
#5247 = EDGE_CURVE('',#5248,#5248,#5250,.T.);
#5248 = VERTEX_POINT('',#5249);
#5249 = CARTESIAN_POINT('',(-12.45,10.,-15.5));
#5250 = CIRCLE('',#5251,3.05);
#5251 = AXIS2_PLACEMENT_3D('',#5252,#5253,#5254);
#5252 = CARTESIAN_POINT('',(-15.5,10.,-15.5));
#5253 = DIRECTION('',(0.,-1.,0.));
#5254 = DIRECTION('',(1.,0.,-3.33E-15));
#5255 = FACE_BOUND('',#5256,.T.);
#5256 = EDGE_LOOP('',(#5257));
#5257 = ORIENTED_EDGE('',*,*,#3328,.T.);
#5258 = PLANE('',#5259);
#5259 = AXIS2_PLACEMENT_3D('',#5260,#5261,#5262);
#5260 = CARTESIAN_POINT('',(3.159765472971,10.,-6.217248937901E-15));
#5261 = DIRECTION('',(0.,1.,2.2E-16));
#5262 = DIRECTION('',(0.,-2.2E-16,1.));
#5263 = ADVANCED_FACE('',(#5264,#5272),#5275,.T.);
#5264 = FACE_BOUND('',#5265,.T.);
#5265 = EDGE_LOOP('',(#5266,#5267,#5268,#5269,#5270,#5271));
#5266 = ORIENTED_EDGE('',*,*,#3353,.T.);
#5267 = ORIENTED_EDGE('',*,*,#3401,.T.);
#5268 = ORIENTED_EDGE('',*,*,#3449,.T.);
#5269 = ORIENTED_EDGE('',*,*,#3473,.T.);
#5270 = ORIENTED_EDGE('',*,*,#3432,.T.);
#5271 = ORIENTED_EDGE('',*,*,#3384,.T.);
#5272 = FACE_BOUND('',#5273,.T.);
#5273 = EDGE_LOOP('',(#5274));
#5274 = ORIENTED_EDGE('',*,*,#4333,.T.);
#5275 = PLANE('',#5276);
#5276 = AXIS2_PLACEMENT_3D('',#5277,#5278,#5279);
#5277 = CARTESIAN_POINT('',(5.E-17,1.,-0.75));
#5278 = DIRECTION('',(0.,1.,2.2E-16));
#5279 = DIRECTION('',(0.,-2.2E-16,1.));
#5280 = ADVANCED_FACE('',(#5281,#5284),#5287,.F.);
#5281 = FACE_BOUND('',#5282,.F.);
#5282 = EDGE_LOOP('',(#5283));
#5283 = ORIENTED_EDGE('',*,*,#4106,.F.);
#5284 = FACE_BOUND('',#5285,.F.);
#5285 = EDGE_LOOP('',(#5286));
#5286 = ORIENTED_EDGE('',*,*,#3489,.T.);
#5287 = PLANE('',#5288);
#5288 = AXIS2_PLACEMENT_3D('',#5289,#5290,#5291);
#5289 = CARTESIAN_POINT('',(-1.82E-15,-10.5,-9.992007221626E-16));
#5290 = DIRECTION('',(0.,1.,2.2E-16));
#5291 = DIRECTION('',(0.,-2.2E-16,1.));
#5292 = ADVANCED_FACE('',(#5293,#5299),#5310,.T.);
#5293 = FACE_BOUND('',#5294,.T.);
#5294 = EDGE_LOOP('',(#5295,#5296,#5297,#5298));
#5295 = ORIENTED_EDGE('',*,*,#3522,.T.);
#5296 = ORIENTED_EDGE('',*,*,#3570,.T.);
#5297 = ORIENTED_EDGE('',*,*,#3594,.T.);
#5298 = ORIENTED_EDGE('',*,*,#3553,.T.);
#5299 = FACE_BOUND('',#5300,.T.);
#5300 = EDGE_LOOP('',(#5301));
#5301 = ORIENTED_EDGE('',*,*,#5302,.T.);
#5302 = EDGE_CURVE('',#5303,#5303,#5305,.T.);
#5303 = VERTEX_POINT('',#5304);
#5304 = CARTESIAN_POINT('',(-34.9,8.5,-36.6));
#5305 = CIRCLE('',#5306,1.6);
#5306 = AXIS2_PLACEMENT_3D('',#5307,#5308,#5309);
#5307 = CARTESIAN_POINT('',(-36.5,8.5,-36.6));
#5308 = DIRECTION('',(0.,-1.,2.2E-16));
#5309 = DIRECTION('',(1.,0.,0.));
#5310 = PLANE('',#5311);
#5311 = AXIS2_PLACEMENT_3D('',#5312,#5313,#5314);
#5312 = CARTESIAN_POINT('',(-36.5,8.5,1.465494392505E-14));
#5313 = DIRECTION('',(0.,1.,2.2E-16));
#5314 = DIRECTION('',(0.,-2.2E-16,1.));
#5315 = ADVANCED_FACE('',(#5316),#5321,.T.);
#5316 = FACE_BOUND('',#5317,.T.);
#5317 = EDGE_LOOP('',(#5318,#5319,#5320));
#5318 = ORIENTED_EDGE('',*,*,#3832,.F.);
#5319 = ORIENTED_EDGE('',*,*,#4980,.T.);
#5320 = ORIENTED_EDGE('',*,*,#3866,.F.);
#5321 = PLANE('',#5322);
#5322 = AXIS2_PLACEMENT_3D('',#5323,#5324,#5325);
#5323 = CARTESIAN_POINT('',(-29.,-10.5,44.));
#5324 = DIRECTION('',(0.57735026919,-0.57735026919,0.57735026919));
#5325 = DIRECTION('',(2.775557561563E-17,0.707106781187,0.707106781187)
  );
#5326 = ADVANCED_FACE('',(#5327),#5332,.F.);
#5327 = FACE_BOUND('',#5328,.F.);
#5328 = EDGE_LOOP('',(#5329,#5330,#5331));
#5329 = ORIENTED_EDGE('',*,*,#3880,.F.);
#5330 = ORIENTED_EDGE('',*,*,#4843,.T.);
#5331 = ORIENTED_EDGE('',*,*,#3850,.F.);
#5332 = PLANE('',#5333);
#5333 = AXIS2_PLACEMENT_3D('',#5334,#5335,#5336);
#5334 = CARTESIAN_POINT('',(-44.,-10.5,44.));
#5335 = DIRECTION('',(0.57735026919,0.57735026919,-0.57735026919));
#5336 = DIRECTION('',(-2.775557561563E-17,0.707106781187,0.707106781187)
  );
#5337 = ADVANCED_FACE('',(#5338),#5349,.F.);
#5338 = FACE_BOUND('',#5339,.F.);
#5339 = EDGE_LOOP('',(#5340,#5341,#5342,#5348));
#5340 = ORIENTED_EDGE('',*,*,#3858,.T.);
#5341 = ORIENTED_EDGE('',*,*,#4849,.F.);
#5342 = ORIENTED_EDGE('',*,*,#5343,.T.);
#5343 = EDGE_CURVE('',#4850,#4988,#5344,.T.);
#5344 = LINE('',#5345,#5346);
#5345 = CARTESIAN_POINT('',(-44.,0.5,45.));
#5346 = VECTOR('',#5347,1.);
#5347 = DIRECTION('',(1.,0.,2.2E-16));
#5348 = ORIENTED_EDGE('',*,*,#4995,.F.);
#5349 = PLANE('',#5350);
#5350 = AXIS2_PLACEMENT_3D('',#5351,#5352,#5353);
#5351 = CARTESIAN_POINT('',(44.,11.5,45.));
#5352 = DIRECTION('',(0.,-2.2E-16,-1.));
#5353 = DIRECTION('',(-1.,0.,0.));
#5354 = ADVANCED_FACE('',(#5355),#5360,.F.);
#5355 = FACE_BOUND('',#5356,.F.);
#5356 = EDGE_LOOP('',(#5357,#5358,#5359));
#5357 = ORIENTED_EDGE('',*,*,#3902,.F.);
#5358 = ORIENTED_EDGE('',*,*,#4896,.T.);
#5359 = ORIENTED_EDGE('',*,*,#3887,.F.);
#5360 = PLANE('',#5361);
#5361 = AXIS2_PLACEMENT_3D('',#5362,#5363,#5364);
#5362 = CARTESIAN_POINT('',(-43.,-10.5,-45.));
#5363 = DIRECTION('',(0.57735026919,0.57735026919,0.57735026919));
#5364 = DIRECTION('',(-0.707106781187,0.707106781187,-4.940492459582E-15
    ));
#5365 = ADVANCED_FACE('',(#5366),#5377,.F.);
#5366 = FACE_BOUND('',#5367,.F.);
#5367 = EDGE_LOOP('',(#5368,#5369,#5370,#5376));
#5368 = ORIENTED_EDGE('',*,*,#3919,.T.);
#5369 = ORIENTED_EDGE('',*,*,#4582,.T.);
#5370 = ORIENTED_EDGE('',*,*,#5371,.F.);
#5371 = EDGE_CURVE('',#4903,#4575,#5372,.T.);
#5372 = LINE('',#5373,#5374);
#5373 = CARTESIAN_POINT('',(-44.,0.5,-45.));
#5374 = VECTOR('',#5375,1.);
#5375 = DIRECTION('',(1.,0.,2.2E-16));
#5376 = ORIENTED_EDGE('',*,*,#4902,.T.);
#5377 = PLANE('',#5378);
#5378 = AXIS2_PLACEMENT_3D('',#5379,#5380,#5381);
#5379 = CARTESIAN_POINT('',(-44.,11.5,-45.));
#5380 = DIRECTION('',(0.,2.2E-16,1.));
#5381 = DIRECTION('',(1.,0.,0.));
#5382 = ADVANCED_FACE('',(#5383),#5388,.F.);
#5383 = FACE_BOUND('',#5384,.F.);
#5384 = EDGE_LOOP('',(#5385,#5386,#5387));
#5385 = ORIENTED_EDGE('',*,*,#3940,.F.);
#5386 = ORIENTED_EDGE('',*,*,#4567,.T.);
#5387 = ORIENTED_EDGE('',*,*,#3911,.F.);
#5388 = PLANE('',#5389);
#5389 = AXIS2_PLACEMENT_3D('',#5390,#5391,#5392);
#5390 = CARTESIAN_POINT('',(-29.,-10.5,-44.));
#5391 = DIRECTION('',(-0.57735026919,0.57735026919,0.57735026919));
#5392 = DIRECTION('',(0.,0.707106781187,-0.707106781187));
#5393 = ADVANCED_FACE('',(#5394,#5397),#5408,.F.);
#5394 = FACE_BOUND('',#5395,.F.);
#5395 = EDGE_LOOP('',(#5396));
#5396 = ORIENTED_EDGE('',*,*,#4131,.F.);
#5397 = FACE_BOUND('',#5398,.F.);
#5398 = EDGE_LOOP('',(#5399));
#5399 = ORIENTED_EDGE('',*,*,#5400,.T.);
#5400 = EDGE_CURVE('',#5401,#5401,#5403,.T.);
#5401 = VERTEX_POINT('',#5402);
#5402 = CARTESIAN_POINT('',(-34.9,-9.5,36.6));
#5403 = CIRCLE('',#5404,1.6);
#5404 = AXIS2_PLACEMENT_3D('',#5405,#5406,#5407);
#5405 = CARTESIAN_POINT('',(-36.5,-9.5,36.6));
#5406 = DIRECTION('',(0.,-1.,2.2E-16));
#5407 = DIRECTION('',(1.,0.,0.));
#5408 = PLANE('',#5409);
#5409 = AXIS2_PLACEMENT_3D('',#5410,#5411,#5412);
#5410 = CARTESIAN_POINT('',(-36.5,-9.5,0.));
#5411 = DIRECTION('',(0.,1.,0.));
#5412 = DIRECTION('',(0.,0.,1.));
#5413 = ADVANCED_FACE('',(#5414,#5417),#5428,.F.);
#5414 = FACE_BOUND('',#5415,.F.);
#5415 = EDGE_LOOP('',(#5416));
#5416 = ORIENTED_EDGE('',*,*,#4156,.F.);
#5417 = FACE_BOUND('',#5418,.F.);
#5418 = EDGE_LOOP('',(#5419));
#5419 = ORIENTED_EDGE('',*,*,#5420,.T.);
#5420 = EDGE_CURVE('',#5421,#5421,#5423,.T.);
#5421 = VERTEX_POINT('',#5422);
#5422 = CARTESIAN_POINT('',(-34.9,-9.5,-36.6));
#5423 = CIRCLE('',#5424,1.6);
#5424 = AXIS2_PLACEMENT_3D('',#5425,#5426,#5427);
#5425 = CARTESIAN_POINT('',(-36.5,-9.5,-36.6));
#5426 = DIRECTION('',(0.,-1.,2.2E-16));
#5427 = DIRECTION('',(1.,0.,0.));
#5428 = PLANE('',#5429);
#5429 = AXIS2_PLACEMENT_3D('',#5430,#5431,#5432);
#5430 = CARTESIAN_POINT('',(-36.5,-9.5,0.));
#5431 = DIRECTION('',(0.,1.,0.));
#5432 = DIRECTION('',(0.,0.,1.));
#5433 = ADVANCED_FACE('',(#5434),#5445,.F.);
#5434 = FACE_BOUND('',#5435,.F.);
#5435 = EDGE_LOOP('',(#5436,#5442,#5443,#5444));
#5436 = ORIENTED_EDGE('',*,*,#5437,.F.);
#5437 = EDGE_CURVE('',#4686,#4174,#5438,.T.);
#5438 = LINE('',#5439,#5440);
#5439 = CARTESIAN_POINT('',(17.1,8.2,15.5));
#5440 = VECTOR('',#5441,1.);
#5441 = DIRECTION('',(-0.627329537873,-0.778753909083,2.09E-15));
#5442 = ORIENTED_EDGE('',*,*,#4685,.T.);
#5443 = ORIENTED_EDGE('',*,*,#5437,.T.);
#5444 = ORIENTED_EDGE('',*,*,#4183,.F.);
#5445 = CONICAL_SURFACE('',#5446,1.6,0.678119307749);
#5446 = AXIS2_PLACEMENT_3D('',#5447,#5448,#5449);
#5447 = CARTESIAN_POINT('',(15.5,8.2,15.5));
#5448 = DIRECTION('',(0.,1.,0.));
#5449 = DIRECTION('',(1.,0.,-3.33E-15));
#5450 = ADVANCED_FACE('',(#5451),#5462,.F.);
#5451 = FACE_BOUND('',#5452,.F.);
#5452 = EDGE_LOOP('',(#5453,#5459,#5460,#5461));
#5453 = ORIENTED_EDGE('',*,*,#5454,.F.);
#5454 = EDGE_CURVE('',#5190,#4199,#5455,.T.);
#5455 = LINE('',#5456,#5457);
#5456 = CARTESIAN_POINT('',(-13.9,8.2,15.5));
#5457 = VECTOR('',#5458,1.);
#5458 = DIRECTION('',(-0.627329537873,-0.778753909083,2.09E-15));
#5459 = ORIENTED_EDGE('',*,*,#5189,.T.);
#5460 = ORIENTED_EDGE('',*,*,#5454,.T.);
#5461 = ORIENTED_EDGE('',*,*,#4208,.F.);
#5462 = CONICAL_SURFACE('',#5463,1.6,0.678119307749);
#5463 = AXIS2_PLACEMENT_3D('',#5464,#5465,#5466);
#5464 = CARTESIAN_POINT('',(-15.5,8.2,15.5));
#5465 = DIRECTION('',(0.,1.,0.));
#5466 = DIRECTION('',(1.,0.,-3.33E-15));
#5467 = ADVANCED_FACE('',(#5468),#5479,.F.);
#5468 = FACE_BOUND('',#5469,.F.);
#5469 = EDGE_LOOP('',(#5470,#5476,#5477,#5478));
#5470 = ORIENTED_EDGE('',*,*,#5471,.F.);
#5471 = EDGE_CURVE('',#5248,#4224,#5472,.T.);
#5472 = LINE('',#5473,#5474);
#5473 = CARTESIAN_POINT('',(-13.9,8.2,-15.5));
#5474 = VECTOR('',#5475,1.);
#5475 = DIRECTION('',(-0.627329537873,-0.778753909083,2.09E-15));
#5476 = ORIENTED_EDGE('',*,*,#5247,.T.);
#5477 = ORIENTED_EDGE('',*,*,#5471,.T.);
#5478 = ORIENTED_EDGE('',*,*,#4233,.F.);
#5479 = CONICAL_SURFACE('',#5480,1.6,0.678119307749);
#5480 = AXIS2_PLACEMENT_3D('',#5481,#5482,#5483);
#5481 = CARTESIAN_POINT('',(-15.5,8.2,-15.5));
#5482 = DIRECTION('',(0.,1.,0.));
#5483 = DIRECTION('',(1.,0.,-3.33E-15));
#5484 = ADVANCED_FACE('',(#5485,#5496),#5507,.F.);
#5485 = FACE_BOUND('',#5486,.F.);
#5486 = EDGE_LOOP('',(#5487,#5488,#5489,#5495));
#5487 = ORIENTED_EDGE('',*,*,#4479,.T.);
#5488 = ORIENTED_EDGE('',*,*,#4606,.T.);
#5489 = ORIENTED_EDGE('',*,*,#5490,.F.);
#5490 = EDGE_CURVE('',#4743,#4599,#5491,.T.);
#5491 = LINE('',#5492,#5493);
#5492 = CARTESIAN_POINT('',(-44.,3.5,-44.));
#5493 = VECTOR('',#5494,1.);
#5494 = DIRECTION('',(1.,0.,2.2E-16));
#5495 = ORIENTED_EDGE('',*,*,#4750,.F.);
#5496 = FACE_BOUND('',#5497,.F.);
#5497 = EDGE_LOOP('',(#5498));
#5498 = ORIENTED_EDGE('',*,*,#5499,.T.);
#5499 = EDGE_CURVE('',#5500,#5500,#5502,.T.);
#5500 = VERTEX_POINT('',#5501);
#5501 = CARTESIAN_POINT('',(-34.9,3.5,-36.6));
#5502 = CIRCLE('',#5503,1.6);
#5503 = AXIS2_PLACEMENT_3D('',#5504,#5505,#5506);
#5504 = CARTESIAN_POINT('',(-36.5,3.5,-36.6));
#5505 = DIRECTION('',(0.,-1.,2.2E-16));
#5506 = DIRECTION('',(1.,0.,0.));
#5507 = PLANE('',#5508);
#5508 = AXIS2_PLACEMENT_3D('',#5509,#5510,#5511);
#5509 = CARTESIAN_POINT('',(-44.,3.5,-22.02382092958));
#5510 = DIRECTION('',(0.,1.,0.));
#5511 = DIRECTION('',(2.2E-16,0.,-1.));
#5512 = ADVANCED_FACE('',(#5513,#5524),#5535,.F.);
#5513 = FACE_BOUND('',#5514,.F.);
#5514 = EDGE_LOOP('',(#5515,#5516,#5517,#5523));
#5515 = ORIENTED_EDGE('',*,*,#4509,.F.);
#5516 = ORIENTED_EDGE('',*,*,#4881,.F.);
#5517 = ORIENTED_EDGE('',*,*,#5518,.T.);
#5518 = EDGE_CURVE('',#4872,#4544,#5519,.T.);
#5519 = LINE('',#5520,#5521);
#5520 = CARTESIAN_POINT('',(-44.,1.5,-44.));
#5521 = VECTOR('',#5522,1.);
#5522 = DIRECTION('',(1.,0.,2.2E-16));
#5523 = ORIENTED_EDGE('',*,*,#4553,.T.);
#5524 = FACE_BOUND('',#5525,.F.);
#5525 = EDGE_LOOP('',(#5526));
#5526 = ORIENTED_EDGE('',*,*,#5527,.F.);
#5527 = EDGE_CURVE('',#5528,#5528,#5530,.T.);
#5528 = VERTEX_POINT('',#5529);
#5529 = CARTESIAN_POINT('',(-34.9,1.5,-36.6));
#5530 = CIRCLE('',#5531,1.6);
#5531 = AXIS2_PLACEMENT_3D('',#5532,#5533,#5534);
#5532 = CARTESIAN_POINT('',(-36.5,1.5,-36.6));
#5533 = DIRECTION('',(0.,-1.,2.2E-16));
#5534 = DIRECTION('',(1.,0.,0.));
#5535 = PLANE('',#5536);
#5536 = AXIS2_PLACEMENT_3D('',#5537,#5538,#5539);
#5537 = CARTESIAN_POINT('',(-44.,1.5,-45.));
#5538 = DIRECTION('',(0.,-1.,0.));
#5539 = DIRECTION('',(-2.2E-16,0.,1.));
#5540 = ADVANCED_FACE('',(#5541),#5551,.T.);
#5541 = FACE_BOUND('',#5542,.T.);
#5542 = EDGE_LOOP('',(#5543,#5549,#5550));
#5543 = ORIENTED_EDGE('',*,*,#5544,.F.);
#5544 = EDGE_CURVE('',#4544,#4575,#5545,.T.);
#5545 = LINE('',#5546,#5547);
#5546 = CARTESIAN_POINT('',(-30.,1.25,-44.25));
#5547 = VECTOR('',#5548,1.);
#5548 = DIRECTION('',(-5.8E-16,-0.707106781187,-0.707106781187));
#5549 = ORIENTED_EDGE('',*,*,#4543,.T.);
#5550 = ORIENTED_EDGE('',*,*,#4574,.F.);
#5551 = PLANE('',#5552);
#5552 = AXIS2_PLACEMENT_3D('',#5553,#5554,#5555);
#5553 = CARTESIAN_POINT('',(-30.,1.5,-44.));
#5554 = DIRECTION('',(0.57735026919,0.57735026919,-0.57735026919));
#5555 = DIRECTION('',(0.707106781187,-4.163336342344E-16,0.707106781187)
  );
#5556 = ADVANCED_FACE('',(#5557),#5567,.F.);
#5557 = FACE_BOUND('',#5558,.F.);
#5558 = EDGE_LOOP('',(#5559,#5565,#5566));
#5559 = ORIENTED_EDGE('',*,*,#5560,.F.);
#5560 = EDGE_CURVE('',#4599,#4623,#5561,.T.);
#5561 = LINE('',#5562,#5563);
#5562 = CARTESIAN_POINT('',(-30.,3.75,-44.25));
#5563 = VECTOR('',#5564,1.);
#5564 = DIRECTION('',(1.92E-15,0.707106781187,-0.707106781187));
#5565 = ORIENTED_EDGE('',*,*,#4598,.T.);
#5566 = ORIENTED_EDGE('',*,*,#4630,.F.);
#5567 = PLANE('',#5568);
#5568 = AXIS2_PLACEMENT_3D('',#5569,#5570,#5571);
#5569 = CARTESIAN_POINT('',(-30.,3.5,-44.));
#5570 = DIRECTION('',(-0.57735026919,0.57735026919,0.57735026919));
#5571 = DIRECTION('',(0.707106781187,1.720845688169E-15,0.707106781187)
  );
#5572 = ADVANCED_FACE('',(#5573),#5583,.F.);
#5573 = FACE_BOUND('',#5574,.F.);
#5574 = EDGE_LOOP('',(#5575,#5576,#5582));
#5575 = ORIENTED_EDGE('',*,*,#4742,.F.);
#5576 = ORIENTED_EDGE('',*,*,#5577,.T.);
#5577 = EDGE_CURVE('',#4743,#4646,#5578,.T.);
#5578 = LINE('',#5579,#5580);
#5579 = CARTESIAN_POINT('',(-43.,3.75,-44.25));
#5580 = VECTOR('',#5581,1.);
#5581 = DIRECTION('',(4.13E-15,0.707106781187,-0.707106781187));
#5582 = ORIENTED_EDGE('',*,*,#4653,.F.);
#5583 = PLANE('',#5584);
#5584 = AXIS2_PLACEMENT_3D('',#5585,#5586,#5587);
#5585 = CARTESIAN_POINT('',(-43.,3.5,-44.));
#5586 = DIRECTION('',(0.57735026919,0.57735026919,0.57735026919));
#5587 = DIRECTION('',(0.707106781187,8.604228440845E-16,-0.707106781187)
  );
#5588 = ADVANCED_FACE('',(#5589),#5595,.T.);
#5589 = FACE_BOUND('',#5590,.T.);
#5590 = EDGE_LOOP('',(#5591,#5592,#5593,#5594));
#5591 = ORIENTED_EDGE('',*,*,#5577,.T.);
#5592 = ORIENTED_EDGE('',*,*,#4669,.T.);
#5593 = ORIENTED_EDGE('',*,*,#5560,.F.);
#5594 = ORIENTED_EDGE('',*,*,#5490,.F.);
#5595 = PLANE('',#5596);
#5596 = AXIS2_PLACEMENT_3D('',#5597,#5598,#5599);
#5597 = CARTESIAN_POINT('',(-44.,4.,-44.5));
#5598 = DIRECTION('',(0.,-0.707106781187,-0.707106781187));
#5599 = DIRECTION('',(1.,-1.1E-16,1.1E-16));
#5600 = ADVANCED_FACE('',(#5601,#5607),#5618,.F.);
#5601 = FACE_BOUND('',#5602,.F.);
#5602 = EDGE_LOOP('',(#5603,#5604,#5605,#5606));
#5603 = ORIENTED_EDGE('',*,*,#4764,.F.);
#5604 = ORIENTED_EDGE('',*,*,#4726,.F.);
#5605 = ORIENTED_EDGE('',*,*,#4950,.T.);
#5606 = ORIENTED_EDGE('',*,*,#5036,.T.);
#5607 = FACE_BOUND('',#5608,.F.);
#5608 = EDGE_LOOP('',(#5609));
#5609 = ORIENTED_EDGE('',*,*,#5610,.T.);
#5610 = EDGE_CURVE('',#5611,#5611,#5613,.T.);
#5611 = VERTEX_POINT('',#5612);
#5612 = CARTESIAN_POINT('',(-34.9,3.5,36.6));
#5613 = CIRCLE('',#5614,1.6);
#5614 = AXIS2_PLACEMENT_3D('',#5615,#5616,#5617);
#5615 = CARTESIAN_POINT('',(-36.5,3.5,36.6));
#5616 = DIRECTION('',(0.,-1.,2.2E-16));
#5617 = DIRECTION('',(1.,0.,0.));
#5618 = PLANE('',#5619);
#5619 = AXIS2_PLACEMENT_3D('',#5620,#5621,#5622);
#5620 = CARTESIAN_POINT('',(-44.,3.5,45.));
#5621 = DIRECTION('',(0.,1.,0.));
#5622 = DIRECTION('',(2.2E-16,0.,-1.));
#5623 = ADVANCED_FACE('',(#5624,#5635),#5646,.F.);
#5624 = FACE_BOUND('',#5625,.F.);
#5625 = EDGE_LOOP('',(#5626,#5627,#5628,#5634));
#5626 = ORIENTED_EDGE('',*,*,#4791,.T.);
#5627 = ORIENTED_EDGE('',*,*,#5019,.T.);
#5628 = ORIENTED_EDGE('',*,*,#5629,.F.);
#5629 = EDGE_CURVE('',#4821,#5012,#5630,.T.);
#5630 = LINE('',#5631,#5632);
#5631 = CARTESIAN_POINT('',(-44.,1.5,44.));
#5632 = VECTOR('',#5633,1.);
#5633 = DIRECTION('',(1.,0.,2.2E-16));
#5634 = ORIENTED_EDGE('',*,*,#4828,.F.);
#5635 = FACE_BOUND('',#5636,.F.);
#5636 = EDGE_LOOP('',(#5637));
#5637 = ORIENTED_EDGE('',*,*,#5638,.F.);
#5638 = EDGE_CURVE('',#5639,#5639,#5641,.T.);
#5639 = VERTEX_POINT('',#5640);
#5640 = CARTESIAN_POINT('',(-34.9,1.5,36.6));
#5641 = CIRCLE('',#5642,1.6);
#5642 = AXIS2_PLACEMENT_3D('',#5643,#5644,#5645);
#5643 = CARTESIAN_POINT('',(-36.5,1.5,36.6));
#5644 = DIRECTION('',(0.,-1.,2.2E-16));
#5645 = DIRECTION('',(1.,0.,0.));
#5646 = PLANE('',#5647);
#5647 = AXIS2_PLACEMENT_3D('',#5648,#5649,#5650);
#5648 = CARTESIAN_POINT('',(-44.,1.5,22.023820929586));
#5649 = DIRECTION('',(0.,-1.,0.));
#5650 = DIRECTION('',(-2.2E-16,0.,1.));
#5651 = ADVANCED_FACE('',(#5652),#5662,.F.);
#5652 = FACE_BOUND('',#5653,.F.);
#5653 = EDGE_LOOP('',(#5654,#5655,#5661));
#5654 = ORIENTED_EDGE('',*,*,#4820,.F.);
#5655 = ORIENTED_EDGE('',*,*,#5656,.T.);
#5656 = EDGE_CURVE('',#4821,#4850,#5657,.T.);
#5657 = LINE('',#5658,#5659);
#5658 = CARTESIAN_POINT('',(-43.,1.25,44.25));
#5659 = VECTOR('',#5660,1.);
#5660 = DIRECTION('',(1.54E-15,-0.707106781187,0.707106781187));
#5661 = ORIENTED_EDGE('',*,*,#4857,.F.);
#5662 = PLANE('',#5663);
#5663 = AXIS2_PLACEMENT_3D('',#5664,#5665,#5666);
#5664 = CARTESIAN_POINT('',(-43.,1.5,44.));
#5665 = DIRECTION('',(0.57735026919,-0.57735026919,-0.57735026919));
#5666 = DIRECTION('',(0.707106781187,-5.551115123126E-16,0.707106781187)
  );
#5667 = ADVANCED_FACE('',(#5668),#5678,.T.);
#5668 = FACE_BOUND('',#5669,.T.);
#5669 = EDGE_LOOP('',(#5670,#5671,#5677));
#5670 = ORIENTED_EDGE('',*,*,#4871,.F.);
#5671 = ORIENTED_EDGE('',*,*,#5672,.T.);
#5672 = EDGE_CURVE('',#4872,#4903,#5673,.T.);
#5673 = LINE('',#5674,#5675);
#5674 = CARTESIAN_POINT('',(-43.,1.25,-44.25));
#5675 = VECTOR('',#5676,1.);
#5676 = DIRECTION('',(-4.8E-16,-0.707106781187,-0.707106781187));
#5677 = ORIENTED_EDGE('',*,*,#4910,.F.);
#5678 = PLANE('',#5679);
#5679 = AXIS2_PLACEMENT_3D('',#5680,#5681,#5682);
#5680 = CARTESIAN_POINT('',(-43.,1.5,-44.));
#5681 = DIRECTION('',(-0.57735026919,0.57735026919,-0.57735026919));
#5682 = DIRECTION('',(0.707106781187,-3.608224830032E-16,-0.707106781187
    ));
#5683 = ADVANCED_FACE('',(#5684),#5694,.F.);
#5684 = FACE_BOUND('',#5685,.F.);
#5685 = EDGE_LOOP('',(#5686,#5692,#5693));
#5686 = ORIENTED_EDGE('',*,*,#5687,.F.);
#5687 = EDGE_CURVE('',#5012,#4988,#5688,.T.);
#5688 = LINE('',#5689,#5690);
#5689 = CARTESIAN_POINT('',(-30.,1.25,44.25));
#5690 = VECTOR('',#5691,1.);
#5691 = DIRECTION('',(-2.4E-15,-0.707106781187,0.707106781187));
#5692 = ORIENTED_EDGE('',*,*,#5011,.T.);
#5693 = ORIENTED_EDGE('',*,*,#4987,.F.);
#5694 = PLANE('',#5695);
#5695 = AXIS2_PLACEMENT_3D('',#5696,#5697,#5698);
#5696 = CARTESIAN_POINT('',(-30.,1.5,44.));
#5697 = DIRECTION('',(-0.57735026919,-0.57735026919,-0.57735026919));
#5698 = DIRECTION('',(0.707106781187,3.74700270811E-15,-0.707106781187)
  );
#5699 = ADVANCED_FACE('',(#5700),#5711,.F.);
#5700 = FACE_BOUND('',#5701,.F.);
#5701 = EDGE_LOOP('',(#5702,#5703,#5709,#5710));
#5702 = ORIENTED_EDGE('',*,*,#5610,.F.);
#5703 = ORIENTED_EDGE('',*,*,#5704,.T.);
#5704 = EDGE_CURVE('',#5611,#5216,#5705,.T.);
#5705 = LINE('',#5706,#5707);
#5706 = CARTESIAN_POINT('',(-34.9,-11.5,36.6));
#5707 = VECTOR('',#5708,1.);
#5708 = DIRECTION('',(0.,1.,-2.2E-16));
#5709 = ORIENTED_EDGE('',*,*,#5215,.T.);
#5710 = ORIENTED_EDGE('',*,*,#5704,.F.);
#5711 = CYLINDRICAL_SURFACE('',#5712,1.6);
#5712 = AXIS2_PLACEMENT_3D('',#5713,#5714,#5715);
#5713 = CARTESIAN_POINT('',(-36.5,-11.5,36.6));
#5714 = DIRECTION('',(0.,-1.,2.2E-16));
#5715 = DIRECTION('',(1.,0.,0.));
#5716 = ADVANCED_FACE('',(#5717),#5728,.F.);
#5717 = FACE_BOUND('',#5718,.F.);
#5718 = EDGE_LOOP('',(#5719,#5720,#5726,#5727));
#5719 = ORIENTED_EDGE('',*,*,#5499,.F.);
#5720 = ORIENTED_EDGE('',*,*,#5721,.T.);
#5721 = EDGE_CURVE('',#5500,#5303,#5722,.T.);
#5722 = LINE('',#5723,#5724);
#5723 = CARTESIAN_POINT('',(-34.9,-11.5,-36.6));
#5724 = VECTOR('',#5725,1.);
#5725 = DIRECTION('',(0.,1.,-2.2E-16));
#5726 = ORIENTED_EDGE('',*,*,#5302,.T.);
#5727 = ORIENTED_EDGE('',*,*,#5721,.F.);
#5728 = CYLINDRICAL_SURFACE('',#5729,1.6);
#5729 = AXIS2_PLACEMENT_3D('',#5730,#5731,#5732);
#5730 = CARTESIAN_POINT('',(-36.5,-11.5,-36.6));
#5731 = DIRECTION('',(0.,-1.,2.2E-16));
#5732 = DIRECTION('',(1.,0.,0.));
#5733 = ADVANCED_FACE('',(#5734),#5740,.T.);
#5734 = FACE_BOUND('',#5735,.T.);
#5735 = EDGE_LOOP('',(#5736,#5737,#5738,#5739));
#5736 = ORIENTED_EDGE('',*,*,#5656,.T.);
#5737 = ORIENTED_EDGE('',*,*,#5343,.T.);
#5738 = ORIENTED_EDGE('',*,*,#5687,.F.);
#5739 = ORIENTED_EDGE('',*,*,#5629,.F.);
#5740 = PLANE('',#5741);
#5741 = AXIS2_PLACEMENT_3D('',#5742,#5743,#5744);
#5742 = CARTESIAN_POINT('',(-44.,1.,44.5));
#5743 = DIRECTION('',(-1.E-17,0.707106781187,0.707106781187));
#5744 = DIRECTION('',(1.,-1.029289321881E-16,1.170710678119E-16));
#5745 = ADVANCED_FACE('',(#5746),#5752,.T.);
#5746 = FACE_BOUND('',#5747,.F.);
#5747 = EDGE_LOOP('',(#5748,#5749,#5750,#5751));
#5748 = ORIENTED_EDGE('',*,*,#5672,.T.);
#5749 = ORIENTED_EDGE('',*,*,#5371,.T.);
#5750 = ORIENTED_EDGE('',*,*,#5544,.F.);
#5751 = ORIENTED_EDGE('',*,*,#5518,.F.);
#5752 = PLANE('',#5753);
#5753 = AXIS2_PLACEMENT_3D('',#5754,#5755,#5756);
#5754 = CARTESIAN_POINT('',(-44.,1.,-44.5));
#5755 = DIRECTION('',(1.E-17,0.707106781187,-0.707106781187));
#5756 = DIRECTION('',(-1.,-1.029289321881E-16,-1.170710678119E-16));
#5757 = ADVANCED_FACE('',(#5758),#5769,.F.);
#5758 = FACE_BOUND('',#5759,.F.);
#5759 = EDGE_LOOP('',(#5760,#5761,#5767,#5768));
#5760 = ORIENTED_EDGE('',*,*,#5400,.F.);
#5761 = ORIENTED_EDGE('',*,*,#5762,.T.);
#5762 = EDGE_CURVE('',#5401,#5639,#5763,.T.);
#5763 = LINE('',#5764,#5765);
#5764 = CARTESIAN_POINT('',(-34.9,-11.5,36.6));
#5765 = VECTOR('',#5766,1.);
#5766 = DIRECTION('',(0.,1.,-2.2E-16));
#5767 = ORIENTED_EDGE('',*,*,#5638,.T.);
#5768 = ORIENTED_EDGE('',*,*,#5762,.F.);
#5769 = CYLINDRICAL_SURFACE('',#5770,1.6);
#5770 = AXIS2_PLACEMENT_3D('',#5771,#5772,#5773);
#5771 = CARTESIAN_POINT('',(-36.5,-11.5,36.6));
#5772 = DIRECTION('',(0.,-1.,2.2E-16));
#5773 = DIRECTION('',(1.,0.,0.));
#5774 = ADVANCED_FACE('',(#5775),#5786,.F.);
#5775 = FACE_BOUND('',#5776,.F.);
#5776 = EDGE_LOOP('',(#5777,#5778,#5784,#5785));
#5777 = ORIENTED_EDGE('',*,*,#5420,.F.);
#5778 = ORIENTED_EDGE('',*,*,#5779,.T.);
#5779 = EDGE_CURVE('',#5421,#5528,#5780,.T.);
#5780 = LINE('',#5781,#5782);
#5781 = CARTESIAN_POINT('',(-34.9,-11.5,-36.6));
#5782 = VECTOR('',#5783,1.);
#5783 = DIRECTION('',(0.,1.,-2.2E-16));
#5784 = ORIENTED_EDGE('',*,*,#5527,.T.);
#5785 = ORIENTED_EDGE('',*,*,#5779,.F.);
#5786 = CYLINDRICAL_SURFACE('',#5787,1.6);
#5787 = AXIS2_PLACEMENT_3D('',#5788,#5789,#5790);
#5788 = CARTESIAN_POINT('',(-36.5,-11.5,-36.6));
#5789 = DIRECTION('',(0.,-1.,2.2E-16));
#5790 = DIRECTION('',(1.,0.,0.));
#5791 = ( GEOMETRIC_REPRESENTATION_CONTEXT(3) 
GLOBAL_UNCERTAINTY_ASSIGNED_CONTEXT((#5795)) 
GLOBAL_UNIT_ASSIGNED_CONTEXT((#5792,#5793,#5794)) REPRESENTATION_CONTEXT
('Context #1','3D Context with UNIT and UNCERTAINTY') );
#5792 = ( LENGTH_UNIT() NAMED_UNIT(*) SI_UNIT(.MILLI.,.METRE.) );
#5793 = ( NAMED_UNIT(*) PLANE_ANGLE_UNIT() SI_UNIT($,.RADIAN.) );
#5794 = ( NAMED_UNIT(*) SI_UNIT($,.STERADIAN.) SOLID_ANGLE_UNIT() );
#5795 = UNCERTAINTY_MEASURE_WITH_UNIT(LENGTH_MEASURE(5.E-05),#5792,
  'distance_accuracy_value','confusion accuracy');
#5796 = PRODUCT_RELATED_PRODUCT_CATEGORY('part',$,(#7));
ENDSEC;
END-ISO-10303-21;
