ISO-10303-21;
HEADER;
FILE_DESCRIPTION(('FreeCAD Model'),'2;1');
FILE_NAME('Open CASCADE Shape Model','2026-07-22T22:58:56',('Author'),(
    ''),'Open CASCADE STEP processor 7.8','FreeCAD','Unknown');
FILE_SCHEMA(('AUTOMOTIVE_DESIGN { 1 0 10303 214 1 1 1 1 }'));
ENDSEC;
DATA;
#1 = APPLICATION_PROTOCOL_DEFINITION('international standard',
  'automotive_design',2000,#2);
#2 = APPLICATION_CONTEXT(
  'core data for automotive mechanical design processes');
#3 = SHAPE_DEFINITION_REPRESENTATION(#4,#10);
#4 = PRODUCT_DEFINITION_SHAPE('','',#5);
#5 = PRODUCT_DEFINITION('design','',#6,#9);
#6 = PRODUCT_DEFINITION_FORMATION('','',#7);
#7 = PRODUCT('Body','Body','',(#8));
#8 = PRODUCT_CONTEXT('',#2,'mechanical');
#9 = PRODUCT_DEFINITION_CONTEXT('part definition',#2,'design');
#10 = ADVANCED_BREP_SHAPE_REPRESENTATION('',(#11,#15),#2827);
#11 = AXIS2_PLACEMENT_3D('',#12,#13,#14);
#12 = CARTESIAN_POINT('',(0.,0.,0.));
#13 = DIRECTION('',(0.,0.,1.));
#14 = DIRECTION('',(1.,0.,-0.));
#15 = MANIFOLD_SOLID_BREP('',#16);
#16 = CLOSED_SHELL('',(#17,#171,#283,#307,#332,#363,#419,#450,#474,#632,
    #656,#681,#705,#777,#876,#900,#924,#980,#1028,#1045,#1126,#1150,
    #1168,#1185,#1203,#1221,#1233,#1258,#1283,#1308,#1324,#1340,#1569,
    #1593,#1611,#1635,#1653,#1677,#1695,#1719,#1731,#1755,#1779,#1803,
    #1827,#1851,#1868,#1893,#1918,#1935,#1947,#1971,#1995,#2019,#2043,
    #2076,#2093,#2110,#2122,#2139,#2156,#2178,#2193,#2209,#2221,#2264,
    #2307,#2324,#2346,#2368,#2385,#2402,#2424,#2436,#2467,#2491,#2515,
    #2532,#2563,#2587,#2611,#2628,#2650,#2667,#2684,#2696,#2718,#2735,
    #2752,#2764,#2775,#2786,#2797,#2812));
#17 = ADVANCED_FACE('',(#18),#166,.T.);
#18 = FACE_BOUND('',#19,.T.);
#19 = EDGE_LOOP('',(#20,#30,#38,#46,#54,#62,#71,#79,#87,#95,#103,#111,
    #119,#127,#135,#143,#151,#159));
#20 = ORIENTED_EDGE('',*,*,#21,.T.);
#21 = EDGE_CURVE('',#22,#24,#26,.T.);
#22 = VERTEX_POINT('',#23);
#23 = CARTESIAN_POINT('',(19.,7.,30.5));
#24 = VERTEX_POINT('',#25);
#25 = CARTESIAN_POINT('',(19.,7.,55.5));
#26 = LINE('',#27,#28);
#27 = CARTESIAN_POINT('',(19.,7.,-43.));
#28 = VECTOR('',#29,1.);
#29 = DIRECTION('',(0.,4.4E-16,1.));
#30 = ORIENTED_EDGE('',*,*,#31,.F.);
#31 = EDGE_CURVE('',#32,#24,#34,.T.);
#32 = VERTEX_POINT('',#33);
#33 = CARTESIAN_POINT('',(19.,-6.,55.5));
#34 = LINE('',#35,#36);
#35 = CARTESIAN_POINT('',(19.,-7.,55.5));
#36 = VECTOR('',#37,1.);
#37 = DIRECTION('',(0.,1.,-2.2E-16));
#38 = ORIENTED_EDGE('',*,*,#39,.F.);
#39 = EDGE_CURVE('',#40,#32,#42,.T.);
#40 = VERTEX_POINT('',#41);
#41 = CARTESIAN_POINT('',(19.,-6.,-45.5));
#42 = LINE('',#43,#44);
#43 = CARTESIAN_POINT('',(19.,-6.,-46.5));
#44 = VECTOR('',#45,1.);
#45 = DIRECTION('',(0.,2.2E-16,1.));
#46 = ORIENTED_EDGE('',*,*,#47,.F.);
#47 = EDGE_CURVE('',#48,#40,#50,.T.);
#48 = VERTEX_POINT('',#49);
#49 = CARTESIAN_POINT('',(19.,7.,-45.5));
#50 = LINE('',#51,#52);
#51 = CARTESIAN_POINT('',(19.,7.,-45.5));
#52 = VECTOR('',#53,1.);
#53 = DIRECTION('',(0.,-1.,0.));
#54 = ORIENTED_EDGE('',*,*,#55,.T.);
#55 = EDGE_CURVE('',#48,#56,#58,.T.);
#56 = VERTEX_POINT('',#57);
#57 = CARTESIAN_POINT('',(19.,7.,-30.5));
#58 = LINE('',#59,#60);
#59 = CARTESIAN_POINT('',(19.,7.,-46.5));
#60 = VECTOR('',#61,1.);
#61 = DIRECTION('',(0.,0.,1.));
#62 = ORIENTED_EDGE('',*,*,#63,.F.);
#63 = EDGE_CURVE('',#64,#56,#66,.T.);
#64 = VERTEX_POINT('',#65);
#65 = CARTESIAN_POINT('',(19.,7.,-21.5));
#66 = CIRCLE('',#67,4.5);
#67 = AXIS2_PLACEMENT_3D('',#68,#69,#70);
#68 = CARTESIAN_POINT('',(19.,7.,-26.));
#69 = DIRECTION('',(1.,0.,-0.));
#70 = DIRECTION('',(0.,0.,1.));
#71 = ORIENTED_EDGE('',*,*,#72,.T.);
#72 = EDGE_CURVE('',#64,#73,#75,.T.);
#73 = VERTEX_POINT('',#74);
#74 = CARTESIAN_POINT('',(19.,7.,-10.99999999999));
#75 = LINE('',#76,#77);
#76 = CARTESIAN_POINT('',(19.,7.,-43.));
#77 = VECTOR('',#78,1.);
#78 = DIRECTION('',(0.,4.4E-16,1.));
#79 = ORIENTED_EDGE('',*,*,#80,.T.);
#80 = EDGE_CURVE('',#73,#81,#83,.T.);
#81 = VERTEX_POINT('',#82);
#82 = CARTESIAN_POINT('',(19.,1.75,-10.99999999999));
#83 = LINE('',#84,#85);
#84 = CARTESIAN_POINT('',(19.,7.,-10.99999999999));
#85 = VECTOR('',#86,1.);
#86 = DIRECTION('',(0.,-1.,0.));
#87 = ORIENTED_EDGE('',*,*,#88,.T.);
#88 = EDGE_CURVE('',#81,#89,#91,.T.);
#89 = VERTEX_POINT('',#90);
#90 = CARTESIAN_POINT('',(19.,1.75,-1.000000000004));
#91 = LINE('',#92,#93);
#92 = CARTESIAN_POINT('',(19.,1.75,-2.83358433735));
#93 = VECTOR('',#94,1.);
#94 = DIRECTION('',(4.8E-16,0.,1.));
#95 = ORIENTED_EDGE('',*,*,#96,.F.);
#96 = EDGE_CURVE('',#97,#89,#99,.T.);
#97 = VERTEX_POINT('',#98);
#98 = CARTESIAN_POINT('',(19.,10.25,-1.000000000004));
#99 = LINE('',#100,#101);
#100 = CARTESIAN_POINT('',(19.,10.25,-1.000000000004));
#101 = VECTOR('',#102,1.);
#102 = DIRECTION('',(0.,-1.,0.));
#103 = ORIENTED_EDGE('',*,*,#104,.F.);
#104 = EDGE_CURVE('',#105,#97,#107,.T.);
#105 = VERTEX_POINT('',#106);
#106 = CARTESIAN_POINT('',(18.999999999999,10.25,5.999999999996));
#107 = LINE('',#108,#109);
#108 = CARTESIAN_POINT('',(18.999999999999,10.25,5.999999999996));
#109 = VECTOR('',#110,1.);
#110 = DIRECTION('',(0.,0.,-1.));
#111 = ORIENTED_EDGE('',*,*,#112,.F.);
#112 = EDGE_CURVE('',#113,#105,#115,.T.);
#113 = VERTEX_POINT('',#114);
#114 = CARTESIAN_POINT('',(18.999999999999,3.75,5.999999999996));
#115 = LINE('',#116,#117);
#116 = CARTESIAN_POINT('',(18.999999999999,3.75,5.999999999996));
#117 = VECTOR('',#118,1.);
#118 = DIRECTION('',(0.,1.,0.));
#119 = ORIENTED_EDGE('',*,*,#120,.F.);
#120 = EDGE_CURVE('',#121,#113,#123,.T.);
#121 = VERTEX_POINT('',#122);
#122 = CARTESIAN_POINT('',(19.,3.75,7.500000000001));
#123 = LINE('',#124,#125);
#124 = CARTESIAN_POINT('',(18.999999999998,3.75,10.000000000001));
#125 = VECTOR('',#126,1.);
#126 = DIRECTION('',(0.,0.,-1.));
#127 = ORIENTED_EDGE('',*,*,#128,.T.);
#128 = EDGE_CURVE('',#121,#129,#131,.T.);
#129 = VERTEX_POINT('',#130);
#130 = CARTESIAN_POINT('',(19.,10.25,7.500000000001));
#131 = LINE('',#132,#133);
#132 = CARTESIAN_POINT('',(19.,3.75,7.500000000001));
#133 = VECTOR('',#134,1.);
#134 = DIRECTION('',(0.,1.,-2.2E-16));
#135 = ORIENTED_EDGE('',*,*,#136,.T.);
#136 = EDGE_CURVE('',#129,#137,#139,.T.);
#137 = VERTEX_POINT('',#138);
#138 = CARTESIAN_POINT('',(19.,10.25,12.500000000001));
#139 = LINE('',#140,#141);
#140 = CARTESIAN_POINT('',(19.,10.25,7.500000000001));
#141 = VECTOR('',#142,1.);
#142 = DIRECTION('',(0.,0.,1.));
#143 = ORIENTED_EDGE('',*,*,#144,.F.);
#144 = EDGE_CURVE('',#145,#137,#147,.T.);
#145 = VERTEX_POINT('',#146);
#146 = CARTESIAN_POINT('',(19.,7.,12.500000000001));
#147 = LINE('',#148,#149);
#148 = CARTESIAN_POINT('',(19.,7.,12.500000000001));
#149 = VECTOR('',#150,1.);
#150 = DIRECTION('',(0.,1.,0.));
#151 = ORIENTED_EDGE('',*,*,#152,.F.);
#152 = EDGE_CURVE('',#153,#145,#155,.T.);
#153 = VERTEX_POINT('',#154);
#154 = CARTESIAN_POINT('',(19.,7.,21.5));
#155 = LINE('',#156,#157);
#156 = CARTESIAN_POINT('',(19.,7.,10.000000000001));
#157 = VECTOR('',#158,1.);
#158 = DIRECTION('',(0.,-2.2E-16,-1.));
#159 = ORIENTED_EDGE('',*,*,#160,.F.);
#160 = EDGE_CURVE('',#22,#153,#161,.T.);
#161 = CIRCLE('',#162,4.5);
#162 = AXIS2_PLACEMENT_3D('',#163,#164,#165);
#163 = CARTESIAN_POINT('',(19.,7.,26.));
#164 = DIRECTION('',(1.,0.,-0.));
#165 = DIRECTION('',(0.,0.,1.));
#166 = PLANE('',#167);
#167 = AXIS2_PLACEMENT_3D('',#168,#169,#170);
#168 = CARTESIAN_POINT('',(19.,0.61346865309,4.513278388278));
#169 = DIRECTION('',(1.,6.72E-15,0.));
#170 = DIRECTION('',(6.72E-15,-1.,0.));
#171 = ADVANCED_FACE('',(#172,#245,#256,#267),#278,.T.);
#172 = FACE_BOUND('',#173,.T.);
#173 = EDGE_LOOP('',(#174,#184,#192,#200,#206,#207,#215,#223,#231,#239)
  );
#174 = ORIENTED_EDGE('',*,*,#175,.F.);
#175 = EDGE_CURVE('',#176,#178,#180,.T.);
#176 = VERTEX_POINT('',#177);
#177 = CARTESIAN_POINT('',(-19.,7.,55.5));
#178 = VERTEX_POINT('',#179);
#179 = CARTESIAN_POINT('',(-19.,7.,30.5));
#180 = LINE('',#181,#182);
#181 = CARTESIAN_POINT('',(-19.,7.,43.));
#182 = VECTOR('',#183,1.);
#183 = DIRECTION('',(0.,-4.4E-16,-1.));
#184 = ORIENTED_EDGE('',*,*,#185,.F.);
#185 = EDGE_CURVE('',#186,#176,#188,.T.);
#186 = VERTEX_POINT('',#187);
#187 = CARTESIAN_POINT('',(-18.,7.,56.5));
#188 = LINE('',#189,#190);
#189 = CARTESIAN_POINT('',(-16.99384328358,7.,57.506156716418));
#190 = VECTOR('',#191,1.);
#191 = DIRECTION('',(-0.707106781187,-0.,-0.707106781187));
#192 = ORIENTED_EDGE('',*,*,#193,.F.);
#193 = EDGE_CURVE('',#194,#186,#196,.T.);
#194 = VERTEX_POINT('',#195);
#195 = CARTESIAN_POINT('',(18.,7.,56.5));
#196 = LINE('',#197,#198);
#197 = CARTESIAN_POINT('',(19.,7.,56.5));
#198 = VECTOR('',#199,1.);
#199 = DIRECTION('',(-1.,0.,0.));
#200 = ORIENTED_EDGE('',*,*,#201,.F.);
#201 = EDGE_CURVE('',#24,#194,#202,.T.);
#202 = LINE('',#203,#204);
#203 = CARTESIAN_POINT('',(16.993843283582,7.,57.506156716418));
#204 = VECTOR('',#205,1.);
#205 = DIRECTION('',(-0.707106781187,0.,0.707106781187));
#206 = ORIENTED_EDGE('',*,*,#21,.F.);
#207 = ORIENTED_EDGE('',*,*,#208,.T.);
#208 = EDGE_CURVE('',#22,#209,#211,.T.);
#209 = VERTEX_POINT('',#210);
#210 = CARTESIAN_POINT('',(12.05,7.,30.5));
#211 = LINE('',#212,#213);
#212 = CARTESIAN_POINT('',(19.,7.,30.5));
#213 = VECTOR('',#214,1.);
#214 = DIRECTION('',(-1.,0.,2.2E-16));
#215 = ORIENTED_EDGE('',*,*,#216,.T.);
#216 = EDGE_CURVE('',#209,#217,#219,.T.);
#217 = VERTEX_POINT('',#218);
#218 = CARTESIAN_POINT('',(12.05,7.,33.5));
#219 = LINE('',#220,#221);
#220 = CARTESIAN_POINT('',(12.05,7.,-43.));
#221 = VECTOR('',#222,1.);
#222 = DIRECTION('',(0.,0.,1.));
#223 = ORIENTED_EDGE('',*,*,#224,.T.);
#224 = EDGE_CURVE('',#217,#225,#227,.T.);
#225 = VERTEX_POINT('',#226);
#226 = CARTESIAN_POINT('',(-12.05,7.,33.5));
#227 = LINE('',#228,#229);
#228 = CARTESIAN_POINT('',(19.,7.,33.5));
#229 = VECTOR('',#230,1.);
#230 = DIRECTION('',(-1.,0.,2.2E-16));
#231 = ORIENTED_EDGE('',*,*,#232,.F.);
#232 = EDGE_CURVE('',#233,#225,#235,.T.);
#233 = VERTEX_POINT('',#234);
#234 = CARTESIAN_POINT('',(-12.05,7.,30.5));
#235 = LINE('',#236,#237);
#236 = CARTESIAN_POINT('',(-12.05,7.,-43.));
#237 = VECTOR('',#238,1.);
#238 = DIRECTION('',(0.,0.,1.));
#239 = ORIENTED_EDGE('',*,*,#240,.T.);
#240 = EDGE_CURVE('',#233,#178,#241,.T.);
#241 = LINE('',#242,#243);
#242 = CARTESIAN_POINT('',(19.,7.,30.5));
#243 = VECTOR('',#244,1.);
#244 = DIRECTION('',(-1.,0.,2.2E-16));
#245 = FACE_BOUND('',#246,.T.);
#246 = EDGE_LOOP('',(#247));
#247 = ORIENTED_EDGE('',*,*,#248,.T.);
#248 = EDGE_CURVE('',#249,#249,#251,.T.);
#249 = VERTEX_POINT('',#250);
#250 = CARTESIAN_POINT('',(1.5,7.,50.));
#251 = CIRCLE('',#252,1.5);
#252 = AXIS2_PLACEMENT_3D('',#253,#254,#255);
#253 = CARTESIAN_POINT('',(0.,7.,50.));
#254 = DIRECTION('',(0.,-1.,4.4E-16));
#255 = DIRECTION('',(1.,0.,0.));
#256 = FACE_BOUND('',#257,.T.);
#257 = EDGE_LOOP('',(#258));
#258 = ORIENTED_EDGE('',*,*,#259,.F.);
#259 = EDGE_CURVE('',#260,#260,#262,.T.);
#260 = VERTEX_POINT('',#261);
#261 = CARTESIAN_POINT('',(14.,7.,50.));
#262 = CIRCLE('',#263,1.5);
#263 = AXIS2_PLACEMENT_3D('',#264,#265,#266);
#264 = CARTESIAN_POINT('',(12.5,7.,50.));
#265 = DIRECTION('',(-0.,1.,0.));
#266 = DIRECTION('',(1.,0.,0.));
#267 = FACE_BOUND('',#268,.T.);
#268 = EDGE_LOOP('',(#269));
#269 = ORIENTED_EDGE('',*,*,#270,.F.);
#270 = EDGE_CURVE('',#271,#271,#273,.T.);
#271 = VERTEX_POINT('',#272);
#272 = CARTESIAN_POINT('',(-11.,7.,50.));
#273 = CIRCLE('',#274,1.5);
#274 = AXIS2_PLACEMENT_3D('',#275,#276,#277);
#275 = CARTESIAN_POINT('',(-12.5,7.,50.));
#276 = DIRECTION('',(-0.,1.,0.));
#277 = DIRECTION('',(1.,0.,0.));
#278 = PLANE('',#279);
#279 = AXIS2_PLACEMENT_3D('',#280,#281,#282);
#280 = CARTESIAN_POINT('',(3.45E-15,7.,43.524626865672));
#281 = DIRECTION('',(0.,1.,0.));
#282 = DIRECTION('',(-1.,0.,0.));
#283 = ADVANCED_FACE('',(#284),#302,.T.);
#284 = FACE_BOUND('',#285,.T.);
#285 = EDGE_LOOP('',(#286,#294,#295,#296));
#286 = ORIENTED_EDGE('',*,*,#287,.T.);
#287 = EDGE_CURVE('',#288,#32,#290,.T.);
#288 = VERTEX_POINT('',#289);
#289 = CARTESIAN_POINT('',(18.,-6.,56.5));
#290 = LINE('',#291,#292);
#291 = CARTESIAN_POINT('',(18.25,-6.,56.25));
#292 = VECTOR('',#293,1.);
#293 = DIRECTION('',(0.707106781187,1.077E-14,-0.707106781187));
#294 = ORIENTED_EDGE('',*,*,#31,.T.);
#295 = ORIENTED_EDGE('',*,*,#201,.T.);
#296 = ORIENTED_EDGE('',*,*,#297,.F.);
#297 = EDGE_CURVE('',#288,#194,#298,.T.);
#298 = LINE('',#299,#300);
#299 = CARTESIAN_POINT('',(18.,-7.,56.5));
#300 = VECTOR('',#301,1.);
#301 = DIRECTION('',(0.,1.,-2.2E-16));
#302 = PLANE('',#303);
#303 = AXIS2_PLACEMENT_3D('',#304,#305,#306);
#304 = CARTESIAN_POINT('',(18.5,-7.,56.));
#305 = DIRECTION('',(0.707106781187,5.27E-15,0.707106781187));
#306 = DIRECTION('',(-3.616452736853E-15,1.,-3.836452736853E-15));
#307 = ADVANCED_FACE('',(#308),#327,.F.);
#308 = FACE_BOUND('',#309,.F.);
#309 = EDGE_LOOP('',(#310,#311,#312,#321));
#310 = ORIENTED_EDGE('',*,*,#160,.F.);
#311 = ORIENTED_EDGE('',*,*,#208,.T.);
#312 = ORIENTED_EDGE('',*,*,#313,.T.);
#313 = EDGE_CURVE('',#209,#314,#316,.T.);
#314 = VERTEX_POINT('',#315);
#315 = CARTESIAN_POINT('',(12.05,7.,21.5));
#316 = CIRCLE('',#317,4.5);
#317 = AXIS2_PLACEMENT_3D('',#318,#319,#320);
#318 = CARTESIAN_POINT('',(12.05,7.,26.));
#319 = DIRECTION('',(1.,0.,-2.2E-16));
#320 = DIRECTION('',(2.2E-16,2.2E-16,1.));
#321 = ORIENTED_EDGE('',*,*,#322,.T.);
#322 = EDGE_CURVE('',#314,#153,#323,.T.);
#323 = LINE('',#324,#325);
#324 = CARTESIAN_POINT('',(19.,7.,21.5));
#325 = VECTOR('',#326,1.);
#326 = DIRECTION('',(1.,0.,-2.2E-16));
#327 = CYLINDRICAL_SURFACE('',#328,4.5);
#328 = AXIS2_PLACEMENT_3D('',#329,#330,#331);
#329 = CARTESIAN_POINT('',(19.,7.,26.));
#330 = DIRECTION('',(1.,0.,-2.2E-16));
#331 = DIRECTION('',(2.2E-16,2.2E-16,1.));
#332 = ADVANCED_FACE('',(#333),#358,.T.);
#333 = FACE_BOUND('',#334,.T.);
#334 = EDGE_LOOP('',(#335,#336,#344,#352));
#335 = ORIENTED_EDGE('',*,*,#39,.T.);
#336 = ORIENTED_EDGE('',*,*,#337,.F.);
#337 = EDGE_CURVE('',#338,#32,#340,.T.);
#338 = VERTEX_POINT('',#339);
#339 = CARTESIAN_POINT('',(18.,-7.,55.5));
#340 = LINE('',#341,#342);
#341 = CARTESIAN_POINT('',(18.5,-6.5,55.5));
#342 = VECTOR('',#343,1.);
#343 = DIRECTION('',(0.707106781187,0.707106781187,-4.52E-15));
#344 = ORIENTED_EDGE('',*,*,#345,.F.);
#345 = EDGE_CURVE('',#346,#338,#348,.T.);
#346 = VERTEX_POINT('',#347);
#347 = CARTESIAN_POINT('',(18.,-7.,-45.5));
#348 = LINE('',#349,#350);
#349 = CARTESIAN_POINT('',(18.,-7.,-46.5));
#350 = VECTOR('',#351,1.);
#351 = DIRECTION('',(0.,2.2E-16,1.));
#352 = ORIENTED_EDGE('',*,*,#353,.T.);
#353 = EDGE_CURVE('',#346,#40,#354,.T.);
#354 = LINE('',#355,#356);
#355 = CARTESIAN_POINT('',(18.5,-6.5,-45.5));
#356 = VECTOR('',#357,1.);
#357 = DIRECTION('',(0.707106781187,0.707106781187,-1.375E-14));
#358 = PLANE('',#359);
#359 = AXIS2_PLACEMENT_3D('',#360,#361,#362);
#360 = CARTESIAN_POINT('',(18.5,-6.5,-46.5));
#361 = DIRECTION('',(0.707106781187,-0.707106781187,0.));
#362 = DIRECTION('',(1.1E-16,1.1E-16,1.));
#363 = ADVANCED_FACE('',(#364),#414,.T.);
#364 = FACE_BOUND('',#365,.T.);
#365 = EDGE_LOOP('',(#366,#367,#368,#376,#384,#392,#400,#408));
#366 = ORIENTED_EDGE('',*,*,#322,.T.);
#367 = ORIENTED_EDGE('',*,*,#152,.T.);
#368 = ORIENTED_EDGE('',*,*,#369,.T.);
#369 = EDGE_CURVE('',#145,#370,#372,.T.);
#370 = VERTEX_POINT('',#371);
#371 = CARTESIAN_POINT('',(-19.,7.,12.500000000001));
#372 = LINE('',#373,#374);
#373 = CARTESIAN_POINT('',(19.,7.,12.500000000001));
#374 = VECTOR('',#375,1.);
#375 = DIRECTION('',(-1.,0.,0.));
#376 = ORIENTED_EDGE('',*,*,#377,.F.);
#377 = EDGE_CURVE('',#378,#370,#380,.T.);
#378 = VERTEX_POINT('',#379);
#379 = CARTESIAN_POINT('',(-19.,7.,21.5));
#380 = LINE('',#381,#382);
#381 = CARTESIAN_POINT('',(-19.,7.,43.));
#382 = VECTOR('',#383,1.);
#383 = DIRECTION('',(0.,-4.4E-16,-1.));
#384 = ORIENTED_EDGE('',*,*,#385,.T.);
#385 = EDGE_CURVE('',#378,#386,#388,.T.);
#386 = VERTEX_POINT('',#387);
#387 = CARTESIAN_POINT('',(-12.05,7.,21.5));
#388 = LINE('',#389,#390);
#389 = CARTESIAN_POINT('',(19.,7.,21.5));
#390 = VECTOR('',#391,1.);
#391 = DIRECTION('',(1.,0.,-2.2E-16));
#392 = ORIENTED_EDGE('',*,*,#393,.F.);
#393 = EDGE_CURVE('',#394,#386,#396,.T.);
#394 = VERTEX_POINT('',#395);
#395 = CARTESIAN_POINT('',(-12.05,7.,18.5));
#396 = LINE('',#397,#398);
#397 = CARTESIAN_POINT('',(-12.05,7.,-43.));
#398 = VECTOR('',#399,1.);
#399 = DIRECTION('',(0.,0.,1.));
#400 = ORIENTED_EDGE('',*,*,#401,.T.);
#401 = EDGE_CURVE('',#394,#402,#404,.T.);
#402 = VERTEX_POINT('',#403);
#403 = CARTESIAN_POINT('',(12.05,7.,18.5));
#404 = LINE('',#405,#406);
#405 = CARTESIAN_POINT('',(19.,7.,18.5));
#406 = VECTOR('',#407,1.);
#407 = DIRECTION('',(1.,0.,-2.2E-16));
#408 = ORIENTED_EDGE('',*,*,#409,.T.);
#409 = EDGE_CURVE('',#402,#314,#410,.T.);
#410 = LINE('',#411,#412);
#411 = CARTESIAN_POINT('',(12.05,7.,-43.));
#412 = VECTOR('',#413,1.);
#413 = DIRECTION('',(0.,0.,1.));
#414 = PLANE('',#415);
#415 = AXIS2_PLACEMENT_3D('',#416,#417,#418);
#416 = CARTESIAN_POINT('',(7.23E-15,7.,14.142727272728));
#417 = DIRECTION('',(0.,1.,-4.E-16));
#418 = DIRECTION('',(0.,-4.E-16,-1.));
#419 = ADVANCED_FACE('',(#420),#445,.F.);
#420 = FACE_BOUND('',#421,.T.);
#421 = EDGE_LOOP('',(#422,#430,#431,#439));
#422 = ORIENTED_EDGE('',*,*,#423,.F.);
#423 = EDGE_CURVE('',#48,#424,#426,.T.);
#424 = VERTEX_POINT('',#425);
#425 = CARTESIAN_POINT('',(18.,7.,-46.5));
#426 = LINE('',#427,#428);
#427 = CARTESIAN_POINT('',(15.67697368421,7.,-48.82302631578));
#428 = VECTOR('',#429,1.);
#429 = DIRECTION('',(-0.707106781187,3.2E-16,-0.707106781187));
#430 = ORIENTED_EDGE('',*,*,#47,.T.);
#431 = ORIENTED_EDGE('',*,*,#432,.F.);
#432 = EDGE_CURVE('',#433,#40,#435,.T.);
#433 = VERTEX_POINT('',#434);
#434 = CARTESIAN_POINT('',(18.,-6.,-46.5));
#435 = LINE('',#436,#437);
#436 = CARTESIAN_POINT('',(18.25,-6.,-46.25));
#437 = VECTOR('',#438,1.);
#438 = DIRECTION('',(0.707106781187,-2.884E-14,0.707106781187));
#439 = ORIENTED_EDGE('',*,*,#440,.F.);
#440 = EDGE_CURVE('',#424,#433,#441,.T.);
#441 = LINE('',#442,#443);
#442 = CARTESIAN_POINT('',(18.,7.,-46.5));
#443 = VECTOR('',#444,1.);
#444 = DIRECTION('',(0.,-1.,0.));
#445 = PLANE('',#446);
#446 = AXIS2_PLACEMENT_3D('',#447,#448,#449);
#447 = CARTESIAN_POINT('',(18.5,7.,-46.));
#448 = DIRECTION('',(-0.707106781187,-4.78E-15,0.707106781187));
#449 = DIRECTION('',(-3.379970414072E-15,1.,3.379970414072E-15));
#450 = ADVANCED_FACE('',(#451),#469,.T.);
#451 = FACE_BOUND('',#452,.T.);
#452 = EDGE_LOOP('',(#453,#454,#462,#468));
#453 = ORIENTED_EDGE('',*,*,#144,.T.);
#454 = ORIENTED_EDGE('',*,*,#455,.T.);
#455 = EDGE_CURVE('',#137,#456,#458,.T.);
#456 = VERTEX_POINT('',#457);
#457 = CARTESIAN_POINT('',(-19.,10.25,12.500000000001));
#458 = LINE('',#459,#460);
#459 = CARTESIAN_POINT('',(19.,10.25,12.500000000001));
#460 = VECTOR('',#461,1.);
#461 = DIRECTION('',(-1.,0.,0.));
#462 = ORIENTED_EDGE('',*,*,#463,.F.);
#463 = EDGE_CURVE('',#370,#456,#464,.T.);
#464 = LINE('',#465,#466);
#465 = CARTESIAN_POINT('',(-19.,7.,12.500000000001));
#466 = VECTOR('',#467,1.);
#467 = DIRECTION('',(0.,1.,0.));
#468 = ORIENTED_EDGE('',*,*,#369,.F.);
#469 = PLANE('',#470);
#470 = AXIS2_PLACEMENT_3D('',#471,#472,#473);
#471 = CARTESIAN_POINT('',(19.,7.,12.500000000001));
#472 = DIRECTION('',(0.,0.,1.));
#473 = DIRECTION('',(-1.,0.,0.));
#474 = ADVANCED_FACE('',(#475,#605,#616),#627,.T.);
#475 = FACE_BOUND('',#476,.T.);
#476 = EDGE_LOOP('',(#477,#478,#479,#487,#495,#503,#511,#519,#527,#535,
    #543,#551,#559,#567,#575,#583,#591,#599));
#477 = ORIENTED_EDGE('',*,*,#55,.F.);
#478 = ORIENTED_EDGE('',*,*,#423,.T.);
#479 = ORIENTED_EDGE('',*,*,#480,.F.);
#480 = EDGE_CURVE('',#481,#424,#483,.T.);
#481 = VERTEX_POINT('',#482);
#482 = CARTESIAN_POINT('',(5.,7.,-46.5));
#483 = LINE('',#484,#485);
#484 = CARTESIAN_POINT('',(-19.,7.,-46.5));
#485 = VECTOR('',#486,1.);
#486 = DIRECTION('',(1.,0.,0.));
#487 = ORIENTED_EDGE('',*,*,#488,.T.);
#488 = EDGE_CURVE('',#481,#489,#491,.T.);
#489 = VERTEX_POINT('',#490);
#490 = CARTESIAN_POINT('',(4.,7.,-45.5));
#491 = LINE('',#492,#493);
#492 = CARTESIAN_POINT('',(1.573026315789,7.,-43.07302631578));
#493 = VECTOR('',#494,1.);
#494 = DIRECTION('',(-0.707106781187,-3.2E-16,0.707106781187));
#495 = ORIENTED_EDGE('',*,*,#496,.F.);
#496 = EDGE_CURVE('',#497,#489,#499,.T.);
#497 = VERTEX_POINT('',#498);
#498 = CARTESIAN_POINT('',(4.,7.,-42.5));
#499 = LINE('',#500,#501);
#500 = CARTESIAN_POINT('',(4.,7.,-41.5));
#501 = VECTOR('',#502,1.);
#502 = DIRECTION('',(0.,0.,-1.));
#503 = ORIENTED_EDGE('',*,*,#504,.T.);
#504 = EDGE_CURVE('',#497,#505,#507,.T.);
#505 = VERTEX_POINT('',#506);
#506 = CARTESIAN_POINT('',(3.,7.,-41.5));
#507 = LINE('',#508,#509);
#508 = CARTESIAN_POINT('',(1.823026315789,7.,-40.32302631578));
#509 = VECTOR('',#510,1.);
#510 = DIRECTION('',(-0.707106781187,-3.2E-16,0.707106781187));
#511 = ORIENTED_EDGE('',*,*,#512,.F.);
#512 = EDGE_CURVE('',#513,#505,#515,.T.);
#513 = VERTEX_POINT('',#514);
#514 = CARTESIAN_POINT('',(-3.,7.,-41.5));
#515 = LINE('',#516,#517);
#516 = CARTESIAN_POINT('',(-4.,7.,-41.5));
#517 = VECTOR('',#518,1.);
#518 = DIRECTION('',(1.,0.,0.));
#519 = ORIENTED_EDGE('',*,*,#520,.T.);
#520 = EDGE_CURVE('',#513,#521,#523,.T.);
#521 = VERTEX_POINT('',#522);
#522 = CARTESIAN_POINT('',(-4.,7.,-42.5));
#523 = LINE('',#524,#525);
#524 = CARTESIAN_POINT('',(-1.823026315789,7.,-40.32302631578));
#525 = VECTOR('',#526,1.);
#526 = DIRECTION('',(-0.707106781187,3.2E-16,-0.707106781187));
#527 = ORIENTED_EDGE('',*,*,#528,.F.);
#528 = EDGE_CURVE('',#529,#521,#531,.T.);
#529 = VERTEX_POINT('',#530);
#530 = CARTESIAN_POINT('',(-4.,7.,-45.5));
#531 = LINE('',#532,#533);
#532 = CARTESIAN_POINT('',(-4.,7.,-46.5));
#533 = VECTOR('',#534,1.);
#534 = DIRECTION('',(0.,0.,1.));
#535 = ORIENTED_EDGE('',*,*,#536,.T.);
#536 = EDGE_CURVE('',#529,#537,#539,.T.);
#537 = VERTEX_POINT('',#538);
#538 = CARTESIAN_POINT('',(-5.,7.,-46.5));
#539 = LINE('',#540,#541);
#540 = CARTESIAN_POINT('',(-1.573026315789,7.,-43.07302631578));
#541 = VECTOR('',#542,1.);
#542 = DIRECTION('',(-0.707106781187,3.2E-16,-0.707106781187));
#543 = ORIENTED_EDGE('',*,*,#544,.F.);
#544 = EDGE_CURVE('',#545,#537,#547,.T.);
#545 = VERTEX_POINT('',#546);
#546 = CARTESIAN_POINT('',(-18.,7.,-46.5));
#547 = LINE('',#548,#549);
#548 = CARTESIAN_POINT('',(-19.,7.,-46.5));
#549 = VECTOR('',#550,1.);
#550 = DIRECTION('',(1.,0.,0.));
#551 = ORIENTED_EDGE('',*,*,#552,.F.);
#552 = EDGE_CURVE('',#553,#545,#555,.T.);
#553 = VERTEX_POINT('',#554);
#554 = CARTESIAN_POINT('',(-19.,7.,-45.5));
#555 = LINE('',#556,#557);
#556 = CARTESIAN_POINT('',(-15.67697368421,7.,-48.82302631578));
#557 = VECTOR('',#558,1.);
#558 = DIRECTION('',(0.707106781187,3.2E-16,-0.707106781187));
#559 = ORIENTED_EDGE('',*,*,#560,.F.);
#560 = EDGE_CURVE('',#561,#553,#563,.T.);
#561 = VERTEX_POINT('',#562);
#562 = CARTESIAN_POINT('',(-19.,7.,-30.5));
#563 = LINE('',#564,#565);
#564 = CARTESIAN_POINT('',(-19.,7.,-43.));
#565 = VECTOR('',#566,1.);
#566 = DIRECTION('',(0.,0.,-1.));
#567 = ORIENTED_EDGE('',*,*,#568,.T.);
#568 = EDGE_CURVE('',#561,#569,#571,.T.);
#569 = VERTEX_POINT('',#570);
#570 = CARTESIAN_POINT('',(-12.05,7.,-30.5));
#571 = LINE('',#572,#573);
#572 = CARTESIAN_POINT('',(19.,7.,-30.5));
#573 = VECTOR('',#574,1.);
#574 = DIRECTION('',(1.,0.,-2.2E-16));
#575 = ORIENTED_EDGE('',*,*,#576,.F.);
#576 = EDGE_CURVE('',#577,#569,#579,.T.);
#577 = VERTEX_POINT('',#578);
#578 = CARTESIAN_POINT('',(-12.05,7.,-33.5));
#579 = LINE('',#580,#581);
#580 = CARTESIAN_POINT('',(-12.05,7.,-43.));
#581 = VECTOR('',#582,1.);
#582 = DIRECTION('',(0.,0.,1.));
#583 = ORIENTED_EDGE('',*,*,#584,.T.);
#584 = EDGE_CURVE('',#577,#585,#587,.T.);
#585 = VERTEX_POINT('',#586);
#586 = CARTESIAN_POINT('',(12.05,7.,-33.5));
#587 = LINE('',#588,#589);
#588 = CARTESIAN_POINT('',(19.,7.,-33.5));
#589 = VECTOR('',#590,1.);
#590 = DIRECTION('',(1.,0.,-2.2E-16));
#591 = ORIENTED_EDGE('',*,*,#592,.T.);
#592 = EDGE_CURVE('',#585,#593,#595,.T.);
#593 = VERTEX_POINT('',#594);
#594 = CARTESIAN_POINT('',(12.05,7.,-30.5));
#595 = LINE('',#596,#597);
#596 = CARTESIAN_POINT('',(12.05,7.,-43.));
#597 = VECTOR('',#598,1.);
#598 = DIRECTION('',(0.,0.,1.));
#599 = ORIENTED_EDGE('',*,*,#600,.T.);
#600 = EDGE_CURVE('',#593,#56,#601,.T.);
#601 = LINE('',#602,#603);
#602 = CARTESIAN_POINT('',(19.,7.,-30.5));
#603 = VECTOR('',#604,1.);
#604 = DIRECTION('',(1.,0.,-2.2E-16));
#605 = FACE_BOUND('',#606,.T.);
#606 = EDGE_LOOP('',(#607));
#607 = ORIENTED_EDGE('',*,*,#608,.F.);
#608 = EDGE_CURVE('',#609,#609,#611,.T.);
#609 = VERTEX_POINT('',#610);
#610 = CARTESIAN_POINT('',(14.,7.,-40.));
#611 = CIRCLE('',#612,1.5);
#612 = AXIS2_PLACEMENT_3D('',#613,#614,#615);
#613 = CARTESIAN_POINT('',(12.5,7.,-40.));
#614 = DIRECTION('',(-0.,1.,0.));
#615 = DIRECTION('',(1.,0.,0.));
#616 = FACE_BOUND('',#617,.T.);
#617 = EDGE_LOOP('',(#618));
#618 = ORIENTED_EDGE('',*,*,#619,.F.);
#619 = EDGE_CURVE('',#620,#620,#622,.T.);
#620 = VERTEX_POINT('',#621);
#621 = CARTESIAN_POINT('',(-11.,7.,-40.));
#622 = CIRCLE('',#623,1.5);
#623 = AXIS2_PLACEMENT_3D('',#624,#625,#626);
#624 = CARTESIAN_POINT('',(-12.5,7.,-40.));
#625 = DIRECTION('',(-0.,1.,0.));
#626 = DIRECTION('',(1.,0.,0.));
#627 = PLANE('',#628);
#628 = AXIS2_PLACEMENT_3D('',#629,#630,#631);
#629 = CARTESIAN_POINT('',(7.5E-16,7.,-38.79210526315));
#630 = DIRECTION('',(0.,1.,4.5E-16));
#631 = DIRECTION('',(0.,4.5E-16,-1.));
#632 = ADVANCED_FACE('',(#633),#651,.T.);
#633 = FACE_BOUND('',#634,.F.);
#634 = EDGE_LOOP('',(#635,#643,#644,#645));
#635 = ORIENTED_EDGE('',*,*,#636,.T.);
#636 = EDGE_CURVE('',#637,#129,#639,.T.);
#637 = VERTEX_POINT('',#638);
#638 = CARTESIAN_POINT('',(-19.,10.25,7.500000000001));
#639 = LINE('',#640,#641);
#640 = CARTESIAN_POINT('',(-19.,10.25,7.500000000001));
#641 = VECTOR('',#642,1.);
#642 = DIRECTION('',(1.,0.,0.));
#643 = ORIENTED_EDGE('',*,*,#136,.T.);
#644 = ORIENTED_EDGE('',*,*,#455,.T.);
#645 = ORIENTED_EDGE('',*,*,#646,.T.);
#646 = EDGE_CURVE('',#456,#637,#647,.T.);
#647 = LINE('',#648,#649);
#648 = CARTESIAN_POINT('',(-19.,10.25,12.500000000001));
#649 = VECTOR('',#650,1.);
#650 = DIRECTION('',(0.,0.,-1.));
#651 = PLANE('',#652);
#652 = AXIS2_PLACEMENT_3D('',#653,#654,#655);
#653 = CARTESIAN_POINT('',(1.7E-16,10.25,10.000000000001));
#654 = DIRECTION('',(0.,1.,0.));
#655 = DIRECTION('',(0.,0.,1.));
#656 = ADVANCED_FACE('',(#657),#676,.F.);
#657 = FACE_BOUND('',#658,.F.);
#658 = EDGE_LOOP('',(#659,#660,#668,#675));
#659 = ORIENTED_EDGE('',*,*,#63,.F.);
#660 = ORIENTED_EDGE('',*,*,#661,.T.);
#661 = EDGE_CURVE('',#64,#662,#664,.T.);
#662 = VERTEX_POINT('',#663);
#663 = CARTESIAN_POINT('',(12.05,7.,-21.5));
#664 = LINE('',#665,#666);
#665 = CARTESIAN_POINT('',(19.,7.,-21.5));
#666 = VECTOR('',#667,1.);
#667 = DIRECTION('',(-1.,0.,2.2E-16));
#668 = ORIENTED_EDGE('',*,*,#669,.T.);
#669 = EDGE_CURVE('',#662,#593,#670,.T.);
#670 = CIRCLE('',#671,4.5);
#671 = AXIS2_PLACEMENT_3D('',#672,#673,#674);
#672 = CARTESIAN_POINT('',(12.05,7.,-26.));
#673 = DIRECTION('',(1.,0.,-2.2E-16));
#674 = DIRECTION('',(2.2E-16,2.2E-16,1.));
#675 = ORIENTED_EDGE('',*,*,#600,.T.);
#676 = CYLINDRICAL_SURFACE('',#677,4.5);
#677 = AXIS2_PLACEMENT_3D('',#678,#679,#680);
#678 = CARTESIAN_POINT('',(19.,7.,-26.));
#679 = DIRECTION('',(1.,0.,-2.2E-16));
#680 = DIRECTION('',(2.2E-16,2.2E-16,1.));
#681 = ADVANCED_FACE('',(#682),#700,.T.);
#682 = FACE_BOUND('',#683,.T.);
#683 = EDGE_LOOP('',(#684,#692,#698,#699));
#684 = ORIENTED_EDGE('',*,*,#685,.F.);
#685 = EDGE_CURVE('',#686,#121,#688,.T.);
#686 = VERTEX_POINT('',#687);
#687 = CARTESIAN_POINT('',(-19.,3.75,7.500000000001));
#688 = LINE('',#689,#690);
#689 = CARTESIAN_POINT('',(-19.,3.75,7.500000000001));
#690 = VECTOR('',#691,1.);
#691 = DIRECTION('',(1.,0.,0.));
#692 = ORIENTED_EDGE('',*,*,#693,.F.);
#693 = EDGE_CURVE('',#637,#686,#694,.T.);
#694 = LINE('',#695,#696);
#695 = CARTESIAN_POINT('',(-19.,7.,7.500000000001));
#696 = VECTOR('',#697,1.);
#697 = DIRECTION('',(0.,-1.,2.2E-16));
#698 = ORIENTED_EDGE('',*,*,#636,.T.);
#699 = ORIENTED_EDGE('',*,*,#128,.F.);
#700 = PLANE('',#701);
#701 = AXIS2_PLACEMENT_3D('',#702,#703,#704);
#702 = CARTESIAN_POINT('',(0.,7.,7.500000000001));
#703 = DIRECTION('',(0.,0.,-1.));
#704 = DIRECTION('',(0.,1.,0.));
#705 = ADVANCED_FACE('',(#706),#772,.T.);
#706 = FACE_BOUND('',#707,.T.);
#707 = EDGE_LOOP('',(#708,#709,#710,#718,#726,#734,#742,#750,#758,#766)
  );
#708 = ORIENTED_EDGE('',*,*,#72,.F.);
#709 = ORIENTED_EDGE('',*,*,#661,.T.);
#710 = ORIENTED_EDGE('',*,*,#711,.T.);
#711 = EDGE_CURVE('',#662,#712,#714,.T.);
#712 = VERTEX_POINT('',#713);
#713 = CARTESIAN_POINT('',(12.05,7.,-18.5));
#714 = LINE('',#715,#716);
#715 = CARTESIAN_POINT('',(12.05,7.,-43.));
#716 = VECTOR('',#717,1.);
#717 = DIRECTION('',(0.,0.,1.));
#718 = ORIENTED_EDGE('',*,*,#719,.T.);
#719 = EDGE_CURVE('',#712,#720,#722,.T.);
#720 = VERTEX_POINT('',#721);
#721 = CARTESIAN_POINT('',(-12.05,7.,-18.5));
#722 = LINE('',#723,#724);
#723 = CARTESIAN_POINT('',(19.,7.,-18.5));
#724 = VECTOR('',#725,1.);
#725 = DIRECTION('',(-1.,0.,2.2E-16));
#726 = ORIENTED_EDGE('',*,*,#727,.F.);
#727 = EDGE_CURVE('',#728,#720,#730,.T.);
#728 = VERTEX_POINT('',#729);
#729 = CARTESIAN_POINT('',(-12.05,7.,-21.5));
#730 = LINE('',#731,#732);
#731 = CARTESIAN_POINT('',(-12.05,7.,-43.));
#732 = VECTOR('',#733,1.);
#733 = DIRECTION('',(0.,0.,1.));
#734 = ORIENTED_EDGE('',*,*,#735,.T.);
#735 = EDGE_CURVE('',#728,#736,#738,.T.);
#736 = VERTEX_POINT('',#737);
#737 = CARTESIAN_POINT('',(-19.,7.,-21.5));
#738 = LINE('',#739,#740);
#739 = CARTESIAN_POINT('',(19.,7.,-21.5));
#740 = VECTOR('',#741,1.);
#741 = DIRECTION('',(-1.,0.,2.2E-16));
#742 = ORIENTED_EDGE('',*,*,#743,.F.);
#743 = EDGE_CURVE('',#744,#736,#746,.T.);
#744 = VERTEX_POINT('',#745);
#745 = CARTESIAN_POINT('',(-19.,7.,-10.99999999999));
#746 = LINE('',#747,#748);
#747 = CARTESIAN_POINT('',(-19.,7.,43.));
#748 = VECTOR('',#749,1.);
#749 = DIRECTION('',(0.,-4.4E-16,-1.));
#750 = ORIENTED_EDGE('',*,*,#751,.T.);
#751 = EDGE_CURVE('',#744,#752,#754,.T.);
#752 = VERTEX_POINT('',#753);
#753 = CARTESIAN_POINT('',(-18.,7.,-9.999999999999));
#754 = LINE('',#755,#756);
#755 = CARTESIAN_POINT('',(-11.25,7.,-3.249999999999));
#756 = VECTOR('',#757,1.);
#757 = DIRECTION('',(0.707106781187,2.7E-16,0.707106781187));
#758 = ORIENTED_EDGE('',*,*,#759,.F.);
#759 = EDGE_CURVE('',#760,#752,#762,.T.);
#760 = VERTEX_POINT('',#761);
#761 = CARTESIAN_POINT('',(18.,7.,-9.999999999999));
#762 = LINE('',#763,#764);
#763 = CARTESIAN_POINT('',(18.999999999998,7.,-9.999999999999));
#764 = VECTOR('',#765,1.);
#765 = DIRECTION('',(-1.,0.,0.));
#766 = ORIENTED_EDGE('',*,*,#767,.F.);
#767 = EDGE_CURVE('',#73,#760,#768,.T.);
#768 = LINE('',#769,#770);
#769 = CARTESIAN_POINT('',(11.25,7.,-3.249999999999));
#770 = VECTOR('',#771,1.);
#771 = DIRECTION('',(-0.707106781187,2.7E-16,0.707106781187));
#772 = PLANE('',#773);
#773 = AXIS2_PLACEMENT_3D('',#774,#775,#776);
#774 = CARTESIAN_POINT('',(-1.83E-15,7.,-2.29E-15));
#775 = DIRECTION('',(0.,1.,-3.8E-16));
#776 = DIRECTION('',(0.,-3.8E-16,-1.));
#777 = ADVANCED_FACE('',(#778,#860),#871,.T.);
#778 = FACE_BOUND('',#779,.T.);
#779 = EDGE_LOOP('',(#780,#790,#796,#797,#798,#806,#814,#822,#830,#838,
    #846,#854));
#780 = ORIENTED_EDGE('',*,*,#781,.F.);
#781 = EDGE_CURVE('',#782,#784,#786,.T.);
#782 = VERTEX_POINT('',#783);
#783 = CARTESIAN_POINT('',(-19.,3.75,5.999999999996));
#784 = VERTEX_POINT('',#785);
#785 = CARTESIAN_POINT('',(-5.,3.75,5.999999999996));
#786 = LINE('',#787,#788);
#787 = CARTESIAN_POINT('',(-19.,3.75,5.999999999996));
#788 = VECTOR('',#789,1.);
#789 = DIRECTION('',(1.,0.,0.));
#790 = ORIENTED_EDGE('',*,*,#791,.T.);
#791 = EDGE_CURVE('',#782,#686,#792,.T.);
#792 = LINE('',#793,#794);
#793 = CARTESIAN_POINT('',(-19.,3.75,-9.999999999999));
#794 = VECTOR('',#795,1.);
#795 = DIRECTION('',(0.,0.,1.));
#796 = ORIENTED_EDGE('',*,*,#685,.T.);
#797 = ORIENTED_EDGE('',*,*,#120,.T.);
#798 = ORIENTED_EDGE('',*,*,#799,.F.);
#799 = EDGE_CURVE('',#800,#113,#802,.T.);
#800 = VERTEX_POINT('',#801);
#801 = CARTESIAN_POINT('',(5.,3.75,5.999999999996));
#802 = LINE('',#803,#804);
#803 = CARTESIAN_POINT('',(4.,3.75,5.999999999996));
#804 = VECTOR('',#805,1.);
#805 = DIRECTION('',(1.,0.,0.));
#806 = ORIENTED_EDGE('',*,*,#807,.T.);
#807 = EDGE_CURVE('',#800,#808,#810,.T.);
#808 = VERTEX_POINT('',#809);
#809 = CARTESIAN_POINT('',(4.,3.75,4.999999999996));
#810 = LINE('',#811,#812);
#811 = CARTESIAN_POINT('',(2.000000000001,3.75,2.999999999997));
#812 = VECTOR('',#813,1.);
#813 = DIRECTION('',(-0.707106781187,-1.6E-16,-0.707106781187));
#814 = ORIENTED_EDGE('',*,*,#815,.F.);
#815 = EDGE_CURVE('',#816,#808,#818,.T.);
#816 = VERTEX_POINT('',#817);
#817 = CARTESIAN_POINT('',(4.,3.75,-1.000000000004));
#818 = LINE('',#819,#820);
#819 = CARTESIAN_POINT('',(4.,3.75,-2.000000000004));
#820 = VECTOR('',#821,1.);
#821 = DIRECTION('',(0.,0.,1.));
#822 = ORIENTED_EDGE('',*,*,#823,.T.);
#823 = EDGE_CURVE('',#816,#824,#826,.T.);
#824 = VERTEX_POINT('',#825);
#825 = CARTESIAN_POINT('',(5.,3.75,-2.000000000004));
#826 = LINE('',#827,#828);
#827 = CARTESIAN_POINT('',(2.999999999998,3.75,-2.40552E-12));
#828 = VECTOR('',#829,1.);
#829 = DIRECTION('',(0.707106781187,-1.6E-16,-0.707106781187));
#830 = ORIENTED_EDGE('',*,*,#831,.F.);
#831 = EDGE_CURVE('',#832,#824,#834,.T.);
#832 = VERTEX_POINT('',#833);
#833 = CARTESIAN_POINT('',(-5.,3.75,-2.000000000004));
#834 = LINE('',#835,#836);
#835 = CARTESIAN_POINT('',(-6.1956E-13,3.75,-2.000000000004));
#836 = VECTOR('',#837,1.);
#837 = DIRECTION('',(1.,0.,3.87E-15));
#838 = ORIENTED_EDGE('',*,*,#839,.F.);
#839 = EDGE_CURVE('',#840,#832,#842,.T.);
#840 = VERTEX_POINT('',#841);
#841 = CARTESIAN_POINT('',(-4.,3.75,-1.000000000004));
#842 = LINE('',#843,#844);
#843 = CARTESIAN_POINT('',(-2.999999999999,3.75,-2.79787E-12));
#844 = VECTOR('',#845,1.);
#845 = DIRECTION('',(-0.707106781187,-1.6E-16,-0.707106781187));
#846 = ORIENTED_EDGE('',*,*,#847,.F.);
#847 = EDGE_CURVE('',#848,#840,#850,.T.);
#848 = VERTEX_POINT('',#849);
#849 = CARTESIAN_POINT('',(-4.,3.75,4.999999999996));
#850 = LINE('',#851,#852);
#851 = CARTESIAN_POINT('',(-4.,3.75,5.999999999996));
#852 = VECTOR('',#853,1.);
#853 = DIRECTION('',(0.,0.,-1.));
#854 = ORIENTED_EDGE('',*,*,#855,.F.);
#855 = EDGE_CURVE('',#784,#848,#856,.T.);
#856 = LINE('',#857,#858);
#857 = CARTESIAN_POINT('',(-2.000000000002,3.75,2.999999999998));
#858 = VECTOR('',#859,1.);
#859 = DIRECTION('',(0.707106781187,-1.6E-16,-0.707106781187));
#860 = FACE_BOUND('',#861,.T.);
#861 = EDGE_LOOP('',(#862));
#862 = ORIENTED_EDGE('',*,*,#863,.T.);
#863 = EDGE_CURVE('',#864,#864,#866,.T.);
#864 = VERTEX_POINT('',#865);
#865 = CARTESIAN_POINT('',(1.5,3.75,5.25));
#866 = CIRCLE('',#867,1.5);
#867 = AXIS2_PLACEMENT_3D('',#868,#869,#870);
#868 = CARTESIAN_POINT('',(0.,3.75,5.25));
#869 = DIRECTION('',(0.,-1.,4.4E-16));
#870 = DIRECTION('',(1.,0.,0.));
#871 = PLANE('',#872);
#872 = AXIS2_PLACEMENT_3D('',#873,#874,#875);
#873 = CARTESIAN_POINT('',(-9.9427E-13,3.75,1.42108547152E-12));
#874 = DIRECTION('',(0.,1.,0.));
#875 = DIRECTION('',(0.,0.,1.));
#876 = ADVANCED_FACE('',(#877),#895,.T.);
#877 = FACE_BOUND('',#878,.F.);
#878 = EDGE_LOOP('',(#879,#880,#881,#889));
#879 = ORIENTED_EDGE('',*,*,#767,.F.);
#880 = ORIENTED_EDGE('',*,*,#80,.T.);
#881 = ORIENTED_EDGE('',*,*,#882,.T.);
#882 = EDGE_CURVE('',#81,#883,#885,.T.);
#883 = VERTEX_POINT('',#884);
#884 = CARTESIAN_POINT('',(18.,1.75,-9.999999999999));
#885 = LINE('',#886,#887);
#886 = CARTESIAN_POINT('',(12.75,1.75,-4.749999999999));
#887 = VECTOR('',#888,1.);
#888 = DIRECTION('',(-0.707106781187,0.,0.707106781187));
#889 = ORIENTED_EDGE('',*,*,#890,.F.);
#890 = EDGE_CURVE('',#760,#883,#891,.T.);
#891 = LINE('',#892,#893);
#892 = CARTESIAN_POINT('',(18.,7.,-9.999999999999));
#893 = VECTOR('',#894,1.);
#894 = DIRECTION('',(0.,-1.,0.));
#895 = PLANE('',#896);
#896 = AXIS2_PLACEMENT_3D('',#897,#898,#899);
#897 = CARTESIAN_POINT('',(18.5,7.,-10.49999999999));
#898 = DIRECTION('',(0.707106781187,9.54E-15,0.707106781187));
#899 = DIRECTION('',(-6.74579869252E-15,1.,-6.74579869252E-15));
#900 = ADVANCED_FACE('',(#901),#919,.F.);
#901 = FACE_BOUND('',#902,.F.);
#902 = EDGE_LOOP('',(#903,#904,#912,#918));
#903 = ORIENTED_EDGE('',*,*,#799,.F.);
#904 = ORIENTED_EDGE('',*,*,#905,.T.);
#905 = EDGE_CURVE('',#800,#906,#908,.T.);
#906 = VERTEX_POINT('',#907);
#907 = CARTESIAN_POINT('',(5.,10.25,5.999999999996));
#908 = LINE('',#909,#910);
#909 = CARTESIAN_POINT('',(5.,3.75,5.999999999996));
#910 = VECTOR('',#911,1.);
#911 = DIRECTION('',(0.,1.,0.));
#912 = ORIENTED_EDGE('',*,*,#913,.T.);
#913 = EDGE_CURVE('',#906,#105,#914,.T.);
#914 = LINE('',#915,#916);
#915 = CARTESIAN_POINT('',(4.,10.25,5.999999999996));
#916 = VECTOR('',#917,1.);
#917 = DIRECTION('',(1.,0.,0.));
#918 = ORIENTED_EDGE('',*,*,#112,.F.);
#919 = PLANE('',#920);
#920 = AXIS2_PLACEMENT_3D('',#921,#922,#923);
#921 = CARTESIAN_POINT('',(4.,3.75,5.999999999996));
#922 = DIRECTION('',(0.,0.,-1.));
#923 = DIRECTION('',(1.,0.,0.));
#924 = ADVANCED_FACE('',(#925),#975,.T.);
#925 = FACE_BOUND('',#926,.T.);
#926 = EDGE_LOOP('',(#927,#937,#943,#944,#945,#953,#961,#969));
#927 = ORIENTED_EDGE('',*,*,#928,.T.);
#928 = EDGE_CURVE('',#929,#931,#933,.T.);
#929 = VERTEX_POINT('',#930);
#930 = CARTESIAN_POINT('',(-18.,1.75,-2.000000000004));
#931 = VERTEX_POINT('',#932);
#932 = CARTESIAN_POINT('',(18.,1.75,-2.000000000004));
#933 = LINE('',#934,#935);
#934 = CARTESIAN_POINT('',(-19.,1.75,-2.000000000004));
#935 = VECTOR('',#936,1.);
#936 = DIRECTION('',(1.,0.,0.));
#937 = ORIENTED_EDGE('',*,*,#938,.F.);
#938 = EDGE_CURVE('',#89,#931,#939,.T.);
#939 = LINE('',#940,#941);
#940 = CARTESIAN_POINT('',(12.75,1.75,-7.250000000003));
#941 = VECTOR('',#942,1.);
#942 = DIRECTION('',(-0.707106781187,0.,-0.707106781187));
#943 = ORIENTED_EDGE('',*,*,#88,.F.);
#944 = ORIENTED_EDGE('',*,*,#882,.T.);
#945 = ORIENTED_EDGE('',*,*,#946,.T.);
#946 = EDGE_CURVE('',#883,#947,#949,.T.);
#947 = VERTEX_POINT('',#948);
#948 = CARTESIAN_POINT('',(-18.,1.75,-9.999999999999));
#949 = LINE('',#950,#951);
#950 = CARTESIAN_POINT('',(18.999999999999,1.75,-9.999999999999));
#951 = VECTOR('',#952,1.);
#952 = DIRECTION('',(-1.,0.,0.));
#953 = ORIENTED_EDGE('',*,*,#954,.F.);
#954 = EDGE_CURVE('',#955,#947,#957,.T.);
#955 = VERTEX_POINT('',#956);
#956 = CARTESIAN_POINT('',(-19.,1.75,-10.99999999999));
#957 = LINE('',#958,#959);
#958 = CARTESIAN_POINT('',(-12.75,1.75,-4.749999999999));
#959 = VECTOR('',#960,1.);
#960 = DIRECTION('',(0.707106781187,0.,0.707106781187));
#961 = ORIENTED_EDGE('',*,*,#962,.F.);
#962 = EDGE_CURVE('',#963,#955,#965,.T.);
#963 = VERTEX_POINT('',#964);
#964 = CARTESIAN_POINT('',(-19.,1.75,-1.000000000004));
#965 = LINE('',#966,#967);
#966 = CARTESIAN_POINT('',(-19.,1.75,-2.83358433735));
#967 = VECTOR('',#968,1.);
#968 = DIRECTION('',(0.,0.,-1.));
#969 = ORIENTED_EDGE('',*,*,#970,.T.);
#970 = EDGE_CURVE('',#963,#929,#971,.T.);
#971 = LINE('',#972,#973);
#972 = CARTESIAN_POINT('',(-12.75,1.75,-7.250000000003));
#973 = VECTOR('',#974,1.);
#974 = DIRECTION('',(0.707106781187,0.,-0.707106781187));
#975 = PLANE('',#976);
#976 = AXIS2_PLACEMENT_3D('',#977,#978,#979);
#977 = CARTESIAN_POINT('',(-2.5332E-13,1.75,-6.000000000001));
#978 = DIRECTION('',(0.,1.,2.2E-16));
#979 = DIRECTION('',(0.,-2.2E-16,1.));
#980 = ADVANCED_FACE('',(#981),#1023,.T.);
#981 = FACE_BOUND('',#982,.T.);
#982 = EDGE_LOOP('',(#983,#993,#999,#1000,#1001,#1009,#1017));
#983 = ORIENTED_EDGE('',*,*,#984,.T.);
#984 = EDGE_CURVE('',#985,#987,#989,.T.);
#985 = VERTEX_POINT('',#986);
#986 = CARTESIAN_POINT('',(4.,10.25,-1.000000000004));
#987 = VERTEX_POINT('',#988);
#988 = CARTESIAN_POINT('',(4.,10.25,4.999999999996));
#989 = LINE('',#990,#991);
#990 = CARTESIAN_POINT('',(4.,10.25,-2.000000000004));
#991 = VECTOR('',#992,1.);
#992 = DIRECTION('',(0.,0.,1.));
#993 = ORIENTED_EDGE('',*,*,#994,.F.);
#994 = EDGE_CURVE('',#906,#987,#995,.T.);
#995 = LINE('',#996,#997);
#996 = CARTESIAN_POINT('',(2.5,10.25,3.499999999996));
#997 = VECTOR('',#998,1.);
#998 = DIRECTION('',(-0.707106781187,-1.6E-16,-0.707106781187));
#999 = ORIENTED_EDGE('',*,*,#913,.T.);
#1000 = ORIENTED_EDGE('',*,*,#104,.T.);
#1001 = ORIENTED_EDGE('',*,*,#1002,.T.);
#1002 = EDGE_CURVE('',#97,#1003,#1005,.T.);
#1003 = VERTEX_POINT('',#1004);
#1004 = CARTESIAN_POINT('',(18.,10.25,-2.000000000004));
#1005 = LINE('',#1006,#1007);
#1006 = CARTESIAN_POINT('',(14.75,10.25,-5.250000000004));
#1007 = VECTOR('',#1008,1.);
#1008 = DIRECTION('',(-0.707106781187,-1.6E-16,-0.707106781187));
#1009 = ORIENTED_EDGE('',*,*,#1010,.T.);
#1010 = EDGE_CURVE('',#1003,#1011,#1013,.T.);
#1011 = VERTEX_POINT('',#1012);
#1012 = CARTESIAN_POINT('',(5.,10.25,-2.000000000004));
#1013 = LINE('',#1014,#1015);
#1014 = CARTESIAN_POINT('',(18.999999999999,10.25,-2.000000000004));
#1015 = VECTOR('',#1016,1.);
#1016 = DIRECTION('',(-1.,0.,0.));
#1017 = ORIENTED_EDGE('',*,*,#1018,.F.);
#1018 = EDGE_CURVE('',#985,#1011,#1019,.T.);
#1019 = LINE('',#1020,#1021);
#1020 = CARTESIAN_POINT('',(2.5,10.25,0.499999999996));
#1021 = VECTOR('',#1022,1.);
#1022 = DIRECTION('',(0.707106781187,-1.6E-16,-0.707106781187));
#1023 = PLANE('',#1024);
#1024 = AXIS2_PLACEMENT_3D('',#1025,#1026,#1027);
#1025 = CARTESIAN_POINT('',(-2.5363E-13,10.25,1.999999999996));
#1026 = DIRECTION('',(0.,1.,0.));
#1027 = DIRECTION('',(0.,0.,1.));
#1028 = ADVANCED_FACE('',(#1029),#1040,.T.);
#1029 = FACE_BOUND('',#1030,.T.);
#1030 = EDGE_LOOP('',(#1031,#1032,#1033,#1034));
#1031 = ORIENTED_EDGE('',*,*,#1002,.F.);
#1032 = ORIENTED_EDGE('',*,*,#96,.T.);
#1033 = ORIENTED_EDGE('',*,*,#938,.T.);
#1034 = ORIENTED_EDGE('',*,*,#1035,.F.);
#1035 = EDGE_CURVE('',#1003,#931,#1036,.T.);
#1036 = LINE('',#1037,#1038);
#1037 = CARTESIAN_POINT('',(18.,10.25,-2.000000000004));
#1038 = VECTOR('',#1039,1.);
#1039 = DIRECTION('',(0.,-1.,0.));
#1040 = PLANE('',#1041);
#1041 = AXIS2_PLACEMENT_3D('',#1042,#1043,#1044);
#1042 = CARTESIAN_POINT('',(18.5,10.25,-1.500000000004));
#1043 = DIRECTION('',(0.707106781187,-2.12E-15,-0.707106781187));
#1044 = DIRECTION('',(-1.499066376115E-15,-1.,1.499066376115E-15));
#1045 = ADVANCED_FACE('',(#1046),#1121,.T.);
#1046 = FACE_BOUND('',#1047,.T.);
#1047 = EDGE_LOOP('',(#1048,#1049,#1057,#1065,#1071,#1072,#1079,#1080,
    #1081,#1082,#1083,#1084,#1092,#1100,#1106,#1107,#1113,#1114));
#1048 = ORIENTED_EDGE('',*,*,#560,.T.);
#1049 = ORIENTED_EDGE('',*,*,#1050,.T.);
#1050 = EDGE_CURVE('',#553,#1051,#1053,.T.);
#1051 = VERTEX_POINT('',#1052);
#1052 = CARTESIAN_POINT('',(-19.,-6.,-45.5));
#1053 = LINE('',#1054,#1055);
#1054 = CARTESIAN_POINT('',(-19.,7.,-45.5));
#1055 = VECTOR('',#1056,1.);
#1056 = DIRECTION('',(0.,-1.,0.));
#1057 = ORIENTED_EDGE('',*,*,#1058,.T.);
#1058 = EDGE_CURVE('',#1051,#1059,#1061,.T.);
#1059 = VERTEX_POINT('',#1060);
#1060 = CARTESIAN_POINT('',(-19.,-6.,55.5));
#1061 = LINE('',#1062,#1063);
#1062 = CARTESIAN_POINT('',(-19.,-6.,-46.5));
#1063 = VECTOR('',#1064,1.);
#1064 = DIRECTION('',(0.,2.2E-16,1.));
#1065 = ORIENTED_EDGE('',*,*,#1066,.F.);
#1066 = EDGE_CURVE('',#176,#1059,#1067,.T.);
#1067 = LINE('',#1068,#1069);
#1068 = CARTESIAN_POINT('',(-19.,7.,55.5));
#1069 = VECTOR('',#1070,1.);
#1070 = DIRECTION('',(0.,-1.,2.2E-16));
#1071 = ORIENTED_EDGE('',*,*,#175,.T.);
#1072 = ORIENTED_EDGE('',*,*,#1073,.T.);
#1073 = EDGE_CURVE('',#178,#378,#1074,.T.);
#1074 = CIRCLE('',#1075,4.5);
#1075 = AXIS2_PLACEMENT_3D('',#1076,#1077,#1078);
#1076 = CARTESIAN_POINT('',(-19.,7.,26.));
#1077 = DIRECTION('',(1.,0.,-2.2E-16));
#1078 = DIRECTION('',(2.2E-16,2.2E-16,1.));
#1079 = ORIENTED_EDGE('',*,*,#377,.T.);
#1080 = ORIENTED_EDGE('',*,*,#463,.T.);
#1081 = ORIENTED_EDGE('',*,*,#646,.T.);
#1082 = ORIENTED_EDGE('',*,*,#693,.T.);
#1083 = ORIENTED_EDGE('',*,*,#791,.F.);
#1084 = ORIENTED_EDGE('',*,*,#1085,.T.);
#1085 = EDGE_CURVE('',#782,#1086,#1088,.T.);
#1086 = VERTEX_POINT('',#1087);
#1087 = CARTESIAN_POINT('',(-19.,10.25,5.999999999996));
#1088 = LINE('',#1089,#1090);
#1089 = CARTESIAN_POINT('',(-19.,3.75,5.999999999996));
#1090 = VECTOR('',#1091,1.);
#1091 = DIRECTION('',(0.,1.,0.));
#1092 = ORIENTED_EDGE('',*,*,#1093,.F.);
#1093 = EDGE_CURVE('',#1094,#1086,#1096,.T.);
#1094 = VERTEX_POINT('',#1095);
#1095 = CARTESIAN_POINT('',(-19.,10.25,-1.000000000004));
#1096 = LINE('',#1097,#1098);
#1097 = CARTESIAN_POINT('',(-19.,10.25,-2.000000000004));
#1098 = VECTOR('',#1099,1.);
#1099 = DIRECTION('',(0.,0.,1.));
#1100 = ORIENTED_EDGE('',*,*,#1101,.F.);
#1101 = EDGE_CURVE('',#963,#1094,#1102,.T.);
#1102 = LINE('',#1103,#1104);
#1103 = CARTESIAN_POINT('',(-19.,1.75,-1.000000000004));
#1104 = VECTOR('',#1105,1.);
#1105 = DIRECTION('',(0.,1.,0.));
#1106 = ORIENTED_EDGE('',*,*,#962,.T.);
#1107 = ORIENTED_EDGE('',*,*,#1108,.F.);
#1108 = EDGE_CURVE('',#744,#955,#1109,.T.);
#1109 = LINE('',#1110,#1111);
#1110 = CARTESIAN_POINT('',(-19.,7.,-10.99999999999));
#1111 = VECTOR('',#1112,1.);
#1112 = DIRECTION('',(0.,-1.,0.));
#1113 = ORIENTED_EDGE('',*,*,#743,.T.);
#1114 = ORIENTED_EDGE('',*,*,#1115,.T.);
#1115 = EDGE_CURVE('',#736,#561,#1116,.T.);
#1116 = CIRCLE('',#1117,4.5);
#1117 = AXIS2_PLACEMENT_3D('',#1118,#1119,#1120);
#1118 = CARTESIAN_POINT('',(-19.,7.,-26.));
#1119 = DIRECTION('',(1.,0.,-2.2E-16));
#1120 = DIRECTION('',(2.2E-16,2.2E-16,1.));
#1121 = PLANE('',#1122);
#1122 = AXIS2_PLACEMENT_3D('',#1123,#1124,#1125);
#1123 = CARTESIAN_POINT('',(-19.,0.61346865309,4.513278388278));
#1124 = DIRECTION('',(-1.,0.,0.));
#1125 = DIRECTION('',(0.,1.,0.));
#1126 = ADVANCED_FACE('',(#1127),#1145,.T.);
#1127 = FACE_BOUND('',#1128,.F.);
#1128 = EDGE_LOOP('',(#1129,#1130,#1138,#1144));
#1129 = ORIENTED_EDGE('',*,*,#185,.F.);
#1130 = ORIENTED_EDGE('',*,*,#1131,.T.);
#1131 = EDGE_CURVE('',#186,#1132,#1134,.T.);
#1132 = VERTEX_POINT('',#1133);
#1133 = CARTESIAN_POINT('',(-18.,-6.,56.5));
#1134 = LINE('',#1135,#1136);
#1135 = CARTESIAN_POINT('',(-18.,7.,56.5));
#1136 = VECTOR('',#1137,1.);
#1137 = DIRECTION('',(0.,-1.,2.2E-16));
#1138 = ORIENTED_EDGE('',*,*,#1139,.T.);
#1139 = EDGE_CURVE('',#1132,#1059,#1140,.T.);
#1140 = LINE('',#1141,#1142);
#1141 = CARTESIAN_POINT('',(-18.25,-6.,56.25));
#1142 = VECTOR('',#1143,1.);
#1143 = DIRECTION('',(-0.707106781187,1.01E-14,-0.707106781187));
#1144 = ORIENTED_EDGE('',*,*,#1066,.F.);
#1145 = PLANE('',#1146);
#1146 = AXIS2_PLACEMENT_3D('',#1147,#1148,#1149);
#1147 = CARTESIAN_POINT('',(-18.5,7.,56.));
#1148 = DIRECTION('',(-0.707106781187,0.,0.707106781187));
#1149 = DIRECTION('',(-1.1E-16,1.,-1.1E-16));
#1150 = ADVANCED_FACE('',(#1151),#1163,.F.);
#1151 = FACE_BOUND('',#1152,.F.);
#1152 = EDGE_LOOP('',(#1153,#1160,#1161,#1162));
#1153 = ORIENTED_EDGE('',*,*,#1154,.F.);
#1154 = EDGE_CURVE('',#233,#386,#1155,.T.);
#1155 = CIRCLE('',#1156,4.5);
#1156 = AXIS2_PLACEMENT_3D('',#1157,#1158,#1159);
#1157 = CARTESIAN_POINT('',(-12.05,7.,26.));
#1158 = DIRECTION('',(1.,0.,-2.2E-16));
#1159 = DIRECTION('',(2.2E-16,2.2E-16,1.));
#1160 = ORIENTED_EDGE('',*,*,#240,.T.);
#1161 = ORIENTED_EDGE('',*,*,#1073,.T.);
#1162 = ORIENTED_EDGE('',*,*,#385,.T.);
#1163 = CYLINDRICAL_SURFACE('',#1164,4.5);
#1164 = AXIS2_PLACEMENT_3D('',#1165,#1166,#1167);
#1165 = CARTESIAN_POINT('',(19.,7.,26.));
#1166 = DIRECTION('',(1.,0.,-2.2E-16));
#1167 = DIRECTION('',(2.2E-16,2.2E-16,1.));
#1168 = ADVANCED_FACE('',(#1169),#1180,.T.);
#1169 = FACE_BOUND('',#1170,.T.);
#1170 = EDGE_LOOP('',(#1171,#1172,#1173,#1179));
#1171 = ORIENTED_EDGE('',*,*,#193,.T.);
#1172 = ORIENTED_EDGE('',*,*,#1131,.T.);
#1173 = ORIENTED_EDGE('',*,*,#1174,.T.);
#1174 = EDGE_CURVE('',#1132,#288,#1175,.T.);
#1175 = LINE('',#1176,#1177);
#1176 = CARTESIAN_POINT('',(-19.,-6.,56.5));
#1177 = VECTOR('',#1178,1.);
#1178 = DIRECTION('',(1.,0.,0.));
#1179 = ORIENTED_EDGE('',*,*,#297,.T.);
#1180 = PLANE('',#1181);
#1181 = AXIS2_PLACEMENT_3D('',#1182,#1183,#1184);
#1182 = CARTESIAN_POINT('',(0.,-8.881784197001E-15,56.5));
#1183 = DIRECTION('',(0.,0.,1.));
#1184 = DIRECTION('',(1.,0.,0.));
#1185 = ADVANCED_FACE('',(#1186),#1198,.F.);
#1186 = FACE_BOUND('',#1187,.F.);
#1187 = EDGE_LOOP('',(#1188,#1189,#1190,#1191));
#1188 = ORIENTED_EDGE('',*,*,#232,.F.);
#1189 = ORIENTED_EDGE('',*,*,#1154,.T.);
#1190 = ORIENTED_EDGE('',*,*,#393,.F.);
#1191 = ORIENTED_EDGE('',*,*,#1192,.F.);
#1192 = EDGE_CURVE('',#225,#394,#1193,.T.);
#1193 = CIRCLE('',#1194,7.5);
#1194 = AXIS2_PLACEMENT_3D('',#1195,#1196,#1197);
#1195 = CARTESIAN_POINT('',(-12.05,7.,26.));
#1196 = DIRECTION('',(1.,0.,-2.2E-16));
#1197 = DIRECTION('',(2.2E-16,2.2E-16,1.));
#1198 = PLANE('',#1199);
#1199 = AXIS2_PLACEMENT_3D('',#1200,#1201,#1202);
#1200 = CARTESIAN_POINT('',(-12.05,7.,-43.));
#1201 = DIRECTION('',(-1.,0.,0.));
#1202 = DIRECTION('',(0.,0.,1.));
#1203 = ADVANCED_FACE('',(#1204),#1216,.F.);
#1204 = FACE_BOUND('',#1205,.F.);
#1205 = EDGE_LOOP('',(#1206,#1213,#1214,#1215));
#1206 = ORIENTED_EDGE('',*,*,#1207,.F.);
#1207 = EDGE_CURVE('',#217,#402,#1208,.T.);
#1208 = CIRCLE('',#1209,7.5);
#1209 = AXIS2_PLACEMENT_3D('',#1210,#1211,#1212);
#1210 = CARTESIAN_POINT('',(12.05,7.,26.));
#1211 = DIRECTION('',(1.,0.,-2.2E-16));
#1212 = DIRECTION('',(2.2E-16,2.2E-16,1.));
#1213 = ORIENTED_EDGE('',*,*,#224,.T.);
#1214 = ORIENTED_EDGE('',*,*,#1192,.T.);
#1215 = ORIENTED_EDGE('',*,*,#401,.T.);
#1216 = CYLINDRICAL_SURFACE('',#1217,7.5);
#1217 = AXIS2_PLACEMENT_3D('',#1218,#1219,#1220);
#1218 = CARTESIAN_POINT('',(19.,7.,26.));
#1219 = DIRECTION('',(1.,0.,-2.2E-16));
#1220 = DIRECTION('',(2.2E-16,2.2E-16,1.));
#1221 = ADVANCED_FACE('',(#1222),#1228,.T.);
#1222 = FACE_BOUND('',#1223,.T.);
#1223 = EDGE_LOOP('',(#1224,#1225,#1226,#1227));
#1224 = ORIENTED_EDGE('',*,*,#216,.F.);
#1225 = ORIENTED_EDGE('',*,*,#313,.T.);
#1226 = ORIENTED_EDGE('',*,*,#409,.F.);
#1227 = ORIENTED_EDGE('',*,*,#1207,.F.);
#1228 = PLANE('',#1229);
#1229 = AXIS2_PLACEMENT_3D('',#1230,#1231,#1232);
#1230 = CARTESIAN_POINT('',(12.05,7.,-43.));
#1231 = DIRECTION('',(-1.,0.,0.));
#1232 = DIRECTION('',(0.,0.,1.));
#1233 = ADVANCED_FACE('',(#1234),#1253,.F.);
#1234 = FACE_BOUND('',#1235,.F.);
#1235 = EDGE_LOOP('',(#1236,#1245,#1251,#1252));
#1236 = ORIENTED_EDGE('',*,*,#1237,.F.);
#1237 = EDGE_CURVE('',#1238,#1238,#1240,.T.);
#1238 = VERTEX_POINT('',#1239);
#1239 = CARTESIAN_POINT('',(1.5,-7.,50.));
#1240 = CIRCLE('',#1241,1.5);
#1241 = AXIS2_PLACEMENT_3D('',#1242,#1243,#1244);
#1242 = CARTESIAN_POINT('',(0.,-7.,50.));
#1243 = DIRECTION('',(0.,-1.,0.));
#1244 = DIRECTION('',(1.,0.,0.));
#1245 = ORIENTED_EDGE('',*,*,#1246,.T.);
#1246 = EDGE_CURVE('',#1238,#249,#1247,.T.);
#1247 = LINE('',#1248,#1249);
#1248 = CARTESIAN_POINT('',(1.5,-7.,50.));
#1249 = VECTOR('',#1250,1.);
#1250 = DIRECTION('',(0.,1.,-4.4E-16));
#1251 = ORIENTED_EDGE('',*,*,#248,.T.);
#1252 = ORIENTED_EDGE('',*,*,#1246,.F.);
#1253 = CYLINDRICAL_SURFACE('',#1254,1.5);
#1254 = AXIS2_PLACEMENT_3D('',#1255,#1256,#1257);
#1255 = CARTESIAN_POINT('',(0.,-7.,50.));
#1256 = DIRECTION('',(0.,-1.,4.4E-16));
#1257 = DIRECTION('',(1.,0.,0.));
#1258 = ADVANCED_FACE('',(#1259),#1278,.F.);
#1259 = FACE_BOUND('',#1260,.F.);
#1260 = EDGE_LOOP('',(#1261,#1269,#1270,#1271));
#1261 = ORIENTED_EDGE('',*,*,#1262,.F.);
#1262 = EDGE_CURVE('',#260,#1263,#1265,.T.);
#1263 = VERTEX_POINT('',#1264);
#1264 = CARTESIAN_POINT('',(14.,-2.,50.));
#1265 = LINE('',#1266,#1267);
#1266 = CARTESIAN_POINT('',(14.,7.,50.));
#1267 = VECTOR('',#1268,1.);
#1268 = DIRECTION('',(0.,-1.,0.));
#1269 = ORIENTED_EDGE('',*,*,#259,.F.);
#1270 = ORIENTED_EDGE('',*,*,#1262,.T.);
#1271 = ORIENTED_EDGE('',*,*,#1272,.T.);
#1272 = EDGE_CURVE('',#1263,#1263,#1273,.T.);
#1273 = CIRCLE('',#1274,1.5);
#1274 = AXIS2_PLACEMENT_3D('',#1275,#1276,#1277);
#1275 = CARTESIAN_POINT('',(12.5,-2.,50.));
#1276 = DIRECTION('',(-0.,1.,0.));
#1277 = DIRECTION('',(1.,0.,0.));
#1278 = CYLINDRICAL_SURFACE('',#1279,1.5);
#1279 = AXIS2_PLACEMENT_3D('',#1280,#1281,#1282);
#1280 = CARTESIAN_POINT('',(12.5,7.,50.));
#1281 = DIRECTION('',(0.,1.,0.));
#1282 = DIRECTION('',(1.,0.,0.));
#1283 = ADVANCED_FACE('',(#1284),#1303,.F.);
#1284 = FACE_BOUND('',#1285,.F.);
#1285 = EDGE_LOOP('',(#1286,#1294,#1295,#1296));
#1286 = ORIENTED_EDGE('',*,*,#1287,.F.);
#1287 = EDGE_CURVE('',#271,#1288,#1290,.T.);
#1288 = VERTEX_POINT('',#1289);
#1289 = CARTESIAN_POINT('',(-11.,-2.,50.));
#1290 = LINE('',#1291,#1292);
#1291 = CARTESIAN_POINT('',(-11.,7.,50.));
#1292 = VECTOR('',#1293,1.);
#1293 = DIRECTION('',(0.,-1.,0.));
#1294 = ORIENTED_EDGE('',*,*,#270,.F.);
#1295 = ORIENTED_EDGE('',*,*,#1287,.T.);
#1296 = ORIENTED_EDGE('',*,*,#1297,.T.);
#1297 = EDGE_CURVE('',#1288,#1288,#1298,.T.);
#1298 = CIRCLE('',#1299,1.5);
#1299 = AXIS2_PLACEMENT_3D('',#1300,#1301,#1302);
#1300 = CARTESIAN_POINT('',(-12.5,-2.,50.));
#1301 = DIRECTION('',(-0.,1.,0.));
#1302 = DIRECTION('',(1.,0.,0.));
#1303 = CYLINDRICAL_SURFACE('',#1304,1.5);
#1304 = AXIS2_PLACEMENT_3D('',#1305,#1306,#1307);
#1305 = CARTESIAN_POINT('',(-12.5,7.,50.));
#1306 = DIRECTION('',(0.,1.,0.));
#1307 = DIRECTION('',(1.,0.,0.));
#1308 = ADVANCED_FACE('',(#1309),#1319,.F.);
#1309 = FACE_BOUND('',#1310,.F.);
#1310 = EDGE_LOOP('',(#1311,#1317,#1318));
#1311 = ORIENTED_EDGE('',*,*,#1312,.F.);
#1312 = EDGE_CURVE('',#288,#338,#1313,.T.);
#1313 = LINE('',#1314,#1315);
#1314 = CARTESIAN_POINT('',(18.,-6.25,56.25));
#1315 = VECTOR('',#1316,1.);
#1316 = DIRECTION('',(-1.25E-15,-0.707106781187,-0.707106781187));
#1317 = ORIENTED_EDGE('',*,*,#287,.T.);
#1318 = ORIENTED_EDGE('',*,*,#337,.F.);
#1319 = PLANE('',#1320);
#1320 = AXIS2_PLACEMENT_3D('',#1321,#1322,#1323);
#1321 = CARTESIAN_POINT('',(18.,-6.,56.5));
#1322 = DIRECTION('',(-0.57735026919,0.57735026919,-0.57735026919));
#1323 = DIRECTION('',(0.707106781187,0.707106781187,2.775557561563E-17)
  );
#1324 = ADVANCED_FACE('',(#1325),#1335,.T.);
#1325 = FACE_BOUND('',#1326,.T.);
#1326 = EDGE_LOOP('',(#1327,#1333,#1334));
#1327 = ORIENTED_EDGE('',*,*,#1328,.F.);
#1328 = EDGE_CURVE('',#433,#346,#1329,.T.);
#1329 = LINE('',#1330,#1331);
#1330 = CARTESIAN_POINT('',(18.,-6.25,-46.25));
#1331 = VECTOR('',#1332,1.);
#1332 = DIRECTION('',(2.019E-14,-0.707106781187,0.707106781187));
#1333 = ORIENTED_EDGE('',*,*,#432,.T.);
#1334 = ORIENTED_EDGE('',*,*,#353,.F.);
#1335 = PLANE('',#1336);
#1336 = AXIS2_PLACEMENT_3D('',#1337,#1338,#1339);
#1337 = CARTESIAN_POINT('',(18.,-6.,-46.5));
#1338 = DIRECTION('',(0.57735026919,-0.57735026919,-0.57735026919));
#1339 = DIRECTION('',(0.707106781187,0.707106781187,-3.008704396734E-14)
  );
#1340 = ADVANCED_FACE('',(#1341,#1414,#1448,#1482,#1516,#1527,#1530),
  #1564,.T.);
#1341 = FACE_BOUND('',#1342,.T.);
#1342 = EDGE_LOOP('',(#1343,#1353,#1361,#1369,#1377,#1385,#1393,#1401,
    #1407,#1408));
#1343 = ORIENTED_EDGE('',*,*,#1344,.F.);
#1344 = EDGE_CURVE('',#1345,#1347,#1349,.T.);
#1345 = VERTEX_POINT('',#1346);
#1346 = CARTESIAN_POINT('',(-18.,-7.,-45.5));
#1347 = VERTEX_POINT('',#1348);
#1348 = CARTESIAN_POINT('',(-18.,-7.,55.5));
#1349 = LINE('',#1350,#1351);
#1350 = CARTESIAN_POINT('',(-18.,-7.,-46.5));
#1351 = VECTOR('',#1352,1.);
#1352 = DIRECTION('',(0.,2.2E-16,1.));
#1353 = ORIENTED_EDGE('',*,*,#1354,.T.);
#1354 = EDGE_CURVE('',#1345,#1355,#1357,.T.);
#1355 = VERTEX_POINT('',#1356);
#1356 = CARTESIAN_POINT('',(-5.,-7.,-45.5));
#1357 = LINE('',#1358,#1359);
#1358 = CARTESIAN_POINT('',(-19.,-7.,-45.5));
#1359 = VECTOR('',#1360,1.);
#1360 = DIRECTION('',(1.,0.,0.));
#1361 = ORIENTED_EDGE('',*,*,#1362,.F.);
#1362 = EDGE_CURVE('',#1363,#1355,#1365,.T.);
#1363 = VERTEX_POINT('',#1364);
#1364 = CARTESIAN_POINT('',(-5.,-7.,-42.5));
#1365 = LINE('',#1366,#1367);
#1366 = CARTESIAN_POINT('',(-5.,-7.,-41.5));
#1367 = VECTOR('',#1368,1.);
#1368 = DIRECTION('',(0.,0.,-1.));
#1369 = ORIENTED_EDGE('',*,*,#1370,.F.);
#1370 = EDGE_CURVE('',#1371,#1363,#1373,.T.);
#1371 = VERTEX_POINT('',#1372);
#1372 = CARTESIAN_POINT('',(-3.,-7.,-40.5));
#1373 = LINE('',#1374,#1375);
#1374 = CARTESIAN_POINT('',(9.125,-7.,-28.375));
#1375 = VECTOR('',#1376,1.);
#1376 = DIRECTION('',(-0.707106781187,-0.,-0.707106781187));
#1377 = ORIENTED_EDGE('',*,*,#1378,.F.);
#1378 = EDGE_CURVE('',#1379,#1371,#1381,.T.);
#1379 = VERTEX_POINT('',#1380);
#1380 = CARTESIAN_POINT('',(3.,-7.,-40.5));
#1381 = LINE('',#1382,#1383);
#1382 = CARTESIAN_POINT('',(4.,-7.,-40.5));
#1383 = VECTOR('',#1384,1.);
#1384 = DIRECTION('',(-1.,0.,0.));
#1385 = ORIENTED_EDGE('',*,*,#1386,.F.);
#1386 = EDGE_CURVE('',#1387,#1379,#1389,.T.);
#1387 = VERTEX_POINT('',#1388);
#1388 = CARTESIAN_POINT('',(5.,-7.,-42.5));
#1389 = LINE('',#1390,#1391);
#1390 = CARTESIAN_POINT('',(-8.125,-7.,-29.375));
#1391 = VECTOR('',#1392,1.);
#1392 = DIRECTION('',(-0.707106781187,0.,0.707106781187));
#1393 = ORIENTED_EDGE('',*,*,#1394,.F.);
#1394 = EDGE_CURVE('',#1395,#1387,#1397,.T.);
#1395 = VERTEX_POINT('',#1396);
#1396 = CARTESIAN_POINT('',(5.,-7.,-45.5));
#1397 = LINE('',#1398,#1399);
#1398 = CARTESIAN_POINT('',(5.,-7.,-46.5));
#1399 = VECTOR('',#1400,1.);
#1400 = DIRECTION('',(0.,0.,1.));
#1401 = ORIENTED_EDGE('',*,*,#1402,.T.);
#1402 = EDGE_CURVE('',#1395,#346,#1403,.T.);
#1403 = LINE('',#1404,#1405);
#1404 = CARTESIAN_POINT('',(4.,-7.,-45.5));
#1405 = VECTOR('',#1406,1.);
#1406 = DIRECTION('',(1.,0.,0.));
#1407 = ORIENTED_EDGE('',*,*,#345,.T.);
#1408 = ORIENTED_EDGE('',*,*,#1409,.F.);
#1409 = EDGE_CURVE('',#1347,#338,#1410,.T.);
#1410 = LINE('',#1411,#1412);
#1411 = CARTESIAN_POINT('',(-19.,-7.,55.5));
#1412 = VECTOR('',#1413,1.);
#1413 = DIRECTION('',(1.,0.,0.));
#1414 = FACE_BOUND('',#1415,.T.);
#1415 = EDGE_LOOP('',(#1416,#1426,#1434,#1442));
#1416 = ORIENTED_EDGE('',*,*,#1417,.F.);
#1417 = EDGE_CURVE('',#1418,#1420,#1422,.T.);
#1418 = VERTEX_POINT('',#1419);
#1419 = CARTESIAN_POINT('',(-9.65,-7.,-37.15));
#1420 = VERTEX_POINT('',#1421);
#1421 = CARTESIAN_POINT('',(-15.35,-7.,-37.15));
#1422 = LINE('',#1423,#1424);
#1423 = CARTESIAN_POINT('',(-9.65,-7.,-37.15));
#1424 = VECTOR('',#1425,1.);
#1425 = DIRECTION('',(-1.,0.,0.));
#1426 = ORIENTED_EDGE('',*,*,#1427,.F.);
#1427 = EDGE_CURVE('',#1428,#1418,#1430,.T.);
#1428 = VERTEX_POINT('',#1429);
#1429 = CARTESIAN_POINT('',(-9.65,-7.,-42.85));
#1430 = LINE('',#1431,#1432);
#1431 = CARTESIAN_POINT('',(-9.65,-7.,-42.85));
#1432 = VECTOR('',#1433,1.);
#1433 = DIRECTION('',(0.,0.,1.));
#1434 = ORIENTED_EDGE('',*,*,#1435,.F.);
#1435 = EDGE_CURVE('',#1436,#1428,#1438,.T.);
#1436 = VERTEX_POINT('',#1437);
#1437 = CARTESIAN_POINT('',(-15.35,-7.,-42.85));
#1438 = LINE('',#1439,#1440);
#1439 = CARTESIAN_POINT('',(-15.35,-7.,-42.85));
#1440 = VECTOR('',#1441,1.);
#1441 = DIRECTION('',(1.,0.,0.));
#1442 = ORIENTED_EDGE('',*,*,#1443,.F.);
#1443 = EDGE_CURVE('',#1420,#1436,#1444,.T.);
#1444 = LINE('',#1445,#1446);
#1445 = CARTESIAN_POINT('',(-15.35,-7.,-37.15));
#1446 = VECTOR('',#1447,1.);
#1447 = DIRECTION('',(0.,0.,-1.));
#1448 = FACE_BOUND('',#1449,.T.);
#1449 = EDGE_LOOP('',(#1450,#1460,#1468,#1476));
#1450 = ORIENTED_EDGE('',*,*,#1451,.F.);
#1451 = EDGE_CURVE('',#1452,#1454,#1456,.T.);
#1452 = VERTEX_POINT('',#1453);
#1453 = CARTESIAN_POINT('',(15.35,-7.,-37.15));
#1454 = VERTEX_POINT('',#1455);
#1455 = CARTESIAN_POINT('',(9.65,-7.,-37.15));
#1456 = LINE('',#1457,#1458);
#1457 = CARTESIAN_POINT('',(15.35,-7.,-37.15));
#1458 = VECTOR('',#1459,1.);
#1459 = DIRECTION('',(-1.,0.,0.));
#1460 = ORIENTED_EDGE('',*,*,#1461,.F.);
#1461 = EDGE_CURVE('',#1462,#1452,#1464,.T.);
#1462 = VERTEX_POINT('',#1463);
#1463 = CARTESIAN_POINT('',(15.35,-7.,-42.85));
#1464 = LINE('',#1465,#1466);
#1465 = CARTESIAN_POINT('',(15.35,-7.,-42.85));
#1466 = VECTOR('',#1467,1.);
#1467 = DIRECTION('',(0.,0.,1.));
#1468 = ORIENTED_EDGE('',*,*,#1469,.F.);
#1469 = EDGE_CURVE('',#1470,#1462,#1472,.T.);
#1470 = VERTEX_POINT('',#1471);
#1471 = CARTESIAN_POINT('',(9.65,-7.,-42.85));
#1472 = LINE('',#1473,#1474);
#1473 = CARTESIAN_POINT('',(9.65,-7.,-42.85));
#1474 = VECTOR('',#1475,1.);
#1475 = DIRECTION('',(1.,0.,0.));
#1476 = ORIENTED_EDGE('',*,*,#1477,.F.);
#1477 = EDGE_CURVE('',#1454,#1470,#1478,.T.);
#1478 = LINE('',#1479,#1480);
#1479 = CARTESIAN_POINT('',(9.65,-7.,-37.15));
#1480 = VECTOR('',#1481,1.);
#1481 = DIRECTION('',(0.,0.,-1.));
#1482 = FACE_BOUND('',#1483,.T.);
#1483 = EDGE_LOOP('',(#1484,#1494,#1502,#1510));
#1484 = ORIENTED_EDGE('',*,*,#1485,.F.);
#1485 = EDGE_CURVE('',#1486,#1488,#1490,.T.);
#1486 = VERTEX_POINT('',#1487);
#1487 = CARTESIAN_POINT('',(-9.65,-7.,52.85));
#1488 = VERTEX_POINT('',#1489);
#1489 = CARTESIAN_POINT('',(-15.35,-7.,52.85));
#1490 = LINE('',#1491,#1492);
#1491 = CARTESIAN_POINT('',(-9.65,-7.,52.85));
#1492 = VECTOR('',#1493,1.);
#1493 = DIRECTION('',(-1.,0.,0.));
#1494 = ORIENTED_EDGE('',*,*,#1495,.F.);
#1495 = EDGE_CURVE('',#1496,#1486,#1498,.T.);
#1496 = VERTEX_POINT('',#1497);
#1497 = CARTESIAN_POINT('',(-9.65,-7.,47.15));
#1498 = LINE('',#1499,#1500);
#1499 = CARTESIAN_POINT('',(-9.65,-7.,47.15));
#1500 = VECTOR('',#1501,1.);
#1501 = DIRECTION('',(0.,0.,1.));
#1502 = ORIENTED_EDGE('',*,*,#1503,.F.);
#1503 = EDGE_CURVE('',#1504,#1496,#1506,.T.);
#1504 = VERTEX_POINT('',#1505);
#1505 = CARTESIAN_POINT('',(-15.35,-7.,47.15));
#1506 = LINE('',#1507,#1508);
#1507 = CARTESIAN_POINT('',(-15.35,-7.,47.15));
#1508 = VECTOR('',#1509,1.);
#1509 = DIRECTION('',(1.,0.,0.));
#1510 = ORIENTED_EDGE('',*,*,#1511,.F.);
#1511 = EDGE_CURVE('',#1488,#1504,#1512,.T.);
#1512 = LINE('',#1513,#1514);
#1513 = CARTESIAN_POINT('',(-15.35,-7.,52.85));
#1514 = VECTOR('',#1515,1.);
#1515 = DIRECTION('',(0.,0.,-1.));
#1516 = FACE_BOUND('',#1517,.T.);
#1517 = EDGE_LOOP('',(#1518));
#1518 = ORIENTED_EDGE('',*,*,#1519,.F.);
#1519 = EDGE_CURVE('',#1520,#1520,#1522,.T.);
#1520 = VERTEX_POINT('',#1521);
#1521 = CARTESIAN_POINT('',(1.5,-7.,5.25));
#1522 = CIRCLE('',#1523,1.5);
#1523 = AXIS2_PLACEMENT_3D('',#1524,#1525,#1526);
#1524 = CARTESIAN_POINT('',(0.,-7.,5.25));
#1525 = DIRECTION('',(0.,-1.,0.));
#1526 = DIRECTION('',(1.,0.,0.));
#1527 = FACE_BOUND('',#1528,.T.);
#1528 = EDGE_LOOP('',(#1529));
#1529 = ORIENTED_EDGE('',*,*,#1237,.F.);
#1530 = FACE_BOUND('',#1531,.T.);
#1531 = EDGE_LOOP('',(#1532,#1542,#1550,#1558));
#1532 = ORIENTED_EDGE('',*,*,#1533,.F.);
#1533 = EDGE_CURVE('',#1534,#1536,#1538,.T.);
#1534 = VERTEX_POINT('',#1535);
#1535 = CARTESIAN_POINT('',(15.35,-7.,52.85));
#1536 = VERTEX_POINT('',#1537);
#1537 = CARTESIAN_POINT('',(9.65,-7.,52.85));
#1538 = LINE('',#1539,#1540);
#1539 = CARTESIAN_POINT('',(15.35,-7.,52.85));
#1540 = VECTOR('',#1541,1.);
#1541 = DIRECTION('',(-1.,0.,0.));
#1542 = ORIENTED_EDGE('',*,*,#1543,.F.);
#1543 = EDGE_CURVE('',#1544,#1534,#1546,.T.);
#1544 = VERTEX_POINT('',#1545);
#1545 = CARTESIAN_POINT('',(15.35,-7.,47.15));
#1546 = LINE('',#1547,#1548);
#1547 = CARTESIAN_POINT('',(15.35,-7.,47.15));
#1548 = VECTOR('',#1549,1.);
#1549 = DIRECTION('',(0.,0.,1.));
#1550 = ORIENTED_EDGE('',*,*,#1551,.F.);
#1551 = EDGE_CURVE('',#1552,#1544,#1554,.T.);
#1552 = VERTEX_POINT('',#1553);
#1553 = CARTESIAN_POINT('',(9.65,-7.,47.15));
#1554 = LINE('',#1555,#1556);
#1555 = CARTESIAN_POINT('',(9.65,-7.,47.15));
#1556 = VECTOR('',#1557,1.);
#1557 = DIRECTION('',(1.,0.,0.));
#1558 = ORIENTED_EDGE('',*,*,#1559,.F.);
#1559 = EDGE_CURVE('',#1536,#1552,#1560,.T.);
#1560 = LINE('',#1561,#1562);
#1561 = CARTESIAN_POINT('',(9.65,-7.,52.85));
#1562 = VECTOR('',#1563,1.);
#1563 = DIRECTION('',(0.,0.,-1.));
#1564 = PLANE('',#1565);
#1565 = AXIS2_PLACEMENT_3D('',#1566,#1567,#1568);
#1566 = CARTESIAN_POINT('',(0.,-7.,5.));
#1567 = DIRECTION('',(0.,-1.,0.));
#1568 = DIRECTION('',(1.,0.,0.));
#1569 = ADVANCED_FACE('',(#1570),#1588,.F.);
#1570 = FACE_BOUND('',#1571,.F.);
#1571 = EDGE_LOOP('',(#1572,#1573,#1581,#1587));
#1572 = ORIENTED_EDGE('',*,*,#480,.F.);
#1573 = ORIENTED_EDGE('',*,*,#1574,.T.);
#1574 = EDGE_CURVE('',#481,#1575,#1577,.T.);
#1575 = VERTEX_POINT('',#1576);
#1576 = CARTESIAN_POINT('',(5.,-6.,-46.5));
#1577 = LINE('',#1578,#1579);
#1578 = CARTESIAN_POINT('',(5.,7.,-46.5));
#1579 = VECTOR('',#1580,1.);
#1580 = DIRECTION('',(0.,-1.,0.));
#1581 = ORIENTED_EDGE('',*,*,#1582,.T.);
#1582 = EDGE_CURVE('',#1575,#433,#1583,.T.);
#1583 = LINE('',#1584,#1585);
#1584 = CARTESIAN_POINT('',(4.,-6.,-46.5));
#1585 = VECTOR('',#1586,1.);
#1586 = DIRECTION('',(1.,0.,0.));
#1587 = ORIENTED_EDGE('',*,*,#440,.F.);
#1588 = PLANE('',#1589);
#1589 = AXIS2_PLACEMENT_3D('',#1590,#1591,#1592);
#1590 = CARTESIAN_POINT('',(-19.,7.,-46.5));
#1591 = DIRECTION('',(0.,0.,1.));
#1592 = DIRECTION('',(1.,0.,0.));
#1593 = ADVANCED_FACE('',(#1594),#1606,.T.);
#1594 = FACE_BOUND('',#1595,.T.);
#1595 = EDGE_LOOP('',(#1596,#1597,#1598,#1599));
#1596 = ORIENTED_EDGE('',*,*,#711,.F.);
#1597 = ORIENTED_EDGE('',*,*,#669,.T.);
#1598 = ORIENTED_EDGE('',*,*,#592,.F.);
#1599 = ORIENTED_EDGE('',*,*,#1600,.F.);
#1600 = EDGE_CURVE('',#712,#585,#1601,.T.);
#1601 = CIRCLE('',#1602,7.5);
#1602 = AXIS2_PLACEMENT_3D('',#1603,#1604,#1605);
#1603 = CARTESIAN_POINT('',(12.05,7.,-26.));
#1604 = DIRECTION('',(1.,0.,-2.2E-16));
#1605 = DIRECTION('',(2.2E-16,2.2E-16,1.));
#1606 = PLANE('',#1607);
#1607 = AXIS2_PLACEMENT_3D('',#1608,#1609,#1610);
#1608 = CARTESIAN_POINT('',(12.05,7.,-43.));
#1609 = DIRECTION('',(-1.,0.,0.));
#1610 = DIRECTION('',(0.,0.,1.));
#1611 = ADVANCED_FACE('',(#1612),#1630,.T.);
#1612 = FACE_BOUND('',#1613,.T.);
#1613 = EDGE_LOOP('',(#1614,#1615,#1616,#1624));
#1614 = ORIENTED_EDGE('',*,*,#488,.F.);
#1615 = ORIENTED_EDGE('',*,*,#1574,.T.);
#1616 = ORIENTED_EDGE('',*,*,#1617,.F.);
#1617 = EDGE_CURVE('',#1618,#1575,#1620,.T.);
#1618 = VERTEX_POINT('',#1619);
#1619 = CARTESIAN_POINT('',(4.,-6.,-45.5));
#1620 = LINE('',#1621,#1622);
#1621 = CARTESIAN_POINT('',(4.25,-6.,-45.75));
#1622 = VECTOR('',#1623,1.);
#1623 = DIRECTION('',(0.707106781187,-5.8E-16,-0.707106781187));
#1624 = ORIENTED_EDGE('',*,*,#1625,.F.);
#1625 = EDGE_CURVE('',#489,#1618,#1626,.T.);
#1626 = LINE('',#1627,#1628);
#1627 = CARTESIAN_POINT('',(4.,7.,-45.5));
#1628 = VECTOR('',#1629,1.);
#1629 = DIRECTION('',(0.,-1.,0.));
#1630 = PLANE('',#1631);
#1631 = AXIS2_PLACEMENT_3D('',#1632,#1633,#1634);
#1632 = CARTESIAN_POINT('',(4.5,7.,-46.));
#1633 = DIRECTION('',(-0.707106781187,-0.,-0.707106781187));
#1634 = DIRECTION('',(0.,-1.,0.));
#1635 = ADVANCED_FACE('',(#1636),#1648,.F.);
#1636 = FACE_BOUND('',#1637,.F.);
#1637 = EDGE_LOOP('',(#1638,#1639,#1640,#1647));
#1638 = ORIENTED_EDGE('',*,*,#1600,.F.);
#1639 = ORIENTED_EDGE('',*,*,#719,.T.);
#1640 = ORIENTED_EDGE('',*,*,#1641,.T.);
#1641 = EDGE_CURVE('',#720,#577,#1642,.T.);
#1642 = CIRCLE('',#1643,7.5);
#1643 = AXIS2_PLACEMENT_3D('',#1644,#1645,#1646);
#1644 = CARTESIAN_POINT('',(-12.05,7.,-26.));
#1645 = DIRECTION('',(1.,0.,-2.2E-16));
#1646 = DIRECTION('',(2.2E-16,2.2E-16,1.));
#1647 = ORIENTED_EDGE('',*,*,#584,.T.);
#1648 = CYLINDRICAL_SURFACE('',#1649,7.5);
#1649 = AXIS2_PLACEMENT_3D('',#1650,#1651,#1652);
#1650 = CARTESIAN_POINT('',(19.,7.,-26.));
#1651 = DIRECTION('',(1.,0.,-2.2E-16));
#1652 = DIRECTION('',(2.2E-16,2.2E-16,1.));
#1653 = ADVANCED_FACE('',(#1654),#1672,.F.);
#1654 = FACE_BOUND('',#1655,.F.);
#1655 = EDGE_LOOP('',(#1656,#1657,#1665,#1671));
#1656 = ORIENTED_EDGE('',*,*,#496,.F.);
#1657 = ORIENTED_EDGE('',*,*,#1658,.T.);
#1658 = EDGE_CURVE('',#497,#1659,#1661,.T.);
#1659 = VERTEX_POINT('',#1660);
#1660 = CARTESIAN_POINT('',(4.,-6.,-42.5));
#1661 = LINE('',#1662,#1663);
#1662 = CARTESIAN_POINT('',(4.,7.,-42.5));
#1663 = VECTOR('',#1664,1.);
#1664 = DIRECTION('',(0.,-1.,0.));
#1665 = ORIENTED_EDGE('',*,*,#1666,.F.);
#1666 = EDGE_CURVE('',#1618,#1659,#1667,.T.);
#1667 = LINE('',#1668,#1669);
#1668 = CARTESIAN_POINT('',(4.,-6.,-46.5));
#1669 = VECTOR('',#1670,1.);
#1670 = DIRECTION('',(0.,0.,1.));
#1671 = ORIENTED_EDGE('',*,*,#1625,.F.);
#1672 = PLANE('',#1673);
#1673 = AXIS2_PLACEMENT_3D('',#1674,#1675,#1676);
#1674 = CARTESIAN_POINT('',(4.,7.,-41.5));
#1675 = DIRECTION('',(1.,0.,0.));
#1676 = DIRECTION('',(0.,0.,-1.));
#1677 = ADVANCED_FACE('',(#1678),#1690,.F.);
#1678 = FACE_BOUND('',#1679,.F.);
#1679 = EDGE_LOOP('',(#1680,#1681,#1688,#1689));
#1680 = ORIENTED_EDGE('',*,*,#727,.F.);
#1681 = ORIENTED_EDGE('',*,*,#1682,.T.);
#1682 = EDGE_CURVE('',#728,#569,#1683,.T.);
#1683 = CIRCLE('',#1684,4.5);
#1684 = AXIS2_PLACEMENT_3D('',#1685,#1686,#1687);
#1685 = CARTESIAN_POINT('',(-12.05,7.,-26.));
#1686 = DIRECTION('',(1.,0.,-2.2E-16));
#1687 = DIRECTION('',(2.2E-16,2.2E-16,1.));
#1688 = ORIENTED_EDGE('',*,*,#576,.F.);
#1689 = ORIENTED_EDGE('',*,*,#1641,.F.);
#1690 = PLANE('',#1691);
#1691 = AXIS2_PLACEMENT_3D('',#1692,#1693,#1694);
#1692 = CARTESIAN_POINT('',(-12.05,7.,-43.));
#1693 = DIRECTION('',(-1.,0.,0.));
#1694 = DIRECTION('',(0.,0.,1.));
#1695 = ADVANCED_FACE('',(#1696),#1714,.F.);
#1696 = FACE_BOUND('',#1697,.T.);
#1697 = EDGE_LOOP('',(#1698,#1699,#1700,#1708));
#1698 = ORIENTED_EDGE('',*,*,#504,.F.);
#1699 = ORIENTED_EDGE('',*,*,#1658,.T.);
#1700 = ORIENTED_EDGE('',*,*,#1701,.T.);
#1701 = EDGE_CURVE('',#1659,#1702,#1704,.T.);
#1702 = VERTEX_POINT('',#1703);
#1703 = CARTESIAN_POINT('',(3.,-6.,-41.5));
#1704 = LINE('',#1705,#1706);
#1705 = CARTESIAN_POINT('',(4.,-6.,-42.5));
#1706 = VECTOR('',#1707,1.);
#1707 = DIRECTION('',(-0.707106781187,6.7E-16,0.707106781187));
#1708 = ORIENTED_EDGE('',*,*,#1709,.F.);
#1709 = EDGE_CURVE('',#505,#1702,#1710,.T.);
#1710 = LINE('',#1711,#1712);
#1711 = CARTESIAN_POINT('',(3.,7.,-41.5));
#1712 = VECTOR('',#1713,1.);
#1713 = DIRECTION('',(0.,-1.,0.));
#1714 = PLANE('',#1715);
#1715 = AXIS2_PLACEMENT_3D('',#1716,#1717,#1718);
#1716 = CARTESIAN_POINT('',(3.5,7.,-42.));
#1717 = DIRECTION('',(0.707106781187,0.,0.707106781187));
#1718 = DIRECTION('',(-0.,1.,-0.));
#1719 = ADVANCED_FACE('',(#1720),#1726,.F.);
#1720 = FACE_BOUND('',#1721,.F.);
#1721 = EDGE_LOOP('',(#1722,#1723,#1724,#1725));
#1722 = ORIENTED_EDGE('',*,*,#1682,.F.);
#1723 = ORIENTED_EDGE('',*,*,#735,.T.);
#1724 = ORIENTED_EDGE('',*,*,#1115,.T.);
#1725 = ORIENTED_EDGE('',*,*,#568,.T.);
#1726 = CYLINDRICAL_SURFACE('',#1727,4.5);
#1727 = AXIS2_PLACEMENT_3D('',#1728,#1729,#1730);
#1728 = CARTESIAN_POINT('',(19.,7.,-26.));
#1729 = DIRECTION('',(1.,0.,-2.2E-16));
#1730 = DIRECTION('',(2.2E-16,2.2E-16,1.));
#1731 = ADVANCED_FACE('',(#1732),#1750,.F.);
#1732 = FACE_BOUND('',#1733,.F.);
#1733 = EDGE_LOOP('',(#1734,#1735,#1743,#1749));
#1734 = ORIENTED_EDGE('',*,*,#512,.F.);
#1735 = ORIENTED_EDGE('',*,*,#1736,.T.);
#1736 = EDGE_CURVE('',#513,#1737,#1739,.T.);
#1737 = VERTEX_POINT('',#1738);
#1738 = CARTESIAN_POINT('',(-3.,-6.,-41.5));
#1739 = LINE('',#1740,#1741);
#1740 = CARTESIAN_POINT('',(-3.,7.,-41.5));
#1741 = VECTOR('',#1742,1.);
#1742 = DIRECTION('',(0.,-1.,0.));
#1743 = ORIENTED_EDGE('',*,*,#1744,.F.);
#1744 = EDGE_CURVE('',#1702,#1737,#1745,.T.);
#1745 = LINE('',#1746,#1747);
#1746 = CARTESIAN_POINT('',(4.,-6.,-41.5));
#1747 = VECTOR('',#1748,1.);
#1748 = DIRECTION('',(-1.,0.,0.));
#1749 = ORIENTED_EDGE('',*,*,#1709,.F.);
#1750 = PLANE('',#1751);
#1751 = AXIS2_PLACEMENT_3D('',#1752,#1753,#1754);
#1752 = CARTESIAN_POINT('',(-4.,7.,-41.5));
#1753 = DIRECTION('',(0.,0.,1.));
#1754 = DIRECTION('',(1.,0.,0.));
#1755 = ADVANCED_FACE('',(#1756),#1774,.F.);
#1756 = FACE_BOUND('',#1757,.T.);
#1757 = EDGE_LOOP('',(#1758,#1759,#1760,#1768));
#1758 = ORIENTED_EDGE('',*,*,#520,.F.);
#1759 = ORIENTED_EDGE('',*,*,#1736,.T.);
#1760 = ORIENTED_EDGE('',*,*,#1761,.T.);
#1761 = EDGE_CURVE('',#1737,#1762,#1764,.T.);
#1762 = VERTEX_POINT('',#1763);
#1763 = CARTESIAN_POINT('',(-4.,-6.,-42.5));
#1764 = LINE('',#1765,#1766);
#1765 = CARTESIAN_POINT('',(-3.,-6.,-41.5));
#1766 = VECTOR('',#1767,1.);
#1767 = DIRECTION('',(-0.707106781187,-4.8E-16,-0.707106781187));
#1768 = ORIENTED_EDGE('',*,*,#1769,.F.);
#1769 = EDGE_CURVE('',#521,#1762,#1770,.T.);
#1770 = LINE('',#1771,#1772);
#1771 = CARTESIAN_POINT('',(-4.,7.,-42.5));
#1772 = VECTOR('',#1773,1.);
#1773 = DIRECTION('',(0.,-1.,0.));
#1774 = PLANE('',#1775);
#1775 = AXIS2_PLACEMENT_3D('',#1776,#1777,#1778);
#1776 = CARTESIAN_POINT('',(-3.5,7.,-42.));
#1777 = DIRECTION('',(-0.707106781187,0.,0.707106781187));
#1778 = DIRECTION('',(-0.,1.,-0.));
#1779 = ADVANCED_FACE('',(#1780),#1798,.F.);
#1780 = FACE_BOUND('',#1781,.F.);
#1781 = EDGE_LOOP('',(#1782,#1783,#1784,#1792));
#1782 = ORIENTED_EDGE('',*,*,#552,.F.);
#1783 = ORIENTED_EDGE('',*,*,#1050,.T.);
#1784 = ORIENTED_EDGE('',*,*,#1785,.F.);
#1785 = EDGE_CURVE('',#1786,#1051,#1788,.T.);
#1786 = VERTEX_POINT('',#1787);
#1787 = CARTESIAN_POINT('',(-18.,-6.,-46.5));
#1788 = LINE('',#1789,#1790);
#1789 = CARTESIAN_POINT('',(-18.25,-6.,-46.25));
#1790 = VECTOR('',#1791,1.);
#1791 = DIRECTION('',(-0.707106781187,-1.83E-15,0.707106781187));
#1792 = ORIENTED_EDGE('',*,*,#1793,.F.);
#1793 = EDGE_CURVE('',#545,#1786,#1794,.T.);
#1794 = LINE('',#1795,#1796);
#1795 = CARTESIAN_POINT('',(-18.,7.,-46.5));
#1796 = VECTOR('',#1797,1.);
#1797 = DIRECTION('',(0.,-1.,0.));
#1798 = PLANE('',#1799);
#1799 = AXIS2_PLACEMENT_3D('',#1800,#1801,#1802);
#1800 = CARTESIAN_POINT('',(-18.5,7.,-46.));
#1801 = DIRECTION('',(0.707106781187,0.,0.707106781187));
#1802 = DIRECTION('',(0.,-1.,0.));
#1803 = ADVANCED_FACE('',(#1804),#1822,.F.);
#1804 = FACE_BOUND('',#1805,.F.);
#1805 = EDGE_LOOP('',(#1806,#1807,#1815,#1821));
#1806 = ORIENTED_EDGE('',*,*,#528,.F.);
#1807 = ORIENTED_EDGE('',*,*,#1808,.T.);
#1808 = EDGE_CURVE('',#529,#1809,#1811,.T.);
#1809 = VERTEX_POINT('',#1810);
#1810 = CARTESIAN_POINT('',(-4.,-6.,-45.5));
#1811 = LINE('',#1812,#1813);
#1812 = CARTESIAN_POINT('',(-4.,7.,-45.5));
#1813 = VECTOR('',#1814,1.);
#1814 = DIRECTION('',(0.,-1.,0.));
#1815 = ORIENTED_EDGE('',*,*,#1816,.F.);
#1816 = EDGE_CURVE('',#1762,#1809,#1817,.T.);
#1817 = LINE('',#1818,#1819);
#1818 = CARTESIAN_POINT('',(-4.,-6.,-41.5));
#1819 = VECTOR('',#1820,1.);
#1820 = DIRECTION('',(0.,0.,-1.));
#1821 = ORIENTED_EDGE('',*,*,#1769,.F.);
#1822 = PLANE('',#1823);
#1823 = AXIS2_PLACEMENT_3D('',#1824,#1825,#1826);
#1824 = CARTESIAN_POINT('',(-4.,7.,-46.5));
#1825 = DIRECTION('',(-1.,0.,0.));
#1826 = DIRECTION('',(0.,0.,1.));
#1827 = ADVANCED_FACE('',(#1828),#1846,.F.);
#1828 = FACE_BOUND('',#1829,.F.);
#1829 = EDGE_LOOP('',(#1830,#1831,#1832,#1840));
#1830 = ORIENTED_EDGE('',*,*,#544,.F.);
#1831 = ORIENTED_EDGE('',*,*,#1793,.T.);
#1832 = ORIENTED_EDGE('',*,*,#1833,.T.);
#1833 = EDGE_CURVE('',#1786,#1834,#1836,.T.);
#1834 = VERTEX_POINT('',#1835);
#1835 = CARTESIAN_POINT('',(-5.,-6.,-46.5));
#1836 = LINE('',#1837,#1838);
#1837 = CARTESIAN_POINT('',(-19.,-6.,-46.5));
#1838 = VECTOR('',#1839,1.);
#1839 = DIRECTION('',(1.,0.,0.));
#1840 = ORIENTED_EDGE('',*,*,#1841,.F.);
#1841 = EDGE_CURVE('',#537,#1834,#1842,.T.);
#1842 = LINE('',#1843,#1844);
#1843 = CARTESIAN_POINT('',(-5.,7.,-46.5));
#1844 = VECTOR('',#1845,1.);
#1845 = DIRECTION('',(0.,-1.,0.));
#1846 = PLANE('',#1847);
#1847 = AXIS2_PLACEMENT_3D('',#1848,#1849,#1850);
#1848 = CARTESIAN_POINT('',(-19.,7.,-46.5));
#1849 = DIRECTION('',(0.,0.,1.));
#1850 = DIRECTION('',(1.,0.,0.));
#1851 = ADVANCED_FACE('',(#1852),#1863,.T.);
#1852 = FACE_BOUND('',#1853,.T.);
#1853 = EDGE_LOOP('',(#1854,#1855,#1856,#1862));
#1854 = ORIENTED_EDGE('',*,*,#536,.F.);
#1855 = ORIENTED_EDGE('',*,*,#1808,.T.);
#1856 = ORIENTED_EDGE('',*,*,#1857,.T.);
#1857 = EDGE_CURVE('',#1809,#1834,#1858,.T.);
#1858 = LINE('',#1859,#1860);
#1859 = CARTESIAN_POINT('',(-4.25,-6.,-45.75));
#1860 = VECTOR('',#1861,1.);
#1861 = DIRECTION('',(-0.707106781187,0.,-0.707106781187));
#1862 = ORIENTED_EDGE('',*,*,#1841,.F.);
#1863 = PLANE('',#1864);
#1864 = AXIS2_PLACEMENT_3D('',#1865,#1866,#1867);
#1865 = CARTESIAN_POINT('',(-4.5,7.,-46.));
#1866 = DIRECTION('',(0.707106781187,0.,-0.707106781187));
#1867 = DIRECTION('',(0.,-1.,0.));
#1868 = ADVANCED_FACE('',(#1869),#1888,.F.);
#1869 = FACE_BOUND('',#1870,.F.);
#1870 = EDGE_LOOP('',(#1871,#1879,#1880,#1881));
#1871 = ORIENTED_EDGE('',*,*,#1872,.F.);
#1872 = EDGE_CURVE('',#609,#1873,#1875,.T.);
#1873 = VERTEX_POINT('',#1874);
#1874 = CARTESIAN_POINT('',(14.,-2.,-40.));
#1875 = LINE('',#1876,#1877);
#1876 = CARTESIAN_POINT('',(14.,7.,-40.));
#1877 = VECTOR('',#1878,1.);
#1878 = DIRECTION('',(0.,-1.,0.));
#1879 = ORIENTED_EDGE('',*,*,#608,.F.);
#1880 = ORIENTED_EDGE('',*,*,#1872,.T.);
#1881 = ORIENTED_EDGE('',*,*,#1882,.T.);
#1882 = EDGE_CURVE('',#1873,#1873,#1883,.T.);
#1883 = CIRCLE('',#1884,1.5);
#1884 = AXIS2_PLACEMENT_3D('',#1885,#1886,#1887);
#1885 = CARTESIAN_POINT('',(12.5,-2.,-40.));
#1886 = DIRECTION('',(-0.,1.,0.));
#1887 = DIRECTION('',(1.,0.,0.));
#1888 = CYLINDRICAL_SURFACE('',#1889,1.5);
#1889 = AXIS2_PLACEMENT_3D('',#1890,#1891,#1892);
#1890 = CARTESIAN_POINT('',(12.5,7.,-40.));
#1891 = DIRECTION('',(0.,1.,0.));
#1892 = DIRECTION('',(1.,0.,0.));
#1893 = ADVANCED_FACE('',(#1894),#1913,.F.);
#1894 = FACE_BOUND('',#1895,.F.);
#1895 = EDGE_LOOP('',(#1896,#1904,#1905,#1906));
#1896 = ORIENTED_EDGE('',*,*,#1897,.F.);
#1897 = EDGE_CURVE('',#620,#1898,#1900,.T.);
#1898 = VERTEX_POINT('',#1899);
#1899 = CARTESIAN_POINT('',(-11.,-2.,-40.));
#1900 = LINE('',#1901,#1902);
#1901 = CARTESIAN_POINT('',(-11.,7.,-40.));
#1902 = VECTOR('',#1903,1.);
#1903 = DIRECTION('',(0.,-1.,0.));
#1904 = ORIENTED_EDGE('',*,*,#619,.F.);
#1905 = ORIENTED_EDGE('',*,*,#1897,.T.);
#1906 = ORIENTED_EDGE('',*,*,#1907,.T.);
#1907 = EDGE_CURVE('',#1898,#1898,#1908,.T.);
#1908 = CIRCLE('',#1909,1.5);
#1909 = AXIS2_PLACEMENT_3D('',#1910,#1911,#1912);
#1910 = CARTESIAN_POINT('',(-12.5,-2.,-40.));
#1911 = DIRECTION('',(-0.,1.,0.));
#1912 = DIRECTION('',(1.,0.,0.));
#1913 = CYLINDRICAL_SURFACE('',#1914,1.5);
#1914 = AXIS2_PLACEMENT_3D('',#1915,#1916,#1917);
#1915 = CARTESIAN_POINT('',(-12.5,7.,-40.));
#1916 = DIRECTION('',(0.,1.,0.));
#1917 = DIRECTION('',(1.,0.,0.));
#1918 = ADVANCED_FACE('',(#1919),#1930,.T.);
#1919 = FACE_BOUND('',#1920,.T.);
#1920 = EDGE_LOOP('',(#1921,#1922,#1928,#1929));
#1921 = ORIENTED_EDGE('',*,*,#759,.T.);
#1922 = ORIENTED_EDGE('',*,*,#1923,.T.);
#1923 = EDGE_CURVE('',#752,#947,#1924,.T.);
#1924 = LINE('',#1925,#1926);
#1925 = CARTESIAN_POINT('',(-18.,7.,-9.999999999999));
#1926 = VECTOR('',#1927,1.);
#1927 = DIRECTION('',(0.,-1.,0.));
#1928 = ORIENTED_EDGE('',*,*,#946,.F.);
#1929 = ORIENTED_EDGE('',*,*,#890,.F.);
#1930 = PLANE('',#1931);
#1931 = AXIS2_PLACEMENT_3D('',#1932,#1933,#1934);
#1932 = CARTESIAN_POINT('',(-6.3415E-13,4.375,-9.999999999999));
#1933 = DIRECTION('',(0.,-3.4E-16,1.));
#1934 = DIRECTION('',(0.,-1.,-3.4E-16));
#1935 = ADVANCED_FACE('',(#1936),#1942,.T.);
#1936 = FACE_BOUND('',#1937,.T.);
#1937 = EDGE_LOOP('',(#1938,#1939,#1940,#1941));
#1938 = ORIENTED_EDGE('',*,*,#751,.F.);
#1939 = ORIENTED_EDGE('',*,*,#1108,.T.);
#1940 = ORIENTED_EDGE('',*,*,#954,.T.);
#1941 = ORIENTED_EDGE('',*,*,#1923,.F.);
#1942 = PLANE('',#1943);
#1943 = AXIS2_PLACEMENT_3D('',#1944,#1945,#1946);
#1944 = CARTESIAN_POINT('',(-18.5,7.,-10.49999999999));
#1945 = DIRECTION('',(-0.707106781187,-2.5E-16,0.707106781187));
#1946 = DIRECTION('',(1.767766952966E-16,-1.,-1.767766952966E-16));
#1947 = ADVANCED_FACE('',(#1948),#1966,.F.);
#1948 = FACE_BOUND('',#1949,.F.);
#1949 = EDGE_LOOP('',(#1950,#1951,#1952,#1960));
#1950 = ORIENTED_EDGE('',*,*,#781,.F.);
#1951 = ORIENTED_EDGE('',*,*,#1085,.T.);
#1952 = ORIENTED_EDGE('',*,*,#1953,.T.);
#1953 = EDGE_CURVE('',#1086,#1954,#1956,.T.);
#1954 = VERTEX_POINT('',#1955);
#1955 = CARTESIAN_POINT('',(-5.,10.25,5.999999999996));
#1956 = LINE('',#1957,#1958);
#1957 = CARTESIAN_POINT('',(-19.,10.25,5.999999999996));
#1958 = VECTOR('',#1959,1.);
#1959 = DIRECTION('',(1.,0.,0.));
#1960 = ORIENTED_EDGE('',*,*,#1961,.F.);
#1961 = EDGE_CURVE('',#784,#1954,#1962,.T.);
#1962 = LINE('',#1963,#1964);
#1963 = CARTESIAN_POINT('',(-5.,3.75,5.999999999996));
#1964 = VECTOR('',#1965,1.);
#1965 = DIRECTION('',(0.,1.,0.));
#1966 = PLANE('',#1967);
#1967 = AXIS2_PLACEMENT_3D('',#1968,#1969,#1970);
#1968 = CARTESIAN_POINT('',(-19.,3.75,5.999999999996));
#1969 = DIRECTION('',(0.,0.,-1.));
#1970 = DIRECTION('',(1.,0.,0.));
#1971 = ADVANCED_FACE('',(#1972),#1990,.T.);
#1972 = FACE_BOUND('',#1973,.F.);
#1973 = EDGE_LOOP('',(#1974,#1975,#1976,#1984));
#1974 = ORIENTED_EDGE('',*,*,#855,.F.);
#1975 = ORIENTED_EDGE('',*,*,#1961,.T.);
#1976 = ORIENTED_EDGE('',*,*,#1977,.T.);
#1977 = EDGE_CURVE('',#1954,#1978,#1980,.T.);
#1978 = VERTEX_POINT('',#1979);
#1979 = CARTESIAN_POINT('',(-4.,10.25,4.999999999996));
#1980 = LINE('',#1981,#1982);
#1981 = CARTESIAN_POINT('',(-2.5,10.25,3.499999999996));
#1982 = VECTOR('',#1983,1.);
#1983 = DIRECTION('',(0.707106781187,-1.6E-16,-0.707106781187));
#1984 = ORIENTED_EDGE('',*,*,#1985,.F.);
#1985 = EDGE_CURVE('',#848,#1978,#1986,.T.);
#1986 = LINE('',#1987,#1988);
#1987 = CARTESIAN_POINT('',(-4.,3.75,4.999999999996));
#1988 = VECTOR('',#1989,1.);
#1989 = DIRECTION('',(0.,1.,0.));
#1990 = PLANE('',#1991);
#1991 = AXIS2_PLACEMENT_3D('',#1992,#1993,#1994);
#1992 = CARTESIAN_POINT('',(-4.5,3.75,5.499999999996));
#1993 = DIRECTION('',(0.707106781187,0.,0.707106781187));
#1994 = DIRECTION('',(0.,-1.,0.));
#1995 = ADVANCED_FACE('',(#1996),#2014,.F.);
#1996 = FACE_BOUND('',#1997,.F.);
#1997 = EDGE_LOOP('',(#1998,#1999,#2000,#2008));
#1998 = ORIENTED_EDGE('',*,*,#847,.F.);
#1999 = ORIENTED_EDGE('',*,*,#1985,.T.);
#2000 = ORIENTED_EDGE('',*,*,#2001,.T.);
#2001 = EDGE_CURVE('',#1978,#2002,#2004,.T.);
#2002 = VERTEX_POINT('',#2003);
#2003 = CARTESIAN_POINT('',(-4.,10.25,-1.000000000004));
#2004 = LINE('',#2005,#2006);
#2005 = CARTESIAN_POINT('',(-4.,10.25,5.999999999996));
#2006 = VECTOR('',#2007,1.);
#2007 = DIRECTION('',(0.,0.,-1.));
#2008 = ORIENTED_EDGE('',*,*,#2009,.F.);
#2009 = EDGE_CURVE('',#840,#2002,#2010,.T.);
#2010 = LINE('',#2011,#2012);
#2011 = CARTESIAN_POINT('',(-4.,3.75,-1.000000000004));
#2012 = VECTOR('',#2013,1.);
#2013 = DIRECTION('',(0.,1.,0.));
#2014 = PLANE('',#2015);
#2015 = AXIS2_PLACEMENT_3D('',#2016,#2017,#2018);
#2016 = CARTESIAN_POINT('',(-4.,3.75,5.999999999996));
#2017 = DIRECTION('',(-1.,0.,0.));
#2018 = DIRECTION('',(0.,0.,-1.));
#2019 = ADVANCED_FACE('',(#2020),#2038,.F.);
#2020 = FACE_BOUND('',#2021,.F.);
#2021 = EDGE_LOOP('',(#2022,#2023,#2024,#2032));
#2022 = ORIENTED_EDGE('',*,*,#839,.F.);
#2023 = ORIENTED_EDGE('',*,*,#2009,.T.);
#2024 = ORIENTED_EDGE('',*,*,#2025,.T.);
#2025 = EDGE_CURVE('',#2002,#2026,#2028,.T.);
#2026 = VERTEX_POINT('',#2027);
#2027 = CARTESIAN_POINT('',(-5.,10.25,-2.000000000004));
#2028 = LINE('',#2029,#2030);
#2029 = CARTESIAN_POINT('',(-2.5,10.25,0.499999999996));
#2030 = VECTOR('',#2031,1.);
#2031 = DIRECTION('',(-0.707106781187,-1.6E-16,-0.707106781187));
#2032 = ORIENTED_EDGE('',*,*,#2033,.F.);
#2033 = EDGE_CURVE('',#832,#2026,#2034,.T.);
#2034 = LINE('',#2035,#2036);
#2035 = CARTESIAN_POINT('',(-5.,3.75,-2.000000000004));
#2036 = VECTOR('',#2037,1.);
#2037 = DIRECTION('',(0.,1.,0.));
#2038 = PLANE('',#2039);
#2039 = AXIS2_PLACEMENT_3D('',#2040,#2041,#2042);
#2040 = CARTESIAN_POINT('',(-4.5,3.75,-1.500000000004));
#2041 = DIRECTION('',(-0.707106781187,1.194E-14,0.707106781187));
#2042 = DIRECTION('',(8.442854967367E-15,1.,-8.442854967367E-15));
#2043 = ADVANCED_FACE('',(#2044),#2071,.T.);
#2044 = FACE_BOUND('',#2045,.T.);
#2045 = EDGE_LOOP('',(#2046,#2047,#2055,#2061,#2062,#2063,#2069,#2070));
#2046 = ORIENTED_EDGE('',*,*,#928,.F.);
#2047 = ORIENTED_EDGE('',*,*,#2048,.T.);
#2048 = EDGE_CURVE('',#929,#2049,#2051,.T.);
#2049 = VERTEX_POINT('',#2050);
#2050 = CARTESIAN_POINT('',(-18.,10.25,-2.000000000004));
#2051 = LINE('',#2052,#2053);
#2052 = CARTESIAN_POINT('',(-18.,1.75,-2.000000000004));
#2053 = VECTOR('',#2054,1.);
#2054 = DIRECTION('',(0.,1.,0.));
#2055 = ORIENTED_EDGE('',*,*,#2056,.F.);
#2056 = EDGE_CURVE('',#2026,#2049,#2057,.T.);
#2057 = LINE('',#2058,#2059);
#2058 = CARTESIAN_POINT('',(-4.,10.25,-2.000000000004));
#2059 = VECTOR('',#2060,1.);
#2060 = DIRECTION('',(-1.,0.,0.));
#2061 = ORIENTED_EDGE('',*,*,#2033,.F.);
#2062 = ORIENTED_EDGE('',*,*,#831,.T.);
#2063 = ORIENTED_EDGE('',*,*,#2064,.T.);
#2064 = EDGE_CURVE('',#824,#1011,#2065,.T.);
#2065 = LINE('',#2066,#2067);
#2066 = CARTESIAN_POINT('',(5.,3.75,-2.000000000004));
#2067 = VECTOR('',#2068,1.);
#2068 = DIRECTION('',(0.,1.,0.));
#2069 = ORIENTED_EDGE('',*,*,#1010,.F.);
#2070 = ORIENTED_EDGE('',*,*,#1035,.T.);
#2071 = PLANE('',#2072);
#2072 = AXIS2_PLACEMENT_3D('',#2073,#2074,#2075);
#2073 = CARTESIAN_POINT('',(-2.5258E-13,5.632075471698,-2.000000000004)
  );
#2074 = DIRECTION('',(3.87E-15,-1.688E-14,-1.));
#2075 = DIRECTION('',(0.,1.,-1.688E-14));
#2076 = ADVANCED_FACE('',(#2077),#2088,.F.);
#2077 = FACE_BOUND('',#2078,.T.);
#2078 = EDGE_LOOP('',(#2079,#2080,#2086,#2087));
#2079 = ORIENTED_EDGE('',*,*,#823,.F.);
#2080 = ORIENTED_EDGE('',*,*,#2081,.T.);
#2081 = EDGE_CURVE('',#816,#985,#2082,.T.);
#2082 = LINE('',#2083,#2084);
#2083 = CARTESIAN_POINT('',(4.,3.75,-1.000000000004));
#2084 = VECTOR('',#2085,1.);
#2085 = DIRECTION('',(0.,1.,0.));
#2086 = ORIENTED_EDGE('',*,*,#1018,.T.);
#2087 = ORIENTED_EDGE('',*,*,#2064,.F.);
#2088 = PLANE('',#2089);
#2089 = AXIS2_PLACEMENT_3D('',#2090,#2091,#2092);
#2090 = CARTESIAN_POINT('',(4.5,3.75,-1.500000000004));
#2091 = DIRECTION('',(0.707106781187,1.193E-14,0.707106781187));
#2092 = DIRECTION('',(8.435783899556E-15,-1.,8.435783899556E-15));
#2093 = ADVANCED_FACE('',(#2094),#2105,.T.);
#2094 = FACE_BOUND('',#2095,.T.);
#2095 = EDGE_LOOP('',(#2096,#2097,#2098,#2099));
#2096 = ORIENTED_EDGE('',*,*,#807,.F.);
#2097 = ORIENTED_EDGE('',*,*,#905,.T.);
#2098 = ORIENTED_EDGE('',*,*,#994,.T.);
#2099 = ORIENTED_EDGE('',*,*,#2100,.F.);
#2100 = EDGE_CURVE('',#808,#987,#2101,.T.);
#2101 = LINE('',#2102,#2103);
#2102 = CARTESIAN_POINT('',(4.,3.75,4.999999999996));
#2103 = VECTOR('',#2104,1.);
#2104 = DIRECTION('',(0.,1.,0.));
#2105 = PLANE('',#2106);
#2106 = AXIS2_PLACEMENT_3D('',#2107,#2108,#2109);
#2107 = CARTESIAN_POINT('',(4.5,3.75,5.499999999996));
#2108 = DIRECTION('',(-0.707106781187,0.,0.707106781187));
#2109 = DIRECTION('',(0.,1.,0.));
#2110 = ADVANCED_FACE('',(#2111),#2117,.F.);
#2111 = FACE_BOUND('',#2112,.F.);
#2112 = EDGE_LOOP('',(#2113,#2114,#2115,#2116));
#2113 = ORIENTED_EDGE('',*,*,#815,.F.);
#2114 = ORIENTED_EDGE('',*,*,#2081,.T.);
#2115 = ORIENTED_EDGE('',*,*,#984,.T.);
#2116 = ORIENTED_EDGE('',*,*,#2100,.F.);
#2117 = PLANE('',#2118);
#2118 = AXIS2_PLACEMENT_3D('',#2119,#2120,#2121);
#2119 = CARTESIAN_POINT('',(4.,3.75,-2.000000000004));
#2120 = DIRECTION('',(1.,0.,0.));
#2121 = DIRECTION('',(0.,0.,1.));
#2122 = ADVANCED_FACE('',(#2123),#2134,.F.);
#2123 = FACE_BOUND('',#2124,.F.);
#2124 = EDGE_LOOP('',(#2125,#2126,#2132,#2133));
#2125 = ORIENTED_EDGE('',*,*,#1519,.F.);
#2126 = ORIENTED_EDGE('',*,*,#2127,.T.);
#2127 = EDGE_CURVE('',#1520,#864,#2128,.T.);
#2128 = LINE('',#2129,#2130);
#2129 = CARTESIAN_POINT('',(1.5,-7.,5.25));
#2130 = VECTOR('',#2131,1.);
#2131 = DIRECTION('',(0.,1.,-4.4E-16));
#2132 = ORIENTED_EDGE('',*,*,#863,.T.);
#2133 = ORIENTED_EDGE('',*,*,#2127,.F.);
#2134 = CYLINDRICAL_SURFACE('',#2135,1.5);
#2135 = AXIS2_PLACEMENT_3D('',#2136,#2137,#2138);
#2136 = CARTESIAN_POINT('',(0.,-7.,5.25));
#2137 = DIRECTION('',(0.,-1.,4.4E-16));
#2138 = DIRECTION('',(1.,0.,0.));
#2139 = ADVANCED_FACE('',(#2140),#2151,.T.);
#2140 = FACE_BOUND('',#2141,.T.);
#2141 = EDGE_LOOP('',(#2142,#2143,#2144,#2150));
#2142 = ORIENTED_EDGE('',*,*,#970,.F.);
#2143 = ORIENTED_EDGE('',*,*,#1101,.T.);
#2144 = ORIENTED_EDGE('',*,*,#2145,.T.);
#2145 = EDGE_CURVE('',#1094,#2049,#2146,.T.);
#2146 = LINE('',#2147,#2148);
#2147 = CARTESIAN_POINT('',(-14.75,10.25,-5.250000000004));
#2148 = VECTOR('',#2149,1.);
#2149 = DIRECTION('',(0.707106781187,-1.6E-16,-0.707106781187));
#2150 = ORIENTED_EDGE('',*,*,#2048,.F.);
#2151 = PLANE('',#2152);
#2152 = AXIS2_PLACEMENT_3D('',#2153,#2154,#2155);
#2153 = CARTESIAN_POINT('',(-18.5,1.75,-1.500000000004));
#2154 = DIRECTION('',(-0.707106781187,-1.194E-14,-0.707106781187));
#2155 = DIRECTION('',(-8.442854967367E-15,1.,-8.442854967367E-15));
#2156 = ADVANCED_FACE('',(#2157),#2173,.T.);
#2157 = FACE_BOUND('',#2158,.T.);
#2158 = EDGE_LOOP('',(#2159,#2160,#2166,#2167));
#2159 = ORIENTED_EDGE('',*,*,#1344,.T.);
#2160 = ORIENTED_EDGE('',*,*,#2161,.T.);
#2161 = EDGE_CURVE('',#1347,#1059,#2162,.T.);
#2162 = LINE('',#2163,#2164);
#2163 = CARTESIAN_POINT('',(-18.5,-6.499999999999,55.5));
#2164 = VECTOR('',#2165,1.);
#2165 = DIRECTION('',(-0.707106781187,0.707106781187,-1.442E-14));
#2166 = ORIENTED_EDGE('',*,*,#1058,.F.);
#2167 = ORIENTED_EDGE('',*,*,#2168,.F.);
#2168 = EDGE_CURVE('',#1345,#1051,#2169,.T.);
#2169 = LINE('',#2170,#2171);
#2170 = CARTESIAN_POINT('',(-18.5,-6.5,-45.5));
#2171 = VECTOR('',#2172,1.);
#2172 = DIRECTION('',(-0.707106781187,0.707106781187,-4.42E-15));
#2173 = PLANE('',#2174);
#2174 = AXIS2_PLACEMENT_3D('',#2175,#2176,#2177);
#2175 = CARTESIAN_POINT('',(-18.5,-6.5,-46.5));
#2176 = DIRECTION('',(-0.707106781187,-0.707106781187,0.));
#2177 = DIRECTION('',(-1.1E-16,1.1E-16,1.));
#2178 = ADVANCED_FACE('',(#2179),#2188,.T.);
#2179 = FACE_BOUND('',#2180,.T.);
#2180 = EDGE_LOOP('',(#2181,#2182,#2183,#2184,#2185,#2186,#2187));
#2181 = ORIENTED_EDGE('',*,*,#1093,.T.);
#2182 = ORIENTED_EDGE('',*,*,#1953,.T.);
#2183 = ORIENTED_EDGE('',*,*,#1977,.T.);
#2184 = ORIENTED_EDGE('',*,*,#2001,.T.);
#2185 = ORIENTED_EDGE('',*,*,#2025,.T.);
#2186 = ORIENTED_EDGE('',*,*,#2056,.T.);
#2187 = ORIENTED_EDGE('',*,*,#2145,.F.);
#2188 = PLANE('',#2189);
#2189 = AXIS2_PLACEMENT_3D('',#2190,#2191,#2192);
#2190 = CARTESIAN_POINT('',(-2.5363E-13,10.25,1.999999999996));
#2191 = DIRECTION('',(0.,1.,0.));
#2192 = DIRECTION('',(0.,0.,1.));
#2193 = ADVANCED_FACE('',(#2194),#2204,.T.);
#2194 = FACE_BOUND('',#2195,.T.);
#2195 = EDGE_LOOP('',(#2196,#2202,#2203));
#2196 = ORIENTED_EDGE('',*,*,#2197,.F.);
#2197 = EDGE_CURVE('',#1132,#1347,#2198,.T.);
#2198 = LINE('',#2199,#2200);
#2199 = CARTESIAN_POINT('',(-18.,-6.25,56.25));
#2200 = VECTOR('',#2201,1.);
#2201 = DIRECTION('',(-4.33E-15,-0.707106781187,-0.707106781187));
#2202 = ORIENTED_EDGE('',*,*,#1139,.T.);
#2203 = ORIENTED_EDGE('',*,*,#2161,.F.);
#2204 = PLANE('',#2205);
#2205 = AXIS2_PLACEMENT_3D('',#2206,#2207,#2208);
#2206 = CARTESIAN_POINT('',(-18.,-6.,56.5));
#2207 = DIRECTION('',(-0.57735026919,-0.57735026919,0.57735026919));
#2208 = DIRECTION('',(-0.707106781187,0.707106781187,-4.996003610813E-15
    ));
#2209 = ADVANCED_FACE('',(#2210),#2216,.T.);
#2210 = FACE_BOUND('',#2211,.F.);
#2211 = EDGE_LOOP('',(#2212,#2213,#2214,#2215));
#2212 = ORIENTED_EDGE('',*,*,#2197,.F.);
#2213 = ORIENTED_EDGE('',*,*,#1174,.T.);
#2214 = ORIENTED_EDGE('',*,*,#1312,.T.);
#2215 = ORIENTED_EDGE('',*,*,#1409,.F.);
#2216 = PLANE('',#2217);
#2217 = AXIS2_PLACEMENT_3D('',#2218,#2219,#2220);
#2218 = CARTESIAN_POINT('',(-19.,-6.5,56.));
#2219 = DIRECTION('',(0.,-0.707106781187,0.707106781187));
#2220 = DIRECTION('',(-1.,-0.,-0.));
#2221 = ADVANCED_FACE('',(#2222,#2256),#2259,.F.);
#2222 = FACE_BOUND('',#2223,.F.);
#2223 = EDGE_LOOP('',(#2224,#2234,#2242,#2250));
#2224 = ORIENTED_EDGE('',*,*,#2225,.F.);
#2225 = EDGE_CURVE('',#2226,#2228,#2230,.T.);
#2226 = VERTEX_POINT('',#2227);
#2227 = CARTESIAN_POINT('',(15.35,-2.,52.85));
#2228 = VERTEX_POINT('',#2229);
#2229 = CARTESIAN_POINT('',(9.65,-2.,52.85));
#2230 = LINE('',#2231,#2232);
#2231 = CARTESIAN_POINT('',(15.35,-2.,52.85));
#2232 = VECTOR('',#2233,1.);
#2233 = DIRECTION('',(-1.,0.,0.));
#2234 = ORIENTED_EDGE('',*,*,#2235,.F.);
#2235 = EDGE_CURVE('',#2236,#2226,#2238,.T.);
#2236 = VERTEX_POINT('',#2237);
#2237 = CARTESIAN_POINT('',(15.35,-2.,47.15));
#2238 = LINE('',#2239,#2240);
#2239 = CARTESIAN_POINT('',(15.35,-2.,47.15));
#2240 = VECTOR('',#2241,1.);
#2241 = DIRECTION('',(0.,0.,1.));
#2242 = ORIENTED_EDGE('',*,*,#2243,.F.);
#2243 = EDGE_CURVE('',#2244,#2236,#2246,.T.);
#2244 = VERTEX_POINT('',#2245);
#2245 = CARTESIAN_POINT('',(9.65,-2.,47.15));
#2246 = LINE('',#2247,#2248);
#2247 = CARTESIAN_POINT('',(9.65,-2.,47.15));
#2248 = VECTOR('',#2249,1.);
#2249 = DIRECTION('',(1.,0.,0.));
#2250 = ORIENTED_EDGE('',*,*,#2251,.F.);
#2251 = EDGE_CURVE('',#2228,#2244,#2252,.T.);
#2252 = LINE('',#2253,#2254);
#2253 = CARTESIAN_POINT('',(9.65,-2.,52.85));
#2254 = VECTOR('',#2255,1.);
#2255 = DIRECTION('',(0.,0.,-1.));
#2256 = FACE_BOUND('',#2257,.F.);
#2257 = EDGE_LOOP('',(#2258));
#2258 = ORIENTED_EDGE('',*,*,#1272,.F.);
#2259 = PLANE('',#2260);
#2260 = AXIS2_PLACEMENT_3D('',#2261,#2262,#2263);
#2261 = CARTESIAN_POINT('',(3.1E-16,-2.,5.));
#2262 = DIRECTION('',(0.,1.,-2.2E-16));
#2263 = DIRECTION('',(0.,2.2E-16,1.));
#2264 = ADVANCED_FACE('',(#2265,#2299),#2302,.F.);
#2265 = FACE_BOUND('',#2266,.F.);
#2266 = EDGE_LOOP('',(#2267,#2277,#2285,#2293));
#2267 = ORIENTED_EDGE('',*,*,#2268,.F.);
#2268 = EDGE_CURVE('',#2269,#2271,#2273,.T.);
#2269 = VERTEX_POINT('',#2270);
#2270 = CARTESIAN_POINT('',(-9.65,-2.,52.85));
#2271 = VERTEX_POINT('',#2272);
#2272 = CARTESIAN_POINT('',(-15.35,-2.,52.85));
#2273 = LINE('',#2274,#2275);
#2274 = CARTESIAN_POINT('',(-9.65,-2.,52.85));
#2275 = VECTOR('',#2276,1.);
#2276 = DIRECTION('',(-1.,0.,0.));
#2277 = ORIENTED_EDGE('',*,*,#2278,.F.);
#2278 = EDGE_CURVE('',#2279,#2269,#2281,.T.);
#2279 = VERTEX_POINT('',#2280);
#2280 = CARTESIAN_POINT('',(-9.65,-2.,47.15));
#2281 = LINE('',#2282,#2283);
#2282 = CARTESIAN_POINT('',(-9.65,-2.,47.15));
#2283 = VECTOR('',#2284,1.);
#2284 = DIRECTION('',(0.,0.,1.));
#2285 = ORIENTED_EDGE('',*,*,#2286,.F.);
#2286 = EDGE_CURVE('',#2287,#2279,#2289,.T.);
#2287 = VERTEX_POINT('',#2288);
#2288 = CARTESIAN_POINT('',(-15.35,-2.,47.15));
#2289 = LINE('',#2290,#2291);
#2290 = CARTESIAN_POINT('',(-15.35,-2.,47.15));
#2291 = VECTOR('',#2292,1.);
#2292 = DIRECTION('',(1.,0.,0.));
#2293 = ORIENTED_EDGE('',*,*,#2294,.F.);
#2294 = EDGE_CURVE('',#2271,#2287,#2295,.T.);
#2295 = LINE('',#2296,#2297);
#2296 = CARTESIAN_POINT('',(-15.35,-2.,52.85));
#2297 = VECTOR('',#2298,1.);
#2298 = DIRECTION('',(0.,0.,-1.));
#2299 = FACE_BOUND('',#2300,.F.);
#2300 = EDGE_LOOP('',(#2301));
#2301 = ORIENTED_EDGE('',*,*,#1297,.F.);
#2302 = PLANE('',#2303);
#2303 = AXIS2_PLACEMENT_3D('',#2304,#2305,#2306);
#2304 = CARTESIAN_POINT('',(3.1E-16,-2.,5.));
#2305 = DIRECTION('',(0.,1.,-2.2E-16));
#2306 = DIRECTION('',(0.,2.2E-16,1.));
#2307 = ADVANCED_FACE('',(#2308),#2319,.F.);
#2308 = FACE_BOUND('',#2309,.F.);
#2309 = EDGE_LOOP('',(#2310,#2311,#2312,#2313));
#2310 = ORIENTED_EDGE('',*,*,#1402,.T.);
#2311 = ORIENTED_EDGE('',*,*,#1328,.F.);
#2312 = ORIENTED_EDGE('',*,*,#1582,.F.);
#2313 = ORIENTED_EDGE('',*,*,#2314,.F.);
#2314 = EDGE_CURVE('',#1395,#1575,#2315,.T.);
#2315 = LINE('',#2316,#2317);
#2316 = CARTESIAN_POINT('',(5.,-6.5,-46.));
#2317 = VECTOR('',#2318,1.);
#2318 = DIRECTION('',(-0.,0.707106781187,-0.707106781187));
#2319 = PLANE('',#2320);
#2320 = AXIS2_PLACEMENT_3D('',#2321,#2322,#2323);
#2321 = CARTESIAN_POINT('',(4.,-6.5,-46.));
#2322 = DIRECTION('',(0.,0.707106781187,0.707106781187));
#2323 = DIRECTION('',(1.,0.,-0.));
#2324 = ADVANCED_FACE('',(#2325),#2341,.F.);
#2325 = FACE_BOUND('',#2326,.F.);
#2326 = EDGE_LOOP('',(#2327,#2333,#2334,#2340));
#2327 = ORIENTED_EDGE('',*,*,#2328,.T.);
#2328 = EDGE_CURVE('',#1786,#1345,#2329,.T.);
#2329 = LINE('',#2330,#2331);
#2330 = CARTESIAN_POINT('',(-18.,-6.25,-46.25));
#2331 = VECTOR('',#2332,1.);
#2332 = DIRECTION('',(2.6E-15,-0.707106781187,0.707106781187));
#2333 = ORIENTED_EDGE('',*,*,#1354,.T.);
#2334 = ORIENTED_EDGE('',*,*,#2335,.T.);
#2335 = EDGE_CURVE('',#1355,#1834,#2336,.T.);
#2336 = LINE('',#2337,#2338);
#2337 = CARTESIAN_POINT('',(-5.,-6.5,-46.));
#2338 = VECTOR('',#2339,1.);
#2339 = DIRECTION('',(-6.7E-16,0.707106781187,-0.707106781187));
#2340 = ORIENTED_EDGE('',*,*,#1833,.F.);
#2341 = PLANE('',#2342);
#2342 = AXIS2_PLACEMENT_3D('',#2343,#2344,#2345);
#2343 = CARTESIAN_POINT('',(-19.,-6.5,-46.));
#2344 = DIRECTION('',(0.,0.707106781187,0.707106781187));
#2345 = DIRECTION('',(1.,0.,-0.));
#2346 = ADVANCED_FACE('',(#2347),#2363,.F.);
#2347 = FACE_BOUND('',#2348,.T.);
#2348 = EDGE_LOOP('',(#2349,#2355,#2356,#2362));
#2349 = ORIENTED_EDGE('',*,*,#2350,.F.);
#2350 = EDGE_CURVE('',#1363,#1762,#2351,.T.);
#2351 = LINE('',#2352,#2353);
#2352 = CARTESIAN_POINT('',(-4.25,-6.25,-42.5));
#2353 = VECTOR('',#2354,1.);
#2354 = DIRECTION('',(0.707106781187,0.707106781187,1.73E-15));
#2355 = ORIENTED_EDGE('',*,*,#1362,.T.);
#2356 = ORIENTED_EDGE('',*,*,#2357,.F.);
#2357 = EDGE_CURVE('',#1809,#1355,#2358,.T.);
#2358 = LINE('',#2359,#2360);
#2359 = CARTESIAN_POINT('',(-4.25,-6.25,-45.5));
#2360 = VECTOR('',#2361,1.);
#2361 = DIRECTION('',(-0.707106781187,-0.707106781187,-6.7E-16));
#2362 = ORIENTED_EDGE('',*,*,#1816,.F.);
#2363 = PLANE('',#2364);
#2364 = AXIS2_PLACEMENT_3D('',#2365,#2366,#2367);
#2365 = CARTESIAN_POINT('',(-4.5,-6.5,-41.5));
#2366 = DIRECTION('',(-0.707106781187,0.707106781187,0.));
#2367 = DIRECTION('',(-0.,-0.,1.));
#2368 = ADVANCED_FACE('',(#2369),#2380,.T.);
#2369 = FACE_BOUND('',#2370,.T.);
#2370 = EDGE_LOOP('',(#2371,#2377,#2378,#2379));
#2371 = ORIENTED_EDGE('',*,*,#2372,.F.);
#2372 = EDGE_CURVE('',#1371,#1737,#2373,.T.);
#2373 = LINE('',#2374,#2375);
#2374 = CARTESIAN_POINT('',(-3.,-6.75,-40.75));
#2375 = VECTOR('',#2376,1.);
#2376 = DIRECTION('',(-1.25E-15,0.707106781187,-0.707106781187));
#2377 = ORIENTED_EDGE('',*,*,#1370,.T.);
#2378 = ORIENTED_EDGE('',*,*,#2350,.T.);
#2379 = ORIENTED_EDGE('',*,*,#1761,.F.);
#2380 = PLANE('',#2381);
#2381 = AXIS2_PLACEMENT_3D('',#2382,#2383,#2384);
#2382 = CARTESIAN_POINT('',(-3.,-7.,-40.5));
#2383 = DIRECTION('',(0.57735026919,-0.57735026919,-0.57735026919));
#2384 = DIRECTION('',(-0.707106781187,-1.221245327088E-15,
    -0.707106781187));
#2385 = ADVANCED_FACE('',(#2386),#2397,.F.);
#2386 = FACE_BOUND('',#2387,.T.);
#2387 = EDGE_LOOP('',(#2388,#2394,#2395,#2396));
#2388 = ORIENTED_EDGE('',*,*,#2389,.F.);
#2389 = EDGE_CURVE('',#1379,#1702,#2390,.T.);
#2390 = LINE('',#2391,#2392);
#2391 = CARTESIAN_POINT('',(3.,-6.25,-41.25));
#2392 = VECTOR('',#2393,1.);
#2393 = DIRECTION('',(-1.25E-15,0.707106781187,-0.707106781187));
#2394 = ORIENTED_EDGE('',*,*,#1378,.T.);
#2395 = ORIENTED_EDGE('',*,*,#2372,.T.);
#2396 = ORIENTED_EDGE('',*,*,#1744,.F.);
#2397 = PLANE('',#2398);
#2398 = AXIS2_PLACEMENT_3D('',#2399,#2400,#2401);
#2399 = CARTESIAN_POINT('',(4.,-6.5,-41.));
#2400 = DIRECTION('',(0.,0.707106781187,0.707106781187));
#2401 = DIRECTION('',(1.,-0.,-0.));
#2402 = ADVANCED_FACE('',(#2403),#2419,.F.);
#2403 = FACE_BOUND('',#2404,.T.);
#2404 = EDGE_LOOP('',(#2405,#2411,#2412,#2418));
#2405 = ORIENTED_EDGE('',*,*,#2406,.T.);
#2406 = EDGE_CURVE('',#1618,#1395,#2407,.T.);
#2407 = LINE('',#2408,#2409);
#2408 = CARTESIAN_POINT('',(4.25,-6.25,-45.5));
#2409 = VECTOR('',#2410,1.);
#2410 = DIRECTION('',(0.707106781187,-0.707106781187,-5.8E-16));
#2411 = ORIENTED_EDGE('',*,*,#1394,.T.);
#2412 = ORIENTED_EDGE('',*,*,#2413,.T.);
#2413 = EDGE_CURVE('',#1387,#1659,#2414,.T.);
#2414 = LINE('',#2415,#2416);
#2415 = CARTESIAN_POINT('',(4.75,-6.75,-42.5));
#2416 = VECTOR('',#2417,1.);
#2417 = DIRECTION('',(-0.707106781187,0.707106781187,-5.8E-16));
#2418 = ORIENTED_EDGE('',*,*,#1666,.F.);
#2419 = PLANE('',#2420);
#2420 = AXIS2_PLACEMENT_3D('',#2421,#2422,#2423);
#2421 = CARTESIAN_POINT('',(4.5,-6.5,-46.5));
#2422 = DIRECTION('',(0.707106781187,0.707106781187,0.));
#2423 = DIRECTION('',(-0.,0.,-1.));
#2424 = ADVANCED_FACE('',(#2425),#2431,.T.);
#2425 = FACE_BOUND('',#2426,.T.);
#2426 = EDGE_LOOP('',(#2427,#2428,#2429,#2430));
#2427 = ORIENTED_EDGE('',*,*,#2413,.F.);
#2428 = ORIENTED_EDGE('',*,*,#1386,.T.);
#2429 = ORIENTED_EDGE('',*,*,#2389,.T.);
#2430 = ORIENTED_EDGE('',*,*,#1701,.F.);
#2431 = PLANE('',#2432);
#2432 = AXIS2_PLACEMENT_3D('',#2433,#2434,#2435);
#2433 = CARTESIAN_POINT('',(5.,-7.,-42.5));
#2434 = DIRECTION('',(-0.57735026919,-0.57735026919,-0.57735026919));
#2435 = DIRECTION('',(-0.707106781187,1.276756478319E-15,0.707106781187)
  );
#2436 = ADVANCED_FACE('',(#2437),#2462,.F.);
#2437 = FACE_BOUND('',#2438,.F.);
#2438 = EDGE_LOOP('',(#2439,#2447,#2455,#2461));
#2439 = ORIENTED_EDGE('',*,*,#2440,.T.);
#2440 = EDGE_CURVE('',#1418,#2441,#2443,.T.);
#2441 = VERTEX_POINT('',#2442);
#2442 = CARTESIAN_POINT('',(-9.65,-2.,-37.15));
#2443 = LINE('',#2444,#2445);
#2444 = CARTESIAN_POINT('',(-9.65,-7.,-37.15));
#2445 = VECTOR('',#2446,1.);
#2446 = DIRECTION('',(0.,1.,-4.4E-16));
#2447 = ORIENTED_EDGE('',*,*,#2448,.T.);
#2448 = EDGE_CURVE('',#2441,#2449,#2451,.T.);
#2449 = VERTEX_POINT('',#2450);
#2450 = CARTESIAN_POINT('',(-15.35,-2.,-37.15));
#2451 = LINE('',#2452,#2453);
#2452 = CARTESIAN_POINT('',(-9.65,-2.,-37.15));
#2453 = VECTOR('',#2454,1.);
#2454 = DIRECTION('',(-1.,0.,0.));
#2455 = ORIENTED_EDGE('',*,*,#2456,.F.);
#2456 = EDGE_CURVE('',#1420,#2449,#2457,.T.);
#2457 = LINE('',#2458,#2459);
#2458 = CARTESIAN_POINT('',(-15.35,-7.,-37.15));
#2459 = VECTOR('',#2460,1.);
#2460 = DIRECTION('',(0.,1.,-4.4E-16));
#2461 = ORIENTED_EDGE('',*,*,#1417,.F.);
#2462 = PLANE('',#2463);
#2463 = AXIS2_PLACEMENT_3D('',#2464,#2465,#2466);
#2464 = CARTESIAN_POINT('',(-9.65,-7.,-37.15));
#2465 = DIRECTION('',(0.,4.4E-16,1.));
#2466 = DIRECTION('',(-1.,0.,0.));
#2467 = ADVANCED_FACE('',(#2468),#2486,.F.);
#2468 = FACE_BOUND('',#2469,.F.);
#2469 = EDGE_LOOP('',(#2470,#2471,#2479,#2485));
#2470 = ORIENTED_EDGE('',*,*,#2456,.T.);
#2471 = ORIENTED_EDGE('',*,*,#2472,.T.);
#2472 = EDGE_CURVE('',#2449,#2473,#2475,.T.);
#2473 = VERTEX_POINT('',#2474);
#2474 = CARTESIAN_POINT('',(-15.35,-2.,-42.85));
#2475 = LINE('',#2476,#2477);
#2476 = CARTESIAN_POINT('',(-15.35,-2.,-37.15));
#2477 = VECTOR('',#2478,1.);
#2478 = DIRECTION('',(0.,0.,-1.));
#2479 = ORIENTED_EDGE('',*,*,#2480,.F.);
#2480 = EDGE_CURVE('',#1436,#2473,#2481,.T.);
#2481 = LINE('',#2482,#2483);
#2482 = CARTESIAN_POINT('',(-15.35,-7.,-42.85));
#2483 = VECTOR('',#2484,1.);
#2484 = DIRECTION('',(0.,1.,-4.4E-16));
#2485 = ORIENTED_EDGE('',*,*,#1443,.F.);
#2486 = PLANE('',#2487);
#2487 = AXIS2_PLACEMENT_3D('',#2488,#2489,#2490);
#2488 = CARTESIAN_POINT('',(-15.35,-7.,-37.15));
#2489 = DIRECTION('',(-1.,0.,0.));
#2490 = DIRECTION('',(0.,-4.4E-16,-1.));
#2491 = ADVANCED_FACE('',(#2492),#2510,.F.);
#2492 = FACE_BOUND('',#2493,.F.);
#2493 = EDGE_LOOP('',(#2494,#2495,#2503,#2509));
#2494 = ORIENTED_EDGE('',*,*,#2480,.T.);
#2495 = ORIENTED_EDGE('',*,*,#2496,.T.);
#2496 = EDGE_CURVE('',#2473,#2497,#2499,.T.);
#2497 = VERTEX_POINT('',#2498);
#2498 = CARTESIAN_POINT('',(-9.65,-2.,-42.85));
#2499 = LINE('',#2500,#2501);
#2500 = CARTESIAN_POINT('',(-15.35,-2.,-42.85));
#2501 = VECTOR('',#2502,1.);
#2502 = DIRECTION('',(1.,0.,0.));
#2503 = ORIENTED_EDGE('',*,*,#2504,.F.);
#2504 = EDGE_CURVE('',#1428,#2497,#2505,.T.);
#2505 = LINE('',#2506,#2507);
#2506 = CARTESIAN_POINT('',(-9.65,-7.,-42.85));
#2507 = VECTOR('',#2508,1.);
#2508 = DIRECTION('',(0.,1.,-4.4E-16));
#2509 = ORIENTED_EDGE('',*,*,#1435,.F.);
#2510 = PLANE('',#2511);
#2511 = AXIS2_PLACEMENT_3D('',#2512,#2513,#2514);
#2512 = CARTESIAN_POINT('',(-15.35,-7.,-42.85));
#2513 = DIRECTION('',(0.,-4.4E-16,-1.));
#2514 = DIRECTION('',(1.,0.,0.));
#2515 = ADVANCED_FACE('',(#2516),#2527,.F.);
#2516 = FACE_BOUND('',#2517,.F.);
#2517 = EDGE_LOOP('',(#2518,#2519,#2525,#2526));
#2518 = ORIENTED_EDGE('',*,*,#2504,.T.);
#2519 = ORIENTED_EDGE('',*,*,#2520,.T.);
#2520 = EDGE_CURVE('',#2497,#2441,#2521,.T.);
#2521 = LINE('',#2522,#2523);
#2522 = CARTESIAN_POINT('',(-9.65,-2.,-42.85));
#2523 = VECTOR('',#2524,1.);
#2524 = DIRECTION('',(0.,0.,1.));
#2525 = ORIENTED_EDGE('',*,*,#2440,.F.);
#2526 = ORIENTED_EDGE('',*,*,#1427,.F.);
#2527 = PLANE('',#2528);
#2528 = AXIS2_PLACEMENT_3D('',#2529,#2530,#2531);
#2529 = CARTESIAN_POINT('',(-9.65,-7.,-42.85));
#2530 = DIRECTION('',(1.,0.,0.));
#2531 = DIRECTION('',(0.,4.4E-16,1.));
#2532 = ADVANCED_FACE('',(#2533),#2558,.F.);
#2533 = FACE_BOUND('',#2534,.F.);
#2534 = EDGE_LOOP('',(#2535,#2543,#2551,#2557));
#2535 = ORIENTED_EDGE('',*,*,#2536,.T.);
#2536 = EDGE_CURVE('',#1452,#2537,#2539,.T.);
#2537 = VERTEX_POINT('',#2538);
#2538 = CARTESIAN_POINT('',(15.35,-2.,-37.15));
#2539 = LINE('',#2540,#2541);
#2540 = CARTESIAN_POINT('',(15.35,-7.,-37.15));
#2541 = VECTOR('',#2542,1.);
#2542 = DIRECTION('',(0.,1.,-4.4E-16));
#2543 = ORIENTED_EDGE('',*,*,#2544,.T.);
#2544 = EDGE_CURVE('',#2537,#2545,#2547,.T.);
#2545 = VERTEX_POINT('',#2546);
#2546 = CARTESIAN_POINT('',(9.65,-2.,-37.15));
#2547 = LINE('',#2548,#2549);
#2548 = CARTESIAN_POINT('',(15.35,-2.,-37.15));
#2549 = VECTOR('',#2550,1.);
#2550 = DIRECTION('',(-1.,0.,0.));
#2551 = ORIENTED_EDGE('',*,*,#2552,.F.);
#2552 = EDGE_CURVE('',#1454,#2545,#2553,.T.);
#2553 = LINE('',#2554,#2555);
#2554 = CARTESIAN_POINT('',(9.65,-7.,-37.15));
#2555 = VECTOR('',#2556,1.);
#2556 = DIRECTION('',(0.,1.,-4.4E-16));
#2557 = ORIENTED_EDGE('',*,*,#1451,.F.);
#2558 = PLANE('',#2559);
#2559 = AXIS2_PLACEMENT_3D('',#2560,#2561,#2562);
#2560 = CARTESIAN_POINT('',(15.35,-7.,-37.15));
#2561 = DIRECTION('',(0.,4.4E-16,1.));
#2562 = DIRECTION('',(-1.,0.,0.));
#2563 = ADVANCED_FACE('',(#2564),#2582,.F.);
#2564 = FACE_BOUND('',#2565,.F.);
#2565 = EDGE_LOOP('',(#2566,#2567,#2575,#2581));
#2566 = ORIENTED_EDGE('',*,*,#2552,.T.);
#2567 = ORIENTED_EDGE('',*,*,#2568,.T.);
#2568 = EDGE_CURVE('',#2545,#2569,#2571,.T.);
#2569 = VERTEX_POINT('',#2570);
#2570 = CARTESIAN_POINT('',(9.65,-2.,-42.85));
#2571 = LINE('',#2572,#2573);
#2572 = CARTESIAN_POINT('',(9.65,-2.,-37.15));
#2573 = VECTOR('',#2574,1.);
#2574 = DIRECTION('',(0.,0.,-1.));
#2575 = ORIENTED_EDGE('',*,*,#2576,.F.);
#2576 = EDGE_CURVE('',#1470,#2569,#2577,.T.);
#2577 = LINE('',#2578,#2579);
#2578 = CARTESIAN_POINT('',(9.65,-7.,-42.85));
#2579 = VECTOR('',#2580,1.);
#2580 = DIRECTION('',(0.,1.,-4.4E-16));
#2581 = ORIENTED_EDGE('',*,*,#1477,.F.);
#2582 = PLANE('',#2583);
#2583 = AXIS2_PLACEMENT_3D('',#2584,#2585,#2586);
#2584 = CARTESIAN_POINT('',(9.65,-7.,-37.15));
#2585 = DIRECTION('',(-1.,0.,0.));
#2586 = DIRECTION('',(0.,-4.4E-16,-1.));
#2587 = ADVANCED_FACE('',(#2588),#2606,.F.);
#2588 = FACE_BOUND('',#2589,.F.);
#2589 = EDGE_LOOP('',(#2590,#2591,#2599,#2605));
#2590 = ORIENTED_EDGE('',*,*,#2576,.T.);
#2591 = ORIENTED_EDGE('',*,*,#2592,.T.);
#2592 = EDGE_CURVE('',#2569,#2593,#2595,.T.);
#2593 = VERTEX_POINT('',#2594);
#2594 = CARTESIAN_POINT('',(15.35,-2.,-42.85));
#2595 = LINE('',#2596,#2597);
#2596 = CARTESIAN_POINT('',(9.65,-2.,-42.85));
#2597 = VECTOR('',#2598,1.);
#2598 = DIRECTION('',(1.,0.,0.));
#2599 = ORIENTED_EDGE('',*,*,#2600,.F.);
#2600 = EDGE_CURVE('',#1462,#2593,#2601,.T.);
#2601 = LINE('',#2602,#2603);
#2602 = CARTESIAN_POINT('',(15.35,-7.,-42.85));
#2603 = VECTOR('',#2604,1.);
#2604 = DIRECTION('',(0.,1.,-4.4E-16));
#2605 = ORIENTED_EDGE('',*,*,#1469,.F.);
#2606 = PLANE('',#2607);
#2607 = AXIS2_PLACEMENT_3D('',#2608,#2609,#2610);
#2608 = CARTESIAN_POINT('',(9.65,-7.,-42.85));
#2609 = DIRECTION('',(0.,-4.4E-16,-1.));
#2610 = DIRECTION('',(1.,0.,0.));
#2611 = ADVANCED_FACE('',(#2612),#2623,.F.);
#2612 = FACE_BOUND('',#2613,.F.);
#2613 = EDGE_LOOP('',(#2614,#2615,#2621,#2622));
#2614 = ORIENTED_EDGE('',*,*,#2600,.T.);
#2615 = ORIENTED_EDGE('',*,*,#2616,.T.);
#2616 = EDGE_CURVE('',#2593,#2537,#2617,.T.);
#2617 = LINE('',#2618,#2619);
#2618 = CARTESIAN_POINT('',(15.35,-2.,-42.85));
#2619 = VECTOR('',#2620,1.);
#2620 = DIRECTION('',(0.,0.,1.));
#2621 = ORIENTED_EDGE('',*,*,#2536,.F.);
#2622 = ORIENTED_EDGE('',*,*,#1461,.F.);
#2623 = PLANE('',#2624);
#2624 = AXIS2_PLACEMENT_3D('',#2625,#2626,#2627);
#2625 = CARTESIAN_POINT('',(15.35,-7.,-42.85));
#2626 = DIRECTION('',(1.,0.,0.));
#2627 = DIRECTION('',(0.,4.4E-16,1.));
#2628 = ADVANCED_FACE('',(#2629),#2645,.F.);
#2629 = FACE_BOUND('',#2630,.F.);
#2630 = EDGE_LOOP('',(#2631,#2637,#2638,#2644));
#2631 = ORIENTED_EDGE('',*,*,#2632,.T.);
#2632 = EDGE_CURVE('',#1486,#2269,#2633,.T.);
#2633 = LINE('',#2634,#2635);
#2634 = CARTESIAN_POINT('',(-9.65,-7.,52.85));
#2635 = VECTOR('',#2636,1.);
#2636 = DIRECTION('',(0.,1.,-4.4E-16));
#2637 = ORIENTED_EDGE('',*,*,#2268,.T.);
#2638 = ORIENTED_EDGE('',*,*,#2639,.F.);
#2639 = EDGE_CURVE('',#1488,#2271,#2640,.T.);
#2640 = LINE('',#2641,#2642);
#2641 = CARTESIAN_POINT('',(-15.35,-7.,52.85));
#2642 = VECTOR('',#2643,1.);
#2643 = DIRECTION('',(0.,1.,-4.4E-16));
#2644 = ORIENTED_EDGE('',*,*,#1485,.F.);
#2645 = PLANE('',#2646);
#2646 = AXIS2_PLACEMENT_3D('',#2647,#2648,#2649);
#2647 = CARTESIAN_POINT('',(-9.65,-7.,52.85));
#2648 = DIRECTION('',(0.,4.4E-16,1.));
#2649 = DIRECTION('',(-1.,0.,0.));
#2650 = ADVANCED_FACE('',(#2651),#2662,.F.);
#2651 = FACE_BOUND('',#2652,.F.);
#2652 = EDGE_LOOP('',(#2653,#2654,#2655,#2661));
#2653 = ORIENTED_EDGE('',*,*,#2639,.T.);
#2654 = ORIENTED_EDGE('',*,*,#2294,.T.);
#2655 = ORIENTED_EDGE('',*,*,#2656,.F.);
#2656 = EDGE_CURVE('',#1504,#2287,#2657,.T.);
#2657 = LINE('',#2658,#2659);
#2658 = CARTESIAN_POINT('',(-15.35,-7.,47.15));
#2659 = VECTOR('',#2660,1.);
#2660 = DIRECTION('',(0.,1.,-4.4E-16));
#2661 = ORIENTED_EDGE('',*,*,#1511,.F.);
#2662 = PLANE('',#2663);
#2663 = AXIS2_PLACEMENT_3D('',#2664,#2665,#2666);
#2664 = CARTESIAN_POINT('',(-15.35,-7.,52.85));
#2665 = DIRECTION('',(-1.,0.,0.));
#2666 = DIRECTION('',(0.,-4.4E-16,-1.));
#2667 = ADVANCED_FACE('',(#2668),#2679,.F.);
#2668 = FACE_BOUND('',#2669,.F.);
#2669 = EDGE_LOOP('',(#2670,#2671,#2672,#2678));
#2670 = ORIENTED_EDGE('',*,*,#2656,.T.);
#2671 = ORIENTED_EDGE('',*,*,#2286,.T.);
#2672 = ORIENTED_EDGE('',*,*,#2673,.F.);
#2673 = EDGE_CURVE('',#1496,#2279,#2674,.T.);
#2674 = LINE('',#2675,#2676);
#2675 = CARTESIAN_POINT('',(-9.65,-7.,47.15));
#2676 = VECTOR('',#2677,1.);
#2677 = DIRECTION('',(0.,1.,-4.4E-16));
#2678 = ORIENTED_EDGE('',*,*,#1503,.F.);
#2679 = PLANE('',#2680);
#2680 = AXIS2_PLACEMENT_3D('',#2681,#2682,#2683);
#2681 = CARTESIAN_POINT('',(-15.35,-7.,47.15));
#2682 = DIRECTION('',(0.,-4.4E-16,-1.));
#2683 = DIRECTION('',(1.,0.,0.));
#2684 = ADVANCED_FACE('',(#2685),#2691,.F.);
#2685 = FACE_BOUND('',#2686,.F.);
#2686 = EDGE_LOOP('',(#2687,#2688,#2689,#2690));
#2687 = ORIENTED_EDGE('',*,*,#2673,.T.);
#2688 = ORIENTED_EDGE('',*,*,#2278,.T.);
#2689 = ORIENTED_EDGE('',*,*,#2632,.F.);
#2690 = ORIENTED_EDGE('',*,*,#1495,.F.);
#2691 = PLANE('',#2692);
#2692 = AXIS2_PLACEMENT_3D('',#2693,#2694,#2695);
#2693 = CARTESIAN_POINT('',(-9.65,-7.,47.15));
#2694 = DIRECTION('',(1.,0.,0.));
#2695 = DIRECTION('',(0.,4.4E-16,1.));
#2696 = ADVANCED_FACE('',(#2697),#2713,.F.);
#2697 = FACE_BOUND('',#2698,.F.);
#2698 = EDGE_LOOP('',(#2699,#2705,#2706,#2712));
#2699 = ORIENTED_EDGE('',*,*,#2700,.T.);
#2700 = EDGE_CURVE('',#1534,#2226,#2701,.T.);
#2701 = LINE('',#2702,#2703);
#2702 = CARTESIAN_POINT('',(15.35,-7.,52.85));
#2703 = VECTOR('',#2704,1.);
#2704 = DIRECTION('',(0.,1.,-4.4E-16));
#2705 = ORIENTED_EDGE('',*,*,#2225,.T.);
#2706 = ORIENTED_EDGE('',*,*,#2707,.F.);
#2707 = EDGE_CURVE('',#1536,#2228,#2708,.T.);
#2708 = LINE('',#2709,#2710);
#2709 = CARTESIAN_POINT('',(9.65,-7.,52.85));
#2710 = VECTOR('',#2711,1.);
#2711 = DIRECTION('',(0.,1.,-4.4E-16));
#2712 = ORIENTED_EDGE('',*,*,#1533,.F.);
#2713 = PLANE('',#2714);
#2714 = AXIS2_PLACEMENT_3D('',#2715,#2716,#2717);
#2715 = CARTESIAN_POINT('',(15.35,-7.,52.85));
#2716 = DIRECTION('',(0.,4.4E-16,1.));
#2717 = DIRECTION('',(-1.,0.,0.));
#2718 = ADVANCED_FACE('',(#2719),#2730,.F.);
#2719 = FACE_BOUND('',#2720,.F.);
#2720 = EDGE_LOOP('',(#2721,#2722,#2723,#2729));
#2721 = ORIENTED_EDGE('',*,*,#2707,.T.);
#2722 = ORIENTED_EDGE('',*,*,#2251,.T.);
#2723 = ORIENTED_EDGE('',*,*,#2724,.F.);
#2724 = EDGE_CURVE('',#1552,#2244,#2725,.T.);
#2725 = LINE('',#2726,#2727);
#2726 = CARTESIAN_POINT('',(9.65,-7.,47.15));
#2727 = VECTOR('',#2728,1.);
#2728 = DIRECTION('',(0.,1.,-4.4E-16));
#2729 = ORIENTED_EDGE('',*,*,#1559,.F.);
#2730 = PLANE('',#2731);
#2731 = AXIS2_PLACEMENT_3D('',#2732,#2733,#2734);
#2732 = CARTESIAN_POINT('',(9.65,-7.,52.85));
#2733 = DIRECTION('',(-1.,0.,0.));
#2734 = DIRECTION('',(0.,-4.4E-16,-1.));
#2735 = ADVANCED_FACE('',(#2736),#2747,.F.);
#2736 = FACE_BOUND('',#2737,.F.);
#2737 = EDGE_LOOP('',(#2738,#2739,#2740,#2746));
#2738 = ORIENTED_EDGE('',*,*,#2724,.T.);
#2739 = ORIENTED_EDGE('',*,*,#2243,.T.);
#2740 = ORIENTED_EDGE('',*,*,#2741,.F.);
#2741 = EDGE_CURVE('',#1544,#2236,#2742,.T.);
#2742 = LINE('',#2743,#2744);
#2743 = CARTESIAN_POINT('',(15.35,-7.,47.15));
#2744 = VECTOR('',#2745,1.);
#2745 = DIRECTION('',(0.,1.,-4.4E-16));
#2746 = ORIENTED_EDGE('',*,*,#1551,.F.);
#2747 = PLANE('',#2748);
#2748 = AXIS2_PLACEMENT_3D('',#2749,#2750,#2751);
#2749 = CARTESIAN_POINT('',(9.65,-7.,47.15));
#2750 = DIRECTION('',(0.,-4.4E-16,-1.));
#2751 = DIRECTION('',(1.,0.,0.));
#2752 = ADVANCED_FACE('',(#2753),#2759,.F.);
#2753 = FACE_BOUND('',#2754,.F.);
#2754 = EDGE_LOOP('',(#2755,#2756,#2757,#2758));
#2755 = ORIENTED_EDGE('',*,*,#2741,.T.);
#2756 = ORIENTED_EDGE('',*,*,#2235,.T.);
#2757 = ORIENTED_EDGE('',*,*,#2700,.F.);
#2758 = ORIENTED_EDGE('',*,*,#1543,.F.);
#2759 = PLANE('',#2760);
#2760 = AXIS2_PLACEMENT_3D('',#2761,#2762,#2763);
#2761 = CARTESIAN_POINT('',(15.35,-7.,47.15));
#2762 = DIRECTION('',(1.,0.,0.));
#2763 = DIRECTION('',(0.,4.4E-16,1.));
#2764 = ADVANCED_FACE('',(#2765),#2770,.T.);
#2765 = FACE_BOUND('',#2766,.T.);
#2766 = EDGE_LOOP('',(#2767,#2768,#2769));
#2767 = ORIENTED_EDGE('',*,*,#2406,.F.);
#2768 = ORIENTED_EDGE('',*,*,#1617,.T.);
#2769 = ORIENTED_EDGE('',*,*,#2314,.F.);
#2770 = PLANE('',#2771);
#2771 = AXIS2_PLACEMENT_3D('',#2772,#2773,#2774);
#2772 = CARTESIAN_POINT('',(4.,-6.,-45.5));
#2773 = DIRECTION('',(-0.57735026919,-0.57735026919,-0.57735026919));
#2774 = DIRECTION('',(-6.661338147751E-16,0.707106781187,-0.707106781187
    ));
#2775 = ADVANCED_FACE('',(#2776),#2781,.F.);
#2776 = FACE_BOUND('',#2777,.F.);
#2777 = EDGE_LOOP('',(#2778,#2779,#2780));
#2778 = ORIENTED_EDGE('',*,*,#2328,.F.);
#2779 = ORIENTED_EDGE('',*,*,#1785,.T.);
#2780 = ORIENTED_EDGE('',*,*,#2168,.F.);
#2781 = PLANE('',#2782);
#2782 = AXIS2_PLACEMENT_3D('',#2783,#2784,#2785);
#2783 = CARTESIAN_POINT('',(-18.,-6.,-46.5));
#2784 = DIRECTION('',(0.57735026919,0.57735026919,0.57735026919));
#2785 = DIRECTION('',(-0.707106781187,0.707106781187,-5.07927033766E-15)
  );
#2786 = ADVANCED_FACE('',(#2787),#2792,.F.);
#2787 = FACE_BOUND('',#2788,.F.);
#2788 = EDGE_LOOP('',(#2789,#2790,#2791));
#2789 = ORIENTED_EDGE('',*,*,#2357,.F.);
#2790 = ORIENTED_EDGE('',*,*,#1857,.T.);
#2791 = ORIENTED_EDGE('',*,*,#2335,.F.);
#2792 = PLANE('',#2793);
#2793 = AXIS2_PLACEMENT_3D('',#2794,#2795,#2796);
#2794 = CARTESIAN_POINT('',(-4.,-6.,-45.5));
#2795 = DIRECTION('',(-0.57735026919,0.57735026919,0.57735026919));
#2796 = DIRECTION('',(0.,0.707106781187,-0.707106781187));
#2797 = ADVANCED_FACE('',(#2798,#2804),#2807,.F.);
#2798 = FACE_BOUND('',#2799,.F.);
#2799 = EDGE_LOOP('',(#2800,#2801,#2802,#2803));
#2800 = ORIENTED_EDGE('',*,*,#2544,.F.);
#2801 = ORIENTED_EDGE('',*,*,#2616,.F.);
#2802 = ORIENTED_EDGE('',*,*,#2592,.F.);
#2803 = ORIENTED_EDGE('',*,*,#2568,.F.);
#2804 = FACE_BOUND('',#2805,.F.);
#2805 = EDGE_LOOP('',(#2806));
#2806 = ORIENTED_EDGE('',*,*,#1882,.F.);
#2807 = PLANE('',#2808);
#2808 = AXIS2_PLACEMENT_3D('',#2809,#2810,#2811);
#2809 = CARTESIAN_POINT('',(3.1E-16,-2.,5.));
#2810 = DIRECTION('',(0.,1.,-2.2E-16));
#2811 = DIRECTION('',(0.,2.2E-16,1.));
#2812 = ADVANCED_FACE('',(#2813,#2819),#2822,.F.);
#2813 = FACE_BOUND('',#2814,.F.);
#2814 = EDGE_LOOP('',(#2815,#2816,#2817,#2818));
#2815 = ORIENTED_EDGE('',*,*,#2448,.F.);
#2816 = ORIENTED_EDGE('',*,*,#2520,.F.);
#2817 = ORIENTED_EDGE('',*,*,#2496,.F.);
#2818 = ORIENTED_EDGE('',*,*,#2472,.F.);
#2819 = FACE_BOUND('',#2820,.F.);
#2820 = EDGE_LOOP('',(#2821));
#2821 = ORIENTED_EDGE('',*,*,#1907,.F.);
#2822 = PLANE('',#2823);
#2823 = AXIS2_PLACEMENT_3D('',#2824,#2825,#2826);
#2824 = CARTESIAN_POINT('',(3.1E-16,-2.,5.));
#2825 = DIRECTION('',(0.,1.,-2.2E-16));
#2826 = DIRECTION('',(0.,2.2E-16,1.));
#2827 = ( GEOMETRIC_REPRESENTATION_CONTEXT(3) 
GLOBAL_UNCERTAINTY_ASSIGNED_CONTEXT((#2831)) 
GLOBAL_UNIT_ASSIGNED_CONTEXT((#2828,#2829,#2830)) REPRESENTATION_CONTEXT
('Context #1','3D Context with UNIT and UNCERTAINTY') );
#2828 = ( LENGTH_UNIT() NAMED_UNIT(*) SI_UNIT(.MILLI.,.METRE.) );
#2829 = ( NAMED_UNIT(*) PLANE_ANGLE_UNIT() SI_UNIT($,.RADIAN.) );
#2830 = ( NAMED_UNIT(*) SI_UNIT($,.STERADIAN.) SOLID_ANGLE_UNIT() );
#2831 = UNCERTAINTY_MEASURE_WITH_UNIT(LENGTH_MEASURE(1.E-07),#2828,
  'distance_accuracy_value','confusion accuracy');
#2832 = PRODUCT_RELATED_PRODUCT_CATEGORY('part',$,(#7));
#2833 = MECHANICAL_DESIGN_GEOMETRIC_PRESENTATION_REPRESENTATION('',(
    #2834),#2827);
#2834 = STYLED_ITEM('color',(#2835),#15);
#2835 = PRESENTATION_STYLE_ASSIGNMENT((#2836,#2842));
#2836 = SURFACE_STYLE_USAGE(.BOTH.,#2837);
#2837 = SURFACE_SIDE_STYLE('',(#2838));
#2838 = SURFACE_STYLE_FILL_AREA(#2839);
#2839 = FILL_AREA_STYLE('',(#2840));
#2840 = FILL_AREA_STYLE_COLOUR('',#2841);
#2841 = COLOUR_RGB('',0.800000010877,0.800000010877,0.800000010877);
#2842 = CURVE_STYLE('',#2843,POSITIVE_LENGTH_MEASURE(0.1),#2844);
#2843 = DRAUGHTING_PRE_DEFINED_CURVE_FONT('continuous');
#2844 = COLOUR_RGB('',9.803921802644E-02,9.803921802644E-02,
  9.803921802644E-02);
ENDSEC;
END-ISO-10303-21;
