ISO-10303-21;
HEADER;
FILE_DESCRIPTION(('FreeCAD Model'),'2;1');
FILE_NAME('Open CASCADE Shape Model','2026-09-06T12:30:40',('FreeCAD'),(
    'FreeCAD'),'Open CASCADE STEP processor 7.8','FreeCAD','Unknown');
FILE_SCHEMA(('AUTOMOTIVE_DESIGN { 1 0 10303 214 1 1 1 1 }'));
ENDSEC;
DATA;
#1 = APPLICATION_PROTOCOL_DEFINITION('international standard',
  'automotive_design',2000,#2);
#2 = APPLICATION_CONTEXT(
  'core data for automotive mechanical design processes');
#3 = SHAPE_DEFINITION_REPRESENTATION(#4,#10);
#4 = PRODUCT_DEFINITION_SHAPE('','',#5);
#5 = PRODUCT_DEFINITION('design','',#6,#9);
#6 = PRODUCT_DEFINITION_FORMATION('','',#7);
#7 = PRODUCT('Open CASCADE STEP translator 7.8 245',
  'Open CASCADE STEP translator 7.8 245','',(#8));
#8 = PRODUCT_CONTEXT('',#2,'mechanical');
#9 = PRODUCT_DEFINITION_CONTEXT('part definition',#2,'design');
#10 = ADVANCED_BREP_SHAPE_REPRESENTATION('',(#11,#15),#3937);
#11 = AXIS2_PLACEMENT_3D('',#12,#13,#14);
#12 = CARTESIAN_POINT('',(0.,0.,0.));
#13 = DIRECTION('',(0.,0.,1.));
#14 = DIRECTION('',(1.,0.,-0.));
#15 = MANIFOLD_SOLID_BREP('',#16);
#16 = CLOSED_SHELL('',(#17,#57,#88,#119,#141,#164,#189,#229,#260,#291,
    #313,#336,#361,#401,#424,#455,#478,#509,#532,#563,#586,#610,#775,
    #808,#825,#858,#875,#908,#971,#1002,#1042,#1073,#1104,#1135,#1166,
    #1189,#1220,#1243,#1274,#1297,#1328,#1359,#1383,#1406,#1437,#1460,
    #1491,#1514,#1545,#1569,#1600,#1617,#1641,#1753,#1786,#1803,#1836,
    #1853,#1886,#1965,#1996,#2059,#2090,#2331,#2343,#2360,#2377,#2401,
    #2425,#2447,#2469,#2481,#2512,#2545,#2595,#2612,#2629,#2646,#2663,
    #2675,#2706,#2739,#2789,#2806,#2823,#2840,#2857,#2869,#2900,#2933,
    #2967,#2984,#3001,#3013,#3044,#3077,#3127,#3144,#3161,#3178,#3195,
    #3207,#3238,#3271,#3321,#3338,#3355,#3372,#3389,#3401,#3432,#3465,
    #3499,#3516,#3533,#3545,#3563,#3581,#3593,#3605,#3623,#3641,#3653,
    #3665,#3777,#3808,#3832,#3856,#3873,#3885,#3911));
#17 = ADVANCED_FACE('',(#18),#52,.F.);
#18 = FACE_BOUND('',#19,.F.);
#19 = EDGE_LOOP('',(#20,#30,#38,#46));
#20 = ORIENTED_EDGE('',*,*,#21,.T.);
#21 = EDGE_CURVE('',#22,#24,#26,.T.);
#22 = VERTEX_POINT('',#23);
#23 = CARTESIAN_POINT('',(2.85,-7.,52.85));
#24 = VERTEX_POINT('',#25);
#25 = CARTESIAN_POINT('',(2.85,-5.,52.85));
#26 = LINE('',#27,#28);
#27 = CARTESIAN_POINT('',(2.85,-7.,52.85));
#28 = VECTOR('',#29,1.);
#29 = DIRECTION('',(0.,1.,-2.2E-16));
#30 = ORIENTED_EDGE('',*,*,#31,.T.);
#31 = EDGE_CURVE('',#24,#32,#34,.T.);
#32 = VERTEX_POINT('',#33);
#33 = CARTESIAN_POINT('',(-2.85,-5.,52.85));
#34 = LINE('',#35,#36);
#35 = CARTESIAN_POINT('',(2.85,-5.,52.85));
#36 = VECTOR('',#37,1.);
#37 = DIRECTION('',(-1.,0.,0.));
#38 = ORIENTED_EDGE('',*,*,#39,.F.);
#39 = EDGE_CURVE('',#40,#32,#42,.T.);
#40 = VERTEX_POINT('',#41);
#41 = CARTESIAN_POINT('',(-2.85,-7.,52.85));
#42 = LINE('',#43,#44);
#43 = CARTESIAN_POINT('',(-2.85,-7.,52.85));
#44 = VECTOR('',#45,1.);
#45 = DIRECTION('',(0.,1.,-2.2E-16));
#46 = ORIENTED_EDGE('',*,*,#47,.F.);
#47 = EDGE_CURVE('',#22,#40,#48,.T.);
#48 = LINE('',#49,#50);
#49 = CARTESIAN_POINT('',(2.85,-7.,52.85));
#50 = VECTOR('',#51,1.);
#51 = DIRECTION('',(-1.,0.,0.));
#52 = PLANE('',#53);
#53 = AXIS2_PLACEMENT_3D('',#54,#55,#56);
#54 = CARTESIAN_POINT('',(2.85,-7.,52.85));
#55 = DIRECTION('',(0.,2.2E-16,1.));
#56 = DIRECTION('',(-1.,0.,0.));
#57 = ADVANCED_FACE('',(#58),#83,.F.);
#58 = FACE_BOUND('',#59,.F.);
#59 = EDGE_LOOP('',(#60,#70,#76,#77));
#60 = ORIENTED_EDGE('',*,*,#61,.T.);
#61 = EDGE_CURVE('',#62,#64,#66,.T.);
#62 = VERTEX_POINT('',#63);
#63 = CARTESIAN_POINT('',(2.85,-7.,47.15));
#64 = VERTEX_POINT('',#65);
#65 = CARTESIAN_POINT('',(2.85,-5.,47.15));
#66 = LINE('',#67,#68);
#67 = CARTESIAN_POINT('',(2.85,-7.,47.15));
#68 = VECTOR('',#69,1.);
#69 = DIRECTION('',(0.,1.,-2.2E-16));
#70 = ORIENTED_EDGE('',*,*,#71,.T.);
#71 = EDGE_CURVE('',#64,#24,#72,.T.);
#72 = LINE('',#73,#74);
#73 = CARTESIAN_POINT('',(2.85,-5.,47.15));
#74 = VECTOR('',#75,1.);
#75 = DIRECTION('',(0.,-2.2E-16,1.));
#76 = ORIENTED_EDGE('',*,*,#21,.F.);
#77 = ORIENTED_EDGE('',*,*,#78,.F.);
#78 = EDGE_CURVE('',#62,#22,#79,.T.);
#79 = LINE('',#80,#81);
#80 = CARTESIAN_POINT('',(2.85,-7.,47.15));
#81 = VECTOR('',#82,1.);
#82 = DIRECTION('',(0.,-2.2E-16,1.));
#83 = PLANE('',#84);
#84 = AXIS2_PLACEMENT_3D('',#85,#86,#87);
#85 = CARTESIAN_POINT('',(2.85,-7.,47.15));
#86 = DIRECTION('',(1.,0.,0.));
#87 = DIRECTION('',(0.,2.2E-16,1.));
#88 = ADVANCED_FACE('',(#89),#114,.F.);
#89 = FACE_BOUND('',#90,.F.);
#90 = EDGE_LOOP('',(#91,#92,#100,#108));
#91 = ORIENTED_EDGE('',*,*,#39,.T.);
#92 = ORIENTED_EDGE('',*,*,#93,.T.);
#93 = EDGE_CURVE('',#32,#94,#96,.T.);
#94 = VERTEX_POINT('',#95);
#95 = CARTESIAN_POINT('',(-2.85,-5.,47.15));
#96 = LINE('',#97,#98);
#97 = CARTESIAN_POINT('',(-2.85,-5.,52.85));
#98 = VECTOR('',#99,1.);
#99 = DIRECTION('',(0.,2.2E-16,-1.));
#100 = ORIENTED_EDGE('',*,*,#101,.F.);
#101 = EDGE_CURVE('',#102,#94,#104,.T.);
#102 = VERTEX_POINT('',#103);
#103 = CARTESIAN_POINT('',(-2.85,-7.,47.15));
#104 = LINE('',#105,#106);
#105 = CARTESIAN_POINT('',(-2.85,-7.,47.15));
#106 = VECTOR('',#107,1.);
#107 = DIRECTION('',(0.,1.,-2.2E-16));
#108 = ORIENTED_EDGE('',*,*,#109,.F.);
#109 = EDGE_CURVE('',#40,#102,#110,.T.);
#110 = LINE('',#111,#112);
#111 = CARTESIAN_POINT('',(-2.85,-7.,52.85));
#112 = VECTOR('',#113,1.);
#113 = DIRECTION('',(0.,2.2E-16,-1.));
#114 = PLANE('',#115);
#115 = AXIS2_PLACEMENT_3D('',#116,#117,#118);
#116 = CARTESIAN_POINT('',(-2.85,-7.,52.85));
#117 = DIRECTION('',(-1.,0.,0.));
#118 = DIRECTION('',(0.,-2.2E-16,-1.));
#119 = ADVANCED_FACE('',(#120),#136,.F.);
#120 = FACE_BOUND('',#121,.F.);
#121 = EDGE_LOOP('',(#122,#123,#129,#130));
#122 = ORIENTED_EDGE('',*,*,#101,.T.);
#123 = ORIENTED_EDGE('',*,*,#124,.T.);
#124 = EDGE_CURVE('',#94,#64,#125,.T.);
#125 = LINE('',#126,#127);
#126 = CARTESIAN_POINT('',(-2.85,-5.,47.15));
#127 = VECTOR('',#128,1.);
#128 = DIRECTION('',(1.,0.,0.));
#129 = ORIENTED_EDGE('',*,*,#61,.F.);
#130 = ORIENTED_EDGE('',*,*,#131,.F.);
#131 = EDGE_CURVE('',#102,#62,#132,.T.);
#132 = LINE('',#133,#134);
#133 = CARTESIAN_POINT('',(-2.85,-7.,47.15));
#134 = VECTOR('',#135,1.);
#135 = DIRECTION('',(1.,0.,0.));
#136 = PLANE('',#137);
#137 = AXIS2_PLACEMENT_3D('',#138,#139,#140);
#138 = CARTESIAN_POINT('',(-2.85,-7.,47.15));
#139 = DIRECTION('',(0.,-2.2E-16,-1.));
#140 = DIRECTION('',(1.,0.,0.));
#141 = ADVANCED_FACE('',(#142,#148),#159,.F.);
#142 = FACE_BOUND('',#143,.F.);
#143 = EDGE_LOOP('',(#144,#145,#146,#147));
#144 = ORIENTED_EDGE('',*,*,#31,.F.);
#145 = ORIENTED_EDGE('',*,*,#71,.F.);
#146 = ORIENTED_EDGE('',*,*,#124,.F.);
#147 = ORIENTED_EDGE('',*,*,#93,.F.);
#148 = FACE_BOUND('',#149,.F.);
#149 = EDGE_LOOP('',(#150));
#150 = ORIENTED_EDGE('',*,*,#151,.T.);
#151 = EDGE_CURVE('',#152,#152,#154,.T.);
#152 = VERTEX_POINT('',#153);
#153 = CARTESIAN_POINT('',(1.5,-5.,50.));
#154 = CIRCLE('',#155,1.5);
#155 = AXIS2_PLACEMENT_3D('',#156,#157,#158);
#156 = CARTESIAN_POINT('',(0.,-5.,50.));
#157 = DIRECTION('',(0.,-1.,2.2E-16));
#158 = DIRECTION('',(1.,0.,0.));
#159 = PLANE('',#160);
#160 = AXIS2_PLACEMENT_3D('',#161,#162,#163);
#161 = CARTESIAN_POINT('',(-6.2E-16,-5.,27.625));
#162 = DIRECTION('',(0.,1.,2.2E-16));
#163 = DIRECTION('',(0.,-2.2E-16,1.));
#164 = ADVANCED_FACE('',(#165),#184,.F.);
#165 = FACE_BOUND('',#166,.F.);
#166 = EDGE_LOOP('',(#167,#168,#176,#183));
#167 = ORIENTED_EDGE('',*,*,#151,.F.);
#168 = ORIENTED_EDGE('',*,*,#169,.T.);
#169 = EDGE_CURVE('',#152,#170,#172,.T.);
#170 = VERTEX_POINT('',#171);
#171 = CARTESIAN_POINT('',(1.5,7.,50.));
#172 = LINE('',#173,#174);
#173 = CARTESIAN_POINT('',(1.5,-7.,50.));
#174 = VECTOR('',#175,1.);
#175 = DIRECTION('',(0.,1.,-2.2E-16));
#176 = ORIENTED_EDGE('',*,*,#177,.T.);
#177 = EDGE_CURVE('',#170,#170,#178,.T.);
#178 = CIRCLE('',#179,1.5);
#179 = AXIS2_PLACEMENT_3D('',#180,#181,#182);
#180 = CARTESIAN_POINT('',(0.,7.,50.));
#181 = DIRECTION('',(0.,-1.,2.2E-16));
#182 = DIRECTION('',(1.,0.,0.));
#183 = ORIENTED_EDGE('',*,*,#169,.F.);
#184 = CYLINDRICAL_SURFACE('',#185,1.5);
#185 = AXIS2_PLACEMENT_3D('',#186,#187,#188);
#186 = CARTESIAN_POINT('',(0.,-7.,50.));
#187 = DIRECTION('',(0.,-1.,2.2E-16));
#188 = DIRECTION('',(1.,0.,0.));
#189 = ADVANCED_FACE('',(#190),#224,.F.);
#190 = FACE_BOUND('',#191,.F.);
#191 = EDGE_LOOP('',(#192,#202,#210,#218));
#192 = ORIENTED_EDGE('',*,*,#193,.T.);
#193 = EDGE_CURVE('',#194,#196,#198,.T.);
#194 = VERTEX_POINT('',#195);
#195 = CARTESIAN_POINT('',(2.85,-7.,2.4));
#196 = VERTEX_POINT('',#197);
#197 = CARTESIAN_POINT('',(2.85,-5.,2.4));
#198 = LINE('',#199,#200);
#199 = CARTESIAN_POINT('',(2.85,-7.,2.4));
#200 = VECTOR('',#201,1.);
#201 = DIRECTION('',(0.,1.,-2.2E-16));
#202 = ORIENTED_EDGE('',*,*,#203,.T.);
#203 = EDGE_CURVE('',#196,#204,#206,.T.);
#204 = VERTEX_POINT('',#205);
#205 = CARTESIAN_POINT('',(2.85,-5.,8.1));
#206 = LINE('',#207,#208);
#207 = CARTESIAN_POINT('',(2.85,-5.,2.4));
#208 = VECTOR('',#209,1.);
#209 = DIRECTION('',(0.,-2.2E-16,1.));
#210 = ORIENTED_EDGE('',*,*,#211,.F.);
#211 = EDGE_CURVE('',#212,#204,#214,.T.);
#212 = VERTEX_POINT('',#213);
#213 = CARTESIAN_POINT('',(2.85,-7.,8.1));
#214 = LINE('',#215,#216);
#215 = CARTESIAN_POINT('',(2.85,-7.,8.1));
#216 = VECTOR('',#217,1.);
#217 = DIRECTION('',(0.,1.,-2.2E-16));
#218 = ORIENTED_EDGE('',*,*,#219,.F.);
#219 = EDGE_CURVE('',#194,#212,#220,.T.);
#220 = LINE('',#221,#222);
#221 = CARTESIAN_POINT('',(2.85,-7.,2.4));
#222 = VECTOR('',#223,1.);
#223 = DIRECTION('',(0.,-2.2E-16,1.));
#224 = PLANE('',#225);
#225 = AXIS2_PLACEMENT_3D('',#226,#227,#228);
#226 = CARTESIAN_POINT('',(2.85,-7.,2.4));
#227 = DIRECTION('',(1.,0.,0.));
#228 = DIRECTION('',(0.,2.2E-16,1.));
#229 = ADVANCED_FACE('',(#230),#255,.F.);
#230 = FACE_BOUND('',#231,.F.);
#231 = EDGE_LOOP('',(#232,#242,#248,#249));
#232 = ORIENTED_EDGE('',*,*,#233,.T.);
#233 = EDGE_CURVE('',#234,#236,#238,.T.);
#234 = VERTEX_POINT('',#235);
#235 = CARTESIAN_POINT('',(-2.85,-7.,2.4));
#236 = VERTEX_POINT('',#237);
#237 = CARTESIAN_POINT('',(-2.85,-5.,2.4));
#238 = LINE('',#239,#240);
#239 = CARTESIAN_POINT('',(-2.85,-7.,2.4));
#240 = VECTOR('',#241,1.);
#241 = DIRECTION('',(0.,1.,-2.2E-16));
#242 = ORIENTED_EDGE('',*,*,#243,.T.);
#243 = EDGE_CURVE('',#236,#196,#244,.T.);
#244 = LINE('',#245,#246);
#245 = CARTESIAN_POINT('',(-2.85,-5.,2.4));
#246 = VECTOR('',#247,1.);
#247 = DIRECTION('',(1.,0.,0.));
#248 = ORIENTED_EDGE('',*,*,#193,.F.);
#249 = ORIENTED_EDGE('',*,*,#250,.F.);
#250 = EDGE_CURVE('',#234,#194,#251,.T.);
#251 = LINE('',#252,#253);
#252 = CARTESIAN_POINT('',(-2.85,-7.,2.4));
#253 = VECTOR('',#254,1.);
#254 = DIRECTION('',(1.,0.,0.));
#255 = PLANE('',#256);
#256 = AXIS2_PLACEMENT_3D('',#257,#258,#259);
#257 = CARTESIAN_POINT('',(-2.85,-7.,2.4));
#258 = DIRECTION('',(0.,-2.2E-16,-1.));
#259 = DIRECTION('',(1.,0.,0.));
#260 = ADVANCED_FACE('',(#261),#286,.F.);
#261 = FACE_BOUND('',#262,.F.);
#262 = EDGE_LOOP('',(#263,#264,#272,#280));
#263 = ORIENTED_EDGE('',*,*,#211,.T.);
#264 = ORIENTED_EDGE('',*,*,#265,.T.);
#265 = EDGE_CURVE('',#204,#266,#268,.T.);
#266 = VERTEX_POINT('',#267);
#267 = CARTESIAN_POINT('',(-2.85,-5.,8.1));
#268 = LINE('',#269,#270);
#269 = CARTESIAN_POINT('',(2.85,-5.,8.1));
#270 = VECTOR('',#271,1.);
#271 = DIRECTION('',(-1.,0.,0.));
#272 = ORIENTED_EDGE('',*,*,#273,.F.);
#273 = EDGE_CURVE('',#274,#266,#276,.T.);
#274 = VERTEX_POINT('',#275);
#275 = CARTESIAN_POINT('',(-2.85,-7.,8.1));
#276 = LINE('',#277,#278);
#277 = CARTESIAN_POINT('',(-2.85,-7.,8.1));
#278 = VECTOR('',#279,1.);
#279 = DIRECTION('',(0.,1.,-2.2E-16));
#280 = ORIENTED_EDGE('',*,*,#281,.F.);
#281 = EDGE_CURVE('',#212,#274,#282,.T.);
#282 = LINE('',#283,#284);
#283 = CARTESIAN_POINT('',(2.85,-7.,8.1));
#284 = VECTOR('',#285,1.);
#285 = DIRECTION('',(-1.,0.,0.));
#286 = PLANE('',#287);
#287 = AXIS2_PLACEMENT_3D('',#288,#289,#290);
#288 = CARTESIAN_POINT('',(2.85,-7.,8.1));
#289 = DIRECTION('',(0.,2.2E-16,1.));
#290 = DIRECTION('',(-1.,0.,0.));
#291 = ADVANCED_FACE('',(#292),#308,.F.);
#292 = FACE_BOUND('',#293,.F.);
#293 = EDGE_LOOP('',(#294,#295,#301,#302));
#294 = ORIENTED_EDGE('',*,*,#273,.T.);
#295 = ORIENTED_EDGE('',*,*,#296,.T.);
#296 = EDGE_CURVE('',#266,#236,#297,.T.);
#297 = LINE('',#298,#299);
#298 = CARTESIAN_POINT('',(-2.85,-5.,8.1));
#299 = VECTOR('',#300,1.);
#300 = DIRECTION('',(0.,2.2E-16,-1.));
#301 = ORIENTED_EDGE('',*,*,#233,.F.);
#302 = ORIENTED_EDGE('',*,*,#303,.F.);
#303 = EDGE_CURVE('',#274,#234,#304,.T.);
#304 = LINE('',#305,#306);
#305 = CARTESIAN_POINT('',(-2.85,-7.,8.1));
#306 = VECTOR('',#307,1.);
#307 = DIRECTION('',(0.,2.2E-16,-1.));
#308 = PLANE('',#309);
#309 = AXIS2_PLACEMENT_3D('',#310,#311,#312);
#310 = CARTESIAN_POINT('',(-2.85,-7.,8.1));
#311 = DIRECTION('',(-1.,0.,0.));
#312 = DIRECTION('',(0.,-2.2E-16,-1.));
#313 = ADVANCED_FACE('',(#314,#320),#331,.F.);
#314 = FACE_BOUND('',#315,.F.);
#315 = EDGE_LOOP('',(#316,#317,#318,#319));
#316 = ORIENTED_EDGE('',*,*,#203,.F.);
#317 = ORIENTED_EDGE('',*,*,#243,.F.);
#318 = ORIENTED_EDGE('',*,*,#296,.F.);
#319 = ORIENTED_EDGE('',*,*,#265,.F.);
#320 = FACE_BOUND('',#321,.F.);
#321 = EDGE_LOOP('',(#322));
#322 = ORIENTED_EDGE('',*,*,#323,.T.);
#323 = EDGE_CURVE('',#324,#324,#326,.T.);
#324 = VERTEX_POINT('',#325);
#325 = CARTESIAN_POINT('',(1.5,-5.,5.25));
#326 = CIRCLE('',#327,1.5);
#327 = AXIS2_PLACEMENT_3D('',#328,#329,#330);
#328 = CARTESIAN_POINT('',(0.,-5.,5.25));
#329 = DIRECTION('',(0.,-1.,2.2E-16));
#330 = DIRECTION('',(1.,0.,0.));
#331 = PLANE('',#332);
#332 = AXIS2_PLACEMENT_3D('',#333,#334,#335);
#333 = CARTESIAN_POINT('',(-6.2E-16,-5.,27.625));
#334 = DIRECTION('',(0.,1.,2.2E-16));
#335 = DIRECTION('',(0.,-2.2E-16,1.));
#336 = ADVANCED_FACE('',(#337),#356,.F.);
#337 = FACE_BOUND('',#338,.F.);
#338 = EDGE_LOOP('',(#339,#340,#348,#355));
#339 = ORIENTED_EDGE('',*,*,#323,.F.);
#340 = ORIENTED_EDGE('',*,*,#341,.T.);
#341 = EDGE_CURVE('',#324,#342,#344,.T.);
#342 = VERTEX_POINT('',#343);
#343 = CARTESIAN_POINT('',(1.5,3.75,5.25));
#344 = LINE('',#345,#346);
#345 = CARTESIAN_POINT('',(1.5,-7.,5.25));
#346 = VECTOR('',#347,1.);
#347 = DIRECTION('',(0.,1.,-2.2E-16));
#348 = ORIENTED_EDGE('',*,*,#349,.T.);
#349 = EDGE_CURVE('',#342,#342,#350,.T.);
#350 = CIRCLE('',#351,1.5);
#351 = AXIS2_PLACEMENT_3D('',#352,#353,#354);
#352 = CARTESIAN_POINT('',(0.,3.75,5.25));
#353 = DIRECTION('',(0.,-1.,2.2E-16));
#354 = DIRECTION('',(1.,0.,0.));
#355 = ORIENTED_EDGE('',*,*,#341,.F.);
#356 = CYLINDRICAL_SURFACE('',#357,1.5);
#357 = AXIS2_PLACEMENT_3D('',#358,#359,#360);
#358 = CARTESIAN_POINT('',(0.,-7.,5.25));
#359 = DIRECTION('',(0.,-1.,2.2E-16));
#360 = DIRECTION('',(1.,0.,0.));
#361 = ADVANCED_FACE('',(#362),#396,.T.);
#362 = FACE_BOUND('',#363,.F.);
#363 = EDGE_LOOP('',(#364,#374,#382,#390));
#364 = ORIENTED_EDGE('',*,*,#365,.F.);
#365 = EDGE_CURVE('',#366,#368,#370,.T.);
#366 = VERTEX_POINT('',#367);
#367 = CARTESIAN_POINT('',(18.,-7.,11.6));
#368 = VERTEX_POINT('',#369);
#369 = CARTESIAN_POINT('',(19.,-6.,11.6));
#370 = LINE('',#371,#372);
#371 = CARTESIAN_POINT('',(18.5,-6.5,11.6));
#372 = VECTOR('',#373,1.);
#373 = DIRECTION('',(0.707106781187,0.707106781187,-1.6E-16));
#374 = ORIENTED_EDGE('',*,*,#375,.T.);
#375 = EDGE_CURVE('',#366,#376,#378,.T.);
#376 = VERTEX_POINT('',#377);
#377 = CARTESIAN_POINT('',(18.,-7.,55.5));
#378 = LINE('',#379,#380);
#379 = CARTESIAN_POINT('',(18.,-7.,-46.5));
#380 = VECTOR('',#381,1.);
#381 = DIRECTION('',(0.,0.,1.));
#382 = ORIENTED_EDGE('',*,*,#383,.F.);
#383 = EDGE_CURVE('',#384,#376,#386,.T.);
#384 = VERTEX_POINT('',#385);
#385 = CARTESIAN_POINT('',(19.,-6.,55.5));
#386 = LINE('',#387,#388);
#387 = CARTESIAN_POINT('',(18.75,-6.25,55.5));
#388 = VECTOR('',#389,1.);
#389 = DIRECTION('',(-0.707106781187,-0.707106781187,-1.41E-15));
#390 = ORIENTED_EDGE('',*,*,#391,.F.);
#391 = EDGE_CURVE('',#368,#384,#392,.T.);
#392 = LINE('',#393,#394);
#393 = CARTESIAN_POINT('',(19.,-6.,-46.5));
#394 = VECTOR('',#395,1.);
#395 = DIRECTION('',(0.,0.,1.));
#396 = PLANE('',#397);
#397 = AXIS2_PLACEMENT_3D('',#398,#399,#400);
#398 = CARTESIAN_POINT('',(18.5,-6.5,-46.5));
#399 = DIRECTION('',(0.707106781187,-0.707106781187,2.E-17));
#400 = DIRECTION('',(1.414213562373E-17,-1.414213562373E-17,-1.));
#401 = ADVANCED_FACE('',(#402),#419,.F.);
#402 = FACE_BOUND('',#403,.F.);
#403 = EDGE_LOOP('',(#404,#412,#413));
#404 = ORIENTED_EDGE('',*,*,#405,.F.);
#405 = EDGE_CURVE('',#384,#406,#408,.T.);
#406 = VERTEX_POINT('',#407);
#407 = CARTESIAN_POINT('',(18.,-6.,56.5));
#408 = LINE('',#409,#410);
#409 = CARTESIAN_POINT('',(18.75,-6.,55.75));
#410 = VECTOR('',#411,1.);
#411 = DIRECTION('',(-0.707106781187,-8.3E-16,0.707106781187));
#412 = ORIENTED_EDGE('',*,*,#383,.T.);
#413 = ORIENTED_EDGE('',*,*,#414,.F.);
#414 = EDGE_CURVE('',#406,#376,#415,.T.);
#415 = LINE('',#416,#417);
#416 = CARTESIAN_POINT('',(18.,-6.5,56.));
#417 = VECTOR('',#418,1.);
#418 = DIRECTION('',(-1.92E-15,-0.707106781187,-0.707106781187));
#419 = PLANE('',#420);
#420 = AXIS2_PLACEMENT_3D('',#421,#422,#423);
#421 = CARTESIAN_POINT('',(19.,-6.,55.5));
#422 = DIRECTION('',(-0.57735026919,0.57735026919,-0.57735026919));
#423 = DIRECTION('',(0.,-0.707106781187,-0.707106781187));
#424 = ADVANCED_FACE('',(#425),#450,.T.);
#425 = FACE_BOUND('',#426,.T.);
#426 = EDGE_LOOP('',(#427,#437,#443,#444));
#427 = ORIENTED_EDGE('',*,*,#428,.T.);
#428 = EDGE_CURVE('',#429,#431,#433,.T.);
#429 = VERTEX_POINT('',#430);
#430 = CARTESIAN_POINT('',(-18.,-6.,56.5));
#431 = VERTEX_POINT('',#432);
#432 = CARTESIAN_POINT('',(-18.,-7.,55.5));
#433 = LINE('',#434,#435);
#434 = CARTESIAN_POINT('',(-18.,-6.25,56.25));
#435 = VECTOR('',#436,1.);
#436 = DIRECTION('',(0.,-0.707106781187,-0.707106781187));
#437 = ORIENTED_EDGE('',*,*,#438,.T.);
#438 = EDGE_CURVE('',#431,#376,#439,.T.);
#439 = LINE('',#440,#441);
#440 = CARTESIAN_POINT('',(-19.,-7.,55.5));
#441 = VECTOR('',#442,1.);
#442 = DIRECTION('',(1.,0.,0.));
#443 = ORIENTED_EDGE('',*,*,#414,.F.);
#444 = ORIENTED_EDGE('',*,*,#445,.F.);
#445 = EDGE_CURVE('',#429,#406,#446,.T.);
#446 = LINE('',#447,#448);
#447 = CARTESIAN_POINT('',(-19.,-6.,56.5));
#448 = VECTOR('',#449,1.);
#449 = DIRECTION('',(1.,0.,0.));
#450 = PLANE('',#451);
#451 = AXIS2_PLACEMENT_3D('',#452,#453,#454);
#452 = CARTESIAN_POINT('',(-19.,-6.5,56.));
#453 = DIRECTION('',(0.,-0.707106781187,0.707106781187));
#454 = DIRECTION('',(1.,0.,0.));
#455 = ADVANCED_FACE('',(#456),#473,.F.);
#456 = FACE_BOUND('',#457,.F.);
#457 = EDGE_LOOP('',(#458,#466,#467));
#458 = ORIENTED_EDGE('',*,*,#459,.F.);
#459 = EDGE_CURVE('',#429,#460,#462,.T.);
#460 = VERTEX_POINT('',#461);
#461 = CARTESIAN_POINT('',(-19.,-6.,55.5));
#462 = LINE('',#463,#464);
#463 = CARTESIAN_POINT('',(-18.25,-6.,56.25));
#464 = VECTOR('',#465,1.);
#465 = DIRECTION('',(-0.707106781187,-1.09E-15,-0.707106781187));
#466 = ORIENTED_EDGE('',*,*,#428,.T.);
#467 = ORIENTED_EDGE('',*,*,#468,.F.);
#468 = EDGE_CURVE('',#460,#431,#469,.T.);
#469 = LINE('',#470,#471);
#470 = CARTESIAN_POINT('',(-18.5,-6.5,55.5));
#471 = VECTOR('',#472,1.);
#472 = DIRECTION('',(0.707106781187,-0.707106781187,-1.41E-15));
#473 = PLANE('',#474);
#474 = AXIS2_PLACEMENT_3D('',#475,#476,#477);
#475 = CARTESIAN_POINT('',(-18.,-6.,56.5));
#476 = DIRECTION('',(0.57735026919,0.57735026919,-0.57735026919));
#477 = DIRECTION('',(0.707106781187,-0.707106781187,-1.665334536938E-16)
  );
#478 = ADVANCED_FACE('',(#479),#504,.T.);
#479 = FACE_BOUND('',#480,.T.);
#480 = EDGE_LOOP('',(#481,#491,#497,#498));
#481 = ORIENTED_EDGE('',*,*,#482,.F.);
#482 = EDGE_CURVE('',#483,#485,#487,.T.);
#483 = VERTEX_POINT('',#484);
#484 = CARTESIAN_POINT('',(-18.,-7.,11.6));
#485 = VERTEX_POINT('',#486);
#486 = CARTESIAN_POINT('',(-19.,-6.,11.6));
#487 = LINE('',#488,#489);
#488 = CARTESIAN_POINT('',(-18.25,-6.75,11.6));
#489 = VECTOR('',#490,1.);
#490 = DIRECTION('',(-0.707106781187,0.707106781187,-1.6E-16));
#491 = ORIENTED_EDGE('',*,*,#492,.T.);
#492 = EDGE_CURVE('',#483,#431,#493,.T.);
#493 = LINE('',#494,#495);
#494 = CARTESIAN_POINT('',(-18.,-7.,-46.5));
#495 = VECTOR('',#496,1.);
#496 = DIRECTION('',(0.,0.,1.));
#497 = ORIENTED_EDGE('',*,*,#468,.F.);
#498 = ORIENTED_EDGE('',*,*,#499,.F.);
#499 = EDGE_CURVE('',#485,#460,#500,.T.);
#500 = LINE('',#501,#502);
#501 = CARTESIAN_POINT('',(-19.,-6.,-46.5));
#502 = VECTOR('',#503,1.);
#503 = DIRECTION('',(0.,0.,1.));
#504 = PLANE('',#505);
#505 = AXIS2_PLACEMENT_3D('',#506,#507,#508);
#506 = CARTESIAN_POINT('',(-18.5,-6.5,-46.5));
#507 = DIRECTION('',(-0.707106781187,-0.707106781187,-2.E-17));
#508 = DIRECTION('',(-1.414213562373E-17,-1.414213562373E-17,1.));
#509 = ADVANCED_FACE('',(#510),#527,.T.);
#510 = FACE_BOUND('',#511,.T.);
#511 = EDGE_LOOP('',(#512,#520,#521));
#512 = ORIENTED_EDGE('',*,*,#513,.F.);
#513 = EDGE_CURVE('',#483,#514,#516,.T.);
#514 = VERTEX_POINT('',#515);
#515 = CARTESIAN_POINT('',(-19.,-7.,11.6));
#516 = LINE('',#517,#518);
#517 = CARTESIAN_POINT('',(-18.,-7.,11.6));
#518 = VECTOR('',#519,1.);
#519 = DIRECTION('',(-1.,0.,0.));
#520 = ORIENTED_EDGE('',*,*,#482,.T.);
#521 = ORIENTED_EDGE('',*,*,#522,.F.);
#522 = EDGE_CURVE('',#514,#485,#523,.T.);
#523 = LINE('',#524,#525);
#524 = CARTESIAN_POINT('',(-19.,-7.,11.6));
#525 = VECTOR('',#526,1.);
#526 = DIRECTION('',(0.,1.,-2.2E-16));
#527 = PLANE('',#528);
#528 = AXIS2_PLACEMENT_3D('',#529,#530,#531);
#529 = CARTESIAN_POINT('',(-18.,-7.,11.6));
#530 = DIRECTION('',(0.,2.2E-16,1.));
#531 = DIRECTION('',(-1.,0.,0.));
#532 = ADVANCED_FACE('',(#533),#558,.T.);
#533 = FACE_BOUND('',#534,.T.);
#534 = EDGE_LOOP('',(#535,#545,#551,#552));
#535 = ORIENTED_EDGE('',*,*,#536,.T.);
#536 = EDGE_CURVE('',#537,#539,#541,.T.);
#537 = VERTEX_POINT('',#538);
#538 = CARTESIAN_POINT('',(18.,7.,56.5));
#539 = VERTEX_POINT('',#540);
#540 = CARTESIAN_POINT('',(-18.,7.,56.5));
#541 = LINE('',#542,#543);
#542 = CARTESIAN_POINT('',(19.,7.,56.5));
#543 = VECTOR('',#544,1.);
#544 = DIRECTION('',(-1.,0.,0.));
#545 = ORIENTED_EDGE('',*,*,#546,.T.);
#546 = EDGE_CURVE('',#539,#429,#547,.T.);
#547 = LINE('',#548,#549);
#548 = CARTESIAN_POINT('',(-18.,7.,56.5));
#549 = VECTOR('',#550,1.);
#550 = DIRECTION('',(0.,-1.,0.));
#551 = ORIENTED_EDGE('',*,*,#445,.T.);
#552 = ORIENTED_EDGE('',*,*,#553,.T.);
#553 = EDGE_CURVE('',#406,#537,#554,.T.);
#554 = LINE('',#555,#556);
#555 = CARTESIAN_POINT('',(18.,-7.,56.5));
#556 = VECTOR('',#557,1.);
#557 = DIRECTION('',(0.,1.,0.));
#558 = PLANE('',#559);
#559 = AXIS2_PLACEMENT_3D('',#560,#561,#562);
#560 = CARTESIAN_POINT('',(0.,-1.06581410364E-14,56.5));
#561 = DIRECTION('',(0.,-2.2E-16,1.));
#562 = DIRECTION('',(1.,0.,0.));
#563 = ADVANCED_FACE('',(#564),#581,.T.);
#564 = FACE_BOUND('',#565,.T.);
#565 = EDGE_LOOP('',(#566,#574,#580));
#566 = ORIENTED_EDGE('',*,*,#567,.F.);
#567 = EDGE_CURVE('',#568,#366,#570,.T.);
#568 = VERTEX_POINT('',#569);
#569 = CARTESIAN_POINT('',(19.,-7.,11.6));
#570 = LINE('',#571,#572);
#571 = CARTESIAN_POINT('',(19.,-7.,11.6));
#572 = VECTOR('',#573,1.);
#573 = DIRECTION('',(-1.,0.,0.));
#574 = ORIENTED_EDGE('',*,*,#575,.T.);
#575 = EDGE_CURVE('',#568,#368,#576,.T.);
#576 = LINE('',#577,#578);
#577 = CARTESIAN_POINT('',(19.,-7.,11.6));
#578 = VECTOR('',#579,1.);
#579 = DIRECTION('',(0.,1.,-2.2E-16));
#580 = ORIENTED_EDGE('',*,*,#365,.F.);
#581 = PLANE('',#582);
#582 = AXIS2_PLACEMENT_3D('',#583,#584,#585);
#583 = CARTESIAN_POINT('',(19.,-7.,11.6));
#584 = DIRECTION('',(0.,2.2E-16,1.));
#585 = DIRECTION('',(-1.,0.,0.));
#586 = ADVANCED_FACE('',(#587),#605,.T.);
#587 = FACE_BOUND('',#588,.F.);
#588 = EDGE_LOOP('',(#589,#597,#598,#599));
#589 = ORIENTED_EDGE('',*,*,#590,.F.);
#590 = EDGE_CURVE('',#539,#591,#593,.T.);
#591 = VERTEX_POINT('',#592);
#592 = CARTESIAN_POINT('',(-19.,7.,55.5));
#593 = LINE('',#594,#595);
#594 = CARTESIAN_POINT('',(-16.99346103654,7.,57.50653896346));
#595 = VECTOR('',#596,1.);
#596 = DIRECTION('',(-0.707106781187,1.6E-16,-0.707106781187));
#597 = ORIENTED_EDGE('',*,*,#546,.T.);
#598 = ORIENTED_EDGE('',*,*,#459,.T.);
#599 = ORIENTED_EDGE('',*,*,#600,.F.);
#600 = EDGE_CURVE('',#591,#460,#601,.T.);
#601 = LINE('',#602,#603);
#602 = CARTESIAN_POINT('',(-19.,7.,55.5));
#603 = VECTOR('',#604,1.);
#604 = DIRECTION('',(0.,-1.,0.));
#605 = PLANE('',#606);
#606 = AXIS2_PLACEMENT_3D('',#607,#608,#609);
#607 = CARTESIAN_POINT('',(-18.5,7.,56.));
#608 = DIRECTION('',(-0.707106781187,-1.6E-16,0.707106781187));
#609 = DIRECTION('',(-1.131370849898E-16,1.,1.131370849898E-16));
#610 = ADVANCED_FACE('',(#611,#677,#711,#745,#756,#759),#770,.T.);
#611 = FACE_BOUND('',#612,.T.);
#612 = EDGE_LOOP('',(#613,#621,#622,#623,#631,#639,#647,#655,#663,#671)
  );
#613 = ORIENTED_EDGE('',*,*,#614,.T.);
#614 = EDGE_CURVE('',#615,#591,#617,.T.);
#615 = VERTEX_POINT('',#616);
#616 = CARTESIAN_POINT('',(-19.,7.,30.5));
#617 = LINE('',#618,#619);
#618 = CARTESIAN_POINT('',(-19.,7.,46.5));
#619 = VECTOR('',#620,1.);
#620 = DIRECTION('',(0.,0.,1.));
#621 = ORIENTED_EDGE('',*,*,#590,.F.);
#622 = ORIENTED_EDGE('',*,*,#536,.F.);
#623 = ORIENTED_EDGE('',*,*,#624,.F.);
#624 = EDGE_CURVE('',#625,#537,#627,.T.);
#625 = VERTEX_POINT('',#626);
#626 = CARTESIAN_POINT('',(19.,7.,55.5));
#627 = LINE('',#628,#629);
#628 = CARTESIAN_POINT('',(16.99346103654,7.,57.50653896346));
#629 = VECTOR('',#630,1.);
#630 = DIRECTION('',(-0.707106781187,-1.6E-16,0.707106781187));
#631 = ORIENTED_EDGE('',*,*,#632,.F.);
#632 = EDGE_CURVE('',#633,#625,#635,.T.);
#633 = VERTEX_POINT('',#634);
#634 = CARTESIAN_POINT('',(19.,7.,30.5));
#635 = LINE('',#636,#637);
#636 = CARTESIAN_POINT('',(19.,7.,46.5));
#637 = VECTOR('',#638,1.);
#638 = DIRECTION('',(0.,0.,1.));
#639 = ORIENTED_EDGE('',*,*,#640,.T.);
#640 = EDGE_CURVE('',#633,#641,#643,.T.);
#641 = VERTEX_POINT('',#642);
#642 = CARTESIAN_POINT('',(12.05,7.,30.5));
#643 = LINE('',#644,#645);
#644 = CARTESIAN_POINT('',(-19.,7.,30.5));
#645 = VECTOR('',#646,1.);
#646 = DIRECTION('',(-1.,0.,-2.2E-16));
#647 = ORIENTED_EDGE('',*,*,#648,.T.);
#648 = EDGE_CURVE('',#641,#649,#651,.T.);
#649 = VERTEX_POINT('',#650);
#650 = CARTESIAN_POINT('',(12.05,7.,33.55));
#651 = LINE('',#652,#653);
#652 = CARTESIAN_POINT('',(12.05,7.,-43.));
#653 = VECTOR('',#654,1.);
#654 = DIRECTION('',(0.,-2.2E-16,1.));
#655 = ORIENTED_EDGE('',*,*,#656,.T.);
#656 = EDGE_CURVE('',#649,#657,#659,.T.);
#657 = VERTEX_POINT('',#658);
#658 = CARTESIAN_POINT('',(-12.05,7.,33.55));
#659 = LINE('',#660,#661);
#660 = CARTESIAN_POINT('',(19.,7.,33.55));
#661 = VECTOR('',#662,1.);
#662 = DIRECTION('',(-1.,0.,2.2E-16));
#663 = ORIENTED_EDGE('',*,*,#664,.F.);
#664 = EDGE_CURVE('',#665,#657,#667,.T.);
#665 = VERTEX_POINT('',#666);
#666 = CARTESIAN_POINT('',(-12.05,7.,30.5));
#667 = LINE('',#668,#669);
#668 = CARTESIAN_POINT('',(-12.05,7.,-43.));
#669 = VECTOR('',#670,1.);
#670 = DIRECTION('',(0.,-2.2E-16,1.));
#671 = ORIENTED_EDGE('',*,*,#672,.T.);
#672 = EDGE_CURVE('',#665,#615,#673,.T.);
#673 = LINE('',#674,#675);
#674 = CARTESIAN_POINT('',(-19.,7.,30.5));
#675 = VECTOR('',#676,1.);
#676 = DIRECTION('',(-1.,0.,-2.2E-16));
#677 = FACE_BOUND('',#678,.T.);
#678 = EDGE_LOOP('',(#679,#689,#697,#705));
#679 = ORIENTED_EDGE('',*,*,#680,.F.);
#680 = EDGE_CURVE('',#681,#683,#685,.T.);
#681 = VERTEX_POINT('',#682);
#682 = CARTESIAN_POINT('',(15.25,7.,42.75));
#683 = VERTEX_POINT('',#684);
#684 = CARTESIAN_POINT('',(15.25,7.,37.25));
#685 = LINE('',#686,#687);
#686 = CARTESIAN_POINT('',(15.25,7.,42.75));
#687 = VECTOR('',#688,1.);
#688 = DIRECTION('',(0.,2.2E-16,-1.));
#689 = ORIENTED_EDGE('',*,*,#690,.F.);
#690 = EDGE_CURVE('',#691,#681,#693,.T.);
#691 = VERTEX_POINT('',#692);
#692 = CARTESIAN_POINT('',(9.75,7.,42.75));
#693 = LINE('',#694,#695);
#694 = CARTESIAN_POINT('',(9.75,7.,42.75));
#695 = VECTOR('',#696,1.);
#696 = DIRECTION('',(1.,0.,0.));
#697 = ORIENTED_EDGE('',*,*,#698,.F.);
#698 = EDGE_CURVE('',#699,#691,#701,.T.);
#699 = VERTEX_POINT('',#700);
#700 = CARTESIAN_POINT('',(9.75,7.,37.25));
#701 = LINE('',#702,#703);
#702 = CARTESIAN_POINT('',(9.75,7.,37.25));
#703 = VECTOR('',#704,1.);
#704 = DIRECTION('',(0.,-2.2E-16,1.));
#705 = ORIENTED_EDGE('',*,*,#706,.F.);
#706 = EDGE_CURVE('',#683,#699,#707,.T.);
#707 = LINE('',#708,#709);
#708 = CARTESIAN_POINT('',(15.25,7.,37.25));
#709 = VECTOR('',#710,1.);
#710 = DIRECTION('',(-1.,0.,-0.));
#711 = FACE_BOUND('',#712,.T.);
#712 = EDGE_LOOP('',(#713,#723,#731,#739));
#713 = ORIENTED_EDGE('',*,*,#714,.F.);
#714 = EDGE_CURVE('',#715,#717,#719,.T.);
#715 = VERTEX_POINT('',#716);
#716 = CARTESIAN_POINT('',(-15.25,7.,42.75));
#717 = VERTEX_POINT('',#718);
#718 = CARTESIAN_POINT('',(-9.75,7.,42.75));
#719 = LINE('',#720,#721);
#720 = CARTESIAN_POINT('',(-15.25,7.,42.75));
#721 = VECTOR('',#722,1.);
#722 = DIRECTION('',(1.,0.,0.));
#723 = ORIENTED_EDGE('',*,*,#724,.F.);
#724 = EDGE_CURVE('',#725,#715,#727,.T.);
#725 = VERTEX_POINT('',#726);
#726 = CARTESIAN_POINT('',(-15.25,7.,37.25));
#727 = LINE('',#728,#729);
#728 = CARTESIAN_POINT('',(-15.25,7.,37.25));
#729 = VECTOR('',#730,1.);
#730 = DIRECTION('',(0.,-2.2E-16,1.));
#731 = ORIENTED_EDGE('',*,*,#732,.F.);
#732 = EDGE_CURVE('',#733,#725,#735,.T.);
#733 = VERTEX_POINT('',#734);
#734 = CARTESIAN_POINT('',(-9.75,7.,37.25));
#735 = LINE('',#736,#737);
#736 = CARTESIAN_POINT('',(-9.75,7.,37.25));
#737 = VECTOR('',#738,1.);
#738 = DIRECTION('',(-1.,0.,-0.));
#739 = ORIENTED_EDGE('',*,*,#740,.F.);
#740 = EDGE_CURVE('',#717,#733,#741,.T.);
#741 = LINE('',#742,#743);
#742 = CARTESIAN_POINT('',(-9.75,7.,42.75));
#743 = VECTOR('',#744,1.);
#744 = DIRECTION('',(0.,2.2E-16,-1.));
#745 = FACE_BOUND('',#746,.T.);
#746 = EDGE_LOOP('',(#747));
#747 = ORIENTED_EDGE('',*,*,#748,.F.);
#748 = EDGE_CURVE('',#749,#749,#751,.T.);
#749 = VERTEX_POINT('',#750);
#750 = CARTESIAN_POINT('',(14.1,7.,50.));
#751 = CIRCLE('',#752,1.6);
#752 = AXIS2_PLACEMENT_3D('',#753,#754,#755);
#753 = CARTESIAN_POINT('',(12.5,7.,50.));
#754 = DIRECTION('',(-0.,1.,2.2E-16));
#755 = DIRECTION('',(1.,0.,0.));
#756 = FACE_BOUND('',#757,.T.);
#757 = EDGE_LOOP('',(#758));
#758 = ORIENTED_EDGE('',*,*,#177,.T.);
#759 = FACE_BOUND('',#760,.T.);
#760 = EDGE_LOOP('',(#761));
#761 = ORIENTED_EDGE('',*,*,#762,.F.);
#762 = EDGE_CURVE('',#763,#763,#765,.T.);
#763 = VERTEX_POINT('',#764);
#764 = CARTESIAN_POINT('',(-10.9,7.,50.));
#765 = CIRCLE('',#766,1.6);
#766 = AXIS2_PLACEMENT_3D('',#767,#768,#769);
#767 = CARTESIAN_POINT('',(-12.5,7.,50.));
#768 = DIRECTION('',(-0.,1.,2.2E-16));
#769 = DIRECTION('',(1.,0.,0.));
#770 = PLANE('',#771);
#771 = AXIS2_PLACEMENT_3D('',#772,#773,#774);
#772 = CARTESIAN_POINT('',(3.063E-14,7.,43.52615585384));
#773 = DIRECTION('',(0.,1.,2.2E-16));
#774 = DIRECTION('',(-1.,0.,0.));
#775 = ADVANCED_FACE('',(#776),#803,.F.);
#776 = FACE_BOUND('',#777,.F.);
#777 = EDGE_LOOP('',(#778,#788,#795,#796));
#778 = ORIENTED_EDGE('',*,*,#779,.F.);
#779 = EDGE_CURVE('',#780,#782,#784,.T.);
#780 = VERTEX_POINT('',#781);
#781 = CARTESIAN_POINT('',(15.55,-7.,50.));
#782 = VERTEX_POINT('',#783);
#783 = CARTESIAN_POINT('',(14.1,-5.2,50.));
#784 = LINE('',#785,#786);
#785 = CARTESIAN_POINT('',(14.1,-5.2,50.));
#786 = VECTOR('',#787,1.);
#787 = DIRECTION('',(-0.627329537873,0.778753909083,-1.E-17));
#788 = ORIENTED_EDGE('',*,*,#789,.T.);
#789 = EDGE_CURVE('',#780,#780,#790,.T.);
#790 = CIRCLE('',#791,3.05);
#791 = AXIS2_PLACEMENT_3D('',#792,#793,#794);
#792 = CARTESIAN_POINT('',(12.5,-7.,50.));
#793 = DIRECTION('',(0.,1.,-1.E-17));
#794 = DIRECTION('',(1.,0.,0.));
#795 = ORIENTED_EDGE('',*,*,#779,.T.);
#796 = ORIENTED_EDGE('',*,*,#797,.F.);
#797 = EDGE_CURVE('',#782,#782,#798,.T.);
#798 = CIRCLE('',#799,1.6);
#799 = AXIS2_PLACEMENT_3D('',#800,#801,#802);
#800 = CARTESIAN_POINT('',(12.5,-5.2,50.));
#801 = DIRECTION('',(0.,1.,-1.E-17));
#802 = DIRECTION('',(1.,0.,0.));
#803 = CONICAL_SURFACE('',#804,1.6,0.678119307749);
#804 = AXIS2_PLACEMENT_3D('',#805,#806,#807);
#805 = CARTESIAN_POINT('',(12.5,-5.2,50.));
#806 = DIRECTION('',(0.,-1.,1.E-17));
#807 = DIRECTION('',(1.,0.,0.));
#808 = ADVANCED_FACE('',(#809),#820,.F.);
#809 = FACE_BOUND('',#810,.F.);
#810 = EDGE_LOOP('',(#811,#817,#818,#819));
#811 = ORIENTED_EDGE('',*,*,#812,.F.);
#812 = EDGE_CURVE('',#749,#782,#813,.T.);
#813 = LINE('',#814,#815);
#814 = CARTESIAN_POINT('',(14.1,7.,50.));
#815 = VECTOR('',#816,1.);
#816 = DIRECTION('',(0.,-1.,-2.2E-16));
#817 = ORIENTED_EDGE('',*,*,#748,.F.);
#818 = ORIENTED_EDGE('',*,*,#812,.T.);
#819 = ORIENTED_EDGE('',*,*,#797,.T.);
#820 = CYLINDRICAL_SURFACE('',#821,1.6);
#821 = AXIS2_PLACEMENT_3D('',#822,#823,#824);
#822 = CARTESIAN_POINT('',(12.5,7.,50.));
#823 = DIRECTION('',(0.,1.,2.2E-16));
#824 = DIRECTION('',(1.,0.,0.));
#825 = ADVANCED_FACE('',(#826),#853,.F.);
#826 = FACE_BOUND('',#827,.F.);
#827 = EDGE_LOOP('',(#828,#838,#845,#846));
#828 = ORIENTED_EDGE('',*,*,#829,.F.);
#829 = EDGE_CURVE('',#830,#832,#834,.T.);
#830 = VERTEX_POINT('',#831);
#831 = CARTESIAN_POINT('',(-9.45,-7.,50.));
#832 = VERTEX_POINT('',#833);
#833 = CARTESIAN_POINT('',(-10.9,-5.2,50.));
#834 = LINE('',#835,#836);
#835 = CARTESIAN_POINT('',(-10.9,-5.2,50.));
#836 = VECTOR('',#837,1.);
#837 = DIRECTION('',(-0.627329537873,0.778753909083,-1.E-17));
#838 = ORIENTED_EDGE('',*,*,#839,.T.);
#839 = EDGE_CURVE('',#830,#830,#840,.T.);
#840 = CIRCLE('',#841,3.05);
#841 = AXIS2_PLACEMENT_3D('',#842,#843,#844);
#842 = CARTESIAN_POINT('',(-12.5,-7.,50.));
#843 = DIRECTION('',(0.,1.,-1.E-17));
#844 = DIRECTION('',(1.,0.,0.));
#845 = ORIENTED_EDGE('',*,*,#829,.T.);
#846 = ORIENTED_EDGE('',*,*,#847,.F.);
#847 = EDGE_CURVE('',#832,#832,#848,.T.);
#848 = CIRCLE('',#849,1.6);
#849 = AXIS2_PLACEMENT_3D('',#850,#851,#852);
#850 = CARTESIAN_POINT('',(-12.5,-5.2,50.));
#851 = DIRECTION('',(0.,1.,-1.E-17));
#852 = DIRECTION('',(1.,0.,0.));
#853 = CONICAL_SURFACE('',#854,1.6,0.678119307749);
#854 = AXIS2_PLACEMENT_3D('',#855,#856,#857);
#855 = CARTESIAN_POINT('',(-12.5,-5.2,50.));
#856 = DIRECTION('',(0.,-1.,1.E-17));
#857 = DIRECTION('',(1.,0.,0.));
#858 = ADVANCED_FACE('',(#859),#870,.F.);
#859 = FACE_BOUND('',#860,.F.);
#860 = EDGE_LOOP('',(#861,#867,#868,#869));
#861 = ORIENTED_EDGE('',*,*,#862,.F.);
#862 = EDGE_CURVE('',#763,#832,#863,.T.);
#863 = LINE('',#864,#865);
#864 = CARTESIAN_POINT('',(-10.9,7.,50.));
#865 = VECTOR('',#866,1.);
#866 = DIRECTION('',(0.,-1.,-2.2E-16));
#867 = ORIENTED_EDGE('',*,*,#762,.F.);
#868 = ORIENTED_EDGE('',*,*,#862,.T.);
#869 = ORIENTED_EDGE('',*,*,#847,.T.);
#870 = CYLINDRICAL_SURFACE('',#871,1.6);
#871 = AXIS2_PLACEMENT_3D('',#872,#873,#874);
#872 = CARTESIAN_POINT('',(-12.5,7.,50.));
#873 = DIRECTION('',(0.,1.,2.2E-16));
#874 = DIRECTION('',(1.,0.,0.));
#875 = ADVANCED_FACE('',(#876),#903,.F.);
#876 = FACE_BOUND('',#877,.F.);
#877 = EDGE_LOOP('',(#878,#887,#895,#902));
#878 = ORIENTED_EDGE('',*,*,#879,.F.);
#879 = EDGE_CURVE('',#880,#615,#882,.T.);
#880 = VERTEX_POINT('',#881);
#881 = CARTESIAN_POINT('',(-19.,7.,21.5));
#882 = CIRCLE('',#883,4.5);
#883 = AXIS2_PLACEMENT_3D('',#884,#885,#886);
#884 = CARTESIAN_POINT('',(-19.,7.,26.));
#885 = DIRECTION('',(-1.,-0.,0.));
#886 = DIRECTION('',(-0.,2.2E-16,-1.));
#887 = ORIENTED_EDGE('',*,*,#888,.T.);
#888 = EDGE_CURVE('',#880,#889,#891,.T.);
#889 = VERTEX_POINT('',#890);
#890 = CARTESIAN_POINT('',(-12.05,7.,21.5));
#891 = LINE('',#892,#893);
#892 = CARTESIAN_POINT('',(-19.,7.,21.5));
#893 = VECTOR('',#894,1.);
#894 = DIRECTION('',(1.,0.,2.2E-16));
#895 = ORIENTED_EDGE('',*,*,#896,.T.);
#896 = EDGE_CURVE('',#889,#665,#897,.T.);
#897 = CIRCLE('',#898,4.5);
#898 = AXIS2_PLACEMENT_3D('',#899,#900,#901);
#899 = CARTESIAN_POINT('',(-12.05,7.,26.));
#900 = DIRECTION('',(-1.,-0.,-2.2E-16));
#901 = DIRECTION('',(2.2E-16,0.,-1.));
#902 = ORIENTED_EDGE('',*,*,#672,.T.);
#903 = CYLINDRICAL_SURFACE('',#904,4.5);
#904 = AXIS2_PLACEMENT_3D('',#905,#906,#907);
#905 = CARTESIAN_POINT('',(-19.,7.,26.));
#906 = DIRECTION('',(-1.,0.,-2.2E-16));
#907 = DIRECTION('',(2.2E-16,0.,-1.));
#908 = ADVANCED_FACE('',(#909),#966,.T.);
#909 = FACE_BOUND('',#910,.T.);
#910 = EDGE_LOOP('',(#911,#921,#927,#928,#936,#944,#952,#960));
#911 = ORIENTED_EDGE('',*,*,#912,.T.);
#912 = EDGE_CURVE('',#913,#915,#917,.T.);
#913 = VERTEX_POINT('',#914);
#914 = CARTESIAN_POINT('',(19.,7.,12.6));
#915 = VERTEX_POINT('',#916);
#916 = CARTESIAN_POINT('',(-19.,7.,12.6));
#917 = LINE('',#918,#919);
#918 = CARTESIAN_POINT('',(19.,7.,12.6));
#919 = VECTOR('',#920,1.);
#920 = DIRECTION('',(-1.,0.,-0.));
#921 = ORIENTED_EDGE('',*,*,#922,.F.);
#922 = EDGE_CURVE('',#880,#915,#923,.T.);
#923 = LINE('',#924,#925);
#924 = CARTESIAN_POINT('',(-19.,7.,43.));
#925 = VECTOR('',#926,1.);
#926 = DIRECTION('',(0.,0.,-1.));
#927 = ORIENTED_EDGE('',*,*,#888,.T.);
#928 = ORIENTED_EDGE('',*,*,#929,.F.);
#929 = EDGE_CURVE('',#930,#889,#932,.T.);
#930 = VERTEX_POINT('',#931);
#931 = CARTESIAN_POINT('',(-12.05,7.,18.45));
#932 = LINE('',#933,#934);
#933 = CARTESIAN_POINT('',(-12.05,7.,-43.));
#934 = VECTOR('',#935,1.);
#935 = DIRECTION('',(0.,-2.2E-16,1.));
#936 = ORIENTED_EDGE('',*,*,#937,.T.);
#937 = EDGE_CURVE('',#930,#938,#940,.T.);
#938 = VERTEX_POINT('',#939);
#939 = CARTESIAN_POINT('',(12.05,7.,18.45));
#940 = LINE('',#941,#942);
#941 = CARTESIAN_POINT('',(19.,7.,18.45));
#942 = VECTOR('',#943,1.);
#943 = DIRECTION('',(1.,0.,-2.2E-16));
#944 = ORIENTED_EDGE('',*,*,#945,.T.);
#945 = EDGE_CURVE('',#938,#946,#948,.T.);
#946 = VERTEX_POINT('',#947);
#947 = CARTESIAN_POINT('',(12.05,7.,21.5));
#948 = LINE('',#949,#950);
#949 = CARTESIAN_POINT('',(12.05,7.,-43.));
#950 = VECTOR('',#951,1.);
#951 = DIRECTION('',(0.,-2.2E-16,1.));
#952 = ORIENTED_EDGE('',*,*,#953,.T.);
#953 = EDGE_CURVE('',#946,#954,#956,.T.);
#954 = VERTEX_POINT('',#955);
#955 = CARTESIAN_POINT('',(19.,7.,21.5));
#956 = LINE('',#957,#958);
#957 = CARTESIAN_POINT('',(-19.,7.,21.5));
#958 = VECTOR('',#959,1.);
#959 = DIRECTION('',(1.,0.,2.2E-16));
#960 = ORIENTED_EDGE('',*,*,#961,.F.);
#961 = EDGE_CURVE('',#913,#954,#962,.T.);
#962 = LINE('',#963,#964);
#963 = CARTESIAN_POINT('',(19.,7.,-43.));
#964 = VECTOR('',#965,1.);
#965 = DIRECTION('',(0.,0.,1.));
#966 = PLANE('',#967);
#967 = AXIS2_PLACEMENT_3D('',#968,#969,#970);
#968 = CARTESIAN_POINT('',(-1.15E-15,7.,-3.15E-15));
#969 = DIRECTION('',(0.,1.,2.2E-16));
#970 = DIRECTION('',(-1.,0.,0.));
#971 = ADVANCED_FACE('',(#972),#997,.T.);
#972 = FACE_BOUND('',#973,.T.);
#973 = EDGE_LOOP('',(#974,#982,#990,#996));
#974 = ORIENTED_EDGE('',*,*,#975,.T.);
#975 = EDGE_CURVE('',#913,#976,#978,.T.);
#976 = VERTEX_POINT('',#977);
#977 = CARTESIAN_POINT('',(19.,3.75,12.6));
#978 = LINE('',#979,#980);
#979 = CARTESIAN_POINT('',(19.,7.,12.6));
#980 = VECTOR('',#981,1.);
#981 = DIRECTION('',(0.,-1.,-2.2E-16));
#982 = ORIENTED_EDGE('',*,*,#983,.T.);
#983 = EDGE_CURVE('',#976,#984,#986,.T.);
#984 = VERTEX_POINT('',#985);
#985 = CARTESIAN_POINT('',(-19.,3.75,12.6));
#986 = LINE('',#987,#988);
#987 = CARTESIAN_POINT('',(19.,3.75,12.6));
#988 = VECTOR('',#989,1.);
#989 = DIRECTION('',(-1.,0.,-0.));
#990 = ORIENTED_EDGE('',*,*,#991,.F.);
#991 = EDGE_CURVE('',#915,#984,#992,.T.);
#992 = LINE('',#993,#994);
#993 = CARTESIAN_POINT('',(-19.,7.,12.6));
#994 = VECTOR('',#995,1.);
#995 = DIRECTION('',(0.,-1.,-2.2E-16));
#996 = ORIENTED_EDGE('',*,*,#912,.F.);
#997 = PLANE('',#998);
#998 = AXIS2_PLACEMENT_3D('',#999,#1000,#1001);
#999 = CARTESIAN_POINT('',(19.,7.,12.6));
#1000 = DIRECTION('',(0.,2.2E-16,-1.));
#1001 = DIRECTION('',(-1.,0.,0.));
#1002 = ADVANCED_FACE('',(#1003),#1037,.F.);
#1003 = FACE_BOUND('',#1004,.T.);
#1004 = EDGE_LOOP('',(#1005,#1015,#1023,#1031));
#1005 = ORIENTED_EDGE('',*,*,#1006,.F.);
#1006 = EDGE_CURVE('',#1007,#1009,#1011,.T.);
#1007 = VERTEX_POINT('',#1008);
#1008 = CARTESIAN_POINT('',(-5.,-7.,-42.5));
#1009 = VERTEX_POINT('',#1010);
#1010 = CARTESIAN_POINT('',(-4.,-6.,-42.5));
#1011 = LINE('',#1012,#1013);
#1012 = CARTESIAN_POINT('',(-4.75,-6.75,-42.5));
#1013 = VECTOR('',#1014,1.);
#1014 = DIRECTION('',(0.707106781187,0.707106781187,-1.09E-15));
#1015 = ORIENTED_EDGE('',*,*,#1016,.T.);
#1016 = EDGE_CURVE('',#1007,#1017,#1019,.T.);
#1017 = VERTEX_POINT('',#1018);
#1018 = CARTESIAN_POINT('',(-5.,-7.,-45.5));
#1019 = LINE('',#1020,#1021);
#1020 = CARTESIAN_POINT('',(-5.,-7.,-41.5));
#1021 = VECTOR('',#1022,1.);
#1022 = DIRECTION('',(0.,0.,-1.));
#1023 = ORIENTED_EDGE('',*,*,#1024,.F.);
#1024 = EDGE_CURVE('',#1025,#1017,#1027,.T.);
#1025 = VERTEX_POINT('',#1026);
#1026 = CARTESIAN_POINT('',(-4.,-6.,-45.5));
#1027 = LINE('',#1028,#1029);
#1028 = CARTESIAN_POINT('',(-4.25,-6.25,-45.5));
#1029 = VECTOR('',#1030,1.);
#1030 = DIRECTION('',(-0.707106781187,-0.707106781187,-8.3E-16));
#1031 = ORIENTED_EDGE('',*,*,#1032,.F.);
#1032 = EDGE_CURVE('',#1009,#1025,#1033,.T.);
#1033 = LINE('',#1034,#1035);
#1034 = CARTESIAN_POINT('',(-4.,-6.,-41.5));
#1035 = VECTOR('',#1036,1.);
#1036 = DIRECTION('',(0.,0.,-1.));
#1037 = PLANE('',#1038);
#1038 = AXIS2_PLACEMENT_3D('',#1039,#1040,#1041);
#1039 = CARTESIAN_POINT('',(-4.5,-6.5,-41.5));
#1040 = DIRECTION('',(-0.707106781187,0.707106781187,-4.E-17));
#1041 = DIRECTION('',(-2.828427124746E-17,2.828427124746E-17,1.));
#1042 = ADVANCED_FACE('',(#1043),#1068,.F.);
#1043 = FACE_BOUND('',#1044,.F.);
#1044 = EDGE_LOOP('',(#1045,#1046,#1054,#1062));
#1045 = ORIENTED_EDGE('',*,*,#1006,.F.);
#1046 = ORIENTED_EDGE('',*,*,#1047,.T.);
#1047 = EDGE_CURVE('',#1007,#1048,#1050,.T.);
#1048 = VERTEX_POINT('',#1049);
#1049 = CARTESIAN_POINT('',(-3.,-7.,-40.5));
#1050 = LINE('',#1051,#1052);
#1051 = CARTESIAN_POINT('',(7.739726027397,-7.,-29.7602739726));
#1052 = VECTOR('',#1053,1.);
#1053 = DIRECTION('',(0.707106781187,0.,0.707106781187));
#1054 = ORIENTED_EDGE('',*,*,#1055,.T.);
#1055 = EDGE_CURVE('',#1048,#1056,#1058,.T.);
#1056 = VERTEX_POINT('',#1057);
#1057 = CARTESIAN_POINT('',(-3.,-6.,-41.5));
#1058 = LINE('',#1059,#1060);
#1059 = CARTESIAN_POINT('',(-3.,-6.25,-41.25));
#1060 = VECTOR('',#1061,1.);
#1061 = DIRECTION('',(5.8E-16,0.707106781187,-0.707106781187));
#1062 = ORIENTED_EDGE('',*,*,#1063,.F.);
#1063 = EDGE_CURVE('',#1009,#1056,#1064,.T.);
#1064 = LINE('',#1065,#1066);
#1065 = CARTESIAN_POINT('',(-4.,-6.,-42.5));
#1066 = VECTOR('',#1067,1.);
#1067 = DIRECTION('',(0.707106781187,-8.3E-16,0.707106781187));
#1068 = PLANE('',#1069);
#1069 = AXIS2_PLACEMENT_3D('',#1070,#1071,#1072);
#1070 = CARTESIAN_POINT('',(-5.,-7.,-42.5));
#1071 = DIRECTION('',(-0.57735026919,0.57735026919,0.57735026919));
#1072 = DIRECTION('',(0.707106781187,-1.665334536938E-16,0.707106781187)
  );
#1073 = ADVANCED_FACE('',(#1074),#1099,.F.);
#1074 = FACE_BOUND('',#1075,.T.);
#1075 = EDGE_LOOP('',(#1076,#1086,#1092,#1093));
#1076 = ORIENTED_EDGE('',*,*,#1077,.F.);
#1077 = EDGE_CURVE('',#1078,#1080,#1082,.T.);
#1078 = VERTEX_POINT('',#1079);
#1079 = CARTESIAN_POINT('',(3.,-7.,-40.5));
#1080 = VERTEX_POINT('',#1081);
#1081 = CARTESIAN_POINT('',(3.,-6.,-41.5));
#1082 = LINE('',#1083,#1084);
#1083 = CARTESIAN_POINT('',(3.,-6.75,-40.75));
#1084 = VECTOR('',#1085,1.);
#1085 = DIRECTION('',(-1.35E-15,0.707106781187,-0.707106781187));
#1086 = ORIENTED_EDGE('',*,*,#1087,.T.);
#1087 = EDGE_CURVE('',#1078,#1048,#1088,.T.);
#1088 = LINE('',#1089,#1090);
#1089 = CARTESIAN_POINT('',(4.,-7.,-40.5));
#1090 = VECTOR('',#1091,1.);
#1091 = DIRECTION('',(-1.,0.,0.));
#1092 = ORIENTED_EDGE('',*,*,#1055,.T.);
#1093 = ORIENTED_EDGE('',*,*,#1094,.F.);
#1094 = EDGE_CURVE('',#1080,#1056,#1095,.T.);
#1095 = LINE('',#1096,#1097);
#1096 = CARTESIAN_POINT('',(4.,-6.,-41.5));
#1097 = VECTOR('',#1098,1.);
#1098 = DIRECTION('',(-1.,0.,0.));
#1099 = PLANE('',#1100);
#1100 = AXIS2_PLACEMENT_3D('',#1101,#1102,#1103);
#1101 = CARTESIAN_POINT('',(4.,-6.5,-41.));
#1102 = DIRECTION('',(0.,0.707106781187,0.707106781187));
#1103 = DIRECTION('',(1.,0.,0.));
#1104 = ADVANCED_FACE('',(#1105),#1130,.F.);
#1105 = FACE_BOUND('',#1106,.F.);
#1106 = EDGE_LOOP('',(#1107,#1108,#1116,#1124));
#1107 = ORIENTED_EDGE('',*,*,#1077,.F.);
#1108 = ORIENTED_EDGE('',*,*,#1109,.T.);
#1109 = EDGE_CURVE('',#1078,#1110,#1112,.T.);
#1110 = VERTEX_POINT('',#1111);
#1111 = CARTESIAN_POINT('',(5.,-7.,-42.5));
#1112 = LINE('',#1113,#1114);
#1113 = CARTESIAN_POINT('',(-8.739726027397,-7.,-28.7602739726));
#1114 = VECTOR('',#1115,1.);
#1115 = DIRECTION('',(0.707106781187,0.,-0.707106781187));
#1116 = ORIENTED_EDGE('',*,*,#1117,.T.);
#1117 = EDGE_CURVE('',#1110,#1118,#1120,.T.);
#1118 = VERTEX_POINT('',#1119);
#1119 = CARTESIAN_POINT('',(4.,-6.,-42.5));
#1120 = LINE('',#1121,#1122);
#1121 = CARTESIAN_POINT('',(4.25,-6.25,-42.5));
#1122 = VECTOR('',#1123,1.);
#1123 = DIRECTION('',(-0.707106781187,0.707106781187,-5.1E-16));
#1124 = ORIENTED_EDGE('',*,*,#1125,.F.);
#1125 = EDGE_CURVE('',#1080,#1118,#1126,.T.);
#1126 = LINE('',#1127,#1128);
#1127 = CARTESIAN_POINT('',(3.,-6.,-41.5));
#1128 = VECTOR('',#1129,1.);
#1129 = DIRECTION('',(0.707106781187,-5.1E-16,-0.707106781187));
#1130 = PLANE('',#1131);
#1131 = AXIS2_PLACEMENT_3D('',#1132,#1133,#1134);
#1132 = CARTESIAN_POINT('',(3.,-7.,-40.5));
#1133 = DIRECTION('',(0.57735026919,0.57735026919,0.57735026919));
#1134 = DIRECTION('',(0.707106781187,1.665334536938E-16,-0.707106781187)
  );
#1135 = ADVANCED_FACE('',(#1136),#1161,.F.);
#1136 = FACE_BOUND('',#1137,.T.);
#1137 = EDGE_LOOP('',(#1138,#1148,#1154,#1155));
#1138 = ORIENTED_EDGE('',*,*,#1139,.T.);
#1139 = EDGE_CURVE('',#1140,#1142,#1144,.T.);
#1140 = VERTEX_POINT('',#1141);
#1141 = CARTESIAN_POINT('',(4.,-6.,-45.5));
#1142 = VERTEX_POINT('',#1143);
#1143 = CARTESIAN_POINT('',(5.,-7.,-45.5));
#1144 = LINE('',#1145,#1146);
#1145 = CARTESIAN_POINT('',(4.25,-6.25,-45.5));
#1146 = VECTOR('',#1147,1.);
#1147 = DIRECTION('',(0.707106781187,-0.707106781187,-1.99E-15));
#1148 = ORIENTED_EDGE('',*,*,#1149,.T.);
#1149 = EDGE_CURVE('',#1142,#1110,#1150,.T.);
#1150 = LINE('',#1151,#1152);
#1151 = CARTESIAN_POINT('',(5.,-7.,-46.5));
#1152 = VECTOR('',#1153,1.);
#1153 = DIRECTION('',(0.,0.,1.));
#1154 = ORIENTED_EDGE('',*,*,#1117,.T.);
#1155 = ORIENTED_EDGE('',*,*,#1156,.F.);
#1156 = EDGE_CURVE('',#1140,#1118,#1157,.T.);
#1157 = LINE('',#1158,#1159);
#1158 = CARTESIAN_POINT('',(4.,-6.,-46.5));
#1159 = VECTOR('',#1160,1.);
#1160 = DIRECTION('',(0.,0.,1.));
#1161 = PLANE('',#1162);
#1162 = AXIS2_PLACEMENT_3D('',#1163,#1164,#1165);
#1163 = CARTESIAN_POINT('',(4.5,-6.5,-46.5));
#1164 = DIRECTION('',(0.707106781187,0.707106781187,-2.E-17));
#1165 = DIRECTION('',(-1.414213562373E-17,-1.414213562373E-17,-1.));
#1166 = ADVANCED_FACE('',(#1167),#1184,.F.);
#1167 = FACE_BOUND('',#1168,.F.);
#1168 = EDGE_LOOP('',(#1169,#1170,#1178));
#1169 = ORIENTED_EDGE('',*,*,#1024,.F.);
#1170 = ORIENTED_EDGE('',*,*,#1171,.T.);
#1171 = EDGE_CURVE('',#1025,#1172,#1174,.T.);
#1172 = VERTEX_POINT('',#1173);
#1173 = CARTESIAN_POINT('',(-5.,-6.,-46.5));
#1174 = LINE('',#1175,#1176);
#1175 = CARTESIAN_POINT('',(-4.25,-6.,-45.75));
#1176 = VECTOR('',#1177,1.);
#1177 = DIRECTION('',(-0.707106781187,4.49E-15,-0.707106781187));
#1178 = ORIENTED_EDGE('',*,*,#1179,.F.);
#1179 = EDGE_CURVE('',#1017,#1172,#1180,.T.);
#1180 = LINE('',#1181,#1182);
#1181 = CARTESIAN_POINT('',(-5.,-6.5,-46.));
#1182 = VECTOR('',#1183,1.);
#1183 = DIRECTION('',(-5.E-15,0.707106781187,-0.707106781187));
#1184 = PLANE('',#1185);
#1185 = AXIS2_PLACEMENT_3D('',#1186,#1187,#1188);
#1186 = CARTESIAN_POINT('',(-4.,-6.,-45.5));
#1187 = DIRECTION('',(-0.57735026919,0.57735026919,0.57735026919));
#1188 = DIRECTION('',(-5.051514762044E-15,0.707106781187,-0.707106781187
    ));
#1189 = ADVANCED_FACE('',(#1190),#1215,.F.);
#1190 = FACE_BOUND('',#1191,.F.);
#1191 = EDGE_LOOP('',(#1192,#1202,#1208,#1209));
#1192 = ORIENTED_EDGE('',*,*,#1193,.T.);
#1193 = EDGE_CURVE('',#1194,#1196,#1198,.T.);
#1194 = VERTEX_POINT('',#1195);
#1195 = CARTESIAN_POINT('',(-18.,-6.,-46.5));
#1196 = VERTEX_POINT('',#1197);
#1197 = CARTESIAN_POINT('',(-18.,-7.,-45.5));
#1198 = LINE('',#1199,#1200);
#1199 = CARTESIAN_POINT('',(-18.,-6.25,-46.25));
#1200 = VECTOR('',#1201,1.);
#1201 = DIRECTION('',(-5.67E-15,-0.707106781187,0.707106781187));
#1202 = ORIENTED_EDGE('',*,*,#1203,.T.);
#1203 = EDGE_CURVE('',#1196,#1017,#1204,.T.);
#1204 = LINE('',#1205,#1206);
#1205 = CARTESIAN_POINT('',(-19.,-7.,-45.5));
#1206 = VECTOR('',#1207,1.);
#1207 = DIRECTION('',(1.,0.,0.));
#1208 = ORIENTED_EDGE('',*,*,#1179,.T.);
#1209 = ORIENTED_EDGE('',*,*,#1210,.F.);
#1210 = EDGE_CURVE('',#1194,#1172,#1211,.T.);
#1211 = LINE('',#1212,#1213);
#1212 = CARTESIAN_POINT('',(-19.,-6.,-46.5));
#1213 = VECTOR('',#1214,1.);
#1214 = DIRECTION('',(1.,0.,0.));
#1215 = PLANE('',#1216);
#1216 = AXIS2_PLACEMENT_3D('',#1217,#1218,#1219);
#1217 = CARTESIAN_POINT('',(-19.,-6.5,-46.));
#1218 = DIRECTION('',(0.,0.707106781187,0.707106781187));
#1219 = DIRECTION('',(1.,0.,0.));
#1220 = ADVANCED_FACE('',(#1221),#1238,.T.);
#1221 = FACE_BOUND('',#1222,.T.);
#1222 = EDGE_LOOP('',(#1223,#1231,#1232));
#1223 = ORIENTED_EDGE('',*,*,#1224,.F.);
#1224 = EDGE_CURVE('',#1194,#1225,#1227,.T.);
#1225 = VERTEX_POINT('',#1226);
#1226 = CARTESIAN_POINT('',(-19.,-6.,-45.5));
#1227 = LINE('',#1228,#1229);
#1228 = CARTESIAN_POINT('',(-18.25,-6.,-46.25));
#1229 = VECTOR('',#1230,1.);
#1230 = DIRECTION('',(-0.707106781187,-3.33E-15,0.707106781187));
#1231 = ORIENTED_EDGE('',*,*,#1193,.T.);
#1232 = ORIENTED_EDGE('',*,*,#1233,.F.);
#1233 = EDGE_CURVE('',#1225,#1196,#1234,.T.);
#1234 = LINE('',#1235,#1236);
#1235 = CARTESIAN_POINT('',(-18.5,-6.5,-45.5));
#1236 = VECTOR('',#1237,1.);
#1237 = DIRECTION('',(0.707106781187,-0.707106781187,-2.66E-15));
#1238 = PLANE('',#1239);
#1239 = AXIS2_PLACEMENT_3D('',#1240,#1241,#1242);
#1240 = CARTESIAN_POINT('',(-18.,-6.,-46.5));
#1241 = DIRECTION('',(-0.57735026919,-0.57735026919,-0.57735026919));
#1242 = DIRECTION('',(0.707106781187,-0.707106781187,-5.162537064507E-15
    ));
#1243 = ADVANCED_FACE('',(#1244),#1269,.T.);
#1244 = FACE_BOUND('',#1245,.T.);
#1245 = EDGE_LOOP('',(#1246,#1247,#1255,#1263));
#1246 = ORIENTED_EDGE('',*,*,#1233,.T.);
#1247 = ORIENTED_EDGE('',*,*,#1248,.T.);
#1248 = EDGE_CURVE('',#1196,#1249,#1251,.T.);
#1249 = VERTEX_POINT('',#1250);
#1250 = CARTESIAN_POINT('',(-18.,-7.,-1.1));
#1251 = LINE('',#1252,#1253);
#1252 = CARTESIAN_POINT('',(-18.,-7.,-46.5));
#1253 = VECTOR('',#1254,1.);
#1254 = DIRECTION('',(0.,0.,1.));
#1255 = ORIENTED_EDGE('',*,*,#1256,.F.);
#1256 = EDGE_CURVE('',#1257,#1249,#1259,.T.);
#1257 = VERTEX_POINT('',#1258);
#1258 = CARTESIAN_POINT('',(-19.,-6.,-1.1));
#1259 = LINE('',#1260,#1261);
#1260 = CARTESIAN_POINT('',(-18.5,-6.5,-1.1));
#1261 = VECTOR('',#1262,1.);
#1262 = DIRECTION('',(0.707106781187,-0.707106781187,1.6E-16));
#1263 = ORIENTED_EDGE('',*,*,#1264,.F.);
#1264 = EDGE_CURVE('',#1225,#1257,#1265,.T.);
#1265 = LINE('',#1266,#1267);
#1266 = CARTESIAN_POINT('',(-19.,-6.,-46.5));
#1267 = VECTOR('',#1268,1.);
#1268 = DIRECTION('',(0.,0.,1.));
#1269 = PLANE('',#1270);
#1270 = AXIS2_PLACEMENT_3D('',#1271,#1272,#1273);
#1271 = CARTESIAN_POINT('',(-18.5,-6.5,-46.5));
#1272 = DIRECTION('',(-0.707106781187,-0.707106781187,-2.E-17));
#1273 = DIRECTION('',(-1.414213562373E-17,-1.414213562373E-17,1.));
#1274 = ADVANCED_FACE('',(#1275),#1292,.T.);
#1275 = FACE_BOUND('',#1276,.T.);
#1276 = EDGE_LOOP('',(#1277,#1285,#1291));
#1277 = ORIENTED_EDGE('',*,*,#1278,.F.);
#1278 = EDGE_CURVE('',#1279,#1249,#1281,.T.);
#1279 = VERTEX_POINT('',#1280);
#1280 = CARTESIAN_POINT('',(-19.,-7.,-1.1));
#1281 = LINE('',#1282,#1283);
#1282 = CARTESIAN_POINT('',(-19.,-7.,-1.1));
#1283 = VECTOR('',#1284,1.);
#1284 = DIRECTION('',(1.,0.,0.));
#1285 = ORIENTED_EDGE('',*,*,#1286,.T.);
#1286 = EDGE_CURVE('',#1279,#1257,#1287,.T.);
#1287 = LINE('',#1288,#1289);
#1288 = CARTESIAN_POINT('',(-19.,-7.,-1.1));
#1289 = VECTOR('',#1290,1.);
#1290 = DIRECTION('',(0.,1.,-2.2E-16));
#1291 = ORIENTED_EDGE('',*,*,#1256,.T.);
#1292 = PLANE('',#1293);
#1293 = AXIS2_PLACEMENT_3D('',#1294,#1295,#1296);
#1294 = CARTESIAN_POINT('',(-19.,-7.,-1.1));
#1295 = DIRECTION('',(0.,-2.2E-16,-1.));
#1296 = DIRECTION('',(1.,0.,0.));
#1297 = ADVANCED_FACE('',(#1298),#1323,.F.);
#1298 = FACE_BOUND('',#1299,.F.);
#1299 = EDGE_LOOP('',(#1300,#1310,#1316,#1317));
#1300 = ORIENTED_EDGE('',*,*,#1301,.F.);
#1301 = EDGE_CURVE('',#1302,#1304,#1306,.T.);
#1302 = VERTEX_POINT('',#1303);
#1303 = CARTESIAN_POINT('',(-18.,7.,-46.5));
#1304 = VERTEX_POINT('',#1305);
#1305 = CARTESIAN_POINT('',(-5.,7.,-46.5));
#1306 = LINE('',#1307,#1308);
#1307 = CARTESIAN_POINT('',(-19.,7.,-46.5));
#1308 = VECTOR('',#1309,1.);
#1309 = DIRECTION('',(1.,0.,0.));
#1310 = ORIENTED_EDGE('',*,*,#1311,.T.);
#1311 = EDGE_CURVE('',#1302,#1194,#1312,.T.);
#1312 = LINE('',#1313,#1314);
#1313 = CARTESIAN_POINT('',(-18.,7.,-46.5));
#1314 = VECTOR('',#1315,1.);
#1315 = DIRECTION('',(0.,-1.,0.));
#1316 = ORIENTED_EDGE('',*,*,#1210,.T.);
#1317 = ORIENTED_EDGE('',*,*,#1318,.F.);
#1318 = EDGE_CURVE('',#1304,#1172,#1319,.T.);
#1319 = LINE('',#1320,#1321);
#1320 = CARTESIAN_POINT('',(-5.,7.,-46.5));
#1321 = VECTOR('',#1322,1.);
#1322 = DIRECTION('',(0.,-1.,-2.2E-16));
#1323 = PLANE('',#1324);
#1324 = AXIS2_PLACEMENT_3D('',#1325,#1326,#1327);
#1325 = CARTESIAN_POINT('',(-19.,7.,-46.5));
#1326 = DIRECTION('',(0.,-2.2E-16,1.));
#1327 = DIRECTION('',(1.,0.,0.));
#1328 = ADVANCED_FACE('',(#1329),#1354,.F.);
#1329 = FACE_BOUND('',#1330,.F.);
#1330 = EDGE_LOOP('',(#1331,#1341,#1347,#1348));
#1331 = ORIENTED_EDGE('',*,*,#1332,.F.);
#1332 = EDGE_CURVE('',#1333,#1335,#1337,.T.);
#1333 = VERTEX_POINT('',#1334);
#1334 = CARTESIAN_POINT('',(-4.,7.,-45.5));
#1335 = VERTEX_POINT('',#1336);
#1336 = CARTESIAN_POINT('',(-4.,7.,-42.5));
#1337 = LINE('',#1338,#1339);
#1338 = CARTESIAN_POINT('',(-4.,7.,-46.5));
#1339 = VECTOR('',#1340,1.);
#1340 = DIRECTION('',(0.,-2.2E-16,1.));
#1341 = ORIENTED_EDGE('',*,*,#1342,.T.);
#1342 = EDGE_CURVE('',#1333,#1025,#1343,.T.);
#1343 = LINE('',#1344,#1345);
#1344 = CARTESIAN_POINT('',(-4.,7.,-45.5));
#1345 = VECTOR('',#1346,1.);
#1346 = DIRECTION('',(0.,-1.,-2.2E-16));
#1347 = ORIENTED_EDGE('',*,*,#1032,.F.);
#1348 = ORIENTED_EDGE('',*,*,#1349,.F.);
#1349 = EDGE_CURVE('',#1335,#1009,#1350,.T.);
#1350 = LINE('',#1351,#1352);
#1351 = CARTESIAN_POINT('',(-4.,7.,-42.5));
#1352 = VECTOR('',#1353,1.);
#1353 = DIRECTION('',(0.,-1.,-2.2E-16));
#1354 = PLANE('',#1355);
#1355 = AXIS2_PLACEMENT_3D('',#1356,#1357,#1358);
#1356 = CARTESIAN_POINT('',(-4.,7.,-46.5));
#1357 = DIRECTION('',(-1.,0.,0.));
#1358 = DIRECTION('',(0.,-2.2E-16,1.));
#1359 = ADVANCED_FACE('',(#1360),#1378,.F.);
#1360 = FACE_BOUND('',#1361,.T.);
#1361 = EDGE_LOOP('',(#1362,#1370,#1376,#1377));
#1362 = ORIENTED_EDGE('',*,*,#1363,.F.);
#1363 = EDGE_CURVE('',#1364,#1335,#1366,.T.);
#1364 = VERTEX_POINT('',#1365);
#1365 = CARTESIAN_POINT('',(-3.,7.,-41.5));
#1366 = LINE('',#1367,#1368);
#1367 = CARTESIAN_POINT('',(-1.824512489045,7.,-40.32451248904));
#1368 = VECTOR('',#1369,1.);
#1369 = DIRECTION('',(-0.707106781187,3.3E-16,-0.707106781187));
#1370 = ORIENTED_EDGE('',*,*,#1371,.T.);
#1371 = EDGE_CURVE('',#1364,#1056,#1372,.T.);
#1372 = LINE('',#1373,#1374);
#1373 = CARTESIAN_POINT('',(-3.,7.,-41.5));
#1374 = VECTOR('',#1375,1.);
#1375 = DIRECTION('',(0.,-1.,-2.2E-16));
#1376 = ORIENTED_EDGE('',*,*,#1063,.F.);
#1377 = ORIENTED_EDGE('',*,*,#1349,.F.);
#1378 = PLANE('',#1379);
#1379 = AXIS2_PLACEMENT_3D('',#1380,#1381,#1382);
#1380 = CARTESIAN_POINT('',(-3.5,7.,-42.));
#1381 = DIRECTION('',(-0.707106781187,-1.6E-16,0.707106781187));
#1382 = DIRECTION('',(-3.137084989848E-18,1.,2.231370849898E-16));
#1383 = ADVANCED_FACE('',(#1384),#1401,.T.);
#1384 = FACE_BOUND('',#1385,.T.);
#1385 = EDGE_LOOP('',(#1386,#1387,#1395));
#1386 = ORIENTED_EDGE('',*,*,#1139,.F.);
#1387 = ORIENTED_EDGE('',*,*,#1388,.T.);
#1388 = EDGE_CURVE('',#1140,#1389,#1391,.T.);
#1389 = VERTEX_POINT('',#1390);
#1390 = CARTESIAN_POINT('',(5.,-6.,-46.5));
#1391 = LINE('',#1392,#1393);
#1392 = CARTESIAN_POINT('',(4.25,-6.,-45.75));
#1393 = VECTOR('',#1394,1.);
#1394 = DIRECTION('',(0.707106781187,2.66E-15,-0.707106781187));
#1395 = ORIENTED_EDGE('',*,*,#1396,.F.);
#1396 = EDGE_CURVE('',#1142,#1389,#1397,.T.);
#1397 = LINE('',#1398,#1399);
#1398 = CARTESIAN_POINT('',(5.,-6.5,-46.));
#1399 = VECTOR('',#1400,1.);
#1400 = DIRECTION('',(4.33E-15,0.707106781187,-0.707106781187));
#1401 = PLANE('',#1402);
#1402 = AXIS2_PLACEMENT_3D('',#1403,#1404,#1405);
#1403 = CARTESIAN_POINT('',(4.,-6.,-45.5));
#1404 = DIRECTION('',(-0.57735026919,-0.57735026919,-0.57735026919));
#1405 = DIRECTION('',(-1.276756478319E-15,0.707106781187,-0.707106781187
    ));
#1406 = ADVANCED_FACE('',(#1407),#1432,.F.);
#1407 = FACE_BOUND('',#1408,.F.);
#1408 = EDGE_LOOP('',(#1409,#1417,#1425,#1431));
#1409 = ORIENTED_EDGE('',*,*,#1410,.T.);
#1410 = EDGE_CURVE('',#1142,#1411,#1413,.T.);
#1411 = VERTEX_POINT('',#1412);
#1412 = CARTESIAN_POINT('',(18.,-7.,-45.5));
#1413 = LINE('',#1414,#1415);
#1414 = CARTESIAN_POINT('',(4.,-7.,-45.5));
#1415 = VECTOR('',#1416,1.);
#1416 = DIRECTION('',(1.,0.,0.));
#1417 = ORIENTED_EDGE('',*,*,#1418,.F.);
#1418 = EDGE_CURVE('',#1419,#1411,#1421,.T.);
#1419 = VERTEX_POINT('',#1420);
#1420 = CARTESIAN_POINT('',(18.,-6.,-46.5));
#1421 = LINE('',#1422,#1423);
#1422 = CARTESIAN_POINT('',(18.,-6.25,-46.25));
#1423 = VECTOR('',#1424,1.);
#1424 = DIRECTION('',(5.67E-15,-0.707106781187,0.707106781187));
#1425 = ORIENTED_EDGE('',*,*,#1426,.F.);
#1426 = EDGE_CURVE('',#1389,#1419,#1427,.T.);
#1427 = LINE('',#1428,#1429);
#1428 = CARTESIAN_POINT('',(4.,-6.,-46.5));
#1429 = VECTOR('',#1430,1.);
#1430 = DIRECTION('',(1.,0.,0.));
#1431 = ORIENTED_EDGE('',*,*,#1396,.F.);
#1432 = PLANE('',#1433);
#1433 = AXIS2_PLACEMENT_3D('',#1434,#1435,#1436);
#1434 = CARTESIAN_POINT('',(4.,-6.5,-46.));
#1435 = DIRECTION('',(0.,0.707106781187,0.707106781187));
#1436 = DIRECTION('',(1.,0.,0.));
#1437 = ADVANCED_FACE('',(#1438),#1455,.T.);
#1438 = FACE_BOUND('',#1439,.T.);
#1439 = EDGE_LOOP('',(#1440,#1441,#1449));
#1440 = ORIENTED_EDGE('',*,*,#1418,.F.);
#1441 = ORIENTED_EDGE('',*,*,#1442,.T.);
#1442 = EDGE_CURVE('',#1419,#1443,#1445,.T.);
#1443 = VERTEX_POINT('',#1444);
#1444 = CARTESIAN_POINT('',(19.,-6.,-45.5));
#1445 = LINE('',#1446,#1447);
#1446 = CARTESIAN_POINT('',(18.25,-6.,-46.25));
#1447 = VECTOR('',#1448,1.);
#1448 = DIRECTION('',(0.707106781187,-3.33E-15,0.707106781187));
#1449 = ORIENTED_EDGE('',*,*,#1450,.F.);
#1450 = EDGE_CURVE('',#1411,#1443,#1451,.T.);
#1451 = LINE('',#1452,#1453);
#1452 = CARTESIAN_POINT('',(18.5,-6.5,-45.5));
#1453 = VECTOR('',#1454,1.);
#1454 = DIRECTION('',(0.707106781187,0.707106781187,2.66E-15));
#1455 = PLANE('',#1456);
#1456 = AXIS2_PLACEMENT_3D('',#1457,#1458,#1459);
#1457 = CARTESIAN_POINT('',(18.,-6.,-46.5));
#1458 = DIRECTION('',(0.57735026919,-0.57735026919,-0.57735026919));
#1459 = DIRECTION('',(0.707106781187,0.707106781187,5.162537064507E-15)
  );
#1460 = ADVANCED_FACE('',(#1461),#1486,.T.);
#1461 = FACE_BOUND('',#1462,.F.);
#1462 = EDGE_LOOP('',(#1463,#1464,#1472,#1480));
#1463 = ORIENTED_EDGE('',*,*,#1450,.F.);
#1464 = ORIENTED_EDGE('',*,*,#1465,.T.);
#1465 = EDGE_CURVE('',#1411,#1466,#1468,.T.);
#1466 = VERTEX_POINT('',#1467);
#1467 = CARTESIAN_POINT('',(18.,-7.,-1.1));
#1468 = LINE('',#1469,#1470);
#1469 = CARTESIAN_POINT('',(18.,-7.,-46.5));
#1470 = VECTOR('',#1471,1.);
#1471 = DIRECTION('',(0.,0.,1.));
#1472 = ORIENTED_EDGE('',*,*,#1473,.F.);
#1473 = EDGE_CURVE('',#1474,#1466,#1476,.T.);
#1474 = VERTEX_POINT('',#1475);
#1475 = CARTESIAN_POINT('',(19.,-6.,-1.1));
#1476 = LINE('',#1477,#1478);
#1477 = CARTESIAN_POINT('',(18.25,-6.75,-1.1));
#1478 = VECTOR('',#1479,1.);
#1479 = DIRECTION('',(-0.707106781187,-0.707106781187,1.6E-16));
#1480 = ORIENTED_EDGE('',*,*,#1481,.F.);
#1481 = EDGE_CURVE('',#1443,#1474,#1482,.T.);
#1482 = LINE('',#1483,#1484);
#1483 = CARTESIAN_POINT('',(19.,-6.,-46.5));
#1484 = VECTOR('',#1485,1.);
#1485 = DIRECTION('',(0.,0.,1.));
#1486 = PLANE('',#1487);
#1487 = AXIS2_PLACEMENT_3D('',#1488,#1489,#1490);
#1488 = CARTESIAN_POINT('',(18.5,-6.5,-46.5));
#1489 = DIRECTION('',(0.707106781187,-0.707106781187,2.E-17));
#1490 = DIRECTION('',(1.414213562373E-17,-1.414213562373E-17,-1.));
#1491 = ADVANCED_FACE('',(#1492),#1509,.T.);
#1492 = FACE_BOUND('',#1493,.T.);
#1493 = EDGE_LOOP('',(#1494,#1502,#1503));
#1494 = ORIENTED_EDGE('',*,*,#1495,.F.);
#1495 = EDGE_CURVE('',#1466,#1496,#1498,.T.);
#1496 = VERTEX_POINT('',#1497);
#1497 = CARTESIAN_POINT('',(19.,-7.,-1.1));
#1498 = LINE('',#1499,#1500);
#1499 = CARTESIAN_POINT('',(18.,-7.,-1.1));
#1500 = VECTOR('',#1501,1.);
#1501 = DIRECTION('',(1.,0.,0.));
#1502 = ORIENTED_EDGE('',*,*,#1473,.F.);
#1503 = ORIENTED_EDGE('',*,*,#1504,.F.);
#1504 = EDGE_CURVE('',#1496,#1474,#1505,.T.);
#1505 = LINE('',#1506,#1507);
#1506 = CARTESIAN_POINT('',(19.,-7.,-1.1));
#1507 = VECTOR('',#1508,1.);
#1508 = DIRECTION('',(0.,1.,-2.2E-16));
#1509 = PLANE('',#1510);
#1510 = AXIS2_PLACEMENT_3D('',#1511,#1512,#1513);
#1511 = CARTESIAN_POINT('',(18.,-7.,-1.1));
#1512 = DIRECTION('',(0.,-2.2E-16,-1.));
#1513 = DIRECTION('',(1.,0.,0.));
#1514 = ADVANCED_FACE('',(#1515),#1540,.F.);
#1515 = FACE_BOUND('',#1516,.F.);
#1516 = EDGE_LOOP('',(#1517,#1527,#1533,#1534));
#1517 = ORIENTED_EDGE('',*,*,#1518,.F.);
#1518 = EDGE_CURVE('',#1519,#1521,#1523,.T.);
#1519 = VERTEX_POINT('',#1520);
#1520 = CARTESIAN_POINT('',(5.,7.,-46.5));
#1521 = VERTEX_POINT('',#1522);
#1522 = CARTESIAN_POINT('',(18.,7.,-46.5));
#1523 = LINE('',#1524,#1525);
#1524 = CARTESIAN_POINT('',(-19.,7.,-46.5));
#1525 = VECTOR('',#1526,1.);
#1526 = DIRECTION('',(1.,0.,0.));
#1527 = ORIENTED_EDGE('',*,*,#1528,.T.);
#1528 = EDGE_CURVE('',#1519,#1389,#1529,.T.);
#1529 = LINE('',#1530,#1531);
#1530 = CARTESIAN_POINT('',(5.,7.,-46.5));
#1531 = VECTOR('',#1532,1.);
#1532 = DIRECTION('',(0.,-1.,-2.2E-16));
#1533 = ORIENTED_EDGE('',*,*,#1426,.T.);
#1534 = ORIENTED_EDGE('',*,*,#1535,.F.);
#1535 = EDGE_CURVE('',#1521,#1419,#1536,.T.);
#1536 = LINE('',#1537,#1538);
#1537 = CARTESIAN_POINT('',(18.,7.,-46.5));
#1538 = VECTOR('',#1539,1.);
#1539 = DIRECTION('',(0.,-1.,0.));
#1540 = PLANE('',#1541);
#1541 = AXIS2_PLACEMENT_3D('',#1542,#1543,#1544);
#1542 = CARTESIAN_POINT('',(-19.,7.,-46.5));
#1543 = DIRECTION('',(0.,-2.2E-16,1.));
#1544 = DIRECTION('',(1.,0.,0.));
#1545 = ADVANCED_FACE('',(#1546),#1564,.F.);
#1546 = FACE_BOUND('',#1547,.F.);
#1547 = EDGE_LOOP('',(#1548,#1556,#1557,#1558));
#1548 = ORIENTED_EDGE('',*,*,#1549,.F.);
#1549 = EDGE_CURVE('',#1364,#1550,#1552,.T.);
#1550 = VERTEX_POINT('',#1551);
#1551 = CARTESIAN_POINT('',(3.,7.,-41.5));
#1552 = LINE('',#1553,#1554);
#1553 = CARTESIAN_POINT('',(-4.,7.,-41.5));
#1554 = VECTOR('',#1555,1.);
#1555 = DIRECTION('',(1.,0.,0.));
#1556 = ORIENTED_EDGE('',*,*,#1371,.T.);
#1557 = ORIENTED_EDGE('',*,*,#1094,.F.);
#1558 = ORIENTED_EDGE('',*,*,#1559,.F.);
#1559 = EDGE_CURVE('',#1550,#1080,#1560,.T.);
#1560 = LINE('',#1561,#1562);
#1561 = CARTESIAN_POINT('',(3.,7.,-41.5));
#1562 = VECTOR('',#1563,1.);
#1563 = DIRECTION('',(0.,-1.,-2.2E-16));
#1564 = PLANE('',#1565);
#1565 = AXIS2_PLACEMENT_3D('',#1566,#1567,#1568);
#1566 = CARTESIAN_POINT('',(-4.,7.,-41.5));
#1567 = DIRECTION('',(0.,-2.2E-16,1.));
#1568 = DIRECTION('',(1.,0.,0.));
#1569 = ADVANCED_FACE('',(#1570),#1595,.F.);
#1570 = FACE_BOUND('',#1571,.F.);
#1571 = EDGE_LOOP('',(#1572,#1582,#1588,#1589));
#1572 = ORIENTED_EDGE('',*,*,#1573,.F.);
#1573 = EDGE_CURVE('',#1574,#1576,#1578,.T.);
#1574 = VERTEX_POINT('',#1575);
#1575 = CARTESIAN_POINT('',(4.,7.,-42.5));
#1576 = VERTEX_POINT('',#1577);
#1577 = CARTESIAN_POINT('',(4.,7.,-45.5));
#1578 = LINE('',#1579,#1580);
#1579 = CARTESIAN_POINT('',(4.,7.,-41.5));
#1580 = VECTOR('',#1581,1.);
#1581 = DIRECTION('',(0.,2.2E-16,-1.));
#1582 = ORIENTED_EDGE('',*,*,#1583,.T.);
#1583 = EDGE_CURVE('',#1574,#1118,#1584,.T.);
#1584 = LINE('',#1585,#1586);
#1585 = CARTESIAN_POINT('',(4.,7.,-42.5));
#1586 = VECTOR('',#1587,1.);
#1587 = DIRECTION('',(0.,-1.,-2.2E-16));
#1588 = ORIENTED_EDGE('',*,*,#1156,.F.);
#1589 = ORIENTED_EDGE('',*,*,#1590,.F.);
#1590 = EDGE_CURVE('',#1576,#1140,#1591,.T.);
#1591 = LINE('',#1592,#1593);
#1592 = CARTESIAN_POINT('',(4.,7.,-45.5));
#1593 = VECTOR('',#1594,1.);
#1594 = DIRECTION('',(0.,-1.,-2.2E-16));
#1595 = PLANE('',#1596);
#1596 = AXIS2_PLACEMENT_3D('',#1597,#1598,#1599);
#1597 = CARTESIAN_POINT('',(4.,7.,-41.5));
#1598 = DIRECTION('',(1.,0.,0.));
#1599 = DIRECTION('',(0.,2.2E-16,-1.));
#1600 = ADVANCED_FACE('',(#1601),#1612,.F.);
#1601 = FACE_BOUND('',#1602,.T.);
#1602 = EDGE_LOOP('',(#1603,#1609,#1610,#1611));
#1603 = ORIENTED_EDGE('',*,*,#1604,.F.);
#1604 = EDGE_CURVE('',#1574,#1550,#1605,.T.);
#1605 = LINE('',#1606,#1607);
#1606 = CARTESIAN_POINT('',(1.824512489045,7.,-40.32451248904));
#1607 = VECTOR('',#1608,1.);
#1608 = DIRECTION('',(-0.707106781187,-3.3E-16,0.707106781187));
#1609 = ORIENTED_EDGE('',*,*,#1583,.T.);
#1610 = ORIENTED_EDGE('',*,*,#1125,.F.);
#1611 = ORIENTED_EDGE('',*,*,#1559,.F.);
#1612 = PLANE('',#1613);
#1613 = AXIS2_PLACEMENT_3D('',#1614,#1615,#1616);
#1614 = CARTESIAN_POINT('',(3.5,7.,-42.));
#1615 = DIRECTION('',(0.707106781187,-1.6E-16,0.707106781187));
#1616 = DIRECTION('',(3.137084989848E-18,1.,2.231370849898E-16));
#1617 = ADVANCED_FACE('',(#1618),#1636,.F.);
#1618 = FACE_BOUND('',#1619,.F.);
#1619 = EDGE_LOOP('',(#1620,#1628,#1634,#1635));
#1620 = ORIENTED_EDGE('',*,*,#1621,.F.);
#1621 = EDGE_CURVE('',#1622,#1302,#1624,.T.);
#1622 = VERTEX_POINT('',#1623);
#1623 = CARTESIAN_POINT('',(-19.,7.,-45.5));
#1624 = LINE('',#1625,#1626);
#1625 = CARTESIAN_POINT('',(-15.67548751095,7.,-48.82451248904));
#1626 = VECTOR('',#1627,1.);
#1627 = DIRECTION('',(0.707106781187,3.3E-16,-0.707106781187));
#1628 = ORIENTED_EDGE('',*,*,#1629,.T.);
#1629 = EDGE_CURVE('',#1622,#1225,#1630,.T.);
#1630 = LINE('',#1631,#1632);
#1631 = CARTESIAN_POINT('',(-19.,7.,-45.5));
#1632 = VECTOR('',#1633,1.);
#1633 = DIRECTION('',(0.,-1.,0.));
#1634 = ORIENTED_EDGE('',*,*,#1224,.F.);
#1635 = ORIENTED_EDGE('',*,*,#1311,.F.);
#1636 = PLANE('',#1637);
#1637 = AXIS2_PLACEMENT_3D('',#1638,#1639,#1640);
#1638 = CARTESIAN_POINT('',(-18.5,7.,-46.));
#1639 = DIRECTION('',(0.707106781187,-1.6E-16,0.707106781187));
#1640 = DIRECTION('',(-1.131370849898E-16,-1.,-1.131370849898E-16));
#1641 = ADVANCED_FACE('',(#1642,#1726,#1737),#1748,.T.);
#1642 = FACE_BOUND('',#1643,.T.);
#1643 = EDGE_LOOP('',(#1644,#1654,#1660,#1661,#1667,#1668,#1669,#1670,
    #1671,#1672,#1678,#1679,#1680,#1688,#1696,#1704,#1712,#1720));
#1644 = ORIENTED_EDGE('',*,*,#1645,.F.);
#1645 = EDGE_CURVE('',#1646,#1648,#1650,.T.);
#1646 = VERTEX_POINT('',#1647);
#1647 = CARTESIAN_POINT('',(19.,7.,-45.5));
#1648 = VERTEX_POINT('',#1649);
#1649 = CARTESIAN_POINT('',(19.,7.,-30.5));
#1650 = LINE('',#1651,#1652);
#1651 = CARTESIAN_POINT('',(19.,7.,-46.5));
#1652 = VECTOR('',#1653,1.);
#1653 = DIRECTION('',(0.,-2.2E-16,1.));
#1654 = ORIENTED_EDGE('',*,*,#1655,.T.);
#1655 = EDGE_CURVE('',#1646,#1521,#1656,.T.);
#1656 = LINE('',#1657,#1658);
#1657 = CARTESIAN_POINT('',(15.675487510955,7.,-48.82451248904));
#1658 = VECTOR('',#1659,1.);
#1659 = DIRECTION('',(-0.707106781187,3.3E-16,-0.707106781187));
#1660 = ORIENTED_EDGE('',*,*,#1518,.F.);
#1661 = ORIENTED_EDGE('',*,*,#1662,.T.);
#1662 = EDGE_CURVE('',#1519,#1576,#1663,.T.);
#1663 = LINE('',#1664,#1665);
#1664 = CARTESIAN_POINT('',(1.574512489045,7.,-43.07451248904));
#1665 = VECTOR('',#1666,1.);
#1666 = DIRECTION('',(-0.707106781187,-3.3E-16,0.707106781187));
#1667 = ORIENTED_EDGE('',*,*,#1573,.F.);
#1668 = ORIENTED_EDGE('',*,*,#1604,.T.);
#1669 = ORIENTED_EDGE('',*,*,#1549,.F.);
#1670 = ORIENTED_EDGE('',*,*,#1363,.T.);
#1671 = ORIENTED_EDGE('',*,*,#1332,.F.);
#1672 = ORIENTED_EDGE('',*,*,#1673,.F.);
#1673 = EDGE_CURVE('',#1304,#1333,#1674,.T.);
#1674 = LINE('',#1675,#1676);
#1675 = CARTESIAN_POINT('',(-1.574512489045,7.,-43.07451248904));
#1676 = VECTOR('',#1677,1.);
#1677 = DIRECTION('',(0.707106781187,-3.3E-16,0.707106781187));
#1678 = ORIENTED_EDGE('',*,*,#1301,.F.);
#1679 = ORIENTED_EDGE('',*,*,#1621,.F.);
#1680 = ORIENTED_EDGE('',*,*,#1681,.F.);
#1681 = EDGE_CURVE('',#1682,#1622,#1684,.T.);
#1682 = VERTEX_POINT('',#1683);
#1683 = CARTESIAN_POINT('',(-19.,7.,-30.5));
#1684 = LINE('',#1685,#1686);
#1685 = CARTESIAN_POINT('',(-19.,7.,43.));
#1686 = VECTOR('',#1687,1.);
#1687 = DIRECTION('',(0.,0.,-1.));
#1688 = ORIENTED_EDGE('',*,*,#1689,.T.);
#1689 = EDGE_CURVE('',#1682,#1690,#1692,.T.);
#1690 = VERTEX_POINT('',#1691);
#1691 = CARTESIAN_POINT('',(-12.05,7.,-30.5));
#1692 = LINE('',#1693,#1694);
#1693 = CARTESIAN_POINT('',(-19.,7.,-30.5));
#1694 = VECTOR('',#1695,1.);
#1695 = DIRECTION('',(1.,0.,2.2E-16));
#1696 = ORIENTED_EDGE('',*,*,#1697,.F.);
#1697 = EDGE_CURVE('',#1698,#1690,#1700,.T.);
#1698 = VERTEX_POINT('',#1699);
#1699 = CARTESIAN_POINT('',(-12.05,7.,-33.55));
#1700 = LINE('',#1701,#1702);
#1701 = CARTESIAN_POINT('',(-12.05,7.,-43.));
#1702 = VECTOR('',#1703,1.);
#1703 = DIRECTION('',(0.,-2.2E-16,1.));
#1704 = ORIENTED_EDGE('',*,*,#1705,.T.);
#1705 = EDGE_CURVE('',#1698,#1706,#1708,.T.);
#1706 = VERTEX_POINT('',#1707);
#1707 = CARTESIAN_POINT('',(12.05,7.,-33.55));
#1708 = LINE('',#1709,#1710);
#1709 = CARTESIAN_POINT('',(19.,7.,-33.55));
#1710 = VECTOR('',#1711,1.);
#1711 = DIRECTION('',(1.,0.,-2.2E-16));
#1712 = ORIENTED_EDGE('',*,*,#1713,.T.);
#1713 = EDGE_CURVE('',#1706,#1714,#1716,.T.);
#1714 = VERTEX_POINT('',#1715);
#1715 = CARTESIAN_POINT('',(12.05,7.,-30.5));
#1716 = LINE('',#1717,#1718);
#1717 = CARTESIAN_POINT('',(12.05,7.,-43.));
#1718 = VECTOR('',#1719,1.);
#1719 = DIRECTION('',(0.,-2.2E-16,1.));
#1720 = ORIENTED_EDGE('',*,*,#1721,.T.);
#1721 = EDGE_CURVE('',#1714,#1648,#1722,.T.);
#1722 = LINE('',#1723,#1724);
#1723 = CARTESIAN_POINT('',(-19.,7.,-30.5));
#1724 = VECTOR('',#1725,1.);
#1725 = DIRECTION('',(1.,0.,2.2E-16));
#1726 = FACE_BOUND('',#1727,.T.);
#1727 = EDGE_LOOP('',(#1728));
#1728 = ORIENTED_EDGE('',*,*,#1729,.F.);
#1729 = EDGE_CURVE('',#1730,#1730,#1732,.T.);
#1730 = VERTEX_POINT('',#1731);
#1731 = CARTESIAN_POINT('',(14.1,7.,-40.));
#1732 = CIRCLE('',#1733,1.6);
#1733 = AXIS2_PLACEMENT_3D('',#1734,#1735,#1736);
#1734 = CARTESIAN_POINT('',(12.5,7.,-40.));
#1735 = DIRECTION('',(-0.,1.,2.2E-16));
#1736 = DIRECTION('',(1.,0.,0.));
#1737 = FACE_BOUND('',#1738,.T.);
#1738 = EDGE_LOOP('',(#1739));
#1739 = ORIENTED_EDGE('',*,*,#1740,.F.);
#1740 = EDGE_CURVE('',#1741,#1741,#1743,.T.);
#1741 = VERTEX_POINT('',#1742);
#1742 = CARTESIAN_POINT('',(-10.9,7.,-40.));
#1743 = CIRCLE('',#1744,1.6);
#1744 = AXIS2_PLACEMENT_3D('',#1745,#1746,#1747);
#1745 = CARTESIAN_POINT('',(-12.5,7.,-40.));
#1746 = DIRECTION('',(-0.,1.,2.2E-16));
#1747 = DIRECTION('',(1.,0.,0.));
#1748 = PLANE('',#1749);
#1749 = AXIS2_PLACEMENT_3D('',#1750,#1751,#1752);
#1750 = CARTESIAN_POINT('',(2.74E-15,7.,-38.79804995617));
#1751 = DIRECTION('',(0.,1.,6.8E-16));
#1752 = DIRECTION('',(0.,6.8E-16,-1.));
#1753 = ADVANCED_FACE('',(#1754),#1781,.F.);
#1754 = FACE_BOUND('',#1755,.F.);
#1755 = EDGE_LOOP('',(#1756,#1766,#1773,#1774));
#1756 = ORIENTED_EDGE('',*,*,#1757,.F.);
#1757 = EDGE_CURVE('',#1758,#1760,#1762,.T.);
#1758 = VERTEX_POINT('',#1759);
#1759 = CARTESIAN_POINT('',(15.55,-7.,-40.));
#1760 = VERTEX_POINT('',#1761);
#1761 = CARTESIAN_POINT('',(14.1,-5.2,-40.));
#1762 = LINE('',#1763,#1764);
#1763 = CARTESIAN_POINT('',(14.1,-5.2,-40.));
#1764 = VECTOR('',#1765,1.);
#1765 = DIRECTION('',(-0.627329537873,0.778753909083,-1.E-17));
#1766 = ORIENTED_EDGE('',*,*,#1767,.T.);
#1767 = EDGE_CURVE('',#1758,#1758,#1768,.T.);
#1768 = CIRCLE('',#1769,3.05);
#1769 = AXIS2_PLACEMENT_3D('',#1770,#1771,#1772);
#1770 = CARTESIAN_POINT('',(12.5,-7.,-40.));
#1771 = DIRECTION('',(0.,1.,-1.E-17));
#1772 = DIRECTION('',(1.,0.,0.));
#1773 = ORIENTED_EDGE('',*,*,#1757,.T.);
#1774 = ORIENTED_EDGE('',*,*,#1775,.F.);
#1775 = EDGE_CURVE('',#1760,#1760,#1776,.T.);
#1776 = CIRCLE('',#1777,1.6);
#1777 = AXIS2_PLACEMENT_3D('',#1778,#1779,#1780);
#1778 = CARTESIAN_POINT('',(12.5,-5.2,-40.));
#1779 = DIRECTION('',(0.,1.,-1.E-17));
#1780 = DIRECTION('',(1.,0.,0.));
#1781 = CONICAL_SURFACE('',#1782,1.6,0.678119307749);
#1782 = AXIS2_PLACEMENT_3D('',#1783,#1784,#1785);
#1783 = CARTESIAN_POINT('',(12.5,-5.2,-40.));
#1784 = DIRECTION('',(0.,-1.,1.E-17));
#1785 = DIRECTION('',(1.,0.,0.));
#1786 = ADVANCED_FACE('',(#1787),#1798,.F.);
#1787 = FACE_BOUND('',#1788,.F.);
#1788 = EDGE_LOOP('',(#1789,#1795,#1796,#1797));
#1789 = ORIENTED_EDGE('',*,*,#1790,.F.);
#1790 = EDGE_CURVE('',#1730,#1760,#1791,.T.);
#1791 = LINE('',#1792,#1793);
#1792 = CARTESIAN_POINT('',(14.1,7.,-40.));
#1793 = VECTOR('',#1794,1.);
#1794 = DIRECTION('',(0.,-1.,-2.2E-16));
#1795 = ORIENTED_EDGE('',*,*,#1729,.F.);
#1796 = ORIENTED_EDGE('',*,*,#1790,.T.);
#1797 = ORIENTED_EDGE('',*,*,#1775,.T.);
#1798 = CYLINDRICAL_SURFACE('',#1799,1.6);
#1799 = AXIS2_PLACEMENT_3D('',#1800,#1801,#1802);
#1800 = CARTESIAN_POINT('',(12.5,7.,-40.));
#1801 = DIRECTION('',(0.,1.,2.2E-16));
#1802 = DIRECTION('',(1.,0.,0.));
#1803 = ADVANCED_FACE('',(#1804),#1831,.F.);
#1804 = FACE_BOUND('',#1805,.F.);
#1805 = EDGE_LOOP('',(#1806,#1816,#1823,#1824));
#1806 = ORIENTED_EDGE('',*,*,#1807,.F.);
#1807 = EDGE_CURVE('',#1808,#1810,#1812,.T.);
#1808 = VERTEX_POINT('',#1809);
#1809 = CARTESIAN_POINT('',(-9.45,-7.,-40.));
#1810 = VERTEX_POINT('',#1811);
#1811 = CARTESIAN_POINT('',(-10.9,-5.2,-40.));
#1812 = LINE('',#1813,#1814);
#1813 = CARTESIAN_POINT('',(-10.9,-5.2,-40.));
#1814 = VECTOR('',#1815,1.);
#1815 = DIRECTION('',(-0.627329537873,0.778753909083,-1.E-17));
#1816 = ORIENTED_EDGE('',*,*,#1817,.T.);
#1817 = EDGE_CURVE('',#1808,#1808,#1818,.T.);
#1818 = CIRCLE('',#1819,3.05);
#1819 = AXIS2_PLACEMENT_3D('',#1820,#1821,#1822);
#1820 = CARTESIAN_POINT('',(-12.5,-7.,-40.));
#1821 = DIRECTION('',(0.,1.,-1.E-17));
#1822 = DIRECTION('',(1.,0.,0.));
#1823 = ORIENTED_EDGE('',*,*,#1807,.T.);
#1824 = ORIENTED_EDGE('',*,*,#1825,.F.);
#1825 = EDGE_CURVE('',#1810,#1810,#1826,.T.);
#1826 = CIRCLE('',#1827,1.6);
#1827 = AXIS2_PLACEMENT_3D('',#1828,#1829,#1830);
#1828 = CARTESIAN_POINT('',(-12.5,-5.2,-40.));
#1829 = DIRECTION('',(0.,1.,-1.E-17));
#1830 = DIRECTION('',(1.,0.,0.));
#1831 = CONICAL_SURFACE('',#1832,1.6,0.678119307749);
#1832 = AXIS2_PLACEMENT_3D('',#1833,#1834,#1835);
#1833 = CARTESIAN_POINT('',(-12.5,-5.2,-40.));
#1834 = DIRECTION('',(0.,-1.,1.E-17));
#1835 = DIRECTION('',(1.,0.,0.));
#1836 = ADVANCED_FACE('',(#1837),#1848,.F.);
#1837 = FACE_BOUND('',#1838,.F.);
#1838 = EDGE_LOOP('',(#1839,#1845,#1846,#1847));
#1839 = ORIENTED_EDGE('',*,*,#1840,.F.);
#1840 = EDGE_CURVE('',#1741,#1810,#1841,.T.);
#1841 = LINE('',#1842,#1843);
#1842 = CARTESIAN_POINT('',(-10.9,7.,-40.));
#1843 = VECTOR('',#1844,1.);
#1844 = DIRECTION('',(0.,-1.,-2.2E-16));
#1845 = ORIENTED_EDGE('',*,*,#1740,.F.);
#1846 = ORIENTED_EDGE('',*,*,#1840,.T.);
#1847 = ORIENTED_EDGE('',*,*,#1825,.T.);
#1848 = CYLINDRICAL_SURFACE('',#1849,1.6);
#1849 = AXIS2_PLACEMENT_3D('',#1850,#1851,#1852);
#1850 = CARTESIAN_POINT('',(-12.5,7.,-40.));
#1851 = DIRECTION('',(0.,1.,2.2E-16));
#1852 = DIRECTION('',(1.,0.,0.));
#1853 = ADVANCED_FACE('',(#1854),#1881,.F.);
#1854 = FACE_BOUND('',#1855,.F.);
#1855 = EDGE_LOOP('',(#1856,#1865,#1866,#1875));
#1856 = ORIENTED_EDGE('',*,*,#1857,.F.);
#1857 = EDGE_CURVE('',#1682,#1858,#1860,.T.);
#1858 = VERTEX_POINT('',#1859);
#1859 = CARTESIAN_POINT('',(-19.,7.,-21.5));
#1860 = CIRCLE('',#1861,4.5);
#1861 = AXIS2_PLACEMENT_3D('',#1862,#1863,#1864);
#1862 = CARTESIAN_POINT('',(-19.,7.,-26.));
#1863 = DIRECTION('',(-1.,-0.,0.));
#1864 = DIRECTION('',(-0.,2.2E-16,-1.));
#1865 = ORIENTED_EDGE('',*,*,#1689,.T.);
#1866 = ORIENTED_EDGE('',*,*,#1867,.T.);
#1867 = EDGE_CURVE('',#1690,#1868,#1870,.T.);
#1868 = VERTEX_POINT('',#1869);
#1869 = CARTESIAN_POINT('',(-12.05,7.,-21.5));
#1870 = CIRCLE('',#1871,4.5);
#1871 = AXIS2_PLACEMENT_3D('',#1872,#1873,#1874);
#1872 = CARTESIAN_POINT('',(-12.05,7.,-26.));
#1873 = DIRECTION('',(-1.,-0.,-2.2E-16));
#1874 = DIRECTION('',(2.2E-16,0.,-1.));
#1875 = ORIENTED_EDGE('',*,*,#1876,.T.);
#1876 = EDGE_CURVE('',#1868,#1858,#1877,.T.);
#1877 = LINE('',#1878,#1879);
#1878 = CARTESIAN_POINT('',(-19.,7.,-21.5));
#1879 = VECTOR('',#1880,1.);
#1880 = DIRECTION('',(-1.,0.,-2.2E-16));
#1881 = CYLINDRICAL_SURFACE('',#1882,4.5);
#1882 = AXIS2_PLACEMENT_3D('',#1883,#1884,#1885);
#1883 = CARTESIAN_POINT('',(-19.,7.,-26.));
#1884 = DIRECTION('',(-1.,0.,-2.2E-16));
#1885 = DIRECTION('',(2.2E-16,0.,-1.));
#1886 = ADVANCED_FACE('',(#1887),#1960,.T.);
#1887 = FACE_BOUND('',#1888,.T.);
#1888 = EDGE_LOOP('',(#1889,#1899,#1907,#1915,#1923,#1929,#1930,#1938,
    #1946,#1954));
#1889 = ORIENTED_EDGE('',*,*,#1890,.F.);
#1890 = EDGE_CURVE('',#1891,#1893,#1895,.T.);
#1891 = VERTEX_POINT('',#1892);
#1892 = CARTESIAN_POINT('',(19.,7.,-21.5));
#1893 = VERTEX_POINT('',#1894);
#1894 = CARTESIAN_POINT('',(19.,7.,-11.));
#1895 = LINE('',#1896,#1897);
#1896 = CARTESIAN_POINT('',(19.,7.,-43.));
#1897 = VECTOR('',#1898,1.);
#1898 = DIRECTION('',(0.,0.,1.));
#1899 = ORIENTED_EDGE('',*,*,#1900,.T.);
#1900 = EDGE_CURVE('',#1891,#1901,#1903,.T.);
#1901 = VERTEX_POINT('',#1902);
#1902 = CARTESIAN_POINT('',(12.05,7.,-21.5));
#1903 = LINE('',#1904,#1905);
#1904 = CARTESIAN_POINT('',(-19.,7.,-21.5));
#1905 = VECTOR('',#1906,1.);
#1906 = DIRECTION('',(-1.,0.,-2.2E-16));
#1907 = ORIENTED_EDGE('',*,*,#1908,.T.);
#1908 = EDGE_CURVE('',#1901,#1909,#1911,.T.);
#1909 = VERTEX_POINT('',#1910);
#1910 = CARTESIAN_POINT('',(12.05,7.,-18.45));
#1911 = LINE('',#1912,#1913);
#1912 = CARTESIAN_POINT('',(12.05,7.,-43.));
#1913 = VECTOR('',#1914,1.);
#1914 = DIRECTION('',(0.,-2.2E-16,1.));
#1915 = ORIENTED_EDGE('',*,*,#1916,.T.);
#1916 = EDGE_CURVE('',#1909,#1917,#1919,.T.);
#1917 = VERTEX_POINT('',#1918);
#1918 = CARTESIAN_POINT('',(-12.05,7.,-18.45));
#1919 = LINE('',#1920,#1921);
#1920 = CARTESIAN_POINT('',(19.,7.,-18.45));
#1921 = VECTOR('',#1922,1.);
#1922 = DIRECTION('',(-1.,0.,2.2E-16));
#1923 = ORIENTED_EDGE('',*,*,#1924,.F.);
#1924 = EDGE_CURVE('',#1868,#1917,#1925,.T.);
#1925 = LINE('',#1926,#1927);
#1926 = CARTESIAN_POINT('',(-12.05,7.,-43.));
#1927 = VECTOR('',#1928,1.);
#1928 = DIRECTION('',(0.,-2.2E-16,1.));
#1929 = ORIENTED_EDGE('',*,*,#1876,.T.);
#1930 = ORIENTED_EDGE('',*,*,#1931,.F.);
#1931 = EDGE_CURVE('',#1932,#1858,#1934,.T.);
#1932 = VERTEX_POINT('',#1933);
#1933 = CARTESIAN_POINT('',(-19.,7.,-11.));
#1934 = LINE('',#1935,#1936);
#1935 = CARTESIAN_POINT('',(-19.,7.,43.));
#1936 = VECTOR('',#1937,1.);
#1937 = DIRECTION('',(0.,0.,-1.));
#1938 = ORIENTED_EDGE('',*,*,#1939,.T.);
#1939 = EDGE_CURVE('',#1932,#1940,#1942,.T.);
#1940 = VERTEX_POINT('',#1941);
#1941 = CARTESIAN_POINT('',(-18.,7.,-10.));
#1942 = LINE('',#1943,#1944);
#1943 = CARTESIAN_POINT('',(-11.25,7.,-3.25));
#1944 = VECTOR('',#1945,1.);
#1945 = DIRECTION('',(0.707106781187,0.,0.707106781187));
#1946 = ORIENTED_EDGE('',*,*,#1947,.F.);
#1947 = EDGE_CURVE('',#1948,#1940,#1950,.T.);
#1948 = VERTEX_POINT('',#1949);
#1949 = CARTESIAN_POINT('',(18.,7.,-10.));
#1950 = LINE('',#1951,#1952);
#1951 = CARTESIAN_POINT('',(19.,7.,-10.));
#1952 = VECTOR('',#1953,1.);
#1953 = DIRECTION('',(-1.,0.,-0.));
#1954 = ORIENTED_EDGE('',*,*,#1955,.F.);
#1955 = EDGE_CURVE('',#1893,#1948,#1956,.T.);
#1956 = LINE('',#1957,#1958);
#1957 = CARTESIAN_POINT('',(11.25,7.,-3.25));
#1958 = VECTOR('',#1959,1.);
#1959 = DIRECTION('',(-0.707106781187,0.,0.707106781187));
#1960 = PLANE('',#1961);
#1961 = AXIS2_PLACEMENT_3D('',#1962,#1963,#1964);
#1962 = CARTESIAN_POINT('',(-1.15E-15,7.,-3.15E-15));
#1963 = DIRECTION('',(0.,1.,2.2E-16));
#1964 = DIRECTION('',(-1.,0.,0.));
#1965 = ADVANCED_FACE('',(#1966),#1991,.T.);
#1966 = FACE_BOUND('',#1967,.T.);
#1967 = EDGE_LOOP('',(#1968,#1969,#1977,#1985));
#1968 = ORIENTED_EDGE('',*,*,#1939,.F.);
#1969 = ORIENTED_EDGE('',*,*,#1970,.T.);
#1970 = EDGE_CURVE('',#1932,#1971,#1973,.T.);
#1971 = VERTEX_POINT('',#1972);
#1972 = CARTESIAN_POINT('',(-19.,1.75,-11.));
#1973 = LINE('',#1974,#1975);
#1974 = CARTESIAN_POINT('',(-19.,7.,-11.));
#1975 = VECTOR('',#1976,1.);
#1976 = DIRECTION('',(0.,-1.,-2.2E-16));
#1977 = ORIENTED_EDGE('',*,*,#1978,.T.);
#1978 = EDGE_CURVE('',#1971,#1979,#1981,.T.);
#1979 = VERTEX_POINT('',#1980);
#1980 = CARTESIAN_POINT('',(-18.,1.75,-10.));
#1981 = LINE('',#1982,#1983);
#1982 = CARTESIAN_POINT('',(-12.75,1.75,-4.75));
#1983 = VECTOR('',#1984,1.);
#1984 = DIRECTION('',(0.707106781187,0.,0.707106781187));
#1985 = ORIENTED_EDGE('',*,*,#1986,.F.);
#1986 = EDGE_CURVE('',#1940,#1979,#1987,.T.);
#1987 = LINE('',#1988,#1989);
#1988 = CARTESIAN_POINT('',(-18.,7.,-10.));
#1989 = VECTOR('',#1990,1.);
#1990 = DIRECTION('',(0.,-1.,-2.2E-16));
#1991 = PLANE('',#1992);
#1992 = AXIS2_PLACEMENT_3D('',#1993,#1994,#1995);
#1993 = CARTESIAN_POINT('',(-18.5,7.,-10.5));
#1994 = DIRECTION('',(-0.707106781187,-1.6E-16,0.707106781187));
#1995 = DIRECTION('',(3.137084989848E-18,-1.,-2.231370849898E-16));
#1996 = ADVANCED_FACE('',(#1997),#2054,.T.);
#1997 = FACE_BOUND('',#1998,.T.);
#1998 = EDGE_LOOP('',(#1999,#2009,#2017,#2025,#2033,#2039,#2040,#2048));
#1999 = ORIENTED_EDGE('',*,*,#2000,.T.);
#2000 = EDGE_CURVE('',#2001,#2003,#2005,.T.);
#2001 = VERTEX_POINT('',#2002);
#2002 = CARTESIAN_POINT('',(-18.,1.75,-2.));
#2003 = VERTEX_POINT('',#2004);
#2004 = CARTESIAN_POINT('',(18.,1.75,-2.));
#2005 = LINE('',#2006,#2007);
#2006 = CARTESIAN_POINT('',(-19.,1.75,-2.));
#2007 = VECTOR('',#2008,1.);
#2008 = DIRECTION('',(1.,0.,0.));
#2009 = ORIENTED_EDGE('',*,*,#2010,.F.);
#2010 = EDGE_CURVE('',#2011,#2003,#2013,.T.);
#2011 = VERTEX_POINT('',#2012);
#2012 = CARTESIAN_POINT('',(19.,1.75,-1.));
#2013 = LINE('',#2014,#2015);
#2014 = CARTESIAN_POINT('',(12.75,1.75,-7.25));
#2015 = VECTOR('',#2016,1.);
#2016 = DIRECTION('',(-0.707106781187,-0.,-0.707106781187));
#2017 = ORIENTED_EDGE('',*,*,#2018,.F.);
#2018 = EDGE_CURVE('',#2019,#2011,#2021,.T.);
#2019 = VERTEX_POINT('',#2020);
#2020 = CARTESIAN_POINT('',(19.,1.75,-11.));
#2021 = LINE('',#2022,#2023);
#2022 = CARTESIAN_POINT('',(19.,1.75,-2.981590413943));
#2023 = VECTOR('',#2024,1.);
#2024 = DIRECTION('',(0.,0.,1.));
#2025 = ORIENTED_EDGE('',*,*,#2026,.T.);
#2026 = EDGE_CURVE('',#2019,#2027,#2029,.T.);
#2027 = VERTEX_POINT('',#2028);
#2028 = CARTESIAN_POINT('',(18.,1.75,-10.));
#2029 = LINE('',#2030,#2031);
#2030 = CARTESIAN_POINT('',(12.75,1.75,-4.75));
#2031 = VECTOR('',#2032,1.);
#2032 = DIRECTION('',(-0.707106781187,0.,0.707106781187));
#2033 = ORIENTED_EDGE('',*,*,#2034,.T.);
#2034 = EDGE_CURVE('',#2027,#1979,#2035,.T.);
#2035 = LINE('',#2036,#2037);
#2036 = CARTESIAN_POINT('',(19.,1.75,-10.));
#2037 = VECTOR('',#2038,1.);
#2038 = DIRECTION('',(-1.,0.,-0.));
#2039 = ORIENTED_EDGE('',*,*,#1978,.F.);
#2040 = ORIENTED_EDGE('',*,*,#2041,.F.);
#2041 = EDGE_CURVE('',#2042,#1971,#2044,.T.);
#2042 = VERTEX_POINT('',#2043);
#2043 = CARTESIAN_POINT('',(-19.,1.75,-1.));
#2044 = LINE('',#2045,#2046);
#2045 = CARTESIAN_POINT('',(-19.,1.75,-2.981590413943));
#2046 = VECTOR('',#2047,1.);
#2047 = DIRECTION('',(0.,0.,-1.));
#2048 = ORIENTED_EDGE('',*,*,#2049,.T.);
#2049 = EDGE_CURVE('',#2042,#2001,#2050,.T.);
#2050 = LINE('',#2051,#2052);
#2051 = CARTESIAN_POINT('',(-12.75,1.75,-7.25));
#2052 = VECTOR('',#2053,1.);
#2053 = DIRECTION('',(0.707106781187,0.,-0.707106781187));
#2054 = PLANE('',#2055);
#2055 = AXIS2_PLACEMENT_3D('',#2056,#2057,#2058);
#2056 = CARTESIAN_POINT('',(3.09E-15,1.75,-6.));
#2057 = DIRECTION('',(0.,1.,2.2E-16));
#2058 = DIRECTION('',(0.,-2.2E-16,1.));
#2059 = ADVANCED_FACE('',(#2060),#2085,.F.);
#2060 = FACE_BOUND('',#2061,.F.);
#2061 = EDGE_LOOP('',(#2062,#2072,#2078,#2079));
#2062 = ORIENTED_EDGE('',*,*,#2063,.F.);
#2063 = EDGE_CURVE('',#2064,#2066,#2068,.T.);
#2064 = VERTEX_POINT('',#2065);
#2065 = CARTESIAN_POINT('',(-19.,3.75,-1.));
#2066 = VERTEX_POINT('',#2067);
#2067 = CARTESIAN_POINT('',(-18.,3.75,-2.));
#2068 = LINE('',#2069,#2070);
#2069 = CARTESIAN_POINT('',(-14.575,3.75,-5.425));
#2070 = VECTOR('',#2071,1.);
#2071 = DIRECTION('',(0.707106781187,0.,-0.707106781187));
#2072 = ORIENTED_EDGE('',*,*,#2073,.T.);
#2073 = EDGE_CURVE('',#2064,#2042,#2074,.T.);
#2074 = LINE('',#2075,#2076);
#2075 = CARTESIAN_POINT('',(-19.,3.75,-1.));
#2076 = VECTOR('',#2077,1.);
#2077 = DIRECTION('',(0.,-1.,-2.2E-16));
#2078 = ORIENTED_EDGE('',*,*,#2049,.T.);
#2079 = ORIENTED_EDGE('',*,*,#2080,.F.);
#2080 = EDGE_CURVE('',#2066,#2001,#2081,.T.);
#2081 = LINE('',#2082,#2083);
#2082 = CARTESIAN_POINT('',(-18.,3.75,-2.));
#2083 = VECTOR('',#2084,1.);
#2084 = DIRECTION('',(0.,-1.,-2.2E-16));
#2085 = PLANE('',#2086);
#2086 = AXIS2_PLACEMENT_3D('',#2087,#2088,#2089);
#2087 = CARTESIAN_POINT('',(-18.5,3.75,-1.5));
#2088 = DIRECTION('',(0.707106781187,-1.6E-16,0.707106781187));
#2089 = DIRECTION('',(-3.137084989848E-18,-1.,-2.231370849898E-16));
#2090 = ADVANCED_FACE('',(#2091,#2123,#2173,#2223,#2226,#2276),#2326,.T.
  );
#2091 = FACE_BOUND('',#2092,.T.);
#2092 = EDGE_LOOP('',(#2093,#2101,#2109,#2115,#2116,#2122));
#2093 = ORIENTED_EDGE('',*,*,#2094,.T.);
#2094 = EDGE_CURVE('',#976,#2095,#2097,.T.);
#2095 = VERTEX_POINT('',#2096);
#2096 = CARTESIAN_POINT('',(19.,3.75,-1.));
#2097 = LINE('',#2098,#2099);
#2098 = CARTESIAN_POINT('',(19.,3.75,10.));
#2099 = VECTOR('',#2100,1.);
#2100 = DIRECTION('',(0.,2.2E-16,-1.));
#2101 = ORIENTED_EDGE('',*,*,#2102,.T.);
#2102 = EDGE_CURVE('',#2095,#2103,#2105,.T.);
#2103 = VERTEX_POINT('',#2104);
#2104 = CARTESIAN_POINT('',(18.,3.75,-2.));
#2105 = LINE('',#2106,#2107);
#2106 = CARTESIAN_POINT('',(14.575,3.75,-5.425));
#2107 = VECTOR('',#2108,1.);
#2108 = DIRECTION('',(-0.707106781187,-0.,-0.707106781187));
#2109 = ORIENTED_EDGE('',*,*,#2110,.F.);
#2110 = EDGE_CURVE('',#2066,#2103,#2111,.T.);
#2111 = LINE('',#2112,#2113);
#2112 = CARTESIAN_POINT('',(-19.,3.75,-2.));
#2113 = VECTOR('',#2114,1.);
#2114 = DIRECTION('',(1.,0.,0.));
#2115 = ORIENTED_EDGE('',*,*,#2063,.F.);
#2116 = ORIENTED_EDGE('',*,*,#2117,.F.);
#2117 = EDGE_CURVE('',#984,#2064,#2118,.T.);
#2118 = LINE('',#2119,#2120);
#2119 = CARTESIAN_POINT('',(-19.,3.75,12.6));
#2120 = VECTOR('',#2121,1.);
#2121 = DIRECTION('',(0.,2.2E-16,-1.));
#2122 = ORIENTED_EDGE('',*,*,#983,.F.);
#2123 = FACE_BOUND('',#2124,.T.);
#2124 = EDGE_LOOP('',(#2125,#2135,#2143,#2151,#2159,#2167));
#2125 = ORIENTED_EDGE('',*,*,#2126,.F.);
#2126 = EDGE_CURVE('',#2127,#2129,#2131,.T.);
#2127 = VERTEX_POINT('',#2128);
#2128 = CARTESIAN_POINT('',(12.916431948161,3.75,4.05));
#2129 = VERTEX_POINT('',#2130);
#2130 = CARTESIAN_POINT('',(15.283568051839,3.75,4.05));
#2131 = LINE('',#2132,#2133);
#2132 = CARTESIAN_POINT('',(12.916431948161,3.75,4.05));
#2133 = VECTOR('',#2134,1.);
#2134 = DIRECTION('',(1.,0.,0.));
#2135 = ORIENTED_EDGE('',*,*,#2136,.F.);
#2136 = EDGE_CURVE('',#2137,#2127,#2139,.T.);
#2137 = VERTEX_POINT('',#2138);
#2138 = CARTESIAN_POINT('',(11.732863896323,3.75,2.));
#2139 = LINE('',#2140,#2141);
#2140 = CARTESIAN_POINT('',(11.732863896323,3.75,2.));
#2141 = VECTOR('',#2142,1.);
#2142 = DIRECTION('',(0.5,-1.9E-16,0.866025403784));
#2143 = ORIENTED_EDGE('',*,*,#2144,.F.);
#2144 = EDGE_CURVE('',#2145,#2137,#2147,.T.);
#2145 = VERTEX_POINT('',#2146);
#2146 = CARTESIAN_POINT('',(12.916431948161,3.75,-5.E-02));
#2147 = LINE('',#2148,#2149);
#2148 = CARTESIAN_POINT('',(12.916431948161,3.75,-5.E-02));
#2149 = VECTOR('',#2150,1.);
#2150 = DIRECTION('',(-0.5,-1.9E-16,0.866025403784));
#2151 = ORIENTED_EDGE('',*,*,#2152,.F.);
#2152 = EDGE_CURVE('',#2153,#2145,#2155,.T.);
#2153 = VERTEX_POINT('',#2154);
#2154 = CARTESIAN_POINT('',(15.283568051839,3.75,-5.E-02));
#2155 = LINE('',#2156,#2157);
#2156 = CARTESIAN_POINT('',(15.283568051839,3.75,-5.E-02));
#2157 = VECTOR('',#2158,1.);
#2158 = DIRECTION('',(-1.,0.,-0.));
#2159 = ORIENTED_EDGE('',*,*,#2160,.F.);
#2160 = EDGE_CURVE('',#2161,#2153,#2163,.T.);
#2161 = VERTEX_POINT('',#2162);
#2162 = CARTESIAN_POINT('',(16.467136103677,3.75,2.));
#2163 = LINE('',#2164,#2165);
#2164 = CARTESIAN_POINT('',(16.467136103677,3.75,2.));
#2165 = VECTOR('',#2166,1.);
#2166 = DIRECTION('',(-0.5,1.9E-16,-0.866025403784));
#2167 = ORIENTED_EDGE('',*,*,#2168,.F.);
#2168 = EDGE_CURVE('',#2129,#2161,#2169,.T.);
#2169 = LINE('',#2170,#2171);
#2170 = CARTESIAN_POINT('',(15.283568051839,3.75,4.05));
#2171 = VECTOR('',#2172,1.);
#2172 = DIRECTION('',(0.5,1.9E-16,-0.866025403784));
#2173 = FACE_BOUND('',#2174,.T.);
#2174 = EDGE_LOOP('',(#2175,#2185,#2193,#2201,#2209,#2217));
#2175 = ORIENTED_EDGE('',*,*,#2176,.F.);
#2176 = EDGE_CURVE('',#2177,#2179,#2181,.T.);
#2177 = VERTEX_POINT('',#2178);
#2178 = CARTESIAN_POINT('',(-11.73286389632,3.75,2.));
#2179 = VERTEX_POINT('',#2180);
#2180 = CARTESIAN_POINT('',(-12.91643194816,3.75,-5.E-02));
#2181 = LINE('',#2182,#2183);
#2182 = CARTESIAN_POINT('',(-11.73286389632,3.75,2.));
#2183 = VECTOR('',#2184,1.);
#2184 = DIRECTION('',(-0.5,1.9E-16,-0.866025403784));
#2185 = ORIENTED_EDGE('',*,*,#2186,.F.);
#2186 = EDGE_CURVE('',#2187,#2177,#2189,.T.);
#2187 = VERTEX_POINT('',#2188);
#2188 = CARTESIAN_POINT('',(-12.91643194816,3.75,4.05));
#2189 = LINE('',#2190,#2191);
#2190 = CARTESIAN_POINT('',(-12.91643194816,3.75,4.05));
#2191 = VECTOR('',#2192,1.);
#2192 = DIRECTION('',(0.5,1.9E-16,-0.866025403784));
#2193 = ORIENTED_EDGE('',*,*,#2194,.F.);
#2194 = EDGE_CURVE('',#2195,#2187,#2197,.T.);
#2195 = VERTEX_POINT('',#2196);
#2196 = CARTESIAN_POINT('',(-15.28356805183,3.75,4.05));
#2197 = LINE('',#2198,#2199);
#2198 = CARTESIAN_POINT('',(-15.28356805183,3.75,4.05));
#2199 = VECTOR('',#2200,1.);
#2200 = DIRECTION('',(1.,0.,3.8E-16));
#2201 = ORIENTED_EDGE('',*,*,#2202,.F.);
#2202 = EDGE_CURVE('',#2203,#2195,#2205,.T.);
#2203 = VERTEX_POINT('',#2204);
#2204 = CARTESIAN_POINT('',(-16.46713610367,3.75,2.));
#2205 = LINE('',#2206,#2207);
#2206 = CARTESIAN_POINT('',(-16.46713610367,3.75,2.));
#2207 = VECTOR('',#2208,1.);
#2208 = DIRECTION('',(0.5,-1.9E-16,0.866025403784));
#2209 = ORIENTED_EDGE('',*,*,#2210,.F.);
#2210 = EDGE_CURVE('',#2211,#2203,#2213,.T.);
#2211 = VERTEX_POINT('',#2212);
#2212 = CARTESIAN_POINT('',(-15.28356805183,3.75,-5.E-02));
#2213 = LINE('',#2214,#2215);
#2214 = CARTESIAN_POINT('',(-15.28356805183,3.75,-5.E-02));
#2215 = VECTOR('',#2216,1.);
#2216 = DIRECTION('',(-0.5,-1.9E-16,0.866025403784));
#2217 = ORIENTED_EDGE('',*,*,#2218,.F.);
#2218 = EDGE_CURVE('',#2179,#2211,#2219,.T.);
#2219 = LINE('',#2220,#2221);
#2220 = CARTESIAN_POINT('',(-12.91643194816,3.75,-5.E-02));
#2221 = VECTOR('',#2222,1.);
#2222 = DIRECTION('',(-1.,0.,-0.));
#2223 = FACE_BOUND('',#2224,.T.);
#2224 = EDGE_LOOP('',(#2225));
#2225 = ORIENTED_EDGE('',*,*,#349,.T.);
#2226 = FACE_BOUND('',#2227,.T.);
#2227 = EDGE_LOOP('',(#2228,#2238,#2246,#2254,#2262,#2270));
#2228 = ORIENTED_EDGE('',*,*,#2229,.F.);
#2229 = EDGE_CURVE('',#2230,#2232,#2234,.T.);
#2230 = VERTEX_POINT('',#2231);
#2231 = CARTESIAN_POINT('',(12.916431948161,3.75,6.45));
#2232 = VERTEX_POINT('',#2233);
#2233 = CARTESIAN_POINT('',(11.732863896323,3.75,8.5));
#2234 = LINE('',#2235,#2236);
#2235 = CARTESIAN_POINT('',(12.916431948161,3.75,6.45));
#2236 = VECTOR('',#2237,1.);
#2237 = DIRECTION('',(-0.5,-1.9E-16,0.866025403784));
#2238 = ORIENTED_EDGE('',*,*,#2239,.F.);
#2239 = EDGE_CURVE('',#2240,#2230,#2242,.T.);
#2240 = VERTEX_POINT('',#2241);
#2241 = CARTESIAN_POINT('',(15.283568051839,3.75,6.45));
#2242 = LINE('',#2243,#2244);
#2243 = CARTESIAN_POINT('',(15.283568051839,3.75,6.45));
#2244 = VECTOR('',#2245,1.);
#2245 = DIRECTION('',(-1.,0.,-0.));
#2246 = ORIENTED_EDGE('',*,*,#2247,.F.);
#2247 = EDGE_CURVE('',#2248,#2240,#2250,.T.);
#2248 = VERTEX_POINT('',#2249);
#2249 = CARTESIAN_POINT('',(16.467136103677,3.75,8.5));
#2250 = LINE('',#2251,#2252);
#2251 = CARTESIAN_POINT('',(16.467136103677,3.75,8.5));
#2252 = VECTOR('',#2253,1.);
#2253 = DIRECTION('',(-0.5,1.9E-16,-0.866025403784));
#2254 = ORIENTED_EDGE('',*,*,#2255,.F.);
#2255 = EDGE_CURVE('',#2256,#2248,#2258,.T.);
#2256 = VERTEX_POINT('',#2257);
#2257 = CARTESIAN_POINT('',(15.283568051839,3.75,10.55));
#2258 = LINE('',#2259,#2260);
#2259 = CARTESIAN_POINT('',(15.283568051839,3.75,10.55));
#2260 = VECTOR('',#2261,1.);
#2261 = DIRECTION('',(0.5,1.9E-16,-0.866025403784));
#2262 = ORIENTED_EDGE('',*,*,#2263,.F.);
#2263 = EDGE_CURVE('',#2264,#2256,#2266,.T.);
#2264 = VERTEX_POINT('',#2265);
#2265 = CARTESIAN_POINT('',(12.916431948161,3.75,10.55));
#2266 = LINE('',#2267,#2268);
#2267 = CARTESIAN_POINT('',(12.916431948161,3.75,10.55));
#2268 = VECTOR('',#2269,1.);
#2269 = DIRECTION('',(1.,0.,0.));
#2270 = ORIENTED_EDGE('',*,*,#2271,.F.);
#2271 = EDGE_CURVE('',#2232,#2264,#2272,.T.);
#2272 = LINE('',#2273,#2274);
#2273 = CARTESIAN_POINT('',(11.732863896323,3.75,8.5));
#2274 = VECTOR('',#2275,1.);
#2275 = DIRECTION('',(0.5,-1.9E-16,0.866025403784));
#2276 = FACE_BOUND('',#2277,.T.);
#2277 = EDGE_LOOP('',(#2278,#2288,#2296,#2304,#2312,#2320));
#2278 = ORIENTED_EDGE('',*,*,#2279,.F.);
#2279 = EDGE_CURVE('',#2280,#2282,#2284,.T.);
#2280 = VERTEX_POINT('',#2281);
#2281 = CARTESIAN_POINT('',(-12.91643194816,3.75,10.55));
#2282 = VERTEX_POINT('',#2283);
#2283 = CARTESIAN_POINT('',(-11.73286389632,3.75,8.5));
#2284 = LINE('',#2285,#2286);
#2285 = CARTESIAN_POINT('',(-12.91643194816,3.75,10.55));
#2286 = VECTOR('',#2287,1.);
#2287 = DIRECTION('',(0.5,1.9E-16,-0.866025403784));
#2288 = ORIENTED_EDGE('',*,*,#2289,.F.);
#2289 = EDGE_CURVE('',#2290,#2280,#2292,.T.);
#2290 = VERTEX_POINT('',#2291);
#2291 = CARTESIAN_POINT('',(-15.28356805183,3.75,10.55));
#2292 = LINE('',#2293,#2294);
#2293 = CARTESIAN_POINT('',(-15.28356805183,3.75,10.55));
#2294 = VECTOR('',#2295,1.);
#2295 = DIRECTION('',(1.,0.,-7.5E-16));
#2296 = ORIENTED_EDGE('',*,*,#2297,.F.);
#2297 = EDGE_CURVE('',#2298,#2290,#2300,.T.);
#2298 = VERTEX_POINT('',#2299);
#2299 = CARTESIAN_POINT('',(-16.46713610367,3.75,8.5));
#2300 = LINE('',#2301,#2302);
#2301 = CARTESIAN_POINT('',(-16.46713610367,3.75,8.5));
#2302 = VECTOR('',#2303,1.);
#2303 = DIRECTION('',(0.5,-1.9E-16,0.866025403784));
#2304 = ORIENTED_EDGE('',*,*,#2305,.F.);
#2305 = EDGE_CURVE('',#2306,#2298,#2308,.T.);
#2306 = VERTEX_POINT('',#2307);
#2307 = CARTESIAN_POINT('',(-15.28356805183,3.75,6.45));
#2308 = LINE('',#2309,#2310);
#2309 = CARTESIAN_POINT('',(-15.28356805183,3.75,6.45));
#2310 = VECTOR('',#2311,1.);
#2311 = DIRECTION('',(-0.5,-1.9E-16,0.866025403784));
#2312 = ORIENTED_EDGE('',*,*,#2313,.F.);
#2313 = EDGE_CURVE('',#2314,#2306,#2316,.T.);
#2314 = VERTEX_POINT('',#2315);
#2315 = CARTESIAN_POINT('',(-12.91643194816,3.75,6.45));
#2316 = LINE('',#2317,#2318);
#2317 = CARTESIAN_POINT('',(-12.91643194816,3.75,6.45));
#2318 = VECTOR('',#2319,1.);
#2319 = DIRECTION('',(-1.,0.,-0.));
#2320 = ORIENTED_EDGE('',*,*,#2321,.F.);
#2321 = EDGE_CURVE('',#2282,#2314,#2322,.T.);
#2322 = LINE('',#2323,#2324);
#2323 = CARTESIAN_POINT('',(-11.73286389632,3.75,8.5));
#2324 = VECTOR('',#2325,1.);
#2325 = DIRECTION('',(-0.5,1.9E-16,-0.866025403784));
#2326 = PLANE('',#2327);
#2327 = AXIS2_PLACEMENT_3D('',#2328,#2329,#2330);
#2328 = CARTESIAN_POINT('',(0.,3.75,1.3));
#2329 = DIRECTION('',(0.,1.,2.2E-16));
#2330 = DIRECTION('',(-1.,0.,0.));
#2331 = ADVANCED_FACE('',(#2332),#2338,.T.);
#2332 = FACE_BOUND('',#2333,.F.);
#2333 = EDGE_LOOP('',(#2334,#2335,#2336,#2337));
#2334 = ORIENTED_EDGE('',*,*,#1673,.F.);
#2335 = ORIENTED_EDGE('',*,*,#1318,.T.);
#2336 = ORIENTED_EDGE('',*,*,#1171,.F.);
#2337 = ORIENTED_EDGE('',*,*,#1342,.F.);
#2338 = PLANE('',#2339);
#2339 = AXIS2_PLACEMENT_3D('',#2340,#2341,#2342);
#2340 = CARTESIAN_POINT('',(-4.5,7.,-46.));
#2341 = DIRECTION('',(0.707106781187,1.6E-16,-0.707106781187));
#2342 = DIRECTION('',(-3.137084989848E-18,1.,2.231370849898E-16));
#2343 = ADVANCED_FACE('',(#2344),#2355,.T.);
#2344 = FACE_BOUND('',#2345,.T.);
#2345 = EDGE_LOOP('',(#2346,#2347,#2353,#2354));
#2346 = ORIENTED_EDGE('',*,*,#405,.F.);
#2347 = ORIENTED_EDGE('',*,*,#2348,.T.);
#2348 = EDGE_CURVE('',#384,#625,#2349,.T.);
#2349 = LINE('',#2350,#2351);
#2350 = CARTESIAN_POINT('',(19.,-7.,55.5));
#2351 = VECTOR('',#2352,1.);
#2352 = DIRECTION('',(0.,1.,0.));
#2353 = ORIENTED_EDGE('',*,*,#624,.T.);
#2354 = ORIENTED_EDGE('',*,*,#553,.F.);
#2355 = PLANE('',#2356);
#2356 = AXIS2_PLACEMENT_3D('',#2357,#2358,#2359);
#2357 = CARTESIAN_POINT('',(18.5,-7.,56.));
#2358 = DIRECTION('',(0.707106781187,3.6E-16,0.707106781187));
#2359 = DIRECTION('',(-2.545584412272E-16,1.,-2.545584412272E-16));
#2360 = ADVANCED_FACE('',(#2361),#2372,.F.);
#2361 = FACE_BOUND('',#2362,.T.);
#2362 = EDGE_LOOP('',(#2363,#2364,#2370,#2371));
#2363 = ORIENTED_EDGE('',*,*,#1655,.F.);
#2364 = ORIENTED_EDGE('',*,*,#2365,.T.);
#2365 = EDGE_CURVE('',#1646,#1443,#2366,.T.);
#2366 = LINE('',#2367,#2368);
#2367 = CARTESIAN_POINT('',(19.,7.,-45.5));
#2368 = VECTOR('',#2369,1.);
#2369 = DIRECTION('',(0.,-1.,0.));
#2370 = ORIENTED_EDGE('',*,*,#1442,.F.);
#2371 = ORIENTED_EDGE('',*,*,#1535,.F.);
#2372 = PLANE('',#2373);
#2373 = AXIS2_PLACEMENT_3D('',#2374,#2375,#2376);
#2374 = CARTESIAN_POINT('',(18.5,7.,-46.));
#2375 = DIRECTION('',(-0.707106781187,-1.6E-16,0.707106781187));
#2376 = DIRECTION('',(-1.131370849898E-16,1.,1.131370849898E-16));
#2377 = ADVANCED_FACE('',(#2378),#2396,.F.);
#2378 = FACE_BOUND('',#2379,.F.);
#2379 = EDGE_LOOP('',(#2380,#2387,#2388,#2395));
#2380 = ORIENTED_EDGE('',*,*,#2381,.F.);
#2381 = EDGE_CURVE('',#946,#641,#2382,.T.);
#2382 = CIRCLE('',#2383,4.5);
#2383 = AXIS2_PLACEMENT_3D('',#2384,#2385,#2386);
#2384 = CARTESIAN_POINT('',(12.05,7.,26.));
#2385 = DIRECTION('',(-1.,-0.,-2.2E-16));
#2386 = DIRECTION('',(2.2E-16,0.,-1.));
#2387 = ORIENTED_EDGE('',*,*,#953,.T.);
#2388 = ORIENTED_EDGE('',*,*,#2389,.T.);
#2389 = EDGE_CURVE('',#954,#633,#2390,.T.);
#2390 = CIRCLE('',#2391,4.5);
#2391 = AXIS2_PLACEMENT_3D('',#2392,#2393,#2394);
#2392 = CARTESIAN_POINT('',(19.,7.,26.));
#2393 = DIRECTION('',(-1.,-0.,-2.2E-16));
#2394 = DIRECTION('',(2.2E-16,0.,-1.));
#2395 = ORIENTED_EDGE('',*,*,#640,.T.);
#2396 = CYLINDRICAL_SURFACE('',#2397,4.5);
#2397 = AXIS2_PLACEMENT_3D('',#2398,#2399,#2400);
#2398 = CARTESIAN_POINT('',(-19.,7.,26.));
#2399 = DIRECTION('',(-1.,0.,-2.2E-16));
#2400 = DIRECTION('',(2.2E-16,0.,-1.));
#2401 = ADVANCED_FACE('',(#2402),#2420,.F.);
#2402 = FACE_BOUND('',#2403,.F.);
#2403 = EDGE_LOOP('',(#2404,#2411,#2412,#2419));
#2404 = ORIENTED_EDGE('',*,*,#2405,.F.);
#2405 = EDGE_CURVE('',#1714,#1901,#2406,.T.);
#2406 = CIRCLE('',#2407,4.5);
#2407 = AXIS2_PLACEMENT_3D('',#2408,#2409,#2410);
#2408 = CARTESIAN_POINT('',(12.05,7.,-26.));
#2409 = DIRECTION('',(-1.,-0.,-2.2E-16));
#2410 = DIRECTION('',(2.2E-16,0.,-1.));
#2411 = ORIENTED_EDGE('',*,*,#1721,.T.);
#2412 = ORIENTED_EDGE('',*,*,#2413,.T.);
#2413 = EDGE_CURVE('',#1648,#1891,#2414,.T.);
#2414 = CIRCLE('',#2415,4.5);
#2415 = AXIS2_PLACEMENT_3D('',#2416,#2417,#2418);
#2416 = CARTESIAN_POINT('',(19.,7.,-26.));
#2417 = DIRECTION('',(-1.,-0.,-2.2E-16));
#2418 = DIRECTION('',(2.2E-16,0.,-1.));
#2419 = ORIENTED_EDGE('',*,*,#1900,.T.);
#2420 = CYLINDRICAL_SURFACE('',#2421,4.5);
#2421 = AXIS2_PLACEMENT_3D('',#2422,#2423,#2424);
#2422 = CARTESIAN_POINT('',(-19.,7.,-26.));
#2423 = DIRECTION('',(-1.,0.,-2.2E-16));
#2424 = DIRECTION('',(2.2E-16,0.,-1.));
#2425 = ADVANCED_FACE('',(#2426),#2442,.F.);
#2426 = FACE_BOUND('',#2427,.T.);
#2427 = EDGE_LOOP('',(#2428,#2429,#2435,#2436));
#2428 = ORIENTED_EDGE('',*,*,#2102,.F.);
#2429 = ORIENTED_EDGE('',*,*,#2430,.T.);
#2430 = EDGE_CURVE('',#2095,#2011,#2431,.T.);
#2431 = LINE('',#2432,#2433);
#2432 = CARTESIAN_POINT('',(19.,3.75,-1.));
#2433 = VECTOR('',#2434,1.);
#2434 = DIRECTION('',(0.,-1.,-2.2E-16));
#2435 = ORIENTED_EDGE('',*,*,#2010,.T.);
#2436 = ORIENTED_EDGE('',*,*,#2437,.F.);
#2437 = EDGE_CURVE('',#2103,#2003,#2438,.T.);
#2438 = LINE('',#2439,#2440);
#2439 = CARTESIAN_POINT('',(18.,3.75,-2.));
#2440 = VECTOR('',#2441,1.);
#2441 = DIRECTION('',(0.,-1.,-2.2E-16));
#2442 = PLANE('',#2443);
#2443 = AXIS2_PLACEMENT_3D('',#2444,#2445,#2446);
#2444 = CARTESIAN_POINT('',(18.5,3.75,-1.5));
#2445 = DIRECTION('',(-0.707106781187,-1.6E-16,0.707106781187));
#2446 = DIRECTION('',(-3.137084989848E-18,1.,2.231370849898E-16));
#2447 = ADVANCED_FACE('',(#2448),#2464,.T.);
#2448 = FACE_BOUND('',#2449,.F.);
#2449 = EDGE_LOOP('',(#2450,#2451,#2457,#2458));
#2450 = ORIENTED_EDGE('',*,*,#1955,.F.);
#2451 = ORIENTED_EDGE('',*,*,#2452,.T.);
#2452 = EDGE_CURVE('',#1893,#2019,#2453,.T.);
#2453 = LINE('',#2454,#2455);
#2454 = CARTESIAN_POINT('',(19.,7.,-11.));
#2455 = VECTOR('',#2456,1.);
#2456 = DIRECTION('',(0.,-1.,0.));
#2457 = ORIENTED_EDGE('',*,*,#2026,.T.);
#2458 = ORIENTED_EDGE('',*,*,#2459,.F.);
#2459 = EDGE_CURVE('',#1948,#2027,#2460,.T.);
#2460 = LINE('',#2461,#2462);
#2461 = CARTESIAN_POINT('',(18.,7.,-10.));
#2462 = VECTOR('',#2463,1.);
#2463 = DIRECTION('',(0.,-1.,0.));
#2464 = PLANE('',#2465);
#2465 = AXIS2_PLACEMENT_3D('',#2466,#2467,#2468);
#2466 = CARTESIAN_POINT('',(18.5,7.,-10.5));
#2467 = DIRECTION('',(0.707106781187,-1.6E-16,0.707106781187));
#2468 = DIRECTION('',(1.131370849898E-16,1.,1.131370849898E-16));
#2469 = ADVANCED_FACE('',(#2470),#2476,.T.);
#2470 = FACE_BOUND('',#2471,.T.);
#2471 = EDGE_LOOP('',(#2472,#2473,#2474,#2475));
#2472 = ORIENTED_EDGE('',*,*,#1662,.F.);
#2473 = ORIENTED_EDGE('',*,*,#1528,.T.);
#2474 = ORIENTED_EDGE('',*,*,#1388,.F.);
#2475 = ORIENTED_EDGE('',*,*,#1590,.F.);
#2476 = PLANE('',#2477);
#2477 = AXIS2_PLACEMENT_3D('',#2478,#2479,#2480);
#2478 = CARTESIAN_POINT('',(4.5,7.,-46.));
#2479 = DIRECTION('',(-0.707106781187,1.6E-16,-0.707106781187));
#2480 = DIRECTION('',(-3.137084989848E-18,-1.,-2.231370849898E-16));
#2481 = ADVANCED_FACE('',(#2482),#2507,.F.);
#2482 = FACE_BOUND('',#2483,.F.);
#2483 = EDGE_LOOP('',(#2484,#2492,#2500,#2506));
#2484 = ORIENTED_EDGE('',*,*,#2485,.T.);
#2485 = EDGE_CURVE('',#2127,#2486,#2488,.T.);
#2486 = VERTEX_POINT('',#2487);
#2487 = CARTESIAN_POINT('',(12.916431948161,-2.,4.05));
#2488 = LINE('',#2489,#2490);
#2489 = CARTESIAN_POINT('',(12.916431948161,3.75,4.05));
#2490 = VECTOR('',#2491,1.);
#2491 = DIRECTION('',(0.,-1.,-2.2E-16));
#2492 = ORIENTED_EDGE('',*,*,#2493,.T.);
#2493 = EDGE_CURVE('',#2486,#2494,#2496,.T.);
#2494 = VERTEX_POINT('',#2495);
#2495 = CARTESIAN_POINT('',(15.283568051839,-2.,4.05));
#2496 = LINE('',#2497,#2498);
#2497 = CARTESIAN_POINT('',(12.916431948161,-2.,4.05));
#2498 = VECTOR('',#2499,1.);
#2499 = DIRECTION('',(1.,0.,0.));
#2500 = ORIENTED_EDGE('',*,*,#2501,.F.);
#2501 = EDGE_CURVE('',#2129,#2494,#2502,.T.);
#2502 = LINE('',#2503,#2504);
#2503 = CARTESIAN_POINT('',(15.283568051839,3.75,4.05));
#2504 = VECTOR('',#2505,1.);
#2505 = DIRECTION('',(0.,-1.,-2.2E-16));
#2506 = ORIENTED_EDGE('',*,*,#2126,.F.);
#2507 = PLANE('',#2508);
#2508 = AXIS2_PLACEMENT_3D('',#2509,#2510,#2511);
#2509 = CARTESIAN_POINT('',(12.916431948161,3.75,4.05));
#2510 = DIRECTION('',(0.,-2.2E-16,1.));
#2511 = DIRECTION('',(1.,0.,0.));
#2512 = ADVANCED_FACE('',(#2513),#2540,.F.);
#2513 = FACE_BOUND('',#2514,.F.);
#2514 = EDGE_LOOP('',(#2515,#2524,#2532,#2539));
#2515 = ORIENTED_EDGE('',*,*,#2516,.F.);
#2516 = EDGE_CURVE('',#2517,#2517,#2519,.T.);
#2517 = VERTEX_POINT('',#2518);
#2518 = CARTESIAN_POINT('',(15.1,-2.,2.));
#2519 = CIRCLE('',#2520,1.);
#2520 = AXIS2_PLACEMENT_3D('',#2521,#2522,#2523);
#2521 = CARTESIAN_POINT('',(14.1,-2.,2.));
#2522 = DIRECTION('',(-0.,1.,2.2E-16));
#2523 = DIRECTION('',(1.,0.,0.));
#2524 = ORIENTED_EDGE('',*,*,#2525,.T.);
#2525 = EDGE_CURVE('',#2517,#2526,#2528,.T.);
#2526 = VERTEX_POINT('',#2527);
#2527 = CARTESIAN_POINT('',(15.1,-7.,2.));
#2528 = LINE('',#2529,#2530);
#2529 = CARTESIAN_POINT('',(15.1,3.75,2.));
#2530 = VECTOR('',#2531,1.);
#2531 = DIRECTION('',(0.,-1.,-2.2E-16));
#2532 = ORIENTED_EDGE('',*,*,#2533,.T.);
#2533 = EDGE_CURVE('',#2526,#2526,#2534,.T.);
#2534 = CIRCLE('',#2535,1.);
#2535 = AXIS2_PLACEMENT_3D('',#2536,#2537,#2538);
#2536 = CARTESIAN_POINT('',(14.1,-7.,2.));
#2537 = DIRECTION('',(-0.,1.,2.2E-16));
#2538 = DIRECTION('',(1.,0.,0.));
#2539 = ORIENTED_EDGE('',*,*,#2525,.F.);
#2540 = CYLINDRICAL_SURFACE('',#2541,1.);
#2541 = AXIS2_PLACEMENT_3D('',#2542,#2543,#2544);
#2542 = CARTESIAN_POINT('',(14.1,3.75,2.));
#2543 = DIRECTION('',(0.,1.,2.2E-16));
#2544 = DIRECTION('',(1.,0.,0.));
#2545 = ADVANCED_FACE('',(#2546,#2587),#2590,.T.);
#2546 = FACE_BOUND('',#2547,.T.);
#2547 = EDGE_LOOP('',(#2548,#2549,#2557,#2565,#2573,#2581));
#2548 = ORIENTED_EDGE('',*,*,#2493,.T.);
#2549 = ORIENTED_EDGE('',*,*,#2550,.T.);
#2550 = EDGE_CURVE('',#2494,#2551,#2553,.T.);
#2551 = VERTEX_POINT('',#2552);
#2552 = CARTESIAN_POINT('',(16.467136103677,-2.,2.));
#2553 = LINE('',#2554,#2555);
#2554 = CARTESIAN_POINT('',(15.283568051839,-2.,4.05));
#2555 = VECTOR('',#2556,1.);
#2556 = DIRECTION('',(0.5,1.9E-16,-0.866025403784));
#2557 = ORIENTED_EDGE('',*,*,#2558,.T.);
#2558 = EDGE_CURVE('',#2551,#2559,#2561,.T.);
#2559 = VERTEX_POINT('',#2560);
#2560 = CARTESIAN_POINT('',(15.283568051839,-2.,-5.E-02));
#2561 = LINE('',#2562,#2563);
#2562 = CARTESIAN_POINT('',(16.467136103677,-2.,2.));
#2563 = VECTOR('',#2564,1.);
#2564 = DIRECTION('',(-0.5,1.9E-16,-0.866025403784));
#2565 = ORIENTED_EDGE('',*,*,#2566,.T.);
#2566 = EDGE_CURVE('',#2559,#2567,#2569,.T.);
#2567 = VERTEX_POINT('',#2568);
#2568 = CARTESIAN_POINT('',(12.916431948161,-2.,-5.E-02));
#2569 = LINE('',#2570,#2571);
#2570 = CARTESIAN_POINT('',(15.283568051839,-2.,-5.E-02));
#2571 = VECTOR('',#2572,1.);
#2572 = DIRECTION('',(-1.,0.,-0.));
#2573 = ORIENTED_EDGE('',*,*,#2574,.T.);
#2574 = EDGE_CURVE('',#2567,#2575,#2577,.T.);
#2575 = VERTEX_POINT('',#2576);
#2576 = CARTESIAN_POINT('',(11.732863896323,-2.,2.));
#2577 = LINE('',#2578,#2579);
#2578 = CARTESIAN_POINT('',(12.916431948161,-2.,-5.E-02));
#2579 = VECTOR('',#2580,1.);
#2580 = DIRECTION('',(-0.5,-1.9E-16,0.866025403784));
#2581 = ORIENTED_EDGE('',*,*,#2582,.T.);
#2582 = EDGE_CURVE('',#2575,#2486,#2583,.T.);
#2583 = LINE('',#2584,#2585);
#2584 = CARTESIAN_POINT('',(11.732863896323,-2.,2.));
#2585 = VECTOR('',#2586,1.);
#2586 = DIRECTION('',(0.5,-1.9E-16,0.866025403784));
#2587 = FACE_BOUND('',#2588,.T.);
#2588 = EDGE_LOOP('',(#2589));
#2589 = ORIENTED_EDGE('',*,*,#2516,.F.);
#2590 = PLANE('',#2591);
#2591 = AXIS2_PLACEMENT_3D('',#2592,#2593,#2594);
#2592 = CARTESIAN_POINT('',(1.38E-15,-2.,5.25));
#2593 = DIRECTION('',(0.,1.,2.2E-16));
#2594 = DIRECTION('',(0.,-2.2E-16,1.));
#2595 = ADVANCED_FACE('',(#2596),#2607,.F.);
#2596 = FACE_BOUND('',#2597,.F.);
#2597 = EDGE_LOOP('',(#2598,#2604,#2605,#2606));
#2598 = ORIENTED_EDGE('',*,*,#2599,.T.);
#2599 = EDGE_CURVE('',#2137,#2575,#2600,.T.);
#2600 = LINE('',#2601,#2602);
#2601 = CARTESIAN_POINT('',(11.732863896323,3.75,2.));
#2602 = VECTOR('',#2603,1.);
#2603 = DIRECTION('',(0.,-1.,-2.2E-16));
#2604 = ORIENTED_EDGE('',*,*,#2582,.T.);
#2605 = ORIENTED_EDGE('',*,*,#2485,.F.);
#2606 = ORIENTED_EDGE('',*,*,#2136,.F.);
#2607 = PLANE('',#2608);
#2608 = AXIS2_PLACEMENT_3D('',#2609,#2610,#2611);
#2609 = CARTESIAN_POINT('',(11.732863896323,3.75,2.));
#2610 = DIRECTION('',(-0.866025403784,-1.1E-16,0.5));
#2611 = DIRECTION('',(0.5,-1.9E-16,0.866025403784));
#2612 = ADVANCED_FACE('',(#2613),#2624,.F.);
#2613 = FACE_BOUND('',#2614,.F.);
#2614 = EDGE_LOOP('',(#2615,#2616,#2617,#2623));
#2615 = ORIENTED_EDGE('',*,*,#2501,.T.);
#2616 = ORIENTED_EDGE('',*,*,#2550,.T.);
#2617 = ORIENTED_EDGE('',*,*,#2618,.F.);
#2618 = EDGE_CURVE('',#2161,#2551,#2619,.T.);
#2619 = LINE('',#2620,#2621);
#2620 = CARTESIAN_POINT('',(16.467136103677,3.75,2.));
#2621 = VECTOR('',#2622,1.);
#2622 = DIRECTION('',(0.,-1.,-2.2E-16));
#2623 = ORIENTED_EDGE('',*,*,#2168,.F.);
#2624 = PLANE('',#2625);
#2625 = AXIS2_PLACEMENT_3D('',#2626,#2627,#2628);
#2626 = CARTESIAN_POINT('',(15.283568051839,3.75,4.05));
#2627 = DIRECTION('',(0.866025403784,-1.1E-16,0.5));
#2628 = DIRECTION('',(0.5,1.9E-16,-0.866025403784));
#2629 = ADVANCED_FACE('',(#2630),#2641,.F.);
#2630 = FACE_BOUND('',#2631,.F.);
#2631 = EDGE_LOOP('',(#2632,#2638,#2639,#2640));
#2632 = ORIENTED_EDGE('',*,*,#2633,.T.);
#2633 = EDGE_CURVE('',#2145,#2567,#2634,.T.);
#2634 = LINE('',#2635,#2636);
#2635 = CARTESIAN_POINT('',(12.916431948161,3.75,-5.E-02));
#2636 = VECTOR('',#2637,1.);
#2637 = DIRECTION('',(0.,-1.,-2.2E-16));
#2638 = ORIENTED_EDGE('',*,*,#2574,.T.);
#2639 = ORIENTED_EDGE('',*,*,#2599,.F.);
#2640 = ORIENTED_EDGE('',*,*,#2144,.F.);
#2641 = PLANE('',#2642);
#2642 = AXIS2_PLACEMENT_3D('',#2643,#2644,#2645);
#2643 = CARTESIAN_POINT('',(12.916431948161,3.75,-5.E-02));
#2644 = DIRECTION('',(-0.866025403784,1.1E-16,-0.5));
#2645 = DIRECTION('',(-0.5,-1.9E-16,0.866025403784));
#2646 = ADVANCED_FACE('',(#2647),#2658,.F.);
#2647 = FACE_BOUND('',#2648,.F.);
#2648 = EDGE_LOOP('',(#2649,#2650,#2651,#2657));
#2649 = ORIENTED_EDGE('',*,*,#2618,.T.);
#2650 = ORIENTED_EDGE('',*,*,#2558,.T.);
#2651 = ORIENTED_EDGE('',*,*,#2652,.F.);
#2652 = EDGE_CURVE('',#2153,#2559,#2653,.T.);
#2653 = LINE('',#2654,#2655);
#2654 = CARTESIAN_POINT('',(15.283568051839,3.75,-5.E-02));
#2655 = VECTOR('',#2656,1.);
#2656 = DIRECTION('',(0.,-1.,-2.2E-16));
#2657 = ORIENTED_EDGE('',*,*,#2160,.F.);
#2658 = PLANE('',#2659);
#2659 = AXIS2_PLACEMENT_3D('',#2660,#2661,#2662);
#2660 = CARTESIAN_POINT('',(16.467136103677,3.75,2.));
#2661 = DIRECTION('',(0.866025403784,1.1E-16,-0.5));
#2662 = DIRECTION('',(-0.5,1.9E-16,-0.866025403784));
#2663 = ADVANCED_FACE('',(#2664),#2670,.F.);
#2664 = FACE_BOUND('',#2665,.F.);
#2665 = EDGE_LOOP('',(#2666,#2667,#2668,#2669));
#2666 = ORIENTED_EDGE('',*,*,#2652,.T.);
#2667 = ORIENTED_EDGE('',*,*,#2566,.T.);
#2668 = ORIENTED_EDGE('',*,*,#2633,.F.);
#2669 = ORIENTED_EDGE('',*,*,#2152,.F.);
#2670 = PLANE('',#2671);
#2671 = AXIS2_PLACEMENT_3D('',#2672,#2673,#2674);
#2672 = CARTESIAN_POINT('',(15.283568051839,3.75,-5.E-02));
#2673 = DIRECTION('',(0.,2.2E-16,-1.));
#2674 = DIRECTION('',(-1.,0.,0.));
#2675 = ADVANCED_FACE('',(#2676),#2701,.F.);
#2676 = FACE_BOUND('',#2677,.F.);
#2677 = EDGE_LOOP('',(#2678,#2686,#2694,#2700));
#2678 = ORIENTED_EDGE('',*,*,#2679,.T.);
#2679 = EDGE_CURVE('',#2230,#2680,#2682,.T.);
#2680 = VERTEX_POINT('',#2681);
#2681 = CARTESIAN_POINT('',(12.916431948161,-2.,6.45));
#2682 = LINE('',#2683,#2684);
#2683 = CARTESIAN_POINT('',(12.916431948161,3.75,6.45));
#2684 = VECTOR('',#2685,1.);
#2685 = DIRECTION('',(0.,-1.,-2.2E-16));
#2686 = ORIENTED_EDGE('',*,*,#2687,.T.);
#2687 = EDGE_CURVE('',#2680,#2688,#2690,.T.);
#2688 = VERTEX_POINT('',#2689);
#2689 = CARTESIAN_POINT('',(11.732863896323,-2.,8.5));
#2690 = LINE('',#2691,#2692);
#2691 = CARTESIAN_POINT('',(12.916431948161,-2.,6.45));
#2692 = VECTOR('',#2693,1.);
#2693 = DIRECTION('',(-0.5,-1.9E-16,0.866025403784));
#2694 = ORIENTED_EDGE('',*,*,#2695,.F.);
#2695 = EDGE_CURVE('',#2232,#2688,#2696,.T.);
#2696 = LINE('',#2697,#2698);
#2697 = CARTESIAN_POINT('',(11.732863896323,3.75,8.5));
#2698 = VECTOR('',#2699,1.);
#2699 = DIRECTION('',(0.,-1.,-2.2E-16));
#2700 = ORIENTED_EDGE('',*,*,#2229,.F.);
#2701 = PLANE('',#2702);
#2702 = AXIS2_PLACEMENT_3D('',#2703,#2704,#2705);
#2703 = CARTESIAN_POINT('',(12.916431948161,3.75,6.45));
#2704 = DIRECTION('',(-0.866025403784,1.1E-16,-0.5));
#2705 = DIRECTION('',(-0.5,-1.9E-16,0.866025403784));
#2706 = ADVANCED_FACE('',(#2707),#2734,.F.);
#2707 = FACE_BOUND('',#2708,.F.);
#2708 = EDGE_LOOP('',(#2709,#2718,#2726,#2733));
#2709 = ORIENTED_EDGE('',*,*,#2710,.F.);
#2710 = EDGE_CURVE('',#2711,#2711,#2713,.T.);
#2711 = VERTEX_POINT('',#2712);
#2712 = CARTESIAN_POINT('',(15.1,-2.,8.5));
#2713 = CIRCLE('',#2714,1.);
#2714 = AXIS2_PLACEMENT_3D('',#2715,#2716,#2717);
#2715 = CARTESIAN_POINT('',(14.1,-2.,8.5));
#2716 = DIRECTION('',(-0.,1.,2.2E-16));
#2717 = DIRECTION('',(1.,0.,0.));
#2718 = ORIENTED_EDGE('',*,*,#2719,.T.);
#2719 = EDGE_CURVE('',#2711,#2720,#2722,.T.);
#2720 = VERTEX_POINT('',#2721);
#2721 = CARTESIAN_POINT('',(15.1,-7.,8.5));
#2722 = LINE('',#2723,#2724);
#2723 = CARTESIAN_POINT('',(15.1,3.75,8.5));
#2724 = VECTOR('',#2725,1.);
#2725 = DIRECTION('',(0.,-1.,-2.2E-16));
#2726 = ORIENTED_EDGE('',*,*,#2727,.T.);
#2727 = EDGE_CURVE('',#2720,#2720,#2728,.T.);
#2728 = CIRCLE('',#2729,1.);
#2729 = AXIS2_PLACEMENT_3D('',#2730,#2731,#2732);
#2730 = CARTESIAN_POINT('',(14.1,-7.,8.5));
#2731 = DIRECTION('',(-0.,1.,2.2E-16));
#2732 = DIRECTION('',(1.,0.,0.));
#2733 = ORIENTED_EDGE('',*,*,#2719,.F.);
#2734 = CYLINDRICAL_SURFACE('',#2735,1.);
#2735 = AXIS2_PLACEMENT_3D('',#2736,#2737,#2738);
#2736 = CARTESIAN_POINT('',(14.1,3.75,8.5));
#2737 = DIRECTION('',(0.,1.,2.2E-16));
#2738 = DIRECTION('',(1.,0.,0.));
#2739 = ADVANCED_FACE('',(#2740,#2781),#2784,.T.);
#2740 = FACE_BOUND('',#2741,.T.);
#2741 = EDGE_LOOP('',(#2742,#2743,#2751,#2759,#2767,#2775));
#2742 = ORIENTED_EDGE('',*,*,#2687,.T.);
#2743 = ORIENTED_EDGE('',*,*,#2744,.T.);
#2744 = EDGE_CURVE('',#2688,#2745,#2747,.T.);
#2745 = VERTEX_POINT('',#2746);
#2746 = CARTESIAN_POINT('',(12.916431948161,-2.,10.55));
#2747 = LINE('',#2748,#2749);
#2748 = CARTESIAN_POINT('',(11.732863896323,-2.,8.5));
#2749 = VECTOR('',#2750,1.);
#2750 = DIRECTION('',(0.5,-1.9E-16,0.866025403784));
#2751 = ORIENTED_EDGE('',*,*,#2752,.T.);
#2752 = EDGE_CURVE('',#2745,#2753,#2755,.T.);
#2753 = VERTEX_POINT('',#2754);
#2754 = CARTESIAN_POINT('',(15.283568051839,-2.,10.55));
#2755 = LINE('',#2756,#2757);
#2756 = CARTESIAN_POINT('',(12.916431948161,-2.,10.55));
#2757 = VECTOR('',#2758,1.);
#2758 = DIRECTION('',(1.,0.,0.));
#2759 = ORIENTED_EDGE('',*,*,#2760,.T.);
#2760 = EDGE_CURVE('',#2753,#2761,#2763,.T.);
#2761 = VERTEX_POINT('',#2762);
#2762 = CARTESIAN_POINT('',(16.467136103677,-2.,8.5));
#2763 = LINE('',#2764,#2765);
#2764 = CARTESIAN_POINT('',(15.283568051839,-2.,10.55));
#2765 = VECTOR('',#2766,1.);
#2766 = DIRECTION('',(0.5,1.9E-16,-0.866025403784));
#2767 = ORIENTED_EDGE('',*,*,#2768,.T.);
#2768 = EDGE_CURVE('',#2761,#2769,#2771,.T.);
#2769 = VERTEX_POINT('',#2770);
#2770 = CARTESIAN_POINT('',(15.283568051839,-2.,6.45));
#2771 = LINE('',#2772,#2773);
#2772 = CARTESIAN_POINT('',(16.467136103677,-2.,8.5));
#2773 = VECTOR('',#2774,1.);
#2774 = DIRECTION('',(-0.5,1.9E-16,-0.866025403784));
#2775 = ORIENTED_EDGE('',*,*,#2776,.T.);
#2776 = EDGE_CURVE('',#2769,#2680,#2777,.T.);
#2777 = LINE('',#2778,#2779);
#2778 = CARTESIAN_POINT('',(15.283568051839,-2.,6.45));
#2779 = VECTOR('',#2780,1.);
#2780 = DIRECTION('',(-1.,0.,-0.));
#2781 = FACE_BOUND('',#2782,.T.);
#2782 = EDGE_LOOP('',(#2783));
#2783 = ORIENTED_EDGE('',*,*,#2710,.F.);
#2784 = PLANE('',#2785);
#2785 = AXIS2_PLACEMENT_3D('',#2786,#2787,#2788);
#2786 = CARTESIAN_POINT('',(1.38E-15,-2.,5.25));
#2787 = DIRECTION('',(0.,1.,2.2E-16));
#2788 = DIRECTION('',(0.,-2.2E-16,1.));
#2789 = ADVANCED_FACE('',(#2790),#2801,.F.);
#2790 = FACE_BOUND('',#2791,.F.);
#2791 = EDGE_LOOP('',(#2792,#2798,#2799,#2800));
#2792 = ORIENTED_EDGE('',*,*,#2793,.T.);
#2793 = EDGE_CURVE('',#2240,#2769,#2794,.T.);
#2794 = LINE('',#2795,#2796);
#2795 = CARTESIAN_POINT('',(15.283568051839,3.75,6.45));
#2796 = VECTOR('',#2797,1.);
#2797 = DIRECTION('',(0.,-1.,-2.2E-16));
#2798 = ORIENTED_EDGE('',*,*,#2776,.T.);
#2799 = ORIENTED_EDGE('',*,*,#2679,.F.);
#2800 = ORIENTED_EDGE('',*,*,#2239,.F.);
#2801 = PLANE('',#2802);
#2802 = AXIS2_PLACEMENT_3D('',#2803,#2804,#2805);
#2803 = CARTESIAN_POINT('',(15.283568051839,3.75,6.45));
#2804 = DIRECTION('',(0.,2.2E-16,-1.));
#2805 = DIRECTION('',(-1.,0.,0.));
#2806 = ADVANCED_FACE('',(#2807),#2818,.F.);
#2807 = FACE_BOUND('',#2808,.F.);
#2808 = EDGE_LOOP('',(#2809,#2810,#2811,#2817));
#2809 = ORIENTED_EDGE('',*,*,#2695,.T.);
#2810 = ORIENTED_EDGE('',*,*,#2744,.T.);
#2811 = ORIENTED_EDGE('',*,*,#2812,.F.);
#2812 = EDGE_CURVE('',#2264,#2745,#2813,.T.);
#2813 = LINE('',#2814,#2815);
#2814 = CARTESIAN_POINT('',(12.916431948161,3.75,10.55));
#2815 = VECTOR('',#2816,1.);
#2816 = DIRECTION('',(0.,-1.,-2.2E-16));
#2817 = ORIENTED_EDGE('',*,*,#2271,.F.);
#2818 = PLANE('',#2819);
#2819 = AXIS2_PLACEMENT_3D('',#2820,#2821,#2822);
#2820 = CARTESIAN_POINT('',(11.732863896323,3.75,8.5));
#2821 = DIRECTION('',(-0.866025403784,-1.1E-16,0.5));
#2822 = DIRECTION('',(0.5,-1.9E-16,0.866025403784));
#2823 = ADVANCED_FACE('',(#2824),#2835,.F.);
#2824 = FACE_BOUND('',#2825,.F.);
#2825 = EDGE_LOOP('',(#2826,#2832,#2833,#2834));
#2826 = ORIENTED_EDGE('',*,*,#2827,.T.);
#2827 = EDGE_CURVE('',#2248,#2761,#2828,.T.);
#2828 = LINE('',#2829,#2830);
#2829 = CARTESIAN_POINT('',(16.467136103677,3.75,8.5));
#2830 = VECTOR('',#2831,1.);
#2831 = DIRECTION('',(0.,-1.,-2.2E-16));
#2832 = ORIENTED_EDGE('',*,*,#2768,.T.);
#2833 = ORIENTED_EDGE('',*,*,#2793,.F.);
#2834 = ORIENTED_EDGE('',*,*,#2247,.F.);
#2835 = PLANE('',#2836);
#2836 = AXIS2_PLACEMENT_3D('',#2837,#2838,#2839);
#2837 = CARTESIAN_POINT('',(16.467136103677,3.75,8.5));
#2838 = DIRECTION('',(0.866025403784,1.1E-16,-0.5));
#2839 = DIRECTION('',(-0.5,1.9E-16,-0.866025403784));
#2840 = ADVANCED_FACE('',(#2841),#2852,.F.);
#2841 = FACE_BOUND('',#2842,.F.);
#2842 = EDGE_LOOP('',(#2843,#2844,#2845,#2851));
#2843 = ORIENTED_EDGE('',*,*,#2812,.T.);
#2844 = ORIENTED_EDGE('',*,*,#2752,.T.);
#2845 = ORIENTED_EDGE('',*,*,#2846,.F.);
#2846 = EDGE_CURVE('',#2256,#2753,#2847,.T.);
#2847 = LINE('',#2848,#2849);
#2848 = CARTESIAN_POINT('',(15.283568051839,3.75,10.55));
#2849 = VECTOR('',#2850,1.);
#2850 = DIRECTION('',(0.,-1.,-2.2E-16));
#2851 = ORIENTED_EDGE('',*,*,#2263,.F.);
#2852 = PLANE('',#2853);
#2853 = AXIS2_PLACEMENT_3D('',#2854,#2855,#2856);
#2854 = CARTESIAN_POINT('',(12.916431948161,3.75,10.55));
#2855 = DIRECTION('',(0.,-2.2E-16,1.));
#2856 = DIRECTION('',(1.,0.,0.));
#2857 = ADVANCED_FACE('',(#2858),#2864,.F.);
#2858 = FACE_BOUND('',#2859,.F.);
#2859 = EDGE_LOOP('',(#2860,#2861,#2862,#2863));
#2860 = ORIENTED_EDGE('',*,*,#2846,.T.);
#2861 = ORIENTED_EDGE('',*,*,#2760,.T.);
#2862 = ORIENTED_EDGE('',*,*,#2827,.F.);
#2863 = ORIENTED_EDGE('',*,*,#2255,.F.);
#2864 = PLANE('',#2865);
#2865 = AXIS2_PLACEMENT_3D('',#2866,#2867,#2868);
#2866 = CARTESIAN_POINT('',(15.283568051839,3.75,10.55));
#2867 = DIRECTION('',(0.866025403784,-1.1E-16,0.5));
#2868 = DIRECTION('',(0.5,1.9E-16,-0.866025403784));
#2869 = ADVANCED_FACE('',(#2870),#2895,.F.);
#2870 = FACE_BOUND('',#2871,.F.);
#2871 = EDGE_LOOP('',(#2872,#2880,#2888,#2894));
#2872 = ORIENTED_EDGE('',*,*,#2873,.T.);
#2873 = EDGE_CURVE('',#681,#2874,#2876,.T.);
#2874 = VERTEX_POINT('',#2875);
#2875 = CARTESIAN_POINT('',(15.25,4.,42.75));
#2876 = LINE('',#2877,#2878);
#2877 = CARTESIAN_POINT('',(15.25,7.,42.75));
#2878 = VECTOR('',#2879,1.);
#2879 = DIRECTION('',(0.,-1.,-2.2E-16));
#2880 = ORIENTED_EDGE('',*,*,#2881,.T.);
#2881 = EDGE_CURVE('',#2874,#2882,#2884,.T.);
#2882 = VERTEX_POINT('',#2883);
#2883 = CARTESIAN_POINT('',(15.25,4.,37.25));
#2884 = LINE('',#2885,#2886);
#2885 = CARTESIAN_POINT('',(15.25,4.,42.75));
#2886 = VECTOR('',#2887,1.);
#2887 = DIRECTION('',(0.,2.2E-16,-1.));
#2888 = ORIENTED_EDGE('',*,*,#2889,.F.);
#2889 = EDGE_CURVE('',#683,#2882,#2890,.T.);
#2890 = LINE('',#2891,#2892);
#2891 = CARTESIAN_POINT('',(15.25,7.,37.25));
#2892 = VECTOR('',#2893,1.);
#2893 = DIRECTION('',(0.,-1.,-2.2E-16));
#2894 = ORIENTED_EDGE('',*,*,#680,.F.);
#2895 = PLANE('',#2896);
#2896 = AXIS2_PLACEMENT_3D('',#2897,#2898,#2899);
#2897 = CARTESIAN_POINT('',(15.25,7.,42.75));
#2898 = DIRECTION('',(1.,0.,0.));
#2899 = DIRECTION('',(0.,2.2E-16,-1.));
#2900 = ADVANCED_FACE('',(#2901),#2928,.F.);
#2901 = FACE_BOUND('',#2902,.F.);
#2902 = EDGE_LOOP('',(#2903,#2912,#2920,#2927));
#2903 = ORIENTED_EDGE('',*,*,#2904,.F.);
#2904 = EDGE_CURVE('',#2905,#2905,#2907,.T.);
#2905 = VERTEX_POINT('',#2906);
#2906 = CARTESIAN_POINT('',(14.,4.,40.));
#2907 = CIRCLE('',#2908,1.5);
#2908 = AXIS2_PLACEMENT_3D('',#2909,#2910,#2911);
#2909 = CARTESIAN_POINT('',(12.5,4.,40.));
#2910 = DIRECTION('',(-0.,1.,2.2E-16));
#2911 = DIRECTION('',(1.,0.,0.));
#2912 = ORIENTED_EDGE('',*,*,#2913,.T.);
#2913 = EDGE_CURVE('',#2905,#2914,#2916,.T.);
#2914 = VERTEX_POINT('',#2915);
#2915 = CARTESIAN_POINT('',(14.,-7.,40.));
#2916 = LINE('',#2917,#2918);
#2917 = CARTESIAN_POINT('',(14.,7.,40.));
#2918 = VECTOR('',#2919,1.);
#2919 = DIRECTION('',(0.,-1.,-2.2E-16));
#2920 = ORIENTED_EDGE('',*,*,#2921,.T.);
#2921 = EDGE_CURVE('',#2914,#2914,#2922,.T.);
#2922 = CIRCLE('',#2923,1.5);
#2923 = AXIS2_PLACEMENT_3D('',#2924,#2925,#2926);
#2924 = CARTESIAN_POINT('',(12.5,-7.,40.));
#2925 = DIRECTION('',(-0.,1.,2.2E-16));
#2926 = DIRECTION('',(1.,0.,0.));
#2927 = ORIENTED_EDGE('',*,*,#2913,.F.);
#2928 = CYLINDRICAL_SURFACE('',#2929,1.5);
#2929 = AXIS2_PLACEMENT_3D('',#2930,#2931,#2932);
#2930 = CARTESIAN_POINT('',(12.5,7.,40.));
#2931 = DIRECTION('',(0.,1.,2.2E-16));
#2932 = DIRECTION('',(1.,0.,0.));
#2933 = ADVANCED_FACE('',(#2934,#2959),#2962,.T.);
#2934 = FACE_BOUND('',#2935,.T.);
#2935 = EDGE_LOOP('',(#2936,#2937,#2945,#2953));
#2936 = ORIENTED_EDGE('',*,*,#2881,.T.);
#2937 = ORIENTED_EDGE('',*,*,#2938,.T.);
#2938 = EDGE_CURVE('',#2882,#2939,#2941,.T.);
#2939 = VERTEX_POINT('',#2940);
#2940 = CARTESIAN_POINT('',(9.75,4.,37.25));
#2941 = LINE('',#2942,#2943);
#2942 = CARTESIAN_POINT('',(15.25,4.,37.25));
#2943 = VECTOR('',#2944,1.);
#2944 = DIRECTION('',(-1.,0.,-0.));
#2945 = ORIENTED_EDGE('',*,*,#2946,.T.);
#2946 = EDGE_CURVE('',#2939,#2947,#2949,.T.);
#2947 = VERTEX_POINT('',#2948);
#2948 = CARTESIAN_POINT('',(9.75,4.,42.75));
#2949 = LINE('',#2950,#2951);
#2950 = CARTESIAN_POINT('',(9.75,4.,37.25));
#2951 = VECTOR('',#2952,1.);
#2952 = DIRECTION('',(0.,-2.2E-16,1.));
#2953 = ORIENTED_EDGE('',*,*,#2954,.T.);
#2954 = EDGE_CURVE('',#2947,#2874,#2955,.T.);
#2955 = LINE('',#2956,#2957);
#2956 = CARTESIAN_POINT('',(9.75,4.,42.75));
#2957 = VECTOR('',#2958,1.);
#2958 = DIRECTION('',(1.,0.,0.));
#2959 = FACE_BOUND('',#2960,.T.);
#2960 = EDGE_LOOP('',(#2961));
#2961 = ORIENTED_EDGE('',*,*,#2904,.F.);
#2962 = PLANE('',#2963);
#2963 = AXIS2_PLACEMENT_3D('',#2964,#2965,#2966);
#2964 = CARTESIAN_POINT('',(6.3E-15,4.,40.));
#2965 = DIRECTION('',(0.,1.,5.4E-16));
#2966 = DIRECTION('',(0.,-5.4E-16,1.));
#2967 = ADVANCED_FACE('',(#2968),#2979,.F.);
#2968 = FACE_BOUND('',#2969,.F.);
#2969 = EDGE_LOOP('',(#2970,#2976,#2977,#2978));
#2970 = ORIENTED_EDGE('',*,*,#2971,.T.);
#2971 = EDGE_CURVE('',#691,#2947,#2972,.T.);
#2972 = LINE('',#2973,#2974);
#2973 = CARTESIAN_POINT('',(9.75,7.,42.75));
#2974 = VECTOR('',#2975,1.);
#2975 = DIRECTION('',(0.,-1.,-2.2E-16));
#2976 = ORIENTED_EDGE('',*,*,#2954,.T.);
#2977 = ORIENTED_EDGE('',*,*,#2873,.F.);
#2978 = ORIENTED_EDGE('',*,*,#690,.F.);
#2979 = PLANE('',#2980);
#2980 = AXIS2_PLACEMENT_3D('',#2981,#2982,#2983);
#2981 = CARTESIAN_POINT('',(9.75,7.,42.75));
#2982 = DIRECTION('',(0.,-2.2E-16,1.));
#2983 = DIRECTION('',(1.,0.,0.));
#2984 = ADVANCED_FACE('',(#2985),#2996,.F.);
#2985 = FACE_BOUND('',#2986,.F.);
#2986 = EDGE_LOOP('',(#2987,#2988,#2989,#2995));
#2987 = ORIENTED_EDGE('',*,*,#2889,.T.);
#2988 = ORIENTED_EDGE('',*,*,#2938,.T.);
#2989 = ORIENTED_EDGE('',*,*,#2990,.F.);
#2990 = EDGE_CURVE('',#699,#2939,#2991,.T.);
#2991 = LINE('',#2992,#2993);
#2992 = CARTESIAN_POINT('',(9.75,7.,37.25));
#2993 = VECTOR('',#2994,1.);
#2994 = DIRECTION('',(0.,-1.,-2.2E-16));
#2995 = ORIENTED_EDGE('',*,*,#706,.F.);
#2996 = PLANE('',#2997);
#2997 = AXIS2_PLACEMENT_3D('',#2998,#2999,#3000);
#2998 = CARTESIAN_POINT('',(15.25,7.,37.25));
#2999 = DIRECTION('',(0.,2.2E-16,-1.));
#3000 = DIRECTION('',(-1.,0.,0.));
#3001 = ADVANCED_FACE('',(#3002),#3008,.F.);
#3002 = FACE_BOUND('',#3003,.F.);
#3003 = EDGE_LOOP('',(#3004,#3005,#3006,#3007));
#3004 = ORIENTED_EDGE('',*,*,#2990,.T.);
#3005 = ORIENTED_EDGE('',*,*,#2946,.T.);
#3006 = ORIENTED_EDGE('',*,*,#2971,.F.);
#3007 = ORIENTED_EDGE('',*,*,#698,.F.);
#3008 = PLANE('',#3009);
#3009 = AXIS2_PLACEMENT_3D('',#3010,#3011,#3012);
#3010 = CARTESIAN_POINT('',(9.75,7.,37.25));
#3011 = DIRECTION('',(-1.,0.,0.));
#3012 = DIRECTION('',(0.,-2.2E-16,1.));
#3013 = ADVANCED_FACE('',(#3014),#3039,.F.);
#3014 = FACE_BOUND('',#3015,.F.);
#3015 = EDGE_LOOP('',(#3016,#3024,#3032,#3038));
#3016 = ORIENTED_EDGE('',*,*,#3017,.T.);
#3017 = EDGE_CURVE('',#2177,#3018,#3020,.T.);
#3018 = VERTEX_POINT('',#3019);
#3019 = CARTESIAN_POINT('',(-11.73286389632,-2.,2.));
#3020 = LINE('',#3021,#3022);
#3021 = CARTESIAN_POINT('',(-11.73286389632,3.75,2.));
#3022 = VECTOR('',#3023,1.);
#3023 = DIRECTION('',(0.,-1.,-2.2E-16));
#3024 = ORIENTED_EDGE('',*,*,#3025,.T.);
#3025 = EDGE_CURVE('',#3018,#3026,#3028,.T.);
#3026 = VERTEX_POINT('',#3027);
#3027 = CARTESIAN_POINT('',(-12.91643194816,-2.,-5.E-02));
#3028 = LINE('',#3029,#3030);
#3029 = CARTESIAN_POINT('',(-11.73286389632,-2.,2.));
#3030 = VECTOR('',#3031,1.);
#3031 = DIRECTION('',(-0.5,1.9E-16,-0.866025403784));
#3032 = ORIENTED_EDGE('',*,*,#3033,.F.);
#3033 = EDGE_CURVE('',#2179,#3026,#3034,.T.);
#3034 = LINE('',#3035,#3036);
#3035 = CARTESIAN_POINT('',(-12.91643194816,3.75,-5.E-02));
#3036 = VECTOR('',#3037,1.);
#3037 = DIRECTION('',(0.,-1.,-2.2E-16));
#3038 = ORIENTED_EDGE('',*,*,#2176,.F.);
#3039 = PLANE('',#3040);
#3040 = AXIS2_PLACEMENT_3D('',#3041,#3042,#3043);
#3041 = CARTESIAN_POINT('',(-11.73286389632,3.75,2.));
#3042 = DIRECTION('',(0.866025403784,1.1E-16,-0.5));
#3043 = DIRECTION('',(-0.5,1.9E-16,-0.866025403784));
#3044 = ADVANCED_FACE('',(#3045),#3072,.F.);
#3045 = FACE_BOUND('',#3046,.F.);
#3046 = EDGE_LOOP('',(#3047,#3056,#3064,#3071));
#3047 = ORIENTED_EDGE('',*,*,#3048,.F.);
#3048 = EDGE_CURVE('',#3049,#3049,#3051,.T.);
#3049 = VERTEX_POINT('',#3050);
#3050 = CARTESIAN_POINT('',(-13.1,-2.,2.));
#3051 = CIRCLE('',#3052,1.);
#3052 = AXIS2_PLACEMENT_3D('',#3053,#3054,#3055);
#3053 = CARTESIAN_POINT('',(-14.1,-2.,2.));
#3054 = DIRECTION('',(-0.,1.,2.2E-16));
#3055 = DIRECTION('',(1.,0.,0.));
#3056 = ORIENTED_EDGE('',*,*,#3057,.T.);
#3057 = EDGE_CURVE('',#3049,#3058,#3060,.T.);
#3058 = VERTEX_POINT('',#3059);
#3059 = CARTESIAN_POINT('',(-13.1,-7.,2.));
#3060 = LINE('',#3061,#3062);
#3061 = CARTESIAN_POINT('',(-13.1,3.75,2.));
#3062 = VECTOR('',#3063,1.);
#3063 = DIRECTION('',(0.,-1.,-2.2E-16));
#3064 = ORIENTED_EDGE('',*,*,#3065,.T.);
#3065 = EDGE_CURVE('',#3058,#3058,#3066,.T.);
#3066 = CIRCLE('',#3067,1.);
#3067 = AXIS2_PLACEMENT_3D('',#3068,#3069,#3070);
#3068 = CARTESIAN_POINT('',(-14.1,-7.,2.));
#3069 = DIRECTION('',(-0.,1.,2.2E-16));
#3070 = DIRECTION('',(1.,0.,0.));
#3071 = ORIENTED_EDGE('',*,*,#3057,.F.);
#3072 = CYLINDRICAL_SURFACE('',#3073,1.);
#3073 = AXIS2_PLACEMENT_3D('',#3074,#3075,#3076);
#3074 = CARTESIAN_POINT('',(-14.1,3.75,2.));
#3075 = DIRECTION('',(0.,1.,2.2E-16));
#3076 = DIRECTION('',(1.,0.,0.));
#3077 = ADVANCED_FACE('',(#3078,#3119),#3122,.T.);
#3078 = FACE_BOUND('',#3079,.T.);
#3079 = EDGE_LOOP('',(#3080,#3081,#3089,#3097,#3105,#3113));
#3080 = ORIENTED_EDGE('',*,*,#3025,.T.);
#3081 = ORIENTED_EDGE('',*,*,#3082,.T.);
#3082 = EDGE_CURVE('',#3026,#3083,#3085,.T.);
#3083 = VERTEX_POINT('',#3084);
#3084 = CARTESIAN_POINT('',(-15.28356805183,-2.,-5.E-02));
#3085 = LINE('',#3086,#3087);
#3086 = CARTESIAN_POINT('',(-12.91643194816,-2.,-5.E-02));
#3087 = VECTOR('',#3088,1.);
#3088 = DIRECTION('',(-1.,0.,-0.));
#3089 = ORIENTED_EDGE('',*,*,#3090,.T.);
#3090 = EDGE_CURVE('',#3083,#3091,#3093,.T.);
#3091 = VERTEX_POINT('',#3092);
#3092 = CARTESIAN_POINT('',(-16.46713610367,-2.,2.));
#3093 = LINE('',#3094,#3095);
#3094 = CARTESIAN_POINT('',(-15.28356805183,-2.,-5.E-02));
#3095 = VECTOR('',#3096,1.);
#3096 = DIRECTION('',(-0.5,-1.9E-16,0.866025403784));
#3097 = ORIENTED_EDGE('',*,*,#3098,.T.);
#3098 = EDGE_CURVE('',#3091,#3099,#3101,.T.);
#3099 = VERTEX_POINT('',#3100);
#3100 = CARTESIAN_POINT('',(-15.28356805183,-2.,4.05));
#3101 = LINE('',#3102,#3103);
#3102 = CARTESIAN_POINT('',(-16.46713610367,-2.,2.));
#3103 = VECTOR('',#3104,1.);
#3104 = DIRECTION('',(0.5,-1.9E-16,0.866025403784));
#3105 = ORIENTED_EDGE('',*,*,#3106,.T.);
#3106 = EDGE_CURVE('',#3099,#3107,#3109,.T.);
#3107 = VERTEX_POINT('',#3108);
#3108 = CARTESIAN_POINT('',(-12.91643194816,-2.,4.05));
#3109 = LINE('',#3110,#3111);
#3110 = CARTESIAN_POINT('',(-15.28356805183,-2.,4.05));
#3111 = VECTOR('',#3112,1.);
#3112 = DIRECTION('',(1.,0.,3.8E-16));
#3113 = ORIENTED_EDGE('',*,*,#3114,.T.);
#3114 = EDGE_CURVE('',#3107,#3018,#3115,.T.);
#3115 = LINE('',#3116,#3117);
#3116 = CARTESIAN_POINT('',(-12.91643194816,-2.,4.05));
#3117 = VECTOR('',#3118,1.);
#3118 = DIRECTION('',(0.5,1.9E-16,-0.866025403784));
#3119 = FACE_BOUND('',#3120,.T.);
#3120 = EDGE_LOOP('',(#3121));
#3121 = ORIENTED_EDGE('',*,*,#3048,.F.);
#3122 = PLANE('',#3123);
#3123 = AXIS2_PLACEMENT_3D('',#3124,#3125,#3126);
#3124 = CARTESIAN_POINT('',(1.38E-15,-2.,5.25));
#3125 = DIRECTION('',(0.,1.,2.2E-16));
#3126 = DIRECTION('',(0.,-2.2E-16,1.));
#3127 = ADVANCED_FACE('',(#3128),#3139,.F.);
#3128 = FACE_BOUND('',#3129,.F.);
#3129 = EDGE_LOOP('',(#3130,#3136,#3137,#3138));
#3130 = ORIENTED_EDGE('',*,*,#3131,.T.);
#3131 = EDGE_CURVE('',#2187,#3107,#3132,.T.);
#3132 = LINE('',#3133,#3134);
#3133 = CARTESIAN_POINT('',(-12.91643194816,3.75,4.05));
#3134 = VECTOR('',#3135,1.);
#3135 = DIRECTION('',(0.,-1.,-2.2E-16));
#3136 = ORIENTED_EDGE('',*,*,#3114,.T.);
#3137 = ORIENTED_EDGE('',*,*,#3017,.F.);
#3138 = ORIENTED_EDGE('',*,*,#2186,.F.);
#3139 = PLANE('',#3140);
#3140 = AXIS2_PLACEMENT_3D('',#3141,#3142,#3143);
#3141 = CARTESIAN_POINT('',(-12.91643194816,3.75,4.05));
#3142 = DIRECTION('',(0.866025403784,-1.1E-16,0.5));
#3143 = DIRECTION('',(0.5,1.9E-16,-0.866025403784));
#3144 = ADVANCED_FACE('',(#3145),#3156,.F.);
#3145 = FACE_BOUND('',#3146,.F.);
#3146 = EDGE_LOOP('',(#3147,#3148,#3149,#3155));
#3147 = ORIENTED_EDGE('',*,*,#3033,.T.);
#3148 = ORIENTED_EDGE('',*,*,#3082,.T.);
#3149 = ORIENTED_EDGE('',*,*,#3150,.F.);
#3150 = EDGE_CURVE('',#2211,#3083,#3151,.T.);
#3151 = LINE('',#3152,#3153);
#3152 = CARTESIAN_POINT('',(-15.28356805183,3.75,-5.E-02));
#3153 = VECTOR('',#3154,1.);
#3154 = DIRECTION('',(0.,-1.,-2.2E-16));
#3155 = ORIENTED_EDGE('',*,*,#2218,.F.);
#3156 = PLANE('',#3157);
#3157 = AXIS2_PLACEMENT_3D('',#3158,#3159,#3160);
#3158 = CARTESIAN_POINT('',(-12.91643194816,3.75,-5.E-02));
#3159 = DIRECTION('',(0.,2.2E-16,-1.));
#3160 = DIRECTION('',(-1.,0.,0.));
#3161 = ADVANCED_FACE('',(#3162),#3173,.F.);
#3162 = FACE_BOUND('',#3163,.F.);
#3163 = EDGE_LOOP('',(#3164,#3170,#3171,#3172));
#3164 = ORIENTED_EDGE('',*,*,#3165,.T.);
#3165 = EDGE_CURVE('',#2195,#3099,#3166,.T.);
#3166 = LINE('',#3167,#3168);
#3167 = CARTESIAN_POINT('',(-15.28356805183,3.75,4.05));
#3168 = VECTOR('',#3169,1.);
#3169 = DIRECTION('',(0.,-1.,-2.2E-16));
#3170 = ORIENTED_EDGE('',*,*,#3106,.T.);
#3171 = ORIENTED_EDGE('',*,*,#3131,.F.);
#3172 = ORIENTED_EDGE('',*,*,#2194,.F.);
#3173 = PLANE('',#3174);
#3174 = AXIS2_PLACEMENT_3D('',#3175,#3176,#3177);
#3175 = CARTESIAN_POINT('',(-15.28356805183,3.75,4.05));
#3176 = DIRECTION('',(-3.8E-16,-2.2E-16,1.));
#3177 = DIRECTION('',(1.,0.,3.8E-16));
#3178 = ADVANCED_FACE('',(#3179),#3190,.F.);
#3179 = FACE_BOUND('',#3180,.F.);
#3180 = EDGE_LOOP('',(#3181,#3182,#3183,#3189));
#3181 = ORIENTED_EDGE('',*,*,#3150,.T.);
#3182 = ORIENTED_EDGE('',*,*,#3090,.T.);
#3183 = ORIENTED_EDGE('',*,*,#3184,.F.);
#3184 = EDGE_CURVE('',#2203,#3091,#3185,.T.);
#3185 = LINE('',#3186,#3187);
#3186 = CARTESIAN_POINT('',(-16.46713610367,3.75,2.));
#3187 = VECTOR('',#3188,1.);
#3188 = DIRECTION('',(0.,-1.,-2.2E-16));
#3189 = ORIENTED_EDGE('',*,*,#2210,.F.);
#3190 = PLANE('',#3191);
#3191 = AXIS2_PLACEMENT_3D('',#3192,#3193,#3194);
#3192 = CARTESIAN_POINT('',(-15.28356805183,3.75,-5.E-02));
#3193 = DIRECTION('',(-0.866025403784,1.1E-16,-0.5));
#3194 = DIRECTION('',(-0.5,-1.9E-16,0.866025403784));
#3195 = ADVANCED_FACE('',(#3196),#3202,.F.);
#3196 = FACE_BOUND('',#3197,.F.);
#3197 = EDGE_LOOP('',(#3198,#3199,#3200,#3201));
#3198 = ORIENTED_EDGE('',*,*,#3184,.T.);
#3199 = ORIENTED_EDGE('',*,*,#3098,.T.);
#3200 = ORIENTED_EDGE('',*,*,#3165,.F.);
#3201 = ORIENTED_EDGE('',*,*,#2202,.F.);
#3202 = PLANE('',#3203);
#3203 = AXIS2_PLACEMENT_3D('',#3204,#3205,#3206);
#3204 = CARTESIAN_POINT('',(-16.46713610367,3.75,2.));
#3205 = DIRECTION('',(-0.866025403784,-1.1E-16,0.5));
#3206 = DIRECTION('',(0.5,-1.9E-16,0.866025403784));
#3207 = ADVANCED_FACE('',(#3208),#3233,.F.);
#3208 = FACE_BOUND('',#3209,.F.);
#3209 = EDGE_LOOP('',(#3210,#3218,#3226,#3232));
#3210 = ORIENTED_EDGE('',*,*,#3211,.T.);
#3211 = EDGE_CURVE('',#2280,#3212,#3214,.T.);
#3212 = VERTEX_POINT('',#3213);
#3213 = CARTESIAN_POINT('',(-12.91643194816,-2.,10.55));
#3214 = LINE('',#3215,#3216);
#3215 = CARTESIAN_POINT('',(-12.91643194816,3.75,10.55));
#3216 = VECTOR('',#3217,1.);
#3217 = DIRECTION('',(0.,-1.,-2.2E-16));
#3218 = ORIENTED_EDGE('',*,*,#3219,.T.);
#3219 = EDGE_CURVE('',#3212,#3220,#3222,.T.);
#3220 = VERTEX_POINT('',#3221);
#3221 = CARTESIAN_POINT('',(-11.73286389632,-2.,8.5));
#3222 = LINE('',#3223,#3224);
#3223 = CARTESIAN_POINT('',(-12.91643194816,-2.,10.55));
#3224 = VECTOR('',#3225,1.);
#3225 = DIRECTION('',(0.5,1.9E-16,-0.866025403784));
#3226 = ORIENTED_EDGE('',*,*,#3227,.F.);
#3227 = EDGE_CURVE('',#2282,#3220,#3228,.T.);
#3228 = LINE('',#3229,#3230);
#3229 = CARTESIAN_POINT('',(-11.73286389632,3.75,8.5));
#3230 = VECTOR('',#3231,1.);
#3231 = DIRECTION('',(0.,-1.,-2.2E-16));
#3232 = ORIENTED_EDGE('',*,*,#2279,.F.);
#3233 = PLANE('',#3234);
#3234 = AXIS2_PLACEMENT_3D('',#3235,#3236,#3237);
#3235 = CARTESIAN_POINT('',(-12.91643194816,3.75,10.55));
#3236 = DIRECTION('',(0.866025403784,-1.1E-16,0.5));
#3237 = DIRECTION('',(0.5,1.9E-16,-0.866025403784));
#3238 = ADVANCED_FACE('',(#3239),#3266,.F.);
#3239 = FACE_BOUND('',#3240,.F.);
#3240 = EDGE_LOOP('',(#3241,#3250,#3258,#3265));
#3241 = ORIENTED_EDGE('',*,*,#3242,.F.);
#3242 = EDGE_CURVE('',#3243,#3243,#3245,.T.);
#3243 = VERTEX_POINT('',#3244);
#3244 = CARTESIAN_POINT('',(-13.1,-2.,8.5));
#3245 = CIRCLE('',#3246,1.);
#3246 = AXIS2_PLACEMENT_3D('',#3247,#3248,#3249);
#3247 = CARTESIAN_POINT('',(-14.1,-2.,8.5));
#3248 = DIRECTION('',(-0.,1.,2.2E-16));
#3249 = DIRECTION('',(1.,0.,0.));
#3250 = ORIENTED_EDGE('',*,*,#3251,.T.);
#3251 = EDGE_CURVE('',#3243,#3252,#3254,.T.);
#3252 = VERTEX_POINT('',#3253);
#3253 = CARTESIAN_POINT('',(-13.1,-7.,8.5));
#3254 = LINE('',#3255,#3256);
#3255 = CARTESIAN_POINT('',(-13.1,3.75,8.5));
#3256 = VECTOR('',#3257,1.);
#3257 = DIRECTION('',(0.,-1.,-2.2E-16));
#3258 = ORIENTED_EDGE('',*,*,#3259,.T.);
#3259 = EDGE_CURVE('',#3252,#3252,#3260,.T.);
#3260 = CIRCLE('',#3261,1.);
#3261 = AXIS2_PLACEMENT_3D('',#3262,#3263,#3264);
#3262 = CARTESIAN_POINT('',(-14.1,-7.,8.5));
#3263 = DIRECTION('',(-0.,1.,2.2E-16));
#3264 = DIRECTION('',(1.,0.,0.));
#3265 = ORIENTED_EDGE('',*,*,#3251,.F.);
#3266 = CYLINDRICAL_SURFACE('',#3267,1.);
#3267 = AXIS2_PLACEMENT_3D('',#3268,#3269,#3270);
#3268 = CARTESIAN_POINT('',(-14.1,3.75,8.5));
#3269 = DIRECTION('',(0.,1.,2.2E-16));
#3270 = DIRECTION('',(1.,0.,0.));
#3271 = ADVANCED_FACE('',(#3272,#3313),#3316,.T.);
#3272 = FACE_BOUND('',#3273,.T.);
#3273 = EDGE_LOOP('',(#3274,#3275,#3283,#3291,#3299,#3307));
#3274 = ORIENTED_EDGE('',*,*,#3219,.T.);
#3275 = ORIENTED_EDGE('',*,*,#3276,.T.);
#3276 = EDGE_CURVE('',#3220,#3277,#3279,.T.);
#3277 = VERTEX_POINT('',#3278);
#3278 = CARTESIAN_POINT('',(-12.91643194816,-2.,6.45));
#3279 = LINE('',#3280,#3281);
#3280 = CARTESIAN_POINT('',(-11.73286389632,-2.,8.5));
#3281 = VECTOR('',#3282,1.);
#3282 = DIRECTION('',(-0.5,1.9E-16,-0.866025403784));
#3283 = ORIENTED_EDGE('',*,*,#3284,.T.);
#3284 = EDGE_CURVE('',#3277,#3285,#3287,.T.);
#3285 = VERTEX_POINT('',#3286);
#3286 = CARTESIAN_POINT('',(-15.28356805183,-2.,6.45));
#3287 = LINE('',#3288,#3289);
#3288 = CARTESIAN_POINT('',(-12.91643194816,-2.,6.45));
#3289 = VECTOR('',#3290,1.);
#3290 = DIRECTION('',(-1.,0.,-0.));
#3291 = ORIENTED_EDGE('',*,*,#3292,.T.);
#3292 = EDGE_CURVE('',#3285,#3293,#3295,.T.);
#3293 = VERTEX_POINT('',#3294);
#3294 = CARTESIAN_POINT('',(-16.46713610367,-2.,8.5));
#3295 = LINE('',#3296,#3297);
#3296 = CARTESIAN_POINT('',(-15.28356805183,-2.,6.45));
#3297 = VECTOR('',#3298,1.);
#3298 = DIRECTION('',(-0.5,-1.9E-16,0.866025403784));
#3299 = ORIENTED_EDGE('',*,*,#3300,.T.);
#3300 = EDGE_CURVE('',#3293,#3301,#3303,.T.);
#3301 = VERTEX_POINT('',#3302);
#3302 = CARTESIAN_POINT('',(-15.28356805183,-2.,10.55));
#3303 = LINE('',#3304,#3305);
#3304 = CARTESIAN_POINT('',(-16.46713610367,-2.,8.5));
#3305 = VECTOR('',#3306,1.);
#3306 = DIRECTION('',(0.5,-1.9E-16,0.866025403784));
#3307 = ORIENTED_EDGE('',*,*,#3308,.T.);
#3308 = EDGE_CURVE('',#3301,#3212,#3309,.T.);
#3309 = LINE('',#3310,#3311);
#3310 = CARTESIAN_POINT('',(-15.28356805183,-2.,10.55));
#3311 = VECTOR('',#3312,1.);
#3312 = DIRECTION('',(1.,0.,-7.5E-16));
#3313 = FACE_BOUND('',#3314,.T.);
#3314 = EDGE_LOOP('',(#3315));
#3315 = ORIENTED_EDGE('',*,*,#3242,.F.);
#3316 = PLANE('',#3317);
#3317 = AXIS2_PLACEMENT_3D('',#3318,#3319,#3320);
#3318 = CARTESIAN_POINT('',(1.38E-15,-2.,5.25));
#3319 = DIRECTION('',(0.,1.,2.2E-16));
#3320 = DIRECTION('',(0.,-2.2E-16,1.));
#3321 = ADVANCED_FACE('',(#3322),#3333,.F.);
#3322 = FACE_BOUND('',#3323,.F.);
#3323 = EDGE_LOOP('',(#3324,#3330,#3331,#3332));
#3324 = ORIENTED_EDGE('',*,*,#3325,.T.);
#3325 = EDGE_CURVE('',#2290,#3301,#3326,.T.);
#3326 = LINE('',#3327,#3328);
#3327 = CARTESIAN_POINT('',(-15.28356805183,3.75,10.55));
#3328 = VECTOR('',#3329,1.);
#3329 = DIRECTION('',(0.,-1.,-2.2E-16));
#3330 = ORIENTED_EDGE('',*,*,#3308,.T.);
#3331 = ORIENTED_EDGE('',*,*,#3211,.F.);
#3332 = ORIENTED_EDGE('',*,*,#2289,.F.);
#3333 = PLANE('',#3334);
#3334 = AXIS2_PLACEMENT_3D('',#3335,#3336,#3337);
#3335 = CARTESIAN_POINT('',(-15.28356805183,3.75,10.55));
#3336 = DIRECTION('',(7.5E-16,-2.2E-16,1.));
#3337 = DIRECTION('',(1.,0.,-7.5E-16));
#3338 = ADVANCED_FACE('',(#3339),#3350,.F.);
#3339 = FACE_BOUND('',#3340,.F.);
#3340 = EDGE_LOOP('',(#3341,#3342,#3343,#3349));
#3341 = ORIENTED_EDGE('',*,*,#3227,.T.);
#3342 = ORIENTED_EDGE('',*,*,#3276,.T.);
#3343 = ORIENTED_EDGE('',*,*,#3344,.F.);
#3344 = EDGE_CURVE('',#2314,#3277,#3345,.T.);
#3345 = LINE('',#3346,#3347);
#3346 = CARTESIAN_POINT('',(-12.91643194816,3.75,6.45));
#3347 = VECTOR('',#3348,1.);
#3348 = DIRECTION('',(0.,-1.,-2.2E-16));
#3349 = ORIENTED_EDGE('',*,*,#2321,.F.);
#3350 = PLANE('',#3351);
#3351 = AXIS2_PLACEMENT_3D('',#3352,#3353,#3354);
#3352 = CARTESIAN_POINT('',(-11.73286389632,3.75,8.5));
#3353 = DIRECTION('',(0.866025403784,1.1E-16,-0.5));
#3354 = DIRECTION('',(-0.5,1.9E-16,-0.866025403784));
#3355 = ADVANCED_FACE('',(#3356),#3367,.F.);
#3356 = FACE_BOUND('',#3357,.F.);
#3357 = EDGE_LOOP('',(#3358,#3364,#3365,#3366));
#3358 = ORIENTED_EDGE('',*,*,#3359,.T.);
#3359 = EDGE_CURVE('',#2298,#3293,#3360,.T.);
#3360 = LINE('',#3361,#3362);
#3361 = CARTESIAN_POINT('',(-16.46713610367,3.75,8.5));
#3362 = VECTOR('',#3363,1.);
#3363 = DIRECTION('',(0.,-1.,-2.2E-16));
#3364 = ORIENTED_EDGE('',*,*,#3300,.T.);
#3365 = ORIENTED_EDGE('',*,*,#3325,.F.);
#3366 = ORIENTED_EDGE('',*,*,#2297,.F.);
#3367 = PLANE('',#3368);
#3368 = AXIS2_PLACEMENT_3D('',#3369,#3370,#3371);
#3369 = CARTESIAN_POINT('',(-16.46713610367,3.75,8.5));
#3370 = DIRECTION('',(-0.866025403784,-1.1E-16,0.5));
#3371 = DIRECTION('',(0.5,-1.9E-16,0.866025403784));
#3372 = ADVANCED_FACE('',(#3373),#3384,.F.);
#3373 = FACE_BOUND('',#3374,.F.);
#3374 = EDGE_LOOP('',(#3375,#3376,#3377,#3383));
#3375 = ORIENTED_EDGE('',*,*,#3344,.T.);
#3376 = ORIENTED_EDGE('',*,*,#3284,.T.);
#3377 = ORIENTED_EDGE('',*,*,#3378,.F.);
#3378 = EDGE_CURVE('',#2306,#3285,#3379,.T.);
#3379 = LINE('',#3380,#3381);
#3380 = CARTESIAN_POINT('',(-15.28356805183,3.75,6.45));
#3381 = VECTOR('',#3382,1.);
#3382 = DIRECTION('',(0.,-1.,-2.2E-16));
#3383 = ORIENTED_EDGE('',*,*,#2313,.F.);
#3384 = PLANE('',#3385);
#3385 = AXIS2_PLACEMENT_3D('',#3386,#3387,#3388);
#3386 = CARTESIAN_POINT('',(-12.91643194816,3.75,6.45));
#3387 = DIRECTION('',(0.,2.2E-16,-1.));
#3388 = DIRECTION('',(-1.,0.,0.));
#3389 = ADVANCED_FACE('',(#3390),#3396,.F.);
#3390 = FACE_BOUND('',#3391,.F.);
#3391 = EDGE_LOOP('',(#3392,#3393,#3394,#3395));
#3392 = ORIENTED_EDGE('',*,*,#3378,.T.);
#3393 = ORIENTED_EDGE('',*,*,#3292,.T.);
#3394 = ORIENTED_EDGE('',*,*,#3359,.F.);
#3395 = ORIENTED_EDGE('',*,*,#2305,.F.);
#3396 = PLANE('',#3397);
#3397 = AXIS2_PLACEMENT_3D('',#3398,#3399,#3400);
#3398 = CARTESIAN_POINT('',(-15.28356805183,3.75,6.45));
#3399 = DIRECTION('',(-0.866025403784,1.1E-16,-0.5));
#3400 = DIRECTION('',(-0.5,-1.9E-16,0.866025403784));
#3401 = ADVANCED_FACE('',(#3402),#3427,.F.);
#3402 = FACE_BOUND('',#3403,.F.);
#3403 = EDGE_LOOP('',(#3404,#3412,#3420,#3426));
#3404 = ORIENTED_EDGE('',*,*,#3405,.T.);
#3405 = EDGE_CURVE('',#715,#3406,#3408,.T.);
#3406 = VERTEX_POINT('',#3407);
#3407 = CARTESIAN_POINT('',(-15.25,4.,42.75));
#3408 = LINE('',#3409,#3410);
#3409 = CARTESIAN_POINT('',(-15.25,7.,42.75));
#3410 = VECTOR('',#3411,1.);
#3411 = DIRECTION('',(0.,-1.,-2.2E-16));
#3412 = ORIENTED_EDGE('',*,*,#3413,.T.);
#3413 = EDGE_CURVE('',#3406,#3414,#3416,.T.);
#3414 = VERTEX_POINT('',#3415);
#3415 = CARTESIAN_POINT('',(-9.75,4.,42.75));
#3416 = LINE('',#3417,#3418);
#3417 = CARTESIAN_POINT('',(-15.25,4.,42.75));
#3418 = VECTOR('',#3419,1.);
#3419 = DIRECTION('',(1.,0.,0.));
#3420 = ORIENTED_EDGE('',*,*,#3421,.F.);
#3421 = EDGE_CURVE('',#717,#3414,#3422,.T.);
#3422 = LINE('',#3423,#3424);
#3423 = CARTESIAN_POINT('',(-9.75,7.,42.75));
#3424 = VECTOR('',#3425,1.);
#3425 = DIRECTION('',(0.,-1.,-2.2E-16));
#3426 = ORIENTED_EDGE('',*,*,#714,.F.);
#3427 = PLANE('',#3428);
#3428 = AXIS2_PLACEMENT_3D('',#3429,#3430,#3431);
#3429 = CARTESIAN_POINT('',(-15.25,7.,42.75));
#3430 = DIRECTION('',(0.,-2.2E-16,1.));
#3431 = DIRECTION('',(1.,0.,0.));
#3432 = ADVANCED_FACE('',(#3433),#3460,.F.);
#3433 = FACE_BOUND('',#3434,.F.);
#3434 = EDGE_LOOP('',(#3435,#3444,#3452,#3459));
#3435 = ORIENTED_EDGE('',*,*,#3436,.F.);
#3436 = EDGE_CURVE('',#3437,#3437,#3439,.T.);
#3437 = VERTEX_POINT('',#3438);
#3438 = CARTESIAN_POINT('',(-11.,4.,40.));
#3439 = CIRCLE('',#3440,1.5);
#3440 = AXIS2_PLACEMENT_3D('',#3441,#3442,#3443);
#3441 = CARTESIAN_POINT('',(-12.5,4.,40.));
#3442 = DIRECTION('',(-0.,1.,2.2E-16));
#3443 = DIRECTION('',(1.,0.,0.));
#3444 = ORIENTED_EDGE('',*,*,#3445,.T.);
#3445 = EDGE_CURVE('',#3437,#3446,#3448,.T.);
#3446 = VERTEX_POINT('',#3447);
#3447 = CARTESIAN_POINT('',(-11.,-7.,40.));
#3448 = LINE('',#3449,#3450);
#3449 = CARTESIAN_POINT('',(-11.,7.,40.));
#3450 = VECTOR('',#3451,1.);
#3451 = DIRECTION('',(0.,-1.,-2.2E-16));
#3452 = ORIENTED_EDGE('',*,*,#3453,.T.);
#3453 = EDGE_CURVE('',#3446,#3446,#3454,.T.);
#3454 = CIRCLE('',#3455,1.5);
#3455 = AXIS2_PLACEMENT_3D('',#3456,#3457,#3458);
#3456 = CARTESIAN_POINT('',(-12.5,-7.,40.));
#3457 = DIRECTION('',(-0.,1.,2.2E-16));
#3458 = DIRECTION('',(1.,0.,0.));
#3459 = ORIENTED_EDGE('',*,*,#3445,.F.);
#3460 = CYLINDRICAL_SURFACE('',#3461,1.5);
#3461 = AXIS2_PLACEMENT_3D('',#3462,#3463,#3464);
#3462 = CARTESIAN_POINT('',(-12.5,7.,40.));
#3463 = DIRECTION('',(0.,1.,2.2E-16));
#3464 = DIRECTION('',(1.,0.,0.));
#3465 = ADVANCED_FACE('',(#3466,#3491),#3494,.T.);
#3466 = FACE_BOUND('',#3467,.T.);
#3467 = EDGE_LOOP('',(#3468,#3469,#3477,#3485));
#3468 = ORIENTED_EDGE('',*,*,#3413,.T.);
#3469 = ORIENTED_EDGE('',*,*,#3470,.T.);
#3470 = EDGE_CURVE('',#3414,#3471,#3473,.T.);
#3471 = VERTEX_POINT('',#3472);
#3472 = CARTESIAN_POINT('',(-9.75,4.,37.25));
#3473 = LINE('',#3474,#3475);
#3474 = CARTESIAN_POINT('',(-9.75,4.,42.75));
#3475 = VECTOR('',#3476,1.);
#3476 = DIRECTION('',(0.,2.2E-16,-1.));
#3477 = ORIENTED_EDGE('',*,*,#3478,.T.);
#3478 = EDGE_CURVE('',#3471,#3479,#3481,.T.);
#3479 = VERTEX_POINT('',#3480);
#3480 = CARTESIAN_POINT('',(-15.25,4.,37.25));
#3481 = LINE('',#3482,#3483);
#3482 = CARTESIAN_POINT('',(-9.75,4.,37.25));
#3483 = VECTOR('',#3484,1.);
#3484 = DIRECTION('',(-1.,0.,-0.));
#3485 = ORIENTED_EDGE('',*,*,#3486,.T.);
#3486 = EDGE_CURVE('',#3479,#3406,#3487,.T.);
#3487 = LINE('',#3488,#3489);
#3488 = CARTESIAN_POINT('',(-15.25,4.,37.25));
#3489 = VECTOR('',#3490,1.);
#3490 = DIRECTION('',(0.,-2.2E-16,1.));
#3491 = FACE_BOUND('',#3492,.T.);
#3492 = EDGE_LOOP('',(#3493));
#3493 = ORIENTED_EDGE('',*,*,#3436,.F.);
#3494 = PLANE('',#3495);
#3495 = AXIS2_PLACEMENT_3D('',#3496,#3497,#3498);
#3496 = CARTESIAN_POINT('',(6.3E-15,4.,40.));
#3497 = DIRECTION('',(0.,1.,5.4E-16));
#3498 = DIRECTION('',(0.,-5.4E-16,1.));
#3499 = ADVANCED_FACE('',(#3500),#3511,.F.);
#3500 = FACE_BOUND('',#3501,.F.);
#3501 = EDGE_LOOP('',(#3502,#3508,#3509,#3510));
#3502 = ORIENTED_EDGE('',*,*,#3503,.T.);
#3503 = EDGE_CURVE('',#725,#3479,#3504,.T.);
#3504 = LINE('',#3505,#3506);
#3505 = CARTESIAN_POINT('',(-15.25,7.,37.25));
#3506 = VECTOR('',#3507,1.);
#3507 = DIRECTION('',(0.,-1.,-2.2E-16));
#3508 = ORIENTED_EDGE('',*,*,#3486,.T.);
#3509 = ORIENTED_EDGE('',*,*,#3405,.F.);
#3510 = ORIENTED_EDGE('',*,*,#724,.F.);
#3511 = PLANE('',#3512);
#3512 = AXIS2_PLACEMENT_3D('',#3513,#3514,#3515);
#3513 = CARTESIAN_POINT('',(-15.25,7.,37.25));
#3514 = DIRECTION('',(-1.,0.,0.));
#3515 = DIRECTION('',(0.,-2.2E-16,1.));
#3516 = ADVANCED_FACE('',(#3517),#3528,.F.);
#3517 = FACE_BOUND('',#3518,.F.);
#3518 = EDGE_LOOP('',(#3519,#3520,#3521,#3527));
#3519 = ORIENTED_EDGE('',*,*,#3421,.T.);
#3520 = ORIENTED_EDGE('',*,*,#3470,.T.);
#3521 = ORIENTED_EDGE('',*,*,#3522,.F.);
#3522 = EDGE_CURVE('',#733,#3471,#3523,.T.);
#3523 = LINE('',#3524,#3525);
#3524 = CARTESIAN_POINT('',(-9.75,7.,37.25));
#3525 = VECTOR('',#3526,1.);
#3526 = DIRECTION('',(0.,-1.,-2.2E-16));
#3527 = ORIENTED_EDGE('',*,*,#740,.F.);
#3528 = PLANE('',#3529);
#3529 = AXIS2_PLACEMENT_3D('',#3530,#3531,#3532);
#3530 = CARTESIAN_POINT('',(-9.75,7.,42.75));
#3531 = DIRECTION('',(1.,0.,0.));
#3532 = DIRECTION('',(0.,2.2E-16,-1.));
#3533 = ADVANCED_FACE('',(#3534),#3540,.F.);
#3534 = FACE_BOUND('',#3535,.F.);
#3535 = EDGE_LOOP('',(#3536,#3537,#3538,#3539));
#3536 = ORIENTED_EDGE('',*,*,#3522,.T.);
#3537 = ORIENTED_EDGE('',*,*,#3478,.T.);
#3538 = ORIENTED_EDGE('',*,*,#3503,.F.);
#3539 = ORIENTED_EDGE('',*,*,#732,.F.);
#3540 = PLANE('',#3541);
#3541 = AXIS2_PLACEMENT_3D('',#3542,#3543,#3544);
#3542 = CARTESIAN_POINT('',(-9.75,7.,37.25));
#3543 = DIRECTION('',(0.,2.2E-16,-1.));
#3544 = DIRECTION('',(-1.,0.,0.));
#3545 = ADVANCED_FACE('',(#3546),#3558,.T.);
#3546 = FACE_BOUND('',#3547,.T.);
#3547 = EDGE_LOOP('',(#3548,#3549,#3556,#3557));
#3548 = ORIENTED_EDGE('',*,*,#1713,.F.);
#3549 = ORIENTED_EDGE('',*,*,#3550,.F.);
#3550 = EDGE_CURVE('',#1909,#1706,#3551,.T.);
#3551 = CIRCLE('',#3552,7.55);
#3552 = AXIS2_PLACEMENT_3D('',#3553,#3554,#3555);
#3553 = CARTESIAN_POINT('',(12.05,7.,-26.));
#3554 = DIRECTION('',(1.,0.,-2.2E-16));
#3555 = DIRECTION('',(2.2E-16,0.,1.));
#3556 = ORIENTED_EDGE('',*,*,#1908,.F.);
#3557 = ORIENTED_EDGE('',*,*,#2405,.F.);
#3558 = PLANE('',#3559);
#3559 = AXIS2_PLACEMENT_3D('',#3560,#3561,#3562);
#3560 = CARTESIAN_POINT('',(12.05,7.,-43.));
#3561 = DIRECTION('',(-1.,0.,0.));
#3562 = DIRECTION('',(0.,-2.2E-16,1.));
#3563 = ADVANCED_FACE('',(#3564),#3576,.F.);
#3564 = FACE_BOUND('',#3565,.F.);
#3565 = EDGE_LOOP('',(#3566,#3567,#3568,#3575));
#3566 = ORIENTED_EDGE('',*,*,#3550,.F.);
#3567 = ORIENTED_EDGE('',*,*,#1916,.T.);
#3568 = ORIENTED_EDGE('',*,*,#3569,.T.);
#3569 = EDGE_CURVE('',#1917,#1698,#3570,.T.);
#3570 = CIRCLE('',#3571,7.55);
#3571 = AXIS2_PLACEMENT_3D('',#3572,#3573,#3574);
#3572 = CARTESIAN_POINT('',(-12.05,7.,-26.));
#3573 = DIRECTION('',(1.,0.,-2.2E-16));
#3574 = DIRECTION('',(2.2E-16,0.,1.));
#3575 = ORIENTED_EDGE('',*,*,#1705,.T.);
#3576 = CYLINDRICAL_SURFACE('',#3577,7.55);
#3577 = AXIS2_PLACEMENT_3D('',#3578,#3579,#3580);
#3578 = CARTESIAN_POINT('',(19.,7.,-26.));
#3579 = DIRECTION('',(1.,0.,-2.2E-16));
#3580 = DIRECTION('',(2.2E-16,0.,1.));
#3581 = ADVANCED_FACE('',(#3582),#3588,.F.);
#3582 = FACE_BOUND('',#3583,.F.);
#3583 = EDGE_LOOP('',(#3584,#3585,#3586,#3587));
#3584 = ORIENTED_EDGE('',*,*,#1697,.F.);
#3585 = ORIENTED_EDGE('',*,*,#3569,.F.);
#3586 = ORIENTED_EDGE('',*,*,#1924,.F.);
#3587 = ORIENTED_EDGE('',*,*,#1867,.F.);
#3588 = PLANE('',#3589);
#3589 = AXIS2_PLACEMENT_3D('',#3590,#3591,#3592);
#3590 = CARTESIAN_POINT('',(-12.05,7.,-43.));
#3591 = DIRECTION('',(-1.,0.,0.));
#3592 = DIRECTION('',(0.,-2.2E-16,1.));
#3593 = ADVANCED_FACE('',(#3594),#3600,.T.);
#3594 = FACE_BOUND('',#3595,.T.);
#3595 = EDGE_LOOP('',(#3596,#3597,#3598,#3599));
#3596 = ORIENTED_EDGE('',*,*,#1947,.T.);
#3597 = ORIENTED_EDGE('',*,*,#1986,.T.);
#3598 = ORIENTED_EDGE('',*,*,#2034,.F.);
#3599 = ORIENTED_EDGE('',*,*,#2459,.F.);
#3600 = PLANE('',#3601);
#3601 = AXIS2_PLACEMENT_3D('',#3602,#3603,#3604);
#3602 = CARTESIAN_POINT('',(1.4E-15,4.375,-10.));
#3603 = DIRECTION('',(0.,-2.2E-16,1.));
#3604 = DIRECTION('',(0.,-1.,-2.2E-16));
#3605 = ADVANCED_FACE('',(#3606),#3618,.F.);
#3606 = FACE_BOUND('',#3607,.F.);
#3607 = EDGE_LOOP('',(#3608,#3609,#3616,#3617));
#3608 = ORIENTED_EDGE('',*,*,#929,.F.);
#3609 = ORIENTED_EDGE('',*,*,#3610,.F.);
#3610 = EDGE_CURVE('',#657,#930,#3611,.T.);
#3611 = CIRCLE('',#3612,7.55);
#3612 = AXIS2_PLACEMENT_3D('',#3613,#3614,#3615);
#3613 = CARTESIAN_POINT('',(-12.05,7.,26.));
#3614 = DIRECTION('',(1.,0.,-2.2E-16));
#3615 = DIRECTION('',(2.2E-16,0.,1.));
#3616 = ORIENTED_EDGE('',*,*,#664,.F.);
#3617 = ORIENTED_EDGE('',*,*,#896,.F.);
#3618 = PLANE('',#3619);
#3619 = AXIS2_PLACEMENT_3D('',#3620,#3621,#3622);
#3620 = CARTESIAN_POINT('',(-12.05,7.,-43.));
#3621 = DIRECTION('',(-1.,0.,0.));
#3622 = DIRECTION('',(0.,-2.2E-16,1.));
#3623 = ADVANCED_FACE('',(#3624),#3636,.F.);
#3624 = FACE_BOUND('',#3625,.F.);
#3625 = EDGE_LOOP('',(#3626,#3633,#3634,#3635));
#3626 = ORIENTED_EDGE('',*,*,#3627,.F.);
#3627 = EDGE_CURVE('',#649,#938,#3628,.T.);
#3628 = CIRCLE('',#3629,7.55);
#3629 = AXIS2_PLACEMENT_3D('',#3630,#3631,#3632);
#3630 = CARTESIAN_POINT('',(12.05,7.,26.));
#3631 = DIRECTION('',(1.,0.,-2.2E-16));
#3632 = DIRECTION('',(2.2E-16,0.,1.));
#3633 = ORIENTED_EDGE('',*,*,#656,.T.);
#3634 = ORIENTED_EDGE('',*,*,#3610,.T.);
#3635 = ORIENTED_EDGE('',*,*,#937,.T.);
#3636 = CYLINDRICAL_SURFACE('',#3637,7.55);
#3637 = AXIS2_PLACEMENT_3D('',#3638,#3639,#3640);
#3638 = CARTESIAN_POINT('',(19.,7.,26.));
#3639 = DIRECTION('',(1.,0.,-2.2E-16));
#3640 = DIRECTION('',(2.2E-16,0.,1.));
#3641 = ADVANCED_FACE('',(#3642),#3648,.T.);
#3642 = FACE_BOUND('',#3643,.T.);
#3643 = EDGE_LOOP('',(#3644,#3645,#3646,#3647));
#3644 = ORIENTED_EDGE('',*,*,#945,.F.);
#3645 = ORIENTED_EDGE('',*,*,#3627,.F.);
#3646 = ORIENTED_EDGE('',*,*,#648,.F.);
#3647 = ORIENTED_EDGE('',*,*,#2381,.F.);
#3648 = PLANE('',#3649);
#3649 = AXIS2_PLACEMENT_3D('',#3650,#3651,#3652);
#3650 = CARTESIAN_POINT('',(12.05,7.,-43.));
#3651 = DIRECTION('',(-1.,0.,0.));
#3652 = DIRECTION('',(0.,-2.2E-16,1.));
#3653 = ADVANCED_FACE('',(#3654),#3660,.F.);
#3654 = FACE_BOUND('',#3655,.F.);
#3655 = EDGE_LOOP('',(#3656,#3657,#3658,#3659));
#3656 = ORIENTED_EDGE('',*,*,#2110,.F.);
#3657 = ORIENTED_EDGE('',*,*,#2080,.T.);
#3658 = ORIENTED_EDGE('',*,*,#2000,.T.);
#3659 = ORIENTED_EDGE('',*,*,#2437,.F.);
#3660 = PLANE('',#3661);
#3661 = AXIS2_PLACEMENT_3D('',#3662,#3663,#3664);
#3662 = CARTESIAN_POINT('',(-19.,3.75,-2.));
#3663 = DIRECTION('',(0.,-2.2E-16,1.));
#3664 = DIRECTION('',(1.,0.,0.));
#3665 = ADVANCED_FACE('',(#3666,#3696,#3730,#3733,#3736,#3739,#3742,
    #3748,#3754,#3757,#3760,#3763,#3766,#3769),#3772,.T.);
#3666 = FACE_BOUND('',#3667,.T.);
#3667 = EDGE_LOOP('',(#3668,#3669,#3670,#3671,#3672,#3673,#3674,#3675,
    #3676,#3677,#3678,#3684,#3685,#3686,#3687,#3688,#3689,#3695));
#3668 = ORIENTED_EDGE('',*,*,#1248,.F.);
#3669 = ORIENTED_EDGE('',*,*,#1203,.T.);
#3670 = ORIENTED_EDGE('',*,*,#1016,.F.);
#3671 = ORIENTED_EDGE('',*,*,#1047,.T.);
#3672 = ORIENTED_EDGE('',*,*,#1087,.F.);
#3673 = ORIENTED_EDGE('',*,*,#1109,.T.);
#3674 = ORIENTED_EDGE('',*,*,#1149,.F.);
#3675 = ORIENTED_EDGE('',*,*,#1410,.T.);
#3676 = ORIENTED_EDGE('',*,*,#1465,.T.);
#3677 = ORIENTED_EDGE('',*,*,#1495,.T.);
#3678 = ORIENTED_EDGE('',*,*,#3679,.T.);
#3679 = EDGE_CURVE('',#1496,#568,#3680,.T.);
#3680 = LINE('',#3681,#3682);
#3681 = CARTESIAN_POINT('',(19.,-7.,-1.1));
#3682 = VECTOR('',#3683,1.);
#3683 = DIRECTION('',(0.,-2.2E-16,1.));
#3684 = ORIENTED_EDGE('',*,*,#567,.T.);
#3685 = ORIENTED_EDGE('',*,*,#375,.T.);
#3686 = ORIENTED_EDGE('',*,*,#438,.F.);
#3687 = ORIENTED_EDGE('',*,*,#492,.F.);
#3688 = ORIENTED_EDGE('',*,*,#513,.T.);
#3689 = ORIENTED_EDGE('',*,*,#3690,.T.);
#3690 = EDGE_CURVE('',#514,#1279,#3691,.T.);
#3691 = LINE('',#3692,#3693);
#3692 = CARTESIAN_POINT('',(-19.,-7.,11.6));
#3693 = VECTOR('',#3694,1.);
#3694 = DIRECTION('',(0.,2.2E-16,-1.));
#3695 = ORIENTED_EDGE('',*,*,#1278,.T.);
#3696 = FACE_BOUND('',#3697,.T.);
#3697 = EDGE_LOOP('',(#3698,#3708,#3716,#3724));
#3698 = ORIENTED_EDGE('',*,*,#3699,.F.);
#3699 = EDGE_CURVE('',#3700,#3702,#3704,.T.);
#3700 = VERTEX_POINT('',#3701);
#3701 = CARTESIAN_POINT('',(6.55,-7.,-29.45));
#3702 = VERTEX_POINT('',#3703);
#3703 = CARTESIAN_POINT('',(-6.55,-7.,-29.45));
#3704 = LINE('',#3705,#3706);
#3705 = CARTESIAN_POINT('',(6.55,-7.,-29.45));
#3706 = VECTOR('',#3707,1.);
#3707 = DIRECTION('',(-1.,0.,0.));
#3708 = ORIENTED_EDGE('',*,*,#3709,.F.);
#3709 = EDGE_CURVE('',#3710,#3700,#3712,.T.);
#3710 = VERTEX_POINT('',#3711);
#3711 = CARTESIAN_POINT('',(6.55,-7.,-36.55));
#3712 = LINE('',#3713,#3714);
#3713 = CARTESIAN_POINT('',(6.55,-7.,-36.55));
#3714 = VECTOR('',#3715,1.);
#3715 = DIRECTION('',(0.,-2.2E-16,1.));
#3716 = ORIENTED_EDGE('',*,*,#3717,.F.);
#3717 = EDGE_CURVE('',#3718,#3710,#3720,.T.);
#3718 = VERTEX_POINT('',#3719);
#3719 = CARTESIAN_POINT('',(-6.55,-7.,-36.55));
#3720 = LINE('',#3721,#3722);
#3721 = CARTESIAN_POINT('',(-6.55,-7.,-36.55));
#3722 = VECTOR('',#3723,1.);
#3723 = DIRECTION('',(1.,0.,0.));
#3724 = ORIENTED_EDGE('',*,*,#3725,.F.);
#3725 = EDGE_CURVE('',#3702,#3718,#3726,.T.);
#3726 = LINE('',#3727,#3728);
#3727 = CARTESIAN_POINT('',(-6.55,-7.,-29.45));
#3728 = VECTOR('',#3729,1.);
#3729 = DIRECTION('',(0.,2.2E-16,-1.));
#3730 = FACE_BOUND('',#3731,.T.);
#3731 = EDGE_LOOP('',(#3732));
#3732 = ORIENTED_EDGE('',*,*,#1767,.T.);
#3733 = FACE_BOUND('',#3734,.T.);
#3734 = EDGE_LOOP('',(#3735));
#3735 = ORIENTED_EDGE('',*,*,#789,.T.);
#3736 = FACE_BOUND('',#3737,.T.);
#3737 = EDGE_LOOP('',(#3738));
#3738 = ORIENTED_EDGE('',*,*,#1817,.T.);
#3739 = FACE_BOUND('',#3740,.T.);
#3740 = EDGE_LOOP('',(#3741));
#3741 = ORIENTED_EDGE('',*,*,#839,.T.);
#3742 = FACE_BOUND('',#3743,.T.);
#3743 = EDGE_LOOP('',(#3744,#3745,#3746,#3747));
#3744 = ORIENTED_EDGE('',*,*,#47,.F.);
#3745 = ORIENTED_EDGE('',*,*,#78,.F.);
#3746 = ORIENTED_EDGE('',*,*,#131,.F.);
#3747 = ORIENTED_EDGE('',*,*,#109,.F.);
#3748 = FACE_BOUND('',#3749,.T.);
#3749 = EDGE_LOOP('',(#3750,#3751,#3752,#3753));
#3750 = ORIENTED_EDGE('',*,*,#219,.F.);
#3751 = ORIENTED_EDGE('',*,*,#250,.F.);
#3752 = ORIENTED_EDGE('',*,*,#303,.F.);
#3753 = ORIENTED_EDGE('',*,*,#281,.F.);
#3754 = FACE_BOUND('',#3755,.T.);
#3755 = EDGE_LOOP('',(#3756));
#3756 = ORIENTED_EDGE('',*,*,#2921,.T.);
#3757 = FACE_BOUND('',#3758,.T.);
#3758 = EDGE_LOOP('',(#3759));
#3759 = ORIENTED_EDGE('',*,*,#3453,.T.);
#3760 = FACE_BOUND('',#3761,.T.);
#3761 = EDGE_LOOP('',(#3762));
#3762 = ORIENTED_EDGE('',*,*,#2533,.T.);
#3763 = FACE_BOUND('',#3764,.T.);
#3764 = EDGE_LOOP('',(#3765));
#3765 = ORIENTED_EDGE('',*,*,#3065,.T.);
#3766 = FACE_BOUND('',#3767,.T.);
#3767 = EDGE_LOOP('',(#3768));
#3768 = ORIENTED_EDGE('',*,*,#2727,.T.);
#3769 = FACE_BOUND('',#3770,.T.);
#3770 = EDGE_LOOP('',(#3771));
#3771 = ORIENTED_EDGE('',*,*,#3259,.T.);
#3772 = PLANE('',#3773);
#3773 = AXIS2_PLACEMENT_3D('',#3774,#3775,#3776);
#3774 = CARTESIAN_POINT('',(5.5E-16,-7.,3.865618948816));
#3775 = DIRECTION('',(0.,-1.,2.2E-16));
#3776 = DIRECTION('',(0.,2.2E-16,1.));
#3777 = ADVANCED_FACE('',(#3778),#3803,.F.);
#3778 = FACE_BOUND('',#3779,.F.);
#3779 = EDGE_LOOP('',(#3780,#3788,#3796,#3802));
#3780 = ORIENTED_EDGE('',*,*,#3781,.T.);
#3781 = EDGE_CURVE('',#3700,#3782,#3784,.T.);
#3782 = VERTEX_POINT('',#3783);
#3783 = CARTESIAN_POINT('',(6.55,-4.,-29.45));
#3784 = LINE('',#3785,#3786);
#3785 = CARTESIAN_POINT('',(6.55,-7.,-29.45));
#3786 = VECTOR('',#3787,1.);
#3787 = DIRECTION('',(0.,1.,-2.2E-16));
#3788 = ORIENTED_EDGE('',*,*,#3789,.T.);
#3789 = EDGE_CURVE('',#3782,#3790,#3792,.T.);
#3790 = VERTEX_POINT('',#3791);
#3791 = CARTESIAN_POINT('',(-6.55,-4.,-29.45));
#3792 = LINE('',#3793,#3794);
#3793 = CARTESIAN_POINT('',(6.55,-4.,-29.45));
#3794 = VECTOR('',#3795,1.);
#3795 = DIRECTION('',(-1.,0.,0.));
#3796 = ORIENTED_EDGE('',*,*,#3797,.F.);
#3797 = EDGE_CURVE('',#3702,#3790,#3798,.T.);
#3798 = LINE('',#3799,#3800);
#3799 = CARTESIAN_POINT('',(-6.55,-7.,-29.45));
#3800 = VECTOR('',#3801,1.);
#3801 = DIRECTION('',(0.,1.,-2.2E-16));
#3802 = ORIENTED_EDGE('',*,*,#3699,.F.);
#3803 = PLANE('',#3804);
#3804 = AXIS2_PLACEMENT_3D('',#3805,#3806,#3807);
#3805 = CARTESIAN_POINT('',(6.55,-7.,-29.45));
#3806 = DIRECTION('',(0.,2.2E-16,1.));
#3807 = DIRECTION('',(-1.,0.,0.));
#3808 = ADVANCED_FACE('',(#3809),#3827,.F.);
#3809 = FACE_BOUND('',#3810,.F.);
#3810 = EDGE_LOOP('',(#3811,#3812,#3820,#3826));
#3811 = ORIENTED_EDGE('',*,*,#3797,.T.);
#3812 = ORIENTED_EDGE('',*,*,#3813,.T.);
#3813 = EDGE_CURVE('',#3790,#3814,#3816,.T.);
#3814 = VERTEX_POINT('',#3815);
#3815 = CARTESIAN_POINT('',(-6.55,-4.,-36.55));
#3816 = LINE('',#3817,#3818);
#3817 = CARTESIAN_POINT('',(-6.55,-4.,-29.45));
#3818 = VECTOR('',#3819,1.);
#3819 = DIRECTION('',(0.,2.2E-16,-1.));
#3820 = ORIENTED_EDGE('',*,*,#3821,.F.);
#3821 = EDGE_CURVE('',#3718,#3814,#3822,.T.);
#3822 = LINE('',#3823,#3824);
#3823 = CARTESIAN_POINT('',(-6.55,-7.,-36.55));
#3824 = VECTOR('',#3825,1.);
#3825 = DIRECTION('',(0.,1.,-2.2E-16));
#3826 = ORIENTED_EDGE('',*,*,#3725,.F.);
#3827 = PLANE('',#3828);
#3828 = AXIS2_PLACEMENT_3D('',#3829,#3830,#3831);
#3829 = CARTESIAN_POINT('',(-6.55,-7.,-29.45));
#3830 = DIRECTION('',(-1.,0.,0.));
#3831 = DIRECTION('',(0.,-2.2E-16,-1.));
#3832 = ADVANCED_FACE('',(#3833),#3851,.F.);
#3833 = FACE_BOUND('',#3834,.F.);
#3834 = EDGE_LOOP('',(#3835,#3836,#3844,#3850));
#3835 = ORIENTED_EDGE('',*,*,#3821,.T.);
#3836 = ORIENTED_EDGE('',*,*,#3837,.T.);
#3837 = EDGE_CURVE('',#3814,#3838,#3840,.T.);
#3838 = VERTEX_POINT('',#3839);
#3839 = CARTESIAN_POINT('',(6.55,-4.,-36.55));
#3840 = LINE('',#3841,#3842);
#3841 = CARTESIAN_POINT('',(-6.55,-4.,-36.55));
#3842 = VECTOR('',#3843,1.);
#3843 = DIRECTION('',(1.,0.,0.));
#3844 = ORIENTED_EDGE('',*,*,#3845,.F.);
#3845 = EDGE_CURVE('',#3710,#3838,#3846,.T.);
#3846 = LINE('',#3847,#3848);
#3847 = CARTESIAN_POINT('',(6.55,-7.,-36.55));
#3848 = VECTOR('',#3849,1.);
#3849 = DIRECTION('',(0.,1.,-2.2E-16));
#3850 = ORIENTED_EDGE('',*,*,#3717,.F.);
#3851 = PLANE('',#3852);
#3852 = AXIS2_PLACEMENT_3D('',#3853,#3854,#3855);
#3853 = CARTESIAN_POINT('',(-6.55,-7.,-36.55));
#3854 = DIRECTION('',(0.,-2.2E-16,-1.));
#3855 = DIRECTION('',(1.,0.,0.));
#3856 = ADVANCED_FACE('',(#3857),#3868,.F.);
#3857 = FACE_BOUND('',#3858,.F.);
#3858 = EDGE_LOOP('',(#3859,#3860,#3866,#3867));
#3859 = ORIENTED_EDGE('',*,*,#3845,.T.);
#3860 = ORIENTED_EDGE('',*,*,#3861,.T.);
#3861 = EDGE_CURVE('',#3838,#3782,#3862,.T.);
#3862 = LINE('',#3863,#3864);
#3863 = CARTESIAN_POINT('',(6.55,-4.,-36.55));
#3864 = VECTOR('',#3865,1.);
#3865 = DIRECTION('',(0.,-2.2E-16,1.));
#3866 = ORIENTED_EDGE('',*,*,#3781,.F.);
#3867 = ORIENTED_EDGE('',*,*,#3709,.F.);
#3868 = PLANE('',#3869);
#3869 = AXIS2_PLACEMENT_3D('',#3870,#3871,#3872);
#3870 = CARTESIAN_POINT('',(6.55,-7.,-36.55));
#3871 = DIRECTION('',(1.,0.,0.));
#3872 = DIRECTION('',(0.,2.2E-16,1.));
#3873 = ADVANCED_FACE('',(#3874),#3880,.F.);
#3874 = FACE_BOUND('',#3875,.T.);
#3875 = EDGE_LOOP('',(#3876,#3877,#3878,#3879));
#3876 = ORIENTED_EDGE('',*,*,#3789,.T.);
#3877 = ORIENTED_EDGE('',*,*,#3813,.T.);
#3878 = ORIENTED_EDGE('',*,*,#3837,.T.);
#3879 = ORIENTED_EDGE('',*,*,#3861,.T.);
#3880 = PLANE('',#3881);
#3881 = AXIS2_PLACEMENT_3D('',#3882,#3883,#3884);
#3882 = CARTESIAN_POINT('',(1.8E-16,-4.,-33.));
#3883 = DIRECTION('',(0.,1.,-3.E-17));
#3884 = DIRECTION('',(0.,3.E-17,1.));
#3885 = ADVANCED_FACE('',(#3886),#3906,.T.);
#3886 = FACE_BOUND('',#3887,.T.);
#3887 = EDGE_LOOP('',(#3888,#3889,#3890,#3891,#3892,#3893,#3894,#3895,
    #3896,#3897,#3898,#3899,#3900,#3901,#3902,#3903,#3904,#3905));
#3888 = ORIENTED_EDGE('',*,*,#1681,.T.);
#3889 = ORIENTED_EDGE('',*,*,#1629,.T.);
#3890 = ORIENTED_EDGE('',*,*,#1264,.T.);
#3891 = ORIENTED_EDGE('',*,*,#1286,.F.);
#3892 = ORIENTED_EDGE('',*,*,#3690,.F.);
#3893 = ORIENTED_EDGE('',*,*,#522,.T.);
#3894 = ORIENTED_EDGE('',*,*,#499,.T.);
#3895 = ORIENTED_EDGE('',*,*,#600,.F.);
#3896 = ORIENTED_EDGE('',*,*,#614,.F.);
#3897 = ORIENTED_EDGE('',*,*,#879,.F.);
#3898 = ORIENTED_EDGE('',*,*,#922,.T.);
#3899 = ORIENTED_EDGE('',*,*,#991,.T.);
#3900 = ORIENTED_EDGE('',*,*,#2117,.T.);
#3901 = ORIENTED_EDGE('',*,*,#2073,.T.);
#3902 = ORIENTED_EDGE('',*,*,#2041,.T.);
#3903 = ORIENTED_EDGE('',*,*,#1970,.F.);
#3904 = ORIENTED_EDGE('',*,*,#1931,.T.);
#3905 = ORIENTED_EDGE('',*,*,#1857,.F.);
#3906 = PLANE('',#3907);
#3907 = AXIS2_PLACEMENT_3D('',#3908,#3909,#3910);
#3908 = CARTESIAN_POINT('',(-19.,0.121801371918,4.535871743487));
#3909 = DIRECTION('',(-1.,0.,0.));
#3910 = DIRECTION('',(0.,1.,2.2E-16));
#3911 = ADVANCED_FACE('',(#3912),#3932,.T.);
#3912 = FACE_BOUND('',#3913,.T.);
#3913 = EDGE_LOOP('',(#3914,#3915,#3916,#3917,#3918,#3919,#3920,#3921,
    #3922,#3923,#3924,#3925,#3926,#3927,#3928,#3929,#3930,#3931));
#3914 = ORIENTED_EDGE('',*,*,#632,.T.);
#3915 = ORIENTED_EDGE('',*,*,#2348,.F.);
#3916 = ORIENTED_EDGE('',*,*,#391,.F.);
#3917 = ORIENTED_EDGE('',*,*,#575,.F.);
#3918 = ORIENTED_EDGE('',*,*,#3679,.F.);
#3919 = ORIENTED_EDGE('',*,*,#1504,.T.);
#3920 = ORIENTED_EDGE('',*,*,#1481,.F.);
#3921 = ORIENTED_EDGE('',*,*,#2365,.F.);
#3922 = ORIENTED_EDGE('',*,*,#1645,.T.);
#3923 = ORIENTED_EDGE('',*,*,#2413,.T.);
#3924 = ORIENTED_EDGE('',*,*,#1890,.T.);
#3925 = ORIENTED_EDGE('',*,*,#2452,.T.);
#3926 = ORIENTED_EDGE('',*,*,#2018,.T.);
#3927 = ORIENTED_EDGE('',*,*,#2430,.F.);
#3928 = ORIENTED_EDGE('',*,*,#2094,.F.);
#3929 = ORIENTED_EDGE('',*,*,#975,.F.);
#3930 = ORIENTED_EDGE('',*,*,#961,.T.);
#3931 = ORIENTED_EDGE('',*,*,#2389,.T.);
#3932 = PLANE('',#3933);
#3933 = AXIS2_PLACEMENT_3D('',#3934,#3935,#3936);
#3934 = CARTESIAN_POINT('',(19.,0.121801371918,4.535871743487));
#3935 = DIRECTION('',(1.,0.,0.));
#3936 = DIRECTION('',(0.,-1.,-2.2E-16));
#3937 = ( GEOMETRIC_REPRESENTATION_CONTEXT(3) 
GLOBAL_UNCERTAINTY_ASSIGNED_CONTEXT((#3941)) 
GLOBAL_UNIT_ASSIGNED_CONTEXT((#3938,#3939,#3940)) REPRESENTATION_CONTEXT
('Context #1','3D Context with UNIT and UNCERTAINTY') );
#3938 = ( LENGTH_UNIT() NAMED_UNIT(*) SI_UNIT(.MILLI.,.METRE.) );
#3939 = ( NAMED_UNIT(*) PLANE_ANGLE_UNIT() SI_UNIT($,.RADIAN.) );
#3940 = ( NAMED_UNIT(*) SI_UNIT($,.STERADIAN.) SOLID_ANGLE_UNIT() );
#3941 = UNCERTAINTY_MEASURE_WITH_UNIT(LENGTH_MEASURE(5.E-05),#3938,
  'distance_accuracy_value','confusion accuracy');
#3942 = PRODUCT_RELATED_PRODUCT_CATEGORY('part',$,(#7));
ENDSEC;
END-ISO-10303-21;
