ISO-10303-21;
HEADER;
FILE_DESCRIPTION(('FreeCAD Model'),'2;1');
FILE_NAME('Open CASCADE Shape Model','2026-09-06T12:30:40',('FreeCAD'),(
    'FreeCAD'),'Open CASCADE STEP processor 7.8','FreeCAD','Unknown');
FILE_SCHEMA(('AUTOMOTIVE_DESIGN { 1 0 10303 214 1 1 1 1 }'));
ENDSEC;
DATA;
#1 = APPLICATION_PROTOCOL_DEFINITION('international standard',
  'automotive_design',2000,#2);
#2 = APPLICATION_CONTEXT(
  'core data for automotive mechanical design processes');
#3 = SHAPE_DEFINITION_REPRESENTATION(#4,#10);
#4 = PRODUCT_DEFINITION_SHAPE('','',#5);
#5 = PRODUCT_DEFINITION('design','',#6,#9);
#6 = PRODUCT_DEFINITION_FORMATION('','',#7);
#7 = PRODUCT('Open CASCADE STEP translator 7.8 246',
  'Open CASCADE STEP translator 7.8 246','',(#8));
#8 = PRODUCT_CONTEXT('',#2,'mechanical');
#9 = PRODUCT_DEFINITION_CONTEXT('part definition',#2,'design');
#10 = ADVANCED_BREP_SHAPE_REPRESENTATION('',(#11,#15),#2759);
#11 = AXIS2_PLACEMENT_3D('',#12,#13,#14);
#12 = CARTESIAN_POINT('',(0.,0.,0.));
#13 = DIRECTION('',(0.,0.,1.));
#14 = DIRECTION('',(1.,0.,-0.));
#15 = MANIFOLD_SOLID_BREP('',#16);
#16 = CLOSED_SHELL('',(#17,#57,#88,#112,#143,#167,#191,#279,#303,#327,
    #358,#439,#456,#495,#517,#529,#560,#591,#615,#639,#702,#719,#748,
    #779,#803,#827,#856,#895,#958,#969,#985,#1014,#1053,#1065,#1081,
    #1098,#1120,#1137,#1160,#1286,#1316,#1339,#1361,#1378,#1390,#1401,
    #1417,#1433,#1444,#1467,#1497,#1522,#1547,#1559,#1581,#1604,#1635,
    #1659,#1683,#1707,#1731,#1748,#1779,#1803,#1827,#1851,#1875,#1892,
    #1947,#1971,#1988,#2000,#2024,#2041,#2058,#2082,#2113,#2144,#2168,
    #2199,#2256,#2272,#2288,#2319,#2372,#2388,#2404,#2435,#2452,#2469,
    #2500,#2525,#2550,#2567,#2596,#2613,#2642,#2659,#2676,#2703,#2714,
    #2725,#2737,#2748));
#17 = ADVANCED_FACE('',(#18),#52,.T.);
#18 = FACE_BOUND('',#19,.T.);
#19 = EDGE_LOOP('',(#20,#30,#38,#46));
#20 = ORIENTED_EDGE('',*,*,#21,.T.);
#21 = EDGE_CURVE('',#22,#24,#26,.T.);
#22 = VERTEX_POINT('',#23);
#23 = CARTESIAN_POINT('',(-5.5,-5.5,-35.11));
#24 = VERTEX_POINT('',#25);
#25 = CARTESIAN_POINT('',(-5.5,-5.5,-71.5));
#26 = LINE('',#27,#28);
#27 = CARTESIAN_POINT('',(-5.5,-5.5,-11.5));
#28 = VECTOR('',#29,1.);
#29 = DIRECTION('',(0.,0.,-1.));
#30 = ORIENTED_EDGE('',*,*,#31,.F.);
#31 = EDGE_CURVE('',#32,#24,#34,.T.);
#32 = VERTEX_POINT('',#33);
#33 = CARTESIAN_POINT('',(5.5,-5.5,-71.5));
#34 = LINE('',#35,#36);
#35 = CARTESIAN_POINT('',(6.5,-5.5,-71.5));
#36 = VECTOR('',#37,1.);
#37 = DIRECTION('',(-1.,0.,0.));
#38 = ORIENTED_EDGE('',*,*,#39,.F.);
#39 = EDGE_CURVE('',#40,#32,#42,.T.);
#40 = VERTEX_POINT('',#41);
#41 = CARTESIAN_POINT('',(5.5,-5.5,-35.11));
#42 = LINE('',#43,#44);
#43 = CARTESIAN_POINT('',(5.5,-5.5,-11.5));
#44 = VECTOR('',#45,1.);
#45 = DIRECTION('',(0.,0.,-1.));
#46 = ORIENTED_EDGE('',*,*,#47,.F.);
#47 = EDGE_CURVE('',#22,#40,#48,.T.);
#48 = LINE('',#49,#50);
#49 = CARTESIAN_POINT('',(-5.5,-5.5,-35.11));
#50 = VECTOR('',#51,1.);
#51 = DIRECTION('',(1.,0.,0.));
#52 = PLANE('',#53);
#53 = AXIS2_PLACEMENT_3D('',#54,#55,#56);
#54 = CARTESIAN_POINT('',(0.,-5.5,-27.76859504132));
#55 = DIRECTION('',(-0.,-1.,-0.));
#56 = DIRECTION('',(0.,0.,-1.));
#57 = ADVANCED_FACE('',(#58),#83,.T.);
#58 = FACE_BOUND('',#59,.F.);
#59 = EDGE_LOOP('',(#60,#61,#69,#77));
#60 = ORIENTED_EDGE('',*,*,#21,.T.);
#61 = ORIENTED_EDGE('',*,*,#62,.T.);
#62 = EDGE_CURVE('',#24,#63,#65,.T.);
#63 = VERTEX_POINT('',#64);
#64 = CARTESIAN_POINT('',(-6.5,-4.5,-71.08578643762));
#65 = LINE('',#66,#67);
#66 = CARTESIAN_POINT('',(-11.68280280813,0.682802808137,-68.93899922339
    ));
#67 = VECTOR('',#68,1.);
#68 = DIRECTION('',(-0.678598344546,0.678598344546,0.281084637715));
#69 = ORIENTED_EDGE('',*,*,#70,.F.);
#70 = EDGE_CURVE('',#71,#63,#73,.T.);
#71 = VERTEX_POINT('',#72);
#72 = CARTESIAN_POINT('',(-6.5,-4.5,-34.11));
#73 = LINE('',#74,#75);
#74 = CARTESIAN_POINT('',(-6.5,-4.5,-11.5));
#75 = VECTOR('',#76,1.);
#76 = DIRECTION('',(0.,0.,-1.));
#77 = ORIENTED_EDGE('',*,*,#78,.F.);
#78 = EDGE_CURVE('',#22,#71,#79,.T.);
#79 = LINE('',#80,#81);
#80 = CARTESIAN_POINT('',(-9.768333333333,-1.231666666667,
    -30.84166666666));
#81 = VECTOR('',#82,1.);
#82 = DIRECTION('',(-0.57735026919,0.57735026919,0.57735026919));
#83 = PLANE('',#84);
#84 = AXIS2_PLACEMENT_3D('',#85,#86,#87);
#85 = CARTESIAN_POINT('',(-6.,-5.,-11.5));
#86 = DIRECTION('',(-0.707106781187,-0.707106781187,0.));
#87 = DIRECTION('',(0.,0.,1.));
#88 = ADVANCED_FACE('',(#89),#107,.F.);
#89 = FACE_BOUND('',#90,.T.);
#90 = EDGE_LOOP('',(#91,#92,#93,#101));
#91 = ORIENTED_EDGE('',*,*,#78,.F.);
#92 = ORIENTED_EDGE('',*,*,#47,.T.);
#93 = ORIENTED_EDGE('',*,*,#94,.T.);
#94 = EDGE_CURVE('',#40,#95,#97,.T.);
#95 = VERTEX_POINT('',#96);
#96 = CARTESIAN_POINT('',(6.5,-4.5,-34.11));
#97 = LINE('',#98,#99);
#98 = CARTESIAN_POINT('',(7.935,-3.065,-32.675));
#99 = VECTOR('',#100,1.);
#100 = DIRECTION('',(0.57735026919,0.57735026919,0.57735026919));
#101 = ORIENTED_EDGE('',*,*,#102,.F.);
#102 = EDGE_CURVE('',#71,#95,#103,.T.);
#103 = LINE('',#104,#105);
#104 = CARTESIAN_POINT('',(-5.5,-4.5,-34.11));
#105 = VECTOR('',#106,1.);
#106 = DIRECTION('',(1.,0.,0.));
#107 = PLANE('',#108);
#108 = AXIS2_PLACEMENT_3D('',#109,#110,#111);
#109 = CARTESIAN_POINT('',(-5.5,-5.,-34.61));
#110 = DIRECTION('',(0.,0.707106781187,-0.707106781187));
#111 = DIRECTION('',(-1.,-0.,-0.));
#112 = ADVANCED_FACE('',(#113),#138,.T.);
#113 = FACE_BOUND('',#114,.T.);
#114 = EDGE_LOOP('',(#115,#116,#124,#132));
#115 = ORIENTED_EDGE('',*,*,#31,.T.);
#116 = ORIENTED_EDGE('',*,*,#117,.T.);
#117 = EDGE_CURVE('',#24,#118,#120,.T.);
#118 = VERTEX_POINT('',#119);
#119 = CARTESIAN_POINT('',(-5.5,-0.5,-76.5));
#120 = LINE('',#121,#122);
#121 = CARTESIAN_POINT('',(-5.5,-5.5,-71.5));
#122 = VECTOR('',#123,1.);
#123 = DIRECTION('',(0.,0.707106781187,-0.707106781187));
#124 = ORIENTED_EDGE('',*,*,#125,.F.);
#125 = EDGE_CURVE('',#126,#118,#128,.T.);
#126 = VERTEX_POINT('',#127);
#127 = CARTESIAN_POINT('',(5.5,-0.5,-76.5));
#128 = LINE('',#129,#130);
#129 = CARTESIAN_POINT('',(6.5,-0.5,-76.5));
#130 = VECTOR('',#131,1.);
#131 = DIRECTION('',(-1.,0.,0.));
#132 = ORIENTED_EDGE('',*,*,#133,.F.);
#133 = EDGE_CURVE('',#32,#126,#134,.T.);
#134 = LINE('',#135,#136);
#135 = CARTESIAN_POINT('',(5.5,-5.5,-71.5));
#136 = VECTOR('',#137,1.);
#137 = DIRECTION('',(0.,0.707106781187,-0.707106781187));
#138 = PLANE('',#139);
#139 = AXIS2_PLACEMENT_3D('',#140,#141,#142);
#140 = CARTESIAN_POINT('',(6.5,-3.,-74.));
#141 = DIRECTION('',(0.,-0.707106781187,-0.707106781187));
#142 = DIRECTION('',(-1.,0.,0.));
#143 = ADVANCED_FACE('',(#144),#162,.T.);
#144 = FACE_BOUND('',#145,.T.);
#145 = EDGE_LOOP('',(#146,#147,#155,#161));
#146 = ORIENTED_EDGE('',*,*,#39,.T.);
#147 = ORIENTED_EDGE('',*,*,#148,.F.);
#148 = EDGE_CURVE('',#149,#32,#151,.T.);
#149 = VERTEX_POINT('',#150);
#150 = CARTESIAN_POINT('',(6.5,-4.5,-71.08578643762));
#151 = LINE('',#152,#153);
#152 = CARTESIAN_POINT('',(11.682802808137,0.682802808137,
    -68.93899922339));
#153 = VECTOR('',#154,1.);
#154 = DIRECTION('',(-0.678598344546,-0.678598344546,-0.281084637715));
#155 = ORIENTED_EDGE('',*,*,#156,.F.);
#156 = EDGE_CURVE('',#95,#149,#157,.T.);
#157 = LINE('',#158,#159);
#158 = CARTESIAN_POINT('',(6.5,-4.5,-11.5));
#159 = VECTOR('',#160,1.);
#160 = DIRECTION('',(0.,0.,-1.));
#161 = ORIENTED_EDGE('',*,*,#94,.F.);
#162 = PLANE('',#163);
#163 = AXIS2_PLACEMENT_3D('',#164,#165,#166);
#164 = CARTESIAN_POINT('',(6.,-5.,-11.5));
#165 = DIRECTION('',(0.707106781187,-0.707106781187,0.));
#166 = DIRECTION('',(0.,0.,-1.));
#167 = ADVANCED_FACE('',(#168),#186,.T.);
#168 = FACE_BOUND('',#169,.F.);
#169 = EDGE_LOOP('',(#170,#171,#172,#180));
#170 = ORIENTED_EDGE('',*,*,#62,.F.);
#171 = ORIENTED_EDGE('',*,*,#117,.T.);
#172 = ORIENTED_EDGE('',*,*,#173,.F.);
#173 = EDGE_CURVE('',#174,#118,#176,.T.);
#174 = VERTEX_POINT('',#175);
#175 = CARTESIAN_POINT('',(-6.5,-8.57864376269E-02,-75.5));
#176 = LINE('',#177,#178);
#177 = CARTESIAN_POINT('',(-6.634876071695,-2.991893949128E-02,
    -75.3651239283));
#178 = VECTOR('',#179,1.);
#179 = DIRECTION('',(0.678598344546,-0.281084637715,-0.678598344546));
#180 = ORIENTED_EDGE('',*,*,#181,.F.);
#181 = EDGE_CURVE('',#63,#174,#182,.T.);
#182 = LINE('',#183,#184);
#183 = CARTESIAN_POINT('',(-6.5,-4.792893218813,-70.79289321881));
#184 = VECTOR('',#185,1.);
#185 = DIRECTION('',(0.,0.707106781187,-0.707106781187));
#186 = PLANE('',#187);
#187 = AXIS2_PLACEMENT_3D('',#188,#189,#190);
#188 = CARTESIAN_POINT('',(-6.,-5.146446609407,-71.1464466094));
#189 = DIRECTION('',(-0.707106781187,-0.5,-0.5));
#190 = DIRECTION('',(0.,-0.707106781187,0.707106781187));
#191 = ADVANCED_FACE('',(#192),#274,.T.);
#192 = FACE_BOUND('',#193,.T.);
#193 = EDGE_LOOP('',(#194,#204,#212,#220,#228,#236,#244,#250,#251,#252,
    #260,#268));
#194 = ORIENTED_EDGE('',*,*,#195,.F.);
#195 = EDGE_CURVE('',#196,#198,#200,.T.);
#196 = VERTEX_POINT('',#197);
#197 = CARTESIAN_POINT('',(-6.5,-4.5,-11.5));
#198 = VERTEX_POINT('',#199);
#199 = CARTESIAN_POINT('',(-6.5,-4.5,-28.5));
#200 = LINE('',#201,#202);
#201 = CARTESIAN_POINT('',(-6.5,-4.5,-11.5));
#202 = VECTOR('',#203,1.);
#203 = DIRECTION('',(0.,0.,-1.));
#204 = ORIENTED_EDGE('',*,*,#205,.T.);
#205 = EDGE_CURVE('',#196,#206,#208,.T.);
#206 = VERTEX_POINT('',#207);
#207 = CARTESIAN_POINT('',(-6.5,0.5,-11.5));
#208 = LINE('',#209,#210);
#209 = CARTESIAN_POINT('',(-6.5,-5.5,-11.5));
#210 = VECTOR('',#211,1.);
#211 = DIRECTION('',(0.,1.,0.));
#212 = ORIENTED_EDGE('',*,*,#213,.T.);
#213 = EDGE_CURVE('',#206,#214,#216,.T.);
#214 = VERTEX_POINT('',#215);
#215 = CARTESIAN_POINT('',(-6.5,0.5,-68.5));
#216 = LINE('',#217,#218);
#217 = CARTESIAN_POINT('',(-6.5,0.5,-11.5));
#218 = VECTOR('',#219,1.);
#219 = DIRECTION('',(0.,0.,-1.));
#220 = ORIENTED_EDGE('',*,*,#221,.T.);
#221 = EDGE_CURVE('',#214,#222,#224,.T.);
#222 = VERTEX_POINT('',#223);
#223 = CARTESIAN_POINT('',(-6.5,2.5,-70.5));
#224 = LINE('',#225,#226);
#225 = CARTESIAN_POINT('',(-6.5,-6.,-62.));
#226 = VECTOR('',#227,1.);
#227 = DIRECTION('',(0.,0.707106781187,-0.707106781187));
#228 = ORIENTED_EDGE('',*,*,#229,.T.);
#229 = EDGE_CURVE('',#222,#230,#232,.T.);
#230 = VERTEX_POINT('',#231);
#231 = CARTESIAN_POINT('',(-6.5,7.5,-70.5));
#232 = LINE('',#233,#234);
#233 = CARTESIAN_POINT('',(-6.5,1.5,-70.5));
#234 = VECTOR('',#235,1.);
#235 = DIRECTION('',(0.,1.,-2.2E-16));
#236 = ORIENTED_EDGE('',*,*,#237,.F.);
#237 = EDGE_CURVE('',#238,#230,#240,.T.);
#238 = VERTEX_POINT('',#239);
#239 = CARTESIAN_POINT('',(-6.5,7.5,-75.5));
#240 = LINE('',#241,#242);
#241 = CARTESIAN_POINT('',(-6.5,7.5,-76.5));
#242 = VECTOR('',#243,1.);
#243 = DIRECTION('',(0.,2.2E-16,1.));
#244 = ORIENTED_EDGE('',*,*,#245,.F.);
#245 = EDGE_CURVE('',#174,#238,#246,.T.);
#246 = LINE('',#247,#248);
#247 = CARTESIAN_POINT('',(-6.5,-0.5,-75.5));
#248 = VECTOR('',#249,1.);
#249 = DIRECTION('',(0.,1.,-2.2E-16));
#250 = ORIENTED_EDGE('',*,*,#181,.F.);
#251 = ORIENTED_EDGE('',*,*,#70,.F.);
#252 = ORIENTED_EDGE('',*,*,#253,.F.);
#253 = EDGE_CURVE('',#254,#71,#256,.T.);
#254 = VERTEX_POINT('',#255);
#255 = CARTESIAN_POINT('',(-6.5,-3.5,-34.11));
#256 = LINE('',#257,#258);
#257 = CARTESIAN_POINT('',(-6.5,-3.3125,-34.11));
#258 = VECTOR('',#259,1.);
#259 = DIRECTION('',(0.,-1.,2.2E-16));
#260 = ORIENTED_EDGE('',*,*,#261,.F.);
#261 = EDGE_CURVE('',#262,#254,#264,.T.);
#262 = VERTEX_POINT('',#263);
#263 = CARTESIAN_POINT('',(-6.5,-3.5,-28.5));
#264 = LINE('',#265,#266);
#265 = CARTESIAN_POINT('',(-6.5,-3.5,-32.31076291218));
#266 = VECTOR('',#267,1.);
#267 = DIRECTION('',(0.,-2.2E-16,-1.));
#268 = ORIENTED_EDGE('',*,*,#269,.F.);
#269 = EDGE_CURVE('',#198,#262,#270,.T.);
#270 = LINE('',#271,#272);
#271 = CARTESIAN_POINT('',(-6.5,-3.3125,-28.5));
#272 = VECTOR('',#273,1.);
#273 = DIRECTION('',(0.,1.,-2.2E-16));
#274 = PLANE('',#275);
#275 = AXIS2_PLACEMENT_3D('',#276,#277,#278);
#276 = CARTESIAN_POINT('',(-6.5,-1.125,-44.125));
#277 = DIRECTION('',(-1.,-0.,-0.));
#278 = DIRECTION('',(0.,0.,-1.));
#279 = ADVANCED_FACE('',(#280),#298,.F.);
#280 = FACE_BOUND('',#281,.F.);
#281 = EDGE_LOOP('',(#282,#283,#284,#292));
#282 = ORIENTED_EDGE('',*,*,#102,.F.);
#283 = ORIENTED_EDGE('',*,*,#253,.F.);
#284 = ORIENTED_EDGE('',*,*,#285,.T.);
#285 = EDGE_CURVE('',#254,#286,#288,.T.);
#286 = VERTEX_POINT('',#287);
#287 = CARTESIAN_POINT('',(6.5,-3.5,-34.11));
#288 = LINE('',#289,#290);
#289 = CARTESIAN_POINT('',(-19.,-3.5,-34.11));
#290 = VECTOR('',#291,1.);
#291 = DIRECTION('',(1.,0.,0.));
#292 = ORIENTED_EDGE('',*,*,#293,.F.);
#293 = EDGE_CURVE('',#95,#286,#294,.T.);
#294 = LINE('',#295,#296);
#295 = CARTESIAN_POINT('',(6.5,-3.3125,-34.11));
#296 = VECTOR('',#297,1.);
#297 = DIRECTION('',(0.,1.,-2.2E-16));
#298 = PLANE('',#299);
#299 = AXIS2_PLACEMENT_3D('',#300,#301,#302);
#300 = CARTESIAN_POINT('',(-19.,-5.5,-34.11));
#301 = DIRECTION('',(0.,-2.2E-16,-1.));
#302 = DIRECTION('',(1.,0.,0.));
#303 = ADVANCED_FACE('',(#304),#322,.T.);
#304 = FACE_BOUND('',#305,.F.);
#305 = EDGE_LOOP('',(#306,#307,#315,#321));
#306 = ORIENTED_EDGE('',*,*,#148,.F.);
#307 = ORIENTED_EDGE('',*,*,#308,.T.);
#308 = EDGE_CURVE('',#149,#309,#311,.T.);
#309 = VERTEX_POINT('',#310);
#310 = CARTESIAN_POINT('',(6.5,-8.57864376269E-02,-75.5));
#311 = LINE('',#312,#313);
#312 = CARTESIAN_POINT('',(6.5,-4.792893218813,-70.79289321881));
#313 = VECTOR('',#314,1.);
#314 = DIRECTION('',(0.,0.707106781187,-0.707106781187));
#315 = ORIENTED_EDGE('',*,*,#316,.T.);
#316 = EDGE_CURVE('',#309,#126,#317,.T.);
#317 = LINE('',#318,#319);
#318 = CARTESIAN_POINT('',(7.493222135932,0.325619641525,-74.50677786406
    ));
#319 = VECTOR('',#320,1.);
#320 = DIRECTION('',(-0.678598344546,-0.281084637715,-0.678598344546));
#321 = ORIENTED_EDGE('',*,*,#133,.F.);
#322 = PLANE('',#323);
#323 = AXIS2_PLACEMENT_3D('',#324,#325,#326);
#324 = CARTESIAN_POINT('',(6.,-5.146446609407,-71.1464466094));
#325 = DIRECTION('',(0.707106781187,-0.5,-0.5));
#326 = DIRECTION('',(-2.775557561563E-17,-0.707106781187,0.707106781187)
  );
#327 = ADVANCED_FACE('',(#328),#353,.T.);
#328 = FACE_BOUND('',#329,.T.);
#329 = EDGE_LOOP('',(#330,#331,#339,#347));
#330 = ORIENTED_EDGE('',*,*,#125,.T.);
#331 = ORIENTED_EDGE('',*,*,#332,.T.);
#332 = EDGE_CURVE('',#118,#333,#335,.T.);
#333 = VERTEX_POINT('',#334);
#334 = CARTESIAN_POINT('',(-5.5,7.5,-76.5));
#335 = LINE('',#336,#337);
#336 = CARTESIAN_POINT('',(-5.5,-0.5,-76.5));
#337 = VECTOR('',#338,1.);
#338 = DIRECTION('',(0.,1.,-2.2E-16));
#339 = ORIENTED_EDGE('',*,*,#340,.F.);
#340 = EDGE_CURVE('',#341,#333,#343,.T.);
#341 = VERTEX_POINT('',#342);
#342 = CARTESIAN_POINT('',(5.5,7.5,-76.5));
#343 = LINE('',#344,#345);
#344 = CARTESIAN_POINT('',(6.5,7.5,-76.5));
#345 = VECTOR('',#346,1.);
#346 = DIRECTION('',(-1.,0.,0.));
#347 = ORIENTED_EDGE('',*,*,#348,.T.);
#348 = EDGE_CURVE('',#341,#126,#349,.T.);
#349 = LINE('',#350,#351);
#350 = CARTESIAN_POINT('',(5.5,8.5,-76.5));
#351 = VECTOR('',#352,1.);
#352 = DIRECTION('',(0.,-1.,0.));
#353 = PLANE('',#354);
#354 = AXIS2_PLACEMENT_3D('',#355,#356,#357);
#355 = CARTESIAN_POINT('',(0.,1.5,-76.5));
#356 = DIRECTION('',(-0.,-0.,-1.));
#357 = DIRECTION('',(-1.,0.,0.));
#358 = ADVANCED_FACE('',(#359),#434,.T.);
#359 = FACE_BOUND('',#360,.T.);
#360 = EDGE_LOOP('',(#361,#371,#379,#387,#395,#401,#402,#403,#404,#412,
    #420,#428));
#361 = ORIENTED_EDGE('',*,*,#362,.F.);
#362 = EDGE_CURVE('',#363,#365,#367,.T.);
#363 = VERTEX_POINT('',#364);
#364 = CARTESIAN_POINT('',(6.5,0.5,-11.5));
#365 = VERTEX_POINT('',#366);
#366 = CARTESIAN_POINT('',(6.5,0.5,-68.5));
#367 = LINE('',#368,#369);
#368 = CARTESIAN_POINT('',(6.5,0.5,-11.5));
#369 = VECTOR('',#370,1.);
#370 = DIRECTION('',(0.,0.,-1.));
#371 = ORIENTED_EDGE('',*,*,#372,.T.);
#372 = EDGE_CURVE('',#363,#373,#375,.T.);
#373 = VERTEX_POINT('',#374);
#374 = CARTESIAN_POINT('',(6.5,-4.5,-11.5));
#375 = LINE('',#376,#377);
#376 = CARTESIAN_POINT('',(6.5,1.5,-11.5));
#377 = VECTOR('',#378,1.);
#378 = DIRECTION('',(0.,-1.,0.));
#379 = ORIENTED_EDGE('',*,*,#380,.T.);
#380 = EDGE_CURVE('',#373,#381,#383,.T.);
#381 = VERTEX_POINT('',#382);
#382 = CARTESIAN_POINT('',(6.5,-4.5,-28.5));
#383 = LINE('',#384,#385);
#384 = CARTESIAN_POINT('',(6.5,-4.5,-11.5));
#385 = VECTOR('',#386,1.);
#386 = DIRECTION('',(0.,0.,-1.));
#387 = ORIENTED_EDGE('',*,*,#388,.F.);
#388 = EDGE_CURVE('',#389,#381,#391,.T.);
#389 = VERTEX_POINT('',#390);
#390 = CARTESIAN_POINT('',(6.5,-3.5,-28.5));
#391 = LINE('',#392,#393);
#392 = CARTESIAN_POINT('',(6.5,-3.3125,-28.5));
#393 = VECTOR('',#394,1.);
#394 = DIRECTION('',(0.,-1.,2.2E-16));
#395 = ORIENTED_EDGE('',*,*,#396,.F.);
#396 = EDGE_CURVE('',#286,#389,#397,.T.);
#397 = LINE('',#398,#399);
#398 = CARTESIAN_POINT('',(6.5,-3.5,-32.31076291218));
#399 = VECTOR('',#400,1.);
#400 = DIRECTION('',(0.,2.2E-16,1.));
#401 = ORIENTED_EDGE('',*,*,#293,.F.);
#402 = ORIENTED_EDGE('',*,*,#156,.T.);
#403 = ORIENTED_EDGE('',*,*,#308,.T.);
#404 = ORIENTED_EDGE('',*,*,#405,.F.);
#405 = EDGE_CURVE('',#406,#309,#408,.T.);
#406 = VERTEX_POINT('',#407);
#407 = CARTESIAN_POINT('',(6.5,7.5,-75.5));
#408 = LINE('',#409,#410);
#409 = CARTESIAN_POINT('',(6.5,8.5,-75.5));
#410 = VECTOR('',#411,1.);
#411 = DIRECTION('',(0.,-1.,0.));
#412 = ORIENTED_EDGE('',*,*,#413,.F.);
#413 = EDGE_CURVE('',#414,#406,#416,.T.);
#414 = VERTEX_POINT('',#415);
#415 = CARTESIAN_POINT('',(6.5,7.5,-70.5));
#416 = LINE('',#417,#418);
#417 = CARTESIAN_POINT('',(6.5,7.5,-69.5));
#418 = VECTOR('',#419,1.);
#419 = DIRECTION('',(0.,-2.2E-16,-1.));
#420 = ORIENTED_EDGE('',*,*,#421,.F.);
#421 = EDGE_CURVE('',#422,#414,#424,.T.);
#422 = VERTEX_POINT('',#423);
#423 = CARTESIAN_POINT('',(6.5,2.5,-70.5));
#424 = LINE('',#425,#426);
#425 = CARTESIAN_POINT('',(6.5,1.5,-70.5));
#426 = VECTOR('',#427,1.);
#427 = DIRECTION('',(0.,1.,-2.2E-16));
#428 = ORIENTED_EDGE('',*,*,#429,.F.);
#429 = EDGE_CURVE('',#365,#422,#430,.T.);
#430 = LINE('',#431,#432);
#431 = CARTESIAN_POINT('',(6.5,-6.,-62.));
#432 = VECTOR('',#433,1.);
#433 = DIRECTION('',(0.,0.707106781187,-0.707106781187));
#434 = PLANE('',#435);
#435 = AXIS2_PLACEMENT_3D('',#436,#437,#438);
#436 = CARTESIAN_POINT('',(6.5,-1.125,-44.125));
#437 = DIRECTION('',(1.,0.,0.));
#438 = DIRECTION('',(0.,0.,1.));
#439 = ADVANCED_FACE('',(#440),#451,.T.);
#440 = FACE_BOUND('',#441,.T.);
#441 = EDGE_LOOP('',(#442,#443,#444,#450));
#442 = ORIENTED_EDGE('',*,*,#173,.F.);
#443 = ORIENTED_EDGE('',*,*,#245,.T.);
#444 = ORIENTED_EDGE('',*,*,#445,.F.);
#445 = EDGE_CURVE('',#333,#238,#446,.T.);
#446 = LINE('',#447,#448);
#447 = CARTESIAN_POINT('',(-5.75,7.5,-76.25));
#448 = VECTOR('',#449,1.);
#449 = DIRECTION('',(-0.707106781187,2.5E-15,0.707106781187));
#450 = ORIENTED_EDGE('',*,*,#332,.F.);
#451 = PLANE('',#452);
#452 = AXIS2_PLACEMENT_3D('',#453,#454,#455);
#453 = CARTESIAN_POINT('',(-6.,-0.5,-76.));
#454 = DIRECTION('',(-0.707106781187,0.,-0.707106781187));
#455 = DIRECTION('',(1.1E-16,1.,-1.1E-16));
#456 = ADVANCED_FACE('',(#457),#490,.T.);
#457 = FACE_BOUND('',#458,.F.);
#458 = EDGE_LOOP('',(#459,#467,#475,#483,#489));
#459 = ORIENTED_EDGE('',*,*,#460,.F.);
#460 = EDGE_CURVE('',#461,#196,#463,.T.);
#461 = VERTEX_POINT('',#462);
#462 = CARTESIAN_POINT('',(-5.792893218813,-5.207106781187,
    -11.20710678118));
#463 = LINE('',#464,#465);
#464 = CARTESIAN_POINT('',(-6.713884645254,-4.286115354746,
    -11.58859392084));
#465 = VECTOR('',#466,1.);
#466 = DIRECTION('',(-0.678598344546,0.678598344546,-0.281084637715));
#467 = ORIENTED_EDGE('',*,*,#468,.F.);
#468 = EDGE_CURVE('',#469,#461,#471,.T.);
#469 = VERTEX_POINT('',#470);
#470 = CARTESIAN_POINT('',(-5.5,-5.5,-11.5));
#471 = LINE('',#472,#473);
#472 = CARTESIAN_POINT('',(-5.930964406271,-5.069035593729,
    -11.06903559372));
#473 = VECTOR('',#474,1.);
#474 = DIRECTION('',(-0.57735026919,0.57735026919,0.57735026919));
#475 = ORIENTED_EDGE('',*,*,#476,.T.);
#476 = EDGE_CURVE('',#469,#477,#479,.T.);
#477 = VERTEX_POINT('',#478);
#478 = CARTESIAN_POINT('',(-5.5,-5.5,-27.5));
#479 = LINE('',#480,#481);
#480 = CARTESIAN_POINT('',(-5.5,-5.5,-11.5));
#481 = VECTOR('',#482,1.);
#482 = DIRECTION('',(0.,0.,-1.));
#483 = ORIENTED_EDGE('',*,*,#484,.F.);
#484 = EDGE_CURVE('',#198,#477,#485,.T.);
#485 = LINE('',#486,#487);
#486 = CARTESIAN_POINT('',(-1.333333333333,-9.666666666667,
    -23.33333333333));
#487 = VECTOR('',#488,1.);
#488 = DIRECTION('',(0.57735026919,-0.57735026919,0.57735026919));
#489 = ORIENTED_EDGE('',*,*,#195,.F.);
#490 = PLANE('',#491);
#491 = AXIS2_PLACEMENT_3D('',#492,#493,#494);
#492 = CARTESIAN_POINT('',(-6.,-5.,-11.5));
#493 = DIRECTION('',(-0.707106781187,-0.707106781187,0.));
#494 = DIRECTION('',(0.,0.,1.));
#495 = ADVANCED_FACE('',(#496),#512,.F.);
#496 = FACE_BOUND('',#497,.F.);
#497 = EDGE_LOOP('',(#498,#504,#505,#511));
#498 = ORIENTED_EDGE('',*,*,#499,.F.);
#499 = EDGE_CURVE('',#381,#198,#500,.T.);
#500 = LINE('',#501,#502);
#501 = CARTESIAN_POINT('',(5.5,-4.5,-28.5));
#502 = VECTOR('',#503,1.);
#503 = DIRECTION('',(-1.,0.,0.));
#504 = ORIENTED_EDGE('',*,*,#388,.F.);
#505 = ORIENTED_EDGE('',*,*,#506,.T.);
#506 = EDGE_CURVE('',#389,#262,#507,.T.);
#507 = LINE('',#508,#509);
#508 = CARTESIAN_POINT('',(19.,-3.5,-28.5));
#509 = VECTOR('',#510,1.);
#510 = DIRECTION('',(-1.,0.,0.));
#511 = ORIENTED_EDGE('',*,*,#269,.F.);
#512 = PLANE('',#513);
#513 = AXIS2_PLACEMENT_3D('',#514,#515,#516);
#514 = CARTESIAN_POINT('',(19.,-5.5,-28.5));
#515 = DIRECTION('',(0.,2.2E-16,1.));
#516 = DIRECTION('',(-1.,0.,0.));
#517 = ADVANCED_FACE('',(#518),#524,.F.);
#518 = FACE_BOUND('',#519,.F.);
#519 = EDGE_LOOP('',(#520,#521,#522,#523));
#520 = ORIENTED_EDGE('',*,*,#261,.F.);
#521 = ORIENTED_EDGE('',*,*,#506,.F.);
#522 = ORIENTED_EDGE('',*,*,#396,.F.);
#523 = ORIENTED_EDGE('',*,*,#285,.F.);
#524 = PLANE('',#525);
#525 = AXIS2_PLACEMENT_3D('',#526,#527,#528);
#526 = CARTESIAN_POINT('',(3.02E-15,-3.5,-20.49652582437));
#527 = DIRECTION('',(0.,1.,-2.2E-16));
#528 = DIRECTION('',(0.,2.2E-16,1.));
#529 = ADVANCED_FACE('',(#530),#555,.T.);
#530 = FACE_BOUND('',#531,.T.);
#531 = EDGE_LOOP('',(#532,#533,#541,#549));
#532 = ORIENTED_EDGE('',*,*,#237,.T.);
#533 = ORIENTED_EDGE('',*,*,#534,.F.);
#534 = EDGE_CURVE('',#535,#230,#537,.T.);
#535 = VERTEX_POINT('',#536);
#536 = CARTESIAN_POINT('',(-5.5,8.5,-70.5));
#537 = LINE('',#538,#539);
#538 = CARTESIAN_POINT('',(-6.,8.,-70.5));
#539 = VECTOR('',#540,1.);
#540 = DIRECTION('',(-0.707106781187,-0.707106781187,0.));
#541 = ORIENTED_EDGE('',*,*,#542,.F.);
#542 = EDGE_CURVE('',#543,#535,#545,.T.);
#543 = VERTEX_POINT('',#544);
#544 = CARTESIAN_POINT('',(-5.5,8.5,-75.5));
#545 = LINE('',#546,#547);
#546 = CARTESIAN_POINT('',(-5.5,8.5,-76.5));
#547 = VECTOR('',#548,1.);
#548 = DIRECTION('',(0.,2.2E-16,1.));
#549 = ORIENTED_EDGE('',*,*,#550,.T.);
#550 = EDGE_CURVE('',#543,#238,#551,.T.);
#551 = LINE('',#552,#553);
#552 = CARTESIAN_POINT('',(-6.,8.,-75.5));
#553 = VECTOR('',#554,1.);
#554 = DIRECTION('',(-0.707106781187,-0.707106781187,6.7E-16));
#555 = PLANE('',#556);
#556 = AXIS2_PLACEMENT_3D('',#557,#558,#559);
#557 = CARTESIAN_POINT('',(-6.,8.,-76.5));
#558 = DIRECTION('',(-0.707106781187,0.707106781187,0.));
#559 = DIRECTION('',(1.1E-16,1.1E-16,1.));
#560 = ADVANCED_FACE('',(#561),#586,.F.);
#561 = FACE_BOUND('',#562,.F.);
#562 = EDGE_LOOP('',(#563,#571,#572,#580));
#563 = ORIENTED_EDGE('',*,*,#564,.F.);
#564 = EDGE_CURVE('',#222,#565,#567,.T.);
#565 = VERTEX_POINT('',#566);
#566 = CARTESIAN_POINT('',(-5.5,2.5,-69.5));
#567 = LINE('',#568,#569);
#568 = CARTESIAN_POINT('',(-5.75,2.5,-69.75));
#569 = VECTOR('',#570,1.);
#570 = DIRECTION('',(0.707106781187,-6.25E-15,0.707106781187));
#571 = ORIENTED_EDGE('',*,*,#229,.T.);
#572 = ORIENTED_EDGE('',*,*,#573,.F.);
#573 = EDGE_CURVE('',#574,#230,#576,.T.);
#574 = VERTEX_POINT('',#575);
#575 = CARTESIAN_POINT('',(-5.5,7.5,-69.5));
#576 = LINE('',#577,#578);
#577 = CARTESIAN_POINT('',(-5.75,7.5,-69.75));
#578 = VECTOR('',#579,1.);
#579 = DIRECTION('',(-0.707106781187,-3.08E-15,-0.707106781187));
#580 = ORIENTED_EDGE('',*,*,#581,.F.);
#581 = EDGE_CURVE('',#565,#574,#582,.T.);
#582 = LINE('',#583,#584);
#583 = CARTESIAN_POINT('',(-5.5,1.5,-69.5));
#584 = VECTOR('',#585,1.);
#585 = DIRECTION('',(0.,1.,-2.2E-16));
#586 = PLANE('',#587);
#587 = AXIS2_PLACEMENT_3D('',#588,#589,#590);
#588 = CARTESIAN_POINT('',(-6.,1.5,-70.));
#589 = DIRECTION('',(0.707106781187,0.,-0.707106781187));
#590 = DIRECTION('',(-1.1E-16,1.,-1.1E-16));
#591 = ADVANCED_FACE('',(#592),#610,.F.);
#592 = FACE_BOUND('',#593,.F.);
#593 = EDGE_LOOP('',(#594,#602,#603,#604));
#594 = ORIENTED_EDGE('',*,*,#595,.F.);
#595 = EDGE_CURVE('',#214,#596,#598,.T.);
#596 = VERTEX_POINT('',#597);
#597 = CARTESIAN_POINT('',(-5.5,1.5,-68.5));
#598 = LINE('',#599,#600);
#599 = CARTESIAN_POINT('',(-6.25,0.75,-68.5));
#600 = VECTOR('',#601,1.);
#601 = DIRECTION('',(0.707106781187,0.707106781187,3.8E-16));
#602 = ORIENTED_EDGE('',*,*,#221,.T.);
#603 = ORIENTED_EDGE('',*,*,#564,.T.);
#604 = ORIENTED_EDGE('',*,*,#605,.F.);
#605 = EDGE_CURVE('',#596,#565,#606,.T.);
#606 = LINE('',#607,#608);
#607 = CARTESIAN_POINT('',(-5.5,1.5,-68.5));
#608 = VECTOR('',#609,1.);
#609 = DIRECTION('',(-6.63E-15,0.707106781187,-0.707106781187));
#610 = PLANE('',#611);
#611 = AXIS2_PLACEMENT_3D('',#612,#613,#614);
#612 = CARTESIAN_POINT('',(-6.5,0.5,-68.5));
#613 = DIRECTION('',(0.57735026919,-0.57735026919,-0.57735026919));
#614 = DIRECTION('',(-4.440892098501E-15,0.707106781187,-0.707106781187)
  );
#615 = ADVANCED_FACE('',(#616),#634,.F.);
#616 = FACE_BOUND('',#617,.T.);
#617 = EDGE_LOOP('',(#618,#626,#632,#633));
#618 = ORIENTED_EDGE('',*,*,#619,.F.);
#619 = EDGE_CURVE('',#620,#206,#622,.T.);
#620 = VERTEX_POINT('',#621);
#621 = CARTESIAN_POINT('',(-5.5,1.5,-11.08578643762));
#622 = LINE('',#623,#624);
#623 = CARTESIAN_POINT('',(-6.713884645254,0.286115354746,
    -11.58859392084));
#624 = VECTOR('',#625,1.);
#625 = DIRECTION('',(-0.678598344546,-0.678598344546,-0.281084637715));
#626 = ORIENTED_EDGE('',*,*,#627,.T.);
#627 = EDGE_CURVE('',#620,#596,#628,.T.);
#628 = LINE('',#629,#630);
#629 = CARTESIAN_POINT('',(-5.5,1.5,-11.5));
#630 = VECTOR('',#631,1.);
#631 = DIRECTION('',(0.,0.,-1.));
#632 = ORIENTED_EDGE('',*,*,#595,.F.);
#633 = ORIENTED_EDGE('',*,*,#213,.F.);
#634 = PLANE('',#635);
#635 = AXIS2_PLACEMENT_3D('',#636,#637,#638);
#636 = CARTESIAN_POINT('',(-6.,1.,-11.5));
#637 = DIRECTION('',(0.707106781187,-0.707106781187,0.));
#638 = DIRECTION('',(0.,0.,1.));
#639 = ADVANCED_FACE('',(#640),#697,.T.);
#640 = FACE_BOUND('',#641,.T.);
#641 = EDGE_LOOP('',(#642,#643,#651,#659,#667,#675,#683,#691));
#642 = ORIENTED_EDGE('',*,*,#205,.F.);
#643 = ORIENTED_EDGE('',*,*,#644,.F.);
#644 = EDGE_CURVE('',#645,#196,#647,.T.);
#645 = VERTEX_POINT('',#646);
#646 = CARTESIAN_POINT('',(-7.5,-4.5,-10.5));
#647 = LINE('',#648,#649);
#648 = CARTESIAN_POINT('',(-11.5,-4.5,-6.5));
#649 = VECTOR('',#650,1.);
#650 = DIRECTION('',(0.707106781187,0.,-0.707106781187));
#651 = ORIENTED_EDGE('',*,*,#652,.F.);
#652 = EDGE_CURVE('',#653,#645,#655,.T.);
#653 = VERTEX_POINT('',#654);
#654 = CARTESIAN_POINT('',(-7.5,-3.5,-10.5));
#655 = LINE('',#656,#657);
#656 = CARTESIAN_POINT('',(-7.5,-5.5,-10.5));
#657 = VECTOR('',#658,1.);
#658 = DIRECTION('',(-3.E-17,-1.,2.2E-16));
#659 = ORIENTED_EDGE('',*,*,#660,.F.);
#660 = EDGE_CURVE('',#661,#653,#663,.T.);
#661 = VERTEX_POINT('',#662);
#662 = CARTESIAN_POINT('',(-10.5,-3.5,-7.5));
#663 = LINE('',#664,#665);
#664 = CARTESIAN_POINT('',(-3.875868543907,-3.5,-14.12413145609));
#665 = VECTOR('',#666,1.);
#666 = DIRECTION('',(0.707106781187,-1.6E-16,-0.707106781187));
#667 = ORIENTED_EDGE('',*,*,#668,.F.);
#668 = EDGE_CURVE('',#669,#661,#671,.T.);
#669 = VERTEX_POINT('',#670);
#670 = CARTESIAN_POINT('',(-10.5,-4.5,-7.5));
#671 = LINE('',#672,#673);
#672 = CARTESIAN_POINT('',(-10.5,-5.5,-7.5));
#673 = VECTOR('',#674,1.);
#674 = DIRECTION('',(3.E-17,1.,-2.2E-16));
#675 = ORIENTED_EDGE('',*,*,#676,.F.);
#676 = EDGE_CURVE('',#677,#669,#679,.T.);
#677 = VERTEX_POINT('',#678);
#678 = CARTESIAN_POINT('',(-10.79289321881,-4.5,-7.207106781187));
#679 = LINE('',#680,#681);
#680 = CARTESIAN_POINT('',(-11.5,-4.5,-6.5));
#681 = VECTOR('',#682,1.);
#682 = DIRECTION('',(0.707106781187,0.,-0.707106781187));
#683 = ORIENTED_EDGE('',*,*,#684,.T.);
#684 = EDGE_CURVE('',#677,#685,#687,.T.);
#685 = VERTEX_POINT('',#686);
#686 = CARTESIAN_POINT('',(-10.79289321881,0.5,-7.207106781187));
#687 = LINE('',#688,#689);
#688 = CARTESIAN_POINT('',(-10.79289321881,-5.5,-7.207106781187));
#689 = VECTOR('',#690,1.);
#690 = DIRECTION('',(0.,1.,0.));
#691 = ORIENTED_EDGE('',*,*,#692,.T.);
#692 = EDGE_CURVE('',#685,#206,#693,.T.);
#693 = LINE('',#694,#695);
#694 = CARTESIAN_POINT('',(-11.5,0.5,-6.5));
#695 = VECTOR('',#696,1.);
#696 = DIRECTION('',(0.707106781187,0.,-0.707106781187));
#697 = PLANE('',#698);
#698 = AXIS2_PLACEMENT_3D('',#699,#700,#701);
#699 = CARTESIAN_POINT('',(-9.,-5.5,-9.));
#700 = DIRECTION('',(-0.707106781187,-1.4E-16,-0.707106781187));
#701 = DIRECTION('',(-9.899494936612E-17,1.,-9.899494936612E-17));
#702 = ADVANCED_FACE('',(#703),#714,.T.);
#703 = FACE_BOUND('',#704,.T.);
#704 = EDGE_LOOP('',(#705,#711,#712,#713));
#705 = ORIENTED_EDGE('',*,*,#706,.T.);
#706 = EDGE_CURVE('',#341,#406,#707,.T.);
#707 = LINE('',#708,#709);
#708 = CARTESIAN_POINT('',(5.75,7.5,-76.25));
#709 = VECTOR('',#710,1.);
#710 = DIRECTION('',(0.707106781187,1.25E-15,0.707106781187));
#711 = ORIENTED_EDGE('',*,*,#405,.T.);
#712 = ORIENTED_EDGE('',*,*,#316,.T.);
#713 = ORIENTED_EDGE('',*,*,#348,.F.);
#714 = PLANE('',#715);
#715 = AXIS2_PLACEMENT_3D('',#716,#717,#718);
#716 = CARTESIAN_POINT('',(6.,8.5,-76.));
#717 = DIRECTION('',(0.707106781187,0.,-0.707106781187));
#718 = DIRECTION('',(0.,-1.,0.));
#719 = ADVANCED_FACE('',(#720),#743,.T.);
#720 = FACE_BOUND('',#721,.F.);
#721 = EDGE_LOOP('',(#722,#730,#736,#742));
#722 = ORIENTED_EDGE('',*,*,#723,.T.);
#723 = EDGE_CURVE('',#341,#724,#726,.T.);
#724 = VERTEX_POINT('',#725);
#725 = CARTESIAN_POINT('',(5.5,8.5,-75.5));
#726 = LINE('',#727,#728);
#727 = CARTESIAN_POINT('',(5.5,7.75,-76.25));
#728 = VECTOR('',#729,1.);
#729 = DIRECTION('',(2.6E-15,0.707106781187,0.707106781187));
#730 = ORIENTED_EDGE('',*,*,#731,.T.);
#731 = EDGE_CURVE('',#724,#543,#732,.T.);
#732 = LINE('',#733,#734);
#733 = CARTESIAN_POINT('',(6.5,8.5,-75.5));
#734 = VECTOR('',#735,1.);
#735 = DIRECTION('',(-1.,0.,0.));
#736 = ORIENTED_EDGE('',*,*,#737,.F.);
#737 = EDGE_CURVE('',#333,#543,#738,.T.);
#738 = LINE('',#739,#740);
#739 = CARTESIAN_POINT('',(-5.5,7.75,-76.25));
#740 = VECTOR('',#741,1.);
#741 = DIRECTION('',(-3.17E-15,0.707106781187,0.707106781187));
#742 = ORIENTED_EDGE('',*,*,#340,.F.);
#743 = PLANE('',#744);
#744 = AXIS2_PLACEMENT_3D('',#745,#746,#747);
#745 = CARTESIAN_POINT('',(6.5,8.,-76.));
#746 = DIRECTION('',(0.,0.707106781187,-0.707106781187));
#747 = DIRECTION('',(1.,0.,0.));
#748 = ADVANCED_FACE('',(#749),#774,.F.);
#749 = FACE_BOUND('',#750,.F.);
#750 = EDGE_LOOP('',(#751,#759,#767,#773));
#751 = ORIENTED_EDGE('',*,*,#752,.F.);
#752 = EDGE_CURVE('',#753,#363,#755,.T.);
#753 = VERTEX_POINT('',#754);
#754 = CARTESIAN_POINT('',(5.5,1.5,-11.08578643762));
#755 = LINE('',#756,#757);
#756 = CARTESIAN_POINT('',(6.713884645254,0.286115354746,-11.58859392084
    ));
#757 = VECTOR('',#758,1.);
#758 = DIRECTION('',(0.678598344546,-0.678598344546,-0.281084637715));
#759 = ORIENTED_EDGE('',*,*,#760,.T.);
#760 = EDGE_CURVE('',#753,#761,#763,.T.);
#761 = VERTEX_POINT('',#762);
#762 = CARTESIAN_POINT('',(5.5,1.5,-68.5));
#763 = LINE('',#764,#765);
#764 = CARTESIAN_POINT('',(5.5,1.5,-11.5));
#765 = VECTOR('',#766,1.);
#766 = DIRECTION('',(0.,0.,-1.));
#767 = ORIENTED_EDGE('',*,*,#768,.F.);
#768 = EDGE_CURVE('',#365,#761,#769,.T.);
#769 = LINE('',#770,#771);
#770 = CARTESIAN_POINT('',(6.25,0.75,-68.5));
#771 = VECTOR('',#772,1.);
#772 = DIRECTION('',(-0.707106781187,0.707106781187,5.8E-16));
#773 = ORIENTED_EDGE('',*,*,#362,.F.);
#774 = PLANE('',#775);
#775 = AXIS2_PLACEMENT_3D('',#776,#777,#778);
#776 = CARTESIAN_POINT('',(6.,1.,-11.5));
#777 = DIRECTION('',(-0.707106781187,-0.707106781187,0.));
#778 = DIRECTION('',(0.,0.,-1.));
#779 = ADVANCED_FACE('',(#780),#798,.T.);
#780 = FACE_BOUND('',#781,.T.);
#781 = EDGE_LOOP('',(#782,#783,#784,#792));
#782 = ORIENTED_EDGE('',*,*,#768,.F.);
#783 = ORIENTED_EDGE('',*,*,#429,.T.);
#784 = ORIENTED_EDGE('',*,*,#785,.T.);
#785 = EDGE_CURVE('',#422,#786,#788,.T.);
#786 = VERTEX_POINT('',#787);
#787 = CARTESIAN_POINT('',(5.5,2.5,-69.5));
#788 = LINE('',#789,#790);
#789 = CARTESIAN_POINT('',(5.75,2.5,-69.75));
#790 = VECTOR('',#791,1.);
#791 = DIRECTION('',(-0.707106781187,-6.92E-15,0.707106781187));
#792 = ORIENTED_EDGE('',*,*,#793,.F.);
#793 = EDGE_CURVE('',#761,#786,#794,.T.);
#794 = LINE('',#795,#796);
#795 = CARTESIAN_POINT('',(5.5,1.5,-68.5));
#796 = VECTOR('',#797,1.);
#797 = DIRECTION('',(7.5E-15,0.707106781187,-0.707106781187));
#798 = PLANE('',#799);
#799 = AXIS2_PLACEMENT_3D('',#800,#801,#802);
#800 = CARTESIAN_POINT('',(6.5,0.5,-68.5));
#801 = DIRECTION('',(0.57735026919,0.57735026919,0.57735026919));
#802 = DIRECTION('',(5.051514762044E-15,0.707106781187,-0.707106781187)
  );
#803 = ADVANCED_FACE('',(#804),#822,.F.);
#804 = FACE_BOUND('',#805,.T.);
#805 = EDGE_LOOP('',(#806,#807,#808,#816));
#806 = ORIENTED_EDGE('',*,*,#785,.F.);
#807 = ORIENTED_EDGE('',*,*,#421,.T.);
#808 = ORIENTED_EDGE('',*,*,#809,.T.);
#809 = EDGE_CURVE('',#414,#810,#812,.T.);
#810 = VERTEX_POINT('',#811);
#811 = CARTESIAN_POINT('',(5.5,7.5,-69.5));
#812 = LINE('',#813,#814);
#813 = CARTESIAN_POINT('',(6.25,7.5,-70.25));
#814 = VECTOR('',#815,1.);
#815 = DIRECTION('',(-0.707106781187,4.33E-15,0.707106781187));
#816 = ORIENTED_EDGE('',*,*,#817,.F.);
#817 = EDGE_CURVE('',#786,#810,#818,.T.);
#818 = LINE('',#819,#820);
#819 = CARTESIAN_POINT('',(5.5,1.5,-69.5));
#820 = VECTOR('',#821,1.);
#821 = DIRECTION('',(0.,1.,-2.2E-16));
#822 = PLANE('',#823);
#823 = AXIS2_PLACEMENT_3D('',#824,#825,#826);
#824 = CARTESIAN_POINT('',(6.,1.5,-70.));
#825 = DIRECTION('',(-0.707106781187,0.,-0.707106781187));
#826 = DIRECTION('',(-1.1E-16,-1.,1.1E-16));
#827 = ADVANCED_FACE('',(#828),#851,.T.);
#828 = FACE_BOUND('',#829,.T.);
#829 = EDGE_LOOP('',(#830,#838,#839,#845));
#830 = ORIENTED_EDGE('',*,*,#831,.F.);
#831 = EDGE_CURVE('',#414,#832,#834,.T.);
#832 = VERTEX_POINT('',#833);
#833 = CARTESIAN_POINT('',(5.5,8.5,-70.5));
#834 = LINE('',#835,#836);
#835 = CARTESIAN_POINT('',(6.25,7.75,-70.5));
#836 = VECTOR('',#837,1.);
#837 = DIRECTION('',(-0.707106781187,0.707106781187,0.));
#838 = ORIENTED_EDGE('',*,*,#413,.T.);
#839 = ORIENTED_EDGE('',*,*,#840,.F.);
#840 = EDGE_CURVE('',#724,#406,#841,.T.);
#841 = LINE('',#842,#843);
#842 = CARTESIAN_POINT('',(6.,8.,-75.5));
#843 = VECTOR('',#844,1.);
#844 = DIRECTION('',(0.707106781187,-0.707106781187,1.35E-15));
#845 = ORIENTED_EDGE('',*,*,#846,.F.);
#846 = EDGE_CURVE('',#832,#724,#847,.T.);
#847 = LINE('',#848,#849);
#848 = CARTESIAN_POINT('',(5.5,8.5,-69.5));
#849 = VECTOR('',#850,1.);
#850 = DIRECTION('',(0.,-2.2E-16,-1.));
#851 = PLANE('',#852);
#852 = AXIS2_PLACEMENT_3D('',#853,#854,#855);
#853 = CARTESIAN_POINT('',(6.,8.,-69.5));
#854 = DIRECTION('',(0.707106781187,0.707106781187,0.));
#855 = DIRECTION('',(1.1E-16,-1.1E-16,-1.));
#856 = ADVANCED_FACE('',(#857),#890,.T.);
#857 = FACE_BOUND('',#858,.T.);
#858 = EDGE_LOOP('',(#859,#867,#875,#883,#889));
#859 = ORIENTED_EDGE('',*,*,#860,.F.);
#860 = EDGE_CURVE('',#861,#373,#863,.T.);
#861 = VERTEX_POINT('',#862);
#862 = CARTESIAN_POINT('',(5.792893218813,-5.207106781187,
    -11.20710678118));
#863 = LINE('',#864,#865);
#864 = CARTESIAN_POINT('',(6.713884645254,-4.286115354746,
    -11.58859392084));
#865 = VECTOR('',#866,1.);
#866 = DIRECTION('',(0.678598344546,0.678598344546,-0.281084637715));
#867 = ORIENTED_EDGE('',*,*,#868,.F.);
#868 = EDGE_CURVE('',#869,#861,#871,.T.);
#869 = VERTEX_POINT('',#870);
#870 = CARTESIAN_POINT('',(5.5,-5.5,-11.5));
#871 = LINE('',#872,#873);
#872 = CARTESIAN_POINT('',(3.902368927062,-7.097631072938,
    -13.09763107293));
#873 = VECTOR('',#874,1.);
#874 = DIRECTION('',(0.57735026919,0.57735026919,0.57735026919));
#875 = ORIENTED_EDGE('',*,*,#876,.T.);
#876 = EDGE_CURVE('',#869,#877,#879,.T.);
#877 = VERTEX_POINT('',#878);
#878 = CARTESIAN_POINT('',(5.5,-5.5,-27.5));
#879 = LINE('',#880,#881);
#880 = CARTESIAN_POINT('',(5.5,-5.5,-11.5));
#881 = VECTOR('',#882,1.);
#882 = DIRECTION('',(0.,0.,-1.));
#883 = ORIENTED_EDGE('',*,*,#884,.F.);
#884 = EDGE_CURVE('',#381,#877,#885,.T.);
#885 = LINE('',#886,#887);
#886 = CARTESIAN_POINT('',(3.166666666667,-7.833333333333,
    -25.16666666666));
#887 = VECTOR('',#888,1.);
#888 = DIRECTION('',(-0.57735026919,-0.57735026919,0.57735026919));
#889 = ORIENTED_EDGE('',*,*,#380,.F.);
#890 = PLANE('',#891);
#891 = AXIS2_PLACEMENT_3D('',#892,#893,#894);
#892 = CARTESIAN_POINT('',(6.,-5.,-11.5));
#893 = DIRECTION('',(0.707106781187,-0.707106781187,0.));
#894 = DIRECTION('',(0.,0.,-1.));
#895 = ADVANCED_FACE('',(#896),#953,.T.);
#896 = FACE_BOUND('',#897,.T.);
#897 = EDGE_LOOP('',(#898,#899,#907,#915,#923,#931,#939,#947));
#898 = ORIENTED_EDGE('',*,*,#372,.F.);
#899 = ORIENTED_EDGE('',*,*,#900,.F.);
#900 = EDGE_CURVE('',#901,#363,#903,.T.);
#901 = VERTEX_POINT('',#902);
#902 = CARTESIAN_POINT('',(10.792893218813,0.5,-7.207106781187));
#903 = LINE('',#904,#905);
#904 = CARTESIAN_POINT('',(11.5,0.5,-6.5));
#905 = VECTOR('',#906,1.);
#906 = DIRECTION('',(-0.707106781187,-0.,-0.707106781187));
#907 = ORIENTED_EDGE('',*,*,#908,.T.);
#908 = EDGE_CURVE('',#901,#909,#911,.T.);
#909 = VERTEX_POINT('',#910);
#910 = CARTESIAN_POINT('',(10.792893218813,-4.5,-7.207106781187));
#911 = LINE('',#912,#913);
#912 = CARTESIAN_POINT('',(10.792893218813,1.5,-7.207106781187));
#913 = VECTOR('',#914,1.);
#914 = DIRECTION('',(0.,-1.,0.));
#915 = ORIENTED_EDGE('',*,*,#916,.T.);
#916 = EDGE_CURVE('',#909,#917,#919,.T.);
#917 = VERTEX_POINT('',#918);
#918 = CARTESIAN_POINT('',(10.5,-4.5,-7.5));
#919 = LINE('',#920,#921);
#920 = CARTESIAN_POINT('',(11.5,-4.5,-6.5));
#921 = VECTOR('',#922,1.);
#922 = DIRECTION('',(-0.707106781187,0.,-0.707106781187));
#923 = ORIENTED_EDGE('',*,*,#924,.F.);
#924 = EDGE_CURVE('',#925,#917,#927,.T.);
#925 = VERTEX_POINT('',#926);
#926 = CARTESIAN_POINT('',(10.5,-3.5,-7.5));
#927 = LINE('',#928,#929);
#928 = CARTESIAN_POINT('',(10.5,-2.,-7.5));
#929 = VECTOR('',#930,1.);
#930 = DIRECTION('',(3.E-17,-1.,2.2E-16));
#931 = ORIENTED_EDGE('',*,*,#932,.F.);
#932 = EDGE_CURVE('',#933,#925,#935,.T.);
#933 = VERTEX_POINT('',#934);
#934 = CARTESIAN_POINT('',(7.5,-3.5,-10.5));
#935 = LINE('',#936,#937);
#936 = CARTESIAN_POINT('',(3.875868543907,-3.5,-14.12413145609));
#937 = VECTOR('',#938,1.);
#938 = DIRECTION('',(0.707106781187,1.6E-16,0.707106781187));
#939 = ORIENTED_EDGE('',*,*,#940,.F.);
#940 = EDGE_CURVE('',#941,#933,#943,.T.);
#941 = VERTEX_POINT('',#942);
#942 = CARTESIAN_POINT('',(7.5,-4.5,-10.5));
#943 = LINE('',#944,#945);
#944 = CARTESIAN_POINT('',(7.5,-2.,-10.5));
#945 = VECTOR('',#946,1.);
#946 = DIRECTION('',(-3.E-17,1.,-2.2E-16));
#947 = ORIENTED_EDGE('',*,*,#948,.T.);
#948 = EDGE_CURVE('',#941,#373,#949,.T.);
#949 = LINE('',#950,#951);
#950 = CARTESIAN_POINT('',(11.5,-4.5,-6.5));
#951 = VECTOR('',#952,1.);
#952 = DIRECTION('',(-0.707106781187,0.,-0.707106781187));
#953 = PLANE('',#954);
#954 = AXIS2_PLACEMENT_3D('',#955,#956,#957);
#955 = CARTESIAN_POINT('',(9.,1.5,-9.));
#956 = DIRECTION('',(0.707106781187,-1.4E-16,-0.707106781187));
#957 = DIRECTION('',(-9.899494936612E-17,-1.,9.899494936612E-17));
#958 = ADVANCED_FACE('',(#959),#964,.T.);
#959 = FACE_BOUND('',#960,.T.);
#960 = EDGE_LOOP('',(#961,#962,#963));
#961 = ORIENTED_EDGE('',*,*,#737,.F.);
#962 = ORIENTED_EDGE('',*,*,#445,.T.);
#963 = ORIENTED_EDGE('',*,*,#550,.F.);
#964 = PLANE('',#965);
#965 = AXIS2_PLACEMENT_3D('',#966,#967,#968);
#966 = CARTESIAN_POINT('',(-5.5,7.5,-76.5));
#967 = DIRECTION('',(-0.57735026919,0.57735026919,-0.57735026919));
#968 = DIRECTION('',(-0.707106781187,-0.707106781187,-2.775557561563E-17
    ));
#969 = ADVANCED_FACE('',(#970),#980,.T.);
#970 = FACE_BOUND('',#971,.F.);
#971 = EDGE_LOOP('',(#972,#973,#974));
#972 = ORIENTED_EDGE('',*,*,#460,.T.);
#973 = ORIENTED_EDGE('',*,*,#644,.F.);
#974 = ORIENTED_EDGE('',*,*,#975,.F.);
#975 = EDGE_CURVE('',#461,#645,#976,.T.);
#976 = LINE('',#977,#978);
#977 = CARTESIAN_POINT('',(-8.770976571635,-3.97354426657,-9.97354426657
    ));
#978 = VECTOR('',#979,1.);
#979 = DIRECTION('',(-0.862856209461,0.357406744337,0.357406744337));
#980 = PLANE('',#981);
#981 = AXIS2_PLACEMENT_3D('',#982,#983,#984);
#982 = CARTESIAN_POINT('',(-11.1464466094,-5.,-6.146446609407));
#983 = DIRECTION('',(-0.5,-0.707106781187,-0.5));
#984 = DIRECTION('',(-0.707106781187,5.551115123126E-17,0.707106781187)
  );
#985 = ADVANCED_FACE('',(#986),#1009,.F.);
#986 = FACE_BOUND('',#987,.T.);
#987 = EDGE_LOOP('',(#988,#989,#995,#996,#1002,#1008));
#988 = ORIENTED_EDGE('',*,*,#468,.F.);
#989 = ORIENTED_EDGE('',*,*,#990,.T.);
#990 = EDGE_CURVE('',#469,#869,#991,.T.);
#991 = LINE('',#992,#993);
#992 = CARTESIAN_POINT('',(-6.085786437627,-5.5,-11.5));
#993 = VECTOR('',#994,1.);
#994 = DIRECTION('',(1.,0.,0.));
#995 = ORIENTED_EDGE('',*,*,#868,.T.);
#996 = ORIENTED_EDGE('',*,*,#997,.T.);
#997 = EDGE_CURVE('',#861,#941,#998,.T.);
#998 = LINE('',#999,#1000);
#999 = CARTESIAN_POINT('',(4.239981751954,-5.850343771924,
    -11.85034377192));
#1000 = VECTOR('',#1001,1.);
#1001 = DIRECTION('',(0.862856209461,0.357406744337,0.357406744337));
#1002 = ORIENTED_EDGE('',*,*,#1003,.F.);
#1003 = EDGE_CURVE('',#645,#941,#1004,.T.);
#1004 = LINE('',#1005,#1006);
#1005 = CARTESIAN_POINT('',(-6.085786437627,-4.5,-10.5));
#1006 = VECTOR('',#1007,1.);
#1007 = DIRECTION('',(1.,0.,0.));
#1008 = ORIENTED_EDGE('',*,*,#975,.F.);
#1009 = PLANE('',#1010);
#1010 = AXIS2_PLACEMENT_3D('',#1011,#1012,#1013);
#1011 = CARTESIAN_POINT('',(-6.085786437627,-5.,-11.));
#1012 = DIRECTION('',(0.,0.707106781187,-0.707106781187));
#1013 = DIRECTION('',(-1.,-0.,-0.));
#1014 = ADVANCED_FACE('',(#1015,#1026,#1037),#1048,.T.);
#1015 = FACE_BOUND('',#1016,.T.);
#1016 = EDGE_LOOP('',(#1017,#1018,#1024,#1025));
#1017 = ORIENTED_EDGE('',*,*,#476,.T.);
#1018 = ORIENTED_EDGE('',*,*,#1019,.F.);
#1019 = EDGE_CURVE('',#877,#477,#1020,.T.);
#1020 = LINE('',#1021,#1022);
#1021 = CARTESIAN_POINT('',(5.5,-5.5,-27.5));
#1022 = VECTOR('',#1023,1.);
#1023 = DIRECTION('',(-1.,0.,0.));
#1024 = ORIENTED_EDGE('',*,*,#876,.F.);
#1025 = ORIENTED_EDGE('',*,*,#990,.F.);
#1026 = FACE_BOUND('',#1027,.T.);
#1027 = EDGE_LOOP('',(#1028));
#1028 = ORIENTED_EDGE('',*,*,#1029,.F.);
#1029 = EDGE_CURVE('',#1030,#1030,#1032,.T.);
#1030 = VERTEX_POINT('',#1031);
#1031 = CARTESIAN_POINT('',(1.,-5.5,-16.5));
#1032 = CIRCLE('',#1033,1.);
#1033 = AXIS2_PLACEMENT_3D('',#1034,#1035,#1036);
#1034 = CARTESIAN_POINT('',(0.,-5.5,-16.5));
#1035 = DIRECTION('',(0.,-1.,0.));
#1036 = DIRECTION('',(1.,0.,0.));
#1037 = FACE_BOUND('',#1038,.T.);
#1038 = EDGE_LOOP('',(#1039));
#1039 = ORIENTED_EDGE('',*,*,#1040,.F.);
#1040 = EDGE_CURVE('',#1041,#1041,#1043,.T.);
#1041 = VERTEX_POINT('',#1042);
#1042 = CARTESIAN_POINT('',(1.,-5.5,-25.5));
#1043 = CIRCLE('',#1044,1.);
#1044 = AXIS2_PLACEMENT_3D('',#1045,#1046,#1047);
#1045 = CARTESIAN_POINT('',(0.,-5.5,-25.5));
#1046 = DIRECTION('',(0.,-1.,0.));
#1047 = DIRECTION('',(1.,0.,0.));
#1048 = PLANE('',#1049);
#1049 = AXIS2_PLACEMENT_3D('',#1050,#1051,#1052);
#1050 = CARTESIAN_POINT('',(0.,-5.5,-27.76859504132));
#1051 = DIRECTION('',(-0.,-1.,-0.));
#1052 = DIRECTION('',(0.,0.,-1.));
#1053 = ADVANCED_FACE('',(#1054),#1060,.F.);
#1054 = FACE_BOUND('',#1055,.F.);
#1055 = EDGE_LOOP('',(#1056,#1057,#1058,#1059));
#1056 = ORIENTED_EDGE('',*,*,#884,.F.);
#1057 = ORIENTED_EDGE('',*,*,#499,.T.);
#1058 = ORIENTED_EDGE('',*,*,#484,.T.);
#1059 = ORIENTED_EDGE('',*,*,#1019,.F.);
#1060 = PLANE('',#1061);
#1061 = AXIS2_PLACEMENT_3D('',#1062,#1063,#1064);
#1062 = CARTESIAN_POINT('',(5.5,-5.,-28.));
#1063 = DIRECTION('',(0.,0.707106781187,0.707106781187));
#1064 = DIRECTION('',(-1.,0.,0.));
#1065 = ADVANCED_FACE('',(#1066),#1076,.F.);
#1066 = FACE_BOUND('',#1067,.F.);
#1067 = EDGE_LOOP('',(#1068,#1074,#1075));
#1068 = ORIENTED_EDGE('',*,*,#1069,.F.);
#1069 = EDGE_CURVE('',#574,#535,#1070,.T.);
#1070 = LINE('',#1071,#1072);
#1071 = CARTESIAN_POINT('',(-5.5,7.75,-69.75));
#1072 = VECTOR('',#1073,1.);
#1073 = DIRECTION('',(3.08E-15,0.707106781187,-0.707106781187));
#1074 = ORIENTED_EDGE('',*,*,#573,.T.);
#1075 = ORIENTED_EDGE('',*,*,#534,.F.);
#1076 = PLANE('',#1077);
#1077 = AXIS2_PLACEMENT_3D('',#1078,#1079,#1080);
#1078 = CARTESIAN_POINT('',(-5.5,7.5,-69.5));
#1079 = DIRECTION('',(0.57735026919,-0.57735026919,-0.57735026919));
#1080 = DIRECTION('',(-0.707106781187,-0.707106781187,0.));
#1081 = ADVANCED_FACE('',(#1082),#1093,.T.);
#1082 = FACE_BOUND('',#1083,.T.);
#1083 = EDGE_LOOP('',(#1084,#1085,#1091,#1092));
#1084 = ORIENTED_EDGE('',*,*,#542,.T.);
#1085 = ORIENTED_EDGE('',*,*,#1086,.T.);
#1086 = EDGE_CURVE('',#535,#832,#1087,.T.);
#1087 = LINE('',#1088,#1089);
#1088 = CARTESIAN_POINT('',(-6.5,8.5,-70.5));
#1089 = VECTOR('',#1090,1.);
#1090 = DIRECTION('',(1.,0.,0.));
#1091 = ORIENTED_EDGE('',*,*,#846,.T.);
#1092 = ORIENTED_EDGE('',*,*,#731,.T.);
#1093 = PLANE('',#1094);
#1094 = AXIS2_PLACEMENT_3D('',#1095,#1096,#1097);
#1095 = CARTESIAN_POINT('',(0.,8.5,-73.));
#1096 = DIRECTION('',(0.,1.,0.));
#1097 = DIRECTION('',(0.,0.,1.));
#1098 = ADVANCED_FACE('',(#1099),#1115,.F.);
#1099 = FACE_BOUND('',#1100,.F.);
#1100 = EDGE_LOOP('',(#1101,#1107,#1108,#1114));
#1101 = ORIENTED_EDGE('',*,*,#1102,.T.);
#1102 = EDGE_CURVE('',#574,#810,#1103,.T.);
#1103 = LINE('',#1104,#1105);
#1104 = CARTESIAN_POINT('',(-6.5,7.5,-69.5));
#1105 = VECTOR('',#1106,1.);
#1106 = DIRECTION('',(1.,0.,0.));
#1107 = ORIENTED_EDGE('',*,*,#817,.F.);
#1108 = ORIENTED_EDGE('',*,*,#1109,.F.);
#1109 = EDGE_CURVE('',#565,#786,#1110,.T.);
#1110 = LINE('',#1111,#1112);
#1111 = CARTESIAN_POINT('',(-6.5,2.5,-69.5));
#1112 = VECTOR('',#1113,1.);
#1113 = DIRECTION('',(1.,0.,0.));
#1114 = ORIENTED_EDGE('',*,*,#581,.T.);
#1115 = PLANE('',#1116);
#1116 = AXIS2_PLACEMENT_3D('',#1117,#1118,#1119);
#1117 = CARTESIAN_POINT('',(-6.5,1.5,-69.5));
#1118 = DIRECTION('',(0.,-2.2E-16,-1.));
#1119 = DIRECTION('',(1.,0.,0.));
#1120 = ADVANCED_FACE('',(#1121),#1132,.F.);
#1121 = FACE_BOUND('',#1122,.T.);
#1122 = EDGE_LOOP('',(#1123,#1129,#1130,#1131));
#1123 = ORIENTED_EDGE('',*,*,#1124,.T.);
#1124 = EDGE_CURVE('',#596,#761,#1125,.T.);
#1125 = LINE('',#1126,#1127);
#1126 = CARTESIAN_POINT('',(-6.5,1.5,-68.5));
#1127 = VECTOR('',#1128,1.);
#1128 = DIRECTION('',(1.,0.,0.));
#1129 = ORIENTED_EDGE('',*,*,#793,.T.);
#1130 = ORIENTED_EDGE('',*,*,#1109,.F.);
#1131 = ORIENTED_EDGE('',*,*,#605,.F.);
#1132 = PLANE('',#1133);
#1133 = AXIS2_PLACEMENT_3D('',#1134,#1135,#1136);
#1134 = CARTESIAN_POINT('',(-6.5,2.,-69.));
#1135 = DIRECTION('',(0.,-0.707106781187,-0.707106781187));
#1136 = DIRECTION('',(-1.,-0.,-0.));
#1137 = ADVANCED_FACE('',(#1138),#1155,.F.);
#1138 = FACE_BOUND('',#1139,.T.);
#1139 = EDGE_LOOP('',(#1140,#1148,#1149,#1150));
#1140 = ORIENTED_EDGE('',*,*,#1141,.T.);
#1141 = EDGE_CURVE('',#1142,#620,#1144,.T.);
#1142 = VERTEX_POINT('',#1143);
#1143 = CARTESIAN_POINT('',(-9.085786437627,1.5,-7.5));
#1144 = LINE('',#1145,#1146);
#1145 = CARTESIAN_POINT('',(-10.79289321881,1.5,-5.792893218813));
#1146 = VECTOR('',#1147,1.);
#1147 = DIRECTION('',(0.707106781187,0.,-0.707106781187));
#1148 = ORIENTED_EDGE('',*,*,#619,.T.);
#1149 = ORIENTED_EDGE('',*,*,#692,.F.);
#1150 = ORIENTED_EDGE('',*,*,#1151,.F.);
#1151 = EDGE_CURVE('',#1142,#685,#1152,.T.);
#1152 = B_SPLINE_CURVE_WITH_KNOTS('',1,(#1153,#1154),.UNSPECIFIED.,.F.,
  .F.,(2,2),(0.,1.),.PIECEWISE_BEZIER_KNOTS.);
#1153 = CARTESIAN_POINT('',(-9.085786437627,1.5,-7.5));
#1154 = CARTESIAN_POINT('',(-10.79289321881,0.5,-7.207106781187));
#1155 = PLANE('',#1156);
#1156 = AXIS2_PLACEMENT_3D('',#1157,#1158,#1159);
#1157 = CARTESIAN_POINT('',(-11.1464466094,1.,-6.146446609407));
#1158 = DIRECTION('',(0.5,-0.707106781187,0.5));
#1159 = DIRECTION('',(-0.707106781187,-5.551115123126E-17,0.707106781187
    ));
#1160 = ADVANCED_FACE('',(#1161,#1181,#1231),#1281,.F.);
#1161 = FACE_BOUND('',#1162,.F.);
#1162 = EDGE_LOOP('',(#1163,#1164,#1165,#1173,#1179,#1180));
#1163 = ORIENTED_EDGE('',*,*,#1124,.T.);
#1164 = ORIENTED_EDGE('',*,*,#760,.F.);
#1165 = ORIENTED_EDGE('',*,*,#1166,.F.);
#1166 = EDGE_CURVE('',#1167,#753,#1169,.T.);
#1167 = VERTEX_POINT('',#1168);
#1168 = CARTESIAN_POINT('',(9.085786437627,1.5,-7.5));
#1169 = LINE('',#1170,#1171);
#1170 = CARTESIAN_POINT('',(10.792893218813,1.5,-5.792893218813));
#1171 = VECTOR('',#1172,1.);
#1172 = DIRECTION('',(-0.707106781187,-0.,-0.707106781187));
#1173 = ORIENTED_EDGE('',*,*,#1174,.F.);
#1174 = EDGE_CURVE('',#1142,#1167,#1175,.T.);
#1175 = LINE('',#1176,#1177);
#1176 = CARTESIAN_POINT('',(-11.5,1.5,-7.5));
#1177 = VECTOR('',#1178,1.);
#1178 = DIRECTION('',(1.,0.,0.));
#1179 = ORIENTED_EDGE('',*,*,#1141,.T.);
#1180 = ORIENTED_EDGE('',*,*,#627,.T.);
#1181 = FACE_BOUND('',#1182,.F.);
#1182 = EDGE_LOOP('',(#1183,#1193,#1201,#1209,#1217,#1225));
#1183 = ORIENTED_EDGE('',*,*,#1184,.T.);
#1184 = EDGE_CURVE('',#1185,#1187,#1189,.T.);
#1185 = VERTEX_POINT('',#1186);
#1186 = CARTESIAN_POINT('',(-1.18356805183,1.5,-23.45000000001));
#1187 = VERTEX_POINT('',#1188);
#1188 = CARTESIAN_POINT('',(1.18356805183,1.5,-23.45000000001));
#1189 = LINE('',#1190,#1191);
#1190 = CARTESIAN_POINT('',(-1.18356805183,1.5,-23.45000000001));
#1191 = VECTOR('',#1192,1.);
#1192 = DIRECTION('',(1.,0.,0.));
#1193 = ORIENTED_EDGE('',*,*,#1194,.T.);
#1194 = EDGE_CURVE('',#1187,#1195,#1197,.T.);
#1195 = VERTEX_POINT('',#1196);
#1196 = CARTESIAN_POINT('',(2.36713610368,1.5,-25.50000000002));
#1197 = LINE('',#1198,#1199);
#1198 = CARTESIAN_POINT('',(1.18356805183,1.5,-23.45000000001));
#1199 = VECTOR('',#1200,1.);
#1200 = DIRECTION('',(0.500000000002,0.,-0.866025403783));
#1201 = ORIENTED_EDGE('',*,*,#1202,.T.);
#1202 = EDGE_CURVE('',#1195,#1203,#1205,.T.);
#1203 = VERTEX_POINT('',#1204);
#1204 = CARTESIAN_POINT('',(1.183568051829,1.5,-27.54999999999));
#1205 = LINE('',#1206,#1207);
#1206 = CARTESIAN_POINT('',(2.36713610368,1.5,-25.50000000002));
#1207 = VECTOR('',#1208,1.);
#1208 = DIRECTION('',(-0.500000000008,0.,-0.86602540378));
#1209 = ORIENTED_EDGE('',*,*,#1210,.T.);
#1210 = EDGE_CURVE('',#1203,#1211,#1213,.T.);
#1211 = VERTEX_POINT('',#1212);
#1212 = CARTESIAN_POINT('',(-1.183568051839,1.5,-27.55000000001));
#1213 = LINE('',#1214,#1215);
#1214 = CARTESIAN_POINT('',(1.183568051829,1.5,-27.54999999999));
#1215 = VECTOR('',#1216,1.);
#1216 = DIRECTION('',(-1.,0.,-6.23453E-12));
#1217 = ORIENTED_EDGE('',*,*,#1218,.T.);
#1218 = EDGE_CURVE('',#1211,#1219,#1221,.T.);
#1219 = VERTEX_POINT('',#1220);
#1220 = CARTESIAN_POINT('',(-2.367136103668,1.5,-25.49999999999));
#1221 = LINE('',#1222,#1223);
#1222 = CARTESIAN_POINT('',(-1.183568051839,1.5,-27.55000000001));
#1223 = VECTOR('',#1224,1.);
#1224 = DIRECTION('',(-0.499999999994,0.,0.866025403788));
#1225 = ORIENTED_EDGE('',*,*,#1226,.T.);
#1226 = EDGE_CURVE('',#1219,#1185,#1227,.T.);
#1227 = LINE('',#1228,#1229);
#1228 = CARTESIAN_POINT('',(-2.367136103668,1.5,-25.49999999999));
#1229 = VECTOR('',#1230,1.);
#1230 = DIRECTION('',(0.500000000003,0.,0.866025403783));
#1231 = FACE_BOUND('',#1232,.F.);
#1232 = EDGE_LOOP('',(#1233,#1243,#1251,#1259,#1267,#1275));
#1233 = ORIENTED_EDGE('',*,*,#1234,.T.);
#1234 = EDGE_CURVE('',#1235,#1237,#1239,.T.);
#1235 = VERTEX_POINT('',#1236);
#1236 = CARTESIAN_POINT('',(-1.183568051831,1.5,-14.45000000001));
#1237 = VERTEX_POINT('',#1238);
#1238 = CARTESIAN_POINT('',(1.183568051831,1.5,-14.45000000001));
#1239 = LINE('',#1240,#1241);
#1240 = CARTESIAN_POINT('',(-1.183568051831,1.5,-14.45000000001));
#1241 = VECTOR('',#1242,1.);
#1242 = DIRECTION('',(1.,0.,0.));
#1243 = ORIENTED_EDGE('',*,*,#1244,.T.);
#1244 = EDGE_CURVE('',#1237,#1245,#1247,.T.);
#1245 = VERTEX_POINT('',#1246);
#1246 = CARTESIAN_POINT('',(2.367136103682,1.5,-16.50000000001));
#1247 = LINE('',#1248,#1249);
#1248 = CARTESIAN_POINT('',(1.183568051831,1.5,-14.45000000001));
#1249 = VECTOR('',#1250,1.);
#1250 = DIRECTION('',(0.500000000003,0.,-0.866025403783));
#1251 = ORIENTED_EDGE('',*,*,#1252,.T.);
#1252 = EDGE_CURVE('',#1245,#1253,#1255,.T.);
#1253 = VERTEX_POINT('',#1254);
#1254 = CARTESIAN_POINT('',(1.183568051832,1.5,-18.54999999999));
#1255 = LINE('',#1256,#1257);
#1256 = CARTESIAN_POINT('',(2.367136103682,1.5,-16.50000000001));
#1257 = VECTOR('',#1258,1.);
#1258 = DIRECTION('',(-0.500000000007,0.,-0.86602540378));
#1259 = ORIENTED_EDGE('',*,*,#1260,.T.);
#1260 = EDGE_CURVE('',#1253,#1261,#1263,.T.);
#1261 = VERTEX_POINT('',#1262);
#1262 = CARTESIAN_POINT('',(-1.183568051843,1.5,-18.55000000001));
#1263 = LINE('',#1264,#1265);
#1264 = CARTESIAN_POINT('',(1.183568051832,1.5,-18.54999999999));
#1265 = VECTOR('',#1266,1.);
#1266 = DIRECTION('',(-1.,0.,-7.48924E-12));
#1267 = ORIENTED_EDGE('',*,*,#1268,.T.);
#1268 = EDGE_CURVE('',#1261,#1269,#1271,.T.);
#1269 = VERTEX_POINT('',#1270);
#1270 = CARTESIAN_POINT('',(-2.367136103668,1.5,-16.49999999999));
#1271 = LINE('',#1272,#1273);
#1272 = CARTESIAN_POINT('',(-1.183568051843,1.5,-18.55000000001));
#1273 = VECTOR('',#1274,1.);
#1274 = DIRECTION('',(-0.499999999992,0.,0.866025403789));
#1275 = ORIENTED_EDGE('',*,*,#1276,.T.);
#1276 = EDGE_CURVE('',#1269,#1235,#1277,.T.);
#1277 = LINE('',#1278,#1279);
#1278 = CARTESIAN_POINT('',(-2.367136103668,1.5,-16.49999999999));
#1279 = VECTOR('',#1280,1.);
#1280 = DIRECTION('',(0.500000000003,0.,0.866025403783));
#1281 = PLANE('',#1282);
#1282 = AXIS2_PLACEMENT_3D('',#1283,#1284,#1285);
#1283 = CARTESIAN_POINT('',(-6.5,1.5,-6.5));
#1284 = DIRECTION('',(0.,-1.,0.));
#1285 = DIRECTION('',(1.,0.,0.));
#1286 = ADVANCED_FACE('',(#1287),#1311,.T.);
#1287 = FACE_BOUND('',#1288,.T.);
#1288 = EDGE_LOOP('',(#1289,#1299,#1304,#1305));
#1289 = ORIENTED_EDGE('',*,*,#1290,.T.);
#1290 = EDGE_CURVE('',#1291,#1293,#1295,.T.);
#1291 = VERTEX_POINT('',#1292);
#1292 = CARTESIAN_POINT('',(-12.5,-4.5,-6.5));
#1293 = VERTEX_POINT('',#1294);
#1294 = CARTESIAN_POINT('',(-12.5,0.5,-6.5));
#1295 = LINE('',#1296,#1297);
#1296 = CARTESIAN_POINT('',(-12.5,-5.5,-6.5));
#1297 = VECTOR('',#1298,1.);
#1298 = DIRECTION('',(0.,1.,0.));
#1299 = ORIENTED_EDGE('',*,*,#1300,.T.);
#1300 = EDGE_CURVE('',#1293,#685,#1301,.T.);
#1301 = B_SPLINE_CURVE_WITH_KNOTS('',1,(#1302,#1303),.UNSPECIFIED.,.F.,
  .F.,(2,2),(0.,1.),.PIECEWISE_BEZIER_KNOTS.);
#1302 = CARTESIAN_POINT('',(-12.5,0.5,-6.5));
#1303 = CARTESIAN_POINT('',(-10.79289321881,0.5,-7.207106781187));
#1304 = ORIENTED_EDGE('',*,*,#684,.F.);
#1305 = ORIENTED_EDGE('',*,*,#1306,.T.);
#1306 = EDGE_CURVE('',#677,#1291,#1307,.T.);
#1307 = LINE('',#1308,#1309);
#1308 = CARTESIAN_POINT('',(-11.04289321881,-4.5,-7.103553390593));
#1309 = VECTOR('',#1310,1.);
#1310 = DIRECTION('',(-0.923879532511,4.9E-16,0.382683432365));
#1311 = PLANE('',#1312);
#1312 = AXIS2_PLACEMENT_3D('',#1313,#1314,#1315);
#1313 = CARTESIAN_POINT('',(-11.6464466094,-5.5,-6.853553390593));
#1314 = DIRECTION('',(-0.382683432365,-2.5E-16,-0.923879532511));
#1315 = DIRECTION('',(-9.970891731415E-17,1.,-2.29297264232E-16));
#1316 = ADVANCED_FACE('',(#1317),#1334,.T.);
#1317 = FACE_BOUND('',#1318,.F.);
#1318 = EDGE_LOOP('',(#1319,#1327,#1328));
#1319 = ORIENTED_EDGE('',*,*,#1320,.F.);
#1320 = EDGE_CURVE('',#669,#1321,#1323,.T.);
#1321 = VERTEX_POINT('',#1322);
#1322 = CARTESIAN_POINT('',(-10.08578643762,-5.5,-6.5));
#1323 = LINE('',#1324,#1325);
#1324 = CARTESIAN_POINT('',(-9.479666407797,-6.963303196441,
    -5.036696803559));
#1325 = VECTOR('',#1326,1.);
#1326 = DIRECTION('',(0.281084637715,-0.678598344546,0.678598344546));
#1327 = ORIENTED_EDGE('',*,*,#676,.F.);
#1328 = ORIENTED_EDGE('',*,*,#1329,.F.);
#1329 = EDGE_CURVE('',#1321,#677,#1330,.T.);
#1330 = LINE('',#1331,#1332);
#1331 = CARTESIAN_POINT('',(-10.26256313292,-5.25,-6.676776695297));
#1332 = VECTOR('',#1333,1.);
#1333 = DIRECTION('',(-0.5,0.707106781187,-0.5));
#1334 = PLANE('',#1335);
#1335 = AXIS2_PLACEMENT_3D('',#1336,#1337,#1338);
#1336 = CARTESIAN_POINT('',(-11.1464466094,-5.,-6.146446609407));
#1337 = DIRECTION('',(-0.5,-0.707106781187,-0.5));
#1338 = DIRECTION('',(-0.707106781187,5.551115123126E-17,0.707106781187)
  );
#1339 = ADVANCED_FACE('',(#1340),#1356,.F.);
#1340 = FACE_BOUND('',#1341,.F.);
#1341 = EDGE_LOOP('',(#1342,#1348,#1349,#1355));
#1342 = ORIENTED_EDGE('',*,*,#1343,.F.);
#1343 = EDGE_CURVE('',#917,#669,#1344,.T.);
#1344 = LINE('',#1345,#1346);
#1345 = CARTESIAN_POINT('',(9.085786437627,-4.5,-7.5));
#1346 = VECTOR('',#1347,1.);
#1347 = DIRECTION('',(-1.,0.,0.));
#1348 = ORIENTED_EDGE('',*,*,#924,.F.);
#1349 = ORIENTED_EDGE('',*,*,#1350,.T.);
#1350 = EDGE_CURVE('',#925,#661,#1351,.T.);
#1351 = LINE('',#1352,#1353);
#1352 = CARTESIAN_POINT('',(19.,-3.5,-7.5));
#1353 = VECTOR('',#1354,1.);
#1354 = DIRECTION('',(-1.,0.,0.));
#1355 = ORIENTED_EDGE('',*,*,#668,.F.);
#1356 = PLANE('',#1357);
#1357 = AXIS2_PLACEMENT_3D('',#1358,#1359,#1360);
#1358 = CARTESIAN_POINT('',(19.,-5.5,-7.5));
#1359 = DIRECTION('',(0.,2.2E-16,1.));
#1360 = DIRECTION('',(-1.,0.,0.));
#1361 = ADVANCED_FACE('',(#1362),#1373,.F.);
#1362 = FACE_BOUND('',#1363,.F.);
#1363 = EDGE_LOOP('',(#1364,#1365,#1366,#1367));
#1364 = ORIENTED_EDGE('',*,*,#660,.F.);
#1365 = ORIENTED_EDGE('',*,*,#1350,.F.);
#1366 = ORIENTED_EDGE('',*,*,#932,.F.);
#1367 = ORIENTED_EDGE('',*,*,#1368,.F.);
#1368 = EDGE_CURVE('',#653,#933,#1369,.T.);
#1369 = LINE('',#1370,#1371);
#1370 = CARTESIAN_POINT('',(-19.,-3.5,-10.5));
#1371 = VECTOR('',#1372,1.);
#1372 = DIRECTION('',(1.,0.,0.));
#1373 = PLANE('',#1374);
#1374 = AXIS2_PLACEMENT_3D('',#1375,#1376,#1377);
#1375 = CARTESIAN_POINT('',(3.02E-15,-3.5,-20.49652582437));
#1376 = DIRECTION('',(0.,1.,-2.2E-16));
#1377 = DIRECTION('',(0.,2.2E-16,1.));
#1378 = ADVANCED_FACE('',(#1379),#1385,.F.);
#1379 = FACE_BOUND('',#1380,.F.);
#1380 = EDGE_LOOP('',(#1381,#1382,#1383,#1384));
#1381 = ORIENTED_EDGE('',*,*,#1003,.F.);
#1382 = ORIENTED_EDGE('',*,*,#652,.F.);
#1383 = ORIENTED_EDGE('',*,*,#1368,.T.);
#1384 = ORIENTED_EDGE('',*,*,#940,.F.);
#1385 = PLANE('',#1386);
#1386 = AXIS2_PLACEMENT_3D('',#1387,#1388,#1389);
#1387 = CARTESIAN_POINT('',(-19.,-5.5,-10.5));
#1388 = DIRECTION('',(0.,-2.2E-16,-1.));
#1389 = DIRECTION('',(1.,0.,0.));
#1390 = ADVANCED_FACE('',(#1391),#1396,.F.);
#1391 = FACE_BOUND('',#1392,.F.);
#1392 = EDGE_LOOP('',(#1393,#1394,#1395));
#1393 = ORIENTED_EDGE('',*,*,#723,.F.);
#1394 = ORIENTED_EDGE('',*,*,#706,.T.);
#1395 = ORIENTED_EDGE('',*,*,#840,.F.);
#1396 = PLANE('',#1397);
#1397 = AXIS2_PLACEMENT_3D('',#1398,#1399,#1400);
#1398 = CARTESIAN_POINT('',(5.5,7.5,-76.5));
#1399 = DIRECTION('',(-0.57735026919,-0.57735026919,0.57735026919));
#1400 = DIRECTION('',(0.707106781187,-0.707106781187,2.775557561563E-17)
  );
#1401 = ADVANCED_FACE('',(#1402),#1412,.F.);
#1402 = FACE_BOUND('',#1403,.T.);
#1403 = EDGE_LOOP('',(#1404,#1405,#1406,#1407));
#1404 = ORIENTED_EDGE('',*,*,#900,.T.);
#1405 = ORIENTED_EDGE('',*,*,#752,.F.);
#1406 = ORIENTED_EDGE('',*,*,#1166,.F.);
#1407 = ORIENTED_EDGE('',*,*,#1408,.T.);
#1408 = EDGE_CURVE('',#1167,#901,#1409,.T.);
#1409 = B_SPLINE_CURVE_WITH_KNOTS('',1,(#1410,#1411),.UNSPECIFIED.,.F.,
  .F.,(2,2),(0.,1.),.PIECEWISE_BEZIER_KNOTS.);
#1410 = CARTESIAN_POINT('',(9.085786437627,1.5,-7.5));
#1411 = CARTESIAN_POINT('',(10.792893218813,0.5,-7.207106781187));
#1412 = PLANE('',#1413);
#1413 = AXIS2_PLACEMENT_3D('',#1414,#1415,#1416);
#1414 = CARTESIAN_POINT('',(11.146446609407,1.,-6.146446609407));
#1415 = DIRECTION('',(-0.5,-0.707106781187,0.5));
#1416 = DIRECTION('',(0.707106781187,-5.551115123126E-17,0.707106781187)
  );
#1417 = ADVANCED_FACE('',(#1418),#1428,.F.);
#1418 = FACE_BOUND('',#1419,.F.);
#1419 = EDGE_LOOP('',(#1420,#1421,#1422));
#1420 = ORIENTED_EDGE('',*,*,#831,.F.);
#1421 = ORIENTED_EDGE('',*,*,#809,.T.);
#1422 = ORIENTED_EDGE('',*,*,#1423,.F.);
#1423 = EDGE_CURVE('',#832,#810,#1424,.T.);
#1424 = LINE('',#1425,#1426);
#1425 = CARTESIAN_POINT('',(5.5,8.,-70.));
#1426 = VECTOR('',#1427,1.);
#1427 = DIRECTION('',(4.33E-15,-0.707106781187,0.707106781187));
#1428 = PLANE('',#1429);
#1429 = AXIS2_PLACEMENT_3D('',#1430,#1431,#1432);
#1430 = CARTESIAN_POINT('',(6.5,7.5,-70.5));
#1431 = DIRECTION('',(-0.57735026919,-0.57735026919,-0.57735026919));
#1432 = DIRECTION('',(5.023759186429E-15,-0.707106781187,0.707106781187)
  );
#1433 = ADVANCED_FACE('',(#1434),#1439,.T.);
#1434 = FACE_BOUND('',#1435,.T.);
#1435 = EDGE_LOOP('',(#1436,#1437,#1438));
#1436 = ORIENTED_EDGE('',*,*,#860,.T.);
#1437 = ORIENTED_EDGE('',*,*,#948,.F.);
#1438 = ORIENTED_EDGE('',*,*,#997,.F.);
#1439 = PLANE('',#1440);
#1440 = AXIS2_PLACEMENT_3D('',#1441,#1442,#1443);
#1441 = CARTESIAN_POINT('',(11.146446609407,-5.,-6.146446609407));
#1442 = DIRECTION('',(0.5,-0.707106781187,-0.5));
#1443 = DIRECTION('',(-0.707106781187,-2.775557561563E-17,
    -0.707106781187));
#1444 = ADVANCED_FACE('',(#1445),#1462,.T.);
#1445 = FACE_BOUND('',#1446,.T.);
#1446 = EDGE_LOOP('',(#1447,#1455,#1456));
#1447 = ORIENTED_EDGE('',*,*,#1448,.F.);
#1448 = EDGE_CURVE('',#917,#1449,#1451,.T.);
#1449 = VERTEX_POINT('',#1450);
#1450 = CARTESIAN_POINT('',(10.085786437627,-5.5,-6.5));
#1451 = LINE('',#1452,#1453);
#1452 = CARTESIAN_POINT('',(10.197521433898,-5.23024785661,
    -6.76975214339));
#1453 = VECTOR('',#1454,1.);
#1454 = DIRECTION('',(-0.281084637715,-0.678598344546,0.678598344546));
#1455 = ORIENTED_EDGE('',*,*,#916,.F.);
#1456 = ORIENTED_EDGE('',*,*,#1457,.F.);
#1457 = EDGE_CURVE('',#1449,#909,#1458,.T.);
#1458 = LINE('',#1459,#1460);
#1459 = CARTESIAN_POINT('',(10.262563132924,-5.25,-6.676776695297));
#1460 = VECTOR('',#1461,1.);
#1461 = DIRECTION('',(0.5,0.707106781187,-0.5));
#1462 = PLANE('',#1463);
#1463 = AXIS2_PLACEMENT_3D('',#1464,#1465,#1466);
#1464 = CARTESIAN_POINT('',(11.146446609407,-5.,-6.146446609407));
#1465 = DIRECTION('',(0.5,-0.707106781187,-0.5));
#1466 = DIRECTION('',(-0.707106781187,-2.775557561563E-17,
    -0.707106781187));
#1467 = ADVANCED_FACE('',(#1468),#1492,.T.);
#1468 = FACE_BOUND('',#1469,.T.);
#1469 = EDGE_LOOP('',(#1470,#1477,#1485,#1491));
#1470 = ORIENTED_EDGE('',*,*,#1471,.F.);
#1471 = EDGE_CURVE('',#1472,#901,#1474,.T.);
#1472 = VERTEX_POINT('',#1473);
#1473 = CARTESIAN_POINT('',(12.5,0.5,-6.5));
#1474 = B_SPLINE_CURVE_WITH_KNOTS('',1,(#1475,#1476),.UNSPECIFIED.,.F.,
  .F.,(2,2),(0.,1.),.PIECEWISE_BEZIER_KNOTS.);
#1475 = CARTESIAN_POINT('',(12.5,0.5,-6.5));
#1476 = CARTESIAN_POINT('',(10.792893218813,0.5,-7.207106781187));
#1477 = ORIENTED_EDGE('',*,*,#1478,.T.);
#1478 = EDGE_CURVE('',#1472,#1479,#1481,.T.);
#1479 = VERTEX_POINT('',#1480);
#1480 = CARTESIAN_POINT('',(12.5,-4.5,-6.5));
#1481 = LINE('',#1482,#1483);
#1482 = CARTESIAN_POINT('',(12.5,1.5,-6.5));
#1483 = VECTOR('',#1484,1.);
#1484 = DIRECTION('',(0.,-1.,0.));
#1485 = ORIENTED_EDGE('',*,*,#1486,.F.);
#1486 = EDGE_CURVE('',#909,#1479,#1487,.T.);
#1487 = LINE('',#1488,#1489);
#1488 = CARTESIAN_POINT('',(11.042893218813,-4.5,-7.103553390593));
#1489 = VECTOR('',#1490,1.);
#1490 = DIRECTION('',(0.923879532511,8.E-17,0.382683432365));
#1491 = ORIENTED_EDGE('',*,*,#908,.F.);
#1492 = PLANE('',#1493);
#1493 = AXIS2_PLACEMENT_3D('',#1494,#1495,#1496);
#1494 = CARTESIAN_POINT('',(11.646446609407,1.5,-6.853553390593));
#1495 = DIRECTION('',(0.382683432365,-2.4E-16,-0.923879532511));
#1496 = DIRECTION('',(-9.08820829905E-17,-1.,2.221295367188E-16));
#1497 = ADVANCED_FACE('',(#1498),#1517,.F.);
#1498 = FACE_BOUND('',#1499,.F.);
#1499 = EDGE_LOOP('',(#1500,#1508,#1509,#1510));
#1500 = ORIENTED_EDGE('',*,*,#1501,.F.);
#1501 = EDGE_CURVE('',#1030,#1502,#1504,.T.);
#1502 = VERTEX_POINT('',#1503);
#1503 = CARTESIAN_POINT('',(1.,-0.5,-16.5));
#1504 = LINE('',#1505,#1506);
#1505 = CARTESIAN_POINT('',(1.,-5.5,-16.5));
#1506 = VECTOR('',#1507,1.);
#1507 = DIRECTION('',(0.,1.,-2.2E-16));
#1508 = ORIENTED_EDGE('',*,*,#1029,.F.);
#1509 = ORIENTED_EDGE('',*,*,#1501,.T.);
#1510 = ORIENTED_EDGE('',*,*,#1511,.T.);
#1511 = EDGE_CURVE('',#1502,#1502,#1512,.T.);
#1512 = CIRCLE('',#1513,1.);
#1513 = AXIS2_PLACEMENT_3D('',#1514,#1515,#1516);
#1514 = CARTESIAN_POINT('',(0.,-0.5,-16.5));
#1515 = DIRECTION('',(0.,-1.,2.2E-16));
#1516 = DIRECTION('',(1.,0.,0.));
#1517 = CYLINDRICAL_SURFACE('',#1518,1.);
#1518 = AXIS2_PLACEMENT_3D('',#1519,#1520,#1521);
#1519 = CARTESIAN_POINT('',(0.,-5.5,-16.5));
#1520 = DIRECTION('',(0.,-1.,2.2E-16));
#1521 = DIRECTION('',(1.,0.,0.));
#1522 = ADVANCED_FACE('',(#1523),#1542,.F.);
#1523 = FACE_BOUND('',#1524,.F.);
#1524 = EDGE_LOOP('',(#1525,#1533,#1534,#1535));
#1525 = ORIENTED_EDGE('',*,*,#1526,.F.);
#1526 = EDGE_CURVE('',#1041,#1527,#1529,.T.);
#1527 = VERTEX_POINT('',#1528);
#1528 = CARTESIAN_POINT('',(1.,-0.5,-25.5));
#1529 = LINE('',#1530,#1531);
#1530 = CARTESIAN_POINT('',(1.,-5.5,-25.5));
#1531 = VECTOR('',#1532,1.);
#1532 = DIRECTION('',(0.,1.,-2.2E-16));
#1533 = ORIENTED_EDGE('',*,*,#1040,.F.);
#1534 = ORIENTED_EDGE('',*,*,#1526,.T.);
#1535 = ORIENTED_EDGE('',*,*,#1536,.T.);
#1536 = EDGE_CURVE('',#1527,#1527,#1537,.T.);
#1537 = CIRCLE('',#1538,1.);
#1538 = AXIS2_PLACEMENT_3D('',#1539,#1540,#1541);
#1539 = CARTESIAN_POINT('',(0.,-0.5,-25.5));
#1540 = DIRECTION('',(0.,-1.,2.2E-16));
#1541 = DIRECTION('',(1.,0.,0.));
#1542 = CYLINDRICAL_SURFACE('',#1543,1.);
#1543 = AXIS2_PLACEMENT_3D('',#1544,#1545,#1546);
#1544 = CARTESIAN_POINT('',(0.,-5.5,-25.5));
#1545 = DIRECTION('',(0.,-1.,2.2E-16));
#1546 = DIRECTION('',(1.,0.,0.));
#1547 = ADVANCED_FACE('',(#1548),#1554,.F.);
#1548 = FACE_BOUND('',#1549,.T.);
#1549 = EDGE_LOOP('',(#1550,#1551,#1552,#1553));
#1550 = ORIENTED_EDGE('',*,*,#1069,.F.);
#1551 = ORIENTED_EDGE('',*,*,#1102,.T.);
#1552 = ORIENTED_EDGE('',*,*,#1423,.F.);
#1553 = ORIENTED_EDGE('',*,*,#1086,.F.);
#1554 = PLANE('',#1555);
#1555 = AXIS2_PLACEMENT_3D('',#1556,#1557,#1558);
#1556 = CARTESIAN_POINT('',(-6.5,8.,-70.));
#1557 = DIRECTION('',(0.,-0.707106781187,-0.707106781187));
#1558 = DIRECTION('',(-1.,-0.,-0.));
#1559 = ADVANCED_FACE('',(#1560),#1576,.F.);
#1560 = FACE_BOUND('',#1561,.F.);
#1561 = EDGE_LOOP('',(#1562,#1569,#1574,#1575));
#1562 = ORIENTED_EDGE('',*,*,#1563,.F.);
#1563 = EDGE_CURVE('',#1564,#1142,#1566,.T.);
#1564 = VERTEX_POINT('',#1565);
#1565 = CARTESIAN_POINT('',(-9.085786437627,2.5,-6.5));
#1566 = B_SPLINE_CURVE_WITH_KNOTS('',1,(#1567,#1568),.UNSPECIFIED.,.F.,
  .F.,(2,2),(0.,1.),.PIECEWISE_BEZIER_KNOTS.);
#1567 = CARTESIAN_POINT('',(-9.085786437627,2.5,-6.5));
#1568 = CARTESIAN_POINT('',(-9.085786437627,1.5,-7.5));
#1569 = ORIENTED_EDGE('',*,*,#1570,.T.);
#1570 = EDGE_CURVE('',#1564,#1293,#1571,.T.);
#1571 = B_SPLINE_CURVE_WITH_KNOTS('',1,(#1572,#1573),.UNSPECIFIED.,.F.,
  .F.,(2,2),(0.,1.),.PIECEWISE_BEZIER_KNOTS.);
#1572 = CARTESIAN_POINT('',(-9.085786437627,2.5,-6.5));
#1573 = CARTESIAN_POINT('',(-12.5,0.5,-6.5));
#1574 = ORIENTED_EDGE('',*,*,#1300,.T.);
#1575 = ORIENTED_EDGE('',*,*,#1151,.F.);
#1576 = B_SPLINE_SURFACE_WITH_KNOTS('',1,1,(
    (#1577,#1578)
    ,(#1579,#1580
    )),.UNSPECIFIED.,.F.,.F.,.F.,(2,2),(2,2),(0.,1.),(0.,1.),
  .PIECEWISE_BEZIER_KNOTS.);
#1577 = CARTESIAN_POINT('',(-9.085786437627,2.5,-6.5));
#1578 = CARTESIAN_POINT('',(-9.085786437627,1.5,-7.5));
#1579 = CARTESIAN_POINT('',(-12.5,0.5,-6.5));
#1580 = CARTESIAN_POINT('',(-10.79289321881,0.5,-7.207106781187));
#1581 = ADVANCED_FACE('',(#1582),#1599,.T.);
#1582 = FACE_BOUND('',#1583,.T.);
#1583 = EDGE_LOOP('',(#1584,#1585,#1593,#1598));
#1584 = ORIENTED_EDGE('',*,*,#1563,.F.);
#1585 = ORIENTED_EDGE('',*,*,#1586,.T.);
#1586 = EDGE_CURVE('',#1564,#1587,#1589,.T.);
#1587 = VERTEX_POINT('',#1588);
#1588 = CARTESIAN_POINT('',(9.085786437627,2.5,-6.5));
#1589 = LINE('',#1590,#1591);
#1590 = CARTESIAN_POINT('',(6.5,2.5,-6.5));
#1591 = VECTOR('',#1592,1.);
#1592 = DIRECTION('',(1.,0.,0.));
#1593 = ORIENTED_EDGE('',*,*,#1594,.T.);
#1594 = EDGE_CURVE('',#1587,#1167,#1595,.T.);
#1595 = B_SPLINE_CURVE_WITH_KNOTS('',1,(#1596,#1597),.UNSPECIFIED.,.F.,
  .F.,(2,2),(0.,1.),.PIECEWISE_BEZIER_KNOTS.);
#1596 = CARTESIAN_POINT('',(9.085786437627,2.5,-6.5));
#1597 = CARTESIAN_POINT('',(9.085786437627,1.5,-7.5));
#1598 = ORIENTED_EDGE('',*,*,#1174,.F.);
#1599 = PLANE('',#1600);
#1600 = AXIS2_PLACEMENT_3D('',#1601,#1602,#1603);
#1601 = CARTESIAN_POINT('',(-5.4E-16,2.,-7.));
#1602 = DIRECTION('',(0.,0.707106781187,-0.707106781187));
#1603 = DIRECTION('',(0.,-0.707106781187,-0.707106781187));
#1604 = ADVANCED_FACE('',(#1605),#1630,.F.);
#1605 = FACE_BOUND('',#1606,.F.);
#1606 = EDGE_LOOP('',(#1607,#1615,#1623,#1629));
#1607 = ORIENTED_EDGE('',*,*,#1608,.T.);
#1608 = EDGE_CURVE('',#1185,#1609,#1611,.T.);
#1609 = VERTEX_POINT('',#1610);
#1610 = CARTESIAN_POINT('',(-1.18356805183,-0.5,-23.45000000001));
#1611 = LINE('',#1612,#1613);
#1612 = CARTESIAN_POINT('',(-1.18356805183,1.5,-23.45000000001));
#1613 = VECTOR('',#1614,1.);
#1614 = DIRECTION('',(0.,-1.,2.2E-16));
#1615 = ORIENTED_EDGE('',*,*,#1616,.T.);
#1616 = EDGE_CURVE('',#1609,#1617,#1619,.T.);
#1617 = VERTEX_POINT('',#1618);
#1618 = CARTESIAN_POINT('',(1.18356805183,-0.5,-23.45000000001));
#1619 = LINE('',#1620,#1621);
#1620 = CARTESIAN_POINT('',(-1.18356805183,-0.5,-23.45000000001));
#1621 = VECTOR('',#1622,1.);
#1622 = DIRECTION('',(1.,0.,0.));
#1623 = ORIENTED_EDGE('',*,*,#1624,.F.);
#1624 = EDGE_CURVE('',#1187,#1617,#1625,.T.);
#1625 = LINE('',#1626,#1627);
#1626 = CARTESIAN_POINT('',(1.18356805183,1.5,-23.45000000001));
#1627 = VECTOR('',#1628,1.);
#1628 = DIRECTION('',(0.,-1.,2.2E-16));
#1629 = ORIENTED_EDGE('',*,*,#1184,.F.);
#1630 = PLANE('',#1631);
#1631 = AXIS2_PLACEMENT_3D('',#1632,#1633,#1634);
#1632 = CARTESIAN_POINT('',(-1.18356805183,1.5,-23.45000000001));
#1633 = DIRECTION('',(0.,2.2E-16,1.));
#1634 = DIRECTION('',(1.,0.,0.));
#1635 = ADVANCED_FACE('',(#1636),#1654,.F.);
#1636 = FACE_BOUND('',#1637,.F.);
#1637 = EDGE_LOOP('',(#1638,#1646,#1652,#1653));
#1638 = ORIENTED_EDGE('',*,*,#1639,.T.);
#1639 = EDGE_CURVE('',#1219,#1640,#1642,.T.);
#1640 = VERTEX_POINT('',#1641);
#1641 = CARTESIAN_POINT('',(-2.367136103668,-0.5,-25.49999999999));
#1642 = LINE('',#1643,#1644);
#1643 = CARTESIAN_POINT('',(-2.367136103668,1.5,-25.49999999999));
#1644 = VECTOR('',#1645,1.);
#1645 = DIRECTION('',(0.,-1.,2.2E-16));
#1646 = ORIENTED_EDGE('',*,*,#1647,.T.);
#1647 = EDGE_CURVE('',#1640,#1609,#1648,.T.);
#1648 = LINE('',#1649,#1650);
#1649 = CARTESIAN_POINT('',(-2.367136103668,-0.5,-25.49999999999));
#1650 = VECTOR('',#1651,1.);
#1651 = DIRECTION('',(0.500000000003,0.,0.866025403783));
#1652 = ORIENTED_EDGE('',*,*,#1608,.F.);
#1653 = ORIENTED_EDGE('',*,*,#1226,.F.);
#1654 = PLANE('',#1655);
#1655 = AXIS2_PLACEMENT_3D('',#1656,#1657,#1658);
#1656 = CARTESIAN_POINT('',(-2.367136103668,1.5,-25.49999999999));
#1657 = DIRECTION('',(-0.866025403783,1.1E-16,0.500000000003));
#1658 = DIRECTION('',(0.500000000003,1.9E-16,0.866025403783));
#1659 = ADVANCED_FACE('',(#1660),#1678,.F.);
#1660 = FACE_BOUND('',#1661,.F.);
#1661 = EDGE_LOOP('',(#1662,#1663,#1671,#1677));
#1662 = ORIENTED_EDGE('',*,*,#1624,.T.);
#1663 = ORIENTED_EDGE('',*,*,#1664,.T.);
#1664 = EDGE_CURVE('',#1617,#1665,#1667,.T.);
#1665 = VERTEX_POINT('',#1666);
#1666 = CARTESIAN_POINT('',(2.36713610368,-0.5,-25.50000000002));
#1667 = LINE('',#1668,#1669);
#1668 = CARTESIAN_POINT('',(1.18356805183,-0.5,-23.45000000001));
#1669 = VECTOR('',#1670,1.);
#1670 = DIRECTION('',(0.500000000002,0.,-0.866025403783));
#1671 = ORIENTED_EDGE('',*,*,#1672,.F.);
#1672 = EDGE_CURVE('',#1195,#1665,#1673,.T.);
#1673 = LINE('',#1674,#1675);
#1674 = CARTESIAN_POINT('',(2.36713610368,1.5,-25.50000000002));
#1675 = VECTOR('',#1676,1.);
#1676 = DIRECTION('',(0.,-1.,2.2E-16));
#1677 = ORIENTED_EDGE('',*,*,#1194,.F.);
#1678 = PLANE('',#1679);
#1679 = AXIS2_PLACEMENT_3D('',#1680,#1681,#1682);
#1680 = CARTESIAN_POINT('',(1.18356805183,1.5,-23.45000000001));
#1681 = DIRECTION('',(0.866025403783,1.1E-16,0.500000000002));
#1682 = DIRECTION('',(0.500000000002,-1.9E-16,-0.866025403783));
#1683 = ADVANCED_FACE('',(#1684),#1702,.F.);
#1684 = FACE_BOUND('',#1685,.F.);
#1685 = EDGE_LOOP('',(#1686,#1694,#1700,#1701));
#1686 = ORIENTED_EDGE('',*,*,#1687,.T.);
#1687 = EDGE_CURVE('',#1211,#1688,#1690,.T.);
#1688 = VERTEX_POINT('',#1689);
#1689 = CARTESIAN_POINT('',(-1.183568051839,-0.5,-27.55000000001));
#1690 = LINE('',#1691,#1692);
#1691 = CARTESIAN_POINT('',(-1.183568051839,1.5,-27.55000000001));
#1692 = VECTOR('',#1693,1.);
#1693 = DIRECTION('',(0.,-1.,2.2E-16));
#1694 = ORIENTED_EDGE('',*,*,#1695,.T.);
#1695 = EDGE_CURVE('',#1688,#1640,#1696,.T.);
#1696 = LINE('',#1697,#1698);
#1697 = CARTESIAN_POINT('',(-1.183568051839,-0.5,-27.55000000001));
#1698 = VECTOR('',#1699,1.);
#1699 = DIRECTION('',(-0.499999999994,0.,0.866025403788));
#1700 = ORIENTED_EDGE('',*,*,#1639,.F.);
#1701 = ORIENTED_EDGE('',*,*,#1218,.F.);
#1702 = PLANE('',#1703);
#1703 = AXIS2_PLACEMENT_3D('',#1704,#1705,#1706);
#1704 = CARTESIAN_POINT('',(-1.183568051839,1.5,-27.55000000001));
#1705 = DIRECTION('',(-0.866025403788,-1.1E-16,-0.499999999994));
#1706 = DIRECTION('',(-0.499999999994,1.9E-16,0.866025403788));
#1707 = ADVANCED_FACE('',(#1708),#1726,.F.);
#1708 = FACE_BOUND('',#1709,.F.);
#1709 = EDGE_LOOP('',(#1710,#1711,#1719,#1725));
#1710 = ORIENTED_EDGE('',*,*,#1672,.T.);
#1711 = ORIENTED_EDGE('',*,*,#1712,.T.);
#1712 = EDGE_CURVE('',#1665,#1713,#1715,.T.);
#1713 = VERTEX_POINT('',#1714);
#1714 = CARTESIAN_POINT('',(1.183568051829,-0.5,-27.54999999999));
#1715 = LINE('',#1716,#1717);
#1716 = CARTESIAN_POINT('',(2.36713610368,-0.5,-25.50000000002));
#1717 = VECTOR('',#1718,1.);
#1718 = DIRECTION('',(-0.500000000008,0.,-0.86602540378));
#1719 = ORIENTED_EDGE('',*,*,#1720,.F.);
#1720 = EDGE_CURVE('',#1203,#1713,#1721,.T.);
#1721 = LINE('',#1722,#1723);
#1722 = CARTESIAN_POINT('',(1.183568051829,1.5,-27.54999999999));
#1723 = VECTOR('',#1724,1.);
#1724 = DIRECTION('',(0.,-1.,2.2E-16));
#1725 = ORIENTED_EDGE('',*,*,#1202,.F.);
#1726 = PLANE('',#1727);
#1727 = AXIS2_PLACEMENT_3D('',#1728,#1729,#1730);
#1728 = CARTESIAN_POINT('',(2.36713610368,1.5,-25.50000000002));
#1729 = DIRECTION('',(0.86602540378,-1.1E-16,-0.500000000008));
#1730 = DIRECTION('',(-0.500000000008,-1.9E-16,-0.86602540378));
#1731 = ADVANCED_FACE('',(#1732),#1743,.F.);
#1732 = FACE_BOUND('',#1733,.F.);
#1733 = EDGE_LOOP('',(#1734,#1735,#1741,#1742));
#1734 = ORIENTED_EDGE('',*,*,#1720,.T.);
#1735 = ORIENTED_EDGE('',*,*,#1736,.T.);
#1736 = EDGE_CURVE('',#1713,#1688,#1737,.T.);
#1737 = LINE('',#1738,#1739);
#1738 = CARTESIAN_POINT('',(1.183568051829,-0.5,-27.54999999999));
#1739 = VECTOR('',#1740,1.);
#1740 = DIRECTION('',(-1.,0.,-6.23453E-12));
#1741 = ORIENTED_EDGE('',*,*,#1687,.F.);
#1742 = ORIENTED_EDGE('',*,*,#1210,.F.);
#1743 = PLANE('',#1744);
#1744 = AXIS2_PLACEMENT_3D('',#1745,#1746,#1747);
#1745 = CARTESIAN_POINT('',(1.183568051829,1.5,-27.54999999999));
#1746 = DIRECTION('',(6.23453E-12,-2.2E-16,-1.));
#1747 = DIRECTION('',(-1.,0.,-6.23453E-12));
#1748 = ADVANCED_FACE('',(#1749),#1774,.F.);
#1749 = FACE_BOUND('',#1750,.F.);
#1750 = EDGE_LOOP('',(#1751,#1759,#1767,#1773));
#1751 = ORIENTED_EDGE('',*,*,#1752,.T.);
#1752 = EDGE_CURVE('',#1235,#1753,#1755,.T.);
#1753 = VERTEX_POINT('',#1754);
#1754 = CARTESIAN_POINT('',(-1.183568051831,-0.5,-14.45000000001));
#1755 = LINE('',#1756,#1757);
#1756 = CARTESIAN_POINT('',(-1.183568051831,1.5,-14.45000000001));
#1757 = VECTOR('',#1758,1.);
#1758 = DIRECTION('',(0.,-1.,2.2E-16));
#1759 = ORIENTED_EDGE('',*,*,#1760,.T.);
#1760 = EDGE_CURVE('',#1753,#1761,#1763,.T.);
#1761 = VERTEX_POINT('',#1762);
#1762 = CARTESIAN_POINT('',(1.183568051831,-0.5,-14.45000000001));
#1763 = LINE('',#1764,#1765);
#1764 = CARTESIAN_POINT('',(-1.183568051831,-0.5,-14.45000000001));
#1765 = VECTOR('',#1766,1.);
#1766 = DIRECTION('',(1.,0.,0.));
#1767 = ORIENTED_EDGE('',*,*,#1768,.F.);
#1768 = EDGE_CURVE('',#1237,#1761,#1769,.T.);
#1769 = LINE('',#1770,#1771);
#1770 = CARTESIAN_POINT('',(1.183568051831,1.5,-14.45000000001));
#1771 = VECTOR('',#1772,1.);
#1772 = DIRECTION('',(0.,-1.,2.2E-16));
#1773 = ORIENTED_EDGE('',*,*,#1234,.F.);
#1774 = PLANE('',#1775);
#1775 = AXIS2_PLACEMENT_3D('',#1776,#1777,#1778);
#1776 = CARTESIAN_POINT('',(-1.183568051831,1.5,-14.45000000001));
#1777 = DIRECTION('',(0.,2.2E-16,1.));
#1778 = DIRECTION('',(1.,0.,0.));
#1779 = ADVANCED_FACE('',(#1780),#1798,.F.);
#1780 = FACE_BOUND('',#1781,.F.);
#1781 = EDGE_LOOP('',(#1782,#1790,#1796,#1797));
#1782 = ORIENTED_EDGE('',*,*,#1783,.T.);
#1783 = EDGE_CURVE('',#1269,#1784,#1786,.T.);
#1784 = VERTEX_POINT('',#1785);
#1785 = CARTESIAN_POINT('',(-2.367136103668,-0.5,-16.49999999999));
#1786 = LINE('',#1787,#1788);
#1787 = CARTESIAN_POINT('',(-2.367136103668,1.5,-16.49999999999));
#1788 = VECTOR('',#1789,1.);
#1789 = DIRECTION('',(0.,-1.,2.2E-16));
#1790 = ORIENTED_EDGE('',*,*,#1791,.T.);
#1791 = EDGE_CURVE('',#1784,#1753,#1792,.T.);
#1792 = LINE('',#1793,#1794);
#1793 = CARTESIAN_POINT('',(-2.367136103668,-0.5,-16.49999999999));
#1794 = VECTOR('',#1795,1.);
#1795 = DIRECTION('',(0.500000000003,0.,0.866025403783));
#1796 = ORIENTED_EDGE('',*,*,#1752,.F.);
#1797 = ORIENTED_EDGE('',*,*,#1276,.F.);
#1798 = PLANE('',#1799);
#1799 = AXIS2_PLACEMENT_3D('',#1800,#1801,#1802);
#1800 = CARTESIAN_POINT('',(-2.367136103668,1.5,-16.49999999999));
#1801 = DIRECTION('',(-0.866025403783,1.1E-16,0.500000000003));
#1802 = DIRECTION('',(0.500000000003,1.9E-16,0.866025403783));
#1803 = ADVANCED_FACE('',(#1804),#1822,.F.);
#1804 = FACE_BOUND('',#1805,.F.);
#1805 = EDGE_LOOP('',(#1806,#1807,#1815,#1821));
#1806 = ORIENTED_EDGE('',*,*,#1768,.T.);
#1807 = ORIENTED_EDGE('',*,*,#1808,.T.);
#1808 = EDGE_CURVE('',#1761,#1809,#1811,.T.);
#1809 = VERTEX_POINT('',#1810);
#1810 = CARTESIAN_POINT('',(2.367136103682,-0.5,-16.50000000001));
#1811 = LINE('',#1812,#1813);
#1812 = CARTESIAN_POINT('',(1.183568051831,-0.5,-14.45000000001));
#1813 = VECTOR('',#1814,1.);
#1814 = DIRECTION('',(0.500000000003,0.,-0.866025403783));
#1815 = ORIENTED_EDGE('',*,*,#1816,.F.);
#1816 = EDGE_CURVE('',#1245,#1809,#1817,.T.);
#1817 = LINE('',#1818,#1819);
#1818 = CARTESIAN_POINT('',(2.367136103682,1.5,-16.50000000001));
#1819 = VECTOR('',#1820,1.);
#1820 = DIRECTION('',(0.,-1.,2.2E-16));
#1821 = ORIENTED_EDGE('',*,*,#1244,.F.);
#1822 = PLANE('',#1823);
#1823 = AXIS2_PLACEMENT_3D('',#1824,#1825,#1826);
#1824 = CARTESIAN_POINT('',(1.183568051831,1.5,-14.45000000001));
#1825 = DIRECTION('',(0.866025403783,1.1E-16,0.500000000003));
#1826 = DIRECTION('',(0.500000000003,-1.9E-16,-0.866025403783));
#1827 = ADVANCED_FACE('',(#1828),#1846,.F.);
#1828 = FACE_BOUND('',#1829,.F.);
#1829 = EDGE_LOOP('',(#1830,#1838,#1844,#1845));
#1830 = ORIENTED_EDGE('',*,*,#1831,.T.);
#1831 = EDGE_CURVE('',#1261,#1832,#1834,.T.);
#1832 = VERTEX_POINT('',#1833);
#1833 = CARTESIAN_POINT('',(-1.183568051843,-0.5,-18.55000000001));
#1834 = LINE('',#1835,#1836);
#1835 = CARTESIAN_POINT('',(-1.183568051843,1.5,-18.55000000001));
#1836 = VECTOR('',#1837,1.);
#1837 = DIRECTION('',(0.,-1.,2.2E-16));
#1838 = ORIENTED_EDGE('',*,*,#1839,.T.);
#1839 = EDGE_CURVE('',#1832,#1784,#1840,.T.);
#1840 = LINE('',#1841,#1842);
#1841 = CARTESIAN_POINT('',(-1.183568051843,-0.5,-18.55000000001));
#1842 = VECTOR('',#1843,1.);
#1843 = DIRECTION('',(-0.499999999992,0.,0.866025403789));
#1844 = ORIENTED_EDGE('',*,*,#1783,.F.);
#1845 = ORIENTED_EDGE('',*,*,#1268,.F.);
#1846 = PLANE('',#1847);
#1847 = AXIS2_PLACEMENT_3D('',#1848,#1849,#1850);
#1848 = CARTESIAN_POINT('',(-1.183568051843,1.5,-18.55000000001));
#1849 = DIRECTION('',(-0.866025403789,-1.1E-16,-0.499999999992));
#1850 = DIRECTION('',(-0.499999999992,1.9E-16,0.866025403789));
#1851 = ADVANCED_FACE('',(#1852),#1870,.F.);
#1852 = FACE_BOUND('',#1853,.F.);
#1853 = EDGE_LOOP('',(#1854,#1855,#1863,#1869));
#1854 = ORIENTED_EDGE('',*,*,#1816,.T.);
#1855 = ORIENTED_EDGE('',*,*,#1856,.T.);
#1856 = EDGE_CURVE('',#1809,#1857,#1859,.T.);
#1857 = VERTEX_POINT('',#1858);
#1858 = CARTESIAN_POINT('',(1.183568051832,-0.5,-18.54999999999));
#1859 = LINE('',#1860,#1861);
#1860 = CARTESIAN_POINT('',(2.367136103682,-0.5,-16.50000000001));
#1861 = VECTOR('',#1862,1.);
#1862 = DIRECTION('',(-0.500000000007,0.,-0.86602540378));
#1863 = ORIENTED_EDGE('',*,*,#1864,.F.);
#1864 = EDGE_CURVE('',#1253,#1857,#1865,.T.);
#1865 = LINE('',#1866,#1867);
#1866 = CARTESIAN_POINT('',(1.183568051832,1.5,-18.54999999999));
#1867 = VECTOR('',#1868,1.);
#1868 = DIRECTION('',(0.,-1.,2.2E-16));
#1869 = ORIENTED_EDGE('',*,*,#1252,.F.);
#1870 = PLANE('',#1871);
#1871 = AXIS2_PLACEMENT_3D('',#1872,#1873,#1874);
#1872 = CARTESIAN_POINT('',(2.367136103682,1.5,-16.50000000001));
#1873 = DIRECTION('',(0.86602540378,-1.1E-16,-0.500000000007));
#1874 = DIRECTION('',(-0.500000000007,-1.9E-16,-0.86602540378));
#1875 = ADVANCED_FACE('',(#1876),#1887,.F.);
#1876 = FACE_BOUND('',#1877,.F.);
#1877 = EDGE_LOOP('',(#1878,#1879,#1885,#1886));
#1878 = ORIENTED_EDGE('',*,*,#1864,.T.);
#1879 = ORIENTED_EDGE('',*,*,#1880,.T.);
#1880 = EDGE_CURVE('',#1857,#1832,#1881,.T.);
#1881 = LINE('',#1882,#1883);
#1882 = CARTESIAN_POINT('',(1.183568051832,-0.5,-18.54999999999));
#1883 = VECTOR('',#1884,1.);
#1884 = DIRECTION('',(-1.,0.,-7.48924E-12));
#1885 = ORIENTED_EDGE('',*,*,#1831,.F.);
#1886 = ORIENTED_EDGE('',*,*,#1260,.F.);
#1887 = PLANE('',#1888);
#1888 = AXIS2_PLACEMENT_3D('',#1889,#1890,#1891);
#1889 = CARTESIAN_POINT('',(1.183568051832,1.5,-18.54999999999));
#1890 = DIRECTION('',(7.48924E-12,-2.2E-16,-1.));
#1891 = DIRECTION('',(-1.,0.,-7.48924E-12));
#1892 = ADVANCED_FACE('',(#1893),#1942,.F.);
#1893 = FACE_BOUND('',#1894,.F.);
#1894 = EDGE_LOOP('',(#1895,#1896,#1897,#1902,#1903,#1911,#1919,#1927,
    #1935,#1941));
#1895 = ORIENTED_EDGE('',*,*,#1570,.F.);
#1896 = ORIENTED_EDGE('',*,*,#1586,.T.);
#1897 = ORIENTED_EDGE('',*,*,#1898,.T.);
#1898 = EDGE_CURVE('',#1587,#1472,#1899,.T.);
#1899 = B_SPLINE_CURVE_WITH_KNOTS('',1,(#1900,#1901),.UNSPECIFIED.,.F.,
  .F.,(2,2),(0.,1.),.PIECEWISE_BEZIER_KNOTS.);
#1900 = CARTESIAN_POINT('',(9.085786437627,2.5,-6.5));
#1901 = CARTESIAN_POINT('',(12.5,0.5,-6.5));
#1902 = ORIENTED_EDGE('',*,*,#1478,.T.);
#1903 = ORIENTED_EDGE('',*,*,#1904,.T.);
#1904 = EDGE_CURVE('',#1479,#1905,#1907,.T.);
#1905 = VERTEX_POINT('',#1906);
#1906 = CARTESIAN_POINT('',(18.,-4.5,-6.5));
#1907 = LINE('',#1908,#1909);
#1908 = CARTESIAN_POINT('',(11.5,-4.5,-6.5));
#1909 = VECTOR('',#1910,1.);
#1910 = DIRECTION('',(1.,0.,0.));
#1911 = ORIENTED_EDGE('',*,*,#1912,.F.);
#1912 = EDGE_CURVE('',#1913,#1905,#1915,.T.);
#1913 = VERTEX_POINT('',#1914);
#1914 = CARTESIAN_POINT('',(18.,4.5,-6.5));
#1915 = LINE('',#1916,#1917);
#1916 = CARTESIAN_POINT('',(18.,5.5,-6.5));
#1917 = VECTOR('',#1918,1.);
#1918 = DIRECTION('',(0.,-1.,2.2E-16));
#1919 = ORIENTED_EDGE('',*,*,#1920,.F.);
#1920 = EDGE_CURVE('',#1921,#1913,#1923,.T.);
#1921 = VERTEX_POINT('',#1922);
#1922 = CARTESIAN_POINT('',(-18.,4.5,-6.5));
#1923 = LINE('',#1924,#1925);
#1924 = CARTESIAN_POINT('',(-19.,4.5,-6.5));
#1925 = VECTOR('',#1926,1.);
#1926 = DIRECTION('',(1.,0.,0.));
#1927 = ORIENTED_EDGE('',*,*,#1928,.T.);
#1928 = EDGE_CURVE('',#1921,#1929,#1931,.T.);
#1929 = VERTEX_POINT('',#1930);
#1930 = CARTESIAN_POINT('',(-18.,-4.5,-6.5));
#1931 = LINE('',#1932,#1933);
#1932 = CARTESIAN_POINT('',(-18.,5.5,-6.5));
#1933 = VECTOR('',#1934,1.);
#1934 = DIRECTION('',(0.,-1.,2.2E-16));
#1935 = ORIENTED_EDGE('',*,*,#1936,.T.);
#1936 = EDGE_CURVE('',#1929,#1291,#1937,.T.);
#1937 = LINE('',#1938,#1939);
#1938 = CARTESIAN_POINT('',(-19.,-4.5,-6.5));
#1939 = VECTOR('',#1940,1.);
#1940 = DIRECTION('',(1.,0.,0.));
#1941 = ORIENTED_EDGE('',*,*,#1290,.T.);
#1942 = PLANE('',#1943);
#1943 = AXIS2_PLACEMENT_3D('',#1944,#1945,#1946);
#1944 = CARTESIAN_POINT('',(-19.,5.5,-6.5));
#1945 = DIRECTION('',(0.,2.2E-16,1.));
#1946 = DIRECTION('',(1.,0.,0.));
#1947 = ADVANCED_FACE('',(#1948),#1966,.T.);
#1948 = FACE_BOUND('',#1949,.T.);
#1949 = EDGE_LOOP('',(#1950,#1951,#1959,#1965));
#1950 = ORIENTED_EDGE('',*,*,#1329,.F.);
#1951 = ORIENTED_EDGE('',*,*,#1952,.T.);
#1952 = EDGE_CURVE('',#1321,#1953,#1955,.T.);
#1953 = VERTEX_POINT('',#1954);
#1954 = CARTESIAN_POINT('',(-12.5,-5.5,-5.5));
#1955 = LINE('',#1956,#1957);
#1956 = CARTESIAN_POINT('',(-2.021615887301,-5.5,-9.840288811235));
#1957 = VECTOR('',#1958,1.);
#1958 = DIRECTION('',(-0.923879532511,0.,0.382683432365));
#1959 = ORIENTED_EDGE('',*,*,#1960,.T.);
#1960 = EDGE_CURVE('',#1953,#1291,#1961,.T.);
#1961 = LINE('',#1962,#1963);
#1962 = CARTESIAN_POINT('',(-12.5,-5.,-6.));
#1963 = VECTOR('',#1964,1.);
#1964 = DIRECTION('',(-7.31E-15,0.707106781187,-0.707106781187));
#1965 = ORIENTED_EDGE('',*,*,#1306,.F.);
#1966 = PLANE('',#1967);
#1967 = AXIS2_PLACEMENT_3D('',#1968,#1969,#1970);
#1968 = CARTESIAN_POINT('',(-10.08578643762,-5.5,-6.5));
#1969 = DIRECTION('',(-0.281084637715,-0.678598344546,-0.678598344546));
#1970 = DIRECTION('',(-0.923879532511,0.,0.382683432365));
#1971 = ADVANCED_FACE('',(#1972),#1983,.F.);
#1972 = FACE_BOUND('',#1973,.F.);
#1973 = EDGE_LOOP('',(#1974,#1975,#1976,#1977));
#1974 = ORIENTED_EDGE('',*,*,#1448,.F.);
#1975 = ORIENTED_EDGE('',*,*,#1343,.T.);
#1976 = ORIENTED_EDGE('',*,*,#1320,.T.);
#1977 = ORIENTED_EDGE('',*,*,#1978,.F.);
#1978 = EDGE_CURVE('',#1449,#1321,#1979,.T.);
#1979 = LINE('',#1980,#1981);
#1980 = CARTESIAN_POINT('',(9.085786437627,-5.5,-6.5));
#1981 = VECTOR('',#1982,1.);
#1982 = DIRECTION('',(-1.,0.,0.));
#1983 = PLANE('',#1984);
#1984 = AXIS2_PLACEMENT_3D('',#1985,#1986,#1987);
#1985 = CARTESIAN_POINT('',(9.085786437627,-5.,-7.));
#1986 = DIRECTION('',(0.,0.707106781187,0.707106781187));
#1987 = DIRECTION('',(-1.,0.,0.));
#1988 = ADVANCED_FACE('',(#1989),#1995,.T.);
#1989 = FACE_BOUND('',#1990,.T.);
#1990 = EDGE_LOOP('',(#1991,#1992,#1993,#1994));
#1991 = ORIENTED_EDGE('',*,*,#1594,.F.);
#1992 = ORIENTED_EDGE('',*,*,#1898,.T.);
#1993 = ORIENTED_EDGE('',*,*,#1471,.T.);
#1994 = ORIENTED_EDGE('',*,*,#1408,.F.);
#1995 = B_SPLINE_SURFACE_WITH_KNOTS('',1,1,(
    (#1996,#1997)
    ,(#1998,#1999
    )),.UNSPECIFIED.,.F.,.F.,.F.,(2,2),(2,2),(0.,1.),(0.,1.),
  .PIECEWISE_BEZIER_KNOTS.);
#1996 = CARTESIAN_POINT('',(9.085786437627,2.5,-6.5));
#1997 = CARTESIAN_POINT('',(9.085786437627,1.5,-7.5));
#1998 = CARTESIAN_POINT('',(12.5,0.5,-6.5));
#1999 = CARTESIAN_POINT('',(10.792893218813,0.5,-7.207106781187));
#2000 = ADVANCED_FACE('',(#2001),#2019,.F.);
#2001 = FACE_BOUND('',#2002,.F.);
#2002 = EDGE_LOOP('',(#2003,#2004,#2012,#2018));
#2003 = ORIENTED_EDGE('',*,*,#1457,.F.);
#2004 = ORIENTED_EDGE('',*,*,#2005,.T.);
#2005 = EDGE_CURVE('',#1449,#2006,#2008,.T.);
#2006 = VERTEX_POINT('',#2007);
#2007 = CARTESIAN_POINT('',(12.5,-5.5,-5.5));
#2008 = LINE('',#2009,#2010);
#2009 = CARTESIAN_POINT('',(2.021615887301,-5.5,-9.840288811235));
#2010 = VECTOR('',#2011,1.);
#2011 = DIRECTION('',(0.923879532511,0.,0.382683432365));
#2012 = ORIENTED_EDGE('',*,*,#2013,.T.);
#2013 = EDGE_CURVE('',#2006,#1479,#2014,.T.);
#2014 = LINE('',#2015,#2016);
#2015 = CARTESIAN_POINT('',(12.5,-5.,-6.));
#2016 = VECTOR('',#2017,1.);
#2017 = DIRECTION('',(5.53E-15,0.707106781187,-0.707106781187));
#2018 = ORIENTED_EDGE('',*,*,#1486,.F.);
#2019 = PLANE('',#2020);
#2020 = AXIS2_PLACEMENT_3D('',#2021,#2022,#2023);
#2021 = CARTESIAN_POINT('',(10.085786437627,-5.5,-6.5));
#2022 = DIRECTION('',(-0.281084637715,0.678598344546,0.678598344546));
#2023 = DIRECTION('',(0.923879532511,8.604228440845E-16,0.382683432365)
  );
#2024 = ADVANCED_FACE('',(#2025,#2033),#2036,.T.);
#2025 = FACE_BOUND('',#2026,.T.);
#2026 = EDGE_LOOP('',(#2027,#2028,#2029,#2030,#2031,#2032));
#2027 = ORIENTED_EDGE('',*,*,#1808,.T.);
#2028 = ORIENTED_EDGE('',*,*,#1856,.T.);
#2029 = ORIENTED_EDGE('',*,*,#1880,.T.);
#2030 = ORIENTED_EDGE('',*,*,#1839,.T.);
#2031 = ORIENTED_EDGE('',*,*,#1791,.T.);
#2032 = ORIENTED_EDGE('',*,*,#1760,.T.);
#2033 = FACE_BOUND('',#2034,.T.);
#2034 = EDGE_LOOP('',(#2035));
#2035 = ORIENTED_EDGE('',*,*,#1511,.T.);
#2036 = PLANE('',#2037);
#2037 = AXIS2_PLACEMENT_3D('',#2038,#2039,#2040);
#2038 = CARTESIAN_POINT('',(6.9931E-13,-0.5,-21.));
#2039 = DIRECTION('',(0.,1.,-2.3E-16));
#2040 = DIRECTION('',(0.,2.3E-16,1.));
#2041 = ADVANCED_FACE('',(#2042,#2050),#2053,.T.);
#2042 = FACE_BOUND('',#2043,.T.);
#2043 = EDGE_LOOP('',(#2044,#2045,#2046,#2047,#2048,#2049));
#2044 = ORIENTED_EDGE('',*,*,#1664,.T.);
#2045 = ORIENTED_EDGE('',*,*,#1712,.T.);
#2046 = ORIENTED_EDGE('',*,*,#1736,.T.);
#2047 = ORIENTED_EDGE('',*,*,#1695,.T.);
#2048 = ORIENTED_EDGE('',*,*,#1647,.T.);
#2049 = ORIENTED_EDGE('',*,*,#1616,.T.);
#2050 = FACE_BOUND('',#2051,.T.);
#2051 = EDGE_LOOP('',(#2052));
#2052 = ORIENTED_EDGE('',*,*,#1536,.T.);
#2053 = PLANE('',#2054);
#2054 = AXIS2_PLACEMENT_3D('',#2055,#2056,#2057);
#2055 = CARTESIAN_POINT('',(6.9931E-13,-0.5,-21.));
#2056 = DIRECTION('',(0.,1.,-2.3E-16));
#2057 = DIRECTION('',(0.,2.3E-16,1.));
#2058 = ADVANCED_FACE('',(#2059),#2077,.F.);
#2059 = FACE_BOUND('',#2060,.T.);
#2060 = EDGE_LOOP('',(#2061,#2069,#2070,#2071));
#2061 = ORIENTED_EDGE('',*,*,#2062,.F.);
#2062 = EDGE_CURVE('',#1929,#2063,#2065,.T.);
#2063 = VERTEX_POINT('',#2064);
#2064 = CARTESIAN_POINT('',(-18.,-5.5,-5.5));
#2065 = LINE('',#2066,#2067);
#2066 = CARTESIAN_POINT('',(-18.,-4.75,-6.25));
#2067 = VECTOR('',#2068,1.);
#2068 = DIRECTION('',(0.,-0.707106781187,0.707106781187));
#2069 = ORIENTED_EDGE('',*,*,#1936,.T.);
#2070 = ORIENTED_EDGE('',*,*,#1960,.F.);
#2071 = ORIENTED_EDGE('',*,*,#2072,.F.);
#2072 = EDGE_CURVE('',#2063,#1953,#2073,.T.);
#2073 = LINE('',#2074,#2075);
#2074 = CARTESIAN_POINT('',(-19.,-5.5,-5.5));
#2075 = VECTOR('',#2076,1.);
#2076 = DIRECTION('',(1.,0.,0.));
#2077 = PLANE('',#2078);
#2078 = AXIS2_PLACEMENT_3D('',#2079,#2080,#2081);
#2079 = CARTESIAN_POINT('',(-19.,-5.,-6.));
#2080 = DIRECTION('',(0.,0.707106781187,0.707106781187));
#2081 = DIRECTION('',(-1.,0.,0.));
#2082 = ADVANCED_FACE('',(#2083),#2108,.T.);
#2083 = FACE_BOUND('',#2084,.T.);
#2084 = EDGE_LOOP('',(#2085,#2086,#2094,#2102));
#2085 = ORIENTED_EDGE('',*,*,#1928,.T.);
#2086 = ORIENTED_EDGE('',*,*,#2087,.T.);
#2087 = EDGE_CURVE('',#1929,#2088,#2090,.T.);
#2088 = VERTEX_POINT('',#2089);
#2089 = CARTESIAN_POINT('',(-19.,-4.5,-5.5));
#2090 = LINE('',#2091,#2092);
#2091 = CARTESIAN_POINT('',(-18.25,-4.5,-6.25));
#2092 = VECTOR('',#2093,1.);
#2093 = DIRECTION('',(-0.707106781187,-2.6E-15,0.707106781187));
#2094 = ORIENTED_EDGE('',*,*,#2095,.F.);
#2095 = EDGE_CURVE('',#2096,#2088,#2098,.T.);
#2096 = VERTEX_POINT('',#2097);
#2097 = CARTESIAN_POINT('',(-19.,4.5,-5.5));
#2098 = LINE('',#2099,#2100);
#2099 = CARTESIAN_POINT('',(-19.,5.5,-5.5));
#2100 = VECTOR('',#2101,1.);
#2101 = DIRECTION('',(0.,-1.,2.2E-16));
#2102 = ORIENTED_EDGE('',*,*,#2103,.F.);
#2103 = EDGE_CURVE('',#1921,#2096,#2104,.T.);
#2104 = LINE('',#2105,#2106);
#2105 = CARTESIAN_POINT('',(-18.5,4.5,-6.));
#2106 = VECTOR('',#2107,1.);
#2107 = DIRECTION('',(-0.707106781187,1.35E-15,0.707106781187));
#2108 = PLANE('',#2109);
#2109 = AXIS2_PLACEMENT_3D('',#2110,#2111,#2112);
#2110 = CARTESIAN_POINT('',(-18.5,5.5,-6.));
#2111 = DIRECTION('',(-0.707106781187,-2.E-16,-0.707106781187));
#2112 = DIRECTION('',(3.142135623731E-17,-1.,2.514213562373E-16));
#2113 = ADVANCED_FACE('',(#2114),#2139,.F.);
#2114 = FACE_BOUND('',#2115,.F.);
#2115 = EDGE_LOOP('',(#2116,#2124,#2125,#2133));
#2116 = ORIENTED_EDGE('',*,*,#2117,.T.);
#2117 = EDGE_CURVE('',#2118,#1921,#2120,.T.);
#2118 = VERTEX_POINT('',#2119);
#2119 = CARTESIAN_POINT('',(-18.,5.5,-5.5));
#2120 = LINE('',#2121,#2122);
#2121 = CARTESIAN_POINT('',(-18.,5.25,-5.75));
#2122 = VECTOR('',#2123,1.);
#2123 = DIRECTION('',(6.7E-16,-0.707106781187,-0.707106781187));
#2124 = ORIENTED_EDGE('',*,*,#1920,.T.);
#2125 = ORIENTED_EDGE('',*,*,#2126,.F.);
#2126 = EDGE_CURVE('',#2127,#1913,#2129,.T.);
#2127 = VERTEX_POINT('',#2128);
#2128 = CARTESIAN_POINT('',(18.,5.5,-5.5));
#2129 = LINE('',#2130,#2131);
#2130 = CARTESIAN_POINT('',(18.,5.,-6.));
#2131 = VECTOR('',#2132,1.);
#2132 = DIRECTION('',(-6.7E-16,-0.707106781187,-0.707106781187));
#2133 = ORIENTED_EDGE('',*,*,#2134,.F.);
#2134 = EDGE_CURVE('',#2118,#2127,#2135,.T.);
#2135 = LINE('',#2136,#2137);
#2136 = CARTESIAN_POINT('',(-19.,5.5,-5.5));
#2137 = VECTOR('',#2138,1.);
#2138 = DIRECTION('',(1.,0.,0.));
#2139 = PLANE('',#2140);
#2140 = AXIS2_PLACEMENT_3D('',#2141,#2142,#2143);
#2141 = CARTESIAN_POINT('',(-19.,5.,-6.));
#2142 = DIRECTION('',(0.,-0.707106781187,0.707106781187));
#2143 = DIRECTION('',(1.,0.,0.));
#2144 = ADVANCED_FACE('',(#2145),#2163,.F.);
#2145 = FACE_BOUND('',#2146,.T.);
#2146 = EDGE_LOOP('',(#2147,#2148,#2149,#2157));
#2147 = ORIENTED_EDGE('',*,*,#2013,.T.);
#2148 = ORIENTED_EDGE('',*,*,#1904,.T.);
#2149 = ORIENTED_EDGE('',*,*,#2150,.F.);
#2150 = EDGE_CURVE('',#2151,#1905,#2153,.T.);
#2151 = VERTEX_POINT('',#2152);
#2152 = CARTESIAN_POINT('',(18.,-5.5,-5.5));
#2153 = LINE('',#2154,#2155);
#2154 = CARTESIAN_POINT('',(18.,-5.,-6.));
#2155 = VECTOR('',#2156,1.);
#2156 = DIRECTION('',(-6.7E-16,0.707106781187,-0.707106781187));
#2157 = ORIENTED_EDGE('',*,*,#2158,.F.);
#2158 = EDGE_CURVE('',#2006,#2151,#2159,.T.);
#2159 = LINE('',#2160,#2161);
#2160 = CARTESIAN_POINT('',(11.5,-5.5,-5.5));
#2161 = VECTOR('',#2162,1.);
#2162 = DIRECTION('',(1.,0.,0.));
#2163 = PLANE('',#2164);
#2164 = AXIS2_PLACEMENT_3D('',#2165,#2166,#2167);
#2165 = CARTESIAN_POINT('',(11.5,-5.,-6.));
#2166 = DIRECTION('',(0.,0.707106781187,0.707106781187));
#2167 = DIRECTION('',(-1.,0.,0.));
#2168 = ADVANCED_FACE('',(#2169),#2194,.T.);
#2169 = FACE_BOUND('',#2170,.F.);
#2170 = EDGE_LOOP('',(#2171,#2179,#2180,#2188));
#2171 = ORIENTED_EDGE('',*,*,#2172,.T.);
#2172 = EDGE_CURVE('',#2173,#1913,#2175,.T.);
#2173 = VERTEX_POINT('',#2174);
#2174 = CARTESIAN_POINT('',(19.,4.5,-5.5));
#2175 = LINE('',#2176,#2177);
#2176 = CARTESIAN_POINT('',(18.75,4.5,-5.75));
#2177 = VECTOR('',#2178,1.);
#2178 = DIRECTION('',(-0.707106781187,-1.92E-15,-0.707106781187));
#2179 = ORIENTED_EDGE('',*,*,#1912,.T.);
#2180 = ORIENTED_EDGE('',*,*,#2181,.F.);
#2181 = EDGE_CURVE('',#2182,#1905,#2184,.T.);
#2182 = VERTEX_POINT('',#2183);
#2183 = CARTESIAN_POINT('',(19.,-4.5,-5.5));
#2184 = LINE('',#2185,#2186);
#2185 = CARTESIAN_POINT('',(18.75,-4.5,-5.75));
#2186 = VECTOR('',#2187,1.);
#2187 = DIRECTION('',(-0.707106781187,1.35E-15,-0.707106781187));
#2188 = ORIENTED_EDGE('',*,*,#2189,.F.);
#2189 = EDGE_CURVE('',#2173,#2182,#2190,.T.);
#2190 = LINE('',#2191,#2192);
#2191 = CARTESIAN_POINT('',(19.,5.5,-5.5));
#2192 = VECTOR('',#2193,1.);
#2193 = DIRECTION('',(0.,-1.,2.2E-16));
#2194 = PLANE('',#2195);
#2195 = AXIS2_PLACEMENT_3D('',#2196,#2197,#2198);
#2196 = CARTESIAN_POINT('',(18.5,5.5,-6.));
#2197 = DIRECTION('',(0.707106781187,-1.8E-16,-0.707106781187));
#2198 = DIRECTION('',(1.727922061358E-17,1.,-2.372792206136E-16));
#2199 = ADVANCED_FACE('',(#2200,#2229,#2240),#2251,.T.);
#2200 = FACE_BOUND('',#2201,.T.);
#2201 = EDGE_LOOP('',(#2202,#2203,#2204,#2205,#2213,#2221,#2227,#2228));
#2202 = ORIENTED_EDGE('',*,*,#1978,.F.);
#2203 = ORIENTED_EDGE('',*,*,#2005,.T.);
#2204 = ORIENTED_EDGE('',*,*,#2158,.T.);
#2205 = ORIENTED_EDGE('',*,*,#2206,.T.);
#2206 = EDGE_CURVE('',#2151,#2207,#2209,.T.);
#2207 = VERTEX_POINT('',#2208);
#2208 = CARTESIAN_POINT('',(18.,-5.5,5.5));
#2209 = LINE('',#2210,#2211);
#2210 = CARTESIAN_POINT('',(18.,-5.5,-6.5));
#2211 = VECTOR('',#2212,1.);
#2212 = DIRECTION('',(0.,2.2E-16,1.));
#2213 = ORIENTED_EDGE('',*,*,#2214,.T.);
#2214 = EDGE_CURVE('',#2207,#2215,#2217,.T.);
#2215 = VERTEX_POINT('',#2216);
#2216 = CARTESIAN_POINT('',(-18.,-5.5,5.5));
#2217 = LINE('',#2218,#2219);
#2218 = CARTESIAN_POINT('',(19.,-5.5,5.5));
#2219 = VECTOR('',#2220,1.);
#2220 = DIRECTION('',(-1.,0.,0.));
#2221 = ORIENTED_EDGE('',*,*,#2222,.T.);
#2222 = EDGE_CURVE('',#2215,#2063,#2223,.T.);
#2223 = LINE('',#2224,#2225);
#2224 = CARTESIAN_POINT('',(-18.,-5.5,6.5));
#2225 = VECTOR('',#2226,1.);
#2226 = DIRECTION('',(0.,-2.2E-16,-1.));
#2227 = ORIENTED_EDGE('',*,*,#2072,.T.);
#2228 = ORIENTED_EDGE('',*,*,#1952,.F.);
#2229 = FACE_BOUND('',#2230,.T.);
#2230 = EDGE_LOOP('',(#2231));
#2231 = ORIENTED_EDGE('',*,*,#2232,.T.);
#2232 = EDGE_CURVE('',#2233,#2233,#2235,.T.);
#2233 = VERTEX_POINT('',#2234);
#2234 = CARTESIAN_POINT('',(-15.45,-5.5,4.E-15));
#2235 = CIRCLE('',#2236,2.95);
#2236 = AXIS2_PLACEMENT_3D('',#2237,#2238,#2239);
#2237 = CARTESIAN_POINT('',(-12.5,-5.5,0.));
#2238 = DIRECTION('',(0.,1.,-0.));
#2239 = DIRECTION('',(-1.,0.,1.63E-15));
#2240 = FACE_BOUND('',#2241,.T.);
#2241 = EDGE_LOOP('',(#2242));
#2242 = ORIENTED_EDGE('',*,*,#2243,.T.);
#2243 = EDGE_CURVE('',#2244,#2244,#2246,.T.);
#2244 = VERTEX_POINT('',#2245);
#2245 = CARTESIAN_POINT('',(9.55,-5.5,4.E-15));
#2246 = CIRCLE('',#2247,2.95);
#2247 = AXIS2_PLACEMENT_3D('',#2248,#2249,#2250);
#2248 = CARTESIAN_POINT('',(12.5,-5.5,0.));
#2249 = DIRECTION('',(0.,1.,-0.));
#2250 = DIRECTION('',(-1.,0.,1.63E-15));
#2251 = PLANE('',#2252);
#2252 = AXIS2_PLACEMENT_3D('',#2253,#2254,#2255);
#2253 = CARTESIAN_POINT('',(0.,-5.5,-27.76859504132));
#2254 = DIRECTION('',(-0.,-1.,-0.));
#2255 = DIRECTION('',(0.,0.,-1.));
#2256 = ADVANCED_FACE('',(#2257),#2267,.F.);
#2257 = FACE_BOUND('',#2258,.F.);
#2258 = EDGE_LOOP('',(#2259,#2260,#2261));
#2259 = ORIENTED_EDGE('',*,*,#2062,.F.);
#2260 = ORIENTED_EDGE('',*,*,#2087,.T.);
#2261 = ORIENTED_EDGE('',*,*,#2262,.F.);
#2262 = EDGE_CURVE('',#2063,#2088,#2263,.T.);
#2263 = LINE('',#2264,#2265);
#2264 = CARTESIAN_POINT('',(-18.5,-5.,-5.5));
#2265 = VECTOR('',#2266,1.);
#2266 = DIRECTION('',(-0.707106781187,0.707106781187,-2.6E-15));
#2267 = PLANE('',#2268);
#2268 = AXIS2_PLACEMENT_3D('',#2269,#2270,#2271);
#2269 = CARTESIAN_POINT('',(-18.,-4.5,-6.5));
#2270 = DIRECTION('',(0.57735026919,0.57735026919,0.57735026919));
#2271 = DIRECTION('',(-0.707106781187,0.707106781187,-1.360023205166E-15
    ));
#2272 = ADVANCED_FACE('',(#2273),#2283,.F.);
#2273 = FACE_BOUND('',#2274,.F.);
#2274 = EDGE_LOOP('',(#2275,#2276,#2282));
#2275 = ORIENTED_EDGE('',*,*,#2117,.F.);
#2276 = ORIENTED_EDGE('',*,*,#2277,.T.);
#2277 = EDGE_CURVE('',#2118,#2096,#2278,.T.);
#2278 = LINE('',#2279,#2280);
#2279 = CARTESIAN_POINT('',(-18.25,5.25,-5.5));
#2280 = VECTOR('',#2281,1.);
#2281 = DIRECTION('',(-0.707106781187,-0.707106781187,-6.7E-16));
#2282 = ORIENTED_EDGE('',*,*,#2103,.F.);
#2283 = PLANE('',#2284);
#2284 = AXIS2_PLACEMENT_3D('',#2285,#2286,#2287);
#2285 = CARTESIAN_POINT('',(-18.,5.5,-5.5));
#2286 = DIRECTION('',(0.57735026919,-0.57735026919,0.57735026919));
#2287 = DIRECTION('',(-0.707106781187,1.110223024625E-16,0.707106781187)
  );
#2288 = ADVANCED_FACE('',(#2289),#2314,.F.);
#2289 = FACE_BOUND('',#2290,.F.);
#2290 = EDGE_LOOP('',(#2291,#2299,#2300,#2308));
#2291 = ORIENTED_EDGE('',*,*,#2292,.T.);
#2292 = EDGE_CURVE('',#2293,#2088,#2295,.T.);
#2293 = VERTEX_POINT('',#2294);
#2294 = CARTESIAN_POINT('',(-19.,-4.5,5.5));
#2295 = LINE('',#2296,#2297);
#2296 = CARTESIAN_POINT('',(-19.,-4.5,6.5));
#2297 = VECTOR('',#2298,1.);
#2298 = DIRECTION('',(0.,-2.2E-16,-1.));
#2299 = ORIENTED_EDGE('',*,*,#2095,.F.);
#2300 = ORIENTED_EDGE('',*,*,#2301,.F.);
#2301 = EDGE_CURVE('',#2302,#2096,#2304,.T.);
#2302 = VERTEX_POINT('',#2303);
#2303 = CARTESIAN_POINT('',(-19.,4.5,5.5));
#2304 = LINE('',#2305,#2306);
#2305 = CARTESIAN_POINT('',(-19.,4.5,6.5));
#2306 = VECTOR('',#2307,1.);
#2307 = DIRECTION('',(0.,-2.2E-16,-1.));
#2308 = ORIENTED_EDGE('',*,*,#2309,.T.);
#2309 = EDGE_CURVE('',#2302,#2293,#2310,.T.);
#2310 = LINE('',#2311,#2312);
#2311 = CARTESIAN_POINT('',(-19.,5.5,5.5));
#2312 = VECTOR('',#2313,1.);
#2313 = DIRECTION('',(0.,-1.,2.2E-16));
#2314 = PLANE('',#2315);
#2315 = AXIS2_PLACEMENT_3D('',#2316,#2317,#2318);
#2316 = CARTESIAN_POINT('',(-19.,5.5,6.5));
#2317 = DIRECTION('',(1.,0.,0.));
#2318 = DIRECTION('',(0.,-2.2E-16,-1.));
#2319 = ADVANCED_FACE('',(#2320,#2345,#2356),#2367,.T.);
#2320 = FACE_BOUND('',#2321,.T.);
#2321 = EDGE_LOOP('',(#2322,#2323,#2331,#2339));
#2322 = ORIENTED_EDGE('',*,*,#2134,.F.);
#2323 = ORIENTED_EDGE('',*,*,#2324,.F.);
#2324 = EDGE_CURVE('',#2325,#2118,#2327,.T.);
#2325 = VERTEX_POINT('',#2326);
#2326 = CARTESIAN_POINT('',(-18.,5.5,5.5));
#2327 = LINE('',#2328,#2329);
#2328 = CARTESIAN_POINT('',(-18.,5.5,6.5));
#2329 = VECTOR('',#2330,1.);
#2330 = DIRECTION('',(0.,-2.2E-16,-1.));
#2331 = ORIENTED_EDGE('',*,*,#2332,.F.);
#2332 = EDGE_CURVE('',#2333,#2325,#2335,.T.);
#2333 = VERTEX_POINT('',#2334);
#2334 = CARTESIAN_POINT('',(18.,5.5,5.5));
#2335 = LINE('',#2336,#2337);
#2336 = CARTESIAN_POINT('',(19.,5.5,5.5));
#2337 = VECTOR('',#2338,1.);
#2338 = DIRECTION('',(-1.,0.,0.));
#2339 = ORIENTED_EDGE('',*,*,#2340,.F.);
#2340 = EDGE_CURVE('',#2127,#2333,#2341,.T.);
#2341 = LINE('',#2342,#2343);
#2342 = CARTESIAN_POINT('',(18.,5.5,-6.5));
#2343 = VECTOR('',#2344,1.);
#2344 = DIRECTION('',(0.,2.2E-16,1.));
#2345 = FACE_BOUND('',#2346,.T.);
#2346 = EDGE_LOOP('',(#2347));
#2347 = ORIENTED_EDGE('',*,*,#2348,.F.);
#2348 = EDGE_CURVE('',#2349,#2349,#2351,.T.);
#2349 = VERTEX_POINT('',#2350);
#2350 = CARTESIAN_POINT('',(-14.,5.5,0.));
#2351 = CIRCLE('',#2352,1.5);
#2352 = AXIS2_PLACEMENT_3D('',#2353,#2354,#2355);
#2353 = CARTESIAN_POINT('',(-12.5,5.5,0.));
#2354 = DIRECTION('',(0.,1.,-0.));
#2355 = DIRECTION('',(-1.,0.,0.));
#2356 = FACE_BOUND('',#2357,.T.);
#2357 = EDGE_LOOP('',(#2358));
#2358 = ORIENTED_EDGE('',*,*,#2359,.F.);
#2359 = EDGE_CURVE('',#2360,#2360,#2362,.T.);
#2360 = VERTEX_POINT('',#2361);
#2361 = CARTESIAN_POINT('',(11.,5.5,0.));
#2362 = CIRCLE('',#2363,1.5);
#2363 = AXIS2_PLACEMENT_3D('',#2364,#2365,#2366);
#2364 = CARTESIAN_POINT('',(12.5,5.5,0.));
#2365 = DIRECTION('',(0.,1.,-0.));
#2366 = DIRECTION('',(-1.,0.,0.));
#2367 = PLANE('',#2368);
#2368 = AXIS2_PLACEMENT_3D('',#2369,#2370,#2371);
#2369 = CARTESIAN_POINT('',(0.,5.5,-1.E-15));
#2370 = DIRECTION('',(0.,1.,0.));
#2371 = DIRECTION('',(0.,0.,1.));
#2372 = ADVANCED_FACE('',(#2373),#2383,.T.);
#2373 = FACE_BOUND('',#2374,.T.);
#2374 = EDGE_LOOP('',(#2375,#2381,#2382));
#2375 = ORIENTED_EDGE('',*,*,#2376,.F.);
#2376 = EDGE_CURVE('',#2173,#2127,#2377,.T.);
#2377 = LINE('',#2378,#2379);
#2378 = CARTESIAN_POINT('',(18.75,4.75,-5.5));
#2379 = VECTOR('',#2380,1.);
#2380 = DIRECTION('',(-0.707106781187,0.707106781187,1.25E-15));
#2381 = ORIENTED_EDGE('',*,*,#2172,.T.);
#2382 = ORIENTED_EDGE('',*,*,#2126,.F.);
#2383 = PLANE('',#2384);
#2384 = AXIS2_PLACEMENT_3D('',#2385,#2386,#2387);
#2385 = CARTESIAN_POINT('',(19.,4.5,-5.5));
#2386 = DIRECTION('',(0.57735026919,0.57735026919,-0.57735026919));
#2387 = DIRECTION('',(0.,-0.707106781187,-0.707106781187));
#2388 = ADVANCED_FACE('',(#2389),#2399,.F.);
#2389 = FACE_BOUND('',#2390,.F.);
#2390 = EDGE_LOOP('',(#2391,#2397,#2398));
#2391 = ORIENTED_EDGE('',*,*,#2392,.F.);
#2392 = EDGE_CURVE('',#2182,#2151,#2393,.T.);
#2393 = LINE('',#2394,#2395);
#2394 = CARTESIAN_POINT('',(18.75,-4.75,-5.5));
#2395 = VECTOR('',#2396,1.);
#2396 = DIRECTION('',(-0.707106781187,-0.707106781187,6.7E-16));
#2397 = ORIENTED_EDGE('',*,*,#2181,.T.);
#2398 = ORIENTED_EDGE('',*,*,#2150,.F.);
#2399 = PLANE('',#2400);
#2400 = AXIS2_PLACEMENT_3D('',#2401,#2402,#2403);
#2401 = CARTESIAN_POINT('',(19.,-4.5,-5.5));
#2402 = DIRECTION('',(-0.57735026919,0.57735026919,0.57735026919));
#2403 = DIRECTION('',(0.,0.707106781187,-0.707106781187));
#2404 = ADVANCED_FACE('',(#2405),#2430,.F.);
#2405 = FACE_BOUND('',#2406,.F.);
#2406 = EDGE_LOOP('',(#2407,#2415,#2423,#2429));
#2407 = ORIENTED_EDGE('',*,*,#2408,.T.);
#2408 = EDGE_CURVE('',#2182,#2409,#2411,.T.);
#2409 = VERTEX_POINT('',#2410);
#2410 = CARTESIAN_POINT('',(19.,-4.5,5.5));
#2411 = LINE('',#2412,#2413);
#2412 = CARTESIAN_POINT('',(19.,-4.5,-6.5));
#2413 = VECTOR('',#2414,1.);
#2414 = DIRECTION('',(0.,2.2E-16,1.));
#2415 = ORIENTED_EDGE('',*,*,#2416,.F.);
#2416 = EDGE_CURVE('',#2417,#2409,#2419,.T.);
#2417 = VERTEX_POINT('',#2418);
#2418 = CARTESIAN_POINT('',(19.,4.5,5.5));
#2419 = LINE('',#2420,#2421);
#2420 = CARTESIAN_POINT('',(19.,5.5,5.5));
#2421 = VECTOR('',#2422,1.);
#2422 = DIRECTION('',(0.,-1.,2.2E-16));
#2423 = ORIENTED_EDGE('',*,*,#2424,.F.);
#2424 = EDGE_CURVE('',#2173,#2417,#2425,.T.);
#2425 = LINE('',#2426,#2427);
#2426 = CARTESIAN_POINT('',(19.,4.5,-6.5));
#2427 = VECTOR('',#2428,1.);
#2428 = DIRECTION('',(0.,2.2E-16,1.));
#2429 = ORIENTED_EDGE('',*,*,#2189,.T.);
#2430 = PLANE('',#2431);
#2431 = AXIS2_PLACEMENT_3D('',#2432,#2433,#2434);
#2432 = CARTESIAN_POINT('',(19.,5.5,-6.5));
#2433 = DIRECTION('',(-1.,0.,0.));
#2434 = DIRECTION('',(0.,2.2E-16,1.));
#2435 = ADVANCED_FACE('',(#2436),#2447,.F.);
#2436 = FACE_BOUND('',#2437,.F.);
#2437 = EDGE_LOOP('',(#2438,#2439,#2440,#2446));
#2438 = ORIENTED_EDGE('',*,*,#2392,.T.);
#2439 = ORIENTED_EDGE('',*,*,#2206,.T.);
#2440 = ORIENTED_EDGE('',*,*,#2441,.T.);
#2441 = EDGE_CURVE('',#2207,#2409,#2442,.T.);
#2442 = LINE('',#2443,#2444);
#2443 = CARTESIAN_POINT('',(18.5,-5.,5.5));
#2444 = VECTOR('',#2445,1.);
#2445 = DIRECTION('',(0.707106781187,0.707106781187,1.25E-15));
#2446 = ORIENTED_EDGE('',*,*,#2408,.F.);
#2447 = PLANE('',#2448);
#2448 = AXIS2_PLACEMENT_3D('',#2449,#2450,#2451);
#2449 = CARTESIAN_POINT('',(18.5,-5.,-6.5));
#2450 = DIRECTION('',(-0.707106781187,0.707106781187,0.));
#2451 = DIRECTION('',(1.1E-16,1.1E-16,1.));
#2452 = ADVANCED_FACE('',(#2453),#2464,.F.);
#2453 = FACE_BOUND('',#2454,.F.);
#2454 = EDGE_LOOP('',(#2455,#2461,#2462,#2463));
#2455 = ORIENTED_EDGE('',*,*,#2456,.T.);
#2456 = EDGE_CURVE('',#2293,#2215,#2457,.T.);
#2457 = LINE('',#2458,#2459);
#2458 = CARTESIAN_POINT('',(-18.75,-4.75,5.5));
#2459 = VECTOR('',#2460,1.);
#2460 = DIRECTION('',(0.707106781187,-0.707106781187,-1.25E-15));
#2461 = ORIENTED_EDGE('',*,*,#2222,.T.);
#2462 = ORIENTED_EDGE('',*,*,#2262,.T.);
#2463 = ORIENTED_EDGE('',*,*,#2292,.F.);
#2464 = PLANE('',#2465);
#2465 = AXIS2_PLACEMENT_3D('',#2466,#2467,#2468);
#2466 = CARTESIAN_POINT('',(-18.5,-5.,6.5));
#2467 = DIRECTION('',(0.707106781187,0.707106781187,0.));
#2468 = DIRECTION('',(1.1E-16,-1.1E-16,-1.));
#2469 = ADVANCED_FACE('',(#2470),#2495,.F.);
#2470 = FACE_BOUND('',#2471,.F.);
#2471 = EDGE_LOOP('',(#2472,#2480,#2481,#2489));
#2472 = ORIENTED_EDGE('',*,*,#2473,.T.);
#2473 = EDGE_CURVE('',#2474,#2207,#2476,.T.);
#2474 = VERTEX_POINT('',#2475);
#2475 = CARTESIAN_POINT('',(18.,-4.5,6.5));
#2476 = LINE('',#2477,#2478);
#2477 = CARTESIAN_POINT('',(18.,-4.75,6.25));
#2478 = VECTOR('',#2479,1.);
#2479 = DIRECTION('',(-5.8E-16,-0.707106781187,-0.707106781187));
#2480 = ORIENTED_EDGE('',*,*,#2214,.T.);
#2481 = ORIENTED_EDGE('',*,*,#2482,.T.);
#2482 = EDGE_CURVE('',#2215,#2483,#2485,.T.);
#2483 = VERTEX_POINT('',#2484);
#2484 = CARTESIAN_POINT('',(-18.,-4.5,6.5));
#2485 = LINE('',#2486,#2487);
#2486 = CARTESIAN_POINT('',(-18.,-5.,6.));
#2487 = VECTOR('',#2488,1.);
#2488 = DIRECTION('',(0.,0.707106781187,0.707106781187));
#2489 = ORIENTED_EDGE('',*,*,#2490,.F.);
#2490 = EDGE_CURVE('',#2474,#2483,#2491,.T.);
#2491 = LINE('',#2492,#2493);
#2492 = CARTESIAN_POINT('',(19.,-4.5,6.5));
#2493 = VECTOR('',#2494,1.);
#2494 = DIRECTION('',(-1.,0.,0.));
#2495 = PLANE('',#2496);
#2496 = AXIS2_PLACEMENT_3D('',#2497,#2498,#2499);
#2497 = CARTESIAN_POINT('',(19.,-5.,6.));
#2498 = DIRECTION('',(0.,0.707106781187,-0.707106781187));
#2499 = DIRECTION('',(-1.,0.,0.));
#2500 = ADVANCED_FACE('',(#2501),#2520,.F.);
#2501 = FACE_BOUND('',#2502,.F.);
#2502 = EDGE_LOOP('',(#2503,#2511,#2512,#2513));
#2503 = ORIENTED_EDGE('',*,*,#2504,.F.);
#2504 = EDGE_CURVE('',#2233,#2505,#2507,.T.);
#2505 = VERTEX_POINT('',#2506);
#2506 = CARTESIAN_POINT('',(-14.,-3.7,2.E-15));
#2507 = LINE('',#2508,#2509);
#2508 = CARTESIAN_POINT('',(-14.,-3.7,2.04E-15));
#2509 = VECTOR('',#2510,1.);
#2510 = DIRECTION('',(0.627329537873,0.778753909083,-8.5E-16));
#2511 = ORIENTED_EDGE('',*,*,#2232,.T.);
#2512 = ORIENTED_EDGE('',*,*,#2504,.T.);
#2513 = ORIENTED_EDGE('',*,*,#2514,.F.);
#2514 = EDGE_CURVE('',#2505,#2505,#2515,.T.);
#2515 = CIRCLE('',#2516,1.5);
#2516 = AXIS2_PLACEMENT_3D('',#2517,#2518,#2519);
#2517 = CARTESIAN_POINT('',(-12.5,-3.7,0.));
#2518 = DIRECTION('',(0.,1.,-0.));
#2519 = DIRECTION('',(-1.,0.,1.63E-15));
#2520 = CONICAL_SURFACE('',#2521,1.5,0.678119307749);
#2521 = AXIS2_PLACEMENT_3D('',#2522,#2523,#2524);
#2522 = CARTESIAN_POINT('',(-12.5,-3.7,0.));
#2523 = DIRECTION('',(-0.,-1.,-0.));
#2524 = DIRECTION('',(-1.,0.,1.63E-15));
#2525 = ADVANCED_FACE('',(#2526),#2545,.F.);
#2526 = FACE_BOUND('',#2527,.F.);
#2527 = EDGE_LOOP('',(#2528,#2536,#2537,#2538));
#2528 = ORIENTED_EDGE('',*,*,#2529,.F.);
#2529 = EDGE_CURVE('',#2244,#2530,#2532,.T.);
#2530 = VERTEX_POINT('',#2531);
#2531 = CARTESIAN_POINT('',(11.,-3.7,2.E-15));
#2532 = LINE('',#2533,#2534);
#2533 = CARTESIAN_POINT('',(11.,-3.7,2.04E-15));
#2534 = VECTOR('',#2535,1.);
#2535 = DIRECTION('',(0.627329537873,0.778753909083,-8.5E-16));
#2536 = ORIENTED_EDGE('',*,*,#2243,.T.);
#2537 = ORIENTED_EDGE('',*,*,#2529,.T.);
#2538 = ORIENTED_EDGE('',*,*,#2539,.F.);
#2539 = EDGE_CURVE('',#2530,#2530,#2540,.T.);
#2540 = CIRCLE('',#2541,1.5);
#2541 = AXIS2_PLACEMENT_3D('',#2542,#2543,#2544);
#2542 = CARTESIAN_POINT('',(12.5,-3.7,0.));
#2543 = DIRECTION('',(0.,1.,-0.));
#2544 = DIRECTION('',(-1.,0.,1.63E-15));
#2545 = CONICAL_SURFACE('',#2546,1.5,0.678119307749);
#2546 = AXIS2_PLACEMENT_3D('',#2547,#2548,#2549);
#2547 = CARTESIAN_POINT('',(12.5,-3.7,0.));
#2548 = DIRECTION('',(-0.,-1.,-0.));
#2549 = DIRECTION('',(-1.,0.,1.63E-15));
#2550 = ADVANCED_FACE('',(#2551),#2562,.F.);
#2551 = FACE_BOUND('',#2552,.T.);
#2552 = EDGE_LOOP('',(#2553,#2559,#2560,#2561));
#2553 = ORIENTED_EDGE('',*,*,#2554,.F.);
#2554 = EDGE_CURVE('',#2325,#2302,#2555,.T.);
#2555 = LINE('',#2556,#2557);
#2556 = CARTESIAN_POINT('',(-18.25,5.25,5.5));
#2557 = VECTOR('',#2558,1.);
#2558 = DIRECTION('',(-0.707106781187,-0.707106781187,6.7E-16));
#2559 = ORIENTED_EDGE('',*,*,#2324,.T.);
#2560 = ORIENTED_EDGE('',*,*,#2277,.T.);
#2561 = ORIENTED_EDGE('',*,*,#2301,.F.);
#2562 = PLANE('',#2563);
#2563 = AXIS2_PLACEMENT_3D('',#2564,#2565,#2566);
#2564 = CARTESIAN_POINT('',(-18.5,5.,6.5));
#2565 = DIRECTION('',(0.707106781187,-0.707106781187,0.));
#2566 = DIRECTION('',(1.1E-16,1.1E-16,1.));
#2567 = ADVANCED_FACE('',(#2568),#2591,.T.);
#2568 = FACE_BOUND('',#2569,.T.);
#2569 = EDGE_LOOP('',(#2570,#2571,#2577,#2585));
#2570 = ORIENTED_EDGE('',*,*,#2309,.T.);
#2571 = ORIENTED_EDGE('',*,*,#2572,.T.);
#2572 = EDGE_CURVE('',#2293,#2483,#2573,.T.);
#2573 = LINE('',#2574,#2575);
#2574 = CARTESIAN_POINT('',(-18.75,-4.5,5.75));
#2575 = VECTOR('',#2576,1.);
#2576 = DIRECTION('',(0.707106781187,1.25E-15,0.707106781187));
#2577 = ORIENTED_EDGE('',*,*,#2578,.F.);
#2578 = EDGE_CURVE('',#2579,#2483,#2581,.T.);
#2579 = VERTEX_POINT('',#2580);
#2580 = CARTESIAN_POINT('',(-18.,4.5,6.5));
#2581 = LINE('',#2582,#2583);
#2582 = CARTESIAN_POINT('',(-18.,5.5,6.5));
#2583 = VECTOR('',#2584,1.);
#2584 = DIRECTION('',(0.,-1.,2.2E-16));
#2585 = ORIENTED_EDGE('',*,*,#2586,.T.);
#2586 = EDGE_CURVE('',#2579,#2302,#2587,.T.);
#2587 = LINE('',#2588,#2589);
#2588 = CARTESIAN_POINT('',(-18.5,4.5,6.));
#2589 = VECTOR('',#2590,1.);
#2590 = DIRECTION('',(-0.707106781187,1.35E-15,-0.707106781187));
#2591 = PLANE('',#2592);
#2592 = AXIS2_PLACEMENT_3D('',#2593,#2594,#2595);
#2593 = CARTESIAN_POINT('',(-18.5,5.5,6.));
#2594 = DIRECTION('',(-0.707106781187,2.E-16,0.707106781187));
#2595 = DIRECTION('',(-3.142135623731E-17,-1.,2.514213562373E-16));
#2596 = ADVANCED_FACE('',(#2597),#2608,.F.);
#2597 = FACE_BOUND('',#2598,.F.);
#2598 = EDGE_LOOP('',(#2599,#2600,#2601,#2607));
#2599 = ORIENTED_EDGE('',*,*,#2376,.F.);
#2600 = ORIENTED_EDGE('',*,*,#2424,.T.);
#2601 = ORIENTED_EDGE('',*,*,#2602,.T.);
#2602 = EDGE_CURVE('',#2417,#2333,#2603,.T.);
#2603 = LINE('',#2604,#2605);
#2604 = CARTESIAN_POINT('',(18.75,4.75,5.5));
#2605 = VECTOR('',#2606,1.);
#2606 = DIRECTION('',(-0.707106781187,0.707106781187,-6.7E-16));
#2607 = ORIENTED_EDGE('',*,*,#2340,.F.);
#2608 = PLANE('',#2609);
#2609 = AXIS2_PLACEMENT_3D('',#2610,#2611,#2612);
#2610 = CARTESIAN_POINT('',(18.5,5.,-6.5));
#2611 = DIRECTION('',(-0.707106781187,-0.707106781187,0.));
#2612 = DIRECTION('',(-1.1E-16,1.1E-16,1.));
#2613 = ADVANCED_FACE('',(#2614),#2637,.F.);
#2614 = FACE_BOUND('',#2615,.T.);
#2615 = EDGE_LOOP('',(#2616,#2617,#2623,#2631));
#2616 = ORIENTED_EDGE('',*,*,#2332,.T.);
#2617 = ORIENTED_EDGE('',*,*,#2618,.T.);
#2618 = EDGE_CURVE('',#2325,#2579,#2619,.T.);
#2619 = LINE('',#2620,#2621);
#2620 = CARTESIAN_POINT('',(-18.,5.25,5.75));
#2621 = VECTOR('',#2622,1.);
#2622 = DIRECTION('',(6.7E-16,-0.707106781187,0.707106781187));
#2623 = ORIENTED_EDGE('',*,*,#2624,.F.);
#2624 = EDGE_CURVE('',#2625,#2579,#2627,.T.);
#2625 = VERTEX_POINT('',#2626);
#2626 = CARTESIAN_POINT('',(18.,4.5,6.5));
#2627 = LINE('',#2628,#2629);
#2628 = CARTESIAN_POINT('',(19.,4.5,6.5));
#2629 = VECTOR('',#2630,1.);
#2630 = DIRECTION('',(-1.,0.,0.));
#2631 = ORIENTED_EDGE('',*,*,#2632,.F.);
#2632 = EDGE_CURVE('',#2333,#2625,#2633,.T.);
#2633 = LINE('',#2634,#2635);
#2634 = CARTESIAN_POINT('',(18.,5.,6.));
#2635 = VECTOR('',#2636,1.);
#2636 = DIRECTION('',(-1.25E-15,-0.707106781187,0.707106781187));
#2637 = PLANE('',#2638);
#2638 = AXIS2_PLACEMENT_3D('',#2639,#2640,#2641);
#2639 = CARTESIAN_POINT('',(19.,5.,6.));
#2640 = DIRECTION('',(0.,-0.707106781187,-0.707106781187));
#2641 = DIRECTION('',(1.,0.,0.));
#2642 = ADVANCED_FACE('',(#2643),#2654,.F.);
#2643 = FACE_BOUND('',#2644,.F.);
#2644 = EDGE_LOOP('',(#2645,#2651,#2652,#2653));
#2645 = ORIENTED_EDGE('',*,*,#2646,.F.);
#2646 = EDGE_CURVE('',#2349,#2505,#2647,.T.);
#2647 = LINE('',#2648,#2649);
#2648 = CARTESIAN_POINT('',(-14.,5.5,0.));
#2649 = VECTOR('',#2650,1.);
#2650 = DIRECTION('',(0.,-1.,2.2E-16));
#2651 = ORIENTED_EDGE('',*,*,#2348,.F.);
#2652 = ORIENTED_EDGE('',*,*,#2646,.T.);
#2653 = ORIENTED_EDGE('',*,*,#2514,.T.);
#2654 = CYLINDRICAL_SURFACE('',#2655,1.5);
#2655 = AXIS2_PLACEMENT_3D('',#2656,#2657,#2658);
#2656 = CARTESIAN_POINT('',(-12.5,5.5,0.));
#2657 = DIRECTION('',(0.,1.,-2.2E-16));
#2658 = DIRECTION('',(-1.,0.,0.));
#2659 = ADVANCED_FACE('',(#2660),#2671,.F.);
#2660 = FACE_BOUND('',#2661,.F.);
#2661 = EDGE_LOOP('',(#2662,#2668,#2669,#2670));
#2662 = ORIENTED_EDGE('',*,*,#2663,.F.);
#2663 = EDGE_CURVE('',#2360,#2530,#2664,.T.);
#2664 = LINE('',#2665,#2666);
#2665 = CARTESIAN_POINT('',(11.,5.5,0.));
#2666 = VECTOR('',#2667,1.);
#2667 = DIRECTION('',(0.,-1.,2.2E-16));
#2668 = ORIENTED_EDGE('',*,*,#2359,.F.);
#2669 = ORIENTED_EDGE('',*,*,#2663,.T.);
#2670 = ORIENTED_EDGE('',*,*,#2539,.T.);
#2671 = CYLINDRICAL_SURFACE('',#2672,1.5);
#2672 = AXIS2_PLACEMENT_3D('',#2673,#2674,#2675);
#2673 = CARTESIAN_POINT('',(12.5,5.5,0.));
#2674 = DIRECTION('',(0.,1.,-2.2E-16));
#2675 = DIRECTION('',(-1.,0.,0.));
#2676 = ADVANCED_FACE('',(#2677),#2698,.T.);
#2677 = FACE_BOUND('',#2678,.F.);
#2678 = EDGE_LOOP('',(#2679,#2685,#2686,#2692));
#2679 = ORIENTED_EDGE('',*,*,#2680,.F.);
#2680 = EDGE_CURVE('',#2417,#2625,#2681,.T.);
#2681 = LINE('',#2682,#2683);
#2682 = CARTESIAN_POINT('',(18.75,4.5,5.75));
#2683 = VECTOR('',#2684,1.);
#2684 = DIRECTION('',(-0.707106781187,-1.92E-15,0.707106781187));
#2685 = ORIENTED_EDGE('',*,*,#2416,.T.);
#2686 = ORIENTED_EDGE('',*,*,#2687,.F.);
#2687 = EDGE_CURVE('',#2474,#2409,#2688,.T.);
#2688 = LINE('',#2689,#2690);
#2689 = CARTESIAN_POINT('',(18.25,-4.5,6.25));
#2690 = VECTOR('',#2691,1.);
#2691 = DIRECTION('',(0.707106781187,-6.7E-16,-0.707106781187));
#2692 = ORIENTED_EDGE('',*,*,#2693,.F.);
#2693 = EDGE_CURVE('',#2625,#2474,#2694,.T.);
#2694 = LINE('',#2695,#2696);
#2695 = CARTESIAN_POINT('',(18.,5.5,6.5));
#2696 = VECTOR('',#2697,1.);
#2697 = DIRECTION('',(0.,-1.,2.2E-16));
#2698 = PLANE('',#2699);
#2699 = AXIS2_PLACEMENT_3D('',#2700,#2701,#2702);
#2700 = CARTESIAN_POINT('',(18.5,5.5,6.));
#2701 = DIRECTION('',(0.707106781187,1.8E-16,0.707106781187));
#2702 = DIRECTION('',(-1.727922061358E-17,1.,-2.372792206136E-16));
#2703 = ADVANCED_FACE('',(#2704),#2709,.F.);
#2704 = FACE_BOUND('',#2705,.F.);
#2705 = EDGE_LOOP('',(#2706,#2707,#2708));
#2706 = ORIENTED_EDGE('',*,*,#2473,.F.);
#2707 = ORIENTED_EDGE('',*,*,#2687,.T.);
#2708 = ORIENTED_EDGE('',*,*,#2441,.F.);
#2709 = PLANE('',#2710);
#2710 = AXIS2_PLACEMENT_3D('',#2711,#2712,#2713);
#2711 = CARTESIAN_POINT('',(18.,-4.5,6.5));
#2712 = DIRECTION('',(-0.57735026919,0.57735026919,-0.57735026919));
#2713 = DIRECTION('',(0.707106781187,0.707106781187,1.249000902703E-15)
  );
#2714 = ADVANCED_FACE('',(#2715),#2720,.F.);
#2715 = FACE_BOUND('',#2716,.F.);
#2716 = EDGE_LOOP('',(#2717,#2718,#2719));
#2717 = ORIENTED_EDGE('',*,*,#2456,.F.);
#2718 = ORIENTED_EDGE('',*,*,#2572,.T.);
#2719 = ORIENTED_EDGE('',*,*,#2482,.F.);
#2720 = PLANE('',#2721);
#2721 = AXIS2_PLACEMENT_3D('',#2722,#2723,#2724);
#2722 = CARTESIAN_POINT('',(-19.,-4.5,5.5));
#2723 = DIRECTION('',(0.57735026919,0.57735026919,-0.57735026919));
#2724 = DIRECTION('',(0.,0.707106781187,0.707106781187));
#2725 = ADVANCED_FACE('',(#2726),#2732,.F.);
#2726 = FACE_BOUND('',#2727,.F.);
#2727 = EDGE_LOOP('',(#2728,#2729,#2730,#2731));
#2728 = ORIENTED_EDGE('',*,*,#2490,.T.);
#2729 = ORIENTED_EDGE('',*,*,#2578,.F.);
#2730 = ORIENTED_EDGE('',*,*,#2624,.F.);
#2731 = ORIENTED_EDGE('',*,*,#2693,.T.);
#2732 = PLANE('',#2733);
#2733 = AXIS2_PLACEMENT_3D('',#2734,#2735,#2736);
#2734 = CARTESIAN_POINT('',(19.,5.5,6.5));
#2735 = DIRECTION('',(-0.,-2.2E-16,-1.));
#2736 = DIRECTION('',(-1.,0.,0.));
#2737 = ADVANCED_FACE('',(#2738),#2743,.T.);
#2738 = FACE_BOUND('',#2739,.T.);
#2739 = EDGE_LOOP('',(#2740,#2741,#2742));
#2740 = ORIENTED_EDGE('',*,*,#2618,.F.);
#2741 = ORIENTED_EDGE('',*,*,#2554,.T.);
#2742 = ORIENTED_EDGE('',*,*,#2586,.F.);
#2743 = PLANE('',#2744);
#2744 = AXIS2_PLACEMENT_3D('',#2745,#2746,#2747);
#2745 = CARTESIAN_POINT('',(-18.,5.5,5.5));
#2746 = DIRECTION('',(-0.57735026919,0.57735026919,0.57735026919));
#2747 = DIRECTION('',(-0.707106781187,6.661338147751E-16,-0.707106781187
    ));
#2748 = ADVANCED_FACE('',(#2749),#2754,.F.);
#2749 = FACE_BOUND('',#2750,.F.);
#2750 = EDGE_LOOP('',(#2751,#2752,#2753));
#2751 = ORIENTED_EDGE('',*,*,#2602,.F.);
#2752 = ORIENTED_EDGE('',*,*,#2680,.T.);
#2753 = ORIENTED_EDGE('',*,*,#2632,.F.);
#2754 = PLANE('',#2755);
#2755 = AXIS2_PLACEMENT_3D('',#2756,#2757,#2758);
#2756 = CARTESIAN_POINT('',(19.,4.5,5.5));
#2757 = DIRECTION('',(-0.57735026919,-0.57735026919,-0.57735026919));
#2758 = DIRECTION('',(1.110223024625E-16,-0.707106781187,0.707106781187)
  );
#2759 = ( GEOMETRIC_REPRESENTATION_CONTEXT(3) 
GLOBAL_UNCERTAINTY_ASSIGNED_CONTEXT((#2763)) 
GLOBAL_UNIT_ASSIGNED_CONTEXT((#2760,#2761,#2762)) REPRESENTATION_CONTEXT
('Context #1','3D Context with UNIT and UNCERTAINTY') );
#2760 = ( LENGTH_UNIT() NAMED_UNIT(*) SI_UNIT(.MILLI.,.METRE.) );
#2761 = ( NAMED_UNIT(*) PLANE_ANGLE_UNIT() SI_UNIT($,.RADIAN.) );
#2762 = ( NAMED_UNIT(*) SI_UNIT($,.STERADIAN.) SOLID_ANGLE_UNIT() );
#2763 = UNCERTAINTY_MEASURE_WITH_UNIT(LENGTH_MEASURE(1.E-05),#2760,
  'distance_accuracy_value','confusion accuracy');
#2764 = PRODUCT_RELATED_PRODUCT_CATEGORY('part',$,(#7));
ENDSEC;
END-ISO-10303-21;
