ISO-10303-21;
HEADER;
FILE_DESCRIPTION(('FreeCAD Model'),'2;1');
FILE_NAME('Open CASCADE Shape Model','2026-09-06T12:30:41',('FreeCAD'),(
    'FreeCAD'),'Open CASCADE STEP processor 7.8','FreeCAD','Unknown');
FILE_SCHEMA(('AUTOMOTIVE_DESIGN { 1 0 10303 214 1 1 1 1 }'));
ENDSEC;
DATA;
#1 = APPLICATION_PROTOCOL_DEFINITION('international standard',
  'automotive_design',2000,#2);
#2 = APPLICATION_CONTEXT(
  'core data for automotive mechanical design processes');
#3 = SHAPE_DEFINITION_REPRESENTATION(#4,#10);
#4 = PRODUCT_DEFINITION_SHAPE('','',#5);
#5 = PRODUCT_DEFINITION('design','',#6,#9);
#6 = PRODUCT_DEFINITION_FORMATION('','',#7);
#7 = PRODUCT('Open CASCADE STEP translator 7.8 248',
  'Open CASCADE STEP translator 7.8 248','',(#8));
#8 = PRODUCT_CONTEXT('',#2,'mechanical');
#9 = PRODUCT_DEFINITION_CONTEXT('part definition',#2,'design');
#10 = ADVANCED_BREP_SHAPE_REPRESENTATION('',(#11,#15),#3981);
#11 = AXIS2_PLACEMENT_3D('',#12,#13,#14);
#12 = CARTESIAN_POINT('',(0.,0.,0.));
#13 = DIRECTION('',(0.,0.,1.));
#14 = DIRECTION('',(1.,0.,-0.));
#15 = MANIFOLD_SOLID_BREP('',#16);
#16 = CLOSED_SHELL('',(#17,#121,#152,#176,#200,#224,#248,#272,#296,#320,
    #351,#375,#406,#437,#580,#604,#628,#764,#787,#811,#835,#1001,#1017,
    #1048,#1072,#1089,#1113,#1242,#1273,#1290,#1307,#1338,#1360,#1377,
    #1394,#1425,#1449,#1473,#1497,#1521,#1552,#1601,#1625,#1649,#1672,
    #1703,#1720,#1751,#1782,#1806,#1830,#1854,#1878,#1909,#1925,#1948,
    #1965,#2015,#2046,#2070,#2101,#2125,#2142,#2166,#2190,#2214,#2257,
    #2288,#2319,#2341,#2353,#2374,#2386,#2403,#2427,#2444,#2473,#2485,
    #2516,#2538,#2562,#2586,#2610,#2634,#2658,#2680,#2704,#2721,#2752,
    #2769,#2786,#2825,#2837,#2854,#2871,#2888,#2905,#2922,#2950,#2966,
    #2988,#3000,#3017,#3042,#3156,#3172,#3194,#3211,#3236,#3253,#3269,
    #3297,#3314,#3331,#3348,#3360,#3382,#3407,#3424,#3440,#3468,#3484,
    #3495,#3511,#3522,#3547,#3572,#3584,#3601,#3632,#3656,#3680,#3704,
    #3728,#3745,#3776,#3800,#3824,#3848,#3872,#3889,#3906,#3918,#3935,
    #3947,#3964));
#17 = ADVANCED_FACE('',(#18),#116,.T.);
#18 = FACE_BOUND('',#19,.T.);
#19 = EDGE_LOOP('',(#20,#30,#38,#46,#54,#62,#70,#78,#86,#94,#102,#110));
#20 = ORIENTED_EDGE('',*,*,#21,.T.);
#21 = EDGE_CURVE('',#22,#24,#26,.T.);
#22 = VERTEX_POINT('',#23);
#23 = CARTESIAN_POINT('',(-6.5,-12.08578643762,15.5));
#24 = VERTEX_POINT('',#25);
#25 = CARTESIAN_POINT('',(-6.5,-19.,15.5));
#26 = LINE('',#27,#28);
#27 = CARTESIAN_POINT('',(-6.5,-12.5,15.5));
#28 = VECTOR('',#29,1.);
#29 = DIRECTION('',(0.,-1.,2.2E-16));
#30 = ORIENTED_EDGE('',*,*,#31,.F.);
#31 = EDGE_CURVE('',#32,#24,#34,.T.);
#32 = VERTEX_POINT('',#33);
#33 = CARTESIAN_POINT('',(6.5,-19.,15.5));
#34 = LINE('',#35,#36);
#35 = CARTESIAN_POINT('',(6.5,-19.,15.5));
#36 = VECTOR('',#37,1.);
#37 = DIRECTION('',(-1.,0.,0.));
#38 = ORIENTED_EDGE('',*,*,#39,.F.);
#39 = EDGE_CURVE('',#40,#32,#42,.T.);
#40 = VERTEX_POINT('',#41);
#41 = CARTESIAN_POINT('',(6.5,-12.08578643762,15.5));
#42 = LINE('',#43,#44);
#43 = CARTESIAN_POINT('',(6.5,-12.5,15.5));
#44 = VECTOR('',#45,1.);
#45 = DIRECTION('',(0.,-1.,2.2E-16));
#46 = ORIENTED_EDGE('',*,*,#47,.F.);
#47 = EDGE_CURVE('',#48,#40,#50,.T.);
#48 = VERTEX_POINT('',#49);
#49 = CARTESIAN_POINT('',(11.085786437627,-7.5,15.5));
#50 = LINE('',#51,#52);
#51 = CARTESIAN_POINT('',(11.792893218813,-6.792893218813,15.5));
#52 = VECTOR('',#53,1.);
#53 = DIRECTION('',(-0.707106781187,-0.707106781187,0.));
#54 = ORIENTED_EDGE('',*,*,#55,.T.);
#55 = EDGE_CURVE('',#48,#56,#58,.T.);
#56 = VERTEX_POINT('',#57);
#57 = CARTESIAN_POINT('',(13.5,-6.5,15.5));
#58 = LINE('',#59,#60);
#59 = CARTESIAN_POINT('',(4.912762324761,-10.0569503084,15.5));
#60 = VECTOR('',#61,1.);
#61 = DIRECTION('',(0.923879532511,0.382683432365,0.));
#62 = ORIENTED_EDGE('',*,*,#63,.T.);
#63 = EDGE_CURVE('',#56,#64,#66,.T.);
#64 = VERTEX_POINT('',#65);
#65 = CARTESIAN_POINT('',(19.,-6.5,15.5));
#66 = LINE('',#67,#68);
#67 = CARTESIAN_POINT('',(12.5,-6.5,15.5));
#68 = VECTOR('',#69,1.);
#69 = DIRECTION('',(1.,0.,0.));
#70 = ORIENTED_EDGE('',*,*,#71,.F.);
#71 = EDGE_CURVE('',#72,#64,#74,.T.);
#72 = VERTEX_POINT('',#73);
#73 = CARTESIAN_POINT('',(19.,6.5,15.5));
#74 = LINE('',#75,#76);
#75 = CARTESIAN_POINT('',(19.,7.5,15.5));
#76 = VECTOR('',#77,1.);
#77 = DIRECTION('',(0.,-1.,2.2E-16));
#78 = ORIENTED_EDGE('',*,*,#79,.T.);
#79 = EDGE_CURVE('',#72,#80,#82,.T.);
#80 = VERTEX_POINT('',#81);
#81 = CARTESIAN_POINT('',(-19.,6.5,15.5));
#82 = LINE('',#83,#84);
#83 = CARTESIAN_POINT('',(19.,6.5,15.5));
#84 = VECTOR('',#85,1.);
#85 = DIRECTION('',(-1.,0.,0.));
#86 = ORIENTED_EDGE('',*,*,#87,.T.);
#87 = EDGE_CURVE('',#80,#88,#90,.T.);
#88 = VERTEX_POINT('',#89);
#89 = CARTESIAN_POINT('',(-19.,-6.5,15.5));
#90 = LINE('',#91,#92);
#91 = CARTESIAN_POINT('',(-19.,7.5,15.5));
#92 = VECTOR('',#93,1.);
#93 = DIRECTION('',(0.,-1.,2.2E-16));
#94 = ORIENTED_EDGE('',*,*,#95,.T.);
#95 = EDGE_CURVE('',#88,#96,#98,.T.);
#96 = VERTEX_POINT('',#97);
#97 = CARTESIAN_POINT('',(-13.5,-6.5,15.5));
#98 = LINE('',#99,#100);
#99 = CARTESIAN_POINT('',(-19.,-6.5,15.5));
#100 = VECTOR('',#101,1.);
#101 = DIRECTION('',(1.,0.,0.));
#102 = ORIENTED_EDGE('',*,*,#103,.F.);
#103 = EDGE_CURVE('',#104,#96,#106,.T.);
#104 = VERTEX_POINT('',#105);
#105 = CARTESIAN_POINT('',(-11.08578643762,-7.5,15.5));
#106 = LINE('',#107,#108);
#107 = CARTESIAN_POINT('',(-4.912762324761,-10.0569503084,15.5));
#108 = VECTOR('',#109,1.);
#109 = DIRECTION('',(-0.923879532511,0.382683432365,0.));
#110 = ORIENTED_EDGE('',*,*,#111,.T.);
#111 = EDGE_CURVE('',#104,#22,#112,.T.);
#112 = LINE('',#113,#114);
#113 = CARTESIAN_POINT('',(-11.79289321881,-6.792893218813,15.5));
#114 = VECTOR('',#115,1.);
#115 = DIRECTION('',(0.707106781187,-0.707106781187,0.));
#116 = PLANE('',#117);
#117 = AXIS2_PLACEMENT_3D('',#118,#119,#120);
#118 = CARTESIAN_POINT('',(0.,-15.65644171779,15.5));
#119 = DIRECTION('',(0.,0.,1.));
#120 = DIRECTION('',(1.,0.,0.));
#121 = ADVANCED_FACE('',(#122),#147,.T.);
#122 = FACE_BOUND('',#123,.F.);
#123 = EDGE_LOOP('',(#124,#125,#133,#141));
#124 = ORIENTED_EDGE('',*,*,#21,.T.);
#125 = ORIENTED_EDGE('',*,*,#126,.T.);
#126 = EDGE_CURVE('',#24,#127,#129,.T.);
#127 = VERTEX_POINT('',#128);
#128 = CARTESIAN_POINT('',(-7.5,-20.,14.5));
#129 = LINE('',#130,#131);
#130 = CARTESIAN_POINT('',(-3.583333333333,-16.08333333333,
    18.416666666667));
#131 = VECTOR('',#132,1.);
#132 = DIRECTION('',(-0.57735026919,-0.57735026919,-0.57735026919));
#133 = ORIENTED_EDGE('',*,*,#134,.F.);
#134 = EDGE_CURVE('',#135,#127,#137,.T.);
#135 = VERTEX_POINT('',#136);
#136 = CARTESIAN_POINT('',(-7.5,-12.5,14.5));
#137 = LINE('',#138,#139);
#138 = CARTESIAN_POINT('',(-7.5,-12.5,14.5));
#139 = VECTOR('',#140,1.);
#140 = DIRECTION('',(0.,-1.,2.2E-16));
#141 = ORIENTED_EDGE('',*,*,#142,.F.);
#142 = EDGE_CURVE('',#22,#135,#143,.T.);
#143 = LINE('',#144,#145);
#144 = CARTESIAN_POINT('',(-7.713884645254,-12.58859392084,
    14.286115354746));
#145 = VECTOR('',#146,1.);
#146 = DIRECTION('',(-0.678598344546,-0.281084637715,-0.678598344546));
#147 = PLANE('',#148);
#148 = AXIS2_PLACEMENT_3D('',#149,#150,#151);
#149 = CARTESIAN_POINT('',(-7.,-12.5,15.));
#150 = DIRECTION('',(-0.707106781187,0.,0.707106781187));
#151 = DIRECTION('',(-1.1E-16,1.,-1.1E-16));
#152 = ADVANCED_FACE('',(#153),#171,.F.);
#153 = FACE_BOUND('',#154,.T.);
#154 = EDGE_LOOP('',(#155,#163,#164,#165));
#155 = ORIENTED_EDGE('',*,*,#156,.F.);
#156 = EDGE_CURVE('',#32,#157,#159,.T.);
#157 = VERTEX_POINT('',#158);
#158 = CARTESIAN_POINT('',(7.5,-20.,14.5));
#159 = LINE('',#160,#161);
#160 = CARTESIAN_POINT('',(5.75,-18.25,16.25));
#161 = VECTOR('',#162,1.);
#162 = DIRECTION('',(0.57735026919,-0.57735026919,-0.57735026919));
#163 = ORIENTED_EDGE('',*,*,#31,.T.);
#164 = ORIENTED_EDGE('',*,*,#126,.T.);
#165 = ORIENTED_EDGE('',*,*,#166,.F.);
#166 = EDGE_CURVE('',#157,#127,#167,.T.);
#167 = LINE('',#168,#169);
#168 = CARTESIAN_POINT('',(6.5,-20.,14.5));
#169 = VECTOR('',#170,1.);
#170 = DIRECTION('',(-1.,0.,0.));
#171 = PLANE('',#172);
#172 = AXIS2_PLACEMENT_3D('',#173,#174,#175);
#173 = CARTESIAN_POINT('',(6.5,-19.5,15.));
#174 = DIRECTION('',(0.,0.707106781187,-0.707106781187));
#175 = DIRECTION('',(1.,0.,0.));
#176 = ADVANCED_FACE('',(#177),#195,.T.);
#177 = FACE_BOUND('',#178,.F.);
#178 = EDGE_LOOP('',(#179,#187,#188,#189));
#179 = ORIENTED_EDGE('',*,*,#180,.F.);
#180 = EDGE_CURVE('',#104,#181,#183,.T.);
#181 = VERTEX_POINT('',#182);
#182 = CARTESIAN_POINT('',(-11.79289321881,-8.207106781187,14.5));
#183 = LINE('',#184,#185);
#184 = CARTESIAN_POINT('',(-11.26256313292,-7.676776695297,15.25));
#185 = VECTOR('',#186,1.);
#186 = DIRECTION('',(-0.5,-0.5,-0.707106781187));
#187 = ORIENTED_EDGE('',*,*,#111,.T.);
#188 = ORIENTED_EDGE('',*,*,#142,.T.);
#189 = ORIENTED_EDGE('',*,*,#190,.F.);
#190 = EDGE_CURVE('',#181,#135,#191,.T.);
#191 = LINE('',#192,#193);
#192 = CARTESIAN_POINT('',(-12.5,-7.5,14.5));
#193 = VECTOR('',#194,1.);
#194 = DIRECTION('',(0.707106781187,-0.707106781187,0.));
#195 = PLANE('',#196);
#196 = AXIS2_PLACEMENT_3D('',#197,#198,#199);
#197 = CARTESIAN_POINT('',(-12.1464466094,-7.146446609407,15.));
#198 = DIRECTION('',(-0.5,-0.5,0.707106781187));
#199 = DIRECTION('',(-0.707106781187,0.707106781187,0.));
#200 = ADVANCED_FACE('',(#201),#219,.T.);
#201 = FACE_BOUND('',#202,.T.);
#202 = EDGE_LOOP('',(#203,#204,#205,#213));
#203 = ORIENTED_EDGE('',*,*,#39,.T.);
#204 = ORIENTED_EDGE('',*,*,#156,.T.);
#205 = ORIENTED_EDGE('',*,*,#206,.F.);
#206 = EDGE_CURVE('',#207,#157,#209,.T.);
#207 = VERTEX_POINT('',#208);
#208 = CARTESIAN_POINT('',(7.5,-12.5,14.5));
#209 = LINE('',#210,#211);
#210 = CARTESIAN_POINT('',(7.5,-12.5,14.5));
#211 = VECTOR('',#212,1.);
#212 = DIRECTION('',(0.,-1.,2.2E-16));
#213 = ORIENTED_EDGE('',*,*,#214,.F.);
#214 = EDGE_CURVE('',#40,#207,#215,.T.);
#215 = LINE('',#216,#217);
#216 = CARTESIAN_POINT('',(7.713884645254,-12.58859392084,
    14.286115354746));
#217 = VECTOR('',#218,1.);
#218 = DIRECTION('',(0.678598344546,-0.281084637715,-0.678598344546));
#219 = PLANE('',#220);
#220 = AXIS2_PLACEMENT_3D('',#221,#222,#223);
#221 = CARTESIAN_POINT('',(7.,-12.5,15.));
#222 = DIRECTION('',(0.707106781187,0.,0.707106781187));
#223 = DIRECTION('',(-1.1E-16,-1.,1.1E-16));
#224 = ADVANCED_FACE('',(#225),#243,.T.);
#225 = FACE_BOUND('',#226,.T.);
#226 = EDGE_LOOP('',(#227,#228,#229,#237));
#227 = ORIENTED_EDGE('',*,*,#180,.F.);
#228 = ORIENTED_EDGE('',*,*,#103,.T.);
#229 = ORIENTED_EDGE('',*,*,#230,.T.);
#230 = EDGE_CURVE('',#96,#231,#233,.T.);
#231 = VERTEX_POINT('',#232);
#232 = CARTESIAN_POINT('',(-13.5,-7.5,14.5));
#233 = LINE('',#234,#235);
#234 = CARTESIAN_POINT('',(-13.5,-7.,15.));
#235 = VECTOR('',#236,1.);
#236 = DIRECTION('',(-1.38E-15,-0.707106781187,-0.707106781187));
#237 = ORIENTED_EDGE('',*,*,#238,.F.);
#238 = EDGE_CURVE('',#181,#231,#239,.T.);
#239 = LINE('',#240,#241);
#240 = CARTESIAN_POINT('',(-12.04289321881,-8.103553390593,14.5));
#241 = VECTOR('',#242,1.);
#242 = DIRECTION('',(-0.923879532511,0.382683432365,-2.5E-16));
#243 = PLANE('',#244);
#244 = AXIS2_PLACEMENT_3D('',#245,#246,#247);
#245 = CARTESIAN_POINT('',(-11.08578643762,-7.5,15.5));
#246 = DIRECTION('',(-0.281084637715,-0.678598344546,0.678598344546));
#247 = DIRECTION('',(-0.923879532511,0.382683432365,0.));
#248 = ADVANCED_FACE('',(#249),#267,.T.);
#249 = FACE_BOUND('',#250,.T.);
#250 = EDGE_LOOP('',(#251,#259,#260,#261));
#251 = ORIENTED_EDGE('',*,*,#252,.F.);
#252 = EDGE_CURVE('',#48,#253,#255,.T.);
#253 = VERTEX_POINT('',#254);
#254 = CARTESIAN_POINT('',(11.792893218813,-8.207106781187,14.5));
#255 = LINE('',#256,#257);
#256 = CARTESIAN_POINT('',(11.262563132924,-7.676776695297,15.25));
#257 = VECTOR('',#258,1.);
#258 = DIRECTION('',(0.5,-0.5,-0.707106781187));
#259 = ORIENTED_EDGE('',*,*,#47,.T.);
#260 = ORIENTED_EDGE('',*,*,#214,.T.);
#261 = ORIENTED_EDGE('',*,*,#262,.F.);
#262 = EDGE_CURVE('',#253,#207,#263,.T.);
#263 = LINE('',#264,#265);
#264 = CARTESIAN_POINT('',(12.5,-7.5,14.5));
#265 = VECTOR('',#266,1.);
#266 = DIRECTION('',(-0.707106781187,-0.707106781187,0.));
#267 = PLANE('',#268);
#268 = AXIS2_PLACEMENT_3D('',#269,#270,#271);
#269 = CARTESIAN_POINT('',(12.146446609407,-7.146446609407,15.));
#270 = DIRECTION('',(0.5,-0.5,0.707106781187));
#271 = DIRECTION('',(-0.707106781187,-0.707106781187,2.775557561563E-17)
  );
#272 = ADVANCED_FACE('',(#273),#291,.F.);
#273 = FACE_BOUND('',#274,.T.);
#274 = EDGE_LOOP('',(#275,#283,#289,#290));
#275 = ORIENTED_EDGE('',*,*,#276,.F.);
#276 = EDGE_CURVE('',#277,#88,#279,.T.);
#277 = VERTEX_POINT('',#278);
#278 = CARTESIAN_POINT('',(-18.58578643762,-7.5,14.5));
#279 = LINE('',#280,#281);
#280 = CARTESIAN_POINT('',(-18.80925643016,-6.96049571322,15.03950428678
    ));
#281 = VECTOR('',#282,1.);
#282 = DIRECTION('',(-0.281084637715,0.678598344546,0.678598344546));
#283 = ORIENTED_EDGE('',*,*,#284,.T.);
#284 = EDGE_CURVE('',#277,#231,#285,.T.);
#285 = LINE('',#286,#287);
#286 = CARTESIAN_POINT('',(-19.,-7.5,14.5));
#287 = VECTOR('',#288,1.);
#288 = DIRECTION('',(1.,0.,0.));
#289 = ORIENTED_EDGE('',*,*,#230,.F.);
#290 = ORIENTED_EDGE('',*,*,#95,.F.);
#291 = PLANE('',#292);
#292 = AXIS2_PLACEMENT_3D('',#293,#294,#295);
#293 = CARTESIAN_POINT('',(-19.,-7.,15.));
#294 = DIRECTION('',(0.,0.707106781187,-0.707106781187));
#295 = DIRECTION('',(-1.,-0.,-0.));
#296 = ADVANCED_FACE('',(#297),#315,.F.);
#297 = FACE_BOUND('',#298,.F.);
#298 = EDGE_LOOP('',(#299,#300,#301,#309));
#299 = ORIENTED_EDGE('',*,*,#252,.F.);
#300 = ORIENTED_EDGE('',*,*,#55,.T.);
#301 = ORIENTED_EDGE('',*,*,#302,.T.);
#302 = EDGE_CURVE('',#56,#303,#305,.T.);
#303 = VERTEX_POINT('',#304);
#304 = CARTESIAN_POINT('',(13.5,-7.5,14.5));
#305 = LINE('',#306,#307);
#306 = CARTESIAN_POINT('',(13.5,-7.,15.));
#307 = VECTOR('',#308,1.);
#308 = DIRECTION('',(6.71E-15,-0.707106781187,-0.707106781187));
#309 = ORIENTED_EDGE('',*,*,#310,.F.);
#310 = EDGE_CURVE('',#253,#303,#311,.T.);
#311 = LINE('',#312,#313);
#312 = CARTESIAN_POINT('',(12.042893218813,-8.103553390593,14.5));
#313 = VECTOR('',#314,1.);
#314 = DIRECTION('',(0.923879532511,0.382683432365,1.39E-15));
#315 = PLANE('',#316);
#316 = AXIS2_PLACEMENT_3D('',#317,#318,#319);
#317 = CARTESIAN_POINT('',(11.085786437627,-7.5,15.5));
#318 = DIRECTION('',(-0.281084637715,0.678598344546,-0.678598344546));
#319 = DIRECTION('',(0.923879532511,0.382683432365,2.775557561563E-17));
#320 = ADVANCED_FACE('',(#321),#346,.F.);
#321 = FACE_BOUND('',#322,.F.);
#322 = EDGE_LOOP('',(#323,#333,#339,#340));
#323 = ORIENTED_EDGE('',*,*,#324,.F.);
#324 = EDGE_CURVE('',#325,#327,#329,.T.);
#325 = VERTEX_POINT('',#326);
#326 = CARTESIAN_POINT('',(-30.,6.5,4.5));
#327 = VERTEX_POINT('',#328);
#328 = CARTESIAN_POINT('',(-30.,-6.5,4.5));
#329 = LINE('',#330,#331);
#330 = CARTESIAN_POINT('',(-30.,7.5,4.5));
#331 = VECTOR('',#332,1.);
#332 = DIRECTION('',(0.,-1.,2.2E-16));
#333 = ORIENTED_EDGE('',*,*,#334,.F.);
#334 = EDGE_CURVE('',#80,#325,#335,.T.);
#335 = LINE('',#336,#337);
#336 = CARTESIAN_POINT('',(-19.,6.5,15.5));
#337 = VECTOR('',#338,1.);
#338 = DIRECTION('',(-0.707106781187,0.,-0.707106781187));
#339 = ORIENTED_EDGE('',*,*,#87,.T.);
#340 = ORIENTED_EDGE('',*,*,#341,.T.);
#341 = EDGE_CURVE('',#88,#327,#342,.T.);
#342 = LINE('',#343,#344);
#343 = CARTESIAN_POINT('',(-19.,-6.5,15.5));
#344 = VECTOR('',#345,1.);
#345 = DIRECTION('',(-0.707106781187,0.,-0.707106781187));
#346 = PLANE('',#347);
#347 = AXIS2_PLACEMENT_3D('',#348,#349,#350);
#348 = CARTESIAN_POINT('',(-19.,7.5,15.5));
#349 = DIRECTION('',(0.707106781187,-1.6E-16,-0.707106781187));
#350 = DIRECTION('',(-0.707106781187,-1.6E-16,-0.707106781187));
#351 = ADVANCED_FACE('',(#352),#370,.F.);
#352 = FACE_BOUND('',#353,.T.);
#353 = EDGE_LOOP('',(#354,#355,#363,#369));
#354 = ORIENTED_EDGE('',*,*,#302,.T.);
#355 = ORIENTED_EDGE('',*,*,#356,.T.);
#356 = EDGE_CURVE('',#303,#357,#359,.T.);
#357 = VERTEX_POINT('',#358);
#358 = CARTESIAN_POINT('',(18.585786437627,-7.5,14.5));
#359 = LINE('',#360,#361);
#360 = CARTESIAN_POINT('',(12.5,-7.5,14.5));
#361 = VECTOR('',#362,1.);
#362 = DIRECTION('',(1.,0.,0.));
#363 = ORIENTED_EDGE('',*,*,#364,.T.);
#364 = EDGE_CURVE('',#357,#64,#365,.T.);
#365 = LINE('',#366,#367);
#366 = CARTESIAN_POINT('',(17.93793608661,-9.064049103814,
    12.935950896186));
#367 = VECTOR('',#368,1.);
#368 = DIRECTION('',(0.281084637715,0.678598344546,0.678598344546));
#369 = ORIENTED_EDGE('',*,*,#63,.F.);
#370 = PLANE('',#371);
#371 = AXIS2_PLACEMENT_3D('',#372,#373,#374);
#372 = CARTESIAN_POINT('',(12.5,-7.,15.));
#373 = DIRECTION('',(0.,0.707106781187,-0.707106781187));
#374 = DIRECTION('',(-1.,-0.,-0.));
#375 = ADVANCED_FACE('',(#376),#401,.F.);
#376 = FACE_BOUND('',#377,.T.);
#377 = EDGE_LOOP('',(#378,#386,#394,#400));
#378 = ORIENTED_EDGE('',*,*,#379,.F.);
#379 = EDGE_CURVE('',#380,#72,#382,.T.);
#380 = VERTEX_POINT('',#381);
#381 = CARTESIAN_POINT('',(18.585786437627,7.5,14.5));
#382 = LINE('',#383,#384);
#383 = CARTESIAN_POINT('',(18.194713950677,8.444132501864,
    13.555867498136));
#384 = VECTOR('',#385,1.);
#385 = DIRECTION('',(0.281084637715,-0.678598344546,0.678598344546));
#386 = ORIENTED_EDGE('',*,*,#387,.T.);
#387 = EDGE_CURVE('',#380,#388,#390,.T.);
#388 = VERTEX_POINT('',#389);
#389 = CARTESIAN_POINT('',(-18.58578643762,7.5,14.5));
#390 = LINE('',#391,#392);
#391 = CARTESIAN_POINT('',(19.,7.5,14.5));
#392 = VECTOR('',#393,1.);
#393 = DIRECTION('',(-1.,0.,0.));
#394 = ORIENTED_EDGE('',*,*,#395,.T.);
#395 = EDGE_CURVE('',#388,#80,#396,.T.);
#396 = LINE('',#397,#398);
#397 = CARTESIAN_POINT('',(-17.30809353254,10.584623540001,
    11.415376459999));
#398 = VECTOR('',#399,1.);
#399 = DIRECTION('',(-0.281084637715,-0.678598344546,0.678598344546));
#400 = ORIENTED_EDGE('',*,*,#79,.F.);
#401 = PLANE('',#402);
#402 = AXIS2_PLACEMENT_3D('',#403,#404,#405);
#403 = CARTESIAN_POINT('',(19.,7.,15.));
#404 = DIRECTION('',(0.,-0.707106781187,-0.707106781187));
#405 = DIRECTION('',(1.,0.,0.));
#406 = ADVANCED_FACE('',(#407),#432,.F.);
#407 = FACE_BOUND('',#408,.F.);
#408 = EDGE_LOOP('',(#409,#410,#418,#426));
#409 = ORIENTED_EDGE('',*,*,#71,.F.);
#410 = ORIENTED_EDGE('',*,*,#411,.F.);
#411 = EDGE_CURVE('',#412,#72,#414,.T.);
#412 = VERTEX_POINT('',#413);
#413 = CARTESIAN_POINT('',(30.,6.5,4.5));
#414 = LINE('',#415,#416);
#415 = CARTESIAN_POINT('',(30.,6.5,4.5));
#416 = VECTOR('',#417,1.);
#417 = DIRECTION('',(-0.707106781187,0.,0.707106781187));
#418 = ORIENTED_EDGE('',*,*,#419,.T.);
#419 = EDGE_CURVE('',#412,#420,#422,.T.);
#420 = VERTEX_POINT('',#421);
#421 = CARTESIAN_POINT('',(30.,-6.5,4.5));
#422 = LINE('',#423,#424);
#423 = CARTESIAN_POINT('',(30.,7.5,4.5));
#424 = VECTOR('',#425,1.);
#425 = DIRECTION('',(0.,-1.,2.2E-16));
#426 = ORIENTED_EDGE('',*,*,#427,.T.);
#427 = EDGE_CURVE('',#420,#64,#428,.T.);
#428 = LINE('',#429,#430);
#429 = CARTESIAN_POINT('',(30.,-6.5,4.5));
#430 = VECTOR('',#431,1.);
#431 = DIRECTION('',(-0.707106781187,0.,0.707106781187));
#432 = PLANE('',#433);
#433 = AXIS2_PLACEMENT_3D('',#434,#435,#436);
#434 = CARTESIAN_POINT('',(30.,7.5,4.5));
#435 = DIRECTION('',(-0.707106781187,-1.6E-16,-0.707106781187));
#436 = DIRECTION('',(-0.707106781187,1.6E-16,0.707106781187));
#437 = ADVANCED_FACE('',(#438),#575,.T.);
#438 = FACE_BOUND('',#439,.T.);
#439 = EDGE_LOOP('',(#440,#441,#449,#457,#465,#473,#481,#489,#497,#505,
    #513,#521,#529,#537,#545,#553,#561,#569));
#440 = ORIENTED_EDGE('',*,*,#134,.F.);
#441 = ORIENTED_EDGE('',*,*,#442,.T.);
#442 = EDGE_CURVE('',#135,#443,#445,.T.);
#443 = VERTEX_POINT('',#444);
#444 = CARTESIAN_POINT('',(-7.5,-12.5,9.5));
#445 = LINE('',#446,#447);
#446 = CARTESIAN_POINT('',(-7.5,-12.5,15.5));
#447 = VECTOR('',#448,1.);
#448 = DIRECTION('',(0.,-2.2E-16,-1.));
#449 = ORIENTED_EDGE('',*,*,#450,.T.);
#450 = EDGE_CURVE('',#443,#451,#453,.T.);
#451 = VERTEX_POINT('',#452);
#452 = CARTESIAN_POINT('',(-7.5,-59.5,9.5));
#453 = LINE('',#454,#455);
#454 = CARTESIAN_POINT('',(-7.5,-12.5,9.5));
#455 = VECTOR('',#456,1.);
#456 = DIRECTION('',(0.,-1.,2.2E-16));
#457 = ORIENTED_EDGE('',*,*,#458,.T.);
#458 = EDGE_CURVE('',#451,#459,#461,.T.);
#459 = VERTEX_POINT('',#460);
#460 = CARTESIAN_POINT('',(-7.5,-59.5,-15.5));
#461 = LINE('',#462,#463);
#462 = CARTESIAN_POINT('',(-7.5,-59.5,8.5));
#463 = VECTOR('',#464,1.);
#464 = DIRECTION('',(0.,0.,-1.));
#465 = ORIENTED_EDGE('',*,*,#466,.T.);
#466 = EDGE_CURVE('',#459,#467,#469,.T.);
#467 = VERTEX_POINT('',#468);
#468 = CARTESIAN_POINT('',(-7.5,-79.5,-15.5));
#469 = LINE('',#470,#471);
#470 = CARTESIAN_POINT('',(-7.5,-65.5,-15.5));
#471 = VECTOR('',#472,1.);
#472 = DIRECTION('',(0.,-1.,2.2E-16));
#473 = ORIENTED_EDGE('',*,*,#474,.F.);
#474 = EDGE_CURVE('',#475,#467,#477,.T.);
#475 = VERTEX_POINT('',#476);
#476 = CARTESIAN_POINT('',(-7.5,-79.5,-8.5));
#477 = LINE('',#478,#479);
#478 = CARTESIAN_POINT('',(-7.5,-79.5,-7.5));
#479 = VECTOR('',#480,1.);
#480 = DIRECTION('',(0.,0.,-1.));
#481 = ORIENTED_EDGE('',*,*,#482,.F.);
#482 = EDGE_CURVE('',#483,#475,#485,.T.);
#483 = VERTEX_POINT('',#484);
#484 = CARTESIAN_POINT('',(-7.5,-66.5,-8.5));
#485 = LINE('',#486,#487);
#486 = CARTESIAN_POINT('',(-7.5,-65.5,-8.5));
#487 = VECTOR('',#488,1.);
#488 = DIRECTION('',(0.,-1.,2.2E-16));
#489 = ORIENTED_EDGE('',*,*,#490,.F.);
#490 = EDGE_CURVE('',#491,#483,#493,.T.);
#491 = VERTEX_POINT('',#492);
#492 = CARTESIAN_POINT('',(-7.5,-64.5,-6.5));
#493 = LINE('',#494,#495);
#494 = CARTESIAN_POINT('',(-7.5,-57.75,0.25));
#495 = VECTOR('',#496,1.);
#496 = DIRECTION('',(0.,-0.707106781187,-0.707106781187));
#497 = ORIENTED_EDGE('',*,*,#498,.F.);
#498 = EDGE_CURVE('',#499,#491,#501,.T.);
#499 = VERTEX_POINT('',#500);
#500 = CARTESIAN_POINT('',(-7.5,-64.5,10.085786437627));
#501 = LINE('',#502,#503);
#502 = CARTESIAN_POINT('',(-7.5,-64.5,10.5));
#503 = VECTOR('',#504,1.);
#504 = DIRECTION('',(0.,0.,-1.));
#505 = ORIENTED_EDGE('',*,*,#506,.F.);
#506 = EDGE_CURVE('',#507,#499,#509,.T.);
#507 = VERTEX_POINT('',#508);
#508 = CARTESIAN_POINT('',(-7.5,-60.08578643762,14.5));
#509 = LINE('',#510,#511);
#510 = CARTESIAN_POINT('',(-7.5,-59.79289321881,14.792893218813));
#511 = VECTOR('',#512,1.);
#512 = DIRECTION('',(0.,-0.707106781187,-0.707106781187));
#513 = ORIENTED_EDGE('',*,*,#514,.F.);
#514 = EDGE_CURVE('',#515,#507,#517,.T.);
#515 = VERTEX_POINT('',#516);
#516 = CARTESIAN_POINT('',(-7.5,-48.,14.5));
#517 = LINE('',#518,#519);
#518 = CARTESIAN_POINT('',(-7.5,-12.5,14.5));
#519 = VECTOR('',#520,1.);
#520 = DIRECTION('',(0.,-1.,2.2E-16));
#521 = ORIENTED_EDGE('',*,*,#522,.T.);
#522 = EDGE_CURVE('',#515,#523,#525,.T.);
#523 = VERTEX_POINT('',#524);
#524 = CARTESIAN_POINT('',(-7.5,-48.,13.5));
#525 = LINE('',#526,#527);
#526 = CARTESIAN_POINT('',(-7.5,-48.,15.5));
#527 = VECTOR('',#528,1.);
#528 = DIRECTION('',(-0.,-0.,-1.));
#529 = ORIENTED_EDGE('',*,*,#530,.F.);
#530 = EDGE_CURVE('',#531,#523,#533,.T.);
#531 = VERTEX_POINT('',#532);
#532 = CARTESIAN_POINT('',(-7.5,-41.,13.5));
#533 = LINE('',#534,#535);
#534 = CARTESIAN_POINT('',(-7.5,-41.,13.5));
#535 = VECTOR('',#536,1.);
#536 = DIRECTION('',(0.,-1.,0.));
#537 = ORIENTED_EDGE('',*,*,#538,.F.);
#538 = EDGE_CURVE('',#539,#531,#541,.T.);
#539 = VERTEX_POINT('',#540);
#540 = CARTESIAN_POINT('',(-7.5,-41.,14.5));
#541 = LINE('',#542,#543);
#542 = CARTESIAN_POINT('',(-7.5,-41.,15.5));
#543 = VECTOR('',#544,1.);
#544 = DIRECTION('',(-0.,-0.,-1.));
#545 = ORIENTED_EDGE('',*,*,#546,.F.);
#546 = EDGE_CURVE('',#547,#539,#549,.T.);
#547 = VERTEX_POINT('',#548);
#548 = CARTESIAN_POINT('',(-7.5,-23.,14.5));
#549 = LINE('',#550,#551);
#550 = CARTESIAN_POINT('',(-7.5,-12.5,14.5));
#551 = VECTOR('',#552,1.);
#552 = DIRECTION('',(0.,-1.,2.2E-16));
#553 = ORIENTED_EDGE('',*,*,#554,.T.);
#554 = EDGE_CURVE('',#547,#555,#557,.T.);
#555 = VERTEX_POINT('',#556);
#556 = CARTESIAN_POINT('',(-7.5,-23.,13.5));
#557 = LINE('',#558,#559);
#558 = CARTESIAN_POINT('',(-7.5,-23.,15.5));
#559 = VECTOR('',#560,1.);
#560 = DIRECTION('',(-0.,-0.,-1.));
#561 = ORIENTED_EDGE('',*,*,#562,.F.);
#562 = EDGE_CURVE('',#563,#555,#565,.T.);
#563 = VERTEX_POINT('',#564);
#564 = CARTESIAN_POINT('',(-7.5,-20.,13.5));
#565 = LINE('',#566,#567);
#566 = CARTESIAN_POINT('',(-7.5,-20.,13.5));
#567 = VECTOR('',#568,1.);
#568 = DIRECTION('',(0.,-1.,0.));
#569 = ORIENTED_EDGE('',*,*,#570,.F.);
#570 = EDGE_CURVE('',#127,#563,#571,.T.);
#571 = LINE('',#572,#573);
#572 = CARTESIAN_POINT('',(-7.5,-20.,15.5));
#573 = VECTOR('',#574,1.);
#574 = DIRECTION('',(-0.,-0.,-1.));
#575 = PLANE('',#576);
#576 = AXIS2_PLACEMENT_3D('',#577,#578,#579);
#577 = CARTESIAN_POINT('',(-7.5,-48.22596153846,4.225961538462));
#578 = DIRECTION('',(-1.,-0.,-0.));
#579 = DIRECTION('',(0.,0.,-1.));
#580 = ADVANCED_FACE('',(#581),#599,.F.);
#581 = FACE_BOUND('',#582,.F.);
#582 = EDGE_LOOP('',(#583,#584,#592,#598));
#583 = ORIENTED_EDGE('',*,*,#166,.F.);
#584 = ORIENTED_EDGE('',*,*,#585,.T.);
#585 = EDGE_CURVE('',#157,#586,#588,.T.);
#586 = VERTEX_POINT('',#587);
#587 = CARTESIAN_POINT('',(7.5,-20.,13.5));
#588 = LINE('',#589,#590);
#589 = CARTESIAN_POINT('',(7.5,-20.,15.5));
#590 = VECTOR('',#591,1.);
#591 = DIRECTION('',(-0.,-0.,-1.));
#592 = ORIENTED_EDGE('',*,*,#593,.T.);
#593 = EDGE_CURVE('',#586,#563,#594,.T.);
#594 = LINE('',#595,#596);
#595 = CARTESIAN_POINT('',(7.5,-20.,13.5));
#596 = VECTOR('',#597,1.);
#597 = DIRECTION('',(-1.,0.,0.));
#598 = ORIENTED_EDGE('',*,*,#570,.F.);
#599 = PLANE('',#600);
#600 = AXIS2_PLACEMENT_3D('',#601,#602,#603);
#601 = CARTESIAN_POINT('',(7.5,-20.,15.5));
#602 = DIRECTION('',(0.,1.,0.));
#603 = DIRECTION('',(-1.,0.,0.));
#604 = ADVANCED_FACE('',(#605),#623,.T.);
#605 = FACE_BOUND('',#606,.T.);
#606 = EDGE_LOOP('',(#607,#608,#609,#617));
#607 = ORIENTED_EDGE('',*,*,#442,.F.);
#608 = ORIENTED_EDGE('',*,*,#190,.F.);
#609 = ORIENTED_EDGE('',*,*,#610,.T.);
#610 = EDGE_CURVE('',#181,#611,#613,.T.);
#611 = VERTEX_POINT('',#612);
#612 = CARTESIAN_POINT('',(-11.79289321881,-8.207106781187,9.5));
#613 = LINE('',#614,#615);
#614 = CARTESIAN_POINT('',(-11.79289321881,-8.207106781187,15.5));
#615 = VECTOR('',#616,1.);
#616 = DIRECTION('',(0.,-2.2E-16,-1.));
#617 = ORIENTED_EDGE('',*,*,#618,.T.);
#618 = EDGE_CURVE('',#611,#443,#619,.T.);
#619 = LINE('',#620,#621);
#620 = CARTESIAN_POINT('',(-12.5,-7.5,9.5));
#621 = VECTOR('',#622,1.);
#622 = DIRECTION('',(0.707106781187,-0.707106781187,1.6E-16));
#623 = PLANE('',#624);
#624 = AXIS2_PLACEMENT_3D('',#625,#626,#627);
#625 = CARTESIAN_POINT('',(-10.,-10.,15.5));
#626 = DIRECTION('',(-0.707106781187,-0.707106781187,0.));
#627 = DIRECTION('',(1.1E-16,-1.1E-16,-1.));
#628 = ADVANCED_FACE('',(#629),#759,.T.);
#629 = FACE_BOUND('',#630,.T.);
#630 = EDGE_LOOP('',(#631,#641,#647,#648,#649,#657,#665,#673,#681,#689,
    #697,#705,#713,#721,#729,#737,#745,#753));
#631 = ORIENTED_EDGE('',*,*,#632,.F.);
#632 = EDGE_CURVE('',#633,#635,#637,.T.);
#633 = VERTEX_POINT('',#634);
#634 = CARTESIAN_POINT('',(7.5,-12.5,9.5));
#635 = VERTEX_POINT('',#636);
#636 = CARTESIAN_POINT('',(7.5,-59.5,9.5));
#637 = LINE('',#638,#639);
#638 = CARTESIAN_POINT('',(7.5,-12.5,9.5));
#639 = VECTOR('',#640,1.);
#640 = DIRECTION('',(0.,-1.,2.2E-16));
#641 = ORIENTED_EDGE('',*,*,#642,.T.);
#642 = EDGE_CURVE('',#633,#207,#643,.T.);
#643 = LINE('',#644,#645);
#644 = CARTESIAN_POINT('',(7.5,-12.5,8.5));
#645 = VECTOR('',#646,1.);
#646 = DIRECTION('',(0.,2.2E-16,1.));
#647 = ORIENTED_EDGE('',*,*,#206,.T.);
#648 = ORIENTED_EDGE('',*,*,#585,.T.);
#649 = ORIENTED_EDGE('',*,*,#650,.F.);
#650 = EDGE_CURVE('',#651,#586,#653,.T.);
#651 = VERTEX_POINT('',#652);
#652 = CARTESIAN_POINT('',(7.5,-23.,13.5));
#653 = LINE('',#654,#655);
#654 = CARTESIAN_POINT('',(7.5,-23.,13.5));
#655 = VECTOR('',#656,1.);
#656 = DIRECTION('',(0.,1.,0.));
#657 = ORIENTED_EDGE('',*,*,#658,.F.);
#658 = EDGE_CURVE('',#659,#651,#661,.T.);
#659 = VERTEX_POINT('',#660);
#660 = CARTESIAN_POINT('',(7.5,-23.,14.5));
#661 = LINE('',#662,#663);
#662 = CARTESIAN_POINT('',(7.5,-23.,15.5));
#663 = VECTOR('',#664,1.);
#664 = DIRECTION('',(-0.,-0.,-1.));
#665 = ORIENTED_EDGE('',*,*,#666,.T.);
#666 = EDGE_CURVE('',#659,#667,#669,.T.);
#667 = VERTEX_POINT('',#668);
#668 = CARTESIAN_POINT('',(7.5,-41.,14.5));
#669 = LINE('',#670,#671);
#670 = CARTESIAN_POINT('',(7.5,-12.5,14.5));
#671 = VECTOR('',#672,1.);
#672 = DIRECTION('',(0.,-1.,2.2E-16));
#673 = ORIENTED_EDGE('',*,*,#674,.T.);
#674 = EDGE_CURVE('',#667,#675,#677,.T.);
#675 = VERTEX_POINT('',#676);
#676 = CARTESIAN_POINT('',(7.5,-41.,13.5));
#677 = LINE('',#678,#679);
#678 = CARTESIAN_POINT('',(7.5,-41.,15.5));
#679 = VECTOR('',#680,1.);
#680 = DIRECTION('',(-0.,-0.,-1.));
#681 = ORIENTED_EDGE('',*,*,#682,.F.);
#682 = EDGE_CURVE('',#683,#675,#685,.T.);
#683 = VERTEX_POINT('',#684);
#684 = CARTESIAN_POINT('',(7.5,-48.,13.5));
#685 = LINE('',#686,#687);
#686 = CARTESIAN_POINT('',(7.5,-48.,13.5));
#687 = VECTOR('',#688,1.);
#688 = DIRECTION('',(0.,1.,0.));
#689 = ORIENTED_EDGE('',*,*,#690,.F.);
#690 = EDGE_CURVE('',#691,#683,#693,.T.);
#691 = VERTEX_POINT('',#692);
#692 = CARTESIAN_POINT('',(7.5,-48.,14.5));
#693 = LINE('',#694,#695);
#694 = CARTESIAN_POINT('',(7.5,-48.,15.5));
#695 = VECTOR('',#696,1.);
#696 = DIRECTION('',(-0.,-0.,-1.));
#697 = ORIENTED_EDGE('',*,*,#698,.T.);
#698 = EDGE_CURVE('',#691,#699,#701,.T.);
#699 = VERTEX_POINT('',#700);
#700 = CARTESIAN_POINT('',(7.5,-60.08578643762,14.5));
#701 = LINE('',#702,#703);
#702 = CARTESIAN_POINT('',(7.5,-12.5,14.5));
#703 = VECTOR('',#704,1.);
#704 = DIRECTION('',(0.,-1.,2.2E-16));
#705 = ORIENTED_EDGE('',*,*,#706,.T.);
#706 = EDGE_CURVE('',#699,#707,#709,.T.);
#707 = VERTEX_POINT('',#708);
#708 = CARTESIAN_POINT('',(7.5,-64.5,10.085786437627));
#709 = LINE('',#710,#711);
#710 = CARTESIAN_POINT('',(7.5,-59.79289321881,14.792893218813));
#711 = VECTOR('',#712,1.);
#712 = DIRECTION('',(0.,-0.707106781187,-0.707106781187));
#713 = ORIENTED_EDGE('',*,*,#714,.F.);
#714 = EDGE_CURVE('',#715,#707,#717,.T.);
#715 = VERTEX_POINT('',#716);
#716 = CARTESIAN_POINT('',(7.5,-64.5,-6.5));
#717 = LINE('',#718,#719);
#718 = CARTESIAN_POINT('',(7.5,-64.5,-7.5));
#719 = VECTOR('',#720,1.);
#720 = DIRECTION('',(0.,2.2E-16,1.));
#721 = ORIENTED_EDGE('',*,*,#722,.T.);
#722 = EDGE_CURVE('',#715,#723,#725,.T.);
#723 = VERTEX_POINT('',#724);
#724 = CARTESIAN_POINT('',(7.5,-66.5,-8.5));
#725 = LINE('',#726,#727);
#726 = CARTESIAN_POINT('',(7.5,-57.75,0.25));
#727 = VECTOR('',#728,1.);
#728 = DIRECTION('',(0.,-0.707106781187,-0.707106781187));
#729 = ORIENTED_EDGE('',*,*,#730,.T.);
#730 = EDGE_CURVE('',#723,#731,#733,.T.);
#731 = VERTEX_POINT('',#732);
#732 = CARTESIAN_POINT('',(7.5,-79.5,-8.5));
#733 = LINE('',#734,#735);
#734 = CARTESIAN_POINT('',(7.5,-65.5,-8.5));
#735 = VECTOR('',#736,1.);
#736 = DIRECTION('',(0.,-1.,2.2E-16));
#737 = ORIENTED_EDGE('',*,*,#738,.F.);
#738 = EDGE_CURVE('',#739,#731,#741,.T.);
#739 = VERTEX_POINT('',#740);
#740 = CARTESIAN_POINT('',(7.5,-79.5,-15.5));
#741 = LINE('',#742,#743);
#742 = CARTESIAN_POINT('',(7.5,-79.5,-15.5));
#743 = VECTOR('',#744,1.);
#744 = DIRECTION('',(0.,0.,1.));
#745 = ORIENTED_EDGE('',*,*,#746,.F.);
#746 = EDGE_CURVE('',#747,#739,#749,.T.);
#747 = VERTEX_POINT('',#748);
#748 = CARTESIAN_POINT('',(7.5,-59.5,-15.5));
#749 = LINE('',#750,#751);
#750 = CARTESIAN_POINT('',(7.5,-58.5,-15.5));
#751 = VECTOR('',#752,1.);
#752 = DIRECTION('',(0.,-1.,0.));
#753 = ORIENTED_EDGE('',*,*,#754,.F.);
#754 = EDGE_CURVE('',#635,#747,#755,.T.);
#755 = LINE('',#756,#757);
#756 = CARTESIAN_POINT('',(7.5,-59.5,8.5));
#757 = VECTOR('',#758,1.);
#758 = DIRECTION('',(0.,0.,-1.));
#759 = PLANE('',#760);
#760 = AXIS2_PLACEMENT_3D('',#761,#762,#763);
#761 = CARTESIAN_POINT('',(7.5,-48.22596153846,4.225961538462));
#762 = DIRECTION('',(1.,0.,0.));
#763 = DIRECTION('',(0.,0.,1.));
#764 = ADVANCED_FACE('',(#765),#782,.T.);
#765 = FACE_BOUND('',#766,.T.);
#766 = EDGE_LOOP('',(#767,#775,#780,#781));
#767 = ORIENTED_EDGE('',*,*,#768,.T.);
#768 = EDGE_CURVE('',#231,#769,#771,.T.);
#769 = VERTEX_POINT('',#770);
#770 = CARTESIAN_POINT('',(-13.5,-7.5,9.5));
#771 = LINE('',#772,#773);
#772 = CARTESIAN_POINT('',(-13.5,-7.5,15.5));
#773 = VECTOR('',#774,1.);
#774 = DIRECTION('',(0.,-2.2E-16,-1.));
#775 = ORIENTED_EDGE('',*,*,#776,.T.);
#776 = EDGE_CURVE('',#769,#611,#777,.T.);
#777 = B_SPLINE_CURVE_WITH_KNOTS('',1,(#778,#779),.UNSPECIFIED.,.F.,.F.,
  (2,2),(0.,1.),.PIECEWISE_BEZIER_KNOTS.);
#778 = CARTESIAN_POINT('',(-13.5,-7.5,9.5));
#779 = CARTESIAN_POINT('',(-11.79289321881,-8.207106781187,9.5));
#780 = ORIENTED_EDGE('',*,*,#610,.F.);
#781 = ORIENTED_EDGE('',*,*,#238,.T.);
#782 = PLANE('',#783);
#783 = AXIS2_PLACEMENT_3D('',#784,#785,#786);
#784 = CARTESIAN_POINT('',(-12.6464466094,-7.853553390593,15.5));
#785 = DIRECTION('',(-0.382683432365,-0.923879532511,0.));
#786 = DIRECTION('',(7.889087296526E-17,-3.267766952966E-17,-1.));
#787 = ADVANCED_FACE('',(#788),#806,.T.);
#788 = FACE_BOUND('',#789,.T.);
#789 = EDGE_LOOP('',(#790,#791,#799,#805));
#790 = ORIENTED_EDGE('',*,*,#642,.F.);
#791 = ORIENTED_EDGE('',*,*,#792,.F.);
#792 = EDGE_CURVE('',#793,#633,#795,.T.);
#793 = VERTEX_POINT('',#794);
#794 = CARTESIAN_POINT('',(11.792893218813,-8.207106781187,9.5));
#795 = LINE('',#796,#797);
#796 = CARTESIAN_POINT('',(12.5,-7.5,9.5));
#797 = VECTOR('',#798,1.);
#798 = DIRECTION('',(-0.707106781187,-0.707106781187,1.6E-16));
#799 = ORIENTED_EDGE('',*,*,#800,.T.);
#800 = EDGE_CURVE('',#793,#253,#801,.T.);
#801 = LINE('',#802,#803);
#802 = CARTESIAN_POINT('',(11.792893218813,-8.207106781187,8.5));
#803 = VECTOR('',#804,1.);
#804 = DIRECTION('',(0.,2.2E-16,1.));
#805 = ORIENTED_EDGE('',*,*,#262,.T.);
#806 = PLANE('',#807);
#807 = AXIS2_PLACEMENT_3D('',#808,#809,#810);
#808 = CARTESIAN_POINT('',(10.,-10.,8.5));
#809 = DIRECTION('',(0.707106781187,-0.707106781187,0.));
#810 = DIRECTION('',(1.1E-16,1.1E-16,1.));
#811 = ADVANCED_FACE('',(#812),#830,.T.);
#812 = FACE_BOUND('',#813,.F.);
#813 = EDGE_LOOP('',(#814,#815,#823,#829));
#814 = ORIENTED_EDGE('',*,*,#276,.F.);
#815 = ORIENTED_EDGE('',*,*,#816,.T.);
#816 = EDGE_CURVE('',#277,#817,#819,.T.);
#817 = VERTEX_POINT('',#818);
#818 = CARTESIAN_POINT('',(-29.,-7.5,4.085786437627));
#819 = LINE('',#820,#821);
#820 = CARTESIAN_POINT('',(-18.29289321881,-7.5,14.792893218813));
#821 = VECTOR('',#822,1.);
#822 = DIRECTION('',(-0.707106781187,0.,-0.707106781187));
#823 = ORIENTED_EDGE('',*,*,#824,.T.);
#824 = EDGE_CURVE('',#817,#327,#825,.T.);
#825 = LINE('',#826,#827);
#826 = CARTESIAN_POINT('',(-28.05586749813,-8.444132501864,
    3.694713950677));
#827 = VECTOR('',#828,1.);
#828 = DIRECTION('',(-0.678598344546,0.678598344546,0.281084637715));
#829 = ORIENTED_EDGE('',*,*,#341,.F.);
#830 = PLANE('',#831);
#831 = AXIS2_PLACEMENT_3D('',#832,#833,#834);
#832 = CARTESIAN_POINT('',(-18.6464466094,-7.,15.146446609407));
#833 = DIRECTION('',(-0.5,-0.707106781187,0.5));
#834 = DIRECTION('',(0.707106781187,-5.551115123126E-17,0.707106781187)
  );
#835 = ADVANCED_FACE('',(#836),#996,.F.);
#836 = FACE_BOUND('',#837,.F.);
#837 = EDGE_LOOP('',(#838,#848,#856,#864,#872,#878,#879,#880,#881,#888,
    #896,#903,#909,#910,#918,#926,#934,#942,#950,#958,#966,#974,#982,
    #990));
#838 = ORIENTED_EDGE('',*,*,#839,.F.);
#839 = EDGE_CURVE('',#840,#842,#844,.T.);
#840 = VERTEX_POINT('',#841);
#841 = CARTESIAN_POINT('',(-44.,-7.5,-15.5));
#842 = VERTEX_POINT('',#843);
#843 = CARTESIAN_POINT('',(9.,-7.5,-15.5));
#844 = LINE('',#845,#846);
#845 = CARTESIAN_POINT('',(-45.,-7.5,-15.5));
#846 = VECTOR('',#847,1.);
#847 = DIRECTION('',(1.,0.,0.));
#848 = ORIENTED_EDGE('',*,*,#849,.T.);
#849 = EDGE_CURVE('',#840,#850,#852,.T.);
#850 = VERTEX_POINT('',#851);
#851 = CARTESIAN_POINT('',(-44.,-7.5,-8.5));
#852 = LINE('',#853,#854);
#853 = CARTESIAN_POINT('',(-44.,-7.5,-15.5));
#854 = VECTOR('',#855,1.);
#855 = DIRECTION('',(0.,0.,1.));
#856 = ORIENTED_EDGE('',*,*,#857,.T.);
#857 = EDGE_CURVE('',#850,#858,#860,.T.);
#858 = VERTEX_POINT('',#859);
#859 = CARTESIAN_POINT('',(-31.,-7.5,-8.5));
#860 = LINE('',#861,#862);
#861 = CARTESIAN_POINT('',(-45.,-7.5,-8.5));
#862 = VECTOR('',#863,1.);
#863 = DIRECTION('',(1.,0.,0.));
#864 = ORIENTED_EDGE('',*,*,#865,.F.);
#865 = EDGE_CURVE('',#866,#858,#868,.T.);
#866 = VERTEX_POINT('',#867);
#867 = CARTESIAN_POINT('',(-29.,-7.5,-6.5));
#868 = LINE('',#869,#870);
#869 = CARTESIAN_POINT('',(-35.25,-7.5,-12.75));
#870 = VECTOR('',#871,1.);
#871 = DIRECTION('',(-0.707106781187,0.,-0.707106781187));
#872 = ORIENTED_EDGE('',*,*,#873,.F.);
#873 = EDGE_CURVE('',#817,#866,#874,.T.);
#874 = LINE('',#875,#876);
#875 = CARTESIAN_POINT('',(-29.,-7.5,4.5));
#876 = VECTOR('',#877,1.);
#877 = DIRECTION('',(-0.,-0.,-1.));
#878 = ORIENTED_EDGE('',*,*,#816,.F.);
#879 = ORIENTED_EDGE('',*,*,#284,.T.);
#880 = ORIENTED_EDGE('',*,*,#768,.T.);
#881 = ORIENTED_EDGE('',*,*,#882,.F.);
#882 = EDGE_CURVE('',#883,#769,#885,.T.);
#883 = VERTEX_POINT('',#884);
#884 = CARTESIAN_POINT('',(-10.08578643762,-7.5,7.5));
#885 = B_SPLINE_CURVE_WITH_KNOTS('',1,(#886,#887),.UNSPECIFIED.,.F.,.F.,
  (2,2),(0.,1.),.PIECEWISE_BEZIER_KNOTS.);
#886 = CARTESIAN_POINT('',(-10.08578643762,-7.5,7.5));
#887 = CARTESIAN_POINT('',(-13.5,-7.5,9.5));
#888 = ORIENTED_EDGE('',*,*,#889,.T.);
#889 = EDGE_CURVE('',#883,#890,#892,.T.);
#890 = VERTEX_POINT('',#891);
#891 = CARTESIAN_POINT('',(10.085786437627,-7.5,7.5));
#892 = LINE('',#893,#894);
#893 = CARTESIAN_POINT('',(7.5,-7.5,7.5));
#894 = VECTOR('',#895,1.);
#895 = DIRECTION('',(1.,0.,0.));
#896 = ORIENTED_EDGE('',*,*,#897,.T.);
#897 = EDGE_CURVE('',#890,#898,#900,.T.);
#898 = VERTEX_POINT('',#899);
#899 = CARTESIAN_POINT('',(13.5,-7.5,9.5));
#900 = B_SPLINE_CURVE_WITH_KNOTS('',1,(#901,#902),.UNSPECIFIED.,.F.,.F.,
  (2,2),(0.,1.),.PIECEWISE_BEZIER_KNOTS.);
#901 = CARTESIAN_POINT('',(10.085786437627,-7.5,7.5));
#902 = CARTESIAN_POINT('',(13.5,-7.5,9.5));
#903 = ORIENTED_EDGE('',*,*,#904,.T.);
#904 = EDGE_CURVE('',#898,#303,#905,.T.);
#905 = LINE('',#906,#907);
#906 = CARTESIAN_POINT('',(13.5,-7.5,8.5));
#907 = VECTOR('',#908,1.);
#908 = DIRECTION('',(0.,2.2E-16,1.));
#909 = ORIENTED_EDGE('',*,*,#356,.T.);
#910 = ORIENTED_EDGE('',*,*,#911,.F.);
#911 = EDGE_CURVE('',#912,#357,#914,.T.);
#912 = VERTEX_POINT('',#913);
#913 = CARTESIAN_POINT('',(29.,-7.5,4.085786437627));
#914 = LINE('',#915,#916);
#915 = CARTESIAN_POINT('',(29.292893218813,-7.5,3.792893218813));
#916 = VECTOR('',#917,1.);
#917 = DIRECTION('',(-0.707106781187,0.,0.707106781187));
#918 = ORIENTED_EDGE('',*,*,#919,.T.);
#919 = EDGE_CURVE('',#912,#920,#922,.T.);
#920 = VERTEX_POINT('',#921);
#921 = CARTESIAN_POINT('',(29.,-7.5,-6.5));
#922 = LINE('',#923,#924);
#923 = CARTESIAN_POINT('',(29.,-7.5,4.5));
#924 = VECTOR('',#925,1.);
#925 = DIRECTION('',(-0.,-0.,-1.));
#926 = ORIENTED_EDGE('',*,*,#927,.F.);
#927 = EDGE_CURVE('',#928,#920,#930,.T.);
#928 = VERTEX_POINT('',#929);
#929 = CARTESIAN_POINT('',(31.,-7.5,-8.5));
#930 = LINE('',#931,#932);
#931 = CARTESIAN_POINT('',(13.75,-7.5,8.75));
#932 = VECTOR('',#933,1.);
#933 = DIRECTION('',(-0.707106781187,0.,0.707106781187));
#934 = ORIENTED_EDGE('',*,*,#935,.T.);
#935 = EDGE_CURVE('',#928,#936,#938,.T.);
#936 = VERTEX_POINT('',#937);
#937 = CARTESIAN_POINT('',(44.,-7.5,-8.5));
#938 = LINE('',#939,#940);
#939 = CARTESIAN_POINT('',(30.,-7.5,-8.5));
#940 = VECTOR('',#941,1.);
#941 = DIRECTION('',(1.,0.,0.));
#942 = ORIENTED_EDGE('',*,*,#943,.F.);
#943 = EDGE_CURVE('',#944,#936,#946,.T.);
#944 = VERTEX_POINT('',#945);
#945 = CARTESIAN_POINT('',(44.,-7.5,-15.5));
#946 = LINE('',#947,#948);
#947 = CARTESIAN_POINT('',(44.,-7.5,-15.5));
#948 = VECTOR('',#949,1.);
#949 = DIRECTION('',(0.,0.,1.));
#950 = ORIENTED_EDGE('',*,*,#951,.F.);
#951 = EDGE_CURVE('',#952,#944,#954,.T.);
#952 = VERTEX_POINT('',#953);
#953 = CARTESIAN_POINT('',(26.,-7.5,-15.5));
#954 = LINE('',#955,#956);
#955 = CARTESIAN_POINT('',(-45.,-7.5,-15.5));
#956 = VECTOR('',#957,1.);
#957 = DIRECTION('',(1.,0.,0.));
#958 = ORIENTED_EDGE('',*,*,#959,.T.);
#959 = EDGE_CURVE('',#952,#960,#962,.T.);
#960 = VERTEX_POINT('',#961);
#961 = CARTESIAN_POINT('',(26.,-7.5,-5.085786437627));
#962 = LINE('',#963,#964);
#963 = CARTESIAN_POINT('',(26.,-7.5,-15.5));
#964 = VECTOR('',#965,1.);
#965 = DIRECTION('',(0.,0.,1.));
#966 = ORIENTED_EDGE('',*,*,#967,.T.);
#967 = EDGE_CURVE('',#960,#968,#970,.T.);
#968 = VERTEX_POINT('',#969);
#969 = CARTESIAN_POINT('',(20.414213562373,-7.5,0.5));
#970 = LINE('',#971,#972);
#971 = CARTESIAN_POINT('',(25.707106781187,-7.5,-4.792893218813));
#972 = VECTOR('',#973,1.);
#973 = DIRECTION('',(-0.707106781187,0.,0.707106781187));
#974 = ORIENTED_EDGE('',*,*,#975,.T.);
#975 = EDGE_CURVE('',#968,#976,#978,.T.);
#976 = VERTEX_POINT('',#977);
#977 = CARTESIAN_POINT('',(14.585786437627,-7.5,0.5));
#978 = LINE('',#979,#980);
#979 = CARTESIAN_POINT('',(20.,-7.5,0.5));
#980 = VECTOR('',#981,1.);
#981 = DIRECTION('',(-1.,0.,0.));
#982 = ORIENTED_EDGE('',*,*,#983,.T.);
#983 = EDGE_CURVE('',#976,#984,#986,.T.);
#984 = VERTEX_POINT('',#985);
#985 = CARTESIAN_POINT('',(9.,-7.5,-5.085786437627));
#986 = LINE('',#987,#988);
#987 = CARTESIAN_POINT('',(14.292893218813,-7.5,0.207106781187));
#988 = VECTOR('',#989,1.);
#989 = DIRECTION('',(-0.707106781187,0.,-0.707106781187));
#990 = ORIENTED_EDGE('',*,*,#991,.F.);
#991 = EDGE_CURVE('',#842,#984,#992,.T.);
#992 = LINE('',#993,#994);
#993 = CARTESIAN_POINT('',(9.,-7.5,-15.5));
#994 = VECTOR('',#995,1.);
#995 = DIRECTION('',(0.,0.,1.));
#996 = PLANE('',#997);
#997 = AXIS2_PLACEMENT_3D('',#998,#999,#1000);
#998 = CARTESIAN_POINT('',(-45.,-7.5,-15.5));
#999 = DIRECTION('',(0.,1.,0.));
#1000 = DIRECTION('',(1.,0.,0.));
#1001 = ADVANCED_FACE('',(#1002),#1012,.T.);
#1002 = FACE_BOUND('',#1003,.T.);
#1003 = EDGE_LOOP('',(#1004,#1009,#1010,#1011));
#1004 = ORIENTED_EDGE('',*,*,#1005,.F.);
#1005 = EDGE_CURVE('',#898,#793,#1006,.T.);
#1006 = B_SPLINE_CURVE_WITH_KNOTS('',1,(#1007,#1008),.UNSPECIFIED.,.F.,
  .F.,(2,2),(0.,1.),.PIECEWISE_BEZIER_KNOTS.);
#1007 = CARTESIAN_POINT('',(13.5,-7.5,9.5));
#1008 = CARTESIAN_POINT('',(11.792893218813,-8.207106781187,9.5));
#1009 = ORIENTED_EDGE('',*,*,#904,.T.);
#1010 = ORIENTED_EDGE('',*,*,#310,.F.);
#1011 = ORIENTED_EDGE('',*,*,#800,.F.);
#1012 = PLANE('',#1013);
#1013 = AXIS2_PLACEMENT_3D('',#1014,#1015,#1016);
#1014 = CARTESIAN_POINT('',(12.646446609407,-7.853553390593,8.5));
#1015 = DIRECTION('',(0.382683432365,-0.923879532511,0.));
#1016 = DIRECTION('',(7.889087296526E-17,3.267766952966E-17,1.));
#1017 = ADVANCED_FACE('',(#1018),#1043,.F.);
#1018 = FACE_BOUND('',#1019,.F.);
#1019 = EDGE_LOOP('',(#1020,#1021,#1029,#1037));
#1020 = ORIENTED_EDGE('',*,*,#324,.T.);
#1021 = ORIENTED_EDGE('',*,*,#1022,.T.);
#1022 = EDGE_CURVE('',#327,#1023,#1025,.T.);
#1023 = VERTEX_POINT('',#1024);
#1024 = CARTESIAN_POINT('',(-30.,-6.5,-6.5));
#1025 = LINE('',#1026,#1027);
#1026 = CARTESIAN_POINT('',(-30.,-6.5,4.5));
#1027 = VECTOR('',#1028,1.);
#1028 = DIRECTION('',(-0.,-0.,-1.));
#1029 = ORIENTED_EDGE('',*,*,#1030,.T.);
#1030 = EDGE_CURVE('',#1023,#1031,#1033,.T.);
#1031 = VERTEX_POINT('',#1032);
#1032 = CARTESIAN_POINT('',(-30.,6.5,-6.5));
#1033 = LINE('',#1034,#1035);
#1034 = CARTESIAN_POINT('',(-30.,-7.5,-6.5));
#1035 = VECTOR('',#1036,1.);
#1036 = DIRECTION('',(0.,1.,0.));
#1037 = ORIENTED_EDGE('',*,*,#1038,.F.);
#1038 = EDGE_CURVE('',#325,#1031,#1039,.T.);
#1039 = LINE('',#1040,#1041);
#1040 = CARTESIAN_POINT('',(-30.,6.5,4.5));
#1041 = VECTOR('',#1042,1.);
#1042 = DIRECTION('',(-0.,-0.,-1.));
#1043 = PLANE('',#1044);
#1044 = AXIS2_PLACEMENT_3D('',#1045,#1046,#1047);
#1045 = CARTESIAN_POINT('',(-30.,-7.5,15.5));
#1046 = DIRECTION('',(1.,0.,0.));
#1047 = DIRECTION('',(0.,1.,0.));
#1048 = ADVANCED_FACE('',(#1049),#1067,.T.);
#1049 = FACE_BOUND('',#1050,.T.);
#1050 = EDGE_LOOP('',(#1051,#1052,#1060,#1066));
#1051 = ORIENTED_EDGE('',*,*,#395,.F.);
#1052 = ORIENTED_EDGE('',*,*,#1053,.T.);
#1053 = EDGE_CURVE('',#388,#1054,#1056,.T.);
#1054 = VERTEX_POINT('',#1055);
#1055 = CARTESIAN_POINT('',(-29.,7.5,4.085786437627));
#1056 = LINE('',#1057,#1058);
#1057 = CARTESIAN_POINT('',(-18.29289321881,7.5,14.792893218813));
#1058 = VECTOR('',#1059,1.);
#1059 = DIRECTION('',(-0.707106781187,0.,-0.707106781187));
#1060 = ORIENTED_EDGE('',*,*,#1061,.T.);
#1061 = EDGE_CURVE('',#1054,#325,#1062,.T.);
#1062 = LINE('',#1063,#1064);
#1063 = CARTESIAN_POINT('',(-28.05586749813,8.444132501864,
    3.694713950677));
#1064 = VECTOR('',#1065,1.);
#1065 = DIRECTION('',(-0.678598344546,-0.678598344546,0.281084637715));
#1066 = ORIENTED_EDGE('',*,*,#334,.F.);
#1067 = PLANE('',#1068);
#1068 = AXIS2_PLACEMENT_3D('',#1069,#1070,#1071);
#1069 = CARTESIAN_POINT('',(-18.6464466094,7.,15.146446609407));
#1070 = DIRECTION('',(-0.5,0.707106781187,0.5));
#1071 = DIRECTION('',(-0.707106781187,-2.775557561563E-17,
    -0.707106781187));
#1072 = ADVANCED_FACE('',(#1073),#1084,.T.);
#1073 = FACE_BOUND('',#1074,.F.);
#1074 = EDGE_LOOP('',(#1075,#1081,#1082,#1083));
#1075 = ORIENTED_EDGE('',*,*,#1076,.F.);
#1076 = EDGE_CURVE('',#912,#420,#1077,.T.);
#1077 = LINE('',#1078,#1079);
#1078 = CARTESIAN_POINT('',(29.53950428678,-6.96049571322,4.309256430169
    ));
#1079 = VECTOR('',#1080,1.);
#1080 = DIRECTION('',(0.678598344546,0.678598344546,0.281084637715));
#1081 = ORIENTED_EDGE('',*,*,#911,.T.);
#1082 = ORIENTED_EDGE('',*,*,#364,.T.);
#1083 = ORIENTED_EDGE('',*,*,#427,.F.);
#1084 = PLANE('',#1085);
#1085 = AXIS2_PLACEMENT_3D('',#1086,#1087,#1088);
#1086 = CARTESIAN_POINT('',(29.646446609407,-7.,4.146446609407));
#1087 = DIRECTION('',(0.5,-0.707106781187,0.5));
#1088 = DIRECTION('',(0.707106781187,0.,-0.707106781187));
#1089 = ADVANCED_FACE('',(#1090),#1108,.T.);
#1090 = FACE_BOUND('',#1091,.T.);
#1091 = EDGE_LOOP('',(#1092,#1100,#1106,#1107));
#1092 = ORIENTED_EDGE('',*,*,#1093,.F.);
#1093 = EDGE_CURVE('',#1094,#412,#1096,.T.);
#1094 = VERTEX_POINT('',#1095);
#1095 = CARTESIAN_POINT('',(29.,7.5,4.085786437627));
#1096 = LINE('',#1097,#1098);
#1097 = CARTESIAN_POINT('',(29.53950428678,6.96049571322,4.309256430169)
  );
#1098 = VECTOR('',#1099,1.);
#1099 = DIRECTION('',(0.678598344546,-0.678598344546,0.281084637715));
#1100 = ORIENTED_EDGE('',*,*,#1101,.T.);
#1101 = EDGE_CURVE('',#1094,#380,#1102,.T.);
#1102 = LINE('',#1103,#1104);
#1103 = CARTESIAN_POINT('',(29.292893218813,7.5,3.792893218813));
#1104 = VECTOR('',#1105,1.);
#1105 = DIRECTION('',(-0.707106781187,0.,0.707106781187));
#1106 = ORIENTED_EDGE('',*,*,#379,.T.);
#1107 = ORIENTED_EDGE('',*,*,#411,.F.);
#1108 = PLANE('',#1109);
#1109 = AXIS2_PLACEMENT_3D('',#1110,#1111,#1112);
#1110 = CARTESIAN_POINT('',(29.646446609407,7.,4.146446609407));
#1111 = DIRECTION('',(0.5,0.707106781187,0.5));
#1112 = DIRECTION('',(-0.707106781187,8.326672684689E-17,0.707106781187)
  );
#1113 = ADVANCED_FACE('',(#1114),#1237,.F.);
#1114 = FACE_BOUND('',#1115,.F.);
#1115 = EDGE_LOOP('',(#1116,#1126,#1134,#1142,#1150,#1158,#1166,#1174,
    #1182,#1190,#1198,#1206,#1214,#1220,#1221,#1222,#1223,#1231));
#1116 = ORIENTED_EDGE('',*,*,#1117,.T.);
#1117 = EDGE_CURVE('',#1118,#1120,#1122,.T.);
#1118 = VERTEX_POINT('',#1119);
#1119 = CARTESIAN_POINT('',(-31.,7.5,-8.5));
#1120 = VERTEX_POINT('',#1121);
#1121 = CARTESIAN_POINT('',(-44.,7.5,-8.5));
#1122 = LINE('',#1123,#1124);
#1123 = CARTESIAN_POINT('',(-30.,7.5,-8.5));
#1124 = VECTOR('',#1125,1.);
#1125 = DIRECTION('',(-1.,0.,0.));
#1126 = ORIENTED_EDGE('',*,*,#1127,.F.);
#1127 = EDGE_CURVE('',#1128,#1120,#1130,.T.);
#1128 = VERTEX_POINT('',#1129);
#1129 = CARTESIAN_POINT('',(-44.,7.5,-14.5));
#1130 = LINE('',#1131,#1132);
#1131 = CARTESIAN_POINT('',(-44.,7.5,-15.5));
#1132 = VECTOR('',#1133,1.);
#1133 = DIRECTION('',(0.,0.,1.));
#1134 = ORIENTED_EDGE('',*,*,#1135,.F.);
#1135 = EDGE_CURVE('',#1136,#1128,#1138,.T.);
#1136 = VERTEX_POINT('',#1137);
#1137 = CARTESIAN_POINT('',(9.,7.5,-14.5));
#1138 = LINE('',#1139,#1140);
#1139 = CARTESIAN_POINT('',(10.,7.5,-14.5));
#1140 = VECTOR('',#1141,1.);
#1141 = DIRECTION('',(-1.,0.,0.));
#1142 = ORIENTED_EDGE('',*,*,#1143,.T.);
#1143 = EDGE_CURVE('',#1136,#1144,#1146,.T.);
#1144 = VERTEX_POINT('',#1145);
#1145 = CARTESIAN_POINT('',(9.,7.5,-5.085786437627));
#1146 = LINE('',#1147,#1148);
#1147 = CARTESIAN_POINT('',(9.,7.5,-15.5));
#1148 = VECTOR('',#1149,1.);
#1149 = DIRECTION('',(0.,0.,1.));
#1150 = ORIENTED_EDGE('',*,*,#1151,.F.);
#1151 = EDGE_CURVE('',#1152,#1144,#1154,.T.);
#1152 = VERTEX_POINT('',#1153);
#1153 = CARTESIAN_POINT('',(14.585786437627,7.5,0.5));
#1154 = LINE('',#1155,#1156);
#1155 = CARTESIAN_POINT('',(14.292893218813,7.5,0.207106781187));
#1156 = VECTOR('',#1157,1.);
#1157 = DIRECTION('',(-0.707106781187,-0.,-0.707106781187));
#1158 = ORIENTED_EDGE('',*,*,#1159,.T.);
#1159 = EDGE_CURVE('',#1152,#1160,#1162,.T.);
#1160 = VERTEX_POINT('',#1161);
#1161 = CARTESIAN_POINT('',(20.414213562373,7.5,0.5));
#1162 = LINE('',#1163,#1164);
#1163 = CARTESIAN_POINT('',(15.,7.5,0.5));
#1164 = VECTOR('',#1165,1.);
#1165 = DIRECTION('',(1.,0.,0.));
#1166 = ORIENTED_EDGE('',*,*,#1167,.F.);
#1167 = EDGE_CURVE('',#1168,#1160,#1170,.T.);
#1168 = VERTEX_POINT('',#1169);
#1169 = CARTESIAN_POINT('',(26.,7.5,-5.085786437627));
#1170 = LINE('',#1171,#1172);
#1171 = CARTESIAN_POINT('',(25.707106781187,7.5,-4.792893218813));
#1172 = VECTOR('',#1173,1.);
#1173 = DIRECTION('',(-0.707106781187,0.,0.707106781187));
#1174 = ORIENTED_EDGE('',*,*,#1175,.F.);
#1175 = EDGE_CURVE('',#1176,#1168,#1178,.T.);
#1176 = VERTEX_POINT('',#1177);
#1177 = CARTESIAN_POINT('',(26.,7.5,-14.5));
#1178 = LINE('',#1179,#1180);
#1179 = CARTESIAN_POINT('',(26.,7.5,-15.5));
#1180 = VECTOR('',#1181,1.);
#1181 = DIRECTION('',(0.,0.,1.));
#1182 = ORIENTED_EDGE('',*,*,#1183,.F.);
#1183 = EDGE_CURVE('',#1184,#1176,#1186,.T.);
#1184 = VERTEX_POINT('',#1185);
#1185 = CARTESIAN_POINT('',(44.,7.5,-14.5));
#1186 = LINE('',#1187,#1188);
#1187 = CARTESIAN_POINT('',(45.,7.5,-14.5));
#1188 = VECTOR('',#1189,1.);
#1189 = DIRECTION('',(-1.,0.,0.));
#1190 = ORIENTED_EDGE('',*,*,#1191,.T.);
#1191 = EDGE_CURVE('',#1184,#1192,#1194,.T.);
#1192 = VERTEX_POINT('',#1193);
#1193 = CARTESIAN_POINT('',(44.,7.5,-8.5));
#1194 = LINE('',#1195,#1196);
#1195 = CARTESIAN_POINT('',(44.,7.5,-15.5));
#1196 = VECTOR('',#1197,1.);
#1197 = DIRECTION('',(0.,0.,1.));
#1198 = ORIENTED_EDGE('',*,*,#1199,.T.);
#1199 = EDGE_CURVE('',#1192,#1200,#1202,.T.);
#1200 = VERTEX_POINT('',#1201);
#1201 = CARTESIAN_POINT('',(31.,7.5,-8.5));
#1202 = LINE('',#1203,#1204);
#1203 = CARTESIAN_POINT('',(45.,7.5,-8.5));
#1204 = VECTOR('',#1205,1.);
#1205 = DIRECTION('',(-1.,0.,0.));
#1206 = ORIENTED_EDGE('',*,*,#1207,.T.);
#1207 = EDGE_CURVE('',#1200,#1208,#1210,.T.);
#1208 = VERTEX_POINT('',#1209);
#1209 = CARTESIAN_POINT('',(29.,7.5,-6.5));
#1210 = LINE('',#1211,#1212);
#1211 = CARTESIAN_POINT('',(36.25,7.5,-13.75));
#1212 = VECTOR('',#1213,1.);
#1213 = DIRECTION('',(-0.707106781187,0.,0.707106781187));
#1214 = ORIENTED_EDGE('',*,*,#1215,.F.);
#1215 = EDGE_CURVE('',#1094,#1208,#1216,.T.);
#1216 = LINE('',#1217,#1218);
#1217 = CARTESIAN_POINT('',(29.,7.5,4.5));
#1218 = VECTOR('',#1219,1.);
#1219 = DIRECTION('',(-0.,-0.,-1.));
#1220 = ORIENTED_EDGE('',*,*,#1101,.T.);
#1221 = ORIENTED_EDGE('',*,*,#387,.T.);
#1222 = ORIENTED_EDGE('',*,*,#1053,.T.);
#1223 = ORIENTED_EDGE('',*,*,#1224,.T.);
#1224 = EDGE_CURVE('',#1054,#1225,#1227,.T.);
#1225 = VERTEX_POINT('',#1226);
#1226 = CARTESIAN_POINT('',(-29.,7.5,-6.5));
#1227 = LINE('',#1228,#1229);
#1228 = CARTESIAN_POINT('',(-29.,7.5,4.5));
#1229 = VECTOR('',#1230,1.);
#1230 = DIRECTION('',(-0.,-0.,-1.));
#1231 = ORIENTED_EDGE('',*,*,#1232,.F.);
#1232 = EDGE_CURVE('',#1118,#1225,#1233,.T.);
#1233 = LINE('',#1234,#1235);
#1234 = CARTESIAN_POINT('',(-13.75,7.5,8.75));
#1235 = VECTOR('',#1236,1.);
#1236 = DIRECTION('',(0.707106781187,0.,0.707106781187));
#1237 = PLANE('',#1238);
#1238 = AXIS2_PLACEMENT_3D('',#1239,#1240,#1241);
#1239 = CARTESIAN_POINT('',(45.,7.5,-15.5));
#1240 = DIRECTION('',(0.,-1.,0.));
#1241 = DIRECTION('',(-1.,0.,0.));
#1242 = ADVANCED_FACE('',(#1243),#1268,.F.);
#1243 = FACE_BOUND('',#1244,.F.);
#1244 = EDGE_LOOP('',(#1245,#1246,#1254,#1262));
#1245 = ORIENTED_EDGE('',*,*,#419,.F.);
#1246 = ORIENTED_EDGE('',*,*,#1247,.T.);
#1247 = EDGE_CURVE('',#412,#1248,#1250,.T.);
#1248 = VERTEX_POINT('',#1249);
#1249 = CARTESIAN_POINT('',(30.,6.5,-6.5));
#1250 = LINE('',#1251,#1252);
#1251 = CARTESIAN_POINT('',(30.,6.5,4.5));
#1252 = VECTOR('',#1253,1.);
#1253 = DIRECTION('',(-0.,-0.,-1.));
#1254 = ORIENTED_EDGE('',*,*,#1255,.T.);
#1255 = EDGE_CURVE('',#1248,#1256,#1258,.T.);
#1256 = VERTEX_POINT('',#1257);
#1257 = CARTESIAN_POINT('',(30.,-6.5,-6.5));
#1258 = LINE('',#1259,#1260);
#1259 = CARTESIAN_POINT('',(30.,7.5,-6.5));
#1260 = VECTOR('',#1261,1.);
#1261 = DIRECTION('',(0.,-1.,0.));
#1262 = ORIENTED_EDGE('',*,*,#1263,.F.);
#1263 = EDGE_CURVE('',#420,#1256,#1264,.T.);
#1264 = LINE('',#1265,#1266);
#1265 = CARTESIAN_POINT('',(30.,-6.5,4.5));
#1266 = VECTOR('',#1267,1.);
#1267 = DIRECTION('',(-0.,-0.,-1.));
#1268 = PLANE('',#1269);
#1269 = AXIS2_PLACEMENT_3D('',#1270,#1271,#1272);
#1270 = CARTESIAN_POINT('',(30.,7.5,15.5));
#1271 = DIRECTION('',(-1.,0.,0.));
#1272 = DIRECTION('',(0.,-1.,0.));
#1273 = ADVANCED_FACE('',(#1274),#1285,.T.);
#1274 = FACE_BOUND('',#1275,.T.);
#1275 = EDGE_LOOP('',(#1276,#1277,#1278,#1284));
#1276 = ORIENTED_EDGE('',*,*,#593,.T.);
#1277 = ORIENTED_EDGE('',*,*,#562,.T.);
#1278 = ORIENTED_EDGE('',*,*,#1279,.T.);
#1279 = EDGE_CURVE('',#555,#651,#1280,.T.);
#1280 = LINE('',#1281,#1282);
#1281 = CARTESIAN_POINT('',(-7.5,-23.,13.5));
#1282 = VECTOR('',#1283,1.);
#1283 = DIRECTION('',(1.,0.,0.));
#1284 = ORIENTED_EDGE('',*,*,#650,.T.);
#1285 = PLANE('',#1286);
#1286 = AXIS2_PLACEMENT_3D('',#1287,#1288,#1289);
#1287 = CARTESIAN_POINT('',(0.,-34.15,13.5));
#1288 = DIRECTION('',(0.,0.,1.));
#1289 = DIRECTION('',(1.,0.,0.));
#1290 = ADVANCED_FACE('',(#1291),#1302,.F.);
#1291 = FACE_BOUND('',#1292,.F.);
#1292 = EDGE_LOOP('',(#1293,#1299,#1300,#1301));
#1293 = ORIENTED_EDGE('',*,*,#1294,.F.);
#1294 = EDGE_CURVE('',#547,#659,#1295,.T.);
#1295 = LINE('',#1296,#1297);
#1296 = CARTESIAN_POINT('',(-6.5,-23.,14.5));
#1297 = VECTOR('',#1298,1.);
#1298 = DIRECTION('',(1.,0.,0.));
#1299 = ORIENTED_EDGE('',*,*,#554,.T.);
#1300 = ORIENTED_EDGE('',*,*,#1279,.T.);
#1301 = ORIENTED_EDGE('',*,*,#658,.F.);
#1302 = PLANE('',#1303);
#1303 = AXIS2_PLACEMENT_3D('',#1304,#1305,#1306);
#1304 = CARTESIAN_POINT('',(-7.5,-23.,15.5));
#1305 = DIRECTION('',(0.,-1.,0.));
#1306 = DIRECTION('',(1.,0.,0.));
#1307 = ADVANCED_FACE('',(#1308),#1333,.T.);
#1308 = FACE_BOUND('',#1309,.F.);
#1309 = EDGE_LOOP('',(#1310,#1320,#1326,#1327));
#1310 = ORIENTED_EDGE('',*,*,#1311,.T.);
#1311 = EDGE_CURVE('',#1312,#1314,#1316,.T.);
#1312 = VERTEX_POINT('',#1313);
#1313 = CARTESIAN_POINT('',(-6.5,-24.,15.5));
#1314 = VERTEX_POINT('',#1315);
#1315 = CARTESIAN_POINT('',(-6.5,-40.,15.5));
#1316 = LINE('',#1317,#1318);
#1317 = CARTESIAN_POINT('',(-6.5,-12.5,15.5));
#1318 = VECTOR('',#1319,1.);
#1319 = DIRECTION('',(0.,-1.,2.2E-16));
#1320 = ORIENTED_EDGE('',*,*,#1321,.F.);
#1321 = EDGE_CURVE('',#539,#1314,#1322,.T.);
#1322 = LINE('',#1323,#1324);
#1323 = CARTESIAN_POINT('',(-8.333333333334E-02,-33.58333333333,
    21.916666666667));
#1324 = VECTOR('',#1325,1.);
#1325 = DIRECTION('',(0.57735026919,0.57735026919,0.57735026919));
#1326 = ORIENTED_EDGE('',*,*,#546,.F.);
#1327 = ORIENTED_EDGE('',*,*,#1328,.T.);
#1328 = EDGE_CURVE('',#547,#1312,#1329,.T.);
#1329 = LINE('',#1330,#1331);
#1330 = CARTESIAN_POINT('',(-8.75,-21.75,13.25));
#1331 = VECTOR('',#1332,1.);
#1332 = DIRECTION('',(0.57735026919,-0.57735026919,0.57735026919));
#1333 = PLANE('',#1334);
#1334 = AXIS2_PLACEMENT_3D('',#1335,#1336,#1337);
#1335 = CARTESIAN_POINT('',(-7.,-12.5,15.));
#1336 = DIRECTION('',(-0.707106781187,0.,0.707106781187));
#1337 = DIRECTION('',(-1.1E-16,1.,-1.1E-16));
#1338 = ADVANCED_FACE('',(#1339),#1355,.F.);
#1339 = FACE_BOUND('',#1340,.F.);
#1340 = EDGE_LOOP('',(#1341,#1347,#1348,#1354));
#1341 = ORIENTED_EDGE('',*,*,#1342,.F.);
#1342 = EDGE_CURVE('',#667,#539,#1343,.T.);
#1343 = LINE('',#1344,#1345);
#1344 = CARTESIAN_POINT('',(6.5,-41.,14.5));
#1345 = VECTOR('',#1346,1.);
#1346 = DIRECTION('',(-1.,0.,0.));
#1347 = ORIENTED_EDGE('',*,*,#674,.T.);
#1348 = ORIENTED_EDGE('',*,*,#1349,.T.);
#1349 = EDGE_CURVE('',#675,#531,#1350,.T.);
#1350 = LINE('',#1351,#1352);
#1351 = CARTESIAN_POINT('',(7.5,-41.,13.5));
#1352 = VECTOR('',#1353,1.);
#1353 = DIRECTION('',(-1.,0.,0.));
#1354 = ORIENTED_EDGE('',*,*,#538,.F.);
#1355 = PLANE('',#1356);
#1356 = AXIS2_PLACEMENT_3D('',#1357,#1358,#1359);
#1357 = CARTESIAN_POINT('',(7.5,-41.,15.5));
#1358 = DIRECTION('',(0.,1.,0.));
#1359 = DIRECTION('',(-1.,0.,0.));
#1360 = ADVANCED_FACE('',(#1361),#1372,.T.);
#1361 = FACE_BOUND('',#1362,.T.);
#1362 = EDGE_LOOP('',(#1363,#1364,#1365,#1371));
#1363 = ORIENTED_EDGE('',*,*,#1349,.T.);
#1364 = ORIENTED_EDGE('',*,*,#530,.T.);
#1365 = ORIENTED_EDGE('',*,*,#1366,.T.);
#1366 = EDGE_CURVE('',#523,#683,#1367,.T.);
#1367 = LINE('',#1368,#1369);
#1368 = CARTESIAN_POINT('',(-7.5,-48.,13.5));
#1369 = VECTOR('',#1370,1.);
#1370 = DIRECTION('',(1.,0.,0.));
#1371 = ORIENTED_EDGE('',*,*,#682,.T.);
#1372 = PLANE('',#1373);
#1373 = AXIS2_PLACEMENT_3D('',#1374,#1375,#1376);
#1374 = CARTESIAN_POINT('',(0.,-34.15,13.5));
#1375 = DIRECTION('',(0.,0.,1.));
#1376 = DIRECTION('',(1.,0.,0.));
#1377 = ADVANCED_FACE('',(#1378),#1389,.F.);
#1378 = FACE_BOUND('',#1379,.F.);
#1379 = EDGE_LOOP('',(#1380,#1386,#1387,#1388));
#1380 = ORIENTED_EDGE('',*,*,#1381,.F.);
#1381 = EDGE_CURVE('',#515,#691,#1382,.T.);
#1382 = LINE('',#1383,#1384);
#1383 = CARTESIAN_POINT('',(-6.5,-48.,14.5));
#1384 = VECTOR('',#1385,1.);
#1385 = DIRECTION('',(1.,0.,0.));
#1386 = ORIENTED_EDGE('',*,*,#522,.T.);
#1387 = ORIENTED_EDGE('',*,*,#1366,.T.);
#1388 = ORIENTED_EDGE('',*,*,#690,.F.);
#1389 = PLANE('',#1390);
#1390 = AXIS2_PLACEMENT_3D('',#1391,#1392,#1393);
#1391 = CARTESIAN_POINT('',(-7.5,-48.,15.5));
#1392 = DIRECTION('',(0.,-1.,0.));
#1393 = DIRECTION('',(1.,0.,0.));
#1394 = ADVANCED_FACE('',(#1395),#1420,.T.);
#1395 = FACE_BOUND('',#1396,.F.);
#1396 = EDGE_LOOP('',(#1397,#1407,#1413,#1414));
#1397 = ORIENTED_EDGE('',*,*,#1398,.T.);
#1398 = EDGE_CURVE('',#1399,#1401,#1403,.T.);
#1399 = VERTEX_POINT('',#1400);
#1400 = CARTESIAN_POINT('',(-6.5,-49.,15.5));
#1401 = VERTEX_POINT('',#1402);
#1402 = CARTESIAN_POINT('',(-6.5,-60.5,15.5));
#1403 = LINE('',#1404,#1405);
#1404 = CARTESIAN_POINT('',(-6.5,-12.5,15.5));
#1405 = VECTOR('',#1406,1.);
#1406 = DIRECTION('',(0.,-1.,2.2E-16));
#1407 = ORIENTED_EDGE('',*,*,#1408,.T.);
#1408 = EDGE_CURVE('',#1401,#507,#1409,.T.);
#1409 = LINE('',#1410,#1411);
#1410 = CARTESIAN_POINT('',(-11.53834138915,-58.41305066474,
    10.461658610847));
#1411 = VECTOR('',#1412,1.);
#1412 = DIRECTION('',(-0.678598344546,0.281084637715,-0.678598344546));
#1413 = ORIENTED_EDGE('',*,*,#514,.F.);
#1414 = ORIENTED_EDGE('',*,*,#1415,.T.);
#1415 = EDGE_CURVE('',#515,#1399,#1416,.T.);
#1416 = LINE('',#1417,#1418);
#1417 = CARTESIAN_POINT('',(-12.91666666666,-42.58333333333,
    9.083333333333));
#1418 = VECTOR('',#1419,1.);
#1419 = DIRECTION('',(0.57735026919,-0.57735026919,0.57735026919));
#1420 = PLANE('',#1421);
#1421 = AXIS2_PLACEMENT_3D('',#1422,#1423,#1424);
#1422 = CARTESIAN_POINT('',(-7.,-12.5,15.));
#1423 = DIRECTION('',(-0.707106781187,0.,0.707106781187));
#1424 = DIRECTION('',(-1.1E-16,1.,-1.1E-16));
#1425 = ADVANCED_FACE('',(#1426),#1444,.T.);
#1426 = FACE_BOUND('',#1427,.F.);
#1427 = EDGE_LOOP('',(#1428,#1429,#1437,#1443));
#1428 = ORIENTED_EDGE('',*,*,#1408,.F.);
#1429 = ORIENTED_EDGE('',*,*,#1430,.T.);
#1430 = EDGE_CURVE('',#1401,#1431,#1433,.T.);
#1431 = VERTEX_POINT('',#1432);
#1432 = CARTESIAN_POINT('',(-6.5,-65.5,10.5));
#1433 = LINE('',#1434,#1435);
#1434 = CARTESIAN_POINT('',(-6.5,-60.5,15.5));
#1435 = VECTOR('',#1436,1.);
#1436 = DIRECTION('',(0.,-0.707106781187,-0.707106781187));
#1437 = ORIENTED_EDGE('',*,*,#1438,.F.);
#1438 = EDGE_CURVE('',#499,#1431,#1439,.T.);
#1439 = LINE('',#1440,#1441);
#1440 = CARTESIAN_POINT('',(-7.634876071695,-64.3651239283,
    10.029918939491));
#1441 = VECTOR('',#1442,1.);
#1442 = DIRECTION('',(0.678598344546,-0.678598344546,0.281084637715));
#1443 = ORIENTED_EDGE('',*,*,#506,.F.);
#1444 = PLANE('',#1445);
#1445 = AXIS2_PLACEMENT_3D('',#1446,#1447,#1448);
#1446 = CARTESIAN_POINT('',(-7.,-60.1464466094,15.146446609407));
#1447 = DIRECTION('',(-0.707106781187,-0.5,0.5));
#1448 = DIRECTION('',(-2.498001805407E-16,0.707106781187,0.707106781187)
  );
#1449 = ADVANCED_FACE('',(#1450),#1468,.T.);
#1450 = FACE_BOUND('',#1451,.T.);
#1451 = EDGE_LOOP('',(#1452,#1453,#1454,#1462));
#1452 = ORIENTED_EDGE('',*,*,#1438,.F.);
#1453 = ORIENTED_EDGE('',*,*,#498,.T.);
#1454 = ORIENTED_EDGE('',*,*,#1455,.T.);
#1455 = EDGE_CURVE('',#491,#1456,#1458,.T.);
#1456 = VERTEX_POINT('',#1457);
#1457 = CARTESIAN_POINT('',(-6.5,-65.5,-6.5));
#1458 = LINE('',#1459,#1460);
#1459 = CARTESIAN_POINT('',(-7.25,-64.75,-6.5));
#1460 = VECTOR('',#1461,1.);
#1461 = DIRECTION('',(0.707106781187,-0.707106781187,6.7E-16));
#1462 = ORIENTED_EDGE('',*,*,#1463,.F.);
#1463 = EDGE_CURVE('',#1431,#1456,#1464,.T.);
#1464 = LINE('',#1465,#1466);
#1465 = CARTESIAN_POINT('',(-6.5,-65.5,10.5));
#1466 = VECTOR('',#1467,1.);
#1467 = DIRECTION('',(0.,0.,-1.));
#1468 = PLANE('',#1469);
#1469 = AXIS2_PLACEMENT_3D('',#1470,#1471,#1472);
#1470 = CARTESIAN_POINT('',(-7.,-65.,10.5));
#1471 = DIRECTION('',(-0.707106781187,-0.707106781187,0.));
#1472 = DIRECTION('',(0.,0.,-1.));
#1473 = ADVANCED_FACE('',(#1474),#1492,.T.);
#1474 = FACE_BOUND('',#1475,.T.);
#1475 = EDGE_LOOP('',(#1476,#1477,#1478,#1486));
#1476 = ORIENTED_EDGE('',*,*,#1455,.F.);
#1477 = ORIENTED_EDGE('',*,*,#490,.T.);
#1478 = ORIENTED_EDGE('',*,*,#1479,.T.);
#1479 = EDGE_CURVE('',#483,#1480,#1482,.T.);
#1480 = VERTEX_POINT('',#1481);
#1481 = CARTESIAN_POINT('',(-6.5,-66.5,-7.5));
#1482 = LINE('',#1483,#1484);
#1483 = CARTESIAN_POINT('',(-6.75,-66.5,-7.75));
#1484 = VECTOR('',#1485,1.);
#1485 = DIRECTION('',(0.707106781187,6.7E-16,0.707106781187));
#1486 = ORIENTED_EDGE('',*,*,#1487,.F.);
#1487 = EDGE_CURVE('',#1456,#1480,#1488,.T.);
#1488 = LINE('',#1489,#1490);
#1489 = CARTESIAN_POINT('',(-6.5,-65.5,-6.5));
#1490 = VECTOR('',#1491,1.);
#1491 = DIRECTION('',(-1.35E-15,-0.707106781187,-0.707106781187));
#1492 = PLANE('',#1493);
#1493 = AXIS2_PLACEMENT_3D('',#1494,#1495,#1496);
#1494 = CARTESIAN_POINT('',(-7.5,-64.5,-6.5));
#1495 = DIRECTION('',(-0.57735026919,-0.57735026919,0.57735026919));
#1496 = DIRECTION('',(-1.110223024625E-16,-0.707106781187,
    -0.707106781187));
#1497 = ADVANCED_FACE('',(#1498),#1516,.F.);
#1498 = FACE_BOUND('',#1499,.T.);
#1499 = EDGE_LOOP('',(#1500,#1501,#1502,#1510));
#1500 = ORIENTED_EDGE('',*,*,#1479,.F.);
#1501 = ORIENTED_EDGE('',*,*,#482,.T.);
#1502 = ORIENTED_EDGE('',*,*,#1503,.F.);
#1503 = EDGE_CURVE('',#1504,#475,#1506,.T.);
#1504 = VERTEX_POINT('',#1505);
#1505 = CARTESIAN_POINT('',(-6.5,-79.5,-7.5));
#1506 = LINE('',#1507,#1508);
#1507 = CARTESIAN_POINT('',(-7.,-79.5,-8.));
#1508 = VECTOR('',#1509,1.);
#1509 = DIRECTION('',(-0.707106781187,6.7E-16,-0.707106781187));
#1510 = ORIENTED_EDGE('',*,*,#1511,.F.);
#1511 = EDGE_CURVE('',#1480,#1504,#1512,.T.);
#1512 = LINE('',#1513,#1514);
#1513 = CARTESIAN_POINT('',(-6.5,-65.5,-7.5));
#1514 = VECTOR('',#1515,1.);
#1515 = DIRECTION('',(0.,-1.,2.2E-16));
#1516 = PLANE('',#1517);
#1517 = AXIS2_PLACEMENT_3D('',#1518,#1519,#1520);
#1518 = CARTESIAN_POINT('',(-7.,-65.5,-8.));
#1519 = DIRECTION('',(0.707106781187,-1.8E-16,-0.707106781187));
#1520 = DIRECTION('',(1.727922061358E-17,1.,-2.372792206136E-16));
#1521 = ADVANCED_FACE('',(#1522),#1547,.F.);
#1522 = FACE_BOUND('',#1523,.T.);
#1523 = EDGE_LOOP('',(#1524,#1532,#1533,#1541));
#1524 = ORIENTED_EDGE('',*,*,#1525,.T.);
#1525 = EDGE_CURVE('',#1526,#475,#1528,.T.);
#1526 = VERTEX_POINT('',#1527);
#1527 = CARTESIAN_POINT('',(-6.5,-80.5,-8.5));
#1528 = LINE('',#1529,#1530);
#1529 = CARTESIAN_POINT('',(-6.75,-80.25,-8.5));
#1530 = VECTOR('',#1531,1.);
#1531 = DIRECTION('',(-0.707106781187,0.707106781187,-2.6E-15));
#1532 = ORIENTED_EDGE('',*,*,#474,.T.);
#1533 = ORIENTED_EDGE('',*,*,#1534,.T.);
#1534 = EDGE_CURVE('',#467,#1535,#1537,.T.);
#1535 = VERTEX_POINT('',#1536);
#1536 = CARTESIAN_POINT('',(-6.5,-80.5,-14.5));
#1537 = LINE('',#1538,#1539);
#1538 = CARTESIAN_POINT('',(-5.833333333333,-81.16666666666,
    -13.83333333333));
#1539 = VECTOR('',#1540,1.);
#1540 = DIRECTION('',(0.57735026919,-0.57735026919,0.57735026919));
#1541 = ORIENTED_EDGE('',*,*,#1542,.F.);
#1542 = EDGE_CURVE('',#1526,#1535,#1543,.T.);
#1543 = LINE('',#1544,#1545);
#1544 = CARTESIAN_POINT('',(-6.5,-80.5,-7.5));
#1545 = VECTOR('',#1546,1.);
#1546 = DIRECTION('',(0.,0.,-1.));
#1547 = PLANE('',#1548);
#1548 = AXIS2_PLACEMENT_3D('',#1549,#1550,#1551);
#1549 = CARTESIAN_POINT('',(-7.,-80.,-7.5));
#1550 = DIRECTION('',(0.707106781187,0.707106781187,0.));
#1551 = DIRECTION('',(0.,0.,1.));
#1552 = ADVANCED_FACE('',(#1553,#1585),#1596,.T.);
#1553 = FACE_BOUND('',#1554,.T.);
#1554 = EDGE_LOOP('',(#1555,#1556,#1562,#1563,#1571,#1579));
#1555 = ORIENTED_EDGE('',*,*,#746,.T.);
#1556 = ORIENTED_EDGE('',*,*,#1557,.F.);
#1557 = EDGE_CURVE('',#467,#739,#1558,.T.);
#1558 = LINE('',#1559,#1560);
#1559 = CARTESIAN_POINT('',(-7.5,-79.5,-15.5));
#1560 = VECTOR('',#1561,1.);
#1561 = DIRECTION('',(1.,0.,0.));
#1562 = ORIENTED_EDGE('',*,*,#466,.F.);
#1563 = ORIENTED_EDGE('',*,*,#1564,.T.);
#1564 = EDGE_CURVE('',#459,#1565,#1567,.T.);
#1565 = VERTEX_POINT('',#1566);
#1566 = CARTESIAN_POINT('',(-6.5,-58.5,-15.5));
#1567 = LINE('',#1568,#1569);
#1568 = CARTESIAN_POINT('',(-7.875,-59.875,-15.5));
#1569 = VECTOR('',#1570,1.);
#1570 = DIRECTION('',(0.707106781187,0.707106781187,0.));
#1571 = ORIENTED_EDGE('',*,*,#1572,.T.);
#1572 = EDGE_CURVE('',#1565,#1573,#1575,.T.);
#1573 = VERTEX_POINT('',#1574);
#1574 = CARTESIAN_POINT('',(6.5,-58.5,-15.5));
#1575 = LINE('',#1576,#1577);
#1576 = CARTESIAN_POINT('',(-7.5,-58.5,-15.5));
#1577 = VECTOR('',#1578,1.);
#1578 = DIRECTION('',(1.,0.,0.));
#1579 = ORIENTED_EDGE('',*,*,#1580,.F.);
#1580 = EDGE_CURVE('',#747,#1573,#1581,.T.);
#1581 = LINE('',#1582,#1583);
#1582 = CARTESIAN_POINT('',(7.875,-59.875,-15.5));
#1583 = VECTOR('',#1584,1.);
#1584 = DIRECTION('',(-0.707106781187,0.707106781187,0.));
#1585 = FACE_BOUND('',#1586,.T.);
#1586 = EDGE_LOOP('',(#1587));
#1587 = ORIENTED_EDGE('',*,*,#1588,.T.);
#1588 = EDGE_CURVE('',#1589,#1589,#1591,.T.);
#1589 = VERTEX_POINT('',#1590);
#1590 = CARTESIAN_POINT('',(1.6,-73.,-15.5));
#1591 = CIRCLE('',#1592,1.6);
#1592 = AXIS2_PLACEMENT_3D('',#1593,#1594,#1595);
#1593 = CARTESIAN_POINT('',(4.3E-15,-73.,-15.5));
#1594 = DIRECTION('',(0.,0.,1.));
#1595 = DIRECTION('',(1.,0.,0.));
#1596 = PLANE('',#1597);
#1597 = AXIS2_PLACEMENT_3D('',#1598,#1599,#1600);
#1598 = CARTESIAN_POINT('',(-9.6E-16,-69.5,-15.5));
#1599 = DIRECTION('',(-0.,-0.,-1.));
#1600 = DIRECTION('',(-1.,0.,0.));
#1601 = ADVANCED_FACE('',(#1602),#1620,.F.);
#1602 = FACE_BOUND('',#1603,.F.);
#1603 = EDGE_LOOP('',(#1604,#1612,#1613,#1614));
#1604 = ORIENTED_EDGE('',*,*,#1605,.F.);
#1605 = EDGE_CURVE('',#451,#1606,#1608,.T.);
#1606 = VERTEX_POINT('',#1607);
#1607 = CARTESIAN_POINT('',(-6.5,-58.5,8.5));
#1608 = LINE('',#1609,#1610);
#1609 = CARTESIAN_POINT('',(0.833333333333,-51.16666666666,
    1.166666666667));
#1610 = VECTOR('',#1611,1.);
#1611 = DIRECTION('',(0.57735026919,0.57735026919,-0.57735026919));
#1612 = ORIENTED_EDGE('',*,*,#458,.T.);
#1613 = ORIENTED_EDGE('',*,*,#1564,.T.);
#1614 = ORIENTED_EDGE('',*,*,#1615,.F.);
#1615 = EDGE_CURVE('',#1606,#1565,#1616,.T.);
#1616 = LINE('',#1617,#1618);
#1617 = CARTESIAN_POINT('',(-6.5,-58.5,8.5));
#1618 = VECTOR('',#1619,1.);
#1619 = DIRECTION('',(0.,0.,-1.));
#1620 = PLANE('',#1621);
#1621 = AXIS2_PLACEMENT_3D('',#1622,#1623,#1624);
#1622 = CARTESIAN_POINT('',(-7.,-59.,8.5));
#1623 = DIRECTION('',(0.707106781187,-0.707106781187,0.));
#1624 = DIRECTION('',(0.,0.,-1.));
#1625 = ADVANCED_FACE('',(#1626),#1644,.F.);
#1626 = FACE_BOUND('',#1627,.T.);
#1627 = EDGE_LOOP('',(#1628,#1636,#1642,#1643));
#1628 = ORIENTED_EDGE('',*,*,#1629,.F.);
#1629 = EDGE_CURVE('',#1630,#443,#1632,.T.);
#1630 = VERTEX_POINT('',#1631);
#1631 = CARTESIAN_POINT('',(-6.5,-12.08578643762,8.5));
#1632 = LINE('',#1633,#1634);
#1633 = CARTESIAN_POINT('',(-7.713884645254,-12.58859392084,
    9.713884645254));
#1634 = VECTOR('',#1635,1.);
#1635 = DIRECTION('',(-0.678598344546,-0.281084637715,0.678598344546));
#1636 = ORIENTED_EDGE('',*,*,#1637,.T.);
#1637 = EDGE_CURVE('',#1630,#1606,#1638,.T.);
#1638 = LINE('',#1639,#1640);
#1639 = CARTESIAN_POINT('',(-6.5,-12.5,8.5));
#1640 = VECTOR('',#1641,1.);
#1641 = DIRECTION('',(0.,-1.,2.2E-16));
#1642 = ORIENTED_EDGE('',*,*,#1605,.F.);
#1643 = ORIENTED_EDGE('',*,*,#450,.F.);
#1644 = PLANE('',#1645);
#1645 = AXIS2_PLACEMENT_3D('',#1646,#1647,#1648);
#1646 = CARTESIAN_POINT('',(-7.,-12.5,9.));
#1647 = DIRECTION('',(0.707106781187,1.1E-16,0.707106781187));
#1648 = DIRECTION('',(3.221825406948E-17,1.,-1.877817459305E-16));
#1649 = ADVANCED_FACE('',(#1650),#1667,.F.);
#1650 = FACE_BOUND('',#1651,.F.);
#1651 = EDGE_LOOP('',(#1652,#1653,#1654,#1662));
#1652 = ORIENTED_EDGE('',*,*,#618,.T.);
#1653 = ORIENTED_EDGE('',*,*,#1629,.F.);
#1654 = ORIENTED_EDGE('',*,*,#1655,.F.);
#1655 = EDGE_CURVE('',#1656,#1630,#1658,.T.);
#1656 = VERTEX_POINT('',#1657);
#1657 = CARTESIAN_POINT('',(-10.08578643762,-8.5,8.5));
#1658 = LINE('',#1659,#1660);
#1659 = CARTESIAN_POINT('',(-11.79289321881,-6.792893218813,8.5));
#1660 = VECTOR('',#1661,1.);
#1661 = DIRECTION('',(0.707106781187,-0.707106781187,1.6E-16));
#1662 = ORIENTED_EDGE('',*,*,#1663,.T.);
#1663 = EDGE_CURVE('',#1656,#611,#1664,.T.);
#1664 = B_SPLINE_CURVE_WITH_KNOTS('',1,(#1665,#1666),.UNSPECIFIED.,.F.,
  .F.,(2,2),(0.,1.),.PIECEWISE_BEZIER_KNOTS.);
#1665 = CARTESIAN_POINT('',(-10.08578643762,-8.5,8.5));
#1666 = CARTESIAN_POINT('',(-11.79289321881,-8.207106781187,9.5));
#1667 = PLANE('',#1668);
#1668 = AXIS2_PLACEMENT_3D('',#1669,#1670,#1671);
#1669 = CARTESIAN_POINT('',(-12.1464466094,-7.146446609407,9.));
#1670 = DIRECTION('',(0.5,0.5,0.707106781187));
#1671 = DIRECTION('',(0.707106781187,-0.707106781187,1.665334536938E-16)
  );
#1672 = ADVANCED_FACE('',(#1673),#1698,.F.);
#1673 = FACE_BOUND('',#1674,.F.);
#1674 = EDGE_LOOP('',(#1675,#1683,#1691,#1697));
#1675 = ORIENTED_EDGE('',*,*,#1676,.F.);
#1676 = EDGE_CURVE('',#1677,#633,#1679,.T.);
#1677 = VERTEX_POINT('',#1678);
#1678 = CARTESIAN_POINT('',(6.5,-12.08578643762,8.5));
#1679 = LINE('',#1680,#1681);
#1680 = CARTESIAN_POINT('',(7.713884645254,-12.58859392084,
    9.713884645254));
#1681 = VECTOR('',#1682,1.);
#1682 = DIRECTION('',(0.678598344546,-0.281084637715,0.678598344546));
#1683 = ORIENTED_EDGE('',*,*,#1684,.T.);
#1684 = EDGE_CURVE('',#1677,#1685,#1687,.T.);
#1685 = VERTEX_POINT('',#1686);
#1686 = CARTESIAN_POINT('',(6.5,-58.5,8.5));
#1687 = LINE('',#1688,#1689);
#1688 = CARTESIAN_POINT('',(6.5,-12.5,8.5));
#1689 = VECTOR('',#1690,1.);
#1690 = DIRECTION('',(0.,-1.,2.2E-16));
#1691 = ORIENTED_EDGE('',*,*,#1692,.F.);
#1692 = EDGE_CURVE('',#635,#1685,#1693,.T.);
#1693 = LINE('',#1694,#1695);
#1694 = CARTESIAN_POINT('',(-0.833333333333,-51.16666666666,
    1.166666666667));
#1695 = VECTOR('',#1696,1.);
#1696 = DIRECTION('',(-0.57735026919,0.57735026919,-0.57735026919));
#1697 = ORIENTED_EDGE('',*,*,#632,.F.);
#1698 = PLANE('',#1699);
#1699 = AXIS2_PLACEMENT_3D('',#1700,#1701,#1702);
#1700 = CARTESIAN_POINT('',(7.,-12.5,9.));
#1701 = DIRECTION('',(-0.707106781187,1.4E-16,0.707106781187));
#1702 = DIRECTION('',(1.100505063388E-17,-1.,2.089949493661E-16));
#1703 = ADVANCED_FACE('',(#1704),#1715,.F.);
#1704 = FACE_BOUND('',#1705,.T.);
#1705 = EDGE_LOOP('',(#1706,#1707,#1708,#1709));
#1706 = ORIENTED_EDGE('',*,*,#1692,.F.);
#1707 = ORIENTED_EDGE('',*,*,#754,.T.);
#1708 = ORIENTED_EDGE('',*,*,#1580,.T.);
#1709 = ORIENTED_EDGE('',*,*,#1710,.F.);
#1710 = EDGE_CURVE('',#1685,#1573,#1711,.T.);
#1711 = LINE('',#1712,#1713);
#1712 = CARTESIAN_POINT('',(6.5,-58.5,8.5));
#1713 = VECTOR('',#1714,1.);
#1714 = DIRECTION('',(0.,0.,-1.));
#1715 = PLANE('',#1716);
#1716 = AXIS2_PLACEMENT_3D('',#1717,#1718,#1719);
#1717 = CARTESIAN_POINT('',(7.,-59.,8.5));
#1718 = DIRECTION('',(-0.707106781187,-0.707106781187,0.));
#1719 = DIRECTION('',(0.,0.,1.));
#1720 = ADVANCED_FACE('',(#1721),#1746,.F.);
#1721 = FACE_BOUND('',#1722,.T.);
#1722 = EDGE_LOOP('',(#1723,#1731,#1732,#1740));
#1723 = ORIENTED_EDGE('',*,*,#1724,.F.);
#1724 = EDGE_CURVE('',#739,#1725,#1727,.T.);
#1725 = VERTEX_POINT('',#1726);
#1726 = CARTESIAN_POINT('',(6.5,-80.5,-14.5));
#1727 = LINE('',#1728,#1729);
#1728 = CARTESIAN_POINT('',(4.666666666667,-82.33333333333,
    -12.66666666666));
#1729 = VECTOR('',#1730,1.);
#1730 = DIRECTION('',(-0.57735026919,-0.57735026919,0.57735026919));
#1731 = ORIENTED_EDGE('',*,*,#738,.T.);
#1732 = ORIENTED_EDGE('',*,*,#1733,.T.);
#1733 = EDGE_CURVE('',#731,#1734,#1736,.T.);
#1734 = VERTEX_POINT('',#1735);
#1735 = CARTESIAN_POINT('',(6.5,-80.5,-8.5));
#1736 = LINE('',#1737,#1738);
#1737 = CARTESIAN_POINT('',(7.25,-79.75,-8.5));
#1738 = VECTOR('',#1739,1.);
#1739 = DIRECTION('',(-0.707106781187,-0.707106781187,3.17E-15));
#1740 = ORIENTED_EDGE('',*,*,#1741,.F.);
#1741 = EDGE_CURVE('',#1725,#1734,#1742,.T.);
#1742 = LINE('',#1743,#1744);
#1743 = CARTESIAN_POINT('',(6.5,-80.5,-15.5));
#1744 = VECTOR('',#1745,1.);
#1745 = DIRECTION('',(0.,0.,1.));
#1746 = PLANE('',#1747);
#1747 = AXIS2_PLACEMENT_3D('',#1748,#1749,#1750);
#1748 = CARTESIAN_POINT('',(7.,-80.,-15.5));
#1749 = DIRECTION('',(-0.707106781187,0.707106781187,0.));
#1750 = DIRECTION('',(-0.,-0.,-1.));
#1751 = ADVANCED_FACE('',(#1752),#1777,.F.);
#1752 = FACE_BOUND('',#1753,.F.);
#1753 = EDGE_LOOP('',(#1754,#1762,#1763,#1771));
#1754 = ORIENTED_EDGE('',*,*,#1755,.F.);
#1755 = EDGE_CURVE('',#723,#1756,#1758,.T.);
#1756 = VERTEX_POINT('',#1757);
#1757 = CARTESIAN_POINT('',(6.5,-66.5,-7.5));
#1758 = LINE('',#1759,#1760);
#1759 = CARTESIAN_POINT('',(6.75,-66.5,-7.75));
#1760 = VECTOR('',#1761,1.);
#1761 = DIRECTION('',(-0.707106781187,5.8E-16,0.707106781187));
#1762 = ORIENTED_EDGE('',*,*,#730,.T.);
#1763 = ORIENTED_EDGE('',*,*,#1764,.T.);
#1764 = EDGE_CURVE('',#731,#1765,#1767,.T.);
#1765 = VERTEX_POINT('',#1766);
#1766 = CARTESIAN_POINT('',(6.5,-79.5,-7.5));
#1767 = LINE('',#1768,#1769);
#1768 = CARTESIAN_POINT('',(7.25,-79.5,-8.25));
#1769 = VECTOR('',#1770,1.);
#1770 = DIRECTION('',(-0.707106781187,-5.8E-16,0.707106781187));
#1771 = ORIENTED_EDGE('',*,*,#1772,.F.);
#1772 = EDGE_CURVE('',#1756,#1765,#1773,.T.);
#1773 = LINE('',#1774,#1775);
#1774 = CARTESIAN_POINT('',(6.5,-65.5,-7.5));
#1775 = VECTOR('',#1776,1.);
#1776 = DIRECTION('',(0.,-1.,2.2E-16));
#1777 = PLANE('',#1778);
#1778 = AXIS2_PLACEMENT_3D('',#1779,#1780,#1781);
#1779 = CARTESIAN_POINT('',(7.,-65.5,-8.));
#1780 = DIRECTION('',(-0.707106781187,-1.4E-16,-0.707106781187));
#1781 = DIRECTION('',(-1.100505063388E-17,-1.,2.089949493661E-16));
#1782 = ADVANCED_FACE('',(#1783),#1801,.F.);
#1783 = FACE_BOUND('',#1784,.F.);
#1784 = EDGE_LOOP('',(#1785,#1793,#1794,#1795));
#1785 = ORIENTED_EDGE('',*,*,#1786,.F.);
#1786 = EDGE_CURVE('',#715,#1787,#1789,.T.);
#1787 = VERTEX_POINT('',#1788);
#1788 = CARTESIAN_POINT('',(6.5,-65.5,-6.5));
#1789 = LINE('',#1790,#1791);
#1790 = CARTESIAN_POINT('',(7.25,-64.75,-6.5));
#1791 = VECTOR('',#1792,1.);
#1792 = DIRECTION('',(-0.707106781187,-0.707106781187,-0.));
#1793 = ORIENTED_EDGE('',*,*,#722,.T.);
#1794 = ORIENTED_EDGE('',*,*,#1755,.T.);
#1795 = ORIENTED_EDGE('',*,*,#1796,.F.);
#1796 = EDGE_CURVE('',#1787,#1756,#1797,.T.);
#1797 = LINE('',#1798,#1799);
#1798 = CARTESIAN_POINT('',(6.5,-65.5,-6.5));
#1799 = VECTOR('',#1800,1.);
#1800 = DIRECTION('',(5.8E-16,-0.707106781187,-0.707106781187));
#1801 = PLANE('',#1802);
#1802 = AXIS2_PLACEMENT_3D('',#1803,#1804,#1805);
#1803 = CARTESIAN_POINT('',(7.5,-64.5,-6.5));
#1804 = DIRECTION('',(-0.57735026919,0.57735026919,-0.57735026919));
#1805 = DIRECTION('',(-2.775557561563E-17,-0.707106781187,
    -0.707106781187));
#1806 = ADVANCED_FACE('',(#1807),#1825,.T.);
#1807 = FACE_BOUND('',#1808,.T.);
#1808 = EDGE_LOOP('',(#1809,#1810,#1811,#1819));
#1809 = ORIENTED_EDGE('',*,*,#1786,.F.);
#1810 = ORIENTED_EDGE('',*,*,#714,.T.);
#1811 = ORIENTED_EDGE('',*,*,#1812,.T.);
#1812 = EDGE_CURVE('',#707,#1813,#1815,.T.);
#1813 = VERTEX_POINT('',#1814);
#1814 = CARTESIAN_POINT('',(6.5,-65.5,10.5));
#1815 = LINE('',#1816,#1817);
#1816 = CARTESIAN_POINT('',(9.35156820017,-62.64843179983,9.318841777458
    ));
#1817 = VECTOR('',#1818,1.);
#1818 = DIRECTION('',(-0.678598344546,-0.678598344546,0.281084637715));
#1819 = ORIENTED_EDGE('',*,*,#1820,.F.);
#1820 = EDGE_CURVE('',#1787,#1813,#1821,.T.);
#1821 = LINE('',#1822,#1823);
#1822 = CARTESIAN_POINT('',(6.5,-65.5,-7.5));
#1823 = VECTOR('',#1824,1.);
#1824 = DIRECTION('',(0.,2.2E-16,1.));
#1825 = PLANE('',#1826);
#1826 = AXIS2_PLACEMENT_3D('',#1827,#1828,#1829);
#1827 = CARTESIAN_POINT('',(7.,-65.,-7.5));
#1828 = DIRECTION('',(0.707106781187,-0.707106781187,0.));
#1829 = DIRECTION('',(1.1E-16,1.1E-16,1.));
#1830 = ADVANCED_FACE('',(#1831),#1849,.T.);
#1831 = FACE_BOUND('',#1832,.F.);
#1832 = EDGE_LOOP('',(#1833,#1841,#1842,#1843));
#1833 = ORIENTED_EDGE('',*,*,#1834,.F.);
#1834 = EDGE_CURVE('',#699,#1835,#1837,.T.);
#1835 = VERTEX_POINT('',#1836);
#1836 = CARTESIAN_POINT('',(6.5,-60.5,15.5));
#1837 = LINE('',#1838,#1839);
#1838 = CARTESIAN_POINT('',(11.538341389153,-58.41305066474,
    10.461658610847));
#1839 = VECTOR('',#1840,1.);
#1840 = DIRECTION('',(-0.678598344546,-0.281084637715,0.678598344546));
#1841 = ORIENTED_EDGE('',*,*,#706,.T.);
#1842 = ORIENTED_EDGE('',*,*,#1812,.T.);
#1843 = ORIENTED_EDGE('',*,*,#1844,.F.);
#1844 = EDGE_CURVE('',#1835,#1813,#1845,.T.);
#1845 = LINE('',#1846,#1847);
#1846 = CARTESIAN_POINT('',(6.5,-60.5,15.5));
#1847 = VECTOR('',#1848,1.);
#1848 = DIRECTION('',(0.,-0.707106781187,-0.707106781187));
#1849 = PLANE('',#1850);
#1850 = AXIS2_PLACEMENT_3D('',#1851,#1852,#1853);
#1851 = CARTESIAN_POINT('',(7.,-60.1464466094,15.146446609407));
#1852 = DIRECTION('',(0.707106781187,-0.5,0.5));
#1853 = DIRECTION('',(0.,0.707106781187,0.707106781187));
#1854 = ADVANCED_FACE('',(#1855),#1873,.T.);
#1855 = FACE_BOUND('',#1856,.T.);
#1856 = EDGE_LOOP('',(#1857,#1865,#1866,#1867));
#1857 = ORIENTED_EDGE('',*,*,#1858,.T.);
#1858 = EDGE_CURVE('',#1859,#1835,#1861,.T.);
#1859 = VERTEX_POINT('',#1860);
#1860 = CARTESIAN_POINT('',(6.5,-49.,15.5));
#1861 = LINE('',#1862,#1863);
#1862 = CARTESIAN_POINT('',(6.5,-12.5,15.5));
#1863 = VECTOR('',#1864,1.);
#1864 = DIRECTION('',(0.,-1.,2.2E-16));
#1865 = ORIENTED_EDGE('',*,*,#1834,.F.);
#1866 = ORIENTED_EDGE('',*,*,#698,.F.);
#1867 = ORIENTED_EDGE('',*,*,#1868,.T.);
#1868 = EDGE_CURVE('',#691,#1859,#1869,.T.);
#1869 = LINE('',#1870,#1871);
#1870 = CARTESIAN_POINT('',(10.75,-44.75,11.25));
#1871 = VECTOR('',#1872,1.);
#1872 = DIRECTION('',(-0.57735026919,-0.57735026919,0.57735026919));
#1873 = PLANE('',#1874);
#1874 = AXIS2_PLACEMENT_3D('',#1875,#1876,#1877);
#1875 = CARTESIAN_POINT('',(7.,-12.5,15.));
#1876 = DIRECTION('',(0.707106781187,0.,0.707106781187));
#1877 = DIRECTION('',(-1.1E-16,-1.,1.1E-16));
#1878 = ADVANCED_FACE('',(#1879),#1904,.T.);
#1879 = FACE_BOUND('',#1880,.T.);
#1880 = EDGE_LOOP('',(#1881,#1891,#1897,#1898));
#1881 = ORIENTED_EDGE('',*,*,#1882,.T.);
#1882 = EDGE_CURVE('',#1883,#1885,#1887,.T.);
#1883 = VERTEX_POINT('',#1884);
#1884 = CARTESIAN_POINT('',(6.5,-24.,15.5));
#1885 = VERTEX_POINT('',#1886);
#1886 = CARTESIAN_POINT('',(6.5,-40.,15.5));
#1887 = LINE('',#1888,#1889);
#1888 = CARTESIAN_POINT('',(6.5,-12.5,15.5));
#1889 = VECTOR('',#1890,1.);
#1890 = DIRECTION('',(0.,-1.,2.2E-16));
#1891 = ORIENTED_EDGE('',*,*,#1892,.F.);
#1892 = EDGE_CURVE('',#667,#1885,#1893,.T.);
#1893 = LINE('',#1894,#1895);
#1894 = CARTESIAN_POINT('',(2.25,-35.75,19.75));
#1895 = VECTOR('',#1896,1.);
#1896 = DIRECTION('',(-0.57735026919,0.57735026919,0.57735026919));
#1897 = ORIENTED_EDGE('',*,*,#666,.F.);
#1898 = ORIENTED_EDGE('',*,*,#1899,.T.);
#1899 = EDGE_CURVE('',#659,#1883,#1900,.T.);
#1900 = LINE('',#1901,#1902);
#1901 = CARTESIAN_POINT('',(6.583333333333,-23.91666666666,
    15.416666666667));
#1902 = VECTOR('',#1903,1.);
#1903 = DIRECTION('',(-0.57735026919,-0.57735026919,0.57735026919));
#1904 = PLANE('',#1905);
#1905 = AXIS2_PLACEMENT_3D('',#1906,#1907,#1908);
#1906 = CARTESIAN_POINT('',(7.,-12.5,15.));
#1907 = DIRECTION('',(0.707106781187,0.,0.707106781187));
#1908 = DIRECTION('',(-1.1E-16,-1.,1.1E-16));
#1909 = ADVANCED_FACE('',(#1910),#1920,.F.);
#1910 = FACE_BOUND('',#1911,.F.);
#1911 = EDGE_LOOP('',(#1912,#1917,#1918,#1919));
#1912 = ORIENTED_EDGE('',*,*,#1913,.F.);
#1913 = EDGE_CURVE('',#883,#1656,#1914,.T.);
#1914 = B_SPLINE_CURVE_WITH_KNOTS('',1,(#1915,#1916),.UNSPECIFIED.,.F.,
  .F.,(2,2),(0.,1.),.PIECEWISE_BEZIER_KNOTS.);
#1915 = CARTESIAN_POINT('',(-10.08578643762,-7.5,7.5));
#1916 = CARTESIAN_POINT('',(-10.08578643762,-8.5,8.5));
#1917 = ORIENTED_EDGE('',*,*,#882,.T.);
#1918 = ORIENTED_EDGE('',*,*,#776,.T.);
#1919 = ORIENTED_EDGE('',*,*,#1663,.F.);
#1920 = B_SPLINE_SURFACE_WITH_KNOTS('',1,1,(
    (#1921,#1922)
    ,(#1923,#1924
    )),.UNSPECIFIED.,.F.,.F.,.F.,(2,2),(2,2),(0.,1.),(0.,1.),
  .PIECEWISE_BEZIER_KNOTS.);
#1921 = CARTESIAN_POINT('',(-10.08578643762,-7.5,7.5));
#1922 = CARTESIAN_POINT('',(-10.08578643762,-8.5,8.5));
#1923 = CARTESIAN_POINT('',(-13.5,-7.5,9.5));
#1924 = CARTESIAN_POINT('',(-11.79289321881,-8.207106781187,9.5));
#1925 = ADVANCED_FACE('',(#1926),#1943,.F.);
#1926 = FACE_BOUND('',#1927,.F.);
#1927 = EDGE_LOOP('',(#1928,#1936,#1937,#1938));
#1928 = ORIENTED_EDGE('',*,*,#1929,.T.);
#1929 = EDGE_CURVE('',#1930,#1677,#1932,.T.);
#1930 = VERTEX_POINT('',#1931);
#1931 = CARTESIAN_POINT('',(10.085786437627,-8.5,8.5));
#1932 = LINE('',#1933,#1934);
#1933 = CARTESIAN_POINT('',(11.792893218813,-6.792893218813,8.5));
#1934 = VECTOR('',#1935,1.);
#1935 = DIRECTION('',(-0.707106781187,-0.707106781187,1.6E-16));
#1936 = ORIENTED_EDGE('',*,*,#1676,.T.);
#1937 = ORIENTED_EDGE('',*,*,#792,.F.);
#1938 = ORIENTED_EDGE('',*,*,#1939,.F.);
#1939 = EDGE_CURVE('',#1930,#793,#1940,.T.);
#1940 = B_SPLINE_CURVE_WITH_KNOTS('',1,(#1941,#1942),.UNSPECIFIED.,.F.,
  .F.,(2,2),(0.,1.),.PIECEWISE_BEZIER_KNOTS.);
#1941 = CARTESIAN_POINT('',(10.085786437627,-8.5,8.5));
#1942 = CARTESIAN_POINT('',(11.792893218813,-8.207106781187,9.5));
#1943 = PLANE('',#1944);
#1944 = AXIS2_PLACEMENT_3D('',#1945,#1946,#1947);
#1945 = CARTESIAN_POINT('',(12.146446609407,-7.146446609407,9.));
#1946 = DIRECTION('',(-0.5,0.5,0.707106781187));
#1947 = DIRECTION('',(-0.707106781187,-0.707106781187,2.22044604925E-16)
  );
#1948 = ADVANCED_FACE('',(#1949),#1960,.T.);
#1949 = FACE_BOUND('',#1950,.F.);
#1950 = EDGE_LOOP('',(#1951,#1952,#1953,#1959));
#1951 = ORIENTED_EDGE('',*,*,#824,.F.);
#1952 = ORIENTED_EDGE('',*,*,#873,.T.);
#1953 = ORIENTED_EDGE('',*,*,#1954,.T.);
#1954 = EDGE_CURVE('',#866,#1023,#1955,.T.);
#1955 = LINE('',#1956,#1957);
#1956 = CARTESIAN_POINT('',(-29.25,-7.25,-6.5));
#1957 = VECTOR('',#1958,1.);
#1958 = DIRECTION('',(-0.707106781187,0.707106781187,6.7E-16));
#1959 = ORIENTED_EDGE('',*,*,#1022,.F.);
#1960 = PLANE('',#1961);
#1961 = AXIS2_PLACEMENT_3D('',#1962,#1963,#1964);
#1962 = CARTESIAN_POINT('',(-29.5,-7.,4.5));
#1963 = DIRECTION('',(-0.707106781187,-0.707106781187,0.));
#1964 = DIRECTION('',(0.,0.,1.));
#1965 = ADVANCED_FACE('',(#1966,#1999),#2010,.F.);
#1966 = FACE_BOUND('',#1967,.F.);
#1967 = EDGE_LOOP('',(#1968,#1969,#1977,#1985,#1993));
#1968 = ORIENTED_EDGE('',*,*,#839,.T.);
#1969 = ORIENTED_EDGE('',*,*,#1970,.T.);
#1970 = EDGE_CURVE('',#842,#1971,#1973,.T.);
#1971 = VERTEX_POINT('',#1972);
#1972 = CARTESIAN_POINT('',(10.,-6.5,-15.5));
#1973 = LINE('',#1974,#1975);
#1974 = CARTESIAN_POINT('',(8.875,-7.625,-15.5));
#1975 = VECTOR('',#1976,1.);
#1976 = DIRECTION('',(0.707106781187,0.707106781187,0.));
#1977 = ORIENTED_EDGE('',*,*,#1978,.T.);
#1978 = EDGE_CURVE('',#1971,#1979,#1981,.T.);
#1979 = VERTEX_POINT('',#1980);
#1980 = CARTESIAN_POINT('',(10.,6.5,-15.5));
#1981 = LINE('',#1982,#1983);
#1982 = CARTESIAN_POINT('',(10.,-7.5,-15.5));
#1983 = VECTOR('',#1984,1.);
#1984 = DIRECTION('',(0.,1.,0.));
#1985 = ORIENTED_EDGE('',*,*,#1986,.T.);
#1986 = EDGE_CURVE('',#1979,#1987,#1989,.T.);
#1987 = VERTEX_POINT('',#1988);
#1988 = CARTESIAN_POINT('',(-44.,6.5,-15.5));
#1989 = LINE('',#1990,#1991);
#1990 = CARTESIAN_POINT('',(10.,6.5,-15.5));
#1991 = VECTOR('',#1992,1.);
#1992 = DIRECTION('',(-1.,0.,0.));
#1993 = ORIENTED_EDGE('',*,*,#1994,.T.);
#1994 = EDGE_CURVE('',#1987,#840,#1995,.T.);
#1995 = LINE('',#1996,#1997);
#1996 = CARTESIAN_POINT('',(-44.,7.5,-15.5));
#1997 = VECTOR('',#1998,1.);
#1998 = DIRECTION('',(0.,-1.,0.));
#1999 = FACE_BOUND('',#2000,.F.);
#2000 = EDGE_LOOP('',(#2001));
#2001 = ORIENTED_EDGE('',*,*,#2002,.F.);
#2002 = EDGE_CURVE('',#2003,#2003,#2005,.T.);
#2003 = VERTEX_POINT('',#2004);
#2004 = CARTESIAN_POINT('',(-35.9,3.E-15,-15.5));
#2005 = CIRCLE('',#2006,1.6);
#2006 = AXIS2_PLACEMENT_3D('',#2007,#2008,#2009);
#2007 = CARTESIAN_POINT('',(-37.5,3.05E-15,-15.5));
#2008 = DIRECTION('',(0.,0.,1.));
#2009 = DIRECTION('',(1.,0.,0.));
#2010 = PLANE('',#2011);
#2011 = AXIS2_PLACEMENT_3D('',#2012,#2013,#2014);
#2012 = CARTESIAN_POINT('',(0.,0.,-15.5));
#2013 = DIRECTION('',(0.,0.,1.));
#2014 = DIRECTION('',(1.,0.,0.));
#2015 = ADVANCED_FACE('',(#2016),#2041,.T.);
#2016 = FACE_BOUND('',#2017,.T.);
#2017 = EDGE_LOOP('',(#2018,#2026,#2027,#2035));
#2018 = ORIENTED_EDGE('',*,*,#2019,.F.);
#2019 = EDGE_CURVE('',#840,#2020,#2022,.T.);
#2020 = VERTEX_POINT('',#2021);
#2021 = CARTESIAN_POINT('',(-45.,-6.5,-14.5));
#2022 = LINE('',#2023,#2024);
#2023 = CARTESIAN_POINT('',(-46.83333333333,-4.666666666667,
    -12.66666666666));
#2024 = VECTOR('',#2025,1.);
#2025 = DIRECTION('',(-0.57735026919,0.57735026919,0.57735026919));
#2026 = ORIENTED_EDGE('',*,*,#849,.T.);
#2027 = ORIENTED_EDGE('',*,*,#2028,.F.);
#2028 = EDGE_CURVE('',#2029,#850,#2031,.T.);
#2029 = VERTEX_POINT('',#2030);
#2030 = CARTESIAN_POINT('',(-45.,-6.5,-8.5));
#2031 = LINE('',#2032,#2033);
#2032 = CARTESIAN_POINT('',(-44.75,-6.75,-8.5));
#2033 = VECTOR('',#2034,1.);
#2034 = DIRECTION('',(0.707106781187,-0.707106781187,-6.7E-16));
#2035 = ORIENTED_EDGE('',*,*,#2036,.F.);
#2036 = EDGE_CURVE('',#2020,#2029,#2037,.T.);
#2037 = LINE('',#2038,#2039);
#2038 = CARTESIAN_POINT('',(-45.,-6.5,-15.5));
#2039 = VECTOR('',#2040,1.);
#2040 = DIRECTION('',(0.,0.,1.));
#2041 = PLANE('',#2042);
#2042 = AXIS2_PLACEMENT_3D('',#2043,#2044,#2045);
#2043 = CARTESIAN_POINT('',(-44.5,-7.,-15.5));
#2044 = DIRECTION('',(-0.707106781187,-0.707106781187,0.));
#2045 = DIRECTION('',(0.,0.,1.));
#2046 = ADVANCED_FACE('',(#2047),#2065,.T.);
#2047 = FACE_BOUND('',#2048,.F.);
#2048 = EDGE_LOOP('',(#2049,#2050,#2051,#2059));
#2049 = ORIENTED_EDGE('',*,*,#1970,.F.);
#2050 = ORIENTED_EDGE('',*,*,#991,.T.);
#2051 = ORIENTED_EDGE('',*,*,#2052,.T.);
#2052 = EDGE_CURVE('',#984,#2053,#2055,.T.);
#2053 = VERTEX_POINT('',#2054);
#2054 = CARTESIAN_POINT('',(10.,-6.5,-5.5));
#2055 = LINE('',#2056,#2057);
#2056 = CARTESIAN_POINT('',(11.167602494407,-5.332397505593,
    -5.983636788644));
#2057 = VECTOR('',#2058,1.);
#2058 = DIRECTION('',(0.678598344546,0.678598344546,-0.281084637715));
#2059 = ORIENTED_EDGE('',*,*,#2060,.F.);
#2060 = EDGE_CURVE('',#1971,#2053,#2061,.T.);
#2061 = LINE('',#2062,#2063);
#2062 = CARTESIAN_POINT('',(10.,-6.5,-15.5));
#2063 = VECTOR('',#2064,1.);
#2064 = DIRECTION('',(0.,0.,1.));
#2065 = PLANE('',#2066);
#2066 = AXIS2_PLACEMENT_3D('',#2067,#2068,#2069);
#2067 = CARTESIAN_POINT('',(9.5,-7.,-15.5));
#2068 = DIRECTION('',(0.707106781187,-0.707106781187,0.));
#2069 = DIRECTION('',(-0.,-0.,-1.));
#2070 = ADVANCED_FACE('',(#2071),#2096,.F.);
#2071 = FACE_BOUND('',#2072,.T.);
#2072 = EDGE_LOOP('',(#2073,#2074,#2082,#2090));
#2073 = ORIENTED_EDGE('',*,*,#857,.T.);
#2074 = ORIENTED_EDGE('',*,*,#2075,.T.);
#2075 = EDGE_CURVE('',#858,#2076,#2078,.T.);
#2076 = VERTEX_POINT('',#2077);
#2077 = CARTESIAN_POINT('',(-31.,-6.5,-7.5));
#2078 = LINE('',#2079,#2080);
#2079 = CARTESIAN_POINT('',(-31.,-6.75,-7.75));
#2080 = VECTOR('',#2081,1.);
#2081 = DIRECTION('',(-1.35E-15,0.707106781187,0.707106781187));
#2082 = ORIENTED_EDGE('',*,*,#2083,.F.);
#2083 = EDGE_CURVE('',#2084,#2076,#2086,.T.);
#2084 = VERTEX_POINT('',#2085);
#2085 = CARTESIAN_POINT('',(-44.,-6.5,-7.5));
#2086 = LINE('',#2087,#2088);
#2087 = CARTESIAN_POINT('',(-45.,-6.5,-7.5));
#2088 = VECTOR('',#2089,1.);
#2089 = DIRECTION('',(1.,0.,0.));
#2090 = ORIENTED_EDGE('',*,*,#2091,.T.);
#2091 = EDGE_CURVE('',#2084,#850,#2092,.T.);
#2092 = LINE('',#2093,#2094);
#2093 = CARTESIAN_POINT('',(-44.,-7.,-8.));
#2094 = VECTOR('',#2095,1.);
#2095 = DIRECTION('',(-6.7E-16,-0.707106781187,-0.707106781187));
#2096 = PLANE('',#2097);
#2097 = AXIS2_PLACEMENT_3D('',#2098,#2099,#2100);
#2098 = CARTESIAN_POINT('',(-45.,-7.,-8.));
#2099 = DIRECTION('',(0.,0.707106781187,-0.707106781187));
#2100 = DIRECTION('',(-1.,-0.,-0.));
#2101 = ADVANCED_FACE('',(#2102),#2120,.T.);
#2102 = FACE_BOUND('',#2103,.T.);
#2103 = EDGE_LOOP('',(#2104,#2112,#2113,#2114));
#2104 = ORIENTED_EDGE('',*,*,#2105,.F.);
#2105 = EDGE_CURVE('',#976,#2106,#2108,.T.);
#2106 = VERTEX_POINT('',#2107);
#2107 = CARTESIAN_POINT('',(15.,-6.5,-0.5));
#2108 = LINE('',#2109,#2110);
#2109 = CARTESIAN_POINT('',(15.006777864068,-6.483636788644,
    -0.516363211356));
#2110 = VECTOR('',#2111,1.);
#2111 = DIRECTION('',(0.281084637715,0.678598344546,-0.678598344546));
#2112 = ORIENTED_EDGE('',*,*,#983,.T.);
#2113 = ORIENTED_EDGE('',*,*,#2052,.T.);
#2114 = ORIENTED_EDGE('',*,*,#2115,.F.);
#2115 = EDGE_CURVE('',#2106,#2053,#2116,.T.);
#2116 = LINE('',#2117,#2118);
#2117 = CARTESIAN_POINT('',(15.,-6.5,-0.5));
#2118 = VECTOR('',#2119,1.);
#2119 = DIRECTION('',(-0.707106781187,0.,-0.707106781187));
#2120 = PLANE('',#2121);
#2121 = AXIS2_PLACEMENT_3D('',#2122,#2123,#2124);
#2122 = CARTESIAN_POINT('',(14.646446609407,-7.,-0.146446609407));
#2123 = DIRECTION('',(0.5,-0.707106781187,-0.5));
#2124 = DIRECTION('',(-0.707106781187,0.,-0.707106781187));
#2125 = ADVANCED_FACE('',(#2126),#2137,.F.);
#2126 = FACE_BOUND('',#2127,.F.);
#2127 = EDGE_LOOP('',(#2128,#2129,#2130,#2131));
#2128 = ORIENTED_EDGE('',*,*,#1954,.F.);
#2129 = ORIENTED_EDGE('',*,*,#865,.T.);
#2130 = ORIENTED_EDGE('',*,*,#2075,.T.);
#2131 = ORIENTED_EDGE('',*,*,#2132,.F.);
#2132 = EDGE_CURVE('',#1023,#2076,#2133,.T.);
#2133 = LINE('',#2134,#2135);
#2134 = CARTESIAN_POINT('',(-30.,-6.5,-6.5));
#2135 = VECTOR('',#2136,1.);
#2136 = DIRECTION('',(-0.707106781187,6.7E-16,-0.707106781187));
#2137 = PLANE('',#2138);
#2138 = AXIS2_PLACEMENT_3D('',#2139,#2140,#2141);
#2139 = CARTESIAN_POINT('',(-29.,-7.5,-6.5));
#2140 = DIRECTION('',(0.57735026919,0.57735026919,-0.57735026919));
#2141 = DIRECTION('',(-0.707106781187,6.938893903907E-16,-0.707106781187
    ));
#2142 = ADVANCED_FACE('',(#2143),#2161,.T.);
#2143 = FACE_BOUND('',#2144,.T.);
#2144 = EDGE_LOOP('',(#2145,#2153,#2154,#2155));
#2145 = ORIENTED_EDGE('',*,*,#2146,.F.);
#2146 = EDGE_CURVE('',#968,#2147,#2149,.T.);
#2147 = VERTEX_POINT('',#2148);
#2148 = CARTESIAN_POINT('',(20.,-6.5,-0.5));
#2149 = LINE('',#2150,#2151);
#2150 = CARTESIAN_POINT('',(19.911406079152,-6.286115354746,
    -0.713884645254));
#2151 = VECTOR('',#2152,1.);
#2152 = DIRECTION('',(-0.281084637715,0.678598344546,-0.678598344546));
#2153 = ORIENTED_EDGE('',*,*,#975,.T.);
#2154 = ORIENTED_EDGE('',*,*,#2105,.T.);
#2155 = ORIENTED_EDGE('',*,*,#2156,.F.);
#2156 = EDGE_CURVE('',#2147,#2106,#2157,.T.);
#2157 = LINE('',#2158,#2159);
#2158 = CARTESIAN_POINT('',(20.,-6.5,-0.5));
#2159 = VECTOR('',#2160,1.);
#2160 = DIRECTION('',(-1.,0.,0.));
#2161 = PLANE('',#2162);
#2162 = AXIS2_PLACEMENT_3D('',#2163,#2164,#2165);
#2163 = CARTESIAN_POINT('',(20.,-7.,0.));
#2164 = DIRECTION('',(0.,-0.707106781187,-0.707106781187));
#2165 = DIRECTION('',(-1.,0.,0.));
#2166 = ADVANCED_FACE('',(#2167),#2185,.F.);
#2167 = FACE_BOUND('',#2168,.T.);
#2168 = EDGE_LOOP('',(#2169,#2177,#2178,#2179));
#2169 = ORIENTED_EDGE('',*,*,#2170,.F.);
#2170 = EDGE_CURVE('',#960,#2171,#2173,.T.);
#2171 = VERTEX_POINT('',#2172);
#2172 = CARTESIAN_POINT('',(25.,-6.5,-5.5));
#2173 = LINE('',#2174,#2175);
#2174 = CARTESIAN_POINT('',(24.506777864068,-6.006777864068,
    -5.704299297966));
#2175 = VECTOR('',#2176,1.);
#2176 = DIRECTION('',(-0.678598344546,0.678598344546,-0.281084637715));
#2177 = ORIENTED_EDGE('',*,*,#967,.T.);
#2178 = ORIENTED_EDGE('',*,*,#2146,.T.);
#2179 = ORIENTED_EDGE('',*,*,#2180,.F.);
#2180 = EDGE_CURVE('',#2171,#2147,#2181,.T.);
#2181 = LINE('',#2182,#2183);
#2182 = CARTESIAN_POINT('',(25.,-6.5,-5.5));
#2183 = VECTOR('',#2184,1.);
#2184 = DIRECTION('',(-0.707106781187,0.,0.707106781187));
#2185 = PLANE('',#2186);
#2186 = AXIS2_PLACEMENT_3D('',#2187,#2188,#2189);
#2187 = CARTESIAN_POINT('',(25.353553390593,-7.,-5.146446609407));
#2188 = DIRECTION('',(0.5,0.707106781187,0.5));
#2189 = DIRECTION('',(0.707106781187,-2.775557561563E-17,-0.707106781187
    ));
#2190 = ADVANCED_FACE('',(#2191),#2209,.T.);
#2191 = FACE_BOUND('',#2192,.T.);
#2192 = EDGE_LOOP('',(#2193,#2201,#2202,#2203));
#2193 = ORIENTED_EDGE('',*,*,#2194,.F.);
#2194 = EDGE_CURVE('',#952,#2195,#2197,.T.);
#2195 = VERTEX_POINT('',#2196);
#2196 = CARTESIAN_POINT('',(25.,-6.5,-15.5));
#2197 = LINE('',#2198,#2199);
#2198 = CARTESIAN_POINT('',(17.375,1.125,-15.5));
#2199 = VECTOR('',#2200,1.);
#2200 = DIRECTION('',(-0.707106781187,0.707106781187,0.));
#2201 = ORIENTED_EDGE('',*,*,#959,.T.);
#2202 = ORIENTED_EDGE('',*,*,#2170,.T.);
#2203 = ORIENTED_EDGE('',*,*,#2204,.F.);
#2204 = EDGE_CURVE('',#2195,#2171,#2205,.T.);
#2205 = LINE('',#2206,#2207);
#2206 = CARTESIAN_POINT('',(25.,-6.5,-15.5));
#2207 = VECTOR('',#2208,1.);
#2208 = DIRECTION('',(0.,0.,1.));
#2209 = PLANE('',#2210);
#2210 = AXIS2_PLACEMENT_3D('',#2211,#2212,#2213);
#2211 = CARTESIAN_POINT('',(25.5,-7.,-15.5));
#2212 = DIRECTION('',(-0.707106781187,-0.707106781187,0.));
#2213 = DIRECTION('',(0.,0.,1.));
#2214 = ADVANCED_FACE('',(#2215,#2241),#2252,.F.);
#2215 = FACE_BOUND('',#2216,.F.);
#2216 = EDGE_LOOP('',(#2217,#2218,#2226,#2234,#2240));
#2217 = ORIENTED_EDGE('',*,*,#951,.T.);
#2218 = ORIENTED_EDGE('',*,*,#2219,.T.);
#2219 = EDGE_CURVE('',#944,#2220,#2222,.T.);
#2220 = VERTEX_POINT('',#2221);
#2221 = CARTESIAN_POINT('',(44.,6.5,-15.5));
#2222 = LINE('',#2223,#2224);
#2223 = CARTESIAN_POINT('',(44.,-7.5,-15.5));
#2224 = VECTOR('',#2225,1.);
#2225 = DIRECTION('',(0.,1.,0.));
#2226 = ORIENTED_EDGE('',*,*,#2227,.T.);
#2227 = EDGE_CURVE('',#2220,#2228,#2230,.T.);
#2228 = VERTEX_POINT('',#2229);
#2229 = CARTESIAN_POINT('',(25.,6.5,-15.5));
#2230 = LINE('',#2231,#2232);
#2231 = CARTESIAN_POINT('',(45.,6.5,-15.5));
#2232 = VECTOR('',#2233,1.);
#2233 = DIRECTION('',(-1.,0.,0.));
#2234 = ORIENTED_EDGE('',*,*,#2235,.T.);
#2235 = EDGE_CURVE('',#2228,#2195,#2236,.T.);
#2236 = LINE('',#2237,#2238);
#2237 = CARTESIAN_POINT('',(25.,7.5,-15.5));
#2238 = VECTOR('',#2239,1.);
#2239 = DIRECTION('',(0.,-1.,0.));
#2240 = ORIENTED_EDGE('',*,*,#2194,.F.);
#2241 = FACE_BOUND('',#2242,.F.);
#2242 = EDGE_LOOP('',(#2243));
#2243 = ORIENTED_EDGE('',*,*,#2244,.F.);
#2244 = EDGE_CURVE('',#2245,#2245,#2247,.T.);
#2245 = VERTEX_POINT('',#2246);
#2246 = CARTESIAN_POINT('',(39.1,3.E-15,-15.5));
#2247 = CIRCLE('',#2248,1.6);
#2248 = AXIS2_PLACEMENT_3D('',#2249,#2250,#2251);
#2249 = CARTESIAN_POINT('',(37.5,3.05E-15,-15.5));
#2250 = DIRECTION('',(0.,0.,1.));
#2251 = DIRECTION('',(1.,0.,0.));
#2252 = PLANE('',#2253);
#2253 = AXIS2_PLACEMENT_3D('',#2254,#2255,#2256);
#2254 = CARTESIAN_POINT('',(0.,0.,-15.5));
#2255 = DIRECTION('',(0.,0.,1.));
#2256 = DIRECTION('',(1.,0.,0.));
#2257 = ADVANCED_FACE('',(#2258),#2283,.T.);
#2258 = FACE_BOUND('',#2259,.T.);
#2259 = EDGE_LOOP('',(#2260,#2268,#2276,#2282));
#2260 = ORIENTED_EDGE('',*,*,#2261,.F.);
#2261 = EDGE_CURVE('',#2262,#944,#2264,.T.);
#2262 = VERTEX_POINT('',#2263);
#2263 = CARTESIAN_POINT('',(45.,-6.5,-14.5));
#2264 = LINE('',#2265,#2266);
#2265 = CARTESIAN_POINT('',(44.333333333333,-7.166666666667,
    -15.16666666666));
#2266 = VECTOR('',#2267,1.);
#2267 = DIRECTION('',(-0.57735026919,-0.57735026919,-0.57735026919));
#2268 = ORIENTED_EDGE('',*,*,#2269,.T.);
#2269 = EDGE_CURVE('',#2262,#2270,#2272,.T.);
#2270 = VERTEX_POINT('',#2271);
#2271 = CARTESIAN_POINT('',(45.,-6.5,-8.5));
#2272 = LINE('',#2273,#2274);
#2273 = CARTESIAN_POINT('',(45.,-6.5,-15.5));
#2274 = VECTOR('',#2275,1.);
#2275 = DIRECTION('',(0.,0.,1.));
#2276 = ORIENTED_EDGE('',*,*,#2277,.F.);
#2277 = EDGE_CURVE('',#936,#2270,#2278,.T.);
#2278 = LINE('',#2279,#2280);
#2279 = CARTESIAN_POINT('',(44.25,-7.25,-8.5));
#2280 = VECTOR('',#2281,1.);
#2281 = DIRECTION('',(0.707106781187,0.707106781187,1.25E-15));
#2282 = ORIENTED_EDGE('',*,*,#943,.F.);
#2283 = PLANE('',#2284);
#2284 = AXIS2_PLACEMENT_3D('',#2285,#2286,#2287);
#2285 = CARTESIAN_POINT('',(44.5,-7.,-15.5));
#2286 = DIRECTION('',(0.707106781187,-0.707106781187,0.));
#2287 = DIRECTION('',(0.,0.,1.));
#2288 = ADVANCED_FACE('',(#2289),#2314,.F.);
#2289 = FACE_BOUND('',#2290,.F.);
#2290 = EDGE_LOOP('',(#2291,#2299,#2307,#2313));
#2291 = ORIENTED_EDGE('',*,*,#2292,.T.);
#2292 = EDGE_CURVE('',#928,#2293,#2295,.T.);
#2293 = VERTEX_POINT('',#2294);
#2294 = CARTESIAN_POINT('',(31.,-6.5,-7.5));
#2295 = LINE('',#2296,#2297);
#2296 = CARTESIAN_POINT('',(31.,-7.25,-8.25));
#2297 = VECTOR('',#2298,1.);
#2298 = DIRECTION('',(0.,0.707106781187,0.707106781187));
#2299 = ORIENTED_EDGE('',*,*,#2300,.T.);
#2300 = EDGE_CURVE('',#2293,#2301,#2303,.T.);
#2301 = VERTEX_POINT('',#2302);
#2302 = CARTESIAN_POINT('',(44.,-6.5,-7.5));
#2303 = LINE('',#2304,#2305);
#2304 = CARTESIAN_POINT('',(30.,-6.5,-7.5));
#2305 = VECTOR('',#2306,1.);
#2306 = DIRECTION('',(1.,0.,0.));
#2307 = ORIENTED_EDGE('',*,*,#2308,.F.);
#2308 = EDGE_CURVE('',#936,#2301,#2309,.T.);
#2309 = LINE('',#2310,#2311);
#2310 = CARTESIAN_POINT('',(44.,-7.25,-8.25));
#2311 = VECTOR('',#2312,1.);
#2312 = DIRECTION('',(-6.7E-16,0.707106781187,0.707106781187));
#2313 = ORIENTED_EDGE('',*,*,#935,.F.);
#2314 = PLANE('',#2315);
#2315 = AXIS2_PLACEMENT_3D('',#2316,#2317,#2318);
#2316 = CARTESIAN_POINT('',(30.,-7.,-8.));
#2317 = DIRECTION('',(0.,0.707106781187,-0.707106781187));
#2318 = DIRECTION('',(1.,0.,0.));
#2319 = ADVANCED_FACE('',(#2320),#2336,.F.);
#2320 = FACE_BOUND('',#2321,.F.);
#2321 = EDGE_LOOP('',(#2322,#2323,#2324,#2330));
#2322 = ORIENTED_EDGE('',*,*,#2292,.F.);
#2323 = ORIENTED_EDGE('',*,*,#927,.T.);
#2324 = ORIENTED_EDGE('',*,*,#2325,.T.);
#2325 = EDGE_CURVE('',#920,#1256,#2326,.T.);
#2326 = LINE('',#2327,#2328);
#2327 = CARTESIAN_POINT('',(29.75,-6.75,-6.5));
#2328 = VECTOR('',#2329,1.);
#2329 = DIRECTION('',(0.707106781187,0.707106781187,0.));
#2330 = ORIENTED_EDGE('',*,*,#2331,.F.);
#2331 = EDGE_CURVE('',#2293,#1256,#2332,.T.);
#2332 = LINE('',#2333,#2334);
#2333 = CARTESIAN_POINT('',(31.,-6.5,-7.5));
#2334 = VECTOR('',#2335,1.);
#2335 = DIRECTION('',(-0.707106781187,0.,0.707106781187));
#2336 = PLANE('',#2337);
#2337 = AXIS2_PLACEMENT_3D('',#2338,#2339,#2340);
#2338 = CARTESIAN_POINT('',(31.,-7.5,-8.5));
#2339 = DIRECTION('',(-0.57735026919,0.57735026919,-0.57735026919));
#2340 = DIRECTION('',(-0.707106781187,0.,0.707106781187));
#2341 = ADVANCED_FACE('',(#2342),#2348,.T.);
#2342 = FACE_BOUND('',#2343,.T.);
#2343 = EDGE_LOOP('',(#2344,#2345,#2346,#2347));
#2344 = ORIENTED_EDGE('',*,*,#1076,.F.);
#2345 = ORIENTED_EDGE('',*,*,#919,.T.);
#2346 = ORIENTED_EDGE('',*,*,#2325,.T.);
#2347 = ORIENTED_EDGE('',*,*,#1263,.F.);
#2348 = PLANE('',#2349);
#2349 = AXIS2_PLACEMENT_3D('',#2350,#2351,#2352);
#2350 = CARTESIAN_POINT('',(29.5,-7.,4.5));
#2351 = DIRECTION('',(0.707106781187,-0.707106781187,0.));
#2352 = DIRECTION('',(0.,0.,-1.));
#2353 = ADVANCED_FACE('',(#2354),#2369,.T.);
#2354 = FACE_BOUND('',#2355,.T.);
#2355 = EDGE_LOOP('',(#2356,#2357,#2358,#2363));
#2356 = ORIENTED_EDGE('',*,*,#1913,.F.);
#2357 = ORIENTED_EDGE('',*,*,#889,.T.);
#2358 = ORIENTED_EDGE('',*,*,#2359,.T.);
#2359 = EDGE_CURVE('',#890,#1930,#2360,.T.);
#2360 = B_SPLINE_CURVE_WITH_KNOTS('',1,(#2361,#2362),.UNSPECIFIED.,.F.,
  .F.,(2,2),(0.,1.),.PIECEWISE_BEZIER_KNOTS.);
#2361 = CARTESIAN_POINT('',(10.085786437627,-7.5,7.5));
#2362 = CARTESIAN_POINT('',(10.085786437627,-8.5,8.5));
#2363 = ORIENTED_EDGE('',*,*,#2364,.F.);
#2364 = EDGE_CURVE('',#1656,#1930,#2365,.T.);
#2365 = LINE('',#2366,#2367);
#2366 = CARTESIAN_POINT('',(-12.5,-8.5,8.5));
#2367 = VECTOR('',#2368,1.);
#2368 = DIRECTION('',(1.,0.,0.));
#2369 = PLANE('',#2370);
#2370 = AXIS2_PLACEMENT_3D('',#2371,#2372,#2373);
#2371 = CARTESIAN_POINT('',(8.6E-16,-8.,8.));
#2372 = DIRECTION('',(-0.,-0.707106781187,-0.707106781187));
#2373 = DIRECTION('',(0.,-0.707106781187,0.707106781187));
#2374 = ADVANCED_FACE('',(#2375),#2381,.T.);
#2375 = FACE_BOUND('',#2376,.T.);
#2376 = EDGE_LOOP('',(#2377,#2378,#2379,#2380));
#2377 = ORIENTED_EDGE('',*,*,#2359,.F.);
#2378 = ORIENTED_EDGE('',*,*,#897,.T.);
#2379 = ORIENTED_EDGE('',*,*,#1005,.T.);
#2380 = ORIENTED_EDGE('',*,*,#1939,.F.);
#2381 = B_SPLINE_SURFACE_WITH_KNOTS('',1,1,(
    (#2382,#2383)
    ,(#2384,#2385
    )),.UNSPECIFIED.,.F.,.F.,.F.,(2,2),(2,2),(0.,1.),(0.,1.),
  .PIECEWISE_BEZIER_KNOTS.);
#2382 = CARTESIAN_POINT('',(10.085786437627,-7.5,7.5));
#2383 = CARTESIAN_POINT('',(10.085786437627,-8.5,8.5));
#2384 = CARTESIAN_POINT('',(13.5,-7.5,9.5));
#2385 = CARTESIAN_POINT('',(11.792893218813,-8.207106781187,9.5));
#2386 = ADVANCED_FACE('',(#2387),#2398,.T.);
#2387 = FACE_BOUND('',#2388,.T.);
#2388 = EDGE_LOOP('',(#2389,#2390,#2391,#2397));
#2389 = ORIENTED_EDGE('',*,*,#1061,.F.);
#2390 = ORIENTED_EDGE('',*,*,#1224,.T.);
#2391 = ORIENTED_EDGE('',*,*,#2392,.T.);
#2392 = EDGE_CURVE('',#1225,#1031,#2393,.T.);
#2393 = LINE('',#2394,#2395);
#2394 = CARTESIAN_POINT('',(-29.75,6.75,-6.5));
#2395 = VECTOR('',#2396,1.);
#2396 = DIRECTION('',(-0.707106781187,-0.707106781187,0.));
#2397 = ORIENTED_EDGE('',*,*,#1038,.F.);
#2398 = PLANE('',#2399);
#2399 = AXIS2_PLACEMENT_3D('',#2400,#2401,#2402);
#2400 = CARTESIAN_POINT('',(-29.5,7.,4.5));
#2401 = DIRECTION('',(-0.707106781187,0.707106781187,0.));
#2402 = DIRECTION('',(0.,0.,-1.));
#2403 = ADVANCED_FACE('',(#2404),#2422,.T.);
#2404 = FACE_BOUND('',#2405,.F.);
#2405 = EDGE_LOOP('',(#2406,#2414,#2420,#2421));
#2406 = ORIENTED_EDGE('',*,*,#2407,.T.);
#2407 = EDGE_CURVE('',#2076,#2408,#2410,.T.);
#2408 = VERTEX_POINT('',#2409);
#2409 = CARTESIAN_POINT('',(-31.,6.5,-7.5));
#2410 = LINE('',#2411,#2412);
#2411 = CARTESIAN_POINT('',(-31.,-7.5,-7.5));
#2412 = VECTOR('',#2413,1.);
#2413 = DIRECTION('',(0.,1.,0.));
#2414 = ORIENTED_EDGE('',*,*,#2415,.T.);
#2415 = EDGE_CURVE('',#2408,#1031,#2416,.T.);
#2416 = LINE('',#2417,#2418);
#2417 = CARTESIAN_POINT('',(-31.,6.5,-7.5));
#2418 = VECTOR('',#2419,1.);
#2419 = DIRECTION('',(0.707106781187,0.,0.707106781187));
#2420 = ORIENTED_EDGE('',*,*,#1030,.F.);
#2421 = ORIENTED_EDGE('',*,*,#2132,.T.);
#2422 = PLANE('',#2423);
#2423 = AXIS2_PLACEMENT_3D('',#2424,#2425,#2426);
#2424 = CARTESIAN_POINT('',(-30.5,-7.5,-7.));
#2425 = DIRECTION('',(-0.707106781187,0.,0.707106781187));
#2426 = DIRECTION('',(-0.,-1.,-0.));
#2427 = ADVANCED_FACE('',(#2428),#2439,.T.);
#2428 = FACE_BOUND('',#2429,.F.);
#2429 = EDGE_LOOP('',(#2430,#2431,#2432,#2438));
#2430 = ORIENTED_EDGE('',*,*,#1093,.F.);
#2431 = ORIENTED_EDGE('',*,*,#1215,.T.);
#2432 = ORIENTED_EDGE('',*,*,#2433,.T.);
#2433 = EDGE_CURVE('',#1208,#1248,#2434,.T.);
#2434 = LINE('',#2435,#2436);
#2435 = CARTESIAN_POINT('',(29.75,6.75,-6.5));
#2436 = VECTOR('',#2437,1.);
#2437 = DIRECTION('',(0.707106781187,-0.707106781187,-5.8E-16));
#2438 = ORIENTED_EDGE('',*,*,#1247,.F.);
#2439 = PLANE('',#2440);
#2440 = AXIS2_PLACEMENT_3D('',#2441,#2442,#2443);
#2441 = CARTESIAN_POINT('',(29.5,7.,4.5));
#2442 = DIRECTION('',(0.707106781187,0.707106781187,0.));
#2443 = DIRECTION('',(0.,0.,1.));
#2444 = ADVANCED_FACE('',(#2445),#2468,.F.);
#2445 = FACE_BOUND('',#2446,.T.);
#2446 = EDGE_LOOP('',(#2447,#2453,#2454,#2462));
#2447 = ORIENTED_EDGE('',*,*,#2448,.F.);
#2448 = EDGE_CURVE('',#1118,#2408,#2449,.T.);
#2449 = LINE('',#2450,#2451);
#2450 = CARTESIAN_POINT('',(-31.,7.25,-8.25));
#2451 = VECTOR('',#2452,1.);
#2452 = DIRECTION('',(0.,-0.707106781187,0.707106781187));
#2453 = ORIENTED_EDGE('',*,*,#1117,.T.);
#2454 = ORIENTED_EDGE('',*,*,#2455,.T.);
#2455 = EDGE_CURVE('',#1120,#2456,#2458,.T.);
#2456 = VERTEX_POINT('',#2457);
#2457 = CARTESIAN_POINT('',(-44.,6.5,-7.5));
#2458 = LINE('',#2459,#2460);
#2459 = CARTESIAN_POINT('',(-44.,7.25,-8.25));
#2460 = VECTOR('',#2461,1.);
#2461 = DIRECTION('',(6.7E-16,-0.707106781187,0.707106781187));
#2462 = ORIENTED_EDGE('',*,*,#2463,.F.);
#2463 = EDGE_CURVE('',#2408,#2456,#2464,.T.);
#2464 = LINE('',#2465,#2466);
#2465 = CARTESIAN_POINT('',(-30.,6.5,-7.5));
#2466 = VECTOR('',#2467,1.);
#2467 = DIRECTION('',(-1.,0.,0.));
#2468 = PLANE('',#2469);
#2469 = AXIS2_PLACEMENT_3D('',#2470,#2471,#2472);
#2470 = CARTESIAN_POINT('',(-30.,7.,-8.));
#2471 = DIRECTION('',(0.,-0.707106781187,-0.707106781187));
#2472 = DIRECTION('',(1.,0.,0.));
#2473 = ADVANCED_FACE('',(#2474),#2480,.F.);
#2474 = FACE_BOUND('',#2475,.F.);
#2475 = EDGE_LOOP('',(#2476,#2477,#2478,#2479));
#2476 = ORIENTED_EDGE('',*,*,#2448,.F.);
#2477 = ORIENTED_EDGE('',*,*,#1232,.T.);
#2478 = ORIENTED_EDGE('',*,*,#2392,.T.);
#2479 = ORIENTED_EDGE('',*,*,#2415,.F.);
#2480 = PLANE('',#2481);
#2481 = AXIS2_PLACEMENT_3D('',#2482,#2483,#2484);
#2482 = CARTESIAN_POINT('',(-31.,7.5,-8.5));
#2483 = DIRECTION('',(0.57735026919,-0.57735026919,-0.57735026919));
#2484 = DIRECTION('',(0.707106781187,0.,0.707106781187));
#2485 = ADVANCED_FACE('',(#2486),#2511,.T.);
#2486 = FACE_BOUND('',#2487,.F.);
#2487 = EDGE_LOOP('',(#2488,#2489,#2497,#2505));
#2488 = ORIENTED_EDGE('',*,*,#1127,.T.);
#2489 = ORIENTED_EDGE('',*,*,#2490,.T.);
#2490 = EDGE_CURVE('',#1120,#2491,#2493,.T.);
#2491 = VERTEX_POINT('',#2492);
#2492 = CARTESIAN_POINT('',(-45.,6.5,-8.5));
#2493 = LINE('',#2494,#2495);
#2494 = CARTESIAN_POINT('',(-44.25,7.25,-8.5));
#2495 = VECTOR('',#2496,1.);
#2496 = DIRECTION('',(-0.707106781187,-0.707106781187,1.25E-15));
#2497 = ORIENTED_EDGE('',*,*,#2498,.F.);
#2498 = EDGE_CURVE('',#2499,#2491,#2501,.T.);
#2499 = VERTEX_POINT('',#2500);
#2500 = CARTESIAN_POINT('',(-45.,6.5,-14.5));
#2501 = LINE('',#2502,#2503);
#2502 = CARTESIAN_POINT('',(-45.,6.5,-15.5));
#2503 = VECTOR('',#2504,1.);
#2504 = DIRECTION('',(0.,0.,1.));
#2505 = ORIENTED_EDGE('',*,*,#2506,.T.);
#2506 = EDGE_CURVE('',#2499,#1128,#2507,.T.);
#2507 = LINE('',#2508,#2509);
#2508 = CARTESIAN_POINT('',(-44.5,7.,-14.5));
#2509 = VECTOR('',#2510,1.);
#2510 = DIRECTION('',(0.707106781187,0.707106781187,1.92E-15));
#2511 = PLANE('',#2512);
#2512 = AXIS2_PLACEMENT_3D('',#2513,#2514,#2515);
#2513 = CARTESIAN_POINT('',(-44.5,7.,-15.5));
#2514 = DIRECTION('',(-0.707106781187,0.707106781187,0.));
#2515 = DIRECTION('',(-0.,-0.,-1.));
#2516 = ADVANCED_FACE('',(#2517),#2533,.T.);
#2517 = FACE_BOUND('',#2518,.F.);
#2518 = EDGE_LOOP('',(#2519,#2525,#2526,#2532));
#2519 = ORIENTED_EDGE('',*,*,#2520,.F.);
#2520 = EDGE_CURVE('',#1136,#1979,#2521,.T.);
#2521 = LINE('',#2522,#2523);
#2522 = CARTESIAN_POINT('',(9.666666666667,6.833333333333,
    -15.16666666666));
#2523 = VECTOR('',#2524,1.);
#2524 = DIRECTION('',(0.57735026919,-0.57735026919,-0.57735026919));
#2525 = ORIENTED_EDGE('',*,*,#1135,.T.);
#2526 = ORIENTED_EDGE('',*,*,#2527,.F.);
#2527 = EDGE_CURVE('',#1987,#1128,#2528,.T.);
#2528 = LINE('',#2529,#2530);
#2529 = CARTESIAN_POINT('',(-44.,6.75,-15.25));
#2530 = VECTOR('',#2531,1.);
#2531 = DIRECTION('',(0.,0.707106781187,0.707106781187));
#2532 = ORIENTED_EDGE('',*,*,#1986,.F.);
#2533 = PLANE('',#2534);
#2534 = AXIS2_PLACEMENT_3D('',#2535,#2536,#2537);
#2535 = CARTESIAN_POINT('',(10.,7.,-15.));
#2536 = DIRECTION('',(0.,0.707106781187,-0.707106781187));
#2537 = DIRECTION('',(1.,0.,0.));
#2538 = ADVANCED_FACE('',(#2539),#2557,.T.);
#2539 = FACE_BOUND('',#2540,.T.);
#2540 = EDGE_LOOP('',(#2541,#2542,#2543,#2551));
#2541 = ORIENTED_EDGE('',*,*,#2520,.F.);
#2542 = ORIENTED_EDGE('',*,*,#1143,.T.);
#2543 = ORIENTED_EDGE('',*,*,#2544,.T.);
#2544 = EDGE_CURVE('',#1144,#2545,#2547,.T.);
#2545 = VERTEX_POINT('',#2546);
#2546 = CARTESIAN_POINT('',(10.,6.5,-5.5));
#2547 = LINE('',#2548,#2549);
#2548 = CARTESIAN_POINT('',(11.167602494407,5.332397505593,
    -5.983636788644));
#2549 = VECTOR('',#2550,1.);
#2550 = DIRECTION('',(0.678598344546,-0.678598344546,-0.281084637715));
#2551 = ORIENTED_EDGE('',*,*,#2552,.F.);
#2552 = EDGE_CURVE('',#1979,#2545,#2553,.T.);
#2553 = LINE('',#2554,#2555);
#2554 = CARTESIAN_POINT('',(10.,6.5,-15.5));
#2555 = VECTOR('',#2556,1.);
#2556 = DIRECTION('',(0.,0.,1.));
#2557 = PLANE('',#2558);
#2558 = AXIS2_PLACEMENT_3D('',#2559,#2560,#2561);
#2559 = CARTESIAN_POINT('',(9.5,7.,-15.5));
#2560 = DIRECTION('',(0.707106781187,0.707106781187,0.));
#2561 = DIRECTION('',(0.,0.,1.));
#2562 = ADVANCED_FACE('',(#2563),#2581,.T.);
#2563 = FACE_BOUND('',#2564,.F.);
#2564 = EDGE_LOOP('',(#2565,#2573,#2574,#2575));
#2565 = ORIENTED_EDGE('',*,*,#2566,.F.);
#2566 = EDGE_CURVE('',#1152,#2567,#2569,.T.);
#2567 = VERTEX_POINT('',#2568);
#2568 = CARTESIAN_POINT('',(15.,6.5,-0.5));
#2569 = LINE('',#2570,#2571);
#2570 = CARTESIAN_POINT('',(14.809256430169,6.96049571322,
    -3.950428677963E-02));
#2571 = VECTOR('',#2572,1.);
#2572 = DIRECTION('',(0.281084637715,-0.678598344546,-0.678598344546));
#2573 = ORIENTED_EDGE('',*,*,#1151,.T.);
#2574 = ORIENTED_EDGE('',*,*,#2544,.T.);
#2575 = ORIENTED_EDGE('',*,*,#2576,.F.);
#2576 = EDGE_CURVE('',#2567,#2545,#2577,.T.);
#2577 = LINE('',#2578,#2579);
#2578 = CARTESIAN_POINT('',(15.,6.5,-0.5));
#2579 = VECTOR('',#2580,1.);
#2580 = DIRECTION('',(-0.707106781187,-0.,-0.707106781187));
#2581 = PLANE('',#2582);
#2582 = AXIS2_PLACEMENT_3D('',#2583,#2584,#2585);
#2583 = CARTESIAN_POINT('',(14.646446609407,7.,-0.146446609407));
#2584 = DIRECTION('',(0.5,0.707106781187,-0.5));
#2585 = DIRECTION('',(0.707106781187,0.,0.707106781187));
#2586 = ADVANCED_FACE('',(#2587),#2605,.T.);
#2587 = FACE_BOUND('',#2588,.T.);
#2588 = EDGE_LOOP('',(#2589,#2590,#2591,#2599));
#2589 = ORIENTED_EDGE('',*,*,#2566,.F.);
#2590 = ORIENTED_EDGE('',*,*,#1159,.T.);
#2591 = ORIENTED_EDGE('',*,*,#2592,.T.);
#2592 = EDGE_CURVE('',#1160,#2593,#2595,.T.);
#2593 = VERTEX_POINT('',#2594);
#2594 = CARTESIAN_POINT('',(20.,6.5,-0.5));
#2595 = LINE('',#2596,#2597);
#2596 = CARTESIAN_POINT('',(19.713884645254,5.809256430169,
    -1.190743569831));
#2597 = VECTOR('',#2598,1.);
#2598 = DIRECTION('',(-0.281084637715,-0.678598344546,-0.678598344546));
#2599 = ORIENTED_EDGE('',*,*,#2600,.F.);
#2600 = EDGE_CURVE('',#2567,#2593,#2601,.T.);
#2601 = LINE('',#2602,#2603);
#2602 = CARTESIAN_POINT('',(15.,6.5,-0.5));
#2603 = VECTOR('',#2604,1.);
#2604 = DIRECTION('',(1.,0.,0.));
#2605 = PLANE('',#2606);
#2606 = AXIS2_PLACEMENT_3D('',#2607,#2608,#2609);
#2607 = CARTESIAN_POINT('',(15.,7.,0.));
#2608 = DIRECTION('',(0.,0.707106781187,-0.707106781187));
#2609 = DIRECTION('',(1.,0.,0.));
#2610 = ADVANCED_FACE('',(#2611),#2629,.F.);
#2611 = FACE_BOUND('',#2612,.F.);
#2612 = EDGE_LOOP('',(#2613,#2621,#2622,#2623));
#2613 = ORIENTED_EDGE('',*,*,#2614,.F.);
#2614 = EDGE_CURVE('',#1168,#2615,#2617,.T.);
#2615 = VERTEX_POINT('',#2616);
#2616 = CARTESIAN_POINT('',(25.,6.5,-5.5));
#2617 = LINE('',#2618,#2619);
#2618 = CARTESIAN_POINT('',(24.506777864068,6.006777864068,
    -5.704299297966));
#2619 = VECTOR('',#2620,1.);
#2620 = DIRECTION('',(-0.678598344546,-0.678598344546,-0.281084637715));
#2621 = ORIENTED_EDGE('',*,*,#1167,.T.);
#2622 = ORIENTED_EDGE('',*,*,#2592,.T.);
#2623 = ORIENTED_EDGE('',*,*,#2624,.F.);
#2624 = EDGE_CURVE('',#2615,#2593,#2625,.T.);
#2625 = LINE('',#2626,#2627);
#2626 = CARTESIAN_POINT('',(25.,6.5,-5.5));
#2627 = VECTOR('',#2628,1.);
#2628 = DIRECTION('',(-0.707106781187,0.,0.707106781187));
#2629 = PLANE('',#2630);
#2630 = AXIS2_PLACEMENT_3D('',#2631,#2632,#2633);
#2631 = CARTESIAN_POINT('',(25.353553390593,7.,-5.146446609407));
#2632 = DIRECTION('',(0.5,-0.707106781187,0.5));
#2633 = DIRECTION('',(-0.707106781187,-2.775557561563E-17,0.707106781187
    ));
#2634 = ADVANCED_FACE('',(#2635),#2653,.T.);
#2635 = FACE_BOUND('',#2636,.T.);
#2636 = EDGE_LOOP('',(#2637,#2645,#2646,#2647));
#2637 = ORIENTED_EDGE('',*,*,#2638,.F.);
#2638 = EDGE_CURVE('',#1200,#2639,#2641,.T.);
#2639 = VERTEX_POINT('',#2640);
#2640 = CARTESIAN_POINT('',(31.,6.5,-7.5));
#2641 = LINE('',#2642,#2643);
#2642 = CARTESIAN_POINT('',(31.,7.25,-8.25));
#2643 = VECTOR('',#2644,1.);
#2644 = DIRECTION('',(0.,-0.707106781187,0.707106781187));
#2645 = ORIENTED_EDGE('',*,*,#1207,.T.);
#2646 = ORIENTED_EDGE('',*,*,#2433,.T.);
#2647 = ORIENTED_EDGE('',*,*,#2648,.F.);
#2648 = EDGE_CURVE('',#2639,#1248,#2649,.T.);
#2649 = LINE('',#2650,#2651);
#2650 = CARTESIAN_POINT('',(31.,6.5,-7.5));
#2651 = VECTOR('',#2652,1.);
#2652 = DIRECTION('',(-0.707106781187,5.8E-16,0.707106781187));
#2653 = PLANE('',#2654);
#2654 = AXIS2_PLACEMENT_3D('',#2655,#2656,#2657);
#2655 = CARTESIAN_POINT('',(31.,7.5,-8.5));
#2656 = DIRECTION('',(0.57735026919,0.57735026919,0.57735026919));
#2657 = DIRECTION('',(-0.707106781187,6.106226635438E-16,0.707106781187)
  );
#2658 = ADVANCED_FACE('',(#2659),#2675,.T.);
#2659 = FACE_BOUND('',#2660,.F.);
#2660 = EDGE_LOOP('',(#2661,#2667,#2668,#2669));
#2661 = ORIENTED_EDGE('',*,*,#2662,.F.);
#2662 = EDGE_CURVE('',#1176,#2228,#2663,.T.);
#2663 = LINE('',#2664,#2665);
#2664 = CARTESIAN_POINT('',(28.666666666667,10.166666666667,
    -11.83333333333));
#2665 = VECTOR('',#2666,1.);
#2666 = DIRECTION('',(-0.57735026919,-0.57735026919,-0.57735026919));
#2667 = ORIENTED_EDGE('',*,*,#1175,.T.);
#2668 = ORIENTED_EDGE('',*,*,#2614,.T.);
#2669 = ORIENTED_EDGE('',*,*,#2670,.F.);
#2670 = EDGE_CURVE('',#2228,#2615,#2671,.T.);
#2671 = LINE('',#2672,#2673);
#2672 = CARTESIAN_POINT('',(25.,6.5,-15.5));
#2673 = VECTOR('',#2674,1.);
#2674 = DIRECTION('',(0.,0.,1.));
#2675 = PLANE('',#2676);
#2676 = AXIS2_PLACEMENT_3D('',#2677,#2678,#2679);
#2677 = CARTESIAN_POINT('',(25.5,7.,-15.5));
#2678 = DIRECTION('',(-0.707106781187,0.707106781187,0.));
#2679 = DIRECTION('',(-0.,-0.,-1.));
#2680 = ADVANCED_FACE('',(#2681),#2699,.F.);
#2681 = FACE_BOUND('',#2682,.F.);
#2682 = EDGE_LOOP('',(#2683,#2691,#2692,#2693));
#2683 = ORIENTED_EDGE('',*,*,#2684,.T.);
#2684 = EDGE_CURVE('',#2685,#2639,#2687,.T.);
#2685 = VERTEX_POINT('',#2686);
#2686 = CARTESIAN_POINT('',(44.,6.5,-7.5));
#2687 = LINE('',#2688,#2689);
#2688 = CARTESIAN_POINT('',(45.,6.5,-7.5));
#2689 = VECTOR('',#2690,1.);
#2690 = DIRECTION('',(-1.,0.,0.));
#2691 = ORIENTED_EDGE('',*,*,#2638,.F.);
#2692 = ORIENTED_EDGE('',*,*,#1199,.F.);
#2693 = ORIENTED_EDGE('',*,*,#2694,.F.);
#2694 = EDGE_CURVE('',#2685,#1192,#2695,.T.);
#2695 = LINE('',#2696,#2697);
#2696 = CARTESIAN_POINT('',(44.,7.,-8.));
#2697 = VECTOR('',#2698,1.);
#2698 = DIRECTION('',(6.7E-16,0.707106781187,-0.707106781187));
#2699 = PLANE('',#2700);
#2700 = AXIS2_PLACEMENT_3D('',#2701,#2702,#2703);
#2701 = CARTESIAN_POINT('',(45.,7.,-8.));
#2702 = DIRECTION('',(0.,-0.707106781187,-0.707106781187));
#2703 = DIRECTION('',(-1.,0.,0.));
#2704 = ADVANCED_FACE('',(#2705),#2716,.T.);
#2705 = FACE_BOUND('',#2706,.F.);
#2706 = EDGE_LOOP('',(#2707,#2713,#2714,#2715));
#2707 = ORIENTED_EDGE('',*,*,#2708,.T.);
#2708 = EDGE_CURVE('',#2220,#1184,#2709,.T.);
#2709 = LINE('',#2710,#2711);
#2710 = CARTESIAN_POINT('',(44.,6.75,-15.25));
#2711 = VECTOR('',#2712,1.);
#2712 = DIRECTION('',(0.,0.707106781187,0.707106781187));
#2713 = ORIENTED_EDGE('',*,*,#1183,.T.);
#2714 = ORIENTED_EDGE('',*,*,#2662,.T.);
#2715 = ORIENTED_EDGE('',*,*,#2227,.F.);
#2716 = PLANE('',#2717);
#2717 = AXIS2_PLACEMENT_3D('',#2718,#2719,#2720);
#2718 = CARTESIAN_POINT('',(45.,7.,-15.));
#2719 = DIRECTION('',(0.,0.707106781187,-0.707106781187));
#2720 = DIRECTION('',(1.,0.,0.));
#2721 = ADVANCED_FACE('',(#2722),#2747,.T.);
#2722 = FACE_BOUND('',#2723,.F.);
#2723 = EDGE_LOOP('',(#2724,#2734,#2740,#2741));
#2724 = ORIENTED_EDGE('',*,*,#2725,.T.);
#2725 = EDGE_CURVE('',#2726,#2728,#2730,.T.);
#2726 = VERTEX_POINT('',#2727);
#2727 = CARTESIAN_POINT('',(45.,6.5,-14.5));
#2728 = VERTEX_POINT('',#2729);
#2729 = CARTESIAN_POINT('',(45.,6.5,-8.5));
#2730 = LINE('',#2731,#2732);
#2731 = CARTESIAN_POINT('',(45.,6.5,-15.5));
#2732 = VECTOR('',#2733,1.);
#2733 = DIRECTION('',(0.,0.,1.));
#2734 = ORIENTED_EDGE('',*,*,#2735,.T.);
#2735 = EDGE_CURVE('',#2728,#1192,#2736,.T.);
#2736 = LINE('',#2737,#2738);
#2737 = CARTESIAN_POINT('',(44.75,6.75,-8.5));
#2738 = VECTOR('',#2739,1.);
#2739 = DIRECTION('',(-0.707106781187,0.707106781187,-6.7E-16));
#2740 = ORIENTED_EDGE('',*,*,#1191,.F.);
#2741 = ORIENTED_EDGE('',*,*,#2742,.F.);
#2742 = EDGE_CURVE('',#2726,#1184,#2743,.T.);
#2743 = LINE('',#2744,#2745);
#2744 = CARTESIAN_POINT('',(44.5,7.,-14.5));
#2745 = VECTOR('',#2746,1.);
#2746 = DIRECTION('',(-0.707106781187,0.707106781187,1.25E-15));
#2747 = PLANE('',#2748);
#2748 = AXIS2_PLACEMENT_3D('',#2749,#2750,#2751);
#2749 = CARTESIAN_POINT('',(44.5,7.,-15.5));
#2750 = DIRECTION('',(0.707106781187,0.707106781187,0.));
#2751 = DIRECTION('',(0.,0.,-1.));
#2752 = ADVANCED_FACE('',(#2753),#2764,.T.);
#2753 = FACE_BOUND('',#2754,.F.);
#2754 = EDGE_LOOP('',(#2755,#2761,#2762,#2763));
#2755 = ORIENTED_EDGE('',*,*,#2756,.T.);
#2756 = EDGE_CURVE('',#2639,#2293,#2757,.T.);
#2757 = LINE('',#2758,#2759);
#2758 = CARTESIAN_POINT('',(31.,7.5,-7.5));
#2759 = VECTOR('',#2760,1.);
#2760 = DIRECTION('',(0.,-1.,0.));
#2761 = ORIENTED_EDGE('',*,*,#2331,.T.);
#2762 = ORIENTED_EDGE('',*,*,#1255,.F.);
#2763 = ORIENTED_EDGE('',*,*,#2648,.F.);
#2764 = PLANE('',#2765);
#2765 = AXIS2_PLACEMENT_3D('',#2766,#2767,#2768);
#2766 = CARTESIAN_POINT('',(30.5,7.5,-7.));
#2767 = DIRECTION('',(0.707106781187,0.,0.707106781187));
#2768 = DIRECTION('',(0.,1.,0.));
#2769 = ADVANCED_FACE('',(#2770),#2781,.F.);
#2770 = FACE_BOUND('',#2771,.F.);
#2771 = EDGE_LOOP('',(#2772,#2773,#2774,#2775));
#2772 = ORIENTED_EDGE('',*,*,#1328,.F.);
#2773 = ORIENTED_EDGE('',*,*,#1294,.T.);
#2774 = ORIENTED_EDGE('',*,*,#1899,.T.);
#2775 = ORIENTED_EDGE('',*,*,#2776,.F.);
#2776 = EDGE_CURVE('',#1312,#1883,#2777,.T.);
#2777 = LINE('',#2778,#2779);
#2778 = CARTESIAN_POINT('',(-6.5,-24.,15.5));
#2779 = VECTOR('',#2780,1.);
#2780 = DIRECTION('',(1.,0.,0.));
#2781 = PLANE('',#2782);
#2782 = AXIS2_PLACEMENT_3D('',#2783,#2784,#2785);
#2783 = CARTESIAN_POINT('',(-6.5,-23.5,15.));
#2784 = DIRECTION('',(0.,-0.707106781187,-0.707106781187));
#2785 = DIRECTION('',(1.,0.,0.));
#2786 = ADVANCED_FACE('',(#2787,#2798,#2809),#2820,.T.);
#2787 = FACE_BOUND('',#2788,.T.);
#2788 = EDGE_LOOP('',(#2789,#2790,#2796,#2797));
#2789 = ORIENTED_EDGE('',*,*,#1311,.T.);
#2790 = ORIENTED_EDGE('',*,*,#2791,.F.);
#2791 = EDGE_CURVE('',#1885,#1314,#2792,.T.);
#2792 = LINE('',#2793,#2794);
#2793 = CARTESIAN_POINT('',(6.5,-40.,15.5));
#2794 = VECTOR('',#2795,1.);
#2795 = DIRECTION('',(-1.,0.,0.));
#2796 = ORIENTED_EDGE('',*,*,#1882,.F.);
#2797 = ORIENTED_EDGE('',*,*,#2776,.F.);
#2798 = FACE_BOUND('',#2799,.T.);
#2799 = EDGE_LOOP('',(#2800));
#2800 = ORIENTED_EDGE('',*,*,#2801,.F.);
#2801 = EDGE_CURVE('',#2802,#2802,#2804,.T.);
#2802 = VERTEX_POINT('',#2803);
#2803 = CARTESIAN_POINT('',(1.1,-38.,15.5));
#2804 = CIRCLE('',#2805,1.1);
#2805 = AXIS2_PLACEMENT_3D('',#2806,#2807,#2808);
#2806 = CARTESIAN_POINT('',(0.,-38.,15.5));
#2807 = DIRECTION('',(0.,0.,1.));
#2808 = DIRECTION('',(1.,0.,0.));
#2809 = FACE_BOUND('',#2810,.T.);
#2810 = EDGE_LOOP('',(#2811));
#2811 = ORIENTED_EDGE('',*,*,#2812,.F.);
#2812 = EDGE_CURVE('',#2813,#2813,#2815,.T.);
#2813 = VERTEX_POINT('',#2814);
#2814 = CARTESIAN_POINT('',(1.1,-29.,15.5));
#2815 = CIRCLE('',#2816,1.1);
#2816 = AXIS2_PLACEMENT_3D('',#2817,#2818,#2819);
#2817 = CARTESIAN_POINT('',(0.,-29.,15.5));
#2818 = DIRECTION('',(0.,0.,1.));
#2819 = DIRECTION('',(1.,0.,0.));
#2820 = PLANE('',#2821);
#2821 = AXIS2_PLACEMENT_3D('',#2822,#2823,#2824);
#2822 = CARTESIAN_POINT('',(0.,-15.65644171779,15.5));
#2823 = DIRECTION('',(0.,0.,1.));
#2824 = DIRECTION('',(1.,0.,0.));
#2825 = ADVANCED_FACE('',(#2826),#2832,.F.);
#2826 = FACE_BOUND('',#2827,.F.);
#2827 = EDGE_LOOP('',(#2828,#2829,#2830,#2831));
#2828 = ORIENTED_EDGE('',*,*,#1892,.F.);
#2829 = ORIENTED_EDGE('',*,*,#1342,.T.);
#2830 = ORIENTED_EDGE('',*,*,#1321,.T.);
#2831 = ORIENTED_EDGE('',*,*,#2791,.F.);
#2832 = PLANE('',#2833);
#2833 = AXIS2_PLACEMENT_3D('',#2834,#2835,#2836);
#2834 = CARTESIAN_POINT('',(6.5,-40.5,15.));
#2835 = DIRECTION('',(0.,0.707106781187,-0.707106781187));
#2836 = DIRECTION('',(-1.,0.,0.));
#2837 = ADVANCED_FACE('',(#2838),#2849,.F.);
#2838 = FACE_BOUND('',#2839,.F.);
#2839 = EDGE_LOOP('',(#2840,#2841,#2842,#2843));
#2840 = ORIENTED_EDGE('',*,*,#1415,.F.);
#2841 = ORIENTED_EDGE('',*,*,#1381,.T.);
#2842 = ORIENTED_EDGE('',*,*,#1868,.T.);
#2843 = ORIENTED_EDGE('',*,*,#2844,.F.);
#2844 = EDGE_CURVE('',#1399,#1859,#2845,.T.);
#2845 = LINE('',#2846,#2847);
#2846 = CARTESIAN_POINT('',(-6.5,-49.,15.5));
#2847 = VECTOR('',#2848,1.);
#2848 = DIRECTION('',(1.,0.,0.));
#2849 = PLANE('',#2850);
#2850 = AXIS2_PLACEMENT_3D('',#2851,#2852,#2853);
#2851 = CARTESIAN_POINT('',(-6.5,-48.5,15.));
#2852 = DIRECTION('',(0.,-0.707106781187,-0.707106781187));
#2853 = DIRECTION('',(1.,0.,0.));
#2854 = ADVANCED_FACE('',(#2855),#2866,.T.);
#2855 = FACE_BOUND('',#2856,.T.);
#2856 = EDGE_LOOP('',(#2857,#2858,#2864,#2865));
#2857 = ORIENTED_EDGE('',*,*,#1398,.T.);
#2858 = ORIENTED_EDGE('',*,*,#2859,.F.);
#2859 = EDGE_CURVE('',#1835,#1401,#2860,.T.);
#2860 = LINE('',#2861,#2862);
#2861 = CARTESIAN_POINT('',(7.5,-60.5,15.5));
#2862 = VECTOR('',#2863,1.);
#2863 = DIRECTION('',(-1.,0.,0.));
#2864 = ORIENTED_EDGE('',*,*,#1858,.F.);
#2865 = ORIENTED_EDGE('',*,*,#2844,.F.);
#2866 = PLANE('',#2867);
#2867 = AXIS2_PLACEMENT_3D('',#2868,#2869,#2870);
#2868 = CARTESIAN_POINT('',(0.,-15.65644171779,15.5));
#2869 = DIRECTION('',(0.,0.,1.));
#2870 = DIRECTION('',(1.,0.,0.));
#2871 = ADVANCED_FACE('',(#2872),#2883,.T.);
#2872 = FACE_BOUND('',#2873,.T.);
#2873 = EDGE_LOOP('',(#2874,#2875,#2876,#2882));
#2874 = ORIENTED_EDGE('',*,*,#2859,.T.);
#2875 = ORIENTED_EDGE('',*,*,#1430,.T.);
#2876 = ORIENTED_EDGE('',*,*,#2877,.F.);
#2877 = EDGE_CURVE('',#1813,#1431,#2878,.T.);
#2878 = LINE('',#2879,#2880);
#2879 = CARTESIAN_POINT('',(7.5,-65.5,10.5));
#2880 = VECTOR('',#2881,1.);
#2881 = DIRECTION('',(-1.,0.,0.));
#2882 = ORIENTED_EDGE('',*,*,#1844,.F.);
#2883 = PLANE('',#2884);
#2884 = AXIS2_PLACEMENT_3D('',#2885,#2886,#2887);
#2885 = CARTESIAN_POINT('',(7.5,-63.,13.));
#2886 = DIRECTION('',(0.,-0.707106781187,0.707106781187));
#2887 = DIRECTION('',(-1.,0.,0.));
#2888 = ADVANCED_FACE('',(#2889),#2900,.T.);
#2889 = FACE_BOUND('',#2890,.T.);
#2890 = EDGE_LOOP('',(#2891,#2892,#2893,#2899));
#2891 = ORIENTED_EDGE('',*,*,#2877,.T.);
#2892 = ORIENTED_EDGE('',*,*,#1463,.T.);
#2893 = ORIENTED_EDGE('',*,*,#2894,.F.);
#2894 = EDGE_CURVE('',#1787,#1456,#2895,.T.);
#2895 = LINE('',#2896,#2897);
#2896 = CARTESIAN_POINT('',(7.5,-65.5,-6.5));
#2897 = VECTOR('',#2898,1.);
#2898 = DIRECTION('',(-1.,0.,0.));
#2899 = ORIENTED_EDGE('',*,*,#1820,.T.);
#2900 = PLANE('',#2901);
#2901 = AXIS2_PLACEMENT_3D('',#2902,#2903,#2904);
#2902 = CARTESIAN_POINT('',(-9.3E-16,-65.5,2.78E-15));
#2903 = DIRECTION('',(-0.,-1.,-0.));
#2904 = DIRECTION('',(0.,0.,-1.));
#2905 = ADVANCED_FACE('',(#2906),#2917,.T.);
#2906 = FACE_BOUND('',#2907,.T.);
#2907 = EDGE_LOOP('',(#2908,#2909,#2910,#2916));
#2908 = ORIENTED_EDGE('',*,*,#2894,.T.);
#2909 = ORIENTED_EDGE('',*,*,#1487,.T.);
#2910 = ORIENTED_EDGE('',*,*,#2911,.F.);
#2911 = EDGE_CURVE('',#1756,#1480,#2912,.T.);
#2912 = LINE('',#2913,#2914);
#2913 = CARTESIAN_POINT('',(7.5,-66.5,-7.5));
#2914 = VECTOR('',#2915,1.);
#2915 = DIRECTION('',(-1.,0.,0.));
#2916 = ORIENTED_EDGE('',*,*,#1796,.F.);
#2917 = PLANE('',#2918);
#2918 = AXIS2_PLACEMENT_3D('',#2919,#2920,#2921);
#2919 = CARTESIAN_POINT('',(7.5,-66.,-7.));
#2920 = DIRECTION('',(0.,-0.707106781187,0.707106781187));
#2921 = DIRECTION('',(-1.,0.,0.));
#2922 = ADVANCED_FACE('',(#2923,#2934),#2945,.F.);
#2923 = FACE_BOUND('',#2924,.F.);
#2924 = EDGE_LOOP('',(#2925,#2926,#2927,#2928));
#2925 = ORIENTED_EDGE('',*,*,#1511,.F.);
#2926 = ORIENTED_EDGE('',*,*,#2911,.F.);
#2927 = ORIENTED_EDGE('',*,*,#1772,.T.);
#2928 = ORIENTED_EDGE('',*,*,#2929,.T.);
#2929 = EDGE_CURVE('',#1765,#1504,#2930,.T.);
#2930 = LINE('',#2931,#2932);
#2931 = CARTESIAN_POINT('',(7.5,-79.5,-7.5));
#2932 = VECTOR('',#2933,1.);
#2933 = DIRECTION('',(-1.,0.,0.));
#2934 = FACE_BOUND('',#2935,.F.);
#2935 = EDGE_LOOP('',(#2936));
#2936 = ORIENTED_EDGE('',*,*,#2937,.T.);
#2937 = EDGE_CURVE('',#2938,#2938,#2940,.T.);
#2938 = VERTEX_POINT('',#2939);
#2939 = CARTESIAN_POINT('',(3.05,-73.,-7.5));
#2940 = CIRCLE('',#2941,3.05);
#2941 = AXIS2_PLACEMENT_3D('',#2942,#2943,#2944);
#2942 = CARTESIAN_POINT('',(4.44E-15,-73.,-7.5));
#2943 = DIRECTION('',(-0.,2.2E-16,1.));
#2944 = DIRECTION('',(1.,0.,0.));
#2945 = PLANE('',#2946);
#2946 = AXIS2_PLACEMENT_3D('',#2947,#2948,#2949);
#2947 = CARTESIAN_POINT('',(7.5,-65.5,-7.5));
#2948 = DIRECTION('',(-0.,-2.2E-16,-1.));
#2949 = DIRECTION('',(-1.,0.,0.));
#2950 = ADVANCED_FACE('',(#2951),#2961,.F.);
#2951 = FACE_BOUND('',#2952,.F.);
#2952 = EDGE_LOOP('',(#2953,#2959,#2960));
#2953 = ORIENTED_EDGE('',*,*,#2954,.F.);
#2954 = EDGE_CURVE('',#1526,#1504,#2955,.T.);
#2955 = LINE('',#2956,#2957);
#2956 = CARTESIAN_POINT('',(-6.5,-80.25,-8.25));
#2957 = VECTOR('',#2958,1.);
#2958 = DIRECTION('',(1.92E-15,0.707106781187,0.707106781187));
#2959 = ORIENTED_EDGE('',*,*,#1525,.T.);
#2960 = ORIENTED_EDGE('',*,*,#1503,.F.);
#2961 = PLANE('',#2962);
#2962 = AXIS2_PLACEMENT_3D('',#2963,#2964,#2965);
#2963 = CARTESIAN_POINT('',(-6.5,-80.5,-8.5));
#2964 = DIRECTION('',(0.57735026919,0.57735026919,-0.57735026919));
#2965 = DIRECTION('',(-0.707106781187,0.,-0.707106781187));
#2966 = ADVANCED_FACE('',(#2967),#2983,.F.);
#2967 = FACE_BOUND('',#2968,.F.);
#2968 = EDGE_LOOP('',(#2969,#2975,#2976,#2982));
#2969 = ORIENTED_EDGE('',*,*,#2970,.F.);
#2970 = EDGE_CURVE('',#1734,#1526,#2971,.T.);
#2971 = LINE('',#2972,#2973);
#2972 = CARTESIAN_POINT('',(7.5,-80.5,-8.5));
#2973 = VECTOR('',#2974,1.);
#2974 = DIRECTION('',(-1.,0.,0.));
#2975 = ORIENTED_EDGE('',*,*,#1741,.F.);
#2976 = ORIENTED_EDGE('',*,*,#2977,.F.);
#2977 = EDGE_CURVE('',#1535,#1725,#2978,.T.);
#2978 = LINE('',#2979,#2980);
#2979 = CARTESIAN_POINT('',(-7.5,-80.5,-14.5));
#2980 = VECTOR('',#2981,1.);
#2981 = DIRECTION('',(1.,0.,0.));
#2982 = ORIENTED_EDGE('',*,*,#1542,.F.);
#2983 = PLANE('',#2984);
#2984 = AXIS2_PLACEMENT_3D('',#2985,#2986,#2987);
#2985 = CARTESIAN_POINT('',(-9.3E-16,-80.5,-11.5));
#2986 = DIRECTION('',(0.,1.,0.));
#2987 = DIRECTION('',(0.,0.,1.));
#2988 = ADVANCED_FACE('',(#2989),#2995,.F.);
#2989 = FACE_BOUND('',#2990,.T.);
#2990 = EDGE_LOOP('',(#2991,#2992,#2993,#2994));
#2991 = ORIENTED_EDGE('',*,*,#1534,.F.);
#2992 = ORIENTED_EDGE('',*,*,#1557,.T.);
#2993 = ORIENTED_EDGE('',*,*,#1724,.T.);
#2994 = ORIENTED_EDGE('',*,*,#2977,.F.);
#2995 = PLANE('',#2996);
#2996 = AXIS2_PLACEMENT_3D('',#2997,#2998,#2999);
#2997 = CARTESIAN_POINT('',(-7.5,-80.,-15.));
#2998 = DIRECTION('',(0.,0.707106781187,0.707106781187));
#2999 = DIRECTION('',(-1.,0.,0.));
#3000 = ADVANCED_FACE('',(#3001),#3012,.F.);
#3001 = FACE_BOUND('',#3002,.F.);
#3002 = EDGE_LOOP('',(#3003,#3009,#3010,#3011));
#3003 = ORIENTED_EDGE('',*,*,#3004,.F.);
#3004 = EDGE_CURVE('',#1606,#1685,#3005,.T.);
#3005 = LINE('',#3006,#3007);
#3006 = CARTESIAN_POINT('',(-7.5,-58.5,8.5));
#3007 = VECTOR('',#3008,1.);
#3008 = DIRECTION('',(1.,0.,0.));
#3009 = ORIENTED_EDGE('',*,*,#1615,.T.);
#3010 = ORIENTED_EDGE('',*,*,#1572,.T.);
#3011 = ORIENTED_EDGE('',*,*,#1710,.F.);
#3012 = PLANE('',#3013);
#3013 = AXIS2_PLACEMENT_3D('',#3014,#3015,#3016);
#3014 = CARTESIAN_POINT('',(-7.5,-58.5,8.5));
#3015 = DIRECTION('',(0.,-1.,0.));
#3016 = DIRECTION('',(1.,0.,0.));
#3017 = ADVANCED_FACE('',(#3018),#3037,.F.);
#3018 = FACE_BOUND('',#3019,.F.);
#3019 = EDGE_LOOP('',(#3020,#3028,#3035,#3036));
#3020 = ORIENTED_EDGE('',*,*,#3021,.F.);
#3021 = EDGE_CURVE('',#3022,#1589,#3024,.T.);
#3022 = VERTEX_POINT('',#3023);
#3023 = CARTESIAN_POINT('',(1.6,-73.,-9.3));
#3024 = LINE('',#3025,#3026);
#3025 = CARTESIAN_POINT('',(1.6,-73.,-7.5));
#3026 = VECTOR('',#3027,1.);
#3027 = DIRECTION('',(-0.,-0.,-1.));
#3028 = ORIENTED_EDGE('',*,*,#3029,.F.);
#3029 = EDGE_CURVE('',#3022,#3022,#3030,.T.);
#3030 = CIRCLE('',#3031,1.6);
#3031 = AXIS2_PLACEMENT_3D('',#3032,#3033,#3034);
#3032 = CARTESIAN_POINT('',(4.44E-15,-73.,-9.3));
#3033 = DIRECTION('',(-0.,2.2E-16,1.));
#3034 = DIRECTION('',(1.,0.,0.));
#3035 = ORIENTED_EDGE('',*,*,#3021,.T.);
#3036 = ORIENTED_EDGE('',*,*,#1588,.T.);
#3037 = CYLINDRICAL_SURFACE('',#3038,1.6);
#3038 = AXIS2_PLACEMENT_3D('',#3039,#3040,#3041);
#3039 = CARTESIAN_POINT('',(4.3E-15,-73.,-7.5));
#3040 = DIRECTION('',(0.,0.,1.));
#3041 = DIRECTION('',(1.,0.,0.));
#3042 = ADVANCED_FACE('',(#3043,#3051,#3101),#3151,.F.);
#3043 = FACE_BOUND('',#3044,.F.);
#3044 = EDGE_LOOP('',(#3045,#3046,#3047,#3048,#3049,#3050));
#3045 = ORIENTED_EDGE('',*,*,#3004,.T.);
#3046 = ORIENTED_EDGE('',*,*,#1684,.F.);
#3047 = ORIENTED_EDGE('',*,*,#1929,.F.);
#3048 = ORIENTED_EDGE('',*,*,#2364,.F.);
#3049 = ORIENTED_EDGE('',*,*,#1655,.T.);
#3050 = ORIENTED_EDGE('',*,*,#1637,.T.);
#3051 = FACE_BOUND('',#3052,.F.);
#3052 = EDGE_LOOP('',(#3053,#3063,#3071,#3079,#3087,#3095));
#3053 = ORIENTED_EDGE('',*,*,#3054,.T.);
#3054 = EDGE_CURVE('',#3055,#3057,#3059,.T.);
#3055 = VERTEX_POINT('',#3056);
#3056 = CARTESIAN_POINT('',(1.299038105677,-40.25,8.5));
#3057 = VERTEX_POINT('',#3058);
#3058 = CARTESIAN_POINT('',(-1.299038105677,-40.25,8.5));
#3059 = LINE('',#3060,#3061);
#3060 = CARTESIAN_POINT('',(1.299038105677,-40.25,8.5));
#3061 = VECTOR('',#3062,1.);
#3062 = DIRECTION('',(-1.,0.,0.));
#3063 = ORIENTED_EDGE('',*,*,#3064,.T.);
#3064 = EDGE_CURVE('',#3057,#3065,#3067,.T.);
#3065 = VERTEX_POINT('',#3066);
#3066 = CARTESIAN_POINT('',(-2.598076211353,-38.,8.5));
#3067 = LINE('',#3068,#3069);
#3068 = CARTESIAN_POINT('',(-1.299038105677,-40.25,8.5));
#3069 = VECTOR('',#3070,1.);
#3070 = DIRECTION('',(-0.5,0.866025403784,-0.));
#3071 = ORIENTED_EDGE('',*,*,#3072,.T.);
#3072 = EDGE_CURVE('',#3065,#3073,#3075,.T.);
#3073 = VERTEX_POINT('',#3074);
#3074 = CARTESIAN_POINT('',(-1.299038105677,-35.75,8.5));
#3075 = LINE('',#3076,#3077);
#3076 = CARTESIAN_POINT('',(-2.598076211353,-38.,8.5));
#3077 = VECTOR('',#3078,1.);
#3078 = DIRECTION('',(0.5,0.866025403784,0.));
#3079 = ORIENTED_EDGE('',*,*,#3080,.T.);
#3080 = EDGE_CURVE('',#3073,#3081,#3083,.T.);
#3081 = VERTEX_POINT('',#3082);
#3082 = CARTESIAN_POINT('',(1.299038105677,-35.75,8.5));
#3083 = LINE('',#3084,#3085);
#3084 = CARTESIAN_POINT('',(-1.299038105677,-35.75,8.5));
#3085 = VECTOR('',#3086,1.);
#3086 = DIRECTION('',(1.,0.,0.));
#3087 = ORIENTED_EDGE('',*,*,#3088,.T.);
#3088 = EDGE_CURVE('',#3081,#3089,#3091,.T.);
#3089 = VERTEX_POINT('',#3090);
#3090 = CARTESIAN_POINT('',(2.598076211353,-38.,8.5));
#3091 = LINE('',#3092,#3093);
#3092 = CARTESIAN_POINT('',(1.299038105677,-35.75,8.5));
#3093 = VECTOR('',#3094,1.);
#3094 = DIRECTION('',(0.5,-0.866025403784,0.));
#3095 = ORIENTED_EDGE('',*,*,#3096,.T.);
#3096 = EDGE_CURVE('',#3089,#3055,#3097,.T.);
#3097 = LINE('',#3098,#3099);
#3098 = CARTESIAN_POINT('',(2.598076211353,-38.,8.5));
#3099 = VECTOR('',#3100,1.);
#3100 = DIRECTION('',(-0.5,-0.866025403784,0.));
#3101 = FACE_BOUND('',#3102,.F.);
#3102 = EDGE_LOOP('',(#3103,#3113,#3121,#3129,#3137,#3145));
#3103 = ORIENTED_EDGE('',*,*,#3104,.T.);
#3104 = EDGE_CURVE('',#3105,#3107,#3109,.T.);
#3105 = VERTEX_POINT('',#3106);
#3106 = CARTESIAN_POINT('',(1.299038105677,-31.25,8.5));
#3107 = VERTEX_POINT('',#3108);
#3108 = CARTESIAN_POINT('',(-1.299038105677,-31.25,8.5));
#3109 = LINE('',#3110,#3111);
#3110 = CARTESIAN_POINT('',(1.299038105677,-31.25,8.5));
#3111 = VECTOR('',#3112,1.);
#3112 = DIRECTION('',(-1.,0.,0.));
#3113 = ORIENTED_EDGE('',*,*,#3114,.T.);
#3114 = EDGE_CURVE('',#3107,#3115,#3117,.T.);
#3115 = VERTEX_POINT('',#3116);
#3116 = CARTESIAN_POINT('',(-2.598076211353,-29.,8.5));
#3117 = LINE('',#3118,#3119);
#3118 = CARTESIAN_POINT('',(-1.299038105677,-31.25,8.5));
#3119 = VECTOR('',#3120,1.);
#3120 = DIRECTION('',(-0.5,0.866025403784,-0.));
#3121 = ORIENTED_EDGE('',*,*,#3122,.T.);
#3122 = EDGE_CURVE('',#3115,#3123,#3125,.T.);
#3123 = VERTEX_POINT('',#3124);
#3124 = CARTESIAN_POINT('',(-1.299038105677,-26.75,8.5));
#3125 = LINE('',#3126,#3127);
#3126 = CARTESIAN_POINT('',(-2.598076211353,-29.,8.5));
#3127 = VECTOR('',#3128,1.);
#3128 = DIRECTION('',(0.5,0.866025403784,0.));
#3129 = ORIENTED_EDGE('',*,*,#3130,.T.);
#3130 = EDGE_CURVE('',#3123,#3131,#3133,.T.);
#3131 = VERTEX_POINT('',#3132);
#3132 = CARTESIAN_POINT('',(1.299038105677,-26.75,8.5));
#3133 = LINE('',#3134,#3135);
#3134 = CARTESIAN_POINT('',(-1.299038105677,-26.75,8.5));
#3135 = VECTOR('',#3136,1.);
#3136 = DIRECTION('',(1.,0.,0.));
#3137 = ORIENTED_EDGE('',*,*,#3138,.T.);
#3138 = EDGE_CURVE('',#3131,#3139,#3141,.T.);
#3139 = VERTEX_POINT('',#3140);
#3140 = CARTESIAN_POINT('',(2.598076211353,-29.,8.5));
#3141 = LINE('',#3142,#3143);
#3142 = CARTESIAN_POINT('',(1.299038105677,-26.75,8.5));
#3143 = VECTOR('',#3144,1.);
#3144 = DIRECTION('',(0.5,-0.866025403784,0.));
#3145 = ORIENTED_EDGE('',*,*,#3146,.T.);
#3146 = EDGE_CURVE('',#3139,#3105,#3147,.T.);
#3147 = LINE('',#3148,#3149);
#3148 = CARTESIAN_POINT('',(2.598076211353,-29.,8.5));
#3149 = VECTOR('',#3150,1.);
#3150 = DIRECTION('',(-0.5,-0.866025403784,0.));
#3151 = PLANE('',#3152);
#3152 = AXIS2_PLACEMENT_3D('',#3153,#3154,#3155);
#3153 = CARTESIAN_POINT('',(-7.5,-7.5,8.5));
#3154 = DIRECTION('',(0.,2.2E-16,1.));
#3155 = DIRECTION('',(1.,0.,0.));
#3156 = ADVANCED_FACE('',(#3157),#3167,.F.);
#3157 = FACE_BOUND('',#3158,.F.);
#3158 = EDGE_LOOP('',(#3159,#3160,#3161));
#3159 = ORIENTED_EDGE('',*,*,#1764,.F.);
#3160 = ORIENTED_EDGE('',*,*,#1733,.T.);
#3161 = ORIENTED_EDGE('',*,*,#3162,.F.);
#3162 = EDGE_CURVE('',#1765,#1734,#3163,.T.);
#3163 = LINE('',#3164,#3165);
#3164 = CARTESIAN_POINT('',(6.5,-80.,-8.));
#3165 = VECTOR('',#3166,1.);
#3166 = DIRECTION('',(2.6E-15,-0.707106781187,-0.707106781187));
#3167 = PLANE('',#3168);
#3168 = AXIS2_PLACEMENT_3D('',#3169,#3170,#3171);
#3169 = CARTESIAN_POINT('',(7.5,-79.5,-8.5));
#3170 = DIRECTION('',(-0.57735026919,0.57735026919,-0.57735026919));
#3171 = DIRECTION('',(1.110223024625E-16,-0.707106781187,-0.707106781187
    ));
#3172 = ADVANCED_FACE('',(#3173),#3189,.T.);
#3173 = FACE_BOUND('',#3174,.T.);
#3174 = EDGE_LOOP('',(#3175,#3181,#3182,#3183));
#3175 = ORIENTED_EDGE('',*,*,#3176,.F.);
#3176 = EDGE_CURVE('',#1987,#2499,#3177,.T.);
#3177 = LINE('',#3178,#3179);
#3178 = CARTESIAN_POINT('',(-44.25,6.5,-15.25));
#3179 = VECTOR('',#3180,1.);
#3180 = DIRECTION('',(-0.707106781187,1.92E-15,0.707106781187));
#3181 = ORIENTED_EDGE('',*,*,#1994,.T.);
#3182 = ORIENTED_EDGE('',*,*,#2019,.T.);
#3183 = ORIENTED_EDGE('',*,*,#3184,.F.);
#3184 = EDGE_CURVE('',#2499,#2020,#3185,.T.);
#3185 = LINE('',#3186,#3187);
#3186 = CARTESIAN_POINT('',(-45.,7.5,-14.5));
#3187 = VECTOR('',#3188,1.);
#3188 = DIRECTION('',(0.,-1.,0.));
#3189 = PLANE('',#3190);
#3190 = AXIS2_PLACEMENT_3D('',#3191,#3192,#3193);
#3191 = CARTESIAN_POINT('',(-44.5,7.5,-15.));
#3192 = DIRECTION('',(-0.707106781187,0.,-0.707106781187));
#3193 = DIRECTION('',(0.,-1.,0.));
#3194 = ADVANCED_FACE('',(#3195),#3206,.F.);
#3195 = FACE_BOUND('',#3196,.F.);
#3196 = EDGE_LOOP('',(#3197,#3203,#3204,#3205));
#3197 = ORIENTED_EDGE('',*,*,#3198,.T.);
#3198 = EDGE_CURVE('',#2053,#2545,#3199,.T.);
#3199 = LINE('',#3200,#3201);
#3200 = CARTESIAN_POINT('',(10.,-7.5,-5.5));
#3201 = VECTOR('',#3202,1.);
#3202 = DIRECTION('',(0.,1.,0.));
#3203 = ORIENTED_EDGE('',*,*,#2552,.F.);
#3204 = ORIENTED_EDGE('',*,*,#1978,.F.);
#3205 = ORIENTED_EDGE('',*,*,#2060,.T.);
#3206 = PLANE('',#3207);
#3207 = AXIS2_PLACEMENT_3D('',#3208,#3209,#3210);
#3208 = CARTESIAN_POINT('',(10.,-7.5,-15.5));
#3209 = DIRECTION('',(-1.,0.,0.));
#3210 = DIRECTION('',(0.,1.,0.));
#3211 = ADVANCED_FACE('',(#3212),#3231,.F.);
#3212 = FACE_BOUND('',#3213,.F.);
#3213 = EDGE_LOOP('',(#3214,#3222,#3229,#3230));
#3214 = ORIENTED_EDGE('',*,*,#3215,.F.);
#3215 = EDGE_CURVE('',#3216,#2003,#3218,.T.);
#3216 = VERTEX_POINT('',#3217);
#3217 = CARTESIAN_POINT('',(-35.9,3.E-15,-9.3));
#3218 = LINE('',#3219,#3220);
#3219 = CARTESIAN_POINT('',(-35.9,3.05E-15,-7.5));
#3220 = VECTOR('',#3221,1.);
#3221 = DIRECTION('',(-0.,-0.,-1.));
#3222 = ORIENTED_EDGE('',*,*,#3223,.F.);
#3223 = EDGE_CURVE('',#3216,#3216,#3224,.T.);
#3224 = CIRCLE('',#3225,1.6);
#3225 = AXIS2_PLACEMENT_3D('',#3226,#3227,#3228);
#3226 = CARTESIAN_POINT('',(-37.5,3.05E-15,-9.3));
#3227 = DIRECTION('',(0.,0.,1.));
#3228 = DIRECTION('',(1.,0.,0.));
#3229 = ORIENTED_EDGE('',*,*,#3215,.T.);
#3230 = ORIENTED_EDGE('',*,*,#2002,.T.);
#3231 = CYLINDRICAL_SURFACE('',#3232,1.6);
#3232 = AXIS2_PLACEMENT_3D('',#3233,#3234,#3235);
#3233 = CARTESIAN_POINT('',(-37.5,3.05E-15,-7.5));
#3234 = DIRECTION('',(0.,0.,1.));
#3235 = DIRECTION('',(1.,0.,0.));
#3236 = ADVANCED_FACE('',(#3237),#3248,.F.);
#3237 = FACE_BOUND('',#3238,.F.);
#3238 = EDGE_LOOP('',(#3239,#3245,#3246,#3247));
#3239 = ORIENTED_EDGE('',*,*,#3240,.T.);
#3240 = EDGE_CURVE('',#2491,#2029,#3241,.T.);
#3241 = LINE('',#3242,#3243);
#3242 = CARTESIAN_POINT('',(-45.,7.5,-8.5));
#3243 = VECTOR('',#3244,1.);
#3244 = DIRECTION('',(0.,-1.,0.));
#3245 = ORIENTED_EDGE('',*,*,#2036,.F.);
#3246 = ORIENTED_EDGE('',*,*,#3184,.F.);
#3247 = ORIENTED_EDGE('',*,*,#2498,.T.);
#3248 = PLANE('',#3249);
#3249 = AXIS2_PLACEMENT_3D('',#3250,#3251,#3252);
#3250 = CARTESIAN_POINT('',(-45.,7.5,-15.5));
#3251 = DIRECTION('',(1.,0.,0.));
#3252 = DIRECTION('',(0.,-1.,0.));
#3253 = ADVANCED_FACE('',(#3254),#3264,.T.);
#3254 = FACE_BOUND('',#3255,.T.);
#3255 = EDGE_LOOP('',(#3256,#3262,#3263));
#3256 = ORIENTED_EDGE('',*,*,#3257,.F.);
#3257 = EDGE_CURVE('',#2029,#2084,#3258,.T.);
#3258 = LINE('',#3259,#3260);
#3259 = CARTESIAN_POINT('',(-44.75,-6.5,-8.25));
#3260 = VECTOR('',#3261,1.);
#3261 = DIRECTION('',(0.707106781187,1.35E-15,0.707106781187));
#3262 = ORIENTED_EDGE('',*,*,#2028,.T.);
#3263 = ORIENTED_EDGE('',*,*,#2091,.F.);
#3264 = PLANE('',#3265);
#3265 = AXIS2_PLACEMENT_3D('',#3266,#3267,#3268);
#3266 = CARTESIAN_POINT('',(-45.,-6.5,-8.5));
#3267 = DIRECTION('',(-0.57735026919,-0.57735026919,0.57735026919));
#3268 = DIRECTION('',(-8.326672684689E-17,-0.707106781187,
    -0.707106781187));
#3269 = ADVANCED_FACE('',(#3270,#3281),#3292,.T.);
#3270 = FACE_BOUND('',#3271,.T.);
#3271 = EDGE_LOOP('',(#3272,#3273,#3274,#3275));
#3272 = ORIENTED_EDGE('',*,*,#2083,.T.);
#3273 = ORIENTED_EDGE('',*,*,#2407,.T.);
#3274 = ORIENTED_EDGE('',*,*,#2463,.T.);
#3275 = ORIENTED_EDGE('',*,*,#3276,.T.);
#3276 = EDGE_CURVE('',#2456,#2084,#3277,.T.);
#3277 = LINE('',#3278,#3279);
#3278 = CARTESIAN_POINT('',(-44.,7.5,-7.5));
#3279 = VECTOR('',#3280,1.);
#3280 = DIRECTION('',(0.,-1.,0.));
#3281 = FACE_BOUND('',#3282,.T.);
#3282 = EDGE_LOOP('',(#3283));
#3283 = ORIENTED_EDGE('',*,*,#3284,.F.);
#3284 = EDGE_CURVE('',#3285,#3285,#3287,.T.);
#3285 = VERTEX_POINT('',#3286);
#3286 = CARTESIAN_POINT('',(-34.45,3.E-15,-7.5));
#3287 = CIRCLE('',#3288,3.05);
#3288 = AXIS2_PLACEMENT_3D('',#3289,#3290,#3291);
#3289 = CARTESIAN_POINT('',(-37.5,3.05E-15,-7.5));
#3290 = DIRECTION('',(0.,0.,1.));
#3291 = DIRECTION('',(1.,0.,0.));
#3292 = PLANE('',#3293);
#3293 = AXIS2_PLACEMENT_3D('',#3294,#3295,#3296);
#3294 = CARTESIAN_POINT('',(5.68E-15,1.89E-15,-7.5));
#3295 = DIRECTION('',(0.,0.,1.));
#3296 = DIRECTION('',(1.,0.,0.));
#3297 = ADVANCED_FACE('',(#3298),#3309,.F.);
#3298 = FACE_BOUND('',#3299,.F.);
#3299 = EDGE_LOOP('',(#3300,#3306,#3307,#3308));
#3300 = ORIENTED_EDGE('',*,*,#3301,.T.);
#3301 = EDGE_CURVE('',#2106,#2567,#3302,.T.);
#3302 = LINE('',#3303,#3304);
#3303 = CARTESIAN_POINT('',(15.,-7.5,-0.5));
#3304 = VECTOR('',#3305,1.);
#3305 = DIRECTION('',(0.,1.,0.));
#3306 = ORIENTED_EDGE('',*,*,#2576,.T.);
#3307 = ORIENTED_EDGE('',*,*,#3198,.F.);
#3308 = ORIENTED_EDGE('',*,*,#2115,.F.);
#3309 = PLANE('',#3310);
#3310 = AXIS2_PLACEMENT_3D('',#3311,#3312,#3313);
#3311 = CARTESIAN_POINT('',(12.5,-7.5,-3.));
#3312 = DIRECTION('',(-0.707106781187,0.,0.707106781187));
#3313 = DIRECTION('',(0.,1.,0.));
#3314 = ADVANCED_FACE('',(#3315),#3326,.F.);
#3315 = FACE_BOUND('',#3316,.F.);
#3316 = EDGE_LOOP('',(#3317,#3318,#3319,#3325));
#3317 = ORIENTED_EDGE('',*,*,#3301,.F.);
#3318 = ORIENTED_EDGE('',*,*,#2156,.F.);
#3319 = ORIENTED_EDGE('',*,*,#3320,.F.);
#3320 = EDGE_CURVE('',#2593,#2147,#3321,.T.);
#3321 = LINE('',#3322,#3323);
#3322 = CARTESIAN_POINT('',(20.,7.5,-0.5));
#3323 = VECTOR('',#3324,1.);
#3324 = DIRECTION('',(0.,-1.,0.));
#3325 = ORIENTED_EDGE('',*,*,#2600,.F.);
#3326 = PLANE('',#3327);
#3327 = AXIS2_PLACEMENT_3D('',#3328,#3329,#3330);
#3328 = CARTESIAN_POINT('',(17.5,0.,-0.5));
#3329 = DIRECTION('',(0.,0.,1.));
#3330 = DIRECTION('',(1.,0.,0.));
#3331 = ADVANCED_FACE('',(#3332),#3343,.F.);
#3332 = FACE_BOUND('',#3333,.T.);
#3333 = EDGE_LOOP('',(#3334,#3340,#3341,#3342));
#3334 = ORIENTED_EDGE('',*,*,#3335,.T.);
#3335 = EDGE_CURVE('',#2615,#2171,#3336,.T.);
#3336 = LINE('',#3337,#3338);
#3337 = CARTESIAN_POINT('',(25.,7.5,-5.5));
#3338 = VECTOR('',#3339,1.);
#3339 = DIRECTION('',(0.,-1.,0.));
#3340 = ORIENTED_EDGE('',*,*,#2180,.T.);
#3341 = ORIENTED_EDGE('',*,*,#3320,.F.);
#3342 = ORIENTED_EDGE('',*,*,#2624,.F.);
#3343 = PLANE('',#3344);
#3344 = AXIS2_PLACEMENT_3D('',#3345,#3346,#3347);
#3345 = CARTESIAN_POINT('',(22.5,7.5,-3.));
#3346 = DIRECTION('',(0.707106781187,0.,0.707106781187));
#3347 = DIRECTION('',(0.,1.,0.));
#3348 = ADVANCED_FACE('',(#3349),#3355,.F.);
#3349 = FACE_BOUND('',#3350,.F.);
#3350 = EDGE_LOOP('',(#3351,#3352,#3353,#3354));
#3351 = ORIENTED_EDGE('',*,*,#3335,.T.);
#3352 = ORIENTED_EDGE('',*,*,#2204,.F.);
#3353 = ORIENTED_EDGE('',*,*,#2235,.F.);
#3354 = ORIENTED_EDGE('',*,*,#2670,.T.);
#3355 = PLANE('',#3356);
#3356 = AXIS2_PLACEMENT_3D('',#3357,#3358,#3359);
#3357 = CARTESIAN_POINT('',(25.,7.5,-15.5));
#3358 = DIRECTION('',(1.,0.,0.));
#3359 = DIRECTION('',(0.,-1.,0.));
#3360 = ADVANCED_FACE('',(#3361),#3377,.T.);
#3361 = FACE_BOUND('',#3362,.F.);
#3362 = EDGE_LOOP('',(#3363,#3364,#3370,#3376));
#3363 = ORIENTED_EDGE('',*,*,#2261,.F.);
#3364 = ORIENTED_EDGE('',*,*,#3365,.T.);
#3365 = EDGE_CURVE('',#2262,#2726,#3366,.T.);
#3366 = LINE('',#3367,#3368);
#3367 = CARTESIAN_POINT('',(45.,-7.5,-14.5));
#3368 = VECTOR('',#3369,1.);
#3369 = DIRECTION('',(0.,1.,0.));
#3370 = ORIENTED_EDGE('',*,*,#3371,.F.);
#3371 = EDGE_CURVE('',#2220,#2726,#3372,.T.);
#3372 = LINE('',#3373,#3374);
#3373 = CARTESIAN_POINT('',(44.25,6.5,-15.25));
#3374 = VECTOR('',#3375,1.);
#3375 = DIRECTION('',(0.707106781187,1.25E-15,0.707106781187));
#3376 = ORIENTED_EDGE('',*,*,#2219,.F.);
#3377 = PLANE('',#3378);
#3378 = AXIS2_PLACEMENT_3D('',#3379,#3380,#3381);
#3379 = CARTESIAN_POINT('',(44.5,-7.5,-15.));
#3380 = DIRECTION('',(0.707106781187,0.,-0.707106781187));
#3381 = DIRECTION('',(-0.,-1.,-0.));
#3382 = ADVANCED_FACE('',(#3383),#3402,.F.);
#3383 = FACE_BOUND('',#3384,.F.);
#3384 = EDGE_LOOP('',(#3385,#3393,#3400,#3401));
#3385 = ORIENTED_EDGE('',*,*,#3386,.F.);
#3386 = EDGE_CURVE('',#3387,#2245,#3389,.T.);
#3387 = VERTEX_POINT('',#3388);
#3388 = CARTESIAN_POINT('',(39.1,3.E-15,-9.3));
#3389 = LINE('',#3390,#3391);
#3390 = CARTESIAN_POINT('',(39.1,3.05E-15,-7.5));
#3391 = VECTOR('',#3392,1.);
#3392 = DIRECTION('',(-0.,-0.,-1.));
#3393 = ORIENTED_EDGE('',*,*,#3394,.F.);
#3394 = EDGE_CURVE('',#3387,#3387,#3395,.T.);
#3395 = CIRCLE('',#3396,1.6);
#3396 = AXIS2_PLACEMENT_3D('',#3397,#3398,#3399);
#3397 = CARTESIAN_POINT('',(37.5,3.05E-15,-9.3));
#3398 = DIRECTION('',(0.,0.,1.));
#3399 = DIRECTION('',(1.,0.,0.));
#3400 = ORIENTED_EDGE('',*,*,#3386,.T.);
#3401 = ORIENTED_EDGE('',*,*,#2244,.T.);
#3402 = CYLINDRICAL_SURFACE('',#3403,1.6);
#3403 = AXIS2_PLACEMENT_3D('',#3404,#3405,#3406);
#3404 = CARTESIAN_POINT('',(37.5,3.05E-15,-7.5));
#3405 = DIRECTION('',(0.,0.,1.));
#3406 = DIRECTION('',(1.,0.,0.));
#3407 = ADVANCED_FACE('',(#3408),#3419,.F.);
#3408 = FACE_BOUND('',#3409,.F.);
#3409 = EDGE_LOOP('',(#3410,#3416,#3417,#3418));
#3410 = ORIENTED_EDGE('',*,*,#3411,.T.);
#3411 = EDGE_CURVE('',#2270,#2728,#3412,.T.);
#3412 = LINE('',#3413,#3414);
#3413 = CARTESIAN_POINT('',(45.,-7.5,-8.5));
#3414 = VECTOR('',#3415,1.);
#3415 = DIRECTION('',(0.,1.,0.));
#3416 = ORIENTED_EDGE('',*,*,#2725,.F.);
#3417 = ORIENTED_EDGE('',*,*,#3365,.F.);
#3418 = ORIENTED_EDGE('',*,*,#2269,.T.);
#3419 = PLANE('',#3420);
#3420 = AXIS2_PLACEMENT_3D('',#3421,#3422,#3423);
#3421 = CARTESIAN_POINT('',(45.,-7.5,-15.5));
#3422 = DIRECTION('',(-1.,0.,0.));
#3423 = DIRECTION('',(0.,1.,0.));
#3424 = ADVANCED_FACE('',(#3425),#3435,.T.);
#3425 = FACE_BOUND('',#3426,.T.);
#3426 = EDGE_LOOP('',(#3427,#3428,#3429));
#3427 = ORIENTED_EDGE('',*,*,#2308,.F.);
#3428 = ORIENTED_EDGE('',*,*,#2277,.T.);
#3429 = ORIENTED_EDGE('',*,*,#3430,.F.);
#3430 = EDGE_CURVE('',#2301,#2270,#3431,.T.);
#3431 = LINE('',#3432,#3433);
#3432 = CARTESIAN_POINT('',(44.5,-6.5,-8.));
#3433 = VECTOR('',#3434,1.);
#3434 = DIRECTION('',(0.707106781187,-1.92E-15,-0.707106781187));
#3435 = PLANE('',#3436);
#3436 = AXIS2_PLACEMENT_3D('',#3437,#3438,#3439);
#3437 = CARTESIAN_POINT('',(44.,-7.5,-8.5));
#3438 = DIRECTION('',(0.57735026919,-0.57735026919,0.57735026919));
#3439 = DIRECTION('',(0.707106781187,-6.661338147751E-16,-0.707106781187
    ));
#3440 = ADVANCED_FACE('',(#3441,#3452),#3463,.T.);
#3441 = FACE_BOUND('',#3442,.T.);
#3442 = EDGE_LOOP('',(#3443,#3444,#3445,#3451));
#3443 = ORIENTED_EDGE('',*,*,#2756,.T.);
#3444 = ORIENTED_EDGE('',*,*,#2300,.T.);
#3445 = ORIENTED_EDGE('',*,*,#3446,.T.);
#3446 = EDGE_CURVE('',#2301,#2685,#3447,.T.);
#3447 = LINE('',#3448,#3449);
#3448 = CARTESIAN_POINT('',(44.,-7.5,-7.5));
#3449 = VECTOR('',#3450,1.);
#3450 = DIRECTION('',(0.,1.,0.));
#3451 = ORIENTED_EDGE('',*,*,#2684,.T.);
#3452 = FACE_BOUND('',#3453,.T.);
#3453 = EDGE_LOOP('',(#3454));
#3454 = ORIENTED_EDGE('',*,*,#3455,.F.);
#3455 = EDGE_CURVE('',#3456,#3456,#3458,.T.);
#3456 = VERTEX_POINT('',#3457);
#3457 = CARTESIAN_POINT('',(40.55,3.E-15,-7.5));
#3458 = CIRCLE('',#3459,3.05);
#3459 = AXIS2_PLACEMENT_3D('',#3460,#3461,#3462);
#3460 = CARTESIAN_POINT('',(37.5,3.05E-15,-7.5));
#3461 = DIRECTION('',(0.,0.,1.));
#3462 = DIRECTION('',(1.,0.,0.));
#3463 = PLANE('',#3464);
#3464 = AXIS2_PLACEMENT_3D('',#3465,#3466,#3467);
#3465 = CARTESIAN_POINT('',(5.68E-15,1.89E-15,-7.5));
#3466 = DIRECTION('',(0.,0.,1.));
#3467 = DIRECTION('',(1.,0.,0.));
#3468 = ADVANCED_FACE('',(#3469),#3479,.T.);
#3469 = FACE_BOUND('',#3470,.T.);
#3470 = EDGE_LOOP('',(#3471,#3472,#3473));
#3471 = ORIENTED_EDGE('',*,*,#2455,.F.);
#3472 = ORIENTED_EDGE('',*,*,#2490,.T.);
#3473 = ORIENTED_EDGE('',*,*,#3474,.F.);
#3474 = EDGE_CURVE('',#2456,#2491,#3475,.T.);
#3475 = LINE('',#3476,#3477);
#3476 = CARTESIAN_POINT('',(-44.5,6.5,-8.));
#3477 = VECTOR('',#3478,1.);
#3478 = DIRECTION('',(-0.707106781187,1.92E-15,-0.707106781187));
#3479 = PLANE('',#3480);
#3480 = AXIS2_PLACEMENT_3D('',#3481,#3482,#3483);
#3481 = CARTESIAN_POINT('',(-44.,7.5,-8.5));
#3482 = DIRECTION('',(-0.57735026919,0.57735026919,0.57735026919));
#3483 = DIRECTION('',(-0.707106781187,6.661338147751E-16,-0.707106781187
    ));
#3484 = ADVANCED_FACE('',(#3485),#3490,.F.);
#3485 = FACE_BOUND('',#3486,.F.);
#3486 = EDGE_LOOP('',(#3487,#3488,#3489));
#3487 = ORIENTED_EDGE('',*,*,#3176,.F.);
#3488 = ORIENTED_EDGE('',*,*,#2527,.T.);
#3489 = ORIENTED_EDGE('',*,*,#2506,.F.);
#3490 = PLANE('',#3491);
#3491 = AXIS2_PLACEMENT_3D('',#3492,#3493,#3494);
#3492 = CARTESIAN_POINT('',(-44.,6.5,-15.5));
#3493 = DIRECTION('',(0.57735026919,-0.57735026919,0.57735026919));
#3494 = DIRECTION('',(0.707106781187,0.707106781187,1.221245327088E-15)
  );
#3495 = ADVANCED_FACE('',(#3496),#3506,.T.);
#3496 = FACE_BOUND('',#3497,.T.);
#3497 = EDGE_LOOP('',(#3498,#3504,#3505));
#3498 = ORIENTED_EDGE('',*,*,#3499,.F.);
#3499 = EDGE_CURVE('',#2728,#2685,#3500,.T.);
#3500 = LINE('',#3501,#3502);
#3501 = CARTESIAN_POINT('',(44.75,6.5,-8.25));
#3502 = VECTOR('',#3503,1.);
#3503 = DIRECTION('',(-0.707106781187,-1.35E-15,0.707106781187));
#3504 = ORIENTED_EDGE('',*,*,#2735,.T.);
#3505 = ORIENTED_EDGE('',*,*,#2694,.F.);
#3506 = PLANE('',#3507);
#3507 = AXIS2_PLACEMENT_3D('',#3508,#3509,#3510);
#3508 = CARTESIAN_POINT('',(45.,6.5,-8.5));
#3509 = DIRECTION('',(0.57735026919,0.57735026919,0.57735026919));
#3510 = DIRECTION('',(8.326672684689E-17,0.707106781187,-0.707106781187)
  );
#3511 = ADVANCED_FACE('',(#3512),#3517,.T.);
#3512 = FACE_BOUND('',#3513,.T.);
#3513 = EDGE_LOOP('',(#3514,#3515,#3516));
#3514 = ORIENTED_EDGE('',*,*,#3371,.F.);
#3515 = ORIENTED_EDGE('',*,*,#2708,.T.);
#3516 = ORIENTED_EDGE('',*,*,#2742,.F.);
#3517 = PLANE('',#3518);
#3518 = AXIS2_PLACEMENT_3D('',#3519,#3520,#3521);
#3519 = CARTESIAN_POINT('',(44.,6.5,-15.5));
#3520 = DIRECTION('',(0.57735026919,0.57735026919,-0.57735026919));
#3521 = DIRECTION('',(-0.707106781187,0.707106781187,1.249000902703E-15)
  );
#3522 = ADVANCED_FACE('',(#3523),#3542,.F.);
#3523 = FACE_BOUND('',#3524,.F.);
#3524 = EDGE_LOOP('',(#3525,#3533,#3534,#3535));
#3525 = ORIENTED_EDGE('',*,*,#3526,.F.);
#3526 = EDGE_CURVE('',#2802,#3527,#3529,.T.);
#3527 = VERTEX_POINT('',#3528);
#3528 = CARTESIAN_POINT('',(1.1,-38.,11.));
#3529 = LINE('',#3530,#3531);
#3530 = CARTESIAN_POINT('',(1.1,-38.,15.5));
#3531 = VECTOR('',#3532,1.);
#3532 = DIRECTION('',(-0.,-0.,-1.));
#3533 = ORIENTED_EDGE('',*,*,#2801,.F.);
#3534 = ORIENTED_EDGE('',*,*,#3526,.T.);
#3535 = ORIENTED_EDGE('',*,*,#3536,.T.);
#3536 = EDGE_CURVE('',#3527,#3527,#3537,.T.);
#3537 = CIRCLE('',#3538,1.1);
#3538 = AXIS2_PLACEMENT_3D('',#3539,#3540,#3541);
#3539 = CARTESIAN_POINT('',(0.,-38.,11.));
#3540 = DIRECTION('',(0.,0.,1.));
#3541 = DIRECTION('',(1.,0.,0.));
#3542 = CYLINDRICAL_SURFACE('',#3543,1.1);
#3543 = AXIS2_PLACEMENT_3D('',#3544,#3545,#3546);
#3544 = CARTESIAN_POINT('',(0.,-38.,15.5));
#3545 = DIRECTION('',(0.,0.,1.));
#3546 = DIRECTION('',(1.,0.,0.));
#3547 = ADVANCED_FACE('',(#3548),#3567,.F.);
#3548 = FACE_BOUND('',#3549,.F.);
#3549 = EDGE_LOOP('',(#3550,#3558,#3559,#3560));
#3550 = ORIENTED_EDGE('',*,*,#3551,.F.);
#3551 = EDGE_CURVE('',#2813,#3552,#3554,.T.);
#3552 = VERTEX_POINT('',#3553);
#3553 = CARTESIAN_POINT('',(1.1,-29.,11.));
#3554 = LINE('',#3555,#3556);
#3555 = CARTESIAN_POINT('',(1.1,-29.,15.5));
#3556 = VECTOR('',#3557,1.);
#3557 = DIRECTION('',(-0.,-0.,-1.));
#3558 = ORIENTED_EDGE('',*,*,#2812,.F.);
#3559 = ORIENTED_EDGE('',*,*,#3551,.T.);
#3560 = ORIENTED_EDGE('',*,*,#3561,.T.);
#3561 = EDGE_CURVE('',#3552,#3552,#3562,.T.);
#3562 = CIRCLE('',#3563,1.1);
#3563 = AXIS2_PLACEMENT_3D('',#3564,#3565,#3566);
#3564 = CARTESIAN_POINT('',(0.,-29.,11.));
#3565 = DIRECTION('',(0.,0.,1.));
#3566 = DIRECTION('',(1.,0.,0.));
#3567 = CYLINDRICAL_SURFACE('',#3568,1.1);
#3568 = AXIS2_PLACEMENT_3D('',#3569,#3570,#3571);
#3569 = CARTESIAN_POINT('',(0.,-29.,15.5));
#3570 = DIRECTION('',(0.,0.,1.));
#3571 = DIRECTION('',(1.,0.,0.));
#3572 = ADVANCED_FACE('',(#3573),#3579,.T.);
#3573 = FACE_BOUND('',#3574,.F.);
#3574 = EDGE_LOOP('',(#3575,#3576,#3577,#3578));
#3575 = ORIENTED_EDGE('',*,*,#2970,.T.);
#3576 = ORIENTED_EDGE('',*,*,#2954,.T.);
#3577 = ORIENTED_EDGE('',*,*,#2929,.F.);
#3578 = ORIENTED_EDGE('',*,*,#3162,.T.);
#3579 = PLANE('',#3580);
#3580 = AXIS2_PLACEMENT_3D('',#3581,#3582,#3583);
#3581 = CARTESIAN_POINT('',(7.5,-80.,-8.));
#3582 = DIRECTION('',(0.,-0.707106781187,0.707106781187));
#3583 = DIRECTION('',(1.,0.,0.));
#3584 = ADVANCED_FACE('',(#3585),#3596,.F.);
#3585 = FACE_BOUND('',#3586,.T.);
#3586 = EDGE_LOOP('',(#3587,#3593,#3594,#3595));
#3587 = ORIENTED_EDGE('',*,*,#3588,.F.);
#3588 = EDGE_CURVE('',#2938,#3022,#3589,.T.);
#3589 = LINE('',#3590,#3591);
#3590 = CARTESIAN_POINT('',(1.6,-73.,-9.3));
#3591 = VECTOR('',#3592,1.);
#3592 = DIRECTION('',(-0.627329537873,-1.7E-16,-0.778753909083));
#3593 = ORIENTED_EDGE('',*,*,#2937,.T.);
#3594 = ORIENTED_EDGE('',*,*,#3588,.T.);
#3595 = ORIENTED_EDGE('',*,*,#3029,.F.);
#3596 = CONICAL_SURFACE('',#3597,1.6,0.678119307749);
#3597 = AXIS2_PLACEMENT_3D('',#3598,#3599,#3600);
#3598 = CARTESIAN_POINT('',(4.44E-15,-73.,-9.3));
#3599 = DIRECTION('',(0.,2.2E-16,1.));
#3600 = DIRECTION('',(1.,0.,0.));
#3601 = ADVANCED_FACE('',(#3602),#3627,.F.);
#3602 = FACE_BOUND('',#3603,.F.);
#3603 = EDGE_LOOP('',(#3604,#3612,#3620,#3626));
#3604 = ORIENTED_EDGE('',*,*,#3605,.T.);
#3605 = EDGE_CURVE('',#3055,#3606,#3608,.T.);
#3606 = VERTEX_POINT('',#3607);
#3607 = CARTESIAN_POINT('',(1.299038105677,-40.25,11.));
#3608 = LINE('',#3609,#3610);
#3609 = CARTESIAN_POINT('',(1.299038105677,-40.25,8.5));
#3610 = VECTOR('',#3611,1.);
#3611 = DIRECTION('',(0.,0.,1.));
#3612 = ORIENTED_EDGE('',*,*,#3613,.T.);
#3613 = EDGE_CURVE('',#3606,#3614,#3616,.T.);
#3614 = VERTEX_POINT('',#3615);
#3615 = CARTESIAN_POINT('',(-1.299038105677,-40.25,11.));
#3616 = LINE('',#3617,#3618);
#3617 = CARTESIAN_POINT('',(1.299038105677,-40.25,11.));
#3618 = VECTOR('',#3619,1.);
#3619 = DIRECTION('',(-1.,0.,0.));
#3620 = ORIENTED_EDGE('',*,*,#3621,.F.);
#3621 = EDGE_CURVE('',#3057,#3614,#3622,.T.);
#3622 = LINE('',#3623,#3624);
#3623 = CARTESIAN_POINT('',(-1.299038105677,-40.25,8.5));
#3624 = VECTOR('',#3625,1.);
#3625 = DIRECTION('',(0.,0.,1.));
#3626 = ORIENTED_EDGE('',*,*,#3054,.F.);
#3627 = PLANE('',#3628);
#3628 = AXIS2_PLACEMENT_3D('',#3629,#3630,#3631);
#3629 = CARTESIAN_POINT('',(1.299038105677,-40.25,8.5));
#3630 = DIRECTION('',(0.,-1.,0.));
#3631 = DIRECTION('',(-1.,0.,0.));
#3632 = ADVANCED_FACE('',(#3633),#3651,.F.);
#3633 = FACE_BOUND('',#3634,.F.);
#3634 = EDGE_LOOP('',(#3635,#3643,#3649,#3650));
#3635 = ORIENTED_EDGE('',*,*,#3636,.T.);
#3636 = EDGE_CURVE('',#3089,#3637,#3639,.T.);
#3637 = VERTEX_POINT('',#3638);
#3638 = CARTESIAN_POINT('',(2.598076211353,-38.,11.));
#3639 = LINE('',#3640,#3641);
#3640 = CARTESIAN_POINT('',(2.598076211353,-38.,8.5));
#3641 = VECTOR('',#3642,1.);
#3642 = DIRECTION('',(0.,0.,1.));
#3643 = ORIENTED_EDGE('',*,*,#3644,.T.);
#3644 = EDGE_CURVE('',#3637,#3606,#3645,.T.);
#3645 = LINE('',#3646,#3647);
#3646 = CARTESIAN_POINT('',(2.598076211353,-38.,11.));
#3647 = VECTOR('',#3648,1.);
#3648 = DIRECTION('',(-0.5,-0.866025403784,0.));
#3649 = ORIENTED_EDGE('',*,*,#3605,.F.);
#3650 = ORIENTED_EDGE('',*,*,#3096,.F.);
#3651 = PLANE('',#3652);
#3652 = AXIS2_PLACEMENT_3D('',#3653,#3654,#3655);
#3653 = CARTESIAN_POINT('',(2.598076211353,-38.,8.5));
#3654 = DIRECTION('',(0.866025403784,-0.5,0.));
#3655 = DIRECTION('',(-0.5,-0.866025403784,0.));
#3656 = ADVANCED_FACE('',(#3657),#3675,.F.);
#3657 = FACE_BOUND('',#3658,.F.);
#3658 = EDGE_LOOP('',(#3659,#3667,#3673,#3674));
#3659 = ORIENTED_EDGE('',*,*,#3660,.T.);
#3660 = EDGE_CURVE('',#3081,#3661,#3663,.T.);
#3661 = VERTEX_POINT('',#3662);
#3662 = CARTESIAN_POINT('',(1.299038105677,-35.75,11.));
#3663 = LINE('',#3664,#3665);
#3664 = CARTESIAN_POINT('',(1.299038105677,-35.75,8.5));
#3665 = VECTOR('',#3666,1.);
#3666 = DIRECTION('',(0.,0.,1.));
#3667 = ORIENTED_EDGE('',*,*,#3668,.T.);
#3668 = EDGE_CURVE('',#3661,#3637,#3669,.T.);
#3669 = LINE('',#3670,#3671);
#3670 = CARTESIAN_POINT('',(1.299038105677,-35.75,11.));
#3671 = VECTOR('',#3672,1.);
#3672 = DIRECTION('',(0.5,-0.866025403784,0.));
#3673 = ORIENTED_EDGE('',*,*,#3636,.F.);
#3674 = ORIENTED_EDGE('',*,*,#3088,.F.);
#3675 = PLANE('',#3676);
#3676 = AXIS2_PLACEMENT_3D('',#3677,#3678,#3679);
#3677 = CARTESIAN_POINT('',(1.299038105677,-35.75,8.5));
#3678 = DIRECTION('',(0.866025403784,0.5,0.));
#3679 = DIRECTION('',(0.5,-0.866025403784,0.));
#3680 = ADVANCED_FACE('',(#3681),#3699,.F.);
#3681 = FACE_BOUND('',#3682,.F.);
#3682 = EDGE_LOOP('',(#3683,#3691,#3697,#3698));
#3683 = ORIENTED_EDGE('',*,*,#3684,.T.);
#3684 = EDGE_CURVE('',#3073,#3685,#3687,.T.);
#3685 = VERTEX_POINT('',#3686);
#3686 = CARTESIAN_POINT('',(-1.299038105677,-35.75,11.));
#3687 = LINE('',#3688,#3689);
#3688 = CARTESIAN_POINT('',(-1.299038105677,-35.75,8.5));
#3689 = VECTOR('',#3690,1.);
#3690 = DIRECTION('',(0.,0.,1.));
#3691 = ORIENTED_EDGE('',*,*,#3692,.T.);
#3692 = EDGE_CURVE('',#3685,#3661,#3693,.T.);
#3693 = LINE('',#3694,#3695);
#3694 = CARTESIAN_POINT('',(-1.299038105677,-35.75,11.));
#3695 = VECTOR('',#3696,1.);
#3696 = DIRECTION('',(1.,0.,0.));
#3697 = ORIENTED_EDGE('',*,*,#3660,.F.);
#3698 = ORIENTED_EDGE('',*,*,#3080,.F.);
#3699 = PLANE('',#3700);
#3700 = AXIS2_PLACEMENT_3D('',#3701,#3702,#3703);
#3701 = CARTESIAN_POINT('',(-1.299038105677,-35.75,8.5));
#3702 = DIRECTION('',(0.,1.,0.));
#3703 = DIRECTION('',(1.,0.,0.));
#3704 = ADVANCED_FACE('',(#3705),#3723,.F.);
#3705 = FACE_BOUND('',#3706,.F.);
#3706 = EDGE_LOOP('',(#3707,#3715,#3721,#3722));
#3707 = ORIENTED_EDGE('',*,*,#3708,.T.);
#3708 = EDGE_CURVE('',#3065,#3709,#3711,.T.);
#3709 = VERTEX_POINT('',#3710);
#3710 = CARTESIAN_POINT('',(-2.598076211353,-38.,11.));
#3711 = LINE('',#3712,#3713);
#3712 = CARTESIAN_POINT('',(-2.598076211353,-38.,8.5));
#3713 = VECTOR('',#3714,1.);
#3714 = DIRECTION('',(0.,0.,1.));
#3715 = ORIENTED_EDGE('',*,*,#3716,.T.);
#3716 = EDGE_CURVE('',#3709,#3685,#3717,.T.);
#3717 = LINE('',#3718,#3719);
#3718 = CARTESIAN_POINT('',(-2.598076211353,-38.,11.));
#3719 = VECTOR('',#3720,1.);
#3720 = DIRECTION('',(0.5,0.866025403784,0.));
#3721 = ORIENTED_EDGE('',*,*,#3684,.F.);
#3722 = ORIENTED_EDGE('',*,*,#3072,.F.);
#3723 = PLANE('',#3724);
#3724 = AXIS2_PLACEMENT_3D('',#3725,#3726,#3727);
#3725 = CARTESIAN_POINT('',(-2.598076211353,-38.,8.5));
#3726 = DIRECTION('',(-0.866025403784,0.5,0.));
#3727 = DIRECTION('',(0.5,0.866025403784,0.));
#3728 = ADVANCED_FACE('',(#3729),#3740,.F.);
#3729 = FACE_BOUND('',#3730,.F.);
#3730 = EDGE_LOOP('',(#3731,#3732,#3738,#3739));
#3731 = ORIENTED_EDGE('',*,*,#3621,.T.);
#3732 = ORIENTED_EDGE('',*,*,#3733,.T.);
#3733 = EDGE_CURVE('',#3614,#3709,#3734,.T.);
#3734 = LINE('',#3735,#3736);
#3735 = CARTESIAN_POINT('',(-1.299038105677,-40.25,11.));
#3736 = VECTOR('',#3737,1.);
#3737 = DIRECTION('',(-0.5,0.866025403784,-0.));
#3738 = ORIENTED_EDGE('',*,*,#3708,.F.);
#3739 = ORIENTED_EDGE('',*,*,#3064,.F.);
#3740 = PLANE('',#3741);
#3741 = AXIS2_PLACEMENT_3D('',#3742,#3743,#3744);
#3742 = CARTESIAN_POINT('',(-1.299038105677,-40.25,8.5));
#3743 = DIRECTION('',(-0.866025403784,-0.5,0.));
#3744 = DIRECTION('',(-0.5,0.866025403784,0.));
#3745 = ADVANCED_FACE('',(#3746),#3771,.F.);
#3746 = FACE_BOUND('',#3747,.F.);
#3747 = EDGE_LOOP('',(#3748,#3756,#3764,#3770));
#3748 = ORIENTED_EDGE('',*,*,#3749,.T.);
#3749 = EDGE_CURVE('',#3105,#3750,#3752,.T.);
#3750 = VERTEX_POINT('',#3751);
#3751 = CARTESIAN_POINT('',(1.299038105677,-31.25,11.));
#3752 = LINE('',#3753,#3754);
#3753 = CARTESIAN_POINT('',(1.299038105677,-31.25,8.5));
#3754 = VECTOR('',#3755,1.);
#3755 = DIRECTION('',(0.,0.,1.));
#3756 = ORIENTED_EDGE('',*,*,#3757,.T.);
#3757 = EDGE_CURVE('',#3750,#3758,#3760,.T.);
#3758 = VERTEX_POINT('',#3759);
#3759 = CARTESIAN_POINT('',(-1.299038105677,-31.25,11.));
#3760 = LINE('',#3761,#3762);
#3761 = CARTESIAN_POINT('',(1.299038105677,-31.25,11.));
#3762 = VECTOR('',#3763,1.);
#3763 = DIRECTION('',(-1.,0.,0.));
#3764 = ORIENTED_EDGE('',*,*,#3765,.F.);
#3765 = EDGE_CURVE('',#3107,#3758,#3766,.T.);
#3766 = LINE('',#3767,#3768);
#3767 = CARTESIAN_POINT('',(-1.299038105677,-31.25,8.5));
#3768 = VECTOR('',#3769,1.);
#3769 = DIRECTION('',(0.,0.,1.));
#3770 = ORIENTED_EDGE('',*,*,#3104,.F.);
#3771 = PLANE('',#3772);
#3772 = AXIS2_PLACEMENT_3D('',#3773,#3774,#3775);
#3773 = CARTESIAN_POINT('',(1.299038105677,-31.25,8.5));
#3774 = DIRECTION('',(0.,-1.,0.));
#3775 = DIRECTION('',(-1.,0.,0.));
#3776 = ADVANCED_FACE('',(#3777),#3795,.F.);
#3777 = FACE_BOUND('',#3778,.F.);
#3778 = EDGE_LOOP('',(#3779,#3787,#3793,#3794));
#3779 = ORIENTED_EDGE('',*,*,#3780,.T.);
#3780 = EDGE_CURVE('',#3139,#3781,#3783,.T.);
#3781 = VERTEX_POINT('',#3782);
#3782 = CARTESIAN_POINT('',(2.598076211353,-29.,11.));
#3783 = LINE('',#3784,#3785);
#3784 = CARTESIAN_POINT('',(2.598076211353,-29.,8.5));
#3785 = VECTOR('',#3786,1.);
#3786 = DIRECTION('',(0.,0.,1.));
#3787 = ORIENTED_EDGE('',*,*,#3788,.T.);
#3788 = EDGE_CURVE('',#3781,#3750,#3789,.T.);
#3789 = LINE('',#3790,#3791);
#3790 = CARTESIAN_POINT('',(2.598076211353,-29.,11.));
#3791 = VECTOR('',#3792,1.);
#3792 = DIRECTION('',(-0.5,-0.866025403784,0.));
#3793 = ORIENTED_EDGE('',*,*,#3749,.F.);
#3794 = ORIENTED_EDGE('',*,*,#3146,.F.);
#3795 = PLANE('',#3796);
#3796 = AXIS2_PLACEMENT_3D('',#3797,#3798,#3799);
#3797 = CARTESIAN_POINT('',(2.598076211353,-29.,8.5));
#3798 = DIRECTION('',(0.866025403784,-0.5,0.));
#3799 = DIRECTION('',(-0.5,-0.866025403784,0.));
#3800 = ADVANCED_FACE('',(#3801),#3819,.F.);
#3801 = FACE_BOUND('',#3802,.F.);
#3802 = EDGE_LOOP('',(#3803,#3811,#3817,#3818));
#3803 = ORIENTED_EDGE('',*,*,#3804,.T.);
#3804 = EDGE_CURVE('',#3131,#3805,#3807,.T.);
#3805 = VERTEX_POINT('',#3806);
#3806 = CARTESIAN_POINT('',(1.299038105677,-26.75,11.));
#3807 = LINE('',#3808,#3809);
#3808 = CARTESIAN_POINT('',(1.299038105677,-26.75,8.5));
#3809 = VECTOR('',#3810,1.);
#3810 = DIRECTION('',(0.,0.,1.));
#3811 = ORIENTED_EDGE('',*,*,#3812,.T.);
#3812 = EDGE_CURVE('',#3805,#3781,#3813,.T.);
#3813 = LINE('',#3814,#3815);
#3814 = CARTESIAN_POINT('',(1.299038105677,-26.75,11.));
#3815 = VECTOR('',#3816,1.);
#3816 = DIRECTION('',(0.5,-0.866025403784,0.));
#3817 = ORIENTED_EDGE('',*,*,#3780,.F.);
#3818 = ORIENTED_EDGE('',*,*,#3138,.F.);
#3819 = PLANE('',#3820);
#3820 = AXIS2_PLACEMENT_3D('',#3821,#3822,#3823);
#3821 = CARTESIAN_POINT('',(1.299038105677,-26.75,8.5));
#3822 = DIRECTION('',(0.866025403784,0.5,0.));
#3823 = DIRECTION('',(0.5,-0.866025403784,0.));
#3824 = ADVANCED_FACE('',(#3825),#3843,.F.);
#3825 = FACE_BOUND('',#3826,.F.);
#3826 = EDGE_LOOP('',(#3827,#3835,#3841,#3842));
#3827 = ORIENTED_EDGE('',*,*,#3828,.T.);
#3828 = EDGE_CURVE('',#3123,#3829,#3831,.T.);
#3829 = VERTEX_POINT('',#3830);
#3830 = CARTESIAN_POINT('',(-1.299038105677,-26.75,11.));
#3831 = LINE('',#3832,#3833);
#3832 = CARTESIAN_POINT('',(-1.299038105677,-26.75,8.5));
#3833 = VECTOR('',#3834,1.);
#3834 = DIRECTION('',(0.,0.,1.));
#3835 = ORIENTED_EDGE('',*,*,#3836,.T.);
#3836 = EDGE_CURVE('',#3829,#3805,#3837,.T.);
#3837 = LINE('',#3838,#3839);
#3838 = CARTESIAN_POINT('',(-1.299038105677,-26.75,11.));
#3839 = VECTOR('',#3840,1.);
#3840 = DIRECTION('',(1.,0.,0.));
#3841 = ORIENTED_EDGE('',*,*,#3804,.F.);
#3842 = ORIENTED_EDGE('',*,*,#3130,.F.);
#3843 = PLANE('',#3844);
#3844 = AXIS2_PLACEMENT_3D('',#3845,#3846,#3847);
#3845 = CARTESIAN_POINT('',(-1.299038105677,-26.75,8.5));
#3846 = DIRECTION('',(0.,1.,0.));
#3847 = DIRECTION('',(1.,0.,0.));
#3848 = ADVANCED_FACE('',(#3849),#3867,.F.);
#3849 = FACE_BOUND('',#3850,.F.);
#3850 = EDGE_LOOP('',(#3851,#3859,#3865,#3866));
#3851 = ORIENTED_EDGE('',*,*,#3852,.T.);
#3852 = EDGE_CURVE('',#3115,#3853,#3855,.T.);
#3853 = VERTEX_POINT('',#3854);
#3854 = CARTESIAN_POINT('',(-2.598076211353,-29.,11.));
#3855 = LINE('',#3856,#3857);
#3856 = CARTESIAN_POINT('',(-2.598076211353,-29.,8.5));
#3857 = VECTOR('',#3858,1.);
#3858 = DIRECTION('',(0.,0.,1.));
#3859 = ORIENTED_EDGE('',*,*,#3860,.T.);
#3860 = EDGE_CURVE('',#3853,#3829,#3861,.T.);
#3861 = LINE('',#3862,#3863);
#3862 = CARTESIAN_POINT('',(-2.598076211353,-29.,11.));
#3863 = VECTOR('',#3864,1.);
#3864 = DIRECTION('',(0.5,0.866025403784,0.));
#3865 = ORIENTED_EDGE('',*,*,#3828,.F.);
#3866 = ORIENTED_EDGE('',*,*,#3122,.F.);
#3867 = PLANE('',#3868);
#3868 = AXIS2_PLACEMENT_3D('',#3869,#3870,#3871);
#3869 = CARTESIAN_POINT('',(-2.598076211353,-29.,8.5));
#3870 = DIRECTION('',(-0.866025403784,0.5,0.));
#3871 = DIRECTION('',(0.5,0.866025403784,0.));
#3872 = ADVANCED_FACE('',(#3873),#3884,.F.);
#3873 = FACE_BOUND('',#3874,.F.);
#3874 = EDGE_LOOP('',(#3875,#3876,#3882,#3883));
#3875 = ORIENTED_EDGE('',*,*,#3765,.T.);
#3876 = ORIENTED_EDGE('',*,*,#3877,.T.);
#3877 = EDGE_CURVE('',#3758,#3853,#3878,.T.);
#3878 = LINE('',#3879,#3880);
#3879 = CARTESIAN_POINT('',(-1.299038105677,-31.25,11.));
#3880 = VECTOR('',#3881,1.);
#3881 = DIRECTION('',(-0.5,0.866025403784,-0.));
#3882 = ORIENTED_EDGE('',*,*,#3852,.F.);
#3883 = ORIENTED_EDGE('',*,*,#3114,.F.);
#3884 = PLANE('',#3885);
#3885 = AXIS2_PLACEMENT_3D('',#3886,#3887,#3888);
#3886 = CARTESIAN_POINT('',(-1.299038105677,-31.25,8.5));
#3887 = DIRECTION('',(-0.866025403784,-0.5,0.));
#3888 = DIRECTION('',(-0.5,0.866025403784,0.));
#3889 = ADVANCED_FACE('',(#3890),#3901,.F.);
#3890 = FACE_BOUND('',#3891,.T.);
#3891 = EDGE_LOOP('',(#3892,#3898,#3899,#3900));
#3892 = ORIENTED_EDGE('',*,*,#3893,.F.);
#3893 = EDGE_CURVE('',#3285,#3216,#3894,.T.);
#3894 = LINE('',#3895,#3896);
#3895 = CARTESIAN_POINT('',(-35.9,3.05E-15,-9.3));
#3896 = VECTOR('',#3897,1.);
#3897 = DIRECTION('',(-0.627329537873,-0.,-0.778753909083));
#3898 = ORIENTED_EDGE('',*,*,#3284,.T.);
#3899 = ORIENTED_EDGE('',*,*,#3893,.T.);
#3900 = ORIENTED_EDGE('',*,*,#3223,.F.);
#3901 = CONICAL_SURFACE('',#3902,1.6,0.678119307749);
#3902 = AXIS2_PLACEMENT_3D('',#3903,#3904,#3905);
#3903 = CARTESIAN_POINT('',(-37.5,3.05E-15,-9.3));
#3904 = DIRECTION('',(0.,0.,1.));
#3905 = DIRECTION('',(1.,0.,0.));
#3906 = ADVANCED_FACE('',(#3907),#3913,.F.);
#3907 = FACE_BOUND('',#3908,.T.);
#3908 = EDGE_LOOP('',(#3909,#3910,#3911,#3912));
#3909 = ORIENTED_EDGE('',*,*,#3240,.T.);
#3910 = ORIENTED_EDGE('',*,*,#3257,.T.);
#3911 = ORIENTED_EDGE('',*,*,#3276,.F.);
#3912 = ORIENTED_EDGE('',*,*,#3474,.T.);
#3913 = PLANE('',#3914);
#3914 = AXIS2_PLACEMENT_3D('',#3915,#3916,#3917);
#3915 = CARTESIAN_POINT('',(-44.5,7.5,-8.));
#3916 = DIRECTION('',(0.707106781187,0.,-0.707106781187));
#3917 = DIRECTION('',(0.,1.,0.));
#3918 = ADVANCED_FACE('',(#3919),#3930,.F.);
#3919 = FACE_BOUND('',#3920,.T.);
#3920 = EDGE_LOOP('',(#3921,#3927,#3928,#3929));
#3921 = ORIENTED_EDGE('',*,*,#3922,.F.);
#3922 = EDGE_CURVE('',#3456,#3387,#3923,.T.);
#3923 = LINE('',#3924,#3925);
#3924 = CARTESIAN_POINT('',(39.1,3.05E-15,-9.3));
#3925 = VECTOR('',#3926,1.);
#3926 = DIRECTION('',(-0.627329537873,-0.,-0.778753909083));
#3927 = ORIENTED_EDGE('',*,*,#3455,.T.);
#3928 = ORIENTED_EDGE('',*,*,#3922,.T.);
#3929 = ORIENTED_EDGE('',*,*,#3394,.F.);
#3930 = CONICAL_SURFACE('',#3931,1.6,0.678119307749);
#3931 = AXIS2_PLACEMENT_3D('',#3932,#3933,#3934);
#3932 = CARTESIAN_POINT('',(37.5,3.05E-15,-9.3));
#3933 = DIRECTION('',(0.,0.,1.));
#3934 = DIRECTION('',(1.,0.,0.));
#3935 = ADVANCED_FACE('',(#3936),#3942,.F.);
#3936 = FACE_BOUND('',#3937,.F.);
#3937 = EDGE_LOOP('',(#3938,#3939,#3940,#3941));
#3938 = ORIENTED_EDGE('',*,*,#3446,.T.);
#3939 = ORIENTED_EDGE('',*,*,#3499,.F.);
#3940 = ORIENTED_EDGE('',*,*,#3411,.F.);
#3941 = ORIENTED_EDGE('',*,*,#3430,.F.);
#3942 = PLANE('',#3943);
#3943 = AXIS2_PLACEMENT_3D('',#3944,#3945,#3946);
#3944 = CARTESIAN_POINT('',(44.5,-7.5,-8.));
#3945 = DIRECTION('',(-0.707106781187,0.,-0.707106781187));
#3946 = DIRECTION('',(0.,1.,0.));
#3947 = ADVANCED_FACE('',(#3948,#3956),#3959,.F.);
#3948 = FACE_BOUND('',#3949,.F.);
#3949 = EDGE_LOOP('',(#3950,#3951,#3952,#3953,#3954,#3955));
#3950 = ORIENTED_EDGE('',*,*,#3733,.F.);
#3951 = ORIENTED_EDGE('',*,*,#3613,.F.);
#3952 = ORIENTED_EDGE('',*,*,#3644,.F.);
#3953 = ORIENTED_EDGE('',*,*,#3668,.F.);
#3954 = ORIENTED_EDGE('',*,*,#3692,.F.);
#3955 = ORIENTED_EDGE('',*,*,#3716,.F.);
#3956 = FACE_BOUND('',#3957,.F.);
#3957 = EDGE_LOOP('',(#3958));
#3958 = ORIENTED_EDGE('',*,*,#3536,.F.);
#3959 = PLANE('',#3960);
#3960 = AXIS2_PLACEMENT_3D('',#3961,#3962,#3963);
#3961 = CARTESIAN_POINT('',(-1.E-17,-33.5,11.));
#3962 = DIRECTION('',(0.,0.,1.));
#3963 = DIRECTION('',(1.,0.,0.));
#3964 = ADVANCED_FACE('',(#3965,#3973),#3976,.F.);
#3965 = FACE_BOUND('',#3966,.F.);
#3966 = EDGE_LOOP('',(#3967,#3968,#3969,#3970,#3971,#3972));
#3967 = ORIENTED_EDGE('',*,*,#3877,.F.);
#3968 = ORIENTED_EDGE('',*,*,#3757,.F.);
#3969 = ORIENTED_EDGE('',*,*,#3788,.F.);
#3970 = ORIENTED_EDGE('',*,*,#3812,.F.);
#3971 = ORIENTED_EDGE('',*,*,#3836,.F.);
#3972 = ORIENTED_EDGE('',*,*,#3860,.F.);
#3973 = FACE_BOUND('',#3974,.F.);
#3974 = EDGE_LOOP('',(#3975));
#3975 = ORIENTED_EDGE('',*,*,#3561,.F.);
#3976 = PLANE('',#3977);
#3977 = AXIS2_PLACEMENT_3D('',#3978,#3979,#3980);
#3978 = CARTESIAN_POINT('',(-1.E-17,-33.5,11.));
#3979 = DIRECTION('',(0.,0.,1.));
#3980 = DIRECTION('',(1.,0.,0.));
#3981 = ( GEOMETRIC_REPRESENTATION_CONTEXT(3) 
GLOBAL_UNCERTAINTY_ASSIGNED_CONTEXT((#3985)) 
GLOBAL_UNIT_ASSIGNED_CONTEXT((#3982,#3983,#3984)) REPRESENTATION_CONTEXT
('Context #1','3D Context with UNIT and UNCERTAINTY') );
#3982 = ( LENGTH_UNIT() NAMED_UNIT(*) SI_UNIT(.MILLI.,.METRE.) );
#3983 = ( NAMED_UNIT(*) PLANE_ANGLE_UNIT() SI_UNIT($,.RADIAN.) );
#3984 = ( NAMED_UNIT(*) SI_UNIT($,.STERADIAN.) SOLID_ANGLE_UNIT() );
#3985 = UNCERTAINTY_MEASURE_WITH_UNIT(LENGTH_MEASURE(5.E-06),#3982,
  'distance_accuracy_value','confusion accuracy');
#3986 = PRODUCT_RELATED_PRODUCT_CATEGORY('part',$,(#7));
ENDSEC;
END-ISO-10303-21;
