ISO-10303-21;
HEADER;
FILE_DESCRIPTION(('FreeCAD Model'),'2;1');
FILE_NAME('Open CASCADE Shape Model','2026-07-22T23:09:23',('Author'),(
    ''),'Open CASCADE STEP processor 7.8','FreeCAD','Unknown');
FILE_SCHEMA(('AUTOMOTIVE_DESIGN { 1 0 10303 214 1 1 1 1 }'));
ENDSEC;
DATA;
#1 = APPLICATION_PROTOCOL_DEFINITION('international standard',
  'automotive_design',2000,#2);
#2 = APPLICATION_CONTEXT(
  'core data for automotive mechanical design processes');
#3 = SHAPE_DEFINITION_REPRESENTATION(#4,#10);
#4 = PRODUCT_DEFINITION_SHAPE('','',#5);
#5 = PRODUCT_DEFINITION('design','',#6,#9);
#6 = PRODUCT_DEFINITION_FORMATION('','',#7);
#7 = PRODUCT('Body','Body','',(#8));
#8 = PRODUCT_CONTEXT('',#2,'mechanical');
#9 = PRODUCT_DEFINITION_CONTEXT('part definition',#2,'design');
#10 = ADVANCED_BREP_SHAPE_REPRESENTATION('',(#11,#15),#3115);
#11 = AXIS2_PLACEMENT_3D('',#12,#13,#14);
#12 = CARTESIAN_POINT('',(0.,0.,0.));
#13 = DIRECTION('',(0.,0.,1.));
#14 = DIRECTION('',(1.,0.,-0.));
#15 = MANIFOLD_SOLID_BREP('',#16);
#16 = CLOSED_SHELL('',(#17,#331,#356,#387,#418,#442,#466,#490,#514,#538,
    #569,#593,#617,#648,#672,#696,#720,#744,#768,#799,#823,#847,#871,
    #895,#919,#943,#960,#991,#1015,#1039,#1056,#1087,#1111,#1135,#1152,
    #1177,#1202,#1227,#1252,#1276,#1339,#1386,#1410,#1434,#1458,#1498,
    #1515,#1539,#1563,#1619,#1643,#1690,#1714,#1738,#1755,#1772,#1812,
    #1843,#1867,#1891,#1915,#1939,#1963,#1987,#2004,#2035,#2059,#2083,
    #2100,#2131,#2155,#2179,#2196,#2221,#2246,#2271,#2361,#2378,#2395,
    #2426,#2443,#2476,#2498,#2520,#2537,#2554,#2585,#2602,#2635,#2657,
    #2679,#2710,#2726,#2742,#2766,#2790,#2806,#2822,#2839,#2870,#2894,
    #2918,#2942,#2966,#2983,#2994,#3005,#3017,#3028,#3039,#3051,#3074,
    #3099));
#17 = ADVANCED_FACE('',(#18,#29,#159,#225,#259,#293,#304,#315),#326,.T.
  );
#18 = FACE_BOUND('',#19,.T.);
#19 = EDGE_LOOP('',(#20));
#20 = ORIENTED_EDGE('',*,*,#21,.F.);
#21 = EDGE_CURVE('',#22,#22,#24,.T.);
#22 = VERTEX_POINT('',#23);
#23 = CARTESIAN_POINT('',(-12.55,-5.,15.5));
#24 = CIRCLE('',#25,2.95);
#25 = AXIS2_PLACEMENT_3D('',#26,#27,#28);
#26 = CARTESIAN_POINT('',(-15.5,-5.,15.5));
#27 = DIRECTION('',(0.,-1.,0.));
#28 = DIRECTION('',(1.,0.,0.));
#29 = FACE_BOUND('',#30,.T.);
#30 = EDGE_LOOP('',(#31,#41,#49,#57,#65,#73,#81,#89,#97,#105,#113,#121,
    #129,#137,#145,#153));
#31 = ORIENTED_EDGE('',*,*,#32,.T.);
#32 = EDGE_CURVE('',#33,#35,#37,.T.);
#33 = VERTEX_POINT('',#34);
#34 = CARTESIAN_POINT('',(-20.,-5.,-10.));
#35 = VERTEX_POINT('',#36);
#36 = CARTESIAN_POINT('',(-20.,-5.,-36.58578643762));
#37 = LINE('',#38,#39);
#38 = CARTESIAN_POINT('',(-20.,-5.,-9.));
#39 = VECTOR('',#40,1.);
#40 = DIRECTION('',(0.,-2.2E-16,-1.));
#41 = ORIENTED_EDGE('',*,*,#42,.F.);
#42 = EDGE_CURVE('',#43,#35,#45,.T.);
#43 = VERTEX_POINT('',#44);
#44 = CARTESIAN_POINT('',(-16.58578643762,-5.,-40.));
#45 = LINE('',#46,#47);
#46 = CARTESIAN_POINT('',(-16.29289321881,-5.,-40.29289321881));
#47 = VECTOR('',#48,1.);
#48 = DIRECTION('',(-0.707106781187,0.,0.707106781187));
#49 = ORIENTED_EDGE('',*,*,#50,.T.);
#50 = EDGE_CURVE('',#43,#51,#53,.T.);
#51 = VERTEX_POINT('',#52);
#52 = CARTESIAN_POINT('',(16.585786437627,-5.,-40.));
#53 = LINE('',#54,#55);
#54 = CARTESIAN_POINT('',(-17.,-5.,-40.));
#55 = VECTOR('',#56,1.);
#56 = DIRECTION('',(1.,0.,0.));
#57 = ORIENTED_EDGE('',*,*,#58,.F.);
#58 = EDGE_CURVE('',#59,#51,#61,.T.);
#59 = VERTEX_POINT('',#60);
#60 = CARTESIAN_POINT('',(20.,-5.,-36.58578643762));
#61 = LINE('',#62,#63);
#62 = CARTESIAN_POINT('',(20.292893218813,-5.,-36.29289321881));
#63 = VECTOR('',#64,1.);
#64 = DIRECTION('',(-0.707106781187,0.,-0.707106781187));
#65 = ORIENTED_EDGE('',*,*,#66,.F.);
#66 = EDGE_CURVE('',#67,#59,#69,.T.);
#67 = VERTEX_POINT('',#68);
#68 = CARTESIAN_POINT('',(20.,-5.,-10.));
#69 = LINE('',#70,#71);
#70 = CARTESIAN_POINT('',(20.,-5.,-9.));
#71 = VECTOR('',#72,1.);
#72 = DIRECTION('',(0.,0.,-1.));
#73 = ORIENTED_EDGE('',*,*,#74,.F.);
#74 = EDGE_CURVE('',#75,#67,#77,.T.);
#75 = VERTEX_POINT('',#76);
#76 = CARTESIAN_POINT('',(11.,-5.,-10.));
#77 = LINE('',#78,#79);
#78 = CARTESIAN_POINT('',(12.,-5.,-10.));
#79 = VECTOR('',#80,1.);
#80 = DIRECTION('',(1.,0.,0.));
#81 = ORIENTED_EDGE('',*,*,#82,.F.);
#82 = EDGE_CURVE('',#83,#75,#85,.T.);
#83 = VERTEX_POINT('',#84);
#84 = CARTESIAN_POINT('',(11.,-5.,2.));
#85 = LINE('',#86,#87);
#86 = CARTESIAN_POINT('',(11.,-5.,1.));
#87 = VECTOR('',#88,1.);
#88 = DIRECTION('',(0.,-2.2E-16,-1.));
#89 = ORIENTED_EDGE('',*,*,#90,.F.);
#90 = EDGE_CURVE('',#91,#83,#93,.T.);
#91 = VERTEX_POINT('',#92);
#92 = CARTESIAN_POINT('',(20.,-5.,2.));
#93 = LINE('',#94,#95);
#94 = CARTESIAN_POINT('',(21.,-5.,2.));
#95 = VECTOR('',#96,1.);
#96 = DIRECTION('',(-1.,0.,0.));
#97 = ORIENTED_EDGE('',*,*,#98,.T.);
#98 = EDGE_CURVE('',#91,#99,#101,.T.);
#99 = VERTEX_POINT('',#100);
#100 = CARTESIAN_POINT('',(20.,-5.,16.585786437627));
#101 = LINE('',#102,#103);
#102 = CARTESIAN_POINT('',(20.,-5.,1.));
#103 = VECTOR('',#104,1.);
#104 = DIRECTION('',(0.,2.2E-16,1.));
#105 = ORIENTED_EDGE('',*,*,#106,.T.);
#106 = EDGE_CURVE('',#99,#107,#109,.T.);
#107 = VERTEX_POINT('',#108);
#108 = CARTESIAN_POINT('',(16.585786437627,-5.,20.));
#109 = LINE('',#110,#111);
#110 = CARTESIAN_POINT('',(20.292893218813,-5.,16.292893218813));
#111 = VECTOR('',#112,1.);
#112 = DIRECTION('',(-0.707106781187,0.,0.707106781187));
#113 = ORIENTED_EDGE('',*,*,#114,.T.);
#114 = EDGE_CURVE('',#107,#115,#117,.T.);
#115 = VERTEX_POINT('',#116);
#116 = CARTESIAN_POINT('',(-16.58578643762,-5.,20.));
#117 = LINE('',#118,#119);
#118 = CARTESIAN_POINT('',(17.,-5.,20.));
#119 = VECTOR('',#120,1.);
#120 = DIRECTION('',(-1.,0.,0.));
#121 = ORIENTED_EDGE('',*,*,#122,.F.);
#122 = EDGE_CURVE('',#123,#115,#125,.T.);
#123 = VERTEX_POINT('',#124);
#124 = CARTESIAN_POINT('',(-20.,-5.,16.585786437627));
#125 = LINE('',#126,#127);
#126 = CARTESIAN_POINT('',(-20.29289321881,-5.,16.292893218813));
#127 = VECTOR('',#128,1.);
#128 = DIRECTION('',(0.707106781187,0.,0.707106781187));
#129 = ORIENTED_EDGE('',*,*,#130,.T.);
#130 = EDGE_CURVE('',#123,#131,#133,.T.);
#131 = VERTEX_POINT('',#132);
#132 = CARTESIAN_POINT('',(-20.,-5.,2.));
#133 = LINE('',#134,#135);
#134 = CARTESIAN_POINT('',(-20.,-5.,17.));
#135 = VECTOR('',#136,1.);
#136 = DIRECTION('',(0.,-2.2E-16,-1.));
#137 = ORIENTED_EDGE('',*,*,#138,.F.);
#138 = EDGE_CURVE('',#139,#131,#141,.T.);
#139 = VERTEX_POINT('',#140);
#140 = CARTESIAN_POINT('',(-11.,-5.,2.));
#141 = LINE('',#142,#143);
#142 = CARTESIAN_POINT('',(-12.,-5.,2.));
#143 = VECTOR('',#144,1.);
#144 = DIRECTION('',(-1.,0.,0.));
#145 = ORIENTED_EDGE('',*,*,#146,.F.);
#146 = EDGE_CURVE('',#147,#139,#149,.T.);
#147 = VERTEX_POINT('',#148);
#148 = CARTESIAN_POINT('',(-11.,-5.,-10.));
#149 = LINE('',#150,#151);
#150 = CARTESIAN_POINT('',(-11.,-5.,-9.));
#151 = VECTOR('',#152,1.);
#152 = DIRECTION('',(0.,2.2E-16,1.));
#153 = ORIENTED_EDGE('',*,*,#154,.F.);
#154 = EDGE_CURVE('',#33,#147,#155,.T.);
#155 = LINE('',#156,#157);
#156 = CARTESIAN_POINT('',(-21.,-5.,-10.));
#157 = VECTOR('',#158,1.);
#158 = DIRECTION('',(1.,0.,0.));
#159 = FACE_BOUND('',#160,.T.);
#160 = EDGE_LOOP('',(#161,#171,#179,#187,#195,#203,#211,#219));
#161 = ORIENTED_EDGE('',*,*,#162,.F.);
#162 = EDGE_CURVE('',#163,#165,#167,.T.);
#163 = VERTEX_POINT('',#164);
#164 = CARTESIAN_POINT('',(5.,-5.,15.));
#165 = VERTEX_POINT('',#166);
#166 = CARTESIAN_POINT('',(-5.,-5.,15.));
#167 = LINE('',#168,#169);
#168 = CARTESIAN_POINT('',(6.,-5.,15.));
#169 = VECTOR('',#170,1.);
#170 = DIRECTION('',(-1.,0.,0.));
#171 = ORIENTED_EDGE('',*,*,#172,.T.);
#172 = EDGE_CURVE('',#163,#173,#175,.T.);
#173 = VERTEX_POINT('',#174);
#174 = CARTESIAN_POINT('',(7.,-5.,13.));
#175 = LINE('',#176,#177);
#176 = CARTESIAN_POINT('',(7.5,-5.,12.5));
#177 = VECTOR('',#178,1.);
#178 = DIRECTION('',(0.707106781187,0.,-0.707106781187));
#179 = ORIENTED_EDGE('',*,*,#180,.F.);
#180 = EDGE_CURVE('',#181,#173,#183,.T.);
#181 = VERTEX_POINT('',#182);
#182 = CARTESIAN_POINT('',(7.,-5.,3.));
#183 = LINE('',#184,#185);
#184 = CARTESIAN_POINT('',(7.,-5.,2.));
#185 = VECTOR('',#186,1.);
#186 = DIRECTION('',(0.,2.2E-16,1.));
#187 = ORIENTED_EDGE('',*,*,#188,.F.);
#188 = EDGE_CURVE('',#189,#181,#191,.T.);
#189 = VERTEX_POINT('',#190);
#190 = CARTESIAN_POINT('',(5.,-5.,1.));
#191 = LINE('',#192,#193);
#192 = CARTESIAN_POINT('',(3.5,-5.,-0.5));
#193 = VECTOR('',#194,1.);
#194 = DIRECTION('',(0.707106781187,0.,0.707106781187));
#195 = ORIENTED_EDGE('',*,*,#196,.F.);
#196 = EDGE_CURVE('',#197,#189,#199,.T.);
#197 = VERTEX_POINT('',#198);
#198 = CARTESIAN_POINT('',(-5.,-5.,1.));
#199 = LINE('',#200,#201);
#200 = CARTESIAN_POINT('',(-6.,-5.,1.));
#201 = VECTOR('',#202,1.);
#202 = DIRECTION('',(1.,0.,0.));
#203 = ORIENTED_EDGE('',*,*,#204,.F.);
#204 = EDGE_CURVE('',#205,#197,#207,.T.);
#205 = VERTEX_POINT('',#206);
#206 = CARTESIAN_POINT('',(-7.,-5.,3.));
#207 = LINE('',#208,#209);
#208 = CARTESIAN_POINT('',(-4.5,-5.,0.5));
#209 = VECTOR('',#210,1.);
#210 = DIRECTION('',(0.707106781187,0.,-0.707106781187));
#211 = ORIENTED_EDGE('',*,*,#212,.F.);
#212 = EDGE_CURVE('',#213,#205,#215,.T.);
#213 = VERTEX_POINT('',#214);
#214 = CARTESIAN_POINT('',(-7.,-5.,13.));
#215 = LINE('',#216,#217);
#216 = CARTESIAN_POINT('',(-7.,-5.,14.));
#217 = VECTOR('',#218,1.);
#218 = DIRECTION('',(0.,-2.2E-16,-1.));
#219 = ORIENTED_EDGE('',*,*,#220,.F.);
#220 = EDGE_CURVE('',#165,#213,#221,.T.);
#221 = LINE('',#222,#223);
#222 = CARTESIAN_POINT('',(-7.5,-5.,12.5));
#223 = VECTOR('',#224,1.);
#224 = DIRECTION('',(-0.707106781187,0.,-0.707106781187));
#225 = FACE_BOUND('',#226,.T.);
#226 = EDGE_LOOP('',(#227,#237,#245,#253));
#227 = ORIENTED_EDGE('',*,*,#228,.F.);
#228 = EDGE_CURVE('',#229,#231,#233,.T.);
#229 = VERTEX_POINT('',#230);
#230 = CARTESIAN_POINT('',(-13.5,-5.,-33.));
#231 = VERTEX_POINT('',#232);
#232 = CARTESIAN_POINT('',(-13.5,-5.,-37.));
#233 = LINE('',#234,#235);
#234 = CARTESIAN_POINT('',(-13.5,-5.,-34.));
#235 = VECTOR('',#236,1.);
#236 = DIRECTION('',(0.,-2.2E-16,-1.));
#237 = ORIENTED_EDGE('',*,*,#238,.F.);
#238 = EDGE_CURVE('',#239,#229,#241,.T.);
#239 = VERTEX_POINT('',#240);
#240 = CARTESIAN_POINT('',(13.5,-5.,-33.));
#241 = LINE('',#242,#243);
#242 = CARTESIAN_POINT('',(12.5,-5.,-33.));
#243 = VECTOR('',#244,1.);
#244 = DIRECTION('',(-1.,0.,0.));
#245 = ORIENTED_EDGE('',*,*,#246,.F.);
#246 = EDGE_CURVE('',#247,#239,#249,.T.);
#247 = VERTEX_POINT('',#248);
#248 = CARTESIAN_POINT('',(13.5,-5.,-37.));
#249 = LINE('',#250,#251);
#250 = CARTESIAN_POINT('',(13.5,-5.,-36.));
#251 = VECTOR('',#252,1.);
#252 = DIRECTION('',(0.,2.2E-16,1.));
#253 = ORIENTED_EDGE('',*,*,#254,.F.);
#254 = EDGE_CURVE('',#231,#247,#255,.T.);
#255 = LINE('',#256,#257);
#256 = CARTESIAN_POINT('',(-12.5,-5.,-37.));
#257 = VECTOR('',#258,1.);
#258 = DIRECTION('',(1.,0.,0.));
#259 = FACE_BOUND('',#260,.T.);
#260 = EDGE_LOOP('',(#261,#271,#279,#287));
#261 = ORIENTED_EDGE('',*,*,#262,.F.);
#262 = EDGE_CURVE('',#263,#265,#267,.T.);
#263 = VERTEX_POINT('',#264);
#264 = CARTESIAN_POINT('',(13.5,-5.,-25.));
#265 = VERTEX_POINT('',#266);
#266 = CARTESIAN_POINT('',(-13.5,-5.,-25.));
#267 = LINE('',#268,#269);
#268 = CARTESIAN_POINT('',(12.5,-5.,-25.));
#269 = VECTOR('',#270,1.);
#270 = DIRECTION('',(-1.,0.,0.));
#271 = ORIENTED_EDGE('',*,*,#272,.F.);
#272 = EDGE_CURVE('',#273,#263,#275,.T.);
#273 = VERTEX_POINT('',#274);
#274 = CARTESIAN_POINT('',(13.5,-5.,-29.));
#275 = LINE('',#276,#277);
#276 = CARTESIAN_POINT('',(13.5,-5.,-28.));
#277 = VECTOR('',#278,1.);
#278 = DIRECTION('',(0.,2.2E-16,1.));
#279 = ORIENTED_EDGE('',*,*,#280,.F.);
#280 = EDGE_CURVE('',#281,#273,#283,.T.);
#281 = VERTEX_POINT('',#282);
#282 = CARTESIAN_POINT('',(-13.5,-5.,-29.));
#283 = LINE('',#284,#285);
#284 = CARTESIAN_POINT('',(-12.5,-5.,-29.));
#285 = VECTOR('',#286,1.);
#286 = DIRECTION('',(1.,0.,0.));
#287 = ORIENTED_EDGE('',*,*,#288,.F.);
#288 = EDGE_CURVE('',#265,#281,#289,.T.);
#289 = LINE('',#290,#291);
#290 = CARTESIAN_POINT('',(-13.5,-5.,-26.));
#291 = VECTOR('',#292,1.);
#292 = DIRECTION('',(0.,-2.2E-16,-1.));
#293 = FACE_BOUND('',#294,.T.);
#294 = EDGE_LOOP('',(#295));
#295 = ORIENTED_EDGE('',*,*,#296,.F.);
#296 = EDGE_CURVE('',#297,#297,#299,.T.);
#297 = VERTEX_POINT('',#298);
#298 = CARTESIAN_POINT('',(18.45,-5.,15.5));
#299 = CIRCLE('',#300,2.95);
#300 = AXIS2_PLACEMENT_3D('',#301,#302,#303);
#301 = CARTESIAN_POINT('',(15.5,-5.,15.5));
#302 = DIRECTION('',(0.,-1.,0.));
#303 = DIRECTION('',(1.,0.,0.));
#304 = FACE_BOUND('',#305,.T.);
#305 = EDGE_LOOP('',(#306));
#306 = ORIENTED_EDGE('',*,*,#307,.F.);
#307 = EDGE_CURVE('',#308,#308,#310,.T.);
#308 = VERTEX_POINT('',#309);
#309 = CARTESIAN_POINT('',(-12.55,-5.,-15.5));
#310 = CIRCLE('',#311,2.95);
#311 = AXIS2_PLACEMENT_3D('',#312,#313,#314);
#312 = CARTESIAN_POINT('',(-15.5,-5.,-15.5));
#313 = DIRECTION('',(0.,-1.,0.));
#314 = DIRECTION('',(1.,0.,0.));
#315 = FACE_BOUND('',#316,.T.);
#316 = EDGE_LOOP('',(#317));
#317 = ORIENTED_EDGE('',*,*,#318,.F.);
#318 = EDGE_CURVE('',#319,#319,#321,.T.);
#319 = VERTEX_POINT('',#320);
#320 = CARTESIAN_POINT('',(18.45,-5.,-15.5));
#321 = CIRCLE('',#322,2.95);
#322 = AXIS2_PLACEMENT_3D('',#323,#324,#325);
#323 = CARTESIAN_POINT('',(15.5,-5.,-15.5));
#324 = DIRECTION('',(0.,-1.,0.));
#325 = DIRECTION('',(1.,0.,0.));
#326 = PLANE('',#327);
#327 = AXIS2_PLACEMENT_3D('',#328,#329,#330);
#328 = CARTESIAN_POINT('',(0.,-5.,-9.114754098361));
#329 = DIRECTION('',(-0.,-1.,-0.));
#330 = DIRECTION('',(0.,0.,-1.));
#331 = ADVANCED_FACE('',(#332),#351,.F.);
#332 = FACE_BOUND('',#333,.T.);
#333 = EDGE_LOOP('',(#334,#342,#343,#344));
#334 = ORIENTED_EDGE('',*,*,#335,.F.);
#335 = EDGE_CURVE('',#22,#336,#338,.T.);
#336 = VERTEX_POINT('',#337);
#337 = CARTESIAN_POINT('',(-14.,-3.2,15.5));
#338 = LINE('',#339,#340);
#339 = CARTESIAN_POINT('',(-14.,-3.2,15.5));
#340 = VECTOR('',#341,1.);
#341 = DIRECTION('',(-0.627329537873,0.778753909083,7.4E-16));
#342 = ORIENTED_EDGE('',*,*,#21,.T.);
#343 = ORIENTED_EDGE('',*,*,#335,.T.);
#344 = ORIENTED_EDGE('',*,*,#345,.F.);
#345 = EDGE_CURVE('',#336,#336,#346,.T.);
#346 = CIRCLE('',#347,1.5);
#347 = AXIS2_PLACEMENT_3D('',#348,#349,#350);
#348 = CARTESIAN_POINT('',(-15.5,-3.2,15.5));
#349 = DIRECTION('',(0.,-1.,0.));
#350 = DIRECTION('',(1.,0.,0.));
#351 = CONICAL_SURFACE('',#352,1.5,0.678119307749);
#352 = AXIS2_PLACEMENT_3D('',#353,#354,#355);
#353 = CARTESIAN_POINT('',(-15.5,-3.2,15.5));
#354 = DIRECTION('',(-0.,-1.,-0.));
#355 = DIRECTION('',(1.,0.,0.));
#356 = ADVANCED_FACE('',(#357),#382,.T.);
#357 = FACE_BOUND('',#358,.F.);
#358 = EDGE_LOOP('',(#359,#367,#368,#376));
#359 = ORIENTED_EDGE('',*,*,#360,.T.);
#360 = EDGE_CURVE('',#361,#33,#363,.T.);
#361 = VERTEX_POINT('',#362);
#362 = CARTESIAN_POINT('',(-21.,-4.,-10.));
#363 = LINE('',#364,#365);
#364 = CARTESIAN_POINT('',(-20.25,-4.75,-10.));
#365 = VECTOR('',#366,1.);
#366 = DIRECTION('',(0.707106781187,-0.707106781187,6.7E-16));
#367 = ORIENTED_EDGE('',*,*,#32,.T.);
#368 = ORIENTED_EDGE('',*,*,#369,.T.);
#369 = EDGE_CURVE('',#35,#370,#372,.T.);
#370 = VERTEX_POINT('',#371);
#371 = CARTESIAN_POINT('',(-21.,-4.,-37.));
#372 = LINE('',#373,#374);
#373 = CARTESIAN_POINT('',(-17.32959002237,-7.670409977628,
    -35.47966640779));
#374 = VECTOR('',#375,1.);
#375 = DIRECTION('',(-0.678598344546,0.678598344546,-0.281084637715));
#376 = ORIENTED_EDGE('',*,*,#377,.F.);
#377 = EDGE_CURVE('',#361,#370,#378,.T.);
#378 = LINE('',#379,#380);
#379 = CARTESIAN_POINT('',(-21.,-4.,-9.));
#380 = VECTOR('',#381,1.);
#381 = DIRECTION('',(0.,-2.2E-16,-1.));
#382 = PLANE('',#383);
#383 = AXIS2_PLACEMENT_3D('',#384,#385,#386);
#384 = CARTESIAN_POINT('',(-20.5,-4.5,-9.));
#385 = DIRECTION('',(-0.707106781187,-0.707106781187,0.));
#386 = DIRECTION('',(-1.1E-16,1.1E-16,1.));
#387 = ADVANCED_FACE('',(#388),#413,.F.);
#388 = FACE_BOUND('',#389,.T.);
#389 = EDGE_LOOP('',(#390,#391,#399,#407));
#390 = ORIENTED_EDGE('',*,*,#154,.T.);
#391 = ORIENTED_EDGE('',*,*,#392,.T.);
#392 = EDGE_CURVE('',#147,#393,#395,.T.);
#393 = VERTEX_POINT('',#394);
#394 = CARTESIAN_POINT('',(-12.,-6.,-9.));
#395 = LINE('',#396,#397);
#396 = CARTESIAN_POINT('',(-13.16666666666,-7.166666666667,
    -7.833333333333));
#397 = VECTOR('',#398,1.);
#398 = DIRECTION('',(-0.57735026919,-0.57735026919,0.57735026919));
#399 = ORIENTED_EDGE('',*,*,#400,.F.);
#400 = EDGE_CURVE('',#401,#393,#403,.T.);
#401 = VERTEX_POINT('',#402);
#402 = CARTESIAN_POINT('',(-20.,-6.,-9.));
#403 = LINE('',#404,#405);
#404 = CARTESIAN_POINT('',(-21.,-6.,-9.));
#405 = VECTOR('',#406,1.);
#406 = DIRECTION('',(1.,0.,0.));
#407 = ORIENTED_EDGE('',*,*,#408,.T.);
#408 = EDGE_CURVE('',#401,#33,#409,.T.);
#409 = LINE('',#410,#411);
#410 = CARTESIAN_POINT('',(-20.,-6.,-9.));
#411 = VECTOR('',#412,1.);
#412 = DIRECTION('',(0.,0.707106781187,-0.707106781187));
#413 = PLANE('',#414);
#414 = AXIS2_PLACEMENT_3D('',#415,#416,#417);
#415 = CARTESIAN_POINT('',(-21.,-5.5,-9.5));
#416 = DIRECTION('',(0.,0.707106781187,0.707106781187));
#417 = DIRECTION('',(-1.,0.,0.));
#418 = ADVANCED_FACE('',(#419),#437,.T.);
#419 = FACE_BOUND('',#420,.T.);
#420 = EDGE_LOOP('',(#421,#429,#430,#431));
#421 = ORIENTED_EDGE('',*,*,#422,.F.);
#422 = EDGE_CURVE('',#43,#423,#425,.T.);
#423 = VERTEX_POINT('',#424);
#424 = CARTESIAN_POINT('',(-17.,-4.,-41.));
#425 = LINE('',#426,#427);
#426 = CARTESIAN_POINT('',(-16.80925643016,-4.46049571322,
    -40.53950428678));
#427 = VECTOR('',#428,1.);
#428 = DIRECTION('',(-0.281084637715,0.678598344546,-0.678598344546));
#429 = ORIENTED_EDGE('',*,*,#42,.T.);
#430 = ORIENTED_EDGE('',*,*,#369,.T.);
#431 = ORIENTED_EDGE('',*,*,#432,.F.);
#432 = EDGE_CURVE('',#423,#370,#433,.T.);
#433 = LINE('',#434,#435);
#434 = CARTESIAN_POINT('',(-17.,-4.,-41.));
#435 = VECTOR('',#436,1.);
#436 = DIRECTION('',(-0.707106781187,0.,0.707106781187));
#437 = PLANE('',#438);
#438 = AXIS2_PLACEMENT_3D('',#439,#440,#441);
#439 = CARTESIAN_POINT('',(-16.6464466094,-4.5,-40.6464466094));
#440 = DIRECTION('',(-0.5,-0.707106781187,-0.5));
#441 = DIRECTION('',(-0.707106781187,-2.775557561563E-17,0.707106781187)
  );
#442 = ADVANCED_FACE('',(#443),#461,.T.);
#443 = FACE_BOUND('',#444,.T.);
#444 = EDGE_LOOP('',(#445,#446,#447,#455));
#445 = ORIENTED_EDGE('',*,*,#392,.F.);
#446 = ORIENTED_EDGE('',*,*,#146,.T.);
#447 = ORIENTED_EDGE('',*,*,#448,.T.);
#448 = EDGE_CURVE('',#139,#449,#451,.T.);
#449 = VERTEX_POINT('',#450);
#450 = CARTESIAN_POINT('',(-12.,-6.,1.));
#451 = LINE('',#452,#453);
#452 = CARTESIAN_POINT('',(-13.33333333333,-7.333333333333,
    -0.333333333333));
#453 = VECTOR('',#454,1.);
#454 = DIRECTION('',(-0.57735026919,-0.57735026919,-0.57735026919));
#455 = ORIENTED_EDGE('',*,*,#456,.F.);
#456 = EDGE_CURVE('',#393,#449,#457,.T.);
#457 = LINE('',#458,#459);
#458 = CARTESIAN_POINT('',(-12.,-6.,-9.));
#459 = VECTOR('',#460,1.);
#460 = DIRECTION('',(0.,2.2E-16,1.));
#461 = PLANE('',#462);
#462 = AXIS2_PLACEMENT_3D('',#463,#464,#465);
#463 = CARTESIAN_POINT('',(-11.5,-5.5,-9.));
#464 = DIRECTION('',(0.707106781187,-0.707106781187,0.));
#465 = DIRECTION('',(1.1E-16,1.1E-16,1.));
#466 = ADVANCED_FACE('',(#467),#485,.F.);
#467 = FACE_BOUND('',#468,.F.);
#468 = EDGE_LOOP('',(#469,#470,#471,#479));
#469 = ORIENTED_EDGE('',*,*,#422,.F.);
#470 = ORIENTED_EDGE('',*,*,#50,.T.);
#471 = ORIENTED_EDGE('',*,*,#472,.T.);
#472 = EDGE_CURVE('',#51,#473,#475,.T.);
#473 = VERTEX_POINT('',#474);
#474 = CARTESIAN_POINT('',(17.,-4.,-41.));
#475 = LINE('',#476,#477);
#476 = CARTESIAN_POINT('',(15.242640687119,-8.242640687119,
    -36.75735931288));
#477 = VECTOR('',#478,1.);
#478 = DIRECTION('',(0.281084637715,0.678598344546,-0.678598344546));
#479 = ORIENTED_EDGE('',*,*,#480,.F.);
#480 = EDGE_CURVE('',#423,#473,#481,.T.);
#481 = LINE('',#482,#483);
#482 = CARTESIAN_POINT('',(-17.,-4.,-41.));
#483 = VECTOR('',#484,1.);
#484 = DIRECTION('',(1.,0.,0.));
#485 = PLANE('',#486);
#486 = AXIS2_PLACEMENT_3D('',#487,#488,#489);
#487 = CARTESIAN_POINT('',(-17.,-4.5,-40.5));
#488 = DIRECTION('',(0.,0.707106781187,0.707106781187));
#489 = DIRECTION('',(1.,0.,0.));
#490 = ADVANCED_FACE('',(#491),#509,.F.);
#491 = FACE_BOUND('',#492,.T.);
#492 = EDGE_LOOP('',(#493,#494,#495,#503));
#493 = ORIENTED_EDGE('',*,*,#448,.F.);
#494 = ORIENTED_EDGE('',*,*,#138,.T.);
#495 = ORIENTED_EDGE('',*,*,#496,.T.);
#496 = EDGE_CURVE('',#131,#497,#499,.T.);
#497 = VERTEX_POINT('',#498);
#498 = CARTESIAN_POINT('',(-20.,-6.,1.));
#499 = LINE('',#500,#501);
#500 = CARTESIAN_POINT('',(-20.,-5.,2.));
#501 = VECTOR('',#502,1.);
#502 = DIRECTION('',(5.8E-16,-0.707106781187,-0.707106781187));
#503 = ORIENTED_EDGE('',*,*,#504,.F.);
#504 = EDGE_CURVE('',#449,#497,#505,.T.);
#505 = LINE('',#506,#507);
#506 = CARTESIAN_POINT('',(-12.,-6.,1.));
#507 = VECTOR('',#508,1.);
#508 = DIRECTION('',(-1.,0.,0.));
#509 = PLANE('',#510);
#510 = AXIS2_PLACEMENT_3D('',#511,#512,#513);
#511 = CARTESIAN_POINT('',(-12.,-5.5,1.5));
#512 = DIRECTION('',(0.,0.707106781187,-0.707106781187));
#513 = DIRECTION('',(1.,0.,0.));
#514 = ADVANCED_FACE('',(#515),#533,.T.);
#515 = FACE_BOUND('',#516,.T.);
#516 = EDGE_LOOP('',(#517,#525,#526,#527));
#517 = ORIENTED_EDGE('',*,*,#518,.F.);
#518 = EDGE_CURVE('',#59,#519,#521,.T.);
#519 = VERTEX_POINT('',#520);
#520 = CARTESIAN_POINT('',(21.,-4.,-37.));
#521 = LINE('',#522,#523);
#522 = CARTESIAN_POINT('',(17.869094309152,-7.130905690848,
    -35.70313640034));
#523 = VECTOR('',#524,1.);
#524 = DIRECTION('',(0.678598344546,0.678598344546,-0.281084637715));
#525 = ORIENTED_EDGE('',*,*,#58,.T.);
#526 = ORIENTED_EDGE('',*,*,#472,.T.);
#527 = ORIENTED_EDGE('',*,*,#528,.F.);
#528 = EDGE_CURVE('',#519,#473,#529,.T.);
#529 = LINE('',#530,#531);
#530 = CARTESIAN_POINT('',(21.,-4.,-37.));
#531 = VECTOR('',#532,1.);
#532 = DIRECTION('',(-0.707106781187,0.,-0.707106781187));
#533 = PLANE('',#534);
#534 = AXIS2_PLACEMENT_3D('',#535,#536,#537);
#535 = CARTESIAN_POINT('',(20.646446609407,-4.5,-36.6464466094));
#536 = DIRECTION('',(0.5,-0.707106781187,-0.5));
#537 = DIRECTION('',(-0.707106781187,-2.775557561563E-17,-0.707106781187
    ));
#538 = ADVANCED_FACE('',(#539),#564,.T.);
#539 = FACE_BOUND('',#540,.F.);
#540 = EDGE_LOOP('',(#541,#549,#550,#558));
#541 = ORIENTED_EDGE('',*,*,#542,.F.);
#542 = EDGE_CURVE('',#123,#543,#545,.T.);
#543 = VERTEX_POINT('',#544);
#544 = CARTESIAN_POINT('',(-21.,-4.,17.));
#545 = LINE('',#546,#547);
#546 = CARTESIAN_POINT('',(-20.53950428678,-4.46049571322,
    16.809256430169));
#547 = VECTOR('',#548,1.);
#548 = DIRECTION('',(-0.678598344546,0.678598344546,0.281084637715));
#549 = ORIENTED_EDGE('',*,*,#130,.T.);
#550 = ORIENTED_EDGE('',*,*,#551,.F.);
#551 = EDGE_CURVE('',#552,#131,#554,.T.);
#552 = VERTEX_POINT('',#553);
#553 = CARTESIAN_POINT('',(-21.,-4.,2.));
#554 = LINE('',#555,#556);
#555 = CARTESIAN_POINT('',(-20.75,-4.25,2.));
#556 = VECTOR('',#557,1.);
#557 = DIRECTION('',(0.707106781187,-0.707106781187,-2.02E-15));
#558 = ORIENTED_EDGE('',*,*,#559,.F.);
#559 = EDGE_CURVE('',#543,#552,#560,.T.);
#560 = LINE('',#561,#562);
#561 = CARTESIAN_POINT('',(-21.,-4.,17.));
#562 = VECTOR('',#563,1.);
#563 = DIRECTION('',(0.,-2.2E-16,-1.));
#564 = PLANE('',#565);
#565 = AXIS2_PLACEMENT_3D('',#566,#567,#568);
#566 = CARTESIAN_POINT('',(-20.5,-4.5,17.));
#567 = DIRECTION('',(-0.707106781187,-0.707106781187,0.));
#568 = DIRECTION('',(-1.1E-16,1.1E-16,1.));
#569 = ADVANCED_FACE('',(#570),#588,.T.);
#570 = FACE_BOUND('',#571,.T.);
#571 = EDGE_LOOP('',(#572,#580,#581,#582));
#572 = ORIENTED_EDGE('',*,*,#573,.T.);
#573 = EDGE_CURVE('',#574,#67,#576,.T.);
#574 = VERTEX_POINT('',#575);
#575 = CARTESIAN_POINT('',(21.,-4.,-10.));
#576 = LINE('',#577,#578);
#577 = CARTESIAN_POINT('',(20.249999999998,-4.750000000002,-10.));
#578 = VECTOR('',#579,1.);
#579 = DIRECTION('',(-0.707106781187,-0.707106781187,1.53106E-12));
#580 = ORIENTED_EDGE('',*,*,#66,.T.);
#581 = ORIENTED_EDGE('',*,*,#518,.T.);
#582 = ORIENTED_EDGE('',*,*,#583,.F.);
#583 = EDGE_CURVE('',#574,#519,#584,.T.);
#584 = LINE('',#585,#586);
#585 = CARTESIAN_POINT('',(21.,-4.,-9.));
#586 = VECTOR('',#587,1.);
#587 = DIRECTION('',(0.,0.,-1.));
#588 = PLANE('',#589);
#589 = AXIS2_PLACEMENT_3D('',#590,#591,#592);
#590 = CARTESIAN_POINT('',(20.5,-4.5,-9.));
#591 = DIRECTION('',(0.707106781187,-0.707106781187,0.));
#592 = DIRECTION('',(0.,0.,-1.));
#593 = ADVANCED_FACE('',(#594),#612,.T.);
#594 = FACE_BOUND('',#595,.T.);
#595 = EDGE_LOOP('',(#596,#597,#598,#606));
#596 = ORIENTED_EDGE('',*,*,#542,.F.);
#597 = ORIENTED_EDGE('',*,*,#122,.T.);
#598 = ORIENTED_EDGE('',*,*,#599,.T.);
#599 = EDGE_CURVE('',#115,#600,#602,.T.);
#600 = VERTEX_POINT('',#601);
#601 = CARTESIAN_POINT('',(-17.,-4.,21.));
#602 = LINE('',#603,#604);
#603 = CARTESIAN_POINT('',(-15.24264068711,-8.242640687119,
    16.757359312881));
#604 = VECTOR('',#605,1.);
#605 = DIRECTION('',(-0.281084637715,0.678598344546,0.678598344546));
#606 = ORIENTED_EDGE('',*,*,#607,.F.);
#607 = EDGE_CURVE('',#543,#600,#608,.T.);
#608 = LINE('',#609,#610);
#609 = CARTESIAN_POINT('',(-21.,-4.,17.));
#610 = VECTOR('',#611,1.);
#611 = DIRECTION('',(0.707106781187,0.,0.707106781187));
#612 = PLANE('',#613);
#613 = AXIS2_PLACEMENT_3D('',#614,#615,#616);
#614 = CARTESIAN_POINT('',(-20.6464466094,-4.5,16.646446609407));
#615 = DIRECTION('',(-0.5,-0.707106781187,0.5));
#616 = DIRECTION('',(0.707106781187,-2.775557561563E-17,0.707106781187)
  );
#617 = ADVANCED_FACE('',(#618),#643,.F.);
#618 = FACE_BOUND('',#619,.T.);
#619 = EDGE_LOOP('',(#620,#628,#629,#637));
#620 = ORIENTED_EDGE('',*,*,#621,.F.);
#621 = EDGE_CURVE('',#75,#622,#624,.T.);
#622 = VERTEX_POINT('',#623);
#623 = CARTESIAN_POINT('',(12.,-6.,-9.));
#624 = LINE('',#625,#626);
#625 = CARTESIAN_POINT('',(13.333333333334,-7.333333333334,
    -7.666666666665));
#626 = VECTOR('',#627,1.);
#627 = DIRECTION('',(0.577350269189,-0.577350269189,0.57735026919));
#628 = ORIENTED_EDGE('',*,*,#74,.T.);
#629 = ORIENTED_EDGE('',*,*,#630,.F.);
#630 = EDGE_CURVE('',#631,#67,#633,.T.);
#631 = VERTEX_POINT('',#632);
#632 = CARTESIAN_POINT('',(20.,-6.,-9.));
#633 = LINE('',#634,#635);
#634 = CARTESIAN_POINT('',(20.,-6.,-8.999999999999));
#635 = VECTOR('',#636,1.);
#636 = DIRECTION('',(3.1142E-13,0.707106781186,-0.707106781187));
#637 = ORIENTED_EDGE('',*,*,#638,.F.);
#638 = EDGE_CURVE('',#622,#631,#639,.T.);
#639 = LINE('',#640,#641);
#640 = CARTESIAN_POINT('',(12.,-6.,-9.));
#641 = VECTOR('',#642,1.);
#642 = DIRECTION('',(1.,0.,0.));
#643 = PLANE('',#644);
#644 = AXIS2_PLACEMENT_3D('',#645,#646,#647);
#645 = CARTESIAN_POINT('',(12.,-5.5,-9.5));
#646 = DIRECTION('',(-4.146E-14,0.707106781187,0.707106781186));
#647 = DIRECTION('',(-1.,-2.931664714799E-14,-2.931664714799E-14));
#648 = ADVANCED_FACE('',(#649),#667,.F.);
#649 = FACE_BOUND('',#650,.F.);
#650 = EDGE_LOOP('',(#651,#659,#660,#661));
#651 = ORIENTED_EDGE('',*,*,#652,.F.);
#652 = EDGE_CURVE('',#107,#653,#655,.T.);
#653 = VERTEX_POINT('',#654);
#654 = CARTESIAN_POINT('',(17.,-4.,21.));
#655 = LINE('',#656,#657);
#656 = CARTESIAN_POINT('',(16.585786437627,-5.,20.));
#657 = VECTOR('',#658,1.);
#658 = DIRECTION('',(0.281084637715,0.678598344546,0.678598344546));
#659 = ORIENTED_EDGE('',*,*,#114,.T.);
#660 = ORIENTED_EDGE('',*,*,#599,.T.);
#661 = ORIENTED_EDGE('',*,*,#662,.F.);
#662 = EDGE_CURVE('',#653,#600,#663,.T.);
#663 = LINE('',#664,#665);
#664 = CARTESIAN_POINT('',(17.,-4.,21.));
#665 = VECTOR('',#666,1.);
#666 = DIRECTION('',(-1.,0.,0.));
#667 = PLANE('',#668);
#668 = AXIS2_PLACEMENT_3D('',#669,#670,#671);
#669 = CARTESIAN_POINT('',(17.,-4.5,20.5));
#670 = DIRECTION('',(0.,0.707106781187,-0.707106781187));
#671 = DIRECTION('',(-1.,0.,0.));
#672 = ADVANCED_FACE('',(#673),#691,.T.);
#673 = FACE_BOUND('',#674,.T.);
#674 = EDGE_LOOP('',(#675,#683,#684,#685));
#675 = ORIENTED_EDGE('',*,*,#676,.F.);
#676 = EDGE_CURVE('',#83,#677,#679,.T.);
#677 = VERTEX_POINT('',#678);
#678 = CARTESIAN_POINT('',(12.,-6.,1.));
#679 = LINE('',#680,#681);
#680 = CARTESIAN_POINT('',(13.166666666667,-7.166666666667,
    -0.166666666667));
#681 = VECTOR('',#682,1.);
#682 = DIRECTION('',(0.57735026919,-0.57735026919,-0.57735026919));
#683 = ORIENTED_EDGE('',*,*,#82,.T.);
#684 = ORIENTED_EDGE('',*,*,#621,.T.);
#685 = ORIENTED_EDGE('',*,*,#686,.F.);
#686 = EDGE_CURVE('',#677,#622,#687,.T.);
#687 = LINE('',#688,#689);
#688 = CARTESIAN_POINT('',(12.,-6.,1.));
#689 = VECTOR('',#690,1.);
#690 = DIRECTION('',(0.,-2.2E-16,-1.));
#691 = PLANE('',#692);
#692 = AXIS2_PLACEMENT_3D('',#693,#694,#695);
#693 = CARTESIAN_POINT('',(11.5,-5.5,1.));
#694 = DIRECTION('',(-0.707106781187,-0.707106781187,0.));
#695 = DIRECTION('',(1.1E-16,-1.1E-16,-1.));
#696 = ADVANCED_FACE('',(#697),#715,.F.);
#697 = FACE_BOUND('',#698,.F.);
#698 = EDGE_LOOP('',(#699,#707,#708,#709));
#699 = ORIENTED_EDGE('',*,*,#700,.F.);
#700 = EDGE_CURVE('',#99,#701,#703,.T.);
#701 = VERTEX_POINT('',#702);
#702 = CARTESIAN_POINT('',(21.,-4.,17.));
#703 = LINE('',#704,#705);
#704 = CARTESIAN_POINT('',(19.013555728135,-5.986444271865,
    16.177187841695));
#705 = VECTOR('',#706,1.);
#706 = DIRECTION('',(0.678598344546,0.678598344546,0.281084637715));
#707 = ORIENTED_EDGE('',*,*,#106,.T.);
#708 = ORIENTED_EDGE('',*,*,#652,.T.);
#709 = ORIENTED_EDGE('',*,*,#710,.F.);
#710 = EDGE_CURVE('',#701,#653,#711,.T.);
#711 = LINE('',#712,#713);
#712 = CARTESIAN_POINT('',(21.,-4.,17.));
#713 = VECTOR('',#714,1.);
#714 = DIRECTION('',(-0.707106781187,0.,0.707106781187));
#715 = PLANE('',#716);
#716 = AXIS2_PLACEMENT_3D('',#717,#718,#719);
#717 = CARTESIAN_POINT('',(20.646446609407,-4.5,16.646446609407));
#718 = DIRECTION('',(-0.5,0.707106781187,-0.5));
#719 = DIRECTION('',(-0.707106781187,-2.775557561563E-17,0.707106781187)
  );
#720 = ADVANCED_FACE('',(#721),#739,.F.);
#721 = FACE_BOUND('',#722,.T.);
#722 = EDGE_LOOP('',(#723,#724,#725,#733));
#723 = ORIENTED_EDGE('',*,*,#90,.T.);
#724 = ORIENTED_EDGE('',*,*,#676,.T.);
#725 = ORIENTED_EDGE('',*,*,#726,.F.);
#726 = EDGE_CURVE('',#727,#677,#729,.T.);
#727 = VERTEX_POINT('',#728);
#728 = CARTESIAN_POINT('',(20.,-6.,1.));
#729 = LINE('',#730,#731);
#730 = CARTESIAN_POINT('',(21.,-6.,1.));
#731 = VECTOR('',#732,1.);
#732 = DIRECTION('',(-1.,0.,0.));
#733 = ORIENTED_EDGE('',*,*,#734,.T.);
#734 = EDGE_CURVE('',#727,#91,#735,.T.);
#735 = LINE('',#736,#737);
#736 = CARTESIAN_POINT('',(20.,-6.,1.));
#737 = VECTOR('',#738,1.);
#738 = DIRECTION('',(-1.9E-16,0.707106781187,0.707106781187));
#739 = PLANE('',#740);
#740 = AXIS2_PLACEMENT_3D('',#741,#742,#743);
#741 = CARTESIAN_POINT('',(21.,-5.5,1.5));
#742 = DIRECTION('',(-1.E-17,0.707106781187,-0.707106781187));
#743 = DIRECTION('',(1.,7.071067811865E-18,-7.071067811865E-18));
#744 = ADVANCED_FACE('',(#745),#763,.T.);
#745 = FACE_BOUND('',#746,.F.);
#746 = EDGE_LOOP('',(#747,#755,#756,#757));
#747 = ORIENTED_EDGE('',*,*,#748,.T.);
#748 = EDGE_CURVE('',#749,#91,#751,.T.);
#749 = VERTEX_POINT('',#750);
#750 = CARTESIAN_POINT('',(21.,-4.,2.));
#751 = LINE('',#752,#753);
#752 = CARTESIAN_POINT('',(20.25,-4.75,2.));
#753 = VECTOR('',#754,1.);
#754 = DIRECTION('',(-0.707106781187,-0.707106781187,1.25E-15));
#755 = ORIENTED_EDGE('',*,*,#98,.T.);
#756 = ORIENTED_EDGE('',*,*,#700,.T.);
#757 = ORIENTED_EDGE('',*,*,#758,.F.);
#758 = EDGE_CURVE('',#749,#701,#759,.T.);
#759 = LINE('',#760,#761);
#760 = CARTESIAN_POINT('',(21.,-4.,1.));
#761 = VECTOR('',#762,1.);
#762 = DIRECTION('',(0.,2.2E-16,1.));
#763 = PLANE('',#764);
#764 = AXIS2_PLACEMENT_3D('',#765,#766,#767);
#765 = CARTESIAN_POINT('',(20.5,-4.5,1.));
#766 = DIRECTION('',(0.707106781187,-0.707106781187,0.));
#767 = DIRECTION('',(-1.1E-16,-1.1E-16,-1.));
#768 = ADVANCED_FACE('',(#769),#794,.F.);
#769 = FACE_BOUND('',#770,.T.);
#770 = EDGE_LOOP('',(#771,#779,#780,#788));
#771 = ORIENTED_EDGE('',*,*,#772,.F.);
#772 = EDGE_CURVE('',#163,#773,#775,.T.);
#773 = VERTEX_POINT('',#774);
#774 = CARTESIAN_POINT('',(5.,-6.,14.));
#775 = LINE('',#776,#777);
#776 = CARTESIAN_POINT('',(5.,-5.25,14.75));
#777 = VECTOR('',#778,1.);
#778 = DIRECTION('',(-6.7E-16,-0.707106781187,-0.707106781187));
#779 = ORIENTED_EDGE('',*,*,#162,.T.);
#780 = ORIENTED_EDGE('',*,*,#781,.T.);
#781 = EDGE_CURVE('',#165,#782,#784,.T.);
#782 = VERTEX_POINT('',#783);
#783 = CARTESIAN_POINT('',(-5.,-6.,14.));
#784 = LINE('',#785,#786);
#785 = CARTESIAN_POINT('',(-5.,-5.25,14.75));
#786 = VECTOR('',#787,1.);
#787 = DIRECTION('',(0.,-0.707106781187,-0.707106781187));
#788 = ORIENTED_EDGE('',*,*,#789,.F.);
#789 = EDGE_CURVE('',#773,#782,#790,.T.);
#790 = LINE('',#791,#792);
#791 = CARTESIAN_POINT('',(6.,-6.,14.));
#792 = VECTOR('',#793,1.);
#793 = DIRECTION('',(-1.,0.,0.));
#794 = PLANE('',#795);
#795 = AXIS2_PLACEMENT_3D('',#796,#797,#798);
#796 = CARTESIAN_POINT('',(6.,-5.5,14.5));
#797 = DIRECTION('',(0.,0.707106781187,-0.707106781187));
#798 = DIRECTION('',(1.,0.,0.));
#799 = ADVANCED_FACE('',(#800),#818,.F.);
#800 = FACE_BOUND('',#801,.F.);
#801 = EDGE_LOOP('',(#802,#803,#804,#812));
#802 = ORIENTED_EDGE('',*,*,#772,.F.);
#803 = ORIENTED_EDGE('',*,*,#172,.T.);
#804 = ORIENTED_EDGE('',*,*,#805,.T.);
#805 = EDGE_CURVE('',#173,#806,#808,.T.);
#806 = VERTEX_POINT('',#807);
#807 = CARTESIAN_POINT('',(6.,-6.,13.));
#808 = LINE('',#809,#810);
#809 = CARTESIAN_POINT('',(6.25,-5.75,13.));
#810 = VECTOR('',#811,1.);
#811 = DIRECTION('',(-0.707106781187,-0.707106781187,-6.7E-16));
#812 = ORIENTED_EDGE('',*,*,#813,.F.);
#813 = EDGE_CURVE('',#773,#806,#814,.T.);
#814 = LINE('',#815,#816);
#815 = CARTESIAN_POINT('',(5.,-6.,14.));
#816 = VECTOR('',#817,1.);
#817 = DIRECTION('',(0.707106781187,0.,-0.707106781187));
#818 = PLANE('',#819);
#819 = AXIS2_PLACEMENT_3D('',#820,#821,#822);
#820 = CARTESIAN_POINT('',(5.,-5.,15.));
#821 = DIRECTION('',(-0.57735026919,0.57735026919,-0.57735026919));
#822 = DIRECTION('',(0.707106781187,1.221245327088E-15,-0.707106781187)
  );
#823 = ADVANCED_FACE('',(#824),#842,.T.);
#824 = FACE_BOUND('',#825,.T.);
#825 = EDGE_LOOP('',(#826,#827,#828,#836));
#826 = ORIENTED_EDGE('',*,*,#781,.F.);
#827 = ORIENTED_EDGE('',*,*,#220,.T.);
#828 = ORIENTED_EDGE('',*,*,#829,.T.);
#829 = EDGE_CURVE('',#213,#830,#832,.T.);
#830 = VERTEX_POINT('',#831);
#831 = CARTESIAN_POINT('',(-6.,-6.,13.));
#832 = LINE('',#833,#834);
#833 = CARTESIAN_POINT('',(-6.25,-5.75,13.));
#834 = VECTOR('',#835,1.);
#835 = DIRECTION('',(0.707106781187,-0.707106781187,0.));
#836 = ORIENTED_EDGE('',*,*,#837,.F.);
#837 = EDGE_CURVE('',#782,#830,#838,.T.);
#838 = LINE('',#839,#840);
#839 = CARTESIAN_POINT('',(-5.,-6.,14.));
#840 = VECTOR('',#841,1.);
#841 = DIRECTION('',(-0.707106781187,0.,-0.707106781187));
#842 = PLANE('',#843);
#843 = AXIS2_PLACEMENT_3D('',#844,#845,#846);
#844 = CARTESIAN_POINT('',(-5.,-5.,15.));
#845 = DIRECTION('',(-0.57735026919,-0.57735026919,0.57735026919));
#846 = DIRECTION('',(-0.707106781187,6.661338147751E-16,-0.707106781187)
  );
#847 = ADVANCED_FACE('',(#848),#866,.F.);
#848 = FACE_BOUND('',#849,.T.);
#849 = EDGE_LOOP('',(#850,#858,#859,#860));
#850 = ORIENTED_EDGE('',*,*,#851,.F.);
#851 = EDGE_CURVE('',#181,#852,#854,.T.);
#852 = VERTEX_POINT('',#853);
#853 = CARTESIAN_POINT('',(6.,-6.,3.));
#854 = LINE('',#855,#856);
#855 = CARTESIAN_POINT('',(6.25,-5.75,3.));
#856 = VECTOR('',#857,1.);
#857 = DIRECTION('',(-0.707106781187,-0.707106781187,-4.8E-16));
#858 = ORIENTED_EDGE('',*,*,#180,.T.);
#859 = ORIENTED_EDGE('',*,*,#805,.T.);
#860 = ORIENTED_EDGE('',*,*,#861,.F.);
#861 = EDGE_CURVE('',#852,#806,#862,.T.);
#862 = LINE('',#863,#864);
#863 = CARTESIAN_POINT('',(6.,-6.,2.));
#864 = VECTOR('',#865,1.);
#865 = DIRECTION('',(0.,2.2E-16,1.));
#866 = PLANE('',#867);
#867 = AXIS2_PLACEMENT_3D('',#868,#869,#870);
#868 = CARTESIAN_POINT('',(6.5,-5.5,2.));
#869 = DIRECTION('',(-0.707106781187,0.707106781187,0.));
#870 = DIRECTION('',(-1.1E-16,-1.1E-16,-1.));
#871 = ADVANCED_FACE('',(#872),#890,.F.);
#872 = FACE_BOUND('',#873,.T.);
#873 = EDGE_LOOP('',(#874,#875,#876,#884));
#874 = ORIENTED_EDGE('',*,*,#829,.F.);
#875 = ORIENTED_EDGE('',*,*,#212,.T.);
#876 = ORIENTED_EDGE('',*,*,#877,.T.);
#877 = EDGE_CURVE('',#205,#878,#880,.T.);
#878 = VERTEX_POINT('',#879);
#879 = CARTESIAN_POINT('',(-6.,-6.,3.));
#880 = LINE('',#881,#882);
#881 = CARTESIAN_POINT('',(-6.75,-5.25,3.));
#882 = VECTOR('',#883,1.);
#883 = DIRECTION('',(0.707106781187,-0.707106781187,5.8E-16));
#884 = ORIENTED_EDGE('',*,*,#885,.F.);
#885 = EDGE_CURVE('',#830,#878,#886,.T.);
#886 = LINE('',#887,#888);
#887 = CARTESIAN_POINT('',(-6.,-6.,14.));
#888 = VECTOR('',#889,1.);
#889 = DIRECTION('',(0.,-2.2E-16,-1.));
#890 = PLANE('',#891);
#891 = AXIS2_PLACEMENT_3D('',#892,#893,#894);
#892 = CARTESIAN_POINT('',(-6.5,-5.5,14.));
#893 = DIRECTION('',(0.707106781187,0.707106781187,0.));
#894 = DIRECTION('',(-1.1E-16,1.1E-16,1.));
#895 = ADVANCED_FACE('',(#896),#914,.T.);
#896 = FACE_BOUND('',#897,.T.);
#897 = EDGE_LOOP('',(#898,#906,#907,#908));
#898 = ORIENTED_EDGE('',*,*,#899,.F.);
#899 = EDGE_CURVE('',#189,#900,#902,.T.);
#900 = VERTEX_POINT('',#901);
#901 = CARTESIAN_POINT('',(5.,-6.,2.));
#902 = LINE('',#903,#904);
#903 = CARTESIAN_POINT('',(5.,-5.25,1.25));
#904 = VECTOR('',#905,1.);
#905 = DIRECTION('',(0.,-0.707106781187,0.707106781187));
#906 = ORIENTED_EDGE('',*,*,#188,.T.);
#907 = ORIENTED_EDGE('',*,*,#851,.T.);
#908 = ORIENTED_EDGE('',*,*,#909,.F.);
#909 = EDGE_CURVE('',#900,#852,#910,.T.);
#910 = LINE('',#911,#912);
#911 = CARTESIAN_POINT('',(5.,-6.,2.));
#912 = VECTOR('',#913,1.);
#913 = DIRECTION('',(0.707106781187,4.8E-16,0.707106781187));
#914 = PLANE('',#915);
#915 = AXIS2_PLACEMENT_3D('',#916,#917,#918);
#916 = CARTESIAN_POINT('',(5.,-5.,1.));
#917 = DIRECTION('',(0.57735026919,-0.57735026919,-0.57735026919));
#918 = DIRECTION('',(0.707106781187,0.,0.707106781187));
#919 = ADVANCED_FACE('',(#920),#938,.T.);
#920 = FACE_BOUND('',#921,.T.);
#921 = EDGE_LOOP('',(#922,#923,#924,#932));
#922 = ORIENTED_EDGE('',*,*,#877,.F.);
#923 = ORIENTED_EDGE('',*,*,#204,.T.);
#924 = ORIENTED_EDGE('',*,*,#925,.T.);
#925 = EDGE_CURVE('',#197,#926,#928,.T.);
#926 = VERTEX_POINT('',#927);
#927 = CARTESIAN_POINT('',(-5.,-6.,2.));
#928 = LINE('',#929,#930);
#929 = CARTESIAN_POINT('',(-5.,-5.75,1.75));
#930 = VECTOR('',#931,1.);
#931 = DIRECTION('',(1.25E-15,-0.707106781187,0.707106781187));
#932 = ORIENTED_EDGE('',*,*,#933,.F.);
#933 = EDGE_CURVE('',#878,#926,#934,.T.);
#934 = LINE('',#935,#936);
#935 = CARTESIAN_POINT('',(-6.,-6.,3.));
#936 = VECTOR('',#937,1.);
#937 = DIRECTION('',(0.707106781187,-6.7E-16,-0.707106781187));
#938 = PLANE('',#939);
#939 = AXIS2_PLACEMENT_3D('',#940,#941,#942);
#940 = CARTESIAN_POINT('',(-7.,-5.,3.));
#941 = DIRECTION('',(-0.57735026919,-0.57735026919,-0.57735026919));
#942 = DIRECTION('',(0.707106781187,6.938893903907E-16,-0.707106781187)
  );
#943 = ADVANCED_FACE('',(#944),#955,.F.);
#944 = FACE_BOUND('',#945,.T.);
#945 = EDGE_LOOP('',(#946,#947,#948,#949));
#946 = ORIENTED_EDGE('',*,*,#925,.F.);
#947 = ORIENTED_EDGE('',*,*,#196,.T.);
#948 = ORIENTED_EDGE('',*,*,#899,.T.);
#949 = ORIENTED_EDGE('',*,*,#950,.F.);
#950 = EDGE_CURVE('',#926,#900,#951,.T.);
#951 = LINE('',#952,#953);
#952 = CARTESIAN_POINT('',(-6.,-6.,2.));
#953 = VECTOR('',#954,1.);
#954 = DIRECTION('',(1.,0.,0.));
#955 = PLANE('',#956);
#956 = AXIS2_PLACEMENT_3D('',#957,#958,#959);
#957 = CARTESIAN_POINT('',(-6.,-5.5,1.5));
#958 = DIRECTION('',(0.,0.707106781187,0.707106781187));
#959 = DIRECTION('',(-1.,0.,0.));
#960 = ADVANCED_FACE('',(#961),#986,.F.);
#961 = FACE_BOUND('',#962,.T.);
#962 = EDGE_LOOP('',(#963,#971,#972,#980));
#963 = ORIENTED_EDGE('',*,*,#964,.F.);
#964 = EDGE_CURVE('',#229,#965,#967,.T.);
#965 = VERTEX_POINT('',#966);
#966 = CARTESIAN_POINT('',(-12.5,-4.,-34.));
#967 = LINE('',#968,#969);
#968 = CARTESIAN_POINT('',(-8.666666666667,-0.166666666667,
    -37.83333333333));
#969 = VECTOR('',#970,1.);
#970 = DIRECTION('',(0.57735026919,0.57735026919,-0.57735026919));
#971 = ORIENTED_EDGE('',*,*,#228,.T.);
#972 = ORIENTED_EDGE('',*,*,#973,.T.);
#973 = EDGE_CURVE('',#231,#974,#976,.T.);
#974 = VERTEX_POINT('',#975);
#975 = CARTESIAN_POINT('',(-12.5,-4.,-36.));
#976 = LINE('',#977,#978);
#977 = CARTESIAN_POINT('',(-12.5,-4.,-36.));
#978 = VECTOR('',#979,1.);
#979 = DIRECTION('',(0.57735026919,0.57735026919,0.57735026919));
#980 = ORIENTED_EDGE('',*,*,#981,.F.);
#981 = EDGE_CURVE('',#965,#974,#982,.T.);
#982 = LINE('',#983,#984);
#983 = CARTESIAN_POINT('',(-12.5,-4.,-34.));
#984 = VECTOR('',#985,1.);
#985 = DIRECTION('',(0.,-2.2E-16,-1.));
#986 = PLANE('',#987);
#987 = AXIS2_PLACEMENT_3D('',#988,#989,#990);
#988 = CARTESIAN_POINT('',(-13.,-4.5,-34.));
#989 = DIRECTION('',(-0.707106781187,0.707106781187,0.));
#990 = DIRECTION('',(1.1E-16,1.1E-16,1.));
#991 = ADVANCED_FACE('',(#992),#1010,.F.);
#992 = FACE_BOUND('',#993,.T.);
#993 = EDGE_LOOP('',(#994,#1002,#1003,#1004));
#994 = ORIENTED_EDGE('',*,*,#995,.F.);
#995 = EDGE_CURVE('',#239,#996,#998,.T.);
#996 = VERTEX_POINT('',#997);
#997 = CARTESIAN_POINT('',(12.5,-4.,-34.));
#998 = LINE('',#999,#1000);
#999 = CARTESIAN_POINT('',(12.5,-4.,-34.));
#1000 = VECTOR('',#1001,1.);
#1001 = DIRECTION('',(-0.57735026919,0.57735026919,-0.57735026919));
#1002 = ORIENTED_EDGE('',*,*,#238,.T.);
#1003 = ORIENTED_EDGE('',*,*,#964,.T.);
#1004 = ORIENTED_EDGE('',*,*,#1005,.F.);
#1005 = EDGE_CURVE('',#996,#965,#1006,.T.);
#1006 = LINE('',#1007,#1008);
#1007 = CARTESIAN_POINT('',(12.5,-4.,-34.));
#1008 = VECTOR('',#1009,1.);
#1009 = DIRECTION('',(-1.,0.,0.));
#1010 = PLANE('',#1011);
#1011 = AXIS2_PLACEMENT_3D('',#1012,#1013,#1014);
#1012 = CARTESIAN_POINT('',(12.5,-4.5,-33.5));
#1013 = DIRECTION('',(0.,0.707106781187,0.707106781187));
#1014 = DIRECTION('',(1.,0.,0.));
#1015 = ADVANCED_FACE('',(#1016),#1034,.F.);
#1016 = FACE_BOUND('',#1017,.T.);
#1017 = EDGE_LOOP('',(#1018,#1019,#1020,#1028));
#1018 = ORIENTED_EDGE('',*,*,#973,.F.);
#1019 = ORIENTED_EDGE('',*,*,#254,.T.);
#1020 = ORIENTED_EDGE('',*,*,#1021,.T.);
#1021 = EDGE_CURVE('',#247,#1022,#1024,.T.);
#1022 = VERTEX_POINT('',#1023);
#1023 = CARTESIAN_POINT('',(12.5,-4.,-36.));
#1024 = LINE('',#1025,#1026);
#1025 = CARTESIAN_POINT('',(8.666666666667,-0.166666666667,
    -32.16666666666));
#1026 = VECTOR('',#1027,1.);
#1027 = DIRECTION('',(-0.57735026919,0.57735026919,0.57735026919));
#1028 = ORIENTED_EDGE('',*,*,#1029,.F.);
#1029 = EDGE_CURVE('',#974,#1022,#1030,.T.);
#1030 = LINE('',#1031,#1032);
#1031 = CARTESIAN_POINT('',(-12.5,-4.,-36.));
#1032 = VECTOR('',#1033,1.);
#1033 = DIRECTION('',(1.,0.,0.));
#1034 = PLANE('',#1035);
#1035 = AXIS2_PLACEMENT_3D('',#1036,#1037,#1038);
#1036 = CARTESIAN_POINT('',(-12.5,-4.5,-36.5));
#1037 = DIRECTION('',(0.,0.707106781187,-0.707106781187));
#1038 = DIRECTION('',(-1.,-0.,-0.));
#1039 = ADVANCED_FACE('',(#1040),#1051,.F.);
#1040 = FACE_BOUND('',#1041,.T.);
#1041 = EDGE_LOOP('',(#1042,#1043,#1044,#1045));
#1042 = ORIENTED_EDGE('',*,*,#1021,.F.);
#1043 = ORIENTED_EDGE('',*,*,#246,.T.);
#1044 = ORIENTED_EDGE('',*,*,#995,.T.);
#1045 = ORIENTED_EDGE('',*,*,#1046,.F.);
#1046 = EDGE_CURVE('',#1022,#996,#1047,.T.);
#1047 = LINE('',#1048,#1049);
#1048 = CARTESIAN_POINT('',(12.5,-4.,-36.));
#1049 = VECTOR('',#1050,1.);
#1050 = DIRECTION('',(0.,2.2E-16,1.));
#1051 = PLANE('',#1052);
#1052 = AXIS2_PLACEMENT_3D('',#1053,#1054,#1055);
#1053 = CARTESIAN_POINT('',(13.,-4.5,-36.));
#1054 = DIRECTION('',(0.707106781187,0.707106781187,0.));
#1055 = DIRECTION('',(1.1E-16,-1.1E-16,-1.));
#1056 = ADVANCED_FACE('',(#1057),#1082,.F.);
#1057 = FACE_BOUND('',#1058,.T.);
#1058 = EDGE_LOOP('',(#1059,#1067,#1068,#1076));
#1059 = ORIENTED_EDGE('',*,*,#1060,.F.);
#1060 = EDGE_CURVE('',#263,#1061,#1063,.T.);
#1061 = VERTEX_POINT('',#1062);
#1062 = CARTESIAN_POINT('',(12.5,-4.,-26.));
#1063 = LINE('',#1064,#1065);
#1064 = CARTESIAN_POINT('',(12.5,-4.,-26.));
#1065 = VECTOR('',#1066,1.);
#1066 = DIRECTION('',(-0.57735026919,0.57735026919,-0.57735026919));
#1067 = ORIENTED_EDGE('',*,*,#262,.T.);
#1068 = ORIENTED_EDGE('',*,*,#1069,.T.);
#1069 = EDGE_CURVE('',#265,#1070,#1072,.T.);
#1070 = VERTEX_POINT('',#1071);
#1071 = CARTESIAN_POINT('',(-12.5,-4.,-26.));
#1072 = LINE('',#1073,#1074);
#1073 = CARTESIAN_POINT('',(-8.666666666667,-0.166666666667,
    -29.83333333333));
#1074 = VECTOR('',#1075,1.);
#1075 = DIRECTION('',(0.57735026919,0.57735026919,-0.57735026919));
#1076 = ORIENTED_EDGE('',*,*,#1077,.F.);
#1077 = EDGE_CURVE('',#1061,#1070,#1078,.T.);
#1078 = LINE('',#1079,#1080);
#1079 = CARTESIAN_POINT('',(12.5,-4.,-26.));
#1080 = VECTOR('',#1081,1.);
#1081 = DIRECTION('',(-1.,0.,0.));
#1082 = PLANE('',#1083);
#1083 = AXIS2_PLACEMENT_3D('',#1084,#1085,#1086);
#1084 = CARTESIAN_POINT('',(12.5,-4.5,-25.5));
#1085 = DIRECTION('',(0.,0.707106781187,0.707106781187));
#1086 = DIRECTION('',(1.,0.,0.));
#1087 = ADVANCED_FACE('',(#1088),#1106,.F.);
#1088 = FACE_BOUND('',#1089,.T.);
#1089 = EDGE_LOOP('',(#1090,#1098,#1099,#1100));
#1090 = ORIENTED_EDGE('',*,*,#1091,.F.);
#1091 = EDGE_CURVE('',#273,#1092,#1094,.T.);
#1092 = VERTEX_POINT('',#1093);
#1093 = CARTESIAN_POINT('',(12.5,-4.,-28.));
#1094 = LINE('',#1095,#1096);
#1095 = CARTESIAN_POINT('',(8.666666666667,-0.166666666667,
    -24.16666666666));
#1096 = VECTOR('',#1097,1.);
#1097 = DIRECTION('',(-0.57735026919,0.57735026919,0.57735026919));
#1098 = ORIENTED_EDGE('',*,*,#272,.T.);
#1099 = ORIENTED_EDGE('',*,*,#1060,.T.);
#1100 = ORIENTED_EDGE('',*,*,#1101,.F.);
#1101 = EDGE_CURVE('',#1092,#1061,#1102,.T.);
#1102 = LINE('',#1103,#1104);
#1103 = CARTESIAN_POINT('',(12.5,-4.,-28.));
#1104 = VECTOR('',#1105,1.);
#1105 = DIRECTION('',(0.,2.2E-16,1.));
#1106 = PLANE('',#1107);
#1107 = AXIS2_PLACEMENT_3D('',#1108,#1109,#1110);
#1108 = CARTESIAN_POINT('',(13.,-4.5,-28.));
#1109 = DIRECTION('',(0.707106781187,0.707106781187,0.));
#1110 = DIRECTION('',(1.1E-16,-1.1E-16,-1.));
#1111 = ADVANCED_FACE('',(#1112),#1130,.F.);
#1112 = FACE_BOUND('',#1113,.T.);
#1113 = EDGE_LOOP('',(#1114,#1115,#1116,#1124));
#1114 = ORIENTED_EDGE('',*,*,#1069,.F.);
#1115 = ORIENTED_EDGE('',*,*,#288,.T.);
#1116 = ORIENTED_EDGE('',*,*,#1117,.T.);
#1117 = EDGE_CURVE('',#281,#1118,#1120,.T.);
#1118 = VERTEX_POINT('',#1119);
#1119 = CARTESIAN_POINT('',(-12.5,-4.,-28.));
#1120 = LINE('',#1121,#1122);
#1121 = CARTESIAN_POINT('',(-12.5,-4.,-28.));
#1122 = VECTOR('',#1123,1.);
#1123 = DIRECTION('',(0.57735026919,0.57735026919,0.57735026919));
#1124 = ORIENTED_EDGE('',*,*,#1125,.F.);
#1125 = EDGE_CURVE('',#1070,#1118,#1126,.T.);
#1126 = LINE('',#1127,#1128);
#1127 = CARTESIAN_POINT('',(-12.5,-4.,-26.));
#1128 = VECTOR('',#1129,1.);
#1129 = DIRECTION('',(0.,-2.2E-16,-1.));
#1130 = PLANE('',#1131);
#1131 = AXIS2_PLACEMENT_3D('',#1132,#1133,#1134);
#1132 = CARTESIAN_POINT('',(-13.,-4.5,-26.));
#1133 = DIRECTION('',(-0.707106781187,0.707106781187,0.));
#1134 = DIRECTION('',(1.1E-16,1.1E-16,1.));
#1135 = ADVANCED_FACE('',(#1136),#1147,.F.);
#1136 = FACE_BOUND('',#1137,.T.);
#1137 = EDGE_LOOP('',(#1138,#1139,#1140,#1141));
#1138 = ORIENTED_EDGE('',*,*,#1117,.F.);
#1139 = ORIENTED_EDGE('',*,*,#280,.T.);
#1140 = ORIENTED_EDGE('',*,*,#1091,.T.);
#1141 = ORIENTED_EDGE('',*,*,#1142,.F.);
#1142 = EDGE_CURVE('',#1118,#1092,#1143,.T.);
#1143 = LINE('',#1144,#1145);
#1144 = CARTESIAN_POINT('',(-12.5,-4.,-28.));
#1145 = VECTOR('',#1146,1.);
#1146 = DIRECTION('',(1.,0.,0.));
#1147 = PLANE('',#1148);
#1148 = AXIS2_PLACEMENT_3D('',#1149,#1150,#1151);
#1149 = CARTESIAN_POINT('',(-12.5,-4.5,-28.5));
#1150 = DIRECTION('',(0.,0.707106781187,-0.707106781187));
#1151 = DIRECTION('',(-1.,-0.,-0.));
#1152 = ADVANCED_FACE('',(#1153),#1172,.F.);
#1153 = FACE_BOUND('',#1154,.T.);
#1154 = EDGE_LOOP('',(#1155,#1163,#1164,#1165));
#1155 = ORIENTED_EDGE('',*,*,#1156,.F.);
#1156 = EDGE_CURVE('',#297,#1157,#1159,.T.);
#1157 = VERTEX_POINT('',#1158);
#1158 = CARTESIAN_POINT('',(17.,-3.2,15.5));
#1159 = LINE('',#1160,#1161);
#1160 = CARTESIAN_POINT('',(17.,-3.2,15.5));
#1161 = VECTOR('',#1162,1.);
#1162 = DIRECTION('',(-0.627329537873,0.778753909083,7.4E-16));
#1163 = ORIENTED_EDGE('',*,*,#296,.T.);
#1164 = ORIENTED_EDGE('',*,*,#1156,.T.);
#1165 = ORIENTED_EDGE('',*,*,#1166,.F.);
#1166 = EDGE_CURVE('',#1157,#1157,#1167,.T.);
#1167 = CIRCLE('',#1168,1.5);
#1168 = AXIS2_PLACEMENT_3D('',#1169,#1170,#1171);
#1169 = CARTESIAN_POINT('',(15.5,-3.2,15.5));
#1170 = DIRECTION('',(0.,-1.,0.));
#1171 = DIRECTION('',(1.,0.,0.));
#1172 = CONICAL_SURFACE('',#1173,1.5,0.678119307749);
#1173 = AXIS2_PLACEMENT_3D('',#1174,#1175,#1176);
#1174 = CARTESIAN_POINT('',(15.5,-3.2,15.5));
#1175 = DIRECTION('',(-0.,-1.,-0.));
#1176 = DIRECTION('',(1.,0.,0.));
#1177 = ADVANCED_FACE('',(#1178),#1197,.F.);
#1178 = FACE_BOUND('',#1179,.T.);
#1179 = EDGE_LOOP('',(#1180,#1188,#1189,#1190));
#1180 = ORIENTED_EDGE('',*,*,#1181,.F.);
#1181 = EDGE_CURVE('',#308,#1182,#1184,.T.);
#1182 = VERTEX_POINT('',#1183);
#1183 = CARTESIAN_POINT('',(-14.,-3.2,-15.5));
#1184 = LINE('',#1185,#1186);
#1185 = CARTESIAN_POINT('',(-14.,-3.2,-15.5));
#1186 = VECTOR('',#1187,1.);
#1187 = DIRECTION('',(-0.627329537873,0.778753909083,7.4E-16));
#1188 = ORIENTED_EDGE('',*,*,#307,.T.);
#1189 = ORIENTED_EDGE('',*,*,#1181,.T.);
#1190 = ORIENTED_EDGE('',*,*,#1191,.F.);
#1191 = EDGE_CURVE('',#1182,#1182,#1192,.T.);
#1192 = CIRCLE('',#1193,1.5);
#1193 = AXIS2_PLACEMENT_3D('',#1194,#1195,#1196);
#1194 = CARTESIAN_POINT('',(-15.5,-3.2,-15.5));
#1195 = DIRECTION('',(0.,-1.,0.));
#1196 = DIRECTION('',(1.,0.,0.));
#1197 = CONICAL_SURFACE('',#1198,1.5,0.678119307749);
#1198 = AXIS2_PLACEMENT_3D('',#1199,#1200,#1201);
#1199 = CARTESIAN_POINT('',(-15.5,-3.2,-15.5));
#1200 = DIRECTION('',(-0.,-1.,-0.));
#1201 = DIRECTION('',(1.,0.,0.));
#1202 = ADVANCED_FACE('',(#1203),#1222,.F.);
#1203 = FACE_BOUND('',#1204,.T.);
#1204 = EDGE_LOOP('',(#1205,#1213,#1214,#1215));
#1205 = ORIENTED_EDGE('',*,*,#1206,.F.);
#1206 = EDGE_CURVE('',#319,#1207,#1209,.T.);
#1207 = VERTEX_POINT('',#1208);
#1208 = CARTESIAN_POINT('',(17.,-3.2,-15.5));
#1209 = LINE('',#1210,#1211);
#1210 = CARTESIAN_POINT('',(17.,-3.2,-15.5));
#1211 = VECTOR('',#1212,1.);
#1212 = DIRECTION('',(-0.627329537873,0.778753909083,7.4E-16));
#1213 = ORIENTED_EDGE('',*,*,#318,.T.);
#1214 = ORIENTED_EDGE('',*,*,#1206,.T.);
#1215 = ORIENTED_EDGE('',*,*,#1216,.F.);
#1216 = EDGE_CURVE('',#1207,#1207,#1217,.T.);
#1217 = CIRCLE('',#1218,1.5);
#1218 = AXIS2_PLACEMENT_3D('',#1219,#1220,#1221);
#1219 = CARTESIAN_POINT('',(15.5,-3.2,-15.5));
#1220 = DIRECTION('',(0.,-1.,0.));
#1221 = DIRECTION('',(1.,0.,0.));
#1222 = CONICAL_SURFACE('',#1223,1.5,0.678119307749);
#1223 = AXIS2_PLACEMENT_3D('',#1224,#1225,#1226);
#1224 = CARTESIAN_POINT('',(15.5,-3.2,-15.5));
#1225 = DIRECTION('',(-0.,-1.,-0.));
#1226 = DIRECTION('',(1.,0.,0.));
#1227 = ADVANCED_FACE('',(#1228),#1247,.F.);
#1228 = FACE_BOUND('',#1229,.F.);
#1229 = EDGE_LOOP('',(#1230,#1238,#1239,#1240));
#1230 = ORIENTED_EDGE('',*,*,#1231,.F.);
#1231 = EDGE_CURVE('',#336,#1232,#1234,.T.);
#1232 = VERTEX_POINT('',#1233);
#1233 = CARTESIAN_POINT('',(-14.,5.,15.5));
#1234 = LINE('',#1235,#1236);
#1235 = CARTESIAN_POINT('',(-14.,-5.,15.5));
#1236 = VECTOR('',#1237,1.);
#1237 = DIRECTION('',(0.,1.,-2.2E-16));
#1238 = ORIENTED_EDGE('',*,*,#345,.F.);
#1239 = ORIENTED_EDGE('',*,*,#1231,.T.);
#1240 = ORIENTED_EDGE('',*,*,#1241,.T.);
#1241 = EDGE_CURVE('',#1232,#1232,#1242,.T.);
#1242 = CIRCLE('',#1243,1.5);
#1243 = AXIS2_PLACEMENT_3D('',#1244,#1245,#1246);
#1244 = CARTESIAN_POINT('',(-15.5,5.,15.5));
#1245 = DIRECTION('',(0.,-1.,2.2E-16));
#1246 = DIRECTION('',(1.,0.,0.));
#1247 = CYLINDRICAL_SURFACE('',#1248,1.5);
#1248 = AXIS2_PLACEMENT_3D('',#1249,#1250,#1251);
#1249 = CARTESIAN_POINT('',(-15.5,-5.,15.5));
#1250 = DIRECTION('',(0.,-1.,2.2E-16));
#1251 = DIRECTION('',(1.,0.,0.));
#1252 = ADVANCED_FACE('',(#1253),#1271,.T.);
#1253 = FACE_BOUND('',#1254,.T.);
#1254 = EDGE_LOOP('',(#1255,#1263,#1269,#1270));
#1255 = ORIENTED_EDGE('',*,*,#1256,.F.);
#1256 = EDGE_CURVE('',#1257,#401,#1259,.T.);
#1257 = VERTEX_POINT('',#1258);
#1258 = CARTESIAN_POINT('',(-21.,-6.,-8.));
#1259 = LINE('',#1260,#1261);
#1260 = CARTESIAN_POINT('',(-20.75,-6.,-8.25));
#1261 = VECTOR('',#1262,1.);
#1262 = DIRECTION('',(0.707106781187,6.7E-16,-0.707106781187));
#1263 = ORIENTED_EDGE('',*,*,#1264,.T.);
#1264 = EDGE_CURVE('',#1257,#361,#1265,.T.);
#1265 = LINE('',#1266,#1267);
#1266 = CARTESIAN_POINT('',(-21.,-4.300324675325,-9.699675324675));
#1267 = VECTOR('',#1268,1.);
#1268 = DIRECTION('',(0.,0.707106781187,-0.707106781187));
#1269 = ORIENTED_EDGE('',*,*,#360,.T.);
#1270 = ORIENTED_EDGE('',*,*,#408,.F.);
#1271 = PLANE('',#1272);
#1272 = AXIS2_PLACEMENT_3D('',#1273,#1274,#1275);
#1273 = CARTESIAN_POINT('',(-21.,-6.,-8.));
#1274 = DIRECTION('',(-0.57735026919,-0.57735026919,-0.57735026919));
#1275 = DIRECTION('',(0.,0.707106781187,-0.707106781187));
#1276 = ADVANCED_FACE('',(#1277),#1334,.T.);
#1277 = FACE_BOUND('',#1278,.T.);
#1278 = EDGE_LOOP('',(#1279,#1287,#1295,#1301,#1302,#1303,#1311,#1319,
    #1327,#1333));
#1279 = ORIENTED_EDGE('',*,*,#1280,.F.);
#1280 = EDGE_CURVE('',#1281,#543,#1283,.T.);
#1281 = VERTEX_POINT('',#1282);
#1282 = CARTESIAN_POINT('',(-21.,5.,17.));
#1283 = LINE('',#1284,#1285);
#1284 = CARTESIAN_POINT('',(-21.,5.,17.));
#1285 = VECTOR('',#1286,1.);
#1286 = DIRECTION('',(0.,-1.,2.2E-16));
#1287 = ORIENTED_EDGE('',*,*,#1288,.T.);
#1288 = EDGE_CURVE('',#1281,#1289,#1291,.T.);
#1289 = VERTEX_POINT('',#1290);
#1290 = CARTESIAN_POINT('',(-21.,5.,-37.));
#1291 = LINE('',#1292,#1293);
#1292 = CARTESIAN_POINT('',(-21.,5.,21.));
#1293 = VECTOR('',#1294,1.);
#1294 = DIRECTION('',(0.,-2.2E-16,-1.));
#1295 = ORIENTED_EDGE('',*,*,#1296,.T.);
#1296 = EDGE_CURVE('',#1289,#370,#1297,.T.);
#1297 = LINE('',#1298,#1299);
#1298 = CARTESIAN_POINT('',(-21.,5.,-37.));
#1299 = VECTOR('',#1300,1.);
#1300 = DIRECTION('',(0.,-1.,0.));
#1301 = ORIENTED_EDGE('',*,*,#377,.F.);
#1302 = ORIENTED_EDGE('',*,*,#1264,.F.);
#1303 = ORIENTED_EDGE('',*,*,#1304,.T.);
#1304 = EDGE_CURVE('',#1257,#1305,#1307,.T.);
#1305 = VERTEX_POINT('',#1306);
#1306 = CARTESIAN_POINT('',(-21.,-9.,-8.));
#1307 = LINE('',#1308,#1309);
#1308 = CARTESIAN_POINT('',(-21.,-5.,-8.));
#1309 = VECTOR('',#1310,1.);
#1310 = DIRECTION('',(0.,-1.,2.2E-16));
#1311 = ORIENTED_EDGE('',*,*,#1312,.F.);
#1312 = EDGE_CURVE('',#1313,#1305,#1315,.T.);
#1313 = VERTEX_POINT('',#1314);
#1314 = CARTESIAN_POINT('',(-21.,-9.,0.));
#1315 = LINE('',#1316,#1317);
#1316 = CARTESIAN_POINT('',(-21.,-9.,1.));
#1317 = VECTOR('',#1318,1.);
#1318 = DIRECTION('',(0.,-2.2E-16,-1.));
#1319 = ORIENTED_EDGE('',*,*,#1320,.F.);
#1320 = EDGE_CURVE('',#1321,#1313,#1323,.T.);
#1321 = VERTEX_POINT('',#1322);
#1322 = CARTESIAN_POINT('',(-21.,-6.,0.));
#1323 = LINE('',#1324,#1325);
#1324 = CARTESIAN_POINT('',(-21.,-5.,2.2E-16));
#1325 = VECTOR('',#1326,1.);
#1326 = DIRECTION('',(0.,-1.,2.2E-16));
#1327 = ORIENTED_EDGE('',*,*,#1328,.F.);
#1328 = EDGE_CURVE('',#552,#1321,#1329,.T.);
#1329 = LINE('',#1330,#1331);
#1330 = CARTESIAN_POINT('',(-21.,-6.105519480519,-0.105519480519));
#1331 = VECTOR('',#1332,1.);
#1332 = DIRECTION('',(0.,-0.707106781187,-0.707106781187));
#1333 = ORIENTED_EDGE('',*,*,#559,.F.);
#1334 = PLANE('',#1335);
#1335 = AXIS2_PLACEMENT_3D('',#1336,#1337,#1338);
#1336 = CARTESIAN_POINT('',(-21.,-0.811688311688,-9.61038961039));
#1337 = DIRECTION('',(-1.,-0.,-0.));
#1338 = DIRECTION('',(0.,0.,-1.));
#1339 = ADVANCED_FACE('',(#1340),#1381,.T.);
#1340 = FACE_BOUND('',#1341,.T.);
#1341 = EDGE_LOOP('',(#1342,#1350,#1358,#1366,#1374,#1380));
#1342 = ORIENTED_EDGE('',*,*,#1343,.T.);
#1343 = EDGE_CURVE('',#393,#1344,#1346,.T.);
#1344 = VERTEX_POINT('',#1345);
#1345 = CARTESIAN_POINT('',(-12.,-8.,-9.));
#1346 = LINE('',#1347,#1348);
#1347 = CARTESIAN_POINT('',(-12.,-5.,-9.));
#1348 = VECTOR('',#1349,1.);
#1349 = DIRECTION('',(0.,-1.,2.2E-16));
#1350 = ORIENTED_EDGE('',*,*,#1351,.F.);
#1351 = EDGE_CURVE('',#1352,#1344,#1354,.T.);
#1352 = VERTEX_POINT('',#1353);
#1353 = CARTESIAN_POINT('',(-14.2,-8.,-9.));
#1354 = LINE('',#1355,#1356);
#1355 = CARTESIAN_POINT('',(-21.,-8.,-9.));
#1356 = VECTOR('',#1357,1.);
#1357 = DIRECTION('',(1.,0.,0.));
#1358 = ORIENTED_EDGE('',*,*,#1359,.T.);
#1359 = EDGE_CURVE('',#1352,#1360,#1362,.T.);
#1360 = VERTEX_POINT('',#1361);
#1361 = CARTESIAN_POINT('',(-14.2,-9.,-9.));
#1362 = LINE('',#1363,#1364);
#1363 = CARTESIAN_POINT('',(-14.2,-8.,-9.));
#1364 = VECTOR('',#1365,1.);
#1365 = DIRECTION('',(0.,-1.,2.2E-16));
#1366 = ORIENTED_EDGE('',*,*,#1367,.F.);
#1367 = EDGE_CURVE('',#1368,#1360,#1370,.T.);
#1368 = VERTEX_POINT('',#1369);
#1369 = CARTESIAN_POINT('',(-20.,-9.,-9.));
#1370 = LINE('',#1371,#1372);
#1371 = CARTESIAN_POINT('',(-21.,-9.,-9.));
#1372 = VECTOR('',#1373,1.);
#1373 = DIRECTION('',(1.,0.,0.));
#1374 = ORIENTED_EDGE('',*,*,#1375,.F.);
#1375 = EDGE_CURVE('',#401,#1368,#1376,.T.);
#1376 = LINE('',#1377,#1378);
#1377 = CARTESIAN_POINT('',(-20.,-5.,-9.));
#1378 = VECTOR('',#1379,1.);
#1379 = DIRECTION('',(0.,-1.,2.2E-16));
#1380 = ORIENTED_EDGE('',*,*,#400,.T.);
#1381 = PLANE('',#1382);
#1382 = AXIS2_PLACEMENT_3D('',#1383,#1384,#1385);
#1383 = CARTESIAN_POINT('',(-16.65714285714,-7.342857142857,-9.));
#1384 = DIRECTION('',(-0.,-0.,-1.));
#1385 = DIRECTION('',(-1.,0.,0.));
#1386 = ADVANCED_FACE('',(#1387),#1405,.F.);
#1387 = FACE_BOUND('',#1388,.T.);
#1388 = EDGE_LOOP('',(#1389,#1397,#1398,#1399));
#1389 = ORIENTED_EDGE('',*,*,#1390,.T.);
#1390 = EDGE_CURVE('',#1391,#423,#1393,.T.);
#1391 = VERTEX_POINT('',#1392);
#1392 = CARTESIAN_POINT('',(-17.,5.,-41.));
#1393 = LINE('',#1394,#1395);
#1394 = CARTESIAN_POINT('',(-17.,5.,-41.));
#1395 = VECTOR('',#1396,1.);
#1396 = DIRECTION('',(0.,-1.,0.));
#1397 = ORIENTED_EDGE('',*,*,#432,.T.);
#1398 = ORIENTED_EDGE('',*,*,#1296,.F.);
#1399 = ORIENTED_EDGE('',*,*,#1400,.F.);
#1400 = EDGE_CURVE('',#1391,#1289,#1401,.T.);
#1401 = LINE('',#1402,#1403);
#1402 = CARTESIAN_POINT('',(-21.5,5.,-36.5));
#1403 = VECTOR('',#1404,1.);
#1404 = DIRECTION('',(-0.707106781187,0.,0.707106781187));
#1405 = PLANE('',#1406);
#1406 = AXIS2_PLACEMENT_3D('',#1407,#1408,#1409);
#1407 = CARTESIAN_POINT('',(-19.,5.,-39.));
#1408 = DIRECTION('',(0.707106781187,0.,0.707106781187));
#1409 = DIRECTION('',(0.,1.,0.));
#1410 = ADVANCED_FACE('',(#1411),#1429,.F.);
#1411 = FACE_BOUND('',#1412,.F.);
#1412 = EDGE_LOOP('',(#1413,#1414,#1422,#1428));
#1413 = ORIENTED_EDGE('',*,*,#1343,.T.);
#1414 = ORIENTED_EDGE('',*,*,#1415,.T.);
#1415 = EDGE_CURVE('',#1344,#1416,#1418,.T.);
#1416 = VERTEX_POINT('',#1417);
#1417 = CARTESIAN_POINT('',(-12.,-8.,1.));
#1418 = LINE('',#1419,#1420);
#1419 = CARTESIAN_POINT('',(-12.,-8.,-9.));
#1420 = VECTOR('',#1421,1.);
#1421 = DIRECTION('',(0.,0.,1.));
#1422 = ORIENTED_EDGE('',*,*,#1423,.F.);
#1423 = EDGE_CURVE('',#449,#1416,#1424,.T.);
#1424 = LINE('',#1425,#1426);
#1425 = CARTESIAN_POINT('',(-12.,-5.,1.));
#1426 = VECTOR('',#1427,1.);
#1427 = DIRECTION('',(0.,-1.,2.2E-16));
#1428 = ORIENTED_EDGE('',*,*,#456,.F.);
#1429 = PLANE('',#1430);
#1430 = AXIS2_PLACEMENT_3D('',#1431,#1432,#1433);
#1431 = CARTESIAN_POINT('',(-12.,-5.,-9.));
#1432 = DIRECTION('',(-1.,0.,0.));
#1433 = DIRECTION('',(0.,2.2E-16,1.));
#1434 = ADVANCED_FACE('',(#1435),#1453,.F.);
#1435 = FACE_BOUND('',#1436,.F.);
#1436 = EDGE_LOOP('',(#1437,#1438,#1439,#1447));
#1437 = ORIENTED_EDGE('',*,*,#1390,.T.);
#1438 = ORIENTED_EDGE('',*,*,#480,.T.);
#1439 = ORIENTED_EDGE('',*,*,#1440,.F.);
#1440 = EDGE_CURVE('',#1441,#473,#1443,.T.);
#1441 = VERTEX_POINT('',#1442);
#1442 = CARTESIAN_POINT('',(17.,5.,-41.));
#1443 = LINE('',#1444,#1445);
#1444 = CARTESIAN_POINT('',(17.,5.,-41.));
#1445 = VECTOR('',#1446,1.);
#1446 = DIRECTION('',(0.,-1.,0.));
#1447 = ORIENTED_EDGE('',*,*,#1448,.F.);
#1448 = EDGE_CURVE('',#1391,#1441,#1449,.T.);
#1449 = LINE('',#1450,#1451);
#1450 = CARTESIAN_POINT('',(-21.,5.,-41.));
#1451 = VECTOR('',#1452,1.);
#1452 = DIRECTION('',(1.,0.,0.));
#1453 = PLANE('',#1454);
#1454 = AXIS2_PLACEMENT_3D('',#1455,#1456,#1457);
#1455 = CARTESIAN_POINT('',(0.,-4.78E-15,-41.));
#1456 = DIRECTION('',(0.,0.,1.));
#1457 = DIRECTION('',(1.,0.,0.));
#1458 = ADVANCED_FACE('',(#1459),#1493,.T.);
#1459 = FACE_BOUND('',#1460,.T.);
#1460 = EDGE_LOOP('',(#1461,#1462,#1463,#1471,#1479,#1487));
#1461 = ORIENTED_EDGE('',*,*,#1423,.F.);
#1462 = ORIENTED_EDGE('',*,*,#504,.T.);
#1463 = ORIENTED_EDGE('',*,*,#1464,.T.);
#1464 = EDGE_CURVE('',#497,#1465,#1467,.T.);
#1465 = VERTEX_POINT('',#1466);
#1466 = CARTESIAN_POINT('',(-20.,-9.,1.));
#1467 = LINE('',#1468,#1469);
#1468 = CARTESIAN_POINT('',(-20.,-5.,1.));
#1469 = VECTOR('',#1470,1.);
#1470 = DIRECTION('',(0.,-1.,2.2E-16));
#1471 = ORIENTED_EDGE('',*,*,#1472,.F.);
#1472 = EDGE_CURVE('',#1473,#1465,#1475,.T.);
#1473 = VERTEX_POINT('',#1474);
#1474 = CARTESIAN_POINT('',(-14.2,-9.,1.));
#1475 = LINE('',#1476,#1477);
#1476 = CARTESIAN_POINT('',(-14.2,-9.,1.));
#1477 = VECTOR('',#1478,1.);
#1478 = DIRECTION('',(-1.,0.,0.));
#1479 = ORIENTED_EDGE('',*,*,#1480,.F.);
#1480 = EDGE_CURVE('',#1481,#1473,#1483,.T.);
#1481 = VERTEX_POINT('',#1482);
#1482 = CARTESIAN_POINT('',(-14.2,-8.,1.));
#1483 = LINE('',#1484,#1485);
#1484 = CARTESIAN_POINT('',(-14.2,-8.,1.));
#1485 = VECTOR('',#1486,1.);
#1486 = DIRECTION('',(0.,-1.,2.2E-16));
#1487 = ORIENTED_EDGE('',*,*,#1488,.F.);
#1488 = EDGE_CURVE('',#1416,#1481,#1489,.T.);
#1489 = LINE('',#1490,#1491);
#1490 = CARTESIAN_POINT('',(-12.,-8.,1.));
#1491 = VECTOR('',#1492,1.);
#1492 = DIRECTION('',(-1.,0.,0.));
#1493 = PLANE('',#1494);
#1494 = AXIS2_PLACEMENT_3D('',#1495,#1496,#1497);
#1495 = CARTESIAN_POINT('',(-16.65714285714,-7.342857142857,1.));
#1496 = DIRECTION('',(0.,0.,1.));
#1497 = DIRECTION('',(1.,0.,0.));
#1498 = ADVANCED_FACE('',(#1499),#1510,.T.);
#1499 = FACE_BOUND('',#1500,.T.);
#1500 = EDGE_LOOP('',(#1501,#1502,#1503,#1509));
#1501 = ORIENTED_EDGE('',*,*,#551,.F.);
#1502 = ORIENTED_EDGE('',*,*,#1328,.T.);
#1503 = ORIENTED_EDGE('',*,*,#1504,.T.);
#1504 = EDGE_CURVE('',#1321,#497,#1505,.T.);
#1505 = LINE('',#1506,#1507);
#1506 = CARTESIAN_POINT('',(-20.25,-6.,0.75));
#1507 = VECTOR('',#1508,1.);
#1508 = DIRECTION('',(0.707106781187,1.83E-15,0.707106781187));
#1509 = ORIENTED_EDGE('',*,*,#496,.F.);
#1510 = PLANE('',#1511);
#1511 = AXIS2_PLACEMENT_3D('',#1512,#1513,#1514);
#1512 = CARTESIAN_POINT('',(-21.,-4.,2.));
#1513 = DIRECTION('',(-0.57735026919,-0.57735026919,0.57735026919));
#1514 = DIRECTION('',(2.775557561563E-17,-0.707106781187,-0.707106781187
    ));
#1515 = ADVANCED_FACE('',(#1516),#1534,.F.);
#1516 = FACE_BOUND('',#1517,.T.);
#1517 = EDGE_LOOP('',(#1518,#1526,#1527,#1528));
#1518 = ORIENTED_EDGE('',*,*,#1519,.T.);
#1519 = EDGE_CURVE('',#1520,#519,#1522,.T.);
#1520 = VERTEX_POINT('',#1521);
#1521 = CARTESIAN_POINT('',(21.,5.,-37.));
#1522 = LINE('',#1523,#1524);
#1523 = CARTESIAN_POINT('',(21.,5.,-37.));
#1524 = VECTOR('',#1525,1.);
#1525 = DIRECTION('',(0.,-1.,0.));
#1526 = ORIENTED_EDGE('',*,*,#528,.T.);
#1527 = ORIENTED_EDGE('',*,*,#1440,.F.);
#1528 = ORIENTED_EDGE('',*,*,#1529,.F.);
#1529 = EDGE_CURVE('',#1520,#1441,#1530,.T.);
#1530 = LINE('',#1531,#1532);
#1531 = CARTESIAN_POINT('',(21.5,5.,-36.5));
#1532 = VECTOR('',#1533,1.);
#1533 = DIRECTION('',(-0.707106781187,0.,-0.707106781187));
#1534 = PLANE('',#1535);
#1535 = AXIS2_PLACEMENT_3D('',#1536,#1537,#1538);
#1536 = CARTESIAN_POINT('',(19.,5.,-39.));
#1537 = DIRECTION('',(-0.707106781187,0.,0.707106781187));
#1538 = DIRECTION('',(0.,1.,0.));
#1539 = ADVANCED_FACE('',(#1540),#1558,.F.);
#1540 = FACE_BOUND('',#1541,.F.);
#1541 = EDGE_LOOP('',(#1542,#1550,#1556,#1557));
#1542 = ORIENTED_EDGE('',*,*,#1543,.F.);
#1543 = EDGE_CURVE('',#1544,#631,#1546,.T.);
#1544 = VERTEX_POINT('',#1545);
#1545 = CARTESIAN_POINT('',(21.,-6.,-8.));
#1546 = LINE('',#1547,#1548);
#1547 = CARTESIAN_POINT('',(20.749999999999,-6.,-8.25));
#1548 = VECTOR('',#1549,1.);
#1549 = DIRECTION('',(-0.707106781187,6.6179E-13,-0.707106781187));
#1550 = ORIENTED_EDGE('',*,*,#1551,.T.);
#1551 = EDGE_CURVE('',#1544,#574,#1552,.T.);
#1552 = LINE('',#1553,#1554);
#1553 = CARTESIAN_POINT('',(21.,-4.300324675326,-9.699675324676));
#1554 = VECTOR('',#1555,1.);
#1555 = DIRECTION('',(0.,0.707106781186,-0.707106781187));
#1556 = ORIENTED_EDGE('',*,*,#573,.T.);
#1557 = ORIENTED_EDGE('',*,*,#630,.F.);
#1558 = PLANE('',#1559);
#1559 = AXIS2_PLACEMENT_3D('',#1560,#1561,#1562);
#1560 = CARTESIAN_POINT('',(21.,-6.,-8.));
#1561 = DIRECTION('',(-0.577350269189,0.57735026919,0.57735026919));
#1562 = DIRECTION('',(2.964017919993E-13,0.707106781186,-0.707106781187)
  );
#1563 = ADVANCED_FACE('',(#1564),#1614,.T.);
#1564 = FACE_BOUND('',#1565,.T.);
#1565 = EDGE_LOOP('',(#1566,#1574,#1575,#1583,#1591,#1599,#1605,#1606,
    #1607,#1608));
#1566 = ORIENTED_EDGE('',*,*,#1567,.T.);
#1567 = EDGE_CURVE('',#1568,#701,#1570,.T.);
#1568 = VERTEX_POINT('',#1569);
#1569 = CARTESIAN_POINT('',(21.,5.,17.));
#1570 = LINE('',#1571,#1572);
#1571 = CARTESIAN_POINT('',(21.,5.,17.));
#1572 = VECTOR('',#1573,1.);
#1573 = DIRECTION('',(0.,-1.,2.2E-16));
#1574 = ORIENTED_EDGE('',*,*,#758,.F.);
#1575 = ORIENTED_EDGE('',*,*,#1576,.F.);
#1576 = EDGE_CURVE('',#1577,#749,#1579,.T.);
#1577 = VERTEX_POINT('',#1578);
#1578 = CARTESIAN_POINT('',(21.,-6.,0.));
#1579 = LINE('',#1580,#1581);
#1580 = CARTESIAN_POINT('',(21.,-7.105519480519,-1.105519480519));
#1581 = VECTOR('',#1582,1.);
#1582 = DIRECTION('',(0.,0.707106781187,0.707106781187));
#1583 = ORIENTED_EDGE('',*,*,#1584,.T.);
#1584 = EDGE_CURVE('',#1577,#1585,#1587,.T.);
#1585 = VERTEX_POINT('',#1586);
#1586 = CARTESIAN_POINT('',(21.,-9.,1.E-15));
#1587 = LINE('',#1588,#1589);
#1588 = CARTESIAN_POINT('',(21.,-5.,2.2E-16));
#1589 = VECTOR('',#1590,1.);
#1590 = DIRECTION('',(0.,-1.,2.2E-16));
#1591 = ORIENTED_EDGE('',*,*,#1592,.F.);
#1592 = EDGE_CURVE('',#1593,#1585,#1595,.T.);
#1593 = VERTEX_POINT('',#1594);
#1594 = CARTESIAN_POINT('',(20.999999999999,-9.,-7.999999999998));
#1595 = LINE('',#1596,#1597);
#1596 = CARTESIAN_POINT('',(21.,-9.,-8.999999999995));
#1597 = VECTOR('',#1598,1.);
#1598 = DIRECTION('',(0.,2.2E-16,1.));
#1599 = ORIENTED_EDGE('',*,*,#1600,.F.);
#1600 = EDGE_CURVE('',#1544,#1593,#1601,.T.);
#1601 = LINE('',#1602,#1603);
#1602 = CARTESIAN_POINT('',(21.,-5.,-8.));
#1603 = VECTOR('',#1604,1.);
#1604 = DIRECTION('',(0.,-1.,2.2E-16));
#1605 = ORIENTED_EDGE('',*,*,#1551,.T.);
#1606 = ORIENTED_EDGE('',*,*,#583,.T.);
#1607 = ORIENTED_EDGE('',*,*,#1519,.F.);
#1608 = ORIENTED_EDGE('',*,*,#1609,.F.);
#1609 = EDGE_CURVE('',#1568,#1520,#1610,.T.);
#1610 = LINE('',#1611,#1612);
#1611 = CARTESIAN_POINT('',(21.,5.,-21.));
#1612 = VECTOR('',#1613,1.);
#1613 = DIRECTION('',(0.,0.,-1.));
#1614 = PLANE('',#1615);
#1615 = AXIS2_PLACEMENT_3D('',#1616,#1617,#1618);
#1616 = CARTESIAN_POINT('',(21.,-0.811688311688,-9.610389610389));
#1617 = DIRECTION('',(1.,0.,0.));
#1618 = DIRECTION('',(0.,0.,1.));
#1619 = ADVANCED_FACE('',(#1620),#1638,.F.);
#1620 = FACE_BOUND('',#1621,.T.);
#1621 = EDGE_LOOP('',(#1622,#1623,#1624,#1632));
#1622 = ORIENTED_EDGE('',*,*,#1280,.T.);
#1623 = ORIENTED_EDGE('',*,*,#607,.T.);
#1624 = ORIENTED_EDGE('',*,*,#1625,.F.);
#1625 = EDGE_CURVE('',#1626,#600,#1628,.T.);
#1626 = VERTEX_POINT('',#1627);
#1627 = CARTESIAN_POINT('',(-17.,5.,21.));
#1628 = LINE('',#1629,#1630);
#1629 = CARTESIAN_POINT('',(-17.,5.,21.));
#1630 = VECTOR('',#1631,1.);
#1631 = DIRECTION('',(0.,-1.,2.2E-16));
#1632 = ORIENTED_EDGE('',*,*,#1633,.F.);
#1633 = EDGE_CURVE('',#1281,#1626,#1634,.T.);
#1634 = LINE('',#1635,#1636);
#1635 = CARTESIAN_POINT('',(-21.5,5.,16.5));
#1636 = VECTOR('',#1637,1.);
#1637 = DIRECTION('',(0.707106781187,0.,0.707106781187));
#1638 = PLANE('',#1639);
#1639 = AXIS2_PLACEMENT_3D('',#1640,#1641,#1642);
#1640 = CARTESIAN_POINT('',(-19.,5.,19.));
#1641 = DIRECTION('',(0.707106781187,0.,-0.707106781187));
#1642 = DIRECTION('',(-1.1E-16,1.,-1.1E-16));
#1643 = ADVANCED_FACE('',(#1644),#1685,.T.);
#1644 = FACE_BOUND('',#1645,.T.);
#1645 = EDGE_LOOP('',(#1646,#1654,#1655,#1663,#1671,#1679));
#1646 = ORIENTED_EDGE('',*,*,#1647,.F.);
#1647 = EDGE_CURVE('',#622,#1648,#1650,.T.);
#1648 = VERTEX_POINT('',#1649);
#1649 = CARTESIAN_POINT('',(12.,-8.,-9.));
#1650 = LINE('',#1651,#1652);
#1651 = CARTESIAN_POINT('',(12.,-5.,-9.));
#1652 = VECTOR('',#1653,1.);
#1653 = DIRECTION('',(0.,-1.,2.2E-16));
#1654 = ORIENTED_EDGE('',*,*,#638,.T.);
#1655 = ORIENTED_EDGE('',*,*,#1656,.T.);
#1656 = EDGE_CURVE('',#631,#1657,#1659,.T.);
#1657 = VERTEX_POINT('',#1658);
#1658 = CARTESIAN_POINT('',(19.999999999998,-9.,-8.999999999998));
#1659 = LINE('',#1660,#1661);
#1660 = CARTESIAN_POINT('',(20.,-5.,-9.));
#1661 = VECTOR('',#1662,1.);
#1662 = DIRECTION('',(0.,-1.,2.2E-16));
#1663 = ORIENTED_EDGE('',*,*,#1664,.F.);
#1664 = EDGE_CURVE('',#1665,#1657,#1667,.T.);
#1665 = VERTEX_POINT('',#1666);
#1666 = CARTESIAN_POINT('',(14.2,-9.,-8.999999999997));
#1667 = LINE('',#1668,#1669);
#1668 = CARTESIAN_POINT('',(14.2,-9.,-8.999999999997));
#1669 = VECTOR('',#1670,1.);
#1670 = DIRECTION('',(1.,0.,0.));
#1671 = ORIENTED_EDGE('',*,*,#1672,.F.);
#1672 = EDGE_CURVE('',#1673,#1665,#1675,.T.);
#1673 = VERTEX_POINT('',#1674);
#1674 = CARTESIAN_POINT('',(14.2,-8.,-8.999999999995));
#1675 = LINE('',#1676,#1677);
#1676 = CARTESIAN_POINT('',(14.2,-8.,-8.999999999995));
#1677 = VECTOR('',#1678,1.);
#1678 = DIRECTION('',(0.,-1.,2.2E-16));
#1679 = ORIENTED_EDGE('',*,*,#1680,.F.);
#1680 = EDGE_CURVE('',#1648,#1673,#1681,.T.);
#1681 = LINE('',#1682,#1683);
#1682 = CARTESIAN_POINT('',(12.,-8.,-9.));
#1683 = VECTOR('',#1684,1.);
#1684 = DIRECTION('',(1.,0.,0.));
#1685 = PLANE('',#1686);
#1686 = AXIS2_PLACEMENT_3D('',#1687,#1688,#1689);
#1687 = CARTESIAN_POINT('',(16.657142857143,-7.342857142857,
    -8.999999999998));
#1688 = DIRECTION('',(5.856E-14,-8.4668E-13,-1.));
#1689 = DIRECTION('',(0.,-1.,8.4668E-13));
#1690 = ADVANCED_FACE('',(#1691),#1709,.F.);
#1691 = FACE_BOUND('',#1692,.F.);
#1692 = EDGE_LOOP('',(#1693,#1701,#1702,#1703));
#1693 = ORIENTED_EDGE('',*,*,#1694,.T.);
#1694 = EDGE_CURVE('',#1695,#653,#1697,.T.);
#1695 = VERTEX_POINT('',#1696);
#1696 = CARTESIAN_POINT('',(17.,5.,21.));
#1697 = LINE('',#1698,#1699);
#1698 = CARTESIAN_POINT('',(17.,5.,21.));
#1699 = VECTOR('',#1700,1.);
#1700 = DIRECTION('',(0.,-1.,2.2E-16));
#1701 = ORIENTED_EDGE('',*,*,#662,.T.);
#1702 = ORIENTED_EDGE('',*,*,#1625,.F.);
#1703 = ORIENTED_EDGE('',*,*,#1704,.F.);
#1704 = EDGE_CURVE('',#1695,#1626,#1705,.T.);
#1705 = LINE('',#1706,#1707);
#1706 = CARTESIAN_POINT('',(21.,5.,21.));
#1707 = VECTOR('',#1708,1.);
#1708 = DIRECTION('',(-1.,0.,0.));
#1709 = PLANE('',#1710);
#1710 = AXIS2_PLACEMENT_3D('',#1711,#1712,#1713);
#1711 = CARTESIAN_POINT('',(21.,5.,21.));
#1712 = DIRECTION('',(-0.,-2.2E-16,-1.));
#1713 = DIRECTION('',(-1.,0.,0.));
#1714 = ADVANCED_FACE('',(#1715),#1733,.F.);
#1715 = FACE_BOUND('',#1716,.F.);
#1716 = EDGE_LOOP('',(#1717,#1725,#1731,#1732));
#1717 = ORIENTED_EDGE('',*,*,#1718,.T.);
#1718 = EDGE_CURVE('',#677,#1719,#1721,.T.);
#1719 = VERTEX_POINT('',#1720);
#1720 = CARTESIAN_POINT('',(12.,-8.,1.));
#1721 = LINE('',#1722,#1723);
#1722 = CARTESIAN_POINT('',(12.,-5.,1.));
#1723 = VECTOR('',#1724,1.);
#1724 = DIRECTION('',(0.,-1.,2.2E-16));
#1725 = ORIENTED_EDGE('',*,*,#1726,.T.);
#1726 = EDGE_CURVE('',#1719,#1648,#1727,.T.);
#1727 = LINE('',#1728,#1729);
#1728 = CARTESIAN_POINT('',(12.,-8.,1.));
#1729 = VECTOR('',#1730,1.);
#1730 = DIRECTION('',(0.,0.,-1.));
#1731 = ORIENTED_EDGE('',*,*,#1647,.F.);
#1732 = ORIENTED_EDGE('',*,*,#686,.F.);
#1733 = PLANE('',#1734);
#1734 = AXIS2_PLACEMENT_3D('',#1735,#1736,#1737);
#1735 = CARTESIAN_POINT('',(12.,-5.,1.));
#1736 = DIRECTION('',(1.,0.,0.));
#1737 = DIRECTION('',(0.,-2.2E-16,-1.));
#1738 = ADVANCED_FACE('',(#1739),#1750,.F.);
#1739 = FACE_BOUND('',#1740,.F.);
#1740 = EDGE_LOOP('',(#1741,#1742,#1743,#1744));
#1741 = ORIENTED_EDGE('',*,*,#1567,.T.);
#1742 = ORIENTED_EDGE('',*,*,#710,.T.);
#1743 = ORIENTED_EDGE('',*,*,#1694,.F.);
#1744 = ORIENTED_EDGE('',*,*,#1745,.F.);
#1745 = EDGE_CURVE('',#1568,#1695,#1746,.T.);
#1746 = LINE('',#1747,#1748);
#1747 = CARTESIAN_POINT('',(21.5,5.,16.5));
#1748 = VECTOR('',#1749,1.);
#1749 = DIRECTION('',(-0.707106781187,0.,0.707106781187));
#1750 = PLANE('',#1751);
#1751 = AXIS2_PLACEMENT_3D('',#1752,#1753,#1754);
#1752 = CARTESIAN_POINT('',(19.,5.,19.));
#1753 = DIRECTION('',(-0.707106781187,-2.9E-16,-0.707106781187));
#1754 = DIRECTION('',(9.50609665441E-17,-1.,3.150609665441E-16));
#1755 = ADVANCED_FACE('',(#1756),#1767,.T.);
#1756 = FACE_BOUND('',#1757,.T.);
#1757 = EDGE_LOOP('',(#1758,#1764,#1765,#1766));
#1758 = ORIENTED_EDGE('',*,*,#1759,.F.);
#1759 = EDGE_CURVE('',#1577,#727,#1760,.T.);
#1760 = LINE('',#1761,#1762);
#1761 = CARTESIAN_POINT('',(20.75,-6.,0.25));
#1762 = VECTOR('',#1763,1.);
#1763 = DIRECTION('',(-0.707106781187,-8.7E-16,0.707106781187));
#1764 = ORIENTED_EDGE('',*,*,#1576,.T.);
#1765 = ORIENTED_EDGE('',*,*,#748,.T.);
#1766 = ORIENTED_EDGE('',*,*,#734,.F.);
#1767 = PLANE('',#1768);
#1768 = AXIS2_PLACEMENT_3D('',#1769,#1770,#1771);
#1769 = CARTESIAN_POINT('',(21.,-6.,0.));
#1770 = DIRECTION('',(0.57735026919,-0.57735026919,0.57735026919));
#1771 = DIRECTION('',(0.,0.707106781187,0.707106781187));
#1772 = ADVANCED_FACE('',(#1773),#1807,.T.);
#1773 = FACE_BOUND('',#1774,.T.);
#1774 = EDGE_LOOP('',(#1775,#1776,#1784,#1792,#1800,#1806));
#1775 = ORIENTED_EDGE('',*,*,#1718,.T.);
#1776 = ORIENTED_EDGE('',*,*,#1777,.F.);
#1777 = EDGE_CURVE('',#1778,#1719,#1780,.T.);
#1778 = VERTEX_POINT('',#1779);
#1779 = CARTESIAN_POINT('',(14.2,-8.,1.));
#1780 = LINE('',#1781,#1782);
#1781 = CARTESIAN_POINT('',(21.,-8.,1.));
#1782 = VECTOR('',#1783,1.);
#1783 = DIRECTION('',(-1.,0.,0.));
#1784 = ORIENTED_EDGE('',*,*,#1785,.T.);
#1785 = EDGE_CURVE('',#1778,#1786,#1788,.T.);
#1786 = VERTEX_POINT('',#1787);
#1787 = CARTESIAN_POINT('',(14.2,-9.,1.));
#1788 = LINE('',#1789,#1790);
#1789 = CARTESIAN_POINT('',(14.2,-8.,1.));
#1790 = VECTOR('',#1791,1.);
#1791 = DIRECTION('',(0.,-1.,2.2E-16));
#1792 = ORIENTED_EDGE('',*,*,#1793,.F.);
#1793 = EDGE_CURVE('',#1794,#1786,#1796,.T.);
#1794 = VERTEX_POINT('',#1795);
#1795 = CARTESIAN_POINT('',(20.,-9.,1.));
#1796 = LINE('',#1797,#1798);
#1797 = CARTESIAN_POINT('',(21.,-9.,1.));
#1798 = VECTOR('',#1799,1.);
#1799 = DIRECTION('',(-1.,0.,0.));
#1800 = ORIENTED_EDGE('',*,*,#1801,.F.);
#1801 = EDGE_CURVE('',#727,#1794,#1802,.T.);
#1802 = LINE('',#1803,#1804);
#1803 = CARTESIAN_POINT('',(20.,-5.,1.));
#1804 = VECTOR('',#1805,1.);
#1805 = DIRECTION('',(0.,-1.,2.2E-16));
#1806 = ORIENTED_EDGE('',*,*,#726,.T.);
#1807 = PLANE('',#1808);
#1808 = AXIS2_PLACEMENT_3D('',#1809,#1810,#1811);
#1809 = CARTESIAN_POINT('',(16.657142857143,-7.342857142857,1.));
#1810 = DIRECTION('',(0.,0.,1.));
#1811 = DIRECTION('',(1.,0.,0.));
#1812 = ADVANCED_FACE('',(#1813),#1838,.F.);
#1813 = FACE_BOUND('',#1814,.F.);
#1814 = EDGE_LOOP('',(#1815,#1823,#1831,#1837));
#1815 = ORIENTED_EDGE('',*,*,#1816,.T.);
#1816 = EDGE_CURVE('',#773,#1817,#1819,.T.);
#1817 = VERTEX_POINT('',#1818);
#1818 = CARTESIAN_POINT('',(5.,-7.,14.));
#1819 = LINE('',#1820,#1821);
#1820 = CARTESIAN_POINT('',(5.,-5.,14.));
#1821 = VECTOR('',#1822,1.);
#1822 = DIRECTION('',(0.,-1.,2.2E-16));
#1823 = ORIENTED_EDGE('',*,*,#1824,.T.);
#1824 = EDGE_CURVE('',#1817,#1825,#1827,.T.);
#1825 = VERTEX_POINT('',#1826);
#1826 = CARTESIAN_POINT('',(-5.,-7.,14.));
#1827 = LINE('',#1828,#1829);
#1828 = CARTESIAN_POINT('',(6.,-7.,14.));
#1829 = VECTOR('',#1830,1.);
#1830 = DIRECTION('',(-1.,0.,0.));
#1831 = ORIENTED_EDGE('',*,*,#1832,.F.);
#1832 = EDGE_CURVE('',#782,#1825,#1833,.T.);
#1833 = LINE('',#1834,#1835);
#1834 = CARTESIAN_POINT('',(-5.,-5.,14.));
#1835 = VECTOR('',#1836,1.);
#1836 = DIRECTION('',(0.,-1.,2.2E-16));
#1837 = ORIENTED_EDGE('',*,*,#789,.F.);
#1838 = PLANE('',#1839);
#1839 = AXIS2_PLACEMENT_3D('',#1840,#1841,#1842);
#1840 = CARTESIAN_POINT('',(6.,-5.,14.));
#1841 = DIRECTION('',(-0.,-2.2E-16,-1.));
#1842 = DIRECTION('',(-1.,0.,0.));
#1843 = ADVANCED_FACE('',(#1844),#1862,.T.);
#1844 = FACE_BOUND('',#1845,.T.);
#1845 = EDGE_LOOP('',(#1846,#1847,#1855,#1861));
#1846 = ORIENTED_EDGE('',*,*,#1816,.T.);
#1847 = ORIENTED_EDGE('',*,*,#1848,.T.);
#1848 = EDGE_CURVE('',#1817,#1849,#1851,.T.);
#1849 = VERTEX_POINT('',#1850);
#1850 = CARTESIAN_POINT('',(6.,-7.,13.));
#1851 = LINE('',#1852,#1853);
#1852 = CARTESIAN_POINT('',(5.5,-7.,13.5));
#1853 = VECTOR('',#1854,1.);
#1854 = DIRECTION('',(0.707106781187,-1.25E-15,-0.707106781187));
#1855 = ORIENTED_EDGE('',*,*,#1856,.F.);
#1856 = EDGE_CURVE('',#806,#1849,#1857,.T.);
#1857 = LINE('',#1858,#1859);
#1858 = CARTESIAN_POINT('',(6.,-5.,13.));
#1859 = VECTOR('',#1860,1.);
#1860 = DIRECTION('',(0.,-1.,2.2E-16));
#1861 = ORIENTED_EDGE('',*,*,#813,.F.);
#1862 = PLANE('',#1863);
#1863 = AXIS2_PLACEMENT_3D('',#1864,#1865,#1866);
#1864 = CARTESIAN_POINT('',(5.5,-5.,13.5));
#1865 = DIRECTION('',(0.707106781187,1.1E-16,0.707106781187));
#1866 = DIRECTION('',(-3.221825406948E-17,-1.,1.877817459305E-16));
#1867 = ADVANCED_FACE('',(#1868),#1886,.T.);
#1868 = FACE_BOUND('',#1869,.F.);
#1869 = EDGE_LOOP('',(#1870,#1871,#1879,#1885));
#1870 = ORIENTED_EDGE('',*,*,#1832,.T.);
#1871 = ORIENTED_EDGE('',*,*,#1872,.T.);
#1872 = EDGE_CURVE('',#1825,#1873,#1875,.T.);
#1873 = VERTEX_POINT('',#1874);
#1874 = CARTESIAN_POINT('',(-6.,-7.,13.));
#1875 = LINE('',#1876,#1877);
#1876 = CARTESIAN_POINT('',(-5.5,-7.,13.5));
#1877 = VECTOR('',#1878,1.);
#1878 = DIRECTION('',(-0.707106781187,-0.,-0.707106781187));
#1879 = ORIENTED_EDGE('',*,*,#1880,.F.);
#1880 = EDGE_CURVE('',#830,#1873,#1881,.T.);
#1881 = LINE('',#1882,#1883);
#1882 = CARTESIAN_POINT('',(-6.,-5.,13.));
#1883 = VECTOR('',#1884,1.);
#1884 = DIRECTION('',(0.,-1.,2.2E-16));
#1885 = ORIENTED_EDGE('',*,*,#837,.F.);
#1886 = PLANE('',#1887);
#1887 = AXIS2_PLACEMENT_3D('',#1888,#1889,#1890);
#1888 = CARTESIAN_POINT('',(-5.5,-5.,13.5));
#1889 = DIRECTION('',(-0.707106781187,1.4E-16,0.707106781187));
#1890 = DIRECTION('',(-1.100505063388E-17,1.,-2.089949493661E-16));
#1891 = ADVANCED_FACE('',(#1892),#1910,.F.);
#1892 = FACE_BOUND('',#1893,.F.);
#1893 = EDGE_LOOP('',(#1894,#1902,#1908,#1909));
#1894 = ORIENTED_EDGE('',*,*,#1895,.T.);
#1895 = EDGE_CURVE('',#852,#1896,#1898,.T.);
#1896 = VERTEX_POINT('',#1897);
#1897 = CARTESIAN_POINT('',(6.,-7.,3.));
#1898 = LINE('',#1899,#1900);
#1899 = CARTESIAN_POINT('',(6.,-5.,3.));
#1900 = VECTOR('',#1901,1.);
#1901 = DIRECTION('',(0.,-1.,2.2E-16));
#1902 = ORIENTED_EDGE('',*,*,#1903,.T.);
#1903 = EDGE_CURVE('',#1896,#1849,#1904,.T.);
#1904 = LINE('',#1905,#1906);
#1905 = CARTESIAN_POINT('',(6.,-7.,2.));
#1906 = VECTOR('',#1907,1.);
#1907 = DIRECTION('',(0.,2.2E-16,1.));
#1908 = ORIENTED_EDGE('',*,*,#1856,.F.);
#1909 = ORIENTED_EDGE('',*,*,#861,.F.);
#1910 = PLANE('',#1911);
#1911 = AXIS2_PLACEMENT_3D('',#1912,#1913,#1914);
#1912 = CARTESIAN_POINT('',(6.,-5.,2.));
#1913 = DIRECTION('',(-1.,0.,0.));
#1914 = DIRECTION('',(0.,2.2E-16,1.));
#1915 = ADVANCED_FACE('',(#1916),#1934,.F.);
#1916 = FACE_BOUND('',#1917,.F.);
#1917 = EDGE_LOOP('',(#1918,#1926,#1927,#1928));
#1918 = ORIENTED_EDGE('',*,*,#1919,.F.);
#1919 = EDGE_CURVE('',#878,#1920,#1922,.T.);
#1920 = VERTEX_POINT('',#1921);
#1921 = CARTESIAN_POINT('',(-6.,-7.,3.));
#1922 = LINE('',#1923,#1924);
#1923 = CARTESIAN_POINT('',(-6.,-5.,3.));
#1924 = VECTOR('',#1925,1.);
#1925 = DIRECTION('',(0.,-1.,2.2E-16));
#1926 = ORIENTED_EDGE('',*,*,#885,.F.);
#1927 = ORIENTED_EDGE('',*,*,#1880,.T.);
#1928 = ORIENTED_EDGE('',*,*,#1929,.T.);
#1929 = EDGE_CURVE('',#1873,#1920,#1930,.T.);
#1930 = LINE('',#1931,#1932);
#1931 = CARTESIAN_POINT('',(-6.,-7.,14.));
#1932 = VECTOR('',#1933,1.);
#1933 = DIRECTION('',(0.,-2.2E-16,-1.));
#1934 = PLANE('',#1935);
#1935 = AXIS2_PLACEMENT_3D('',#1936,#1937,#1938);
#1936 = CARTESIAN_POINT('',(-6.,-5.,14.));
#1937 = DIRECTION('',(1.,0.,0.));
#1938 = DIRECTION('',(0.,-2.2E-16,-1.));
#1939 = ADVANCED_FACE('',(#1940),#1958,.T.);
#1940 = FACE_BOUND('',#1941,.T.);
#1941 = EDGE_LOOP('',(#1942,#1943,#1951,#1957));
#1942 = ORIENTED_EDGE('',*,*,#1895,.T.);
#1943 = ORIENTED_EDGE('',*,*,#1944,.F.);
#1944 = EDGE_CURVE('',#1945,#1896,#1947,.T.);
#1945 = VERTEX_POINT('',#1946);
#1946 = CARTESIAN_POINT('',(5.,-7.,2.));
#1947 = LINE('',#1948,#1949);
#1948 = CARTESIAN_POINT('',(5.5,-7.,2.5));
#1949 = VECTOR('',#1950,1.);
#1950 = DIRECTION('',(0.707106781187,6.7E-16,0.707106781187));
#1951 = ORIENTED_EDGE('',*,*,#1952,.F.);
#1952 = EDGE_CURVE('',#900,#1945,#1953,.T.);
#1953 = LINE('',#1954,#1955);
#1954 = CARTESIAN_POINT('',(5.,-5.,2.));
#1955 = VECTOR('',#1956,1.);
#1956 = DIRECTION('',(0.,-1.,2.2E-16));
#1957 = ORIENTED_EDGE('',*,*,#909,.T.);
#1958 = PLANE('',#1959);
#1959 = AXIS2_PLACEMENT_3D('',#1960,#1961,#1962);
#1960 = CARTESIAN_POINT('',(5.5,-5.,2.5));
#1961 = DIRECTION('',(0.707106781187,-1.4E-16,-0.707106781187));
#1962 = DIRECTION('',(1.100505063388E-17,-1.,2.089949493661E-16));
#1963 = ADVANCED_FACE('',(#1964),#1982,.T.);
#1964 = FACE_BOUND('',#1965,.T.);
#1965 = EDGE_LOOP('',(#1966,#1974,#1980,#1981));
#1966 = ORIENTED_EDGE('',*,*,#1967,.T.);
#1967 = EDGE_CURVE('',#926,#1968,#1970,.T.);
#1968 = VERTEX_POINT('',#1969);
#1969 = CARTESIAN_POINT('',(-5.,-7.,2.));
#1970 = LINE('',#1971,#1972);
#1971 = CARTESIAN_POINT('',(-5.,-5.,2.));
#1972 = VECTOR('',#1973,1.);
#1973 = DIRECTION('',(0.,-1.,2.2E-16));
#1974 = ORIENTED_EDGE('',*,*,#1975,.F.);
#1975 = EDGE_CURVE('',#1920,#1968,#1976,.T.);
#1976 = LINE('',#1977,#1978);
#1977 = CARTESIAN_POINT('',(-5.5,-7.,2.5));
#1978 = VECTOR('',#1979,1.);
#1979 = DIRECTION('',(0.707106781187,-1.92E-15,-0.707106781187));
#1980 = ORIENTED_EDGE('',*,*,#1919,.F.);
#1981 = ORIENTED_EDGE('',*,*,#933,.T.);
#1982 = PLANE('',#1983);
#1983 = AXIS2_PLACEMENT_3D('',#1984,#1985,#1986);
#1984 = CARTESIAN_POINT('',(-5.5,-5.,2.5));
#1985 = DIRECTION('',(-0.707106781187,-1.7E-16,-0.707106781187));
#1986 = DIRECTION('',(1.020815280171E-17,-1.,2.302081528017E-16));
#1987 = ADVANCED_FACE('',(#1988),#1999,.F.);
#1988 = FACE_BOUND('',#1989,.F.);
#1989 = EDGE_LOOP('',(#1990,#1991,#1997,#1998));
#1990 = ORIENTED_EDGE('',*,*,#1967,.T.);
#1991 = ORIENTED_EDGE('',*,*,#1992,.T.);
#1992 = EDGE_CURVE('',#1968,#1945,#1993,.T.);
#1993 = LINE('',#1994,#1995);
#1994 = CARTESIAN_POINT('',(-6.,-7.,2.));
#1995 = VECTOR('',#1996,1.);
#1996 = DIRECTION('',(1.,0.,0.));
#1997 = ORIENTED_EDGE('',*,*,#1952,.F.);
#1998 = ORIENTED_EDGE('',*,*,#950,.F.);
#1999 = PLANE('',#2000);
#2000 = AXIS2_PLACEMENT_3D('',#2001,#2002,#2003);
#2001 = CARTESIAN_POINT('',(-6.,-5.,2.));
#2002 = DIRECTION('',(0.,2.2E-16,1.));
#2003 = DIRECTION('',(1.,0.,0.));
#2004 = ADVANCED_FACE('',(#2005),#2030,.F.);
#2005 = FACE_BOUND('',#2006,.F.);
#2006 = EDGE_LOOP('',(#2007,#2015,#2016,#2024));
#2007 = ORIENTED_EDGE('',*,*,#2008,.F.);
#2008 = EDGE_CURVE('',#974,#2009,#2011,.T.);
#2009 = VERTEX_POINT('',#2010);
#2010 = CARTESIAN_POINT('',(-12.5,5.,-36.));
#2011 = LINE('',#2012,#2013);
#2012 = CARTESIAN_POINT('',(-12.5,-5.,-36.));
#2013 = VECTOR('',#2014,1.);
#2014 = DIRECTION('',(0.,1.,-2.2E-16));
#2015 = ORIENTED_EDGE('',*,*,#981,.F.);
#2016 = ORIENTED_EDGE('',*,*,#2017,.T.);
#2017 = EDGE_CURVE('',#965,#2018,#2020,.T.);
#2018 = VERTEX_POINT('',#2019);
#2019 = CARTESIAN_POINT('',(-12.5,5.,-34.));
#2020 = LINE('',#2021,#2022);
#2021 = CARTESIAN_POINT('',(-12.5,-5.,-34.));
#2022 = VECTOR('',#2023,1.);
#2023 = DIRECTION('',(0.,1.,-2.2E-16));
#2024 = ORIENTED_EDGE('',*,*,#2025,.F.);
#2025 = EDGE_CURVE('',#2009,#2018,#2026,.T.);
#2026 = LINE('',#2027,#2028);
#2027 = CARTESIAN_POINT('',(-12.5,5.,-22.));
#2028 = VECTOR('',#2029,1.);
#2029 = DIRECTION('',(0.,0.,1.));
#2030 = PLANE('',#2031);
#2031 = AXIS2_PLACEMENT_3D('',#2032,#2033,#2034);
#2032 = CARTESIAN_POINT('',(-12.5,-5.,-34.));
#2033 = DIRECTION('',(-1.,0.,0.));
#2034 = DIRECTION('',(-0.,-2.2E-16,-1.));
#2035 = ADVANCED_FACE('',(#2036),#2054,.F.);
#2036 = FACE_BOUND('',#2037,.F.);
#2037 = EDGE_LOOP('',(#2038,#2039,#2040,#2048));
#2038 = ORIENTED_EDGE('',*,*,#2017,.F.);
#2039 = ORIENTED_EDGE('',*,*,#1005,.F.);
#2040 = ORIENTED_EDGE('',*,*,#2041,.T.);
#2041 = EDGE_CURVE('',#996,#2042,#2044,.T.);
#2042 = VERTEX_POINT('',#2043);
#2043 = CARTESIAN_POINT('',(12.5,5.,-34.));
#2044 = LINE('',#2045,#2046);
#2045 = CARTESIAN_POINT('',(12.5,-5.,-34.));
#2046 = VECTOR('',#2047,1.);
#2047 = DIRECTION('',(0.,1.,-2.2E-16));
#2048 = ORIENTED_EDGE('',*,*,#2049,.F.);
#2049 = EDGE_CURVE('',#2018,#2042,#2050,.T.);
#2050 = LINE('',#2051,#2052);
#2051 = CARTESIAN_POINT('',(6.25,5.,-34.));
#2052 = VECTOR('',#2053,1.);
#2053 = DIRECTION('',(1.,0.,0.));
#2054 = PLANE('',#2055);
#2055 = AXIS2_PLACEMENT_3D('',#2056,#2057,#2058);
#2056 = CARTESIAN_POINT('',(12.5,-5.,-34.));
#2057 = DIRECTION('',(0.,2.2E-16,1.));
#2058 = DIRECTION('',(-1.,0.,0.));
#2059 = ADVANCED_FACE('',(#2060),#2078,.F.);
#2060 = FACE_BOUND('',#2061,.F.);
#2061 = EDGE_LOOP('',(#2062,#2070,#2071,#2072));
#2062 = ORIENTED_EDGE('',*,*,#2063,.F.);
#2063 = EDGE_CURVE('',#1022,#2064,#2066,.T.);
#2064 = VERTEX_POINT('',#2065);
#2065 = CARTESIAN_POINT('',(12.5,5.,-36.));
#2066 = LINE('',#2067,#2068);
#2067 = CARTESIAN_POINT('',(12.5,-5.,-36.));
#2068 = VECTOR('',#2069,1.);
#2069 = DIRECTION('',(0.,1.,-2.2E-16));
#2070 = ORIENTED_EDGE('',*,*,#1029,.F.);
#2071 = ORIENTED_EDGE('',*,*,#2008,.T.);
#2072 = ORIENTED_EDGE('',*,*,#2073,.F.);
#2073 = EDGE_CURVE('',#2064,#2009,#2074,.T.);
#2074 = LINE('',#2075,#2076);
#2075 = CARTESIAN_POINT('',(-6.25,5.,-36.));
#2076 = VECTOR('',#2077,1.);
#2077 = DIRECTION('',(-1.,0.,0.));
#2078 = PLANE('',#2079);
#2079 = AXIS2_PLACEMENT_3D('',#2080,#2081,#2082);
#2080 = CARTESIAN_POINT('',(-12.5,-5.,-36.));
#2081 = DIRECTION('',(0.,-2.2E-16,-1.));
#2082 = DIRECTION('',(1.,0.,0.));
#2083 = ADVANCED_FACE('',(#2084),#2095,.F.);
#2084 = FACE_BOUND('',#2085,.F.);
#2085 = EDGE_LOOP('',(#2086,#2087,#2088,#2089));
#2086 = ORIENTED_EDGE('',*,*,#2041,.F.);
#2087 = ORIENTED_EDGE('',*,*,#1046,.F.);
#2088 = ORIENTED_EDGE('',*,*,#2063,.T.);
#2089 = ORIENTED_EDGE('',*,*,#2090,.F.);
#2090 = EDGE_CURVE('',#2042,#2064,#2091,.T.);
#2091 = LINE('',#2092,#2093);
#2092 = CARTESIAN_POINT('',(12.5,5.,-23.));
#2093 = VECTOR('',#2094,1.);
#2094 = DIRECTION('',(0.,0.,-1.));
#2095 = PLANE('',#2096);
#2096 = AXIS2_PLACEMENT_3D('',#2097,#2098,#2099);
#2097 = CARTESIAN_POINT('',(12.5,-5.,-36.));
#2098 = DIRECTION('',(1.,0.,0.));
#2099 = DIRECTION('',(0.,2.2E-16,1.));
#2100 = ADVANCED_FACE('',(#2101),#2126,.F.);
#2101 = FACE_BOUND('',#2102,.F.);
#2102 = EDGE_LOOP('',(#2103,#2111,#2112,#2120));
#2103 = ORIENTED_EDGE('',*,*,#2104,.F.);
#2104 = EDGE_CURVE('',#1070,#2105,#2107,.T.);
#2105 = VERTEX_POINT('',#2106);
#2106 = CARTESIAN_POINT('',(-12.5,5.,-26.));
#2107 = LINE('',#2108,#2109);
#2108 = CARTESIAN_POINT('',(-12.5,-5.,-26.));
#2109 = VECTOR('',#2110,1.);
#2110 = DIRECTION('',(0.,1.,-2.2E-16));
#2111 = ORIENTED_EDGE('',*,*,#1077,.F.);
#2112 = ORIENTED_EDGE('',*,*,#2113,.T.);
#2113 = EDGE_CURVE('',#1061,#2114,#2116,.T.);
#2114 = VERTEX_POINT('',#2115);
#2115 = CARTESIAN_POINT('',(12.5,5.,-26.));
#2116 = LINE('',#2117,#2118);
#2117 = CARTESIAN_POINT('',(12.5,-5.,-26.));
#2118 = VECTOR('',#2119,1.);
#2119 = DIRECTION('',(0.,1.,-2.2E-16));
#2120 = ORIENTED_EDGE('',*,*,#2121,.F.);
#2121 = EDGE_CURVE('',#2105,#2114,#2122,.T.);
#2122 = LINE('',#2123,#2124);
#2123 = CARTESIAN_POINT('',(6.25,5.,-26.));
#2124 = VECTOR('',#2125,1.);
#2125 = DIRECTION('',(1.,0.,0.));
#2126 = PLANE('',#2127);
#2127 = AXIS2_PLACEMENT_3D('',#2128,#2129,#2130);
#2128 = CARTESIAN_POINT('',(12.5,-5.,-26.));
#2129 = DIRECTION('',(0.,2.2E-16,1.));
#2130 = DIRECTION('',(-1.,0.,0.));
#2131 = ADVANCED_FACE('',(#2132),#2150,.F.);
#2132 = FACE_BOUND('',#2133,.F.);
#2133 = EDGE_LOOP('',(#2134,#2135,#2136,#2144));
#2134 = ORIENTED_EDGE('',*,*,#2113,.F.);
#2135 = ORIENTED_EDGE('',*,*,#1101,.F.);
#2136 = ORIENTED_EDGE('',*,*,#2137,.T.);
#2137 = EDGE_CURVE('',#1092,#2138,#2140,.T.);
#2138 = VERTEX_POINT('',#2139);
#2139 = CARTESIAN_POINT('',(12.5,5.,-28.));
#2140 = LINE('',#2141,#2142);
#2141 = CARTESIAN_POINT('',(12.5,-5.,-28.));
#2142 = VECTOR('',#2143,1.);
#2143 = DIRECTION('',(0.,1.,-2.2E-16));
#2144 = ORIENTED_EDGE('',*,*,#2145,.F.);
#2145 = EDGE_CURVE('',#2114,#2138,#2146,.T.);
#2146 = LINE('',#2147,#2148);
#2147 = CARTESIAN_POINT('',(12.5,5.,-19.));
#2148 = VECTOR('',#2149,1.);
#2149 = DIRECTION('',(0.,0.,-1.));
#2150 = PLANE('',#2151);
#2151 = AXIS2_PLACEMENT_3D('',#2152,#2153,#2154);
#2152 = CARTESIAN_POINT('',(12.5,-5.,-28.));
#2153 = DIRECTION('',(1.,0.,0.));
#2154 = DIRECTION('',(0.,2.2E-16,1.));
#2155 = ADVANCED_FACE('',(#2156),#2174,.F.);
#2156 = FACE_BOUND('',#2157,.F.);
#2157 = EDGE_LOOP('',(#2158,#2166,#2167,#2168));
#2158 = ORIENTED_EDGE('',*,*,#2159,.F.);
#2159 = EDGE_CURVE('',#1118,#2160,#2162,.T.);
#2160 = VERTEX_POINT('',#2161);
#2161 = CARTESIAN_POINT('',(-12.5,5.,-28.));
#2162 = LINE('',#2163,#2164);
#2163 = CARTESIAN_POINT('',(-12.5,-5.,-28.));
#2164 = VECTOR('',#2165,1.);
#2165 = DIRECTION('',(0.,1.,-2.2E-16));
#2166 = ORIENTED_EDGE('',*,*,#1125,.F.);
#2167 = ORIENTED_EDGE('',*,*,#2104,.T.);
#2168 = ORIENTED_EDGE('',*,*,#2169,.F.);
#2169 = EDGE_CURVE('',#2160,#2105,#2170,.T.);
#2170 = LINE('',#2171,#2172);
#2171 = CARTESIAN_POINT('',(-12.5,5.,-18.));
#2172 = VECTOR('',#2173,1.);
#2173 = DIRECTION('',(0.,0.,1.));
#2174 = PLANE('',#2175);
#2175 = AXIS2_PLACEMENT_3D('',#2176,#2177,#2178);
#2176 = CARTESIAN_POINT('',(-12.5,-5.,-26.));
#2177 = DIRECTION('',(-1.,0.,0.));
#2178 = DIRECTION('',(-0.,-2.2E-16,-1.));
#2179 = ADVANCED_FACE('',(#2180),#2191,.F.);
#2180 = FACE_BOUND('',#2181,.F.);
#2181 = EDGE_LOOP('',(#2182,#2183,#2184,#2185));
#2182 = ORIENTED_EDGE('',*,*,#2137,.F.);
#2183 = ORIENTED_EDGE('',*,*,#1142,.F.);
#2184 = ORIENTED_EDGE('',*,*,#2159,.T.);
#2185 = ORIENTED_EDGE('',*,*,#2186,.F.);
#2186 = EDGE_CURVE('',#2138,#2160,#2187,.T.);
#2187 = LINE('',#2188,#2189);
#2188 = CARTESIAN_POINT('',(-6.25,5.,-28.));
#2189 = VECTOR('',#2190,1.);
#2190 = DIRECTION('',(-1.,0.,0.));
#2191 = PLANE('',#2192);
#2192 = AXIS2_PLACEMENT_3D('',#2193,#2194,#2195);
#2193 = CARTESIAN_POINT('',(-12.5,-5.,-28.));
#2194 = DIRECTION('',(0.,-2.2E-16,-1.));
#2195 = DIRECTION('',(1.,0.,0.));
#2196 = ADVANCED_FACE('',(#2197),#2216,.F.);
#2197 = FACE_BOUND('',#2198,.F.);
#2198 = EDGE_LOOP('',(#2199,#2207,#2208,#2209));
#2199 = ORIENTED_EDGE('',*,*,#2200,.F.);
#2200 = EDGE_CURVE('',#1157,#2201,#2203,.T.);
#2201 = VERTEX_POINT('',#2202);
#2202 = CARTESIAN_POINT('',(17.,5.,15.5));
#2203 = LINE('',#2204,#2205);
#2204 = CARTESIAN_POINT('',(17.,-5.,15.5));
#2205 = VECTOR('',#2206,1.);
#2206 = DIRECTION('',(0.,1.,-2.2E-16));
#2207 = ORIENTED_EDGE('',*,*,#1166,.F.);
#2208 = ORIENTED_EDGE('',*,*,#2200,.T.);
#2209 = ORIENTED_EDGE('',*,*,#2210,.T.);
#2210 = EDGE_CURVE('',#2201,#2201,#2211,.T.);
#2211 = CIRCLE('',#2212,1.5);
#2212 = AXIS2_PLACEMENT_3D('',#2213,#2214,#2215);
#2213 = CARTESIAN_POINT('',(15.5,5.,15.5));
#2214 = DIRECTION('',(0.,-1.,2.2E-16));
#2215 = DIRECTION('',(1.,0.,0.));
#2216 = CYLINDRICAL_SURFACE('',#2217,1.5);
#2217 = AXIS2_PLACEMENT_3D('',#2218,#2219,#2220);
#2218 = CARTESIAN_POINT('',(15.5,-5.,15.5));
#2219 = DIRECTION('',(0.,-1.,2.2E-16));
#2220 = DIRECTION('',(1.,0.,0.));
#2221 = ADVANCED_FACE('',(#2222),#2241,.F.);
#2222 = FACE_BOUND('',#2223,.F.);
#2223 = EDGE_LOOP('',(#2224,#2232,#2233,#2234));
#2224 = ORIENTED_EDGE('',*,*,#2225,.F.);
#2225 = EDGE_CURVE('',#1182,#2226,#2228,.T.);
#2226 = VERTEX_POINT('',#2227);
#2227 = CARTESIAN_POINT('',(-14.,5.,-15.5));
#2228 = LINE('',#2229,#2230);
#2229 = CARTESIAN_POINT('',(-14.,-5.,-15.5));
#2230 = VECTOR('',#2231,1.);
#2231 = DIRECTION('',(0.,1.,-2.2E-16));
#2232 = ORIENTED_EDGE('',*,*,#1191,.F.);
#2233 = ORIENTED_EDGE('',*,*,#2225,.T.);
#2234 = ORIENTED_EDGE('',*,*,#2235,.T.);
#2235 = EDGE_CURVE('',#2226,#2226,#2236,.T.);
#2236 = CIRCLE('',#2237,1.5);
#2237 = AXIS2_PLACEMENT_3D('',#2238,#2239,#2240);
#2238 = CARTESIAN_POINT('',(-15.5,5.,-15.5));
#2239 = DIRECTION('',(0.,-1.,2.2E-16));
#2240 = DIRECTION('',(1.,0.,0.));
#2241 = CYLINDRICAL_SURFACE('',#2242,1.5);
#2242 = AXIS2_PLACEMENT_3D('',#2243,#2244,#2245);
#2243 = CARTESIAN_POINT('',(-15.5,-5.,-15.5));
#2244 = DIRECTION('',(0.,-1.,2.2E-16));
#2245 = DIRECTION('',(1.,0.,0.));
#2246 = ADVANCED_FACE('',(#2247),#2266,.F.);
#2247 = FACE_BOUND('',#2248,.F.);
#2248 = EDGE_LOOP('',(#2249,#2257,#2258,#2259));
#2249 = ORIENTED_EDGE('',*,*,#2250,.F.);
#2250 = EDGE_CURVE('',#1207,#2251,#2253,.T.);
#2251 = VERTEX_POINT('',#2252);
#2252 = CARTESIAN_POINT('',(17.,5.,-15.5));
#2253 = LINE('',#2254,#2255);
#2254 = CARTESIAN_POINT('',(17.,-5.,-15.5));
#2255 = VECTOR('',#2256,1.);
#2256 = DIRECTION('',(0.,1.,-2.2E-16));
#2257 = ORIENTED_EDGE('',*,*,#1216,.F.);
#2258 = ORIENTED_EDGE('',*,*,#2250,.T.);
#2259 = ORIENTED_EDGE('',*,*,#2260,.T.);
#2260 = EDGE_CURVE('',#2251,#2251,#2261,.T.);
#2261 = CIRCLE('',#2262,1.5);
#2262 = AXIS2_PLACEMENT_3D('',#2263,#2264,#2265);
#2263 = CARTESIAN_POINT('',(15.5,5.,-15.5));
#2264 = DIRECTION('',(0.,-1.,2.2E-16));
#2265 = DIRECTION('',(1.,0.,0.));
#2266 = CYLINDRICAL_SURFACE('',#2267,1.5);
#2267 = AXIS2_PLACEMENT_3D('',#2268,#2269,#2270);
#2268 = CARTESIAN_POINT('',(15.5,-5.,-15.5));
#2269 = DIRECTION('',(0.,-1.,2.2E-16));
#2270 = DIRECTION('',(1.,0.,0.));
#2271 = ADVANCED_FACE('',(#2272,#2282,#2285,#2288,#2338,#2344,#2350,
    #2353),#2356,.T.);
#2272 = FACE_BOUND('',#2273,.T.);
#2273 = EDGE_LOOP('',(#2274,#2275,#2276,#2277,#2278,#2279,#2280,#2281));
#2274 = ORIENTED_EDGE('',*,*,#1609,.T.);
#2275 = ORIENTED_EDGE('',*,*,#1529,.T.);
#2276 = ORIENTED_EDGE('',*,*,#1448,.F.);
#2277 = ORIENTED_EDGE('',*,*,#1400,.T.);
#2278 = ORIENTED_EDGE('',*,*,#1288,.F.);
#2279 = ORIENTED_EDGE('',*,*,#1633,.T.);
#2280 = ORIENTED_EDGE('',*,*,#1704,.F.);
#2281 = ORIENTED_EDGE('',*,*,#1745,.F.);
#2282 = FACE_BOUND('',#2283,.T.);
#2283 = EDGE_LOOP('',(#2284));
#2284 = ORIENTED_EDGE('',*,*,#2235,.T.);
#2285 = FACE_BOUND('',#2286,.T.);
#2286 = EDGE_LOOP('',(#2287));
#2287 = ORIENTED_EDGE('',*,*,#1241,.T.);
#2288 = FACE_BOUND('',#2289,.T.);
#2289 = EDGE_LOOP('',(#2290,#2300,#2308,#2316,#2324,#2332));
#2290 = ORIENTED_EDGE('',*,*,#2291,.F.);
#2291 = EDGE_CURVE('',#2292,#2294,#2296,.T.);
#2292 = VERTEX_POINT('',#2293);
#2293 = CARTESIAN_POINT('',(1.999999999987,5.,6.845299461621));
#2294 = VERTEX_POINT('',#2295);
#2295 = CARTESIAN_POINT('',(0.,5.,5.690598923254));
#2296 = LINE('',#2297,#2298);
#2297 = CARTESIAN_POINT('',(1.999999999987,5.,6.845299461621));
#2298 = VECTOR('',#2299,1.);
#2299 = DIRECTION('',(-0.866025403785,0.,-0.499999999999));
#2300 = ORIENTED_EDGE('',*,*,#2301,.F.);
#2301 = EDGE_CURVE('',#2302,#2292,#2304,.T.);
#2302 = VERTEX_POINT('',#2303);
#2303 = CARTESIAN_POINT('',(1.999999999983,5.,9.154700538384));
#2304 = LINE('',#2305,#2306);
#2305 = CARTESIAN_POINT('',(1.999999999983,5.,9.154700538384));
#2306 = VECTOR('',#2307,1.);
#2307 = DIRECTION('',(1.6101E-12,0.,-1.));
#2308 = ORIENTED_EDGE('',*,*,#2309,.F.);
#2309 = EDGE_CURVE('',#2310,#2302,#2312,.T.);
#2310 = VERTEX_POINT('',#2311);
#2311 = CARTESIAN_POINT('',(-2.1172E-11,5.,10.309401076746));
#2312 = LINE('',#2313,#2314);
#2313 = CARTESIAN_POINT('',(-2.117173E-11,5.,10.309401076746));
#2314 = VECTOR('',#2315,1.);
#2315 = DIRECTION('',(0.866025403788,0.,-0.499999999994));
#2316 = ORIENTED_EDGE('',*,*,#2317,.F.);
#2317 = EDGE_CURVE('',#2318,#2310,#2320,.T.);
#2318 = VERTEX_POINT('',#2319);
#2319 = CARTESIAN_POINT('',(-1.999999999997,5.,9.154700538361));
#2320 = LINE('',#2321,#2322);
#2321 = CARTESIAN_POINT('',(-1.999999999997,5.,9.154700538361));
#2322 = VECTOR('',#2323,1.);
#2323 = DIRECTION('',(0.866025403781,0.,0.500000000006));
#2324 = ORIENTED_EDGE('',*,*,#2325,.F.);
#2325 = EDGE_CURVE('',#2326,#2318,#2328,.T.);
#2326 = VERTEX_POINT('',#2327);
#2327 = CARTESIAN_POINT('',(-1.999999999986,5.,6.845299461621));
#2328 = LINE('',#2329,#2330);
#2329 = CARTESIAN_POINT('',(-1.999999999986,5.,6.845299461621));
#2330 = VECTOR('',#2331,1.);
#2331 = DIRECTION('',(-4.85817E-12,0.,1.));
#2332 = ORIENTED_EDGE('',*,*,#2333,.F.);
#2333 = EDGE_CURVE('',#2294,#2326,#2334,.T.);
#2334 = LINE('',#2335,#2336);
#2335 = CARTESIAN_POINT('',(0.,5.,5.690598923254));
#2336 = VECTOR('',#2337,1.);
#2337 = DIRECTION('',(-0.866025403785,0.,0.499999999999));
#2338 = FACE_BOUND('',#2339,.T.);
#2339 = EDGE_LOOP('',(#2340,#2341,#2342,#2343));
#2340 = ORIENTED_EDGE('',*,*,#2025,.F.);
#2341 = ORIENTED_EDGE('',*,*,#2073,.F.);
#2342 = ORIENTED_EDGE('',*,*,#2090,.F.);
#2343 = ORIENTED_EDGE('',*,*,#2049,.F.);
#2344 = FACE_BOUND('',#2345,.T.);
#2345 = EDGE_LOOP('',(#2346,#2347,#2348,#2349));
#2346 = ORIENTED_EDGE('',*,*,#2169,.F.);
#2347 = ORIENTED_EDGE('',*,*,#2186,.F.);
#2348 = ORIENTED_EDGE('',*,*,#2145,.F.);
#2349 = ORIENTED_EDGE('',*,*,#2121,.F.);
#2350 = FACE_BOUND('',#2351,.T.);
#2351 = EDGE_LOOP('',(#2352));
#2352 = ORIENTED_EDGE('',*,*,#2260,.T.);
#2353 = FACE_BOUND('',#2354,.T.);
#2354 = EDGE_LOOP('',(#2355));
#2355 = ORIENTED_EDGE('',*,*,#2210,.T.);
#2356 = PLANE('',#2357);
#2357 = AXIS2_PLACEMENT_3D('',#2358,#2359,#2360);
#2358 = CARTESIAN_POINT('',(0.,5.,-10.));
#2359 = DIRECTION('',(0.,1.,0.));
#2360 = DIRECTION('',(0.,0.,1.));
#2361 = ADVANCED_FACE('',(#2362),#2373,.T.);
#2362 = FACE_BOUND('',#2363,.F.);
#2363 = EDGE_LOOP('',(#2364,#2365,#2366,#2372));
#2364 = ORIENTED_EDGE('',*,*,#1256,.F.);
#2365 = ORIENTED_EDGE('',*,*,#1304,.T.);
#2366 = ORIENTED_EDGE('',*,*,#2367,.T.);
#2367 = EDGE_CURVE('',#1305,#1368,#2368,.T.);
#2368 = LINE('',#2369,#2370);
#2369 = CARTESIAN_POINT('',(-20.5,-9.,-8.5));
#2370 = VECTOR('',#2371,1.);
#2371 = DIRECTION('',(0.707106781187,1.15E-15,-0.707106781187));
#2372 = ORIENTED_EDGE('',*,*,#1375,.F.);
#2373 = PLANE('',#2374);
#2374 = AXIS2_PLACEMENT_3D('',#2375,#2376,#2377);
#2375 = CARTESIAN_POINT('',(-20.5,-5.,-8.5));
#2376 = DIRECTION('',(-0.707106781187,0.,-0.707106781187));
#2377 = DIRECTION('',(1.1E-16,1.,-1.1E-16));
#2378 = ADVANCED_FACE('',(#2379),#2390,.T.);
#2379 = FACE_BOUND('',#2380,.T.);
#2380 = EDGE_LOOP('',(#2381,#2382,#2383,#2389));
#2381 = ORIENTED_EDGE('',*,*,#1504,.F.);
#2382 = ORIENTED_EDGE('',*,*,#1320,.T.);
#2383 = ORIENTED_EDGE('',*,*,#2384,.F.);
#2384 = EDGE_CURVE('',#1465,#1313,#2385,.T.);
#2385 = LINE('',#2386,#2387);
#2386 = CARTESIAN_POINT('',(-20.25,-9.,0.75));
#2387 = VECTOR('',#2388,1.);
#2388 = DIRECTION('',(-0.707106781187,0.,-0.707106781187));
#2389 = ORIENTED_EDGE('',*,*,#1464,.F.);
#2390 = PLANE('',#2391);
#2391 = AXIS2_PLACEMENT_3D('',#2392,#2393,#2394);
#2392 = CARTESIAN_POINT('',(-20.5,-5.,0.5));
#2393 = DIRECTION('',(-0.707106781187,0.,0.707106781187));
#2394 = DIRECTION('',(1.1E-16,-1.,1.1E-16));
#2395 = ADVANCED_FACE('',(#2396),#2421,.F.);
#2396 = FACE_BOUND('',#2397,.T.);
#2397 = EDGE_LOOP('',(#2398,#2399,#2407,#2415));
#2398 = ORIENTED_EDGE('',*,*,#1312,.T.);
#2399 = ORIENTED_EDGE('',*,*,#2400,.F.);
#2400 = EDGE_CURVE('',#2401,#1305,#2403,.T.);
#2401 = VERTEX_POINT('',#2402);
#2402 = CARTESIAN_POINT('',(-20.,-10.,-8.));
#2403 = LINE('',#2404,#2405);
#2404 = CARTESIAN_POINT('',(-20.25,-9.75,-8.));
#2405 = VECTOR('',#2406,1.);
#2406 = DIRECTION('',(-0.707106781187,0.707106781187,-1.25E-15));
#2407 = ORIENTED_EDGE('',*,*,#2408,.F.);
#2408 = EDGE_CURVE('',#2409,#2401,#2411,.T.);
#2409 = VERTEX_POINT('',#2410);
#2410 = CARTESIAN_POINT('',(-20.,-10.,0.));
#2411 = LINE('',#2412,#2413);
#2412 = CARTESIAN_POINT('',(-20.,-10.,1.));
#2413 = VECTOR('',#2414,1.);
#2414 = DIRECTION('',(0.,-2.2E-16,-1.));
#2415 = ORIENTED_EDGE('',*,*,#2416,.F.);
#2416 = EDGE_CURVE('',#1313,#2409,#2417,.T.);
#2417 = LINE('',#2418,#2419);
#2418 = CARTESIAN_POINT('',(-20.5,-9.5,4.44E-15));
#2419 = VECTOR('',#2420,1.);
#2420 = DIRECTION('',(0.707106781187,-0.707106781187,-4.8E-16));
#2421 = PLANE('',#2422);
#2422 = AXIS2_PLACEMENT_3D('',#2423,#2424,#2425);
#2423 = CARTESIAN_POINT('',(-20.5,-9.5,1.));
#2424 = DIRECTION('',(0.707106781187,0.707106781187,0.));
#2425 = DIRECTION('',(-1.1E-16,1.1E-16,1.));
#2426 = ADVANCED_FACE('',(#2427),#2438,.F.);
#2427 = FACE_BOUND('',#2428,.F.);
#2428 = EDGE_LOOP('',(#2429,#2435,#2436,#2437));
#2429 = ORIENTED_EDGE('',*,*,#2430,.T.);
#2430 = EDGE_CURVE('',#1352,#1481,#2431,.T.);
#2431 = LINE('',#2432,#2433);
#2432 = CARTESIAN_POINT('',(-14.2,-8.,-9.));
#2433 = VECTOR('',#2434,1.);
#2434 = DIRECTION('',(0.,0.,1.));
#2435 = ORIENTED_EDGE('',*,*,#1488,.F.);
#2436 = ORIENTED_EDGE('',*,*,#1415,.F.);
#2437 = ORIENTED_EDGE('',*,*,#1351,.F.);
#2438 = PLANE('',#2439);
#2439 = AXIS2_PLACEMENT_3D('',#2440,#2441,#2442);
#2440 = CARTESIAN_POINT('',(0.,-8.,0.940966252493));
#2441 = DIRECTION('',(0.,1.,-2.3E-16));
#2442 = DIRECTION('',(0.,2.3E-16,1.));
#2443 = ADVANCED_FACE('',(#2444),#2471,.F.);
#2444 = FACE_BOUND('',#2445,.F.);
#2445 = EDGE_LOOP('',(#2446,#2447,#2455,#2463,#2469,#2470));
#2446 = ORIENTED_EDGE('',*,*,#1359,.T.);
#2447 = ORIENTED_EDGE('',*,*,#2448,.T.);
#2448 = EDGE_CURVE('',#1360,#2449,#2451,.T.);
#2449 = VERTEX_POINT('',#2450);
#2450 = CARTESIAN_POINT('',(-14.2,-10.,-8.));
#2451 = LINE('',#2452,#2453);
#2452 = CARTESIAN_POINT('',(-14.2,-9.,-9.));
#2453 = VECTOR('',#2454,1.);
#2454 = DIRECTION('',(0.,-0.707106781187,0.707106781187));
#2455 = ORIENTED_EDGE('',*,*,#2456,.T.);
#2456 = EDGE_CURVE('',#2449,#2457,#2459,.T.);
#2457 = VERTEX_POINT('',#2458);
#2458 = CARTESIAN_POINT('',(-14.2,-10.,0.));
#2459 = LINE('',#2460,#2461);
#2460 = CARTESIAN_POINT('',(-14.2,-10.,-9.));
#2461 = VECTOR('',#2462,1.);
#2462 = DIRECTION('',(0.,0.,1.));
#2463 = ORIENTED_EDGE('',*,*,#2464,.F.);
#2464 = EDGE_CURVE('',#1473,#2457,#2465,.T.);
#2465 = LINE('',#2466,#2467);
#2466 = CARTESIAN_POINT('',(-14.2,-11.5,-1.5));
#2467 = VECTOR('',#2468,1.);
#2468 = DIRECTION('',(-0.,-0.707106781187,-0.707106781187));
#2469 = ORIENTED_EDGE('',*,*,#1480,.F.);
#2470 = ORIENTED_EDGE('',*,*,#2430,.F.);
#2471 = PLANE('',#2472);
#2472 = AXIS2_PLACEMENT_3D('',#2473,#2474,#2475);
#2473 = CARTESIAN_POINT('',(-14.2,-8.,-9.));
#2474 = DIRECTION('',(-1.,0.,0.));
#2475 = DIRECTION('',(0.,2.2E-16,1.));
#2476 = ADVANCED_FACE('',(#2477),#2493,.F.);
#2477 = FACE_BOUND('',#2478,.T.);
#2478 = EDGE_LOOP('',(#2479,#2485,#2486,#2487));
#2479 = ORIENTED_EDGE('',*,*,#2480,.T.);
#2480 = EDGE_CURVE('',#2401,#1368,#2481,.T.);
#2481 = LINE('',#2482,#2483);
#2482 = CARTESIAN_POINT('',(-20.,-9.75,-8.25));
#2483 = VECTOR('',#2484,1.);
#2484 = DIRECTION('',(0.,0.707106781187,-0.707106781187));
#2485 = ORIENTED_EDGE('',*,*,#1367,.T.);
#2486 = ORIENTED_EDGE('',*,*,#2448,.T.);
#2487 = ORIENTED_EDGE('',*,*,#2488,.F.);
#2488 = EDGE_CURVE('',#2401,#2449,#2489,.T.);
#2489 = LINE('',#2490,#2491);
#2490 = CARTESIAN_POINT('',(-21.,-10.,-8.));
#2491 = VECTOR('',#2492,1.);
#2492 = DIRECTION('',(1.,0.,0.));
#2493 = PLANE('',#2494);
#2494 = AXIS2_PLACEMENT_3D('',#2495,#2496,#2497);
#2495 = CARTESIAN_POINT('',(-21.,-9.5,-8.5));
#2496 = DIRECTION('',(0.,0.707106781187,0.707106781187));
#2497 = DIRECTION('',(-1.,0.,0.));
#2498 = ADVANCED_FACE('',(#2499),#2515,.F.);
#2499 = FACE_BOUND('',#2500,.T.);
#2500 = EDGE_LOOP('',(#2501,#2502,#2503,#2509));
#2501 = ORIENTED_EDGE('',*,*,#2464,.F.);
#2502 = ORIENTED_EDGE('',*,*,#1472,.T.);
#2503 = ORIENTED_EDGE('',*,*,#2504,.T.);
#2504 = EDGE_CURVE('',#1465,#2409,#2505,.T.);
#2505 = LINE('',#2506,#2507);
#2506 = CARTESIAN_POINT('',(-20.,-9.25,0.75));
#2507 = VECTOR('',#2508,1.);
#2508 = DIRECTION('',(4.8E-16,-0.707106781187,-0.707106781187));
#2509 = ORIENTED_EDGE('',*,*,#2510,.F.);
#2510 = EDGE_CURVE('',#2457,#2409,#2511,.T.);
#2511 = LINE('',#2512,#2513);
#2512 = CARTESIAN_POINT('',(-14.2,-10.,4.4E-16));
#2513 = VECTOR('',#2514,1.);
#2514 = DIRECTION('',(-1.,0.,0.));
#2515 = PLANE('',#2516);
#2516 = AXIS2_PLACEMENT_3D('',#2517,#2518,#2519);
#2517 = CARTESIAN_POINT('',(-14.2,-9.5,0.5));
#2518 = DIRECTION('',(0.,0.707106781187,-0.707106781187));
#2519 = DIRECTION('',(1.,0.,0.));
#2520 = ADVANCED_FACE('',(#2521),#2532,.T.);
#2521 = FACE_BOUND('',#2522,.T.);
#2522 = EDGE_LOOP('',(#2523,#2524,#2525,#2531));
#2523 = ORIENTED_EDGE('',*,*,#1543,.F.);
#2524 = ORIENTED_EDGE('',*,*,#1600,.T.);
#2525 = ORIENTED_EDGE('',*,*,#2526,.T.);
#2526 = EDGE_CURVE('',#1593,#1657,#2527,.T.);
#2527 = LINE('',#2528,#2529);
#2528 = CARTESIAN_POINT('',(20.499999999998,-9.,-8.499999999999));
#2529 = VECTOR('',#2530,1.);
#2530 = DIRECTION('',(-0.707106781187,1.25541E-12,-0.707106781187));
#2531 = ORIENTED_EDGE('',*,*,#1656,.F.);
#2532 = PLANE('',#2533);
#2533 = AXIS2_PLACEMENT_3D('',#2534,#2535,#2536);
#2534 = CARTESIAN_POINT('',(20.5,-5.,-8.5));
#2535 = DIRECTION('',(0.707106781187,-5.9877E-13,-0.707106781187));
#2536 = DIRECTION('',(-4.232793273711E-13,-1.,4.235093273711E-13));
#2537 = ADVANCED_FACE('',(#2538),#2549,.T.);
#2538 = FACE_BOUND('',#2539,.F.);
#2539 = EDGE_LOOP('',(#2540,#2541,#2542,#2548));
#2540 = ORIENTED_EDGE('',*,*,#1759,.F.);
#2541 = ORIENTED_EDGE('',*,*,#1584,.T.);
#2542 = ORIENTED_EDGE('',*,*,#2543,.F.);
#2543 = EDGE_CURVE('',#1794,#1585,#2544,.T.);
#2544 = LINE('',#2545,#2546);
#2545 = CARTESIAN_POINT('',(20.25,-9.,0.75));
#2546 = VECTOR('',#2547,1.);
#2547 = DIRECTION('',(0.707106781187,-4.8E-16,-0.707106781187));
#2548 = ORIENTED_EDGE('',*,*,#1801,.F.);
#2549 = PLANE('',#2550);
#2550 = AXIS2_PLACEMENT_3D('',#2551,#2552,#2553);
#2551 = CARTESIAN_POINT('',(20.5,-5.,0.5));
#2552 = DIRECTION('',(0.707106781187,0.,0.707106781187));
#2553 = DIRECTION('',(1.1E-16,1.,-1.1E-16));
#2554 = ADVANCED_FACE('',(#2555),#2580,.F.);
#2555 = FACE_BOUND('',#2556,.T.);
#2556 = EDGE_LOOP('',(#2557,#2565,#2566,#2574));
#2557 = ORIENTED_EDGE('',*,*,#2558,.T.);
#2558 = EDGE_CURVE('',#2559,#1593,#2561,.T.);
#2559 = VERTEX_POINT('',#2560);
#2560 = CARTESIAN_POINT('',(20.,-10.,-7.999999999996));
#2561 = LINE('',#2562,#2563);
#2562 = CARTESIAN_POINT('',(20.25,-9.75,-7.999999999996));
#2563 = VECTOR('',#2564,1.);
#2564 = DIRECTION('',(0.707106781187,0.707106781187,-1.09474E-12));
#2565 = ORIENTED_EDGE('',*,*,#1592,.T.);
#2566 = ORIENTED_EDGE('',*,*,#2567,.T.);
#2567 = EDGE_CURVE('',#1585,#2568,#2570,.T.);
#2568 = VERTEX_POINT('',#2569);
#2569 = CARTESIAN_POINT('',(20.,-10.,0.));
#2570 = LINE('',#2571,#2572);
#2571 = CARTESIAN_POINT('',(20.5,-9.5,-3.3E-16));
#2572 = VECTOR('',#2573,1.);
#2573 = DIRECTION('',(-0.707106781187,-0.707106781187,-7.7E-16));
#2574 = ORIENTED_EDGE('',*,*,#2575,.F.);
#2575 = EDGE_CURVE('',#2559,#2568,#2576,.T.);
#2576 = LINE('',#2577,#2578);
#2577 = CARTESIAN_POINT('',(20.,-10.,-8.999999999995));
#2578 = VECTOR('',#2579,1.);
#2579 = DIRECTION('',(0.,2.2E-16,1.));
#2580 = PLANE('',#2581);
#2581 = AXIS2_PLACEMENT_3D('',#2582,#2583,#2584);
#2582 = CARTESIAN_POINT('',(20.5,-9.5,-8.999999999995));
#2583 = DIRECTION('',(-0.707106781187,0.707106781187,0.));
#2584 = DIRECTION('',(-1.1E-16,-1.1E-16,-1.));
#2585 = ADVANCED_FACE('',(#2586),#2597,.F.);
#2586 = FACE_BOUND('',#2587,.F.);
#2587 = EDGE_LOOP('',(#2588,#2589,#2595,#2596));
#2588 = ORIENTED_EDGE('',*,*,#1777,.F.);
#2589 = ORIENTED_EDGE('',*,*,#2590,.T.);
#2590 = EDGE_CURVE('',#1778,#1673,#2591,.T.);
#2591 = LINE('',#2592,#2593);
#2592 = CARTESIAN_POINT('',(14.2,-8.,1.));
#2593 = VECTOR('',#2594,1.);
#2594 = DIRECTION('',(0.,0.,-1.));
#2595 = ORIENTED_EDGE('',*,*,#1680,.F.);
#2596 = ORIENTED_EDGE('',*,*,#1726,.F.);
#2597 = PLANE('',#2598);
#2598 = AXIS2_PLACEMENT_3D('',#2599,#2600,#2601);
#2599 = CARTESIAN_POINT('',(0.,-8.,0.940966252493));
#2600 = DIRECTION('',(0.,1.,-2.3E-16));
#2601 = DIRECTION('',(0.,2.3E-16,1.));
#2602 = ADVANCED_FACE('',(#2603),#2630,.F.);
#2603 = FACE_BOUND('',#2604,.F.);
#2604 = EDGE_LOOP('',(#2605,#2606,#2614,#2622,#2628,#2629));
#2605 = ORIENTED_EDGE('',*,*,#1785,.T.);
#2606 = ORIENTED_EDGE('',*,*,#2607,.T.);
#2607 = EDGE_CURVE('',#1786,#2608,#2610,.T.);
#2608 = VERTEX_POINT('',#2609);
#2609 = CARTESIAN_POINT('',(14.2,-10.,0.));
#2610 = LINE('',#2611,#2612);
#2611 = CARTESIAN_POINT('',(14.2,-9.,1.));
#2612 = VECTOR('',#2613,1.);
#2613 = DIRECTION('',(0.,-0.707106781187,-0.707106781187));
#2614 = ORIENTED_EDGE('',*,*,#2615,.T.);
#2615 = EDGE_CURVE('',#2608,#2616,#2618,.T.);
#2616 = VERTEX_POINT('',#2617);
#2617 = CARTESIAN_POINT('',(14.2,-10.,-7.999999999996));
#2618 = LINE('',#2619,#2620);
#2619 = CARTESIAN_POINT('',(14.2,-10.,1.));
#2620 = VECTOR('',#2621,1.);
#2621 = DIRECTION('',(0.,0.,-1.));
#2622 = ORIENTED_EDGE('',*,*,#2623,.F.);
#2623 = EDGE_CURVE('',#1665,#2616,#2624,.T.);
#2624 = LINE('',#2625,#2626);
#2625 = CARTESIAN_POINT('',(14.2,-11.49999999999,-6.499999999995));
#2626 = VECTOR('',#2627,1.);
#2627 = DIRECTION('',(0.,-0.707106781186,0.707106781187));
#2628 = ORIENTED_EDGE('',*,*,#1672,.F.);
#2629 = ORIENTED_EDGE('',*,*,#2590,.F.);
#2630 = PLANE('',#2631);
#2631 = AXIS2_PLACEMENT_3D('',#2632,#2633,#2634);
#2632 = CARTESIAN_POINT('',(14.2,-8.,1.));
#2633 = DIRECTION('',(1.,0.,0.));
#2634 = DIRECTION('',(0.,-2.2E-16,-1.));
#2635 = ADVANCED_FACE('',(#2636),#2652,.F.);
#2636 = FACE_BOUND('',#2637,.T.);
#2637 = EDGE_LOOP('',(#2638,#2639,#2640,#2646));
#2638 = ORIENTED_EDGE('',*,*,#2623,.F.);
#2639 = ORIENTED_EDGE('',*,*,#1664,.T.);
#2640 = ORIENTED_EDGE('',*,*,#2641,.F.);
#2641 = EDGE_CURVE('',#2559,#1657,#2642,.T.);
#2642 = LINE('',#2643,#2644);
#2643 = CARTESIAN_POINT('',(20.,-9.749999999998,-8.249999999998));
#2644 = VECTOR('',#2645,1.);
#2645 = DIRECTION('',(-7.1852E-13,0.707106781186,-0.707106781187));
#2646 = ORIENTED_EDGE('',*,*,#2647,.F.);
#2647 = EDGE_CURVE('',#2616,#2559,#2648,.T.);
#2648 = LINE('',#2649,#2650);
#2649 = CARTESIAN_POINT('',(14.2,-10.,-7.999999999996));
#2650 = VECTOR('',#2651,1.);
#2651 = DIRECTION('',(1.,0.,0.));
#2652 = PLANE('',#2653);
#2653 = AXIS2_PLACEMENT_3D('',#2654,#2655,#2656);
#2654 = CARTESIAN_POINT('',(14.2,-9.5,-8.499999999997));
#2655 = DIRECTION('',(-4.132E-14,0.707106781187,0.707106781186));
#2656 = DIRECTION('',(-1.,-2.921765219863E-14,-2.921765219863E-14));
#2657 = ADVANCED_FACE('',(#2658),#2674,.F.);
#2658 = FACE_BOUND('',#2659,.T.);
#2659 = EDGE_LOOP('',(#2660,#2666,#2667,#2668));
#2660 = ORIENTED_EDGE('',*,*,#2661,.F.);
#2661 = EDGE_CURVE('',#1794,#2568,#2662,.T.);
#2662 = LINE('',#2663,#2664);
#2663 = CARTESIAN_POINT('',(20.,-9.25,0.75));
#2664 = VECTOR('',#2665,1.);
#2665 = DIRECTION('',(-2.9E-16,-0.707106781187,-0.707106781187));
#2666 = ORIENTED_EDGE('',*,*,#1793,.T.);
#2667 = ORIENTED_EDGE('',*,*,#2607,.T.);
#2668 = ORIENTED_EDGE('',*,*,#2669,.F.);
#2669 = EDGE_CURVE('',#2568,#2608,#2670,.T.);
#2670 = LINE('',#2671,#2672);
#2671 = CARTESIAN_POINT('',(21.,-10.,4.4E-16));
#2672 = VECTOR('',#2673,1.);
#2673 = DIRECTION('',(-1.,0.,0.));
#2674 = PLANE('',#2675);
#2675 = AXIS2_PLACEMENT_3D('',#2676,#2677,#2678);
#2676 = CARTESIAN_POINT('',(21.,-9.5,0.5));
#2677 = DIRECTION('',(0.,0.707106781187,-0.707106781187));
#2678 = DIRECTION('',(1.,0.,0.));
#2679 = ADVANCED_FACE('',(#2680),#2705,.T.);
#2680 = FACE_BOUND('',#2681,.T.);
#2681 = EDGE_LOOP('',(#2682,#2690,#2691,#2699));
#2682 = ORIENTED_EDGE('',*,*,#2683,.T.);
#2683 = EDGE_CURVE('',#2684,#1817,#2686,.T.);
#2684 = VERTEX_POINT('',#2685);
#2685 = CARTESIAN_POINT('',(5.,-8.,13.));
#2686 = LINE('',#2687,#2688);
#2687 = CARTESIAN_POINT('',(5.,-7.75,13.25));
#2688 = VECTOR('',#2689,1.);
#2689 = DIRECTION('',(-5.8E-16,0.707106781187,0.707106781187));
#2690 = ORIENTED_EDGE('',*,*,#1824,.T.);
#2691 = ORIENTED_EDGE('',*,*,#2692,.F.);
#2692 = EDGE_CURVE('',#2693,#1825,#2695,.T.);
#2693 = VERTEX_POINT('',#2694);
#2694 = CARTESIAN_POINT('',(-5.,-8.,13.));
#2695 = LINE('',#2696,#2697);
#2696 = CARTESIAN_POINT('',(-5.,-7.75,13.25));
#2697 = VECTOR('',#2698,1.);
#2698 = DIRECTION('',(0.,0.707106781187,0.707106781187));
#2699 = ORIENTED_EDGE('',*,*,#2700,.F.);
#2700 = EDGE_CURVE('',#2684,#2693,#2701,.T.);
#2701 = LINE('',#2702,#2703);
#2702 = CARTESIAN_POINT('',(6.,-8.,13.));
#2703 = VECTOR('',#2704,1.);
#2704 = DIRECTION('',(-1.,0.,0.));
#2705 = PLANE('',#2706);
#2706 = AXIS2_PLACEMENT_3D('',#2707,#2708,#2709);
#2707 = CARTESIAN_POINT('',(6.,-7.5,13.5));
#2708 = DIRECTION('',(0.,-0.707106781187,0.707106781187));
#2709 = DIRECTION('',(-1.,0.,0.));
#2710 = ADVANCED_FACE('',(#2711),#2721,.T.);
#2711 = FACE_BOUND('',#2712,.T.);
#2712 = EDGE_LOOP('',(#2713,#2714,#2720));
#2713 = ORIENTED_EDGE('',*,*,#2683,.F.);
#2714 = ORIENTED_EDGE('',*,*,#2715,.T.);
#2715 = EDGE_CURVE('',#2684,#1849,#2716,.T.);
#2716 = LINE('',#2717,#2718);
#2717 = CARTESIAN_POINT('',(5.25,-7.75,13.));
#2718 = VECTOR('',#2719,1.);
#2719 = DIRECTION('',(0.707106781187,0.707106781187,6.7E-16));
#2720 = ORIENTED_EDGE('',*,*,#1848,.F.);
#2721 = PLANE('',#2722);
#2722 = AXIS2_PLACEMENT_3D('',#2723,#2724,#2725);
#2723 = CARTESIAN_POINT('',(5.,-8.,13.));
#2724 = DIRECTION('',(0.57735026919,-0.57735026919,0.57735026919));
#2725 = DIRECTION('',(0.707106781187,-6.383782391595E-16,-0.707106781187
    ));
#2726 = ADVANCED_FACE('',(#2727),#2737,.F.);
#2727 = FACE_BOUND('',#2728,.F.);
#2728 = EDGE_LOOP('',(#2729,#2730,#2736));
#2729 = ORIENTED_EDGE('',*,*,#2692,.F.);
#2730 = ORIENTED_EDGE('',*,*,#2731,.T.);
#2731 = EDGE_CURVE('',#2693,#1873,#2732,.T.);
#2732 = LINE('',#2733,#2734);
#2733 = CARTESIAN_POINT('',(-5.25,-7.75,13.));
#2734 = VECTOR('',#2735,1.);
#2735 = DIRECTION('',(-0.707106781187,0.707106781187,0.));
#2736 = ORIENTED_EDGE('',*,*,#1872,.F.);
#2737 = PLANE('',#2738);
#2738 = AXIS2_PLACEMENT_3D('',#2739,#2740,#2741);
#2739 = CARTESIAN_POINT('',(-5.,-8.,13.));
#2740 = DIRECTION('',(0.57735026919,0.57735026919,-0.57735026919));
#2741 = DIRECTION('',(-0.707106781187,0.,-0.707106781187));
#2742 = ADVANCED_FACE('',(#2743),#2761,.T.);
#2743 = FACE_BOUND('',#2744,.T.);
#2744 = EDGE_LOOP('',(#2745,#2753,#2754,#2755));
#2745 = ORIENTED_EDGE('',*,*,#2746,.T.);
#2746 = EDGE_CURVE('',#2747,#1896,#2749,.T.);
#2747 = VERTEX_POINT('',#2748);
#2748 = CARTESIAN_POINT('',(5.,-8.,3.));
#2749 = LINE('',#2750,#2751);
#2750 = CARTESIAN_POINT('',(5.25,-7.75,3.));
#2751 = VECTOR('',#2752,1.);
#2752 = DIRECTION('',(0.707106781187,0.707106781187,0.));
#2753 = ORIENTED_EDGE('',*,*,#1903,.T.);
#2754 = ORIENTED_EDGE('',*,*,#2715,.F.);
#2755 = ORIENTED_EDGE('',*,*,#2756,.F.);
#2756 = EDGE_CURVE('',#2747,#2684,#2757,.T.);
#2757 = LINE('',#2758,#2759);
#2758 = CARTESIAN_POINT('',(5.,-8.,2.));
#2759 = VECTOR('',#2760,1.);
#2760 = DIRECTION('',(0.,2.2E-16,1.));
#2761 = PLANE('',#2762);
#2762 = AXIS2_PLACEMENT_3D('',#2763,#2764,#2765);
#2763 = CARTESIAN_POINT('',(5.5,-7.5,2.));
#2764 = DIRECTION('',(0.707106781187,-0.707106781187,1.1E-16));
#2765 = DIRECTION('',(3.221825406948E-17,1.877817459305E-16,1.));
#2766 = ADVANCED_FACE('',(#2767),#2785,.T.);
#2767 = FACE_BOUND('',#2768,.T.);
#2768 = EDGE_LOOP('',(#2769,#2770,#2771,#2779));
#2769 = ORIENTED_EDGE('',*,*,#2731,.T.);
#2770 = ORIENTED_EDGE('',*,*,#1929,.T.);
#2771 = ORIENTED_EDGE('',*,*,#2772,.F.);
#2772 = EDGE_CURVE('',#2773,#1920,#2775,.T.);
#2773 = VERTEX_POINT('',#2774);
#2774 = CARTESIAN_POINT('',(-5.,-8.,3.));
#2775 = LINE('',#2776,#2777);
#2776 = CARTESIAN_POINT('',(-5.25,-7.75,3.));
#2777 = VECTOR('',#2778,1.);
#2778 = DIRECTION('',(-0.707106781187,0.707106781187,6.7E-16));
#2779 = ORIENTED_EDGE('',*,*,#2780,.F.);
#2780 = EDGE_CURVE('',#2693,#2773,#2781,.T.);
#2781 = LINE('',#2782,#2783);
#2782 = CARTESIAN_POINT('',(-5.,-8.,14.));
#2783 = VECTOR('',#2784,1.);
#2784 = DIRECTION('',(0.,-2.2E-16,-1.));
#2785 = PLANE('',#2786);
#2786 = AXIS2_PLACEMENT_3D('',#2787,#2788,#2789);
#2787 = CARTESIAN_POINT('',(-5.5,-7.5,14.));
#2788 = DIRECTION('',(-0.707106781187,-0.707106781187,1.1E-16));
#2789 = DIRECTION('',(3.221825406948E-17,-1.877817459305E-16,-1.));
#2790 = ADVANCED_FACE('',(#2791),#2801,.F.);
#2791 = FACE_BOUND('',#2792,.F.);
#2792 = EDGE_LOOP('',(#2793,#2799,#2800));
#2793 = ORIENTED_EDGE('',*,*,#2794,.F.);
#2794 = EDGE_CURVE('',#2747,#1945,#2795,.T.);
#2795 = LINE('',#2796,#2797);
#2796 = CARTESIAN_POINT('',(5.,-7.75,2.75));
#2797 = VECTOR('',#2798,1.);
#2798 = DIRECTION('',(6.7E-16,0.707106781187,-0.707106781187));
#2799 = ORIENTED_EDGE('',*,*,#2746,.T.);
#2800 = ORIENTED_EDGE('',*,*,#1944,.F.);
#2801 = PLANE('',#2802);
#2802 = AXIS2_PLACEMENT_3D('',#2803,#2804,#2805);
#2803 = CARTESIAN_POINT('',(5.,-8.,3.));
#2804 = DIRECTION('',(-0.57735026919,0.57735026919,0.57735026919));
#2805 = DIRECTION('',(0.707106781187,0.,0.707106781187));
#2806 = ADVANCED_FACE('',(#2807),#2817,.F.);
#2807 = FACE_BOUND('',#2808,.F.);
#2808 = EDGE_LOOP('',(#2809,#2810,#2816));
#2809 = ORIENTED_EDGE('',*,*,#2772,.F.);
#2810 = ORIENTED_EDGE('',*,*,#2811,.T.);
#2811 = EDGE_CURVE('',#2773,#1968,#2812,.T.);
#2812 = LINE('',#2813,#2814);
#2813 = CARTESIAN_POINT('',(-5.,-7.75,2.75));
#2814 = VECTOR('',#2815,1.);
#2815 = DIRECTION('',(-1.25E-15,0.707106781187,-0.707106781187));
#2816 = ORIENTED_EDGE('',*,*,#1975,.F.);
#2817 = PLANE('',#2818);
#2818 = AXIS2_PLACEMENT_3D('',#2819,#2820,#2821);
#2819 = CARTESIAN_POINT('',(-5.,-8.,3.));
#2820 = DIRECTION('',(0.57735026919,0.57735026919,0.57735026919));
#2821 = DIRECTION('',(0.707106781187,-6.383782391595E-16,-0.707106781187
    ));
#2822 = ADVANCED_FACE('',(#2823),#2834,.T.);
#2823 = FACE_BOUND('',#2824,.T.);
#2824 = EDGE_LOOP('',(#2825,#2826,#2827,#2828));
#2825 = ORIENTED_EDGE('',*,*,#2811,.T.);
#2826 = ORIENTED_EDGE('',*,*,#1992,.T.);
#2827 = ORIENTED_EDGE('',*,*,#2794,.F.);
#2828 = ORIENTED_EDGE('',*,*,#2829,.F.);
#2829 = EDGE_CURVE('',#2773,#2747,#2830,.T.);
#2830 = LINE('',#2831,#2832);
#2831 = CARTESIAN_POINT('',(-6.,-8.,3.));
#2832 = VECTOR('',#2833,1.);
#2833 = DIRECTION('',(1.,0.,0.));
#2834 = PLANE('',#2835);
#2835 = AXIS2_PLACEMENT_3D('',#2836,#2837,#2838);
#2836 = CARTESIAN_POINT('',(-6.,-7.5,2.5));
#2837 = DIRECTION('',(0.,-0.707106781187,-0.707106781187));
#2838 = DIRECTION('',(1.,0.,0.));
#2839 = ADVANCED_FACE('',(#2840),#2865,.F.);
#2840 = FACE_BOUND('',#2841,.F.);
#2841 = EDGE_LOOP('',(#2842,#2850,#2858,#2864));
#2842 = ORIENTED_EDGE('',*,*,#2843,.T.);
#2843 = EDGE_CURVE('',#2292,#2844,#2846,.T.);
#2844 = VERTEX_POINT('',#2845);
#2845 = CARTESIAN_POINT('',(1.999999999987,2.,6.845299461621));
#2846 = LINE('',#2847,#2848);
#2847 = CARTESIAN_POINT('',(1.999999999987,5.,6.845299461621));
#2848 = VECTOR('',#2849,1.);
#2849 = DIRECTION('',(0.,-1.,2.2E-16));
#2850 = ORIENTED_EDGE('',*,*,#2851,.T.);
#2851 = EDGE_CURVE('',#2844,#2852,#2854,.T.);
#2852 = VERTEX_POINT('',#2853);
#2853 = CARTESIAN_POINT('',(0.,2.,5.690598923254));
#2854 = LINE('',#2855,#2856);
#2855 = CARTESIAN_POINT('',(1.999999999987,2.,6.845299461621));
#2856 = VECTOR('',#2857,1.);
#2857 = DIRECTION('',(-0.866025403785,0.,-0.499999999999));
#2858 = ORIENTED_EDGE('',*,*,#2859,.F.);
#2859 = EDGE_CURVE('',#2294,#2852,#2860,.T.);
#2860 = LINE('',#2861,#2862);
#2861 = CARTESIAN_POINT('',(0.,5.,5.690598923254));
#2862 = VECTOR('',#2863,1.);
#2863 = DIRECTION('',(0.,-1.,2.2E-16));
#2864 = ORIENTED_EDGE('',*,*,#2291,.F.);
#2865 = PLANE('',#2866);
#2866 = AXIS2_PLACEMENT_3D('',#2867,#2868,#2869);
#2867 = CARTESIAN_POINT('',(1.999999999987,5.,6.845299461621));
#2868 = DIRECTION('',(0.499999999999,-1.9E-16,-0.866025403785));
#2869 = DIRECTION('',(-0.866025403785,-1.1E-16,-0.499999999999));
#2870 = ADVANCED_FACE('',(#2871),#2889,.F.);
#2871 = FACE_BOUND('',#2872,.F.);
#2872 = EDGE_LOOP('',(#2873,#2881,#2887,#2888));
#2873 = ORIENTED_EDGE('',*,*,#2874,.T.);
#2874 = EDGE_CURVE('',#2302,#2875,#2877,.T.);
#2875 = VERTEX_POINT('',#2876);
#2876 = CARTESIAN_POINT('',(1.999999999983,2.,9.154700538384));
#2877 = LINE('',#2878,#2879);
#2878 = CARTESIAN_POINT('',(1.999999999983,5.,9.154700538384));
#2879 = VECTOR('',#2880,1.);
#2880 = DIRECTION('',(0.,-1.,2.2E-16));
#2881 = ORIENTED_EDGE('',*,*,#2882,.T.);
#2882 = EDGE_CURVE('',#2875,#2844,#2883,.T.);
#2883 = LINE('',#2884,#2885);
#2884 = CARTESIAN_POINT('',(1.999999999983,2.,9.154700538384));
#2885 = VECTOR('',#2886,1.);
#2886 = DIRECTION('',(1.6101E-12,0.,-1.));
#2887 = ORIENTED_EDGE('',*,*,#2843,.F.);
#2888 = ORIENTED_EDGE('',*,*,#2301,.F.);
#2889 = PLANE('',#2890);
#2890 = AXIS2_PLACEMENT_3D('',#2891,#2892,#2893);
#2891 = CARTESIAN_POINT('',(1.999999999983,5.,9.154700538384));
#2892 = DIRECTION('',(1.,0.,1.6101E-12));
#2893 = DIRECTION('',(1.6101E-12,-2.2E-16,-1.));
#2894 = ADVANCED_FACE('',(#2895),#2913,.F.);
#2895 = FACE_BOUND('',#2896,.F.);
#2896 = EDGE_LOOP('',(#2897,#2898,#2906,#2912));
#2897 = ORIENTED_EDGE('',*,*,#2859,.T.);
#2898 = ORIENTED_EDGE('',*,*,#2899,.T.);
#2899 = EDGE_CURVE('',#2852,#2900,#2902,.T.);
#2900 = VERTEX_POINT('',#2901);
#2901 = CARTESIAN_POINT('',(-1.999999999986,2.,6.845299461621));
#2902 = LINE('',#2903,#2904);
#2903 = CARTESIAN_POINT('',(0.,2.,5.690598923254));
#2904 = VECTOR('',#2905,1.);
#2905 = DIRECTION('',(-0.866025403785,0.,0.499999999999));
#2906 = ORIENTED_EDGE('',*,*,#2907,.F.);
#2907 = EDGE_CURVE('',#2326,#2900,#2908,.T.);
#2908 = LINE('',#2909,#2910);
#2909 = CARTESIAN_POINT('',(-1.999999999986,5.,6.845299461621));
#2910 = VECTOR('',#2911,1.);
#2911 = DIRECTION('',(0.,-1.,2.2E-16));
#2912 = ORIENTED_EDGE('',*,*,#2333,.F.);
#2913 = PLANE('',#2914);
#2914 = AXIS2_PLACEMENT_3D('',#2915,#2916,#2917);
#2915 = CARTESIAN_POINT('',(0.,5.,5.690598923254));
#2916 = DIRECTION('',(-0.499999999999,-1.9E-16,-0.866025403785));
#2917 = DIRECTION('',(-0.866025403785,1.1E-16,0.499999999999));
#2918 = ADVANCED_FACE('',(#2919),#2937,.F.);
#2919 = FACE_BOUND('',#2920,.F.);
#2920 = EDGE_LOOP('',(#2921,#2929,#2935,#2936));
#2921 = ORIENTED_EDGE('',*,*,#2922,.T.);
#2922 = EDGE_CURVE('',#2310,#2923,#2925,.T.);
#2923 = VERTEX_POINT('',#2924);
#2924 = CARTESIAN_POINT('',(-2.1172E-11,2.,10.309401076746));
#2925 = LINE('',#2926,#2927);
#2926 = CARTESIAN_POINT('',(-2.117173E-11,5.,10.309401076746));
#2927 = VECTOR('',#2928,1.);
#2928 = DIRECTION('',(0.,-1.,2.2E-16));
#2929 = ORIENTED_EDGE('',*,*,#2930,.T.);
#2930 = EDGE_CURVE('',#2923,#2875,#2931,.T.);
#2931 = LINE('',#2932,#2933);
#2932 = CARTESIAN_POINT('',(-2.117173E-11,2.,10.309401076746));
#2933 = VECTOR('',#2934,1.);
#2934 = DIRECTION('',(0.866025403788,0.,-0.499999999994));
#2935 = ORIENTED_EDGE('',*,*,#2874,.F.);
#2936 = ORIENTED_EDGE('',*,*,#2309,.F.);
#2937 = PLANE('',#2938);
#2938 = AXIS2_PLACEMENT_3D('',#2939,#2940,#2941);
#2939 = CARTESIAN_POINT('',(-2.117173E-11,5.,10.309401076746));
#2940 = DIRECTION('',(0.499999999994,1.9E-16,0.866025403788));
#2941 = DIRECTION('',(0.866025403788,-1.1E-16,-0.499999999994));
#2942 = ADVANCED_FACE('',(#2943),#2961,.F.);
#2943 = FACE_BOUND('',#2944,.F.);
#2944 = EDGE_LOOP('',(#2945,#2946,#2954,#2960));
#2945 = ORIENTED_EDGE('',*,*,#2907,.T.);
#2946 = ORIENTED_EDGE('',*,*,#2947,.T.);
#2947 = EDGE_CURVE('',#2900,#2948,#2950,.T.);
#2948 = VERTEX_POINT('',#2949);
#2949 = CARTESIAN_POINT('',(-1.999999999997,2.,9.154700538361));
#2950 = LINE('',#2951,#2952);
#2951 = CARTESIAN_POINT('',(-1.999999999986,2.,6.845299461621));
#2952 = VECTOR('',#2953,1.);
#2953 = DIRECTION('',(-4.85817E-12,0.,1.));
#2954 = ORIENTED_EDGE('',*,*,#2955,.F.);
#2955 = EDGE_CURVE('',#2318,#2948,#2956,.T.);
#2956 = LINE('',#2957,#2958);
#2957 = CARTESIAN_POINT('',(-1.999999999997,5.,9.154700538361));
#2958 = VECTOR('',#2959,1.);
#2959 = DIRECTION('',(0.,-1.,2.2E-16));
#2960 = ORIENTED_EDGE('',*,*,#2325,.F.);
#2961 = PLANE('',#2962);
#2962 = AXIS2_PLACEMENT_3D('',#2963,#2964,#2965);
#2963 = CARTESIAN_POINT('',(-1.999999999986,5.,6.845299461621));
#2964 = DIRECTION('',(-1.,-0.,-4.85817E-12));
#2965 = DIRECTION('',(-4.85817E-12,2.2E-16,1.));
#2966 = ADVANCED_FACE('',(#2967),#2978,.F.);
#2967 = FACE_BOUND('',#2968,.F.);
#2968 = EDGE_LOOP('',(#2969,#2970,#2976,#2977));
#2969 = ORIENTED_EDGE('',*,*,#2955,.T.);
#2970 = ORIENTED_EDGE('',*,*,#2971,.T.);
#2971 = EDGE_CURVE('',#2948,#2923,#2972,.T.);
#2972 = LINE('',#2973,#2974);
#2973 = CARTESIAN_POINT('',(-1.999999999997,2.,9.154700538361));
#2974 = VECTOR('',#2975,1.);
#2975 = DIRECTION('',(0.866025403781,0.,0.500000000006));
#2976 = ORIENTED_EDGE('',*,*,#2922,.F.);
#2977 = ORIENTED_EDGE('',*,*,#2317,.F.);
#2978 = PLANE('',#2979);
#2979 = AXIS2_PLACEMENT_3D('',#2980,#2981,#2982);
#2980 = CARTESIAN_POINT('',(-1.999999999997,5.,9.154700538361));
#2981 = DIRECTION('',(-0.500000000006,1.9E-16,0.866025403781));
#2982 = DIRECTION('',(0.866025403781,1.1E-16,0.500000000006));
#2983 = ADVANCED_FACE('',(#2984),#2989,.F.);
#2984 = FACE_BOUND('',#2985,.F.);
#2985 = EDGE_LOOP('',(#2986,#2987,#2988));
#2986 = ORIENTED_EDGE('',*,*,#2400,.F.);
#2987 = ORIENTED_EDGE('',*,*,#2480,.T.);
#2988 = ORIENTED_EDGE('',*,*,#2367,.F.);
#2989 = PLANE('',#2990);
#2990 = AXIS2_PLACEMENT_3D('',#2991,#2992,#2993);
#2991 = CARTESIAN_POINT('',(-20.,-10.,-8.));
#2992 = DIRECTION('',(0.57735026919,0.57735026919,0.57735026919));
#2993 = DIRECTION('',(0.707106781187,1.249000902703E-15,-0.707106781187)
  );
#2994 = ADVANCED_FACE('',(#2995),#3000,.F.);
#2995 = FACE_BOUND('',#2996,.F.);
#2996 = EDGE_LOOP('',(#2997,#2998,#2999));
#2997 = ORIENTED_EDGE('',*,*,#2384,.F.);
#2998 = ORIENTED_EDGE('',*,*,#2504,.T.);
#2999 = ORIENTED_EDGE('',*,*,#2416,.F.);
#3000 = PLANE('',#3001);
#3001 = AXIS2_PLACEMENT_3D('',#3002,#3003,#3004);
#3002 = CARTESIAN_POINT('',(-20.,-9.,1.));
#3003 = DIRECTION('',(0.57735026919,0.57735026919,-0.57735026919));
#3004 = DIRECTION('',(0.707106781187,-0.707106781187,-3.053113317719E-16
    ));
#3005 = ADVANCED_FACE('',(#3006),#3012,.F.);
#3006 = FACE_BOUND('',#3007,.F.);
#3007 = EDGE_LOOP('',(#3008,#3009,#3010,#3011));
#3008 = ORIENTED_EDGE('',*,*,#2456,.F.);
#3009 = ORIENTED_EDGE('',*,*,#2488,.F.);
#3010 = ORIENTED_EDGE('',*,*,#2408,.F.);
#3011 = ORIENTED_EDGE('',*,*,#2510,.F.);
#3012 = PLANE('',#3013);
#3013 = AXIS2_PLACEMENT_3D('',#3014,#3015,#3016);
#3014 = CARTESIAN_POINT('',(-2.38159E-12,-10.,-3.999999999999));
#3015 = DIRECTION('',(0.,1.,0.));
#3016 = DIRECTION('',(0.,0.,1.));
#3017 = ADVANCED_FACE('',(#3018),#3023,.T.);
#3018 = FACE_BOUND('',#3019,.T.);
#3019 = EDGE_LOOP('',(#3020,#3021,#3022));
#3020 = ORIENTED_EDGE('',*,*,#2558,.F.);
#3021 = ORIENTED_EDGE('',*,*,#2641,.T.);
#3022 = ORIENTED_EDGE('',*,*,#2526,.F.);
#3023 = PLANE('',#3024);
#3024 = AXIS2_PLACEMENT_3D('',#3025,#3026,#3027);
#3025 = CARTESIAN_POINT('',(20.,-10.,-7.999999999996));
#3026 = DIRECTION('',(0.577350269189,-0.57735026919,-0.57735026919));
#3027 = DIRECTION('',(-0.707106781187,1.205979760499E-13,-0.707106781186
    ));
#3028 = ADVANCED_FACE('',(#3029),#3034,.T.);
#3029 = FACE_BOUND('',#3030,.T.);
#3030 = EDGE_LOOP('',(#3031,#3032,#3033));
#3031 = ORIENTED_EDGE('',*,*,#2543,.F.);
#3032 = ORIENTED_EDGE('',*,*,#2661,.T.);
#3033 = ORIENTED_EDGE('',*,*,#2567,.F.);
#3034 = PLANE('',#3035);
#3035 = AXIS2_PLACEMENT_3D('',#3036,#3037,#3038);
#3036 = CARTESIAN_POINT('',(20.,-9.,1.));
#3037 = DIRECTION('',(0.57735026919,-0.57735026919,0.57735026919));
#3038 = DIRECTION('',(-0.707106781187,-0.707106781187,
    -7.216449660064E-16));
#3039 = ADVANCED_FACE('',(#3040),#3046,.F.);
#3040 = FACE_BOUND('',#3041,.F.);
#3041 = EDGE_LOOP('',(#3042,#3043,#3044,#3045));
#3042 = ORIENTED_EDGE('',*,*,#2615,.F.);
#3043 = ORIENTED_EDGE('',*,*,#2669,.F.);
#3044 = ORIENTED_EDGE('',*,*,#2575,.F.);
#3045 = ORIENTED_EDGE('',*,*,#2647,.F.);
#3046 = PLANE('',#3047);
#3047 = AXIS2_PLACEMENT_3D('',#3048,#3049,#3050);
#3048 = CARTESIAN_POINT('',(-2.38159E-12,-10.,-3.999999999999));
#3049 = DIRECTION('',(0.,1.,0.));
#3050 = DIRECTION('',(0.,0.,1.));
#3051 = ADVANCED_FACE('',(#3052,#3058),#3069,.F.);
#3052 = FACE_BOUND('',#3053,.F.);
#3053 = EDGE_LOOP('',(#3054,#3055,#3056,#3057));
#3054 = ORIENTED_EDGE('',*,*,#2700,.F.);
#3055 = ORIENTED_EDGE('',*,*,#2756,.F.);
#3056 = ORIENTED_EDGE('',*,*,#2829,.F.);
#3057 = ORIENTED_EDGE('',*,*,#2780,.F.);
#3058 = FACE_BOUND('',#3059,.F.);
#3059 = EDGE_LOOP('',(#3060));
#3060 = ORIENTED_EDGE('',*,*,#3061,.T.);
#3061 = EDGE_CURVE('',#3062,#3062,#3064,.T.);
#3062 = VERTEX_POINT('',#3063);
#3063 = CARTESIAN_POINT('',(1.,-8.,8.));
#3064 = CIRCLE('',#3065,1.);
#3065 = AXIS2_PLACEMENT_3D('',#3066,#3067,#3068);
#3066 = CARTESIAN_POINT('',(0.,-8.,8.));
#3067 = DIRECTION('',(0.,-1.,2.2E-16));
#3068 = DIRECTION('',(1.,0.,0.));
#3069 = PLANE('',#3070);
#3070 = AXIS2_PLACEMENT_3D('',#3071,#3072,#3073);
#3071 = CARTESIAN_POINT('',(0.,-8.,0.940966252493));
#3072 = DIRECTION('',(0.,1.,-2.3E-16));
#3073 = DIRECTION('',(0.,2.3E-16,1.));
#3074 = ADVANCED_FACE('',(#3075,#3083),#3094,.T.);
#3075 = FACE_BOUND('',#3076,.T.);
#3076 = EDGE_LOOP('',(#3077,#3078,#3079,#3080,#3081,#3082));
#3077 = ORIENTED_EDGE('',*,*,#2851,.T.);
#3078 = ORIENTED_EDGE('',*,*,#2899,.T.);
#3079 = ORIENTED_EDGE('',*,*,#2947,.T.);
#3080 = ORIENTED_EDGE('',*,*,#2971,.T.);
#3081 = ORIENTED_EDGE('',*,*,#2930,.T.);
#3082 = ORIENTED_EDGE('',*,*,#2882,.T.);
#3083 = FACE_BOUND('',#3084,.T.);
#3084 = EDGE_LOOP('',(#3085));
#3085 = ORIENTED_EDGE('',*,*,#3086,.T.);
#3086 = EDGE_CURVE('',#3087,#3087,#3089,.T.);
#3087 = VERTEX_POINT('',#3088);
#3088 = CARTESIAN_POINT('',(1.,2.,8.));
#3089 = CIRCLE('',#3090,1.);
#3090 = AXIS2_PLACEMENT_3D('',#3091,#3092,#3093);
#3091 = CARTESIAN_POINT('',(0.,2.,8.));
#3092 = DIRECTION('',(0.,-1.,2.2E-16));
#3093 = DIRECTION('',(1.,0.,0.));
#3094 = PLANE('',#3095);
#3095 = AXIS2_PLACEMENT_3D('',#3096,#3097,#3098);
#3096 = CARTESIAN_POINT('',(-1.60939E-12,2.,8.));
#3097 = DIRECTION('',(0.,1.,-2.6E-16));
#3098 = DIRECTION('',(0.,2.6E-16,1.));
#3099 = ADVANCED_FACE('',(#3100),#3110,.F.);
#3100 = FACE_BOUND('',#3101,.F.);
#3101 = EDGE_LOOP('',(#3102,#3103,#3108,#3109));
#3102 = ORIENTED_EDGE('',*,*,#3086,.T.);
#3103 = ORIENTED_EDGE('',*,*,#3104,.T.);
#3104 = EDGE_CURVE('',#3087,#3062,#3105,.T.);
#3105 = B_SPLINE_CURVE_WITH_KNOTS('',1,(#3106,#3107),.UNSPECIFIED.,.F.,
  .F.,(2,2),(-10.,3.),.PIECEWISE_BEZIER_KNOTS.);
#3106 = CARTESIAN_POINT('',(1.,5.,8.));
#3107 = CARTESIAN_POINT('',(1.,-8.,8.));
#3108 = ORIENTED_EDGE('',*,*,#3061,.F.);
#3109 = ORIENTED_EDGE('',*,*,#3104,.F.);
#3110 = CYLINDRICAL_SURFACE('',#3111,1.);
#3111 = AXIS2_PLACEMENT_3D('',#3112,#3113,#3114);
#3112 = CARTESIAN_POINT('',(0.,-5.,8.));
#3113 = DIRECTION('',(0.,-1.,2.2E-16));
#3114 = DIRECTION('',(1.,0.,0.));
#3115 = ( GEOMETRIC_REPRESENTATION_CONTEXT(3) 
GLOBAL_UNCERTAINTY_ASSIGNED_CONTEXT((#3119)) 
GLOBAL_UNIT_ASSIGNED_CONTEXT((#3116,#3117,#3118)) REPRESENTATION_CONTEXT
('Context #1','3D Context with UNIT and UNCERTAINTY') );
#3116 = ( LENGTH_UNIT() NAMED_UNIT(*) SI_UNIT(.MILLI.,.METRE.) );
#3117 = ( NAMED_UNIT(*) PLANE_ANGLE_UNIT() SI_UNIT($,.RADIAN.) );
#3118 = ( NAMED_UNIT(*) SI_UNIT($,.STERADIAN.) SOLID_ANGLE_UNIT() );
#3119 = UNCERTAINTY_MEASURE_WITH_UNIT(LENGTH_MEASURE(5.E-06),#3116,
  'distance_accuracy_value','confusion accuracy');
#3120 = PRODUCT_RELATED_PRODUCT_CATEGORY('part',$,(#7));
#3121 = MECHANICAL_DESIGN_GEOMETRIC_PRESENTATION_REPRESENTATION('',(
    #3122),#3115);
#3122 = STYLED_ITEM('color',(#3123),#15);
#3123 = PRESENTATION_STYLE_ASSIGNMENT((#3124,#3130));
#3124 = SURFACE_STYLE_USAGE(.BOTH.,#3125);
#3125 = SURFACE_SIDE_STYLE('',(#3126));
#3126 = SURFACE_STYLE_FILL_AREA(#3127);
#3127 = FILL_AREA_STYLE('',(#3128));
#3128 = FILL_AREA_STYLE_COLOUR('',#3129);
#3129 = COLOUR_RGB('',0.447058818107,0.474509808674,0.501960817233);
#3130 = CURVE_STYLE('',#3131,POSITIVE_LENGTH_MEASURE(0.1),#3132);
#3131 = DRAUGHTING_PRE_DEFINED_CURVE_FONT('continuous');
#3132 = COLOUR_RGB('',9.803921802644E-02,9.803921802644E-02,
  9.803921802644E-02);
ENDSEC;
END-ISO-10303-21;
