ISO-10303-21;
HEADER;
FILE_DESCRIPTION(('FreeCAD Model'),'2;1');
FILE_NAME('Open CASCADE Shape Model','2026-09-06T12:30:42',('FreeCAD'),(
    'FreeCAD'),'Open CASCADE STEP processor 7.8','FreeCAD','Unknown');
FILE_SCHEMA(('AUTOMOTIVE_DESIGN { 1 0 10303 214 1 1 1 1 }'));
ENDSEC;
DATA;
#1 = APPLICATION_PROTOCOL_DEFINITION('international standard',
  'automotive_design',2000,#2);
#2 = APPLICATION_CONTEXT(
  'core data for automotive mechanical design processes');
#3 = SHAPE_DEFINITION_REPRESENTATION(#4,#10);
#4 = PRODUCT_DEFINITION_SHAPE('','',#5);
#5 = PRODUCT_DEFINITION('design','',#6,#9);
#6 = PRODUCT_DEFINITION_FORMATION('','',#7);
#7 = PRODUCT('Open CASCADE STEP translator 7.8 250',
  'Open CASCADE STEP translator 7.8 250','',(#8));
#8 = PRODUCT_CONTEXT('',#2,'mechanical');
#9 = PRODUCT_DEFINITION_CONTEXT('part definition',#2,'design');
#10 = ADVANCED_BREP_SHAPE_REPRESENTATION('',(#11,#15),#3456);
#11 = AXIS2_PLACEMENT_3D('',#12,#13,#14);
#12 = CARTESIAN_POINT('',(0.,0.,0.));
#13 = DIRECTION('',(0.,0.,1.));
#14 = DIRECTION('',(1.,0.,-0.));
#15 = MANIFOLD_SOLID_BREP('',#16);
#16 = CLOSED_SHELL('',(#17,#124,#155,#186,#217,#248,#273,#298,#323,#354,
    #378,#402,#419,#435,#466,#482,#617,#633,#649,#789,#820,#844,#869,
    #894,#925,#1058,#1174,#1191,#1208,#1239,#1256,#1285,#1309,#1333,
    #1350,#1381,#1412,#1443,#1460,#1478,#1496,#1527,#1551,#1575,#1592,
    #1609,#1651,#1675,#1699,#1723,#1747,#1771,#1795,#1819,#1844,#1868,
    #1900,#1917,#1946,#1973,#2011,#2031,#2051,#2082,#2106,#2123,#2140,
    #2152,#2180,#2197,#2214,#2231,#2254,#2278,#2300,#2328,#2345,#2368,
    #2385,#2396,#2407,#2564,#2587,#2619,#2635,#2646,#2662,#2693,#2732,
    #2748,#2759,#2778,#2803,#2828,#2871,#2893,#2916,#2932,#2963,#2987,
    #3011,#3028,#3059,#3083,#3107,#3124,#3155,#3179,#3203,#3220,#3237,
    #3261,#3278,#3295,#3319,#3341,#3353,#3368,#3383,#3405,#3417,#3440));
#17 = ADVANCED_FACE('',(#18,#52,#63,#74,#85),#119,.T.);
#18 = FACE_BOUND('',#19,.T.);
#19 = EDGE_LOOP('',(#20,#30,#38,#46));
#20 = ORIENTED_EDGE('',*,*,#21,.T.);
#21 = EDGE_CURVE('',#22,#24,#26,.T.);
#22 = VERTEX_POINT('',#23);
#23 = CARTESIAN_POINT('',(-16.,12.5,42.));
#24 = VERTEX_POINT('',#25);
#25 = CARTESIAN_POINT('',(32.,12.5,42.));
#26 = LINE('',#27,#28);
#27 = CARTESIAN_POINT('',(-17.,12.5,42.));
#28 = VECTOR('',#29,1.);
#29 = DIRECTION('',(1.,0.,-2.2E-16));
#30 = ORIENTED_EDGE('',*,*,#31,.F.);
#31 = EDGE_CURVE('',#32,#24,#34,.T.);
#32 = VERTEX_POINT('',#33);
#33 = CARTESIAN_POINT('',(32.,12.5,-42.));
#34 = LINE('',#35,#36);
#35 = CARTESIAN_POINT('',(32.,12.5,-43.));
#36 = VECTOR('',#37,1.);
#37 = DIRECTION('',(2.2E-16,0.,1.));
#38 = ORIENTED_EDGE('',*,*,#39,.F.);
#39 = EDGE_CURVE('',#40,#32,#42,.T.);
#40 = VERTEX_POINT('',#41);
#41 = CARTESIAN_POINT('',(-16.,12.5,-42.));
#42 = LINE('',#43,#44);
#43 = CARTESIAN_POINT('',(-17.,12.5,-42.));
#44 = VECTOR('',#45,1.);
#45 = DIRECTION('',(1.,0.,-2.2E-16));
#46 = ORIENTED_EDGE('',*,*,#47,.F.);
#47 = EDGE_CURVE('',#22,#40,#48,.T.);
#48 = LINE('',#49,#50);
#49 = CARTESIAN_POINT('',(-16.,12.5,43.));
#50 = VECTOR('',#51,1.);
#51 = DIRECTION('',(0.,0.,-1.));
#52 = FACE_BOUND('',#53,.T.);
#53 = EDGE_LOOP('',(#54));
#54 = ORIENTED_EDGE('',*,*,#55,.F.);
#55 = EDGE_CURVE('',#56,#56,#58,.T.);
#56 = VERTEX_POINT('',#57);
#57 = CARTESIAN_POINT('',(10.1,12.5,5.E-15));
#58 = CIRCLE('',#59,5.1);
#59 = AXIS2_PLACEMENT_3D('',#60,#61,#62);
#60 = CARTESIAN_POINT('',(5.,12.5,-2.78E-15));
#61 = DIRECTION('',(0.,1.,-1.E-17));
#62 = DIRECTION('',(1.,1.07E-32,1.07E-15));
#63 = FACE_BOUND('',#64,.T.);
#64 = EDGE_LOOP('',(#65));
#65 = ORIENTED_EDGE('',*,*,#66,.F.);
#66 = EDGE_CURVE('',#67,#67,#69,.T.);
#67 = VERTEX_POINT('',#68);
#68 = CARTESIAN_POINT('',(29.05,12.5,16.119009569402));
#69 = CIRCLE('',#70,3.05);
#70 = AXIS2_PLACEMENT_3D('',#71,#72,#73);
#71 = CARTESIAN_POINT('',(26.,12.5,16.119009569402));
#72 = DIRECTION('',(0.,1.,-1.E-17));
#73 = DIRECTION('',(1.,-2.22E-32,-2.22E-15));
#74 = FACE_BOUND('',#75,.T.);
#75 = EDGE_LOOP('',(#76));
#76 = ORIENTED_EDGE('',*,*,#77,.F.);
#77 = EDGE_CURVE('',#78,#78,#80,.T.);
#78 = VERTEX_POINT('',#79);
#79 = CARTESIAN_POINT('',(29.05,12.5,-16.1190095694));
#80 = CIRCLE('',#81,3.05);
#81 = AXIS2_PLACEMENT_3D('',#82,#83,#84);
#82 = CARTESIAN_POINT('',(26.,12.5,-16.1190095694));
#83 = DIRECTION('',(0.,1.,-1.E-17));
#84 = DIRECTION('',(1.,-2.22E-32,-2.22E-15));
#85 = FACE_BOUND('',#86,.T.);
#86 = EDGE_LOOP('',(#87,#97,#105,#113));
#87 = ORIENTED_EDGE('',*,*,#88,.F.);
#88 = EDGE_CURVE('',#89,#91,#93,.T.);
#89 = VERTEX_POINT('',#90);
#90 = CARTESIAN_POINT('',(21.,12.5,-34.));
#91 = VERTEX_POINT('',#92);
#92 = CARTESIAN_POINT('',(17.,12.5,-34.));
#93 = LINE('',#94,#95);
#94 = CARTESIAN_POINT('',(20.,12.5,-34.));
#95 = VECTOR('',#96,1.);
#96 = DIRECTION('',(-1.,0.,0.));
#97 = ORIENTED_EDGE('',*,*,#98,.F.);
#98 = EDGE_CURVE('',#99,#89,#101,.T.);
#99 = VERTEX_POINT('',#100);
#100 = CARTESIAN_POINT('',(21.,12.5,34.));
#101 = LINE('',#102,#103);
#102 = CARTESIAN_POINT('',(21.,12.5,33.));
#103 = VECTOR('',#104,1.);
#104 = DIRECTION('',(0.,-1.E-17,-1.));
#105 = ORIENTED_EDGE('',*,*,#106,.F.);
#106 = EDGE_CURVE('',#107,#99,#109,.T.);
#107 = VERTEX_POINT('',#108);
#108 = CARTESIAN_POINT('',(17.,12.5,34.));
#109 = LINE('',#110,#111);
#110 = CARTESIAN_POINT('',(18.,12.5,34.));
#111 = VECTOR('',#112,1.);
#112 = DIRECTION('',(1.,0.,0.));
#113 = ORIENTED_EDGE('',*,*,#114,.F.);
#114 = EDGE_CURVE('',#91,#107,#115,.T.);
#115 = LINE('',#116,#117);
#116 = CARTESIAN_POINT('',(17.,12.5,-33.));
#117 = VECTOR('',#118,1.);
#118 = DIRECTION('',(0.,1.E-17,1.));
#119 = PLANE('',#120);
#120 = AXIS2_PLACEMENT_3D('',#121,#122,#123);
#121 = CARTESIAN_POINT('',(8.,12.5,-5.79E-15));
#122 = DIRECTION('',(0.,1.,-1.E-17));
#123 = DIRECTION('',(0.,-1.E-17,-1.));
#124 = ADVANCED_FACE('',(#125),#150,.T.);
#125 = FACE_BOUND('',#126,.F.);
#126 = EDGE_LOOP('',(#127,#135,#136,#144));
#127 = ORIENTED_EDGE('',*,*,#128,.F.);
#128 = EDGE_CURVE('',#22,#129,#131,.T.);
#129 = VERTEX_POINT('',#130);
#130 = CARTESIAN_POINT('',(-16.,11.5,43.));
#131 = LINE('',#132,#133);
#132 = CARTESIAN_POINT('',(-16.,12.25,42.25));
#133 = VECTOR('',#134,1.);
#134 = DIRECTION('',(0.,-0.707106781187,0.707106781187));
#135 = ORIENTED_EDGE('',*,*,#21,.T.);
#136 = ORIENTED_EDGE('',*,*,#137,.T.);
#137 = EDGE_CURVE('',#24,#138,#140,.T.);
#138 = VERTEX_POINT('',#139);
#139 = CARTESIAN_POINT('',(32.,11.5,43.));
#140 = LINE('',#141,#142);
#141 = CARTESIAN_POINT('',(32.,12.25,42.25));
#142 = VECTOR('',#143,1.);
#143 = DIRECTION('',(-1.375E-14,-0.707106781187,0.707106781187));
#144 = ORIENTED_EDGE('',*,*,#145,.F.);
#145 = EDGE_CURVE('',#129,#138,#146,.T.);
#146 = LINE('',#147,#148);
#147 = CARTESIAN_POINT('',(-17.,11.5,43.));
#148 = VECTOR('',#149,1.);
#149 = DIRECTION('',(1.,0.,-2.2E-16));
#150 = PLANE('',#151);
#151 = AXIS2_PLACEMENT_3D('',#152,#153,#154);
#152 = CARTESIAN_POINT('',(-17.,12.,42.5));
#153 = DIRECTION('',(0.,0.707106781187,0.707106781187));
#154 = DIRECTION('',(-1.,-1.1E-16,1.1E-16));
#155 = ADVANCED_FACE('',(#156),#181,.T.);
#156 = FACE_BOUND('',#157,.T.);
#157 = EDGE_LOOP('',(#158,#166,#167,#175));
#158 = ORIENTED_EDGE('',*,*,#159,.F.);
#159 = EDGE_CURVE('',#22,#160,#162,.T.);
#160 = VERTEX_POINT('',#161);
#161 = CARTESIAN_POINT('',(-17.,11.5,42.));
#162 = LINE('',#163,#164);
#163 = CARTESIAN_POINT('',(-16.25,12.25,42.));
#164 = VECTOR('',#165,1.);
#165 = DIRECTION('',(-0.707106781187,-0.707106781187,-1.6E-16));
#166 = ORIENTED_EDGE('',*,*,#47,.T.);
#167 = ORIENTED_EDGE('',*,*,#168,.T.);
#168 = EDGE_CURVE('',#40,#169,#171,.T.);
#169 = VERTEX_POINT('',#170);
#170 = CARTESIAN_POINT('',(-17.,11.5,-42.));
#171 = LINE('',#172,#173);
#172 = CARTESIAN_POINT('',(-16.25,12.25,-42.));
#173 = VECTOR('',#174,1.);
#174 = DIRECTION('',(-0.707106781187,-0.707106781187,-5.16E-15));
#175 = ORIENTED_EDGE('',*,*,#176,.F.);
#176 = EDGE_CURVE('',#160,#169,#177,.T.);
#177 = LINE('',#178,#179);
#178 = CARTESIAN_POINT('',(-17.,11.5,43.));
#179 = VECTOR('',#180,1.);
#180 = DIRECTION('',(0.,0.,-1.));
#181 = PLANE('',#182);
#182 = AXIS2_PLACEMENT_3D('',#183,#184,#185);
#183 = CARTESIAN_POINT('',(-16.5,12.,43.));
#184 = DIRECTION('',(-0.707106781187,0.707106781187,2.E-17));
#185 = DIRECTION('',(-1.414213562373E-17,1.414213562373E-17,-1.));
#186 = ADVANCED_FACE('',(#187),#212,.T.);
#187 = FACE_BOUND('',#188,.T.);
#188 = EDGE_LOOP('',(#189,#197,#198,#206));
#189 = ORIENTED_EDGE('',*,*,#190,.T.);
#190 = EDGE_CURVE('',#191,#32,#193,.T.);
#191 = VERTEX_POINT('',#192);
#192 = CARTESIAN_POINT('',(33.,11.5,-42.));
#193 = LINE('',#194,#195);
#194 = CARTESIAN_POINT('',(32.75,11.75,-42.));
#195 = VECTOR('',#196,1.);
#196 = DIRECTION('',(-0.707106781187,0.707106781187,-2.34E-15));
#197 = ORIENTED_EDGE('',*,*,#31,.T.);
#198 = ORIENTED_EDGE('',*,*,#199,.T.);
#199 = EDGE_CURVE('',#24,#200,#202,.T.);
#200 = VERTEX_POINT('',#201);
#201 = CARTESIAN_POINT('',(33.,11.5,42.));
#202 = LINE('',#203,#204);
#203 = CARTESIAN_POINT('',(32.25,12.25,42.));
#204 = VECTOR('',#205,1.);
#205 = DIRECTION('',(0.707106781187,-0.707106781187,1.19E-15));
#206 = ORIENTED_EDGE('',*,*,#207,.F.);
#207 = EDGE_CURVE('',#191,#200,#208,.T.);
#208 = LINE('',#209,#210);
#209 = CARTESIAN_POINT('',(33.,11.5,-43.));
#210 = VECTOR('',#211,1.);
#211 = DIRECTION('',(2.2E-16,0.,1.));
#212 = PLANE('',#213);
#213 = AXIS2_PLACEMENT_3D('',#214,#215,#216);
#214 = CARTESIAN_POINT('',(32.5,12.,-43.));
#215 = DIRECTION('',(0.707106781187,0.707106781187,-4.6E-16));
#216 = DIRECTION('',(4.402691193458E-16,2.102691193458E-16,1.));
#217 = ADVANCED_FACE('',(#218),#243,.T.);
#218 = FACE_BOUND('',#219,.T.);
#219 = EDGE_LOOP('',(#220,#228,#229,#237));
#220 = ORIENTED_EDGE('',*,*,#221,.F.);
#221 = EDGE_CURVE('',#40,#222,#224,.T.);
#222 = VERTEX_POINT('',#223);
#223 = CARTESIAN_POINT('',(-16.,11.5,-43.));
#224 = LINE('',#225,#226);
#225 = CARTESIAN_POINT('',(-16.,12.25,-42.25));
#226 = VECTOR('',#227,1.);
#227 = DIRECTION('',(-3.85E-15,-0.707106781187,-0.707106781187));
#228 = ORIENTED_EDGE('',*,*,#39,.T.);
#229 = ORIENTED_EDGE('',*,*,#230,.F.);
#230 = EDGE_CURVE('',#231,#32,#233,.T.);
#231 = VERTEX_POINT('',#232);
#232 = CARTESIAN_POINT('',(32.,11.5,-43.));
#233 = LINE('',#234,#235);
#234 = CARTESIAN_POINT('',(32.,12.,-42.5));
#235 = VECTOR('',#236,1.);
#236 = DIRECTION('',(1.25E-15,0.707106781187,0.707106781187));
#237 = ORIENTED_EDGE('',*,*,#238,.F.);
#238 = EDGE_CURVE('',#222,#231,#239,.T.);
#239 = LINE('',#240,#241);
#240 = CARTESIAN_POINT('',(-17.,11.5,-43.));
#241 = VECTOR('',#242,1.);
#242 = DIRECTION('',(1.,0.,-2.2E-16));
#243 = PLANE('',#244);
#244 = AXIS2_PLACEMENT_3D('',#245,#246,#247);
#245 = CARTESIAN_POINT('',(-17.,12.,-42.5));
#246 = DIRECTION('',(0.,0.707106781187,-0.707106781187));
#247 = DIRECTION('',(1.,-1.1E-16,-1.1E-16));
#248 = ADVANCED_FACE('',(#249),#268,.F.);
#249 = FACE_BOUND('',#250,.T.);
#250 = EDGE_LOOP('',(#251,#259,#260,#261));
#251 = ORIENTED_EDGE('',*,*,#252,.F.);
#252 = EDGE_CURVE('',#56,#253,#255,.T.);
#253 = VERTEX_POINT('',#254);
#254 = CARTESIAN_POINT('',(7.6,9.7,2.E-15));
#255 = LINE('',#256,#257);
#256 = CARTESIAN_POINT('',(7.6,9.7,4.E-17));
#257 = VECTOR('',#258,1.);
#258 = DIRECTION('',(-0.666015769309,-0.745937661626,-7.E-16));
#259 = ORIENTED_EDGE('',*,*,#55,.T.);
#260 = ORIENTED_EDGE('',*,*,#252,.T.);
#261 = ORIENTED_EDGE('',*,*,#262,.F.);
#262 = EDGE_CURVE('',#253,#253,#263,.T.);
#263 = CIRCLE('',#264,2.6);
#264 = AXIS2_PLACEMENT_3D('',#265,#266,#267);
#265 = CARTESIAN_POINT('',(5.,9.7,-2.74E-15));
#266 = DIRECTION('',(0.,1.,-1.E-17));
#267 = DIRECTION('',(1.,1.07E-32,1.07E-15));
#268 = CONICAL_SURFACE('',#269,2.6,0.728854726453);
#269 = AXIS2_PLACEMENT_3D('',#270,#271,#272);
#270 = CARTESIAN_POINT('',(5.,9.7,-2.74E-15));
#271 = DIRECTION('',(0.,1.,-1.E-17));
#272 = DIRECTION('',(1.,1.07E-32,1.07E-15));
#273 = ADVANCED_FACE('',(#274),#293,.F.);
#274 = FACE_BOUND('',#275,.T.);
#275 = EDGE_LOOP('',(#276,#284,#285,#286));
#276 = ORIENTED_EDGE('',*,*,#277,.F.);
#277 = EDGE_CURVE('',#67,#278,#280,.T.);
#278 = VERTEX_POINT('',#279);
#279 = CARTESIAN_POINT('',(27.6,10.7,16.119009569402));
#280 = LINE('',#281,#282);
#281 = CARTESIAN_POINT('',(27.6,10.7,16.119009569402));
#282 = VECTOR('',#283,1.);
#283 = DIRECTION('',(-0.627329537873,-0.778753909083,1.4E-15));
#284 = ORIENTED_EDGE('',*,*,#66,.T.);
#285 = ORIENTED_EDGE('',*,*,#277,.T.);
#286 = ORIENTED_EDGE('',*,*,#287,.F.);
#287 = EDGE_CURVE('',#278,#278,#288,.T.);
#288 = CIRCLE('',#289,1.6);
#289 = AXIS2_PLACEMENT_3D('',#290,#291,#292);
#290 = CARTESIAN_POINT('',(26.,10.7,16.119009569402));
#291 = DIRECTION('',(0.,1.,-1.E-17));
#292 = DIRECTION('',(1.,-2.22E-32,-2.22E-15));
#293 = CONICAL_SURFACE('',#294,1.6,0.678119307749);
#294 = AXIS2_PLACEMENT_3D('',#295,#296,#297);
#295 = CARTESIAN_POINT('',(26.,10.7,16.119009569402));
#296 = DIRECTION('',(0.,1.,-1.E-17));
#297 = DIRECTION('',(1.,-2.22E-32,-2.22E-15));
#298 = ADVANCED_FACE('',(#299),#318,.F.);
#299 = FACE_BOUND('',#300,.T.);
#300 = EDGE_LOOP('',(#301,#309,#310,#311));
#301 = ORIENTED_EDGE('',*,*,#302,.F.);
#302 = EDGE_CURVE('',#78,#303,#305,.T.);
#303 = VERTEX_POINT('',#304);
#304 = CARTESIAN_POINT('',(27.6,10.7,-16.1190095694));
#305 = LINE('',#306,#307);
#306 = CARTESIAN_POINT('',(27.6,10.7,-16.1190095694));
#307 = VECTOR('',#308,1.);
#308 = DIRECTION('',(-0.627329537873,-0.778753909083,1.4E-15));
#309 = ORIENTED_EDGE('',*,*,#77,.T.);
#310 = ORIENTED_EDGE('',*,*,#302,.T.);
#311 = ORIENTED_EDGE('',*,*,#312,.F.);
#312 = EDGE_CURVE('',#303,#303,#313,.T.);
#313 = CIRCLE('',#314,1.6);
#314 = AXIS2_PLACEMENT_3D('',#315,#316,#317);
#315 = CARTESIAN_POINT('',(26.,10.7,-16.1190095694));
#316 = DIRECTION('',(0.,1.,-1.E-17));
#317 = DIRECTION('',(1.,-2.22E-32,-2.22E-15));
#318 = CONICAL_SURFACE('',#319,1.6,0.678119307749);
#319 = AXIS2_PLACEMENT_3D('',#320,#321,#322);
#320 = CARTESIAN_POINT('',(26.,10.7,-16.1190095694));
#321 = DIRECTION('',(0.,1.,-1.E-17));
#322 = DIRECTION('',(1.,-2.22E-32,-2.22E-15));
#323 = ADVANCED_FACE('',(#324),#349,.F.);
#324 = FACE_BOUND('',#325,.T.);
#325 = EDGE_LOOP('',(#326,#334,#335,#343));
#326 = ORIENTED_EDGE('',*,*,#327,.F.);
#327 = EDGE_CURVE('',#89,#328,#330,.T.);
#328 = VERTEX_POINT('',#329);
#329 = CARTESIAN_POINT('',(20.,11.5,-33.));
#330 = LINE('',#331,#332);
#331 = CARTESIAN_POINT('',(9.333333333333,0.833333333333,-22.33333333333
    ));
#332 = VECTOR('',#333,1.);
#333 = DIRECTION('',(-0.57735026919,-0.57735026919,0.57735026919));
#334 = ORIENTED_EDGE('',*,*,#88,.T.);
#335 = ORIENTED_EDGE('',*,*,#336,.T.);
#336 = EDGE_CURVE('',#91,#337,#339,.T.);
#337 = VERTEX_POINT('',#338);
#338 = CARTESIAN_POINT('',(18.,11.5,-33.));
#339 = LINE('',#340,#341);
#340 = CARTESIAN_POINT('',(18.,11.5,-33.));
#341 = VECTOR('',#342,1.);
#342 = DIRECTION('',(0.57735026919,-0.57735026919,0.57735026919));
#343 = ORIENTED_EDGE('',*,*,#344,.F.);
#344 = EDGE_CURVE('',#328,#337,#345,.T.);
#345 = LINE('',#346,#347);
#346 = CARTESIAN_POINT('',(20.,11.5,-33.));
#347 = VECTOR('',#348,1.);
#348 = DIRECTION('',(-1.,0.,0.));
#349 = PLANE('',#350);
#350 = AXIS2_PLACEMENT_3D('',#351,#352,#353);
#351 = CARTESIAN_POINT('',(20.,12.,-33.5));
#352 = DIRECTION('',(0.,-0.707106781187,-0.707106781187));
#353 = DIRECTION('',(1.,0.,0.));
#354 = ADVANCED_FACE('',(#355),#373,.F.);
#355 = FACE_BOUND('',#356,.T.);
#356 = EDGE_LOOP('',(#357,#365,#366,#367));
#357 = ORIENTED_EDGE('',*,*,#358,.F.);
#358 = EDGE_CURVE('',#99,#359,#361,.T.);
#359 = VERTEX_POINT('',#360);
#360 = CARTESIAN_POINT('',(20.,11.5,33.));
#361 = LINE('',#362,#363);
#362 = CARTESIAN_POINT('',(20.,11.5,33.));
#363 = VECTOR('',#364,1.);
#364 = DIRECTION('',(-0.57735026919,-0.57735026919,-0.57735026919));
#365 = ORIENTED_EDGE('',*,*,#98,.T.);
#366 = ORIENTED_EDGE('',*,*,#327,.T.);
#367 = ORIENTED_EDGE('',*,*,#368,.F.);
#368 = EDGE_CURVE('',#359,#328,#369,.T.);
#369 = LINE('',#370,#371);
#370 = CARTESIAN_POINT('',(20.,11.5,33.));
#371 = VECTOR('',#372,1.);
#372 = DIRECTION('',(0.,-1.E-17,-1.));
#373 = PLANE('',#374);
#374 = AXIS2_PLACEMENT_3D('',#375,#376,#377);
#375 = CARTESIAN_POINT('',(20.5,12.,33.));
#376 = DIRECTION('',(0.707106781187,-0.707106781187,8.E-17));
#377 = DIRECTION('',(-5.156854249492E-17,6.156854249492E-17,1.));
#378 = ADVANCED_FACE('',(#379),#397,.T.);
#379 = FACE_BOUND('',#380,.T.);
#380 = EDGE_LOOP('',(#381,#382,#383,#391));
#381 = ORIENTED_EDGE('',*,*,#336,.F.);
#382 = ORIENTED_EDGE('',*,*,#114,.T.);
#383 = ORIENTED_EDGE('',*,*,#384,.T.);
#384 = EDGE_CURVE('',#107,#385,#387,.T.);
#385 = VERTEX_POINT('',#386);
#386 = CARTESIAN_POINT('',(18.,11.5,33.));
#387 = LINE('',#388,#389);
#388 = CARTESIAN_POINT('',(28.666666666667,0.833333333333,
    22.333333333333));
#389 = VECTOR('',#390,1.);
#390 = DIRECTION('',(0.57735026919,-0.57735026919,-0.57735026919));
#391 = ORIENTED_EDGE('',*,*,#392,.F.);
#392 = EDGE_CURVE('',#337,#385,#393,.T.);
#393 = LINE('',#394,#395);
#394 = CARTESIAN_POINT('',(18.,11.5,-33.));
#395 = VECTOR('',#396,1.);
#396 = DIRECTION('',(0.,1.E-17,1.));
#397 = PLANE('',#398);
#398 = AXIS2_PLACEMENT_3D('',#399,#400,#401);
#399 = CARTESIAN_POINT('',(17.5,12.,-33.));
#400 = DIRECTION('',(0.707106781187,0.707106781187,-8.E-17));
#401 = DIRECTION('',(5.156854249492E-17,6.156854249492E-17,1.));
#402 = ADVANCED_FACE('',(#403),#414,.F.);
#403 = FACE_BOUND('',#404,.T.);
#404 = EDGE_LOOP('',(#405,#406,#407,#408));
#405 = ORIENTED_EDGE('',*,*,#384,.F.);
#406 = ORIENTED_EDGE('',*,*,#106,.T.);
#407 = ORIENTED_EDGE('',*,*,#358,.T.);
#408 = ORIENTED_EDGE('',*,*,#409,.F.);
#409 = EDGE_CURVE('',#385,#359,#410,.T.);
#410 = LINE('',#411,#412);
#411 = CARTESIAN_POINT('',(18.,11.5,33.));
#412 = VECTOR('',#413,1.);
#413 = DIRECTION('',(1.,0.,0.));
#414 = PLANE('',#415);
#415 = AXIS2_PLACEMENT_3D('',#416,#417,#418);
#416 = CARTESIAN_POINT('',(18.,12.,33.5));
#417 = DIRECTION('',(0.,-0.707106781187,0.707106781187));
#418 = DIRECTION('',(-1.,-0.,-0.));
#419 = ADVANCED_FACE('',(#420),#430,.T.);
#420 = FACE_BOUND('',#421,.T.);
#421 = EDGE_LOOP('',(#422,#423,#424));
#422 = ORIENTED_EDGE('',*,*,#128,.F.);
#423 = ORIENTED_EDGE('',*,*,#159,.T.);
#424 = ORIENTED_EDGE('',*,*,#425,.F.);
#425 = EDGE_CURVE('',#129,#160,#426,.T.);
#426 = LINE('',#427,#428);
#427 = CARTESIAN_POINT('',(-16.5,11.5,42.5));
#428 = VECTOR('',#429,1.);
#429 = DIRECTION('',(-0.707106781187,1.6E-16,-0.707106781187));
#430 = PLANE('',#431);
#431 = AXIS2_PLACEMENT_3D('',#432,#433,#434);
#432 = CARTESIAN_POINT('',(-16.,12.5,42.));
#433 = DIRECTION('',(-0.57735026919,0.57735026919,0.57735026919));
#434 = DIRECTION('',(-0.707106781187,1.665334536938E-16,-0.707106781187)
  );
#435 = ADVANCED_FACE('',(#436),#461,.T.);
#436 = FACE_BOUND('',#437,.T.);
#437 = EDGE_LOOP('',(#438,#446,#454,#460));
#438 = ORIENTED_EDGE('',*,*,#439,.T.);
#439 = EDGE_CURVE('',#129,#440,#442,.T.);
#440 = VERTEX_POINT('',#441);
#441 = CARTESIAN_POINT('',(-16.,-11.5,43.));
#442 = LINE('',#443,#444);
#443 = CARTESIAN_POINT('',(-16.,12.5,43.));
#444 = VECTOR('',#445,1.);
#445 = DIRECTION('',(0.,-1.,4.4E-16));
#446 = ORIENTED_EDGE('',*,*,#447,.F.);
#447 = EDGE_CURVE('',#448,#440,#450,.T.);
#448 = VERTEX_POINT('',#449);
#449 = CARTESIAN_POINT('',(32.,-11.5,43.));
#450 = LINE('',#451,#452);
#451 = CARTESIAN_POINT('',(33.,-11.5,43.));
#452 = VECTOR('',#453,1.);
#453 = DIRECTION('',(-1.,0.,0.));
#454 = ORIENTED_EDGE('',*,*,#455,.F.);
#455 = EDGE_CURVE('',#138,#448,#456,.T.);
#456 = LINE('',#457,#458);
#457 = CARTESIAN_POINT('',(32.,12.5,43.));
#458 = VECTOR('',#459,1.);
#459 = DIRECTION('',(0.,-1.,5.7E-16));
#460 = ORIENTED_EDGE('',*,*,#145,.F.);
#461 = PLANE('',#462);
#462 = AXIS2_PLACEMENT_3D('',#463,#464,#465);
#463 = CARTESIAN_POINT('',(8.,7.88E-15,43.));
#464 = DIRECTION('',(0.,3.5E-16,1.));
#465 = DIRECTION('',(0.,-1.,3.5E-16));
#466 = ADVANCED_FACE('',(#467),#477,.F.);
#467 = FACE_BOUND('',#468,.F.);
#468 = EDGE_LOOP('',(#469,#470,#471));
#469 = ORIENTED_EDGE('',*,*,#137,.F.);
#470 = ORIENTED_EDGE('',*,*,#199,.T.);
#471 = ORIENTED_EDGE('',*,*,#472,.F.);
#472 = EDGE_CURVE('',#138,#200,#473,.T.);
#473 = LINE('',#474,#475);
#474 = CARTESIAN_POINT('',(32.5,11.5,42.5));
#475 = VECTOR('',#476,1.);
#476 = DIRECTION('',(0.707106781187,1.525E-14,-0.707106781187));
#477 = PLANE('',#478);
#478 = AXIS2_PLACEMENT_3D('',#479,#480,#481);
#479 = CARTESIAN_POINT('',(32.,12.5,42.));
#480 = DIRECTION('',(-0.57735026919,-0.57735026919,-0.57735026919));
#481 = DIRECTION('',(0.707106781187,1.024180740217E-14,-0.707106781187)
  );
#482 = ADVANCED_FACE('',(#483,#556,#567,#578),#612,.T.);
#483 = FACE_BOUND('',#484,.T.);
#484 = EDGE_LOOP('',(#485,#495,#501,#502,#510,#518,#526,#534,#542,#550)
  );
#485 = ORIENTED_EDGE('',*,*,#486,.F.);
#486 = EDGE_CURVE('',#487,#489,#491,.T.);
#487 = VERTEX_POINT('',#488);
#488 = CARTESIAN_POINT('',(-17.,-11.5,42.));
#489 = VERTEX_POINT('',#490);
#490 = CARTESIAN_POINT('',(-17.,-11.5,11.));
#491 = LINE('',#492,#493);
#492 = CARTESIAN_POINT('',(-17.,-11.5,43.));
#493 = VECTOR('',#494,1.);
#494 = DIRECTION('',(0.,0.,-1.));
#495 = ORIENTED_EDGE('',*,*,#496,.F.);
#496 = EDGE_CURVE('',#160,#487,#497,.T.);
#497 = LINE('',#498,#499);
#498 = CARTESIAN_POINT('',(-17.,12.5,42.));
#499 = VECTOR('',#500,1.);
#500 = DIRECTION('',(0.,-1.,4.4E-16));
#501 = ORIENTED_EDGE('',*,*,#176,.T.);
#502 = ORIENTED_EDGE('',*,*,#503,.T.);
#503 = EDGE_CURVE('',#169,#504,#506,.T.);
#504 = VERTEX_POINT('',#505);
#505 = CARTESIAN_POINT('',(-17.,-11.5,-42.));
#506 = LINE('',#507,#508);
#507 = CARTESIAN_POINT('',(-17.,12.5,-42.));
#508 = VECTOR('',#509,1.);
#509 = DIRECTION('',(0.,-1.,4.4E-16));
#510 = ORIENTED_EDGE('',*,*,#511,.F.);
#511 = EDGE_CURVE('',#512,#504,#514,.T.);
#512 = VERTEX_POINT('',#513);
#513 = CARTESIAN_POINT('',(-17.,-11.5,-11.));
#514 = LINE('',#515,#516);
#515 = CARTESIAN_POINT('',(-17.,-11.5,-10.));
#516 = VECTOR('',#517,1.);
#517 = DIRECTION('',(0.,0.,-1.));
#518 = ORIENTED_EDGE('',*,*,#519,.T.);
#519 = EDGE_CURVE('',#512,#520,#522,.T.);
#520 = VERTEX_POINT('',#521);
#521 = CARTESIAN_POINT('',(-17.,-13.5,-9.));
#522 = LINE('',#523,#524);
#523 = CARTESIAN_POINT('',(-17.,-11.82037815126,-10.67962184873));
#524 = VECTOR('',#525,1.);
#525 = DIRECTION('',(0.,-0.707106781187,0.707106781187));
#526 = ORIENTED_EDGE('',*,*,#527,.T.);
#527 = EDGE_CURVE('',#520,#528,#530,.T.);
#528 = VERTEX_POINT('',#529);
#529 = CARTESIAN_POINT('',(-17.,-19.5,-9.));
#530 = LINE('',#531,#532);
#531 = CARTESIAN_POINT('',(-17.,-12.5,-9.));
#532 = VECTOR('',#533,1.);
#533 = DIRECTION('',(0.,-1.,2.2E-16));
#534 = ORIENTED_EDGE('',*,*,#535,.F.);
#535 = EDGE_CURVE('',#536,#528,#538,.T.);
#536 = VERTEX_POINT('',#537);
#537 = CARTESIAN_POINT('',(-17.,-19.5,9.));
#538 = LINE('',#539,#540);
#539 = CARTESIAN_POINT('',(-17.,-19.5,10.));
#540 = VECTOR('',#541,1.);
#541 = DIRECTION('',(0.,-2.2E-16,-1.));
#542 = ORIENTED_EDGE('',*,*,#543,.F.);
#543 = EDGE_CURVE('',#544,#536,#546,.T.);
#544 = VERTEX_POINT('',#545);
#545 = CARTESIAN_POINT('',(-17.,-13.5,9.));
#546 = LINE('',#547,#548);
#547 = CARTESIAN_POINT('',(-17.,-12.5,9.));
#548 = VECTOR('',#549,1.);
#549 = DIRECTION('',(0.,-1.,2.2E-16));
#550 = ORIENTED_EDGE('',*,*,#551,.F.);
#551 = EDGE_CURVE('',#489,#544,#552,.T.);
#552 = LINE('',#553,#554);
#553 = CARTESIAN_POINT('',(-17.,-11.82037815126,10.67962184874));
#554 = VECTOR('',#555,1.);
#555 = DIRECTION('',(0.,-0.707106781187,-0.707106781187));
#556 = FACE_BOUND('',#557,.T.);
#557 = EDGE_LOOP('',(#558));
#558 = ORIENTED_EDGE('',*,*,#559,.T.);
#559 = EDGE_CURVE('',#560,#560,#562,.T.);
#560 = VERTEX_POINT('',#561);
#561 = CARTESIAN_POINT('',(-17.,0.,30.1));
#562 = CIRCLE('',#563,4.1);
#563 = AXIS2_PLACEMENT_3D('',#564,#565,#566);
#564 = CARTESIAN_POINT('',(-17.,5.77E-15,26.));
#565 = DIRECTION('',(1.,0.,-2.2E-16));
#566 = DIRECTION('',(2.2E-16,2.2E-16,1.));
#567 = FACE_BOUND('',#568,.T.);
#568 = EDGE_LOOP('',(#569));
#569 = ORIENTED_EDGE('',*,*,#570,.T.);
#570 = EDGE_CURVE('',#571,#571,#573,.T.);
#571 = VERTEX_POINT('',#572);
#572 = CARTESIAN_POINT('',(-17.,0.,-21.9));
#573 = CIRCLE('',#574,4.1);
#574 = AXIS2_PLACEMENT_3D('',#575,#576,#577);
#575 = CARTESIAN_POINT('',(-17.,-5.77E-15,-26.));
#576 = DIRECTION('',(1.,0.,-2.2E-16));
#577 = DIRECTION('',(2.2E-16,2.2E-16,1.));
#578 = FACE_BOUND('',#579,.T.);
#579 = EDGE_LOOP('',(#580,#590,#598,#606));
#580 = ORIENTED_EDGE('',*,*,#581,.F.);
#581 = EDGE_CURVE('',#582,#584,#586,.T.);
#582 = VERTEX_POINT('',#583);
#583 = CARTESIAN_POINT('',(-17.,-6.25,11.));
#584 = VERTEX_POINT('',#585);
#585 = CARTESIAN_POINT('',(-17.,6.25,11.));
#586 = LINE('',#587,#588);
#587 = CARTESIAN_POINT('',(-17.,-5.25,11.));
#588 = VECTOR('',#589,1.);
#589 = DIRECTION('',(0.,1.,0.));
#590 = ORIENTED_EDGE('',*,*,#591,.F.);
#591 = EDGE_CURVE('',#592,#582,#594,.T.);
#592 = VERTEX_POINT('',#593);
#593 = CARTESIAN_POINT('',(-17.,-6.25,-11.));
#594 = LINE('',#595,#596);
#595 = CARTESIAN_POINT('',(-17.,-6.25,-10.));
#596 = VECTOR('',#597,1.);
#597 = DIRECTION('',(0.,0.,1.));
#598 = ORIENTED_EDGE('',*,*,#599,.F.);
#599 = EDGE_CURVE('',#600,#592,#602,.T.);
#600 = VERTEX_POINT('',#601);
#601 = CARTESIAN_POINT('',(-17.,6.25,-11.));
#602 = LINE('',#603,#604);
#603 = CARTESIAN_POINT('',(-17.,5.25,-11.));
#604 = VECTOR('',#605,1.);
#605 = DIRECTION('',(0.,-1.,0.));
#606 = ORIENTED_EDGE('',*,*,#607,.F.);
#607 = EDGE_CURVE('',#584,#600,#608,.T.);
#608 = LINE('',#609,#610);
#609 = CARTESIAN_POINT('',(-17.,6.25,10.));
#610 = VECTOR('',#611,1.);
#611 = DIRECTION('',(0.,0.,-1.));
#612 = PLANE('',#613);
#613 = AXIS2_PLACEMENT_3D('',#614,#615,#616);
#614 = CARTESIAN_POINT('',(-17.,-1.781512605042,1.52E-15));
#615 = DIRECTION('',(-1.,0.,0.));
#616 = DIRECTION('',(0.,1.,2.2E-16));
#617 = ADVANCED_FACE('',(#618),#628,.F.);
#618 = FACE_BOUND('',#619,.F.);
#619 = EDGE_LOOP('',(#620,#621,#622));
#620 = ORIENTED_EDGE('',*,*,#221,.F.);
#621 = ORIENTED_EDGE('',*,*,#168,.T.);
#622 = ORIENTED_EDGE('',*,*,#623,.F.);
#623 = EDGE_CURVE('',#222,#169,#624,.T.);
#624 = LINE('',#625,#626);
#625 = CARTESIAN_POINT('',(-16.5,11.5,-42.5));
#626 = VECTOR('',#627,1.);
#627 = DIRECTION('',(-0.707106781187,1.E-15,0.707106781187));
#628 = PLANE('',#629);
#629 = AXIS2_PLACEMENT_3D('',#630,#631,#632);
#630 = CARTESIAN_POINT('',(-16.,12.5,-42.));
#631 = DIRECTION('',(0.57735026919,-0.57735026919,0.57735026919));
#632 = DIRECTION('',(-0.707106781187,1.054711873394E-15,0.707106781187)
  );
#633 = ADVANCED_FACE('',(#634),#644,.F.);
#634 = FACE_BOUND('',#635,.F.);
#635 = EDGE_LOOP('',(#636,#642,#643));
#636 = ORIENTED_EDGE('',*,*,#637,.F.);
#637 = EDGE_CURVE('',#191,#231,#638,.T.);
#638 = LINE('',#639,#640);
#639 = CARTESIAN_POINT('',(32.75,11.5,-42.25));
#640 = VECTOR('',#641,1.);
#641 = DIRECTION('',(-0.707106781187,1.41E-15,-0.707106781187));
#642 = ORIENTED_EDGE('',*,*,#190,.T.);
#643 = ORIENTED_EDGE('',*,*,#230,.F.);
#644 = PLANE('',#645);
#645 = AXIS2_PLACEMENT_3D('',#646,#647,#648);
#646 = CARTESIAN_POINT('',(33.,11.5,-42.));
#647 = DIRECTION('',(-0.57735026919,-0.57735026919,0.57735026919));
#648 = DIRECTION('',(4.996003610813E-15,0.707106781187,0.707106781187));
#649 = ADVANCED_FACE('',(#650,#759),#784,.T.);
#650 = FACE_BOUND('',#651,.T.);
#651 = EDGE_LOOP('',(#652,#663,#671,#679,#687,#695,#703,#712,#720,#728,
    #736,#744,#752));
#652 = ORIENTED_EDGE('',*,*,#653,.F.);
#653 = EDGE_CURVE('',#654,#656,#658,.T.);
#654 = VERTEX_POINT('',#655);
#655 = CARTESIAN_POINT('',(33.,2.,22.420893966365));
#656 = VERTEX_POINT('',#657);
#657 = CARTESIAN_POINT('',(33.,-7.E-15,30.1));
#658 = CIRCLE('',#659,4.1);
#659 = AXIS2_PLACEMENT_3D('',#660,#661,#662);
#660 = CARTESIAN_POINT('',(33.,0.,26.));
#661 = DIRECTION('',(1.,0.,-2.2E-16));
#662 = DIRECTION('',(2.2E-16,0.,1.));
#663 = ORIENTED_EDGE('',*,*,#664,.F.);
#664 = EDGE_CURVE('',#665,#654,#667,.T.);
#665 = VERTEX_POINT('',#666);
#666 = CARTESIAN_POINT('',(33.,2.,11.));
#667 = LINE('',#668,#669);
#668 = CARTESIAN_POINT('',(33.,2.,10.));
#669 = VECTOR('',#670,1.);
#670 = DIRECTION('',(2.2E-16,0.,1.));
#671 = ORIENTED_EDGE('',*,*,#672,.T.);
#672 = EDGE_CURVE('',#665,#673,#675,.T.);
#673 = VERTEX_POINT('',#674);
#674 = CARTESIAN_POINT('',(33.,6.25,11.));
#675 = LINE('',#676,#677);
#676 = CARTESIAN_POINT('',(33.,1.,11.));
#677 = VECTOR('',#678,1.);
#678 = DIRECTION('',(0.,1.,-1.7E-16));
#679 = ORIENTED_EDGE('',*,*,#680,.T.);
#680 = EDGE_CURVE('',#673,#681,#683,.T.);
#681 = VERTEX_POINT('',#682);
#682 = CARTESIAN_POINT('',(33.,6.25,-11.));
#683 = LINE('',#684,#685);
#684 = CARTESIAN_POINT('',(33.,6.25,10.));
#685 = VECTOR('',#686,1.);
#686 = DIRECTION('',(-2.2E-16,-2.2E-16,-1.));
#687 = ORIENTED_EDGE('',*,*,#688,.T.);
#688 = EDGE_CURVE('',#681,#689,#691,.T.);
#689 = VERTEX_POINT('',#690);
#690 = CARTESIAN_POINT('',(33.,2.,-11.));
#691 = LINE('',#692,#693);
#692 = CARTESIAN_POINT('',(33.,5.25,-11.));
#693 = VECTOR('',#694,1.);
#694 = DIRECTION('',(0.,-1.,3.4E-16));
#695 = ORIENTED_EDGE('',*,*,#696,.F.);
#696 = EDGE_CURVE('',#697,#689,#699,.T.);
#697 = VERTEX_POINT('',#698);
#698 = CARTESIAN_POINT('',(33.,2.,-22.42089396636));
#699 = LINE('',#700,#701);
#700 = CARTESIAN_POINT('',(33.,2.,-22.02382092958));
#701 = VECTOR('',#702,1.);
#702 = DIRECTION('',(2.2E-16,0.,1.));
#703 = ORIENTED_EDGE('',*,*,#704,.F.);
#704 = EDGE_CURVE('',#705,#697,#707,.T.);
#705 = VERTEX_POINT('',#706);
#706 = CARTESIAN_POINT('',(33.,-2.,-22.42089396636));
#707 = CIRCLE('',#708,4.1);
#708 = AXIS2_PLACEMENT_3D('',#709,#710,#711);
#709 = CARTESIAN_POINT('',(33.,0.,-26.));
#710 = DIRECTION('',(1.,0.,-2.2E-16));
#711 = DIRECTION('',(2.2E-16,0.,1.));
#712 = ORIENTED_EDGE('',*,*,#713,.F.);
#713 = EDGE_CURVE('',#714,#705,#716,.T.);
#714 = VERTEX_POINT('',#715);
#715 = CARTESIAN_POINT('',(33.,-2.,-11.));
#716 = LINE('',#717,#718);
#717 = CARTESIAN_POINT('',(33.,-2.,-10.));
#718 = VECTOR('',#719,1.);
#719 = DIRECTION('',(-2.2E-16,0.,-1.));
#720 = ORIENTED_EDGE('',*,*,#721,.T.);
#721 = EDGE_CURVE('',#714,#722,#724,.T.);
#722 = VERTEX_POINT('',#723);
#723 = CARTESIAN_POINT('',(33.,-6.25,-11.));
#724 = LINE('',#725,#726);
#725 = CARTESIAN_POINT('',(33.,-1.,-11.));
#726 = VECTOR('',#727,1.);
#727 = DIRECTION('',(0.,-1.,3.4E-16));
#728 = ORIENTED_EDGE('',*,*,#729,.T.);
#729 = EDGE_CURVE('',#722,#730,#732,.T.);
#730 = VERTEX_POINT('',#731);
#731 = CARTESIAN_POINT('',(33.,-6.25,11.));
#732 = LINE('',#733,#734);
#733 = CARTESIAN_POINT('',(33.,-6.25,-10.));
#734 = VECTOR('',#735,1.);
#735 = DIRECTION('',(2.2E-16,2.2E-16,1.));
#736 = ORIENTED_EDGE('',*,*,#737,.T.);
#737 = EDGE_CURVE('',#730,#738,#740,.T.);
#738 = VERTEX_POINT('',#739);
#739 = CARTESIAN_POINT('',(33.,-2.,11.));
#740 = LINE('',#741,#742);
#741 = CARTESIAN_POINT('',(33.,-5.25,11.));
#742 = VECTOR('',#743,1.);
#743 = DIRECTION('',(0.,1.,-1.7E-16));
#744 = ORIENTED_EDGE('',*,*,#745,.F.);
#745 = EDGE_CURVE('',#746,#738,#748,.T.);
#746 = VERTEX_POINT('',#747);
#747 = CARTESIAN_POINT('',(33.,-2.,22.420893966365));
#748 = LINE('',#749,#750);
#749 = CARTESIAN_POINT('',(33.,-2.,22.023820929586));
#750 = VECTOR('',#751,1.);
#751 = DIRECTION('',(-2.2E-16,0.,-1.));
#752 = ORIENTED_EDGE('',*,*,#753,.F.);
#753 = EDGE_CURVE('',#656,#746,#754,.T.);
#754 = CIRCLE('',#755,4.1);
#755 = AXIS2_PLACEMENT_3D('',#756,#757,#758);
#756 = CARTESIAN_POINT('',(33.,0.,26.));
#757 = DIRECTION('',(1.,0.,-2.2E-16));
#758 = DIRECTION('',(2.2E-16,0.,1.));
#759 = FACE_BOUND('',#760,.T.);
#760 = EDGE_LOOP('',(#761,#769,#777,#783));
#761 = ORIENTED_EDGE('',*,*,#762,.T.);
#762 = EDGE_CURVE('',#200,#763,#765,.T.);
#763 = VERTEX_POINT('',#764);
#764 = CARTESIAN_POINT('',(33.,-11.5,42.));
#765 = LINE('',#766,#767);
#766 = CARTESIAN_POINT('',(33.,12.5,42.));
#767 = VECTOR('',#768,1.);
#768 = DIRECTION('',(0.,-1.,5.7E-16));
#769 = ORIENTED_EDGE('',*,*,#770,.F.);
#770 = EDGE_CURVE('',#771,#763,#773,.T.);
#771 = VERTEX_POINT('',#772);
#772 = CARTESIAN_POINT('',(33.,-11.5,-42.));
#773 = LINE('',#774,#775);
#774 = CARTESIAN_POINT('',(33.,-11.5,-43.));
#775 = VECTOR('',#776,1.);
#776 = DIRECTION('',(2.2E-16,0.,1.));
#777 = ORIENTED_EDGE('',*,*,#778,.F.);
#778 = EDGE_CURVE('',#191,#771,#779,.T.);
#779 = LINE('',#780,#781);
#780 = CARTESIAN_POINT('',(33.,12.5,-42.));
#781 = VECTOR('',#782,1.);
#782 = DIRECTION('',(0.,-1.,5.7E-16));
#783 = ORIENTED_EDGE('',*,*,#207,.T.);
#784 = PLANE('',#785);
#785 = AXIS2_PLACEMENT_3D('',#786,#787,#788);
#786 = CARTESIAN_POINT('',(33.,-4.9E-16,-3.07E-15));
#787 = DIRECTION('',(1.,0.,-2.5E-16));
#788 = DIRECTION('',(2.5E-16,-2.2E-16,1.));
#789 = ADVANCED_FACE('',(#790),#815,.T.);
#790 = FACE_BOUND('',#791,.T.);
#791 = EDGE_LOOP('',(#792,#800,#801,#809));
#792 = ORIENTED_EDGE('',*,*,#793,.F.);
#793 = EDGE_CURVE('',#222,#794,#796,.T.);
#794 = VERTEX_POINT('',#795);
#795 = CARTESIAN_POINT('',(-16.,-11.5,-43.));
#796 = LINE('',#797,#798);
#797 = CARTESIAN_POINT('',(-16.,12.5,-43.));
#798 = VECTOR('',#799,1.);
#799 = DIRECTION('',(0.,-1.,4.4E-16));
#800 = ORIENTED_EDGE('',*,*,#238,.T.);
#801 = ORIENTED_EDGE('',*,*,#802,.T.);
#802 = EDGE_CURVE('',#231,#803,#805,.T.);
#803 = VERTEX_POINT('',#804);
#804 = CARTESIAN_POINT('',(32.,-11.5,-43.));
#805 = LINE('',#806,#807);
#806 = CARTESIAN_POINT('',(32.,12.5,-43.));
#807 = VECTOR('',#808,1.);
#808 = DIRECTION('',(0.,-1.,5.7E-16));
#809 = ORIENTED_EDGE('',*,*,#810,.F.);
#810 = EDGE_CURVE('',#794,#803,#811,.T.);
#811 = LINE('',#812,#813);
#812 = CARTESIAN_POINT('',(-17.,-11.5,-43.));
#813 = VECTOR('',#814,1.);
#814 = DIRECTION('',(1.,0.,-2.2E-16));
#815 = PLANE('',#816);
#816 = AXIS2_PLACEMENT_3D('',#817,#818,#819);
#817 = CARTESIAN_POINT('',(8.,-7.51E-15,-43.));
#818 = DIRECTION('',(0.,-3.5E-16,-1.));
#819 = DIRECTION('',(0.,1.,-3.5E-16));
#820 = ADVANCED_FACE('',(#821),#839,.F.);
#821 = FACE_BOUND('',#822,.F.);
#822 = EDGE_LOOP('',(#823,#830,#837,#838));
#823 = ORIENTED_EDGE('',*,*,#824,.F.);
#824 = EDGE_CURVE('',#825,#253,#827,.T.);
#825 = VERTEX_POINT('',#826);
#826 = CARTESIAN_POINT('',(7.6,4.275,-2.E-15));
#827 = B_SPLINE_CURVE_WITH_KNOTS('',1,(#828,#829),.UNSPECIFIED.,.F.,.F.,
  (2,2),(-25.,0.),.PIECEWISE_BEZIER_KNOTS.);
#828 = CARTESIAN_POINT('',(7.6,-12.5,-2.78E-15));
#829 = CARTESIAN_POINT('',(7.6,12.5,-2.78E-15));
#830 = ORIENTED_EDGE('',*,*,#831,.T.);
#831 = EDGE_CURVE('',#825,#825,#832,.T.);
#832 = CIRCLE('',#833,2.6);
#833 = AXIS2_PLACEMENT_3D('',#834,#835,#836);
#834 = CARTESIAN_POINT('',(5.,4.275,-2.78E-15));
#835 = DIRECTION('',(-0.,1.,0.));
#836 = DIRECTION('',(1.,0.,0.));
#837 = ORIENTED_EDGE('',*,*,#824,.T.);
#838 = ORIENTED_EDGE('',*,*,#262,.F.);
#839 = CYLINDRICAL_SURFACE('',#840,2.6);
#840 = AXIS2_PLACEMENT_3D('',#841,#842,#843);
#841 = CARTESIAN_POINT('',(5.,12.5,-2.78E-15));
#842 = DIRECTION('',(0.,1.,0.));
#843 = DIRECTION('',(1.,0.,0.));
#844 = ADVANCED_FACE('',(#845),#864,.F.);
#845 = FACE_BOUND('',#846,.F.);
#846 = EDGE_LOOP('',(#847,#855,#856,#857));
#847 = ORIENTED_EDGE('',*,*,#848,.F.);
#848 = EDGE_CURVE('',#278,#849,#851,.T.);
#849 = VERTEX_POINT('',#850);
#850 = CARTESIAN_POINT('',(27.6,1.,16.119009569402));
#851 = LINE('',#852,#853);
#852 = CARTESIAN_POINT('',(27.6,12.5,16.119009569402));
#853 = VECTOR('',#854,1.);
#854 = DIRECTION('',(0.,-1.,-2.2E-16));
#855 = ORIENTED_EDGE('',*,*,#287,.F.);
#856 = ORIENTED_EDGE('',*,*,#848,.T.);
#857 = ORIENTED_EDGE('',*,*,#858,.T.);
#858 = EDGE_CURVE('',#849,#849,#859,.T.);
#859 = CIRCLE('',#860,1.6);
#860 = AXIS2_PLACEMENT_3D('',#861,#862,#863);
#861 = CARTESIAN_POINT('',(26.,1.,16.119009569402));
#862 = DIRECTION('',(-0.,1.,2.2E-16));
#863 = DIRECTION('',(1.,0.,0.));
#864 = CYLINDRICAL_SURFACE('',#865,1.6);
#865 = AXIS2_PLACEMENT_3D('',#866,#867,#868);
#866 = CARTESIAN_POINT('',(26.,12.5,16.119009569402));
#867 = DIRECTION('',(0.,1.,2.2E-16));
#868 = DIRECTION('',(1.,0.,0.));
#869 = ADVANCED_FACE('',(#870),#889,.F.);
#870 = FACE_BOUND('',#871,.F.);
#871 = EDGE_LOOP('',(#872,#880,#881,#882));
#872 = ORIENTED_EDGE('',*,*,#873,.F.);
#873 = EDGE_CURVE('',#303,#874,#876,.T.);
#874 = VERTEX_POINT('',#875);
#875 = CARTESIAN_POINT('',(27.6,1.,-16.1190095694));
#876 = LINE('',#877,#878);
#877 = CARTESIAN_POINT('',(27.6,12.5,-16.1190095694));
#878 = VECTOR('',#879,1.);
#879 = DIRECTION('',(0.,-1.,-2.2E-16));
#880 = ORIENTED_EDGE('',*,*,#312,.F.);
#881 = ORIENTED_EDGE('',*,*,#873,.T.);
#882 = ORIENTED_EDGE('',*,*,#883,.T.);
#883 = EDGE_CURVE('',#874,#874,#884,.T.);
#884 = CIRCLE('',#885,1.6);
#885 = AXIS2_PLACEMENT_3D('',#886,#887,#888);
#886 = CARTESIAN_POINT('',(26.,1.,-16.1190095694));
#887 = DIRECTION('',(-0.,1.,2.2E-16));
#888 = DIRECTION('',(1.,0.,0.));
#889 = CYLINDRICAL_SURFACE('',#890,1.6);
#890 = AXIS2_PLACEMENT_3D('',#891,#892,#893);
#891 = CARTESIAN_POINT('',(26.,12.5,-16.1190095694));
#892 = DIRECTION('',(0.,1.,2.2E-16));
#893 = DIRECTION('',(1.,0.,0.));
#894 = ADVANCED_FACE('',(#895),#920,.F.);
#895 = FACE_BOUND('',#896,.F.);
#896 = EDGE_LOOP('',(#897,#905,#913,#919));
#897 = ORIENTED_EDGE('',*,*,#898,.F.);
#898 = EDGE_CURVE('',#899,#328,#901,.T.);
#899 = VERTEX_POINT('',#900);
#900 = CARTESIAN_POINT('',(20.,-11.5,-33.));
#901 = LINE('',#902,#903);
#902 = CARTESIAN_POINT('',(20.,-12.5,-33.));
#903 = VECTOR('',#904,1.);
#904 = DIRECTION('',(0.,1.,-2.2E-16));
#905 = ORIENTED_EDGE('',*,*,#906,.F.);
#906 = EDGE_CURVE('',#907,#899,#909,.T.);
#907 = VERTEX_POINT('',#908);
#908 = CARTESIAN_POINT('',(18.,-11.5,-33.));
#909 = LINE('',#910,#911);
#910 = CARTESIAN_POINT('',(18.,-11.5,-33.));
#911 = VECTOR('',#912,1.);
#912 = DIRECTION('',(1.,0.,0.));
#913 = ORIENTED_EDGE('',*,*,#914,.T.);
#914 = EDGE_CURVE('',#907,#337,#915,.T.);
#915 = LINE('',#916,#917);
#916 = CARTESIAN_POINT('',(18.,-12.5,-33.));
#917 = VECTOR('',#918,1.);
#918 = DIRECTION('',(0.,1.,-2.2E-16));
#919 = ORIENTED_EDGE('',*,*,#344,.F.);
#920 = PLANE('',#921);
#921 = AXIS2_PLACEMENT_3D('',#922,#923,#924);
#922 = CARTESIAN_POINT('',(18.,-12.5,-33.));
#923 = DIRECTION('',(0.,-2.2E-16,-1.));
#924 = DIRECTION('',(1.,0.,0.));
#925 = ADVANCED_FACE('',(#926,#944),#1053,.F.);
#926 = FACE_BOUND('',#927,.F.);
#927 = EDGE_LOOP('',(#928,#929,#930,#938));
#928 = ORIENTED_EDGE('',*,*,#898,.T.);
#929 = ORIENTED_EDGE('',*,*,#368,.F.);
#930 = ORIENTED_EDGE('',*,*,#931,.F.);
#931 = EDGE_CURVE('',#932,#359,#934,.T.);
#932 = VERTEX_POINT('',#933);
#933 = CARTESIAN_POINT('',(20.,-11.5,33.));
#934 = LINE('',#935,#936);
#935 = CARTESIAN_POINT('',(20.,-12.5,33.));
#936 = VECTOR('',#937,1.);
#937 = DIRECTION('',(0.,1.,-2.2E-16));
#938 = ORIENTED_EDGE('',*,*,#939,.F.);
#939 = EDGE_CURVE('',#899,#932,#940,.T.);
#940 = LINE('',#941,#942);
#941 = CARTESIAN_POINT('',(20.,-11.5,-33.));
#942 = VECTOR('',#943,1.);
#943 = DIRECTION('',(0.,2.2E-16,1.));
#944 = FACE_BOUND('',#945,.F.);
#945 = EDGE_LOOP('',(#946,#957,#965,#973,#981,#989,#997,#1006,#1015,
    #1023,#1031,#1039,#1047));
#946 = ORIENTED_EDGE('',*,*,#947,.F.);
#947 = EDGE_CURVE('',#948,#950,#952,.T.);
#948 = VERTEX_POINT('',#949);
#949 = CARTESIAN_POINT('',(20.,-1.,-22.02382092958));
#950 = VERTEX_POINT('',#951);
#951 = CARTESIAN_POINT('',(20.,1.,-22.02382092958));
#952 = CIRCLE('',#953,4.1);
#953 = AXIS2_PLACEMENT_3D('',#954,#955,#956);
#954 = CARTESIAN_POINT('',(20.,-5.77E-15,-26.));
#955 = DIRECTION('',(1.,0.,-2.2E-16));
#956 = DIRECTION('',(2.2E-16,2.2E-16,1.));
#957 = ORIENTED_EDGE('',*,*,#958,.F.);
#958 = EDGE_CURVE('',#959,#948,#961,.T.);
#959 = VERTEX_POINT('',#960);
#960 = CARTESIAN_POINT('',(20.,-1.,-10.));
#961 = LINE('',#962,#963);
#962 = CARTESIAN_POINT('',(20.,-1.,-3.5));
#963 = VECTOR('',#964,1.);
#964 = DIRECTION('',(0.,0.,-1.));
#965 = ORIENTED_EDGE('',*,*,#966,.F.);
#966 = EDGE_CURVE('',#967,#959,#969,.T.);
#967 = VERTEX_POINT('',#968);
#968 = CARTESIAN_POINT('',(20.,-5.25,-10.));
#969 = LINE('',#970,#971);
#970 = CARTESIAN_POINT('',(20.,-6.25,-10.));
#971 = VECTOR('',#972,1.);
#972 = DIRECTION('',(0.,1.,-4.3E-16));
#973 = ORIENTED_EDGE('',*,*,#974,.F.);
#974 = EDGE_CURVE('',#975,#967,#977,.T.);
#975 = VERTEX_POINT('',#976);
#976 = CARTESIAN_POINT('',(20.,-5.25,10.));
#977 = LINE('',#978,#979);
#978 = CARTESIAN_POINT('',(20.,-5.25,-16.5));
#979 = VECTOR('',#980,1.);
#980 = DIRECTION('',(0.,-1.9E-16,-1.));
#981 = ORIENTED_EDGE('',*,*,#982,.F.);
#982 = EDGE_CURVE('',#983,#975,#985,.T.);
#983 = VERTEX_POINT('',#984);
#984 = CARTESIAN_POINT('',(20.,-1.,10.));
#985 = LINE('',#986,#987);
#986 = CARTESIAN_POINT('',(20.,-6.25,10.));
#987 = VECTOR('',#988,1.);
#988 = DIRECTION('',(0.,-1.,3.7E-16));
#989 = ORIENTED_EDGE('',*,*,#990,.F.);
#990 = EDGE_CURVE('',#991,#983,#993,.T.);
#991 = VERTEX_POINT('',#992);
#992 = CARTESIAN_POINT('',(20.,-1.,22.023820929586));
#993 = LINE('',#994,#995);
#994 = CARTESIAN_POINT('',(20.,-1.,-3.5));
#995 = VECTOR('',#996,1.);
#996 = DIRECTION('',(0.,0.,-1.));
#997 = ORIENTED_EDGE('',*,*,#998,.F.);
#998 = EDGE_CURVE('',#999,#991,#1001,.T.);
#999 = VERTEX_POINT('',#1000);
#1000 = CARTESIAN_POINT('',(20.,0.,30.1));
#1001 = CIRCLE('',#1002,4.1);
#1002 = AXIS2_PLACEMENT_3D('',#1003,#1004,#1005);
#1003 = CARTESIAN_POINT('',(20.,5.77E-15,26.));
#1004 = DIRECTION('',(1.,0.,-2.2E-16));
#1005 = DIRECTION('',(2.2E-16,2.2E-16,1.));
#1006 = ORIENTED_EDGE('',*,*,#1007,.F.);
#1007 = EDGE_CURVE('',#1008,#999,#1010,.T.);
#1008 = VERTEX_POINT('',#1009);
#1009 = CARTESIAN_POINT('',(20.,1.,22.023820929586));
#1010 = CIRCLE('',#1011,4.1);
#1011 = AXIS2_PLACEMENT_3D('',#1012,#1013,#1014);
#1012 = CARTESIAN_POINT('',(20.,5.77E-15,26.));
#1013 = DIRECTION('',(1.,0.,-2.2E-16));
#1014 = DIRECTION('',(2.2E-16,2.2E-16,1.));
#1015 = ORIENTED_EDGE('',*,*,#1016,.F.);
#1016 = EDGE_CURVE('',#1017,#1008,#1019,.T.);
#1017 = VERTEX_POINT('',#1018);
#1018 = CARTESIAN_POINT('',(20.,1.,10.));
#1019 = LINE('',#1020,#1021);
#1020 = CARTESIAN_POINT('',(20.,1.,-29.5));
#1021 = VECTOR('',#1022,1.);
#1022 = DIRECTION('',(0.,0.,1.));
#1023 = ORIENTED_EDGE('',*,*,#1024,.F.);
#1024 = EDGE_CURVE('',#1025,#1017,#1027,.T.);
#1025 = VERTEX_POINT('',#1026);
#1026 = CARTESIAN_POINT('',(20.,5.25,10.));
#1027 = LINE('',#1028,#1029);
#1028 = CARTESIAN_POINT('',(20.,-6.25,10.));
#1029 = VECTOR('',#1030,1.);
#1030 = DIRECTION('',(0.,-1.,3.7E-16));
#1031 = ORIENTED_EDGE('',*,*,#1032,.F.);
#1032 = EDGE_CURVE('',#1033,#1025,#1035,.T.);
#1033 = VERTEX_POINT('',#1034);
#1034 = CARTESIAN_POINT('',(20.,5.25,-10.));
#1035 = LINE('',#1036,#1037);
#1036 = CARTESIAN_POINT('',(20.,5.25,-16.5));
#1037 = VECTOR('',#1038,1.);
#1038 = DIRECTION('',(0.,1.9E-16,1.));
#1039 = ORIENTED_EDGE('',*,*,#1040,.F.);
#1040 = EDGE_CURVE('',#1041,#1033,#1043,.T.);
#1041 = VERTEX_POINT('',#1042);
#1042 = CARTESIAN_POINT('',(20.,1.,-10.));
#1043 = LINE('',#1044,#1045);
#1044 = CARTESIAN_POINT('',(20.,-6.25,-10.));
#1045 = VECTOR('',#1046,1.);
#1046 = DIRECTION('',(0.,1.,-4.3E-16));
#1047 = ORIENTED_EDGE('',*,*,#1048,.F.);
#1048 = EDGE_CURVE('',#950,#1041,#1049,.T.);
#1049 = LINE('',#1050,#1051);
#1050 = CARTESIAN_POINT('',(20.,1.,-29.5));
#1051 = VECTOR('',#1052,1.);
#1052 = DIRECTION('',(0.,0.,1.));
#1053 = PLANE('',#1054);
#1054 = AXIS2_PLACEMENT_3D('',#1055,#1056,#1057);
#1055 = CARTESIAN_POINT('',(20.,-12.5,-33.));
#1056 = DIRECTION('',(1.,0.,0.));
#1057 = DIRECTION('',(0.,2.2E-16,1.));
#1058 = ADVANCED_FACE('',(#1059,#1077,#1111,#1140),#1169,.T.);
#1059 = FACE_BOUND('',#1060,.T.);
#1060 = EDGE_LOOP('',(#1061,#1062,#1063,#1071));
#1061 = ORIENTED_EDGE('',*,*,#914,.T.);
#1062 = ORIENTED_EDGE('',*,*,#392,.T.);
#1063 = ORIENTED_EDGE('',*,*,#1064,.F.);
#1064 = EDGE_CURVE('',#1065,#385,#1067,.T.);
#1065 = VERTEX_POINT('',#1066);
#1066 = CARTESIAN_POINT('',(18.,-11.5,33.));
#1067 = LINE('',#1068,#1069);
#1068 = CARTESIAN_POINT('',(18.,-12.5,33.));
#1069 = VECTOR('',#1070,1.);
#1070 = DIRECTION('',(0.,1.,-2.2E-16));
#1071 = ORIENTED_EDGE('',*,*,#1072,.T.);
#1072 = EDGE_CURVE('',#1065,#907,#1073,.T.);
#1073 = LINE('',#1074,#1075);
#1074 = CARTESIAN_POINT('',(18.,-11.5,33.));
#1075 = VECTOR('',#1076,1.);
#1076 = DIRECTION('',(0.,-2.2E-16,-1.));
#1077 = FACE_BOUND('',#1078,.T.);
#1078 = EDGE_LOOP('',(#1079,#1089,#1097,#1105));
#1079 = ORIENTED_EDGE('',*,*,#1080,.T.);
#1080 = EDGE_CURVE('',#1081,#1083,#1085,.T.);
#1081 = VERTEX_POINT('',#1082);
#1082 = CARTESIAN_POINT('',(18.,-5.25,10.));
#1083 = VERTEX_POINT('',#1084);
#1084 = CARTESIAN_POINT('',(18.,5.25,10.));
#1085 = LINE('',#1086,#1087);
#1086 = CARTESIAN_POINT('',(18.,-6.25,10.));
#1087 = VECTOR('',#1088,1.);
#1088 = DIRECTION('',(0.,1.,-3.7E-16));
#1089 = ORIENTED_EDGE('',*,*,#1090,.T.);
#1090 = EDGE_CURVE('',#1083,#1091,#1093,.T.);
#1091 = VERTEX_POINT('',#1092);
#1092 = CARTESIAN_POINT('',(18.,5.25,-10.));
#1093 = LINE('',#1094,#1095);
#1094 = CARTESIAN_POINT('',(18.,5.25,16.5));
#1095 = VECTOR('',#1096,1.);
#1096 = DIRECTION('',(0.,-1.9E-16,-1.));
#1097 = ORIENTED_EDGE('',*,*,#1098,.T.);
#1098 = EDGE_CURVE('',#1091,#1099,#1101,.T.);
#1099 = VERTEX_POINT('',#1100);
#1100 = CARTESIAN_POINT('',(18.,-5.25,-10.));
#1101 = LINE('',#1102,#1103);
#1102 = CARTESIAN_POINT('',(18.,-6.25,-10.));
#1103 = VECTOR('',#1104,1.);
#1104 = DIRECTION('',(0.,-1.,4.3E-16));
#1105 = ORIENTED_EDGE('',*,*,#1106,.T.);
#1106 = EDGE_CURVE('',#1099,#1081,#1107,.T.);
#1107 = LINE('',#1108,#1109);
#1108 = CARTESIAN_POINT('',(18.,-5.25,16.5));
#1109 = VECTOR('',#1110,1.);
#1110 = DIRECTION('',(0.,1.9E-16,1.));
#1111 = FACE_BOUND('',#1112,.T.);
#1112 = EDGE_LOOP('',(#1113,#1124,#1133));
#1113 = ORIENTED_EDGE('',*,*,#1114,.F.);
#1114 = EDGE_CURVE('',#1115,#1117,#1119,.T.);
#1115 = VERTEX_POINT('',#1116);
#1116 = CARTESIAN_POINT('',(18.,-1.,-22.02382092958));
#1117 = VERTEX_POINT('',#1118);
#1118 = CARTESIAN_POINT('',(18.,1.,-22.02382092958));
#1119 = CIRCLE('',#1120,4.1);
#1120 = AXIS2_PLACEMENT_3D('',#1121,#1122,#1123);
#1121 = CARTESIAN_POINT('',(18.,-5.77E-15,-26.));
#1122 = DIRECTION('',(1.,0.,-2.2E-16));
#1123 = DIRECTION('',(2.2E-16,2.2E-16,1.));
#1124 = ORIENTED_EDGE('',*,*,#1125,.F.);
#1125 = EDGE_CURVE('',#1126,#1115,#1128,.T.);
#1126 = VERTEX_POINT('',#1127);
#1127 = CARTESIAN_POINT('',(18.,0.,-21.9));
#1128 = CIRCLE('',#1129,4.1);
#1129 = AXIS2_PLACEMENT_3D('',#1130,#1131,#1132);
#1130 = CARTESIAN_POINT('',(18.,-5.77E-15,-26.));
#1131 = DIRECTION('',(1.,0.,-2.2E-16));
#1132 = DIRECTION('',(2.2E-16,2.2E-16,1.));
#1133 = ORIENTED_EDGE('',*,*,#1134,.F.);
#1134 = EDGE_CURVE('',#1117,#1126,#1135,.T.);
#1135 = CIRCLE('',#1136,4.1);
#1136 = AXIS2_PLACEMENT_3D('',#1137,#1138,#1139);
#1137 = CARTESIAN_POINT('',(18.,-5.77E-15,-26.));
#1138 = DIRECTION('',(1.,0.,-2.2E-16));
#1139 = DIRECTION('',(2.2E-16,2.2E-16,1.));
#1140 = FACE_BOUND('',#1141,.T.);
#1141 = EDGE_LOOP('',(#1142,#1153,#1162));
#1142 = ORIENTED_EDGE('',*,*,#1143,.F.);
#1143 = EDGE_CURVE('',#1144,#1146,#1148,.T.);
#1144 = VERTEX_POINT('',#1145);
#1145 = CARTESIAN_POINT('',(18.,1.,22.023820929586));
#1146 = VERTEX_POINT('',#1147);
#1147 = CARTESIAN_POINT('',(18.,0.,30.1));
#1148 = CIRCLE('',#1149,4.1);
#1149 = AXIS2_PLACEMENT_3D('',#1150,#1151,#1152);
#1150 = CARTESIAN_POINT('',(18.,5.77E-15,26.));
#1151 = DIRECTION('',(1.,0.,-2.2E-16));
#1152 = DIRECTION('',(2.2E-16,2.2E-16,1.));
#1153 = ORIENTED_EDGE('',*,*,#1154,.F.);
#1154 = EDGE_CURVE('',#1155,#1144,#1157,.T.);
#1155 = VERTEX_POINT('',#1156);
#1156 = CARTESIAN_POINT('',(18.,-1.,22.023820929586));
#1157 = CIRCLE('',#1158,4.1);
#1158 = AXIS2_PLACEMENT_3D('',#1159,#1160,#1161);
#1159 = CARTESIAN_POINT('',(18.,5.77E-15,26.));
#1160 = DIRECTION('',(1.,0.,-2.2E-16));
#1161 = DIRECTION('',(2.2E-16,2.2E-16,1.));
#1162 = ORIENTED_EDGE('',*,*,#1163,.F.);
#1163 = EDGE_CURVE('',#1146,#1155,#1164,.T.);
#1164 = CIRCLE('',#1165,4.1);
#1165 = AXIS2_PLACEMENT_3D('',#1166,#1167,#1168);
#1166 = CARTESIAN_POINT('',(18.,5.77E-15,26.));
#1167 = DIRECTION('',(1.,0.,-2.2E-16));
#1168 = DIRECTION('',(2.2E-16,2.2E-16,1.));
#1169 = PLANE('',#1170);
#1170 = AXIS2_PLACEMENT_3D('',#1171,#1172,#1173);
#1171 = CARTESIAN_POINT('',(18.,0.,-8.43E-15));
#1172 = DIRECTION('',(1.,0.,0.));
#1173 = DIRECTION('',(0.,-1.,-2.2E-16));
#1174 = ADVANCED_FACE('',(#1175),#1186,.F.);
#1175 = FACE_BOUND('',#1176,.F.);
#1176 = EDGE_LOOP('',(#1177,#1178,#1184,#1185));
#1177 = ORIENTED_EDGE('',*,*,#1064,.F.);
#1178 = ORIENTED_EDGE('',*,*,#1179,.F.);
#1179 = EDGE_CURVE('',#932,#1065,#1180,.T.);
#1180 = LINE('',#1181,#1182);
#1181 = CARTESIAN_POINT('',(20.,-11.5,33.));
#1182 = VECTOR('',#1183,1.);
#1183 = DIRECTION('',(-1.,0.,0.));
#1184 = ORIENTED_EDGE('',*,*,#931,.T.);
#1185 = ORIENTED_EDGE('',*,*,#409,.F.);
#1186 = PLANE('',#1187);
#1187 = AXIS2_PLACEMENT_3D('',#1188,#1189,#1190);
#1188 = CARTESIAN_POINT('',(20.,-12.5,33.));
#1189 = DIRECTION('',(0.,2.2E-16,1.));
#1190 = DIRECTION('',(-1.,0.,0.));
#1191 = ADVANCED_FACE('',(#1192),#1203,.T.);
#1192 = FACE_BOUND('',#1193,.T.);
#1193 = EDGE_LOOP('',(#1194,#1195,#1201,#1202));
#1194 = ORIENTED_EDGE('',*,*,#496,.T.);
#1195 = ORIENTED_EDGE('',*,*,#1196,.F.);
#1196 = EDGE_CURVE('',#440,#487,#1197,.T.);
#1197 = LINE('',#1198,#1199);
#1198 = CARTESIAN_POINT('',(-16.25,-11.5,42.75));
#1199 = VECTOR('',#1200,1.);
#1200 = DIRECTION('',(-0.707106781187,1.6E-16,-0.707106781187));
#1201 = ORIENTED_EDGE('',*,*,#439,.F.);
#1202 = ORIENTED_EDGE('',*,*,#425,.T.);
#1203 = PLANE('',#1204);
#1204 = AXIS2_PLACEMENT_3D('',#1205,#1206,#1207);
#1205 = CARTESIAN_POINT('',(-16.5,12.5,42.5));
#1206 = DIRECTION('',(-0.707106781187,3.5E-16,0.707106781187));
#1207 = DIRECTION('',(-2.748737341529E-17,-1.,4.674873734153E-16));
#1208 = ADVANCED_FACE('',(#1209),#1234,.T.);
#1209 = FACE_BOUND('',#1210,.T.);
#1210 = EDGE_LOOP('',(#1211,#1212,#1220,#1228));
#1211 = ORIENTED_EDGE('',*,*,#447,.T.);
#1212 = ORIENTED_EDGE('',*,*,#1213,.T.);
#1213 = EDGE_CURVE('',#440,#1214,#1216,.T.);
#1214 = VERTEX_POINT('',#1215);
#1215 = CARTESIAN_POINT('',(-16.,-12.5,42.));
#1216 = LINE('',#1217,#1218);
#1217 = CARTESIAN_POINT('',(-16.,-11.75,42.75));
#1218 = VECTOR('',#1219,1.);
#1219 = DIRECTION('',(0.,-0.707106781187,-0.707106781187));
#1220 = ORIENTED_EDGE('',*,*,#1221,.F.);
#1221 = EDGE_CURVE('',#1222,#1214,#1224,.T.);
#1222 = VERTEX_POINT('',#1223);
#1223 = CARTESIAN_POINT('',(32.,-12.5,42.));
#1224 = LINE('',#1225,#1226);
#1225 = CARTESIAN_POINT('',(33.,-12.5,42.));
#1226 = VECTOR('',#1227,1.);
#1227 = DIRECTION('',(-1.,0.,0.));
#1228 = ORIENTED_EDGE('',*,*,#1229,.F.);
#1229 = EDGE_CURVE('',#448,#1222,#1230,.T.);
#1230 = LINE('',#1231,#1232);
#1231 = CARTESIAN_POINT('',(32.,-12.,42.5));
#1232 = VECTOR('',#1233,1.);
#1233 = DIRECTION('',(1.875E-14,-0.707106781187,-0.707106781187));
#1234 = PLANE('',#1235);
#1235 = AXIS2_PLACEMENT_3D('',#1236,#1237,#1238);
#1236 = CARTESIAN_POINT('',(33.,-12.,42.5));
#1237 = DIRECTION('',(0.,-0.707106781187,0.707106781187));
#1238 = DIRECTION('',(-1.,0.,0.));
#1239 = ADVANCED_FACE('',(#1240),#1251,.T.);
#1240 = FACE_BOUND('',#1241,.T.);
#1241 = EDGE_LOOP('',(#1242,#1243,#1249,#1250));
#1242 = ORIENTED_EDGE('',*,*,#455,.T.);
#1243 = ORIENTED_EDGE('',*,*,#1244,.F.);
#1244 = EDGE_CURVE('',#763,#448,#1245,.T.);
#1245 = LINE('',#1246,#1247);
#1246 = CARTESIAN_POINT('',(32.75,-11.5,42.25));
#1247 = VECTOR('',#1248,1.);
#1248 = DIRECTION('',(-0.707106781187,3.244E-14,0.707106781187));
#1249 = ORIENTED_EDGE('',*,*,#762,.F.);
#1250 = ORIENTED_EDGE('',*,*,#472,.F.);
#1251 = PLANE('',#1252);
#1252 = AXIS2_PLACEMENT_3D('',#1253,#1254,#1255);
#1253 = CARTESIAN_POINT('',(32.5,12.5,42.5));
#1254 = DIRECTION('',(0.707106781187,3.5E-16,0.707106781187));
#1255 = DIRECTION('',(-3.751262658471E-17,-1.,5.324873734153E-16));
#1256 = ADVANCED_FACE('',(#1257),#1280,.T.);
#1257 = FACE_BOUND('',#1258,.T.);
#1258 = EDGE_LOOP('',(#1259,#1260,#1268,#1274));
#1259 = ORIENTED_EDGE('',*,*,#486,.T.);
#1260 = ORIENTED_EDGE('',*,*,#1261,.T.);
#1261 = EDGE_CURVE('',#489,#1262,#1264,.T.);
#1262 = VERTEX_POINT('',#1263);
#1263 = CARTESIAN_POINT('',(-16.,-12.5,11.));
#1264 = LINE('',#1265,#1266);
#1265 = CARTESIAN_POINT('',(-16.75,-11.75,11.));
#1266 = VECTOR('',#1267,1.);
#1267 = DIRECTION('',(0.707106781187,-0.707106781187,-1.31E-15));
#1268 = ORIENTED_EDGE('',*,*,#1269,.F.);
#1269 = EDGE_CURVE('',#1214,#1262,#1270,.T.);
#1270 = LINE('',#1271,#1272);
#1271 = CARTESIAN_POINT('',(-16.,-12.5,43.));
#1272 = VECTOR('',#1273,1.);
#1273 = DIRECTION('',(0.,0.,-1.));
#1274 = ORIENTED_EDGE('',*,*,#1275,.F.);
#1275 = EDGE_CURVE('',#487,#1214,#1276,.T.);
#1276 = LINE('',#1277,#1278);
#1277 = CARTESIAN_POINT('',(-16.5,-12.,42.));
#1278 = VECTOR('',#1279,1.);
#1279 = DIRECTION('',(0.707106781187,-0.707106781187,-1.6E-16));
#1280 = PLANE('',#1281);
#1281 = AXIS2_PLACEMENT_3D('',#1282,#1283,#1284);
#1282 = CARTESIAN_POINT('',(-16.5,-12.,43.));
#1283 = DIRECTION('',(-0.707106781187,-0.707106781187,-2.E-17));
#1284 = DIRECTION('',(1.414213562373E-17,1.414213562373E-17,-1.));
#1285 = ADVANCED_FACE('',(#1286),#1304,.T.);
#1286 = FACE_BOUND('',#1287,.T.);
#1287 = EDGE_LOOP('',(#1288,#1289,#1290,#1298));
#1288 = ORIENTED_EDGE('',*,*,#1261,.F.);
#1289 = ORIENTED_EDGE('',*,*,#551,.T.);
#1290 = ORIENTED_EDGE('',*,*,#1291,.T.);
#1291 = EDGE_CURVE('',#544,#1292,#1294,.T.);
#1292 = VERTEX_POINT('',#1293);
#1293 = CARTESIAN_POINT('',(-16.,-13.5,10.));
#1294 = LINE('',#1295,#1296);
#1295 = CARTESIAN_POINT('',(-16.25,-13.5,9.75));
#1296 = VECTOR('',#1297,1.);
#1297 = DIRECTION('',(0.707106781187,4.84E-15,0.707106781187));
#1298 = ORIENTED_EDGE('',*,*,#1299,.F.);
#1299 = EDGE_CURVE('',#1262,#1292,#1300,.T.);
#1300 = LINE('',#1301,#1302);
#1301 = CARTESIAN_POINT('',(-16.,-12.5,11.));
#1302 = VECTOR('',#1303,1.);
#1303 = DIRECTION('',(-3.85E-15,-0.707106781187,-0.707106781187));
#1304 = PLANE('',#1305);
#1305 = AXIS2_PLACEMENT_3D('',#1306,#1307,#1308);
#1306 = CARTESIAN_POINT('',(-17.,-11.5,11.));
#1307 = DIRECTION('',(-0.57735026919,-0.57735026919,0.57735026919));
#1308 = DIRECTION('',(0.,-0.707106781187,-0.707106781187));
#1309 = ADVANCED_FACE('',(#1310),#1328,.T.);
#1310 = FACE_BOUND('',#1311,.T.);
#1311 = EDGE_LOOP('',(#1312,#1313,#1314,#1322));
#1312 = ORIENTED_EDGE('',*,*,#1291,.F.);
#1313 = ORIENTED_EDGE('',*,*,#543,.T.);
#1314 = ORIENTED_EDGE('',*,*,#1315,.F.);
#1315 = EDGE_CURVE('',#1316,#536,#1318,.T.);
#1316 = VERTEX_POINT('',#1317);
#1317 = CARTESIAN_POINT('',(-16.,-19.5,10.));
#1318 = LINE('',#1319,#1320);
#1319 = CARTESIAN_POINT('',(-16.25,-19.5,9.75));
#1320 = VECTOR('',#1321,1.);
#1321 = DIRECTION('',(-0.707106781187,2.56E-15,-0.707106781187));
#1322 = ORIENTED_EDGE('',*,*,#1323,.F.);
#1323 = EDGE_CURVE('',#1292,#1316,#1324,.T.);
#1324 = LINE('',#1325,#1326);
#1325 = CARTESIAN_POINT('',(-16.,-12.5,10.));
#1326 = VECTOR('',#1327,1.);
#1327 = DIRECTION('',(0.,-1.,2.2E-16));
#1328 = PLANE('',#1329);
#1329 = AXIS2_PLACEMENT_3D('',#1330,#1331,#1332);
#1330 = CARTESIAN_POINT('',(-16.5,-12.5,9.5));
#1331 = DIRECTION('',(-0.707106781187,1.1E-16,0.707106781187));
#1332 = DIRECTION('',(3.221825406948E-17,-1.,1.877817459305E-16));
#1333 = ADVANCED_FACE('',(#1334),#1345,.T.);
#1334 = FACE_BOUND('',#1335,.F.);
#1335 = EDGE_LOOP('',(#1336,#1337,#1343,#1344));
#1336 = ORIENTED_EDGE('',*,*,#503,.T.);
#1337 = ORIENTED_EDGE('',*,*,#1338,.F.);
#1338 = EDGE_CURVE('',#794,#504,#1339,.T.);
#1339 = LINE('',#1340,#1341);
#1340 = CARTESIAN_POINT('',(-16.25,-11.5,-42.75));
#1341 = VECTOR('',#1342,1.);
#1342 = DIRECTION('',(-0.707106781187,2.44E-15,0.707106781187));
#1343 = ORIENTED_EDGE('',*,*,#793,.F.);
#1344 = ORIENTED_EDGE('',*,*,#623,.T.);
#1345 = PLANE('',#1346);
#1346 = AXIS2_PLACEMENT_3D('',#1347,#1348,#1349);
#1347 = CARTESIAN_POINT('',(-16.5,12.5,-42.5));
#1348 = DIRECTION('',(-0.707106781187,-3.5E-16,-0.707106781187));
#1349 = DIRECTION('',(-2.748737341529E-17,1.,-4.674873734153E-16));
#1350 = ADVANCED_FACE('',(#1351),#1376,.F.);
#1351 = FACE_BOUND('',#1352,.T.);
#1352 = EDGE_LOOP('',(#1353,#1354,#1362,#1370));
#1353 = ORIENTED_EDGE('',*,*,#535,.T.);
#1354 = ORIENTED_EDGE('',*,*,#1355,.F.);
#1355 = EDGE_CURVE('',#1356,#528,#1358,.T.);
#1356 = VERTEX_POINT('',#1357);
#1357 = CARTESIAN_POINT('',(-16.,-20.5,-9.));
#1358 = LINE('',#1359,#1360);
#1359 = CARTESIAN_POINT('',(-16.25,-20.25,-9.));
#1360 = VECTOR('',#1361,1.);
#1361 = DIRECTION('',(-0.707106781187,0.707106781187,-6.09E-15));
#1362 = ORIENTED_EDGE('',*,*,#1363,.F.);
#1363 = EDGE_CURVE('',#1364,#1356,#1366,.T.);
#1364 = VERTEX_POINT('',#1365);
#1365 = CARTESIAN_POINT('',(-16.,-20.5,9.));
#1366 = LINE('',#1367,#1368);
#1367 = CARTESIAN_POINT('',(-16.,-20.5,10.));
#1368 = VECTOR('',#1369,1.);
#1369 = DIRECTION('',(0.,-2.2E-16,-1.));
#1370 = ORIENTED_EDGE('',*,*,#1371,.F.);
#1371 = EDGE_CURVE('',#536,#1364,#1372,.T.);
#1372 = LINE('',#1373,#1374);
#1373 = CARTESIAN_POINT('',(-16.5,-20.,9.));
#1374 = VECTOR('',#1375,1.);
#1375 = DIRECTION('',(0.707106781187,-0.707106781187,-1.6E-16));
#1376 = PLANE('',#1377);
#1377 = AXIS2_PLACEMENT_3D('',#1378,#1379,#1380);
#1378 = CARTESIAN_POINT('',(-16.5,-20.,10.));
#1379 = DIRECTION('',(0.707106781187,0.707106781187,-8.E-17));
#1380 = DIRECTION('',(-5.343145750508E-17,1.665685424949E-16,1.));
#1381 = ADVANCED_FACE('',(#1382),#1407,.T.);
#1382 = FACE_BOUND('',#1383,.T.);
#1383 = EDGE_LOOP('',(#1384,#1392,#1393,#1401));
#1384 = ORIENTED_EDGE('',*,*,#1385,.F.);
#1385 = EDGE_CURVE('',#512,#1386,#1388,.T.);
#1386 = VERTEX_POINT('',#1387);
#1387 = CARTESIAN_POINT('',(-16.,-12.5,-11.));
#1388 = LINE('',#1389,#1390);
#1389 = CARTESIAN_POINT('',(-16.75,-11.75,-11.));
#1390 = VECTOR('',#1391,1.);
#1391 = DIRECTION('',(0.707106781187,-0.707106781187,1.09E-15));
#1392 = ORIENTED_EDGE('',*,*,#511,.T.);
#1393 = ORIENTED_EDGE('',*,*,#1394,.T.);
#1394 = EDGE_CURVE('',#504,#1395,#1397,.T.);
#1395 = VERTEX_POINT('',#1396);
#1396 = CARTESIAN_POINT('',(-16.,-12.5,-42.));
#1397 = LINE('',#1398,#1399);
#1398 = CARTESIAN_POINT('',(-16.5,-12.,-42.));
#1399 = VECTOR('',#1400,1.);
#1400 = DIRECTION('',(0.707106781187,-0.707106781187,-1.41E-15));
#1401 = ORIENTED_EDGE('',*,*,#1402,.F.);
#1402 = EDGE_CURVE('',#1386,#1395,#1403,.T.);
#1403 = LINE('',#1404,#1405);
#1404 = CARTESIAN_POINT('',(-16.,-12.5,-10.));
#1405 = VECTOR('',#1406,1.);
#1406 = DIRECTION('',(0.,0.,-1.));
#1407 = PLANE('',#1408);
#1408 = AXIS2_PLACEMENT_3D('',#1409,#1410,#1411);
#1409 = CARTESIAN_POINT('',(-16.5,-12.,-10.));
#1410 = DIRECTION('',(-0.707106781187,-0.707106781187,-2.E-17));
#1411 = DIRECTION('',(1.414213562373E-17,1.414213562373E-17,-1.));
#1412 = ADVANCED_FACE('',(#1413),#1438,.T.);
#1413 = FACE_BOUND('',#1414,.F.);
#1414 = EDGE_LOOP('',(#1415,#1423,#1424,#1432));
#1415 = ORIENTED_EDGE('',*,*,#1416,.F.);
#1416 = EDGE_CURVE('',#520,#1417,#1419,.T.);
#1417 = VERTEX_POINT('',#1418);
#1418 = CARTESIAN_POINT('',(-16.,-13.5,-10.));
#1419 = LINE('',#1420,#1421);
#1420 = CARTESIAN_POINT('',(-16.25,-13.5,-9.75));
#1421 = VECTOR('',#1422,1.);
#1422 = DIRECTION('',(0.707106781187,1.41E-15,-0.707106781187));
#1423 = ORIENTED_EDGE('',*,*,#527,.T.);
#1424 = ORIENTED_EDGE('',*,*,#1425,.T.);
#1425 = EDGE_CURVE('',#528,#1426,#1428,.T.);
#1426 = VERTEX_POINT('',#1427);
#1427 = CARTESIAN_POINT('',(-16.,-19.5,-10.));
#1428 = LINE('',#1429,#1430);
#1429 = CARTESIAN_POINT('',(-16.5,-19.5,-9.5));
#1430 = VECTOR('',#1431,1.);
#1431 = DIRECTION('',(0.707106781187,3.81E-15,-0.707106781187));
#1432 = ORIENTED_EDGE('',*,*,#1433,.F.);
#1433 = EDGE_CURVE('',#1417,#1426,#1434,.T.);
#1434 = LINE('',#1435,#1436);
#1435 = CARTESIAN_POINT('',(-16.,-12.5,-10.));
#1436 = VECTOR('',#1437,1.);
#1437 = DIRECTION('',(0.,-1.,2.2E-16));
#1438 = PLANE('',#1439);
#1439 = AXIS2_PLACEMENT_3D('',#1440,#1441,#1442);
#1440 = CARTESIAN_POINT('',(-16.5,-12.5,-9.5));
#1441 = DIRECTION('',(-0.707106781187,2.E-17,-0.707106781187));
#1442 = DIRECTION('',(1.241421356237E-16,1.,-9.585786437627E-17));
#1443 = ADVANCED_FACE('',(#1444),#1455,.F.);
#1444 = FACE_BOUND('',#1445,.F.);
#1445 = EDGE_LOOP('',(#1446,#1447,#1448,#1449));
#1446 = ORIENTED_EDGE('',*,*,#1385,.F.);
#1447 = ORIENTED_EDGE('',*,*,#519,.T.);
#1448 = ORIENTED_EDGE('',*,*,#1416,.T.);
#1449 = ORIENTED_EDGE('',*,*,#1450,.F.);
#1450 = EDGE_CURVE('',#1386,#1417,#1451,.T.);
#1451 = LINE('',#1452,#1453);
#1452 = CARTESIAN_POINT('',(-16.,-12.5,-11.));
#1453 = VECTOR('',#1454,1.);
#1454 = DIRECTION('',(0.,-0.707106781187,0.707106781187));
#1455 = PLANE('',#1456);
#1456 = AXIS2_PLACEMENT_3D('',#1457,#1458,#1459);
#1457 = CARTESIAN_POINT('',(-17.,-11.5,-11.));
#1458 = DIRECTION('',(0.57735026919,0.57735026919,0.57735026919));
#1459 = DIRECTION('',(-2.775557561563E-17,-0.707106781187,0.707106781187
    ));
#1460 = ADVANCED_FACE('',(#1461),#1473,.F.);
#1461 = FACE_BOUND('',#1462,.F.);
#1462 = EDGE_LOOP('',(#1463,#1464,#1469,#1470,#1471,#1472));
#1463 = ORIENTED_EDGE('',*,*,#559,.T.);
#1464 = ORIENTED_EDGE('',*,*,#1465,.T.);
#1465 = EDGE_CURVE('',#560,#1146,#1466,.T.);
#1466 = B_SPLINE_CURVE_WITH_KNOTS('',1,(#1467,#1468),.UNSPECIFIED.,.F.,
  .F.,(2,2),(-34.,16.),.PIECEWISE_BEZIER_KNOTS.);
#1467 = CARTESIAN_POINT('',(-17.,6.67E-15,30.1));
#1468 = CARTESIAN_POINT('',(33.,6.67E-15,30.1));
#1469 = ORIENTED_EDGE('',*,*,#1143,.F.);
#1470 = ORIENTED_EDGE('',*,*,#1154,.F.);
#1471 = ORIENTED_EDGE('',*,*,#1163,.F.);
#1472 = ORIENTED_EDGE('',*,*,#1465,.F.);
#1473 = CYLINDRICAL_SURFACE('',#1474,4.1);
#1474 = AXIS2_PLACEMENT_3D('',#1475,#1476,#1477);
#1475 = CARTESIAN_POINT('',(17.,5.77E-15,26.));
#1476 = DIRECTION('',(1.,0.,-2.2E-16));
#1477 = DIRECTION('',(2.2E-16,2.2E-16,1.));
#1478 = ADVANCED_FACE('',(#1479),#1491,.F.);
#1479 = FACE_BOUND('',#1480,.F.);
#1480 = EDGE_LOOP('',(#1481,#1482,#1487,#1488,#1489,#1490));
#1481 = ORIENTED_EDGE('',*,*,#570,.T.);
#1482 = ORIENTED_EDGE('',*,*,#1483,.T.);
#1483 = EDGE_CURVE('',#571,#1126,#1484,.T.);
#1484 = B_SPLINE_CURVE_WITH_KNOTS('',1,(#1485,#1486),.UNSPECIFIED.,.F.,
  .F.,(2,2),(-34.,16.),.PIECEWISE_BEZIER_KNOTS.);
#1485 = CARTESIAN_POINT('',(-17.,-4.87E-15,-21.9));
#1486 = CARTESIAN_POINT('',(33.,-4.87E-15,-21.9));
#1487 = ORIENTED_EDGE('',*,*,#1134,.F.);
#1488 = ORIENTED_EDGE('',*,*,#1114,.F.);
#1489 = ORIENTED_EDGE('',*,*,#1125,.F.);
#1490 = ORIENTED_EDGE('',*,*,#1483,.F.);
#1491 = CYLINDRICAL_SURFACE('',#1492,4.1);
#1492 = AXIS2_PLACEMENT_3D('',#1493,#1494,#1495);
#1493 = CARTESIAN_POINT('',(17.,-5.77E-15,-26.));
#1494 = DIRECTION('',(1.,0.,-2.2E-16));
#1495 = DIRECTION('',(2.2E-16,2.2E-16,1.));
#1496 = ADVANCED_FACE('',(#1497),#1522,.T.);
#1497 = FACE_BOUND('',#1498,.T.);
#1498 = EDGE_LOOP('',(#1499,#1507,#1508,#1516));
#1499 = ORIENTED_EDGE('',*,*,#1500,.F.);
#1500 = EDGE_CURVE('',#582,#1501,#1503,.T.);
#1501 = VERTEX_POINT('',#1502);
#1502 = CARTESIAN_POINT('',(-16.,-5.25,10.));
#1503 = LINE('',#1504,#1505);
#1504 = CARTESIAN_POINT('',(-13.,-2.25,7.));
#1505 = VECTOR('',#1506,1.);
#1506 = DIRECTION('',(0.57735026919,0.57735026919,-0.57735026919));
#1507 = ORIENTED_EDGE('',*,*,#581,.T.);
#1508 = ORIENTED_EDGE('',*,*,#1509,.T.);
#1509 = EDGE_CURVE('',#584,#1510,#1512,.T.);
#1510 = VERTEX_POINT('',#1511);
#1511 = CARTESIAN_POINT('',(-16.,5.25,10.));
#1512 = LINE('',#1513,#1514);
#1513 = CARTESIAN_POINT('',(-14.58333333333,3.833333333333,
    8.583333333333));
#1514 = VECTOR('',#1515,1.);
#1515 = DIRECTION('',(0.57735026919,-0.57735026919,-0.57735026919));
#1516 = ORIENTED_EDGE('',*,*,#1517,.F.);
#1517 = EDGE_CURVE('',#1501,#1510,#1518,.T.);
#1518 = LINE('',#1519,#1520);
#1519 = CARTESIAN_POINT('',(-16.,-5.25,10.));
#1520 = VECTOR('',#1521,1.);
#1521 = DIRECTION('',(0.,1.,0.));
#1522 = PLANE('',#1523);
#1523 = AXIS2_PLACEMENT_3D('',#1524,#1525,#1526);
#1524 = CARTESIAN_POINT('',(-16.5,-5.25,10.5));
#1525 = DIRECTION('',(-0.707106781187,-3.5E-16,-0.707106781187));
#1526 = DIRECTION('',(-2.474873734153E-16,1.,-2.474873734153E-16));
#1527 = ADVANCED_FACE('',(#1528),#1546,.T.);
#1528 = FACE_BOUND('',#1529,.T.);
#1529 = EDGE_LOOP('',(#1530,#1538,#1539,#1540));
#1530 = ORIENTED_EDGE('',*,*,#1531,.F.);
#1531 = EDGE_CURVE('',#592,#1532,#1534,.T.);
#1532 = VERTEX_POINT('',#1533);
#1533 = CARTESIAN_POINT('',(-16.,-5.25,-10.));
#1534 = LINE('',#1535,#1536);
#1535 = CARTESIAN_POINT('',(-14.58333333333,-3.833333333333,
    -8.583333333333));
#1536 = VECTOR('',#1537,1.);
#1537 = DIRECTION('',(0.57735026919,0.57735026919,0.57735026919));
#1538 = ORIENTED_EDGE('',*,*,#591,.T.);
#1539 = ORIENTED_EDGE('',*,*,#1500,.T.);
#1540 = ORIENTED_EDGE('',*,*,#1541,.F.);
#1541 = EDGE_CURVE('',#1532,#1501,#1542,.T.);
#1542 = LINE('',#1543,#1544);
#1543 = CARTESIAN_POINT('',(-16.,-5.25,-10.));
#1544 = VECTOR('',#1545,1.);
#1545 = DIRECTION('',(0.,0.,1.));
#1546 = PLANE('',#1547);
#1547 = AXIS2_PLACEMENT_3D('',#1548,#1549,#1550);
#1548 = CARTESIAN_POINT('',(-16.5,-5.75,-10.));
#1549 = DIRECTION('',(-0.707106781187,0.707106781187,-1.1E-16));
#1550 = DIRECTION('',(-7.778174593052E-17,7.778174593052E-17,1.));
#1551 = ADVANCED_FACE('',(#1552),#1570,.T.);
#1552 = FACE_BOUND('',#1553,.T.);
#1553 = EDGE_LOOP('',(#1554,#1555,#1556,#1564));
#1554 = ORIENTED_EDGE('',*,*,#1509,.F.);
#1555 = ORIENTED_EDGE('',*,*,#607,.T.);
#1556 = ORIENTED_EDGE('',*,*,#1557,.T.);
#1557 = EDGE_CURVE('',#600,#1558,#1560,.T.);
#1558 = VERTEX_POINT('',#1559);
#1559 = CARTESIAN_POINT('',(-16.,5.25,-10.));
#1560 = LINE('',#1561,#1562);
#1561 = CARTESIAN_POINT('',(-13.,2.25,-7.));
#1562 = VECTOR('',#1563,1.);
#1563 = DIRECTION('',(0.57735026919,-0.57735026919,0.57735026919));
#1564 = ORIENTED_EDGE('',*,*,#1565,.F.);
#1565 = EDGE_CURVE('',#1510,#1558,#1566,.T.);
#1566 = LINE('',#1567,#1568);
#1567 = CARTESIAN_POINT('',(-16.,5.25,10.));
#1568 = VECTOR('',#1569,1.);
#1569 = DIRECTION('',(0.,0.,-1.));
#1570 = PLANE('',#1571);
#1571 = AXIS2_PLACEMENT_3D('',#1572,#1573,#1574);
#1572 = CARTESIAN_POINT('',(-16.5,5.75,10.));
#1573 = DIRECTION('',(-0.707106781187,-0.707106781187,8.E-17));
#1574 = DIRECTION('',(-5.656854249492E-17,-5.656854249492E-17,-1.));
#1575 = ADVANCED_FACE('',(#1576),#1587,.T.);
#1576 = FACE_BOUND('',#1577,.T.);
#1577 = EDGE_LOOP('',(#1578,#1579,#1580,#1581));
#1578 = ORIENTED_EDGE('',*,*,#1557,.F.);
#1579 = ORIENTED_EDGE('',*,*,#599,.T.);
#1580 = ORIENTED_EDGE('',*,*,#1531,.T.);
#1581 = ORIENTED_EDGE('',*,*,#1582,.F.);
#1582 = EDGE_CURVE('',#1558,#1532,#1583,.T.);
#1583 = LINE('',#1584,#1585);
#1584 = CARTESIAN_POINT('',(-16.,5.25,-10.));
#1585 = VECTOR('',#1586,1.);
#1586 = DIRECTION('',(0.,-1.,0.));
#1587 = PLANE('',#1588);
#1588 = AXIS2_PLACEMENT_3D('',#1589,#1590,#1591);
#1589 = CARTESIAN_POINT('',(-16.5,5.25,-10.5));
#1590 = DIRECTION('',(-0.707106781187,3.5E-16,0.707106781187));
#1591 = DIRECTION('',(-2.474873734153E-16,-1.,2.474873734153E-16));
#1592 = ADVANCED_FACE('',(#1593),#1604,.T.);
#1593 = FACE_BOUND('',#1594,.F.);
#1594 = EDGE_LOOP('',(#1595,#1596,#1597,#1603));
#1595 = ORIENTED_EDGE('',*,*,#637,.T.);
#1596 = ORIENTED_EDGE('',*,*,#802,.T.);
#1597 = ORIENTED_EDGE('',*,*,#1598,.T.);
#1598 = EDGE_CURVE('',#803,#771,#1599,.T.);
#1599 = LINE('',#1600,#1601);
#1600 = CARTESIAN_POINT('',(32.5,-11.5,-42.5));
#1601 = VECTOR('',#1602,1.);
#1602 = DIRECTION('',(0.707106781187,-1.6E-16,0.707106781187));
#1603 = ORIENTED_EDGE('',*,*,#778,.F.);
#1604 = PLANE('',#1605);
#1605 = AXIS2_PLACEMENT_3D('',#1606,#1607,#1608);
#1606 = CARTESIAN_POINT('',(32.5,12.5,-42.5));
#1607 = DIRECTION('',(0.707106781187,-3.3E-16,-0.707106781187));
#1608 = DIRECTION('',(-5.165476220844E-17,1.,-5.183452377916E-16));
#1609 = ADVANCED_FACE('',(#1610),#1646,.F.);
#1610 = FACE_BOUND('',#1611,.F.);
#1611 = EDGE_LOOP('',(#1612,#1620,#1627,#1628,#1629,#1638,#1644,#1645));
#1612 = ORIENTED_EDGE('',*,*,#1613,.T.);
#1613 = EDGE_CURVE('',#991,#1614,#1616,.T.);
#1614 = VERTEX_POINT('',#1615);
#1615 = CARTESIAN_POINT('',(32.,-1.,22.023820929586));
#1616 = LINE('',#1617,#1618);
#1617 = CARTESIAN_POINT('',(17.,-1.,22.023820929586));
#1618 = VECTOR('',#1619,1.);
#1619 = DIRECTION('',(1.,0.,-2.2E-16));
#1620 = ORIENTED_EDGE('',*,*,#1621,.F.);
#1621 = EDGE_CURVE('',#746,#1614,#1622,.T.);
#1622 = ELLIPSE('',#1623,5.79827560573,4.1);
#1623 = AXIS2_PLACEMENT_3D('',#1624,#1625,#1626);
#1624 = CARTESIAN_POINT('',(31.,5.77E-15,26.));
#1625 = DIRECTION('',(0.707106781187,0.707106781187,-1.E-17));
#1626 = DIRECTION('',(0.707106781187,-0.707106781187,-3.E-16));
#1627 = ORIENTED_EDGE('',*,*,#753,.F.);
#1628 = ORIENTED_EDGE('',*,*,#653,.F.);
#1629 = ORIENTED_EDGE('',*,*,#1630,.T.);
#1630 = EDGE_CURVE('',#654,#1631,#1633,.T.);
#1631 = VERTEX_POINT('',#1632);
#1632 = CARTESIAN_POINT('',(32.,1.,22.023820929586));
#1633 = ELLIPSE('',#1634,5.79827560573,4.1);
#1634 = AXIS2_PLACEMENT_3D('',#1635,#1636,#1637);
#1635 = CARTESIAN_POINT('',(31.,5.77E-15,26.));
#1636 = DIRECTION('',(-0.707106781187,0.707106781187,-1.E-17));
#1637 = DIRECTION('',(0.707106781187,0.707106781187,-3.2E-16));
#1638 = ORIENTED_EDGE('',*,*,#1639,.F.);
#1639 = EDGE_CURVE('',#1008,#1631,#1640,.T.);
#1640 = LINE('',#1641,#1642);
#1641 = CARTESIAN_POINT('',(17.,1.,22.023820929586));
#1642 = VECTOR('',#1643,1.);
#1643 = DIRECTION('',(1.,0.,-2.2E-16));
#1644 = ORIENTED_EDGE('',*,*,#1007,.T.);
#1645 = ORIENTED_EDGE('',*,*,#998,.T.);
#1646 = CYLINDRICAL_SURFACE('',#1647,4.1);
#1647 = AXIS2_PLACEMENT_3D('',#1648,#1649,#1650);
#1648 = CARTESIAN_POINT('',(17.,5.77E-15,26.));
#1649 = DIRECTION('',(1.,0.,-2.2E-16));
#1650 = DIRECTION('',(2.2E-16,2.2E-16,1.));
#1651 = ADVANCED_FACE('',(#1652),#1670,.F.);
#1652 = FACE_BOUND('',#1653,.T.);
#1653 = EDGE_LOOP('',(#1654,#1662,#1663,#1664));
#1654 = ORIENTED_EDGE('',*,*,#1655,.F.);
#1655 = EDGE_CURVE('',#665,#1656,#1658,.T.);
#1656 = VERTEX_POINT('',#1657);
#1657 = CARTESIAN_POINT('',(32.,1.,10.));
#1658 = LINE('',#1659,#1660);
#1659 = CARTESIAN_POINT('',(32.333333333333,1.333333333333,
    10.333333333333));
#1660 = VECTOR('',#1661,1.);
#1661 = DIRECTION('',(-0.57735026919,-0.57735026919,-0.57735026919));
#1662 = ORIENTED_EDGE('',*,*,#664,.T.);
#1663 = ORIENTED_EDGE('',*,*,#1630,.T.);
#1664 = ORIENTED_EDGE('',*,*,#1665,.F.);
#1665 = EDGE_CURVE('',#1656,#1631,#1666,.T.);
#1666 = LINE('',#1667,#1668);
#1667 = CARTESIAN_POINT('',(32.,1.,10.));
#1668 = VECTOR('',#1669,1.);
#1669 = DIRECTION('',(2.2E-16,0.,1.));
#1670 = PLANE('',#1671);
#1671 = AXIS2_PLACEMENT_3D('',#1672,#1673,#1674);
#1672 = CARTESIAN_POINT('',(32.5,1.5,10.));
#1673 = DIRECTION('',(-0.707106781187,0.707106781187,-1.E-17));
#1674 = DIRECTION('',(-1.029289321881E-16,-1.170710678119E-16,-1.));
#1675 = ADVANCED_FACE('',(#1676),#1694,.T.);
#1676 = FACE_BOUND('',#1677,.F.);
#1677 = EDGE_LOOP('',(#1678,#1679,#1680,#1688));
#1678 = ORIENTED_EDGE('',*,*,#1655,.F.);
#1679 = ORIENTED_EDGE('',*,*,#672,.T.);
#1680 = ORIENTED_EDGE('',*,*,#1681,.T.);
#1681 = EDGE_CURVE('',#673,#1682,#1684,.T.);
#1682 = VERTEX_POINT('',#1683);
#1683 = CARTESIAN_POINT('',(32.,5.25,10.));
#1684 = LINE('',#1685,#1686);
#1685 = CARTESIAN_POINT('',(31.625,4.875,9.625));
#1686 = VECTOR('',#1687,1.);
#1687 = DIRECTION('',(-0.57735026919,-0.57735026919,-0.57735026919));
#1688 = ORIENTED_EDGE('',*,*,#1689,.F.);
#1689 = EDGE_CURVE('',#1656,#1682,#1690,.T.);
#1690 = LINE('',#1691,#1692);
#1691 = CARTESIAN_POINT('',(32.,1.,10.));
#1692 = VECTOR('',#1693,1.);
#1693 = DIRECTION('',(0.,1.,-1.7E-16));
#1694 = PLANE('',#1695);
#1695 = AXIS2_PLACEMENT_3D('',#1696,#1697,#1698);
#1696 = CARTESIAN_POINT('',(32.5,1.,10.5));
#1697 = DIRECTION('',(0.707106781187,-3.5E-16,-0.707106781187));
#1698 = DIRECTION('',(-1.624873734153E-16,-1.,3.324873734153E-16));
#1699 = ADVANCED_FACE('',(#1700),#1718,.F.);
#1700 = FACE_BOUND('',#1701,.T.);
#1701 = EDGE_LOOP('',(#1702,#1703,#1704,#1712));
#1702 = ORIENTED_EDGE('',*,*,#1621,.F.);
#1703 = ORIENTED_EDGE('',*,*,#745,.T.);
#1704 = ORIENTED_EDGE('',*,*,#1705,.T.);
#1705 = EDGE_CURVE('',#738,#1706,#1708,.T.);
#1706 = VERTEX_POINT('',#1707);
#1707 = CARTESIAN_POINT('',(32.,-1.,10.));
#1708 = LINE('',#1709,#1710);
#1709 = CARTESIAN_POINT('',(35.045636821598,-4.045636821598,
    13.045636821598));
#1710 = VECTOR('',#1711,1.);
#1711 = DIRECTION('',(-0.57735026919,0.57735026919,-0.57735026919));
#1712 = ORIENTED_EDGE('',*,*,#1713,.F.);
#1713 = EDGE_CURVE('',#1614,#1706,#1714,.T.);
#1714 = LINE('',#1715,#1716);
#1715 = CARTESIAN_POINT('',(32.,-1.,22.023820929586));
#1716 = VECTOR('',#1717,1.);
#1717 = DIRECTION('',(-2.2E-16,0.,-1.));
#1718 = PLANE('',#1719);
#1719 = AXIS2_PLACEMENT_3D('',#1720,#1721,#1722);
#1720 = CARTESIAN_POINT('',(32.5,-1.5,22.023820929586));
#1721 = DIRECTION('',(-0.707106781187,-0.707106781187,1.E-17));
#1722 = DIRECTION('',(1.170710678119E-16,-1.029289321881E-16,1.));
#1723 = ADVANCED_FACE('',(#1724),#1742,.T.);
#1724 = FACE_BOUND('',#1725,.F.);
#1725 = EDGE_LOOP('',(#1726,#1727,#1728,#1736));
#1726 = ORIENTED_EDGE('',*,*,#1681,.F.);
#1727 = ORIENTED_EDGE('',*,*,#680,.T.);
#1728 = ORIENTED_EDGE('',*,*,#1729,.T.);
#1729 = EDGE_CURVE('',#681,#1730,#1732,.T.);
#1730 = VERTEX_POINT('',#1731);
#1731 = CARTESIAN_POINT('',(32.,5.25,-10.));
#1732 = LINE('',#1733,#1734);
#1733 = CARTESIAN_POINT('',(29.,2.25,-7.));
#1734 = VECTOR('',#1735,1.);
#1735 = DIRECTION('',(-0.57735026919,-0.57735026919,0.57735026919));
#1736 = ORIENTED_EDGE('',*,*,#1737,.F.);
#1737 = EDGE_CURVE('',#1682,#1730,#1738,.T.);
#1738 = LINE('',#1739,#1740);
#1739 = CARTESIAN_POINT('',(32.,5.25,10.));
#1740 = VECTOR('',#1741,1.);
#1741 = DIRECTION('',(-2.2E-16,-2.2E-16,-1.));
#1742 = PLANE('',#1743);
#1743 = AXIS2_PLACEMENT_3D('',#1744,#1745,#1746);
#1744 = CARTESIAN_POINT('',(32.5,5.75,10.));
#1745 = DIRECTION('',(0.707106781187,-0.707106781187,1.4E-16));
#1746 = DIRECTION('',(1.210050506339E-16,3.189949493661E-16,1.));
#1747 = ADVANCED_FACE('',(#1748),#1766,.T.);
#1748 = FACE_BOUND('',#1749,.F.);
#1749 = EDGE_LOOP('',(#1750,#1758,#1759,#1760));
#1750 = ORIENTED_EDGE('',*,*,#1751,.F.);
#1751 = EDGE_CURVE('',#730,#1752,#1754,.T.);
#1752 = VERTEX_POINT('',#1753);
#1753 = CARTESIAN_POINT('',(32.,-5.25,10.));
#1754 = LINE('',#1755,#1756);
#1755 = CARTESIAN_POINT('',(29.,-2.25,7.));
#1756 = VECTOR('',#1757,1.);
#1757 = DIRECTION('',(-0.57735026919,0.57735026919,-0.57735026919));
#1758 = ORIENTED_EDGE('',*,*,#737,.T.);
#1759 = ORIENTED_EDGE('',*,*,#1705,.T.);
#1760 = ORIENTED_EDGE('',*,*,#1761,.F.);
#1761 = EDGE_CURVE('',#1752,#1706,#1762,.T.);
#1762 = LINE('',#1763,#1764);
#1763 = CARTESIAN_POINT('',(32.,-5.25,10.));
#1764 = VECTOR('',#1765,1.);
#1765 = DIRECTION('',(0.,1.,-1.7E-16));
#1766 = PLANE('',#1767);
#1767 = AXIS2_PLACEMENT_3D('',#1768,#1769,#1770);
#1768 = CARTESIAN_POINT('',(32.5,-5.25,10.5));
#1769 = DIRECTION('',(0.707106781187,-3.5E-16,-0.707106781187));
#1770 = DIRECTION('',(-1.624873734153E-16,-1.,3.324873734153E-16));
#1771 = ADVANCED_FACE('',(#1772),#1790,.T.);
#1772 = FACE_BOUND('',#1773,.F.);
#1773 = EDGE_LOOP('',(#1774,#1775,#1776,#1784));
#1774 = ORIENTED_EDGE('',*,*,#1729,.F.);
#1775 = ORIENTED_EDGE('',*,*,#688,.T.);
#1776 = ORIENTED_EDGE('',*,*,#1777,.T.);
#1777 = EDGE_CURVE('',#689,#1778,#1780,.T.);
#1778 = VERTEX_POINT('',#1779);
#1779 = CARTESIAN_POINT('',(32.,1.,-10.));
#1780 = LINE('',#1781,#1782);
#1781 = CARTESIAN_POINT('',(35.045636821598,4.045636821598,
    -13.04563682159));
#1782 = VECTOR('',#1783,1.);
#1783 = DIRECTION('',(-0.57735026919,-0.57735026919,0.57735026919));
#1784 = ORIENTED_EDGE('',*,*,#1785,.F.);
#1785 = EDGE_CURVE('',#1730,#1778,#1786,.T.);
#1786 = LINE('',#1787,#1788);
#1787 = CARTESIAN_POINT('',(32.,5.25,-10.));
#1788 = VECTOR('',#1789,1.);
#1789 = DIRECTION('',(0.,-1.,3.4E-16));
#1790 = PLANE('',#1791);
#1791 = AXIS2_PLACEMENT_3D('',#1792,#1793,#1794);
#1792 = CARTESIAN_POINT('',(32.5,5.25,-10.5));
#1793 = DIRECTION('',(0.707106781187,3.5E-16,0.707106781187));
#1794 = DIRECTION('',(-8.248737341529E-17,1.,-4.124873734153E-16));
#1795 = ADVANCED_FACE('',(#1796),#1814,.T.);
#1796 = FACE_BOUND('',#1797,.F.);
#1797 = EDGE_LOOP('',(#1798,#1806,#1807,#1808));
#1798 = ORIENTED_EDGE('',*,*,#1799,.F.);
#1799 = EDGE_CURVE('',#722,#1800,#1802,.T.);
#1800 = VERTEX_POINT('',#1801);
#1801 = CARTESIAN_POINT('',(32.,-5.25,-10.));
#1802 = LINE('',#1803,#1804);
#1803 = CARTESIAN_POINT('',(31.625,-4.875,-9.625));
#1804 = VECTOR('',#1805,1.);
#1805 = DIRECTION('',(-0.57735026919,0.57735026919,0.57735026919));
#1806 = ORIENTED_EDGE('',*,*,#729,.T.);
#1807 = ORIENTED_EDGE('',*,*,#1751,.T.);
#1808 = ORIENTED_EDGE('',*,*,#1809,.F.);
#1809 = EDGE_CURVE('',#1800,#1752,#1810,.T.);
#1810 = LINE('',#1811,#1812);
#1811 = CARTESIAN_POINT('',(32.,-5.25,-10.));
#1812 = VECTOR('',#1813,1.);
#1813 = DIRECTION('',(2.2E-16,2.2E-16,1.));
#1814 = PLANE('',#1815);
#1815 = AXIS2_PLACEMENT_3D('',#1816,#1817,#1818);
#1816 = CARTESIAN_POINT('',(32.5,-5.75,-10.));
#1817 = DIRECTION('',(0.707106781187,0.707106781187,-1.7E-16));
#1818 = DIRECTION('',(-1.202081528017E-16,-1.202081528017E-16,-1.));
#1819 = ADVANCED_FACE('',(#1820),#1839,.F.);
#1820 = FACE_BOUND('',#1821,.T.);
#1821 = EDGE_LOOP('',(#1822,#1831,#1832,#1833));
#1822 = ORIENTED_EDGE('',*,*,#1823,.F.);
#1823 = EDGE_CURVE('',#697,#1824,#1826,.T.);
#1824 = VERTEX_POINT('',#1825);
#1825 = CARTESIAN_POINT('',(32.,1.,-22.02382092958));
#1826 = ELLIPSE('',#1827,5.79827560573,4.1);
#1827 = AXIS2_PLACEMENT_3D('',#1828,#1829,#1830);
#1828 = CARTESIAN_POINT('',(31.,-5.77E-15,-26.));
#1829 = DIRECTION('',(0.707106781187,-0.707106781187,1.E-17));
#1830 = DIRECTION('',(0.707106781187,0.707106781187,-3.2E-16));
#1831 = ORIENTED_EDGE('',*,*,#696,.T.);
#1832 = ORIENTED_EDGE('',*,*,#1777,.T.);
#1833 = ORIENTED_EDGE('',*,*,#1834,.F.);
#1834 = EDGE_CURVE('',#1824,#1778,#1835,.T.);
#1835 = LINE('',#1836,#1837);
#1836 = CARTESIAN_POINT('',(32.,1.,-22.02382092958));
#1837 = VECTOR('',#1838,1.);
#1838 = DIRECTION('',(2.2E-16,0.,1.));
#1839 = PLANE('',#1840);
#1840 = AXIS2_PLACEMENT_3D('',#1841,#1842,#1843);
#1841 = CARTESIAN_POINT('',(32.5,1.5,-22.02382092958));
#1842 = DIRECTION('',(-0.707106781187,0.707106781187,-1.E-17));
#1843 = DIRECTION('',(-1.029289321881E-16,-1.170710678119E-16,-1.));
#1844 = ADVANCED_FACE('',(#1845),#1863,.T.);
#1845 = FACE_BOUND('',#1846,.F.);
#1846 = EDGE_LOOP('',(#1847,#1855,#1856,#1857));
#1847 = ORIENTED_EDGE('',*,*,#1848,.F.);
#1848 = EDGE_CURVE('',#714,#1849,#1851,.T.);
#1849 = VERTEX_POINT('',#1850);
#1850 = CARTESIAN_POINT('',(32.,-1.,-10.));
#1851 = LINE('',#1852,#1853);
#1852 = CARTESIAN_POINT('',(32.333333333333,-1.333333333333,
    -10.33333333333));
#1853 = VECTOR('',#1854,1.);
#1854 = DIRECTION('',(-0.57735026919,0.57735026919,0.57735026919));
#1855 = ORIENTED_EDGE('',*,*,#721,.T.);
#1856 = ORIENTED_EDGE('',*,*,#1799,.T.);
#1857 = ORIENTED_EDGE('',*,*,#1858,.F.);
#1858 = EDGE_CURVE('',#1849,#1800,#1859,.T.);
#1859 = LINE('',#1860,#1861);
#1860 = CARTESIAN_POINT('',(32.,-1.,-10.));
#1861 = VECTOR('',#1862,1.);
#1862 = DIRECTION('',(0.,-1.,3.4E-16));
#1863 = PLANE('',#1864);
#1864 = AXIS2_PLACEMENT_3D('',#1865,#1866,#1867);
#1865 = CARTESIAN_POINT('',(32.5,-1.,-10.5));
#1866 = DIRECTION('',(0.707106781187,3.3E-16,0.707106781187));
#1867 = DIRECTION('',(-6.334523779156E-17,1.,-4.033452377916E-16));
#1868 = ADVANCED_FACE('',(#1869),#1895,.F.);
#1869 = FACE_BOUND('',#1870,.F.);
#1870 = EDGE_LOOP('',(#1871,#1879,#1880,#1886,#1887,#1888));
#1871 = ORIENTED_EDGE('',*,*,#1872,.F.);
#1872 = EDGE_CURVE('',#948,#1873,#1875,.T.);
#1873 = VERTEX_POINT('',#1874);
#1874 = CARTESIAN_POINT('',(32.,-1.,-22.02382092958));
#1875 = LINE('',#1876,#1877);
#1876 = CARTESIAN_POINT('',(17.,-1.,-22.02382092958));
#1877 = VECTOR('',#1878,1.);
#1878 = DIRECTION('',(1.,0.,-2.2E-16));
#1879 = ORIENTED_EDGE('',*,*,#947,.T.);
#1880 = ORIENTED_EDGE('',*,*,#1881,.T.);
#1881 = EDGE_CURVE('',#950,#1824,#1882,.T.);
#1882 = LINE('',#1883,#1884);
#1883 = CARTESIAN_POINT('',(17.,1.,-22.02382092958));
#1884 = VECTOR('',#1885,1.);
#1885 = DIRECTION('',(1.,0.,-2.2E-16));
#1886 = ORIENTED_EDGE('',*,*,#1823,.F.);
#1887 = ORIENTED_EDGE('',*,*,#704,.F.);
#1888 = ORIENTED_EDGE('',*,*,#1889,.T.);
#1889 = EDGE_CURVE('',#705,#1873,#1890,.T.);
#1890 = ELLIPSE('',#1891,5.79827560573,4.1);
#1891 = AXIS2_PLACEMENT_3D('',#1892,#1893,#1894);
#1892 = CARTESIAN_POINT('',(31.,-5.77E-15,-26.));
#1893 = DIRECTION('',(-0.707106781187,-0.707106781187,1.E-17));
#1894 = DIRECTION('',(0.707106781187,-0.707106781187,-3.E-16));
#1895 = CYLINDRICAL_SURFACE('',#1896,4.1);
#1896 = AXIS2_PLACEMENT_3D('',#1897,#1898,#1899);
#1897 = CARTESIAN_POINT('',(17.,-5.77E-15,-26.));
#1898 = DIRECTION('',(1.,0.,-2.2E-16));
#1899 = DIRECTION('',(2.2E-16,2.2E-16,1.));
#1900 = ADVANCED_FACE('',(#1901),#1912,.F.);
#1901 = FACE_BOUND('',#1902,.T.);
#1902 = EDGE_LOOP('',(#1903,#1904,#1905,#1906));
#1903 = ORIENTED_EDGE('',*,*,#1848,.F.);
#1904 = ORIENTED_EDGE('',*,*,#713,.T.);
#1905 = ORIENTED_EDGE('',*,*,#1889,.T.);
#1906 = ORIENTED_EDGE('',*,*,#1907,.F.);
#1907 = EDGE_CURVE('',#1849,#1873,#1908,.T.);
#1908 = LINE('',#1909,#1910);
#1909 = CARTESIAN_POINT('',(32.,-1.,-10.));
#1910 = VECTOR('',#1911,1.);
#1911 = DIRECTION('',(-2.2E-16,0.,-1.));
#1912 = PLANE('',#1913);
#1913 = AXIS2_PLACEMENT_3D('',#1914,#1915,#1916);
#1914 = CARTESIAN_POINT('',(32.5,-1.5,-10.));
#1915 = DIRECTION('',(-0.707106781187,-0.707106781187,1.E-17));
#1916 = DIRECTION('',(1.170710678119E-16,-1.029289321881E-16,1.));
#1917 = ADVANCED_FACE('',(#1918),#1941,.T.);
#1918 = FACE_BOUND('',#1919,.T.);
#1919 = EDGE_LOOP('',(#1920,#1928,#1929,#1935));
#1920 = ORIENTED_EDGE('',*,*,#1921,.T.);
#1921 = EDGE_CURVE('',#1922,#771,#1924,.T.);
#1922 = VERTEX_POINT('',#1923);
#1923 = CARTESIAN_POINT('',(32.,-12.5,-42.));
#1924 = LINE('',#1925,#1926);
#1925 = CARTESIAN_POINT('',(32.25,-12.25,-42.));
#1926 = VECTOR('',#1927,1.);
#1927 = DIRECTION('',(0.707106781187,0.707106781187,1.016E-14));
#1928 = ORIENTED_EDGE('',*,*,#770,.T.);
#1929 = ORIENTED_EDGE('',*,*,#1930,.T.);
#1930 = EDGE_CURVE('',#763,#1222,#1931,.T.);
#1931 = LINE('',#1932,#1933);
#1932 = CARTESIAN_POINT('',(32.75,-11.75,42.));
#1933 = VECTOR('',#1934,1.);
#1934 = DIRECTION('',(-0.707106781187,-0.707106781187,-1.4E-14));
#1935 = ORIENTED_EDGE('',*,*,#1936,.F.);
#1936 = EDGE_CURVE('',#1922,#1222,#1937,.T.);
#1937 = LINE('',#1938,#1939);
#1938 = CARTESIAN_POINT('',(32.,-12.5,-43.));
#1939 = VECTOR('',#1940,1.);
#1940 = DIRECTION('',(2.2E-16,0.,1.));
#1941 = PLANE('',#1942);
#1942 = AXIS2_PLACEMENT_3D('',#1943,#1944,#1945);
#1943 = CARTESIAN_POINT('',(32.5,-12.,-43.));
#1944 = DIRECTION('',(0.707106781187,-0.707106781187,-5.4E-16));
#1945 = DIRECTION('',(4.918376618407E-16,-2.718376618407E-16,1.));
#1946 = ADVANCED_FACE('',(#1947),#1968,.T.);
#1947 = FACE_BOUND('',#1948,.T.);
#1948 = EDGE_LOOP('',(#1949,#1955,#1956,#1962));
#1949 = ORIENTED_EDGE('',*,*,#1950,.F.);
#1950 = EDGE_CURVE('',#794,#1395,#1951,.T.);
#1951 = LINE('',#1952,#1953);
#1952 = CARTESIAN_POINT('',(-16.,-11.75,-42.75));
#1953 = VECTOR('',#1954,1.);
#1954 = DIRECTION('',(1.35E-15,-0.707106781187,0.707106781187));
#1955 = ORIENTED_EDGE('',*,*,#810,.T.);
#1956 = ORIENTED_EDGE('',*,*,#1957,.F.);
#1957 = EDGE_CURVE('',#1922,#803,#1958,.T.);
#1958 = LINE('',#1959,#1960);
#1959 = CARTESIAN_POINT('',(32.,-12.25,-42.25));
#1960 = VECTOR('',#1961,1.);
#1961 = DIRECTION('',(-1.E-14,0.707106781187,-0.707106781187));
#1962 = ORIENTED_EDGE('',*,*,#1963,.F.);
#1963 = EDGE_CURVE('',#1395,#1922,#1964,.T.);
#1964 = LINE('',#1965,#1966);
#1965 = CARTESIAN_POINT('',(-17.,-12.5,-42.));
#1966 = VECTOR('',#1967,1.);
#1967 = DIRECTION('',(1.,0.,-2.2E-16));
#1968 = PLANE('',#1969);
#1969 = AXIS2_PLACEMENT_3D('',#1970,#1971,#1972);
#1970 = CARTESIAN_POINT('',(-17.,-12.,-42.5));
#1971 = DIRECTION('',(0.,-0.707106781187,-0.707106781187));
#1972 = DIRECTION('',(1.,1.1E-16,-1.1E-16));
#1973 = ADVANCED_FACE('',(#1974,#2003),#2006,.F.);
#1974 = FACE_BOUND('',#1975,.F.);
#1975 = EDGE_LOOP('',(#1976,#1987,#1996));
#1976 = ORIENTED_EDGE('',*,*,#1977,.F.);
#1977 = EDGE_CURVE('',#1978,#1980,#1982,.T.);
#1978 = VERTEX_POINT('',#1979);
#1979 = CARTESIAN_POINT('',(5.,4.275,-3.5));
#1980 = VERTEX_POINT('',#1981);
#1981 = CARTESIAN_POINT('',(8.5,4.275,0.));
#1982 = CIRCLE('',#1983,3.5);
#1983 = AXIS2_PLACEMENT_3D('',#1984,#1985,#1986);
#1984 = CARTESIAN_POINT('',(5.,4.275,-4.E-16));
#1985 = DIRECTION('',(0.,-1.,2.2E-16));
#1986 = DIRECTION('',(1.,-3.52E-32,-1.6E-16));
#1987 = ORIENTED_EDGE('',*,*,#1988,.F.);
#1988 = EDGE_CURVE('',#1989,#1978,#1991,.T.);
#1989 = VERTEX_POINT('',#1990);
#1990 = CARTESIAN_POINT('',(5.000000008805,4.275,3.5));
#1991 = CIRCLE('',#1992,3.5);
#1992 = AXIS2_PLACEMENT_3D('',#1993,#1994,#1995);
#1993 = CARTESIAN_POINT('',(5.,4.275,-4.E-16));
#1994 = DIRECTION('',(0.,-1.,2.2E-16));
#1995 = DIRECTION('',(1.,-3.52E-32,-1.6E-16));
#1996 = ORIENTED_EDGE('',*,*,#1997,.F.);
#1997 = EDGE_CURVE('',#1980,#1989,#1998,.T.);
#1998 = CIRCLE('',#1999,3.5);
#1999 = AXIS2_PLACEMENT_3D('',#2000,#2001,#2002);
#2000 = CARTESIAN_POINT('',(5.,4.275,-4.E-16));
#2001 = DIRECTION('',(0.,-1.,2.2E-16));
#2002 = DIRECTION('',(1.,-3.52E-32,-1.6E-16));
#2003 = FACE_BOUND('',#2004,.F.);
#2004 = EDGE_LOOP('',(#2005));
#2005 = ORIENTED_EDGE('',*,*,#831,.F.);
#2006 = PLANE('',#2007);
#2007 = AXIS2_PLACEMENT_3D('',#2008,#2009,#2010);
#2008 = CARTESIAN_POINT('',(17.,4.275,-3.5));
#2009 = DIRECTION('',(0.,1.,0.));
#2010 = DIRECTION('',(2.2E-16,0.,1.));
#2011 = ADVANCED_FACE('',(#2012,#2023),#2026,.F.);
#2012 = FACE_BOUND('',#2013,.F.);
#2013 = EDGE_LOOP('',(#2014,#2020,#2021,#2022));
#2014 = ORIENTED_EDGE('',*,*,#2015,.F.);
#2015 = EDGE_CURVE('',#1017,#1656,#2016,.T.);
#2016 = LINE('',#2017,#2018);
#2017 = CARTESIAN_POINT('',(20.5,1.,10.));
#2018 = VECTOR('',#2019,1.);
#2019 = DIRECTION('',(1.,0.,0.));
#2020 = ORIENTED_EDGE('',*,*,#1016,.T.);
#2021 = ORIENTED_EDGE('',*,*,#1639,.T.);
#2022 = ORIENTED_EDGE('',*,*,#1665,.F.);
#2023 = FACE_BOUND('',#2024,.F.);
#2024 = EDGE_LOOP('',(#2025));
#2025 = ORIENTED_EDGE('',*,*,#858,.F.);
#2026 = PLANE('',#2027);
#2027 = AXIS2_PLACEMENT_3D('',#2028,#2029,#2030);
#2028 = CARTESIAN_POINT('',(33.,1.,-26.));
#2029 = DIRECTION('',(0.,1.,0.));
#2030 = DIRECTION('',(2.2E-16,0.,1.));
#2031 = ADVANCED_FACE('',(#2032,#2043),#2046,.F.);
#2032 = FACE_BOUND('',#2033,.F.);
#2033 = EDGE_LOOP('',(#2034,#2035,#2036,#2042));
#2034 = ORIENTED_EDGE('',*,*,#1881,.F.);
#2035 = ORIENTED_EDGE('',*,*,#1048,.T.);
#2036 = ORIENTED_EDGE('',*,*,#2037,.F.);
#2037 = EDGE_CURVE('',#1778,#1041,#2038,.T.);
#2038 = LINE('',#2039,#2040);
#2039 = CARTESIAN_POINT('',(20.5,1.,-10.));
#2040 = VECTOR('',#2041,1.);
#2041 = DIRECTION('',(-1.,0.,0.));
#2042 = ORIENTED_EDGE('',*,*,#1834,.F.);
#2043 = FACE_BOUND('',#2044,.F.);
#2044 = EDGE_LOOP('',(#2045));
#2045 = ORIENTED_EDGE('',*,*,#883,.F.);
#2046 = PLANE('',#2047);
#2047 = AXIS2_PLACEMENT_3D('',#2048,#2049,#2050);
#2048 = CARTESIAN_POINT('',(33.,1.,-26.));
#2049 = DIRECTION('',(0.,1.,0.));
#2050 = DIRECTION('',(2.2E-16,0.,1.));
#2051 = ADVANCED_FACE('',(#2052),#2077,.F.);
#2052 = FACE_BOUND('',#2053,.F.);
#2053 = EDGE_LOOP('',(#2054,#2062,#2063,#2071));
#2054 = ORIENTED_EDGE('',*,*,#2055,.F.);
#2055 = EDGE_CURVE('',#907,#2056,#2058,.T.);
#2056 = VERTEX_POINT('',#2057);
#2057 = CARTESIAN_POINT('',(17.,-12.5,-34.));
#2058 = LINE('',#2059,#2060);
#2059 = CARTESIAN_POINT('',(28.666666666667,-0.833333333333,
    -22.33333333333));
#2060 = VECTOR('',#2061,1.);
#2061 = DIRECTION('',(-0.57735026919,-0.57735026919,-0.57735026919));
#2062 = ORIENTED_EDGE('',*,*,#906,.T.);
#2063 = ORIENTED_EDGE('',*,*,#2064,.T.);
#2064 = EDGE_CURVE('',#899,#2065,#2067,.T.);
#2065 = VERTEX_POINT('',#2066);
#2066 = CARTESIAN_POINT('',(21.,-12.5,-34.));
#2067 = LINE('',#2068,#2069);
#2068 = CARTESIAN_POINT('',(20.,-11.5,-33.));
#2069 = VECTOR('',#2070,1.);
#2070 = DIRECTION('',(0.57735026919,-0.57735026919,-0.57735026919));
#2071 = ORIENTED_EDGE('',*,*,#2072,.F.);
#2072 = EDGE_CURVE('',#2056,#2065,#2073,.T.);
#2073 = LINE('',#2074,#2075);
#2074 = CARTESIAN_POINT('',(18.,-12.5,-34.));
#2075 = VECTOR('',#2076,1.);
#2076 = DIRECTION('',(1.,0.,0.));
#2077 = PLANE('',#2078);
#2078 = AXIS2_PLACEMENT_3D('',#2079,#2080,#2081);
#2079 = CARTESIAN_POINT('',(18.,-12.,-33.5));
#2080 = DIRECTION('',(0.,0.707106781187,-0.707106781187));
#2081 = DIRECTION('',(1.,0.,0.));
#2082 = ADVANCED_FACE('',(#2083),#2101,.F.);
#2083 = FACE_BOUND('',#2084,.F.);
#2084 = EDGE_LOOP('',(#2085,#2086,#2087,#2095));
#2085 = ORIENTED_EDGE('',*,*,#2064,.F.);
#2086 = ORIENTED_EDGE('',*,*,#939,.T.);
#2087 = ORIENTED_EDGE('',*,*,#2088,.T.);
#2088 = EDGE_CURVE('',#932,#2089,#2091,.T.);
#2089 = VERTEX_POINT('',#2090);
#2090 = CARTESIAN_POINT('',(21.,-12.5,34.));
#2091 = LINE('',#2092,#2093);
#2092 = CARTESIAN_POINT('',(9.333333333333,-0.833333333333,
    22.333333333333));
#2093 = VECTOR('',#2094,1.);
#2094 = DIRECTION('',(0.57735026919,-0.57735026919,0.57735026919));
#2095 = ORIENTED_EDGE('',*,*,#2096,.F.);
#2096 = EDGE_CURVE('',#2065,#2089,#2097,.T.);
#2097 = LINE('',#2098,#2099);
#2098 = CARTESIAN_POINT('',(21.,-12.5,-33.));
#2099 = VECTOR('',#2100,1.);
#2100 = DIRECTION('',(0.,2.2E-16,1.));
#2101 = PLANE('',#2102);
#2102 = AXIS2_PLACEMENT_3D('',#2103,#2104,#2105);
#2103 = CARTESIAN_POINT('',(20.5,-12.,-33.));
#2104 = DIRECTION('',(0.707106781187,0.707106781187,-8.E-17));
#2105 = DIRECTION('',(-5.343145750508E-17,1.665685424949E-16,1.));
#2106 = ADVANCED_FACE('',(#2107),#2118,.T.);
#2107 = FACE_BOUND('',#2108,.T.);
#2108 = EDGE_LOOP('',(#2109,#2115,#2116,#2117));
#2109 = ORIENTED_EDGE('',*,*,#2110,.F.);
#2110 = EDGE_CURVE('',#1033,#1730,#2111,.T.);
#2111 = LINE('',#2112,#2113);
#2112 = CARTESIAN_POINT('',(17.,5.25,-10.));
#2113 = VECTOR('',#2114,1.);
#2114 = DIRECTION('',(1.,0.,-2.2E-16));
#2115 = ORIENTED_EDGE('',*,*,#1040,.F.);
#2116 = ORIENTED_EDGE('',*,*,#2037,.F.);
#2117 = ORIENTED_EDGE('',*,*,#1785,.F.);
#2118 = PLANE('',#2119);
#2119 = AXIS2_PLACEMENT_3D('',#2120,#2121,#2122);
#2120 = CARTESIAN_POINT('',(8.,-2.36E-15,-10.));
#2121 = DIRECTION('',(0.,4.3E-16,1.));
#2122 = DIRECTION('',(0.,-1.,4.3E-16));
#2123 = ADVANCED_FACE('',(#2124),#2135,.T.);
#2124 = FACE_BOUND('',#2125,.T.);
#2125 = EDGE_LOOP('',(#2126,#2132,#2133,#2134));
#2126 = ORIENTED_EDGE('',*,*,#2127,.F.);
#2127 = EDGE_CURVE('',#1025,#1682,#2128,.T.);
#2128 = LINE('',#2129,#2130);
#2129 = CARTESIAN_POINT('',(-17.,5.25,10.));
#2130 = VECTOR('',#2131,1.);
#2131 = DIRECTION('',(1.,0.,2.2E-16));
#2132 = ORIENTED_EDGE('',*,*,#1032,.F.);
#2133 = ORIENTED_EDGE('',*,*,#2110,.T.);
#2134 = ORIENTED_EDGE('',*,*,#1737,.F.);
#2135 = PLANE('',#2136);
#2136 = AXIS2_PLACEMENT_3D('',#2137,#2138,#2139);
#2137 = CARTESIAN_POINT('',(8.,5.25,-5.E-17));
#2138 = DIRECTION('',(0.,-1.,1.9E-16));
#2139 = DIRECTION('',(0.,1.9E-16,1.));
#2140 = ADVANCED_FACE('',(#2141),#2147,.T.);
#2141 = FACE_BOUND('',#2142,.T.);
#2142 = EDGE_LOOP('',(#2143,#2144,#2145,#2146));
#2143 = ORIENTED_EDGE('',*,*,#2015,.F.);
#2144 = ORIENTED_EDGE('',*,*,#1024,.F.);
#2145 = ORIENTED_EDGE('',*,*,#2127,.T.);
#2146 = ORIENTED_EDGE('',*,*,#1689,.F.);
#2147 = PLANE('',#2148);
#2148 = AXIS2_PLACEMENT_3D('',#2149,#2150,#2151);
#2149 = CARTESIAN_POINT('',(8.,2.13E-15,10.));
#2150 = DIRECTION('',(0.,-3.7E-16,-1.));
#2151 = DIRECTION('',(0.,1.,-3.7E-16));
#2152 = ADVANCED_FACE('',(#2153,#2164),#2175,.F.);
#2153 = FACE_BOUND('',#2154,.F.);
#2154 = EDGE_LOOP('',(#2155,#2156,#2157,#2163));
#2155 = ORIENTED_EDGE('',*,*,#1613,.F.);
#2156 = ORIENTED_EDGE('',*,*,#990,.T.);
#2157 = ORIENTED_EDGE('',*,*,#2158,.F.);
#2158 = EDGE_CURVE('',#1706,#983,#2159,.T.);
#2159 = LINE('',#2160,#2161);
#2160 = CARTESIAN_POINT('',(20.5,-1.,10.));
#2161 = VECTOR('',#2162,1.);
#2162 = DIRECTION('',(-1.,0.,0.));
#2163 = ORIENTED_EDGE('',*,*,#1713,.F.);
#2164 = FACE_BOUND('',#2165,.F.);
#2165 = EDGE_LOOP('',(#2166));
#2166 = ORIENTED_EDGE('',*,*,#2167,.T.);
#2167 = EDGE_CURVE('',#2168,#2168,#2170,.T.);
#2168 = VERTEX_POINT('',#2169);
#2169 = CARTESIAN_POINT('',(27.6,-1.,16.119009569402));
#2170 = CIRCLE('',#2171,1.6);
#2171 = AXIS2_PLACEMENT_3D('',#2172,#2173,#2174);
#2172 = CARTESIAN_POINT('',(26.,-1.,16.119009569402));
#2173 = DIRECTION('',(-0.,1.,2.2E-16));
#2174 = DIRECTION('',(1.,0.,0.));
#2175 = PLANE('',#2176);
#2176 = AXIS2_PLACEMENT_3D('',#2177,#2178,#2179);
#2177 = CARTESIAN_POINT('',(33.,-1.,26.));
#2178 = DIRECTION('',(0.,-1.,0.));
#2179 = DIRECTION('',(-2.2E-16,-0.,-1.));
#2180 = ADVANCED_FACE('',(#2181),#2192,.T.);
#2181 = FACE_BOUND('',#2182,.T.);
#2182 = EDGE_LOOP('',(#2183,#2189,#2190,#2191));
#2183 = ORIENTED_EDGE('',*,*,#2184,.F.);
#2184 = EDGE_CURVE('',#975,#1752,#2185,.T.);
#2185 = LINE('',#2186,#2187);
#2186 = CARTESIAN_POINT('',(-17.,-5.25,10.));
#2187 = VECTOR('',#2188,1.);
#2188 = DIRECTION('',(1.,0.,2.2E-16));
#2189 = ORIENTED_EDGE('',*,*,#982,.F.);
#2190 = ORIENTED_EDGE('',*,*,#2158,.F.);
#2191 = ORIENTED_EDGE('',*,*,#1761,.F.);
#2192 = PLANE('',#2193);
#2193 = AXIS2_PLACEMENT_3D('',#2194,#2195,#2196);
#2194 = CARTESIAN_POINT('',(8.,2.13E-15,10.));
#2195 = DIRECTION('',(0.,-3.7E-16,-1.));
#2196 = DIRECTION('',(0.,1.,-3.7E-16));
#2197 = ADVANCED_FACE('',(#2198),#2209,.T.);
#2198 = FACE_BOUND('',#2199,.T.);
#2199 = EDGE_LOOP('',(#2200,#2206,#2207,#2208));
#2200 = ORIENTED_EDGE('',*,*,#2201,.F.);
#2201 = EDGE_CURVE('',#967,#1800,#2202,.T.);
#2202 = LINE('',#2203,#2204);
#2203 = CARTESIAN_POINT('',(17.,-5.25,-10.));
#2204 = VECTOR('',#2205,1.);
#2205 = DIRECTION('',(1.,0.,-2.2E-16));
#2206 = ORIENTED_EDGE('',*,*,#974,.F.);
#2207 = ORIENTED_EDGE('',*,*,#2184,.T.);
#2208 = ORIENTED_EDGE('',*,*,#1809,.F.);
#2209 = PLANE('',#2210);
#2210 = AXIS2_PLACEMENT_3D('',#2211,#2212,#2213);
#2211 = CARTESIAN_POINT('',(8.,-5.25,3.3E-15));
#2212 = DIRECTION('',(0.,1.,-1.9E-16));
#2213 = DIRECTION('',(0.,-1.9E-16,-1.));
#2214 = ADVANCED_FACE('',(#2215),#2226,.T.);
#2215 = FACE_BOUND('',#2216,.T.);
#2216 = EDGE_LOOP('',(#2217,#2223,#2224,#2225));
#2217 = ORIENTED_EDGE('',*,*,#2218,.F.);
#2218 = EDGE_CURVE('',#959,#1849,#2219,.T.);
#2219 = LINE('',#2220,#2221);
#2220 = CARTESIAN_POINT('',(20.5,-1.,-10.));
#2221 = VECTOR('',#2222,1.);
#2222 = DIRECTION('',(1.,0.,0.));
#2223 = ORIENTED_EDGE('',*,*,#966,.F.);
#2224 = ORIENTED_EDGE('',*,*,#2201,.T.);
#2225 = ORIENTED_EDGE('',*,*,#1858,.F.);
#2226 = PLANE('',#2227);
#2227 = AXIS2_PLACEMENT_3D('',#2228,#2229,#2230);
#2228 = CARTESIAN_POINT('',(8.,-2.36E-15,-10.));
#2229 = DIRECTION('',(0.,4.3E-16,1.));
#2230 = DIRECTION('',(0.,-1.,4.3E-16));
#2231 = ADVANCED_FACE('',(#2232,#2238),#2249,.F.);
#2232 = FACE_BOUND('',#2233,.F.);
#2233 = EDGE_LOOP('',(#2234,#2235,#2236,#2237));
#2234 = ORIENTED_EDGE('',*,*,#2218,.F.);
#2235 = ORIENTED_EDGE('',*,*,#958,.T.);
#2236 = ORIENTED_EDGE('',*,*,#1872,.T.);
#2237 = ORIENTED_EDGE('',*,*,#1907,.F.);
#2238 = FACE_BOUND('',#2239,.F.);
#2239 = EDGE_LOOP('',(#2240));
#2240 = ORIENTED_EDGE('',*,*,#2241,.T.);
#2241 = EDGE_CURVE('',#2242,#2242,#2244,.T.);
#2242 = VERTEX_POINT('',#2243);
#2243 = CARTESIAN_POINT('',(27.6,-1.,-16.1190095694));
#2244 = CIRCLE('',#2245,1.6);
#2245 = AXIS2_PLACEMENT_3D('',#2246,#2247,#2248);
#2246 = CARTESIAN_POINT('',(26.,-1.,-16.1190095694));
#2247 = DIRECTION('',(-0.,1.,2.2E-16));
#2248 = DIRECTION('',(1.,0.,0.));
#2249 = PLANE('',#2250);
#2250 = AXIS2_PLACEMENT_3D('',#2251,#2252,#2253);
#2251 = CARTESIAN_POINT('',(33.,-1.,26.));
#2252 = DIRECTION('',(0.,-1.,0.));
#2253 = DIRECTION('',(-2.2E-16,-0.,-1.));
#2254 = ADVANCED_FACE('',(#2255),#2273,.T.);
#2255 = FACE_BOUND('',#2256,.F.);
#2256 = EDGE_LOOP('',(#2257,#2265,#2266,#2267));
#2257 = ORIENTED_EDGE('',*,*,#2258,.F.);
#2258 = EDGE_CURVE('',#1065,#2259,#2261,.T.);
#2259 = VERTEX_POINT('',#2260);
#2260 = CARTESIAN_POINT('',(17.,-12.5,34.));
#2261 = LINE('',#2262,#2263);
#2262 = CARTESIAN_POINT('',(18.,-11.5,33.));
#2263 = VECTOR('',#2264,1.);
#2264 = DIRECTION('',(-0.57735026919,-0.57735026919,0.57735026919));
#2265 = ORIENTED_EDGE('',*,*,#1072,.T.);
#2266 = ORIENTED_EDGE('',*,*,#2055,.T.);
#2267 = ORIENTED_EDGE('',*,*,#2268,.F.);
#2268 = EDGE_CURVE('',#2259,#2056,#2269,.T.);
#2269 = LINE('',#2270,#2271);
#2270 = CARTESIAN_POINT('',(17.,-12.5,33.));
#2271 = VECTOR('',#2272,1.);
#2272 = DIRECTION('',(0.,-2.2E-16,-1.));
#2273 = PLANE('',#2274);
#2274 = AXIS2_PLACEMENT_3D('',#2275,#2276,#2277);
#2275 = CARTESIAN_POINT('',(17.5,-12.,33.));
#2276 = DIRECTION('',(0.707106781187,-0.707106781187,8.E-17));
#2277 = DIRECTION('',(5.343145750508E-17,1.665685424949E-16,1.));
#2278 = ADVANCED_FACE('',(#2279),#2295,.T.);
#2279 = FACE_BOUND('',#2280,.T.);
#2280 = EDGE_LOOP('',(#2281,#2287,#2288,#2294));
#2281 = ORIENTED_EDGE('',*,*,#2282,.F.);
#2282 = EDGE_CURVE('',#1501,#1081,#2283,.T.);
#2283 = LINE('',#2284,#2285);
#2284 = CARTESIAN_POINT('',(-17.,-5.25,10.));
#2285 = VECTOR('',#2286,1.);
#2286 = DIRECTION('',(1.,0.,2.2E-16));
#2287 = ORIENTED_EDGE('',*,*,#1517,.T.);
#2288 = ORIENTED_EDGE('',*,*,#2289,.T.);
#2289 = EDGE_CURVE('',#1510,#1083,#2290,.T.);
#2290 = LINE('',#2291,#2292);
#2291 = CARTESIAN_POINT('',(-17.,5.25,10.));
#2292 = VECTOR('',#2293,1.);
#2293 = DIRECTION('',(1.,0.,2.2E-16));
#2294 = ORIENTED_EDGE('',*,*,#1080,.F.);
#2295 = PLANE('',#2296);
#2296 = AXIS2_PLACEMENT_3D('',#2297,#2298,#2299);
#2297 = CARTESIAN_POINT('',(8.,2.13E-15,10.));
#2298 = DIRECTION('',(0.,-3.7E-16,-1.));
#2299 = DIRECTION('',(0.,1.,-3.7E-16));
#2300 = ADVANCED_FACE('',(#2301,#2312),#2323,.T.);
#2301 = FACE_BOUND('',#2302,.T.);
#2302 = EDGE_LOOP('',(#2303,#2304,#2305,#2311));
#2303 = ORIENTED_EDGE('',*,*,#2289,.F.);
#2304 = ORIENTED_EDGE('',*,*,#1565,.T.);
#2305 = ORIENTED_EDGE('',*,*,#2306,.T.);
#2306 = EDGE_CURVE('',#1558,#1091,#2307,.T.);
#2307 = LINE('',#2308,#2309);
#2308 = CARTESIAN_POINT('',(17.,5.25,-10.));
#2309 = VECTOR('',#2310,1.);
#2310 = DIRECTION('',(1.,0.,-2.2E-16));
#2311 = ORIENTED_EDGE('',*,*,#1090,.F.);
#2312 = FACE_BOUND('',#2313,.T.);
#2313 = EDGE_LOOP('',(#2314));
#2314 = ORIENTED_EDGE('',*,*,#2315,.F.);
#2315 = EDGE_CURVE('',#2316,#2316,#2318,.T.);
#2316 = VERTEX_POINT('',#2317);
#2317 = CARTESIAN_POINT('',(9.5,5.25,0.));
#2318 = CIRCLE('',#2319,4.5);
#2319 = AXIS2_PLACEMENT_3D('',#2320,#2321,#2322);
#2320 = CARTESIAN_POINT('',(5.,5.25,-6.1E-16));
#2321 = DIRECTION('',(0.,-1.,2.2E-16));
#2322 = DIRECTION('',(1.,-3.52E-32,-1.6E-16));
#2323 = PLANE('',#2324);
#2324 = AXIS2_PLACEMENT_3D('',#2325,#2326,#2327);
#2325 = CARTESIAN_POINT('',(8.,5.25,-5.E-17));
#2326 = DIRECTION('',(0.,-1.,1.9E-16));
#2327 = DIRECTION('',(0.,1.9E-16,1.));
#2328 = ADVANCED_FACE('',(#2329),#2340,.T.);
#2329 = FACE_BOUND('',#2330,.T.);
#2330 = EDGE_LOOP('',(#2331,#2332,#2333,#2339));
#2331 = ORIENTED_EDGE('',*,*,#2306,.F.);
#2332 = ORIENTED_EDGE('',*,*,#1582,.T.);
#2333 = ORIENTED_EDGE('',*,*,#2334,.T.);
#2334 = EDGE_CURVE('',#1532,#1099,#2335,.T.);
#2335 = LINE('',#2336,#2337);
#2336 = CARTESIAN_POINT('',(17.,-5.25,-10.));
#2337 = VECTOR('',#2338,1.);
#2338 = DIRECTION('',(1.,0.,-2.2E-16));
#2339 = ORIENTED_EDGE('',*,*,#1098,.F.);
#2340 = PLANE('',#2341);
#2341 = AXIS2_PLACEMENT_3D('',#2342,#2343,#2344);
#2342 = CARTESIAN_POINT('',(8.,-2.36E-15,-10.));
#2343 = DIRECTION('',(0.,4.3E-16,1.));
#2344 = DIRECTION('',(0.,-1.,4.3E-16));
#2345 = ADVANCED_FACE('',(#2346,#2352),#2363,.T.);
#2346 = FACE_BOUND('',#2347,.T.);
#2347 = EDGE_LOOP('',(#2348,#2349,#2350,#2351));
#2348 = ORIENTED_EDGE('',*,*,#2334,.F.);
#2349 = ORIENTED_EDGE('',*,*,#1541,.T.);
#2350 = ORIENTED_EDGE('',*,*,#2282,.T.);
#2351 = ORIENTED_EDGE('',*,*,#1106,.F.);
#2352 = FACE_BOUND('',#2353,.T.);
#2353 = EDGE_LOOP('',(#2354));
#2354 = ORIENTED_EDGE('',*,*,#2355,.T.);
#2355 = EDGE_CURVE('',#2356,#2356,#2358,.T.);
#2356 = VERTEX_POINT('',#2357);
#2357 = CARTESIAN_POINT('',(9.5,-5.25,0.));
#2358 = CIRCLE('',#2359,4.5);
#2359 = AXIS2_PLACEMENT_3D('',#2360,#2361,#2362);
#2360 = CARTESIAN_POINT('',(5.,-5.25,6.1E-16));
#2361 = DIRECTION('',(0.,-1.,2.2E-16));
#2362 = DIRECTION('',(1.,3.52E-32,1.6E-16));
#2363 = PLANE('',#2364);
#2364 = AXIS2_PLACEMENT_3D('',#2365,#2366,#2367);
#2365 = CARTESIAN_POINT('',(8.,-5.25,3.3E-15));
#2366 = DIRECTION('',(0.,1.,-1.9E-16));
#2367 = DIRECTION('',(0.,-1.9E-16,-1.));
#2368 = ADVANCED_FACE('',(#2369),#2380,.F.);
#2369 = FACE_BOUND('',#2370,.F.);
#2370 = EDGE_LOOP('',(#2371,#2372,#2373,#2374));
#2371 = ORIENTED_EDGE('',*,*,#2088,.F.);
#2372 = ORIENTED_EDGE('',*,*,#1179,.T.);
#2373 = ORIENTED_EDGE('',*,*,#2258,.T.);
#2374 = ORIENTED_EDGE('',*,*,#2375,.F.);
#2375 = EDGE_CURVE('',#2089,#2259,#2376,.T.);
#2376 = LINE('',#2377,#2378);
#2377 = CARTESIAN_POINT('',(20.,-12.5,34.));
#2378 = VECTOR('',#2379,1.);
#2379 = DIRECTION('',(-1.,0.,0.));
#2380 = PLANE('',#2381);
#2381 = AXIS2_PLACEMENT_3D('',#2382,#2383,#2384);
#2382 = CARTESIAN_POINT('',(20.,-12.,33.5));
#2383 = DIRECTION('',(0.,0.707106781187,0.707106781187));
#2384 = DIRECTION('',(-1.,0.,0.));
#2385 = ADVANCED_FACE('',(#2386),#2391,.F.);
#2386 = FACE_BOUND('',#2387,.F.);
#2387 = EDGE_LOOP('',(#2388,#2389,#2390));
#2388 = ORIENTED_EDGE('',*,*,#1196,.F.);
#2389 = ORIENTED_EDGE('',*,*,#1213,.T.);
#2390 = ORIENTED_EDGE('',*,*,#1275,.F.);
#2391 = PLANE('',#2392);
#2392 = AXIS2_PLACEMENT_3D('',#2393,#2394,#2395);
#2393 = CARTESIAN_POINT('',(-16.,-11.5,43.));
#2394 = DIRECTION('',(0.57735026919,0.57735026919,-0.57735026919));
#2395 = DIRECTION('',(0.707106781187,-0.707106781187,-1.665334536938E-16
    ));
#2396 = ADVANCED_FACE('',(#2397),#2402,.F.);
#2397 = FACE_BOUND('',#2398,.F.);
#2398 = EDGE_LOOP('',(#2399,#2400,#2401));
#2399 = ORIENTED_EDGE('',*,*,#1244,.F.);
#2400 = ORIENTED_EDGE('',*,*,#1930,.T.);
#2401 = ORIENTED_EDGE('',*,*,#1229,.F.);
#2402 = PLANE('',#2403);
#2403 = AXIS2_PLACEMENT_3D('',#2404,#2405,#2406);
#2404 = CARTESIAN_POINT('',(33.,-11.5,42.));
#2405 = DIRECTION('',(-0.57735026919,0.57735026919,-0.57735026919));
#2406 = DIRECTION('',(1.507127755929E-14,-0.707106781187,-0.707106781187
    ));
#2407 = ADVANCED_FACE('',(#2408,#2451,#2485,#2519,#2553),#2559,.T.);
#2408 = FACE_BOUND('',#2409,.T.);
#2409 = EDGE_LOOP('',(#2410,#2411,#2419,#2426,#2434,#2441,#2447,#2448,
    #2449,#2450));
#2410 = ORIENTED_EDGE('',*,*,#1269,.T.);
#2411 = ORIENTED_EDGE('',*,*,#2412,.F.);
#2412 = EDGE_CURVE('',#2413,#1262,#2415,.T.);
#2413 = VERTEX_POINT('',#2414);
#2414 = CARTESIAN_POINT('',(-6.414213562373,-12.5,11.));
#2415 = LINE('',#2416,#2417);
#2416 = CARTESIAN_POINT('',(-4.,-12.5,11.));
#2417 = VECTOR('',#2418,1.);
#2418 = DIRECTION('',(-1.,0.,0.));
#2419 = ORIENTED_EDGE('',*,*,#2420,.T.);
#2420 = EDGE_CURVE('',#2413,#2421,#2423,.T.);
#2421 = VERTEX_POINT('',#2422);
#2422 = CARTESIAN_POINT('',(-3.,-12.5,9.));
#2423 = B_SPLINE_CURVE_WITH_KNOTS('',1,(#2424,#2425),.UNSPECIFIED.,.F.,
  .F.,(2,2),(0.,1.),.PIECEWISE_BEZIER_KNOTS.);
#2424 = CARTESIAN_POINT('',(-6.414213562373,-12.5,11.));
#2425 = CARTESIAN_POINT('',(-3.,-12.5,9.));
#2426 = ORIENTED_EDGE('',*,*,#2427,.F.);
#2427 = EDGE_CURVE('',#2428,#2421,#2430,.T.);
#2428 = VERTEX_POINT('',#2429);
#2429 = CARTESIAN_POINT('',(-3.,-12.5,-9.));
#2430 = LINE('',#2431,#2432);
#2431 = CARTESIAN_POINT('',(-3.,-12.5,-10.));
#2432 = VECTOR('',#2433,1.);
#2433 = DIRECTION('',(0.,0.,1.));
#2434 = ORIENTED_EDGE('',*,*,#2435,.F.);
#2435 = EDGE_CURVE('',#2436,#2428,#2438,.T.);
#2436 = VERTEX_POINT('',#2437);
#2437 = CARTESIAN_POINT('',(-6.414213562373,-12.5,-11.));
#2438 = B_SPLINE_CURVE_WITH_KNOTS('',1,(#2439,#2440),.UNSPECIFIED.,.F.,
  .F.,(2,2),(0.,1.),.PIECEWISE_BEZIER_KNOTS.);
#2439 = CARTESIAN_POINT('',(-6.414213562373,-12.5,-11.));
#2440 = CARTESIAN_POINT('',(-3.,-12.5,-9.));
#2441 = ORIENTED_EDGE('',*,*,#2442,.T.);
#2442 = EDGE_CURVE('',#2436,#1386,#2443,.T.);
#2443 = LINE('',#2444,#2445);
#2444 = CARTESIAN_POINT('',(-4.,-12.5,-11.));
#2445 = VECTOR('',#2446,1.);
#2446 = DIRECTION('',(-1.,0.,0.));
#2447 = ORIENTED_EDGE('',*,*,#1402,.T.);
#2448 = ORIENTED_EDGE('',*,*,#1963,.T.);
#2449 = ORIENTED_EDGE('',*,*,#1936,.T.);
#2450 = ORIENTED_EDGE('',*,*,#1221,.T.);
#2451 = FACE_BOUND('',#2452,.T.);
#2452 = EDGE_LOOP('',(#2453,#2463,#2471,#2479));
#2453 = ORIENTED_EDGE('',*,*,#2454,.F.);
#2454 = EDGE_CURVE('',#2455,#2457,#2459,.T.);
#2455 = VERTEX_POINT('',#2456);
#2456 = CARTESIAN_POINT('',(28.75,-12.5,-13.3690095694));
#2457 = VERTEX_POINT('',#2458);
#2458 = CARTESIAN_POINT('',(23.25,-12.5,-13.3690095694));
#2459 = LINE('',#2460,#2461);
#2460 = CARTESIAN_POINT('',(28.75,-12.5,-13.3690095694));
#2461 = VECTOR('',#2462,1.);
#2462 = DIRECTION('',(-1.,0.,0.));
#2463 = ORIENTED_EDGE('',*,*,#2464,.F.);
#2464 = EDGE_CURVE('',#2465,#2455,#2467,.T.);
#2465 = VERTEX_POINT('',#2466);
#2466 = CARTESIAN_POINT('',(28.75,-12.5,-18.8690095694));
#2467 = LINE('',#2468,#2469);
#2468 = CARTESIAN_POINT('',(28.75,-12.5,-18.8690095694));
#2469 = VECTOR('',#2470,1.);
#2470 = DIRECTION('',(0.,-2.2E-16,1.));
#2471 = ORIENTED_EDGE('',*,*,#2472,.F.);
#2472 = EDGE_CURVE('',#2473,#2465,#2475,.T.);
#2473 = VERTEX_POINT('',#2474);
#2474 = CARTESIAN_POINT('',(23.25,-12.5,-18.8690095694));
#2475 = LINE('',#2476,#2477);
#2476 = CARTESIAN_POINT('',(23.25,-12.5,-18.8690095694));
#2477 = VECTOR('',#2478,1.);
#2478 = DIRECTION('',(1.,0.,0.));
#2479 = ORIENTED_EDGE('',*,*,#2480,.F.);
#2480 = EDGE_CURVE('',#2457,#2473,#2481,.T.);
#2481 = LINE('',#2482,#2483);
#2482 = CARTESIAN_POINT('',(23.25,-12.5,-13.3690095694));
#2483 = VECTOR('',#2484,1.);
#2484 = DIRECTION('',(0.,2.2E-16,-1.));
#2485 = FACE_BOUND('',#2486,.T.);
#2486 = EDGE_LOOP('',(#2487,#2497,#2505,#2513));
#2487 = ORIENTED_EDGE('',*,*,#2488,.F.);
#2488 = EDGE_CURVE('',#2489,#2491,#2493,.T.);
#2489 = VERTEX_POINT('',#2490);
#2490 = CARTESIAN_POINT('',(23.25,-12.5,18.869009569402));
#2491 = VERTEX_POINT('',#2492);
#2492 = CARTESIAN_POINT('',(23.25,-12.5,13.369009569402));
#2493 = LINE('',#2494,#2495);
#2494 = CARTESIAN_POINT('',(23.25,-12.5,18.869009569402));
#2495 = VECTOR('',#2496,1.);
#2496 = DIRECTION('',(0.,2.2E-16,-1.));
#2497 = ORIENTED_EDGE('',*,*,#2498,.F.);
#2498 = EDGE_CURVE('',#2499,#2489,#2501,.T.);
#2499 = VERTEX_POINT('',#2500);
#2500 = CARTESIAN_POINT('',(28.75,-12.5,18.869009569402));
#2501 = LINE('',#2502,#2503);
#2502 = CARTESIAN_POINT('',(28.75,-12.5,18.869009569402));
#2503 = VECTOR('',#2504,1.);
#2504 = DIRECTION('',(-1.,0.,0.));
#2505 = ORIENTED_EDGE('',*,*,#2506,.F.);
#2506 = EDGE_CURVE('',#2507,#2499,#2509,.T.);
#2507 = VERTEX_POINT('',#2508);
#2508 = CARTESIAN_POINT('',(28.75,-12.5,13.369009569402));
#2509 = LINE('',#2510,#2511);
#2510 = CARTESIAN_POINT('',(28.75,-12.5,13.369009569402));
#2511 = VECTOR('',#2512,1.);
#2512 = DIRECTION('',(0.,-2.2E-16,1.));
#2513 = ORIENTED_EDGE('',*,*,#2514,.F.);
#2514 = EDGE_CURVE('',#2491,#2507,#2515,.T.);
#2515 = LINE('',#2516,#2517);
#2516 = CARTESIAN_POINT('',(23.25,-12.5,13.369009569402));
#2517 = VECTOR('',#2518,1.);
#2518 = DIRECTION('',(1.,0.,0.));
#2519 = FACE_BOUND('',#2520,.T.);
#2520 = EDGE_LOOP('',(#2521,#2531,#2539,#2547));
#2521 = ORIENTED_EDGE('',*,*,#2522,.F.);
#2522 = EDGE_CURVE('',#2523,#2525,#2527,.T.);
#2523 = VERTEX_POINT('',#2524);
#2524 = CARTESIAN_POINT('',(9.05,-12.5,-4.05));
#2525 = VERTEX_POINT('',#2526);
#2526 = CARTESIAN_POINT('',(9.05,-12.5,4.05));
#2527 = LINE('',#2528,#2529);
#2528 = CARTESIAN_POINT('',(9.05,-12.5,-4.05));
#2529 = VECTOR('',#2530,1.);
#2530 = DIRECTION('',(0.,-2.2E-16,1.));
#2531 = ORIENTED_EDGE('',*,*,#2532,.F.);
#2532 = EDGE_CURVE('',#2533,#2523,#2535,.T.);
#2533 = VERTEX_POINT('',#2534);
#2534 = CARTESIAN_POINT('',(0.95,-12.5,-4.05));
#2535 = LINE('',#2536,#2537);
#2536 = CARTESIAN_POINT('',(0.95,-12.5,-4.05));
#2537 = VECTOR('',#2538,1.);
#2538 = DIRECTION('',(1.,0.,0.));
#2539 = ORIENTED_EDGE('',*,*,#2540,.F.);
#2540 = EDGE_CURVE('',#2541,#2533,#2543,.T.);
#2541 = VERTEX_POINT('',#2542);
#2542 = CARTESIAN_POINT('',(0.95,-12.5,4.05));
#2543 = LINE('',#2544,#2545);
#2544 = CARTESIAN_POINT('',(0.95,-12.5,4.05));
#2545 = VECTOR('',#2546,1.);
#2546 = DIRECTION('',(0.,2.2E-16,-1.));
#2547 = ORIENTED_EDGE('',*,*,#2548,.F.);
#2548 = EDGE_CURVE('',#2525,#2541,#2549,.T.);
#2549 = LINE('',#2550,#2551);
#2550 = CARTESIAN_POINT('',(9.05,-12.5,4.05));
#2551 = VECTOR('',#2552,1.);
#2552 = DIRECTION('',(-1.,0.,0.));
#2553 = FACE_BOUND('',#2554,.T.);
#2554 = EDGE_LOOP('',(#2555,#2556,#2557,#2558));
#2555 = ORIENTED_EDGE('',*,*,#2375,.F.);
#2556 = ORIENTED_EDGE('',*,*,#2096,.F.);
#2557 = ORIENTED_EDGE('',*,*,#2072,.F.);
#2558 = ORIENTED_EDGE('',*,*,#2268,.F.);
#2559 = PLANE('',#2560);
#2560 = AXIS2_PLACEMENT_3D('',#2561,#2562,#2563);
#2561 = CARTESIAN_POINT('',(7.556737588652,-12.5,1.26E-15));
#2562 = DIRECTION('',(0.,-1.,2.E-17));
#2563 = DIRECTION('',(0.,2.E-17,1.));
#2564 = ADVANCED_FACE('',(#2565),#2582,.F.);
#2565 = FACE_BOUND('',#2566,.T.);
#2566 = EDGE_LOOP('',(#2567,#2574,#2575,#2576));
#2567 = ORIENTED_EDGE('',*,*,#2568,.F.);
#2568 = EDGE_CURVE('',#2413,#2569,#2571,.T.);
#2569 = VERTEX_POINT('',#2570);
#2570 = CARTESIAN_POINT('',(-6.414213562373,-13.5,10.));
#2571 = B_SPLINE_CURVE_WITH_KNOTS('',1,(#2572,#2573),.UNSPECIFIED.,.F.,
  .F.,(2,2),(0.,1.),.PIECEWISE_BEZIER_KNOTS.);
#2572 = CARTESIAN_POINT('',(-6.414213562373,-12.5,11.));
#2573 = CARTESIAN_POINT('',(-6.414213562373,-13.5,10.));
#2574 = ORIENTED_EDGE('',*,*,#2412,.T.);
#2575 = ORIENTED_EDGE('',*,*,#1299,.T.);
#2576 = ORIENTED_EDGE('',*,*,#2577,.F.);
#2577 = EDGE_CURVE('',#2569,#1292,#2578,.T.);
#2578 = LINE('',#2579,#2580);
#2579 = CARTESIAN_POINT('',(-4.,-13.5,10.));
#2580 = VECTOR('',#2581,1.);
#2581 = DIRECTION('',(-1.,0.,0.));
#2582 = PLANE('',#2583);
#2583 = AXIS2_PLACEMENT_3D('',#2584,#2585,#2586);
#2584 = CARTESIAN_POINT('',(-4.,-13.,10.5));
#2585 = DIRECTION('',(-2.7E-16,0.707106781187,-0.707106781187));
#2586 = DIRECTION('',(1.,1.909188309204E-16,-1.909188309204E-16));
#2587 = ADVANCED_FACE('',(#2588),#2614,.T.);
#2588 = FACE_BOUND('',#2589,.T.);
#2589 = EDGE_LOOP('',(#2590,#2591,#2599,#2607,#2613));
#2590 = ORIENTED_EDGE('',*,*,#1323,.T.);
#2591 = ORIENTED_EDGE('',*,*,#2592,.F.);
#2592 = EDGE_CURVE('',#2593,#1316,#2595,.T.);
#2593 = VERTEX_POINT('',#2594);
#2594 = CARTESIAN_POINT('',(-13.,-19.5,10.));
#2595 = LINE('',#2596,#2597);
#2596 = CARTESIAN_POINT('',(-12.,-19.5,10.));
#2597 = VECTOR('',#2598,1.);
#2598 = DIRECTION('',(-1.,0.,0.));
#2599 = ORIENTED_EDGE('',*,*,#2600,.T.);
#2600 = EDGE_CURVE('',#2593,#2601,#2603,.T.);
#2601 = VERTEX_POINT('',#2602);
#2602 = CARTESIAN_POINT('',(-12.,-19.08578643762,10.));
#2603 = LINE('',#2604,#2605);
#2604 = CARTESIAN_POINT('',(-11.75112560198,-18.98269928664,10.));
#2605 = VECTOR('',#2606,1.);
#2606 = DIRECTION('',(0.923879532511,0.382683432365,-3.2E-16));
#2607 = ORIENTED_EDGE('',*,*,#2608,.T.);
#2608 = EDGE_CURVE('',#2601,#2569,#2609,.T.);
#2609 = LINE('',#2610,#2611);
#2610 = CARTESIAN_POINT('',(-12.70710678118,-19.79289321881,10.));
#2611 = VECTOR('',#2612,1.);
#2612 = DIRECTION('',(0.707106781187,0.707106781187,0.));
#2613 = ORIENTED_EDGE('',*,*,#2577,.T.);
#2614 = PLANE('',#2615);
#2615 = AXIS2_PLACEMENT_3D('',#2616,#2617,#2618);
#2616 = CARTESIAN_POINT('',(-11.67157287525,-15.6424063357,10.));
#2617 = DIRECTION('',(3.1E-16,7.E-17,1.));
#2618 = DIRECTION('',(1.,0.,-3.1E-16));
#2619 = ADVANCED_FACE('',(#2620),#2630,.F.);
#2620 = FACE_BOUND('',#2621,.F.);
#2621 = EDGE_LOOP('',(#2622,#2623,#2629));
#2622 = ORIENTED_EDGE('',*,*,#1315,.F.);
#2623 = ORIENTED_EDGE('',*,*,#2624,.T.);
#2624 = EDGE_CURVE('',#1316,#1364,#2625,.T.);
#2625 = LINE('',#2626,#2627);
#2626 = CARTESIAN_POINT('',(-16.,-19.75,9.75));
#2627 = VECTOR('',#2628,1.);
#2628 = DIRECTION('',(2.4E-15,-0.707106781187,-0.707106781187));
#2629 = ORIENTED_EDGE('',*,*,#1371,.F.);
#2630 = PLANE('',#2631);
#2631 = AXIS2_PLACEMENT_3D('',#2632,#2633,#2634);
#2632 = CARTESIAN_POINT('',(-16.,-19.5,10.));
#2633 = DIRECTION('',(0.57735026919,0.57735026919,-0.57735026919));
#2634 = DIRECTION('',(0.707106781187,-0.707106781187,-2.6645352591E-15)
  );
#2635 = ADVANCED_FACE('',(#2636),#2641,.T.);
#2636 = FACE_BOUND('',#2637,.T.);
#2637 = EDGE_LOOP('',(#2638,#2639,#2640));
#2638 = ORIENTED_EDGE('',*,*,#1338,.F.);
#2639 = ORIENTED_EDGE('',*,*,#1950,.T.);
#2640 = ORIENTED_EDGE('',*,*,#1394,.F.);
#2641 = PLANE('',#2642);
#2642 = AXIS2_PLACEMENT_3D('',#2643,#2644,#2645);
#2643 = CARTESIAN_POINT('',(-16.,-11.5,-43.));
#2644 = DIRECTION('',(-0.57735026919,-0.57735026919,-0.57735026919));
#2645 = DIRECTION('',(0.707106781187,-0.707106781187,-1.665334536938E-16
    ));
#2646 = ADVANCED_FACE('',(#2647),#2657,.F.);
#2647 = FACE_BOUND('',#2648,.F.);
#2648 = EDGE_LOOP('',(#2649,#2650,#2656));
#2649 = ORIENTED_EDGE('',*,*,#1355,.F.);
#2650 = ORIENTED_EDGE('',*,*,#2651,.T.);
#2651 = EDGE_CURVE('',#1356,#1426,#2652,.T.);
#2652 = LINE('',#2653,#2654);
#2653 = CARTESIAN_POINT('',(-16.,-20.25,-9.25));
#2654 = VECTOR('',#2655,1.);
#2655 = DIRECTION('',(-2.6E-15,0.707106781187,-0.707106781187));
#2656 = ORIENTED_EDGE('',*,*,#1425,.F.);
#2657 = PLANE('',#2658);
#2658 = AXIS2_PLACEMENT_3D('',#2659,#2660,#2661);
#2659 = CARTESIAN_POINT('',(-16.,-20.5,-9.));
#2660 = DIRECTION('',(0.57735026919,0.57735026919,0.57735026919));
#2661 = DIRECTION('',(0.707106781187,5.107025913276E-15,-0.707106781187)
  );
#2662 = ADVANCED_FACE('',(#2663),#2688,.F.);
#2663 = FACE_BOUND('',#2664,.F.);
#2664 = EDGE_LOOP('',(#2665,#2666,#2674,#2682));
#2665 = ORIENTED_EDGE('',*,*,#1363,.F.);
#2666 = ORIENTED_EDGE('',*,*,#2667,.F.);
#2667 = EDGE_CURVE('',#2668,#1364,#2670,.T.);
#2668 = VERTEX_POINT('',#2669);
#2669 = CARTESIAN_POINT('',(-13.,-20.5,9.));
#2670 = LINE('',#2671,#2672);
#2671 = CARTESIAN_POINT('',(-12.,-20.5,9.));
#2672 = VECTOR('',#2673,1.);
#2673 = DIRECTION('',(-1.,0.,0.));
#2674 = ORIENTED_EDGE('',*,*,#2675,.F.);
#2675 = EDGE_CURVE('',#2676,#2668,#2678,.T.);
#2676 = VERTEX_POINT('',#2677);
#2677 = CARTESIAN_POINT('',(-13.,-20.5,-9.));
#2678 = LINE('',#2679,#2680);
#2679 = CARTESIAN_POINT('',(-13.,-20.5,-10.));
#2680 = VECTOR('',#2681,1.);
#2681 = DIRECTION('',(0.,2.2E-16,1.));
#2682 = ORIENTED_EDGE('',*,*,#2683,.F.);
#2683 = EDGE_CURVE('',#1356,#2676,#2684,.T.);
#2684 = LINE('',#2685,#2686);
#2685 = CARTESIAN_POINT('',(-17.,-20.5,-9.));
#2686 = VECTOR('',#2687,1.);
#2687 = DIRECTION('',(1.,0.,0.));
#2688 = PLANE('',#2689);
#2689 = AXIS2_PLACEMENT_3D('',#2690,#2691,#2692);
#2690 = CARTESIAN_POINT('',(-14.5,-20.5,-3.552713678801E-15));
#2691 = DIRECTION('',(0.,1.,2.2E-16));
#2692 = DIRECTION('',(0.,-2.2E-16,1.));
#2693 = ADVANCED_FACE('',(#2694),#2727,.T.);
#2694 = FACE_BOUND('',#2695,.T.);
#2695 = EDGE_LOOP('',(#2696,#2697,#2705,#2713,#2721));
#2696 = ORIENTED_EDGE('',*,*,#1433,.F.);
#2697 = ORIENTED_EDGE('',*,*,#2698,.F.);
#2698 = EDGE_CURVE('',#2699,#1417,#2701,.T.);
#2699 = VERTEX_POINT('',#2700);
#2700 = CARTESIAN_POINT('',(-6.414213562373,-13.5,-10.));
#2701 = LINE('',#2702,#2703);
#2702 = CARTESIAN_POINT('',(-4.,-13.5,-10.));
#2703 = VECTOR('',#2704,1.);
#2704 = DIRECTION('',(-1.,0.,0.));
#2705 = ORIENTED_EDGE('',*,*,#2706,.F.);
#2706 = EDGE_CURVE('',#2707,#2699,#2709,.T.);
#2707 = VERTEX_POINT('',#2708);
#2708 = CARTESIAN_POINT('',(-12.,-19.08578643762,-10.));
#2709 = LINE('',#2710,#2711);
#2710 = CARTESIAN_POINT('',(-12.70710678118,-19.79289321881,-10.));
#2711 = VECTOR('',#2712,1.);
#2712 = DIRECTION('',(0.707106781187,0.707106781187,0.));
#2713 = ORIENTED_EDGE('',*,*,#2714,.F.);
#2714 = EDGE_CURVE('',#2715,#2707,#2717,.T.);
#2715 = VERTEX_POINT('',#2716);
#2716 = CARTESIAN_POINT('',(-13.,-19.5,-10.));
#2717 = LINE('',#2718,#2719);
#2718 = CARTESIAN_POINT('',(-11.75112560198,-18.98269928664,-10.));
#2719 = VECTOR('',#2720,1.);
#2720 = DIRECTION('',(0.923879532511,0.382683432365,-3.2E-16));
#2721 = ORIENTED_EDGE('',*,*,#2722,.F.);
#2722 = EDGE_CURVE('',#1426,#2715,#2723,.T.);
#2723 = LINE('',#2724,#2725);
#2724 = CARTESIAN_POINT('',(-17.,-19.5,-10.));
#2725 = VECTOR('',#2726,1.);
#2726 = DIRECTION('',(1.,0.,0.));
#2727 = PLANE('',#2728);
#2728 = AXIS2_PLACEMENT_3D('',#2729,#2730,#2731);
#2729 = CARTESIAN_POINT('',(-11.67157287525,-15.6424063357,-10.));
#2730 = DIRECTION('',(-3.1E-16,-7.E-17,-1.));
#2731 = DIRECTION('',(-1.,0.,3.1E-16));
#2732 = ADVANCED_FACE('',(#2733),#2743,.F.);
#2733 = FACE_BOUND('',#2734,.F.);
#2734 = EDGE_LOOP('',(#2735,#2740,#2741,#2742));
#2735 = ORIENTED_EDGE('',*,*,#2736,.F.);
#2736 = EDGE_CURVE('',#2436,#2699,#2737,.T.);
#2737 = B_SPLINE_CURVE_WITH_KNOTS('',1,(#2738,#2739),.UNSPECIFIED.,.F.,
  .F.,(2,2),(0.,1.),.PIECEWISE_BEZIER_KNOTS.);
#2738 = CARTESIAN_POINT('',(-6.414213562373,-12.5,-11.));
#2739 = CARTESIAN_POINT('',(-6.414213562373,-13.5,-10.));
#2740 = ORIENTED_EDGE('',*,*,#2442,.T.);
#2741 = ORIENTED_EDGE('',*,*,#1450,.T.);
#2742 = ORIENTED_EDGE('',*,*,#2698,.F.);
#2743 = PLANE('',#2744);
#2744 = AXIS2_PLACEMENT_3D('',#2745,#2746,#2747);
#2745 = CARTESIAN_POINT('',(-4.,-13.,-10.5));
#2746 = DIRECTION('',(1.4E-16,0.707106781187,0.707106781187));
#2747 = DIRECTION('',(-1.,9.899494936612E-17,9.899494936612E-17));
#2748 = ADVANCED_FACE('',(#2749),#2754,.F.);
#2749 = FACE_BOUND('',#2750,.F.);
#2750 = EDGE_LOOP('',(#2751,#2752,#2753));
#2751 = ORIENTED_EDGE('',*,*,#1957,.F.);
#2752 = ORIENTED_EDGE('',*,*,#1921,.T.);
#2753 = ORIENTED_EDGE('',*,*,#1598,.F.);
#2754 = PLANE('',#2755);
#2755 = AXIS2_PLACEMENT_3D('',#2756,#2757,#2758);
#2756 = CARTESIAN_POINT('',(32.,-12.5,-42.));
#2757 = DIRECTION('',(-0.57735026919,0.57735026919,0.57735026919));
#2758 = DIRECTION('',(0.707106781187,-5.190292640123E-15,0.707106781187)
  );
#2759 = ADVANCED_FACE('',(#2760),#2773,.T.);
#2760 = FACE_BOUND('',#2761,.F.);
#2761 = EDGE_LOOP('',(#2762,#2763,#2769,#2770,#2771,#2772));
#2762 = ORIENTED_EDGE('',*,*,#1977,.T.);
#2763 = ORIENTED_EDGE('',*,*,#2764,.T.);
#2764 = EDGE_CURVE('',#1980,#2316,#2765,.T.);
#2765 = LINE('',#2766,#2767);
#2766 = CARTESIAN_POINT('',(8.5,4.275,-9.4E-16));
#2767 = VECTOR('',#2768,1.);
#2768 = DIRECTION('',(0.71600013962,0.69810013613,-2.6E-16));
#2769 = ORIENTED_EDGE('',*,*,#2315,.F.);
#2770 = ORIENTED_EDGE('',*,*,#2764,.F.);
#2771 = ORIENTED_EDGE('',*,*,#1997,.T.);
#2772 = ORIENTED_EDGE('',*,*,#1988,.T.);
#2773 = CONICAL_SURFACE('',#2774,3.5,0.798055715232);
#2774 = AXIS2_PLACEMENT_3D('',#2775,#2776,#2777);
#2775 = CARTESIAN_POINT('',(5.,4.275,-4.E-16));
#2776 = DIRECTION('',(0.,1.,-2.2E-16));
#2777 = DIRECTION('',(1.,-3.52E-32,-1.6E-16));
#2778 = ADVANCED_FACE('',(#2779),#2798,.F.);
#2779 = FACE_BOUND('',#2780,.F.);
#2780 = EDGE_LOOP('',(#2781,#2789,#2790,#2791));
#2781 = ORIENTED_EDGE('',*,*,#2782,.F.);
#2782 = EDGE_CURVE('',#2168,#2783,#2785,.T.);
#2783 = VERTEX_POINT('',#2784);
#2784 = CARTESIAN_POINT('',(27.6,-10.5,16.119009569402));
#2785 = LINE('',#2786,#2787);
#2786 = CARTESIAN_POINT('',(27.6,12.5,16.119009569402));
#2787 = VECTOR('',#2788,1.);
#2788 = DIRECTION('',(0.,-1.,-2.2E-16));
#2789 = ORIENTED_EDGE('',*,*,#2167,.F.);
#2790 = ORIENTED_EDGE('',*,*,#2782,.T.);
#2791 = ORIENTED_EDGE('',*,*,#2792,.T.);
#2792 = EDGE_CURVE('',#2783,#2783,#2793,.T.);
#2793 = CIRCLE('',#2794,1.6);
#2794 = AXIS2_PLACEMENT_3D('',#2795,#2796,#2797);
#2795 = CARTESIAN_POINT('',(26.,-10.5,16.119009569402));
#2796 = DIRECTION('',(-0.,1.,2.2E-16));
#2797 = DIRECTION('',(1.,0.,0.));
#2798 = CYLINDRICAL_SURFACE('',#2799,1.6);
#2799 = AXIS2_PLACEMENT_3D('',#2800,#2801,#2802);
#2800 = CARTESIAN_POINT('',(26.,12.5,16.119009569402));
#2801 = DIRECTION('',(0.,1.,2.2E-16));
#2802 = DIRECTION('',(1.,0.,0.));
#2803 = ADVANCED_FACE('',(#2804),#2823,.F.);
#2804 = FACE_BOUND('',#2805,.F.);
#2805 = EDGE_LOOP('',(#2806,#2814,#2815,#2816));
#2806 = ORIENTED_EDGE('',*,*,#2807,.F.);
#2807 = EDGE_CURVE('',#2242,#2808,#2810,.T.);
#2808 = VERTEX_POINT('',#2809);
#2809 = CARTESIAN_POINT('',(27.6,-10.5,-16.1190095694));
#2810 = LINE('',#2811,#2812);
#2811 = CARTESIAN_POINT('',(27.6,12.5,-16.1190095694));
#2812 = VECTOR('',#2813,1.);
#2813 = DIRECTION('',(0.,-1.,-2.2E-16));
#2814 = ORIENTED_EDGE('',*,*,#2241,.F.);
#2815 = ORIENTED_EDGE('',*,*,#2807,.T.);
#2816 = ORIENTED_EDGE('',*,*,#2817,.T.);
#2817 = EDGE_CURVE('',#2808,#2808,#2818,.T.);
#2818 = CIRCLE('',#2819,1.6);
#2819 = AXIS2_PLACEMENT_3D('',#2820,#2821,#2822);
#2820 = CARTESIAN_POINT('',(26.,-10.5,-16.1190095694));
#2821 = DIRECTION('',(-0.,1.,2.2E-16));
#2822 = DIRECTION('',(1.,0.,0.));
#2823 = CYLINDRICAL_SURFACE('',#2824,1.6);
#2824 = AXIS2_PLACEMENT_3D('',#2825,#2826,#2827);
#2825 = CARTESIAN_POINT('',(26.,12.5,-16.1190095694));
#2826 = DIRECTION('',(0.,1.,2.2E-16));
#2827 = DIRECTION('',(1.,0.,0.));
#2828 = ADVANCED_FACE('',(#2829),#2866,.T.);
#2829 = FACE_BOUND('',#2830,.T.);
#2830 = EDGE_LOOP('',(#2831,#2842,#2848,#2849,#2850,#2859));
#2831 = ORIENTED_EDGE('',*,*,#2832,.T.);
#2832 = EDGE_CURVE('',#2833,#2835,#2837,.T.);
#2833 = VERTEX_POINT('',#2834);
#2834 = CARTESIAN_POINT('',(5.,-4.275,-3.5));
#2835 = VERTEX_POINT('',#2836);
#2836 = CARTESIAN_POINT('',(8.5,-4.275,0.));
#2837 = CIRCLE('',#2838,3.5);
#2838 = AXIS2_PLACEMENT_3D('',#2839,#2840,#2841);
#2839 = CARTESIAN_POINT('',(5.,-4.275,4.E-16));
#2840 = DIRECTION('',(0.,-1.,2.2E-16));
#2841 = DIRECTION('',(1.,3.52E-32,1.6E-16));
#2842 = ORIENTED_EDGE('',*,*,#2843,.T.);
#2843 = EDGE_CURVE('',#2835,#2356,#2844,.T.);
#2844 = LINE('',#2845,#2846);
#2845 = CARTESIAN_POINT('',(8.5,-4.275,9.6E-16));
#2846 = VECTOR('',#2847,1.);
#2847 = DIRECTION('',(0.71600013962,-0.69810013613,2.7E-16));
#2848 = ORIENTED_EDGE('',*,*,#2355,.F.);
#2849 = ORIENTED_EDGE('',*,*,#2843,.F.);
#2850 = ORIENTED_EDGE('',*,*,#2851,.T.);
#2851 = EDGE_CURVE('',#2835,#2852,#2854,.T.);
#2852 = VERTEX_POINT('',#2853);
#2853 = CARTESIAN_POINT('',(5.,-4.275,3.5));
#2854 = CIRCLE('',#2855,3.5);
#2855 = AXIS2_PLACEMENT_3D('',#2856,#2857,#2858);
#2856 = CARTESIAN_POINT('',(5.,-4.275,4.E-16));
#2857 = DIRECTION('',(0.,-1.,2.2E-16));
#2858 = DIRECTION('',(1.,3.52E-32,1.6E-16));
#2859 = ORIENTED_EDGE('',*,*,#2860,.T.);
#2860 = EDGE_CURVE('',#2852,#2833,#2861,.T.);
#2861 = CIRCLE('',#2862,3.5);
#2862 = AXIS2_PLACEMENT_3D('',#2863,#2864,#2865);
#2863 = CARTESIAN_POINT('',(5.,-4.275,4.E-16));
#2864 = DIRECTION('',(0.,-1.,2.2E-16));
#2865 = DIRECTION('',(1.,3.52E-32,1.6E-16));
#2866 = CONICAL_SURFACE('',#2867,3.5,0.798055715232);
#2867 = AXIS2_PLACEMENT_3D('',#2868,#2869,#2870);
#2868 = CARTESIAN_POINT('',(5.,-4.275,4.E-16));
#2869 = DIRECTION('',(0.,-1.,2.2E-16));
#2870 = DIRECTION('',(1.,3.52E-32,1.6E-16));
#2871 = ADVANCED_FACE('',(#2872),#2888,.F.);
#2872 = FACE_BOUND('',#2873,.F.);
#2873 = EDGE_LOOP('',(#2874,#2875,#2876,#2883));
#2874 = ORIENTED_EDGE('',*,*,#2568,.F.);
#2875 = ORIENTED_EDGE('',*,*,#2420,.T.);
#2876 = ORIENTED_EDGE('',*,*,#2877,.T.);
#2877 = EDGE_CURVE('',#2421,#2878,#2880,.T.);
#2878 = VERTEX_POINT('',#2879);
#2879 = CARTESIAN_POINT('',(-4.707106781187,-13.20710678118,9.));
#2880 = B_SPLINE_CURVE_WITH_KNOTS('',1,(#2881,#2882),.UNSPECIFIED.,.F.,
  .F.,(2,2),(0.,1.),.PIECEWISE_BEZIER_KNOTS.);
#2881 = CARTESIAN_POINT('',(-3.,-12.5,9.));
#2882 = CARTESIAN_POINT('',(-4.707106781187,-13.20710678118,9.));
#2883 = ORIENTED_EDGE('',*,*,#2884,.F.);
#2884 = EDGE_CURVE('',#2569,#2878,#2885,.T.);
#2885 = B_SPLINE_CURVE_WITH_KNOTS('',1,(#2886,#2887),.UNSPECIFIED.,.F.,
  .F.,(2,2),(0.,1.),.PIECEWISE_BEZIER_KNOTS.);
#2886 = CARTESIAN_POINT('',(-6.414213562373,-13.5,10.));
#2887 = CARTESIAN_POINT('',(-4.707106781187,-13.20710678118,9.));
#2888 = B_SPLINE_SURFACE_WITH_KNOTS('',1,1,(
    (#2889,#2890)
    ,(#2891,#2892
    )),.UNSPECIFIED.,.F.,.F.,.F.,(2,2),(2,2),(0.,1.),(0.,1.),
  .PIECEWISE_BEZIER_KNOTS.);
#2889 = CARTESIAN_POINT('',(-6.414213562373,-12.5,11.));
#2890 = CARTESIAN_POINT('',(-6.414213562373,-13.5,10.));
#2891 = CARTESIAN_POINT('',(-3.,-12.5,9.));
#2892 = CARTESIAN_POINT('',(-4.707106781187,-13.20710678118,9.));
#2893 = ADVANCED_FACE('',(#2894),#2911,.T.);
#2894 = FACE_BOUND('',#2895,.T.);
#2895 = EDGE_LOOP('',(#2896,#2903,#2904,#2905));
#2896 = ORIENTED_EDGE('',*,*,#2897,.F.);
#2897 = EDGE_CURVE('',#2428,#2898,#2900,.T.);
#2898 = VERTEX_POINT('',#2899);
#2899 = CARTESIAN_POINT('',(-4.707106781187,-13.20710678118,-9.));
#2900 = B_SPLINE_CURVE_WITH_KNOTS('',1,(#2901,#2902),.UNSPECIFIED.,.F.,
  .F.,(2,2),(0.,1.),.PIECEWISE_BEZIER_KNOTS.);
#2901 = CARTESIAN_POINT('',(-3.,-12.5,-9.));
#2902 = CARTESIAN_POINT('',(-4.707106781187,-13.20710678118,-9.));
#2903 = ORIENTED_EDGE('',*,*,#2427,.T.);
#2904 = ORIENTED_EDGE('',*,*,#2877,.T.);
#2905 = ORIENTED_EDGE('',*,*,#2906,.F.);
#2906 = EDGE_CURVE('',#2898,#2878,#2907,.T.);
#2907 = LINE('',#2908,#2909);
#2908 = CARTESIAN_POINT('',(-4.707106781187,-13.20710678118,-10.));
#2909 = VECTOR('',#2910,1.);
#2910 = DIRECTION('',(0.,0.,1.));
#2911 = PLANE('',#2912);
#2912 = AXIS2_PLACEMENT_3D('',#2913,#2914,#2915);
#2913 = CARTESIAN_POINT('',(-3.853553390593,-12.85355339059,-10.));
#2914 = DIRECTION('',(0.382683432365,-0.923879532511,-4.E-17));
#2915 = DIRECTION('',(1.323626948274E-17,-3.781304567672E-17,1.));
#2916 = ADVANCED_FACE('',(#2917),#2927,.T.);
#2917 = FACE_BOUND('',#2918,.T.);
#2918 = EDGE_LOOP('',(#2919,#2920,#2921,#2922));
#2919 = ORIENTED_EDGE('',*,*,#2736,.F.);
#2920 = ORIENTED_EDGE('',*,*,#2435,.T.);
#2921 = ORIENTED_EDGE('',*,*,#2897,.T.);
#2922 = ORIENTED_EDGE('',*,*,#2923,.F.);
#2923 = EDGE_CURVE('',#2699,#2898,#2924,.T.);
#2924 = B_SPLINE_CURVE_WITH_KNOTS('',1,(#2925,#2926),.UNSPECIFIED.,.F.,
  .F.,(2,2),(0.,1.),.PIECEWISE_BEZIER_KNOTS.);
#2925 = CARTESIAN_POINT('',(-6.414213562373,-13.5,-10.));
#2926 = CARTESIAN_POINT('',(-4.707106781187,-13.20710678118,-9.));
#2927 = B_SPLINE_SURFACE_WITH_KNOTS('',1,1,(
    (#2928,#2929)
    ,(#2930,#2931
    )),.UNSPECIFIED.,.F.,.F.,.F.,(2,2),(2,2),(0.,1.),(0.,1.),
  .PIECEWISE_BEZIER_KNOTS.);
#2928 = CARTESIAN_POINT('',(-6.414213562373,-12.5,-11.));
#2929 = CARTESIAN_POINT('',(-6.414213562373,-13.5,-10.));
#2930 = CARTESIAN_POINT('',(-3.,-12.5,-9.));
#2931 = CARTESIAN_POINT('',(-4.707106781187,-13.20710678118,-9.));
#2932 = ADVANCED_FACE('',(#2933),#2958,.F.);
#2933 = FACE_BOUND('',#2934,.F.);
#2934 = EDGE_LOOP('',(#2935,#2943,#2951,#2957));
#2935 = ORIENTED_EDGE('',*,*,#2936,.T.);
#2936 = EDGE_CURVE('',#2455,#2937,#2939,.T.);
#2937 = VERTEX_POINT('',#2938);
#2938 = CARTESIAN_POINT('',(28.75,-10.5,-13.3690095694));
#2939 = LINE('',#2940,#2941);
#2940 = CARTESIAN_POINT('',(28.75,-12.5,-13.3690095694));
#2941 = VECTOR('',#2942,1.);
#2942 = DIRECTION('',(0.,1.,-2.2E-16));
#2943 = ORIENTED_EDGE('',*,*,#2944,.T.);
#2944 = EDGE_CURVE('',#2937,#2945,#2947,.T.);
#2945 = VERTEX_POINT('',#2946);
#2946 = CARTESIAN_POINT('',(23.25,-10.5,-13.3690095694));
#2947 = LINE('',#2948,#2949);
#2948 = CARTESIAN_POINT('',(28.75,-10.5,-13.3690095694));
#2949 = VECTOR('',#2950,1.);
#2950 = DIRECTION('',(-1.,0.,0.));
#2951 = ORIENTED_EDGE('',*,*,#2952,.F.);
#2952 = EDGE_CURVE('',#2457,#2945,#2953,.T.);
#2953 = LINE('',#2954,#2955);
#2954 = CARTESIAN_POINT('',(23.25,-12.5,-13.3690095694));
#2955 = VECTOR('',#2956,1.);
#2956 = DIRECTION('',(0.,1.,-2.2E-16));
#2957 = ORIENTED_EDGE('',*,*,#2454,.F.);
#2958 = PLANE('',#2959);
#2959 = AXIS2_PLACEMENT_3D('',#2960,#2961,#2962);
#2960 = CARTESIAN_POINT('',(28.75,-12.5,-13.3690095694));
#2961 = DIRECTION('',(0.,2.2E-16,1.));
#2962 = DIRECTION('',(-1.,0.,0.));
#2963 = ADVANCED_FACE('',(#2964),#2982,.F.);
#2964 = FACE_BOUND('',#2965,.F.);
#2965 = EDGE_LOOP('',(#2966,#2974,#2980,#2981));
#2966 = ORIENTED_EDGE('',*,*,#2967,.T.);
#2967 = EDGE_CURVE('',#2465,#2968,#2970,.T.);
#2968 = VERTEX_POINT('',#2969);
#2969 = CARTESIAN_POINT('',(28.75,-10.5,-18.8690095694));
#2970 = LINE('',#2971,#2972);
#2971 = CARTESIAN_POINT('',(28.75,-12.5,-18.8690095694));
#2972 = VECTOR('',#2973,1.);
#2973 = DIRECTION('',(0.,1.,-2.2E-16));
#2974 = ORIENTED_EDGE('',*,*,#2975,.T.);
#2975 = EDGE_CURVE('',#2968,#2937,#2976,.T.);
#2976 = LINE('',#2977,#2978);
#2977 = CARTESIAN_POINT('',(28.75,-10.5,-18.8690095694));
#2978 = VECTOR('',#2979,1.);
#2979 = DIRECTION('',(0.,-2.2E-16,1.));
#2980 = ORIENTED_EDGE('',*,*,#2936,.F.);
#2981 = ORIENTED_EDGE('',*,*,#2464,.F.);
#2982 = PLANE('',#2983);
#2983 = AXIS2_PLACEMENT_3D('',#2984,#2985,#2986);
#2984 = CARTESIAN_POINT('',(28.75,-12.5,-18.8690095694));
#2985 = DIRECTION('',(1.,0.,0.));
#2986 = DIRECTION('',(0.,2.2E-16,1.));
#2987 = ADVANCED_FACE('',(#2988),#3006,.F.);
#2988 = FACE_BOUND('',#2989,.F.);
#2989 = EDGE_LOOP('',(#2990,#2991,#2999,#3005));
#2990 = ORIENTED_EDGE('',*,*,#2952,.T.);
#2991 = ORIENTED_EDGE('',*,*,#2992,.T.);
#2992 = EDGE_CURVE('',#2945,#2993,#2995,.T.);
#2993 = VERTEX_POINT('',#2994);
#2994 = CARTESIAN_POINT('',(23.25,-10.5,-18.8690095694));
#2995 = LINE('',#2996,#2997);
#2996 = CARTESIAN_POINT('',(23.25,-10.5,-13.3690095694));
#2997 = VECTOR('',#2998,1.);
#2998 = DIRECTION('',(0.,2.2E-16,-1.));
#2999 = ORIENTED_EDGE('',*,*,#3000,.F.);
#3000 = EDGE_CURVE('',#2473,#2993,#3001,.T.);
#3001 = LINE('',#3002,#3003);
#3002 = CARTESIAN_POINT('',(23.25,-12.5,-18.8690095694));
#3003 = VECTOR('',#3004,1.);
#3004 = DIRECTION('',(0.,1.,-2.2E-16));
#3005 = ORIENTED_EDGE('',*,*,#2480,.F.);
#3006 = PLANE('',#3007);
#3007 = AXIS2_PLACEMENT_3D('',#3008,#3009,#3010);
#3008 = CARTESIAN_POINT('',(23.25,-12.5,-13.3690095694));
#3009 = DIRECTION('',(-1.,0.,0.));
#3010 = DIRECTION('',(0.,-2.2E-16,-1.));
#3011 = ADVANCED_FACE('',(#3012),#3023,.F.);
#3012 = FACE_BOUND('',#3013,.F.);
#3013 = EDGE_LOOP('',(#3014,#3015,#3021,#3022));
#3014 = ORIENTED_EDGE('',*,*,#3000,.T.);
#3015 = ORIENTED_EDGE('',*,*,#3016,.T.);
#3016 = EDGE_CURVE('',#2993,#2968,#3017,.T.);
#3017 = LINE('',#3018,#3019);
#3018 = CARTESIAN_POINT('',(23.25,-10.5,-18.8690095694));
#3019 = VECTOR('',#3020,1.);
#3020 = DIRECTION('',(1.,0.,0.));
#3021 = ORIENTED_EDGE('',*,*,#2967,.F.);
#3022 = ORIENTED_EDGE('',*,*,#2472,.F.);
#3023 = PLANE('',#3024);
#3024 = AXIS2_PLACEMENT_3D('',#3025,#3026,#3027);
#3025 = CARTESIAN_POINT('',(23.25,-12.5,-18.8690095694));
#3026 = DIRECTION('',(0.,-2.2E-16,-1.));
#3027 = DIRECTION('',(1.,0.,0.));
#3028 = ADVANCED_FACE('',(#3029),#3054,.F.);
#3029 = FACE_BOUND('',#3030,.F.);
#3030 = EDGE_LOOP('',(#3031,#3039,#3047,#3053));
#3031 = ORIENTED_EDGE('',*,*,#3032,.T.);
#3032 = EDGE_CURVE('',#2489,#3033,#3035,.T.);
#3033 = VERTEX_POINT('',#3034);
#3034 = CARTESIAN_POINT('',(23.25,-10.5,18.869009569402));
#3035 = LINE('',#3036,#3037);
#3036 = CARTESIAN_POINT('',(23.25,-12.5,18.869009569402));
#3037 = VECTOR('',#3038,1.);
#3038 = DIRECTION('',(0.,1.,-2.2E-16));
#3039 = ORIENTED_EDGE('',*,*,#3040,.T.);
#3040 = EDGE_CURVE('',#3033,#3041,#3043,.T.);
#3041 = VERTEX_POINT('',#3042);
#3042 = CARTESIAN_POINT('',(23.25,-10.5,13.369009569402));
#3043 = LINE('',#3044,#3045);
#3044 = CARTESIAN_POINT('',(23.25,-10.5,18.869009569402));
#3045 = VECTOR('',#3046,1.);
#3046 = DIRECTION('',(0.,2.2E-16,-1.));
#3047 = ORIENTED_EDGE('',*,*,#3048,.F.);
#3048 = EDGE_CURVE('',#2491,#3041,#3049,.T.);
#3049 = LINE('',#3050,#3051);
#3050 = CARTESIAN_POINT('',(23.25,-12.5,13.369009569402));
#3051 = VECTOR('',#3052,1.);
#3052 = DIRECTION('',(0.,1.,-2.2E-16));
#3053 = ORIENTED_EDGE('',*,*,#2488,.F.);
#3054 = PLANE('',#3055);
#3055 = AXIS2_PLACEMENT_3D('',#3056,#3057,#3058);
#3056 = CARTESIAN_POINT('',(23.25,-12.5,18.869009569402));
#3057 = DIRECTION('',(-1.,0.,0.));
#3058 = DIRECTION('',(0.,-2.2E-16,-1.));
#3059 = ADVANCED_FACE('',(#3060),#3078,.F.);
#3060 = FACE_BOUND('',#3061,.F.);
#3061 = EDGE_LOOP('',(#3062,#3070,#3076,#3077));
#3062 = ORIENTED_EDGE('',*,*,#3063,.T.);
#3063 = EDGE_CURVE('',#2499,#3064,#3066,.T.);
#3064 = VERTEX_POINT('',#3065);
#3065 = CARTESIAN_POINT('',(28.75,-10.5,18.869009569402));
#3066 = LINE('',#3067,#3068);
#3067 = CARTESIAN_POINT('',(28.75,-12.5,18.869009569402));
#3068 = VECTOR('',#3069,1.);
#3069 = DIRECTION('',(0.,1.,-2.2E-16));
#3070 = ORIENTED_EDGE('',*,*,#3071,.T.);
#3071 = EDGE_CURVE('',#3064,#3033,#3072,.T.);
#3072 = LINE('',#3073,#3074);
#3073 = CARTESIAN_POINT('',(28.75,-10.5,18.869009569402));
#3074 = VECTOR('',#3075,1.);
#3075 = DIRECTION('',(-1.,0.,0.));
#3076 = ORIENTED_EDGE('',*,*,#3032,.F.);
#3077 = ORIENTED_EDGE('',*,*,#2498,.F.);
#3078 = PLANE('',#3079);
#3079 = AXIS2_PLACEMENT_3D('',#3080,#3081,#3082);
#3080 = CARTESIAN_POINT('',(28.75,-12.5,18.869009569402));
#3081 = DIRECTION('',(0.,2.2E-16,1.));
#3082 = DIRECTION('',(-1.,0.,0.));
#3083 = ADVANCED_FACE('',(#3084),#3102,.F.);
#3084 = FACE_BOUND('',#3085,.F.);
#3085 = EDGE_LOOP('',(#3086,#3087,#3095,#3101));
#3086 = ORIENTED_EDGE('',*,*,#3048,.T.);
#3087 = ORIENTED_EDGE('',*,*,#3088,.T.);
#3088 = EDGE_CURVE('',#3041,#3089,#3091,.T.);
#3089 = VERTEX_POINT('',#3090);
#3090 = CARTESIAN_POINT('',(28.75,-10.5,13.369009569402));
#3091 = LINE('',#3092,#3093);
#3092 = CARTESIAN_POINT('',(23.25,-10.5,13.369009569402));
#3093 = VECTOR('',#3094,1.);
#3094 = DIRECTION('',(1.,0.,0.));
#3095 = ORIENTED_EDGE('',*,*,#3096,.F.);
#3096 = EDGE_CURVE('',#2507,#3089,#3097,.T.);
#3097 = LINE('',#3098,#3099);
#3098 = CARTESIAN_POINT('',(28.75,-12.5,13.369009569402));
#3099 = VECTOR('',#3100,1.);
#3100 = DIRECTION('',(0.,1.,-2.2E-16));
#3101 = ORIENTED_EDGE('',*,*,#2514,.F.);
#3102 = PLANE('',#3103);
#3103 = AXIS2_PLACEMENT_3D('',#3104,#3105,#3106);
#3104 = CARTESIAN_POINT('',(23.25,-12.5,13.369009569402));
#3105 = DIRECTION('',(0.,-2.2E-16,-1.));
#3106 = DIRECTION('',(1.,0.,0.));
#3107 = ADVANCED_FACE('',(#3108),#3119,.F.);
#3108 = FACE_BOUND('',#3109,.F.);
#3109 = EDGE_LOOP('',(#3110,#3111,#3117,#3118));
#3110 = ORIENTED_EDGE('',*,*,#3096,.T.);
#3111 = ORIENTED_EDGE('',*,*,#3112,.T.);
#3112 = EDGE_CURVE('',#3089,#3064,#3113,.T.);
#3113 = LINE('',#3114,#3115);
#3114 = CARTESIAN_POINT('',(28.75,-10.5,13.369009569402));
#3115 = VECTOR('',#3116,1.);
#3116 = DIRECTION('',(0.,-2.2E-16,1.));
#3117 = ORIENTED_EDGE('',*,*,#3063,.F.);
#3118 = ORIENTED_EDGE('',*,*,#2506,.F.);
#3119 = PLANE('',#3120);
#3120 = AXIS2_PLACEMENT_3D('',#3121,#3122,#3123);
#3121 = CARTESIAN_POINT('',(28.75,-12.5,13.369009569402));
#3122 = DIRECTION('',(1.,0.,0.));
#3123 = DIRECTION('',(0.,2.2E-16,1.));
#3124 = ADVANCED_FACE('',(#3125),#3150,.F.);
#3125 = FACE_BOUND('',#3126,.F.);
#3126 = EDGE_LOOP('',(#3127,#3135,#3143,#3149));
#3127 = ORIENTED_EDGE('',*,*,#3128,.T.);
#3128 = EDGE_CURVE('',#2523,#3129,#3131,.T.);
#3129 = VERTEX_POINT('',#3130);
#3130 = CARTESIAN_POINT('',(9.05,-9.5,-4.05));
#3131 = LINE('',#3132,#3133);
#3132 = CARTESIAN_POINT('',(9.05,-12.5,-4.05));
#3133 = VECTOR('',#3134,1.);
#3134 = DIRECTION('',(0.,1.,-2.2E-16));
#3135 = ORIENTED_EDGE('',*,*,#3136,.T.);
#3136 = EDGE_CURVE('',#3129,#3137,#3139,.T.);
#3137 = VERTEX_POINT('',#3138);
#3138 = CARTESIAN_POINT('',(9.05,-9.5,4.05));
#3139 = LINE('',#3140,#3141);
#3140 = CARTESIAN_POINT('',(9.05,-9.5,-4.05));
#3141 = VECTOR('',#3142,1.);
#3142 = DIRECTION('',(0.,-2.2E-16,1.));
#3143 = ORIENTED_EDGE('',*,*,#3144,.F.);
#3144 = EDGE_CURVE('',#2525,#3137,#3145,.T.);
#3145 = LINE('',#3146,#3147);
#3146 = CARTESIAN_POINT('',(9.05,-12.5,4.05));
#3147 = VECTOR('',#3148,1.);
#3148 = DIRECTION('',(0.,1.,-2.2E-16));
#3149 = ORIENTED_EDGE('',*,*,#2522,.F.);
#3150 = PLANE('',#3151);
#3151 = AXIS2_PLACEMENT_3D('',#3152,#3153,#3154);
#3152 = CARTESIAN_POINT('',(9.05,-12.5,-4.05));
#3153 = DIRECTION('',(1.,0.,0.));
#3154 = DIRECTION('',(0.,2.2E-16,1.));
#3155 = ADVANCED_FACE('',(#3156),#3174,.F.);
#3156 = FACE_BOUND('',#3157,.F.);
#3157 = EDGE_LOOP('',(#3158,#3166,#3172,#3173));
#3158 = ORIENTED_EDGE('',*,*,#3159,.T.);
#3159 = EDGE_CURVE('',#2533,#3160,#3162,.T.);
#3160 = VERTEX_POINT('',#3161);
#3161 = CARTESIAN_POINT('',(0.95,-9.5,-4.05));
#3162 = LINE('',#3163,#3164);
#3163 = CARTESIAN_POINT('',(0.95,-12.5,-4.05));
#3164 = VECTOR('',#3165,1.);
#3165 = DIRECTION('',(0.,1.,-2.2E-16));
#3166 = ORIENTED_EDGE('',*,*,#3167,.T.);
#3167 = EDGE_CURVE('',#3160,#3129,#3168,.T.);
#3168 = LINE('',#3169,#3170);
#3169 = CARTESIAN_POINT('',(0.95,-9.5,-4.05));
#3170 = VECTOR('',#3171,1.);
#3171 = DIRECTION('',(1.,0.,0.));
#3172 = ORIENTED_EDGE('',*,*,#3128,.F.);
#3173 = ORIENTED_EDGE('',*,*,#2532,.F.);
#3174 = PLANE('',#3175);
#3175 = AXIS2_PLACEMENT_3D('',#3176,#3177,#3178);
#3176 = CARTESIAN_POINT('',(0.95,-12.5,-4.05));
#3177 = DIRECTION('',(0.,-2.2E-16,-1.));
#3178 = DIRECTION('',(1.,0.,0.));
#3179 = ADVANCED_FACE('',(#3180),#3198,.F.);
#3180 = FACE_BOUND('',#3181,.F.);
#3181 = EDGE_LOOP('',(#3182,#3183,#3191,#3197));
#3182 = ORIENTED_EDGE('',*,*,#3144,.T.);
#3183 = ORIENTED_EDGE('',*,*,#3184,.T.);
#3184 = EDGE_CURVE('',#3137,#3185,#3187,.T.);
#3185 = VERTEX_POINT('',#3186);
#3186 = CARTESIAN_POINT('',(0.95,-9.5,4.05));
#3187 = LINE('',#3188,#3189);
#3188 = CARTESIAN_POINT('',(9.05,-9.5,4.05));
#3189 = VECTOR('',#3190,1.);
#3190 = DIRECTION('',(-1.,0.,0.));
#3191 = ORIENTED_EDGE('',*,*,#3192,.F.);
#3192 = EDGE_CURVE('',#2541,#3185,#3193,.T.);
#3193 = LINE('',#3194,#3195);
#3194 = CARTESIAN_POINT('',(0.95,-12.5,4.05));
#3195 = VECTOR('',#3196,1.);
#3196 = DIRECTION('',(0.,1.,-2.2E-16));
#3197 = ORIENTED_EDGE('',*,*,#2548,.F.);
#3198 = PLANE('',#3199);
#3199 = AXIS2_PLACEMENT_3D('',#3200,#3201,#3202);
#3200 = CARTESIAN_POINT('',(9.05,-12.5,4.05));
#3201 = DIRECTION('',(0.,2.2E-16,1.));
#3202 = DIRECTION('',(-1.,0.,0.));
#3203 = ADVANCED_FACE('',(#3204),#3215,.F.);
#3204 = FACE_BOUND('',#3205,.F.);
#3205 = EDGE_LOOP('',(#3206,#3207,#3213,#3214));
#3206 = ORIENTED_EDGE('',*,*,#3192,.T.);
#3207 = ORIENTED_EDGE('',*,*,#3208,.T.);
#3208 = EDGE_CURVE('',#3185,#3160,#3209,.T.);
#3209 = LINE('',#3210,#3211);
#3210 = CARTESIAN_POINT('',(0.95,-9.5,4.05));
#3211 = VECTOR('',#3212,1.);
#3212 = DIRECTION('',(0.,2.2E-16,-1.));
#3213 = ORIENTED_EDGE('',*,*,#3159,.F.);
#3214 = ORIENTED_EDGE('',*,*,#2540,.F.);
#3215 = PLANE('',#3216);
#3216 = AXIS2_PLACEMENT_3D('',#3217,#3218,#3219);
#3217 = CARTESIAN_POINT('',(0.95,-12.5,4.05));
#3218 = DIRECTION('',(-1.,0.,0.));
#3219 = DIRECTION('',(0.,-2.2E-16,-1.));
#3220 = ADVANCED_FACE('',(#3221),#3232,.F.);
#3221 = FACE_BOUND('',#3222,.F.);
#3222 = EDGE_LOOP('',(#3223,#3229,#3230,#3231));
#3223 = ORIENTED_EDGE('',*,*,#3224,.T.);
#3224 = EDGE_CURVE('',#2593,#2668,#3225,.T.);
#3225 = LINE('',#3226,#3227);
#3226 = CARTESIAN_POINT('',(-13.,-19.75,9.75));
#3227 = VECTOR('',#3228,1.);
#3228 = DIRECTION('',(-2.96E-15,-0.707106781187,-0.707106781187));
#3229 = ORIENTED_EDGE('',*,*,#2667,.T.);
#3230 = ORIENTED_EDGE('',*,*,#2624,.F.);
#3231 = ORIENTED_EDGE('',*,*,#2592,.F.);
#3232 = PLANE('',#3233);
#3233 = AXIS2_PLACEMENT_3D('',#3234,#3235,#3236);
#3234 = CARTESIAN_POINT('',(-12.,-20.,9.5));
#3235 = DIRECTION('',(-2.7E-16,0.707106781187,-0.707106781187));
#3236 = DIRECTION('',(-1.,-1.909188309204E-16,1.909188309204E-16));
#3237 = ADVANCED_FACE('',(#3238),#3256,.F.);
#3238 = FACE_BOUND('',#3239,.T.);
#3239 = EDGE_LOOP('',(#3240,#3248,#3254,#3255));
#3240 = ORIENTED_EDGE('',*,*,#3241,.T.);
#3241 = EDGE_CURVE('',#2601,#3242,#3244,.T.);
#3242 = VERTEX_POINT('',#3243);
#3243 = CARTESIAN_POINT('',(-11.29289321881,-19.79289321881,9.));
#3244 = LINE('',#3245,#3246);
#3245 = CARTESIAN_POINT('',(-11.8964466094,-19.18933982822,
    9.853553390593));
#3246 = VECTOR('',#3247,1.);
#3247 = DIRECTION('',(0.5,-0.5,-0.707106781187));
#3248 = ORIENTED_EDGE('',*,*,#3249,.T.);
#3249 = EDGE_CURVE('',#3242,#2878,#3250,.T.);
#3250 = LINE('',#3251,#3252);
#3251 = CARTESIAN_POINT('',(-12.,-20.5,9.));
#3252 = VECTOR('',#3253,1.);
#3253 = DIRECTION('',(0.707106781187,0.707106781187,0.));
#3254 = ORIENTED_EDGE('',*,*,#2884,.F.);
#3255 = ORIENTED_EDGE('',*,*,#2608,.F.);
#3256 = PLANE('',#3257);
#3257 = AXIS2_PLACEMENT_3D('',#3258,#3259,#3260);
#3258 = CARTESIAN_POINT('',(-12.35355339059,-20.1464466094,9.5));
#3259 = DIRECTION('',(-0.5,0.5,-0.707106781187));
#3260 = DIRECTION('',(-0.707106781187,-0.707106781187,5.551115123126E-17
    ));
#3261 = ADVANCED_FACE('',(#3262),#3273,.F.);
#3262 = FACE_BOUND('',#3263,.F.);
#3263 = EDGE_LOOP('',(#3264,#3265,#3266,#3267));
#3264 = ORIENTED_EDGE('',*,*,#3224,.F.);
#3265 = ORIENTED_EDGE('',*,*,#2600,.T.);
#3266 = ORIENTED_EDGE('',*,*,#3241,.T.);
#3267 = ORIENTED_EDGE('',*,*,#3268,.F.);
#3268 = EDGE_CURVE('',#2668,#3242,#3269,.T.);
#3269 = LINE('',#3270,#3271);
#3270 = CARTESIAN_POINT('',(-12.3964466094,-20.25,9.));
#3271 = VECTOR('',#3272,1.);
#3272 = DIRECTION('',(0.923879532511,0.382683432365,-1.31E-15));
#3273 = PLANE('',#3274);
#3274 = AXIS2_PLACEMENT_3D('',#3275,#3276,#3277);
#3275 = CARTESIAN_POINT('',(-13.,-19.5,10.));
#3276 = DIRECTION('',(-0.281084637715,0.678598344546,-0.678598344546));
#3277 = DIRECTION('',(0.923879532511,0.382683432365,-8.604228440845E-16)
  );
#3278 = ADVANCED_FACE('',(#3279),#3290,.F.);
#3279 = FACE_BOUND('',#3280,.F.);
#3280 = EDGE_LOOP('',(#3281,#3282,#3283,#3289));
#3281 = ORIENTED_EDGE('',*,*,#2651,.F.);
#3282 = ORIENTED_EDGE('',*,*,#2683,.T.);
#3283 = ORIENTED_EDGE('',*,*,#3284,.F.);
#3284 = EDGE_CURVE('',#2715,#2676,#3285,.T.);
#3285 = LINE('',#3286,#3287);
#3286 = CARTESIAN_POINT('',(-13.,-19.75,-9.75));
#3287 = VECTOR('',#3288,1.);
#3288 = DIRECTION('',(-3.16E-15,-0.707106781187,0.707106781187));
#3289 = ORIENTED_EDGE('',*,*,#2722,.F.);
#3290 = PLANE('',#3291);
#3291 = AXIS2_PLACEMENT_3D('',#3292,#3293,#3294);
#3292 = CARTESIAN_POINT('',(-17.,-20.,-9.5));
#3293 = DIRECTION('',(1.4E-16,0.707106781187,0.707106781187));
#3294 = DIRECTION('',(1.,-9.899494936612E-17,-9.899494936612E-17));
#3295 = ADVANCED_FACE('',(#3296),#3314,.T.);
#3296 = FACE_BOUND('',#3297,.F.);
#3297 = EDGE_LOOP('',(#3298,#3299,#3300,#3308));
#3298 = ORIENTED_EDGE('',*,*,#2675,.T.);
#3299 = ORIENTED_EDGE('',*,*,#3268,.T.);
#3300 = ORIENTED_EDGE('',*,*,#3301,.F.);
#3301 = EDGE_CURVE('',#3302,#3242,#3304,.T.);
#3302 = VERTEX_POINT('',#3303);
#3303 = CARTESIAN_POINT('',(-11.29289321881,-19.79289321881,-9.));
#3304 = LINE('',#3305,#3306);
#3305 = CARTESIAN_POINT('',(-11.29289321881,-19.79289321881,-10.));
#3306 = VECTOR('',#3307,1.);
#3307 = DIRECTION('',(0.,2.2E-16,1.));
#3308 = ORIENTED_EDGE('',*,*,#3309,.F.);
#3309 = EDGE_CURVE('',#2676,#3302,#3310,.T.);
#3310 = LINE('',#3311,#3312);
#3311 = CARTESIAN_POINT('',(-12.3964466094,-20.25,-9.));
#3312 = VECTOR('',#3313,1.);
#3313 = DIRECTION('',(0.923879532511,0.382683432365,-2.37E-15));
#3314 = PLANE('',#3315);
#3315 = AXIS2_PLACEMENT_3D('',#3316,#3317,#3318);
#3316 = CARTESIAN_POINT('',(-12.1464466094,-20.1464466094,-10.));
#3317 = DIRECTION('',(0.382683432365,-0.923879532511,-2.1E-16));
#3318 = DIRECTION('',(-1.603635207967E-16,1.608776168375E-16,-1.));
#3319 = ADVANCED_FACE('',(#3320),#3336,.F.);
#3320 = FACE_BOUND('',#3321,.F.);
#3321 = EDGE_LOOP('',(#3322,#3328,#3334,#3335));
#3322 = ORIENTED_EDGE('',*,*,#3323,.T.);
#3323 = EDGE_CURVE('',#2707,#3302,#3324,.T.);
#3324 = LINE('',#3325,#3326);
#3325 = CARTESIAN_POINT('',(-11.8964466094,-19.18933982822,
    -9.853553390593));
#3326 = VECTOR('',#3327,1.);
#3327 = DIRECTION('',(0.5,-0.5,0.707106781187));
#3328 = ORIENTED_EDGE('',*,*,#3329,.T.);
#3329 = EDGE_CURVE('',#3302,#2898,#3330,.T.);
#3330 = LINE('',#3331,#3332);
#3331 = CARTESIAN_POINT('',(-12.,-20.5,-9.));
#3332 = VECTOR('',#3333,1.);
#3333 = DIRECTION('',(0.707106781187,0.707106781187,0.));
#3334 = ORIENTED_EDGE('',*,*,#2923,.F.);
#3335 = ORIENTED_EDGE('',*,*,#2706,.F.);
#3336 = PLANE('',#3337);
#3337 = AXIS2_PLACEMENT_3D('',#3338,#3339,#3340);
#3338 = CARTESIAN_POINT('',(-12.35355339059,-20.1464466094,-9.5));
#3339 = DIRECTION('',(-0.5,0.5,0.707106781187));
#3340 = DIRECTION('',(0.707106781187,0.707106781187,-5.551115123126E-17)
  );
#3341 = ADVANCED_FACE('',(#3342),#3348,.T.);
#3342 = FACE_BOUND('',#3343,.T.);
#3343 = EDGE_LOOP('',(#3344,#3345,#3346,#3347));
#3344 = ORIENTED_EDGE('',*,*,#3284,.F.);
#3345 = ORIENTED_EDGE('',*,*,#2714,.T.);
#3346 = ORIENTED_EDGE('',*,*,#3323,.T.);
#3347 = ORIENTED_EDGE('',*,*,#3309,.F.);
#3348 = PLANE('',#3349);
#3349 = AXIS2_PLACEMENT_3D('',#3350,#3351,#3352);
#3350 = CARTESIAN_POINT('',(-13.,-19.5,-10.));
#3351 = DIRECTION('',(0.281084637715,-0.678598344546,-0.678598344546));
#3352 = DIRECTION('',(0.923879532511,0.382683432365,-2.720046410332E-15)
  );
#3353 = ADVANCED_FACE('',(#3354,#3360),#3363,.F.);
#3354 = FACE_BOUND('',#3355,.F.);
#3355 = EDGE_LOOP('',(#3356,#3357,#3358,#3359));
#3356 = ORIENTED_EDGE('',*,*,#3040,.F.);
#3357 = ORIENTED_EDGE('',*,*,#3071,.F.);
#3358 = ORIENTED_EDGE('',*,*,#3112,.F.);
#3359 = ORIENTED_EDGE('',*,*,#3088,.F.);
#3360 = FACE_BOUND('',#3361,.F.);
#3361 = EDGE_LOOP('',(#3362));
#3362 = ORIENTED_EDGE('',*,*,#2792,.F.);
#3363 = PLANE('',#3364);
#3364 = AXIS2_PLACEMENT_3D('',#3365,#3366,#3367);
#3365 = CARTESIAN_POINT('',(26.,-10.5,-2.22044604925E-16));
#3366 = DIRECTION('',(0.,1.,2.2E-16));
#3367 = DIRECTION('',(0.,-2.2E-16,1.));
#3368 = ADVANCED_FACE('',(#3369,#3375),#3378,.F.);
#3369 = FACE_BOUND('',#3370,.F.);
#3370 = EDGE_LOOP('',(#3371,#3372,#3373,#3374));
#3371 = ORIENTED_EDGE('',*,*,#2944,.F.);
#3372 = ORIENTED_EDGE('',*,*,#2975,.F.);
#3373 = ORIENTED_EDGE('',*,*,#3016,.F.);
#3374 = ORIENTED_EDGE('',*,*,#2992,.F.);
#3375 = FACE_BOUND('',#3376,.F.);
#3376 = EDGE_LOOP('',(#3377));
#3377 = ORIENTED_EDGE('',*,*,#2817,.F.);
#3378 = PLANE('',#3379);
#3379 = AXIS2_PLACEMENT_3D('',#3380,#3381,#3382);
#3380 = CARTESIAN_POINT('',(26.,-10.5,-2.22044604925E-16));
#3381 = DIRECTION('',(0.,1.,2.2E-16));
#3382 = DIRECTION('',(0.,-2.2E-16,1.));
#3383 = ADVANCED_FACE('',(#3384,#3389),#3400,.F.);
#3384 = FACE_BOUND('',#3385,.F.);
#3385 = EDGE_LOOP('',(#3386,#3387,#3388));
#3386 = ORIENTED_EDGE('',*,*,#2851,.T.);
#3387 = ORIENTED_EDGE('',*,*,#2860,.T.);
#3388 = ORIENTED_EDGE('',*,*,#2832,.T.);
#3389 = FACE_BOUND('',#3390,.F.);
#3390 = EDGE_LOOP('',(#3391));
#3391 = ORIENTED_EDGE('',*,*,#3392,.T.);
#3392 = EDGE_CURVE('',#3393,#3393,#3395,.T.);
#3393 = VERTEX_POINT('',#3394);
#3394 = CARTESIAN_POINT('',(7.6,-4.275,-4.E-15));
#3395 = CIRCLE('',#3396,2.6);
#3396 = AXIS2_PLACEMENT_3D('',#3397,#3398,#3399);
#3397 = CARTESIAN_POINT('',(5.,-4.275,-2.78E-15));
#3398 = DIRECTION('',(-0.,1.,0.));
#3399 = DIRECTION('',(1.,0.,0.));
#3400 = PLANE('',#3401);
#3401 = AXIS2_PLACEMENT_3D('',#3402,#3403,#3404);
#3402 = CARTESIAN_POINT('',(17.,-4.275,3.5));
#3403 = DIRECTION('',(0.,-1.,0.));
#3404 = DIRECTION('',(-2.2E-16,-0.,-1.));
#3405 = ADVANCED_FACE('',(#3406),#3412,.F.);
#3406 = FACE_BOUND('',#3407,.F.);
#3407 = EDGE_LOOP('',(#3408,#3409,#3410,#3411));
#3408 = ORIENTED_EDGE('',*,*,#3329,.F.);
#3409 = ORIENTED_EDGE('',*,*,#3301,.T.);
#3410 = ORIENTED_EDGE('',*,*,#3249,.T.);
#3411 = ORIENTED_EDGE('',*,*,#2906,.F.);
#3412 = PLANE('',#3413);
#3413 = AXIS2_PLACEMENT_3D('',#3414,#3415,#3416);
#3414 = CARTESIAN_POINT('',(-12.,-20.5,-10.));
#3415 = DIRECTION('',(-0.707106781187,0.707106781187,0.));
#3416 = DIRECTION('',(0.707106781187,0.707106781187,0.));
#3417 = ADVANCED_FACE('',(#3418,#3424),#3435,.F.);
#3418 = FACE_BOUND('',#3419,.F.);
#3419 = EDGE_LOOP('',(#3420,#3421,#3422,#3423));
#3420 = ORIENTED_EDGE('',*,*,#3184,.F.);
#3421 = ORIENTED_EDGE('',*,*,#3136,.F.);
#3422 = ORIENTED_EDGE('',*,*,#3167,.F.);
#3423 = ORIENTED_EDGE('',*,*,#3208,.F.);
#3424 = FACE_BOUND('',#3425,.F.);
#3425 = EDGE_LOOP('',(#3426));
#3426 = ORIENTED_EDGE('',*,*,#3427,.F.);
#3427 = EDGE_CURVE('',#3428,#3428,#3430,.T.);
#3428 = VERTEX_POINT('',#3429);
#3429 = CARTESIAN_POINT('',(7.6,-9.5,-5.E-15));
#3430 = CIRCLE('',#3431,2.6);
#3431 = AXIS2_PLACEMENT_3D('',#3432,#3433,#3434);
#3432 = CARTESIAN_POINT('',(5.,-9.5,-2.78E-15));
#3433 = DIRECTION('',(-0.,1.,0.));
#3434 = DIRECTION('',(1.,0.,0.));
#3435 = PLANE('',#3436);
#3436 = AXIS2_PLACEMENT_3D('',#3437,#3438,#3439);
#3437 = CARTESIAN_POINT('',(5.,-9.5,-7.993605777301E-15));
#3438 = DIRECTION('',(0.,1.,-2.2E-16));
#3439 = DIRECTION('',(0.,2.2E-16,1.));
#3440 = ADVANCED_FACE('',(#3441),#3451,.F.);
#3441 = FACE_BOUND('',#3442,.F.);
#3442 = EDGE_LOOP('',(#3443,#3444,#3449,#3450));
#3443 = ORIENTED_EDGE('',*,*,#3427,.T.);
#3444 = ORIENTED_EDGE('',*,*,#3445,.T.);
#3445 = EDGE_CURVE('',#3428,#3393,#3446,.T.);
#3446 = B_SPLINE_CURVE_WITH_KNOTS('',1,(#3447,#3448),.UNSPECIFIED.,.F.,
  .F.,(2,2),(-25.,0.),.PIECEWISE_BEZIER_KNOTS.);
#3447 = CARTESIAN_POINT('',(7.6,-12.5,-2.78E-15));
#3448 = CARTESIAN_POINT('',(7.6,12.5,-2.78E-15));
#3449 = ORIENTED_EDGE('',*,*,#3392,.F.);
#3450 = ORIENTED_EDGE('',*,*,#3445,.F.);
#3451 = CYLINDRICAL_SURFACE('',#3452,2.6);
#3452 = AXIS2_PLACEMENT_3D('',#3453,#3454,#3455);
#3453 = CARTESIAN_POINT('',(5.,12.5,-2.78E-15));
#3454 = DIRECTION('',(0.,1.,0.));
#3455 = DIRECTION('',(1.,0.,0.));
#3456 = ( GEOMETRIC_REPRESENTATION_CONTEXT(3) 
GLOBAL_UNCERTAINTY_ASSIGNED_CONTEXT((#3460)) 
GLOBAL_UNIT_ASSIGNED_CONTEXT((#3457,#3458,#3459)) REPRESENTATION_CONTEXT
('Context #1','3D Context with UNIT and UNCERTAINTY') );
#3457 = ( LENGTH_UNIT() NAMED_UNIT(*) SI_UNIT(.MILLI.,.METRE.) );
#3458 = ( NAMED_UNIT(*) PLANE_ANGLE_UNIT() SI_UNIT($,.RADIAN.) );
#3459 = ( NAMED_UNIT(*) SI_UNIT($,.STERADIAN.) SOLID_ANGLE_UNIT() );
#3460 = UNCERTAINTY_MEASURE_WITH_UNIT(LENGTH_MEASURE(2.E-05),#3457,
  'distance_accuracy_value','confusion accuracy');
#3461 = PRODUCT_RELATED_PRODUCT_CATEGORY('part',$,(#7));
ENDSEC;
END-ISO-10303-21;
