ISO-10303-21;
HEADER;
FILE_DESCRIPTION(('FreeCAD Model'),'2;1');
FILE_NAME('Open CASCADE Shape Model','2026-09-08T00:01:26',('FreeCAD'),(
    'FreeCAD'),'Open CASCADE STEP processor 7.8','FreeCAD','Unknown');
FILE_SCHEMA(('AUTOMOTIVE_DESIGN { 1 0 10303 214 1 1 1 1 }'));
ENDSEC;
DATA;
#1 = APPLICATION_PROTOCOL_DEFINITION('international standard',
  'automotive_design',2000,#2);
#2 = APPLICATION_CONTEXT(
  'core data for automotive mechanical design processes');
#3 = SHAPE_DEFINITION_REPRESENTATION(#4,#10);
#4 = PRODUCT_DEFINITION_SHAPE('','',#5);
#5 = PRODUCT_DEFINITION('design','',#6,#9);
#6 = PRODUCT_DEFINITION_FORMATION('','',#7);
#7 = PRODUCT('Open CASCADE STEP translator 7.8 35',
  'Open CASCADE STEP translator 7.8 35','',(#8));
#8 = PRODUCT_CONTEXT('',#2,'mechanical');
#9 = PRODUCT_DEFINITION_CONTEXT('part definition',#2,'design');
#10 = ADVANCED_BREP_SHAPE_REPRESENTATION('',(#11,#15),#8594);
#11 = AXIS2_PLACEMENT_3D('',#12,#13,#14);
#12 = CARTESIAN_POINT('',(0.,0.,0.));
#13 = DIRECTION('',(0.,0.,1.));
#14 = DIRECTION('',(1.,0.,-0.));
#15 = MANIFOLD_SOLID_BREP('',#16);
#16 = CLOSED_SHELL('',(#17,#184,#214,#381,#428,#460,#492,#515,#538,#631,
    #689,#713,#748,#772,#796,#820,#854,#940,#992,#1032,#1067,#1100,#1124
    ,#1148,#1172,#1200,#1228,#1252,#1650,#1743,#1767,#1791,#1852,#1887,
    #1911,#1997,#2014,#2047,#2072,#2089,#2114,#2137,#2153,#2169,#2192,
    #2212,#2235,#2257,#2283,#2306,#2328,#2359,#2383,#2423,#2447,#2471,
    #2488,#2513,#2544,#2568,#2592,#2616,#2640,#2664,#2688,#2705,#2730,
    #2755,#2780,#2796,#2812,#2840,#2863,#2885,#2913,#2936,#2958,#2986,
    #3009,#3031,#3059,#3082,#3104,#3195,#3214,#3230,#3249,#3273,#3297,
    #3321,#3366,#3390,#3407,#3431,#3447,#3581,#3598,#3615,#3626,#3643,
    #3674,#3698,#3722,#3746,#3770,#3794,#3818,#3835,#3852,#3869,#3886,
    #3917,#3962,#3986,#4010,#4034,#4190,#4214,#4231,#4262,#4418,#4442,
    #4466,#4490,#4535,#4559,#4576,#4585,#4632,#4657,#4682,#4775,#4833,
    #4857,#4892,#4916,#4940,#4964,#4998,#5084,#5136,#5160,#5185,#5225,
    #5250,#5267,#5289,#5306,#5323,#5340,#5357,#5374,#5391,#5403,#5450,
    #5475,#5500,#5524,#5549,#5589,#5614,#5732,#5766,#5791,#5825,#5937,
    #5970,#5994,#6018,#6042,#6068,#6085,#6132,#6157,#6182,#6300,#6334,
    #6359,#6393,#6505,#6538,#6562,#6586,#6610,#6636,#6660,#6685,#6725,
    #6750,#6767,#6786,#6814,#6828,#6921,#6945,#6969,#7030,#7065,#7089,
    #7175,#7192,#7211,#7239,#7253,#7346,#7430,#7516,#7540,#7564,#7599,
    #7623,#7640,#7659,#7687,#7701,#7794,#7878,#7964,#7988,#8012,#8047,
    #8071,#8088,#8105,#8196,#8215,#8231,#8248,#8270,#8322,#8351,#8368,
    #8390,#8442,#8471,#8480,#8489,#8498,#8510,#8522,#8534,#8546,#8558,
    #8570,#8582));
#17 = ADVANCED_FACE('',(#18,#68),#179,.F.);
#18 = FACE_BOUND('',#19,.F.);
#19 = EDGE_LOOP('',(#20,#30,#38,#46,#54,#62));
#20 = ORIENTED_EDGE('',*,*,#21,.T.);
#21 = EDGE_CURVE('',#22,#24,#26,.T.);
#22 = VERTEX_POINT('',#23);
#23 = CARTESIAN_POINT('',(-41.,17.,-12.));
#24 = VERTEX_POINT('',#25);
#25 = CARTESIAN_POINT('',(-41.,30.,-12.));
#26 = LINE('',#27,#28);
#27 = CARTESIAN_POINT('',(-41.,16.,-12.));
#28 = VECTOR('',#29,1.);
#29 = DIRECTION('',(0.,1.,0.));
#30 = ORIENTED_EDGE('',*,*,#31,.F.);
#31 = EDGE_CURVE('',#32,#24,#34,.T.);
#32 = VERTEX_POINT('',#33);
#33 = CARTESIAN_POINT('',(-41.,30.,-7.085786437627));
#34 = LINE('',#35,#36);
#35 = CARTESIAN_POINT('',(-41.,30.,-7.5));
#36 = VECTOR('',#37,1.);
#37 = DIRECTION('',(0.,0.,-1.));
#38 = ORIENTED_EDGE('',*,*,#39,.F.);
#39 = EDGE_CURVE('',#40,#32,#42,.T.);
#40 = VERTEX_POINT('',#41);
#41 = CARTESIAN_POINT('',(-41.,33.585786437627,-3.5));
#42 = LINE('',#43,#44);
#43 = CARTESIAN_POINT('',(-41.,35.292893218813,-1.792893218813));
#44 = VECTOR('',#45,1.);
#45 = DIRECTION('',(0.,-0.707106781187,-0.707106781187));
#46 = ORIENTED_EDGE('',*,*,#47,.F.);
#47 = EDGE_CURVE('',#48,#40,#50,.T.);
#48 = VERTEX_POINT('',#49);
#49 = CARTESIAN_POINT('',(-41.,13.414213562373,-3.5));
#50 = LINE('',#51,#52);
#51 = CARTESIAN_POINT('',(-41.,11.,-3.5));
#52 = VECTOR('',#53,1.);
#53 = DIRECTION('',(0.,1.,0.));
#54 = ORIENTED_EDGE('',*,*,#55,.T.);
#55 = EDGE_CURVE('',#48,#56,#58,.T.);
#56 = VERTEX_POINT('',#57);
#57 = CARTESIAN_POINT('',(-41.,17.,-7.085786437627));
#58 = LINE('',#59,#60);
#59 = CARTESIAN_POINT('',(-41.,11.707106781187,-1.792893218813));
#60 = VECTOR('',#61,1.);
#61 = DIRECTION('',(0.,0.707106781187,-0.707106781187));
#62 = ORIENTED_EDGE('',*,*,#63,.T.);
#63 = EDGE_CURVE('',#56,#22,#64,.T.);
#64 = LINE('',#65,#66);
#65 = CARTESIAN_POINT('',(-41.,17.,-7.5));
#66 = VECTOR('',#67,1.);
#67 = DIRECTION('',(0.,0.,-1.));
#68 = FACE_BOUND('',#69,.F.);
#69 = EDGE_LOOP('',(#70,#80,#88,#96,#104,#112,#131,#142,#151,#162));
#70 = ORIENTED_EDGE('',*,*,#71,.T.);
#71 = EDGE_CURVE('',#72,#74,#76,.T.);
#72 = VERTEX_POINT('',#73);
#73 = CARTESIAN_POINT('',(-41.,25.95967477525,-7.1));
#74 = VERTEX_POINT('',#75);
#75 = CARTESIAN_POINT('',(-41.,27.15,-7.1));
#76 = LINE('',#77,#78);
#77 = CARTESIAN_POINT('',(-41.,20.85,-7.1));
#78 = VECTOR('',#79,1.);
#79 = DIRECTION('',(0.,1.,0.));
#80 = ORIENTED_EDGE('',*,*,#81,.T.);
#81 = EDGE_CURVE('',#74,#82,#84,.T.);
#82 = VERTEX_POINT('',#83);
#83 = CARTESIAN_POINT('',(-41.,27.15,-11.1));
#84 = LINE('',#85,#86);
#85 = CARTESIAN_POINT('',(-41.,27.15,-8.1));
#86 = VECTOR('',#87,1.);
#87 = DIRECTION('',(0.,0.,-1.));
#88 = ORIENTED_EDGE('',*,*,#89,.T.);
#89 = EDGE_CURVE('',#82,#90,#92,.T.);
#90 = VERTEX_POINT('',#91);
#91 = CARTESIAN_POINT('',(-41.,19.85,-11.1));
#92 = LINE('',#93,#94);
#93 = CARTESIAN_POINT('',(-41.,26.15,-11.1));
#94 = VECTOR('',#95,1.);
#95 = DIRECTION('',(0.,-1.,0.));
#96 = ORIENTED_EDGE('',*,*,#97,.T.);
#97 = EDGE_CURVE('',#90,#98,#100,.T.);
#98 = VERTEX_POINT('',#99);
#99 = CARTESIAN_POINT('',(-41.,19.85,-7.1));
#100 = LINE('',#101,#102);
#101 = CARTESIAN_POINT('',(-41.,19.85,-10.1));
#102 = VECTOR('',#103,1.);
#103 = DIRECTION('',(0.,0.,1.));
#104 = ORIENTED_EDGE('',*,*,#105,.T.);
#105 = EDGE_CURVE('',#98,#106,#108,.T.);
#106 = VERTEX_POINT('',#107);
#107 = CARTESIAN_POINT('',(-41.,21.04032522475,-7.1));
#108 = LINE('',#109,#110);
#109 = CARTESIAN_POINT('',(-41.,20.85,-7.1));
#110 = VECTOR('',#111,1.);
#111 = DIRECTION('',(0.,1.,0.));
#112 = ORIENTED_EDGE('',*,*,#113,.T.);
#113 = EDGE_CURVE('',#106,#114,#116,.T.);
#114 = VERTEX_POINT('',#115);
#115 = CARTESIAN_POINT('',(-41.,21.177451792507,-6.946687836487));
#116 = B_SPLINE_CURVE_WITH_KNOTS('',7,(#117,#118,#119,#120,#121,#122,
    #123,#124,#125,#126,#127,#128,#129,#130),.UNSPECIFIED.,.F.,.F.,(8,6,
    8),(-1.263783705278,-1.234227047737,-0.688737339364),.UNSPECIFIED.);
#117 = CARTESIAN_POINT('',(-41.,20.788307606207,-7.381764263295));
#118 = CARTESIAN_POINT('',(-41.,20.792773938075,-7.376770752461));
#119 = CARTESIAN_POINT('',(-41.,20.796965034593,-7.372084964104));
#120 = CARTESIAN_POINT('',(-41.,20.80088089576,-7.367706898224));
#121 = CARTESIAN_POINT('',(-41.,20.804521521577,-7.363636554821));
#122 = CARTESIAN_POINT('',(-41.,20.807886912044,-7.359873933894));
#123 = CARTESIAN_POINT('',(-41.,20.81097706716,-7.356419035443));
#124 = CARTESIAN_POINT('',(-41.,20.865743387723,-7.295188427615));
#125 = CARTESIAN_POINT('',(-41.,20.91769478852,-7.23710499576));
#126 = CARTESIAN_POINT('',(-41.,20.969646189318,-7.179021563906));
#127 = CARTESIAN_POINT('',(-41.,21.021597590115,-7.120938132051));
#128 = CARTESIAN_POINT('',(-41.,21.073548990913,-7.062854700196));
#129 = CARTESIAN_POINT('',(-41.,21.12550039171,-7.004771268342));
#130 = CARTESIAN_POINT('',(-41.,21.177451792507,-6.946687836487));
#131 = ORIENTED_EDGE('',*,*,#132,.T.);
#132 = EDGE_CURVE('',#114,#133,#135,.T.);
#133 = VERTEX_POINT('',#134);
#134 = CARTESIAN_POINT('',(-41.,21.63661001875,-6.433333333333));
#135 = B_SPLINE_CURVE_WITH_KNOTS('',5,(#136,#137,#138,#139,#140,#141),
  .UNSPECIFIED.,.F.,.F.,(6,6),(-0.688737339364,0.),
  .PIECEWISE_BEZIER_KNOTS.);
#136 = CARTESIAN_POINT('',(-41.,21.177451792507,-6.946687836487));
#137 = CARTESIAN_POINT('',(-41.,21.269283437756,-6.844016935856));
#138 = CARTESIAN_POINT('',(-41.,21.361115083004,-6.741346035226));
#139 = CARTESIAN_POINT('',(-41.,21.452946728253,-6.638675134595));
#140 = CARTESIAN_POINT('',(-41.,21.544778373502,-6.536004233964));
#141 = CARTESIAN_POINT('',(-41.,21.63661001875,-6.433333333333));
#142 = ORIENTED_EDGE('',*,*,#143,.T.);
#143 = EDGE_CURVE('',#133,#144,#146,.T.);
#144 = VERTEX_POINT('',#145);
#145 = CARTESIAN_POINT('',(-41.,25.36338998125,-6.433333333333));
#146 = CIRCLE('',#147,2.5);
#147 = AXIS2_PLACEMENT_3D('',#148,#149,#150);
#148 = CARTESIAN_POINT('',(-41.,23.5,-8.1));
#149 = DIRECTION('',(-1.,0.,0.));
#150 = DIRECTION('',(0.,-0.7453559925,0.666666666667));
#151 = ORIENTED_EDGE('',*,*,#152,.T.);
#152 = EDGE_CURVE('',#144,#153,#155,.T.);
#153 = VERTEX_POINT('',#154);
#154 = CARTESIAN_POINT('',(-41.,25.822548207493,-6.946687836487));
#155 = B_SPLINE_CURVE_WITH_KNOTS('',5,(#156,#157,#158,#159,#160,#161),
  .UNSPECIFIED.,.F.,.F.,(6,6),(2.523206011704,3.211943351068),
  .PIECEWISE_BEZIER_KNOTS.);
#156 = CARTESIAN_POINT('',(-41.,25.36338998125,-6.433333333333));
#157 = CARTESIAN_POINT('',(-41.,25.455221626498,-6.536004233964));
#158 = CARTESIAN_POINT('',(-41.,25.547053271747,-6.638675134595));
#159 = CARTESIAN_POINT('',(-41.,25.638884916996,-6.741346035225));
#160 = CARTESIAN_POINT('',(-41.,25.730716562244,-6.844016935856));
#161 = CARTESIAN_POINT('',(-41.,25.822548207493,-6.946687836487));
#162 = ORIENTED_EDGE('',*,*,#163,.T.);
#163 = EDGE_CURVE('',#153,#72,#164,.T.);
#164 = B_SPLINE_CURVE_WITH_KNOTS('',7,(#165,#166,#167,#168,#169,#170,
    #171,#172,#173,#174,#175,#176,#177,#178),.UNSPECIFIED.,.F.,.F.,(8,6,
    8),(3.211943351068,3.757433059441,3.786989716981),.UNSPECIFIED.);
#165 = CARTESIAN_POINT('',(-41.,25.822548207493,-6.946687836487));
#166 = CARTESIAN_POINT('',(-41.,25.87449960829,-7.004771268342));
#167 = CARTESIAN_POINT('',(-40.99999999999,25.926451009087,
    -7.062854700196));
#168 = CARTESIAN_POINT('',(-41.,25.978402409886,-7.120938132051));
#169 = CARTESIAN_POINT('',(-40.99999999999,26.030353810682,
    -7.179021563905));
#170 = CARTESIAN_POINT('',(-41.,26.08230521148,-7.23710499576));
#171 = CARTESIAN_POINT('',(-41.,26.134256612277,-7.295188427615));
#172 = CARTESIAN_POINT('',(-41.,26.18902293284,-7.356419035443));
#173 = CARTESIAN_POINT('',(-41.,26.192113087956,-7.359873933894));
#174 = CARTESIAN_POINT('',(-41.,26.195478478423,-7.363636554821));
#175 = CARTESIAN_POINT('',(-41.,26.19911910424,-7.367706898224));
#176 = CARTESIAN_POINT('',(-41.,26.203034965407,-7.372084964104));
#177 = CARTESIAN_POINT('',(-41.,26.207226061925,-7.376770752461));
#178 = CARTESIAN_POINT('',(-41.,26.211692393793,-7.381764263295));
#179 = PLANE('',#180);
#180 = AXIS2_PLACEMENT_3D('',#181,#182,#183);
#181 = CARTESIAN_POINT('',(-41.,16.,-2.5));
#182 = DIRECTION('',(1.,0.,0.));
#183 = DIRECTION('',(0.,1.,0.));
#184 = ADVANCED_FACE('',(#185),#209,.F.);
#185 = FACE_BOUND('',#186,.T.);
#186 = EDGE_LOOP('',(#187,#188,#196,#204));
#187 = ORIENTED_EDGE('',*,*,#55,.T.);
#188 = ORIENTED_EDGE('',*,*,#189,.T.);
#189 = EDGE_CURVE('',#56,#190,#192,.T.);
#190 = VERTEX_POINT('',#191);
#191 = CARTESIAN_POINT('',(-40.,16.,-7.5));
#192 = LINE('',#193,#194);
#193 = CARTESIAN_POINT('',(-39.78611535474,15.786115354746,
    -7.588593920848));
#194 = VECTOR('',#195,1.);
#195 = DIRECTION('',(0.678598344546,-0.678598344546,-0.281084637715));
#196 = ORIENTED_EDGE('',*,*,#197,.F.);
#197 = EDGE_CURVE('',#198,#190,#200,.T.);
#198 = VERTEX_POINT('',#199);
#199 = CARTESIAN_POINT('',(-40.,11.707106781187,-3.207106781187));
#200 = LINE('',#201,#202);
#201 = CARTESIAN_POINT('',(-40.,11.,-2.5));
#202 = VECTOR('',#203,1.);
#203 = DIRECTION('',(0.,0.707106781187,-0.707106781187));
#204 = ORIENTED_EDGE('',*,*,#205,.T.);
#205 = EDGE_CURVE('',#198,#48,#206,.T.);
#206 = B_SPLINE_CURVE_WITH_KNOTS('',1,(#207,#208),.UNSPECIFIED.,.F.,.F.,
  (2,2),(0.,1.),.PIECEWISE_BEZIER_KNOTS.);
#207 = CARTESIAN_POINT('',(-40.,11.707106781187,-3.207106781187));
#208 = CARTESIAN_POINT('',(-41.,13.414213562373,-3.5));
#209 = PLANE('',#210);
#210 = AXIS2_PLACEMENT_3D('',#211,#212,#213);
#211 = CARTESIAN_POINT('',(-40.5,11.353553390593,-2.146446609407));
#212 = DIRECTION('',(0.707106781187,0.5,0.5));
#213 = DIRECTION('',(0.,-0.707106781187,0.707106781187));
#214 = ADVANCED_FACE('',(#215,#265),#376,.F.);
#215 = FACE_BOUND('',#216,.F.);
#216 = EDGE_LOOP('',(#217,#227,#235,#243,#251,#259));
#217 = ORIENTED_EDGE('',*,*,#218,.T.);
#218 = EDGE_CURVE('',#219,#221,#223,.T.);
#219 = VERTEX_POINT('',#220);
#220 = CARTESIAN_POINT('',(-41.,-50.,-12.));
#221 = VERTEX_POINT('',#222);
#222 = CARTESIAN_POINT('',(-41.,-37.,-12.));
#223 = LINE('',#224,#225);
#224 = CARTESIAN_POINT('',(-41.,-51.,-12.));
#225 = VECTOR('',#226,1.);
#226 = DIRECTION('',(0.,1.,0.));
#227 = ORIENTED_EDGE('',*,*,#228,.F.);
#228 = EDGE_CURVE('',#229,#221,#231,.T.);
#229 = VERTEX_POINT('',#230);
#230 = CARTESIAN_POINT('',(-41.,-37.,-7.085786437627));
#231 = LINE('',#232,#233);
#232 = CARTESIAN_POINT('',(-41.,-37.,-7.5));
#233 = VECTOR('',#234,1.);
#234 = DIRECTION('',(0.,0.,-1.));
#235 = ORIENTED_EDGE('',*,*,#236,.F.);
#236 = EDGE_CURVE('',#237,#229,#239,.T.);
#237 = VERTEX_POINT('',#238);
#238 = CARTESIAN_POINT('',(-41.,-33.41421356237,-3.5));
#239 = LINE('',#240,#241);
#240 = CARTESIAN_POINT('',(-41.,-31.70710678118,-1.792893218813));
#241 = VECTOR('',#242,1.);
#242 = DIRECTION('',(0.,-0.707106781187,-0.707106781187));
#243 = ORIENTED_EDGE('',*,*,#244,.F.);
#244 = EDGE_CURVE('',#245,#237,#247,.T.);
#245 = VERTEX_POINT('',#246);
#246 = CARTESIAN_POINT('',(-41.,-53.58578643762,-3.5));
#247 = LINE('',#248,#249);
#248 = CARTESIAN_POINT('',(-41.,-56.,-3.5));
#249 = VECTOR('',#250,1.);
#250 = DIRECTION('',(0.,1.,0.));
#251 = ORIENTED_EDGE('',*,*,#252,.F.);
#252 = EDGE_CURVE('',#253,#245,#255,.T.);
#253 = VERTEX_POINT('',#254);
#254 = CARTESIAN_POINT('',(-41.,-50.,-7.085786437627));
#255 = LINE('',#256,#257);
#256 = CARTESIAN_POINT('',(-41.,-50.29289321881,-6.792893218813));
#257 = VECTOR('',#258,1.);
#258 = DIRECTION('',(0.,-0.707106781187,0.707106781187));
#259 = ORIENTED_EDGE('',*,*,#260,.T.);
#260 = EDGE_CURVE('',#253,#219,#261,.T.);
#261 = LINE('',#262,#263);
#262 = CARTESIAN_POINT('',(-41.,-50.,-7.5));
#263 = VECTOR('',#264,1.);
#264 = DIRECTION('',(0.,0.,-1.));
#265 = FACE_BOUND('',#266,.F.);
#266 = EDGE_LOOP('',(#267,#277,#285,#293,#301,#309,#328,#339,#348,#359)
  );
#267 = ORIENTED_EDGE('',*,*,#268,.T.);
#268 = EDGE_CURVE('',#269,#271,#273,.T.);
#269 = VERTEX_POINT('',#270);
#270 = CARTESIAN_POINT('',(-41.,-41.04032522475,-7.1));
#271 = VERTEX_POINT('',#272);
#272 = CARTESIAN_POINT('',(-41.,-39.85,-7.1));
#273 = LINE('',#274,#275);
#274 = CARTESIAN_POINT('',(-41.,-46.15,-7.1));
#275 = VECTOR('',#276,1.);
#276 = DIRECTION('',(0.,1.,0.));
#277 = ORIENTED_EDGE('',*,*,#278,.T.);
#278 = EDGE_CURVE('',#271,#279,#281,.T.);
#279 = VERTEX_POINT('',#280);
#280 = CARTESIAN_POINT('',(-41.,-39.85,-11.1));
#281 = LINE('',#282,#283);
#282 = CARTESIAN_POINT('',(-41.,-39.85,-8.1));
#283 = VECTOR('',#284,1.);
#284 = DIRECTION('',(0.,0.,-1.));
#285 = ORIENTED_EDGE('',*,*,#286,.T.);
#286 = EDGE_CURVE('',#279,#287,#289,.T.);
#287 = VERTEX_POINT('',#288);
#288 = CARTESIAN_POINT('',(-41.,-47.15,-11.1));
#289 = LINE('',#290,#291);
#290 = CARTESIAN_POINT('',(-41.,-40.85,-11.1));
#291 = VECTOR('',#292,1.);
#292 = DIRECTION('',(0.,-1.,0.));
#293 = ORIENTED_EDGE('',*,*,#294,.T.);
#294 = EDGE_CURVE('',#287,#295,#297,.T.);
#295 = VERTEX_POINT('',#296);
#296 = CARTESIAN_POINT('',(-41.,-47.15,-7.1));
#297 = LINE('',#298,#299);
#298 = CARTESIAN_POINT('',(-41.,-47.15,-10.1));
#299 = VECTOR('',#300,1.);
#300 = DIRECTION('',(0.,0.,1.));
#301 = ORIENTED_EDGE('',*,*,#302,.T.);
#302 = EDGE_CURVE('',#295,#303,#305,.T.);
#303 = VERTEX_POINT('',#304);
#304 = CARTESIAN_POINT('',(-41.,-45.95967477525,-7.1));
#305 = LINE('',#306,#307);
#306 = CARTESIAN_POINT('',(-41.,-46.15,-7.1));
#307 = VECTOR('',#308,1.);
#308 = DIRECTION('',(0.,1.,0.));
#309 = ORIENTED_EDGE('',*,*,#310,.T.);
#310 = EDGE_CURVE('',#303,#311,#313,.T.);
#311 = VERTEX_POINT('',#312);
#312 = CARTESIAN_POINT('',(-41.,-45.82254820749,-6.946687836487));
#313 = B_SPLINE_CURVE_WITH_KNOTS('',7,(#314,#315,#316,#317,#318,#319,
    #320,#321,#322,#323,#324,#325,#326,#327),.UNSPECIFIED.,.F.,.F.,(8,6,
    8),(-1.263783705278,-1.234227047737,-0.688737339364),.UNSPECIFIED.);
#314 = CARTESIAN_POINT('',(-41.,-46.21169239379,-7.381764263295));
#315 = CARTESIAN_POINT('',(-41.,-46.20722606192,-7.376770752461));
#316 = CARTESIAN_POINT('',(-41.,-46.2030349654,-7.372084964104));
#317 = CARTESIAN_POINT('',(-41.,-46.19911910424,-7.367706898224));
#318 = CARTESIAN_POINT('',(-41.,-46.19547847842,-7.363636554821));
#319 = CARTESIAN_POINT('',(-41.,-46.19211308795,-7.359873933894));
#320 = CARTESIAN_POINT('',(-41.,-46.18902293284,-7.356419035443));
#321 = CARTESIAN_POINT('',(-41.,-46.13425661227,-7.295188427615));
#322 = CARTESIAN_POINT('',(-40.99999999999,-46.08230521147,
    -7.23710499576));
#323 = CARTESIAN_POINT('',(-41.,-46.03035381068,-7.179021563906));
#324 = CARTESIAN_POINT('',(-40.99999999999,-45.97840240988,
    -7.120938132051));
#325 = CARTESIAN_POINT('',(-41.,-45.92645100908,-7.062854700196));
#326 = CARTESIAN_POINT('',(-41.,-45.87449960829,-7.004771268342));
#327 = CARTESIAN_POINT('',(-41.,-45.82254820749,-6.946687836487));
#328 = ORIENTED_EDGE('',*,*,#329,.T.);
#329 = EDGE_CURVE('',#311,#330,#332,.T.);
#330 = VERTEX_POINT('',#331);
#331 = CARTESIAN_POINT('',(-41.,-45.36338998125,-6.433333333333));
#332 = B_SPLINE_CURVE_WITH_KNOTS('',5,(#333,#334,#335,#336,#337,#338),
  .UNSPECIFIED.,.F.,.F.,(6,6),(-0.688737339364,0.),
  .PIECEWISE_BEZIER_KNOTS.);
#333 = CARTESIAN_POINT('',(-41.,-45.82254820749,-6.946687836487));
#334 = CARTESIAN_POINT('',(-41.,-45.73071656224,-6.844016935856));
#335 = CARTESIAN_POINT('',(-41.,-45.63888491699,-6.741346035226));
#336 = CARTESIAN_POINT('',(-41.,-45.54705327174,-6.638675134595));
#337 = CARTESIAN_POINT('',(-41.,-45.45522162649,-6.536004233964));
#338 = CARTESIAN_POINT('',(-41.,-45.36338998125,-6.433333333333));
#339 = ORIENTED_EDGE('',*,*,#340,.T.);
#340 = EDGE_CURVE('',#330,#341,#343,.T.);
#341 = VERTEX_POINT('',#342);
#342 = CARTESIAN_POINT('',(-41.,-41.63661001875,-6.433333333333));
#343 = CIRCLE('',#344,2.5);
#344 = AXIS2_PLACEMENT_3D('',#345,#346,#347);
#345 = CARTESIAN_POINT('',(-41.,-43.5,-8.1));
#346 = DIRECTION('',(-1.,0.,0.));
#347 = DIRECTION('',(0.,-0.7453559925,0.666666666667));
#348 = ORIENTED_EDGE('',*,*,#349,.T.);
#349 = EDGE_CURVE('',#341,#350,#352,.T.);
#350 = VERTEX_POINT('',#351);
#351 = CARTESIAN_POINT('',(-41.,-41.1774517925,-6.946687836487));
#352 = B_SPLINE_CURVE_WITH_KNOTS('',5,(#353,#354,#355,#356,#357,#358),
  .UNSPECIFIED.,.F.,.F.,(6,6),(2.523206011704,3.211943351068),
  .PIECEWISE_BEZIER_KNOTS.);
#353 = CARTESIAN_POINT('',(-41.,-41.63661001875,-6.433333333333));
#354 = CARTESIAN_POINT('',(-41.,-41.5447783735,-6.536004233964));
#355 = CARTESIAN_POINT('',(-41.,-41.45294672825,-6.638675134595));
#356 = CARTESIAN_POINT('',(-41.,-41.361115083,-6.741346035225));
#357 = CARTESIAN_POINT('',(-41.,-41.26928343775,-6.844016935856));
#358 = CARTESIAN_POINT('',(-41.,-41.1774517925,-6.946687836487));
#359 = ORIENTED_EDGE('',*,*,#360,.T.);
#360 = EDGE_CURVE('',#350,#269,#361,.T.);
#361 = B_SPLINE_CURVE_WITH_KNOTS('',7,(#362,#363,#364,#365,#366,#367,
    #368,#369,#370,#371,#372,#373,#374,#375),.UNSPECIFIED.,.F.,.F.,(8,6,
    8),(3.211943351068,3.757433059441,3.786989716981),.UNSPECIFIED.);
#362 = CARTESIAN_POINT('',(-41.,-41.1774517925,-6.946687836487));
#363 = CARTESIAN_POINT('',(-41.,-41.12550039171,-7.004771268342));
#364 = CARTESIAN_POINT('',(-40.99999999999,-41.07354899091,
    -7.062854700196));
#365 = CARTESIAN_POINT('',(-41.,-41.02159759011,-7.120938132051));
#366 = CARTESIAN_POINT('',(-40.99999999999,-40.96964618931,
    -7.179021563905));
#367 = CARTESIAN_POINT('',(-41.,-40.91769478852,-7.23710499576));
#368 = CARTESIAN_POINT('',(-41.,-40.86574338772,-7.295188427615));
#369 = CARTESIAN_POINT('',(-41.,-40.81097706716,-7.356419035443));
#370 = CARTESIAN_POINT('',(-41.,-40.80788691204,-7.359873933894));
#371 = CARTESIAN_POINT('',(-41.,-40.80452152157,-7.363636554821));
#372 = CARTESIAN_POINT('',(-41.,-40.80088089576,-7.367706898224));
#373 = CARTESIAN_POINT('',(-41.,-40.79696503459,-7.372084964104));
#374 = CARTESIAN_POINT('',(-41.,-40.79277393807,-7.376770752461));
#375 = CARTESIAN_POINT('',(-41.,-40.7883076062,-7.381764263295));
#376 = PLANE('',#377);
#377 = AXIS2_PLACEMENT_3D('',#378,#379,#380);
#378 = CARTESIAN_POINT('',(-41.,-51.,-2.5));
#379 = DIRECTION('',(1.,0.,0.));
#380 = DIRECTION('',(0.,1.,0.));
#381 = ADVANCED_FACE('',(#382),#423,.T.);
#382 = FACE_BOUND('',#383,.T.);
#383 = EDGE_LOOP('',(#384,#394,#400,#401,#409,#417));
#384 = ORIENTED_EDGE('',*,*,#385,.F.);
#385 = EDGE_CURVE('',#386,#388,#390,.T.);
#386 = VERTEX_POINT('',#387);
#387 = CARTESIAN_POINT('',(-40.5,-50.5,-12.25));
#388 = VERTEX_POINT('',#389);
#389 = CARTESIAN_POINT('',(-36.,-46.,-14.5));
#390 = LINE('',#391,#392);
#391 = CARTESIAN_POINT('',(-36.27777777777,-46.27777777777,
    -14.36111111111));
#392 = VECTOR('',#393,1.);
#393 = DIRECTION('',(0.666666666667,0.666666666667,-0.333333333333));
#394 = ORIENTED_EDGE('',*,*,#395,.F.);
#395 = EDGE_CURVE('',#219,#386,#396,.T.);
#396 = LINE('',#397,#398);
#397 = CARTESIAN_POINT('',(-40.36111111111,-50.63888888888,
    -12.31944444444));
#398 = VECTOR('',#399,1.);
#399 = DIRECTION('',(0.666666666667,-0.666666666667,-0.333333333333));
#400 = ORIENTED_EDGE('',*,*,#218,.T.);
#401 = ORIENTED_EDGE('',*,*,#402,.T.);
#402 = EDGE_CURVE('',#221,#403,#405,.T.);
#403 = VERTEX_POINT('',#404);
#404 = CARTESIAN_POINT('',(-40.5,-36.5,-12.25));
#405 = LINE('',#406,#407);
#406 = CARTESIAN_POINT('',(-43.69444444444,-39.69444444444,
    -10.65277777777));
#407 = VECTOR('',#408,1.);
#408 = DIRECTION('',(0.666666666667,0.666666666667,-0.333333333333));
#409 = ORIENTED_EDGE('',*,*,#410,.T.);
#410 = EDGE_CURVE('',#403,#411,#413,.T.);
#411 = VERTEX_POINT('',#412);
#412 = CARTESIAN_POINT('',(-36.,-41.,-14.5));
#413 = LINE('',#414,#415);
#414 = CARTESIAN_POINT('',(-36.27777777777,-40.72222222222,
    -14.36111111111));
#415 = VECTOR('',#416,1.);
#416 = DIRECTION('',(0.666666666667,-0.666666666667,-0.333333333333));
#417 = ORIENTED_EDGE('',*,*,#418,.F.);
#418 = EDGE_CURVE('',#388,#411,#419,.T.);
#419 = LINE('',#420,#421);
#420 = CARTESIAN_POINT('',(-36.,-51.,-14.5));
#421 = VECTOR('',#422,1.);
#422 = DIRECTION('',(0.,1.,0.));
#423 = PLANE('',#424);
#424 = AXIS2_PLACEMENT_3D('',#425,#426,#427);
#425 = CARTESIAN_POINT('',(-38.5,-51.,-13.25));
#426 = DIRECTION('',(-0.4472135955,0.,-0.894427191));
#427 = DIRECTION('',(0.,1.,0.));
#428 = ADVANCED_FACE('',(#429),#455,.T.);
#429 = FACE_BOUND('',#430,.T.);
#430 = EDGE_LOOP('',(#431,#432,#440,#448,#454));
#431 = ORIENTED_EDGE('',*,*,#395,.T.);
#432 = ORIENTED_EDGE('',*,*,#433,.T.);
#433 = EDGE_CURVE('',#386,#434,#436,.T.);
#434 = VERTEX_POINT('',#435);
#435 = CARTESIAN_POINT('',(-40.,-51.,-12.));
#436 = LINE('',#437,#438);
#437 = CARTESIAN_POINT('',(-37.30555555555,-53.69444444444,
    -10.65277777777));
#438 = VECTOR('',#439,1.);
#439 = DIRECTION('',(0.666666666667,-0.666666666667,0.333333333333));
#440 = ORIENTED_EDGE('',*,*,#441,.F.);
#441 = EDGE_CURVE('',#442,#434,#444,.T.);
#442 = VERTEX_POINT('',#443);
#443 = CARTESIAN_POINT('',(-40.,-51.,-7.5));
#444 = LINE('',#445,#446);
#445 = CARTESIAN_POINT('',(-40.,-51.,-7.5));
#446 = VECTOR('',#447,1.);
#447 = DIRECTION('',(0.,0.,-1.));
#448 = ORIENTED_EDGE('',*,*,#449,.F.);
#449 = EDGE_CURVE('',#253,#442,#450,.T.);
#450 = LINE('',#451,#452);
#451 = CARTESIAN_POINT('',(-40.46049571322,-50.53950428678,
    -7.309256430169));
#452 = VECTOR('',#453,1.);
#453 = DIRECTION('',(0.678598344546,-0.678598344546,-0.281084637715));
#454 = ORIENTED_EDGE('',*,*,#260,.T.);
#455 = PLANE('',#456);
#456 = AXIS2_PLACEMENT_3D('',#457,#458,#459);
#457 = CARTESIAN_POINT('',(-40.5,-50.5,-7.5));
#458 = DIRECTION('',(-0.707106781187,-0.707106781187,0.));
#459 = DIRECTION('',(0.,0.,-1.));
#460 = ADVANCED_FACE('',(#461),#487,.T.);
#461 = FACE_BOUND('',#462,.F.);
#462 = EDGE_LOOP('',(#463,#464,#472,#480,#486));
#463 = ORIENTED_EDGE('',*,*,#402,.T.);
#464 = ORIENTED_EDGE('',*,*,#465,.T.);
#465 = EDGE_CURVE('',#403,#466,#468,.T.);
#466 = VERTEX_POINT('',#467);
#467 = CARTESIAN_POINT('',(-40.,-36.,-12.));
#468 = LINE('',#469,#470);
#469 = CARTESIAN_POINT('',(-40.63888888888,-36.63888888888,
    -12.31944444444));
#470 = VECTOR('',#471,1.);
#471 = DIRECTION('',(0.666666666667,0.666666666667,0.333333333333));
#472 = ORIENTED_EDGE('',*,*,#473,.F.);
#473 = EDGE_CURVE('',#474,#466,#476,.T.);
#474 = VERTEX_POINT('',#475);
#475 = CARTESIAN_POINT('',(-40.,-36.,-7.5));
#476 = LINE('',#477,#478);
#477 = CARTESIAN_POINT('',(-40.,-36.,-7.5));
#478 = VECTOR('',#479,1.);
#479 = DIRECTION('',(0.,0.,-1.));
#480 = ORIENTED_EDGE('',*,*,#481,.F.);
#481 = EDGE_CURVE('',#229,#474,#482,.T.);
#482 = LINE('',#483,#484);
#483 = CARTESIAN_POINT('',(-39.78611535474,-35.78611535474,
    -7.588593920848));
#484 = VECTOR('',#485,1.);
#485 = DIRECTION('',(0.678598344546,0.678598344546,-0.281084637715));
#486 = ORIENTED_EDGE('',*,*,#228,.T.);
#487 = PLANE('',#488);
#488 = AXIS2_PLACEMENT_3D('',#489,#490,#491);
#489 = CARTESIAN_POINT('',(-40.5,-36.5,-7.5));
#490 = DIRECTION('',(-0.707106781187,0.707106781187,0.));
#491 = DIRECTION('',(0.,0.,1.));
#492 = ADVANCED_FACE('',(#493),#510,.T.);
#493 = FACE_BOUND('',#494,.F.);
#494 = EDGE_LOOP('',(#495,#496,#497,#504));
#495 = ORIENTED_EDGE('',*,*,#449,.F.);
#496 = ORIENTED_EDGE('',*,*,#252,.T.);
#497 = ORIENTED_EDGE('',*,*,#498,.T.);
#498 = EDGE_CURVE('',#245,#499,#501,.T.);
#499 = VERTEX_POINT('',#500);
#500 = CARTESIAN_POINT('',(-40.,-55.29289321881,-3.207106781187));
#501 = B_SPLINE_CURVE_WITH_KNOTS('',1,(#502,#503),.UNSPECIFIED.,.F.,.F.,
  (2,2),(0.,1.),.PIECEWISE_BEZIER_KNOTS.);
#502 = CARTESIAN_POINT('',(-41.,-53.58578643762,-3.5));
#503 = CARTESIAN_POINT('',(-40.,-55.29289321881,-3.207106781187));
#504 = ORIENTED_EDGE('',*,*,#505,.F.);
#505 = EDGE_CURVE('',#442,#499,#506,.T.);
#506 = LINE('',#507,#508);
#507 = CARTESIAN_POINT('',(-40.,-51.,-7.5));
#508 = VECTOR('',#509,1.);
#509 = DIRECTION('',(0.,-0.707106781187,0.707106781187));
#510 = PLANE('',#511);
#511 = AXIS2_PLACEMENT_3D('',#512,#513,#514);
#512 = CARTESIAN_POINT('',(-40.5,-50.6464466094,-7.146446609407));
#513 = DIRECTION('',(-0.707106781187,-0.5,-0.5));
#514 = DIRECTION('',(0.,0.707106781187,-0.707106781187));
#515 = ADVANCED_FACE('',(#516),#533,.F.);
#516 = FACE_BOUND('',#517,.F.);
#517 = EDGE_LOOP('',(#518,#519,#520,#528));
#518 = ORIENTED_EDGE('',*,*,#236,.T.);
#519 = ORIENTED_EDGE('',*,*,#481,.T.);
#520 = ORIENTED_EDGE('',*,*,#521,.F.);
#521 = EDGE_CURVE('',#522,#474,#524,.T.);
#522 = VERTEX_POINT('',#523);
#523 = CARTESIAN_POINT('',(-40.,-31.70710678118,-3.207106781187));
#524 = LINE('',#525,#526);
#525 = CARTESIAN_POINT('',(-40.,-31.,-2.5));
#526 = VECTOR('',#527,1.);
#527 = DIRECTION('',(0.,-0.707106781187,-0.707106781187));
#528 = ORIENTED_EDGE('',*,*,#529,.T.);
#529 = EDGE_CURVE('',#522,#237,#530,.T.);
#530 = B_SPLINE_CURVE_WITH_KNOTS('',1,(#531,#532),.UNSPECIFIED.,.F.,.F.,
  (2,2),(0.,1.),.PIECEWISE_BEZIER_KNOTS.);
#531 = CARTESIAN_POINT('',(-40.,-31.70710678118,-3.207106781187));
#532 = CARTESIAN_POINT('',(-41.,-33.41421356237,-3.5));
#533 = PLANE('',#534);
#534 = AXIS2_PLACEMENT_3D('',#535,#536,#537);
#535 = CARTESIAN_POINT('',(-40.5,-31.35355339059,-2.146446609407));
#536 = DIRECTION('',(0.707106781187,-0.5,0.5));
#537 = DIRECTION('',(0.,-0.707106781187,-0.707106781187));
#538 = ADVANCED_FACE('',(#539),#626,.T.);
#539 = FACE_BOUND('',#540,.T.);
#540 = EDGE_LOOP('',(#541,#552,#611,#612,#620));
#541 = ORIENTED_EDGE('',*,*,#542,.T.);
#542 = EDGE_CURVE('',#543,#545,#547,.T.);
#543 = VERTEX_POINT('',#544);
#544 = CARTESIAN_POINT('',(-40.,-41.56350832689,-8.1));
#545 = VERTEX_POINT('',#546);
#546 = CARTESIAN_POINT('',(-40.00616263756,-41.64176926074,
    -8.093837246705));
#547 = ELLIPSE('',#548,0.707106781187,0.5);
#548 = AXIS2_PLACEMENT_3D('',#549,#550,#551);
#549 = CARTESIAN_POINT('',(-40.5,-41.56350832689,-7.6));
#550 = DIRECTION('',(-0.707106781187,0.,-0.707106781187));
#551 = DIRECTION('',(-0.707106781187,0.,0.707106781187));
#552 = ORIENTED_EDGE('',*,*,#553,.F.);
#553 = EDGE_CURVE('',#269,#545,#554,.T.);
#554 = B_SPLINE_CURVE_WITH_KNOTS('',7,(#555,#556,#557,#558,#559,#560,
    #561,#562,#563,#564,#565,#566,#567,#568,#569,#570,#571,#572,#573,
    #574,#575,#576,#577,#578,#579,#580,#581,#582,#583,#584,#585,#586,
    #587,#588,#589,#590,#591,#592,#593,#594,#595,#596,#597,#598,#599,
    #600,#601,#602,#603,#604,#605,#606,#607,#608,#609,#610),
  .UNSPECIFIED.,.F.,.F.,(8,6,6,6,6,6,6,6,6,8),(0.,0.122090666093,
    0.222998859914,0.43045596062,0.66353912806,0.819992368053,
    0.911426934037,0.950032735049,0.971235356623,1.),.UNSPECIFIED.);
#555 = CARTESIAN_POINT('',(-41.,-41.04032522475,-7.1));
#556 = CARTESIAN_POINT('',(-40.98281449943,-41.05387233566,
    -7.117185500562));
#557 = CARTESIAN_POINT('',(-40.96563193723,-41.06742995327,
    -7.134368062761));
#558 = CARTESIAN_POINT('',(-40.94845134028,-41.08099459267,
    -7.151548659713));
#559 = CARTESIAN_POINT('',(-40.93127173657,-41.09456277806,
    -7.168728263426));
#560 = CARTESIAN_POINT('',(-40.91409215519,-41.10813104276,
    -7.185907844806));
#561 = CARTESIAN_POINT('',(-40.89691162635,-41.12169592921,
    -7.203088373649));
#562 = CARTESIAN_POINT('',(-40.86552785421,-41.14645975406,
    -7.234472145789));
#563 = CARTESIAN_POINT('',(-40.85132521325,-41.15766082416,
    -7.24867478675));
#564 = CARTESIAN_POINT('',(-40.83712070951,-41.16885524356,
    -7.262879290487));
#565 = CARTESIAN_POINT('',(-40.82291378084,-41.18004098996,
    -7.277086219157));
#566 = CARTESIAN_POINT('',(-40.80870385188,-41.19121597452,
    -7.291296148114));
#567 = CARTESIAN_POINT('',(-40.79449033409,-41.20237804185,
    -7.30550966591));
#568 = CARTESIAN_POINT('',(-40.75104244678,-41.23644193349,
    -7.348957553216));
#569 = CARTESIAN_POINT('',(-40.72179470697,-41.25929482594,
    -7.378205293027));
#570 = CARTESIAN_POINT('',(-40.69252384401,-41.28206395746,
    -7.407476155983));
#571 = CARTESIAN_POINT('',(-40.66322428567,-41.30472820104,
    -7.436775714325));
#572 = CARTESIAN_POINT('',(-40.6338899833,-41.32726321646,
    -7.466110016693));
#573 = CARTESIAN_POINT('',(-40.60451394545,-41.34963967423,
    -7.495486054548));
#574 = CARTESIAN_POINT('',(-40.54202673937,-41.39674328475,
    -7.557973260628));
#575 = CARTESIAN_POINT('',(-40.50890519883,-41.42141678632,
    -7.591094801161));
#576 = CARTESIAN_POINT('',(-40.47570811245,-41.44579436939,
    -7.624291887543));
#577 = CARTESIAN_POINT('',(-40.44242051695,-41.469808228,-7.657579483042
    ));
#578 = CARTESIAN_POINT('',(-40.40902836021,-41.49337521443,
    -7.690971639785));
#579 = CARTESIAN_POINT('',(-40.37551393211,-41.51637636548,
    -7.724486067883));
#580 = CARTESIAN_POINT('',(-40.31924676964,-41.55353580887,
    -7.780753230355));
#581 = CARTESIAN_POINT('',(-40.29658772322,-41.56810902603,
    -7.803412276773));
#582 = CARTESIAN_POINT('',(-40.27384999444,-41.58227468177,
    -7.826150005557));
#583 = CARTESIAN_POINT('',(-40.2510227212,-41.5959556159,-7.848977278798
    ));
#584 = CARTESIAN_POINT('',(-40.22809988291,-41.60902590621,
    -7.871900117087));
#585 = CARTESIAN_POINT('',(-40.20508192801,-41.62132866613,
    -7.894918071982));
#586 = CARTESIAN_POINT('',(-40.16844265748,-41.6390857271,
    -7.931557342511));
#587 = CARTESIAN_POINT('',(-40.1549091974,-41.64525292752,
    -7.945090802593));
#588 = CARTESIAN_POINT('',(-40.14133826255,-41.65098008356,
    -7.958661737449));
#589 = CARTESIAN_POINT('',(-40.12772952495,-41.65618259665,
    -7.972270475046));
#590 = CARTESIAN_POINT('',(-40.11410224681,-41.66071897203,
    -7.985897753181));
#591 = CARTESIAN_POINT('',(-40.10049388946,-41.66441454213,
    -7.999506110537));
#592 = CARTESIAN_POINT('',(-40.08124760852,-41.66796709596,
    -8.018752391475));
#593 = CARTESIAN_POINT('',(-40.07555220303,-41.66880740078,
    -8.024447796962));
#594 = CARTESIAN_POINT('',(-40.06987863299,-41.66940675941,
    -8.030121367009));
#595 = CARTESIAN_POINT('',(-40.06423640095,-41.6697321246,-8.03576359905
    ));
#596 = CARTESIAN_POINT('',(-40.05864133222,-41.66974233741,
    -8.041358667771));
#597 = CARTESIAN_POINT('',(-40.05311588642,-41.66938647792,
    -8.046884113571));
#598 = CARTESIAN_POINT('',(-40.04470923612,-41.66817149311,
    -8.055290763873));
#599 = CARTESIAN_POINT('',(-40.04175982333,-41.66761162471,
    -8.058240176669));
#600 = CARTESIAN_POINT('',(-40.03884639624,-41.66691249026,
    -8.061153603759));
#601 = CARTESIAN_POINT('',(-40.03597593299,-41.66606290436,
    -8.064024067007));
#602 = CARTESIAN_POINT('',(-40.03315702971,-41.66505120568,
    -8.06684297029));
#603 = CARTESIAN_POINT('',(-40.030399706,-41.66386584581,-8.069600293991
    ));
#604 = CARTESIAN_POINT('',(-40.02407327616,-41.66063754017,
    -8.075926723834));
#605 = CARTESIAN_POINT('',(-40.02056282339,-41.65843802682,
    -8.079437176609));
#606 = CARTESIAN_POINT('',(-40.01721664158,-41.65587290813,
    -8.08278335842));
#607 = CARTESIAN_POINT('',(-40.01407113156,-41.65292186865,
    -8.085928868436));
#608 = CARTESIAN_POINT('',(-40.01116181659,-41.64957617147,
    -8.088838183406));
#609 = CARTESIAN_POINT('',(-40.00851885332,-41.64584602209,
    -8.091481146679));
#610 = CARTESIAN_POINT('',(-40.00616254279,-41.64176793242,
    -8.09383745721));
#611 = ORIENTED_EDGE('',*,*,#268,.T.);
#612 = ORIENTED_EDGE('',*,*,#613,.T.);
#613 = EDGE_CURVE('',#271,#614,#616,.T.);
#614 = VERTEX_POINT('',#615);
#615 = CARTESIAN_POINT('',(-40.,-40.85,-8.1));
#616 = LINE('',#617,#618);
#617 = CARTESIAN_POINT('',(-39.45,-41.4,-8.65));
#618 = VECTOR('',#619,1.);
#619 = DIRECTION('',(0.57735026919,-0.57735026919,-0.57735026919));
#620 = ORIENTED_EDGE('',*,*,#621,.F.);
#621 = EDGE_CURVE('',#543,#614,#622,.T.);
#622 = LINE('',#623,#624);
#623 = CARTESIAN_POINT('',(-40.,-46.15,-8.1));
#624 = VECTOR('',#625,1.);
#625 = DIRECTION('',(0.,1.,0.));
#626 = PLANE('',#627);
#627 = AXIS2_PLACEMENT_3D('',#628,#629,#630);
#628 = CARTESIAN_POINT('',(-40.5,-46.15,-7.6));
#629 = DIRECTION('',(-0.707106781187,0.,-0.707106781187));
#630 = DIRECTION('',(0.,1.,0.));
#631 = ADVANCED_FACE('',(#632),#660,.F.);
#632 = FACE_BOUND('',#633,.F.);
#633 = EDGE_LOOP('',(#634,#641,#658,#659));
#634 = ORIENTED_EDGE('',*,*,#635,.T.);
#635 = EDGE_CURVE('',#350,#636,#638,.T.);
#636 = VERTEX_POINT('',#637);
#637 = CARTESIAN_POINT('',(-40.0141225295,-42.04763124517,-7.725));
#638 = B_SPLINE_CURVE_WITH_KNOTS('',1,(#639,#640),.UNSPECIFIED.,.F.,.F.,
  (2,2),(0.,0.688737339364),.PIECEWISE_BEZIER_KNOTS.);
#639 = CARTESIAN_POINT('',(-41.,-41.1774517925,-6.946687836487));
#640 = CARTESIAN_POINT('',(-40.0141225295,-42.04763124517,-7.725));
#641 = ORIENTED_EDGE('',*,*,#642,.T.);
#642 = EDGE_CURVE('',#636,#545,#643,.T.);
#643 = B_SPLINE_CURVE_WITH_KNOTS('',7,(#644,#645,#646,#647,#648,#649,
    #650,#651,#652,#653,#654,#655,#656,#657),.UNSPECIFIED.,.F.,.F.,(8,6,
    8),(3.211943351068,3.757433059441,3.786989716981),.UNSPECIFIED.);
#644 = CARTESIAN_POINT('',(-40.0141225295,-42.04763124517,-7.725));
#645 = CARTESIAN_POINT('',(-40.02096438835,-42.02570106388,
    -7.809935226894));
#646 = CARTESIAN_POINT('',(-40.02630358024,-41.9888281261,
    -7.881505246066));
#647 = CARTESIAN_POINT('',(-40.02826565855,-41.94185199915,
    -7.944038698132));
#648 = CARTESIAN_POINT('',(-40.02631179886,-41.88593810656,
    -7.998577969582));
#649 = CARTESIAN_POINT('',(-40.02165262846,-41.81790617475,
    -8.042278537254));
#650 = CARTESIAN_POINT('',(-40.01324747498,-41.74106638721,
    -8.07810111927));
#651 = CARTESIAN_POINT('',(-40.00577875477,-41.63638897379,
    -8.09468988851));
#652 = CARTESIAN_POINT('',(-40.00539487197,-41.63100868683,
    -8.095542530315));
#653 = CARTESIAN_POINT('',(-40.00501098918,-41.62562839988,
    -8.09639517212));
#654 = CARTESIAN_POINT('',(-40.00462710638,-41.62024811292,
    -8.097247813925));
#655 = CARTESIAN_POINT('',(-40.00424322359,-41.61486782597,
    -8.09810045573));
#656 = CARTESIAN_POINT('',(-40.0038593408,-41.60948753901,
    -8.098953097535));
#657 = CARTESIAN_POINT('',(-40.003475458,-41.60410725206,-8.09980573934)
  );
#658 = ORIENTED_EDGE('',*,*,#553,.F.);
#659 = ORIENTED_EDGE('',*,*,#360,.F.);
#660 = B_SPLINE_SURFACE_WITH_KNOTS('',1,7,(
    (#661,#662,#663,#664,#665,#666,#667,#668,#669,#670,#671,#672,#673
      ,#674)
    ,(#675,#676,#677,#678,#679,#680,#681,#682,#683,#684,#685,#686,#687
      ,#688
    )),.UNSPECIFIED.,.F.,.F.,.F.,(2,2),(8,6,8),(0.,0.545489708373),(
    3.211943351068,3.757433059441,3.786989716981),.UNSPECIFIED.);
#661 = CARTESIAN_POINT('',(-41.,-41.1774517925,-6.946687836487));
#662 = CARTESIAN_POINT('',(-41.,-41.12550039171,-7.004771268342));
#663 = CARTESIAN_POINT('',(-40.99999999999,-41.07354899091,
    -7.062854700196));
#664 = CARTESIAN_POINT('',(-41.,-41.02159759011,-7.120938132051));
#665 = CARTESIAN_POINT('',(-40.99999999999,-40.96964618931,
    -7.179021563905));
#666 = CARTESIAN_POINT('',(-41.,-40.91769478852,-7.23710499576));
#667 = CARTESIAN_POINT('',(-41.,-40.86574338772,-7.295188427615));
#668 = CARTESIAN_POINT('',(-41.,-40.81097706716,-7.356419035443));
#669 = CARTESIAN_POINT('',(-41.,-40.80788691204,-7.359873933894));
#670 = CARTESIAN_POINT('',(-41.,-40.80452152157,-7.363636554821));
#671 = CARTESIAN_POINT('',(-41.,-40.80088089576,-7.367706898224));
#672 = CARTESIAN_POINT('',(-41.,-40.79696503459,-7.372084964104));
#673 = CARTESIAN_POINT('',(-41.,-40.79277393807,-7.376770752461));
#674 = CARTESIAN_POINT('',(-41.,-40.7883076062,-7.381764263295));
#675 = CARTESIAN_POINT('',(-40.0141225295,-42.04763124517,-7.725));
#676 = CARTESIAN_POINT('',(-40.02096438835,-42.02570106388,
    -7.809935226894));
#677 = CARTESIAN_POINT('',(-40.02630358024,-41.9888281261,
    -7.881505246066));
#678 = CARTESIAN_POINT('',(-40.02826565855,-41.94185199915,
    -7.944038698132));
#679 = CARTESIAN_POINT('',(-40.02631179886,-41.88593810656,
    -7.998577969582));
#680 = CARTESIAN_POINT('',(-40.02165262846,-41.81790617475,
    -8.042278537254));
#681 = CARTESIAN_POINT('',(-40.01324747498,-41.74106638721,
    -8.07810111927));
#682 = CARTESIAN_POINT('',(-40.00577875477,-41.63638897379,
    -8.09468988851));
#683 = CARTESIAN_POINT('',(-40.00539487197,-41.63100868683,
    -8.095542530315));
#684 = CARTESIAN_POINT('',(-40.00501098918,-41.62562839988,
    -8.09639517212));
#685 = CARTESIAN_POINT('',(-40.00462710638,-41.62024811292,
    -8.097247813925));
#686 = CARTESIAN_POINT('',(-40.00424322359,-41.61486782597,
    -8.09810045573));
#687 = CARTESIAN_POINT('',(-40.0038593408,-41.60948753901,
    -8.098953097535));
#688 = CARTESIAN_POINT('',(-40.003475458,-41.60410725206,-8.09980573934)
  );
#689 = ADVANCED_FACE('',(#690),#708,.T.);
#690 = FACE_BOUND('',#691,.T.);
#691 = EDGE_LOOP('',(#692,#693,#694,#702));
#692 = ORIENTED_EDGE('',*,*,#613,.F.);
#693 = ORIENTED_EDGE('',*,*,#278,.T.);
#694 = ORIENTED_EDGE('',*,*,#695,.T.);
#695 = EDGE_CURVE('',#279,#696,#698,.T.);
#696 = VERTEX_POINT('',#697);
#697 = CARTESIAN_POINT('',(-40.,-40.85,-10.1));
#698 = LINE('',#699,#700);
#699 = CARTESIAN_POINT('',(-40.,-40.85,-10.1));
#700 = VECTOR('',#701,1.);
#701 = DIRECTION('',(0.57735026919,-0.57735026919,0.57735026919));
#702 = ORIENTED_EDGE('',*,*,#703,.F.);
#703 = EDGE_CURVE('',#614,#696,#704,.T.);
#704 = LINE('',#705,#706);
#705 = CARTESIAN_POINT('',(-40.,-40.85,-8.1));
#706 = VECTOR('',#707,1.);
#707 = DIRECTION('',(0.,0.,-1.));
#708 = PLANE('',#709);
#709 = AXIS2_PLACEMENT_3D('',#710,#711,#712);
#710 = CARTESIAN_POINT('',(-40.5,-40.35,-8.1));
#711 = DIRECTION('',(-0.707106781187,-0.707106781187,0.));
#712 = DIRECTION('',(0.,0.,-1.));
#713 = ADVANCED_FACE('',(#714),#735,.F.);
#714 = FACE_BOUND('',#715,.F.);
#715 = EDGE_LOOP('',(#716,#724,#733,#734));
#716 = ORIENTED_EDGE('',*,*,#717,.T.);
#717 = EDGE_CURVE('',#341,#718,#720,.T.);
#718 = VERTEX_POINT('',#719);
#719 = CARTESIAN_POINT('',(-40.,-42.38196601125,-7.1));
#720 = LINE('',#721,#722);
#721 = CARTESIAN_POINT('',(-40.,-42.38196601125,-7.1));
#722 = VECTOR('',#723,1.);
#723 = DIRECTION('',(0.707106781187,-0.527046276695,-0.471404520791));
#724 = ORIENTED_EDGE('',*,*,#725,.T.);
#725 = EDGE_CURVE('',#718,#636,#726,.T.);
#726 = B_SPLINE_CURVE_WITH_KNOTS('',5,(#727,#728,#729,#730,#731,#732),
  .UNSPECIFIED.,.F.,.F.,(6,6),(2.523206011704,3.211943351068),
  .PIECEWISE_BEZIER_KNOTS.);
#727 = CARTESIAN_POINT('',(-40.,-42.38196601125,-7.1));
#728 = CARTESIAN_POINT('',(-40.,-42.290134366,-7.202670900631));
#729 = CARTESIAN_POINT('',(-39.99991571188,-42.21005593898,
    -7.31585419923));
#730 = CARTESIAN_POINT('',(-40.00024731612,-42.14192530804,
    -7.439723931508));
#731 = CARTESIAN_POINT('',(-40.00202855042,-42.08639602527,
    -7.574864652242));
#732 = CARTESIAN_POINT('',(-40.0141225295,-42.04763124517,-7.725));
#733 = ORIENTED_EDGE('',*,*,#635,.F.);
#734 = ORIENTED_EDGE('',*,*,#349,.F.);
#735 = B_SPLINE_SURFACE_WITH_KNOTS('',1,5,(
    (#736,#737,#738,#739,#740,#741)
    ,(#742,#743,#744,#745,#746,#747
    )),.UNSPECIFIED.,.F.,.F.,.F.,(2,2),(6,6),(0.,0.688737339364),(
    2.523206011704,3.211943351068),.PIECEWISE_BEZIER_KNOTS.);
#736 = CARTESIAN_POINT('',(-41.,-41.63661001875,-6.433333333333));
#737 = CARTESIAN_POINT('',(-41.,-41.5447783735,-6.536004233964));
#738 = CARTESIAN_POINT('',(-41.,-41.45294672825,-6.638675134595));
#739 = CARTESIAN_POINT('',(-41.,-41.361115083,-6.741346035225));
#740 = CARTESIAN_POINT('',(-41.,-41.26928343775,-6.844016935856));
#741 = CARTESIAN_POINT('',(-41.,-41.1774517925,-6.946687836487));
#742 = CARTESIAN_POINT('',(-40.,-42.38196601125,-7.1));
#743 = CARTESIAN_POINT('',(-40.,-42.290134366,-7.202670900631));
#744 = CARTESIAN_POINT('',(-39.99991571188,-42.21005593898,
    -7.31585419923));
#745 = CARTESIAN_POINT('',(-40.00024731612,-42.14192530804,
    -7.439723931508));
#746 = CARTESIAN_POINT('',(-40.00202855042,-42.08639602527,
    -7.574864652242));
#747 = CARTESIAN_POINT('',(-40.0141225295,-42.04763124517,-7.725));
#748 = ADVANCED_FACE('',(#749),#767,.T.);
#749 = FACE_BOUND('',#750,.T.);
#750 = EDGE_LOOP('',(#751,#752,#753,#761));
#751 = ORIENTED_EDGE('',*,*,#695,.F.);
#752 = ORIENTED_EDGE('',*,*,#286,.T.);
#753 = ORIENTED_EDGE('',*,*,#754,.T.);
#754 = EDGE_CURVE('',#287,#755,#757,.T.);
#755 = VERTEX_POINT('',#756);
#756 = CARTESIAN_POINT('',(-40.,-46.15,-10.1));
#757 = LINE('',#758,#759);
#758 = CARTESIAN_POINT('',(-39.45,-45.6,-9.55));
#759 = VECTOR('',#760,1.);
#760 = DIRECTION('',(0.57735026919,0.57735026919,0.57735026919));
#761 = ORIENTED_EDGE('',*,*,#762,.F.);
#762 = EDGE_CURVE('',#696,#755,#763,.T.);
#763 = LINE('',#764,#765);
#764 = CARTESIAN_POINT('',(-40.,-40.85,-10.1));
#765 = VECTOR('',#766,1.);
#766 = DIRECTION('',(0.,-1.,0.));
#767 = PLANE('',#768);
#768 = AXIS2_PLACEMENT_3D('',#769,#770,#771);
#769 = CARTESIAN_POINT('',(-40.5,-40.85,-10.6));
#770 = DIRECTION('',(-0.707106781187,0.,0.707106781187));
#771 = DIRECTION('',(0.,-1.,0.));
#772 = ADVANCED_FACE('',(#773),#791,.F.);
#773 = FACE_BOUND('',#774,.T.);
#774 = EDGE_LOOP('',(#775,#782,#783,#784));
#775 = ORIENTED_EDGE('',*,*,#776,.F.);
#776 = EDGE_CURVE('',#330,#777,#779,.T.);
#777 = VERTEX_POINT('',#778);
#778 = CARTESIAN_POINT('',(-40.,-44.61803398875,-7.1));
#779 = B_SPLINE_CURVE_WITH_KNOTS('',1,(#780,#781),.UNSPECIFIED.,.F.,.F.,
  (2,2),(0.,0.688737339364),.PIECEWISE_BEZIER_KNOTS.);
#780 = CARTESIAN_POINT('',(-41.,-45.36338998125,-6.433333333333));
#781 = CARTESIAN_POINT('',(-40.,-44.61803398875,-7.1));
#782 = ORIENTED_EDGE('',*,*,#340,.T.);
#783 = ORIENTED_EDGE('',*,*,#717,.T.);
#784 = ORIENTED_EDGE('',*,*,#785,.F.);
#785 = EDGE_CURVE('',#777,#718,#786,.T.);
#786 = CIRCLE('',#787,1.5);
#787 = AXIS2_PLACEMENT_3D('',#788,#789,#790);
#788 = CARTESIAN_POINT('',(-40.,-43.5,-8.1));
#789 = DIRECTION('',(-1.,0.,0.));
#790 = DIRECTION('',(0.,-0.7453559925,0.666666666667));
#791 = CONICAL_SURFACE('',#792,1.5,0.785398163397);
#792 = AXIS2_PLACEMENT_3D('',#793,#794,#795);
#793 = CARTESIAN_POINT('',(-40.,-43.5,-8.1));
#794 = DIRECTION('',(-1.,-0.,-0.));
#795 = DIRECTION('',(0.,-0.7453559925,0.666666666667));
#796 = ADVANCED_FACE('',(#797),#815,.T.);
#797 = FACE_BOUND('',#798,.T.);
#798 = EDGE_LOOP('',(#799,#800,#801,#809));
#799 = ORIENTED_EDGE('',*,*,#754,.F.);
#800 = ORIENTED_EDGE('',*,*,#294,.T.);
#801 = ORIENTED_EDGE('',*,*,#802,.T.);
#802 = EDGE_CURVE('',#295,#803,#805,.T.);
#803 = VERTEX_POINT('',#804);
#804 = CARTESIAN_POINT('',(-40.,-46.15,-8.1));
#805 = LINE('',#806,#807);
#806 = CARTESIAN_POINT('',(-40.,-46.15,-8.1));
#807 = VECTOR('',#808,1.);
#808 = DIRECTION('',(0.57735026919,0.57735026919,-0.57735026919));
#809 = ORIENTED_EDGE('',*,*,#810,.F.);
#810 = EDGE_CURVE('',#755,#803,#811,.T.);
#811 = LINE('',#812,#813);
#812 = CARTESIAN_POINT('',(-40.,-46.15,-10.1));
#813 = VECTOR('',#814,1.);
#814 = DIRECTION('',(0.,0.,1.));
#815 = PLANE('',#816);
#816 = AXIS2_PLACEMENT_3D('',#817,#818,#819);
#817 = CARTESIAN_POINT('',(-40.5,-46.65,-10.1));
#818 = DIRECTION('',(-0.707106781187,0.707106781187,0.));
#819 = DIRECTION('',(0.,0.,1.));
#820 = ADVANCED_FACE('',(#821),#841,.F.);
#821 = FACE_BOUND('',#822,.F.);
#822 = EDGE_LOOP('',(#823,#830,#839,#840));
#823 = ORIENTED_EDGE('',*,*,#824,.T.);
#824 = EDGE_CURVE('',#311,#825,#827,.T.);
#825 = VERTEX_POINT('',#826);
#826 = CARTESIAN_POINT('',(-40.0141225295,-44.95236875482,-7.725));
#827 = B_SPLINE_CURVE_WITH_KNOTS('',1,(#828,#829),.UNSPECIFIED.,.F.,.F.,
  (2,2),(0.,0.545489708373),.PIECEWISE_BEZIER_KNOTS.);
#828 = CARTESIAN_POINT('',(-41.,-45.82254820749,-6.946687836487));
#829 = CARTESIAN_POINT('',(-40.0141225295,-44.95236875482,-7.725));
#830 = ORIENTED_EDGE('',*,*,#831,.T.);
#831 = EDGE_CURVE('',#825,#777,#832,.T.);
#832 = B_SPLINE_CURVE_WITH_KNOTS('',5,(#833,#834,#835,#836,#837,#838),
  .UNSPECIFIED.,.F.,.F.,(6,6),(-0.688737339364,0.),
  .PIECEWISE_BEZIER_KNOTS.);
#833 = CARTESIAN_POINT('',(-40.0141225295,-44.95236875482,-7.725));
#834 = CARTESIAN_POINT('',(-40.00202855042,-44.91360397472,
    -7.574864652242));
#835 = CARTESIAN_POINT('',(-40.00024731612,-44.85807469196,
    -7.439723931508));
#836 = CARTESIAN_POINT('',(-39.99991571188,-44.78994406101,
    -7.31585419923));
#837 = CARTESIAN_POINT('',(-40.,-44.70986563399,-7.202670900631));
#838 = CARTESIAN_POINT('',(-40.,-44.61803398875,-7.1));
#839 = ORIENTED_EDGE('',*,*,#776,.F.);
#840 = ORIENTED_EDGE('',*,*,#329,.F.);
#841 = B_SPLINE_SURFACE_WITH_KNOTS('',1,5,(
    (#842,#843,#844,#845,#846,#847)
    ,(#848,#849,#850,#851,#852,#853
    )),.UNSPECIFIED.,.F.,.F.,.F.,(2,2),(6,6),(0.,0.688737339364),(
    -0.688737339364,0.),.PIECEWISE_BEZIER_KNOTS.);
#842 = CARTESIAN_POINT('',(-41.,-45.82254820749,-6.946687836487));
#843 = CARTESIAN_POINT('',(-41.,-45.73071656224,-6.844016935856));
#844 = CARTESIAN_POINT('',(-41.,-45.63888491699,-6.741346035226));
#845 = CARTESIAN_POINT('',(-41.,-45.54705327174,-6.638675134595));
#846 = CARTESIAN_POINT('',(-41.,-45.45522162649,-6.536004233964));
#847 = CARTESIAN_POINT('',(-41.,-45.36338998125,-6.433333333333));
#848 = CARTESIAN_POINT('',(-40.0141225295,-44.95236875482,-7.725));
#849 = CARTESIAN_POINT('',(-40.00202855042,-44.91360397472,
    -7.574864652242));
#850 = CARTESIAN_POINT('',(-40.00024731612,-44.85807469196,
    -7.439723931508));
#851 = CARTESIAN_POINT('',(-39.99991571188,-44.78994406101,
    -7.31585419923));
#852 = CARTESIAN_POINT('',(-40.,-44.70986563399,-7.202670900631));
#853 = CARTESIAN_POINT('',(-40.,-44.61803398875,-7.1));
#854 = ADVANCED_FACE('',(#855),#935,.T.);
#855 = FACE_BOUND('',#856,.T.);
#856 = EDGE_LOOP('',(#857,#868,#874,#875,#876));
#857 = ORIENTED_EDGE('',*,*,#858,.T.);
#858 = EDGE_CURVE('',#859,#861,#863,.T.);
#859 = VERTEX_POINT('',#860);
#860 = CARTESIAN_POINT('',(-40.00616263756,-45.35823073925,
    -8.093837246705));
#861 = VERTEX_POINT('',#862);
#862 = CARTESIAN_POINT('',(-40.,-45.4364916731,-8.1));
#863 = ELLIPSE('',#864,0.707106781187,0.5);
#864 = AXIS2_PLACEMENT_3D('',#865,#866,#867);
#865 = CARTESIAN_POINT('',(-40.5,-45.4364916731,-7.6));
#866 = DIRECTION('',(-0.707106781187,0.,-0.707106781187));
#867 = DIRECTION('',(-0.707106781187,0.,0.707106781187));
#868 = ORIENTED_EDGE('',*,*,#869,.F.);
#869 = EDGE_CURVE('',#803,#861,#870,.T.);
#870 = LINE('',#871,#872);
#871 = CARTESIAN_POINT('',(-40.,-46.15,-8.1));
#872 = VECTOR('',#873,1.);
#873 = DIRECTION('',(0.,1.,0.));
#874 = ORIENTED_EDGE('',*,*,#802,.F.);
#875 = ORIENTED_EDGE('',*,*,#302,.T.);
#876 = ORIENTED_EDGE('',*,*,#877,.T.);
#877 = EDGE_CURVE('',#303,#859,#878,.T.);
#878 = B_SPLINE_CURVE_WITH_KNOTS('',7,(#879,#880,#881,#882,#883,#884,
    #885,#886,#887,#888,#889,#890,#891,#892,#893,#894,#895,#896,#897,
    #898,#899,#900,#901,#902,#903,#904,#905,#906,#907,#908,#909,#910,
    #911,#912,#913,#914,#915,#916,#917,#918,#919,#920,#921,#922,#923,
    #924,#925,#926,#927,#928,#929,#930,#931,#932,#933,#934),
  .UNSPECIFIED.,.F.,.F.,(8,6,6,6,6,6,6,6,6,8),(0.,0.122090666093,
    0.222998859913,0.43045596062,0.66353912806,0.819992368053,
    0.911426934037,0.950032735049,0.971235356623,1.),.UNSPECIFIED.);
#879 = CARTESIAN_POINT('',(-41.,-45.95967477525,-7.1));
#880 = CARTESIAN_POINT('',(-40.98281449943,-45.94612766433,
    -7.117185500562));
#881 = CARTESIAN_POINT('',(-40.96563193723,-45.93257004672,
    -7.134368062761));
#882 = CARTESIAN_POINT('',(-40.94845134028,-45.91900540732,
    -7.151548659713));
#883 = CARTESIAN_POINT('',(-40.93127173657,-45.90543722193,
    -7.168728263426));
#884 = CARTESIAN_POINT('',(-40.91409215519,-45.89186895724,
    -7.185907844806));
#885 = CARTESIAN_POINT('',(-40.89691162635,-45.87830407078,
    -7.203088373648));
#886 = CARTESIAN_POINT('',(-40.86552785421,-45.85354024593,
    -7.234472145789));
#887 = CARTESIAN_POINT('',(-40.85132521325,-45.84233917583,
    -7.24867478675));
#888 = CARTESIAN_POINT('',(-40.83712070951,-45.83114475643,
    -7.262879290487));
#889 = CARTESIAN_POINT('',(-40.82291378084,-45.81995901003,
    -7.277086219157));
#890 = CARTESIAN_POINT('',(-40.80870385188,-45.80878402547,
    -7.291296148114));
#891 = CARTESIAN_POINT('',(-40.79449033409,-45.79762195814,
    -7.30550966591));
#892 = CARTESIAN_POINT('',(-40.75104244678,-45.7635580665,
    -7.348957553216));
#893 = CARTESIAN_POINT('',(-40.72179470697,-45.74070517405,
    -7.378205293026));
#894 = CARTESIAN_POINT('',(-40.69252384401,-45.71793604253,
    -7.407476155983));
#895 = CARTESIAN_POINT('',(-40.66322428567,-45.69527179895,
    -7.436775714325));
#896 = CARTESIAN_POINT('',(-40.6338899833,-45.67273678353,
    -7.466110016693));
#897 = CARTESIAN_POINT('',(-40.60451394545,-45.65036032576,
    -7.495486054548));
#898 = CARTESIAN_POINT('',(-40.54202673937,-45.60325671524,
    -7.557973260628));
#899 = CARTESIAN_POINT('',(-40.50890519883,-45.57858321368,
    -7.591094801161));
#900 = CARTESIAN_POINT('',(-40.47570811245,-45.5542056306,
    -7.624291887543));
#901 = CARTESIAN_POINT('',(-40.44242051695,-45.53019177199,
    -7.657579483042));
#902 = CARTESIAN_POINT('',(-40.40902836021,-45.50662478556,
    -7.690971639785));
#903 = CARTESIAN_POINT('',(-40.37551393211,-45.48362363451,
    -7.724486067883));
#904 = CARTESIAN_POINT('',(-40.31924676964,-45.44646419112,
    -7.780753230355));
#905 = CARTESIAN_POINT('',(-40.29658772322,-45.43189097396,
    -7.803412276773));
#906 = CARTESIAN_POINT('',(-40.27384999444,-45.41772531822,
    -7.826150005557));
#907 = CARTESIAN_POINT('',(-40.2510227212,-45.40404438409,
    -7.848977278799));
#908 = CARTESIAN_POINT('',(-40.22809988291,-45.39097409378,
    -7.871900117087));
#909 = CARTESIAN_POINT('',(-40.20508192801,-45.37867133386,
    -7.894918071982));
#910 = CARTESIAN_POINT('',(-40.16844265748,-45.36091427289,
    -7.931557342511));
#911 = CARTESIAN_POINT('',(-40.1549091974,-45.35474707247,
    -7.945090802593));
#912 = CARTESIAN_POINT('',(-40.14133826255,-45.34901991644,
    -7.958661737449));
#913 = CARTESIAN_POINT('',(-40.12772952495,-45.34381740334,
    -7.972270475046));
#914 = CARTESIAN_POINT('',(-40.11410224681,-45.33928102796,
    -7.985897753181));
#915 = CARTESIAN_POINT('',(-40.10049388946,-45.33558545786,
    -7.999506110536));
#916 = CARTESIAN_POINT('',(-40.08124760852,-45.33203290403,
    -8.018752391475));
#917 = CARTESIAN_POINT('',(-40.07555220303,-45.33119259921,
    -8.024447796962));
#918 = CARTESIAN_POINT('',(-40.06987863299,-45.33059324058,
    -8.030121367009));
#919 = CARTESIAN_POINT('',(-40.06423640095,-45.33026787539,
    -8.03576359905));
#920 = CARTESIAN_POINT('',(-40.05864133222,-45.33025766259,
    -8.041358667771));
#921 = CARTESIAN_POINT('',(-40.05311588642,-45.33061352207,
    -8.046884113571));
#922 = CARTESIAN_POINT('',(-40.04470923612,-45.33182850688,
    -8.055290763874));
#923 = CARTESIAN_POINT('',(-40.04175982333,-45.33238837528,
    -8.058240176669));
#924 = CARTESIAN_POINT('',(-40.03884639624,-45.33308750973,
    -8.061153603759));
#925 = CARTESIAN_POINT('',(-40.03597593299,-45.33393709563,
    -8.064024067007));
#926 = CARTESIAN_POINT('',(-40.03315702971,-45.33494879431,
    -8.06684297029));
#927 = CARTESIAN_POINT('',(-40.030399706,-45.33613415418,-8.069600293991
    ));
#928 = CARTESIAN_POINT('',(-40.02407327616,-45.33936245983,
    -8.075926723834));
#929 = CARTESIAN_POINT('',(-40.02056282339,-45.34156197317,
    -8.079437176609));
#930 = CARTESIAN_POINT('',(-40.01721664158,-45.34412709186,
    -8.08278335842));
#931 = CARTESIAN_POINT('',(-40.01407113156,-45.34707813134,
    -8.085928868436));
#932 = CARTESIAN_POINT('',(-40.01116181659,-45.35042382852,
    -8.088838183407));
#933 = CARTESIAN_POINT('',(-40.00851885332,-45.3541539779,
    -8.091481146678));
#934 = CARTESIAN_POINT('',(-40.00616254279,-45.35823206757,
    -8.09383745721));
#935 = PLANE('',#936);
#936 = AXIS2_PLACEMENT_3D('',#937,#938,#939);
#937 = CARTESIAN_POINT('',(-40.5,-46.15,-7.6));
#938 = DIRECTION('',(-0.707106781187,0.,-0.707106781187));
#939 = DIRECTION('',(0.,1.,0.));
#940 = ADVANCED_FACE('',(#941),#963,.F.);
#941 = FACE_BOUND('',#942,.F.);
#942 = EDGE_LOOP('',(#943,#944,#961,#962));
#943 = ORIENTED_EDGE('',*,*,#877,.T.);
#944 = ORIENTED_EDGE('',*,*,#945,.T.);
#945 = EDGE_CURVE('',#859,#825,#946,.T.);
#946 = B_SPLINE_CURVE_WITH_KNOTS('',7,(#947,#948,#949,#950,#951,#952,
    #953,#954,#955,#956,#957,#958,#959,#960),.UNSPECIFIED.,.F.,.F.,(8,6,
    8),(-1.263783705278,-1.234227047737,-0.688737339364),.UNSPECIFIED.);
#947 = CARTESIAN_POINT('',(-40.003475458,-45.39589274793,-8.09980573934)
  );
#948 = CARTESIAN_POINT('',(-40.0038593408,-45.39051246098,
    -8.098953097535));
#949 = CARTESIAN_POINT('',(-40.00424322359,-45.38513217402,
    -8.09810045573));
#950 = CARTESIAN_POINT('',(-40.00462710638,-45.37975188707,
    -8.097247813925));
#951 = CARTESIAN_POINT('',(-40.00501098918,-45.37437160011,
    -8.09639517212));
#952 = CARTESIAN_POINT('',(-40.00539487197,-45.36899131316,
    -8.095542530315));
#953 = CARTESIAN_POINT('',(-40.00577875477,-45.3636110262,-8.09468988851
    ));
#954 = CARTESIAN_POINT('',(-40.01324747498,-45.25893361278,
    -8.07810111927));
#955 = CARTESIAN_POINT('',(-40.02165262846,-45.18209382524,
    -8.042278537253));
#956 = CARTESIAN_POINT('',(-40.02631179886,-45.11406189343,
    -7.998577969582));
#957 = CARTESIAN_POINT('',(-40.02826565855,-45.05814800084,
    -7.944038698131));
#958 = CARTESIAN_POINT('',(-40.02630358024,-45.01117187389,
    -7.881505246067));
#959 = CARTESIAN_POINT('',(-40.02096438835,-44.97429893611,
    -7.809935226894));
#960 = CARTESIAN_POINT('',(-40.0141225295,-44.95236875482,-7.725));
#961 = ORIENTED_EDGE('',*,*,#824,.F.);
#962 = ORIENTED_EDGE('',*,*,#310,.F.);
#963 = B_SPLINE_SURFACE_WITH_KNOTS('',1,7,(
    (#964,#965,#966,#967,#968,#969,#970,#971,#972,#973,#974,#975,#976
      ,#977)
    ,(#978,#979,#980,#981,#982,#983,#984,#985,#986,#987,#988,#989,#990
      ,#991
    )),.UNSPECIFIED.,.F.,.F.,.F.,(2,2),(8,6,8),(0.,0.545489708373),(
    -1.263783705278,-1.234227047737,-0.688737339364),.UNSPECIFIED.);
#964 = CARTESIAN_POINT('',(-41.,-46.21169239379,-7.381764263295));
#965 = CARTESIAN_POINT('',(-41.,-46.20722606192,-7.376770752461));
#966 = CARTESIAN_POINT('',(-41.,-46.2030349654,-7.372084964104));
#967 = CARTESIAN_POINT('',(-41.,-46.19911910424,-7.367706898224));
#968 = CARTESIAN_POINT('',(-41.,-46.19547847842,-7.363636554821));
#969 = CARTESIAN_POINT('',(-41.,-46.19211308795,-7.359873933894));
#970 = CARTESIAN_POINT('',(-41.,-46.18902293284,-7.356419035443));
#971 = CARTESIAN_POINT('',(-41.,-46.13425661227,-7.295188427615));
#972 = CARTESIAN_POINT('',(-40.99999999999,-46.08230521147,
    -7.23710499576));
#973 = CARTESIAN_POINT('',(-41.,-46.03035381068,-7.179021563906));
#974 = CARTESIAN_POINT('',(-40.99999999999,-45.97840240988,
    -7.120938132051));
#975 = CARTESIAN_POINT('',(-41.,-45.92645100908,-7.062854700196));
#976 = CARTESIAN_POINT('',(-41.,-45.87449960829,-7.004771268342));
#977 = CARTESIAN_POINT('',(-41.,-45.82254820749,-6.946687836487));
#978 = CARTESIAN_POINT('',(-40.003475458,-45.39589274793,-8.09980573934)
  );
#979 = CARTESIAN_POINT('',(-40.0038593408,-45.39051246098,
    -8.098953097535));
#980 = CARTESIAN_POINT('',(-40.00424322359,-45.38513217402,
    -8.09810045573));
#981 = CARTESIAN_POINT('',(-40.00462710638,-45.37975188707,
    -8.097247813925));
#982 = CARTESIAN_POINT('',(-40.00501098918,-45.37437160011,
    -8.09639517212));
#983 = CARTESIAN_POINT('',(-40.00539487197,-45.36899131316,
    -8.095542530315));
#984 = CARTESIAN_POINT('',(-40.00577875477,-45.3636110262,-8.09468988851
    ));
#985 = CARTESIAN_POINT('',(-40.01324747498,-45.25893361278,
    -8.07810111927));
#986 = CARTESIAN_POINT('',(-40.02165262846,-45.18209382524,
    -8.042278537253));
#987 = CARTESIAN_POINT('',(-40.02631179886,-45.11406189343,
    -7.998577969582));
#988 = CARTESIAN_POINT('',(-40.02826565855,-45.05814800084,
    -7.944038698131));
#989 = CARTESIAN_POINT('',(-40.02630358024,-45.01117187389,
    -7.881505246067));
#990 = CARTESIAN_POINT('',(-40.02096438835,-44.97429893611,
    -7.809935226894));
#991 = CARTESIAN_POINT('',(-40.0141225295,-44.95236875482,-7.725));
#992 = ADVANCED_FACE('',(#993),#1027,.T.);
#993 = FACE_BOUND('',#994,.T.);
#994 = EDGE_LOOP('',(#995,#1005,#1013,#1019,#1020,#1021));
#995 = ORIENTED_EDGE('',*,*,#996,.F.);
#996 = EDGE_CURVE('',#997,#999,#1001,.T.);
#997 = VERTEX_POINT('',#998);
#998 = CARTESIAN_POINT('',(-26.5,-50.5,-12.25));
#999 = VERTEX_POINT('',#1000);
#1000 = CARTESIAN_POINT('',(-31.,-46.,-14.5));
#1001 = LINE('',#1002,#1003);
#1002 = CARTESIAN_POINT('',(-30.72222222222,-46.27777777777,
    -14.36111111111));
#1003 = VECTOR('',#1004,1.);
#1004 = DIRECTION('',(-0.666666666667,0.666666666667,-0.333333333333));
#1005 = ORIENTED_EDGE('',*,*,#1006,.F.);
#1006 = EDGE_CURVE('',#1007,#997,#1009,.T.);
#1007 = VERTEX_POINT('',#1008);
#1008 = CARTESIAN_POINT('',(-27.,-51.,-12.));
#1009 = LINE('',#1010,#1011);
#1010 = CARTESIAN_POINT('',(-26.36111111111,-50.36111111111,
    -12.31944444444));
#1011 = VECTOR('',#1012,1.);
#1012 = DIRECTION('',(0.666666666667,0.666666666667,-0.333333333333));
#1013 = ORIENTED_EDGE('',*,*,#1014,.T.);
#1014 = EDGE_CURVE('',#1007,#434,#1015,.T.);
#1015 = LINE('',#1016,#1017);
#1016 = CARTESIAN_POINT('',(-26.,-51.,-12.));
#1017 = VECTOR('',#1018,1.);
#1018 = DIRECTION('',(-1.,0.,0.));
#1019 = ORIENTED_EDGE('',*,*,#433,.F.);
#1020 = ORIENTED_EDGE('',*,*,#385,.T.);
#1021 = ORIENTED_EDGE('',*,*,#1022,.F.);
#1022 = EDGE_CURVE('',#999,#388,#1023,.T.);
#1023 = LINE('',#1024,#1025);
#1024 = CARTESIAN_POINT('',(-26.,-46.,-14.5));
#1025 = VECTOR('',#1026,1.);
#1026 = DIRECTION('',(-1.,0.,0.));
#1027 = PLANE('',#1028);
#1028 = AXIS2_PLACEMENT_3D('',#1029,#1030,#1031);
#1029 = CARTESIAN_POINT('',(-26.,-48.5,-13.25));
#1030 = DIRECTION('',(0.,-0.4472135955,-0.894427191));
#1031 = DIRECTION('',(-1.,0.,0.));
#1032 = ADVANCED_FACE('',(#1033,#1051),#1062,.F.);
#1033 = FACE_BOUND('',#1034,.F.);
#1034 = EDGE_LOOP('',(#1035,#1036,#1037,#1045));
#1035 = ORIENTED_EDGE('',*,*,#418,.F.);
#1036 = ORIENTED_EDGE('',*,*,#1022,.F.);
#1037 = ORIENTED_EDGE('',*,*,#1038,.F.);
#1038 = EDGE_CURVE('',#1039,#999,#1041,.T.);
#1039 = VERTEX_POINT('',#1040);
#1040 = CARTESIAN_POINT('',(-31.,-41.,-14.5));
#1041 = LINE('',#1042,#1043);
#1042 = CARTESIAN_POINT('',(-31.,-36.,-14.5));
#1043 = VECTOR('',#1044,1.);
#1044 = DIRECTION('',(0.,-1.,0.));
#1045 = ORIENTED_EDGE('',*,*,#1046,.F.);
#1046 = EDGE_CURVE('',#411,#1039,#1047,.T.);
#1047 = LINE('',#1048,#1049);
#1048 = CARTESIAN_POINT('',(-41.,-41.,-14.5));
#1049 = VECTOR('',#1050,1.);
#1050 = DIRECTION('',(1.,0.,0.));
#1051 = FACE_BOUND('',#1052,.F.);
#1052 = EDGE_LOOP('',(#1053));
#1053 = ORIENTED_EDGE('',*,*,#1054,.T.);
#1054 = EDGE_CURVE('',#1055,#1055,#1057,.T.);
#1055 = VERTEX_POINT('',#1056);
#1056 = CARTESIAN_POINT('',(-31.9,-43.5,-14.5));
#1057 = CIRCLE('',#1058,1.6);
#1058 = AXIS2_PLACEMENT_3D('',#1059,#1060,#1061);
#1059 = CARTESIAN_POINT('',(-33.5,-43.5,-14.5));
#1060 = DIRECTION('',(0.,0.,-1.));
#1061 = DIRECTION('',(1.,0.,0.));
#1062 = PLANE('',#1063);
#1063 = AXIS2_PLACEMENT_3D('',#1064,#1065,#1066);
#1064 = CARTESIAN_POINT('',(9.5E-16,-10.,-14.5));
#1065 = DIRECTION('',(0.,0.,1.));
#1066 = DIRECTION('',(1.,0.,0.));
#1067 = ADVANCED_FACE('',(#1068),#1095,.T.);
#1068 = FACE_BOUND('',#1069,.T.);
#1069 = EDGE_LOOP('',(#1070,#1071,#1072,#1080,#1088,#1094));
#1070 = ORIENTED_EDGE('',*,*,#410,.F.);
#1071 = ORIENTED_EDGE('',*,*,#465,.T.);
#1072 = ORIENTED_EDGE('',*,*,#1073,.T.);
#1073 = EDGE_CURVE('',#466,#1074,#1076,.T.);
#1074 = VERTEX_POINT('',#1075);
#1075 = CARTESIAN_POINT('',(-27.,-36.,-12.));
#1076 = LINE('',#1077,#1078);
#1077 = CARTESIAN_POINT('',(-41.,-36.,-12.));
#1078 = VECTOR('',#1079,1.);
#1079 = DIRECTION('',(1.,0.,0.));
#1080 = ORIENTED_EDGE('',*,*,#1081,.T.);
#1081 = EDGE_CURVE('',#1074,#1082,#1084,.T.);
#1082 = VERTEX_POINT('',#1083);
#1083 = CARTESIAN_POINT('',(-26.5,-36.5,-12.25));
#1084 = LINE('',#1085,#1086);
#1085 = CARTESIAN_POINT('',(-29.69444444444,-33.30555555555,
    -10.65277777777));
#1086 = VECTOR('',#1087,1.);
#1087 = DIRECTION('',(0.666666666667,-0.666666666667,-0.333333333333));
#1088 = ORIENTED_EDGE('',*,*,#1089,.T.);
#1089 = EDGE_CURVE('',#1082,#1039,#1090,.T.);
#1090 = LINE('',#1091,#1092);
#1091 = CARTESIAN_POINT('',(-30.72222222222,-40.72222222222,
    -14.36111111111));
#1092 = VECTOR('',#1093,1.);
#1093 = DIRECTION('',(-0.666666666667,-0.666666666667,-0.333333333333));
#1094 = ORIENTED_EDGE('',*,*,#1046,.F.);
#1095 = PLANE('',#1096);
#1096 = AXIS2_PLACEMENT_3D('',#1097,#1098,#1099);
#1097 = CARTESIAN_POINT('',(-41.,-38.5,-13.25));
#1098 = DIRECTION('',(0.,0.4472135955,-0.894427191));
#1099 = DIRECTION('',(1.,0.,0.));
#1100 = ADVANCED_FACE('',(#1101),#1119,.F.);
#1101 = FACE_BOUND('',#1102,.F.);
#1102 = EDGE_LOOP('',(#1103,#1111,#1117,#1118));
#1103 = ORIENTED_EDGE('',*,*,#1104,.F.);
#1104 = EDGE_CURVE('',#1105,#442,#1107,.T.);
#1105 = VERTEX_POINT('',#1106);
#1106 = CARTESIAN_POINT('',(-27.,-51.,-7.5));
#1107 = LINE('',#1108,#1109);
#1108 = CARTESIAN_POINT('',(-26.,-51.,-7.5));
#1109 = VECTOR('',#1110,1.);
#1110 = DIRECTION('',(-1.,0.,0.));
#1111 = ORIENTED_EDGE('',*,*,#1112,.T.);
#1112 = EDGE_CURVE('',#1105,#1007,#1113,.T.);
#1113 = LINE('',#1114,#1115);
#1114 = CARTESIAN_POINT('',(-27.,-51.,-7.5));
#1115 = VECTOR('',#1116,1.);
#1116 = DIRECTION('',(0.,0.,-1.));
#1117 = ORIENTED_EDGE('',*,*,#1014,.T.);
#1118 = ORIENTED_EDGE('',*,*,#441,.F.);
#1119 = PLANE('',#1120);
#1120 = AXIS2_PLACEMENT_3D('',#1121,#1122,#1123);
#1121 = CARTESIAN_POINT('',(-26.,-51.,-2.5));
#1122 = DIRECTION('',(0.,1.,0.));
#1123 = DIRECTION('',(-1.,0.,0.));
#1124 = ADVANCED_FACE('',(#1125),#1143,.F.);
#1125 = FACE_BOUND('',#1126,.F.);
#1126 = EDGE_LOOP('',(#1127,#1135,#1136,#1137));
#1127 = ORIENTED_EDGE('',*,*,#1128,.F.);
#1128 = EDGE_CURVE('',#474,#1129,#1131,.T.);
#1129 = VERTEX_POINT('',#1130);
#1130 = CARTESIAN_POINT('',(-27.,-36.,-7.5));
#1131 = LINE('',#1132,#1133);
#1132 = CARTESIAN_POINT('',(-41.,-36.,-7.5));
#1133 = VECTOR('',#1134,1.);
#1134 = DIRECTION('',(1.,0.,0.));
#1135 = ORIENTED_EDGE('',*,*,#473,.T.);
#1136 = ORIENTED_EDGE('',*,*,#1073,.T.);
#1137 = ORIENTED_EDGE('',*,*,#1138,.F.);
#1138 = EDGE_CURVE('',#1129,#1074,#1139,.T.);
#1139 = LINE('',#1140,#1141);
#1140 = CARTESIAN_POINT('',(-27.,-36.,-7.5));
#1141 = VECTOR('',#1142,1.);
#1142 = DIRECTION('',(0.,0.,-1.));
#1143 = PLANE('',#1144);
#1144 = AXIS2_PLACEMENT_3D('',#1145,#1146,#1147);
#1145 = CARTESIAN_POINT('',(-41.,-36.,-2.5));
#1146 = DIRECTION('',(0.,-1.,0.));
#1147 = DIRECTION('',(1.,0.,0.));
#1148 = ADVANCED_FACE('',(#1149),#1167,.F.);
#1149 = FACE_BOUND('',#1150,.F.);
#1150 = EDGE_LOOP('',(#1151,#1152,#1153,#1161));
#1151 = ORIENTED_EDGE('',*,*,#1104,.T.);
#1152 = ORIENTED_EDGE('',*,*,#505,.T.);
#1153 = ORIENTED_EDGE('',*,*,#1154,.F.);
#1154 = EDGE_CURVE('',#1155,#499,#1157,.T.);
#1155 = VERTEX_POINT('',#1156);
#1156 = CARTESIAN_POINT('',(-27.,-55.29289321881,-3.207106781187));
#1157 = LINE('',#1158,#1159);
#1158 = CARTESIAN_POINT('',(-26.,-55.29289321881,-3.207106781187));
#1159 = VECTOR('',#1160,1.);
#1160 = DIRECTION('',(-1.,0.,0.));
#1161 = ORIENTED_EDGE('',*,*,#1162,.F.);
#1162 = EDGE_CURVE('',#1105,#1155,#1163,.T.);
#1163 = LINE('',#1164,#1165);
#1164 = CARTESIAN_POINT('',(-27.,-51.,-7.5));
#1165 = VECTOR('',#1166,1.);
#1166 = DIRECTION('',(0.,-0.707106781187,0.707106781187));
#1167 = PLANE('',#1168);
#1168 = AXIS2_PLACEMENT_3D('',#1169,#1170,#1171);
#1169 = CARTESIAN_POINT('',(-26.,-53.5,-5.));
#1170 = DIRECTION('',(0.,0.707106781187,0.707106781187));
#1171 = DIRECTION('',(-1.,0.,0.));
#1172 = ADVANCED_FACE('',(#1173),#1195,.F.);
#1173 = FACE_BOUND('',#1174,.F.);
#1174 = EDGE_LOOP('',(#1175,#1182,#1189,#1194));
#1175 = ORIENTED_EDGE('',*,*,#1176,.F.);
#1176 = EDGE_CURVE('',#1177,#245,#1179,.T.);
#1177 = VERTEX_POINT('',#1178);
#1178 = CARTESIAN_POINT('',(-42.,-53.58578643762,-2.5));
#1179 = B_SPLINE_CURVE_WITH_KNOTS('',1,(#1180,#1181),.UNSPECIFIED.,.F.,
  .F.,(2,2),(0.,1.),.PIECEWISE_BEZIER_KNOTS.);
#1180 = CARTESIAN_POINT('',(-42.,-53.58578643762,-2.5));
#1181 = CARTESIAN_POINT('',(-41.,-53.58578643762,-3.5));
#1182 = ORIENTED_EDGE('',*,*,#1183,.T.);
#1183 = EDGE_CURVE('',#1177,#1184,#1186,.T.);
#1184 = VERTEX_POINT('',#1185);
#1185 = CARTESIAN_POINT('',(-40.,-57.,-2.5));
#1186 = B_SPLINE_CURVE_WITH_KNOTS('',1,(#1187,#1188),.UNSPECIFIED.,.F.,
  .F.,(2,2),(0.,1.),.PIECEWISE_BEZIER_KNOTS.);
#1187 = CARTESIAN_POINT('',(-42.,-53.58578643762,-2.5));
#1188 = CARTESIAN_POINT('',(-40.,-57.,-2.5));
#1189 = ORIENTED_EDGE('',*,*,#1190,.T.);
#1190 = EDGE_CURVE('',#1184,#499,#1191,.T.);
#1191 = B_SPLINE_CURVE_WITH_KNOTS('',1,(#1192,#1193),.UNSPECIFIED.,.F.,
  .F.,(2,2),(0.,1.),.PIECEWISE_BEZIER_KNOTS.);
#1192 = CARTESIAN_POINT('',(-40.,-57.,-2.5));
#1193 = CARTESIAN_POINT('',(-40.,-55.29289321881,-3.207106781187));
#1194 = ORIENTED_EDGE('',*,*,#498,.F.);
#1195 = B_SPLINE_SURFACE_WITH_KNOTS('',1,1,(
    (#1196,#1197)
    ,(#1198,#1199
    )),.UNSPECIFIED.,.F.,.F.,.F.,(2,2),(2,2),(0.,1.),(0.,1.),
  .PIECEWISE_BEZIER_KNOTS.);
#1196 = CARTESIAN_POINT('',(-42.,-53.58578643762,-2.5));
#1197 = CARTESIAN_POINT('',(-41.,-53.58578643762,-3.5));
#1198 = CARTESIAN_POINT('',(-40.,-57.,-2.5));
#1199 = CARTESIAN_POINT('',(-40.,-55.29289321881,-3.207106781187));
#1200 = ADVANCED_FACE('',(#1201),#1223,.F.);
#1201 = FACE_BOUND('',#1202,.F.);
#1202 = EDGE_LOOP('',(#1203,#1210,#1217,#1222));
#1203 = ORIENTED_EDGE('',*,*,#1204,.F.);
#1204 = EDGE_CURVE('',#1205,#522,#1207,.T.);
#1205 = VERTEX_POINT('',#1206);
#1206 = CARTESIAN_POINT('',(-40.,-30.,-2.5));
#1207 = B_SPLINE_CURVE_WITH_KNOTS('',1,(#1208,#1209),.UNSPECIFIED.,.F.,
  .F.,(2,2),(0.,1.),.PIECEWISE_BEZIER_KNOTS.);
#1208 = CARTESIAN_POINT('',(-40.,-30.,-2.5));
#1209 = CARTESIAN_POINT('',(-40.,-31.70710678118,-3.207106781187));
#1210 = ORIENTED_EDGE('',*,*,#1211,.T.);
#1211 = EDGE_CURVE('',#1205,#1212,#1214,.T.);
#1212 = VERTEX_POINT('',#1213);
#1213 = CARTESIAN_POINT('',(-42.,-33.41421356237,-2.5));
#1214 = B_SPLINE_CURVE_WITH_KNOTS('',1,(#1215,#1216),.UNSPECIFIED.,.F.,
  .F.,(2,2),(0.,1.),.PIECEWISE_BEZIER_KNOTS.);
#1215 = CARTESIAN_POINT('',(-40.,-30.,-2.5));
#1216 = CARTESIAN_POINT('',(-42.,-33.41421356237,-2.5));
#1217 = ORIENTED_EDGE('',*,*,#1218,.T.);
#1218 = EDGE_CURVE('',#1212,#237,#1219,.T.);
#1219 = B_SPLINE_CURVE_WITH_KNOTS('',1,(#1220,#1221),.UNSPECIFIED.,.F.,
  .F.,(2,2),(0.,1.),.PIECEWISE_BEZIER_KNOTS.);
#1220 = CARTESIAN_POINT('',(-42.,-33.41421356237,-2.5));
#1221 = CARTESIAN_POINT('',(-41.,-33.41421356237,-3.5));
#1222 = ORIENTED_EDGE('',*,*,#529,.F.);
#1223 = B_SPLINE_SURFACE_WITH_KNOTS('',1,1,(
    (#1224,#1225)
    ,(#1226,#1227
    )),.UNSPECIFIED.,.F.,.F.,.F.,(2,2),(2,2),(0.,1.),(0.,1.),
  .PIECEWISE_BEZIER_KNOTS.);
#1224 = CARTESIAN_POINT('',(-40.,-30.,-2.5));
#1225 = CARTESIAN_POINT('',(-40.,-31.70710678118,-3.207106781187));
#1226 = CARTESIAN_POINT('',(-42.,-33.41421356237,-2.5));
#1227 = CARTESIAN_POINT('',(-41.,-33.41421356237,-3.5));
#1228 = ADVANCED_FACE('',(#1229),#1247,.F.);
#1229 = FACE_BOUND('',#1230,.T.);
#1230 = EDGE_LOOP('',(#1231,#1232,#1233,#1241));
#1231 = ORIENTED_EDGE('',*,*,#1128,.F.);
#1232 = ORIENTED_EDGE('',*,*,#521,.F.);
#1233 = ORIENTED_EDGE('',*,*,#1234,.T.);
#1234 = EDGE_CURVE('',#522,#1235,#1237,.T.);
#1235 = VERTEX_POINT('',#1236);
#1236 = CARTESIAN_POINT('',(-27.,-31.70710678118,-3.207106781187));
#1237 = LINE('',#1238,#1239);
#1238 = CARTESIAN_POINT('',(-41.,-31.70710678118,-3.207106781187));
#1239 = VECTOR('',#1240,1.);
#1240 = DIRECTION('',(1.,0.,0.));
#1241 = ORIENTED_EDGE('',*,*,#1242,.T.);
#1242 = EDGE_CURVE('',#1235,#1129,#1243,.T.);
#1243 = LINE('',#1244,#1245);
#1244 = CARTESIAN_POINT('',(-27.,-31.,-2.5));
#1245 = VECTOR('',#1246,1.);
#1246 = DIRECTION('',(0.,-0.707106781187,-0.707106781187));
#1247 = PLANE('',#1248);
#1248 = AXIS2_PLACEMENT_3D('',#1249,#1250,#1251);
#1249 = CARTESIAN_POINT('',(-41.,-33.5,-5.));
#1250 = DIRECTION('',(0.,-0.707106781187,0.707106781187));
#1251 = DIRECTION('',(-1.,-0.,-0.));
#1252 = ADVANCED_FACE('',(#1253,#1315,#1365,#1376,#1442,#1453,#1464,
    #1475,#1521,#1583),#1645,.F.);
#1253 = FACE_BOUND('',#1254,.F.);
#1254 = EDGE_LOOP('',(#1255,#1264,#1272,#1279,#1287,#1294,#1302,#1309));
#1255 = ORIENTED_EDGE('',*,*,#1256,.T.);
#1256 = EDGE_CURVE('',#1257,#1259,#1261,.T.);
#1257 = VERTEX_POINT('',#1258);
#1258 = CARTESIAN_POINT('',(-40.,10.,-2.5));
#1259 = VERTEX_POINT('',#1260);
#1260 = CARTESIAN_POINT('',(-42.,13.414213562373,-2.5));
#1261 = B_SPLINE_CURVE_WITH_KNOTS('',1,(#1262,#1263),.UNSPECIFIED.,.F.,
  .F.,(2,2),(0.,1.),.PIECEWISE_BEZIER_KNOTS.);
#1262 = CARTESIAN_POINT('',(-40.,10.,-2.5));
#1263 = CARTESIAN_POINT('',(-42.,13.414213562373,-2.5));
#1264 = ORIENTED_EDGE('',*,*,#1265,.T.);
#1265 = EDGE_CURVE('',#1259,#1266,#1268,.T.);
#1266 = VERTEX_POINT('',#1267);
#1267 = CARTESIAN_POINT('',(-42.,33.585786437627,-2.5));
#1268 = LINE('',#1269,#1270);
#1269 = CARTESIAN_POINT('',(-42.,31.,-2.5));
#1270 = VECTOR('',#1271,1.);
#1271 = DIRECTION('',(0.,1.,0.));
#1272 = ORIENTED_EDGE('',*,*,#1273,.F.);
#1273 = EDGE_CURVE('',#1274,#1266,#1276,.T.);
#1274 = VERTEX_POINT('',#1275);
#1275 = CARTESIAN_POINT('',(-40.,37.,-2.5));
#1276 = B_SPLINE_CURVE_WITH_KNOTS('',1,(#1277,#1278),.UNSPECIFIED.,.F.,
  .F.,(2,2),(0.,1.),.PIECEWISE_BEZIER_KNOTS.);
#1277 = CARTESIAN_POINT('',(-40.,37.,-2.5));
#1278 = CARTESIAN_POINT('',(-42.,33.585786437627,-2.5));
#1279 = ORIENTED_EDGE('',*,*,#1280,.T.);
#1280 = EDGE_CURVE('',#1274,#1281,#1283,.T.);
#1281 = VERTEX_POINT('',#1282);
#1282 = CARTESIAN_POINT('',(-27.,37.,-2.5));
#1283 = LINE('',#1284,#1285);
#1284 = CARTESIAN_POINT('',(-41.,37.,-2.5));
#1285 = VECTOR('',#1286,1.);
#1286 = DIRECTION('',(1.,0.,0.));
#1287 = ORIENTED_EDGE('',*,*,#1288,.T.);
#1288 = EDGE_CURVE('',#1281,#1289,#1291,.T.);
#1289 = VERTEX_POINT('',#1290);
#1290 = CARTESIAN_POINT('',(-25.,33.585786437627,-2.5));
#1291 = B_SPLINE_CURVE_WITH_KNOTS('',1,(#1292,#1293),.UNSPECIFIED.,.F.,
  .F.,(2,2),(0.,1.),.PIECEWISE_BEZIER_KNOTS.);
#1292 = CARTESIAN_POINT('',(-27.,37.,-2.5));
#1293 = CARTESIAN_POINT('',(-25.,33.585786437627,-2.5));
#1294 = ORIENTED_EDGE('',*,*,#1295,.T.);
#1295 = EDGE_CURVE('',#1289,#1296,#1298,.T.);
#1296 = VERTEX_POINT('',#1297);
#1297 = CARTESIAN_POINT('',(-25.,13.414213562373,-2.5));
#1298 = LINE('',#1299,#1300);
#1299 = CARTESIAN_POINT('',(-25.,16.,-2.5));
#1300 = VECTOR('',#1301,1.);
#1301 = DIRECTION('',(0.,-1.,0.));
#1302 = ORIENTED_EDGE('',*,*,#1303,.F.);
#1303 = EDGE_CURVE('',#1304,#1296,#1306,.T.);
#1304 = VERTEX_POINT('',#1305);
#1305 = CARTESIAN_POINT('',(-27.,10.,-2.5));
#1306 = B_SPLINE_CURVE_WITH_KNOTS('',1,(#1307,#1308),.UNSPECIFIED.,.F.,
  .F.,(2,2),(0.,1.),.PIECEWISE_BEZIER_KNOTS.);
#1307 = CARTESIAN_POINT('',(-27.,10.,-2.5));
#1308 = CARTESIAN_POINT('',(-25.,13.414213562373,-2.5));
#1309 = ORIENTED_EDGE('',*,*,#1310,.T.);
#1310 = EDGE_CURVE('',#1304,#1257,#1311,.T.);
#1311 = LINE('',#1312,#1313);
#1312 = CARTESIAN_POINT('',(-26.,10.,-2.5));
#1313 = VECTOR('',#1314,1.);
#1314 = DIRECTION('',(-1.,0.,0.));
#1315 = FACE_BOUND('',#1316,.F.);
#1316 = EDGE_LOOP('',(#1317,#1327,#1335,#1343,#1351,#1359));
#1317 = ORIENTED_EDGE('',*,*,#1318,.T.);
#1318 = EDGE_CURVE('',#1319,#1321,#1323,.T.);
#1319 = VERTEX_POINT('',#1320);
#1320 = CARTESIAN_POINT('',(-54.,-90.,-2.5));
#1321 = VERTEX_POINT('',#1322);
#1322 = CARTESIAN_POINT('',(55.,-90.,-2.5));
#1323 = LINE('',#1324,#1325);
#1324 = CARTESIAN_POINT('',(-55.,-90.,-2.5));
#1325 = VECTOR('',#1326,1.);
#1326 = DIRECTION('',(1.,0.,0.));
#1327 = ORIENTED_EDGE('',*,*,#1328,.T.);
#1328 = EDGE_CURVE('',#1321,#1329,#1331,.T.);
#1329 = VERTEX_POINT('',#1330);
#1330 = CARTESIAN_POINT('',(55.,90.,-2.5));
#1331 = LINE('',#1332,#1333);
#1332 = CARTESIAN_POINT('',(55.,-90.,-2.5));
#1333 = VECTOR('',#1334,1.);
#1334 = DIRECTION('',(0.,1.,0.));
#1335 = ORIENTED_EDGE('',*,*,#1336,.T.);
#1336 = EDGE_CURVE('',#1329,#1337,#1339,.T.);
#1337 = VERTEX_POINT('',#1338);
#1338 = CARTESIAN_POINT('',(-54.,90.,-2.5));
#1339 = LINE('',#1340,#1341);
#1340 = CARTESIAN_POINT('',(55.,90.,-2.5));
#1341 = VECTOR('',#1342,1.);
#1342 = DIRECTION('',(-1.,0.,0.));
#1343 = ORIENTED_EDGE('',*,*,#1344,.T.);
#1344 = EDGE_CURVE('',#1337,#1345,#1347,.T.);
#1345 = VERTEX_POINT('',#1346);
#1346 = CARTESIAN_POINT('',(-55.,89.,-2.5));
#1347 = LINE('',#1348,#1349);
#1348 = CARTESIAN_POINT('',(-63.25,80.75,-2.5));
#1349 = VECTOR('',#1350,1.);
#1350 = DIRECTION('',(-0.707106781187,-0.707106781187,0.));
#1351 = ORIENTED_EDGE('',*,*,#1352,.T.);
#1352 = EDGE_CURVE('',#1345,#1353,#1355,.T.);
#1353 = VERTEX_POINT('',#1354);
#1354 = CARTESIAN_POINT('',(-55.,-89.,-2.5));
#1355 = LINE('',#1356,#1357);
#1356 = CARTESIAN_POINT('',(-55.,90.,-2.5));
#1357 = VECTOR('',#1358,1.);
#1358 = DIRECTION('',(0.,-1.,0.));
#1359 = ORIENTED_EDGE('',*,*,#1360,.F.);
#1360 = EDGE_CURVE('',#1319,#1353,#1361,.T.);
#1361 = LINE('',#1362,#1363);
#1362 = CARTESIAN_POINT('',(-63.25,-80.75,-2.5));
#1363 = VECTOR('',#1364,1.);
#1364 = DIRECTION('',(-0.707106781187,0.707106781187,0.));
#1365 = FACE_BOUND('',#1366,.F.);
#1366 = EDGE_LOOP('',(#1367));
#1367 = ORIENTED_EDGE('',*,*,#1368,.F.);
#1368 = EDGE_CURVE('',#1369,#1369,#1371,.T.);
#1369 = VERTEX_POINT('',#1370);
#1370 = CARTESIAN_POINT('',(-41.9,-80.,-2.5));
#1371 = CIRCLE('',#1372,2.6);
#1372 = AXIS2_PLACEMENT_3D('',#1373,#1374,#1375);
#1373 = CARTESIAN_POINT('',(-44.5,-80.,-2.5));
#1374 = DIRECTION('',(0.,0.,1.));
#1375 = DIRECTION('',(1.,0.,0.));
#1376 = FACE_BOUND('',#1377,.F.);
#1377 = EDGE_LOOP('',(#1378,#1388,#1396,#1404,#1412,#1420,#1428,#1436));
#1378 = ORIENTED_EDGE('',*,*,#1379,.F.);
#1379 = EDGE_CURVE('',#1380,#1382,#1384,.T.);
#1380 = VERTEX_POINT('',#1381);
#1381 = CARTESIAN_POINT('',(-21.,-61.,-2.5));
#1382 = VERTEX_POINT('',#1383);
#1383 = CARTESIAN_POINT('',(-21.,-69.,-2.5));
#1384 = LINE('',#1385,#1386);
#1385 = CARTESIAN_POINT('',(-21.,-60.,-2.5));
#1386 = VECTOR('',#1387,1.);
#1387 = DIRECTION('',(0.,-1.,0.));
#1388 = ORIENTED_EDGE('',*,*,#1389,.T.);
#1389 = EDGE_CURVE('',#1380,#1390,#1392,.T.);
#1390 = VERTEX_POINT('',#1391);
#1391 = CARTESIAN_POINT('',(-19.,-59.,-2.5));
#1392 = LINE('',#1393,#1394);
#1393 = CARTESIAN_POINT('',(-0.5,-40.5,-2.5));
#1394 = VECTOR('',#1395,1.);
#1395 = DIRECTION('',(0.707106781187,0.707106781187,0.));
#1396 = ORIENTED_EDGE('',*,*,#1397,.F.);
#1397 = EDGE_CURVE('',#1398,#1390,#1400,.T.);
#1398 = VERTEX_POINT('',#1399);
#1399 = CARTESIAN_POINT('',(19.,-59.,-2.5));
#1400 = LINE('',#1401,#1402);
#1401 = CARTESIAN_POINT('',(20.,-59.,-2.5));
#1402 = VECTOR('',#1403,1.);
#1403 = DIRECTION('',(-1.,0.,0.));
#1404 = ORIENTED_EDGE('',*,*,#1405,.T.);
#1405 = EDGE_CURVE('',#1398,#1406,#1408,.T.);
#1406 = VERTEX_POINT('',#1407);
#1407 = CARTESIAN_POINT('',(21.,-61.,-2.5));
#1408 = LINE('',#1409,#1410);
#1409 = CARTESIAN_POINT('',(-0.5,-39.5,-2.5));
#1410 = VECTOR('',#1411,1.);
#1411 = DIRECTION('',(0.707106781187,-0.707106781187,0.));
#1412 = ORIENTED_EDGE('',*,*,#1413,.F.);
#1413 = EDGE_CURVE('',#1414,#1406,#1416,.T.);
#1414 = VERTEX_POINT('',#1415);
#1415 = CARTESIAN_POINT('',(21.,-69.,-2.5));
#1416 = LINE('',#1417,#1418);
#1417 = CARTESIAN_POINT('',(21.,-70.,-2.5));
#1418 = VECTOR('',#1419,1.);
#1419 = DIRECTION('',(0.,1.,0.));
#1420 = ORIENTED_EDGE('',*,*,#1421,.F.);
#1421 = EDGE_CURVE('',#1422,#1414,#1424,.T.);
#1422 = VERTEX_POINT('',#1423);
#1423 = CARTESIAN_POINT('',(19.,-71.,-2.5));
#1424 = LINE('',#1425,#1426);
#1425 = CARTESIAN_POINT('',(32.,-58.,-2.5));
#1426 = VECTOR('',#1427,1.);
#1427 = DIRECTION('',(0.707106781187,0.707106781187,0.));
#1428 = ORIENTED_EDGE('',*,*,#1429,.F.);
#1429 = EDGE_CURVE('',#1430,#1422,#1432,.T.);
#1430 = VERTEX_POINT('',#1431);
#1431 = CARTESIAN_POINT('',(-19.,-71.,-2.5));
#1432 = LINE('',#1433,#1434);
#1433 = CARTESIAN_POINT('',(-20.,-71.,-2.5));
#1434 = VECTOR('',#1435,1.);
#1435 = DIRECTION('',(1.,0.,0.));
#1436 = ORIENTED_EDGE('',*,*,#1437,.F.);
#1437 = EDGE_CURVE('',#1382,#1430,#1438,.T.);
#1438 = LINE('',#1439,#1440);
#1439 = CARTESIAN_POINT('',(-33.,-57.,-2.5));
#1440 = VECTOR('',#1441,1.);
#1441 = DIRECTION('',(0.707106781187,-0.707106781187,0.));
#1442 = FACE_BOUND('',#1443,.F.);
#1443 = EDGE_LOOP('',(#1444));
#1444 = ORIENTED_EDGE('',*,*,#1445,.F.);
#1445 = EDGE_CURVE('',#1446,#1446,#1448,.T.);
#1446 = VERTEX_POINT('',#1447);
#1447 = CARTESIAN_POINT('',(47.1,-80.,-2.5));
#1448 = CIRCLE('',#1449,2.6);
#1449 = AXIS2_PLACEMENT_3D('',#1450,#1451,#1452);
#1450 = CARTESIAN_POINT('',(44.5,-80.,-2.5));
#1451 = DIRECTION('',(0.,0.,1.));
#1452 = DIRECTION('',(1.,0.,0.));
#1453 = FACE_BOUND('',#1454,.F.);
#1454 = EDGE_LOOP('',(#1455));
#1455 = ORIENTED_EDGE('',*,*,#1456,.F.);
#1456 = EDGE_CURVE('',#1457,#1457,#1459,.T.);
#1457 = VERTEX_POINT('',#1458);
#1458 = CARTESIAN_POINT('',(-41.9,80.,-2.5));
#1459 = CIRCLE('',#1460,2.6);
#1460 = AXIS2_PLACEMENT_3D('',#1461,#1462,#1463);
#1461 = CARTESIAN_POINT('',(-44.5,80.,-2.5));
#1462 = DIRECTION('',(0.,0.,1.));
#1463 = DIRECTION('',(1.,0.,0.));
#1464 = FACE_BOUND('',#1465,.F.);
#1465 = EDGE_LOOP('',(#1466));
#1466 = ORIENTED_EDGE('',*,*,#1467,.F.);
#1467 = EDGE_CURVE('',#1468,#1468,#1470,.T.);
#1468 = VERTEX_POINT('',#1469);
#1469 = CARTESIAN_POINT('',(47.1,80.,-2.5));
#1470 = CIRCLE('',#1471,2.6);
#1471 = AXIS2_PLACEMENT_3D('',#1472,#1473,#1474);
#1472 = CARTESIAN_POINT('',(44.5,80.,-2.5));
#1473 = DIRECTION('',(0.,0.,1.));
#1474 = DIRECTION('',(1.,0.,0.));
#1475 = FACE_BOUND('',#1476,.F.);
#1476 = EDGE_LOOP('',(#1477,#1478,#1484,#1485,#1493,#1500,#1508,#1515));
#1477 = ORIENTED_EDGE('',*,*,#1183,.F.);
#1478 = ORIENTED_EDGE('',*,*,#1479,.T.);
#1479 = EDGE_CURVE('',#1177,#1212,#1480,.T.);
#1480 = LINE('',#1481,#1482);
#1481 = CARTESIAN_POINT('',(-42.,-36.,-2.5));
#1482 = VECTOR('',#1483,1.);
#1483 = DIRECTION('',(0.,1.,0.));
#1484 = ORIENTED_EDGE('',*,*,#1211,.F.);
#1485 = ORIENTED_EDGE('',*,*,#1486,.T.);
#1486 = EDGE_CURVE('',#1205,#1487,#1489,.T.);
#1487 = VERTEX_POINT('',#1488);
#1488 = CARTESIAN_POINT('',(-27.,-30.,-2.5));
#1489 = LINE('',#1490,#1491);
#1490 = CARTESIAN_POINT('',(-41.,-30.,-2.5));
#1491 = VECTOR('',#1492,1.);
#1492 = DIRECTION('',(1.,0.,0.));
#1493 = ORIENTED_EDGE('',*,*,#1494,.T.);
#1494 = EDGE_CURVE('',#1487,#1495,#1497,.T.);
#1495 = VERTEX_POINT('',#1496);
#1496 = CARTESIAN_POINT('',(-25.,-33.41421356237,-2.5));
#1497 = B_SPLINE_CURVE_WITH_KNOTS('',1,(#1498,#1499),.UNSPECIFIED.,.F.,
  .F.,(2,2),(0.,1.),.PIECEWISE_BEZIER_KNOTS.);
#1498 = CARTESIAN_POINT('',(-27.,-30.,-2.5));
#1499 = CARTESIAN_POINT('',(-25.,-33.41421356237,-2.5));
#1500 = ORIENTED_EDGE('',*,*,#1501,.T.);
#1501 = EDGE_CURVE('',#1495,#1502,#1504,.T.);
#1502 = VERTEX_POINT('',#1503);
#1503 = CARTESIAN_POINT('',(-25.,-53.58578643762,-2.5));
#1504 = LINE('',#1505,#1506);
#1505 = CARTESIAN_POINT('',(-25.,-51.,-2.5));
#1506 = VECTOR('',#1507,1.);
#1507 = DIRECTION('',(0.,-1.,0.));
#1508 = ORIENTED_EDGE('',*,*,#1509,.F.);
#1509 = EDGE_CURVE('',#1510,#1502,#1512,.T.);
#1510 = VERTEX_POINT('',#1511);
#1511 = CARTESIAN_POINT('',(-27.,-57.,-2.5));
#1512 = B_SPLINE_CURVE_WITH_KNOTS('',1,(#1513,#1514),.UNSPECIFIED.,.F.,
  .F.,(2,2),(0.,1.),.PIECEWISE_BEZIER_KNOTS.);
#1513 = CARTESIAN_POINT('',(-27.,-57.,-2.5));
#1514 = CARTESIAN_POINT('',(-25.,-53.58578643762,-2.5));
#1515 = ORIENTED_EDGE('',*,*,#1516,.T.);
#1516 = EDGE_CURVE('',#1510,#1184,#1517,.T.);
#1517 = LINE('',#1518,#1519);
#1518 = CARTESIAN_POINT('',(-26.,-57.,-2.5));
#1519 = VECTOR('',#1520,1.);
#1520 = DIRECTION('',(-1.,0.,0.));
#1521 = FACE_BOUND('',#1522,.F.);
#1522 = EDGE_LOOP('',(#1523,#1532,#1540,#1547,#1555,#1562,#1570,#1577));
#1523 = ORIENTED_EDGE('',*,*,#1524,.T.);
#1524 = EDGE_CURVE('',#1525,#1527,#1529,.T.);
#1525 = VERTEX_POINT('',#1526);
#1526 = CARTESIAN_POINT('',(27.,-57.,-2.5));
#1527 = VERTEX_POINT('',#1528);
#1528 = CARTESIAN_POINT('',(25.,-53.58578643762,-2.5));
#1529 = B_SPLINE_CURVE_WITH_KNOTS('',1,(#1530,#1531),.UNSPECIFIED.,.F.,
  .F.,(2,2),(0.,1.),.PIECEWISE_BEZIER_KNOTS.);
#1530 = CARTESIAN_POINT('',(27.,-57.,-2.5));
#1531 = CARTESIAN_POINT('',(25.,-53.58578643762,-2.5));
#1532 = ORIENTED_EDGE('',*,*,#1533,.T.);
#1533 = EDGE_CURVE('',#1527,#1534,#1536,.T.);
#1534 = VERTEX_POINT('',#1535);
#1535 = CARTESIAN_POINT('',(25.,-33.41421356237,-2.5));
#1536 = LINE('',#1537,#1538);
#1537 = CARTESIAN_POINT('',(25.,-36.,-2.5));
#1538 = VECTOR('',#1539,1.);
#1539 = DIRECTION('',(0.,1.,0.));
#1540 = ORIENTED_EDGE('',*,*,#1541,.F.);
#1541 = EDGE_CURVE('',#1542,#1534,#1544,.T.);
#1542 = VERTEX_POINT('',#1543);
#1543 = CARTESIAN_POINT('',(27.,-30.,-2.5));
#1544 = B_SPLINE_CURVE_WITH_KNOTS('',1,(#1545,#1546),.UNSPECIFIED.,.F.,
  .F.,(2,2),(0.,1.),.PIECEWISE_BEZIER_KNOTS.);
#1545 = CARTESIAN_POINT('',(27.,-30.,-2.5));
#1546 = CARTESIAN_POINT('',(25.,-33.41421356237,-2.5));
#1547 = ORIENTED_EDGE('',*,*,#1548,.T.);
#1548 = EDGE_CURVE('',#1542,#1549,#1551,.T.);
#1549 = VERTEX_POINT('',#1550);
#1550 = CARTESIAN_POINT('',(40.,-30.,-2.5));
#1551 = LINE('',#1552,#1553);
#1552 = CARTESIAN_POINT('',(26.,-30.,-2.5));
#1553 = VECTOR('',#1554,1.);
#1554 = DIRECTION('',(1.,0.,0.));
#1555 = ORIENTED_EDGE('',*,*,#1556,.T.);
#1556 = EDGE_CURVE('',#1549,#1557,#1559,.T.);
#1557 = VERTEX_POINT('',#1558);
#1558 = CARTESIAN_POINT('',(42.,-33.41421356237,-2.5));
#1559 = B_SPLINE_CURVE_WITH_KNOTS('',1,(#1560,#1561),.UNSPECIFIED.,.F.,
  .F.,(2,2),(0.,1.),.PIECEWISE_BEZIER_KNOTS.);
#1560 = CARTESIAN_POINT('',(40.,-30.,-2.5));
#1561 = CARTESIAN_POINT('',(42.,-33.41421356237,-2.5));
#1562 = ORIENTED_EDGE('',*,*,#1563,.T.);
#1563 = EDGE_CURVE('',#1557,#1564,#1566,.T.);
#1564 = VERTEX_POINT('',#1565);
#1565 = CARTESIAN_POINT('',(42.,-53.58578643762,-2.5));
#1566 = LINE('',#1567,#1568);
#1567 = CARTESIAN_POINT('',(42.,-51.,-2.5));
#1568 = VECTOR('',#1569,1.);
#1569 = DIRECTION('',(0.,-1.,0.));
#1570 = ORIENTED_EDGE('',*,*,#1571,.F.);
#1571 = EDGE_CURVE('',#1572,#1564,#1574,.T.);
#1572 = VERTEX_POINT('',#1573);
#1573 = CARTESIAN_POINT('',(40.,-57.,-2.5));
#1574 = B_SPLINE_CURVE_WITH_KNOTS('',1,(#1575,#1576),.UNSPECIFIED.,.F.,
  .F.,(2,2),(0.,1.),.PIECEWISE_BEZIER_KNOTS.);
#1575 = CARTESIAN_POINT('',(40.,-57.,-2.5));
#1576 = CARTESIAN_POINT('',(42.,-53.58578643762,-2.5));
#1577 = ORIENTED_EDGE('',*,*,#1578,.T.);
#1578 = EDGE_CURVE('',#1572,#1525,#1579,.T.);
#1579 = LINE('',#1580,#1581);
#1580 = CARTESIAN_POINT('',(41.,-57.,-2.5));
#1581 = VECTOR('',#1582,1.);
#1582 = DIRECTION('',(-1.,0.,0.));
#1583 = FACE_BOUND('',#1584,.F.);
#1584 = EDGE_LOOP('',(#1585,#1594,#1602,#1609,#1617,#1624,#1632,#1639));
#1585 = ORIENTED_EDGE('',*,*,#1586,.T.);
#1586 = EDGE_CURVE('',#1587,#1589,#1591,.T.);
#1587 = VERTEX_POINT('',#1588);
#1588 = CARTESIAN_POINT('',(40.,37.,-2.5));
#1589 = VERTEX_POINT('',#1590);
#1590 = CARTESIAN_POINT('',(42.,33.585786437627,-2.5));
#1591 = B_SPLINE_CURVE_WITH_KNOTS('',1,(#1592,#1593),.UNSPECIFIED.,.F.,
  .F.,(2,2),(0.,1.),.PIECEWISE_BEZIER_KNOTS.);
#1592 = CARTESIAN_POINT('',(40.,37.,-2.5));
#1593 = CARTESIAN_POINT('',(42.,33.585786437627,-2.5));
#1594 = ORIENTED_EDGE('',*,*,#1595,.T.);
#1595 = EDGE_CURVE('',#1589,#1596,#1598,.T.);
#1596 = VERTEX_POINT('',#1597);
#1597 = CARTESIAN_POINT('',(42.,13.414213562373,-2.5));
#1598 = LINE('',#1599,#1600);
#1599 = CARTESIAN_POINT('',(42.,16.,-2.5));
#1600 = VECTOR('',#1601,1.);
#1601 = DIRECTION('',(0.,-1.,0.));
#1602 = ORIENTED_EDGE('',*,*,#1603,.F.);
#1603 = EDGE_CURVE('',#1604,#1596,#1606,.T.);
#1604 = VERTEX_POINT('',#1605);
#1605 = CARTESIAN_POINT('',(40.,10.,-2.5));
#1606 = B_SPLINE_CURVE_WITH_KNOTS('',1,(#1607,#1608),.UNSPECIFIED.,.F.,
  .F.,(2,2),(0.,1.),.PIECEWISE_BEZIER_KNOTS.);
#1607 = CARTESIAN_POINT('',(40.,10.,-2.5));
#1608 = CARTESIAN_POINT('',(42.,13.414213562373,-2.5));
#1609 = ORIENTED_EDGE('',*,*,#1610,.T.);
#1610 = EDGE_CURVE('',#1604,#1611,#1613,.T.);
#1611 = VERTEX_POINT('',#1612);
#1612 = CARTESIAN_POINT('',(27.,10.,-2.5));
#1613 = LINE('',#1614,#1615);
#1614 = CARTESIAN_POINT('',(41.,10.,-2.5));
#1615 = VECTOR('',#1616,1.);
#1616 = DIRECTION('',(-1.,0.,0.));
#1617 = ORIENTED_EDGE('',*,*,#1618,.T.);
#1618 = EDGE_CURVE('',#1611,#1619,#1621,.T.);
#1619 = VERTEX_POINT('',#1620);
#1620 = CARTESIAN_POINT('',(25.,13.414213562373,-2.5));
#1621 = B_SPLINE_CURVE_WITH_KNOTS('',1,(#1622,#1623),.UNSPECIFIED.,.F.,
  .F.,(2,2),(0.,1.),.PIECEWISE_BEZIER_KNOTS.);
#1622 = CARTESIAN_POINT('',(27.,10.,-2.5));
#1623 = CARTESIAN_POINT('',(25.,13.414213562373,-2.5));
#1624 = ORIENTED_EDGE('',*,*,#1625,.T.);
#1625 = EDGE_CURVE('',#1619,#1626,#1628,.T.);
#1626 = VERTEX_POINT('',#1627);
#1627 = CARTESIAN_POINT('',(25.,33.585786437627,-2.5));
#1628 = LINE('',#1629,#1630);
#1629 = CARTESIAN_POINT('',(25.,31.,-2.5));
#1630 = VECTOR('',#1631,1.);
#1631 = DIRECTION('',(0.,1.,0.));
#1632 = ORIENTED_EDGE('',*,*,#1633,.F.);
#1633 = EDGE_CURVE('',#1634,#1626,#1636,.T.);
#1634 = VERTEX_POINT('',#1635);
#1635 = CARTESIAN_POINT('',(27.,37.,-2.5));
#1636 = B_SPLINE_CURVE_WITH_KNOTS('',1,(#1637,#1638),.UNSPECIFIED.,.F.,
  .F.,(2,2),(0.,1.),.PIECEWISE_BEZIER_KNOTS.);
#1637 = CARTESIAN_POINT('',(27.,37.,-2.5));
#1638 = CARTESIAN_POINT('',(25.,33.585786437627,-2.5));
#1639 = ORIENTED_EDGE('',*,*,#1640,.T.);
#1640 = EDGE_CURVE('',#1634,#1587,#1641,.T.);
#1641 = LINE('',#1642,#1643);
#1642 = CARTESIAN_POINT('',(26.,37.,-2.5));
#1643 = VECTOR('',#1644,1.);
#1644 = DIRECTION('',(1.,0.,0.));
#1645 = PLANE('',#1646);
#1646 = AXIS2_PLACEMENT_3D('',#1647,#1648,#1649);
#1647 = CARTESIAN_POINT('',(0.,0.,-2.5));
#1648 = DIRECTION('',(0.,0.,1.));
#1649 = DIRECTION('',(1.,0.,0.));
#1650 = ADVANCED_FACE('',(#1651),#1738,.T.);
#1651 = FACE_BOUND('',#1652,.T.);
#1652 = EDGE_LOOP('',(#1653,#1654,#1655,#1663,#1672,#1680,#1732));
#1653 = ORIENTED_EDGE('',*,*,#642,.T.);
#1654 = ORIENTED_EDGE('',*,*,#542,.F.);
#1655 = ORIENTED_EDGE('',*,*,#1656,.T.);
#1656 = EDGE_CURVE('',#543,#1657,#1659,.T.);
#1657 = VERTEX_POINT('',#1658);
#1658 = CARTESIAN_POINT('',(-30.5,-41.56350832689,-8.1));
#1659 = LINE('',#1660,#1661);
#1660 = CARTESIAN_POINT('',(-41.,-41.56350832689,-8.1));
#1661 = VECTOR('',#1662,1.);
#1662 = DIRECTION('',(1.,0.,0.));
#1663 = ORIENTED_EDGE('',*,*,#1664,.T.);
#1664 = EDGE_CURVE('',#1657,#1665,#1667,.T.);
#1665 = VERTEX_POINT('',#1666);
#1666 = CARTESIAN_POINT('',(-30.5,-42.04763124517,-7.725));
#1667 = CIRCLE('',#1668,0.5);
#1668 = AXIS2_PLACEMENT_3D('',#1669,#1670,#1671);
#1669 = CARTESIAN_POINT('',(-30.5,-41.56350832689,-7.6));
#1670 = DIRECTION('',(-1.,0.,0.));
#1671 = DIRECTION('',(0.,-1.,0.));
#1672 = ORIENTED_EDGE('',*,*,#1673,.F.);
#1673 = EDGE_CURVE('',#1674,#1665,#1676,.T.);
#1674 = VERTEX_POINT('',#1675);
#1675 = CARTESIAN_POINT('',(-32.82871392089,-42.04763124517,-7.725));
#1676 = LINE('',#1677,#1678);
#1677 = CARTESIAN_POINT('',(-41.,-42.04763124517,-7.725));
#1678 = VECTOR('',#1679,1.);
#1679 = DIRECTION('',(1.,0.,0.));
#1680 = ORIENTED_EDGE('',*,*,#1681,.F.);
#1681 = EDGE_CURVE('',#1682,#1674,#1684,.T.);
#1682 = VERTEX_POINT('',#1683);
#1683 = CARTESIAN_POINT('',(-34.1712860791,-42.04763124517,-7.725));
#1684 = B_SPLINE_CURVE_WITH_KNOTS('',6,(#1685,#1686,#1687,#1688,#1689,
    #1690,#1691,#1692,#1693,#1694,#1695,#1696,#1697,#1698,#1699,#1700,
    #1701,#1702,#1703,#1704,#1705,#1706,#1707,#1708,#1709,#1710,#1711,
    #1712,#1713,#1714,#1715,#1716,#1717,#1718,#1719,#1720,#1721,#1722,
    #1723,#1724,#1725,#1726,#1727,#1728,#1729,#1730,#1731),
  .UNSPECIFIED.,.F.,.F.,(7,5,5,5,5,5,5,5,5,7),(0.,0.199564904862,
    0.287176270631,0.348088192689,0.391713841715,0.49938329481,
    0.65114656092,0.711873650232,0.800377473475,1.),.UNSPECIFIED.);
#1685 = CARTESIAN_POINT('',(-34.1712860791,-42.04763124517,-7.725));
#1686 = CARTESIAN_POINT('',(-34.15264540752,-42.03901551084,
    -7.758368595574));
#1687 = CARTESIAN_POINT('',(-34.12797528628,-42.02796160381,
    -7.789778927881));
#1688 = CARTESIAN_POINT('',(-34.09762789592,-42.01504411733,
    -7.818597833254));
#1689 = CARTESIAN_POINT('',(-34.062093113,-42.00106327107,
    -7.844417194686));
#1690 = CARTESIAN_POINT('',(-34.02202725699,-41.98686118519,
    -7.867102168279));
#1691 = CARTESIAN_POINT('',(-33.95907571563,-41.9671417162,
    -7.895279828874));
#1692 = CARTESIAN_POINT('',(-33.93914700092,-41.96121739914,
    -7.903284414345));
#1693 = CARTESIAN_POINT('',(-33.91854889109,-41.95544108166,
    -7.910705250089));
#1694 = CARTESIAN_POINT('',(-33.89733767964,-41.94986503979,
    -7.917554209633));
#1695 = CARTESIAN_POINT('',(-33.87557189362,-41.94453651989,
    -7.923845593014));
#1696 = CARTESIAN_POINT('',(-33.83783641969,-41.9359928593,
    -7.933591857377));
#1697 = CARTESIAN_POINT('',(-33.82211988088,-41.93262811232,
    -7.937327303602));
#1698 = CARTESIAN_POINT('',(-33.80618142619,-41.9294160569,
    -7.940806740091));
#1699 = CARTESIAN_POINT('',(-33.79003938702,-41.92636882927,
    -7.944035754361));
#1700 = CARTESIAN_POINT('',(-33.77371176186,-41.92349716359,
    -7.94701986891));
#1701 = CARTESIAN_POINT('',(-33.74540196277,-41.91888610273,
    -7.95173029943));
#1702 = CARTESIAN_POINT('',(-33.73350157745,-41.91705666181,
    -7.953573197918));
#1703 = CARTESIAN_POINT('',(-33.72152154035,-41.91532549933,
    -7.95529520506));
#1704 = CARTESIAN_POINT('',(-33.70946825797,-41.91369569811,
    -7.956898161222));
#1705 = CARTESIAN_POINT('',(-33.69734806311,-41.91216999359,
    -7.958383778766));
#1706 = CARTESIAN_POINT('',(-33.65510450444,-41.90724809589,
    -7.963134507046));
#1707 = CARTESIAN_POINT('',(-33.62467413933,-41.90439425362,
    -7.965810024721));
#1708 = CARTESIAN_POINT('',(-33.59396774565,-41.90222479331,
    -7.96780426153));
#1709 = CARTESIAN_POINT('',(-33.56307709318,-41.90076337819,
    -7.969134221807));
#1710 = CARTESIAN_POINT('',(-33.53209383644,-41.90002186565,
    -7.969808922382));
#1711 = CARTESIAN_POINT('',(-33.45743557613,-41.89997010621,
    -7.969856016222));
#1712 = CARTESIAN_POINT('',(-33.41375247443,-41.90137034858,
    -7.968581778799));
#1713 = CARTESIAN_POINT('',(-33.37031792552,-41.90420239963,
    -7.966006551714));
#1714 = CARTESIAN_POINT('',(-33.32739151008,-41.90842061694,
    -7.962094969594));
#1715 = CARTESIAN_POINT('',(-33.28523308083,-41.91393209622,
    -7.956782605636));
#1716 = CARTESIAN_POINT('',(-33.22764286438,-41.923262994,
    -7.947262283051));
#1717 = CARTESIAN_POINT('',(-33.21135030869,-41.92611395911,
    -7.944303724659));
#1718 = CARTESIAN_POINT('',(-33.19524125975,-41.92914003858,
    -7.941102002398));
#1719 = CARTESIAN_POINT('',(-33.17933354449,-41.93233065097,
    -7.93765164869));
#1720 = CARTESIAN_POINT('',(-33.16364531878,-41.93567383012,
    -7.933947123124));
#1721 = CARTESIAN_POINT('',(-33.12567782957,-41.94423147707,
    -7.924205215449));
#1722 = CARTESIAN_POINT('',(-33.10366193227,-41.94960333462,
    -7.917874896557));
#1723 = CARTESIAN_POINT('',(-33.08221010611,-41.95522948823,
    -7.910975985455));
#1724 = CARTESIAN_POINT('',(-33.06138268361,-41.96106135633,
    -7.903493663031));
#1725 = CARTESIAN_POINT('',(-33.0412376868,-41.96704510837,
    -7.895415610211));
#1726 = CARTESIAN_POINT('',(-32.97805846891,-41.98683081648,
    -7.867150648473));
#1727 = CARTESIAN_POINT('',(-32.9379677096,-42.00103933431,
    -7.844461389655));
#1728 = CARTESIAN_POINT('',(-32.90241084249,-42.0150276114,
    -7.81863472175));
#1729 = CARTESIAN_POINT('',(-32.87204548364,-42.02795229397,
    -7.789805497906));
#1730 = CARTESIAN_POINT('',(-32.84736234484,-42.03901192769,
    -7.758382473057));
#1731 = CARTESIAN_POINT('',(-32.82871392089,-42.04763124517,-7.725));
#1732 = ORIENTED_EDGE('',*,*,#1733,.F.);
#1733 = EDGE_CURVE('',#636,#1682,#1734,.T.);
#1734 = LINE('',#1735,#1736);
#1735 = CARTESIAN_POINT('',(-41.,-42.04763124517,-7.725));
#1736 = VECTOR('',#1737,1.);
#1737 = DIRECTION('',(1.,0.,0.));
#1738 = CYLINDRICAL_SURFACE('',#1739,0.5);
#1739 = AXIS2_PLACEMENT_3D('',#1740,#1741,#1742);
#1740 = CARTESIAN_POINT('',(-41.,-41.56350832689,-7.6));
#1741 = DIRECTION('',(-1.,0.,0.));
#1742 = DIRECTION('',(0.,-1.,0.));
#1743 = ADVANCED_FACE('',(#1744),#1762,.F.);
#1744 = FACE_BOUND('',#1745,.F.);
#1745 = EDGE_LOOP('',(#1746,#1747,#1748,#1756));
#1746 = ORIENTED_EDGE('',*,*,#621,.F.);
#1747 = ORIENTED_EDGE('',*,*,#1656,.T.);
#1748 = ORIENTED_EDGE('',*,*,#1749,.T.);
#1749 = EDGE_CURVE('',#1657,#1750,#1752,.T.);
#1750 = VERTEX_POINT('',#1751);
#1751 = CARTESIAN_POINT('',(-30.5,-40.85,-8.1));
#1752 = LINE('',#1753,#1754);
#1753 = CARTESIAN_POINT('',(-30.5,-46.15,-8.1));
#1754 = VECTOR('',#1755,1.);
#1755 = DIRECTION('',(0.,1.,0.));
#1756 = ORIENTED_EDGE('',*,*,#1757,.F.);
#1757 = EDGE_CURVE('',#614,#1750,#1758,.T.);
#1758 = LINE('',#1759,#1760);
#1759 = CARTESIAN_POINT('',(-41.,-40.85,-8.1));
#1760 = VECTOR('',#1761,1.);
#1761 = DIRECTION('',(1.,0.,0.));
#1762 = PLANE('',#1763);
#1763 = AXIS2_PLACEMENT_3D('',#1764,#1765,#1766);
#1764 = CARTESIAN_POINT('',(-41.,-46.15,-8.1));
#1765 = DIRECTION('',(0.,0.,1.));
#1766 = DIRECTION('',(0.,1.,0.));
#1767 = ADVANCED_FACE('',(#1768),#1786,.F.);
#1768 = FACE_BOUND('',#1769,.F.);
#1769 = EDGE_LOOP('',(#1770,#1771,#1779,#1785));
#1770 = ORIENTED_EDGE('',*,*,#1757,.T.);
#1771 = ORIENTED_EDGE('',*,*,#1772,.T.);
#1772 = EDGE_CURVE('',#1750,#1773,#1775,.T.);
#1773 = VERTEX_POINT('',#1774);
#1774 = CARTESIAN_POINT('',(-30.5,-40.85,-10.1));
#1775 = LINE('',#1776,#1777);
#1776 = CARTESIAN_POINT('',(-30.5,-40.85,-8.1));
#1777 = VECTOR('',#1778,1.);
#1778 = DIRECTION('',(0.,0.,-1.));
#1779 = ORIENTED_EDGE('',*,*,#1780,.F.);
#1780 = EDGE_CURVE('',#696,#1773,#1781,.T.);
#1781 = LINE('',#1782,#1783);
#1782 = CARTESIAN_POINT('',(-41.,-40.85,-10.1));
#1783 = VECTOR('',#1784,1.);
#1784 = DIRECTION('',(1.,0.,0.));
#1785 = ORIENTED_EDGE('',*,*,#703,.F.);
#1786 = PLANE('',#1787);
#1787 = AXIS2_PLACEMENT_3D('',#1788,#1789,#1790);
#1788 = CARTESIAN_POINT('',(-41.,-40.85,-8.1));
#1789 = DIRECTION('',(0.,1.,0.));
#1790 = DIRECTION('',(0.,0.,-1.));
#1791 = ADVANCED_FACE('',(#1792),#1847,.F.);
#1792 = FACE_BOUND('',#1793,.F.);
#1793 = EDGE_LOOP('',(#1794,#1795,#1796,#1797,#1798,#1806));
#1794 = ORIENTED_EDGE('',*,*,#1733,.F.);
#1795 = ORIENTED_EDGE('',*,*,#725,.F.);
#1796 = ORIENTED_EDGE('',*,*,#785,.F.);
#1797 = ORIENTED_EDGE('',*,*,#831,.F.);
#1798 = ORIENTED_EDGE('',*,*,#1799,.T.);
#1799 = EDGE_CURVE('',#825,#1800,#1802,.T.);
#1800 = VERTEX_POINT('',#1801);
#1801 = CARTESIAN_POINT('',(-34.1712860791,-44.95236875482,-7.725));
#1802 = LINE('',#1803,#1804);
#1803 = CARTESIAN_POINT('',(-41.,-44.95236875482,-7.725));
#1804 = VECTOR('',#1805,1.);
#1805 = DIRECTION('',(1.,0.,0.));
#1806 = ORIENTED_EDGE('',*,*,#1807,.T.);
#1807 = EDGE_CURVE('',#1800,#1682,#1808,.T.);
#1808 = B_SPLINE_CURVE_WITH_KNOTS('',7,(#1809,#1810,#1811,#1812,#1813,
    #1814,#1815,#1816,#1817,#1818,#1819,#1820,#1821,#1822,#1823,#1824,
    #1825,#1826,#1827,#1828,#1829,#1830,#1831,#1832,#1833,#1834,#1835,
    #1836,#1837,#1838,#1839,#1840,#1841,#1842,#1843,#1844,#1845,#1846),
  .UNSPECIFIED.,.F.,.F.,(8,6,6,6,6,6,8),(0.,0.12494392156,0.35358902212,
    0.497928621729,0.648523532589,0.874063634246,1.),.UNSPECIFIED.);
#1809 = CARTESIAN_POINT('',(-34.1712860791,-44.95236875482,-7.725));
#1810 = CARTESIAN_POINT('',(-34.20623355606,-44.93621600112,
    -7.662440653916));
#1811 = CARTESIAN_POINT('',(-34.24485118438,-44.91717640561,
    -7.601688221025));
#1812 = CARTESIAN_POINT('',(-34.28557650557,-44.89546514871,
    -7.5428322219));
#1813 = CARTESIAN_POINT('',(-34.3272993001,-44.87127942128,
    -7.485918313486));
#1814 = CARTESIAN_POINT('',(-34.36950945533,-44.84473286572,
    -7.430745093416));
#1815 = CARTESIAN_POINT('',(-34.41213382032,-44.81563880993,
    -7.376849887088));
#1816 = CARTESIAN_POINT('',(-34.53425333662,-44.72474902227,
    -7.226565355398));
#1817 = CARTESIAN_POINT('',(-34.614224699,-44.65642071088,
    -7.132969938386));
#1818 = CARTESIAN_POINT('',(-34.69302140846,-44.57806276528,
    -7.043337300453));
#1819 = CARTESIAN_POINT('',(-34.76907803622,-44.48907218852,
    -6.958557743947));
#1820 = CARTESIAN_POINT('',(-34.84064477342,-44.38875386146,
    -6.879879788127));
#1821 = CARTESIAN_POINT('',(-34.90561828539,-44.27645158701,
    -6.80915217905));
#1822 = CARTESIAN_POINT('',(-34.99634203695,-44.07305218253,
    -6.711025973719));
#1823 = CARTESIAN_POINT('',(-35.02806420244,-43.98863621225,
    -6.676896429305));
#1824 = CARTESIAN_POINT('',(-35.05512213616,-43.89925043978,
    -6.64790766551));
#1825 = CARTESIAN_POINT('',(-35.07648286887,-43.80577097304,
    -6.62508736533));
#1826 = CARTESIAN_POINT('',(-35.09137136534,-43.70918539179,
    -6.609203838552));
#1827 = CARTESIAN_POINT('',(-35.09927828681,-43.61055790785,
    -6.600769829831));
#1828 = CARTESIAN_POINT('',(-35.10067585588,-43.40710857444,
    -6.599279084647));
#1829 = CARTESIAN_POINT('',(-35.09351450397,-43.30399839777,
    -6.606917779001));
#1830 = CARTESIAN_POINT('',(-35.07869630161,-43.20292925087,
    -6.622722395866));
#1831 = CARTESIAN_POINT('',(-35.05676427572,-43.10513261679,
    -6.646145616999));
#1832 = CARTESIAN_POINT('',(-35.02858398004,-43.01175237673,
    -6.676330141884));
#1833 = CARTESIAN_POINT('',(-34.99533394586,-42.92380030592,
    -6.71210403901));
#1834 = CARTESIAN_POINT('',(-34.90330770978,-42.7197833724,
    -6.811670857494));
#1835 = CARTESIAN_POINT('',(-34.83887783661,-42.60888513963,
    -6.881829477112));
#1836 = CARTESIAN_POINT('',(-34.76771090197,-42.50931805517,
    -6.960082723218));
#1837 = CARTESIAN_POINT('',(-34.69189132647,-42.4207608116,
    -7.044623964293));
#1838 = CARTESIAN_POINT('',(-34.61333350988,-42.34284432362,
    -7.133994050083));
#1839 = CARTESIAN_POINT('',(-34.53401042714,-42.27517844569,
    -7.226923331763));
#1840 = CARTESIAN_POINT('',(-34.41310915523,-42.18502788627,
    -7.375617310903));
#1841 = CARTESIAN_POINT('',(-34.37031645046,-42.15577502161,
    -7.429690717451));
#1842 = CARTESIAN_POINT('',(-34.32793609552,-42.12908960078,
    -7.485049775266));
#1843 = CARTESIAN_POINT('',(-34.28604026924,-42.10478198289,
    -7.542161737139));
#1844 = CARTESIAN_POINT('',(-34.24514254382,-42.08296719784,
    -7.601229584342));
#1845 = CARTESIAN_POINT('',(-34.20636453427,-42.06384453711,
    -7.662206190307));
#1846 = CARTESIAN_POINT('',(-34.1712860791,-42.04763124517,-7.725));
#1847 = CYLINDRICAL_SURFACE('',#1848,1.5);
#1848 = AXIS2_PLACEMENT_3D('',#1849,#1850,#1851);
#1849 = CARTESIAN_POINT('',(-41.,-43.5,-8.1));
#1850 = DIRECTION('',(-1.,0.,0.));
#1851 = DIRECTION('',(0.,-1.,0.));
#1852 = ADVANCED_FACE('',(#1853,#1871),#1882,.F.);
#1853 = FACE_BOUND('',#1854,.F.);
#1854 = EDGE_LOOP('',(#1855,#1856,#1864,#1870));
#1855 = ORIENTED_EDGE('',*,*,#1780,.T.);
#1856 = ORIENTED_EDGE('',*,*,#1857,.T.);
#1857 = EDGE_CURVE('',#1773,#1858,#1860,.T.);
#1858 = VERTEX_POINT('',#1859);
#1859 = CARTESIAN_POINT('',(-30.5,-46.15,-10.1));
#1860 = LINE('',#1861,#1862);
#1861 = CARTESIAN_POINT('',(-30.5,-40.85,-10.1));
#1862 = VECTOR('',#1863,1.);
#1863 = DIRECTION('',(0.,-1.,0.));
#1864 = ORIENTED_EDGE('',*,*,#1865,.F.);
#1865 = EDGE_CURVE('',#755,#1858,#1866,.T.);
#1866 = LINE('',#1867,#1868);
#1867 = CARTESIAN_POINT('',(-41.,-46.15,-10.1));
#1868 = VECTOR('',#1869,1.);
#1869 = DIRECTION('',(1.,0.,0.));
#1870 = ORIENTED_EDGE('',*,*,#762,.F.);
#1871 = FACE_BOUND('',#1872,.F.);
#1872 = EDGE_LOOP('',(#1873));
#1873 = ORIENTED_EDGE('',*,*,#1874,.F.);
#1874 = EDGE_CURVE('',#1875,#1875,#1877,.T.);
#1875 = VERTEX_POINT('',#1876);
#1876 = CARTESIAN_POINT('',(-31.9,-43.5,-10.1));
#1877 = CIRCLE('',#1878,1.6);
#1878 = AXIS2_PLACEMENT_3D('',#1879,#1880,#1881);
#1879 = CARTESIAN_POINT('',(-33.5,-43.5,-10.1));
#1880 = DIRECTION('',(0.,0.,-1.));
#1881 = DIRECTION('',(1.,0.,0.));
#1882 = PLANE('',#1883);
#1883 = AXIS2_PLACEMENT_3D('',#1884,#1885,#1886);
#1884 = CARTESIAN_POINT('',(-41.,-40.85,-10.1));
#1885 = DIRECTION('',(0.,0.,-1.));
#1886 = DIRECTION('',(0.,-1.,0.));
#1887 = ADVANCED_FACE('',(#1888),#1906,.F.);
#1888 = FACE_BOUND('',#1889,.F.);
#1889 = EDGE_LOOP('',(#1890,#1891,#1899,#1905));
#1890 = ORIENTED_EDGE('',*,*,#1865,.T.);
#1891 = ORIENTED_EDGE('',*,*,#1892,.T.);
#1892 = EDGE_CURVE('',#1858,#1893,#1895,.T.);
#1893 = VERTEX_POINT('',#1894);
#1894 = CARTESIAN_POINT('',(-30.5,-46.15,-8.1));
#1895 = LINE('',#1896,#1897);
#1896 = CARTESIAN_POINT('',(-30.5,-46.15,-10.1));
#1897 = VECTOR('',#1898,1.);
#1898 = DIRECTION('',(0.,0.,1.));
#1899 = ORIENTED_EDGE('',*,*,#1900,.F.);
#1900 = EDGE_CURVE('',#803,#1893,#1901,.T.);
#1901 = LINE('',#1902,#1903);
#1902 = CARTESIAN_POINT('',(-41.,-46.15,-8.1));
#1903 = VECTOR('',#1904,1.);
#1904 = DIRECTION('',(1.,0.,0.));
#1905 = ORIENTED_EDGE('',*,*,#810,.F.);
#1906 = PLANE('',#1907);
#1907 = AXIS2_PLACEMENT_3D('',#1908,#1909,#1910);
#1908 = CARTESIAN_POINT('',(-41.,-46.15,-10.1));
#1909 = DIRECTION('',(0.,-1.,0.));
#1910 = DIRECTION('',(0.,0.,1.));
#1911 = ADVANCED_FACE('',(#1912),#1992,.T.);
#1912 = FACE_BOUND('',#1913,.T.);
#1913 = EDGE_LOOP('',(#1914,#1915,#1916,#1917,#1969,#1977,#1986));
#1914 = ORIENTED_EDGE('',*,*,#858,.F.);
#1915 = ORIENTED_EDGE('',*,*,#945,.T.);
#1916 = ORIENTED_EDGE('',*,*,#1799,.T.);
#1917 = ORIENTED_EDGE('',*,*,#1918,.F.);
#1918 = EDGE_CURVE('',#1919,#1800,#1921,.T.);
#1919 = VERTEX_POINT('',#1920);
#1920 = CARTESIAN_POINT('',(-32.82871392089,-44.95236875482,-7.725));
#1921 = B_SPLINE_CURVE_WITH_KNOTS('',6,(#1922,#1923,#1924,#1925,#1926,
    #1927,#1928,#1929,#1930,#1931,#1932,#1933,#1934,#1935,#1936,#1937,
    #1938,#1939,#1940,#1941,#1942,#1943,#1944,#1945,#1946,#1947,#1948,
    #1949,#1950,#1951,#1952,#1953,#1954,#1955,#1956,#1957,#1958,#1959,
    #1960,#1961,#1962,#1963,#1964,#1965,#1966,#1967,#1968),
  .UNSPECIFIED.,.F.,.F.,(7,5,5,5,5,5,5,5,5,7),(0.,0.199564904862,
    0.287176270631,0.348088192688,0.391713841715,0.49938329481,
    0.651146560919,0.711873650231,0.800377473475,1.),.UNSPECIFIED.);
#1922 = CARTESIAN_POINT('',(-32.82871392089,-44.95236875482,-7.725));
#1923 = CARTESIAN_POINT('',(-32.84735459248,-44.96098448915,
    -7.758368595574));
#1924 = CARTESIAN_POINT('',(-32.87202471371,-44.97203839618,
    -7.789778927881));
#1925 = CARTESIAN_POINT('',(-32.90237210407,-44.98495588267,
    -7.818597833254));
#1926 = CARTESIAN_POINT('',(-32.93790688699,-44.99893672892,
    -7.844417194686));
#1927 = CARTESIAN_POINT('',(-32.977972743,-45.0131388148,-7.867102168279
    ));
#1928 = CARTESIAN_POINT('',(-33.04092428437,-45.03285828379,
    -7.895279828874));
#1929 = CARTESIAN_POINT('',(-33.06085299907,-45.03878260086,
    -7.903284414345));
#1930 = CARTESIAN_POINT('',(-33.0814511089,-45.04455891833,
    -7.910705250089));
#1931 = CARTESIAN_POINT('',(-33.10266232035,-45.0501349602,
    -7.917554209633));
#1932 = CARTESIAN_POINT('',(-33.12442810637,-45.0554634801,
    -7.923845593014));
#1933 = CARTESIAN_POINT('',(-33.1621635803,-45.06400714069,
    -7.933591857377));
#1934 = CARTESIAN_POINT('',(-33.17788011911,-45.06737188767,
    -7.937327303602));
#1935 = CARTESIAN_POINT('',(-33.1938185738,-45.07058394309,
    -7.940806740091));
#1936 = CARTESIAN_POINT('',(-33.20996061297,-45.07363117072,
    -7.944035754361));
#1937 = CARTESIAN_POINT('',(-33.22628823813,-45.0765028364,
    -7.94701986891));
#1938 = CARTESIAN_POINT('',(-33.25459803722,-45.08111389726,
    -7.95173029943));
#1939 = CARTESIAN_POINT('',(-33.26649842254,-45.08294333818,
    -7.953573197918));
#1940 = CARTESIAN_POINT('',(-33.27847845964,-45.08467450066,
    -7.95529520506));
#1941 = CARTESIAN_POINT('',(-33.29053174202,-45.08630430189,
    -7.956898161222));
#1942 = CARTESIAN_POINT('',(-33.30265193688,-45.0878300064,
    -7.958383778766));
#1943 = CARTESIAN_POINT('',(-33.34489549555,-45.0927519041,
    -7.963134507046));
#1944 = CARTESIAN_POINT('',(-33.37532586066,-45.09560574637,
    -7.965810024721));
#1945 = CARTESIAN_POINT('',(-33.40603225434,-45.09777520668,
    -7.96780426153));
#1946 = CARTESIAN_POINT('',(-33.43692290681,-45.0992366218,
    -7.969134221807));
#1947 = CARTESIAN_POINT('',(-33.46790616355,-45.09997813434,
    -7.969808922382));
#1948 = CARTESIAN_POINT('',(-33.54256442387,-45.10002989378,
    -7.969856016222));
#1949 = CARTESIAN_POINT('',(-33.58624752556,-45.09862965141,
    -7.968581778799));
#1950 = CARTESIAN_POINT('',(-33.62968207447,-45.09579760036,
    -7.966006551714));
#1951 = CARTESIAN_POINT('',(-33.67260848991,-45.09157938305,
    -7.962094969594));
#1952 = CARTESIAN_POINT('',(-33.71476691916,-45.08606790377,
    -7.956782605636));
#1953 = CARTESIAN_POINT('',(-33.77235713561,-45.07673700599,
    -7.947262283051));
#1954 = CARTESIAN_POINT('',(-33.7886496913,-45.07388604088,
    -7.944303724659));
#1955 = CARTESIAN_POINT('',(-33.80475874024,-45.07085996141,
    -7.941102002398));
#1956 = CARTESIAN_POINT('',(-33.8206664555,-45.06766934902,
    -7.93765164869));
#1957 = CARTESIAN_POINT('',(-33.83635468122,-45.06432616987,
    -7.933947123124));
#1958 = CARTESIAN_POINT('',(-33.87432217042,-45.05576852292,
    -7.924205215449));
#1959 = CARTESIAN_POINT('',(-33.89633806772,-45.05039666537,
    -7.917874896557));
#1960 = CARTESIAN_POINT('',(-33.91778989388,-45.04477051176,
    -7.910975985455));
#1961 = CARTESIAN_POINT('',(-33.93861731638,-45.03893864367,
    -7.903493663031));
#1962 = CARTESIAN_POINT('',(-33.95876231319,-45.03295489162,
    -7.895415610211));
#1963 = CARTESIAN_POINT('',(-34.02194153109,-45.01316918351,
    -7.867150648473));
#1964 = CARTESIAN_POINT('',(-34.0620322904,-44.99896066568,
    -7.844461389655));
#1965 = CARTESIAN_POINT('',(-34.0975891575,-44.98497238859,
    -7.81863472175));
#1966 = CARTESIAN_POINT('',(-34.12795451635,-44.97204770602,
    -7.789805497906));
#1967 = CARTESIAN_POINT('',(-34.15263765515,-44.9609880723,
    -7.758382473057));
#1968 = CARTESIAN_POINT('',(-34.1712860791,-44.95236875482,-7.725));
#1969 = ORIENTED_EDGE('',*,*,#1970,.T.);
#1970 = EDGE_CURVE('',#1919,#1971,#1973,.T.);
#1971 = VERTEX_POINT('',#1972);
#1972 = CARTESIAN_POINT('',(-30.5,-44.95236875482,-7.725));
#1973 = LINE('',#1974,#1975);
#1974 = CARTESIAN_POINT('',(-41.,-44.95236875482,-7.725));
#1975 = VECTOR('',#1976,1.);
#1976 = DIRECTION('',(1.,0.,0.));
#1977 = ORIENTED_EDGE('',*,*,#1978,.T.);
#1978 = EDGE_CURVE('',#1971,#1979,#1981,.T.);
#1979 = VERTEX_POINT('',#1980);
#1980 = CARTESIAN_POINT('',(-30.5,-45.4364916731,-8.1));
#1981 = CIRCLE('',#1982,0.5);
#1982 = AXIS2_PLACEMENT_3D('',#1983,#1984,#1985);
#1983 = CARTESIAN_POINT('',(-30.5,-45.4364916731,-7.6));
#1984 = DIRECTION('',(-1.,0.,0.));
#1985 = DIRECTION('',(0.,-1.,0.));
#1986 = ORIENTED_EDGE('',*,*,#1987,.F.);
#1987 = EDGE_CURVE('',#861,#1979,#1988,.T.);
#1988 = LINE('',#1989,#1990);
#1989 = CARTESIAN_POINT('',(-41.,-45.4364916731,-8.1));
#1990 = VECTOR('',#1991,1.);
#1991 = DIRECTION('',(1.,0.,0.));
#1992 = CYLINDRICAL_SURFACE('',#1993,0.5);
#1993 = AXIS2_PLACEMENT_3D('',#1994,#1995,#1996);
#1994 = CARTESIAN_POINT('',(-41.,-45.4364916731,-7.6));
#1995 = DIRECTION('',(-1.,0.,0.));
#1996 = DIRECTION('',(0.,-1.,0.));
#1997 = ADVANCED_FACE('',(#1998),#2009,.F.);
#1998 = FACE_BOUND('',#1999,.F.);
#1999 = EDGE_LOOP('',(#2000,#2001,#2002,#2008));
#2000 = ORIENTED_EDGE('',*,*,#869,.F.);
#2001 = ORIENTED_EDGE('',*,*,#1900,.T.);
#2002 = ORIENTED_EDGE('',*,*,#2003,.T.);
#2003 = EDGE_CURVE('',#1893,#1979,#2004,.T.);
#2004 = LINE('',#2005,#2006);
#2005 = CARTESIAN_POINT('',(-30.5,-46.15,-8.1));
#2006 = VECTOR('',#2007,1.);
#2007 = DIRECTION('',(0.,1.,0.));
#2008 = ORIENTED_EDGE('',*,*,#1987,.F.);
#2009 = PLANE('',#2010);
#2010 = AXIS2_PLACEMENT_3D('',#2011,#2012,#2013);
#2011 = CARTESIAN_POINT('',(-41.,-46.15,-8.1));
#2012 = DIRECTION('',(0.,0.,1.));
#2013 = DIRECTION('',(0.,1.,0.));
#2014 = ADVANCED_FACE('',(#2015),#2042,.T.);
#2015 = FACE_BOUND('',#2016,.T.);
#2016 = EDGE_LOOP('',(#2017,#2018,#2026,#2034,#2040,#2041));
#2017 = ORIENTED_EDGE('',*,*,#1089,.F.);
#2018 = ORIENTED_EDGE('',*,*,#2019,.T.);
#2019 = EDGE_CURVE('',#1082,#2020,#2022,.T.);
#2020 = VERTEX_POINT('',#2021);
#2021 = CARTESIAN_POINT('',(-26.,-37.,-12.));
#2022 = LINE('',#2023,#2024);
#2023 = CARTESIAN_POINT('',(-26.63888888888,-36.36111111111,
    -12.31944444444));
#2024 = VECTOR('',#2025,1.);
#2025 = DIRECTION('',(0.666666666667,-0.666666666667,0.333333333333));
#2026 = ORIENTED_EDGE('',*,*,#2027,.T.);
#2027 = EDGE_CURVE('',#2020,#2028,#2030,.T.);
#2028 = VERTEX_POINT('',#2029);
#2029 = CARTESIAN_POINT('',(-26.,-50.,-12.));
#2030 = LINE('',#2031,#2032);
#2031 = CARTESIAN_POINT('',(-26.,-36.,-12.));
#2032 = VECTOR('',#2033,1.);
#2033 = DIRECTION('',(0.,-1.,0.));
#2034 = ORIENTED_EDGE('',*,*,#2035,.F.);
#2035 = EDGE_CURVE('',#997,#2028,#2036,.T.);
#2036 = LINE('',#2037,#2038);
#2037 = CARTESIAN_POINT('',(-23.30555555555,-47.30555555555,
    -10.65277777777));
#2038 = VECTOR('',#2039,1.);
#2039 = DIRECTION('',(0.666666666667,0.666666666667,0.333333333333));
#2040 = ORIENTED_EDGE('',*,*,#996,.T.);
#2041 = ORIENTED_EDGE('',*,*,#1038,.F.);
#2042 = PLANE('',#2043);
#2043 = AXIS2_PLACEMENT_3D('',#2044,#2045,#2046);
#2044 = CARTESIAN_POINT('',(-28.5,-36.,-13.25));
#2045 = DIRECTION('',(0.4472135955,0.,-0.894427191));
#2046 = DIRECTION('',(0.,-1.,0.));
#2047 = ADVANCED_FACE('',(#2048),#2067,.T.);
#2048 = FACE_BOUND('',#2049,.T.);
#2049 = EDGE_LOOP('',(#2050,#2051,#2052,#2060,#2066));
#2050 = ORIENTED_EDGE('',*,*,#1006,.T.);
#2051 = ORIENTED_EDGE('',*,*,#2035,.T.);
#2052 = ORIENTED_EDGE('',*,*,#2053,.F.);
#2053 = EDGE_CURVE('',#2054,#2028,#2056,.T.);
#2054 = VERTEX_POINT('',#2055);
#2055 = CARTESIAN_POINT('',(-26.,-50.,-7.085786437627));
#2056 = LINE('',#2057,#2058);
#2057 = CARTESIAN_POINT('',(-26.,-50.,-7.5));
#2058 = VECTOR('',#2059,1.);
#2059 = DIRECTION('',(0.,0.,-1.));
#2060 = ORIENTED_EDGE('',*,*,#2061,.F.);
#2061 = EDGE_CURVE('',#1105,#2054,#2062,.T.);
#2062 = LINE('',#2063,#2064);
#2063 = CARTESIAN_POINT('',(-26.53950428678,-50.53950428678,
    -7.309256430169));
#2064 = VECTOR('',#2065,1.);
#2065 = DIRECTION('',(0.678598344546,0.678598344546,0.281084637715));
#2066 = ORIENTED_EDGE('',*,*,#1112,.T.);
#2067 = PLANE('',#2068);
#2068 = AXIS2_PLACEMENT_3D('',#2069,#2070,#2071);
#2069 = CARTESIAN_POINT('',(-26.5,-50.5,-7.5));
#2070 = DIRECTION('',(0.707106781187,-0.707106781187,0.));
#2071 = DIRECTION('',(0.,0.,-1.));
#2072 = ADVANCED_FACE('',(#2073),#2084,.F.);
#2073 = FACE_BOUND('',#2074,.F.);
#2074 = EDGE_LOOP('',(#2075,#2076,#2082,#2083));
#2075 = ORIENTED_EDGE('',*,*,#1054,.F.);
#2076 = ORIENTED_EDGE('',*,*,#2077,.T.);
#2077 = EDGE_CURVE('',#1055,#1875,#2078,.T.);
#2078 = LINE('',#2079,#2080);
#2079 = CARTESIAN_POINT('',(-31.9,-43.5,-14.5));
#2080 = VECTOR('',#2081,1.);
#2081 = DIRECTION('',(0.,0.,1.));
#2082 = ORIENTED_EDGE('',*,*,#1874,.T.);
#2083 = ORIENTED_EDGE('',*,*,#2077,.F.);
#2084 = CYLINDRICAL_SURFACE('',#2085,1.6);
#2085 = AXIS2_PLACEMENT_3D('',#2086,#2087,#2088);
#2086 = CARTESIAN_POINT('',(-33.5,-43.5,-14.5));
#2087 = DIRECTION('',(0.,0.,-1.));
#2088 = DIRECTION('',(1.,0.,0.));
#2089 = ADVANCED_FACE('',(#2090),#2109,.T.);
#2090 = FACE_BOUND('',#2091,.F.);
#2091 = EDGE_LOOP('',(#2092,#2093,#2094,#2102,#2108));
#2092 = ORIENTED_EDGE('',*,*,#1081,.T.);
#2093 = ORIENTED_EDGE('',*,*,#2019,.T.);
#2094 = ORIENTED_EDGE('',*,*,#2095,.F.);
#2095 = EDGE_CURVE('',#2096,#2020,#2098,.T.);
#2096 = VERTEX_POINT('',#2097);
#2097 = CARTESIAN_POINT('',(-26.,-37.,-7.085786437627));
#2098 = LINE('',#2099,#2100);
#2099 = CARTESIAN_POINT('',(-26.,-37.,-7.5));
#2100 = VECTOR('',#2101,1.);
#2101 = DIRECTION('',(0.,0.,-1.));
#2102 = ORIENTED_EDGE('',*,*,#2103,.F.);
#2103 = EDGE_CURVE('',#1129,#2096,#2104,.T.);
#2104 = LINE('',#2105,#2106);
#2105 = CARTESIAN_POINT('',(-27.21388464525,-35.78611535474,
    -7.588593920848));
#2106 = VECTOR('',#2107,1.);
#2107 = DIRECTION('',(0.678598344546,-0.678598344546,0.281084637715));
#2108 = ORIENTED_EDGE('',*,*,#1138,.T.);
#2109 = PLANE('',#2110);
#2110 = AXIS2_PLACEMENT_3D('',#2111,#2112,#2113);
#2111 = CARTESIAN_POINT('',(-26.5,-36.5,-7.5));
#2112 = DIRECTION('',(0.707106781187,0.707106781187,0.));
#2113 = DIRECTION('',(0.,0.,1.));
#2114 = ADVANCED_FACE('',(#2115),#2132,.T.);
#2115 = FACE_BOUND('',#2116,.F.);
#2116 = EDGE_LOOP('',(#2117,#2118,#2119,#2126));
#2117 = ORIENTED_EDGE('',*,*,#2061,.F.);
#2118 = ORIENTED_EDGE('',*,*,#1162,.T.);
#2119 = ORIENTED_EDGE('',*,*,#2120,.T.);
#2120 = EDGE_CURVE('',#1155,#2121,#2123,.T.);
#2121 = VERTEX_POINT('',#2122);
#2122 = CARTESIAN_POINT('',(-26.,-53.58578643762,-3.5));
#2123 = B_SPLINE_CURVE_WITH_KNOTS('',1,(#2124,#2125),.UNSPECIFIED.,.F.,
  .F.,(2,2),(0.,1.),.PIECEWISE_BEZIER_KNOTS.);
#2124 = CARTESIAN_POINT('',(-27.,-55.29289321881,-3.207106781187));
#2125 = CARTESIAN_POINT('',(-26.,-53.58578643762,-3.5));
#2126 = ORIENTED_EDGE('',*,*,#2127,.F.);
#2127 = EDGE_CURVE('',#2054,#2121,#2128,.T.);
#2128 = LINE('',#2129,#2130);
#2129 = CARTESIAN_POINT('',(-26.,-50.29289321881,-6.792893218813));
#2130 = VECTOR('',#2131,1.);
#2131 = DIRECTION('',(0.,-0.707106781187,0.707106781187));
#2132 = PLANE('',#2133);
#2133 = AXIS2_PLACEMENT_3D('',#2134,#2135,#2136);
#2134 = CARTESIAN_POINT('',(-26.5,-50.6464466094,-7.146446609407));
#2135 = DIRECTION('',(0.707106781187,-0.5,-0.5));
#2136 = DIRECTION('',(0.,0.707106781187,-0.707106781187));
#2137 = ADVANCED_FACE('',(#2138),#2148,.F.);
#2138 = FACE_BOUND('',#2139,.F.);
#2139 = EDGE_LOOP('',(#2140,#2145,#2146,#2147));
#2140 = ORIENTED_EDGE('',*,*,#2141,.T.);
#2141 = EDGE_CURVE('',#1510,#1155,#2142,.T.);
#2142 = B_SPLINE_CURVE_WITH_KNOTS('',1,(#2143,#2144),.UNSPECIFIED.,.F.,
  .F.,(2,2),(0.,1.),.PIECEWISE_BEZIER_KNOTS.);
#2143 = CARTESIAN_POINT('',(-27.,-57.,-2.5));
#2144 = CARTESIAN_POINT('',(-27.,-55.29289321881,-3.207106781187));
#2145 = ORIENTED_EDGE('',*,*,#1154,.T.);
#2146 = ORIENTED_EDGE('',*,*,#1190,.F.);
#2147 = ORIENTED_EDGE('',*,*,#1516,.F.);
#2148 = PLANE('',#2149);
#2149 = AXIS2_PLACEMENT_3D('',#2150,#2151,#2152);
#2150 = CARTESIAN_POINT('',(-26.,-56.1464466094,-2.853553390593));
#2151 = DIRECTION('',(0.,0.382683432365,0.923879532511));
#2152 = DIRECTION('',(-1.,0.,0.));
#2153 = ADVANCED_FACE('',(#2154),#2164,.T.);
#2154 = FACE_BOUND('',#2155,.T.);
#2155 = EDGE_LOOP('',(#2156,#2157,#2158,#2163));
#2156 = ORIENTED_EDGE('',*,*,#1204,.F.);
#2157 = ORIENTED_EDGE('',*,*,#1486,.T.);
#2158 = ORIENTED_EDGE('',*,*,#2159,.T.);
#2159 = EDGE_CURVE('',#1487,#1235,#2160,.T.);
#2160 = B_SPLINE_CURVE_WITH_KNOTS('',1,(#2161,#2162),.UNSPECIFIED.,.F.,
  .F.,(2,2),(0.,1.),.PIECEWISE_BEZIER_KNOTS.);
#2161 = CARTESIAN_POINT('',(-27.,-30.,-2.5));
#2162 = CARTESIAN_POINT('',(-27.,-31.70710678118,-3.207106781187));
#2163 = ORIENTED_EDGE('',*,*,#1234,.F.);
#2164 = PLANE('',#2165);
#2165 = AXIS2_PLACEMENT_3D('',#2166,#2167,#2168);
#2166 = CARTESIAN_POINT('',(-41.,-30.85355339059,-2.853553390593));
#2167 = DIRECTION('',(0.,0.382683432365,-0.923879532511));
#2168 = DIRECTION('',(1.,0.,0.));
#2169 = ADVANCED_FACE('',(#2170),#2187,.F.);
#2170 = FACE_BOUND('',#2171,.F.);
#2171 = EDGE_LOOP('',(#2172,#2173,#2174,#2182));
#2172 = ORIENTED_EDGE('',*,*,#1242,.T.);
#2173 = ORIENTED_EDGE('',*,*,#2103,.T.);
#2174 = ORIENTED_EDGE('',*,*,#2175,.F.);
#2175 = EDGE_CURVE('',#2176,#2096,#2178,.T.);
#2176 = VERTEX_POINT('',#2177);
#2177 = CARTESIAN_POINT('',(-26.,-33.41421356237,-3.5));
#2178 = LINE('',#2179,#2180);
#2179 = CARTESIAN_POINT('',(-26.,-31.70710678118,-1.792893218813));
#2180 = VECTOR('',#2181,1.);
#2181 = DIRECTION('',(0.,-0.707106781187,-0.707106781187));
#2182 = ORIENTED_EDGE('',*,*,#2183,.F.);
#2183 = EDGE_CURVE('',#1235,#2176,#2184,.T.);
#2184 = B_SPLINE_CURVE_WITH_KNOTS('',1,(#2185,#2186),.UNSPECIFIED.,.F.,
  .F.,(2,2),(0.,1.),.PIECEWISE_BEZIER_KNOTS.);
#2185 = CARTESIAN_POINT('',(-27.,-31.70710678118,-3.207106781187));
#2186 = CARTESIAN_POINT('',(-26.,-33.41421356237,-3.5));
#2187 = PLANE('',#2188);
#2188 = AXIS2_PLACEMENT_3D('',#2189,#2190,#2191);
#2189 = CARTESIAN_POINT('',(-26.5,-31.35355339059,-2.146446609407));
#2190 = DIRECTION('',(-0.707106781187,-0.5,0.5));
#2191 = DIRECTION('',(5.551115123126E-17,-0.707106781187,-0.707106781187
    ));
#2192 = ADVANCED_FACE('',(#2193),#2207,.T.);
#2193 = FACE_BOUND('',#2194,.T.);
#2194 = EDGE_LOOP('',(#2195,#2200,#2201,#2206));
#2195 = ORIENTED_EDGE('',*,*,#2196,.F.);
#2196 = EDGE_CURVE('',#1257,#198,#2197,.T.);
#2197 = B_SPLINE_CURVE_WITH_KNOTS('',1,(#2198,#2199),.UNSPECIFIED.,.F.,
  .F.,(2,2),(0.,1.),.PIECEWISE_BEZIER_KNOTS.);
#2198 = CARTESIAN_POINT('',(-40.,10.,-2.5));
#2199 = CARTESIAN_POINT('',(-40.,11.707106781187,-3.207106781187));
#2200 = ORIENTED_EDGE('',*,*,#1256,.T.);
#2201 = ORIENTED_EDGE('',*,*,#2202,.T.);
#2202 = EDGE_CURVE('',#1259,#48,#2203,.T.);
#2203 = B_SPLINE_CURVE_WITH_KNOTS('',1,(#2204,#2205),.UNSPECIFIED.,.F.,
  .F.,(2,2),(0.,1.),.PIECEWISE_BEZIER_KNOTS.);
#2204 = CARTESIAN_POINT('',(-42.,13.414213562373,-2.5));
#2205 = CARTESIAN_POINT('',(-41.,13.414213562373,-3.5));
#2206 = ORIENTED_EDGE('',*,*,#205,.F.);
#2207 = B_SPLINE_SURFACE_WITH_KNOTS('',1,1,(
    (#2208,#2209)
    ,(#2210,#2211
    )),.UNSPECIFIED.,.F.,.F.,.F.,(2,2),(2,2),(0.,1.),(0.,1.),
  .PIECEWISE_BEZIER_KNOTS.);
#2208 = CARTESIAN_POINT('',(-40.,10.,-2.5));
#2209 = CARTESIAN_POINT('',(-40.,11.707106781187,-3.207106781187));
#2210 = CARTESIAN_POINT('',(-42.,13.414213562373,-2.5));
#2211 = CARTESIAN_POINT('',(-41.,13.414213562373,-3.5));
#2212 = ADVANCED_FACE('',(#2213),#2230,.T.);
#2213 = FACE_BOUND('',#2214,.T.);
#2214 = EDGE_LOOP('',(#2215,#2222,#2223,#2224));
#2215 = ORIENTED_EDGE('',*,*,#2216,.F.);
#2216 = EDGE_CURVE('',#1304,#2217,#2219,.T.);
#2217 = VERTEX_POINT('',#2218);
#2218 = CARTESIAN_POINT('',(-27.,11.707106781187,-3.207106781187));
#2219 = B_SPLINE_CURVE_WITH_KNOTS('',1,(#2220,#2221),.UNSPECIFIED.,.F.,
  .F.,(2,2),(0.,1.),.PIECEWISE_BEZIER_KNOTS.);
#2220 = CARTESIAN_POINT('',(-27.,10.,-2.5));
#2221 = CARTESIAN_POINT('',(-27.,11.707106781187,-3.207106781187));
#2222 = ORIENTED_EDGE('',*,*,#1310,.T.);
#2223 = ORIENTED_EDGE('',*,*,#2196,.T.);
#2224 = ORIENTED_EDGE('',*,*,#2225,.F.);
#2225 = EDGE_CURVE('',#2217,#198,#2226,.T.);
#2226 = LINE('',#2227,#2228);
#2227 = CARTESIAN_POINT('',(-26.,11.707106781187,-3.207106781187));
#2228 = VECTOR('',#2229,1.);
#2229 = DIRECTION('',(-1.,0.,0.));
#2230 = PLANE('',#2231);
#2231 = AXIS2_PLACEMENT_3D('',#2232,#2233,#2234);
#2232 = CARTESIAN_POINT('',(-26.,10.853553390593,-2.853553390593));
#2233 = DIRECTION('',(0.,-0.382683432365,-0.923879532511));
#2234 = DIRECTION('',(-1.,0.,0.));
#2235 = ADVANCED_FACE('',(#2236),#2252,.F.);
#2236 = FACE_BOUND('',#2237,.F.);
#2237 = EDGE_LOOP('',(#2238,#2239,#2240,#2247));
#2238 = ORIENTED_EDGE('',*,*,#2216,.F.);
#2239 = ORIENTED_EDGE('',*,*,#1303,.T.);
#2240 = ORIENTED_EDGE('',*,*,#2241,.T.);
#2241 = EDGE_CURVE('',#1296,#2242,#2244,.T.);
#2242 = VERTEX_POINT('',#2243);
#2243 = CARTESIAN_POINT('',(-26.,13.414213562373,-3.5));
#2244 = B_SPLINE_CURVE_WITH_KNOTS('',1,(#2245,#2246),.UNSPECIFIED.,.F.,
  .F.,(2,2),(0.,1.),.PIECEWISE_BEZIER_KNOTS.);
#2245 = CARTESIAN_POINT('',(-25.,13.414213562373,-2.5));
#2246 = CARTESIAN_POINT('',(-26.,13.414213562373,-3.5));
#2247 = ORIENTED_EDGE('',*,*,#2248,.F.);
#2248 = EDGE_CURVE('',#2217,#2242,#2249,.T.);
#2249 = B_SPLINE_CURVE_WITH_KNOTS('',1,(#2250,#2251),.UNSPECIFIED.,.F.,
  .F.,(2,2),(0.,1.),.PIECEWISE_BEZIER_KNOTS.);
#2250 = CARTESIAN_POINT('',(-27.,11.707106781187,-3.207106781187));
#2251 = CARTESIAN_POINT('',(-26.,13.414213562373,-3.5));
#2252 = B_SPLINE_SURFACE_WITH_KNOTS('',1,1,(
    (#2253,#2254)
    ,(#2255,#2256
    )),.UNSPECIFIED.,.F.,.F.,.F.,(2,2),(2,2),(0.,1.),(0.,1.),
  .PIECEWISE_BEZIER_KNOTS.);
#2253 = CARTESIAN_POINT('',(-27.,10.,-2.5));
#2254 = CARTESIAN_POINT('',(-27.,11.707106781187,-3.207106781187));
#2255 = CARTESIAN_POINT('',(-25.,13.414213562373,-2.5));
#2256 = CARTESIAN_POINT('',(-26.,13.414213562373,-3.5));
#2257 = ADVANCED_FACE('',(#2258),#2278,.F.);
#2258 = FACE_BOUND('',#2259,.F.);
#2259 = EDGE_LOOP('',(#2260,#2267,#2268,#2273));
#2260 = ORIENTED_EDGE('',*,*,#2261,.F.);
#2261 = EDGE_CURVE('',#1274,#2262,#2264,.T.);
#2262 = VERTEX_POINT('',#2263);
#2263 = CARTESIAN_POINT('',(-40.,35.292893218814,-3.207106781187));
#2264 = B_SPLINE_CURVE_WITH_KNOTS('',1,(#2265,#2266),.UNSPECIFIED.,.F.,
  .F.,(2,2),(0.,1.),.PIECEWISE_BEZIER_KNOTS.);
#2265 = CARTESIAN_POINT('',(-40.,37.,-2.5));
#2266 = CARTESIAN_POINT('',(-40.,35.292893218814,-3.207106781187));
#2267 = ORIENTED_EDGE('',*,*,#1273,.T.);
#2268 = ORIENTED_EDGE('',*,*,#2269,.T.);
#2269 = EDGE_CURVE('',#1266,#40,#2270,.T.);
#2270 = B_SPLINE_CURVE_WITH_KNOTS('',1,(#2271,#2272),.UNSPECIFIED.,.F.,
  .F.,(2,2),(0.,1.),.PIECEWISE_BEZIER_KNOTS.);
#2271 = CARTESIAN_POINT('',(-42.,33.585786437627,-2.5));
#2272 = CARTESIAN_POINT('',(-41.,33.585786437627,-3.5));
#2273 = ORIENTED_EDGE('',*,*,#2274,.F.);
#2274 = EDGE_CURVE('',#2262,#40,#2275,.T.);
#2275 = B_SPLINE_CURVE_WITH_KNOTS('',1,(#2276,#2277),.UNSPECIFIED.,.F.,
  .F.,(2,2),(0.,1.),.PIECEWISE_BEZIER_KNOTS.);
#2276 = CARTESIAN_POINT('',(-40.,35.292893218814,-3.207106781187));
#2277 = CARTESIAN_POINT('',(-41.,33.585786437627,-3.5));
#2278 = B_SPLINE_SURFACE_WITH_KNOTS('',1,1,(
    (#2279,#2280)
    ,(#2281,#2282
    )),.UNSPECIFIED.,.F.,.F.,.F.,(2,2),(2,2),(0.,1.),(0.,1.),
  .PIECEWISE_BEZIER_KNOTS.);
#2279 = CARTESIAN_POINT('',(-40.,37.,-2.5));
#2280 = CARTESIAN_POINT('',(-40.,35.292893218814,-3.207106781187));
#2281 = CARTESIAN_POINT('',(-42.,33.585786437627,-2.5));
#2282 = CARTESIAN_POINT('',(-41.,33.585786437627,-3.5));
#2283 = ADVANCED_FACE('',(#2284),#2301,.T.);
#2284 = FACE_BOUND('',#2285,.T.);
#2285 = EDGE_LOOP('',(#2286,#2287,#2288,#2295));
#2286 = ORIENTED_EDGE('',*,*,#2261,.F.);
#2287 = ORIENTED_EDGE('',*,*,#1280,.T.);
#2288 = ORIENTED_EDGE('',*,*,#2289,.T.);
#2289 = EDGE_CURVE('',#1281,#2290,#2292,.T.);
#2290 = VERTEX_POINT('',#2291);
#2291 = CARTESIAN_POINT('',(-27.,35.292893218814,-3.207106781186));
#2292 = B_SPLINE_CURVE_WITH_KNOTS('',1,(#2293,#2294),.UNSPECIFIED.,.F.,
  .F.,(2,2),(0.,1.),.PIECEWISE_BEZIER_KNOTS.);
#2293 = CARTESIAN_POINT('',(-27.,37.,-2.5));
#2294 = CARTESIAN_POINT('',(-27.,35.292893218814,-3.207106781186));
#2295 = ORIENTED_EDGE('',*,*,#2296,.F.);
#2296 = EDGE_CURVE('',#2262,#2290,#2297,.T.);
#2297 = LINE('',#2298,#2299);
#2298 = CARTESIAN_POINT('',(-41.,35.292893218813,-3.207106781187));
#2299 = VECTOR('',#2300,1.);
#2300 = DIRECTION('',(1.,0.,0.));
#2301 = PLANE('',#2302);
#2302 = AXIS2_PLACEMENT_3D('',#2303,#2304,#2305);
#2303 = CARTESIAN_POINT('',(-41.,36.146446609407,-2.853553390593));
#2304 = DIRECTION('',(0.,0.382683432365,-0.923879532511));
#2305 = DIRECTION('',(1.,0.,0.));
#2306 = ADVANCED_FACE('',(#2307),#2323,.T.);
#2307 = FACE_BOUND('',#2308,.T.);
#2308 = EDGE_LOOP('',(#2309,#2310,#2311,#2318));
#2309 = ORIENTED_EDGE('',*,*,#2289,.F.);
#2310 = ORIENTED_EDGE('',*,*,#1288,.T.);
#2311 = ORIENTED_EDGE('',*,*,#2312,.T.);
#2312 = EDGE_CURVE('',#1289,#2313,#2315,.T.);
#2313 = VERTEX_POINT('',#2314);
#2314 = CARTESIAN_POINT('',(-26.,33.585786437627,-3.5));
#2315 = B_SPLINE_CURVE_WITH_KNOTS('',1,(#2316,#2317),.UNSPECIFIED.,.F.,
  .F.,(2,2),(0.,1.),.PIECEWISE_BEZIER_KNOTS.);
#2316 = CARTESIAN_POINT('',(-25.,33.585786437627,-2.5));
#2317 = CARTESIAN_POINT('',(-26.,33.585786437627,-3.5));
#2318 = ORIENTED_EDGE('',*,*,#2319,.F.);
#2319 = EDGE_CURVE('',#2290,#2313,#2320,.T.);
#2320 = B_SPLINE_CURVE_WITH_KNOTS('',1,(#2321,#2322),.UNSPECIFIED.,.F.,
  .F.,(2,2),(0.,1.),.PIECEWISE_BEZIER_KNOTS.);
#2321 = CARTESIAN_POINT('',(-27.,35.292893218814,-3.207106781186));
#2322 = CARTESIAN_POINT('',(-26.,33.585786437627,-3.5));
#2323 = B_SPLINE_SURFACE_WITH_KNOTS('',1,1,(
    (#2324,#2325)
    ,(#2326,#2327
    )),.UNSPECIFIED.,.F.,.F.,.F.,(2,2),(2,2),(0.,1.),(0.,1.),
  .PIECEWISE_BEZIER_KNOTS.);
#2324 = CARTESIAN_POINT('',(-27.,37.,-2.5));
#2325 = CARTESIAN_POINT('',(-27.,35.292893218814,-3.207106781186));
#2326 = CARTESIAN_POINT('',(-25.,33.585786437627,-2.5));
#2327 = CARTESIAN_POINT('',(-26.,33.585786437627,-3.5));
#2328 = ADVANCED_FACE('',(#2329),#2354,.F.);
#2329 = FACE_BOUND('',#2330,.F.);
#2330 = EDGE_LOOP('',(#2331,#2339,#2340,#2348));
#2331 = ORIENTED_EDGE('',*,*,#2332,.F.);
#2332 = EDGE_CURVE('',#1321,#2333,#2335,.T.);
#2333 = VERTEX_POINT('',#2334);
#2334 = CARTESIAN_POINT('',(55.,-90.,1.5));
#2335 = LINE('',#2336,#2337);
#2336 = CARTESIAN_POINT('',(55.,-90.,-2.5));
#2337 = VECTOR('',#2338,1.);
#2338 = DIRECTION('',(0.,0.,1.));
#2339 = ORIENTED_EDGE('',*,*,#1318,.F.);
#2340 = ORIENTED_EDGE('',*,*,#2341,.T.);
#2341 = EDGE_CURVE('',#1319,#2342,#2344,.T.);
#2342 = VERTEX_POINT('',#2343);
#2343 = CARTESIAN_POINT('',(-54.,-90.,1.5));
#2344 = LINE('',#2345,#2346);
#2345 = CARTESIAN_POINT('',(-54.,-90.,-2.5));
#2346 = VECTOR('',#2347,1.);
#2347 = DIRECTION('',(0.,0.,1.));
#2348 = ORIENTED_EDGE('',*,*,#2349,.T.);
#2349 = EDGE_CURVE('',#2342,#2333,#2350,.T.);
#2350 = LINE('',#2351,#2352);
#2351 = CARTESIAN_POINT('',(-55.,-90.,1.5));
#2352 = VECTOR('',#2353,1.);
#2353 = DIRECTION('',(1.,0.,0.));
#2354 = PLANE('',#2355);
#2355 = AXIS2_PLACEMENT_3D('',#2356,#2357,#2358);
#2356 = CARTESIAN_POINT('',(-55.,-90.,-2.5));
#2357 = DIRECTION('',(0.,1.,0.));
#2358 = DIRECTION('',(1.,0.,0.));
#2359 = ADVANCED_FACE('',(#2360),#2378,.T.);
#2360 = FACE_BOUND('',#2361,.T.);
#2361 = EDGE_LOOP('',(#2362,#2363,#2364,#2372));
#2362 = ORIENTED_EDGE('',*,*,#1360,.F.);
#2363 = ORIENTED_EDGE('',*,*,#2341,.T.);
#2364 = ORIENTED_EDGE('',*,*,#2365,.T.);
#2365 = EDGE_CURVE('',#2342,#2366,#2368,.T.);
#2366 = VERTEX_POINT('',#2367);
#2367 = CARTESIAN_POINT('',(-55.,-89.,1.5));
#2368 = LINE('',#2369,#2370);
#2369 = CARTESIAN_POINT('',(-54.5,-89.5,1.5));
#2370 = VECTOR('',#2371,1.);
#2371 = DIRECTION('',(-0.707106781187,0.707106781187,0.));
#2372 = ORIENTED_EDGE('',*,*,#2373,.F.);
#2373 = EDGE_CURVE('',#1353,#2366,#2374,.T.);
#2374 = LINE('',#2375,#2376);
#2375 = CARTESIAN_POINT('',(-55.,-89.,-2.5));
#2376 = VECTOR('',#2377,1.);
#2377 = DIRECTION('',(0.,0.,1.));
#2378 = PLANE('',#2379);
#2379 = AXIS2_PLACEMENT_3D('',#2380,#2381,#2382);
#2380 = CARTESIAN_POINT('',(-54.5,-89.5,-2.5));
#2381 = DIRECTION('',(-0.707106781187,-0.707106781187,0.));
#2382 = DIRECTION('',(0.,0.,1.));
#2383 = ADVANCED_FACE('',(#2384),#2418,.F.);
#2384 = FACE_BOUND('',#2385,.F.);
#2385 = EDGE_LOOP('',(#2386,#2387,#2395,#2403,#2411,#2417));
#2386 = ORIENTED_EDGE('',*,*,#2332,.T.);
#2387 = ORIENTED_EDGE('',*,*,#2388,.F.);
#2388 = EDGE_CURVE('',#2389,#2333,#2391,.T.);
#2389 = VERTEX_POINT('',#2390);
#2390 = CARTESIAN_POINT('',(55.,-89.,2.5));
#2391 = LINE('',#2392,#2393);
#2392 = CARTESIAN_POINT('',(55.,-90.75,0.75));
#2393 = VECTOR('',#2394,1.);
#2394 = DIRECTION('',(-0.,-0.707106781187,-0.707106781187));
#2395 = ORIENTED_EDGE('',*,*,#2396,.T.);
#2396 = EDGE_CURVE('',#2389,#2397,#2399,.T.);
#2397 = VERTEX_POINT('',#2398);
#2398 = CARTESIAN_POINT('',(55.,89.,2.5));
#2399 = LINE('',#2400,#2401);
#2400 = CARTESIAN_POINT('',(55.,-90.,2.5));
#2401 = VECTOR('',#2402,1.);
#2402 = DIRECTION('',(0.,1.,0.));
#2403 = ORIENTED_EDGE('',*,*,#2404,.T.);
#2404 = EDGE_CURVE('',#2397,#2405,#2407,.T.);
#2405 = VERTEX_POINT('',#2406);
#2406 = CARTESIAN_POINT('',(55.,90.,1.5));
#2407 = LINE('',#2408,#2409);
#2408 = CARTESIAN_POINT('',(55.,45.75,45.75));
#2409 = VECTOR('',#2410,1.);
#2410 = DIRECTION('',(0.,0.707106781187,-0.707106781187));
#2411 = ORIENTED_EDGE('',*,*,#2412,.F.);
#2412 = EDGE_CURVE('',#1329,#2405,#2413,.T.);
#2413 = LINE('',#2414,#2415);
#2414 = CARTESIAN_POINT('',(55.,90.,-2.5));
#2415 = VECTOR('',#2416,1.);
#2416 = DIRECTION('',(0.,0.,1.));
#2417 = ORIENTED_EDGE('',*,*,#1328,.F.);
#2418 = PLANE('',#2419);
#2419 = AXIS2_PLACEMENT_3D('',#2420,#2421,#2422);
#2420 = CARTESIAN_POINT('',(55.,-90.,-2.5));
#2421 = DIRECTION('',(-1.,0.,0.));
#2422 = DIRECTION('',(0.,1.,0.));
#2423 = ADVANCED_FACE('',(#2424),#2442,.F.);
#2424 = FACE_BOUND('',#2425,.F.);
#2425 = EDGE_LOOP('',(#2426,#2427,#2435,#2441));
#2426 = ORIENTED_EDGE('',*,*,#1352,.F.);
#2427 = ORIENTED_EDGE('',*,*,#2428,.T.);
#2428 = EDGE_CURVE('',#1345,#2429,#2431,.T.);
#2429 = VERTEX_POINT('',#2430);
#2430 = CARTESIAN_POINT('',(-55.,89.,1.5));
#2431 = LINE('',#2432,#2433);
#2432 = CARTESIAN_POINT('',(-55.,89.,-2.5));
#2433 = VECTOR('',#2434,1.);
#2434 = DIRECTION('',(0.,0.,1.));
#2435 = ORIENTED_EDGE('',*,*,#2436,.T.);
#2436 = EDGE_CURVE('',#2429,#2366,#2437,.T.);
#2437 = LINE('',#2438,#2439);
#2438 = CARTESIAN_POINT('',(-55.,90.,1.5));
#2439 = VECTOR('',#2440,1.);
#2440 = DIRECTION('',(0.,-1.,0.));
#2441 = ORIENTED_EDGE('',*,*,#2373,.F.);
#2442 = PLANE('',#2443);
#2443 = AXIS2_PLACEMENT_3D('',#2444,#2445,#2446);
#2444 = CARTESIAN_POINT('',(-55.,90.,-2.5));
#2445 = DIRECTION('',(1.,0.,0.));
#2446 = DIRECTION('',(0.,-1.,0.));
#2447 = ADVANCED_FACE('',(#2448),#2466,.F.);
#2448 = FACE_BOUND('',#2449,.F.);
#2449 = EDGE_LOOP('',(#2450,#2451,#2459,#2465));
#2450 = ORIENTED_EDGE('',*,*,#2412,.T.);
#2451 = ORIENTED_EDGE('',*,*,#2452,.T.);
#2452 = EDGE_CURVE('',#2405,#2453,#2455,.T.);
#2453 = VERTEX_POINT('',#2454);
#2454 = CARTESIAN_POINT('',(-54.,90.,1.5));
#2455 = LINE('',#2456,#2457);
#2456 = CARTESIAN_POINT('',(55.,90.,1.5));
#2457 = VECTOR('',#2458,1.);
#2458 = DIRECTION('',(-1.,0.,0.));
#2459 = ORIENTED_EDGE('',*,*,#2460,.F.);
#2460 = EDGE_CURVE('',#1337,#2453,#2461,.T.);
#2461 = LINE('',#2462,#2463);
#2462 = CARTESIAN_POINT('',(-54.,90.,-2.5));
#2463 = VECTOR('',#2464,1.);
#2464 = DIRECTION('',(0.,0.,1.));
#2465 = ORIENTED_EDGE('',*,*,#1336,.F.);
#2466 = PLANE('',#2467);
#2467 = AXIS2_PLACEMENT_3D('',#2468,#2469,#2470);
#2468 = CARTESIAN_POINT('',(55.,90.,-2.5));
#2469 = DIRECTION('',(0.,-1.,0.));
#2470 = DIRECTION('',(-1.,0.,0.));
#2471 = ADVANCED_FACE('',(#2472),#2483,.T.);
#2472 = FACE_BOUND('',#2473,.F.);
#2473 = EDGE_LOOP('',(#2474,#2475,#2476,#2482));
#2474 = ORIENTED_EDGE('',*,*,#1344,.F.);
#2475 = ORIENTED_EDGE('',*,*,#2460,.T.);
#2476 = ORIENTED_EDGE('',*,*,#2477,.T.);
#2477 = EDGE_CURVE('',#2453,#2429,#2478,.T.);
#2478 = LINE('',#2479,#2480);
#2479 = CARTESIAN_POINT('',(-54.25,89.75,1.5));
#2480 = VECTOR('',#2481,1.);
#2481 = DIRECTION('',(-0.707106781187,-0.707106781187,-0.));
#2482 = ORIENTED_EDGE('',*,*,#2428,.F.);
#2483 = PLANE('',#2484);
#2484 = AXIS2_PLACEMENT_3D('',#2485,#2486,#2487);
#2485 = CARTESIAN_POINT('',(-54.5,89.5,-2.5));
#2486 = DIRECTION('',(-0.707106781187,0.707106781187,0.));
#2487 = DIRECTION('',(-0.,-0.,-1.));
#2488 = ADVANCED_FACE('',(#2489),#2508,.F.);
#2489 = FACE_BOUND('',#2490,.F.);
#2490 = EDGE_LOOP('',(#2491,#2499,#2506,#2507));
#2491 = ORIENTED_EDGE('',*,*,#2492,.F.);
#2492 = EDGE_CURVE('',#2493,#1369,#2495,.T.);
#2493 = VERTEX_POINT('',#2494);
#2494 = CARTESIAN_POINT('',(-41.9,-80.,-0.3));
#2495 = LINE('',#2496,#2497);
#2496 = CARTESIAN_POINT('',(-41.9,-80.,2.5));
#2497 = VECTOR('',#2498,1.);
#2498 = DIRECTION('',(-0.,-0.,-1.));
#2499 = ORIENTED_EDGE('',*,*,#2500,.F.);
#2500 = EDGE_CURVE('',#2493,#2493,#2501,.T.);
#2501 = CIRCLE('',#2502,2.6);
#2502 = AXIS2_PLACEMENT_3D('',#2503,#2504,#2505);
#2503 = CARTESIAN_POINT('',(-44.5,-80.,-0.3));
#2504 = DIRECTION('',(0.,0.,1.));
#2505 = DIRECTION('',(1.,0.,0.));
#2506 = ORIENTED_EDGE('',*,*,#2492,.T.);
#2507 = ORIENTED_EDGE('',*,*,#1368,.T.);
#2508 = CYLINDRICAL_SURFACE('',#2509,2.6);
#2509 = AXIS2_PLACEMENT_3D('',#2510,#2511,#2512);
#2510 = CARTESIAN_POINT('',(-44.5,-80.,2.5));
#2511 = DIRECTION('',(0.,0.,1.));
#2512 = DIRECTION('',(1.,0.,0.));
#2513 = ADVANCED_FACE('',(#2514),#2539,.T.);
#2514 = FACE_BOUND('',#2515,.T.);
#2515 = EDGE_LOOP('',(#2516,#2524,#2532,#2538));
#2516 = ORIENTED_EDGE('',*,*,#2517,.T.);
#2517 = EDGE_CURVE('',#1380,#2518,#2520,.T.);
#2518 = VERTEX_POINT('',#2519);
#2519 = CARTESIAN_POINT('',(-20.,-61.,-1.5));
#2520 = LINE('',#2521,#2522);
#2521 = CARTESIAN_POINT('',(-20.75,-61.,-2.25));
#2522 = VECTOR('',#2523,1.);
#2523 = DIRECTION('',(0.707106781187,1.25E-15,0.707106781187));
#2524 = ORIENTED_EDGE('',*,*,#2525,.T.);
#2525 = EDGE_CURVE('',#2518,#2526,#2528,.T.);
#2526 = VERTEX_POINT('',#2527);
#2527 = CARTESIAN_POINT('',(-20.,-69.,-1.5));
#2528 = LINE('',#2529,#2530);
#2529 = CARTESIAN_POINT('',(-20.,-60.,-1.5));
#2530 = VECTOR('',#2531,1.);
#2531 = DIRECTION('',(0.,-1.,0.));
#2532 = ORIENTED_EDGE('',*,*,#2533,.F.);
#2533 = EDGE_CURVE('',#1382,#2526,#2534,.T.);
#2534 = LINE('',#2535,#2536);
#2535 = CARTESIAN_POINT('',(-20.75,-69.,-2.25));
#2536 = VECTOR('',#2537,1.);
#2537 = DIRECTION('',(0.707106781187,-1.35E-15,0.707106781187));
#2538 = ORIENTED_EDGE('',*,*,#1379,.F.);
#2539 = PLANE('',#2540);
#2540 = AXIS2_PLACEMENT_3D('',#2541,#2542,#2543);
#2541 = CARTESIAN_POINT('',(-20.5,-60.,-2.));
#2542 = DIRECTION('',(0.707106781187,0.,-0.707106781187));
#2543 = DIRECTION('',(0.,-1.,0.));
#2544 = ADVANCED_FACE('',(#2545),#2563,.T.);
#2545 = FACE_BOUND('',#2546,.T.);
#2546 = EDGE_LOOP('',(#2547,#2548,#2549,#2557));
#2547 = ORIENTED_EDGE('',*,*,#2517,.F.);
#2548 = ORIENTED_EDGE('',*,*,#1389,.T.);
#2549 = ORIENTED_EDGE('',*,*,#2550,.T.);
#2550 = EDGE_CURVE('',#1390,#2551,#2553,.T.);
#2551 = VERTEX_POINT('',#2552);
#2552 = CARTESIAN_POINT('',(-19.,-60.,-1.5));
#2553 = LINE('',#2554,#2555);
#2554 = CARTESIAN_POINT('',(-19.,-59.75,-1.75));
#2555 = VECTOR('',#2556,1.);
#2556 = DIRECTION('',(-6.83E-15,-0.707106781187,0.707106781187));
#2557 = ORIENTED_EDGE('',*,*,#2558,.F.);
#2558 = EDGE_CURVE('',#2518,#2551,#2559,.T.);
#2559 = LINE('',#2560,#2561);
#2560 = CARTESIAN_POINT('',(-20.,-61.,-1.5));
#2561 = VECTOR('',#2562,1.);
#2562 = DIRECTION('',(0.707106781187,0.707106781187,-5.58E-15));
#2563 = PLANE('',#2564);
#2564 = AXIS2_PLACEMENT_3D('',#2565,#2566,#2567);
#2565 = CARTESIAN_POINT('',(-21.,-61.,-2.5));
#2566 = DIRECTION('',(0.57735026919,-0.57735026919,-0.57735026919));
#2567 = DIRECTION('',(0.707106781187,0.707106781187,-5.689893001204E-15)
  );
#2568 = ADVANCED_FACE('',(#2569),#2587,.F.);
#2569 = FACE_BOUND('',#2570,.F.);
#2570 = EDGE_LOOP('',(#2571,#2572,#2573,#2581));
#2571 = ORIENTED_EDGE('',*,*,#2533,.F.);
#2572 = ORIENTED_EDGE('',*,*,#1437,.T.);
#2573 = ORIENTED_EDGE('',*,*,#2574,.T.);
#2574 = EDGE_CURVE('',#1430,#2575,#2577,.T.);
#2575 = VERTEX_POINT('',#2576);
#2576 = CARTESIAN_POINT('',(-19.,-70.,-1.5));
#2577 = LINE('',#2578,#2579);
#2578 = CARTESIAN_POINT('',(-19.,-70.25,-1.75));
#2579 = VECTOR('',#2580,1.);
#2580 = DIRECTION('',(-3.17E-15,0.707106781187,0.707106781187));
#2581 = ORIENTED_EDGE('',*,*,#2582,.F.);
#2582 = EDGE_CURVE('',#2526,#2575,#2583,.T.);
#2583 = LINE('',#2584,#2585);
#2584 = CARTESIAN_POINT('',(-20.,-69.,-1.5));
#2585 = VECTOR('',#2586,1.);
#2586 = DIRECTION('',(0.707106781187,-0.707106781187,-1.83E-15));
#2587 = PLANE('',#2588);
#2588 = AXIS2_PLACEMENT_3D('',#2589,#2590,#2591);
#2589 = CARTESIAN_POINT('',(-21.,-69.,-2.5));
#2590 = DIRECTION('',(-0.57735026919,-0.57735026919,0.57735026919));
#2591 = DIRECTION('',(0.707106781187,-0.707106781187,-1.942890293094E-15
    ));
#2592 = ADVANCED_FACE('',(#2593),#2611,.T.);
#2593 = FACE_BOUND('',#2594,.T.);
#2594 = EDGE_LOOP('',(#2595,#2603,#2609,#2610));
#2595 = ORIENTED_EDGE('',*,*,#2596,.T.);
#2596 = EDGE_CURVE('',#1398,#2597,#2599,.T.);
#2597 = VERTEX_POINT('',#2598);
#2598 = CARTESIAN_POINT('',(19.,-60.,-1.5));
#2599 = LINE('',#2600,#2601);
#2600 = CARTESIAN_POINT('',(19.,-59.25,-2.25));
#2601 = VECTOR('',#2602,1.);
#2602 = DIRECTION('',(-4.33E-15,-0.707106781187,0.707106781187));
#2603 = ORIENTED_EDGE('',*,*,#2604,.T.);
#2604 = EDGE_CURVE('',#2597,#2551,#2605,.T.);
#2605 = LINE('',#2606,#2607);
#2606 = CARTESIAN_POINT('',(20.,-60.,-1.5));
#2607 = VECTOR('',#2608,1.);
#2608 = DIRECTION('',(-1.,0.,0.));
#2609 = ORIENTED_EDGE('',*,*,#2550,.F.);
#2610 = ORIENTED_EDGE('',*,*,#1397,.F.);
#2611 = PLANE('',#2612);
#2612 = AXIS2_PLACEMENT_3D('',#2613,#2614,#2615);
#2613 = CARTESIAN_POINT('',(20.,-59.5,-2.));
#2614 = DIRECTION('',(0.,-0.707106781187,-0.707106781187));
#2615 = DIRECTION('',(-1.,0.,0.));
#2616 = ADVANCED_FACE('',(#2617),#2635,.T.);
#2617 = FACE_BOUND('',#2618,.T.);
#2618 = EDGE_LOOP('',(#2619,#2620,#2628,#2634));
#2619 = ORIENTED_EDGE('',*,*,#2574,.T.);
#2620 = ORIENTED_EDGE('',*,*,#2621,.T.);
#2621 = EDGE_CURVE('',#2575,#2622,#2624,.T.);
#2622 = VERTEX_POINT('',#2623);
#2623 = CARTESIAN_POINT('',(19.,-70.,-1.5));
#2624 = LINE('',#2625,#2626);
#2625 = CARTESIAN_POINT('',(-20.,-70.,-1.5));
#2626 = VECTOR('',#2627,1.);
#2627 = DIRECTION('',(1.,0.,0.));
#2628 = ORIENTED_EDGE('',*,*,#2629,.F.);
#2629 = EDGE_CURVE('',#1422,#2622,#2630,.T.);
#2630 = LINE('',#2631,#2632);
#2631 = CARTESIAN_POINT('',(19.,-70.75,-2.25));
#2632 = VECTOR('',#2633,1.);
#2633 = DIRECTION('',(-6.7E-16,0.707106781187,0.707106781187));
#2634 = ORIENTED_EDGE('',*,*,#1429,.F.);
#2635 = PLANE('',#2636);
#2636 = AXIS2_PLACEMENT_3D('',#2637,#2638,#2639);
#2637 = CARTESIAN_POINT('',(-20.,-70.5,-2.));
#2638 = DIRECTION('',(0.,0.707106781187,-0.707106781187));
#2639 = DIRECTION('',(1.,0.,0.));
#2640 = ADVANCED_FACE('',(#2641),#2659,.T.);
#2641 = FACE_BOUND('',#2642,.T.);
#2642 = EDGE_LOOP('',(#2643,#2644,#2645,#2653));
#2643 = ORIENTED_EDGE('',*,*,#2596,.F.);
#2644 = ORIENTED_EDGE('',*,*,#1405,.T.);
#2645 = ORIENTED_EDGE('',*,*,#2646,.T.);
#2646 = EDGE_CURVE('',#1406,#2647,#2649,.T.);
#2647 = VERTEX_POINT('',#2648);
#2648 = CARTESIAN_POINT('',(20.,-61.,-1.5));
#2649 = LINE('',#2650,#2651);
#2650 = CARTESIAN_POINT('',(20.25,-61.,-1.75));
#2651 = VECTOR('',#2652,1.);
#2652 = DIRECTION('',(-0.707106781187,-1.01E-14,0.707106781187));
#2653 = ORIENTED_EDGE('',*,*,#2654,.F.);
#2654 = EDGE_CURVE('',#2597,#2647,#2655,.T.);
#2655 = LINE('',#2656,#2657);
#2656 = CARTESIAN_POINT('',(19.,-60.,-1.5));
#2657 = VECTOR('',#2658,1.);
#2658 = DIRECTION('',(0.707106781187,-0.707106781187,5.77E-15));
#2659 = PLANE('',#2660);
#2660 = AXIS2_PLACEMENT_3D('',#2661,#2662,#2663);
#2661 = CARTESIAN_POINT('',(19.,-59.,-2.5));
#2662 = DIRECTION('',(-0.57735026919,-0.57735026919,-0.57735026919));
#2663 = DIRECTION('',(0.707106781187,-0.707106781187,5.689893001204E-15)
  );
#2664 = ADVANCED_FACE('',(#2665),#2683,.F.);
#2665 = FACE_BOUND('',#2666,.F.);
#2666 = EDGE_LOOP('',(#2667,#2668,#2669,#2677));
#2667 = ORIENTED_EDGE('',*,*,#2629,.F.);
#2668 = ORIENTED_EDGE('',*,*,#1421,.T.);
#2669 = ORIENTED_EDGE('',*,*,#2670,.T.);
#2670 = EDGE_CURVE('',#1414,#2671,#2673,.T.);
#2671 = VERTEX_POINT('',#2672);
#2672 = CARTESIAN_POINT('',(20.,-69.,-1.5));
#2673 = LINE('',#2674,#2675);
#2674 = CARTESIAN_POINT('',(20.25,-69.,-1.75));
#2675 = VECTOR('',#2676,1.);
#2676 = DIRECTION('',(-0.707106781187,2.6E-15,0.707106781187));
#2677 = ORIENTED_EDGE('',*,*,#2678,.F.);
#2678 = EDGE_CURVE('',#2622,#2671,#2679,.T.);
#2679 = LINE('',#2680,#2681);
#2680 = CARTESIAN_POINT('',(19.,-70.,-1.5));
#2681 = VECTOR('',#2682,1.);
#2682 = DIRECTION('',(0.707106781187,0.707106781187,1.92E-15));
#2683 = PLANE('',#2684);
#2684 = AXIS2_PLACEMENT_3D('',#2685,#2686,#2687);
#2685 = CARTESIAN_POINT('',(19.,-71.,-2.5));
#2686 = DIRECTION('',(0.57735026919,-0.57735026919,0.57735026919));
#2687 = DIRECTION('',(0.707106781187,0.707106781187,1.915134717478E-15)
  );
#2688 = ADVANCED_FACE('',(#2689),#2700,.T.);
#2689 = FACE_BOUND('',#2690,.T.);
#2690 = EDGE_LOOP('',(#2691,#2692,#2698,#2699));
#2691 = ORIENTED_EDGE('',*,*,#2670,.T.);
#2692 = ORIENTED_EDGE('',*,*,#2693,.T.);
#2693 = EDGE_CURVE('',#2671,#2647,#2694,.T.);
#2694 = LINE('',#2695,#2696);
#2695 = CARTESIAN_POINT('',(20.,-70.,-1.5));
#2696 = VECTOR('',#2697,1.);
#2697 = DIRECTION('',(0.,1.,0.));
#2698 = ORIENTED_EDGE('',*,*,#2646,.F.);
#2699 = ORIENTED_EDGE('',*,*,#1413,.F.);
#2700 = PLANE('',#2701);
#2701 = AXIS2_PLACEMENT_3D('',#2702,#2703,#2704);
#2702 = CARTESIAN_POINT('',(20.5,-70.,-2.));
#2703 = DIRECTION('',(-0.707106781187,0.,-0.707106781187));
#2704 = DIRECTION('',(0.,1.,0.));
#2705 = ADVANCED_FACE('',(#2706),#2725,.F.);
#2706 = FACE_BOUND('',#2707,.F.);
#2707 = EDGE_LOOP('',(#2708,#2716,#2723,#2724));
#2708 = ORIENTED_EDGE('',*,*,#2709,.F.);
#2709 = EDGE_CURVE('',#2710,#1446,#2712,.T.);
#2710 = VERTEX_POINT('',#2711);
#2711 = CARTESIAN_POINT('',(47.1,-80.,-0.3));
#2712 = LINE('',#2713,#2714);
#2713 = CARTESIAN_POINT('',(47.1,-80.,2.5));
#2714 = VECTOR('',#2715,1.);
#2715 = DIRECTION('',(-0.,-0.,-1.));
#2716 = ORIENTED_EDGE('',*,*,#2717,.F.);
#2717 = EDGE_CURVE('',#2710,#2710,#2718,.T.);
#2718 = CIRCLE('',#2719,2.6);
#2719 = AXIS2_PLACEMENT_3D('',#2720,#2721,#2722);
#2720 = CARTESIAN_POINT('',(44.5,-80.,-0.3));
#2721 = DIRECTION('',(0.,0.,1.));
#2722 = DIRECTION('',(1.,0.,0.));
#2723 = ORIENTED_EDGE('',*,*,#2709,.T.);
#2724 = ORIENTED_EDGE('',*,*,#1445,.T.);
#2725 = CYLINDRICAL_SURFACE('',#2726,2.6);
#2726 = AXIS2_PLACEMENT_3D('',#2727,#2728,#2729);
#2727 = CARTESIAN_POINT('',(44.5,-80.,2.5));
#2728 = DIRECTION('',(0.,0.,1.));
#2729 = DIRECTION('',(1.,0.,0.));
#2730 = ADVANCED_FACE('',(#2731),#2750,.F.);
#2731 = FACE_BOUND('',#2732,.F.);
#2732 = EDGE_LOOP('',(#2733,#2741,#2748,#2749));
#2733 = ORIENTED_EDGE('',*,*,#2734,.F.);
#2734 = EDGE_CURVE('',#2735,#1457,#2737,.T.);
#2735 = VERTEX_POINT('',#2736);
#2736 = CARTESIAN_POINT('',(-41.9,80.,-0.3));
#2737 = LINE('',#2738,#2739);
#2738 = CARTESIAN_POINT('',(-41.9,80.,2.5));
#2739 = VECTOR('',#2740,1.);
#2740 = DIRECTION('',(-0.,-0.,-1.));
#2741 = ORIENTED_EDGE('',*,*,#2742,.F.);
#2742 = EDGE_CURVE('',#2735,#2735,#2743,.T.);
#2743 = CIRCLE('',#2744,2.6);
#2744 = AXIS2_PLACEMENT_3D('',#2745,#2746,#2747);
#2745 = CARTESIAN_POINT('',(-44.5,80.,-0.3));
#2746 = DIRECTION('',(0.,0.,1.));
#2747 = DIRECTION('',(1.,0.,0.));
#2748 = ORIENTED_EDGE('',*,*,#2734,.T.);
#2749 = ORIENTED_EDGE('',*,*,#1456,.T.);
#2750 = CYLINDRICAL_SURFACE('',#2751,2.6);
#2751 = AXIS2_PLACEMENT_3D('',#2752,#2753,#2754);
#2752 = CARTESIAN_POINT('',(-44.5,80.,2.5));
#2753 = DIRECTION('',(0.,0.,1.));
#2754 = DIRECTION('',(1.,0.,0.));
#2755 = ADVANCED_FACE('',(#2756),#2775,.F.);
#2756 = FACE_BOUND('',#2757,.F.);
#2757 = EDGE_LOOP('',(#2758,#2766,#2773,#2774));
#2758 = ORIENTED_EDGE('',*,*,#2759,.F.);
#2759 = EDGE_CURVE('',#2760,#1468,#2762,.T.);
#2760 = VERTEX_POINT('',#2761);
#2761 = CARTESIAN_POINT('',(47.1,80.,-0.3));
#2762 = LINE('',#2763,#2764);
#2763 = CARTESIAN_POINT('',(47.1,80.,2.5));
#2764 = VECTOR('',#2765,1.);
#2765 = DIRECTION('',(-0.,-0.,-1.));
#2766 = ORIENTED_EDGE('',*,*,#2767,.F.);
#2767 = EDGE_CURVE('',#2760,#2760,#2768,.T.);
#2768 = CIRCLE('',#2769,2.6);
#2769 = AXIS2_PLACEMENT_3D('',#2770,#2771,#2772);
#2770 = CARTESIAN_POINT('',(44.5,80.,-0.3));
#2771 = DIRECTION('',(0.,0.,1.));
#2772 = DIRECTION('',(1.,0.,0.));
#2773 = ORIENTED_EDGE('',*,*,#2759,.T.);
#2774 = ORIENTED_EDGE('',*,*,#1467,.T.);
#2775 = CYLINDRICAL_SURFACE('',#2776,2.6);
#2776 = AXIS2_PLACEMENT_3D('',#2777,#2778,#2779);
#2777 = CARTESIAN_POINT('',(44.5,80.,2.5));
#2778 = DIRECTION('',(0.,0.,1.));
#2779 = DIRECTION('',(1.,0.,0.));
#2780 = ADVANCED_FACE('',(#2781),#2791,.F.);
#2781 = FACE_BOUND('',#2782,.F.);
#2782 = EDGE_LOOP('',(#2783,#2784,#2785,#2790));
#2783 = ORIENTED_EDGE('',*,*,#2141,.F.);
#2784 = ORIENTED_EDGE('',*,*,#1509,.T.);
#2785 = ORIENTED_EDGE('',*,*,#2786,.T.);
#2786 = EDGE_CURVE('',#1502,#2121,#2787,.T.);
#2787 = B_SPLINE_CURVE_WITH_KNOTS('',1,(#2788,#2789),.UNSPECIFIED.,.F.,
  .F.,(2,2),(0.,1.),.PIECEWISE_BEZIER_KNOTS.);
#2788 = CARTESIAN_POINT('',(-25.,-53.58578643762,-2.5));
#2789 = CARTESIAN_POINT('',(-26.,-53.58578643762,-3.5));
#2790 = ORIENTED_EDGE('',*,*,#2120,.F.);
#2791 = B_SPLINE_SURFACE_WITH_KNOTS('',1,1,(
    (#2792,#2793)
    ,(#2794,#2795
    )),.UNSPECIFIED.,.F.,.F.,.F.,(2,2),(2,2),(0.,1.),(0.,1.),
  .PIECEWISE_BEZIER_KNOTS.);
#2792 = CARTESIAN_POINT('',(-27.,-57.,-2.5));
#2793 = CARTESIAN_POINT('',(-27.,-55.29289321881,-3.207106781187));
#2794 = CARTESIAN_POINT('',(-25.,-53.58578643762,-2.5));
#2795 = CARTESIAN_POINT('',(-26.,-53.58578643762,-3.5));
#2796 = ADVANCED_FACE('',(#2797),#2807,.T.);
#2797 = FACE_BOUND('',#2798,.T.);
#2798 = EDGE_LOOP('',(#2799,#2800,#2801,#2806));
#2799 = ORIENTED_EDGE('',*,*,#2159,.F.);
#2800 = ORIENTED_EDGE('',*,*,#1494,.T.);
#2801 = ORIENTED_EDGE('',*,*,#2802,.T.);
#2802 = EDGE_CURVE('',#1495,#2176,#2803,.T.);
#2803 = B_SPLINE_CURVE_WITH_KNOTS('',1,(#2804,#2805),.UNSPECIFIED.,.F.,
  .F.,(2,2),(0.,1.),.PIECEWISE_BEZIER_KNOTS.);
#2804 = CARTESIAN_POINT('',(-25.,-33.41421356237,-2.5));
#2805 = CARTESIAN_POINT('',(-26.,-33.41421356237,-3.5));
#2806 = ORIENTED_EDGE('',*,*,#2183,.F.);
#2807 = B_SPLINE_SURFACE_WITH_KNOTS('',1,1,(
    (#2808,#2809)
    ,(#2810,#2811
    )),.UNSPECIFIED.,.F.,.F.,.F.,(2,2),(2,2),(0.,1.),(0.,1.),
  .PIECEWISE_BEZIER_KNOTS.);
#2808 = CARTESIAN_POINT('',(-27.,-30.,-2.5));
#2809 = CARTESIAN_POINT('',(-27.,-31.70710678118,-3.207106781187));
#2810 = CARTESIAN_POINT('',(-25.,-33.41421356237,-2.5));
#2811 = CARTESIAN_POINT('',(-26.,-33.41421356237,-3.5));
#2812 = ADVANCED_FACE('',(#2813),#2835,.T.);
#2813 = FACE_BOUND('',#2814,.T.);
#2814 = EDGE_LOOP('',(#2815,#2822,#2823,#2830));
#2815 = ORIENTED_EDGE('',*,*,#2816,.F.);
#2816 = EDGE_CURVE('',#1525,#2817,#2819,.T.);
#2817 = VERTEX_POINT('',#2818);
#2818 = CARTESIAN_POINT('',(27.,-55.29289321881,-3.207106781187));
#2819 = B_SPLINE_CURVE_WITH_KNOTS('',1,(#2820,#2821),.UNSPECIFIED.,.F.,
  .F.,(2,2),(0.,1.),.PIECEWISE_BEZIER_KNOTS.);
#2820 = CARTESIAN_POINT('',(27.,-57.,-2.5));
#2821 = CARTESIAN_POINT('',(27.,-55.29289321881,-3.207106781187));
#2822 = ORIENTED_EDGE('',*,*,#1524,.T.);
#2823 = ORIENTED_EDGE('',*,*,#2824,.T.);
#2824 = EDGE_CURVE('',#1527,#2825,#2827,.T.);
#2825 = VERTEX_POINT('',#2826);
#2826 = CARTESIAN_POINT('',(26.,-53.58578643762,-3.5));
#2827 = B_SPLINE_CURVE_WITH_KNOTS('',1,(#2828,#2829),.UNSPECIFIED.,.F.,
  .F.,(2,2),(0.,1.),.PIECEWISE_BEZIER_KNOTS.);
#2828 = CARTESIAN_POINT('',(25.,-53.58578643762,-2.5));
#2829 = CARTESIAN_POINT('',(26.,-53.58578643762,-3.5));
#2830 = ORIENTED_EDGE('',*,*,#2831,.F.);
#2831 = EDGE_CURVE('',#2817,#2825,#2832,.T.);
#2832 = B_SPLINE_CURVE_WITH_KNOTS('',1,(#2833,#2834),.UNSPECIFIED.,.F.,
  .F.,(2,2),(0.,1.),.PIECEWISE_BEZIER_KNOTS.);
#2833 = CARTESIAN_POINT('',(27.,-55.29289321881,-3.207106781187));
#2834 = CARTESIAN_POINT('',(26.,-53.58578643762,-3.5));
#2835 = B_SPLINE_SURFACE_WITH_KNOTS('',1,1,(
    (#2836,#2837)
    ,(#2838,#2839
    )),.UNSPECIFIED.,.F.,.F.,.F.,(2,2),(2,2),(0.,1.),(0.,1.),
  .PIECEWISE_BEZIER_KNOTS.);
#2836 = CARTESIAN_POINT('',(27.,-57.,-2.5));
#2837 = CARTESIAN_POINT('',(27.,-55.29289321881,-3.207106781187));
#2838 = CARTESIAN_POINT('',(25.,-53.58578643762,-2.5));
#2839 = CARTESIAN_POINT('',(26.,-53.58578643762,-3.5));
#2840 = ADVANCED_FACE('',(#2841),#2858,.T.);
#2841 = FACE_BOUND('',#2842,.T.);
#2842 = EDGE_LOOP('',(#2843,#2850,#2851,#2852));
#2843 = ORIENTED_EDGE('',*,*,#2844,.F.);
#2844 = EDGE_CURVE('',#1572,#2845,#2847,.T.);
#2845 = VERTEX_POINT('',#2846);
#2846 = CARTESIAN_POINT('',(40.,-55.29289321881,-3.207106781187));
#2847 = B_SPLINE_CURVE_WITH_KNOTS('',1,(#2848,#2849),.UNSPECIFIED.,.F.,
  .F.,(2,2),(0.,1.),.PIECEWISE_BEZIER_KNOTS.);
#2848 = CARTESIAN_POINT('',(40.,-57.,-2.5));
#2849 = CARTESIAN_POINT('',(40.,-55.29289321881,-3.207106781187));
#2850 = ORIENTED_EDGE('',*,*,#1578,.T.);
#2851 = ORIENTED_EDGE('',*,*,#2816,.T.);
#2852 = ORIENTED_EDGE('',*,*,#2853,.F.);
#2853 = EDGE_CURVE('',#2845,#2817,#2854,.T.);
#2854 = LINE('',#2855,#2856);
#2855 = CARTESIAN_POINT('',(41.,-55.29289321881,-3.207106781187));
#2856 = VECTOR('',#2857,1.);
#2857 = DIRECTION('',(-1.,0.,0.));
#2858 = PLANE('',#2859);
#2859 = AXIS2_PLACEMENT_3D('',#2860,#2861,#2862);
#2860 = CARTESIAN_POINT('',(41.,-56.1464466094,-2.853553390593));
#2861 = DIRECTION('',(0.,-0.382683432365,-0.923879532511));
#2862 = DIRECTION('',(-1.,0.,0.));
#2863 = ADVANCED_FACE('',(#2864),#2880,.F.);
#2864 = FACE_BOUND('',#2865,.F.);
#2865 = EDGE_LOOP('',(#2866,#2867,#2868,#2875));
#2866 = ORIENTED_EDGE('',*,*,#2844,.F.);
#2867 = ORIENTED_EDGE('',*,*,#1571,.T.);
#2868 = ORIENTED_EDGE('',*,*,#2869,.T.);
#2869 = EDGE_CURVE('',#1564,#2870,#2872,.T.);
#2870 = VERTEX_POINT('',#2871);
#2871 = CARTESIAN_POINT('',(41.,-53.58578643762,-3.5));
#2872 = B_SPLINE_CURVE_WITH_KNOTS('',1,(#2873,#2874),.UNSPECIFIED.,.F.,
  .F.,(2,2),(0.,1.),.PIECEWISE_BEZIER_KNOTS.);
#2873 = CARTESIAN_POINT('',(42.,-53.58578643762,-2.5));
#2874 = CARTESIAN_POINT('',(41.,-53.58578643762,-3.5));
#2875 = ORIENTED_EDGE('',*,*,#2876,.F.);
#2876 = EDGE_CURVE('',#2845,#2870,#2877,.T.);
#2877 = B_SPLINE_CURVE_WITH_KNOTS('',1,(#2878,#2879),.UNSPECIFIED.,.F.,
  .F.,(2,2),(0.,1.),.PIECEWISE_BEZIER_KNOTS.);
#2878 = CARTESIAN_POINT('',(40.,-55.29289321881,-3.207106781187));
#2879 = CARTESIAN_POINT('',(41.,-53.58578643762,-3.5));
#2880 = B_SPLINE_SURFACE_WITH_KNOTS('',1,1,(
    (#2881,#2882)
    ,(#2883,#2884
    )),.UNSPECIFIED.,.F.,.F.,.F.,(2,2),(2,2),(0.,1.),(0.,1.),
  .PIECEWISE_BEZIER_KNOTS.);
#2881 = CARTESIAN_POINT('',(40.,-57.,-2.5));
#2882 = CARTESIAN_POINT('',(40.,-55.29289321881,-3.207106781187));
#2883 = CARTESIAN_POINT('',(42.,-53.58578643762,-2.5));
#2884 = CARTESIAN_POINT('',(41.,-53.58578643762,-3.5));
#2885 = ADVANCED_FACE('',(#2886),#2908,.F.);
#2886 = FACE_BOUND('',#2887,.F.);
#2887 = EDGE_LOOP('',(#2888,#2895,#2896,#2903));
#2888 = ORIENTED_EDGE('',*,*,#2889,.F.);
#2889 = EDGE_CURVE('',#1542,#2890,#2892,.T.);
#2890 = VERTEX_POINT('',#2891);
#2891 = CARTESIAN_POINT('',(27.,-31.70710678118,-3.207106781187));
#2892 = B_SPLINE_CURVE_WITH_KNOTS('',1,(#2893,#2894),.UNSPECIFIED.,.F.,
  .F.,(2,2),(0.,1.),.PIECEWISE_BEZIER_KNOTS.);
#2893 = CARTESIAN_POINT('',(27.,-30.,-2.5));
#2894 = CARTESIAN_POINT('',(27.,-31.70710678118,-3.207106781187));
#2895 = ORIENTED_EDGE('',*,*,#1541,.T.);
#2896 = ORIENTED_EDGE('',*,*,#2897,.T.);
#2897 = EDGE_CURVE('',#1534,#2898,#2900,.T.);
#2898 = VERTEX_POINT('',#2899);
#2899 = CARTESIAN_POINT('',(26.,-33.41421356237,-3.5));
#2900 = B_SPLINE_CURVE_WITH_KNOTS('',1,(#2901,#2902),.UNSPECIFIED.,.F.,
  .F.,(2,2),(0.,1.),.PIECEWISE_BEZIER_KNOTS.);
#2901 = CARTESIAN_POINT('',(25.,-33.41421356237,-2.5));
#2902 = CARTESIAN_POINT('',(26.,-33.41421356237,-3.5));
#2903 = ORIENTED_EDGE('',*,*,#2904,.F.);
#2904 = EDGE_CURVE('',#2890,#2898,#2905,.T.);
#2905 = B_SPLINE_CURVE_WITH_KNOTS('',1,(#2906,#2907),.UNSPECIFIED.,.F.,
  .F.,(2,2),(0.,1.),.PIECEWISE_BEZIER_KNOTS.);
#2906 = CARTESIAN_POINT('',(27.,-31.70710678118,-3.207106781187));
#2907 = CARTESIAN_POINT('',(26.,-33.41421356237,-3.5));
#2908 = B_SPLINE_SURFACE_WITH_KNOTS('',1,1,(
    (#2909,#2910)
    ,(#2911,#2912
    )),.UNSPECIFIED.,.F.,.F.,.F.,(2,2),(2,2),(0.,1.),(0.,1.),
  .PIECEWISE_BEZIER_KNOTS.);
#2909 = CARTESIAN_POINT('',(27.,-30.,-2.5));
#2910 = CARTESIAN_POINT('',(27.,-31.70710678118,-3.207106781187));
#2911 = CARTESIAN_POINT('',(25.,-33.41421356237,-2.5));
#2912 = CARTESIAN_POINT('',(26.,-33.41421356237,-3.5));
#2913 = ADVANCED_FACE('',(#2914),#2931,.T.);
#2914 = FACE_BOUND('',#2915,.T.);
#2915 = EDGE_LOOP('',(#2916,#2917,#2918,#2925));
#2916 = ORIENTED_EDGE('',*,*,#2889,.F.);
#2917 = ORIENTED_EDGE('',*,*,#1548,.T.);
#2918 = ORIENTED_EDGE('',*,*,#2919,.T.);
#2919 = EDGE_CURVE('',#1549,#2920,#2922,.T.);
#2920 = VERTEX_POINT('',#2921);
#2921 = CARTESIAN_POINT('',(40.,-31.70710678118,-3.207106781187));
#2922 = B_SPLINE_CURVE_WITH_KNOTS('',1,(#2923,#2924),.UNSPECIFIED.,.F.,
  .F.,(2,2),(0.,1.),.PIECEWISE_BEZIER_KNOTS.);
#2923 = CARTESIAN_POINT('',(40.,-30.,-2.5));
#2924 = CARTESIAN_POINT('',(40.,-31.70710678118,-3.207106781187));
#2925 = ORIENTED_EDGE('',*,*,#2926,.F.);
#2926 = EDGE_CURVE('',#2890,#2920,#2927,.T.);
#2927 = LINE('',#2928,#2929);
#2928 = CARTESIAN_POINT('',(26.,-31.70710678118,-3.207106781187));
#2929 = VECTOR('',#2930,1.);
#2930 = DIRECTION('',(1.,0.,0.));
#2931 = PLANE('',#2932);
#2932 = AXIS2_PLACEMENT_3D('',#2933,#2934,#2935);
#2933 = CARTESIAN_POINT('',(26.,-30.85355339059,-2.853553390593));
#2934 = DIRECTION('',(0.,0.382683432365,-0.923879532511));
#2935 = DIRECTION('',(1.,0.,0.));
#2936 = ADVANCED_FACE('',(#2937),#2953,.T.);
#2937 = FACE_BOUND('',#2938,.T.);
#2938 = EDGE_LOOP('',(#2939,#2940,#2941,#2948));
#2939 = ORIENTED_EDGE('',*,*,#2919,.F.);
#2940 = ORIENTED_EDGE('',*,*,#1556,.T.);
#2941 = ORIENTED_EDGE('',*,*,#2942,.T.);
#2942 = EDGE_CURVE('',#1557,#2943,#2945,.T.);
#2943 = VERTEX_POINT('',#2944);
#2944 = CARTESIAN_POINT('',(41.,-33.41421356237,-3.5));
#2945 = B_SPLINE_CURVE_WITH_KNOTS('',1,(#2946,#2947),.UNSPECIFIED.,.F.,
  .F.,(2,2),(0.,1.),.PIECEWISE_BEZIER_KNOTS.);
#2946 = CARTESIAN_POINT('',(42.,-33.41421356237,-2.5));
#2947 = CARTESIAN_POINT('',(41.,-33.41421356237,-3.5));
#2948 = ORIENTED_EDGE('',*,*,#2949,.F.);
#2949 = EDGE_CURVE('',#2920,#2943,#2950,.T.);
#2950 = B_SPLINE_CURVE_WITH_KNOTS('',1,(#2951,#2952),.UNSPECIFIED.,.F.,
  .F.,(2,2),(0.,1.),.PIECEWISE_BEZIER_KNOTS.);
#2951 = CARTESIAN_POINT('',(40.,-31.70710678118,-3.207106781187));
#2952 = CARTESIAN_POINT('',(41.,-33.41421356237,-3.5));
#2953 = B_SPLINE_SURFACE_WITH_KNOTS('',1,1,(
    (#2954,#2955)
    ,(#2956,#2957
    )),.UNSPECIFIED.,.F.,.F.,.F.,(2,2),(2,2),(0.,1.),(0.,1.),
  .PIECEWISE_BEZIER_KNOTS.);
#2954 = CARTESIAN_POINT('',(40.,-30.,-2.5));
#2955 = CARTESIAN_POINT('',(40.,-31.70710678118,-3.207106781187));
#2956 = CARTESIAN_POINT('',(42.,-33.41421356237,-2.5));
#2957 = CARTESIAN_POINT('',(41.,-33.41421356237,-3.5));
#2958 = ADVANCED_FACE('',(#2959),#2981,.T.);
#2959 = FACE_BOUND('',#2960,.T.);
#2960 = EDGE_LOOP('',(#2961,#2968,#2969,#2976));
#2961 = ORIENTED_EDGE('',*,*,#2962,.F.);
#2962 = EDGE_CURVE('',#1587,#2963,#2965,.T.);
#2963 = VERTEX_POINT('',#2964);
#2964 = CARTESIAN_POINT('',(40.,35.292893218813,-3.207106781187));
#2965 = B_SPLINE_CURVE_WITH_KNOTS('',1,(#2966,#2967),.UNSPECIFIED.,.F.,
  .F.,(2,2),(0.,1.),.PIECEWISE_BEZIER_KNOTS.);
#2966 = CARTESIAN_POINT('',(40.,37.,-2.5));
#2967 = CARTESIAN_POINT('',(40.,35.292893218813,-3.207106781187));
#2968 = ORIENTED_EDGE('',*,*,#1586,.T.);
#2969 = ORIENTED_EDGE('',*,*,#2970,.T.);
#2970 = EDGE_CURVE('',#1589,#2971,#2973,.T.);
#2971 = VERTEX_POINT('',#2972);
#2972 = CARTESIAN_POINT('',(41.,33.585786437627,-3.5));
#2973 = B_SPLINE_CURVE_WITH_KNOTS('',1,(#2974,#2975),.UNSPECIFIED.,.F.,
  .F.,(2,2),(0.,1.),.PIECEWISE_BEZIER_KNOTS.);
#2974 = CARTESIAN_POINT('',(42.,33.585786437627,-2.5));
#2975 = CARTESIAN_POINT('',(41.,33.585786437627,-3.5));
#2976 = ORIENTED_EDGE('',*,*,#2977,.F.);
#2977 = EDGE_CURVE('',#2963,#2971,#2978,.T.);
#2978 = B_SPLINE_CURVE_WITH_KNOTS('',1,(#2979,#2980),.UNSPECIFIED.,.F.,
  .F.,(2,2),(0.,1.),.PIECEWISE_BEZIER_KNOTS.);
#2979 = CARTESIAN_POINT('',(40.,35.292893218813,-3.207106781187));
#2980 = CARTESIAN_POINT('',(41.,33.585786437627,-3.5));
#2981 = B_SPLINE_SURFACE_WITH_KNOTS('',1,1,(
    (#2982,#2983)
    ,(#2984,#2985
    )),.UNSPECIFIED.,.F.,.F.,.F.,(2,2),(2,2),(0.,1.),(0.,1.),
  .PIECEWISE_BEZIER_KNOTS.);
#2982 = CARTESIAN_POINT('',(40.,37.,-2.5));
#2983 = CARTESIAN_POINT('',(40.,35.292893218813,-3.207106781187));
#2984 = CARTESIAN_POINT('',(42.,33.585786437627,-2.5));
#2985 = CARTESIAN_POINT('',(41.,33.585786437627,-3.5));
#2986 = ADVANCED_FACE('',(#2987),#3004,.T.);
#2987 = FACE_BOUND('',#2988,.T.);
#2988 = EDGE_LOOP('',(#2989,#2996,#2997,#2998));
#2989 = ORIENTED_EDGE('',*,*,#2990,.F.);
#2990 = EDGE_CURVE('',#1634,#2991,#2993,.T.);
#2991 = VERTEX_POINT('',#2992);
#2992 = CARTESIAN_POINT('',(27.,35.292893218813,-3.207106781187));
#2993 = B_SPLINE_CURVE_WITH_KNOTS('',1,(#2994,#2995),.UNSPECIFIED.,.F.,
  .F.,(2,2),(0.,1.),.PIECEWISE_BEZIER_KNOTS.);
#2994 = CARTESIAN_POINT('',(27.,37.,-2.5));
#2995 = CARTESIAN_POINT('',(27.,35.292893218813,-3.207106781187));
#2996 = ORIENTED_EDGE('',*,*,#1640,.T.);
#2997 = ORIENTED_EDGE('',*,*,#2962,.T.);
#2998 = ORIENTED_EDGE('',*,*,#2999,.F.);
#2999 = EDGE_CURVE('',#2991,#2963,#3000,.T.);
#3000 = LINE('',#3001,#3002);
#3001 = CARTESIAN_POINT('',(26.,35.292893218813,-3.207106781187));
#3002 = VECTOR('',#3003,1.);
#3003 = DIRECTION('',(1.,0.,0.));
#3004 = PLANE('',#3005);
#3005 = AXIS2_PLACEMENT_3D('',#3006,#3007,#3008);
#3006 = CARTESIAN_POINT('',(26.,36.146446609407,-2.853553390593));
#3007 = DIRECTION('',(0.,0.382683432365,-0.923879532511));
#3008 = DIRECTION('',(1.,0.,0.));
#3009 = ADVANCED_FACE('',(#3010),#3026,.F.);
#3010 = FACE_BOUND('',#3011,.F.);
#3011 = EDGE_LOOP('',(#3012,#3013,#3014,#3021));
#3012 = ORIENTED_EDGE('',*,*,#2990,.F.);
#3013 = ORIENTED_EDGE('',*,*,#1633,.T.);
#3014 = ORIENTED_EDGE('',*,*,#3015,.T.);
#3015 = EDGE_CURVE('',#1626,#3016,#3018,.T.);
#3016 = VERTEX_POINT('',#3017);
#3017 = CARTESIAN_POINT('',(26.,33.585786437627,-3.5));
#3018 = B_SPLINE_CURVE_WITH_KNOTS('',1,(#3019,#3020),.UNSPECIFIED.,.F.,
  .F.,(2,2),(0.,1.),.PIECEWISE_BEZIER_KNOTS.);
#3019 = CARTESIAN_POINT('',(25.,33.585786437627,-2.5));
#3020 = CARTESIAN_POINT('',(26.,33.585786437627,-3.5));
#3021 = ORIENTED_EDGE('',*,*,#3022,.F.);
#3022 = EDGE_CURVE('',#2991,#3016,#3023,.T.);
#3023 = B_SPLINE_CURVE_WITH_KNOTS('',1,(#3024,#3025),.UNSPECIFIED.,.F.,
  .F.,(2,2),(0.,1.),.PIECEWISE_BEZIER_KNOTS.);
#3024 = CARTESIAN_POINT('',(27.,35.292893218813,-3.207106781187));
#3025 = CARTESIAN_POINT('',(26.,33.585786437627,-3.5));
#3026 = B_SPLINE_SURFACE_WITH_KNOTS('',1,1,(
    (#3027,#3028)
    ,(#3029,#3030
    )),.UNSPECIFIED.,.F.,.F.,.F.,(2,2),(2,2),(0.,1.),(0.,1.),
  .PIECEWISE_BEZIER_KNOTS.);
#3027 = CARTESIAN_POINT('',(27.,37.,-2.5));
#3028 = CARTESIAN_POINT('',(27.,35.292893218813,-3.207106781187));
#3029 = CARTESIAN_POINT('',(25.,33.585786437627,-2.5));
#3030 = CARTESIAN_POINT('',(26.,33.585786437627,-3.5));
#3031 = ADVANCED_FACE('',(#3032),#3054,.F.);
#3032 = FACE_BOUND('',#3033,.F.);
#3033 = EDGE_LOOP('',(#3034,#3041,#3042,#3049));
#3034 = ORIENTED_EDGE('',*,*,#3035,.F.);
#3035 = EDGE_CURVE('',#1604,#3036,#3038,.T.);
#3036 = VERTEX_POINT('',#3037);
#3037 = CARTESIAN_POINT('',(40.,11.707106781187,-3.207106781187));
#3038 = B_SPLINE_CURVE_WITH_KNOTS('',1,(#3039,#3040),.UNSPECIFIED.,.F.,
  .F.,(2,2),(0.,1.),.PIECEWISE_BEZIER_KNOTS.);
#3039 = CARTESIAN_POINT('',(40.,10.,-2.5));
#3040 = CARTESIAN_POINT('',(40.,11.707106781187,-3.207106781187));
#3041 = ORIENTED_EDGE('',*,*,#1603,.T.);
#3042 = ORIENTED_EDGE('',*,*,#3043,.T.);
#3043 = EDGE_CURVE('',#1596,#3044,#3046,.T.);
#3044 = VERTEX_POINT('',#3045);
#3045 = CARTESIAN_POINT('',(41.,13.414213562373,-3.5));
#3046 = B_SPLINE_CURVE_WITH_KNOTS('',1,(#3047,#3048),.UNSPECIFIED.,.F.,
  .F.,(2,2),(0.,1.),.PIECEWISE_BEZIER_KNOTS.);
#3047 = CARTESIAN_POINT('',(42.,13.414213562373,-2.5));
#3048 = CARTESIAN_POINT('',(41.,13.414213562373,-3.5));
#3049 = ORIENTED_EDGE('',*,*,#3050,.F.);
#3050 = EDGE_CURVE('',#3036,#3044,#3051,.T.);
#3051 = B_SPLINE_CURVE_WITH_KNOTS('',1,(#3052,#3053),.UNSPECIFIED.,.F.,
  .F.,(2,2),(0.,1.),.PIECEWISE_BEZIER_KNOTS.);
#3052 = CARTESIAN_POINT('',(40.,11.707106781187,-3.207106781187));
#3053 = CARTESIAN_POINT('',(41.,13.414213562373,-3.5));
#3054 = B_SPLINE_SURFACE_WITH_KNOTS('',1,1,(
    (#3055,#3056)
    ,(#3057,#3058
    )),.UNSPECIFIED.,.F.,.F.,.F.,(2,2),(2,2),(0.,1.),(0.,1.),
  .PIECEWISE_BEZIER_KNOTS.);
#3055 = CARTESIAN_POINT('',(40.,10.,-2.5));
#3056 = CARTESIAN_POINT('',(40.,11.707106781187,-3.207106781187));
#3057 = CARTESIAN_POINT('',(42.,13.414213562373,-2.5));
#3058 = CARTESIAN_POINT('',(41.,13.414213562373,-3.5));
#3059 = ADVANCED_FACE('',(#3060),#3077,.T.);
#3060 = FACE_BOUND('',#3061,.T.);
#3061 = EDGE_LOOP('',(#3062,#3063,#3064,#3071));
#3062 = ORIENTED_EDGE('',*,*,#3035,.F.);
#3063 = ORIENTED_EDGE('',*,*,#1610,.T.);
#3064 = ORIENTED_EDGE('',*,*,#3065,.T.);
#3065 = EDGE_CURVE('',#1611,#3066,#3068,.T.);
#3066 = VERTEX_POINT('',#3067);
#3067 = CARTESIAN_POINT('',(27.,11.707106781187,-3.207106781187));
#3068 = B_SPLINE_CURVE_WITH_KNOTS('',1,(#3069,#3070),.UNSPECIFIED.,.F.,
  .F.,(2,2),(0.,1.),.PIECEWISE_BEZIER_KNOTS.);
#3069 = CARTESIAN_POINT('',(27.,10.,-2.5));
#3070 = CARTESIAN_POINT('',(27.,11.707106781187,-3.207106781187));
#3071 = ORIENTED_EDGE('',*,*,#3072,.F.);
#3072 = EDGE_CURVE('',#3036,#3066,#3073,.T.);
#3073 = LINE('',#3074,#3075);
#3074 = CARTESIAN_POINT('',(41.,11.707106781187,-3.207106781187));
#3075 = VECTOR('',#3076,1.);
#3076 = DIRECTION('',(-1.,0.,0.));
#3077 = PLANE('',#3078);
#3078 = AXIS2_PLACEMENT_3D('',#3079,#3080,#3081);
#3079 = CARTESIAN_POINT('',(41.,10.853553390593,-2.853553390593));
#3080 = DIRECTION('',(0.,-0.382683432365,-0.923879532511));
#3081 = DIRECTION('',(-1.,0.,0.));
#3082 = ADVANCED_FACE('',(#3083),#3099,.T.);
#3083 = FACE_BOUND('',#3084,.T.);
#3084 = EDGE_LOOP('',(#3085,#3086,#3087,#3094));
#3085 = ORIENTED_EDGE('',*,*,#3065,.F.);
#3086 = ORIENTED_EDGE('',*,*,#1618,.T.);
#3087 = ORIENTED_EDGE('',*,*,#3088,.T.);
#3088 = EDGE_CURVE('',#1619,#3089,#3091,.T.);
#3089 = VERTEX_POINT('',#3090);
#3090 = CARTESIAN_POINT('',(26.,13.414213562373,-3.5));
#3091 = B_SPLINE_CURVE_WITH_KNOTS('',1,(#3092,#3093),.UNSPECIFIED.,.F.,
  .F.,(2,2),(0.,1.),.PIECEWISE_BEZIER_KNOTS.);
#3092 = CARTESIAN_POINT('',(25.,13.414213562373,-2.5));
#3093 = CARTESIAN_POINT('',(26.,13.414213562373,-3.5));
#3094 = ORIENTED_EDGE('',*,*,#3095,.F.);
#3095 = EDGE_CURVE('',#3066,#3089,#3096,.T.);
#3096 = B_SPLINE_CURVE_WITH_KNOTS('',1,(#3097,#3098),.UNSPECIFIED.,.F.,
  .F.,(2,2),(0.,1.),.PIECEWISE_BEZIER_KNOTS.);
#3097 = CARTESIAN_POINT('',(27.,11.707106781187,-3.207106781187));
#3098 = CARTESIAN_POINT('',(26.,13.414213562373,-3.5));
#3099 = B_SPLINE_SURFACE_WITH_KNOTS('',1,1,(
    (#3100,#3101)
    ,(#3102,#3103
    )),.UNSPECIFIED.,.F.,.F.,.F.,(2,2),(2,2),(0.,1.),(0.,1.),
  .PIECEWISE_BEZIER_KNOTS.);
#3100 = CARTESIAN_POINT('',(27.,10.,-2.5));
#3101 = CARTESIAN_POINT('',(27.,11.707106781187,-3.207106781187));
#3102 = CARTESIAN_POINT('',(25.,13.414213562373,-2.5));
#3103 = CARTESIAN_POINT('',(26.,13.414213562373,-3.5));
#3104 = ADVANCED_FACE('',(#3105),#3190,.F.);
#3105 = FACE_BOUND('',#3106,.F.);
#3106 = EDGE_LOOP('',(#3107,#3138,#3146,#3153,#3154,#3187,#3188,#3189));
#3107 = ORIENTED_EDGE('',*,*,#3108,.F.);
#3108 = EDGE_CURVE('',#3109,#1919,#3111,.T.);
#3109 = VERTEX_POINT('',#3110);
#3110 = CARTESIAN_POINT('',(-31.9,-43.5,-6.6));
#3111 = B_SPLINE_CURVE_WITH_KNOTS('',7,(#3112,#3113,#3114,#3115,#3116,
    #3117,#3118,#3119,#3120,#3121,#3122,#3123,#3124,#3125,#3126,#3127,
    #3128,#3129,#3130,#3131,#3132,#3133,#3134,#3135,#3136,#3137),
  .UNSPECIFIED.,.F.,.F.,(8,6,6,6,8),(0.,0.18195135281,0.298160298405,
    0.750825807107,1.),.UNSPECIFIED.);
#3112 = CARTESIAN_POINT('',(-31.9,-43.5,-6.6));
#3113 = CARTESIAN_POINT('',(-31.9,-43.56237970513,-6.6));
#3114 = CARTESIAN_POINT('',(-31.90283731671,-43.62465670936,
    -6.603026548639));
#3115 = CARTESIAN_POINT('',(-31.90849525353,-43.68647396062,
    -6.60906154408));
#3116 = CARTESIAN_POINT('',(-31.91689121755,-43.74747631781,
    -6.618021882335));
#3117 = CARTESIAN_POINT('',(-31.92787744487,-43.80731653183,
    -6.629759156972));
#3118 = CARTESIAN_POINT('',(-31.94124172587,-43.86566122658,
    -6.644059358847));
#3119 = CARTESIAN_POINT('',(-31.96658623547,-43.95830515044,
    -6.671233968117));
#3120 = CARTESIAN_POINT('',(-31.97733254515,-43.99371451288,
    -6.682768058781));
#3121 = CARTESIAN_POINT('',(-31.98889417254,-44.02839749912,
    -6.695192331493));
#3122 = CARTESIAN_POINT('',(-32.00121717306,-44.06232920926,
    -6.708453459667));
#3123 = CARTESIAN_POINT('',(-32.01424654451,-44.09548731159,
    -6.722497306438));
#3124 = CARTESIAN_POINT('',(-32.02792622708,-44.12785204259,
    -6.737268924666));
#3125 = CARTESIAN_POINT('',(-32.09779584563,-44.28231827523,
    -6.81286971282));
#3126 = CARTESIAN_POINT('',(-32.16253042478,-44.39323403607,
    -6.883370720226));
#3127 = CARTESIAN_POINT('',(-32.23377341184,-44.49249766646,
    -6.961731270635));
#3128 = CARTESIAN_POINT('',(-32.30947983323,-44.58066913392,
    -7.046170441762));
#3129 = CARTESIAN_POINT('',(-32.38788944907,-44.65833136824,
    -7.135411862524));
#3130 = CARTESIAN_POINT('',(-32.4673247617,-44.72599801992,
    -7.228466548037));
#3131 = CARTESIAN_POINT('',(-32.58854075002,-44.81609929291,
    -7.377702856354));
#3132 = CARTESIAN_POINT('',(-32.631048674,-44.84508379152,
    -7.431474718207));
#3133 = CARTESIAN_POINT('',(-32.67314152391,-44.87153474912,
    -7.486519844017));
#3134 = CARTESIAN_POINT('',(-32.71474510306,-44.89563649497,
    -7.543297326589));
#3135 = CARTESIAN_POINT('',(-32.75535130605,-44.9172762036,
    -7.602007001416));
#3136 = CARTESIAN_POINT('',(-32.79385769531,-44.93625817759,
    -7.662604002668));
#3137 = CARTESIAN_POINT('',(-32.82871392089,-44.95236875482,-7.725));
#3138 = ORIENTED_EDGE('',*,*,#3139,.T.);
#3139 = EDGE_CURVE('',#3109,#3140,#3142,.T.);
#3140 = VERTEX_POINT('',#3141);
#3141 = CARTESIAN_POINT('',(-31.9,-43.5,-5.5));
#3142 = LINE('',#3143,#3144);
#3143 = CARTESIAN_POINT('',(-31.9,-43.5,-14.5));
#3144 = VECTOR('',#3145,1.);
#3145 = DIRECTION('',(0.,0.,1.));
#3146 = ORIENTED_EDGE('',*,*,#3147,.T.);
#3147 = EDGE_CURVE('',#3140,#3140,#3148,.T.);
#3148 = CIRCLE('',#3149,1.6);
#3149 = AXIS2_PLACEMENT_3D('',#3150,#3151,#3152);
#3150 = CARTESIAN_POINT('',(-33.5,-43.5,-5.5));
#3151 = DIRECTION('',(0.,0.,-1.));
#3152 = DIRECTION('',(1.,0.,0.));
#3153 = ORIENTED_EDGE('',*,*,#3139,.F.);
#3154 = ORIENTED_EDGE('',*,*,#3155,.F.);
#3155 = EDGE_CURVE('',#1674,#3109,#3156,.T.);
#3156 = B_SPLINE_CURVE_WITH_KNOTS('',8,(#3157,#3158,#3159,#3160,#3161,
    #3162,#3163,#3164,#3165,#3166,#3167,#3168,#3169,#3170,#3171,#3172,
    #3173,#3174,#3175,#3176,#3177,#3178,#3179,#3180,#3181,#3182,#3183,
    #3184,#3185,#3186),.UNSPECIFIED.,.F.,.F.,(9,7,7,7,9),(0.,
    0.244082164357,0.701223169766,0.816442698671,1.),.UNSPECIFIED.);
#3157 = CARTESIAN_POINT('',(-32.82871392089,-42.04763124517,-7.725));
#3158 = CARTESIAN_POINT('',(-32.79874054636,-42.06148496448,
    -7.671344775816));
#3159 = CARTESIAN_POINT('',(-32.76612854191,-42.07741612458,
    -7.619002315255));
#3160 = CARTESIAN_POINT('',(-32.73179829433,-42.09529706839,
    -7.568022679376));
#3161 = CARTESIAN_POINT('',(-32.69645959836,-42.11500915524,
    -7.518435214459));
#3162 = CARTESIAN_POINT('',(-32.66056009835,-42.13646576092,
    -7.470177609059));
#3163 = CARTESIAN_POINT('',(-32.62430433399,-42.15966952051,
    -7.423068445935));
#3164 = CARTESIAN_POINT('',(-32.5877186021,-42.18476116325,
    -7.376830167304));
#3165 = CARTESIAN_POINT('',(-32.48147378903,-42.26306523162,
    -7.245651358054));
#3166 = CARTESIAN_POINT('',(-32.41156737366,-42.32115650012,
    -7.163078508875));
#3167 = CARTESIAN_POINT('',(-32.342154315,-42.38670776196,-7.08331554315
    ));
#3168 = CARTESIAN_POINT('',(-32.27416516292,-42.46022230974,
    -7.006767547761));
#3169 = CARTESIAN_POINT('',(-32.20874285268,-42.54216459721,
    -6.934188617958));
#3170 = CARTESIAN_POINT('',(-32.14720827739,-42.63286401718,
    -6.866681817085));
#3171 = CARTESIAN_POINT('',(-32.09109009787,-42.73246198537,
    -6.805613281503));
#3172 = CARTESIAN_POINT('',(-32.02974853791,-42.86813054705,
    -6.739240874054));
#3173 = CARTESIAN_POINT('',(-32.01783585619,-42.89603523296,
    -6.726373299542));
#3174 = CARTESIAN_POINT('',(-32.00639325609,-42.92452358396,
    -6.714032815612));
#3175 = CARTESIAN_POINT('',(-31.99545461606,-42.95358422729,
    -6.702252585092));
#3176 = CARTESIAN_POINT('',(-31.98505334509,-42.98320456193,
    -6.691065423016));
#3177 = CARTESIAN_POINT('',(-31.97522238268,-43.01337075861,
    -6.680503796632));
#3178 = CARTESIAN_POINT('',(-31.96599419886,-43.04406775979,
    -6.6705998254));
#3179 = CARTESIAN_POINT('',(-31.94371056142,-43.12500264188,
    -6.646705504731));
#3180 = CARTESIAN_POINT('',(-31.93161015937,-43.17610868647,
    -6.63375284518));
#3181 = CARTESIAN_POINT('',(-31.92127666103,-43.22839751604,
    -6.622706972459));
#3182 = CARTESIAN_POINT('',(-31.91285436112,-43.28165899838,
    -6.613713636379));
#3183 = CARTESIAN_POINT('',(-31.90645449397,-43.33567507732,
    -6.606884783513));
#3184 = CARTESIAN_POINT('',(-31.90215495129,-43.39022208358,
    -6.602298674277));
#3185 = CARTESIAN_POINT('',(-31.9,-43.44507304552,-6.6));
#3186 = CARTESIAN_POINT('',(-31.9,-43.5,-6.6));
#3187 = ORIENTED_EDGE('',*,*,#1681,.F.);
#3188 = ORIENTED_EDGE('',*,*,#1807,.F.);
#3189 = ORIENTED_EDGE('',*,*,#1918,.F.);
#3190 = CYLINDRICAL_SURFACE('',#3191,1.6);
#3191 = AXIS2_PLACEMENT_3D('',#3192,#3193,#3194);
#3192 = CARTESIAN_POINT('',(-33.5,-43.5,-14.5));
#3193 = DIRECTION('',(0.,0.,-1.));
#3194 = DIRECTION('',(1.,0.,0.));
#3195 = ADVANCED_FACE('',(#3196),#3209,.F.);
#3196 = FACE_BOUND('',#3197,.F.);
#3197 = EDGE_LOOP('',(#3198,#3199,#3200,#3201,#3202));
#3198 = ORIENTED_EDGE('',*,*,#1673,.F.);
#3199 = ORIENTED_EDGE('',*,*,#3155,.T.);
#3200 = ORIENTED_EDGE('',*,*,#3108,.T.);
#3201 = ORIENTED_EDGE('',*,*,#1970,.T.);
#3202 = ORIENTED_EDGE('',*,*,#3203,.T.);
#3203 = EDGE_CURVE('',#1971,#1665,#3204,.T.);
#3204 = CIRCLE('',#3205,1.5);
#3205 = AXIS2_PLACEMENT_3D('',#3206,#3207,#3208);
#3206 = CARTESIAN_POINT('',(-30.5,-43.5,-8.1));
#3207 = DIRECTION('',(-1.,0.,0.));
#3208 = DIRECTION('',(0.,-1.,0.));
#3209 = CYLINDRICAL_SURFACE('',#3210,1.5);
#3210 = AXIS2_PLACEMENT_3D('',#3211,#3212,#3213);
#3211 = CARTESIAN_POINT('',(-41.,-43.5,-8.1));
#3212 = DIRECTION('',(-1.,0.,0.));
#3213 = DIRECTION('',(0.,-1.,0.));
#3214 = ADVANCED_FACE('',(#3215),#3225,.T.);
#3215 = FACE_BOUND('',#3216,.T.);
#3216 = EDGE_LOOP('',(#3217,#3218,#3219,#3220,#3221,#3222,#3223,#3224));
#3217 = ORIENTED_EDGE('',*,*,#1664,.F.);
#3218 = ORIENTED_EDGE('',*,*,#1749,.T.);
#3219 = ORIENTED_EDGE('',*,*,#1772,.T.);
#3220 = ORIENTED_EDGE('',*,*,#1857,.T.);
#3221 = ORIENTED_EDGE('',*,*,#1892,.T.);
#3222 = ORIENTED_EDGE('',*,*,#2003,.T.);
#3223 = ORIENTED_EDGE('',*,*,#1978,.F.);
#3224 = ORIENTED_EDGE('',*,*,#3203,.T.);
#3225 = PLANE('',#3226);
#3226 = AXIS2_PLACEMENT_3D('',#3227,#3228,#3229);
#3227 = CARTESIAN_POINT('',(-30.5,-43.5,-8.760374598817));
#3228 = DIRECTION('',(-1.,-0.,-0.));
#3229 = DIRECTION('',(0.,0.,-1.));
#3230 = ADVANCED_FACE('',(#3231),#3244,.F.);
#3231 = FACE_BOUND('',#3232,.F.);
#3232 = EDGE_LOOP('',(#3233,#3234,#3235,#3236,#3242,#3243));
#3233 = ORIENTED_EDGE('',*,*,#2027,.T.);
#3234 = ORIENTED_EDGE('',*,*,#2053,.F.);
#3235 = ORIENTED_EDGE('',*,*,#2127,.T.);
#3236 = ORIENTED_EDGE('',*,*,#3237,.F.);
#3237 = EDGE_CURVE('',#2176,#2121,#3238,.T.);
#3238 = LINE('',#3239,#3240);
#3239 = CARTESIAN_POINT('',(-26.,-31.,-3.5));
#3240 = VECTOR('',#3241,1.);
#3241 = DIRECTION('',(-0.,-1.,-0.));
#3242 = ORIENTED_EDGE('',*,*,#2175,.T.);
#3243 = ORIENTED_EDGE('',*,*,#2095,.T.);
#3244 = PLANE('',#3245);
#3245 = AXIS2_PLACEMENT_3D('',#3246,#3247,#3248);
#3246 = CARTESIAN_POINT('',(-26.,-36.,-2.5));
#3247 = DIRECTION('',(-1.,-0.,-0.));
#3248 = DIRECTION('',(0.,-1.,0.));
#3249 = ADVANCED_FACE('',(#3250),#3268,.F.);
#3250 = FACE_BOUND('',#3251,.T.);
#3251 = EDGE_LOOP('',(#3252,#3260,#3266,#3267));
#3252 = ORIENTED_EDGE('',*,*,#3253,.F.);
#3253 = EDGE_CURVE('',#3254,#190,#3256,.T.);
#3254 = VERTEX_POINT('',#3255);
#3255 = CARTESIAN_POINT('',(-27.,16.,-7.5));
#3256 = LINE('',#3257,#3258);
#3257 = CARTESIAN_POINT('',(-26.,16.,-7.5));
#3258 = VECTOR('',#3259,1.);
#3259 = DIRECTION('',(-1.,0.,0.));
#3260 = ORIENTED_EDGE('',*,*,#3261,.F.);
#3261 = EDGE_CURVE('',#2217,#3254,#3262,.T.);
#3262 = LINE('',#3263,#3264);
#3263 = CARTESIAN_POINT('',(-27.,11.,-2.5));
#3264 = VECTOR('',#3265,1.);
#3265 = DIRECTION('',(0.,0.707106781187,-0.707106781187));
#3266 = ORIENTED_EDGE('',*,*,#2225,.T.);
#3267 = ORIENTED_EDGE('',*,*,#197,.T.);
#3268 = PLANE('',#3269);
#3269 = AXIS2_PLACEMENT_3D('',#3270,#3271,#3272);
#3270 = CARTESIAN_POINT('',(-26.,13.5,-5.));
#3271 = DIRECTION('',(0.,0.707106781187,0.707106781187));
#3272 = DIRECTION('',(1.,0.,0.));
#3273 = ADVANCED_FACE('',(#3274),#3292,.F.);
#3274 = FACE_BOUND('',#3275,.F.);
#3275 = EDGE_LOOP('',(#3276,#3284,#3290,#3291));
#3276 = ORIENTED_EDGE('',*,*,#3277,.T.);
#3277 = EDGE_CURVE('',#2242,#3278,#3280,.T.);
#3278 = VERTEX_POINT('',#3279);
#3279 = CARTESIAN_POINT('',(-26.,17.,-7.085786437627));
#3280 = LINE('',#3281,#3282);
#3281 = CARTESIAN_POINT('',(-26.,11.707106781187,-1.792893218813));
#3282 = VECTOR('',#3283,1.);
#3283 = DIRECTION('',(0.,0.707106781187,-0.707106781187));
#3284 = ORIENTED_EDGE('',*,*,#3285,.T.);
#3285 = EDGE_CURVE('',#3278,#3254,#3286,.T.);
#3286 = LINE('',#3287,#3288);
#3287 = CARTESIAN_POINT('',(-27.21388464525,15.786115354746,
    -7.588593920848));
#3288 = VECTOR('',#3289,1.);
#3289 = DIRECTION('',(-0.678598344546,-0.678598344546,-0.281084637715));
#3290 = ORIENTED_EDGE('',*,*,#3261,.F.);
#3291 = ORIENTED_EDGE('',*,*,#2248,.T.);
#3292 = PLANE('',#3293);
#3293 = AXIS2_PLACEMENT_3D('',#3294,#3295,#3296);
#3294 = CARTESIAN_POINT('',(-26.5,11.353553390593,-2.146446609407));
#3295 = DIRECTION('',(-0.707106781187,0.5,0.5));
#3296 = DIRECTION('',(0.,0.707106781187,-0.707106781187));
#3297 = ADVANCED_FACE('',(#3298),#3316,.F.);
#3298 = FACE_BOUND('',#3299,.F.);
#3299 = EDGE_LOOP('',(#3300,#3301,#3309,#3315));
#3300 = ORIENTED_EDGE('',*,*,#39,.T.);
#3301 = ORIENTED_EDGE('',*,*,#3302,.T.);
#3302 = EDGE_CURVE('',#32,#3303,#3305,.T.);
#3303 = VERTEX_POINT('',#3304);
#3304 = CARTESIAN_POINT('',(-40.,31.,-7.5));
#3305 = LINE('',#3306,#3307);
#3306 = CARTESIAN_POINT('',(-39.78611535474,31.213884645254,
    -7.588593920848));
#3307 = VECTOR('',#3308,1.);
#3308 = DIRECTION('',(0.678598344546,0.678598344546,-0.281084637715));
#3309 = ORIENTED_EDGE('',*,*,#3310,.F.);
#3310 = EDGE_CURVE('',#2262,#3303,#3311,.T.);
#3311 = LINE('',#3312,#3313);
#3312 = CARTESIAN_POINT('',(-40.,36.,-2.5));
#3313 = VECTOR('',#3314,1.);
#3314 = DIRECTION('',(0.,-0.707106781187,-0.707106781187));
#3315 = ORIENTED_EDGE('',*,*,#2274,.T.);
#3316 = PLANE('',#3317);
#3317 = AXIS2_PLACEMENT_3D('',#3318,#3319,#3320);
#3318 = CARTESIAN_POINT('',(-40.5,35.646446609407,-2.146446609407));
#3319 = DIRECTION('',(0.707106781187,-0.5,0.5));
#3320 = DIRECTION('',(1.110223024625E-16,-0.707106781187,-0.707106781187
    ));
#3321 = ADVANCED_FACE('',(#3322),#3361,.F.);
#3322 = FACE_BOUND('',#3323,.F.);
#3323 = EDGE_LOOP('',(#3324,#3334,#3340,#3341,#3347,#3355));
#3324 = ORIENTED_EDGE('',*,*,#3325,.T.);
#3325 = EDGE_CURVE('',#3326,#3328,#3330,.T.);
#3326 = VERTEX_POINT('',#3327);
#3327 = CARTESIAN_POINT('',(-26.,30.,-12.));
#3328 = VERTEX_POINT('',#3329);
#3329 = CARTESIAN_POINT('',(-26.,17.,-12.));
#3330 = LINE('',#3331,#3332);
#3331 = CARTESIAN_POINT('',(-26.,31.,-12.));
#3332 = VECTOR('',#3333,1.);
#3333 = DIRECTION('',(0.,-1.,0.));
#3334 = ORIENTED_EDGE('',*,*,#3335,.F.);
#3335 = EDGE_CURVE('',#3278,#3328,#3336,.T.);
#3336 = LINE('',#3337,#3338);
#3337 = CARTESIAN_POINT('',(-26.,17.,-7.5));
#3338 = VECTOR('',#3339,1.);
#3339 = DIRECTION('',(0.,0.,-1.));
#3340 = ORIENTED_EDGE('',*,*,#3277,.F.);
#3341 = ORIENTED_EDGE('',*,*,#3342,.F.);
#3342 = EDGE_CURVE('',#2313,#2242,#3343,.T.);
#3343 = LINE('',#3344,#3345);
#3344 = CARTESIAN_POINT('',(-26.,36.,-3.5));
#3345 = VECTOR('',#3346,1.);
#3346 = DIRECTION('',(-0.,-1.,-0.));
#3347 = ORIENTED_EDGE('',*,*,#3348,.T.);
#3348 = EDGE_CURVE('',#2313,#3349,#3351,.T.);
#3349 = VERTEX_POINT('',#3350);
#3350 = CARTESIAN_POINT('',(-26.,30.,-7.085786437627));
#3351 = LINE('',#3352,#3353);
#3352 = CARTESIAN_POINT('',(-26.,35.292893218813,-1.792893218813));
#3353 = VECTOR('',#3354,1.);
#3354 = DIRECTION('',(0.,-0.707106781187,-0.707106781187));
#3355 = ORIENTED_EDGE('',*,*,#3356,.T.);
#3356 = EDGE_CURVE('',#3349,#3326,#3357,.T.);
#3357 = LINE('',#3358,#3359);
#3358 = CARTESIAN_POINT('',(-26.,30.,-7.5));
#3359 = VECTOR('',#3360,1.);
#3360 = DIRECTION('',(0.,0.,-1.));
#3361 = PLANE('',#3362);
#3362 = AXIS2_PLACEMENT_3D('',#3363,#3364,#3365);
#3363 = CARTESIAN_POINT('',(-26.,31.,-2.5));
#3364 = DIRECTION('',(-1.,-0.,-0.));
#3365 = DIRECTION('',(0.,-1.,0.));
#3366 = ADVANCED_FACE('',(#3367),#3385,.F.);
#3367 = FACE_BOUND('',#3368,.T.);
#3368 = EDGE_LOOP('',(#3369,#3377,#3378,#3379));
#3369 = ORIENTED_EDGE('',*,*,#3370,.F.);
#3370 = EDGE_CURVE('',#3303,#3371,#3373,.T.);
#3371 = VERTEX_POINT('',#3372);
#3372 = CARTESIAN_POINT('',(-27.,31.,-7.5));
#3373 = LINE('',#3374,#3375);
#3374 = CARTESIAN_POINT('',(-41.,31.,-7.5));
#3375 = VECTOR('',#3376,1.);
#3376 = DIRECTION('',(1.,0.,0.));
#3377 = ORIENTED_EDGE('',*,*,#3310,.F.);
#3378 = ORIENTED_EDGE('',*,*,#2296,.T.);
#3379 = ORIENTED_EDGE('',*,*,#3380,.T.);
#3380 = EDGE_CURVE('',#2290,#3371,#3381,.T.);
#3381 = LINE('',#3382,#3383);
#3382 = CARTESIAN_POINT('',(-27.,36.,-2.5));
#3383 = VECTOR('',#3384,1.);
#3384 = DIRECTION('',(0.,-0.707106781187,-0.707106781187));
#3385 = PLANE('',#3386);
#3386 = AXIS2_PLACEMENT_3D('',#3387,#3388,#3389);
#3387 = CARTESIAN_POINT('',(-41.,33.5,-5.));
#3388 = DIRECTION('',(0.,-0.707106781187,0.707106781187));
#3389 = DIRECTION('',(-1.,-0.,-0.));
#3390 = ADVANCED_FACE('',(#3391),#3402,.F.);
#3391 = FACE_BOUND('',#3392,.F.);
#3392 = EDGE_LOOP('',(#3393,#3394,#3400,#3401));
#3393 = ORIENTED_EDGE('',*,*,#3380,.T.);
#3394 = ORIENTED_EDGE('',*,*,#3395,.F.);
#3395 = EDGE_CURVE('',#3349,#3371,#3396,.T.);
#3396 = LINE('',#3397,#3398);
#3397 = CARTESIAN_POINT('',(-27.21388464525,31.213884645254,
    -7.588593920848));
#3398 = VECTOR('',#3399,1.);
#3399 = DIRECTION('',(-0.678598344546,0.678598344546,-0.281084637715));
#3400 = ORIENTED_EDGE('',*,*,#3348,.F.);
#3401 = ORIENTED_EDGE('',*,*,#2319,.F.);
#3402 = PLANE('',#3403);
#3403 = AXIS2_PLACEMENT_3D('',#3404,#3405,#3406);
#3404 = CARTESIAN_POINT('',(-26.5,35.646446609407,-2.146446609407));
#3405 = DIRECTION('',(-0.707106781187,-0.5,0.5));
#3406 = DIRECTION('',(-5.551115123126E-17,-0.707106781187,
    -0.707106781187));
#3407 = ADVANCED_FACE('',(#3408),#3426,.F.);
#3408 = FACE_BOUND('',#3409,.F.);
#3409 = EDGE_LOOP('',(#3410,#3418,#3424,#3425));
#3410 = ORIENTED_EDGE('',*,*,#3411,.F.);
#3411 = EDGE_CURVE('',#3412,#2342,#3414,.T.);
#3412 = VERTEX_POINT('',#3413);
#3413 = CARTESIAN_POINT('',(-54.,-89.,2.5));
#3414 = LINE('',#3415,#3416);
#3415 = CARTESIAN_POINT('',(-54.,-89.25,2.25));
#3416 = VECTOR('',#3417,1.);
#3417 = DIRECTION('',(-6.73E-15,-0.707106781187,-0.707106781187));
#3418 = ORIENTED_EDGE('',*,*,#3419,.T.);
#3419 = EDGE_CURVE('',#3412,#2389,#3420,.T.);
#3420 = LINE('',#3421,#3422);
#3421 = CARTESIAN_POINT('',(-55.,-89.,2.5));
#3422 = VECTOR('',#3423,1.);
#3423 = DIRECTION('',(1.,0.,0.));
#3424 = ORIENTED_EDGE('',*,*,#2388,.T.);
#3425 = ORIENTED_EDGE('',*,*,#2349,.F.);
#3426 = PLANE('',#3427);
#3427 = AXIS2_PLACEMENT_3D('',#3428,#3429,#3430);
#3428 = CARTESIAN_POINT('',(-55.,-89.5,2.));
#3429 = DIRECTION('',(0.,0.707106781187,-0.707106781187));
#3430 = DIRECTION('',(1.,0.,0.));
#3431 = ADVANCED_FACE('',(#3432),#3442,.T.);
#3432 = FACE_BOUND('',#3433,.T.);
#3433 = EDGE_LOOP('',(#3434,#3435,#3441));
#3434 = ORIENTED_EDGE('',*,*,#3411,.F.);
#3435 = ORIENTED_EDGE('',*,*,#3436,.T.);
#3436 = EDGE_CURVE('',#3412,#2366,#3437,.T.);
#3437 = LINE('',#3438,#3439);
#3438 = CARTESIAN_POINT('',(-54.25,-89.,2.25));
#3439 = VECTOR('',#3440,1.);
#3440 = DIRECTION('',(-0.707106781187,-6.73E-15,-0.707106781187));
#3441 = ORIENTED_EDGE('',*,*,#2365,.F.);
#3442 = PLANE('',#3443);
#3443 = AXIS2_PLACEMENT_3D('',#3444,#3445,#3446);
#3444 = CARTESIAN_POINT('',(-54.,-89.,2.5));
#3445 = DIRECTION('',(-0.57735026919,-0.57735026919,0.57735026919));
#3446 = DIRECTION('',(-0.707106781187,0.707106781187,0.));
#3447 = ADVANCED_FACE('',(#3448,#3466,#3477,#3488,#3499,#3510),#3576,.T.
  );
#3448 = FACE_BOUND('',#3449,.T.);
#3449 = EDGE_LOOP('',(#3450,#3451,#3459,#3465));
#3450 = ORIENTED_EDGE('',*,*,#2396,.T.);
#3451 = ORIENTED_EDGE('',*,*,#3452,.T.);
#3452 = EDGE_CURVE('',#2397,#3453,#3455,.T.);
#3453 = VERTEX_POINT('',#3454);
#3454 = CARTESIAN_POINT('',(-54.,89.,2.5));
#3455 = LINE('',#3456,#3457);
#3456 = CARTESIAN_POINT('',(55.,89.,2.5));
#3457 = VECTOR('',#3458,1.);
#3458 = DIRECTION('',(-1.,0.,0.));
#3459 = ORIENTED_EDGE('',*,*,#3460,.T.);
#3460 = EDGE_CURVE('',#3453,#3412,#3461,.T.);
#3461 = LINE('',#3462,#3463);
#3462 = CARTESIAN_POINT('',(-54.,90.,2.5));
#3463 = VECTOR('',#3464,1.);
#3464 = DIRECTION('',(0.,-1.,0.));
#3465 = ORIENTED_EDGE('',*,*,#3419,.T.);
#3466 = FACE_BOUND('',#3467,.T.);
#3467 = EDGE_LOOP('',(#3468));
#3468 = ORIENTED_EDGE('',*,*,#3469,.F.);
#3469 = EDGE_CURVE('',#3470,#3470,#3472,.T.);
#3470 = VERTEX_POINT('',#3471);
#3471 = CARTESIAN_POINT('',(-39.4,-80.,2.5));
#3472 = CIRCLE('',#3473,5.1);
#3473 = AXIS2_PLACEMENT_3D('',#3474,#3475,#3476);
#3474 = CARTESIAN_POINT('',(-44.5,-80.,2.5));
#3475 = DIRECTION('',(0.,0.,1.));
#3476 = DIRECTION('',(1.,0.,0.));
#3477 = FACE_BOUND('',#3478,.T.);
#3478 = EDGE_LOOP('',(#3479));
#3479 = ORIENTED_EDGE('',*,*,#3480,.F.);
#3480 = EDGE_CURVE('',#3481,#3481,#3483,.T.);
#3481 = VERTEX_POINT('',#3482);
#3482 = CARTESIAN_POINT('',(49.6,-80.,2.5));
#3483 = CIRCLE('',#3484,5.1);
#3484 = AXIS2_PLACEMENT_3D('',#3485,#3486,#3487);
#3485 = CARTESIAN_POINT('',(44.5,-80.,2.5));
#3486 = DIRECTION('',(0.,0.,1.));
#3487 = DIRECTION('',(1.,0.,0.));
#3488 = FACE_BOUND('',#3489,.T.);
#3489 = EDGE_LOOP('',(#3490));
#3490 = ORIENTED_EDGE('',*,*,#3491,.F.);
#3491 = EDGE_CURVE('',#3492,#3492,#3494,.T.);
#3492 = VERTEX_POINT('',#3493);
#3493 = CARTESIAN_POINT('',(-39.4,80.,2.5));
#3494 = CIRCLE('',#3495,5.1);
#3495 = AXIS2_PLACEMENT_3D('',#3496,#3497,#3498);
#3496 = CARTESIAN_POINT('',(-44.5,80.,2.5));
#3497 = DIRECTION('',(0.,0.,1.));
#3498 = DIRECTION('',(1.,0.,0.));
#3499 = FACE_BOUND('',#3500,.T.);
#3500 = EDGE_LOOP('',(#3501));
#3501 = ORIENTED_EDGE('',*,*,#3502,.F.);
#3502 = EDGE_CURVE('',#3503,#3503,#3505,.T.);
#3503 = VERTEX_POINT('',#3504);
#3504 = CARTESIAN_POINT('',(49.6,80.,2.5));
#3505 = CIRCLE('',#3506,5.1);
#3506 = AXIS2_PLACEMENT_3D('',#3507,#3508,#3509);
#3507 = CARTESIAN_POINT('',(44.5,80.,2.5));
#3508 = DIRECTION('',(0.,0.,1.));
#3509 = DIRECTION('',(1.,0.,0.));
#3510 = FACE_BOUND('',#3511,.T.);
#3511 = EDGE_LOOP('',(#3512,#3522,#3530,#3538,#3546,#3554,#3562,#3570));
#3512 = ORIENTED_EDGE('',*,*,#3513,.F.);
#3513 = EDGE_CURVE('',#3514,#3516,#3518,.T.);
#3514 = VERTEX_POINT('',#3515);
#3515 = CARTESIAN_POINT('',(19.,-59.,2.5));
#3516 = VERTEX_POINT('',#3517);
#3517 = CARTESIAN_POINT('',(-19.,-59.,2.5));
#3518 = LINE('',#3519,#3520);
#3519 = CARTESIAN_POINT('',(20.,-59.,2.5));
#3520 = VECTOR('',#3521,1.);
#3521 = DIRECTION('',(-1.,0.,0.));
#3522 = ORIENTED_EDGE('',*,*,#3523,.T.);
#3523 = EDGE_CURVE('',#3514,#3524,#3526,.T.);
#3524 = VERTEX_POINT('',#3525);
#3525 = CARTESIAN_POINT('',(21.,-61.,2.5));
#3526 = LINE('',#3527,#3528);
#3527 = CARTESIAN_POINT('',(-0.5,-39.5,2.5));
#3528 = VECTOR('',#3529,1.);
#3529 = DIRECTION('',(0.707106781187,-0.707106781187,0.));
#3530 = ORIENTED_EDGE('',*,*,#3531,.F.);
#3531 = EDGE_CURVE('',#3532,#3524,#3534,.T.);
#3532 = VERTEX_POINT('',#3533);
#3533 = CARTESIAN_POINT('',(21.,-69.,2.5));
#3534 = LINE('',#3535,#3536);
#3535 = CARTESIAN_POINT('',(21.,-70.,2.5));
#3536 = VECTOR('',#3537,1.);
#3537 = DIRECTION('',(0.,1.,0.));
#3538 = ORIENTED_EDGE('',*,*,#3539,.F.);
#3539 = EDGE_CURVE('',#3540,#3532,#3542,.T.);
#3540 = VERTEX_POINT('',#3541);
#3541 = CARTESIAN_POINT('',(19.,-71.,2.5));
#3542 = LINE('',#3543,#3544);
#3543 = CARTESIAN_POINT('',(32.,-58.,2.5));
#3544 = VECTOR('',#3545,1.);
#3545 = DIRECTION('',(0.707106781187,0.707106781187,0.));
#3546 = ORIENTED_EDGE('',*,*,#3547,.F.);
#3547 = EDGE_CURVE('',#3548,#3540,#3550,.T.);
#3548 = VERTEX_POINT('',#3549);
#3549 = CARTESIAN_POINT('',(-19.,-71.,2.5));
#3550 = LINE('',#3551,#3552);
#3551 = CARTESIAN_POINT('',(-20.,-71.,2.5));
#3552 = VECTOR('',#3553,1.);
#3553 = DIRECTION('',(1.,0.,0.));
#3554 = ORIENTED_EDGE('',*,*,#3555,.F.);
#3555 = EDGE_CURVE('',#3556,#3548,#3558,.T.);
#3556 = VERTEX_POINT('',#3557);
#3557 = CARTESIAN_POINT('',(-21.,-69.,2.5));
#3558 = LINE('',#3559,#3560);
#3559 = CARTESIAN_POINT('',(-33.,-57.,2.5));
#3560 = VECTOR('',#3561,1.);
#3561 = DIRECTION('',(0.707106781187,-0.707106781187,0.));
#3562 = ORIENTED_EDGE('',*,*,#3563,.F.);
#3563 = EDGE_CURVE('',#3564,#3556,#3566,.T.);
#3564 = VERTEX_POINT('',#3565);
#3565 = CARTESIAN_POINT('',(-21.,-61.,2.5));
#3566 = LINE('',#3567,#3568);
#3567 = CARTESIAN_POINT('',(-21.,-60.,2.5));
#3568 = VECTOR('',#3569,1.);
#3569 = DIRECTION('',(0.,-1.,0.));
#3570 = ORIENTED_EDGE('',*,*,#3571,.F.);
#3571 = EDGE_CURVE('',#3516,#3564,#3572,.T.);
#3572 = LINE('',#3573,#3574);
#3573 = CARTESIAN_POINT('',(0.5,-39.5,2.5));
#3574 = VECTOR('',#3575,1.);
#3575 = DIRECTION('',(-0.707106781187,-0.707106781187,0.));
#3576 = PLANE('',#3577);
#3577 = AXIS2_PLACEMENT_3D('',#3578,#3579,#3580);
#3578 = CARTESIAN_POINT('',(0.,0.,2.5));
#3579 = DIRECTION('',(0.,0.,1.));
#3580 = DIRECTION('',(1.,0.,0.));
#3581 = ADVANCED_FACE('',(#3582),#3593,.F.);
#3582 = FACE_BOUND('',#3583,.F.);
#3583 = EDGE_LOOP('',(#3584,#3585,#3586,#3592));
#3584 = ORIENTED_EDGE('',*,*,#2404,.F.);
#3585 = ORIENTED_EDGE('',*,*,#3452,.T.);
#3586 = ORIENTED_EDGE('',*,*,#3587,.F.);
#3587 = EDGE_CURVE('',#2453,#3453,#3588,.T.);
#3588 = LINE('',#3589,#3590);
#3589 = CARTESIAN_POINT('',(-54.,89.75,1.75));
#3590 = VECTOR('',#3591,1.);
#3591 = DIRECTION('',(1.63E-15,-0.707106781187,0.707106781187));
#3592 = ORIENTED_EDGE('',*,*,#2452,.F.);
#3593 = PLANE('',#3594);
#3594 = AXIS2_PLACEMENT_3D('',#3595,#3596,#3597);
#3595 = CARTESIAN_POINT('',(55.,89.5,2.));
#3596 = DIRECTION('',(0.,-0.707106781187,-0.707106781187));
#3597 = DIRECTION('',(-1.,0.,0.));
#3598 = ADVANCED_FACE('',(#3599),#3610,.F.);
#3599 = FACE_BOUND('',#3600,.F.);
#3600 = EDGE_LOOP('',(#3601,#3602,#3603,#3604));
#3601 = ORIENTED_EDGE('',*,*,#3460,.T.);
#3602 = ORIENTED_EDGE('',*,*,#3436,.T.);
#3603 = ORIENTED_EDGE('',*,*,#2436,.F.);
#3604 = ORIENTED_EDGE('',*,*,#3605,.T.);
#3605 = EDGE_CURVE('',#2429,#3453,#3606,.T.);
#3606 = LINE('',#3607,#3608);
#3607 = CARTESIAN_POINT('',(-54.5,89.,2.));
#3608 = VECTOR('',#3609,1.);
#3609 = DIRECTION('',(0.707106781187,-1.63E-15,0.707106781187));
#3610 = PLANE('',#3611);
#3611 = AXIS2_PLACEMENT_3D('',#3612,#3613,#3614);
#3612 = CARTESIAN_POINT('',(-54.5,90.,2.));
#3613 = DIRECTION('',(0.707106781187,0.,-0.707106781187));
#3614 = DIRECTION('',(0.,-1.,0.));
#3615 = ADVANCED_FACE('',(#3616),#3621,.F.);
#3616 = FACE_BOUND('',#3617,.F.);
#3617 = EDGE_LOOP('',(#3618,#3619,#3620));
#3618 = ORIENTED_EDGE('',*,*,#2477,.F.);
#3619 = ORIENTED_EDGE('',*,*,#3587,.T.);
#3620 = ORIENTED_EDGE('',*,*,#3605,.F.);
#3621 = PLANE('',#3622);
#3622 = AXIS2_PLACEMENT_3D('',#3623,#3624,#3625);
#3623 = CARTESIAN_POINT('',(-54.,90.,1.5));
#3624 = DIRECTION('',(0.57735026919,-0.57735026919,-0.57735026919));
#3625 = DIRECTION('',(0.707106781187,-1.110223024625E-16,0.707106781187)
  );
#3626 = ADVANCED_FACE('',(#3627),#3638,.F.);
#3627 = FACE_BOUND('',#3628,.T.);
#3628 = EDGE_LOOP('',(#3629,#3635,#3636,#3637));
#3629 = ORIENTED_EDGE('',*,*,#3630,.F.);
#3630 = EDGE_CURVE('',#3470,#2493,#3631,.T.);
#3631 = LINE('',#3632,#3633);
#3632 = CARTESIAN_POINT('',(-41.9,-80.,-0.3));
#3633 = VECTOR('',#3634,1.);
#3634 = DIRECTION('',(-0.666015769309,-0.,-0.745937661626));
#3635 = ORIENTED_EDGE('',*,*,#3469,.T.);
#3636 = ORIENTED_EDGE('',*,*,#3630,.T.);
#3637 = ORIENTED_EDGE('',*,*,#2500,.F.);
#3638 = CONICAL_SURFACE('',#3639,2.6,0.728854726453);
#3639 = AXIS2_PLACEMENT_3D('',#3640,#3641,#3642);
#3640 = CARTESIAN_POINT('',(-44.5,-80.,-0.3));
#3641 = DIRECTION('',(0.,0.,1.));
#3642 = DIRECTION('',(1.,0.,0.));
#3643 = ADVANCED_FACE('',(#3644),#3669,.F.);
#3644 = FACE_BOUND('',#3645,.F.);
#3645 = EDGE_LOOP('',(#3646,#3656,#3662,#3663));
#3646 = ORIENTED_EDGE('',*,*,#3647,.F.);
#3647 = EDGE_CURVE('',#3648,#3650,#3652,.T.);
#3648 = VERTEX_POINT('',#3649);
#3649 = CARTESIAN_POINT('',(-20.,-61.,1.5));
#3650 = VERTEX_POINT('',#3651);
#3651 = CARTESIAN_POINT('',(-20.,-69.,1.5));
#3652 = LINE('',#3653,#3654);
#3653 = CARTESIAN_POINT('',(-20.,-60.,1.5));
#3654 = VECTOR('',#3655,1.);
#3655 = DIRECTION('',(0.,-1.,0.));
#3656 = ORIENTED_EDGE('',*,*,#3657,.T.);
#3657 = EDGE_CURVE('',#3648,#2518,#3658,.T.);
#3658 = LINE('',#3659,#3660);
#3659 = CARTESIAN_POINT('',(-20.,-61.,2.5));
#3660 = VECTOR('',#3661,1.);
#3661 = DIRECTION('',(-0.,-0.,-1.));
#3662 = ORIENTED_EDGE('',*,*,#2525,.T.);
#3663 = ORIENTED_EDGE('',*,*,#3664,.F.);
#3664 = EDGE_CURVE('',#3650,#2526,#3665,.T.);
#3665 = LINE('',#3666,#3667);
#3666 = CARTESIAN_POINT('',(-20.,-69.,2.5));
#3667 = VECTOR('',#3668,1.);
#3668 = DIRECTION('',(-0.,-0.,-1.));
#3669 = PLANE('',#3670);
#3670 = AXIS2_PLACEMENT_3D('',#3671,#3672,#3673);
#3671 = CARTESIAN_POINT('',(-20.,-60.,2.5));
#3672 = DIRECTION('',(-1.,0.,0.));
#3673 = DIRECTION('',(0.,-1.,0.));
#3674 = ADVANCED_FACE('',(#3675),#3693,.F.);
#3675 = FACE_BOUND('',#3676,.F.);
#3676 = EDGE_LOOP('',(#3677,#3685,#3686,#3687));
#3677 = ORIENTED_EDGE('',*,*,#3678,.T.);
#3678 = EDGE_CURVE('',#3679,#2551,#3681,.T.);
#3679 = VERTEX_POINT('',#3680);
#3680 = CARTESIAN_POINT('',(-19.,-60.,1.5));
#3681 = LINE('',#3682,#3683);
#3682 = CARTESIAN_POINT('',(-19.,-60.,2.5));
#3683 = VECTOR('',#3684,1.);
#3684 = DIRECTION('',(-0.,-0.,-1.));
#3685 = ORIENTED_EDGE('',*,*,#2558,.F.);
#3686 = ORIENTED_EDGE('',*,*,#3657,.F.);
#3687 = ORIENTED_EDGE('',*,*,#3688,.F.);
#3688 = EDGE_CURVE('',#3679,#3648,#3689,.T.);
#3689 = LINE('',#3690,#3691);
#3690 = CARTESIAN_POINT('',(-19.,-60.,1.5));
#3691 = VECTOR('',#3692,1.);
#3692 = DIRECTION('',(-0.707106781187,-0.707106781187,-5.38E-15));
#3693 = PLANE('',#3694);
#3694 = AXIS2_PLACEMENT_3D('',#3695,#3696,#3697);
#3695 = CARTESIAN_POINT('',(-19.5,-60.5,2.5));
#3696 = DIRECTION('',(-0.707106781187,0.707106781187,0.));
#3697 = DIRECTION('',(0.,0.,-1.));
#3698 = ADVANCED_FACE('',(#3699),#3717,.F.);
#3699 = FACE_BOUND('',#3700,.F.);
#3700 = EDGE_LOOP('',(#3701,#3702,#3703,#3711));
#3701 = ORIENTED_EDGE('',*,*,#3664,.T.);
#3702 = ORIENTED_EDGE('',*,*,#2582,.T.);
#3703 = ORIENTED_EDGE('',*,*,#3704,.F.);
#3704 = EDGE_CURVE('',#3705,#2575,#3707,.T.);
#3705 = VERTEX_POINT('',#3706);
#3706 = CARTESIAN_POINT('',(-19.,-70.,1.5));
#3707 = LINE('',#3708,#3709);
#3708 = CARTESIAN_POINT('',(-19.,-70.,2.5));
#3709 = VECTOR('',#3710,1.);
#3710 = DIRECTION('',(-0.,-0.,-1.));
#3711 = ORIENTED_EDGE('',*,*,#3712,.F.);
#3712 = EDGE_CURVE('',#3650,#3705,#3713,.T.);
#3713 = LINE('',#3714,#3715);
#3714 = CARTESIAN_POINT('',(-20.,-69.,1.5));
#3715 = VECTOR('',#3716,1.);
#3716 = DIRECTION('',(0.707106781187,-0.707106781187,1.63E-15));
#3717 = PLANE('',#3718);
#3718 = AXIS2_PLACEMENT_3D('',#3719,#3720,#3721);
#3719 = CARTESIAN_POINT('',(-19.5,-69.5,2.5));
#3720 = DIRECTION('',(-0.707106781187,-0.707106781187,0.));
#3721 = DIRECTION('',(0.,0.,-1.));
#3722 = ADVANCED_FACE('',(#3723),#3741,.F.);
#3723 = FACE_BOUND('',#3724,.F.);
#3724 = EDGE_LOOP('',(#3725,#3733,#3739,#3740));
#3725 = ORIENTED_EDGE('',*,*,#3726,.F.);
#3726 = EDGE_CURVE('',#3727,#3679,#3729,.T.);
#3727 = VERTEX_POINT('',#3728);
#3728 = CARTESIAN_POINT('',(19.,-60.,1.5));
#3729 = LINE('',#3730,#3731);
#3730 = CARTESIAN_POINT('',(20.,-60.,1.5));
#3731 = VECTOR('',#3732,1.);
#3732 = DIRECTION('',(-1.,0.,0.));
#3733 = ORIENTED_EDGE('',*,*,#3734,.T.);
#3734 = EDGE_CURVE('',#3727,#2597,#3735,.T.);
#3735 = LINE('',#3736,#3737);
#3736 = CARTESIAN_POINT('',(19.,-60.,2.5));
#3737 = VECTOR('',#3738,1.);
#3738 = DIRECTION('',(-0.,-0.,-1.));
#3739 = ORIENTED_EDGE('',*,*,#2604,.T.);
#3740 = ORIENTED_EDGE('',*,*,#3678,.F.);
#3741 = PLANE('',#3742);
#3742 = AXIS2_PLACEMENT_3D('',#3743,#3744,#3745);
#3743 = CARTESIAN_POINT('',(20.,-60.,2.5));
#3744 = DIRECTION('',(0.,1.,0.));
#3745 = DIRECTION('',(-1.,0.,0.));
#3746 = ADVANCED_FACE('',(#3747),#3765,.F.);
#3747 = FACE_BOUND('',#3748,.F.);
#3748 = EDGE_LOOP('',(#3749,#3757,#3758,#3759));
#3749 = ORIENTED_EDGE('',*,*,#3750,.F.);
#3750 = EDGE_CURVE('',#3705,#3751,#3753,.T.);
#3751 = VERTEX_POINT('',#3752);
#3752 = CARTESIAN_POINT('',(19.,-70.,1.5));
#3753 = LINE('',#3754,#3755);
#3754 = CARTESIAN_POINT('',(-20.,-70.,1.5));
#3755 = VECTOR('',#3756,1.);
#3756 = DIRECTION('',(1.,0.,0.));
#3757 = ORIENTED_EDGE('',*,*,#3704,.T.);
#3758 = ORIENTED_EDGE('',*,*,#2621,.T.);
#3759 = ORIENTED_EDGE('',*,*,#3760,.F.);
#3760 = EDGE_CURVE('',#3751,#2622,#3761,.T.);
#3761 = LINE('',#3762,#3763);
#3762 = CARTESIAN_POINT('',(19.,-70.,2.5));
#3763 = VECTOR('',#3764,1.);
#3764 = DIRECTION('',(-0.,-0.,-1.));
#3765 = PLANE('',#3766);
#3766 = AXIS2_PLACEMENT_3D('',#3767,#3768,#3769);
#3767 = CARTESIAN_POINT('',(-20.,-70.,2.5));
#3768 = DIRECTION('',(0.,-1.,0.));
#3769 = DIRECTION('',(1.,0.,0.));
#3770 = ADVANCED_FACE('',(#3771),#3789,.F.);
#3771 = FACE_BOUND('',#3772,.T.);
#3772 = EDGE_LOOP('',(#3773,#3774,#3775,#3783));
#3773 = ORIENTED_EDGE('',*,*,#3734,.T.);
#3774 = ORIENTED_EDGE('',*,*,#2654,.T.);
#3775 = ORIENTED_EDGE('',*,*,#3776,.F.);
#3776 = EDGE_CURVE('',#3777,#2647,#3779,.T.);
#3777 = VERTEX_POINT('',#3778);
#3778 = CARTESIAN_POINT('',(20.,-61.,1.5));
#3779 = LINE('',#3780,#3781);
#3780 = CARTESIAN_POINT('',(20.,-61.,2.5));
#3781 = VECTOR('',#3782,1.);
#3782 = DIRECTION('',(-0.,-0.,-1.));
#3783 = ORIENTED_EDGE('',*,*,#3784,.F.);
#3784 = EDGE_CURVE('',#3727,#3777,#3785,.T.);
#3785 = LINE('',#3786,#3787);
#3786 = CARTESIAN_POINT('',(19.,-60.,1.5));
#3787 = VECTOR('',#3788,1.);
#3788 = DIRECTION('',(0.707106781187,-0.707106781187,-5.38E-15));
#3789 = PLANE('',#3790);
#3790 = AXIS2_PLACEMENT_3D('',#3791,#3792,#3793);
#3791 = CARTESIAN_POINT('',(19.5,-60.5,2.5));
#3792 = DIRECTION('',(0.707106781187,0.707106781187,0.));
#3793 = DIRECTION('',(0.,0.,1.));
#3794 = ADVANCED_FACE('',(#3795),#3813,.F.);
#3795 = FACE_BOUND('',#3796,.F.);
#3796 = EDGE_LOOP('',(#3797,#3798,#3799,#3807));
#3797 = ORIENTED_EDGE('',*,*,#3760,.T.);
#3798 = ORIENTED_EDGE('',*,*,#2678,.T.);
#3799 = ORIENTED_EDGE('',*,*,#3800,.F.);
#3800 = EDGE_CURVE('',#3801,#2671,#3803,.T.);
#3801 = VERTEX_POINT('',#3802);
#3802 = CARTESIAN_POINT('',(20.,-69.,1.5));
#3803 = LINE('',#3804,#3805);
#3804 = CARTESIAN_POINT('',(20.,-69.,2.5));
#3805 = VECTOR('',#3806,1.);
#3806 = DIRECTION('',(-0.,-0.,-1.));
#3807 = ORIENTED_EDGE('',*,*,#3808,.F.);
#3808 = EDGE_CURVE('',#3751,#3801,#3809,.T.);
#3809 = LINE('',#3810,#3811);
#3810 = CARTESIAN_POINT('',(19.,-70.,1.5));
#3811 = VECTOR('',#3812,1.);
#3812 = DIRECTION('',(0.707106781187,0.707106781187,-1.63E-15));
#3813 = PLANE('',#3814);
#3814 = AXIS2_PLACEMENT_3D('',#3815,#3816,#3817);
#3815 = CARTESIAN_POINT('',(19.5,-69.5,2.5));
#3816 = DIRECTION('',(0.707106781187,-0.707106781187,0.));
#3817 = DIRECTION('',(0.,0.,-1.));
#3818 = ADVANCED_FACE('',(#3819),#3830,.F.);
#3819 = FACE_BOUND('',#3820,.F.);
#3820 = EDGE_LOOP('',(#3821,#3827,#3828,#3829));
#3821 = ORIENTED_EDGE('',*,*,#3822,.F.);
#3822 = EDGE_CURVE('',#3801,#3777,#3823,.T.);
#3823 = LINE('',#3824,#3825);
#3824 = CARTESIAN_POINT('',(20.,-70.,1.5));
#3825 = VECTOR('',#3826,1.);
#3826 = DIRECTION('',(0.,1.,0.));
#3827 = ORIENTED_EDGE('',*,*,#3800,.T.);
#3828 = ORIENTED_EDGE('',*,*,#2693,.T.);
#3829 = ORIENTED_EDGE('',*,*,#3776,.F.);
#3830 = PLANE('',#3831);
#3831 = AXIS2_PLACEMENT_3D('',#3832,#3833,#3834);
#3832 = CARTESIAN_POINT('',(20.,-70.,2.5));
#3833 = DIRECTION('',(1.,0.,0.));
#3834 = DIRECTION('',(0.,1.,0.));
#3835 = ADVANCED_FACE('',(#3836),#3847,.F.);
#3836 = FACE_BOUND('',#3837,.T.);
#3837 = EDGE_LOOP('',(#3838,#3844,#3845,#3846));
#3838 = ORIENTED_EDGE('',*,*,#3839,.F.);
#3839 = EDGE_CURVE('',#3481,#2710,#3840,.T.);
#3840 = LINE('',#3841,#3842);
#3841 = CARTESIAN_POINT('',(47.1,-80.,-0.3));
#3842 = VECTOR('',#3843,1.);
#3843 = DIRECTION('',(-0.666015769309,-0.,-0.745937661626));
#3844 = ORIENTED_EDGE('',*,*,#3480,.T.);
#3845 = ORIENTED_EDGE('',*,*,#3839,.T.);
#3846 = ORIENTED_EDGE('',*,*,#2717,.F.);
#3847 = CONICAL_SURFACE('',#3848,2.6,0.728854726453);
#3848 = AXIS2_PLACEMENT_3D('',#3849,#3850,#3851);
#3849 = CARTESIAN_POINT('',(44.5,-80.,-0.3));
#3850 = DIRECTION('',(0.,0.,1.));
#3851 = DIRECTION('',(1.,0.,0.));
#3852 = ADVANCED_FACE('',(#3853),#3864,.F.);
#3853 = FACE_BOUND('',#3854,.T.);
#3854 = EDGE_LOOP('',(#3855,#3861,#3862,#3863));
#3855 = ORIENTED_EDGE('',*,*,#3856,.F.);
#3856 = EDGE_CURVE('',#3492,#2735,#3857,.T.);
#3857 = LINE('',#3858,#3859);
#3858 = CARTESIAN_POINT('',(-41.9,80.,-0.3));
#3859 = VECTOR('',#3860,1.);
#3860 = DIRECTION('',(-0.666015769309,-0.,-0.745937661626));
#3861 = ORIENTED_EDGE('',*,*,#3491,.T.);
#3862 = ORIENTED_EDGE('',*,*,#3856,.T.);
#3863 = ORIENTED_EDGE('',*,*,#2742,.F.);
#3864 = CONICAL_SURFACE('',#3865,2.6,0.728854726453);
#3865 = AXIS2_PLACEMENT_3D('',#3866,#3867,#3868);
#3866 = CARTESIAN_POINT('',(-44.5,80.,-0.3));
#3867 = DIRECTION('',(0.,0.,1.));
#3868 = DIRECTION('',(1.,0.,0.));
#3869 = ADVANCED_FACE('',(#3870),#3881,.F.);
#3870 = FACE_BOUND('',#3871,.T.);
#3871 = EDGE_LOOP('',(#3872,#3878,#3879,#3880));
#3872 = ORIENTED_EDGE('',*,*,#3873,.F.);
#3873 = EDGE_CURVE('',#3503,#2760,#3874,.T.);
#3874 = LINE('',#3875,#3876);
#3875 = CARTESIAN_POINT('',(47.1,80.,-0.3));
#3876 = VECTOR('',#3877,1.);
#3877 = DIRECTION('',(-0.666015769309,-0.,-0.745937661626));
#3878 = ORIENTED_EDGE('',*,*,#3502,.T.);
#3879 = ORIENTED_EDGE('',*,*,#3873,.T.);
#3880 = ORIENTED_EDGE('',*,*,#2767,.F.);
#3881 = CONICAL_SURFACE('',#3882,2.6,0.728854726453);
#3882 = AXIS2_PLACEMENT_3D('',#3883,#3884,#3885);
#3883 = CARTESIAN_POINT('',(44.5,80.,-0.3));
#3884 = DIRECTION('',(0.,0.,1.));
#3885 = DIRECTION('',(1.,0.,0.));
#3886 = ADVANCED_FACE('',(#3887),#3912,.F.);
#3887 = FACE_BOUND('',#3888,.F.);
#3888 = EDGE_LOOP('',(#3889,#3897,#3905,#3911));
#3889 = ORIENTED_EDGE('',*,*,#3890,.T.);
#3890 = EDGE_CURVE('',#2817,#3891,#3893,.T.);
#3891 = VERTEX_POINT('',#3892);
#3892 = CARTESIAN_POINT('',(27.,-51.,-7.5));
#3893 = LINE('',#3894,#3895);
#3894 = CARTESIAN_POINT('',(27.,-56.,-2.5));
#3895 = VECTOR('',#3896,1.);
#3896 = DIRECTION('',(0.,0.707106781187,-0.707106781187));
#3897 = ORIENTED_EDGE('',*,*,#3898,.T.);
#3898 = EDGE_CURVE('',#3891,#3899,#3901,.T.);
#3899 = VERTEX_POINT('',#3900);
#3900 = CARTESIAN_POINT('',(26.,-50.,-7.085786437627));
#3901 = LINE('',#3902,#3903);
#3902 = CARTESIAN_POINT('',(27.213884645254,-51.21388464525,
    -7.588593920848));
#3903 = VECTOR('',#3904,1.);
#3904 = DIRECTION('',(-0.678598344546,0.678598344546,0.281084637715));
#3905 = ORIENTED_EDGE('',*,*,#3906,.F.);
#3906 = EDGE_CURVE('',#2825,#3899,#3907,.T.);
#3907 = LINE('',#3908,#3909);
#3908 = CARTESIAN_POINT('',(26.,-55.29289321881,-1.792893218813));
#3909 = VECTOR('',#3910,1.);
#3910 = DIRECTION('',(0.,0.707106781187,-0.707106781187));
#3911 = ORIENTED_EDGE('',*,*,#2831,.F.);
#3912 = PLANE('',#3913);
#3913 = AXIS2_PLACEMENT_3D('',#3914,#3915,#3916);
#3914 = CARTESIAN_POINT('',(26.5,-55.6464466094,-2.146446609407));
#3915 = DIRECTION('',(0.707106781187,0.5,0.5));
#3916 = DIRECTION('',(-5.551115123126E-17,0.707106781187,-0.707106781187
    ));
#3917 = ADVANCED_FACE('',(#3918),#3957,.F.);
#3918 = FACE_BOUND('',#3919,.F.);
#3919 = EDGE_LOOP('',(#3920,#3930,#3938,#3944,#3950,#3951));
#3920 = ORIENTED_EDGE('',*,*,#3921,.T.);
#3921 = EDGE_CURVE('',#3922,#3924,#3926,.T.);
#3922 = VERTEX_POINT('',#3923);
#3923 = CARTESIAN_POINT('',(26.,-50.,-12.));
#3924 = VERTEX_POINT('',#3925);
#3925 = CARTESIAN_POINT('',(26.,-37.,-12.));
#3926 = LINE('',#3927,#3928);
#3927 = CARTESIAN_POINT('',(26.,-51.,-12.));
#3928 = VECTOR('',#3929,1.);
#3929 = DIRECTION('',(0.,1.,0.));
#3930 = ORIENTED_EDGE('',*,*,#3931,.F.);
#3931 = EDGE_CURVE('',#3932,#3924,#3934,.T.);
#3932 = VERTEX_POINT('',#3933);
#3933 = CARTESIAN_POINT('',(26.,-37.,-7.085786437627));
#3934 = LINE('',#3935,#3936);
#3935 = CARTESIAN_POINT('',(26.,-37.,-7.5));
#3936 = VECTOR('',#3937,1.);
#3937 = DIRECTION('',(0.,0.,-1.));
#3938 = ORIENTED_EDGE('',*,*,#3939,.F.);
#3939 = EDGE_CURVE('',#2898,#3932,#3940,.T.);
#3940 = LINE('',#3941,#3942);
#3941 = CARTESIAN_POINT('',(26.,-31.70710678118,-1.792893218813));
#3942 = VECTOR('',#3943,1.);
#3943 = DIRECTION('',(0.,-0.707106781187,-0.707106781187));
#3944 = ORIENTED_EDGE('',*,*,#3945,.F.);
#3945 = EDGE_CURVE('',#2825,#2898,#3946,.T.);
#3946 = LINE('',#3947,#3948);
#3947 = CARTESIAN_POINT('',(26.,-56.,-3.5));
#3948 = VECTOR('',#3949,1.);
#3949 = DIRECTION('',(0.,1.,0.));
#3950 = ORIENTED_EDGE('',*,*,#3906,.T.);
#3951 = ORIENTED_EDGE('',*,*,#3952,.T.);
#3952 = EDGE_CURVE('',#3899,#3922,#3953,.T.);
#3953 = LINE('',#3954,#3955);
#3954 = CARTESIAN_POINT('',(26.,-50.,-7.5));
#3955 = VECTOR('',#3956,1.);
#3956 = DIRECTION('',(0.,0.,-1.));
#3957 = PLANE('',#3958);
#3958 = AXIS2_PLACEMENT_3D('',#3959,#3960,#3961);
#3959 = CARTESIAN_POINT('',(26.,-51.,-2.5));
#3960 = DIRECTION('',(1.,0.,0.));
#3961 = DIRECTION('',(0.,1.,0.));
#3962 = ADVANCED_FACE('',(#3963),#3981,.F.);
#3963 = FACE_BOUND('',#3964,.T.);
#3964 = EDGE_LOOP('',(#3965,#3973,#3979,#3980));
#3965 = ORIENTED_EDGE('',*,*,#3966,.F.);
#3966 = EDGE_CURVE('',#3967,#3891,#3969,.T.);
#3967 = VERTEX_POINT('',#3968);
#3968 = CARTESIAN_POINT('',(40.,-51.,-7.5));
#3969 = LINE('',#3970,#3971);
#3970 = CARTESIAN_POINT('',(41.,-51.,-7.5));
#3971 = VECTOR('',#3972,1.);
#3972 = DIRECTION('',(-1.,0.,0.));
#3973 = ORIENTED_EDGE('',*,*,#3974,.F.);
#3974 = EDGE_CURVE('',#2845,#3967,#3975,.T.);
#3975 = LINE('',#3976,#3977);
#3976 = CARTESIAN_POINT('',(40.,-56.,-2.5));
#3977 = VECTOR('',#3978,1.);
#3978 = DIRECTION('',(0.,0.707106781187,-0.707106781187));
#3979 = ORIENTED_EDGE('',*,*,#2853,.T.);
#3980 = ORIENTED_EDGE('',*,*,#3890,.T.);
#3981 = PLANE('',#3982);
#3982 = AXIS2_PLACEMENT_3D('',#3983,#3984,#3985);
#3983 = CARTESIAN_POINT('',(41.,-53.5,-5.));
#3984 = DIRECTION('',(0.,0.707106781187,0.707106781187));
#3985 = DIRECTION('',(1.,0.,0.));
#3986 = ADVANCED_FACE('',(#3987),#4005,.F.);
#3987 = FACE_BOUND('',#3988,.F.);
#3988 = EDGE_LOOP('',(#3989,#3997,#4003,#4004));
#3989 = ORIENTED_EDGE('',*,*,#3990,.T.);
#3990 = EDGE_CURVE('',#2870,#3991,#3993,.T.);
#3991 = VERTEX_POINT('',#3992);
#3992 = CARTESIAN_POINT('',(41.,-50.,-7.085786437627));
#3993 = LINE('',#3994,#3995);
#3994 = CARTESIAN_POINT('',(41.,-55.29289321881,-1.792893218813));
#3995 = VECTOR('',#3996,1.);
#3996 = DIRECTION('',(0.,0.707106781187,-0.707106781187));
#3997 = ORIENTED_EDGE('',*,*,#3998,.T.);
#3998 = EDGE_CURVE('',#3991,#3967,#3999,.T.);
#3999 = LINE('',#4000,#4001);
#4000 = CARTESIAN_POINT('',(39.786115354746,-51.21388464525,
    -7.588593920848));
#4001 = VECTOR('',#4002,1.);
#4002 = DIRECTION('',(-0.678598344546,-0.678598344546,-0.281084637715));
#4003 = ORIENTED_EDGE('',*,*,#3974,.F.);
#4004 = ORIENTED_EDGE('',*,*,#2876,.T.);
#4005 = PLANE('',#4006);
#4006 = AXIS2_PLACEMENT_3D('',#4007,#4008,#4009);
#4007 = CARTESIAN_POINT('',(40.5,-55.6464466094,-2.146446609407));
#4008 = DIRECTION('',(-0.707106781187,0.5,0.5));
#4009 = DIRECTION('',(5.551115123126E-17,0.707106781187,-0.707106781187)
  );
#4010 = ADVANCED_FACE('',(#4011),#4029,.F.);
#4011 = FACE_BOUND('',#4012,.F.);
#4012 = EDGE_LOOP('',(#4013,#4014,#4022,#4028));
#4013 = ORIENTED_EDGE('',*,*,#3939,.T.);
#4014 = ORIENTED_EDGE('',*,*,#4015,.T.);
#4015 = EDGE_CURVE('',#3932,#4016,#4018,.T.);
#4016 = VERTEX_POINT('',#4017);
#4017 = CARTESIAN_POINT('',(27.,-36.,-7.5));
#4018 = LINE('',#4019,#4020);
#4019 = CARTESIAN_POINT('',(27.213884645254,-35.78611535474,
    -7.588593920848));
#4020 = VECTOR('',#4021,1.);
#4021 = DIRECTION('',(0.678598344546,0.678598344546,-0.281084637715));
#4022 = ORIENTED_EDGE('',*,*,#4023,.F.);
#4023 = EDGE_CURVE('',#2890,#4016,#4024,.T.);
#4024 = LINE('',#4025,#4026);
#4025 = CARTESIAN_POINT('',(27.,-31.,-2.5));
#4026 = VECTOR('',#4027,1.);
#4027 = DIRECTION('',(0.,-0.707106781187,-0.707106781187));
#4028 = ORIENTED_EDGE('',*,*,#2904,.T.);
#4029 = PLANE('',#4030);
#4030 = AXIS2_PLACEMENT_3D('',#4031,#4032,#4033);
#4031 = CARTESIAN_POINT('',(26.5,-31.35355339059,-2.146446609407));
#4032 = DIRECTION('',(0.707106781187,-0.5,0.5));
#4033 = DIRECTION('',(0.,-0.707106781187,-0.707106781187));
#4034 = ADVANCED_FACE('',(#4035,#4074),#4185,.F.);
#4035 = FACE_BOUND('',#4036,.F.);
#4036 = EDGE_LOOP('',(#4037,#4047,#4053,#4054,#4060,#4068));
#4037 = ORIENTED_EDGE('',*,*,#4038,.T.);
#4038 = EDGE_CURVE('',#4039,#4041,#4043,.T.);
#4039 = VERTEX_POINT('',#4040);
#4040 = CARTESIAN_POINT('',(41.,-37.,-12.));
#4041 = VERTEX_POINT('',#4042);
#4042 = CARTESIAN_POINT('',(41.,-50.,-12.));
#4043 = LINE('',#4044,#4045);
#4044 = CARTESIAN_POINT('',(41.,-36.,-12.));
#4045 = VECTOR('',#4046,1.);
#4046 = DIRECTION('',(0.,-1.,0.));
#4047 = ORIENTED_EDGE('',*,*,#4048,.F.);
#4048 = EDGE_CURVE('',#3991,#4041,#4049,.T.);
#4049 = LINE('',#4050,#4051);
#4050 = CARTESIAN_POINT('',(41.,-50.,-7.5));
#4051 = VECTOR('',#4052,1.);
#4052 = DIRECTION('',(0.,0.,-1.));
#4053 = ORIENTED_EDGE('',*,*,#3990,.F.);
#4054 = ORIENTED_EDGE('',*,*,#4055,.F.);
#4055 = EDGE_CURVE('',#2943,#2870,#4056,.T.);
#4056 = LINE('',#4057,#4058);
#4057 = CARTESIAN_POINT('',(41.,-31.,-3.5));
#4058 = VECTOR('',#4059,1.);
#4059 = DIRECTION('',(-0.,-1.,-0.));
#4060 = ORIENTED_EDGE('',*,*,#4061,.T.);
#4061 = EDGE_CURVE('',#2943,#4062,#4064,.T.);
#4062 = VERTEX_POINT('',#4063);
#4063 = CARTESIAN_POINT('',(41.,-37.,-7.085786437627));
#4064 = LINE('',#4065,#4066);
#4065 = CARTESIAN_POINT('',(41.,-31.70710678118,-1.792893218813));
#4066 = VECTOR('',#4067,1.);
#4067 = DIRECTION('',(0.,-0.707106781187,-0.707106781187));
#4068 = ORIENTED_EDGE('',*,*,#4069,.T.);
#4069 = EDGE_CURVE('',#4062,#4039,#4070,.T.);
#4070 = LINE('',#4071,#4072);
#4071 = CARTESIAN_POINT('',(41.,-37.,-7.5));
#4072 = VECTOR('',#4073,1.);
#4073 = DIRECTION('',(0.,0.,-1.));
#4074 = FACE_BOUND('',#4075,.F.);
#4075 = EDGE_LOOP('',(#4076,#4097,#4105,#4113,#4121,#4129,#4137,#4156,
    #4167,#4176));
#4076 = ORIENTED_EDGE('',*,*,#4077,.F.);
#4077 = EDGE_CURVE('',#4078,#4080,#4082,.T.);
#4078 = VERTEX_POINT('',#4079);
#4079 = CARTESIAN_POINT('',(41.,-45.95967477525,-7.1));
#4080 = VERTEX_POINT('',#4081);
#4081 = CARTESIAN_POINT('',(41.,-45.82254820749,-6.946687836487));
#4082 = B_SPLINE_CURVE_WITH_KNOTS('',7,(#4083,#4084,#4085,#4086,#4087,
    #4088,#4089,#4090,#4091,#4092,#4093,#4094,#4095,#4096),
  .UNSPECIFIED.,.F.,.F.,(8,6,8),(-1.263783705278,-1.234227047737,
    -0.688737339364),.UNSPECIFIED.);
#4083 = CARTESIAN_POINT('',(41.,-46.21169239379,-7.381764263295));
#4084 = CARTESIAN_POINT('',(41.,-46.20722606192,-7.376770752461));
#4085 = CARTESIAN_POINT('',(41.,-46.2030349654,-7.372084964104));
#4086 = CARTESIAN_POINT('',(41.,-46.19911910424,-7.367706898224));
#4087 = CARTESIAN_POINT('',(41.,-46.19547847842,-7.363636554821));
#4088 = CARTESIAN_POINT('',(41.,-46.19211308795,-7.359873933894));
#4089 = CARTESIAN_POINT('',(41.,-46.18902293284,-7.356419035443));
#4090 = CARTESIAN_POINT('',(41.,-46.13425661227,-7.295188427615));
#4091 = CARTESIAN_POINT('',(40.999999999999,-46.08230521147,
    -7.23710499576));
#4092 = CARTESIAN_POINT('',(41.000000000001,-46.03035381068,
    -7.179021563906));
#4093 = CARTESIAN_POINT('',(40.999999999999,-45.97840240988,
    -7.120938132051));
#4094 = CARTESIAN_POINT('',(41.,-45.92645100908,-7.062854700196));
#4095 = CARTESIAN_POINT('',(41.,-45.87449960829,-7.004771268342));
#4096 = CARTESIAN_POINT('',(41.,-45.82254820749,-6.946687836487));
#4097 = ORIENTED_EDGE('',*,*,#4098,.F.);
#4098 = EDGE_CURVE('',#4099,#4078,#4101,.T.);
#4099 = VERTEX_POINT('',#4100);
#4100 = CARTESIAN_POINT('',(41.,-47.15,-7.1));
#4101 = LINE('',#4102,#4103);
#4102 = CARTESIAN_POINT('',(41.,-46.15,-7.1));
#4103 = VECTOR('',#4104,1.);
#4104 = DIRECTION('',(2.2E-16,1.,0.));
#4105 = ORIENTED_EDGE('',*,*,#4106,.F.);
#4106 = EDGE_CURVE('',#4107,#4099,#4109,.T.);
#4107 = VERTEX_POINT('',#4108);
#4108 = CARTESIAN_POINT('',(41.,-47.15,-11.1));
#4109 = LINE('',#4110,#4111);
#4110 = CARTESIAN_POINT('',(41.,-47.15,-10.1));
#4111 = VECTOR('',#4112,1.);
#4112 = DIRECTION('',(-2.2E-16,0.,1.));
#4113 = ORIENTED_EDGE('',*,*,#4114,.F.);
#4114 = EDGE_CURVE('',#4115,#4107,#4117,.T.);
#4115 = VERTEX_POINT('',#4116);
#4116 = CARTESIAN_POINT('',(41.,-39.85,-11.1));
#4117 = LINE('',#4118,#4119);
#4118 = CARTESIAN_POINT('',(41.,-40.85,-11.1));
#4119 = VECTOR('',#4120,1.);
#4120 = DIRECTION('',(-2.2E-16,-1.,-0.));
#4121 = ORIENTED_EDGE('',*,*,#4122,.F.);
#4122 = EDGE_CURVE('',#4123,#4115,#4125,.T.);
#4123 = VERTEX_POINT('',#4124);
#4124 = CARTESIAN_POINT('',(41.,-39.85,-7.1));
#4125 = LINE('',#4126,#4127);
#4126 = CARTESIAN_POINT('',(41.,-39.85,-8.1));
#4127 = VECTOR('',#4128,1.);
#4128 = DIRECTION('',(2.2E-16,0.,-1.));
#4129 = ORIENTED_EDGE('',*,*,#4130,.F.);
#4130 = EDGE_CURVE('',#4131,#4123,#4133,.T.);
#4131 = VERTEX_POINT('',#4132);
#4132 = CARTESIAN_POINT('',(41.,-41.04032522475,-7.1));
#4133 = LINE('',#4134,#4135);
#4134 = CARTESIAN_POINT('',(41.,-46.15,-7.1));
#4135 = VECTOR('',#4136,1.);
#4136 = DIRECTION('',(2.2E-16,1.,0.));
#4137 = ORIENTED_EDGE('',*,*,#4138,.F.);
#4138 = EDGE_CURVE('',#4139,#4131,#4141,.T.);
#4139 = VERTEX_POINT('',#4140);
#4140 = CARTESIAN_POINT('',(41.,-41.1774517925,-6.946687836487));
#4141 = B_SPLINE_CURVE_WITH_KNOTS('',7,(#4142,#4143,#4144,#4145,#4146,
    #4147,#4148,#4149,#4150,#4151,#4152,#4153,#4154,#4155),
  .UNSPECIFIED.,.F.,.F.,(8,6,8),(3.211943351068,3.757433059441,
    3.786989716981),.UNSPECIFIED.);
#4142 = CARTESIAN_POINT('',(41.,-41.1774517925,-6.946687836487));
#4143 = CARTESIAN_POINT('',(41.,-41.12550039171,-7.004771268342));
#4144 = CARTESIAN_POINT('',(40.999999999999,-41.07354899091,
    -7.062854700196));
#4145 = CARTESIAN_POINT('',(41.000000000001,-41.02159759011,
    -7.120938132051));
#4146 = CARTESIAN_POINT('',(40.999999999999,-40.96964618931,
    -7.179021563905));
#4147 = CARTESIAN_POINT('',(41.000000000001,-40.91769478852,
    -7.23710499576));
#4148 = CARTESIAN_POINT('',(41.,-40.86574338772,-7.295188427615));
#4149 = CARTESIAN_POINT('',(41.,-40.81097706716,-7.356419035443));
#4150 = CARTESIAN_POINT('',(41.,-40.80788691204,-7.359873933894));
#4151 = CARTESIAN_POINT('',(41.,-40.80452152157,-7.363636554821));
#4152 = CARTESIAN_POINT('',(41.,-40.80088089576,-7.367706898224));
#4153 = CARTESIAN_POINT('',(41.,-40.79696503459,-7.372084964104));
#4154 = CARTESIAN_POINT('',(41.,-40.79277393807,-7.376770752461));
#4155 = CARTESIAN_POINT('',(41.,-40.7883076062,-7.381764263295));
#4156 = ORIENTED_EDGE('',*,*,#4157,.F.);
#4157 = EDGE_CURVE('',#4158,#4139,#4160,.T.);
#4158 = VERTEX_POINT('',#4159);
#4159 = CARTESIAN_POINT('',(41.,-41.63661001875,-6.433333333333));
#4160 = B_SPLINE_CURVE_WITH_KNOTS('',5,(#4161,#4162,#4163,#4164,#4165,
    #4166),.UNSPECIFIED.,.F.,.F.,(6,6),(2.523206011704,3.211943351068),
  .PIECEWISE_BEZIER_KNOTS.);
#4161 = CARTESIAN_POINT('',(41.,-41.63661001875,-6.433333333333));
#4162 = CARTESIAN_POINT('',(41.,-41.5447783735,-6.536004233964));
#4163 = CARTESIAN_POINT('',(41.,-41.45294672825,-6.638675134595));
#4164 = CARTESIAN_POINT('',(41.,-41.361115083,-6.741346035225));
#4165 = CARTESIAN_POINT('',(41.,-41.26928343775,-6.844016935856));
#4166 = CARTESIAN_POINT('',(41.,-41.1774517925,-6.946687836487));
#4167 = ORIENTED_EDGE('',*,*,#4168,.F.);
#4168 = EDGE_CURVE('',#4169,#4158,#4171,.T.);
#4169 = VERTEX_POINT('',#4170);
#4170 = CARTESIAN_POINT('',(41.,-45.36338998125,-6.433333333333));
#4171 = CIRCLE('',#4172,2.5);
#4172 = AXIS2_PLACEMENT_3D('',#4173,#4174,#4175);
#4173 = CARTESIAN_POINT('',(41.,-43.5,-8.1));
#4174 = DIRECTION('',(-1.,2.2E-16,-2.2E-16));
#4175 = DIRECTION('',(-3.106449850167E-16,-0.7453559925,0.666666666667)
  );
#4176 = ORIENTED_EDGE('',*,*,#4177,.F.);
#4177 = EDGE_CURVE('',#4080,#4169,#4178,.T.);
#4178 = B_SPLINE_CURVE_WITH_KNOTS('',5,(#4179,#4180,#4181,#4182,#4183,
    #4184),.UNSPECIFIED.,.F.,.F.,(6,6),(-0.688737339364,0.),
  .PIECEWISE_BEZIER_KNOTS.);
#4179 = CARTESIAN_POINT('',(41.,-45.82254820749,-6.946687836487));
#4180 = CARTESIAN_POINT('',(41.,-45.73071656224,-6.844016935856));
#4181 = CARTESIAN_POINT('',(41.,-45.63888491699,-6.741346035226));
#4182 = CARTESIAN_POINT('',(41.,-45.54705327174,-6.638675134595));
#4183 = CARTESIAN_POINT('',(41.,-45.45522162649,-6.536004233964));
#4184 = CARTESIAN_POINT('',(41.,-45.36338998125,-6.433333333333));
#4185 = PLANE('',#4186);
#4186 = AXIS2_PLACEMENT_3D('',#4187,#4188,#4189);
#4187 = CARTESIAN_POINT('',(41.,-36.,-2.5));
#4188 = DIRECTION('',(-1.,-0.,-0.));
#4189 = DIRECTION('',(0.,-1.,0.));
#4190 = ADVANCED_FACE('',(#4191),#4209,.F.);
#4191 = FACE_BOUND('',#4192,.T.);
#4192 = EDGE_LOOP('',(#4193,#4201,#4202,#4203));
#4193 = ORIENTED_EDGE('',*,*,#4194,.F.);
#4194 = EDGE_CURVE('',#4016,#4195,#4197,.T.);
#4195 = VERTEX_POINT('',#4196);
#4196 = CARTESIAN_POINT('',(40.,-36.,-7.5));
#4197 = LINE('',#4198,#4199);
#4198 = CARTESIAN_POINT('',(26.,-36.,-7.5));
#4199 = VECTOR('',#4200,1.);
#4200 = DIRECTION('',(1.,0.,0.));
#4201 = ORIENTED_EDGE('',*,*,#4023,.F.);
#4202 = ORIENTED_EDGE('',*,*,#2926,.T.);
#4203 = ORIENTED_EDGE('',*,*,#4204,.T.);
#4204 = EDGE_CURVE('',#2920,#4195,#4205,.T.);
#4205 = LINE('',#4206,#4207);
#4206 = CARTESIAN_POINT('',(40.,-31.,-2.5));
#4207 = VECTOR('',#4208,1.);
#4208 = DIRECTION('',(0.,-0.707106781187,-0.707106781187));
#4209 = PLANE('',#4210);
#4210 = AXIS2_PLACEMENT_3D('',#4211,#4212,#4213);
#4211 = CARTESIAN_POINT('',(26.,-33.5,-5.));
#4212 = DIRECTION('',(0.,-0.707106781187,0.707106781187));
#4213 = DIRECTION('',(-1.,-0.,-0.));
#4214 = ADVANCED_FACE('',(#4215),#4226,.F.);
#4215 = FACE_BOUND('',#4216,.T.);
#4216 = EDGE_LOOP('',(#4217,#4218,#4224,#4225));
#4217 = ORIENTED_EDGE('',*,*,#4061,.T.);
#4218 = ORIENTED_EDGE('',*,*,#4219,.T.);
#4219 = EDGE_CURVE('',#4062,#4195,#4220,.T.);
#4220 = LINE('',#4221,#4222);
#4221 = CARTESIAN_POINT('',(39.786115354746,-35.78611535474,
    -7.588593920848));
#4222 = VECTOR('',#4223,1.);
#4223 = DIRECTION('',(-0.678598344546,0.678598344546,-0.281084637715));
#4224 = ORIENTED_EDGE('',*,*,#4204,.F.);
#4225 = ORIENTED_EDGE('',*,*,#2949,.T.);
#4226 = PLANE('',#4227);
#4227 = AXIS2_PLACEMENT_3D('',#4228,#4229,#4230);
#4228 = CARTESIAN_POINT('',(40.5,-31.35355339059,-2.146446609407));
#4229 = DIRECTION('',(-0.707106781187,-0.5,0.5));
#4230 = DIRECTION('',(-5.551115123126E-17,0.707106781187,0.707106781187)
  );
#4231 = ADVANCED_FACE('',(#4232),#4257,.F.);
#4232 = FACE_BOUND('',#4233,.F.);
#4233 = EDGE_LOOP('',(#4234,#4242,#4250,#4256));
#4234 = ORIENTED_EDGE('',*,*,#4235,.T.);
#4235 = EDGE_CURVE('',#2963,#4236,#4238,.T.);
#4236 = VERTEX_POINT('',#4237);
#4237 = CARTESIAN_POINT('',(40.,31.,-7.5));
#4238 = LINE('',#4239,#4240);
#4239 = CARTESIAN_POINT('',(40.,36.,-2.5));
#4240 = VECTOR('',#4241,1.);
#4241 = DIRECTION('',(0.,-0.707106781187,-0.707106781187));
#4242 = ORIENTED_EDGE('',*,*,#4243,.T.);
#4243 = EDGE_CURVE('',#4236,#4244,#4246,.T.);
#4244 = VERTEX_POINT('',#4245);
#4245 = CARTESIAN_POINT('',(41.,30.,-7.085786437627));
#4246 = LINE('',#4247,#4248);
#4247 = CARTESIAN_POINT('',(39.786115354746,31.213884645254,
    -7.588593920848));
#4248 = VECTOR('',#4249,1.);
#4249 = DIRECTION('',(0.678598344546,-0.678598344546,0.281084637715));
#4250 = ORIENTED_EDGE('',*,*,#4251,.F.);
#4251 = EDGE_CURVE('',#2971,#4244,#4252,.T.);
#4252 = LINE('',#4253,#4254);
#4253 = CARTESIAN_POINT('',(41.,35.292893218813,-1.792893218813));
#4254 = VECTOR('',#4255,1.);
#4255 = DIRECTION('',(0.,-0.707106781187,-0.707106781187));
#4256 = ORIENTED_EDGE('',*,*,#2977,.F.);
#4257 = PLANE('',#4258);
#4258 = AXIS2_PLACEMENT_3D('',#4259,#4260,#4261);
#4259 = CARTESIAN_POINT('',(40.5,35.646446609407,-2.146446609407));
#4260 = DIRECTION('',(-0.707106781187,-0.5,0.5));
#4261 = DIRECTION('',(5.551115123126E-17,-0.707106781187,-0.707106781187
    ));
#4262 = ADVANCED_FACE('',(#4263,#4302),#4413,.F.);
#4263 = FACE_BOUND('',#4264,.F.);
#4264 = EDGE_LOOP('',(#4265,#4275,#4283,#4289,#4295,#4296));
#4265 = ORIENTED_EDGE('',*,*,#4266,.T.);
#4266 = EDGE_CURVE('',#4267,#4269,#4271,.T.);
#4267 = VERTEX_POINT('',#4268);
#4268 = CARTESIAN_POINT('',(41.,30.,-12.));
#4269 = VERTEX_POINT('',#4270);
#4270 = CARTESIAN_POINT('',(41.,17.,-12.));
#4271 = LINE('',#4272,#4273);
#4272 = CARTESIAN_POINT('',(41.,31.,-12.));
#4273 = VECTOR('',#4274,1.);
#4274 = DIRECTION('',(0.,-1.,0.));
#4275 = ORIENTED_EDGE('',*,*,#4276,.F.);
#4276 = EDGE_CURVE('',#4277,#4269,#4279,.T.);
#4277 = VERTEX_POINT('',#4278);
#4278 = CARTESIAN_POINT('',(41.,17.,-7.085786437627));
#4279 = LINE('',#4280,#4281);
#4280 = CARTESIAN_POINT('',(41.,17.,-7.5));
#4281 = VECTOR('',#4282,1.);
#4282 = DIRECTION('',(0.,0.,-1.));
#4283 = ORIENTED_EDGE('',*,*,#4284,.F.);
#4284 = EDGE_CURVE('',#3044,#4277,#4285,.T.);
#4285 = LINE('',#4286,#4287);
#4286 = CARTESIAN_POINT('',(41.,11.707106781187,-1.792893218813));
#4287 = VECTOR('',#4288,1.);
#4288 = DIRECTION('',(0.,0.707106781187,-0.707106781187));
#4289 = ORIENTED_EDGE('',*,*,#4290,.F.);
#4290 = EDGE_CURVE('',#2971,#3044,#4291,.T.);
#4291 = LINE('',#4292,#4293);
#4292 = CARTESIAN_POINT('',(41.,36.,-3.5));
#4293 = VECTOR('',#4294,1.);
#4294 = DIRECTION('',(-0.,-1.,-0.));
#4295 = ORIENTED_EDGE('',*,*,#4251,.T.);
#4296 = ORIENTED_EDGE('',*,*,#4297,.T.);
#4297 = EDGE_CURVE('',#4244,#4267,#4298,.T.);
#4298 = LINE('',#4299,#4300);
#4299 = CARTESIAN_POINT('',(41.,30.,-7.5));
#4300 = VECTOR('',#4301,1.);
#4301 = DIRECTION('',(0.,0.,-1.));
#4302 = FACE_BOUND('',#4303,.F.);
#4303 = EDGE_LOOP('',(#4304,#4325,#4333,#4341,#4349,#4357,#4365,#4384,
    #4395,#4404));
#4304 = ORIENTED_EDGE('',*,*,#4305,.F.);
#4305 = EDGE_CURVE('',#4306,#4308,#4310,.T.);
#4306 = VERTEX_POINT('',#4307);
#4307 = CARTESIAN_POINT('',(41.,21.04032522475,-7.1));
#4308 = VERTEX_POINT('',#4309);
#4309 = CARTESIAN_POINT('',(41.,21.177451792507,-6.946687836487));
#4310 = B_SPLINE_CURVE_WITH_KNOTS('',7,(#4311,#4312,#4313,#4314,#4315,
    #4316,#4317,#4318,#4319,#4320,#4321,#4322,#4323,#4324),
  .UNSPECIFIED.,.F.,.F.,(8,6,8),(-1.263783705278,-1.234227047737,
    -0.688737339364),.UNSPECIFIED.);
#4311 = CARTESIAN_POINT('',(41.,20.788307606207,-7.381764263295));
#4312 = CARTESIAN_POINT('',(41.,20.792773938075,-7.376770752461));
#4313 = CARTESIAN_POINT('',(41.,20.796965034593,-7.372084964104));
#4314 = CARTESIAN_POINT('',(41.,20.80088089576,-7.367706898224));
#4315 = CARTESIAN_POINT('',(41.,20.804521521577,-7.363636554821));
#4316 = CARTESIAN_POINT('',(41.,20.807886912044,-7.359873933894));
#4317 = CARTESIAN_POINT('',(41.,20.81097706716,-7.356419035443));
#4318 = CARTESIAN_POINT('',(41.,20.865743387723,-7.295188427615));
#4319 = CARTESIAN_POINT('',(41.,20.91769478852,-7.23710499576));
#4320 = CARTESIAN_POINT('',(41.,20.969646189318,-7.179021563906));
#4321 = CARTESIAN_POINT('',(41.,21.021597590115,-7.120938132051));
#4322 = CARTESIAN_POINT('',(41.,21.073548990913,-7.062854700196));
#4323 = CARTESIAN_POINT('',(41.,21.12550039171,-7.004771268342));
#4324 = CARTESIAN_POINT('',(41.,21.177451792507,-6.946687836487));
#4325 = ORIENTED_EDGE('',*,*,#4326,.F.);
#4326 = EDGE_CURVE('',#4327,#4306,#4329,.T.);
#4327 = VERTEX_POINT('',#4328);
#4328 = CARTESIAN_POINT('',(41.,19.85,-7.1));
#4329 = LINE('',#4330,#4331);
#4330 = CARTESIAN_POINT('',(41.,20.85,-7.1));
#4331 = VECTOR('',#4332,1.);
#4332 = DIRECTION('',(2.2E-16,1.,0.));
#4333 = ORIENTED_EDGE('',*,*,#4334,.F.);
#4334 = EDGE_CURVE('',#4335,#4327,#4337,.T.);
#4335 = VERTEX_POINT('',#4336);
#4336 = CARTESIAN_POINT('',(41.,19.85,-11.1));
#4337 = LINE('',#4338,#4339);
#4338 = CARTESIAN_POINT('',(41.,19.85,-10.1));
#4339 = VECTOR('',#4340,1.);
#4340 = DIRECTION('',(-2.2E-16,0.,1.));
#4341 = ORIENTED_EDGE('',*,*,#4342,.F.);
#4342 = EDGE_CURVE('',#4343,#4335,#4345,.T.);
#4343 = VERTEX_POINT('',#4344);
#4344 = CARTESIAN_POINT('',(41.,27.15,-11.1));
#4345 = LINE('',#4346,#4347);
#4346 = CARTESIAN_POINT('',(41.,26.15,-11.1));
#4347 = VECTOR('',#4348,1.);
#4348 = DIRECTION('',(-2.2E-16,-1.,-0.));
#4349 = ORIENTED_EDGE('',*,*,#4350,.F.);
#4350 = EDGE_CURVE('',#4351,#4343,#4353,.T.);
#4351 = VERTEX_POINT('',#4352);
#4352 = CARTESIAN_POINT('',(41.,27.15,-7.1));
#4353 = LINE('',#4354,#4355);
#4354 = CARTESIAN_POINT('',(41.,27.15,-8.1));
#4355 = VECTOR('',#4356,1.);
#4356 = DIRECTION('',(2.2E-16,0.,-1.));
#4357 = ORIENTED_EDGE('',*,*,#4358,.F.);
#4358 = EDGE_CURVE('',#4359,#4351,#4361,.T.);
#4359 = VERTEX_POINT('',#4360);
#4360 = CARTESIAN_POINT('',(41.,25.95967477525,-7.1));
#4361 = LINE('',#4362,#4363);
#4362 = CARTESIAN_POINT('',(41.,20.85,-7.1));
#4363 = VECTOR('',#4364,1.);
#4364 = DIRECTION('',(2.2E-16,1.,0.));
#4365 = ORIENTED_EDGE('',*,*,#4366,.F.);
#4366 = EDGE_CURVE('',#4367,#4359,#4369,.T.);
#4367 = VERTEX_POINT('',#4368);
#4368 = CARTESIAN_POINT('',(41.,25.822548207493,-6.946687836487));
#4369 = B_SPLINE_CURVE_WITH_KNOTS('',7,(#4370,#4371,#4372,#4373,#4374,
    #4375,#4376,#4377,#4378,#4379,#4380,#4381,#4382,#4383),
  .UNSPECIFIED.,.F.,.F.,(8,6,8),(3.211943351068,3.757433059441,
    3.786989716981),.UNSPECIFIED.);
#4370 = CARTESIAN_POINT('',(41.,25.822548207493,-6.946687836487));
#4371 = CARTESIAN_POINT('',(41.,25.87449960829,-7.004771268342));
#4372 = CARTESIAN_POINT('',(40.999999999999,25.926451009087,
    -7.062854700196));
#4373 = CARTESIAN_POINT('',(41.000000000002,25.978402409886,
    -7.120938132051));
#4374 = CARTESIAN_POINT('',(40.999999999999,26.030353810682,
    -7.179021563905));
#4375 = CARTESIAN_POINT('',(41.000000000001,26.08230521148,
    -7.23710499576));
#4376 = CARTESIAN_POINT('',(41.,26.134256612277,-7.295188427615));
#4377 = CARTESIAN_POINT('',(41.,26.18902293284,-7.356419035443));
#4378 = CARTESIAN_POINT('',(41.,26.192113087956,-7.359873933894));
#4379 = CARTESIAN_POINT('',(41.,26.195478478423,-7.363636554821));
#4380 = CARTESIAN_POINT('',(41.,26.19911910424,-7.367706898224));
#4381 = CARTESIAN_POINT('',(41.,26.203034965407,-7.372084964104));
#4382 = CARTESIAN_POINT('',(41.,26.207226061925,-7.376770752461));
#4383 = CARTESIAN_POINT('',(41.,26.211692393793,-7.381764263295));
#4384 = ORIENTED_EDGE('',*,*,#4385,.F.);
#4385 = EDGE_CURVE('',#4386,#4367,#4388,.T.);
#4386 = VERTEX_POINT('',#4387);
#4387 = CARTESIAN_POINT('',(41.,25.36338998125,-6.433333333333));
#4388 = B_SPLINE_CURVE_WITH_KNOTS('',5,(#4389,#4390,#4391,#4392,#4393,
    #4394),.UNSPECIFIED.,.F.,.F.,(6,6),(2.523206011704,3.211943351068),
  .PIECEWISE_BEZIER_KNOTS.);
#4389 = CARTESIAN_POINT('',(41.,25.36338998125,-6.433333333333));
#4390 = CARTESIAN_POINT('',(41.,25.455221626498,-6.536004233964));
#4391 = CARTESIAN_POINT('',(41.,25.547053271747,-6.638675134595));
#4392 = CARTESIAN_POINT('',(41.,25.638884916996,-6.741346035225));
#4393 = CARTESIAN_POINT('',(41.,25.730716562244,-6.844016935856));
#4394 = CARTESIAN_POINT('',(41.,25.822548207493,-6.946687836487));
#4395 = ORIENTED_EDGE('',*,*,#4396,.F.);
#4396 = EDGE_CURVE('',#4397,#4386,#4399,.T.);
#4397 = VERTEX_POINT('',#4398);
#4398 = CARTESIAN_POINT('',(41.,21.63661001875,-6.433333333333));
#4399 = CIRCLE('',#4400,2.5);
#4400 = AXIS2_PLACEMENT_3D('',#4401,#4402,#4403);
#4401 = CARTESIAN_POINT('',(41.,23.5,-8.1));
#4402 = DIRECTION('',(-1.,2.2E-16,-2.2E-16));
#4403 = DIRECTION('',(-3.106449850167E-16,-0.7453559925,0.666666666667)
  );
#4404 = ORIENTED_EDGE('',*,*,#4405,.F.);
#4405 = EDGE_CURVE('',#4308,#4397,#4406,.T.);
#4406 = B_SPLINE_CURVE_WITH_KNOTS('',5,(#4407,#4408,#4409,#4410,#4411,
    #4412),.UNSPECIFIED.,.F.,.F.,(6,6),(-0.688737339364,0.),
  .PIECEWISE_BEZIER_KNOTS.);
#4407 = CARTESIAN_POINT('',(41.,21.177451792507,-6.946687836487));
#4408 = CARTESIAN_POINT('',(41.,21.269283437756,-6.844016935856));
#4409 = CARTESIAN_POINT('',(41.,21.361115083004,-6.741346035226));
#4410 = CARTESIAN_POINT('',(41.,21.452946728253,-6.638675134595));
#4411 = CARTESIAN_POINT('',(41.,21.544778373502,-6.536004233964));
#4412 = CARTESIAN_POINT('',(41.,21.63661001875,-6.433333333333));
#4413 = PLANE('',#4414);
#4414 = AXIS2_PLACEMENT_3D('',#4415,#4416,#4417);
#4415 = CARTESIAN_POINT('',(41.,31.,-2.5));
#4416 = DIRECTION('',(-1.,-0.,-0.));
#4417 = DIRECTION('',(0.,-1.,0.));
#4418 = ADVANCED_FACE('',(#4419),#4437,.F.);
#4419 = FACE_BOUND('',#4420,.T.);
#4420 = EDGE_LOOP('',(#4421,#4429,#4435,#4436));
#4421 = ORIENTED_EDGE('',*,*,#4422,.F.);
#4422 = EDGE_CURVE('',#4423,#4236,#4425,.T.);
#4423 = VERTEX_POINT('',#4424);
#4424 = CARTESIAN_POINT('',(27.,31.,-7.5));
#4425 = LINE('',#4426,#4427);
#4426 = CARTESIAN_POINT('',(26.,31.,-7.5));
#4427 = VECTOR('',#4428,1.);
#4428 = DIRECTION('',(1.,0.,0.));
#4429 = ORIENTED_EDGE('',*,*,#4430,.F.);
#4430 = EDGE_CURVE('',#2991,#4423,#4431,.T.);
#4431 = LINE('',#4432,#4433);
#4432 = CARTESIAN_POINT('',(27.,36.,-2.5));
#4433 = VECTOR('',#4434,1.);
#4434 = DIRECTION('',(0.,-0.707106781187,-0.707106781187));
#4435 = ORIENTED_EDGE('',*,*,#2999,.T.);
#4436 = ORIENTED_EDGE('',*,*,#4235,.T.);
#4437 = PLANE('',#4438);
#4438 = AXIS2_PLACEMENT_3D('',#4439,#4440,#4441);
#4439 = CARTESIAN_POINT('',(26.,33.5,-5.));
#4440 = DIRECTION('',(0.,-0.707106781187,0.707106781187));
#4441 = DIRECTION('',(-1.,-0.,-0.));
#4442 = ADVANCED_FACE('',(#4443),#4461,.F.);
#4443 = FACE_BOUND('',#4444,.F.);
#4444 = EDGE_LOOP('',(#4445,#4453,#4459,#4460));
#4445 = ORIENTED_EDGE('',*,*,#4446,.T.);
#4446 = EDGE_CURVE('',#3016,#4447,#4449,.T.);
#4447 = VERTEX_POINT('',#4448);
#4448 = CARTESIAN_POINT('',(26.,30.,-7.085786437627));
#4449 = LINE('',#4450,#4451);
#4450 = CARTESIAN_POINT('',(26.,35.292893218813,-1.792893218813));
#4451 = VECTOR('',#4452,1.);
#4452 = DIRECTION('',(0.,-0.707106781187,-0.707106781187));
#4453 = ORIENTED_EDGE('',*,*,#4454,.T.);
#4454 = EDGE_CURVE('',#4447,#4423,#4455,.T.);
#4455 = LINE('',#4456,#4457);
#4456 = CARTESIAN_POINT('',(27.213884645254,31.213884645254,
    -7.588593920848));
#4457 = VECTOR('',#4458,1.);
#4458 = DIRECTION('',(0.678598344546,0.678598344546,-0.281084637715));
#4459 = ORIENTED_EDGE('',*,*,#4430,.F.);
#4460 = ORIENTED_EDGE('',*,*,#3022,.T.);
#4461 = PLANE('',#4462);
#4462 = AXIS2_PLACEMENT_3D('',#4463,#4464,#4465);
#4463 = CARTESIAN_POINT('',(26.5,35.646446609407,-2.146446609407));
#4464 = DIRECTION('',(0.707106781187,-0.5,0.5));
#4465 = DIRECTION('',(0.,-0.707106781187,-0.707106781187));
#4466 = ADVANCED_FACE('',(#4467),#4485,.F.);
#4467 = FACE_BOUND('',#4468,.F.);
#4468 = EDGE_LOOP('',(#4469,#4470,#4478,#4484));
#4469 = ORIENTED_EDGE('',*,*,#4284,.T.);
#4470 = ORIENTED_EDGE('',*,*,#4471,.T.);
#4471 = EDGE_CURVE('',#4277,#4472,#4474,.T.);
#4472 = VERTEX_POINT('',#4473);
#4473 = CARTESIAN_POINT('',(40.,16.,-7.5));
#4474 = LINE('',#4475,#4476);
#4475 = CARTESIAN_POINT('',(39.786115354746,15.786115354746,
    -7.588593920848));
#4476 = VECTOR('',#4477,1.);
#4477 = DIRECTION('',(-0.678598344546,-0.678598344546,-0.281084637715));
#4478 = ORIENTED_EDGE('',*,*,#4479,.F.);
#4479 = EDGE_CURVE('',#3036,#4472,#4480,.T.);
#4480 = LINE('',#4481,#4482);
#4481 = CARTESIAN_POINT('',(40.,11.,-2.5));
#4482 = VECTOR('',#4483,1.);
#4483 = DIRECTION('',(0.,0.707106781187,-0.707106781187));
#4484 = ORIENTED_EDGE('',*,*,#3050,.T.);
#4485 = PLANE('',#4486);
#4486 = AXIS2_PLACEMENT_3D('',#4487,#4488,#4489);
#4487 = CARTESIAN_POINT('',(40.5,11.353553390593,-2.146446609407));
#4488 = DIRECTION('',(-0.707106781187,0.5,0.5));
#4489 = DIRECTION('',(0.,0.707106781187,-0.707106781187));
#4490 = ADVANCED_FACE('',(#4491),#4530,.F.);
#4491 = FACE_BOUND('',#4492,.F.);
#4492 = EDGE_LOOP('',(#4493,#4503,#4509,#4510,#4516,#4524));
#4493 = ORIENTED_EDGE('',*,*,#4494,.T.);
#4494 = EDGE_CURVE('',#4495,#4497,#4499,.T.);
#4495 = VERTEX_POINT('',#4496);
#4496 = CARTESIAN_POINT('',(26.,17.,-12.));
#4497 = VERTEX_POINT('',#4498);
#4498 = CARTESIAN_POINT('',(26.,30.,-12.));
#4499 = LINE('',#4500,#4501);
#4500 = CARTESIAN_POINT('',(26.,16.,-12.));
#4501 = VECTOR('',#4502,1.);
#4502 = DIRECTION('',(0.,1.,0.));
#4503 = ORIENTED_EDGE('',*,*,#4504,.F.);
#4504 = EDGE_CURVE('',#4447,#4497,#4505,.T.);
#4505 = LINE('',#4506,#4507);
#4506 = CARTESIAN_POINT('',(26.,30.,-7.5));
#4507 = VECTOR('',#4508,1.);
#4508 = DIRECTION('',(0.,0.,-1.));
#4509 = ORIENTED_EDGE('',*,*,#4446,.F.);
#4510 = ORIENTED_EDGE('',*,*,#4511,.F.);
#4511 = EDGE_CURVE('',#3089,#3016,#4512,.T.);
#4512 = LINE('',#4513,#4514);
#4513 = CARTESIAN_POINT('',(26.,11.,-3.5));
#4514 = VECTOR('',#4515,1.);
#4515 = DIRECTION('',(0.,1.,0.));
#4516 = ORIENTED_EDGE('',*,*,#4517,.T.);
#4517 = EDGE_CURVE('',#3089,#4518,#4520,.T.);
#4518 = VERTEX_POINT('',#4519);
#4519 = CARTESIAN_POINT('',(26.,17.,-7.085786437627));
#4520 = LINE('',#4521,#4522);
#4521 = CARTESIAN_POINT('',(26.,11.707106781187,-1.792893218813));
#4522 = VECTOR('',#4523,1.);
#4523 = DIRECTION('',(0.,0.707106781187,-0.707106781187));
#4524 = ORIENTED_EDGE('',*,*,#4525,.T.);
#4525 = EDGE_CURVE('',#4518,#4495,#4526,.T.);
#4526 = LINE('',#4527,#4528);
#4527 = CARTESIAN_POINT('',(26.,17.,-7.5));
#4528 = VECTOR('',#4529,1.);
#4529 = DIRECTION('',(0.,0.,-1.));
#4530 = PLANE('',#4531);
#4531 = AXIS2_PLACEMENT_3D('',#4532,#4533,#4534);
#4532 = CARTESIAN_POINT('',(26.,16.,-2.5));
#4533 = DIRECTION('',(1.,0.,0.));
#4534 = DIRECTION('',(0.,1.,0.));
#4535 = ADVANCED_FACE('',(#4536),#4554,.F.);
#4536 = FACE_BOUND('',#4537,.T.);
#4537 = EDGE_LOOP('',(#4538,#4546,#4547,#4548));
#4538 = ORIENTED_EDGE('',*,*,#4539,.F.);
#4539 = EDGE_CURVE('',#4472,#4540,#4542,.T.);
#4540 = VERTEX_POINT('',#4541);
#4541 = CARTESIAN_POINT('',(27.,16.,-7.5));
#4542 = LINE('',#4543,#4544);
#4543 = CARTESIAN_POINT('',(41.,16.,-7.5));
#4544 = VECTOR('',#4545,1.);
#4545 = DIRECTION('',(-1.,0.,0.));
#4546 = ORIENTED_EDGE('',*,*,#4479,.F.);
#4547 = ORIENTED_EDGE('',*,*,#3072,.T.);
#4548 = ORIENTED_EDGE('',*,*,#4549,.T.);
#4549 = EDGE_CURVE('',#3066,#4540,#4550,.T.);
#4550 = LINE('',#4551,#4552);
#4551 = CARTESIAN_POINT('',(27.,11.,-2.5));
#4552 = VECTOR('',#4553,1.);
#4553 = DIRECTION('',(0.,0.707106781187,-0.707106781187));
#4554 = PLANE('',#4555);
#4555 = AXIS2_PLACEMENT_3D('',#4556,#4557,#4558);
#4556 = CARTESIAN_POINT('',(41.,13.5,-5.));
#4557 = DIRECTION('',(0.,0.707106781187,0.707106781187));
#4558 = DIRECTION('',(1.,0.,0.));
#4559 = ADVANCED_FACE('',(#4560),#4571,.F.);
#4560 = FACE_BOUND('',#4561,.T.);
#4561 = EDGE_LOOP('',(#4562,#4563,#4569,#4570));
#4562 = ORIENTED_EDGE('',*,*,#4517,.T.);
#4563 = ORIENTED_EDGE('',*,*,#4564,.T.);
#4564 = EDGE_CURVE('',#4518,#4540,#4565,.T.);
#4565 = LINE('',#4566,#4567);
#4566 = CARTESIAN_POINT('',(27.213884645254,15.786115354746,
    -7.588593920848));
#4567 = VECTOR('',#4568,1.);
#4568 = DIRECTION('',(0.678598344546,-0.678598344546,-0.281084637715));
#4569 = ORIENTED_EDGE('',*,*,#4549,.F.);
#4570 = ORIENTED_EDGE('',*,*,#3095,.T.);
#4571 = PLANE('',#4572);
#4572 = AXIS2_PLACEMENT_3D('',#4573,#4574,#4575);
#4573 = CARTESIAN_POINT('',(26.5,11.353553390593,-2.146446609407));
#4574 = DIRECTION('',(0.707106781187,0.5,0.5));
#4575 = DIRECTION('',(0.,-0.707106781187,0.707106781187));
#4576 = ADVANCED_FACE('',(#4577),#4580,.F.);
#4577 = FACE_BOUND('',#4578,.T.);
#4578 = EDGE_LOOP('',(#4579));
#4579 = ORIENTED_EDGE('',*,*,#3147,.T.);
#4580 = PLANE('',#4581);
#4581 = AXIS2_PLACEMENT_3D('',#4582,#4583,#4584);
#4582 = CARTESIAN_POINT('',(4.49E-15,-10.,-5.5));
#4583 = DIRECTION('',(0.,0.,1.));
#4584 = DIRECTION('',(1.,0.,0.));
#4585 = ADVANCED_FACE('',(#4586),#4627,.T.);
#4586 = FACE_BOUND('',#4587,.T.);
#4587 = EDGE_LOOP('',(#4588,#4598,#4604,#4605,#4613,#4621));
#4588 = ORIENTED_EDGE('',*,*,#4589,.F.);
#4589 = EDGE_CURVE('',#4590,#4592,#4594,.T.);
#4590 = VERTEX_POINT('',#4591);
#4591 = CARTESIAN_POINT('',(-40.5,16.5,-12.25));
#4592 = VERTEX_POINT('',#4593);
#4593 = CARTESIAN_POINT('',(-36.,21.,-14.5));
#4594 = LINE('',#4595,#4596);
#4595 = CARTESIAN_POINT('',(-36.27777777777,20.722222222222,
    -14.36111111111));
#4596 = VECTOR('',#4597,1.);
#4597 = DIRECTION('',(0.666666666667,0.666666666667,-0.333333333333));
#4598 = ORIENTED_EDGE('',*,*,#4599,.F.);
#4599 = EDGE_CURVE('',#22,#4590,#4600,.T.);
#4600 = LINE('',#4601,#4602);
#4601 = CARTESIAN_POINT('',(-40.36111111111,16.361111111111,
    -12.31944444444));
#4602 = VECTOR('',#4603,1.);
#4603 = DIRECTION('',(0.666666666667,-0.666666666667,-0.333333333333));
#4604 = ORIENTED_EDGE('',*,*,#21,.T.);
#4605 = ORIENTED_EDGE('',*,*,#4606,.T.);
#4606 = EDGE_CURVE('',#24,#4607,#4609,.T.);
#4607 = VERTEX_POINT('',#4608);
#4608 = CARTESIAN_POINT('',(-40.5,30.5,-12.25));
#4609 = LINE('',#4610,#4611);
#4610 = CARTESIAN_POINT('',(-43.69444444444,27.305555555556,
    -10.65277777777));
#4611 = VECTOR('',#4612,1.);
#4612 = DIRECTION('',(0.666666666667,0.666666666667,-0.333333333333));
#4613 = ORIENTED_EDGE('',*,*,#4614,.T.);
#4614 = EDGE_CURVE('',#4607,#4615,#4617,.T.);
#4615 = VERTEX_POINT('',#4616);
#4616 = CARTESIAN_POINT('',(-36.,26.,-14.5));
#4617 = LINE('',#4618,#4619);
#4618 = CARTESIAN_POINT('',(-36.27777777777,26.277777777778,
    -14.36111111111));
#4619 = VECTOR('',#4620,1.);
#4620 = DIRECTION('',(0.666666666667,-0.666666666667,-0.333333333333));
#4621 = ORIENTED_EDGE('',*,*,#4622,.F.);
#4622 = EDGE_CURVE('',#4592,#4615,#4623,.T.);
#4623 = LINE('',#4624,#4625);
#4624 = CARTESIAN_POINT('',(-36.,16.,-14.5));
#4625 = VECTOR('',#4626,1.);
#4626 = DIRECTION('',(0.,1.,0.));
#4627 = PLANE('',#4628);
#4628 = AXIS2_PLACEMENT_3D('',#4629,#4630,#4631);
#4629 = CARTESIAN_POINT('',(-38.5,16.,-13.25));
#4630 = DIRECTION('',(-0.4472135955,0.,-0.894427191));
#4631 = DIRECTION('',(0.,1.,0.));
#4632 = ADVANCED_FACE('',(#4633),#4652,.T.);
#4633 = FACE_BOUND('',#4634,.T.);
#4634 = EDGE_LOOP('',(#4635,#4636,#4644,#4650,#4651));
#4635 = ORIENTED_EDGE('',*,*,#4599,.T.);
#4636 = ORIENTED_EDGE('',*,*,#4637,.T.);
#4637 = EDGE_CURVE('',#4590,#4638,#4640,.T.);
#4638 = VERTEX_POINT('',#4639);
#4639 = CARTESIAN_POINT('',(-40.,16.,-12.));
#4640 = LINE('',#4641,#4642);
#4641 = CARTESIAN_POINT('',(-37.30555555555,13.305555555556,
    -10.65277777777));
#4642 = VECTOR('',#4643,1.);
#4643 = DIRECTION('',(0.666666666667,-0.666666666667,0.333333333333));
#4644 = ORIENTED_EDGE('',*,*,#4645,.F.);
#4645 = EDGE_CURVE('',#190,#4638,#4646,.T.);
#4646 = LINE('',#4647,#4648);
#4647 = CARTESIAN_POINT('',(-40.,16.,-7.5));
#4648 = VECTOR('',#4649,1.);
#4649 = DIRECTION('',(0.,0.,-1.));
#4650 = ORIENTED_EDGE('',*,*,#189,.F.);
#4651 = ORIENTED_EDGE('',*,*,#63,.T.);
#4652 = PLANE('',#4653);
#4653 = AXIS2_PLACEMENT_3D('',#4654,#4655,#4656);
#4654 = CARTESIAN_POINT('',(-40.5,16.5,-7.5));
#4655 = DIRECTION('',(-0.707106781187,-0.707106781187,0.));
#4656 = DIRECTION('',(0.,0.,-1.));
#4657 = ADVANCED_FACE('',(#4658),#4677,.T.);
#4658 = FACE_BOUND('',#4659,.F.);
#4659 = EDGE_LOOP('',(#4660,#4661,#4669,#4675,#4676));
#4660 = ORIENTED_EDGE('',*,*,#4606,.T.);
#4661 = ORIENTED_EDGE('',*,*,#4662,.T.);
#4662 = EDGE_CURVE('',#4607,#4663,#4665,.T.);
#4663 = VERTEX_POINT('',#4664);
#4664 = CARTESIAN_POINT('',(-40.,31.,-12.));
#4665 = LINE('',#4666,#4667);
#4666 = CARTESIAN_POINT('',(-40.63888888888,30.361111111111,
    -12.31944444444));
#4667 = VECTOR('',#4668,1.);
#4668 = DIRECTION('',(0.666666666667,0.666666666667,0.333333333333));
#4669 = ORIENTED_EDGE('',*,*,#4670,.F.);
#4670 = EDGE_CURVE('',#3303,#4663,#4671,.T.);
#4671 = LINE('',#4672,#4673);
#4672 = CARTESIAN_POINT('',(-40.,31.,-7.5));
#4673 = VECTOR('',#4674,1.);
#4674 = DIRECTION('',(0.,0.,-1.));
#4675 = ORIENTED_EDGE('',*,*,#3302,.F.);
#4676 = ORIENTED_EDGE('',*,*,#31,.T.);
#4677 = PLANE('',#4678);
#4678 = AXIS2_PLACEMENT_3D('',#4679,#4680,#4681);
#4679 = CARTESIAN_POINT('',(-40.5,30.5,-7.5));
#4680 = DIRECTION('',(-0.707106781187,0.707106781187,0.));
#4681 = DIRECTION('',(0.,0.,1.));
#4682 = ADVANCED_FACE('',(#4683),#4770,.T.);
#4683 = FACE_BOUND('',#4684,.T.);
#4684 = EDGE_LOOP('',(#4685,#4696,#4755,#4756,#4764));
#4685 = ORIENTED_EDGE('',*,*,#4686,.T.);
#4686 = EDGE_CURVE('',#4687,#4689,#4691,.T.);
#4687 = VERTEX_POINT('',#4688);
#4688 = CARTESIAN_POINT('',(-40.,25.436491673104,-8.1));
#4689 = VERTEX_POINT('',#4690);
#4690 = CARTESIAN_POINT('',(-40.00616263756,25.358230739254,
    -8.093837246705));
#4691 = ELLIPSE('',#4692,0.707106781187,0.5);
#4692 = AXIS2_PLACEMENT_3D('',#4693,#4694,#4695);
#4693 = CARTESIAN_POINT('',(-40.5,25.436491673104,-7.6));
#4694 = DIRECTION('',(-0.707106781187,0.,-0.707106781187));
#4695 = DIRECTION('',(-0.707106781187,0.,0.707106781187));
#4696 = ORIENTED_EDGE('',*,*,#4697,.F.);
#4697 = EDGE_CURVE('',#72,#4689,#4698,.T.);
#4698 = B_SPLINE_CURVE_WITH_KNOTS('',7,(#4699,#4700,#4701,#4702,#4703,
    #4704,#4705,#4706,#4707,#4708,#4709,#4710,#4711,#4712,#4713,#4714,
    #4715,#4716,#4717,#4718,#4719,#4720,#4721,#4722,#4723,#4724,#4725,
    #4726,#4727,#4728,#4729,#4730,#4731,#4732,#4733,#4734,#4735,#4736,
    #4737,#4738,#4739,#4740,#4741,#4742,#4743,#4744,#4745,#4746,#4747,
    #4748,#4749,#4750,#4751,#4752,#4753,#4754),.UNSPECIFIED.,.F.,.F.,(8,
    6,6,6,6,6,6,6,6,8),(0.,0.122090666093,0.222998859913,0.43045596062,
    0.663539128061,0.819992368054,0.911426934038,0.950032735049,
    0.971235356623,1.),.UNSPECIFIED.);
#4699 = CARTESIAN_POINT('',(-41.,25.95967477525,-7.1));
#4700 = CARTESIAN_POINT('',(-40.98281449943,25.946127664333,
    -7.117185500562));
#4701 = CARTESIAN_POINT('',(-40.96563193723,25.932570046721,
    -7.134368062761));
#4702 = CARTESIAN_POINT('',(-40.94845134028,25.919005407325,
    -7.151548659712));
#4703 = CARTESIAN_POINT('',(-40.93127173657,25.905437221939,
    -7.168728263426));
#4704 = CARTESIAN_POINT('',(-40.91409215519,25.89186895724,
    -7.185907844805));
#4705 = CARTESIAN_POINT('',(-40.89691162635,25.878304070786,
    -7.203088373648));
#4706 = CARTESIAN_POINT('',(-40.86552785421,25.853540245936,
    -7.234472145789));
#4707 = CARTESIAN_POINT('',(-40.85132521325,25.842339175832,
    -7.248674786749));
#4708 = CARTESIAN_POINT('',(-40.83712070951,25.831144756436,
    -7.262879290486));
#4709 = CARTESIAN_POINT('',(-40.82291378084,25.819959010036,
    -7.277086219156));
#4710 = CARTESIAN_POINT('',(-40.80870385188,25.808784025473,
    -7.291296148114));
#4711 = CARTESIAN_POINT('',(-40.79449033409,25.797621958145,
    -7.305509665909));
#4712 = CARTESIAN_POINT('',(-40.75104244678,25.763558066506,
    -7.348957553215));
#4713 = CARTESIAN_POINT('',(-40.72179470697,25.740705174057,
    -7.378205293026));
#4714 = CARTESIAN_POINT('',(-40.69252384401,25.717936042534,
    -7.407476155983));
#4715 = CARTESIAN_POINT('',(-40.66322428567,25.695271798955,
    -7.436775714325));
#4716 = CARTESIAN_POINT('',(-40.6338899833,25.672736783539,
    -7.466110016692));
#4717 = CARTESIAN_POINT('',(-40.60451394545,25.650360325764,
    -7.495486054547));
#4718 = CARTESIAN_POINT('',(-40.54202673937,25.603256715243,
    -7.557973260628));
#4719 = CARTESIAN_POINT('',(-40.50890519883,25.57858321368,
    -7.591094801161));
#4720 = CARTESIAN_POINT('',(-40.47570811245,25.554205630602,
    -7.624291887543));
#4721 = CARTESIAN_POINT('',(-40.44242051695,25.530191771992,
    -7.657579483041));
#4722 = CARTESIAN_POINT('',(-40.40902836021,25.506624785562,
    -7.690971639785));
#4723 = CARTESIAN_POINT('',(-40.37551393211,25.483623634513,
    -7.724486067883));
#4724 = CARTESIAN_POINT('',(-40.31924676964,25.446464191123,
    -7.780753230355));
#4725 = CARTESIAN_POINT('',(-40.29658772322,25.431890973962,
    -7.803412276772));
#4726 = CARTESIAN_POINT('',(-40.27384999444,25.417725318229,
    -7.826150005557));
#4727 = CARTESIAN_POINT('',(-40.2510227212,25.404044384097,
    -7.848977278798));
#4728 = CARTESIAN_POINT('',(-40.22809988291,25.390974093788,
    -7.871900117087));
#4729 = CARTESIAN_POINT('',(-40.20508192801,25.378671333864,
    -7.894918071982));
#4730 = CARTESIAN_POINT('',(-40.16844265749,25.360914272897,
    -7.93155734251));
#4731 = CARTESIAN_POINT('',(-40.1549091974,25.354747072474,
    -7.945090802593));
#4732 = CARTESIAN_POINT('',(-40.14133826255,25.349019916441,
    -7.958661737448));
#4733 = CARTESIAN_POINT('',(-40.12772952495,25.343817403349,
    -7.972270475046));
#4734 = CARTESIAN_POINT('',(-40.11410224682,25.339281027966,
    -7.98589775318));
#4735 = CARTESIAN_POINT('',(-40.10049388946,25.335585457861,
    -7.999506110536));
#4736 = CARTESIAN_POINT('',(-40.08124760852,25.332032904037,
    -8.018752391475));
#4737 = CARTESIAN_POINT('',(-40.07555220303,25.331192599218,
    -8.024447796961));
#4738 = CARTESIAN_POINT('',(-40.06987863299,25.330593240587,
    -8.030121367008));
#4739 = CARTESIAN_POINT('',(-40.06423640095,25.330267875391,
    -8.03576359905));
#4740 = CARTESIAN_POINT('',(-40.05864133222,25.33025766259,
    -8.041358667771));
#4741 = CARTESIAN_POINT('',(-40.05311588642,25.330613522073,
    -8.046884113571));
#4742 = CARTESIAN_POINT('',(-40.04470923612,25.331828506883,
    -8.055290763873));
#4743 = CARTESIAN_POINT('',(-40.04175982333,25.332388375288,
    -8.058240176669));
#4744 = CARTESIAN_POINT('',(-40.03884639624,25.333087509736,
    -8.061153603759));
#4745 = CARTESIAN_POINT('',(-40.03597593299,25.333937095634,
    -8.064024067007));
#4746 = CARTESIAN_POINT('',(-40.03315702971,25.334948794315,
    -8.06684297029));
#4747 = CARTESIAN_POINT('',(-40.03039970601,25.336134154189,
    -8.06960029399));
#4748 = CARTESIAN_POINT('',(-40.02407327616,25.33936245983,
    -8.075926723834));
#4749 = CARTESIAN_POINT('',(-40.02056282339,25.34156197317,
    -8.079437176609));
#4750 = CARTESIAN_POINT('',(-40.01721664158,25.344127091869,
    -8.08278335842));
#4751 = CARTESIAN_POINT('',(-40.01407113156,25.347078131342,
    -8.085928868435));
#4752 = CARTESIAN_POINT('',(-40.01116181659,25.350423828523,
    -8.088838183406));
#4753 = CARTESIAN_POINT('',(-40.00851885332,25.354153977901,
    -8.091481146678));
#4754 = CARTESIAN_POINT('',(-40.00616254279,25.358232067571,
    -8.09383745721));
#4755 = ORIENTED_EDGE('',*,*,#71,.T.);
#4756 = ORIENTED_EDGE('',*,*,#4757,.T.);
#4757 = EDGE_CURVE('',#74,#4758,#4760,.T.);
#4758 = VERTEX_POINT('',#4759);
#4759 = CARTESIAN_POINT('',(-40.,26.15,-8.1));
#4760 = LINE('',#4761,#4762);
#4761 = CARTESIAN_POINT('',(-39.45,25.6,-8.65));
#4762 = VECTOR('',#4763,1.);
#4763 = DIRECTION('',(0.57735026919,-0.57735026919,-0.57735026919));
#4764 = ORIENTED_EDGE('',*,*,#4765,.F.);
#4765 = EDGE_CURVE('',#4687,#4758,#4766,.T.);
#4766 = LINE('',#4767,#4768);
#4767 = CARTESIAN_POINT('',(-40.,20.85,-8.1));
#4768 = VECTOR('',#4769,1.);
#4769 = DIRECTION('',(0.,1.,0.));
#4770 = PLANE('',#4771);
#4771 = AXIS2_PLACEMENT_3D('',#4772,#4773,#4774);
#4772 = CARTESIAN_POINT('',(-40.5,20.85,-7.6));
#4773 = DIRECTION('',(-0.707106781187,0.,-0.707106781187));
#4774 = DIRECTION('',(0.,1.,0.));
#4775 = ADVANCED_FACE('',(#4776),#4804,.F.);
#4776 = FACE_BOUND('',#4777,.F.);
#4777 = EDGE_LOOP('',(#4778,#4785,#4802,#4803));
#4778 = ORIENTED_EDGE('',*,*,#4779,.T.);
#4779 = EDGE_CURVE('',#153,#4780,#4782,.T.);
#4780 = VERTEX_POINT('',#4781);
#4781 = CARTESIAN_POINT('',(-40.0141225295,24.952368754828,-7.725));
#4782 = B_SPLINE_CURVE_WITH_KNOTS('',1,(#4783,#4784),.UNSPECIFIED.,.F.,
  .F.,(2,2),(0.,0.688737339364),.PIECEWISE_BEZIER_KNOTS.);
#4783 = CARTESIAN_POINT('',(-41.,25.822548207493,-6.946687836487));
#4784 = CARTESIAN_POINT('',(-40.0141225295,24.952368754828,-7.725));
#4785 = ORIENTED_EDGE('',*,*,#4786,.T.);
#4786 = EDGE_CURVE('',#4780,#4689,#4787,.T.);
#4787 = B_SPLINE_CURVE_WITH_KNOTS('',7,(#4788,#4789,#4790,#4791,#4792,
    #4793,#4794,#4795,#4796,#4797,#4798,#4799,#4800,#4801),
  .UNSPECIFIED.,.F.,.F.,(8,6,8),(3.211943351068,3.757433059441,
    3.786989716981),.UNSPECIFIED.);
#4788 = CARTESIAN_POINT('',(-40.0141225295,24.952368754828,-7.725));
#4789 = CARTESIAN_POINT('',(-40.02096438835,24.974298936112,
    -7.809935226894));
#4790 = CARTESIAN_POINT('',(-40.02630358024,25.011171873896,
    -7.881505246066));
#4791 = CARTESIAN_POINT('',(-40.02826565855,25.058148000848,
    -7.944038698132));
#4792 = CARTESIAN_POINT('',(-40.02631179886,25.114061893438,
    -7.998577969582));
#4793 = CARTESIAN_POINT('',(-40.02165262846,25.182093825249,
    -8.042278537254));
#4794 = CARTESIAN_POINT('',(-40.01324747498,25.258933612783,
    -8.07810111927));
#4795 = CARTESIAN_POINT('',(-40.00577875477,25.363611026208,
    -8.09468988851));
#4796 = CARTESIAN_POINT('',(-40.00539487197,25.368991313163,
    -8.095542530315));
#4797 = CARTESIAN_POINT('',(-40.00501098918,25.374371600118,
    -8.09639517212));
#4798 = CARTESIAN_POINT('',(-40.00462710638,25.379751887072,
    -8.097247813925));
#4799 = CARTESIAN_POINT('',(-40.00424322359,25.385132174027,
    -8.09810045573));
#4800 = CARTESIAN_POINT('',(-40.0038593408,25.390512460982,
    -8.098953097535));
#4801 = CARTESIAN_POINT('',(-40.003475458,25.395892747936,-8.09980573934
    ));
#4802 = ORIENTED_EDGE('',*,*,#4697,.F.);
#4803 = ORIENTED_EDGE('',*,*,#163,.F.);
#4804 = B_SPLINE_SURFACE_WITH_KNOTS('',1,7,(
    (#4805,#4806,#4807,#4808,#4809,#4810,#4811,#4812,#4813,#4814,#4815
      ,#4816,#4817,#4818)
    ,(#4819,#4820,#4821,#4822,#4823,#4824,#4825,#4826,#4827,#4828,#4829
      ,#4830,#4831,#4832
    )),.UNSPECIFIED.,.F.,.F.,.F.,(2,2),(8,6,8),(0.,0.545489708373),(
    3.211943351068,3.757433059441,3.786989716981),.UNSPECIFIED.);
#4805 = CARTESIAN_POINT('',(-41.,25.822548207493,-6.946687836487));
#4806 = CARTESIAN_POINT('',(-41.,25.87449960829,-7.004771268342));
#4807 = CARTESIAN_POINT('',(-40.99999999999,25.926451009087,
    -7.062854700196));
#4808 = CARTESIAN_POINT('',(-41.,25.978402409886,-7.120938132051));
#4809 = CARTESIAN_POINT('',(-40.99999999999,26.030353810682,
    -7.179021563905));
#4810 = CARTESIAN_POINT('',(-41.,26.08230521148,-7.23710499576));
#4811 = CARTESIAN_POINT('',(-41.,26.134256612277,-7.295188427615));
#4812 = CARTESIAN_POINT('',(-41.,26.18902293284,-7.356419035443));
#4813 = CARTESIAN_POINT('',(-41.,26.192113087956,-7.359873933894));
#4814 = CARTESIAN_POINT('',(-41.,26.195478478423,-7.363636554821));
#4815 = CARTESIAN_POINT('',(-41.,26.19911910424,-7.367706898224));
#4816 = CARTESIAN_POINT('',(-41.,26.203034965407,-7.372084964104));
#4817 = CARTESIAN_POINT('',(-41.,26.207226061925,-7.376770752461));
#4818 = CARTESIAN_POINT('',(-41.,26.211692393793,-7.381764263295));
#4819 = CARTESIAN_POINT('',(-40.0141225295,24.952368754828,-7.725));
#4820 = CARTESIAN_POINT('',(-40.02096438835,24.974298936112,
    -7.809935226894));
#4821 = CARTESIAN_POINT('',(-40.02630358024,25.011171873896,
    -7.881505246066));
#4822 = CARTESIAN_POINT('',(-40.02826565855,25.058148000848,
    -7.944038698132));
#4823 = CARTESIAN_POINT('',(-40.02631179886,25.114061893438,
    -7.998577969582));
#4824 = CARTESIAN_POINT('',(-40.02165262846,25.182093825249,
    -8.042278537254));
#4825 = CARTESIAN_POINT('',(-40.01324747498,25.258933612783,
    -8.07810111927));
#4826 = CARTESIAN_POINT('',(-40.00577875477,25.363611026208,
    -8.09468988851));
#4827 = CARTESIAN_POINT('',(-40.00539487197,25.368991313163,
    -8.095542530315));
#4828 = CARTESIAN_POINT('',(-40.00501098918,25.374371600118,
    -8.09639517212));
#4829 = CARTESIAN_POINT('',(-40.00462710638,25.379751887072,
    -8.097247813925));
#4830 = CARTESIAN_POINT('',(-40.00424322359,25.385132174027,
    -8.09810045573));
#4831 = CARTESIAN_POINT('',(-40.0038593408,25.390512460982,
    -8.098953097535));
#4832 = CARTESIAN_POINT('',(-40.003475458,25.395892747936,-8.09980573934
    ));
#4833 = ADVANCED_FACE('',(#4834),#4852,.T.);
#4834 = FACE_BOUND('',#4835,.T.);
#4835 = EDGE_LOOP('',(#4836,#4837,#4838,#4846));
#4836 = ORIENTED_EDGE('',*,*,#4757,.F.);
#4837 = ORIENTED_EDGE('',*,*,#81,.T.);
#4838 = ORIENTED_EDGE('',*,*,#4839,.T.);
#4839 = EDGE_CURVE('',#82,#4840,#4842,.T.);
#4840 = VERTEX_POINT('',#4841);
#4841 = CARTESIAN_POINT('',(-40.,26.15,-10.1));
#4842 = LINE('',#4843,#4844);
#4843 = CARTESIAN_POINT('',(-40.,26.15,-10.1));
#4844 = VECTOR('',#4845,1.);
#4845 = DIRECTION('',(0.57735026919,-0.57735026919,0.57735026919));
#4846 = ORIENTED_EDGE('',*,*,#4847,.F.);
#4847 = EDGE_CURVE('',#4758,#4840,#4848,.T.);
#4848 = LINE('',#4849,#4850);
#4849 = CARTESIAN_POINT('',(-40.,26.15,-8.1));
#4850 = VECTOR('',#4851,1.);
#4851 = DIRECTION('',(0.,0.,-1.));
#4852 = PLANE('',#4853);
#4853 = AXIS2_PLACEMENT_3D('',#4854,#4855,#4856);
#4854 = CARTESIAN_POINT('',(-40.5,26.65,-8.1));
#4855 = DIRECTION('',(-0.707106781187,-0.707106781187,0.));
#4856 = DIRECTION('',(0.,0.,-1.));
#4857 = ADVANCED_FACE('',(#4858),#4879,.F.);
#4858 = FACE_BOUND('',#4859,.F.);
#4859 = EDGE_LOOP('',(#4860,#4868,#4877,#4878));
#4860 = ORIENTED_EDGE('',*,*,#4861,.T.);
#4861 = EDGE_CURVE('',#144,#4862,#4864,.T.);
#4862 = VERTEX_POINT('',#4863);
#4863 = CARTESIAN_POINT('',(-40.,24.61803398875,-7.1));
#4864 = LINE('',#4865,#4866);
#4865 = CARTESIAN_POINT('',(-40.,24.61803398875,-7.1));
#4866 = VECTOR('',#4867,1.);
#4867 = DIRECTION('',(0.707106781187,-0.527046276695,-0.471404520791));
#4868 = ORIENTED_EDGE('',*,*,#4869,.T.);
#4869 = EDGE_CURVE('',#4862,#4780,#4870,.T.);
#4870 = B_SPLINE_CURVE_WITH_KNOTS('',5,(#4871,#4872,#4873,#4874,#4875,
    #4876),.UNSPECIFIED.,.F.,.F.,(6,6),(2.523206011704,3.211943351068),
  .PIECEWISE_BEZIER_KNOTS.);
#4871 = CARTESIAN_POINT('',(-40.,24.61803398875,-7.1));
#4872 = CARTESIAN_POINT('',(-40.,24.709865633998,-7.202670900631));
#4873 = CARTESIAN_POINT('',(-39.99991571188,24.789944061015,
    -7.31585419923));
#4874 = CARTESIAN_POINT('',(-40.00024731612,24.85807469196,
    -7.439723931508));
#4875 = CARTESIAN_POINT('',(-40.00202855042,24.913603974725,
    -7.574864652242));
#4876 = CARTESIAN_POINT('',(-40.0141225295,24.952368754828,-7.725));
#4877 = ORIENTED_EDGE('',*,*,#4779,.F.);
#4878 = ORIENTED_EDGE('',*,*,#152,.F.);
#4879 = B_SPLINE_SURFACE_WITH_KNOTS('',1,5,(
    (#4880,#4881,#4882,#4883,#4884,#4885)
    ,(#4886,#4887,#4888,#4889,#4890,#4891
    )),.UNSPECIFIED.,.F.,.F.,.F.,(2,2),(6,6),(0.,0.688737339364),(
    2.523206011704,3.211943351068),.PIECEWISE_BEZIER_KNOTS.);
#4880 = CARTESIAN_POINT('',(-41.,25.36338998125,-6.433333333333));
#4881 = CARTESIAN_POINT('',(-41.,25.455221626498,-6.536004233964));
#4882 = CARTESIAN_POINT('',(-41.,25.547053271747,-6.638675134595));
#4883 = CARTESIAN_POINT('',(-41.,25.638884916996,-6.741346035225));
#4884 = CARTESIAN_POINT('',(-41.,25.730716562244,-6.844016935856));
#4885 = CARTESIAN_POINT('',(-41.,25.822548207493,-6.946687836487));
#4886 = CARTESIAN_POINT('',(-40.,24.61803398875,-7.1));
#4887 = CARTESIAN_POINT('',(-40.,24.709865633998,-7.202670900631));
#4888 = CARTESIAN_POINT('',(-39.99991571188,24.789944061015,
    -7.31585419923));
#4889 = CARTESIAN_POINT('',(-40.00024731612,24.85807469196,
    -7.439723931508));
#4890 = CARTESIAN_POINT('',(-40.00202855042,24.913603974725,
    -7.574864652242));
#4891 = CARTESIAN_POINT('',(-40.0141225295,24.952368754828,-7.725));
#4892 = ADVANCED_FACE('',(#4893),#4911,.T.);
#4893 = FACE_BOUND('',#4894,.T.);
#4894 = EDGE_LOOP('',(#4895,#4896,#4897,#4905));
#4895 = ORIENTED_EDGE('',*,*,#4839,.F.);
#4896 = ORIENTED_EDGE('',*,*,#89,.T.);
#4897 = ORIENTED_EDGE('',*,*,#4898,.T.);
#4898 = EDGE_CURVE('',#90,#4899,#4901,.T.);
#4899 = VERTEX_POINT('',#4900);
#4900 = CARTESIAN_POINT('',(-40.,20.85,-10.1));
#4901 = LINE('',#4902,#4903);
#4902 = CARTESIAN_POINT('',(-39.45,21.4,-9.55));
#4903 = VECTOR('',#4904,1.);
#4904 = DIRECTION('',(0.57735026919,0.57735026919,0.57735026919));
#4905 = ORIENTED_EDGE('',*,*,#4906,.F.);
#4906 = EDGE_CURVE('',#4840,#4899,#4907,.T.);
#4907 = LINE('',#4908,#4909);
#4908 = CARTESIAN_POINT('',(-40.,26.15,-10.1));
#4909 = VECTOR('',#4910,1.);
#4910 = DIRECTION('',(0.,-1.,0.));
#4911 = PLANE('',#4912);
#4912 = AXIS2_PLACEMENT_3D('',#4913,#4914,#4915);
#4913 = CARTESIAN_POINT('',(-40.5,26.15,-10.6));
#4914 = DIRECTION('',(-0.707106781187,0.,0.707106781187));
#4915 = DIRECTION('',(0.,-1.,0.));
#4916 = ADVANCED_FACE('',(#4917),#4935,.F.);
#4917 = FACE_BOUND('',#4918,.T.);
#4918 = EDGE_LOOP('',(#4919,#4926,#4927,#4928));
#4919 = ORIENTED_EDGE('',*,*,#4920,.F.);
#4920 = EDGE_CURVE('',#133,#4921,#4923,.T.);
#4921 = VERTEX_POINT('',#4922);
#4922 = CARTESIAN_POINT('',(-40.,22.38196601125,-7.1));
#4923 = B_SPLINE_CURVE_WITH_KNOTS('',1,(#4924,#4925),.UNSPECIFIED.,.F.,
  .F.,(2,2),(0.,0.688737339364),.PIECEWISE_BEZIER_KNOTS.);
#4924 = CARTESIAN_POINT('',(-41.,21.63661001875,-6.433333333333));
#4925 = CARTESIAN_POINT('',(-40.,22.38196601125,-7.1));
#4926 = ORIENTED_EDGE('',*,*,#143,.T.);
#4927 = ORIENTED_EDGE('',*,*,#4861,.T.);
#4928 = ORIENTED_EDGE('',*,*,#4929,.F.);
#4929 = EDGE_CURVE('',#4921,#4862,#4930,.T.);
#4930 = CIRCLE('',#4931,1.5);
#4931 = AXIS2_PLACEMENT_3D('',#4932,#4933,#4934);
#4932 = CARTESIAN_POINT('',(-40.,23.5,-8.1));
#4933 = DIRECTION('',(-1.,0.,0.));
#4934 = DIRECTION('',(0.,-0.7453559925,0.666666666667));
#4935 = CONICAL_SURFACE('',#4936,1.5,0.785398163397);
#4936 = AXIS2_PLACEMENT_3D('',#4937,#4938,#4939);
#4937 = CARTESIAN_POINT('',(-40.,23.5,-8.1));
#4938 = DIRECTION('',(-1.,-0.,-0.));
#4939 = DIRECTION('',(0.,-0.7453559925,0.666666666667));
#4940 = ADVANCED_FACE('',(#4941),#4959,.T.);
#4941 = FACE_BOUND('',#4942,.T.);
#4942 = EDGE_LOOP('',(#4943,#4944,#4945,#4953));
#4943 = ORIENTED_EDGE('',*,*,#4898,.F.);
#4944 = ORIENTED_EDGE('',*,*,#97,.T.);
#4945 = ORIENTED_EDGE('',*,*,#4946,.T.);
#4946 = EDGE_CURVE('',#98,#4947,#4949,.T.);
#4947 = VERTEX_POINT('',#4948);
#4948 = CARTESIAN_POINT('',(-40.,20.85,-8.1));
#4949 = LINE('',#4950,#4951);
#4950 = CARTESIAN_POINT('',(-40.,20.85,-8.1));
#4951 = VECTOR('',#4952,1.);
#4952 = DIRECTION('',(0.57735026919,0.57735026919,-0.57735026919));
#4953 = ORIENTED_EDGE('',*,*,#4954,.F.);
#4954 = EDGE_CURVE('',#4899,#4947,#4955,.T.);
#4955 = LINE('',#4956,#4957);
#4956 = CARTESIAN_POINT('',(-40.,20.85,-10.1));
#4957 = VECTOR('',#4958,1.);
#4958 = DIRECTION('',(0.,0.,1.));
#4959 = PLANE('',#4960);
#4960 = AXIS2_PLACEMENT_3D('',#4961,#4962,#4963);
#4961 = CARTESIAN_POINT('',(-40.5,20.35,-10.1));
#4962 = DIRECTION('',(-0.707106781187,0.707106781187,0.));
#4963 = DIRECTION('',(0.,0.,1.));
#4964 = ADVANCED_FACE('',(#4965),#4985,.F.);
#4965 = FACE_BOUND('',#4966,.F.);
#4966 = EDGE_LOOP('',(#4967,#4974,#4983,#4984));
#4967 = ORIENTED_EDGE('',*,*,#4968,.T.);
#4968 = EDGE_CURVE('',#114,#4969,#4971,.T.);
#4969 = VERTEX_POINT('',#4970);
#4970 = CARTESIAN_POINT('',(-40.0141225295,22.047631245172,-7.725));
#4971 = B_SPLINE_CURVE_WITH_KNOTS('',1,(#4972,#4973),.UNSPECIFIED.,.F.,
  .F.,(2,2),(0.,0.545489708373),.PIECEWISE_BEZIER_KNOTS.);
#4972 = CARTESIAN_POINT('',(-41.,21.177451792507,-6.946687836487));
#4973 = CARTESIAN_POINT('',(-40.0141225295,22.047631245172,-7.725));
#4974 = ORIENTED_EDGE('',*,*,#4975,.T.);
#4975 = EDGE_CURVE('',#4969,#4921,#4976,.T.);
#4976 = B_SPLINE_CURVE_WITH_KNOTS('',5,(#4977,#4978,#4979,#4980,#4981,
    #4982),.UNSPECIFIED.,.F.,.F.,(6,6),(-0.688737339364,0.),
  .PIECEWISE_BEZIER_KNOTS.);
#4977 = CARTESIAN_POINT('',(-40.0141225295,22.047631245172,-7.725));
#4978 = CARTESIAN_POINT('',(-40.00202855042,22.086396025275,
    -7.574864652242));
#4979 = CARTESIAN_POINT('',(-40.00024731612,22.14192530804,
    -7.439723931508));
#4980 = CARTESIAN_POINT('',(-39.99991571188,22.210055938985,
    -7.31585419923));
#4981 = CARTESIAN_POINT('',(-40.,22.290134366002,-7.202670900631));
#4982 = CARTESIAN_POINT('',(-40.,22.38196601125,-7.1));
#4983 = ORIENTED_EDGE('',*,*,#4920,.F.);
#4984 = ORIENTED_EDGE('',*,*,#132,.F.);
#4985 = B_SPLINE_SURFACE_WITH_KNOTS('',1,5,(
    (#4986,#4987,#4988,#4989,#4990,#4991)
    ,(#4992,#4993,#4994,#4995,#4996,#4997
    )),.UNSPECIFIED.,.F.,.F.,.F.,(2,2),(6,6),(0.,0.688737339364),(
    -0.688737339364,0.),.PIECEWISE_BEZIER_KNOTS.);
#4986 = CARTESIAN_POINT('',(-41.,21.177451792507,-6.946687836487));
#4987 = CARTESIAN_POINT('',(-41.,21.269283437756,-6.844016935856));
#4988 = CARTESIAN_POINT('',(-41.,21.361115083004,-6.741346035226));
#4989 = CARTESIAN_POINT('',(-41.,21.452946728253,-6.638675134595));
#4990 = CARTESIAN_POINT('',(-41.,21.544778373502,-6.536004233964));
#4991 = CARTESIAN_POINT('',(-41.,21.63661001875,-6.433333333333));
#4992 = CARTESIAN_POINT('',(-40.0141225295,22.047631245172,-7.725));
#4993 = CARTESIAN_POINT('',(-40.00202855042,22.086396025275,
    -7.574864652242));
#4994 = CARTESIAN_POINT('',(-40.00024731612,22.14192530804,
    -7.439723931508));
#4995 = CARTESIAN_POINT('',(-39.99991571188,22.210055938985,
    -7.31585419923));
#4996 = CARTESIAN_POINT('',(-40.,22.290134366002,-7.202670900631));
#4997 = CARTESIAN_POINT('',(-40.,22.38196601125,-7.1));
#4998 = ADVANCED_FACE('',(#4999),#5079,.T.);
#4999 = FACE_BOUND('',#5000,.T.);
#5000 = EDGE_LOOP('',(#5001,#5012,#5018,#5019,#5020));
#5001 = ORIENTED_EDGE('',*,*,#5002,.T.);
#5002 = EDGE_CURVE('',#5003,#5005,#5007,.T.);
#5003 = VERTEX_POINT('',#5004);
#5004 = CARTESIAN_POINT('',(-40.00616263756,21.641769260746,
    -8.093837246705));
#5005 = VERTEX_POINT('',#5006);
#5006 = CARTESIAN_POINT('',(-40.,21.563508326896,-8.1));
#5007 = ELLIPSE('',#5008,0.707106781187,0.5);
#5008 = AXIS2_PLACEMENT_3D('',#5009,#5010,#5011);
#5009 = CARTESIAN_POINT('',(-40.5,21.563508326896,-7.6));
#5010 = DIRECTION('',(-0.707106781187,0.,-0.707106781187));
#5011 = DIRECTION('',(-0.707106781187,0.,0.707106781187));
#5012 = ORIENTED_EDGE('',*,*,#5013,.F.);
#5013 = EDGE_CURVE('',#4947,#5005,#5014,.T.);
#5014 = LINE('',#5015,#5016);
#5015 = CARTESIAN_POINT('',(-40.,20.85,-8.1));
#5016 = VECTOR('',#5017,1.);
#5017 = DIRECTION('',(0.,1.,0.));
#5018 = ORIENTED_EDGE('',*,*,#4946,.F.);
#5019 = ORIENTED_EDGE('',*,*,#105,.T.);
#5020 = ORIENTED_EDGE('',*,*,#5021,.T.);
#5021 = EDGE_CURVE('',#106,#5003,#5022,.T.);
#5022 = B_SPLINE_CURVE_WITH_KNOTS('',7,(#5023,#5024,#5025,#5026,#5027,
    #5028,#5029,#5030,#5031,#5032,#5033,#5034,#5035,#5036,#5037,#5038,
    #5039,#5040,#5041,#5042,#5043,#5044,#5045,#5046,#5047,#5048,#5049,
    #5050,#5051,#5052,#5053,#5054,#5055,#5056,#5057,#5058,#5059,#5060,
    #5061,#5062,#5063,#5064,#5065,#5066,#5067,#5068,#5069,#5070,#5071,
    #5072,#5073,#5074,#5075,#5076,#5077,#5078),.UNSPECIFIED.,.F.,.F.,(8,
    6,6,6,6,6,6,6,6,8),(0.,0.122090666093,0.222998859913,0.43045596062,
    0.66353912806,0.819992368053,0.911426934037,0.950032735049,
    0.971235356623,1.),.UNSPECIFIED.);
#5023 = CARTESIAN_POINT('',(-41.,21.04032522475,-7.1));
#5024 = CARTESIAN_POINT('',(-40.98281449943,21.053872335667,
    -7.117185500562));
#5025 = CARTESIAN_POINT('',(-40.96563193723,21.067429953279,
    -7.134368062761));
#5026 = CARTESIAN_POINT('',(-40.94845134028,21.080994592675,
    -7.151548659712));
#5027 = CARTESIAN_POINT('',(-40.93127173657,21.094562778061,
    -7.168728263426));
#5028 = CARTESIAN_POINT('',(-40.91409215519,21.10813104276,
    -7.185907844805));
#5029 = CARTESIAN_POINT('',(-40.89691162635,21.121695929214,
    -7.203088373648));
#5030 = CARTESIAN_POINT('',(-40.86552785421,21.146459754064,
    -7.234472145789));
#5031 = CARTESIAN_POINT('',(-40.85132521325,21.157660824168,
    -7.248674786749));
#5032 = CARTESIAN_POINT('',(-40.83712070951,21.168855243564,
    -7.262879290486));
#5033 = CARTESIAN_POINT('',(-40.82291378084,21.180040989964,
    -7.277086219156));
#5034 = CARTESIAN_POINT('',(-40.80870385188,21.191215974527,
    -7.291296148113));
#5035 = CARTESIAN_POINT('',(-40.79449033409,21.202378041855,
    -7.305509665909));
#5036 = CARTESIAN_POINT('',(-40.75104244678,21.236441933494,
    -7.348957553215));
#5037 = CARTESIAN_POINT('',(-40.72179470697,21.259294825943,
    -7.378205293026));
#5038 = CARTESIAN_POINT('',(-40.69252384401,21.282063957466,
    -7.407476155983));
#5039 = CARTESIAN_POINT('',(-40.66322428567,21.304728201045,
    -7.436775714325));
#5040 = CARTESIAN_POINT('',(-40.6338899833,21.327263216461,
    -7.466110016692));
#5041 = CARTESIAN_POINT('',(-40.60451394545,21.349639674236,
    -7.495486054547));
#5042 = CARTESIAN_POINT('',(-40.54202673937,21.396743284757,
    -7.557973260628));
#5043 = CARTESIAN_POINT('',(-40.50890519883,21.42141678632,
    -7.591094801161));
#5044 = CARTESIAN_POINT('',(-40.47570811245,21.445794369398,
    -7.624291887543));
#5045 = CARTESIAN_POINT('',(-40.44242051695,21.469808228009,
    -7.657579483041));
#5046 = CARTESIAN_POINT('',(-40.40902836021,21.493375214438,
    -7.690971639785));
#5047 = CARTESIAN_POINT('',(-40.37551393211,21.516376365487,
    -7.724486067882));
#5048 = CARTESIAN_POINT('',(-40.31924676964,21.553535808877,
    -7.780753230355));
#5049 = CARTESIAN_POINT('',(-40.29658772322,21.568109026038,
    -7.803412276772));
#5050 = CARTESIAN_POINT('',(-40.27384999444,21.582274681771,
    -7.826150005556));
#5051 = CARTESIAN_POINT('',(-40.2510227212,21.595955615902,
    -7.848977278798));
#5052 = CARTESIAN_POINT('',(-40.22809988291,21.609025906212,
    -7.871900117086));
#5053 = CARTESIAN_POINT('',(-40.20508192801,21.621328666136,
    -7.894918071982));
#5054 = CARTESIAN_POINT('',(-40.16844265749,21.639085727103,
    -7.93155734251));
#5055 = CARTESIAN_POINT('',(-40.1549091974,21.645252927526,
    -7.945090802593));
#5056 = CARTESIAN_POINT('',(-40.14133826255,21.65098008356,
    -7.958661737447));
#5057 = CARTESIAN_POINT('',(-40.12772952495,21.656182596651,
    -7.972270475047));
#5058 = CARTESIAN_POINT('',(-40.11410224682,21.660718972035,
    -7.98589775318));
#5059 = CARTESIAN_POINT('',(-40.10049388946,21.664414542139,
    -7.999506110536));
#5060 = CARTESIAN_POINT('',(-40.08124760852,21.667967095963,
    -8.018752391475));
#5061 = CARTESIAN_POINT('',(-40.07555220303,21.668807400782,
    -8.024447796961));
#5062 = CARTESIAN_POINT('',(-40.06987863299,21.669406759414,
    -8.030121367008));
#5063 = CARTESIAN_POINT('',(-40.06423640095,21.669732124609,
    -8.03576359905));
#5064 = CARTESIAN_POINT('',(-40.05864133222,21.66974233741,
    -8.041358667771));
#5065 = CARTESIAN_POINT('',(-40.05311588643,21.669386477927,
    -8.04688411357));
#5066 = CARTESIAN_POINT('',(-40.04470923612,21.668171493117,
    -8.055290763873));
#5067 = CARTESIAN_POINT('',(-40.04175982333,21.667611624712,
    -8.058240176669));
#5068 = CARTESIAN_POINT('',(-40.03884639624,21.666912490265,
    -8.061153603759));
#5069 = CARTESIAN_POINT('',(-40.03597593299,21.666062904366,
    -8.064024067007));
#5070 = CARTESIAN_POINT('',(-40.03315702971,21.665051205686,
    -8.06684297029));
#5071 = CARTESIAN_POINT('',(-40.03039970601,21.663865845812,
    -8.06960029399));
#5072 = CARTESIAN_POINT('',(-40.02407327616,21.66063754017,
    -8.075926723834));
#5073 = CARTESIAN_POINT('',(-40.02056282339,21.65843802683,
    -8.079437176609));
#5074 = CARTESIAN_POINT('',(-40.01721664158,21.655872908132,
    -8.08278335842));
#5075 = CARTESIAN_POINT('',(-40.01407113156,21.652921868658,
    -8.085928868435));
#5076 = CARTESIAN_POINT('',(-40.01116181659,21.649576171477,
    -8.088838183406));
#5077 = CARTESIAN_POINT('',(-40.00851885332,21.645846022099,
    -8.091481146679));
#5078 = CARTESIAN_POINT('',(-40.00616254279,21.64176793243,
    -8.09383745721));
#5079 = PLANE('',#5080);
#5080 = AXIS2_PLACEMENT_3D('',#5081,#5082,#5083);
#5081 = CARTESIAN_POINT('',(-40.5,20.85,-7.6));
#5082 = DIRECTION('',(-0.707106781187,0.,-0.707106781187));
#5083 = DIRECTION('',(0.,1.,0.));
#5084 = ADVANCED_FACE('',(#5085),#5107,.F.);
#5085 = FACE_BOUND('',#5086,.F.);
#5086 = EDGE_LOOP('',(#5087,#5088,#5105,#5106));
#5087 = ORIENTED_EDGE('',*,*,#5021,.T.);
#5088 = ORIENTED_EDGE('',*,*,#5089,.T.);
#5089 = EDGE_CURVE('',#5003,#4969,#5090,.T.);
#5090 = B_SPLINE_CURVE_WITH_KNOTS('',7,(#5091,#5092,#5093,#5094,#5095,
    #5096,#5097,#5098,#5099,#5100,#5101,#5102,#5103,#5104),
  .UNSPECIFIED.,.F.,.F.,(8,6,8),(-1.263783705278,-1.234227047737,
    -0.688737339364),.UNSPECIFIED.);
#5091 = CARTESIAN_POINT('',(-40.003475458,21.604107252064,-8.09980573934
    ));
#5092 = CARTESIAN_POINT('',(-40.0038593408,21.609487539018,
    -8.098953097535));
#5093 = CARTESIAN_POINT('',(-40.00424322359,21.614867825973,
    -8.09810045573));
#5094 = CARTESIAN_POINT('',(-40.00462710638,21.620248112928,
    -8.097247813925));
#5095 = CARTESIAN_POINT('',(-40.00501098918,21.625628399882,
    -8.09639517212));
#5096 = CARTESIAN_POINT('',(-40.00539487197,21.631008686837,
    -8.095542530315));
#5097 = CARTESIAN_POINT('',(-40.00577875477,21.636388973791,
    -8.09468988851));
#5098 = CARTESIAN_POINT('',(-40.01324747498,21.741066387217,
    -8.07810111927));
#5099 = CARTESIAN_POINT('',(-40.02165262846,21.817906174752,
    -8.042278537253));
#5100 = CARTESIAN_POINT('',(-40.02631179886,21.885938106562,
    -7.998577969582));
#5101 = CARTESIAN_POINT('',(-40.02826565855,21.941851999152,
    -7.944038698131));
#5102 = CARTESIAN_POINT('',(-40.02630358024,21.988828126104,
    -7.881505246067));
#5103 = CARTESIAN_POINT('',(-40.02096438835,22.025701063888,
    -7.809935226894));
#5104 = CARTESIAN_POINT('',(-40.0141225295,22.047631245172,-7.725));
#5105 = ORIENTED_EDGE('',*,*,#4968,.F.);
#5106 = ORIENTED_EDGE('',*,*,#113,.F.);
#5107 = B_SPLINE_SURFACE_WITH_KNOTS('',1,7,(
    (#5108,#5109,#5110,#5111,#5112,#5113,#5114,#5115,#5116,#5117,#5118
      ,#5119,#5120,#5121)
    ,(#5122,#5123,#5124,#5125,#5126,#5127,#5128,#5129,#5130,#5131,#5132
      ,#5133,#5134,#5135
    )),.UNSPECIFIED.,.F.,.F.,.F.,(2,2),(8,6,8),(0.,0.545489708373),(
    -1.263783705278,-1.234227047737,-0.688737339364),.UNSPECIFIED.);
#5108 = CARTESIAN_POINT('',(-41.,20.788307606207,-7.381764263295));
#5109 = CARTESIAN_POINT('',(-41.,20.792773938075,-7.376770752461));
#5110 = CARTESIAN_POINT('',(-41.,20.796965034593,-7.372084964104));
#5111 = CARTESIAN_POINT('',(-41.,20.80088089576,-7.367706898224));
#5112 = CARTESIAN_POINT('',(-41.,20.804521521577,-7.363636554821));
#5113 = CARTESIAN_POINT('',(-41.,20.807886912044,-7.359873933894));
#5114 = CARTESIAN_POINT('',(-41.,20.81097706716,-7.356419035443));
#5115 = CARTESIAN_POINT('',(-41.,20.865743387723,-7.295188427615));
#5116 = CARTESIAN_POINT('',(-41.,20.91769478852,-7.23710499576));
#5117 = CARTESIAN_POINT('',(-41.,20.969646189318,-7.179021563906));
#5118 = CARTESIAN_POINT('',(-41.,21.021597590115,-7.120938132051));
#5119 = CARTESIAN_POINT('',(-41.,21.073548990913,-7.062854700196));
#5120 = CARTESIAN_POINT('',(-41.,21.12550039171,-7.004771268342));
#5121 = CARTESIAN_POINT('',(-41.,21.177451792507,-6.946687836487));
#5122 = CARTESIAN_POINT('',(-40.003475458,21.604107252064,-8.09980573934
    ));
#5123 = CARTESIAN_POINT('',(-40.0038593408,21.609487539018,
    -8.098953097535));
#5124 = CARTESIAN_POINT('',(-40.00424322359,21.614867825973,
    -8.09810045573));
#5125 = CARTESIAN_POINT('',(-40.00462710638,21.620248112928,
    -8.097247813925));
#5126 = CARTESIAN_POINT('',(-40.00501098918,21.625628399882,
    -8.09639517212));
#5127 = CARTESIAN_POINT('',(-40.00539487197,21.631008686837,
    -8.095542530315));
#5128 = CARTESIAN_POINT('',(-40.00577875477,21.636388973791,
    -8.09468988851));
#5129 = CARTESIAN_POINT('',(-40.01324747498,21.741066387217,
    -8.07810111927));
#5130 = CARTESIAN_POINT('',(-40.02165262846,21.817906174752,
    -8.042278537253));
#5131 = CARTESIAN_POINT('',(-40.02631179886,21.885938106562,
    -7.998577969582));
#5132 = CARTESIAN_POINT('',(-40.02826565855,21.941851999152,
    -7.944038698131));
#5133 = CARTESIAN_POINT('',(-40.02630358024,21.988828126104,
    -7.881505246067));
#5134 = CARTESIAN_POINT('',(-40.02096438835,22.025701063888,
    -7.809935226894));
#5135 = CARTESIAN_POINT('',(-40.0141225295,22.047631245172,-7.725));
#5136 = ADVANCED_FACE('',(#5137),#5155,.F.);
#5137 = FACE_BOUND('',#5138,.F.);
#5138 = EDGE_LOOP('',(#5139,#5140,#5148,#5154));
#5139 = ORIENTED_EDGE('',*,*,#3253,.F.);
#5140 = ORIENTED_EDGE('',*,*,#5141,.T.);
#5141 = EDGE_CURVE('',#3254,#5142,#5144,.T.);
#5142 = VERTEX_POINT('',#5143);
#5143 = CARTESIAN_POINT('',(-27.,16.,-12.));
#5144 = LINE('',#5145,#5146);
#5145 = CARTESIAN_POINT('',(-27.,16.,-7.5));
#5146 = VECTOR('',#5147,1.);
#5147 = DIRECTION('',(0.,0.,-1.));
#5148 = ORIENTED_EDGE('',*,*,#5149,.T.);
#5149 = EDGE_CURVE('',#5142,#4638,#5150,.T.);
#5150 = LINE('',#5151,#5152);
#5151 = CARTESIAN_POINT('',(-26.,16.,-12.));
#5152 = VECTOR('',#5153,1.);
#5153 = DIRECTION('',(-1.,0.,0.));
#5154 = ORIENTED_EDGE('',*,*,#4645,.F.);
#5155 = PLANE('',#5156);
#5156 = AXIS2_PLACEMENT_3D('',#5157,#5158,#5159);
#5157 = CARTESIAN_POINT('',(-26.,16.,-2.5));
#5158 = DIRECTION('',(0.,1.,0.));
#5159 = DIRECTION('',(-1.,0.,0.));
#5160 = ADVANCED_FACE('',(#5161),#5180,.T.);
#5161 = FACE_BOUND('',#5162,.F.);
#5162 = EDGE_LOOP('',(#5163,#5171,#5177,#5178,#5179));
#5163 = ORIENTED_EDGE('',*,*,#5164,.T.);
#5164 = EDGE_CURVE('',#3328,#5165,#5167,.T.);
#5165 = VERTEX_POINT('',#5166);
#5166 = CARTESIAN_POINT('',(-26.5,16.5,-12.25));
#5167 = LINE('',#5168,#5169);
#5168 = CARTESIAN_POINT('',(-23.30555555555,19.694444444444,
    -10.65277777777));
#5169 = VECTOR('',#5170,1.);
#5170 = DIRECTION('',(-0.666666666667,-0.666666666667,-0.333333333333));
#5171 = ORIENTED_EDGE('',*,*,#5172,.T.);
#5172 = EDGE_CURVE('',#5165,#5142,#5173,.T.);
#5173 = LINE('',#5174,#5175);
#5174 = CARTESIAN_POINT('',(-26.36111111111,16.638888888889,
    -12.31944444444));
#5175 = VECTOR('',#5176,1.);
#5176 = DIRECTION('',(-0.666666666667,-0.666666666667,0.333333333333));
#5177 = ORIENTED_EDGE('',*,*,#5141,.F.);
#5178 = ORIENTED_EDGE('',*,*,#3285,.F.);
#5179 = ORIENTED_EDGE('',*,*,#3335,.T.);
#5180 = PLANE('',#5181);
#5181 = AXIS2_PLACEMENT_3D('',#5182,#5183,#5184);
#5182 = CARTESIAN_POINT('',(-26.5,16.5,-7.5));
#5183 = DIRECTION('',(0.707106781187,-0.707106781187,0.));
#5184 = DIRECTION('',(0.,0.,1.));
#5185 = ADVANCED_FACE('',(#5186),#5220,.T.);
#5186 = FACE_BOUND('',#5187,.T.);
#5187 = EDGE_LOOP('',(#5188,#5198,#5204,#5205,#5206,#5214));
#5188 = ORIENTED_EDGE('',*,*,#5189,.F.);
#5189 = EDGE_CURVE('',#5190,#5192,#5194,.T.);
#5190 = VERTEX_POINT('',#5191);
#5191 = CARTESIAN_POINT('',(-26.5,30.5,-12.25));
#5192 = VERTEX_POINT('',#5193);
#5193 = CARTESIAN_POINT('',(-31.,26.,-14.5));
#5194 = LINE('',#5195,#5196);
#5195 = CARTESIAN_POINT('',(-30.72222222222,26.277777777778,
    -14.36111111111));
#5196 = VECTOR('',#5197,1.);
#5197 = DIRECTION('',(-0.666666666667,-0.666666666667,-0.333333333333));
#5198 = ORIENTED_EDGE('',*,*,#5199,.F.);
#5199 = EDGE_CURVE('',#3326,#5190,#5200,.T.);
#5200 = LINE('',#5201,#5202);
#5201 = CARTESIAN_POINT('',(-26.63888888888,30.638888888889,
    -12.31944444444));
#5202 = VECTOR('',#5203,1.);
#5203 = DIRECTION('',(-0.666666666667,0.666666666667,-0.333333333333));
#5204 = ORIENTED_EDGE('',*,*,#3325,.T.);
#5205 = ORIENTED_EDGE('',*,*,#5164,.T.);
#5206 = ORIENTED_EDGE('',*,*,#5207,.T.);
#5207 = EDGE_CURVE('',#5165,#5208,#5210,.T.);
#5208 = VERTEX_POINT('',#5209);
#5209 = CARTESIAN_POINT('',(-31.,21.,-14.5));
#5210 = LINE('',#5211,#5212);
#5211 = CARTESIAN_POINT('',(-30.72222222222,20.722222222222,
    -14.36111111111));
#5212 = VECTOR('',#5213,1.);
#5213 = DIRECTION('',(-0.666666666667,0.666666666667,-0.333333333333));
#5214 = ORIENTED_EDGE('',*,*,#5215,.F.);
#5215 = EDGE_CURVE('',#5192,#5208,#5216,.T.);
#5216 = LINE('',#5217,#5218);
#5217 = CARTESIAN_POINT('',(-31.,31.,-14.5));
#5218 = VECTOR('',#5219,1.);
#5219 = DIRECTION('',(0.,-1.,0.));
#5220 = PLANE('',#5221);
#5221 = AXIS2_PLACEMENT_3D('',#5222,#5223,#5224);
#5222 = CARTESIAN_POINT('',(-28.5,31.,-13.25));
#5223 = DIRECTION('',(0.4472135955,0.,-0.894427191));
#5224 = DIRECTION('',(0.,-1.,0.));
#5225 = ADVANCED_FACE('',(#5226),#5245,.T.);
#5226 = FACE_BOUND('',#5227,.T.);
#5227 = EDGE_LOOP('',(#5228,#5229,#5237,#5243,#5244));
#5228 = ORIENTED_EDGE('',*,*,#5199,.T.);
#5229 = ORIENTED_EDGE('',*,*,#5230,.T.);
#5230 = EDGE_CURVE('',#5190,#5231,#5233,.T.);
#5231 = VERTEX_POINT('',#5232);
#5232 = CARTESIAN_POINT('',(-27.,31.,-12.));
#5233 = LINE('',#5234,#5235);
#5234 = CARTESIAN_POINT('',(-29.69444444444,33.694444444444,
    -10.65277777777));
#5235 = VECTOR('',#5236,1.);
#5236 = DIRECTION('',(-0.666666666667,0.666666666667,0.333333333333));
#5237 = ORIENTED_EDGE('',*,*,#5238,.F.);
#5238 = EDGE_CURVE('',#3371,#5231,#5239,.T.);
#5239 = LINE('',#5240,#5241);
#5240 = CARTESIAN_POINT('',(-27.,31.,-7.5));
#5241 = VECTOR('',#5242,1.);
#5242 = DIRECTION('',(0.,0.,-1.));
#5243 = ORIENTED_EDGE('',*,*,#3395,.F.);
#5244 = ORIENTED_EDGE('',*,*,#3356,.T.);
#5245 = PLANE('',#5246);
#5246 = AXIS2_PLACEMENT_3D('',#5247,#5248,#5249);
#5247 = CARTESIAN_POINT('',(-26.5,30.5,-7.5));
#5248 = DIRECTION('',(0.707106781187,0.707106781187,0.));
#5249 = DIRECTION('',(0.,0.,-1.));
#5250 = ADVANCED_FACE('',(#5251),#5262,.F.);
#5251 = FACE_BOUND('',#5252,.F.);
#5252 = EDGE_LOOP('',(#5253,#5254,#5255,#5261));
#5253 = ORIENTED_EDGE('',*,*,#3370,.F.);
#5254 = ORIENTED_EDGE('',*,*,#4670,.T.);
#5255 = ORIENTED_EDGE('',*,*,#5256,.T.);
#5256 = EDGE_CURVE('',#4663,#5231,#5257,.T.);
#5257 = LINE('',#5258,#5259);
#5258 = CARTESIAN_POINT('',(-41.,31.,-12.));
#5259 = VECTOR('',#5260,1.);
#5260 = DIRECTION('',(1.,0.,0.));
#5261 = ORIENTED_EDGE('',*,*,#5238,.F.);
#5262 = PLANE('',#5263);
#5263 = AXIS2_PLACEMENT_3D('',#5264,#5265,#5266);
#5264 = CARTESIAN_POINT('',(-41.,31.,-2.5));
#5265 = DIRECTION('',(0.,-1.,0.));
#5266 = DIRECTION('',(1.,0.,0.));
#5267 = ADVANCED_FACE('',(#5268),#5284,.F.);
#5268 = FACE_BOUND('',#5269,.T.);
#5269 = EDGE_LOOP('',(#5270,#5276,#5277,#5283));
#5270 = ORIENTED_EDGE('',*,*,#5271,.F.);
#5271 = EDGE_CURVE('',#3514,#3727,#5272,.T.);
#5272 = LINE('',#5273,#5274);
#5273 = CARTESIAN_POINT('',(19.,-59.25,2.25));
#5274 = VECTOR('',#5275,1.);
#5275 = DIRECTION('',(-4.23E-15,-0.707106781187,-0.707106781187));
#5276 = ORIENTED_EDGE('',*,*,#3513,.T.);
#5277 = ORIENTED_EDGE('',*,*,#5278,.T.);
#5278 = EDGE_CURVE('',#3516,#3679,#5279,.T.);
#5279 = LINE('',#5280,#5281);
#5280 = CARTESIAN_POINT('',(-19.,-59.25,2.25));
#5281 = VECTOR('',#5282,1.);
#5282 = DIRECTION('',(4.23E-15,-0.707106781187,-0.707106781187));
#5283 = ORIENTED_EDGE('',*,*,#3726,.F.);
#5284 = PLANE('',#5285);
#5285 = AXIS2_PLACEMENT_3D('',#5286,#5287,#5288);
#5286 = CARTESIAN_POINT('',(20.,-59.5,2.));
#5287 = DIRECTION('',(0.,0.707106781187,-0.707106781187));
#5288 = DIRECTION('',(1.,0.,0.));
#5289 = ADVANCED_FACE('',(#5290),#5301,.F.);
#5290 = FACE_BOUND('',#5291,.F.);
#5291 = EDGE_LOOP('',(#5292,#5293,#5294,#5300));
#5292 = ORIENTED_EDGE('',*,*,#5271,.F.);
#5293 = ORIENTED_EDGE('',*,*,#3523,.T.);
#5294 = ORIENTED_EDGE('',*,*,#5295,.T.);
#5295 = EDGE_CURVE('',#3524,#3777,#5296,.T.);
#5296 = LINE('',#5297,#5298);
#5297 = CARTESIAN_POINT('',(20.25,-61.,1.75));
#5298 = VECTOR('',#5299,1.);
#5299 = DIRECTION('',(-0.707106781187,-9.61E-15,-0.707106781187));
#5300 = ORIENTED_EDGE('',*,*,#3784,.F.);
#5301 = PLANE('',#5302);
#5302 = AXIS2_PLACEMENT_3D('',#5303,#5304,#5305);
#5303 = CARTESIAN_POINT('',(19.,-59.,2.5));
#5304 = DIRECTION('',(0.57735026919,0.57735026919,-0.57735026919));
#5305 = DIRECTION('',(0.707106781187,-0.707106781187,-5.412337245048E-15
    ));
#5306 = ADVANCED_FACE('',(#5307),#5318,.T.);
#5307 = FACE_BOUND('',#5308,.T.);
#5308 = EDGE_LOOP('',(#5309,#5310,#5311,#5317));
#5309 = ORIENTED_EDGE('',*,*,#5278,.F.);
#5310 = ORIENTED_EDGE('',*,*,#3571,.T.);
#5311 = ORIENTED_EDGE('',*,*,#5312,.T.);
#5312 = EDGE_CURVE('',#3564,#3648,#5313,.T.);
#5313 = LINE('',#5314,#5315);
#5314 = CARTESIAN_POINT('',(-20.25,-61.,1.75));
#5315 = VECTOR('',#5316,1.);
#5316 = DIRECTION('',(0.707106781187,-9.61E-15,-0.707106781187));
#5317 = ORIENTED_EDGE('',*,*,#3688,.F.);
#5318 = PLANE('',#5319);
#5319 = AXIS2_PLACEMENT_3D('',#5320,#5321,#5322);
#5320 = CARTESIAN_POINT('',(-19.,-59.,2.5));
#5321 = DIRECTION('',(0.57735026919,-0.57735026919,0.57735026919));
#5322 = DIRECTION('',(-0.707106781187,-0.707106781187,
    -5.412337245048E-15));
#5323 = ADVANCED_FACE('',(#5324),#5335,.F.);
#5324 = FACE_BOUND('',#5325,.T.);
#5325 = EDGE_LOOP('',(#5326,#5332,#5333,#5334));
#5326 = ORIENTED_EDGE('',*,*,#5327,.F.);
#5327 = EDGE_CURVE('',#3532,#3801,#5328,.T.);
#5328 = LINE('',#5329,#5330);
#5329 = CARTESIAN_POINT('',(20.25,-69.,1.75));
#5330 = VECTOR('',#5331,1.);
#5331 = DIRECTION('',(-0.707106781187,2.31E-15,-0.707106781187));
#5332 = ORIENTED_EDGE('',*,*,#3531,.T.);
#5333 = ORIENTED_EDGE('',*,*,#5295,.T.);
#5334 = ORIENTED_EDGE('',*,*,#3822,.F.);
#5335 = PLANE('',#5336);
#5336 = AXIS2_PLACEMENT_3D('',#5337,#5338,#5339);
#5337 = CARTESIAN_POINT('',(20.5,-70.,2.));
#5338 = DIRECTION('',(0.707106781187,0.,-0.707106781187));
#5339 = DIRECTION('',(-0.,-1.,-0.));
#5340 = ADVANCED_FACE('',(#5341),#5352,.F.);
#5341 = FACE_BOUND('',#5342,.T.);
#5342 = EDGE_LOOP('',(#5343,#5344,#5345,#5351));
#5343 = ORIENTED_EDGE('',*,*,#5312,.F.);
#5344 = ORIENTED_EDGE('',*,*,#3563,.T.);
#5345 = ORIENTED_EDGE('',*,*,#5346,.T.);
#5346 = EDGE_CURVE('',#3556,#3650,#5347,.T.);
#5347 = LINE('',#5348,#5349);
#5348 = CARTESIAN_POINT('',(-20.75,-69.,2.25));
#5349 = VECTOR('',#5350,1.);
#5350 = DIRECTION('',(0.707106781187,-1.06E-15,-0.707106781187));
#5351 = ORIENTED_EDGE('',*,*,#3647,.F.);
#5352 = PLANE('',#5353);
#5353 = AXIS2_PLACEMENT_3D('',#5354,#5355,#5356);
#5354 = CARTESIAN_POINT('',(-20.5,-60.,2.));
#5355 = DIRECTION('',(-0.707106781187,0.,-0.707106781187));
#5356 = DIRECTION('',(0.,1.,0.));
#5357 = ADVANCED_FACE('',(#5358),#5369,.T.);
#5358 = FACE_BOUND('',#5359,.T.);
#5359 = EDGE_LOOP('',(#5360,#5366,#5367,#5368));
#5360 = ORIENTED_EDGE('',*,*,#5361,.F.);
#5361 = EDGE_CURVE('',#3540,#3751,#5362,.T.);
#5362 = LINE('',#5363,#5364);
#5363 = CARTESIAN_POINT('',(19.,-70.75,2.25));
#5364 = VECTOR('',#5365,1.);
#5365 = DIRECTION('',(-6.7E-16,0.707106781187,-0.707106781187));
#5366 = ORIENTED_EDGE('',*,*,#3539,.T.);
#5367 = ORIENTED_EDGE('',*,*,#5327,.T.);
#5368 = ORIENTED_EDGE('',*,*,#3808,.F.);
#5369 = PLANE('',#5370);
#5370 = AXIS2_PLACEMENT_3D('',#5371,#5372,#5373);
#5371 = CARTESIAN_POINT('',(19.,-71.,2.5));
#5372 = DIRECTION('',(-0.57735026919,0.57735026919,0.57735026919));
#5373 = DIRECTION('',(0.707106781187,0.707106781187,-1.720845688169E-15)
  );
#5374 = ADVANCED_FACE('',(#5375),#5386,.T.);
#5375 = FACE_BOUND('',#5376,.T.);
#5376 = EDGE_LOOP('',(#5377,#5378,#5379,#5385));
#5377 = ORIENTED_EDGE('',*,*,#5346,.F.);
#5378 = ORIENTED_EDGE('',*,*,#3555,.T.);
#5379 = ORIENTED_EDGE('',*,*,#5380,.T.);
#5380 = EDGE_CURVE('',#3548,#3705,#5381,.T.);
#5381 = LINE('',#5382,#5383);
#5382 = CARTESIAN_POINT('',(-19.,-70.25,1.75));
#5383 = VECTOR('',#5384,1.);
#5384 = DIRECTION('',(-2.69E-15,0.707106781187,-0.707106781187));
#5385 = ORIENTED_EDGE('',*,*,#3712,.F.);
#5386 = PLANE('',#5387);
#5387 = AXIS2_PLACEMENT_3D('',#5388,#5389,#5390);
#5388 = CARTESIAN_POINT('',(-21.,-69.,2.5));
#5389 = DIRECTION('',(0.57735026919,0.57735026919,0.57735026919));
#5390 = DIRECTION('',(0.707106781187,-0.707106781187,1.720845688169E-15)
  );
#5391 = ADVANCED_FACE('',(#5392),#5398,.F.);
#5392 = FACE_BOUND('',#5393,.T.);
#5393 = EDGE_LOOP('',(#5394,#5395,#5396,#5397));
#5394 = ORIENTED_EDGE('',*,*,#5380,.F.);
#5395 = ORIENTED_EDGE('',*,*,#3547,.T.);
#5396 = ORIENTED_EDGE('',*,*,#5361,.T.);
#5397 = ORIENTED_EDGE('',*,*,#3750,.F.);
#5398 = PLANE('',#5399);
#5399 = AXIS2_PLACEMENT_3D('',#5400,#5401,#5402);
#5400 = CARTESIAN_POINT('',(-20.,-70.5,2.));
#5401 = DIRECTION('',(0.,-0.707106781187,-0.707106781187));
#5402 = DIRECTION('',(-1.,-0.,-0.));
#5403 = ADVANCED_FACE('',(#5404),#5445,.T.);
#5404 = FACE_BOUND('',#5405,.T.);
#5405 = EDGE_LOOP('',(#5406,#5416,#5422,#5423,#5431,#5439));
#5406 = ORIENTED_EDGE('',*,*,#5407,.F.);
#5407 = EDGE_CURVE('',#5408,#5410,#5412,.T.);
#5408 = VERTEX_POINT('',#5409);
#5409 = CARTESIAN_POINT('',(26.5,-50.5,-12.25));
#5410 = VERTEX_POINT('',#5411);
#5411 = CARTESIAN_POINT('',(31.,-46.,-14.5));
#5412 = LINE('',#5413,#5414);
#5413 = CARTESIAN_POINT('',(30.722222222222,-46.27777777777,
    -14.36111111111));
#5414 = VECTOR('',#5415,1.);
#5415 = DIRECTION('',(0.666666666667,0.666666666667,-0.333333333333));
#5416 = ORIENTED_EDGE('',*,*,#5417,.F.);
#5417 = EDGE_CURVE('',#3922,#5408,#5418,.T.);
#5418 = LINE('',#5419,#5420);
#5419 = CARTESIAN_POINT('',(26.638888888889,-50.63888888888,
    -12.31944444444));
#5420 = VECTOR('',#5421,1.);
#5421 = DIRECTION('',(0.666666666667,-0.666666666667,-0.333333333333));
#5422 = ORIENTED_EDGE('',*,*,#3921,.T.);
#5423 = ORIENTED_EDGE('',*,*,#5424,.T.);
#5424 = EDGE_CURVE('',#3924,#5425,#5427,.T.);
#5425 = VERTEX_POINT('',#5426);
#5426 = CARTESIAN_POINT('',(26.5,-36.5,-12.25));
#5427 = LINE('',#5428,#5429);
#5428 = CARTESIAN_POINT('',(23.305555555556,-39.69444444444,
    -10.65277777777));
#5429 = VECTOR('',#5430,1.);
#5430 = DIRECTION('',(0.666666666667,0.666666666667,-0.333333333333));
#5431 = ORIENTED_EDGE('',*,*,#5432,.T.);
#5432 = EDGE_CURVE('',#5425,#5433,#5435,.T.);
#5433 = VERTEX_POINT('',#5434);
#5434 = CARTESIAN_POINT('',(31.,-41.,-14.5));
#5435 = LINE('',#5436,#5437);
#5436 = CARTESIAN_POINT('',(30.722222222222,-40.72222222222,
    -14.36111111111));
#5437 = VECTOR('',#5438,1.);
#5438 = DIRECTION('',(0.666666666667,-0.666666666667,-0.333333333333));
#5439 = ORIENTED_EDGE('',*,*,#5440,.F.);
#5440 = EDGE_CURVE('',#5410,#5433,#5441,.T.);
#5441 = LINE('',#5442,#5443);
#5442 = CARTESIAN_POINT('',(31.,-51.,-14.5));
#5443 = VECTOR('',#5444,1.);
#5444 = DIRECTION('',(0.,1.,0.));
#5445 = PLANE('',#5446);
#5446 = AXIS2_PLACEMENT_3D('',#5447,#5448,#5449);
#5447 = CARTESIAN_POINT('',(28.5,-51.,-13.25));
#5448 = DIRECTION('',(-0.4472135955,0.,-0.894427191));
#5449 = DIRECTION('',(0.,1.,0.));
#5450 = ADVANCED_FACE('',(#5451),#5470,.T.);
#5451 = FACE_BOUND('',#5452,.T.);
#5452 = EDGE_LOOP('',(#5453,#5454,#5462,#5468,#5469));
#5453 = ORIENTED_EDGE('',*,*,#5417,.T.);
#5454 = ORIENTED_EDGE('',*,*,#5455,.T.);
#5455 = EDGE_CURVE('',#5408,#5456,#5458,.T.);
#5456 = VERTEX_POINT('',#5457);
#5457 = CARTESIAN_POINT('',(27.,-51.,-12.));
#5458 = LINE('',#5459,#5460);
#5459 = CARTESIAN_POINT('',(29.694444444444,-53.69444444444,
    -10.65277777777));
#5460 = VECTOR('',#5461,1.);
#5461 = DIRECTION('',(0.666666666667,-0.666666666667,0.333333333333));
#5462 = ORIENTED_EDGE('',*,*,#5463,.F.);
#5463 = EDGE_CURVE('',#3891,#5456,#5464,.T.);
#5464 = LINE('',#5465,#5466);
#5465 = CARTESIAN_POINT('',(27.,-51.,-7.5));
#5466 = VECTOR('',#5467,1.);
#5467 = DIRECTION('',(0.,0.,-1.));
#5468 = ORIENTED_EDGE('',*,*,#3898,.T.);
#5469 = ORIENTED_EDGE('',*,*,#3952,.T.);
#5470 = PLANE('',#5471);
#5471 = AXIS2_PLACEMENT_3D('',#5472,#5473,#5474);
#5472 = CARTESIAN_POINT('',(26.5,-50.5,-7.5));
#5473 = DIRECTION('',(-0.707106781187,-0.707106781187,0.));
#5474 = DIRECTION('',(0.,0.,-1.));
#5475 = ADVANCED_FACE('',(#5476),#5495,.T.);
#5476 = FACE_BOUND('',#5477,.F.);
#5477 = EDGE_LOOP('',(#5478,#5479,#5487,#5493,#5494));
#5478 = ORIENTED_EDGE('',*,*,#5424,.T.);
#5479 = ORIENTED_EDGE('',*,*,#5480,.T.);
#5480 = EDGE_CURVE('',#5425,#5481,#5483,.T.);
#5481 = VERTEX_POINT('',#5482);
#5482 = CARTESIAN_POINT('',(27.,-36.,-12.));
#5483 = LINE('',#5484,#5485);
#5484 = CARTESIAN_POINT('',(26.361111111111,-36.63888888888,
    -12.31944444444));
#5485 = VECTOR('',#5486,1.);
#5486 = DIRECTION('',(0.666666666667,0.666666666667,0.333333333333));
#5487 = ORIENTED_EDGE('',*,*,#5488,.F.);
#5488 = EDGE_CURVE('',#4016,#5481,#5489,.T.);
#5489 = LINE('',#5490,#5491);
#5490 = CARTESIAN_POINT('',(27.,-36.,-7.5));
#5491 = VECTOR('',#5492,1.);
#5492 = DIRECTION('',(0.,0.,-1.));
#5493 = ORIENTED_EDGE('',*,*,#4015,.F.);
#5494 = ORIENTED_EDGE('',*,*,#3931,.T.);
#5495 = PLANE('',#5496);
#5496 = AXIS2_PLACEMENT_3D('',#5497,#5498,#5499);
#5497 = CARTESIAN_POINT('',(26.5,-36.5,-7.5));
#5498 = DIRECTION('',(-0.707106781187,0.707106781187,0.));
#5499 = DIRECTION('',(0.,0.,1.));
#5500 = ADVANCED_FACE('',(#5501),#5519,.F.);
#5501 = FACE_BOUND('',#5502,.F.);
#5502 = EDGE_LOOP('',(#5503,#5504,#5512,#5518));
#5503 = ORIENTED_EDGE('',*,*,#3966,.F.);
#5504 = ORIENTED_EDGE('',*,*,#5505,.T.);
#5505 = EDGE_CURVE('',#3967,#5506,#5508,.T.);
#5506 = VERTEX_POINT('',#5507);
#5507 = CARTESIAN_POINT('',(40.,-51.,-12.));
#5508 = LINE('',#5509,#5510);
#5509 = CARTESIAN_POINT('',(40.,-51.,-7.5));
#5510 = VECTOR('',#5511,1.);
#5511 = DIRECTION('',(0.,0.,-1.));
#5512 = ORIENTED_EDGE('',*,*,#5513,.T.);
#5513 = EDGE_CURVE('',#5506,#5456,#5514,.T.);
#5514 = LINE('',#5515,#5516);
#5515 = CARTESIAN_POINT('',(41.,-51.,-12.));
#5516 = VECTOR('',#5517,1.);
#5517 = DIRECTION('',(-1.,0.,0.));
#5518 = ORIENTED_EDGE('',*,*,#5463,.F.);
#5519 = PLANE('',#5520);
#5520 = AXIS2_PLACEMENT_3D('',#5521,#5522,#5523);
#5521 = CARTESIAN_POINT('',(41.,-51.,-2.5));
#5522 = DIRECTION('',(0.,1.,0.));
#5523 = DIRECTION('',(-1.,0.,0.));
#5524 = ADVANCED_FACE('',(#5525),#5544,.T.);
#5525 = FACE_BOUND('',#5526,.F.);
#5526 = EDGE_LOOP('',(#5527,#5535,#5541,#5542,#5543));
#5527 = ORIENTED_EDGE('',*,*,#5528,.T.);
#5528 = EDGE_CURVE('',#4041,#5529,#5531,.T.);
#5529 = VERTEX_POINT('',#5530);
#5530 = CARTESIAN_POINT('',(40.5,-50.5,-12.25));
#5531 = LINE('',#5532,#5533);
#5532 = CARTESIAN_POINT('',(43.694444444444,-47.30555555555,
    -10.65277777777));
#5533 = VECTOR('',#5534,1.);
#5534 = DIRECTION('',(-0.666666666667,-0.666666666667,-0.333333333333));
#5535 = ORIENTED_EDGE('',*,*,#5536,.T.);
#5536 = EDGE_CURVE('',#5529,#5506,#5537,.T.);
#5537 = LINE('',#5538,#5539);
#5538 = CARTESIAN_POINT('',(40.638888888889,-50.36111111111,
    -12.31944444444));
#5539 = VECTOR('',#5540,1.);
#5540 = DIRECTION('',(-0.666666666667,-0.666666666667,0.333333333333));
#5541 = ORIENTED_EDGE('',*,*,#5505,.F.);
#5542 = ORIENTED_EDGE('',*,*,#3998,.F.);
#5543 = ORIENTED_EDGE('',*,*,#4048,.T.);
#5544 = PLANE('',#5545);
#5545 = AXIS2_PLACEMENT_3D('',#5546,#5547,#5548);
#5546 = CARTESIAN_POINT('',(40.5,-50.5,-7.5));
#5547 = DIRECTION('',(0.707106781187,-0.707106781187,0.));
#5548 = DIRECTION('',(0.,0.,1.));
#5549 = ADVANCED_FACE('',(#5550),#5584,.T.);
#5550 = FACE_BOUND('',#5551,.T.);
#5551 = EDGE_LOOP('',(#5552,#5562,#5568,#5569,#5570,#5578));
#5552 = ORIENTED_EDGE('',*,*,#5553,.F.);
#5553 = EDGE_CURVE('',#5554,#5556,#5558,.T.);
#5554 = VERTEX_POINT('',#5555);
#5555 = CARTESIAN_POINT('',(40.5,-36.5,-12.25));
#5556 = VERTEX_POINT('',#5557);
#5557 = CARTESIAN_POINT('',(36.,-41.,-14.5));
#5558 = LINE('',#5559,#5560);
#5559 = CARTESIAN_POINT('',(36.277777777778,-40.72222222222,
    -14.36111111111));
#5560 = VECTOR('',#5561,1.);
#5561 = DIRECTION('',(-0.666666666667,-0.666666666667,-0.333333333333));
#5562 = ORIENTED_EDGE('',*,*,#5563,.F.);
#5563 = EDGE_CURVE('',#4039,#5554,#5564,.T.);
#5564 = LINE('',#5565,#5566);
#5565 = CARTESIAN_POINT('',(40.361111111111,-36.36111111111,
    -12.31944444444));
#5566 = VECTOR('',#5567,1.);
#5567 = DIRECTION('',(-0.666666666667,0.666666666667,-0.333333333333));
#5568 = ORIENTED_EDGE('',*,*,#4038,.T.);
#5569 = ORIENTED_EDGE('',*,*,#5528,.T.);
#5570 = ORIENTED_EDGE('',*,*,#5571,.T.);
#5571 = EDGE_CURVE('',#5529,#5572,#5574,.T.);
#5572 = VERTEX_POINT('',#5573);
#5573 = CARTESIAN_POINT('',(36.,-46.,-14.5));
#5574 = LINE('',#5575,#5576);
#5575 = CARTESIAN_POINT('',(36.277777777778,-46.27777777777,
    -14.36111111111));
#5576 = VECTOR('',#5577,1.);
#5577 = DIRECTION('',(-0.666666666667,0.666666666667,-0.333333333333));
#5578 = ORIENTED_EDGE('',*,*,#5579,.F.);
#5579 = EDGE_CURVE('',#5556,#5572,#5580,.T.);
#5580 = LINE('',#5581,#5582);
#5581 = CARTESIAN_POINT('',(36.,-36.,-14.5));
#5582 = VECTOR('',#5583,1.);
#5583 = DIRECTION('',(0.,-1.,0.));
#5584 = PLANE('',#5585);
#5585 = AXIS2_PLACEMENT_3D('',#5586,#5587,#5588);
#5586 = CARTESIAN_POINT('',(38.5,-36.,-13.25));
#5587 = DIRECTION('',(0.4472135955,0.,-0.894427191));
#5588 = DIRECTION('',(0.,-1.,0.));
#5589 = ADVANCED_FACE('',(#5590),#5609,.T.);
#5590 = FACE_BOUND('',#5591,.T.);
#5591 = EDGE_LOOP('',(#5592,#5593,#5601,#5607,#5608));
#5592 = ORIENTED_EDGE('',*,*,#5563,.T.);
#5593 = ORIENTED_EDGE('',*,*,#5594,.T.);
#5594 = EDGE_CURVE('',#5554,#5595,#5597,.T.);
#5595 = VERTEX_POINT('',#5596);
#5596 = CARTESIAN_POINT('',(40.,-36.,-12.));
#5597 = LINE('',#5598,#5599);
#5598 = CARTESIAN_POINT('',(37.305555555556,-33.30555555555,
    -10.65277777777));
#5599 = VECTOR('',#5600,1.);
#5600 = DIRECTION('',(-0.666666666667,0.666666666667,0.333333333333));
#5601 = ORIENTED_EDGE('',*,*,#5602,.F.);
#5602 = EDGE_CURVE('',#4195,#5595,#5603,.T.);
#5603 = LINE('',#5604,#5605);
#5604 = CARTESIAN_POINT('',(40.,-36.,-7.5));
#5605 = VECTOR('',#5606,1.);
#5606 = DIRECTION('',(0.,0.,-1.));
#5607 = ORIENTED_EDGE('',*,*,#4219,.F.);
#5608 = ORIENTED_EDGE('',*,*,#4069,.T.);
#5609 = PLANE('',#5610);
#5610 = AXIS2_PLACEMENT_3D('',#5611,#5612,#5613);
#5611 = CARTESIAN_POINT('',(40.5,-36.5,-7.5));
#5612 = DIRECTION('',(0.707106781187,0.707106781187,0.));
#5613 = DIRECTION('',(0.,0.,-1.));
#5614 = ADVANCED_FACE('',(#5615),#5703,.T.);
#5615 = FACE_BOUND('',#5616,.T.);
#5616 = EDGE_LOOP('',(#5617,#5678,#5697,#5702));
#5617 = ORIENTED_EDGE('',*,*,#5618,.T.);
#5618 = EDGE_CURVE('',#4078,#5619,#5621,.T.);
#5619 = VERTEX_POINT('',#5620);
#5620 = CARTESIAN_POINT('',(40.006162637565,-45.35823073925,
    -8.093837246705));
#5621 = B_SPLINE_CURVE_WITH_KNOTS('',7,(#5622,#5623,#5624,#5625,#5626,
    #5627,#5628,#5629,#5630,#5631,#5632,#5633,#5634,#5635,#5636,#5637,
    #5638,#5639,#5640,#5641,#5642,#5643,#5644,#5645,#5646,#5647,#5648,
    #5649,#5650,#5651,#5652,#5653,#5654,#5655,#5656,#5657,#5658,#5659,
    #5660,#5661,#5662,#5663,#5664,#5665,#5666,#5667,#5668,#5669,#5670,
    #5671,#5672,#5673,#5674,#5675,#5676,#5677),.UNSPECIFIED.,.F.,.F.,(8,
    6,6,6,6,6,6,6,6,8),(0.,0.122090666093,0.222998859913,0.43045596062,
    0.66353912806,0.819992368053,0.911426934037,0.950032735049,
    0.971235356623,1.),.UNSPECIFIED.);
#5622 = CARTESIAN_POINT('',(41.,-45.95967477525,-7.1));
#5623 = CARTESIAN_POINT('',(40.982814499438,-45.94612766433,
    -7.117185500562));
#5624 = CARTESIAN_POINT('',(40.965631937239,-45.93257004672,
    -7.134368062761));
#5625 = CARTESIAN_POINT('',(40.948451340287,-45.91900540732,
    -7.151548659713));
#5626 = CARTESIAN_POINT('',(40.931271736574,-45.90543722193,
    -7.168728263426));
#5627 = CARTESIAN_POINT('',(40.914092155194,-45.89186895724,
    -7.185907844806));
#5628 = CARTESIAN_POINT('',(40.896911626352,-45.87830407078,
    -7.203088373648));
#5629 = CARTESIAN_POINT('',(40.865527854211,-45.85354024593,
    -7.234472145789));
#5630 = CARTESIAN_POINT('',(40.85132521325,-45.84233917583,
    -7.24867478675));
#5631 = CARTESIAN_POINT('',(40.837120709513,-45.83114475643,
    -7.262879290487));
#5632 = CARTESIAN_POINT('',(40.822913780843,-45.81995901003,
    -7.277086219157));
#5633 = CARTESIAN_POINT('',(40.808703851886,-45.80878402547,
    -7.291296148114));
#5634 = CARTESIAN_POINT('',(40.79449033409,-45.79762195814,
    -7.30550966591));
#5635 = CARTESIAN_POINT('',(40.751042446784,-45.7635580665,
    -7.348957553216));
#5636 = CARTESIAN_POINT('',(40.721794706974,-45.74070517405,
    -7.378205293026));
#5637 = CARTESIAN_POINT('',(40.692523844017,-45.71793604253,
    -7.407476155983));
#5638 = CARTESIAN_POINT('',(40.663224285675,-45.69527179895,
    -7.436775714325));
#5639 = CARTESIAN_POINT('',(40.633889983307,-45.67273678353,
    -7.466110016693));
#5640 = CARTESIAN_POINT('',(40.604513945452,-45.65036032576,
    -7.495486054548));
#5641 = CARTESIAN_POINT('',(40.542026739372,-45.60325671524,
    -7.557973260628));
#5642 = CARTESIAN_POINT('',(40.508905198839,-45.57858321368,
    -7.591094801161));
#5643 = CARTESIAN_POINT('',(40.475708112457,-45.5542056306,
    -7.624291887543));
#5644 = CARTESIAN_POINT('',(40.442420516958,-45.53019177199,
    -7.657579483042));
#5645 = CARTESIAN_POINT('',(40.409028360215,-45.50662478556,
    -7.690971639785));
#5646 = CARTESIAN_POINT('',(40.375513932117,-45.48362363451,
    -7.724486067883));
#5647 = CARTESIAN_POINT('',(40.319246769645,-45.44646419112,
    -7.780753230355));
#5648 = CARTESIAN_POINT('',(40.296587723227,-45.43189097396,
    -7.803412276773));
#5649 = CARTESIAN_POINT('',(40.273849994443,-45.41772531822,
    -7.826150005557));
#5650 = CARTESIAN_POINT('',(40.251022721201,-45.40404438409,
    -7.848977278799));
#5651 = CARTESIAN_POINT('',(40.228099882913,-45.39097409378,
    -7.871900117087));
#5652 = CARTESIAN_POINT('',(40.205081928018,-45.37867133386,
    -7.894918071982));
#5653 = CARTESIAN_POINT('',(40.168442657489,-45.36091427289,
    -7.931557342511));
#5654 = CARTESIAN_POINT('',(40.154909197407,-45.35474707247,
    -7.945090802593));
#5655 = CARTESIAN_POINT('',(40.141338262551,-45.34901991644,
    -7.958661737449));
#5656 = CARTESIAN_POINT('',(40.127729524954,-45.34381740334,
    -7.972270475046));
#5657 = CARTESIAN_POINT('',(40.114102246819,-45.33928102796,
    -7.985897753181));
#5658 = CARTESIAN_POINT('',(40.100493889464,-45.33558545786,
    -7.999506110536));
#5659 = CARTESIAN_POINT('',(40.081247608525,-45.33203290403,
    -8.018752391475));
#5660 = CARTESIAN_POINT('',(40.075552203038,-45.33119259921,
    -8.024447796962));
#5661 = CARTESIAN_POINT('',(40.069878632991,-45.33059324058,
    -8.030121367009));
#5662 = CARTESIAN_POINT('',(40.06423640095,-45.33026787539,
    -8.03576359905));
#5663 = CARTESIAN_POINT('',(40.058641332229,-45.33025766259,
    -8.041358667771));
#5664 = CARTESIAN_POINT('',(40.053115886429,-45.33061352207,
    -8.046884113571));
#5665 = CARTESIAN_POINT('',(40.044709236126,-45.33182850688,
    -8.055290763873));
#5666 = CARTESIAN_POINT('',(40.041759823331,-45.33238837528,
    -8.058240176669));
#5667 = CARTESIAN_POINT('',(40.038846396241,-45.33308750973,
    -8.061153603759));
#5668 = CARTESIAN_POINT('',(40.035975932993,-45.33393709563,
    -8.064024067007));
#5669 = CARTESIAN_POINT('',(40.03315702971,-45.33494879431,
    -8.06684297029));
#5670 = CARTESIAN_POINT('',(40.030399706009,-45.33613415418,
    -8.069600293991));
#5671 = CARTESIAN_POINT('',(40.024073276166,-45.33936245983,
    -8.075926723834));
#5672 = CARTESIAN_POINT('',(40.020562823391,-45.34156197317,
    -8.079437176609));
#5673 = CARTESIAN_POINT('',(40.01721664158,-45.34412709186,
    -8.08278335842));
#5674 = CARTESIAN_POINT('',(40.014071131564,-45.34707813134,
    -8.085928868436));
#5675 = CARTESIAN_POINT('',(40.011161816593,-45.35042382852,
    -8.088838183407));
#5676 = CARTESIAN_POINT('',(40.008518853322,-45.3541539779,
    -8.091481146678));
#5677 = CARTESIAN_POINT('',(40.00616254279,-45.35823206757,
    -8.09383745721));
#5678 = ORIENTED_EDGE('',*,*,#5679,.T.);
#5679 = EDGE_CURVE('',#5619,#5680,#5682,.T.);
#5680 = VERTEX_POINT('',#5681);
#5681 = CARTESIAN_POINT('',(40.014122529507,-44.95236875482,-7.725));
#5682 = B_SPLINE_CURVE_WITH_KNOTS('',7,(#5683,#5684,#5685,#5686,#5687,
    #5688,#5689,#5690,#5691,#5692,#5693,#5694,#5695,#5696),
  .UNSPECIFIED.,.F.,.F.,(8,6,8),(-1.263783705278,-1.234227047737,
    -0.688737339364),.UNSPECIFIED.);
#5683 = CARTESIAN_POINT('',(40.003475458007,-45.39589274793,
    -8.09980573934));
#5684 = CARTESIAN_POINT('',(40.003859340801,-45.39051246098,
    -8.098953097535));
#5685 = CARTESIAN_POINT('',(40.004243223595,-45.38513217402,
    -8.09810045573));
#5686 = CARTESIAN_POINT('',(40.004627106389,-45.37975188707,
    -8.097247813925));
#5687 = CARTESIAN_POINT('',(40.005010989183,-45.37437160011,
    -8.09639517212));
#5688 = CARTESIAN_POINT('',(40.005394871977,-45.36899131316,
    -8.095542530315));
#5689 = CARTESIAN_POINT('',(40.005778754771,-45.3636110262,
    -8.09468988851));
#5690 = CARTESIAN_POINT('',(40.013247474987,-45.25893361278,
    -8.07810111927));
#5691 = CARTESIAN_POINT('',(40.021652628467,-45.18209382524,
    -8.042278537253));
#5692 = CARTESIAN_POINT('',(40.026311798869,-45.11406189343,
    -7.998577969582));
#5693 = CARTESIAN_POINT('',(40.028265658553,-45.05814800084,
    -7.944038698131));
#5694 = CARTESIAN_POINT('',(40.026303580248,-45.01117187389,
    -7.881505246067));
#5695 = CARTESIAN_POINT('',(40.020964388356,-44.97429893611,
    -7.809935226894));
#5696 = CARTESIAN_POINT('',(40.014122529507,-44.95236875482,-7.725));
#5697 = ORIENTED_EDGE('',*,*,#5698,.F.);
#5698 = EDGE_CURVE('',#4080,#5680,#5699,.T.);
#5699 = B_SPLINE_CURVE_WITH_KNOTS('',1,(#5700,#5701),.UNSPECIFIED.,.F.,
  .F.,(2,2),(0.,0.545489708373),.PIECEWISE_BEZIER_KNOTS.);
#5700 = CARTESIAN_POINT('',(41.,-45.82254820749,-6.946687836487));
#5701 = CARTESIAN_POINT('',(40.014122529507,-44.95236875482,-7.725));
#5702 = ORIENTED_EDGE('',*,*,#4077,.F.);
#5703 = B_SPLINE_SURFACE_WITH_KNOTS('',1,7,(
    (#5704,#5705,#5706,#5707,#5708,#5709,#5710,#5711,#5712,#5713,#5714
      ,#5715,#5716,#5717)
    ,(#5718,#5719,#5720,#5721,#5722,#5723,#5724,#5725,#5726,#5727,#5728
      ,#5729,#5730,#5731
    )),.UNSPECIFIED.,.F.,.F.,.F.,(2,2),(8,6,8),(0.,0.545489708373),(
    -1.263783705278,-1.234227047737,-0.688737339364),.UNSPECIFIED.);
#5704 = CARTESIAN_POINT('',(41.,-46.21169239379,-7.381764263295));
#5705 = CARTESIAN_POINT('',(41.,-46.20722606192,-7.376770752461));
#5706 = CARTESIAN_POINT('',(41.,-46.2030349654,-7.372084964104));
#5707 = CARTESIAN_POINT('',(41.,-46.19911910424,-7.367706898224));
#5708 = CARTESIAN_POINT('',(41.,-46.19547847842,-7.363636554821));
#5709 = CARTESIAN_POINT('',(41.,-46.19211308795,-7.359873933894));
#5710 = CARTESIAN_POINT('',(41.,-46.18902293284,-7.356419035443));
#5711 = CARTESIAN_POINT('',(41.,-46.13425661227,-7.295188427615));
#5712 = CARTESIAN_POINT('',(40.999999999999,-46.08230521147,
    -7.23710499576));
#5713 = CARTESIAN_POINT('',(41.000000000001,-46.03035381068,
    -7.179021563906));
#5714 = CARTESIAN_POINT('',(40.999999999999,-45.97840240988,
    -7.120938132051));
#5715 = CARTESIAN_POINT('',(41.,-45.92645100908,-7.062854700196));
#5716 = CARTESIAN_POINT('',(41.,-45.87449960829,-7.004771268342));
#5717 = CARTESIAN_POINT('',(41.,-45.82254820749,-6.946687836487));
#5718 = CARTESIAN_POINT('',(40.003475458007,-45.39589274793,
    -8.09980573934));
#5719 = CARTESIAN_POINT('',(40.003859340801,-45.39051246098,
    -8.098953097535));
#5720 = CARTESIAN_POINT('',(40.004243223595,-45.38513217402,
    -8.09810045573));
#5721 = CARTESIAN_POINT('',(40.004627106389,-45.37975188707,
    -8.097247813925));
#5722 = CARTESIAN_POINT('',(40.005010989183,-45.37437160011,
    -8.09639517212));
#5723 = CARTESIAN_POINT('',(40.005394871977,-45.36899131316,
    -8.095542530315));
#5724 = CARTESIAN_POINT('',(40.005778754771,-45.3636110262,
    -8.09468988851));
#5725 = CARTESIAN_POINT('',(40.013247474987,-45.25893361278,
    -8.07810111927));
#5726 = CARTESIAN_POINT('',(40.021652628467,-45.18209382524,
    -8.042278537253));
#5727 = CARTESIAN_POINT('',(40.026311798869,-45.11406189343,
    -7.998577969582));
#5728 = CARTESIAN_POINT('',(40.028265658553,-45.05814800084,
    -7.944038698131));
#5729 = CARTESIAN_POINT('',(40.026303580248,-45.01117187389,
    -7.881505246067));
#5730 = CARTESIAN_POINT('',(40.020964388356,-44.97429893611,
    -7.809935226894));
#5731 = CARTESIAN_POINT('',(40.014122529507,-44.95236875482,-7.725));
#5732 = ADVANCED_FACE('',(#5733),#5753,.T.);
#5733 = FACE_BOUND('',#5734,.T.);
#5734 = EDGE_LOOP('',(#5735,#5736,#5747,#5752));
#5735 = ORIENTED_EDGE('',*,*,#5698,.T.);
#5736 = ORIENTED_EDGE('',*,*,#5737,.T.);
#5737 = EDGE_CURVE('',#5680,#5738,#5740,.T.);
#5738 = VERTEX_POINT('',#5739);
#5739 = CARTESIAN_POINT('',(40.,-44.61803398875,-7.1));
#5740 = B_SPLINE_CURVE_WITH_KNOTS('',5,(#5741,#5742,#5743,#5744,#5745,
    #5746),.UNSPECIFIED.,.F.,.F.,(6,6),(-0.688737339364,0.),
  .PIECEWISE_BEZIER_KNOTS.);
#5741 = CARTESIAN_POINT('',(40.014122529507,-44.95236875482,-7.725));
#5742 = CARTESIAN_POINT('',(40.00202855042,-44.91360397472,
    -7.574864652242));
#5743 = CARTESIAN_POINT('',(40.00024731612,-44.85807469196,
    -7.439723931508));
#5744 = CARTESIAN_POINT('',(39.999915711888,-44.78994406101,
    -7.31585419923));
#5745 = CARTESIAN_POINT('',(40.,-44.70986563399,-7.202670900631));
#5746 = CARTESIAN_POINT('',(40.,-44.61803398875,-7.1));
#5747 = ORIENTED_EDGE('',*,*,#5748,.F.);
#5748 = EDGE_CURVE('',#4169,#5738,#5749,.T.);
#5749 = B_SPLINE_CURVE_WITH_KNOTS('',1,(#5750,#5751),.UNSPECIFIED.,.F.,
  .F.,(2,2),(0.,0.688737339364),.PIECEWISE_BEZIER_KNOTS.);
#5750 = CARTESIAN_POINT('',(41.,-45.36338998125,-6.433333333333));
#5751 = CARTESIAN_POINT('',(40.,-44.61803398875,-7.1));
#5752 = ORIENTED_EDGE('',*,*,#4177,.F.);
#5753 = B_SPLINE_SURFACE_WITH_KNOTS('',1,5,(
    (#5754,#5755,#5756,#5757,#5758,#5759)
    ,(#5760,#5761,#5762,#5763,#5764,#5765
    )),.UNSPECIFIED.,.F.,.F.,.F.,(2,2),(6,6),(0.,0.688737339364),(
    -0.688737339364,0.),.PIECEWISE_BEZIER_KNOTS.);
#5754 = CARTESIAN_POINT('',(41.,-45.82254820749,-6.946687836487));
#5755 = CARTESIAN_POINT('',(41.,-45.73071656224,-6.844016935856));
#5756 = CARTESIAN_POINT('',(41.,-45.63888491699,-6.741346035226));
#5757 = CARTESIAN_POINT('',(41.,-45.54705327174,-6.638675134595));
#5758 = CARTESIAN_POINT('',(41.,-45.45522162649,-6.536004233964));
#5759 = CARTESIAN_POINT('',(41.,-45.36338998125,-6.433333333333));
#5760 = CARTESIAN_POINT('',(40.014122529507,-44.95236875482,-7.725));
#5761 = CARTESIAN_POINT('',(40.00202855042,-44.91360397472,
    -7.574864652242));
#5762 = CARTESIAN_POINT('',(40.00024731612,-44.85807469196,
    -7.439723931508));
#5763 = CARTESIAN_POINT('',(39.999915711888,-44.78994406101,
    -7.31585419923));
#5764 = CARTESIAN_POINT('',(40.,-44.70986563399,-7.202670900631));
#5765 = CARTESIAN_POINT('',(40.,-44.61803398875,-7.1));
#5766 = ADVANCED_FACE('',(#5767),#5786,.F.);
#5767 = FACE_BOUND('',#5768,.F.);
#5768 = EDGE_LOOP('',(#5769,#5770,#5771,#5779));
#5769 = ORIENTED_EDGE('',*,*,#5748,.F.);
#5770 = ORIENTED_EDGE('',*,*,#4168,.T.);
#5771 = ORIENTED_EDGE('',*,*,#5772,.T.);
#5772 = EDGE_CURVE('',#4158,#5773,#5775,.T.);
#5773 = VERTEX_POINT('',#5774);
#5774 = CARTESIAN_POINT('',(40.,-42.38196601125,-7.1));
#5775 = LINE('',#5776,#5777);
#5776 = CARTESIAN_POINT('',(40.,-42.38196601125,-7.1));
#5777 = VECTOR('',#5778,1.);
#5778 = DIRECTION('',(-0.707106781187,-0.527046276695,-0.471404520791));
#5779 = ORIENTED_EDGE('',*,*,#5780,.F.);
#5780 = EDGE_CURVE('',#5738,#5773,#5781,.T.);
#5781 = CIRCLE('',#5782,1.5);
#5782 = AXIS2_PLACEMENT_3D('',#5783,#5784,#5785);
#5783 = CARTESIAN_POINT('',(40.,-43.5,-8.1));
#5784 = DIRECTION('',(-1.,2.2E-16,-2.2E-16));
#5785 = DIRECTION('',(-3.106449850167E-16,-0.7453559925,0.666666666667)
  );
#5786 = CONICAL_SURFACE('',#5787,1.5,0.785398163397);
#5787 = AXIS2_PLACEMENT_3D('',#5788,#5789,#5790);
#5788 = CARTESIAN_POINT('',(40.,-43.5,-8.1));
#5789 = DIRECTION('',(1.,-2.2E-16,2.2E-16));
#5790 = DIRECTION('',(-3.106449850167E-16,-0.7453559925,0.666666666667)
  );
#5791 = ADVANCED_FACE('',(#5792),#5812,.T.);
#5792 = FACE_BOUND('',#5793,.T.);
#5793 = EDGE_LOOP('',(#5794,#5795,#5806,#5811));
#5794 = ORIENTED_EDGE('',*,*,#5772,.T.);
#5795 = ORIENTED_EDGE('',*,*,#5796,.T.);
#5796 = EDGE_CURVE('',#5773,#5797,#5799,.T.);
#5797 = VERTEX_POINT('',#5798);
#5798 = CARTESIAN_POINT('',(40.014122529507,-42.04763124517,-7.725));
#5799 = B_SPLINE_CURVE_WITH_KNOTS('',5,(#5800,#5801,#5802,#5803,#5804,
    #5805),.UNSPECIFIED.,.F.,.F.,(6,6),(2.523206011704,3.211943351068),
  .PIECEWISE_BEZIER_KNOTS.);
#5800 = CARTESIAN_POINT('',(40.,-42.38196601125,-7.1));
#5801 = CARTESIAN_POINT('',(40.,-42.290134366,-7.202670900631));
#5802 = CARTESIAN_POINT('',(39.999915711888,-42.21005593898,
    -7.31585419923));
#5803 = CARTESIAN_POINT('',(40.00024731612,-42.14192530804,
    -7.439723931508));
#5804 = CARTESIAN_POINT('',(40.00202855042,-42.08639602527,
    -7.574864652242));
#5805 = CARTESIAN_POINT('',(40.014122529507,-42.04763124517,-7.725));
#5806 = ORIENTED_EDGE('',*,*,#5807,.F.);
#5807 = EDGE_CURVE('',#4139,#5797,#5808,.T.);
#5808 = B_SPLINE_CURVE_WITH_KNOTS('',1,(#5809,#5810),.UNSPECIFIED.,.F.,
  .F.,(2,2),(0.,0.688737339364),.PIECEWISE_BEZIER_KNOTS.);
#5809 = CARTESIAN_POINT('',(41.,-41.1774517925,-6.946687836487));
#5810 = CARTESIAN_POINT('',(40.014122529507,-42.04763124517,-7.725));
#5811 = ORIENTED_EDGE('',*,*,#4157,.F.);
#5812 = B_SPLINE_SURFACE_WITH_KNOTS('',1,5,(
    (#5813,#5814,#5815,#5816,#5817,#5818)
    ,(#5819,#5820,#5821,#5822,#5823,#5824
    )),.UNSPECIFIED.,.F.,.F.,.F.,(2,2),(6,6),(0.,0.688737339364),(
    2.523206011704,3.211943351068),.PIECEWISE_BEZIER_KNOTS.);
#5813 = CARTESIAN_POINT('',(41.,-41.63661001875,-6.433333333333));
#5814 = CARTESIAN_POINT('',(41.,-41.5447783735,-6.536004233964));
#5815 = CARTESIAN_POINT('',(41.,-41.45294672825,-6.638675134595));
#5816 = CARTESIAN_POINT('',(41.,-41.361115083,-6.741346035225));
#5817 = CARTESIAN_POINT('',(41.,-41.26928343775,-6.844016935856));
#5818 = CARTESIAN_POINT('',(41.,-41.1774517925,-6.946687836487));
#5819 = CARTESIAN_POINT('',(40.,-42.38196601125,-7.1));
#5820 = CARTESIAN_POINT('',(40.,-42.290134366,-7.202670900631));
#5821 = CARTESIAN_POINT('',(39.999915711888,-42.21005593898,
    -7.31585419923));
#5822 = CARTESIAN_POINT('',(40.00024731612,-42.14192530804,
    -7.439723931508));
#5823 = CARTESIAN_POINT('',(40.00202855042,-42.08639602527,
    -7.574864652242));
#5824 = CARTESIAN_POINT('',(40.014122529507,-42.04763124517,-7.725));
#5825 = ADVANCED_FACE('',(#5826),#5908,.T.);
#5826 = FACE_BOUND('',#5827,.T.);
#5827 = EDGE_LOOP('',(#5828,#5829,#5848,#5907));
#5828 = ORIENTED_EDGE('',*,*,#5807,.T.);
#5829 = ORIENTED_EDGE('',*,*,#5830,.T.);
#5830 = EDGE_CURVE('',#5797,#5831,#5833,.T.);
#5831 = VERTEX_POINT('',#5832);
#5832 = CARTESIAN_POINT('',(40.006162637565,-41.64176926074,
    -8.093837246705));
#5833 = B_SPLINE_CURVE_WITH_KNOTS('',7,(#5834,#5835,#5836,#5837,#5838,
    #5839,#5840,#5841,#5842,#5843,#5844,#5845,#5846,#5847),
  .UNSPECIFIED.,.F.,.F.,(8,6,8),(3.211943351068,3.757433059441,
    3.786989716981),.UNSPECIFIED.);
#5834 = CARTESIAN_POINT('',(40.014122529507,-42.04763124517,-7.725));
#5835 = CARTESIAN_POINT('',(40.020964388357,-42.02570106388,
    -7.809935226894));
#5836 = CARTESIAN_POINT('',(40.026303580248,-41.9888281261,
    -7.881505246066));
#5837 = CARTESIAN_POINT('',(40.028265658555,-41.94185199915,
    -7.944038698132));
#5838 = CARTESIAN_POINT('',(40.026311798867,-41.88593810656,
    -7.998577969582));
#5839 = CARTESIAN_POINT('',(40.021652628468,-41.81790617475,
    -8.042278537254));
#5840 = CARTESIAN_POINT('',(40.013247474987,-41.74106638721,
    -8.07810111927));
#5841 = CARTESIAN_POINT('',(40.005778754771,-41.63638897379,
    -8.09468988851));
#5842 = CARTESIAN_POINT('',(40.005394871977,-41.63100868683,
    -8.095542530315));
#5843 = CARTESIAN_POINT('',(40.005010989183,-41.62562839988,
    -8.09639517212));
#5844 = CARTESIAN_POINT('',(40.004627106389,-41.62024811292,
    -8.097247813925));
#5845 = CARTESIAN_POINT('',(40.004243223595,-41.61486782597,
    -8.09810045573));
#5846 = CARTESIAN_POINT('',(40.003859340801,-41.60948753901,
    -8.098953097535));
#5847 = CARTESIAN_POINT('',(40.003475458007,-41.60410725206,
    -8.09980573934));
#5848 = ORIENTED_EDGE('',*,*,#5849,.F.);
#5849 = EDGE_CURVE('',#4131,#5831,#5850,.T.);
#5850 = B_SPLINE_CURVE_WITH_KNOTS('',7,(#5851,#5852,#5853,#5854,#5855,
    #5856,#5857,#5858,#5859,#5860,#5861,#5862,#5863,#5864,#5865,#5866,
    #5867,#5868,#5869,#5870,#5871,#5872,#5873,#5874,#5875,#5876,#5877,
    #5878,#5879,#5880,#5881,#5882,#5883,#5884,#5885,#5886,#5887,#5888,
    #5889,#5890,#5891,#5892,#5893,#5894,#5895,#5896,#5897,#5898,#5899,
    #5900,#5901,#5902,#5903,#5904,#5905,#5906),.UNSPECIFIED.,.F.,.F.,(8,
    6,6,6,6,6,6,6,6,8),(0.,0.122090666093,0.222998859914,0.43045596062,
    0.66353912806,0.819992368053,0.911426934037,0.950032735049,
    0.971235356623,1.),.UNSPECIFIED.);
#5851 = CARTESIAN_POINT('',(41.,-41.04032522475,-7.1));
#5852 = CARTESIAN_POINT('',(40.982814499438,-41.05387233566,
    -7.117185500562));
#5853 = CARTESIAN_POINT('',(40.965631937239,-41.06742995327,
    -7.134368062761));
#5854 = CARTESIAN_POINT('',(40.948451340287,-41.08099459267,
    -7.151548659713));
#5855 = CARTESIAN_POINT('',(40.931271736574,-41.09456277806,
    -7.168728263426));
#5856 = CARTESIAN_POINT('',(40.914092155194,-41.10813104276,
    -7.185907844806));
#5857 = CARTESIAN_POINT('',(40.896911626351,-41.12169592921,
    -7.203088373649));
#5858 = CARTESIAN_POINT('',(40.865527854211,-41.14645975406,
    -7.234472145789));
#5859 = CARTESIAN_POINT('',(40.85132521325,-41.15766082416,
    -7.24867478675));
#5860 = CARTESIAN_POINT('',(40.837120709513,-41.16885524356,
    -7.262879290487));
#5861 = CARTESIAN_POINT('',(40.822913780843,-41.18004098996,
    -7.277086219157));
#5862 = CARTESIAN_POINT('',(40.808703851886,-41.19121597452,
    -7.291296148114));
#5863 = CARTESIAN_POINT('',(40.79449033409,-41.20237804185,
    -7.30550966591));
#5864 = CARTESIAN_POINT('',(40.751042446784,-41.23644193349,
    -7.348957553216));
#5865 = CARTESIAN_POINT('',(40.721794706973,-41.25929482594,
    -7.378205293027));
#5866 = CARTESIAN_POINT('',(40.692523844017,-41.28206395746,
    -7.407476155983));
#5867 = CARTESIAN_POINT('',(40.663224285675,-41.30472820104,
    -7.436775714325));
#5868 = CARTESIAN_POINT('',(40.633889983307,-41.32726321646,
    -7.466110016693));
#5869 = CARTESIAN_POINT('',(40.604513945452,-41.34963967423,
    -7.495486054548));
#5870 = CARTESIAN_POINT('',(40.542026739372,-41.39674328475,
    -7.557973260628));
#5871 = CARTESIAN_POINT('',(40.508905198839,-41.42141678632,
    -7.591094801161));
#5872 = CARTESIAN_POINT('',(40.475708112457,-41.44579436939,
    -7.624291887543));
#5873 = CARTESIAN_POINT('',(40.442420516958,-41.469808228,
    -7.657579483042));
#5874 = CARTESIAN_POINT('',(40.409028360215,-41.49337521443,
    -7.690971639785));
#5875 = CARTESIAN_POINT('',(40.375513932117,-41.51637636548,
    -7.724486067883));
#5876 = CARTESIAN_POINT('',(40.319246769645,-41.55353580887,
    -7.780753230355));
#5877 = CARTESIAN_POINT('',(40.296587723227,-41.56810902603,
    -7.803412276773));
#5878 = CARTESIAN_POINT('',(40.273849994443,-41.58227468177,
    -7.826150005557));
#5879 = CARTESIAN_POINT('',(40.251022721202,-41.5959556159,
    -7.848977278798));
#5880 = CARTESIAN_POINT('',(40.228099882913,-41.60902590621,
    -7.871900117087));
#5881 = CARTESIAN_POINT('',(40.205081928018,-41.62132866613,
    -7.894918071982));
#5882 = CARTESIAN_POINT('',(40.168442657489,-41.6390857271,
    -7.931557342511));
#5883 = CARTESIAN_POINT('',(40.154909197407,-41.64525292752,
    -7.945090802593));
#5884 = CARTESIAN_POINT('',(40.141338262551,-41.65098008356,
    -7.958661737449));
#5885 = CARTESIAN_POINT('',(40.127729524954,-41.65618259665,
    -7.972270475046));
#5886 = CARTESIAN_POINT('',(40.114102246819,-41.66071897203,
    -7.985897753181));
#5887 = CARTESIAN_POINT('',(40.100493889463,-41.66441454213,
    -7.999506110537));
#5888 = CARTESIAN_POINT('',(40.081247608525,-41.66796709596,
    -8.018752391475));
#5889 = CARTESIAN_POINT('',(40.075552203038,-41.66880740078,
    -8.024447796962));
#5890 = CARTESIAN_POINT('',(40.069878632991,-41.66940675941,
    -8.030121367009));
#5891 = CARTESIAN_POINT('',(40.06423640095,-41.6697321246,-8.03576359905
    ));
#5892 = CARTESIAN_POINT('',(40.058641332229,-41.66974233741,
    -8.041358667771));
#5893 = CARTESIAN_POINT('',(40.053115886429,-41.66938647792,
    -8.046884113571));
#5894 = CARTESIAN_POINT('',(40.044709236127,-41.66817149311,
    -8.055290763873));
#5895 = CARTESIAN_POINT('',(40.041759823331,-41.66761162471,
    -8.058240176669));
#5896 = CARTESIAN_POINT('',(40.038846396241,-41.66691249026,
    -8.061153603759));
#5897 = CARTESIAN_POINT('',(40.035975932993,-41.66606290436,
    -8.064024067007));
#5898 = CARTESIAN_POINT('',(40.03315702971,-41.66505120568,
    -8.06684297029));
#5899 = CARTESIAN_POINT('',(40.030399706009,-41.66386584581,
    -8.069600293991));
#5900 = CARTESIAN_POINT('',(40.024073276166,-41.66063754017,
    -8.075926723834));
#5901 = CARTESIAN_POINT('',(40.020562823391,-41.65843802682,
    -8.079437176609));
#5902 = CARTESIAN_POINT('',(40.01721664158,-41.65587290813,
    -8.08278335842));
#5903 = CARTESIAN_POINT('',(40.014071131564,-41.65292186865,
    -8.085928868436));
#5904 = CARTESIAN_POINT('',(40.011161816594,-41.64957617147,
    -8.088838183406));
#5905 = CARTESIAN_POINT('',(40.008518853321,-41.64584602209,
    -8.091481146678));
#5906 = CARTESIAN_POINT('',(40.00616254279,-41.64176793242,
    -8.09383745721));
#5907 = ORIENTED_EDGE('',*,*,#4138,.F.);
#5908 = B_SPLINE_SURFACE_WITH_KNOTS('',1,7,(
    (#5909,#5910,#5911,#5912,#5913,#5914,#5915,#5916,#5917,#5918,#5919
      ,#5920,#5921,#5922)
    ,(#5923,#5924,#5925,#5926,#5927,#5928,#5929,#5930,#5931,#5932,#5933
      ,#5934,#5935,#5936
    )),.UNSPECIFIED.,.F.,.F.,.F.,(2,2),(8,6,8),(0.,0.545489708373),(
    3.211943351068,3.757433059441,3.786989716981),.UNSPECIFIED.);
#5909 = CARTESIAN_POINT('',(41.,-41.1774517925,-6.946687836487));
#5910 = CARTESIAN_POINT('',(41.,-41.12550039171,-7.004771268342));
#5911 = CARTESIAN_POINT('',(40.999999999999,-41.07354899091,
    -7.062854700196));
#5912 = CARTESIAN_POINT('',(41.000000000001,-41.02159759011,
    -7.120938132051));
#5913 = CARTESIAN_POINT('',(40.999999999999,-40.96964618931,
    -7.179021563905));
#5914 = CARTESIAN_POINT('',(41.000000000001,-40.91769478852,
    -7.23710499576));
#5915 = CARTESIAN_POINT('',(41.,-40.86574338772,-7.295188427615));
#5916 = CARTESIAN_POINT('',(41.,-40.81097706716,-7.356419035443));
#5917 = CARTESIAN_POINT('',(41.,-40.80788691204,-7.359873933894));
#5918 = CARTESIAN_POINT('',(41.,-40.80452152157,-7.363636554821));
#5919 = CARTESIAN_POINT('',(41.,-40.80088089576,-7.367706898224));
#5920 = CARTESIAN_POINT('',(41.,-40.79696503459,-7.372084964104));
#5921 = CARTESIAN_POINT('',(41.,-40.79277393807,-7.376770752461));
#5922 = CARTESIAN_POINT('',(41.,-40.7883076062,-7.381764263295));
#5923 = CARTESIAN_POINT('',(40.014122529507,-42.04763124517,-7.725));
#5924 = CARTESIAN_POINT('',(40.020964388357,-42.02570106388,
    -7.809935226894));
#5925 = CARTESIAN_POINT('',(40.026303580248,-41.9888281261,
    -7.881505246066));
#5926 = CARTESIAN_POINT('',(40.028265658555,-41.94185199915,
    -7.944038698132));
#5927 = CARTESIAN_POINT('',(40.026311798867,-41.88593810656,
    -7.998577969582));
#5928 = CARTESIAN_POINT('',(40.021652628468,-41.81790617475,
    -8.042278537254));
#5929 = CARTESIAN_POINT('',(40.013247474987,-41.74106638721,
    -8.07810111927));
#5930 = CARTESIAN_POINT('',(40.005778754771,-41.63638897379,
    -8.09468988851));
#5931 = CARTESIAN_POINT('',(40.005394871977,-41.63100868683,
    -8.095542530315));
#5932 = CARTESIAN_POINT('',(40.005010989183,-41.62562839988,
    -8.09639517212));
#5933 = CARTESIAN_POINT('',(40.004627106389,-41.62024811292,
    -8.097247813925));
#5934 = CARTESIAN_POINT('',(40.004243223595,-41.61486782597,
    -8.09810045573));
#5935 = CARTESIAN_POINT('',(40.003859340801,-41.60948753901,
    -8.098953097535));
#5936 = CARTESIAN_POINT('',(40.003475458007,-41.60410725206,
    -8.09980573934));
#5937 = ADVANCED_FACE('',(#5938),#5965,.T.);
#5938 = FACE_BOUND('',#5939,.F.);
#5939 = EDGE_LOOP('',(#5940,#5950,#5957,#5958,#5959));
#5940 = ORIENTED_EDGE('',*,*,#5941,.F.);
#5941 = EDGE_CURVE('',#5942,#5944,#5946,.T.);
#5942 = VERTEX_POINT('',#5943);
#5943 = CARTESIAN_POINT('',(40.,-41.56350832689,-8.1));
#5944 = VERTEX_POINT('',#5945);
#5945 = CARTESIAN_POINT('',(40.,-40.85,-8.1));
#5946 = LINE('',#5947,#5948);
#5947 = CARTESIAN_POINT('',(40.,-46.15,-8.1));
#5948 = VECTOR('',#5949,1.);
#5949 = DIRECTION('',(2.2E-16,1.,0.));
#5950 = ORIENTED_EDGE('',*,*,#5951,.F.);
#5951 = EDGE_CURVE('',#5831,#5942,#5952,.T.);
#5952 = ELLIPSE('',#5953,0.707106781187,0.5);
#5953 = AXIS2_PLACEMENT_3D('',#5954,#5955,#5956);
#5954 = CARTESIAN_POINT('',(40.5,-41.56350832689,-7.6));
#5955 = DIRECTION('',(0.707106781187,-1.6E-16,-0.707106781187));
#5956 = DIRECTION('',(0.707106781187,-1.6E-16,0.707106781187));
#5957 = ORIENTED_EDGE('',*,*,#5849,.F.);
#5958 = ORIENTED_EDGE('',*,*,#4130,.T.);
#5959 = ORIENTED_EDGE('',*,*,#5960,.T.);
#5960 = EDGE_CURVE('',#4123,#5944,#5961,.T.);
#5961 = LINE('',#5962,#5963);
#5962 = CARTESIAN_POINT('',(39.45,-41.4,-8.65));
#5963 = VECTOR('',#5964,1.);
#5964 = DIRECTION('',(-0.57735026919,-0.57735026919,-0.57735026919));
#5965 = PLANE('',#5966);
#5966 = AXIS2_PLACEMENT_3D('',#5967,#5968,#5969);
#5967 = CARTESIAN_POINT('',(40.5,-46.15,-7.6));
#5968 = DIRECTION('',(0.707106781187,-1.6E-16,-0.707106781187));
#5969 = DIRECTION('',(-2.231370849898E-16,-1.,3.137084989848E-18));
#5970 = ADVANCED_FACE('',(#5971),#5989,.T.);
#5971 = FACE_BOUND('',#5972,.F.);
#5972 = EDGE_LOOP('',(#5973,#5974,#5975,#5983));
#5973 = ORIENTED_EDGE('',*,*,#5960,.F.);
#5974 = ORIENTED_EDGE('',*,*,#4122,.T.);
#5975 = ORIENTED_EDGE('',*,*,#5976,.T.);
#5976 = EDGE_CURVE('',#4115,#5977,#5979,.T.);
#5977 = VERTEX_POINT('',#5978);
#5978 = CARTESIAN_POINT('',(40.,-40.85,-10.1));
#5979 = LINE('',#5980,#5981);
#5980 = CARTESIAN_POINT('',(40.,-40.85,-10.1));
#5981 = VECTOR('',#5982,1.);
#5982 = DIRECTION('',(-0.57735026919,-0.57735026919,0.57735026919));
#5983 = ORIENTED_EDGE('',*,*,#5984,.F.);
#5984 = EDGE_CURVE('',#5944,#5977,#5985,.T.);
#5985 = LINE('',#5986,#5987);
#5986 = CARTESIAN_POINT('',(40.,-40.85,-8.1));
#5987 = VECTOR('',#5988,1.);
#5988 = DIRECTION('',(2.2E-16,0.,-1.));
#5989 = PLANE('',#5990);
#5990 = AXIS2_PLACEMENT_3D('',#5991,#5992,#5993);
#5991 = CARTESIAN_POINT('',(40.5,-40.35,-8.1));
#5992 = DIRECTION('',(0.707106781187,-0.707106781187,1.6E-16));
#5993 = DIRECTION('',(-2.231370849898E-16,3.137084989848E-18,1.));
#5994 = ADVANCED_FACE('',(#5995),#6013,.T.);
#5995 = FACE_BOUND('',#5996,.F.);
#5996 = EDGE_LOOP('',(#5997,#5998,#5999,#6007));
#5997 = ORIENTED_EDGE('',*,*,#5976,.F.);
#5998 = ORIENTED_EDGE('',*,*,#4114,.T.);
#5999 = ORIENTED_EDGE('',*,*,#6000,.T.);
#6000 = EDGE_CURVE('',#4107,#6001,#6003,.T.);
#6001 = VERTEX_POINT('',#6002);
#6002 = CARTESIAN_POINT('',(40.,-46.15,-10.1));
#6003 = LINE('',#6004,#6005);
#6004 = CARTESIAN_POINT('',(39.45,-45.6,-9.55));
#6005 = VECTOR('',#6006,1.);
#6006 = DIRECTION('',(-0.57735026919,0.57735026919,0.57735026919));
#6007 = ORIENTED_EDGE('',*,*,#6008,.F.);
#6008 = EDGE_CURVE('',#5977,#6001,#6009,.T.);
#6009 = LINE('',#6010,#6011);
#6010 = CARTESIAN_POINT('',(40.,-40.85,-10.1));
#6011 = VECTOR('',#6012,1.);
#6012 = DIRECTION('',(-2.2E-16,-1.,-0.));
#6013 = PLANE('',#6014);
#6014 = AXIS2_PLACEMENT_3D('',#6015,#6016,#6017);
#6015 = CARTESIAN_POINT('',(40.5,-40.85,-10.6));
#6016 = DIRECTION('',(0.707106781187,-1.6E-16,0.707106781187));
#6017 = DIRECTION('',(2.231370849898E-16,1.,3.137084989848E-18));
#6018 = ADVANCED_FACE('',(#6019),#6037,.T.);
#6019 = FACE_BOUND('',#6020,.F.);
#6020 = EDGE_LOOP('',(#6021,#6022,#6023,#6031));
#6021 = ORIENTED_EDGE('',*,*,#6000,.F.);
#6022 = ORIENTED_EDGE('',*,*,#4106,.T.);
#6023 = ORIENTED_EDGE('',*,*,#6024,.T.);
#6024 = EDGE_CURVE('',#4099,#6025,#6027,.T.);
#6025 = VERTEX_POINT('',#6026);
#6026 = CARTESIAN_POINT('',(40.,-46.15,-8.1));
#6027 = LINE('',#6028,#6029);
#6028 = CARTESIAN_POINT('',(40.,-46.15,-8.1));
#6029 = VECTOR('',#6030,1.);
#6030 = DIRECTION('',(-0.57735026919,0.57735026919,-0.57735026919));
#6031 = ORIENTED_EDGE('',*,*,#6032,.F.);
#6032 = EDGE_CURVE('',#6001,#6025,#6033,.T.);
#6033 = LINE('',#6034,#6035);
#6034 = CARTESIAN_POINT('',(40.,-46.15,-10.1));
#6035 = VECTOR('',#6036,1.);
#6036 = DIRECTION('',(-2.2E-16,0.,1.));
#6037 = PLANE('',#6038);
#6038 = AXIS2_PLACEMENT_3D('',#6039,#6040,#6041);
#6039 = CARTESIAN_POINT('',(40.5,-46.65,-10.1));
#6040 = DIRECTION('',(0.707106781187,0.707106781187,1.6E-16));
#6041 = DIRECTION('',(2.231370849898E-16,3.137084989848E-18,-1.));
#6042 = ADVANCED_FACE('',(#6043),#6063,.T.);
#6043 = FACE_BOUND('',#6044,.F.);
#6044 = EDGE_LOOP('',(#6045,#6046,#6047,#6048,#6057));
#6045 = ORIENTED_EDGE('',*,*,#6024,.F.);
#6046 = ORIENTED_EDGE('',*,*,#4098,.T.);
#6047 = ORIENTED_EDGE('',*,*,#5618,.T.);
#6048 = ORIENTED_EDGE('',*,*,#6049,.F.);
#6049 = EDGE_CURVE('',#6050,#5619,#6052,.T.);
#6050 = VERTEX_POINT('',#6051);
#6051 = CARTESIAN_POINT('',(40.,-45.4364916731,-8.1));
#6052 = ELLIPSE('',#6053,0.707106781187,0.5);
#6053 = AXIS2_PLACEMENT_3D('',#6054,#6055,#6056);
#6054 = CARTESIAN_POINT('',(40.5,-45.4364916731,-7.6));
#6055 = DIRECTION('',(0.707106781187,-1.6E-16,-0.707106781187));
#6056 = DIRECTION('',(0.707106781187,-1.6E-16,0.707106781187));
#6057 = ORIENTED_EDGE('',*,*,#6058,.F.);
#6058 = EDGE_CURVE('',#6025,#6050,#6059,.T.);
#6059 = LINE('',#6060,#6061);
#6060 = CARTESIAN_POINT('',(40.,-46.15,-8.1));
#6061 = VECTOR('',#6062,1.);
#6062 = DIRECTION('',(2.2E-16,1.,0.));
#6063 = PLANE('',#6064);
#6064 = AXIS2_PLACEMENT_3D('',#6065,#6066,#6067);
#6065 = CARTESIAN_POINT('',(40.5,-46.15,-7.6));
#6066 = DIRECTION('',(0.707106781187,-1.6E-16,-0.707106781187));
#6067 = DIRECTION('',(-2.231370849898E-16,-1.,3.137084989848E-18));
#6068 = ADVANCED_FACE('',(#6069),#6080,.F.);
#6069 = FACE_BOUND('',#6070,.F.);
#6070 = EDGE_LOOP('',(#6071,#6072,#6073,#6079));
#6071 = ORIENTED_EDGE('',*,*,#4194,.F.);
#6072 = ORIENTED_EDGE('',*,*,#5488,.T.);
#6073 = ORIENTED_EDGE('',*,*,#6074,.T.);
#6074 = EDGE_CURVE('',#5481,#5595,#6075,.T.);
#6075 = LINE('',#6076,#6077);
#6076 = CARTESIAN_POINT('',(26.,-36.,-12.));
#6077 = VECTOR('',#6078,1.);
#6078 = DIRECTION('',(1.,0.,0.));
#6079 = ORIENTED_EDGE('',*,*,#5602,.F.);
#6080 = PLANE('',#6081);
#6081 = AXIS2_PLACEMENT_3D('',#6082,#6083,#6084);
#6082 = CARTESIAN_POINT('',(26.,-36.,-2.5));
#6083 = DIRECTION('',(0.,-1.,0.));
#6084 = DIRECTION('',(1.,0.,0.));
#6085 = ADVANCED_FACE('',(#6086),#6127,.T.);
#6086 = FACE_BOUND('',#6087,.T.);
#6087 = EDGE_LOOP('',(#6088,#6098,#6104,#6105,#6113,#6121));
#6088 = ORIENTED_EDGE('',*,*,#6089,.F.);
#6089 = EDGE_CURVE('',#6090,#6092,#6094,.T.);
#6090 = VERTEX_POINT('',#6091);
#6091 = CARTESIAN_POINT('',(40.5,30.5,-12.25));
#6092 = VERTEX_POINT('',#6093);
#6093 = CARTESIAN_POINT('',(36.,26.,-14.5));
#6094 = LINE('',#6095,#6096);
#6095 = CARTESIAN_POINT('',(36.277777777778,26.277777777778,
    -14.36111111111));
#6096 = VECTOR('',#6097,1.);
#6097 = DIRECTION('',(-0.666666666667,-0.666666666667,-0.333333333333));
#6098 = ORIENTED_EDGE('',*,*,#6099,.F.);
#6099 = EDGE_CURVE('',#4267,#6090,#6100,.T.);
#6100 = LINE('',#6101,#6102);
#6101 = CARTESIAN_POINT('',(40.361111111111,30.638888888889,
    -12.31944444444));
#6102 = VECTOR('',#6103,1.);
#6103 = DIRECTION('',(-0.666666666667,0.666666666667,-0.333333333333));
#6104 = ORIENTED_EDGE('',*,*,#4266,.T.);
#6105 = ORIENTED_EDGE('',*,*,#6106,.T.);
#6106 = EDGE_CURVE('',#4269,#6107,#6109,.T.);
#6107 = VERTEX_POINT('',#6108);
#6108 = CARTESIAN_POINT('',(40.5,16.5,-12.25));
#6109 = LINE('',#6110,#6111);
#6110 = CARTESIAN_POINT('',(43.694444444444,19.694444444444,
    -10.65277777777));
#6111 = VECTOR('',#6112,1.);
#6112 = DIRECTION('',(-0.666666666667,-0.666666666667,-0.333333333333));
#6113 = ORIENTED_EDGE('',*,*,#6114,.T.);
#6114 = EDGE_CURVE('',#6107,#6115,#6117,.T.);
#6115 = VERTEX_POINT('',#6116);
#6116 = CARTESIAN_POINT('',(36.,21.,-14.5));
#6117 = LINE('',#6118,#6119);
#6118 = CARTESIAN_POINT('',(36.277777777778,20.722222222222,
    -14.36111111111));
#6119 = VECTOR('',#6120,1.);
#6120 = DIRECTION('',(-0.666666666667,0.666666666667,-0.333333333333));
#6121 = ORIENTED_EDGE('',*,*,#6122,.F.);
#6122 = EDGE_CURVE('',#6092,#6115,#6123,.T.);
#6123 = LINE('',#6124,#6125);
#6124 = CARTESIAN_POINT('',(36.,31.,-14.5));
#6125 = VECTOR('',#6126,1.);
#6126 = DIRECTION('',(0.,-1.,0.));
#6127 = PLANE('',#6128);
#6128 = AXIS2_PLACEMENT_3D('',#6129,#6130,#6131);
#6129 = CARTESIAN_POINT('',(38.5,31.,-13.25));
#6130 = DIRECTION('',(0.4472135955,0.,-0.894427191));
#6131 = DIRECTION('',(0.,-1.,0.));
#6132 = ADVANCED_FACE('',(#6133),#6152,.T.);
#6133 = FACE_BOUND('',#6134,.T.);
#6134 = EDGE_LOOP('',(#6135,#6136,#6144,#6150,#6151));
#6135 = ORIENTED_EDGE('',*,*,#6099,.T.);
#6136 = ORIENTED_EDGE('',*,*,#6137,.T.);
#6137 = EDGE_CURVE('',#6090,#6138,#6140,.T.);
#6138 = VERTEX_POINT('',#6139);
#6139 = CARTESIAN_POINT('',(40.,31.,-12.));
#6140 = LINE('',#6141,#6142);
#6141 = CARTESIAN_POINT('',(37.305555555556,33.694444444444,
    -10.65277777777));
#6142 = VECTOR('',#6143,1.);
#6143 = DIRECTION('',(-0.666666666667,0.666666666667,0.333333333333));
#6144 = ORIENTED_EDGE('',*,*,#6145,.F.);
#6145 = EDGE_CURVE('',#4236,#6138,#6146,.T.);
#6146 = LINE('',#6147,#6148);
#6147 = CARTESIAN_POINT('',(40.,31.,-7.5));
#6148 = VECTOR('',#6149,1.);
#6149 = DIRECTION('',(0.,0.,-1.));
#6150 = ORIENTED_EDGE('',*,*,#4243,.T.);
#6151 = ORIENTED_EDGE('',*,*,#4297,.T.);
#6152 = PLANE('',#6153);
#6153 = AXIS2_PLACEMENT_3D('',#6154,#6155,#6156);
#6154 = CARTESIAN_POINT('',(40.5,30.5,-7.5));
#6155 = DIRECTION('',(0.707106781187,0.707106781187,0.));
#6156 = DIRECTION('',(0.,0.,-1.));
#6157 = ADVANCED_FACE('',(#6158),#6177,.T.);
#6158 = FACE_BOUND('',#6159,.F.);
#6159 = EDGE_LOOP('',(#6160,#6161,#6169,#6175,#6176));
#6160 = ORIENTED_EDGE('',*,*,#6106,.T.);
#6161 = ORIENTED_EDGE('',*,*,#6162,.T.);
#6162 = EDGE_CURVE('',#6107,#6163,#6165,.T.);
#6163 = VERTEX_POINT('',#6164);
#6164 = CARTESIAN_POINT('',(40.,16.,-12.));
#6165 = LINE('',#6166,#6167);
#6166 = CARTESIAN_POINT('',(40.638888888889,16.638888888889,
    -12.31944444444));
#6167 = VECTOR('',#6168,1.);
#6168 = DIRECTION('',(-0.666666666667,-0.666666666667,0.333333333333));
#6169 = ORIENTED_EDGE('',*,*,#6170,.F.);
#6170 = EDGE_CURVE('',#4472,#6163,#6171,.T.);
#6171 = LINE('',#6172,#6173);
#6172 = CARTESIAN_POINT('',(40.,16.,-7.5));
#6173 = VECTOR('',#6174,1.);
#6174 = DIRECTION('',(0.,0.,-1.));
#6175 = ORIENTED_EDGE('',*,*,#4471,.F.);
#6176 = ORIENTED_EDGE('',*,*,#4276,.T.);
#6177 = PLANE('',#6178);
#6178 = AXIS2_PLACEMENT_3D('',#6179,#6180,#6181);
#6179 = CARTESIAN_POINT('',(40.5,16.5,-7.5));
#6180 = DIRECTION('',(0.707106781187,-0.707106781187,0.));
#6181 = DIRECTION('',(0.,0.,1.));
#6182 = ADVANCED_FACE('',(#6183),#6271,.T.);
#6183 = FACE_BOUND('',#6184,.T.);
#6184 = EDGE_LOOP('',(#6185,#6246,#6265,#6270));
#6185 = ORIENTED_EDGE('',*,*,#6186,.T.);
#6186 = EDGE_CURVE('',#4306,#6187,#6189,.T.);
#6187 = VERTEX_POINT('',#6188);
#6188 = CARTESIAN_POINT('',(40.006162637565,21.641769260746,
    -8.093837246705));
#6189 = B_SPLINE_CURVE_WITH_KNOTS('',7,(#6190,#6191,#6192,#6193,#6194,
    #6195,#6196,#6197,#6198,#6199,#6200,#6201,#6202,#6203,#6204,#6205,
    #6206,#6207,#6208,#6209,#6210,#6211,#6212,#6213,#6214,#6215,#6216,
    #6217,#6218,#6219,#6220,#6221,#6222,#6223,#6224,#6225,#6226,#6227,
    #6228,#6229,#6230,#6231,#6232,#6233,#6234,#6235,#6236,#6237,#6238,
    #6239,#6240,#6241,#6242,#6243,#6244,#6245),.UNSPECIFIED.,.F.,.F.,(8,
    6,6,6,6,6,6,6,6,8),(0.,0.122090666093,0.222998859913,0.43045596062,
    0.66353912806,0.819992368053,0.911426934037,0.950032735049,
    0.971235356623,1.),.UNSPECIFIED.);
#6190 = CARTESIAN_POINT('',(41.,21.04032522475,-7.1));
#6191 = CARTESIAN_POINT('',(40.982814499438,21.053872335667,
    -7.117185500562));
#6192 = CARTESIAN_POINT('',(40.965631937239,21.067429953279,
    -7.134368062761));
#6193 = CARTESIAN_POINT('',(40.948451340288,21.080994592675,
    -7.151548659712));
#6194 = CARTESIAN_POINT('',(40.931271736574,21.094562778061,
    -7.168728263426));
#6195 = CARTESIAN_POINT('',(40.914092155195,21.10813104276,
    -7.185907844805));
#6196 = CARTESIAN_POINT('',(40.896911626352,21.121695929214,
    -7.203088373648));
#6197 = CARTESIAN_POINT('',(40.865527854211,21.146459754064,
    -7.234472145789));
#6198 = CARTESIAN_POINT('',(40.851325213251,21.157660824168,
    -7.248674786749));
#6199 = CARTESIAN_POINT('',(40.837120709514,21.168855243564,
    -7.262879290486));
#6200 = CARTESIAN_POINT('',(40.822913780844,21.180040989964,
    -7.277086219156));
#6201 = CARTESIAN_POINT('',(40.808703851887,21.191215974527,
    -7.291296148113));
#6202 = CARTESIAN_POINT('',(40.794490334091,21.202378041855,
    -7.305509665909));
#6203 = CARTESIAN_POINT('',(40.751042446785,21.236441933494,
    -7.348957553215));
#6204 = CARTESIAN_POINT('',(40.721794706974,21.259294825943,
    -7.378205293026));
#6205 = CARTESIAN_POINT('',(40.692523844017,21.282063957466,
    -7.407476155983));
#6206 = CARTESIAN_POINT('',(40.663224285675,21.304728201045,
    -7.436775714325));
#6207 = CARTESIAN_POINT('',(40.633889983308,21.327263216461,
    -7.466110016692));
#6208 = CARTESIAN_POINT('',(40.604513945453,21.349639674236,
    -7.495486054547));
#6209 = CARTESIAN_POINT('',(40.542026739372,21.396743284757,
    -7.557973260628));
#6210 = CARTESIAN_POINT('',(40.508905198839,21.42141678632,
    -7.591094801161));
#6211 = CARTESIAN_POINT('',(40.475708112457,21.445794369398,
    -7.624291887543));
#6212 = CARTESIAN_POINT('',(40.442420516959,21.469808228009,
    -7.657579483041));
#6213 = CARTESIAN_POINT('',(40.409028360215,21.493375214438,
    -7.690971639785));
#6214 = CARTESIAN_POINT('',(40.375513932118,21.516376365487,
    -7.724486067882));
#6215 = CARTESIAN_POINT('',(40.319246769645,21.553535808877,
    -7.780753230355));
#6216 = CARTESIAN_POINT('',(40.296587723228,21.568109026038,
    -7.803412276772));
#6217 = CARTESIAN_POINT('',(40.273849994444,21.582274681771,
    -7.826150005556));
#6218 = CARTESIAN_POINT('',(40.251022721202,21.595955615902,
    -7.848977278798));
#6219 = CARTESIAN_POINT('',(40.228099882914,21.609025906212,
    -7.871900117086));
#6220 = CARTESIAN_POINT('',(40.205081928018,21.621328666136,
    -7.894918071982));
#6221 = CARTESIAN_POINT('',(40.16844265749,21.639085727103,
    -7.93155734251));
#6222 = CARTESIAN_POINT('',(40.154909197407,21.645252927526,
    -7.945090802593));
#6223 = CARTESIAN_POINT('',(40.141338262553,21.65098008356,
    -7.958661737447));
#6224 = CARTESIAN_POINT('',(40.127729524953,21.656182596651,
    -7.972270475047));
#6225 = CARTESIAN_POINT('',(40.11410224682,21.660718972035,
    -7.98589775318));
#6226 = CARTESIAN_POINT('',(40.100493889464,21.664414542139,
    -7.999506110536));
#6227 = CARTESIAN_POINT('',(40.081247608525,21.667967095963,
    -8.018752391475));
#6228 = CARTESIAN_POINT('',(40.075552203039,21.668807400782,
    -8.024447796961));
#6229 = CARTESIAN_POINT('',(40.069878632992,21.669406759414,
    -8.030121367008));
#6230 = CARTESIAN_POINT('',(40.06423640095,21.669732124609,
    -8.03576359905));
#6231 = CARTESIAN_POINT('',(40.058641332229,21.66974233741,
    -8.041358667771));
#6232 = CARTESIAN_POINT('',(40.05311588643,21.669386477927,
    -8.04688411357));
#6233 = CARTESIAN_POINT('',(40.044709236127,21.668171493117,
    -8.055290763873));
#6234 = CARTESIAN_POINT('',(40.041759823331,21.667611624712,
    -8.058240176669));
#6235 = CARTESIAN_POINT('',(40.038846396241,21.666912490265,
    -8.061153603759));
#6236 = CARTESIAN_POINT('',(40.035975932993,21.666062904366,
    -8.064024067007));
#6237 = CARTESIAN_POINT('',(40.03315702971,21.665051205686,
    -8.06684297029));
#6238 = CARTESIAN_POINT('',(40.03039970601,21.663865845812,
    -8.06960029399));
#6239 = CARTESIAN_POINT('',(40.024073276166,21.66063754017,
    -8.075926723834));
#6240 = CARTESIAN_POINT('',(40.020562823391,21.65843802683,
    -8.079437176609));
#6241 = CARTESIAN_POINT('',(40.01721664158,21.655872908132,
    -8.08278335842));
#6242 = CARTESIAN_POINT('',(40.014071131565,21.652921868658,
    -8.085928868435));
#6243 = CARTESIAN_POINT('',(40.011161816594,21.649576171477,
    -8.088838183406));
#6244 = CARTESIAN_POINT('',(40.008518853321,21.645846022099,
    -8.091481146679));
#6245 = CARTESIAN_POINT('',(40.00616254279,21.64176793243,-8.09383745721
    ));
#6246 = ORIENTED_EDGE('',*,*,#6247,.T.);
#6247 = EDGE_CURVE('',#6187,#6248,#6250,.T.);
#6248 = VERTEX_POINT('',#6249);
#6249 = CARTESIAN_POINT('',(40.014122529507,22.047631245172,-7.725));
#6250 = B_SPLINE_CURVE_WITH_KNOTS('',7,(#6251,#6252,#6253,#6254,#6255,
    #6256,#6257,#6258,#6259,#6260,#6261,#6262,#6263,#6264),
  .UNSPECIFIED.,.F.,.F.,(8,6,8),(-1.263783705278,-1.234227047737,
    -0.688737339364),.UNSPECIFIED.);
#6251 = CARTESIAN_POINT('',(40.003475458007,21.604107252064,
    -8.09980573934));
#6252 = CARTESIAN_POINT('',(40.003859340801,21.609487539018,
    -8.098953097535));
#6253 = CARTESIAN_POINT('',(40.004243223595,21.614867825973,
    -8.09810045573));
#6254 = CARTESIAN_POINT('',(40.004627106389,21.620248112928,
    -8.097247813925));
#6255 = CARTESIAN_POINT('',(40.005010989183,21.625628399882,
    -8.09639517212));
#6256 = CARTESIAN_POINT('',(40.005394871977,21.631008686837,
    -8.095542530315));
#6257 = CARTESIAN_POINT('',(40.005778754771,21.636388973791,
    -8.09468988851));
#6258 = CARTESIAN_POINT('',(40.013247474987,21.741066387217,
    -8.07810111927));
#6259 = CARTESIAN_POINT('',(40.021652628468,21.817906174752,
    -8.042278537253));
#6260 = CARTESIAN_POINT('',(40.026311798868,21.885938106562,
    -7.998577969582));
#6261 = CARTESIAN_POINT('',(40.028265658554,21.941851999152,
    -7.944038698131));
#6262 = CARTESIAN_POINT('',(40.026303580248,21.988828126104,
    -7.881505246067));
#6263 = CARTESIAN_POINT('',(40.020964388357,22.025701063888,
    -7.809935226894));
#6264 = CARTESIAN_POINT('',(40.014122529507,22.047631245172,-7.725));
#6265 = ORIENTED_EDGE('',*,*,#6266,.F.);
#6266 = EDGE_CURVE('',#4308,#6248,#6267,.T.);
#6267 = B_SPLINE_CURVE_WITH_KNOTS('',1,(#6268,#6269),.UNSPECIFIED.,.F.,
  .F.,(2,2),(0.,0.545489708373),.PIECEWISE_BEZIER_KNOTS.);
#6268 = CARTESIAN_POINT('',(41.,21.177451792507,-6.946687836487));
#6269 = CARTESIAN_POINT('',(40.014122529507,22.047631245172,-7.725));
#6270 = ORIENTED_EDGE('',*,*,#4305,.F.);
#6271 = B_SPLINE_SURFACE_WITH_KNOTS('',1,7,(
    (#6272,#6273,#6274,#6275,#6276,#6277,#6278,#6279,#6280,#6281,#6282
      ,#6283,#6284,#6285)
    ,(#6286,#6287,#6288,#6289,#6290,#6291,#6292,#6293,#6294,#6295,#6296
      ,#6297,#6298,#6299
    )),.UNSPECIFIED.,.F.,.F.,.F.,(2,2),(8,6,8),(0.,0.545489708373),(
    -1.263783705278,-1.234227047737,-0.688737339364),.UNSPECIFIED.);
#6272 = CARTESIAN_POINT('',(41.,20.788307606207,-7.381764263295));
#6273 = CARTESIAN_POINT('',(41.,20.792773938075,-7.376770752461));
#6274 = CARTESIAN_POINT('',(41.,20.796965034593,-7.372084964104));
#6275 = CARTESIAN_POINT('',(41.,20.80088089576,-7.367706898224));
#6276 = CARTESIAN_POINT('',(41.,20.804521521577,-7.363636554821));
#6277 = CARTESIAN_POINT('',(41.,20.807886912044,-7.359873933894));
#6278 = CARTESIAN_POINT('',(41.,20.81097706716,-7.356419035443));
#6279 = CARTESIAN_POINT('',(41.,20.865743387723,-7.295188427615));
#6280 = CARTESIAN_POINT('',(41.,20.91769478852,-7.23710499576));
#6281 = CARTESIAN_POINT('',(41.,20.969646189318,-7.179021563906));
#6282 = CARTESIAN_POINT('',(41.,21.021597590115,-7.120938132051));
#6283 = CARTESIAN_POINT('',(41.,21.073548990913,-7.062854700196));
#6284 = CARTESIAN_POINT('',(41.,21.12550039171,-7.004771268342));
#6285 = CARTESIAN_POINT('',(41.,21.177451792507,-6.946687836487));
#6286 = CARTESIAN_POINT('',(40.003475458007,21.604107252064,
    -8.09980573934));
#6287 = CARTESIAN_POINT('',(40.003859340801,21.609487539018,
    -8.098953097535));
#6288 = CARTESIAN_POINT('',(40.004243223595,21.614867825973,
    -8.09810045573));
#6289 = CARTESIAN_POINT('',(40.004627106389,21.620248112928,
    -8.097247813925));
#6290 = CARTESIAN_POINT('',(40.005010989183,21.625628399882,
    -8.09639517212));
#6291 = CARTESIAN_POINT('',(40.005394871977,21.631008686837,
    -8.095542530315));
#6292 = CARTESIAN_POINT('',(40.005778754771,21.636388973791,
    -8.09468988851));
#6293 = CARTESIAN_POINT('',(40.013247474987,21.741066387217,
    -8.07810111927));
#6294 = CARTESIAN_POINT('',(40.021652628468,21.817906174752,
    -8.042278537253));
#6295 = CARTESIAN_POINT('',(40.026311798868,21.885938106562,
    -7.998577969582));
#6296 = CARTESIAN_POINT('',(40.028265658554,21.941851999152,
    -7.944038698131));
#6297 = CARTESIAN_POINT('',(40.026303580248,21.988828126104,
    -7.881505246067));
#6298 = CARTESIAN_POINT('',(40.020964388357,22.025701063888,
    -7.809935226894));
#6299 = CARTESIAN_POINT('',(40.014122529507,22.047631245172,-7.725));
#6300 = ADVANCED_FACE('',(#6301),#6321,.T.);
#6301 = FACE_BOUND('',#6302,.T.);
#6302 = EDGE_LOOP('',(#6303,#6304,#6315,#6320));
#6303 = ORIENTED_EDGE('',*,*,#6266,.T.);
#6304 = ORIENTED_EDGE('',*,*,#6305,.T.);
#6305 = EDGE_CURVE('',#6248,#6306,#6308,.T.);
#6306 = VERTEX_POINT('',#6307);
#6307 = CARTESIAN_POINT('',(40.,22.38196601125,-7.1));
#6308 = B_SPLINE_CURVE_WITH_KNOTS('',5,(#6309,#6310,#6311,#6312,#6313,
    #6314),.UNSPECIFIED.,.F.,.F.,(6,6),(-0.688737339364,0.),
  .PIECEWISE_BEZIER_KNOTS.);
#6309 = CARTESIAN_POINT('',(40.014122529507,22.047631245172,-7.725));
#6310 = CARTESIAN_POINT('',(40.002028550421,22.086396025275,
    -7.574864652242));
#6311 = CARTESIAN_POINT('',(40.00024731612,22.14192530804,
    -7.439723931508));
#6312 = CARTESIAN_POINT('',(39.999915711888,22.210055938985,
    -7.31585419923));
#6313 = CARTESIAN_POINT('',(40.,22.290134366002,-7.202670900631));
#6314 = CARTESIAN_POINT('',(40.,22.38196601125,-7.1));
#6315 = ORIENTED_EDGE('',*,*,#6316,.F.);
#6316 = EDGE_CURVE('',#4397,#6306,#6317,.T.);
#6317 = B_SPLINE_CURVE_WITH_KNOTS('',1,(#6318,#6319),.UNSPECIFIED.,.F.,
  .F.,(2,2),(0.,0.688737339364),.PIECEWISE_BEZIER_KNOTS.);
#6318 = CARTESIAN_POINT('',(41.,21.63661001875,-6.433333333333));
#6319 = CARTESIAN_POINT('',(40.,22.38196601125,-7.1));
#6320 = ORIENTED_EDGE('',*,*,#4405,.F.);
#6321 = B_SPLINE_SURFACE_WITH_KNOTS('',1,5,(
    (#6322,#6323,#6324,#6325,#6326,#6327)
    ,(#6328,#6329,#6330,#6331,#6332,#6333
    )),.UNSPECIFIED.,.F.,.F.,.F.,(2,2),(6,6),(0.,0.688737339364),(
    -0.688737339364,0.),.PIECEWISE_BEZIER_KNOTS.);
#6322 = CARTESIAN_POINT('',(41.,21.177451792507,-6.946687836487));
#6323 = CARTESIAN_POINT('',(41.,21.269283437756,-6.844016935856));
#6324 = CARTESIAN_POINT('',(41.,21.361115083004,-6.741346035226));
#6325 = CARTESIAN_POINT('',(41.,21.452946728253,-6.638675134595));
#6326 = CARTESIAN_POINT('',(41.,21.544778373502,-6.536004233964));
#6327 = CARTESIAN_POINT('',(41.,21.63661001875,-6.433333333333));
#6328 = CARTESIAN_POINT('',(40.014122529507,22.047631245172,-7.725));
#6329 = CARTESIAN_POINT('',(40.002028550421,22.086396025275,
    -7.574864652242));
#6330 = CARTESIAN_POINT('',(40.00024731612,22.14192530804,
    -7.439723931508));
#6331 = CARTESIAN_POINT('',(39.999915711888,22.210055938985,
    -7.31585419923));
#6332 = CARTESIAN_POINT('',(40.,22.290134366002,-7.202670900631));
#6333 = CARTESIAN_POINT('',(40.,22.38196601125,-7.1));
#6334 = ADVANCED_FACE('',(#6335),#6354,.F.);
#6335 = FACE_BOUND('',#6336,.F.);
#6336 = EDGE_LOOP('',(#6337,#6338,#6339,#6347));
#6337 = ORIENTED_EDGE('',*,*,#6316,.F.);
#6338 = ORIENTED_EDGE('',*,*,#4396,.T.);
#6339 = ORIENTED_EDGE('',*,*,#6340,.T.);
#6340 = EDGE_CURVE('',#4386,#6341,#6343,.T.);
#6341 = VERTEX_POINT('',#6342);
#6342 = CARTESIAN_POINT('',(40.,24.61803398875,-7.1));
#6343 = LINE('',#6344,#6345);
#6344 = CARTESIAN_POINT('',(40.,24.61803398875,-7.1));
#6345 = VECTOR('',#6346,1.);
#6346 = DIRECTION('',(-0.707106781187,-0.527046276695,-0.471404520791));
#6347 = ORIENTED_EDGE('',*,*,#6348,.F.);
#6348 = EDGE_CURVE('',#6306,#6341,#6349,.T.);
#6349 = CIRCLE('',#6350,1.5);
#6350 = AXIS2_PLACEMENT_3D('',#6351,#6352,#6353);
#6351 = CARTESIAN_POINT('',(40.,23.5,-8.1));
#6352 = DIRECTION('',(-1.,2.2E-16,-2.2E-16));
#6353 = DIRECTION('',(-3.106449850167E-16,-0.7453559925,0.666666666667)
  );
#6354 = CONICAL_SURFACE('',#6355,1.5,0.785398163397);
#6355 = AXIS2_PLACEMENT_3D('',#6356,#6357,#6358);
#6356 = CARTESIAN_POINT('',(40.,23.5,-8.1));
#6357 = DIRECTION('',(1.,-2.2E-16,2.2E-16));
#6358 = DIRECTION('',(-3.106449850167E-16,-0.7453559925,0.666666666667)
  );
#6359 = ADVANCED_FACE('',(#6360),#6380,.T.);
#6360 = FACE_BOUND('',#6361,.T.);
#6361 = EDGE_LOOP('',(#6362,#6363,#6374,#6379));
#6362 = ORIENTED_EDGE('',*,*,#6340,.T.);
#6363 = ORIENTED_EDGE('',*,*,#6364,.T.);
#6364 = EDGE_CURVE('',#6341,#6365,#6367,.T.);
#6365 = VERTEX_POINT('',#6366);
#6366 = CARTESIAN_POINT('',(40.014122529507,24.952368754828,-7.725));
#6367 = B_SPLINE_CURVE_WITH_KNOTS('',5,(#6368,#6369,#6370,#6371,#6372,
    #6373),.UNSPECIFIED.,.F.,.F.,(6,6),(2.523206011704,3.211943351068),
  .PIECEWISE_BEZIER_KNOTS.);
#6368 = CARTESIAN_POINT('',(40.,24.61803398875,-7.1));
#6369 = CARTESIAN_POINT('',(40.,24.709865633998,-7.202670900631));
#6370 = CARTESIAN_POINT('',(39.999915711888,24.789944061015,
    -7.31585419923));
#6371 = CARTESIAN_POINT('',(40.00024731612,24.85807469196,
    -7.439723931508));
#6372 = CARTESIAN_POINT('',(40.00202855042,24.913603974725,
    -7.574864652242));
#6373 = CARTESIAN_POINT('',(40.014122529507,24.952368754828,-7.725));
#6374 = ORIENTED_EDGE('',*,*,#6375,.F.);
#6375 = EDGE_CURVE('',#4367,#6365,#6376,.T.);
#6376 = B_SPLINE_CURVE_WITH_KNOTS('',1,(#6377,#6378),.UNSPECIFIED.,.F.,
  .F.,(2,2),(0.,0.688737339364),.PIECEWISE_BEZIER_KNOTS.);
#6377 = CARTESIAN_POINT('',(41.,25.822548207493,-6.946687836487));
#6378 = CARTESIAN_POINT('',(40.014122529507,24.952368754828,-7.725));
#6379 = ORIENTED_EDGE('',*,*,#4385,.F.);
#6380 = B_SPLINE_SURFACE_WITH_KNOTS('',1,5,(
    (#6381,#6382,#6383,#6384,#6385,#6386)
    ,(#6387,#6388,#6389,#6390,#6391,#6392
    )),.UNSPECIFIED.,.F.,.F.,.F.,(2,2),(6,6),(0.,0.688737339364),(
    2.523206011704,3.211943351068),.PIECEWISE_BEZIER_KNOTS.);
#6381 = CARTESIAN_POINT('',(41.,25.36338998125,-6.433333333333));
#6382 = CARTESIAN_POINT('',(41.,25.455221626498,-6.536004233964));
#6383 = CARTESIAN_POINT('',(41.,25.547053271747,-6.638675134595));
#6384 = CARTESIAN_POINT('',(41.,25.638884916996,-6.741346035225));
#6385 = CARTESIAN_POINT('',(41.,25.730716562244,-6.844016935856));
#6386 = CARTESIAN_POINT('',(41.,25.822548207493,-6.946687836487));
#6387 = CARTESIAN_POINT('',(40.,24.61803398875,-7.1));
#6388 = CARTESIAN_POINT('',(40.,24.709865633998,-7.202670900631));
#6389 = CARTESIAN_POINT('',(39.999915711888,24.789944061015,
    -7.31585419923));
#6390 = CARTESIAN_POINT('',(40.00024731612,24.85807469196,
    -7.439723931508));
#6391 = CARTESIAN_POINT('',(40.00202855042,24.913603974725,
    -7.574864652242));
#6392 = CARTESIAN_POINT('',(40.014122529507,24.952368754828,-7.725));
#6393 = ADVANCED_FACE('',(#6394),#6476,.T.);
#6394 = FACE_BOUND('',#6395,.T.);
#6395 = EDGE_LOOP('',(#6396,#6397,#6416,#6475));
#6396 = ORIENTED_EDGE('',*,*,#6375,.T.);
#6397 = ORIENTED_EDGE('',*,*,#6398,.T.);
#6398 = EDGE_CURVE('',#6365,#6399,#6401,.T.);
#6399 = VERTEX_POINT('',#6400);
#6400 = CARTESIAN_POINT('',(40.006162637565,25.358230739254,
    -8.093837246705));
#6401 = B_SPLINE_CURVE_WITH_KNOTS('',7,(#6402,#6403,#6404,#6405,#6406,
    #6407,#6408,#6409,#6410,#6411,#6412,#6413,#6414,#6415),
  .UNSPECIFIED.,.F.,.F.,(8,6,8),(3.211943351068,3.757433059441,
    3.786989716981),.UNSPECIFIED.);
#6402 = CARTESIAN_POINT('',(40.014122529507,24.952368754828,-7.725));
#6403 = CARTESIAN_POINT('',(40.020964388357,24.974298936112,
    -7.809935226894));
#6404 = CARTESIAN_POINT('',(40.026303580248,25.011171873896,
    -7.881505246066));
#6405 = CARTESIAN_POINT('',(40.028265658555,25.058148000848,
    -7.944038698131));
#6406 = CARTESIAN_POINT('',(40.026311798867,25.114061893438,
    -7.998577969582));
#6407 = CARTESIAN_POINT('',(40.021652628468,25.182093825249,
    -8.042278537254));
#6408 = CARTESIAN_POINT('',(40.013247474987,25.258933612783,
    -8.07810111927));
#6409 = CARTESIAN_POINT('',(40.005778754771,25.363611026208,
    -8.09468988851));
#6410 = CARTESIAN_POINT('',(40.005394871977,25.368991313163,
    -8.095542530315));
#6411 = CARTESIAN_POINT('',(40.005010989183,25.374371600118,
    -8.09639517212));
#6412 = CARTESIAN_POINT('',(40.004627106389,25.379751887072,
    -8.097247813925));
#6413 = CARTESIAN_POINT('',(40.004243223595,25.385132174027,
    -8.09810045573));
#6414 = CARTESIAN_POINT('',(40.003859340801,25.390512460982,
    -8.098953097535));
#6415 = CARTESIAN_POINT('',(40.003475458007,25.395892747936,
    -8.09980573934));
#6416 = ORIENTED_EDGE('',*,*,#6417,.F.);
#6417 = EDGE_CURVE('',#4359,#6399,#6418,.T.);
#6418 = B_SPLINE_CURVE_WITH_KNOTS('',7,(#6419,#6420,#6421,#6422,#6423,
    #6424,#6425,#6426,#6427,#6428,#6429,#6430,#6431,#6432,#6433,#6434,
    #6435,#6436,#6437,#6438,#6439,#6440,#6441,#6442,#6443,#6444,#6445,
    #6446,#6447,#6448,#6449,#6450,#6451,#6452,#6453,#6454,#6455,#6456,
    #6457,#6458,#6459,#6460,#6461,#6462,#6463,#6464,#6465,#6466,#6467,
    #6468,#6469,#6470,#6471,#6472,#6473,#6474),.UNSPECIFIED.,.F.,.F.,(8,
    6,6,6,6,6,6,6,6,8),(0.,0.122090666093,0.222998859913,0.43045596062,
    0.663539128061,0.819992368054,0.911426934038,0.950032735049,
    0.971235356623,1.),.UNSPECIFIED.);
#6419 = CARTESIAN_POINT('',(41.,25.95967477525,-7.1));
#6420 = CARTESIAN_POINT('',(40.982814499438,25.946127664333,
    -7.117185500562));
#6421 = CARTESIAN_POINT('',(40.965631937239,25.932570046721,
    -7.134368062761));
#6422 = CARTESIAN_POINT('',(40.948451340288,25.919005407325,
    -7.151548659712));
#6423 = CARTESIAN_POINT('',(40.931271736574,25.905437221939,
    -7.168728263426));
#6424 = CARTESIAN_POINT('',(40.914092155195,25.89186895724,
    -7.185907844805));
#6425 = CARTESIAN_POINT('',(40.896911626352,25.878304070786,
    -7.203088373648));
#6426 = CARTESIAN_POINT('',(40.865527854211,25.853540245936,
    -7.234472145789));
#6427 = CARTESIAN_POINT('',(40.851325213251,25.842339175832,
    -7.248674786749));
#6428 = CARTESIAN_POINT('',(40.837120709514,25.831144756436,
    -7.262879290486));
#6429 = CARTESIAN_POINT('',(40.822913780844,25.819959010036,
    -7.277086219156));
#6430 = CARTESIAN_POINT('',(40.808703851886,25.808784025473,
    -7.291296148114));
#6431 = CARTESIAN_POINT('',(40.794490334091,25.797621958145,
    -7.305509665909));
#6432 = CARTESIAN_POINT('',(40.751042446785,25.763558066506,
    -7.348957553215));
#6433 = CARTESIAN_POINT('',(40.721794706974,25.740705174057,
    -7.378205293026));
#6434 = CARTESIAN_POINT('',(40.692523844017,25.717936042534,
    -7.407476155983));
#6435 = CARTESIAN_POINT('',(40.663224285675,25.695271798955,
    -7.436775714325));
#6436 = CARTESIAN_POINT('',(40.633889983308,25.672736783539,
    -7.466110016692));
#6437 = CARTESIAN_POINT('',(40.604513945453,25.650360325764,
    -7.495486054547));
#6438 = CARTESIAN_POINT('',(40.542026739372,25.603256715243,
    -7.557973260628));
#6439 = CARTESIAN_POINT('',(40.508905198839,25.57858321368,
    -7.591094801161));
#6440 = CARTESIAN_POINT('',(40.475708112457,25.554205630602,
    -7.624291887543));
#6441 = CARTESIAN_POINT('',(40.442420516959,25.530191771991,
    -7.657579483041));
#6442 = CARTESIAN_POINT('',(40.409028360215,25.506624785562,
    -7.690971639785));
#6443 = CARTESIAN_POINT('',(40.375513932117,25.483623634513,
    -7.724486067883));
#6444 = CARTESIAN_POINT('',(40.319246769645,25.446464191123,
    -7.780753230355));
#6445 = CARTESIAN_POINT('',(40.296587723228,25.431890973962,
    -7.803412276772));
#6446 = CARTESIAN_POINT('',(40.273849994443,25.417725318229,
    -7.826150005557));
#6447 = CARTESIAN_POINT('',(40.251022721202,25.404044384097,
    -7.848977278798));
#6448 = CARTESIAN_POINT('',(40.228099882913,25.390974093788,
    -7.871900117087));
#6449 = CARTESIAN_POINT('',(40.205081928018,25.378671333864,
    -7.894918071982));
#6450 = CARTESIAN_POINT('',(40.16844265749,25.360914272897,
    -7.93155734251));
#6451 = CARTESIAN_POINT('',(40.154909197407,25.354747072474,
    -7.945090802593));
#6452 = CARTESIAN_POINT('',(40.141338262552,25.349019916441,
    -7.958661737448));
#6453 = CARTESIAN_POINT('',(40.127729524954,25.343817403349,
    -7.972270475046));
#6454 = CARTESIAN_POINT('',(40.11410224682,25.339281027966,
    -7.98589775318));
#6455 = CARTESIAN_POINT('',(40.100493889464,25.335585457861,
    -7.999506110536));
#6456 = CARTESIAN_POINT('',(40.081247608525,25.332032904037,
    -8.018752391475));
#6457 = CARTESIAN_POINT('',(40.075552203039,25.331192599218,
    -8.024447796961));
#6458 = CARTESIAN_POINT('',(40.069878632992,25.330593240586,
    -8.030121367008));
#6459 = CARTESIAN_POINT('',(40.06423640095,25.330267875391,
    -8.03576359905));
#6460 = CARTESIAN_POINT('',(40.058641332229,25.33025766259,
    -8.041358667771));
#6461 = CARTESIAN_POINT('',(40.053115886429,25.330613522073,
    -8.046884113571));
#6462 = CARTESIAN_POINT('',(40.044709236127,25.331828506883,
    -8.055290763873));
#6463 = CARTESIAN_POINT('',(40.041759823331,25.332388375288,
    -8.058240176669));
#6464 = CARTESIAN_POINT('',(40.038846396241,25.333087509736,
    -8.061153603759));
#6465 = CARTESIAN_POINT('',(40.035975932993,25.333937095634,
    -8.064024067007));
#6466 = CARTESIAN_POINT('',(40.03315702971,25.334948794315,
    -8.06684297029));
#6467 = CARTESIAN_POINT('',(40.03039970601,25.336134154189,
    -8.06960029399));
#6468 = CARTESIAN_POINT('',(40.024073276166,25.33936245983,
    -8.075926723834));
#6469 = CARTESIAN_POINT('',(40.020562823391,25.34156197317,
    -8.079437176609));
#6470 = CARTESIAN_POINT('',(40.01721664158,25.344127091869,
    -8.08278335842));
#6471 = CARTESIAN_POINT('',(40.014071131565,25.347078131342,
    -8.085928868435));
#6472 = CARTESIAN_POINT('',(40.011161816594,25.350423828523,
    -8.088838183406));
#6473 = CARTESIAN_POINT('',(40.008518853322,25.354153977901,
    -8.091481146678));
#6474 = CARTESIAN_POINT('',(40.00616254279,25.358232067571,
    -8.09383745721));
#6475 = ORIENTED_EDGE('',*,*,#4366,.F.);
#6476 = B_SPLINE_SURFACE_WITH_KNOTS('',1,7,(
    (#6477,#6478,#6479,#6480,#6481,#6482,#6483,#6484,#6485,#6486,#6487
      ,#6488,#6489,#6490)
    ,(#6491,#6492,#6493,#6494,#6495,#6496,#6497,#6498,#6499,#6500,#6501
      ,#6502,#6503,#6504
    )),.UNSPECIFIED.,.F.,.F.,.F.,(2,2),(8,6,8),(0.,0.545489708373),(
    3.211943351068,3.757433059441,3.786989716981),.UNSPECIFIED.);
#6477 = CARTESIAN_POINT('',(41.,25.822548207493,-6.946687836487));
#6478 = CARTESIAN_POINT('',(41.,25.87449960829,-7.004771268342));
#6479 = CARTESIAN_POINT('',(40.999999999999,25.926451009087,
    -7.062854700196));
#6480 = CARTESIAN_POINT('',(41.000000000002,25.978402409886,
    -7.120938132051));
#6481 = CARTESIAN_POINT('',(40.999999999999,26.030353810682,
    -7.179021563905));
#6482 = CARTESIAN_POINT('',(41.000000000001,26.08230521148,
    -7.23710499576));
#6483 = CARTESIAN_POINT('',(41.,26.134256612277,-7.295188427615));
#6484 = CARTESIAN_POINT('',(41.,26.18902293284,-7.356419035443));
#6485 = CARTESIAN_POINT('',(41.,26.192113087956,-7.359873933894));
#6486 = CARTESIAN_POINT('',(41.,26.195478478423,-7.363636554821));
#6487 = CARTESIAN_POINT('',(41.,26.19911910424,-7.367706898224));
#6488 = CARTESIAN_POINT('',(41.,26.203034965407,-7.372084964104));
#6489 = CARTESIAN_POINT('',(41.,26.207226061925,-7.376770752461));
#6490 = CARTESIAN_POINT('',(41.,26.211692393793,-7.381764263295));
#6491 = CARTESIAN_POINT('',(40.014122529507,24.952368754828,-7.725));
#6492 = CARTESIAN_POINT('',(40.020964388357,24.974298936112,
    -7.809935226894));
#6493 = CARTESIAN_POINT('',(40.026303580248,25.011171873896,
    -7.881505246066));
#6494 = CARTESIAN_POINT('',(40.028265658555,25.058148000848,
    -7.944038698131));
#6495 = CARTESIAN_POINT('',(40.026311798867,25.114061893438,
    -7.998577969582));
#6496 = CARTESIAN_POINT('',(40.021652628468,25.182093825249,
    -8.042278537254));
#6497 = CARTESIAN_POINT('',(40.013247474987,25.258933612783,
    -8.07810111927));
#6498 = CARTESIAN_POINT('',(40.005778754771,25.363611026208,
    -8.09468988851));
#6499 = CARTESIAN_POINT('',(40.005394871977,25.368991313163,
    -8.095542530315));
#6500 = CARTESIAN_POINT('',(40.005010989183,25.374371600118,
    -8.09639517212));
#6501 = CARTESIAN_POINT('',(40.004627106389,25.379751887072,
    -8.097247813925));
#6502 = CARTESIAN_POINT('',(40.004243223595,25.385132174027,
    -8.09810045573));
#6503 = CARTESIAN_POINT('',(40.003859340801,25.390512460982,
    -8.098953097535));
#6504 = CARTESIAN_POINT('',(40.003475458007,25.395892747936,
    -8.09980573934));
#6505 = ADVANCED_FACE('',(#6506),#6533,.T.);
#6506 = FACE_BOUND('',#6507,.F.);
#6507 = EDGE_LOOP('',(#6508,#6518,#6525,#6526,#6527));
#6508 = ORIENTED_EDGE('',*,*,#6509,.F.);
#6509 = EDGE_CURVE('',#6510,#6512,#6514,.T.);
#6510 = VERTEX_POINT('',#6511);
#6511 = CARTESIAN_POINT('',(40.,25.436491673104,-8.1));
#6512 = VERTEX_POINT('',#6513);
#6513 = CARTESIAN_POINT('',(40.,26.15,-8.1));
#6514 = LINE('',#6515,#6516);
#6515 = CARTESIAN_POINT('',(40.,20.85,-8.1));
#6516 = VECTOR('',#6517,1.);
#6517 = DIRECTION('',(2.2E-16,1.,0.));
#6518 = ORIENTED_EDGE('',*,*,#6519,.F.);
#6519 = EDGE_CURVE('',#6399,#6510,#6520,.T.);
#6520 = ELLIPSE('',#6521,0.707106781187,0.5);
#6521 = AXIS2_PLACEMENT_3D('',#6522,#6523,#6524);
#6522 = CARTESIAN_POINT('',(40.5,25.436491673104,-7.6));
#6523 = DIRECTION('',(0.707106781187,-1.6E-16,-0.707106781187));
#6524 = DIRECTION('',(0.707106781187,-1.6E-16,0.707106781187));
#6525 = ORIENTED_EDGE('',*,*,#6417,.F.);
#6526 = ORIENTED_EDGE('',*,*,#4358,.T.);
#6527 = ORIENTED_EDGE('',*,*,#6528,.T.);
#6528 = EDGE_CURVE('',#4351,#6512,#6529,.T.);
#6529 = LINE('',#6530,#6531);
#6530 = CARTESIAN_POINT('',(39.45,25.6,-8.65));
#6531 = VECTOR('',#6532,1.);
#6532 = DIRECTION('',(-0.57735026919,-0.57735026919,-0.57735026919));
#6533 = PLANE('',#6534);
#6534 = AXIS2_PLACEMENT_3D('',#6535,#6536,#6537);
#6535 = CARTESIAN_POINT('',(40.5,20.85,-7.6));
#6536 = DIRECTION('',(0.707106781187,-1.6E-16,-0.707106781187));
#6537 = DIRECTION('',(-2.231370849898E-16,-1.,3.137084989848E-18));
#6538 = ADVANCED_FACE('',(#6539),#6557,.T.);
#6539 = FACE_BOUND('',#6540,.F.);
#6540 = EDGE_LOOP('',(#6541,#6542,#6543,#6551));
#6541 = ORIENTED_EDGE('',*,*,#6528,.F.);
#6542 = ORIENTED_EDGE('',*,*,#4350,.T.);
#6543 = ORIENTED_EDGE('',*,*,#6544,.T.);
#6544 = EDGE_CURVE('',#4343,#6545,#6547,.T.);
#6545 = VERTEX_POINT('',#6546);
#6546 = CARTESIAN_POINT('',(40.,26.15,-10.1));
#6547 = LINE('',#6548,#6549);
#6548 = CARTESIAN_POINT('',(40.,26.15,-10.1));
#6549 = VECTOR('',#6550,1.);
#6550 = DIRECTION('',(-0.57735026919,-0.57735026919,0.57735026919));
#6551 = ORIENTED_EDGE('',*,*,#6552,.F.);
#6552 = EDGE_CURVE('',#6512,#6545,#6553,.T.);
#6553 = LINE('',#6554,#6555);
#6554 = CARTESIAN_POINT('',(40.,26.15,-8.1));
#6555 = VECTOR('',#6556,1.);
#6556 = DIRECTION('',(2.2E-16,0.,-1.));
#6557 = PLANE('',#6558);
#6558 = AXIS2_PLACEMENT_3D('',#6559,#6560,#6561);
#6559 = CARTESIAN_POINT('',(40.5,26.65,-8.1));
#6560 = DIRECTION('',(0.707106781187,-0.707106781187,1.6E-16));
#6561 = DIRECTION('',(-2.231370849898E-16,3.137084989848E-18,1.));
#6562 = ADVANCED_FACE('',(#6563),#6581,.T.);
#6563 = FACE_BOUND('',#6564,.F.);
#6564 = EDGE_LOOP('',(#6565,#6566,#6567,#6575));
#6565 = ORIENTED_EDGE('',*,*,#6544,.F.);
#6566 = ORIENTED_EDGE('',*,*,#4342,.T.);
#6567 = ORIENTED_EDGE('',*,*,#6568,.T.);
#6568 = EDGE_CURVE('',#4335,#6569,#6571,.T.);
#6569 = VERTEX_POINT('',#6570);
#6570 = CARTESIAN_POINT('',(40.,20.85,-10.1));
#6571 = LINE('',#6572,#6573);
#6572 = CARTESIAN_POINT('',(39.45,21.4,-9.55));
#6573 = VECTOR('',#6574,1.);
#6574 = DIRECTION('',(-0.57735026919,0.57735026919,0.57735026919));
#6575 = ORIENTED_EDGE('',*,*,#6576,.F.);
#6576 = EDGE_CURVE('',#6545,#6569,#6577,.T.);
#6577 = LINE('',#6578,#6579);
#6578 = CARTESIAN_POINT('',(40.,26.15,-10.1));
#6579 = VECTOR('',#6580,1.);
#6580 = DIRECTION('',(-2.2E-16,-1.,-0.));
#6581 = PLANE('',#6582);
#6582 = AXIS2_PLACEMENT_3D('',#6583,#6584,#6585);
#6583 = CARTESIAN_POINT('',(40.5,26.15,-10.6));
#6584 = DIRECTION('',(0.707106781187,-1.6E-16,0.707106781187));
#6585 = DIRECTION('',(2.231370849898E-16,1.,3.137084989848E-18));
#6586 = ADVANCED_FACE('',(#6587),#6605,.T.);
#6587 = FACE_BOUND('',#6588,.F.);
#6588 = EDGE_LOOP('',(#6589,#6590,#6591,#6599));
#6589 = ORIENTED_EDGE('',*,*,#6568,.F.);
#6590 = ORIENTED_EDGE('',*,*,#4334,.T.);
#6591 = ORIENTED_EDGE('',*,*,#6592,.T.);
#6592 = EDGE_CURVE('',#4327,#6593,#6595,.T.);
#6593 = VERTEX_POINT('',#6594);
#6594 = CARTESIAN_POINT('',(40.,20.85,-8.1));
#6595 = LINE('',#6596,#6597);
#6596 = CARTESIAN_POINT('',(40.,20.85,-8.1));
#6597 = VECTOR('',#6598,1.);
#6598 = DIRECTION('',(-0.57735026919,0.57735026919,-0.57735026919));
#6599 = ORIENTED_EDGE('',*,*,#6600,.F.);
#6600 = EDGE_CURVE('',#6569,#6593,#6601,.T.);
#6601 = LINE('',#6602,#6603);
#6602 = CARTESIAN_POINT('',(40.,20.85,-10.1));
#6603 = VECTOR('',#6604,1.);
#6604 = DIRECTION('',(-2.2E-16,0.,1.));
#6605 = PLANE('',#6606);
#6606 = AXIS2_PLACEMENT_3D('',#6607,#6608,#6609);
#6607 = CARTESIAN_POINT('',(40.5,20.35,-10.1));
#6608 = DIRECTION('',(0.707106781187,0.707106781187,1.6E-16));
#6609 = DIRECTION('',(2.231370849898E-16,3.137084989848E-18,-1.));
#6610 = ADVANCED_FACE('',(#6611),#6631,.T.);
#6611 = FACE_BOUND('',#6612,.F.);
#6612 = EDGE_LOOP('',(#6613,#6614,#6615,#6616,#6625));
#6613 = ORIENTED_EDGE('',*,*,#6592,.F.);
#6614 = ORIENTED_EDGE('',*,*,#4326,.T.);
#6615 = ORIENTED_EDGE('',*,*,#6186,.T.);
#6616 = ORIENTED_EDGE('',*,*,#6617,.F.);
#6617 = EDGE_CURVE('',#6618,#6187,#6620,.T.);
#6618 = VERTEX_POINT('',#6619);
#6619 = CARTESIAN_POINT('',(40.,21.563508326896,-8.1));
#6620 = ELLIPSE('',#6621,0.707106781187,0.5);
#6621 = AXIS2_PLACEMENT_3D('',#6622,#6623,#6624);
#6622 = CARTESIAN_POINT('',(40.5,21.563508326896,-7.6));
#6623 = DIRECTION('',(0.707106781187,-1.6E-16,-0.707106781187));
#6624 = DIRECTION('',(0.707106781187,-1.6E-16,0.707106781187));
#6625 = ORIENTED_EDGE('',*,*,#6626,.F.);
#6626 = EDGE_CURVE('',#6593,#6618,#6627,.T.);
#6627 = LINE('',#6628,#6629);
#6628 = CARTESIAN_POINT('',(40.,20.85,-8.1));
#6629 = VECTOR('',#6630,1.);
#6630 = DIRECTION('',(2.2E-16,1.,0.));
#6631 = PLANE('',#6632);
#6632 = AXIS2_PLACEMENT_3D('',#6633,#6634,#6635);
#6633 = CARTESIAN_POINT('',(40.5,20.85,-7.6));
#6634 = DIRECTION('',(0.707106781187,-1.6E-16,-0.707106781187));
#6635 = DIRECTION('',(-2.231370849898E-16,-1.,3.137084989848E-18));
#6636 = ADVANCED_FACE('',(#6637),#6655,.F.);
#6637 = FACE_BOUND('',#6638,.F.);
#6638 = EDGE_LOOP('',(#6639,#6640,#6648,#6654));
#6639 = ORIENTED_EDGE('',*,*,#4422,.F.);
#6640 = ORIENTED_EDGE('',*,*,#6641,.T.);
#6641 = EDGE_CURVE('',#4423,#6642,#6644,.T.);
#6642 = VERTEX_POINT('',#6643);
#6643 = CARTESIAN_POINT('',(27.,31.,-12.));
#6644 = LINE('',#6645,#6646);
#6645 = CARTESIAN_POINT('',(27.,31.,-7.5));
#6646 = VECTOR('',#6647,1.);
#6647 = DIRECTION('',(0.,0.,-1.));
#6648 = ORIENTED_EDGE('',*,*,#6649,.T.);
#6649 = EDGE_CURVE('',#6642,#6138,#6650,.T.);
#6650 = LINE('',#6651,#6652);
#6651 = CARTESIAN_POINT('',(26.,31.,-12.));
#6652 = VECTOR('',#6653,1.);
#6653 = DIRECTION('',(1.,0.,0.));
#6654 = ORIENTED_EDGE('',*,*,#6145,.F.);
#6655 = PLANE('',#6656);
#6656 = AXIS2_PLACEMENT_3D('',#6657,#6658,#6659);
#6657 = CARTESIAN_POINT('',(26.,31.,-2.5));
#6658 = DIRECTION('',(0.,-1.,0.));
#6659 = DIRECTION('',(1.,0.,0.));
#6660 = ADVANCED_FACE('',(#6661),#6680,.T.);
#6661 = FACE_BOUND('',#6662,.F.);
#6662 = EDGE_LOOP('',(#6663,#6671,#6677,#6678,#6679));
#6663 = ORIENTED_EDGE('',*,*,#6664,.T.);
#6664 = EDGE_CURVE('',#4497,#6665,#6667,.T.);
#6665 = VERTEX_POINT('',#6666);
#6666 = CARTESIAN_POINT('',(26.5,30.5,-12.25));
#6667 = LINE('',#6668,#6669);
#6668 = CARTESIAN_POINT('',(23.305555555556,27.305555555556,
    -10.65277777777));
#6669 = VECTOR('',#6670,1.);
#6670 = DIRECTION('',(0.666666666667,0.666666666667,-0.333333333333));
#6671 = ORIENTED_EDGE('',*,*,#6672,.T.);
#6672 = EDGE_CURVE('',#6665,#6642,#6673,.T.);
#6673 = LINE('',#6674,#6675);
#6674 = CARTESIAN_POINT('',(26.361111111111,30.361111111111,
    -12.31944444444));
#6675 = VECTOR('',#6676,1.);
#6676 = DIRECTION('',(0.666666666667,0.666666666667,0.333333333333));
#6677 = ORIENTED_EDGE('',*,*,#6641,.F.);
#6678 = ORIENTED_EDGE('',*,*,#4454,.F.);
#6679 = ORIENTED_EDGE('',*,*,#4504,.T.);
#6680 = PLANE('',#6681);
#6681 = AXIS2_PLACEMENT_3D('',#6682,#6683,#6684);
#6682 = CARTESIAN_POINT('',(26.5,30.5,-7.5));
#6683 = DIRECTION('',(-0.707106781187,0.707106781187,0.));
#6684 = DIRECTION('',(0.,0.,1.));
#6685 = ADVANCED_FACE('',(#6686),#6720,.T.);
#6686 = FACE_BOUND('',#6687,.T.);
#6687 = EDGE_LOOP('',(#6688,#6698,#6704,#6705,#6706,#6714));
#6688 = ORIENTED_EDGE('',*,*,#6689,.F.);
#6689 = EDGE_CURVE('',#6690,#6692,#6694,.T.);
#6690 = VERTEX_POINT('',#6691);
#6691 = CARTESIAN_POINT('',(26.5,16.5,-12.25));
#6692 = VERTEX_POINT('',#6693);
#6693 = CARTESIAN_POINT('',(31.,21.,-14.5));
#6694 = LINE('',#6695,#6696);
#6695 = CARTESIAN_POINT('',(30.722222222222,20.722222222222,
    -14.36111111111));
#6696 = VECTOR('',#6697,1.);
#6697 = DIRECTION('',(0.666666666667,0.666666666667,-0.333333333333));
#6698 = ORIENTED_EDGE('',*,*,#6699,.F.);
#6699 = EDGE_CURVE('',#4495,#6690,#6700,.T.);
#6700 = LINE('',#6701,#6702);
#6701 = CARTESIAN_POINT('',(26.638888888889,16.361111111111,
    -12.31944444444));
#6702 = VECTOR('',#6703,1.);
#6703 = DIRECTION('',(0.666666666667,-0.666666666667,-0.333333333333));
#6704 = ORIENTED_EDGE('',*,*,#4494,.T.);
#6705 = ORIENTED_EDGE('',*,*,#6664,.T.);
#6706 = ORIENTED_EDGE('',*,*,#6707,.T.);
#6707 = EDGE_CURVE('',#6665,#6708,#6710,.T.);
#6708 = VERTEX_POINT('',#6709);
#6709 = CARTESIAN_POINT('',(31.,26.,-14.5));
#6710 = LINE('',#6711,#6712);
#6711 = CARTESIAN_POINT('',(30.722222222222,26.277777777778,
    -14.36111111111));
#6712 = VECTOR('',#6713,1.);
#6713 = DIRECTION('',(0.666666666667,-0.666666666667,-0.333333333333));
#6714 = ORIENTED_EDGE('',*,*,#6715,.F.);
#6715 = EDGE_CURVE('',#6692,#6708,#6716,.T.);
#6716 = LINE('',#6717,#6718);
#6717 = CARTESIAN_POINT('',(31.,16.,-14.5));
#6718 = VECTOR('',#6719,1.);
#6719 = DIRECTION('',(0.,1.,0.));
#6720 = PLANE('',#6721);
#6721 = AXIS2_PLACEMENT_3D('',#6722,#6723,#6724);
#6722 = CARTESIAN_POINT('',(28.5,16.,-13.25));
#6723 = DIRECTION('',(-0.4472135955,0.,-0.894427191));
#6724 = DIRECTION('',(0.,1.,0.));
#6725 = ADVANCED_FACE('',(#6726),#6745,.T.);
#6726 = FACE_BOUND('',#6727,.T.);
#6727 = EDGE_LOOP('',(#6728,#6729,#6737,#6743,#6744));
#6728 = ORIENTED_EDGE('',*,*,#6699,.T.);
#6729 = ORIENTED_EDGE('',*,*,#6730,.T.);
#6730 = EDGE_CURVE('',#6690,#6731,#6733,.T.);
#6731 = VERTEX_POINT('',#6732);
#6732 = CARTESIAN_POINT('',(27.,16.,-12.));
#6733 = LINE('',#6734,#6735);
#6734 = CARTESIAN_POINT('',(29.694444444444,13.305555555556,
    -10.65277777777));
#6735 = VECTOR('',#6736,1.);
#6736 = DIRECTION('',(0.666666666667,-0.666666666667,0.333333333333));
#6737 = ORIENTED_EDGE('',*,*,#6738,.F.);
#6738 = EDGE_CURVE('',#4540,#6731,#6739,.T.);
#6739 = LINE('',#6740,#6741);
#6740 = CARTESIAN_POINT('',(27.,16.,-7.5));
#6741 = VECTOR('',#6742,1.);
#6742 = DIRECTION('',(0.,0.,-1.));
#6743 = ORIENTED_EDGE('',*,*,#4564,.F.);
#6744 = ORIENTED_EDGE('',*,*,#4525,.T.);
#6745 = PLANE('',#6746);
#6746 = AXIS2_PLACEMENT_3D('',#6747,#6748,#6749);
#6747 = CARTESIAN_POINT('',(26.5,16.5,-7.5));
#6748 = DIRECTION('',(-0.707106781187,-0.707106781187,0.));
#6749 = DIRECTION('',(0.,0.,-1.));
#6750 = ADVANCED_FACE('',(#6751),#6762,.F.);
#6751 = FACE_BOUND('',#6752,.F.);
#6752 = EDGE_LOOP('',(#6753,#6754,#6755,#6761));
#6753 = ORIENTED_EDGE('',*,*,#4539,.F.);
#6754 = ORIENTED_EDGE('',*,*,#6170,.T.);
#6755 = ORIENTED_EDGE('',*,*,#6756,.T.);
#6756 = EDGE_CURVE('',#6163,#6731,#6757,.T.);
#6757 = LINE('',#6758,#6759);
#6758 = CARTESIAN_POINT('',(41.,16.,-12.));
#6759 = VECTOR('',#6760,1.);
#6760 = DIRECTION('',(-1.,0.,0.));
#6761 = ORIENTED_EDGE('',*,*,#6738,.F.);
#6762 = PLANE('',#6763);
#6763 = AXIS2_PLACEMENT_3D('',#6764,#6765,#6766);
#6764 = CARTESIAN_POINT('',(41.,16.,-2.5));
#6765 = DIRECTION('',(0.,1.,0.));
#6766 = DIRECTION('',(-1.,0.,0.));
#6767 = ADVANCED_FACE('',(#6768),#6781,.T.);
#6768 = FACE_BOUND('',#6769,.T.);
#6769 = EDGE_LOOP('',(#6770,#6771,#6772,#6773,#6774,#6775));
#6770 = ORIENTED_EDGE('',*,*,#5207,.F.);
#6771 = ORIENTED_EDGE('',*,*,#5172,.T.);
#6772 = ORIENTED_EDGE('',*,*,#5149,.T.);
#6773 = ORIENTED_EDGE('',*,*,#4637,.F.);
#6774 = ORIENTED_EDGE('',*,*,#4589,.T.);
#6775 = ORIENTED_EDGE('',*,*,#6776,.F.);
#6776 = EDGE_CURVE('',#5208,#4592,#6777,.T.);
#6777 = LINE('',#6778,#6779);
#6778 = CARTESIAN_POINT('',(-26.,21.,-14.5));
#6779 = VECTOR('',#6780,1.);
#6780 = DIRECTION('',(-1.,0.,0.));
#6781 = PLANE('',#6782);
#6782 = AXIS2_PLACEMENT_3D('',#6783,#6784,#6785);
#6783 = CARTESIAN_POINT('',(-26.,18.5,-13.25));
#6784 = DIRECTION('',(0.,-0.4472135955,-0.894427191));
#6785 = DIRECTION('',(-1.,0.,0.));
#6786 = ADVANCED_FACE('',(#6787,#6798),#6809,.F.);
#6787 = FACE_BOUND('',#6788,.F.);
#6788 = EDGE_LOOP('',(#6789,#6790,#6796,#6797));
#6789 = ORIENTED_EDGE('',*,*,#5215,.F.);
#6790 = ORIENTED_EDGE('',*,*,#6791,.F.);
#6791 = EDGE_CURVE('',#4615,#5192,#6792,.T.);
#6792 = LINE('',#6793,#6794);
#6793 = CARTESIAN_POINT('',(-41.,26.,-14.5));
#6794 = VECTOR('',#6795,1.);
#6795 = DIRECTION('',(1.,0.,0.));
#6796 = ORIENTED_EDGE('',*,*,#4622,.F.);
#6797 = ORIENTED_EDGE('',*,*,#6776,.F.);
#6798 = FACE_BOUND('',#6799,.F.);
#6799 = EDGE_LOOP('',(#6800));
#6800 = ORIENTED_EDGE('',*,*,#6801,.T.);
#6801 = EDGE_CURVE('',#6802,#6802,#6804,.T.);
#6802 = VERTEX_POINT('',#6803);
#6803 = CARTESIAN_POINT('',(-31.9,23.5,-14.5));
#6804 = CIRCLE('',#6805,1.6);
#6805 = AXIS2_PLACEMENT_3D('',#6806,#6807,#6808);
#6806 = CARTESIAN_POINT('',(-33.5,23.5,-14.5));
#6807 = DIRECTION('',(0.,0.,-1.));
#6808 = DIRECTION('',(1.,0.,0.));
#6809 = PLANE('',#6810);
#6810 = AXIS2_PLACEMENT_3D('',#6811,#6812,#6813);
#6811 = CARTESIAN_POINT('',(9.5E-16,-10.,-14.5));
#6812 = DIRECTION('',(0.,0.,1.));
#6813 = DIRECTION('',(1.,0.,0.));
#6814 = ADVANCED_FACE('',(#6815),#6823,.T.);
#6815 = FACE_BOUND('',#6816,.T.);
#6816 = EDGE_LOOP('',(#6817,#6818,#6819,#6820,#6821,#6822));
#6817 = ORIENTED_EDGE('',*,*,#4614,.F.);
#6818 = ORIENTED_EDGE('',*,*,#4662,.T.);
#6819 = ORIENTED_EDGE('',*,*,#5256,.T.);
#6820 = ORIENTED_EDGE('',*,*,#5230,.F.);
#6821 = ORIENTED_EDGE('',*,*,#5189,.T.);
#6822 = ORIENTED_EDGE('',*,*,#6791,.F.);
#6823 = PLANE('',#6824);
#6824 = AXIS2_PLACEMENT_3D('',#6825,#6826,#6827);
#6825 = CARTESIAN_POINT('',(-41.,28.5,-13.25));
#6826 = DIRECTION('',(0.,0.4472135955,-0.894427191));
#6827 = DIRECTION('',(1.,0.,0.));
#6828 = ADVANCED_FACE('',(#6829),#6916,.T.);
#6829 = FACE_BOUND('',#6830,.T.);
#6830 = EDGE_LOOP('',(#6831,#6832,#6833,#6841,#6850,#6858,#6910));
#6831 = ORIENTED_EDGE('',*,*,#4786,.T.);
#6832 = ORIENTED_EDGE('',*,*,#4686,.F.);
#6833 = ORIENTED_EDGE('',*,*,#6834,.T.);
#6834 = EDGE_CURVE('',#4687,#6835,#6837,.T.);
#6835 = VERTEX_POINT('',#6836);
#6836 = CARTESIAN_POINT('',(-30.5,25.436491673104,-8.1));
#6837 = LINE('',#6838,#6839);
#6838 = CARTESIAN_POINT('',(-41.,25.436491673104,-8.1));
#6839 = VECTOR('',#6840,1.);
#6840 = DIRECTION('',(1.,0.,0.));
#6841 = ORIENTED_EDGE('',*,*,#6842,.T.);
#6842 = EDGE_CURVE('',#6835,#6843,#6845,.T.);
#6843 = VERTEX_POINT('',#6844);
#6844 = CARTESIAN_POINT('',(-30.5,24.952368754828,-7.725));
#6845 = CIRCLE('',#6846,0.5);
#6846 = AXIS2_PLACEMENT_3D('',#6847,#6848,#6849);
#6847 = CARTESIAN_POINT('',(-30.5,25.436491673104,-7.6));
#6848 = DIRECTION('',(-1.,0.,0.));
#6849 = DIRECTION('',(0.,-1.,0.));
#6850 = ORIENTED_EDGE('',*,*,#6851,.F.);
#6851 = EDGE_CURVE('',#6852,#6843,#6854,.T.);
#6852 = VERTEX_POINT('',#6853);
#6853 = CARTESIAN_POINT('',(-32.82871392089,24.952368754828,-7.725));
#6854 = LINE('',#6855,#6856);
#6855 = CARTESIAN_POINT('',(-41.,24.952368754828,-7.725));
#6856 = VECTOR('',#6857,1.);
#6857 = DIRECTION('',(1.,0.,0.));
#6858 = ORIENTED_EDGE('',*,*,#6859,.F.);
#6859 = EDGE_CURVE('',#6860,#6852,#6862,.T.);
#6860 = VERTEX_POINT('',#6861);
#6861 = CARTESIAN_POINT('',(-34.1712860791,24.952368754828,-7.725));
#6862 = B_SPLINE_CURVE_WITH_KNOTS('',6,(#6863,#6864,#6865,#6866,#6867,
    #6868,#6869,#6870,#6871,#6872,#6873,#6874,#6875,#6876,#6877,#6878,
    #6879,#6880,#6881,#6882,#6883,#6884,#6885,#6886,#6887,#6888,#6889,
    #6890,#6891,#6892,#6893,#6894,#6895,#6896,#6897,#6898,#6899,#6900,
    #6901,#6902,#6903,#6904,#6905,#6906,#6907,#6908,#6909),
  .UNSPECIFIED.,.F.,.F.,(7,5,5,5,5,5,5,5,5,7),(0.,0.199564904862,
    0.287176270631,0.348088192688,0.391713841715,0.49938329481,
    0.651146560919,0.711873650231,0.800377473475,1.),.UNSPECIFIED.);
#6863 = CARTESIAN_POINT('',(-34.1712860791,24.952368754828,-7.725));
#6864 = CARTESIAN_POINT('',(-34.15264540752,24.960984489157,
    -7.758368595574));
#6865 = CARTESIAN_POINT('',(-34.12797528628,24.972038396186,
    -7.789778927881));
#6866 = CARTESIAN_POINT('',(-34.09762789592,24.98495588267,
    -7.818597833254));
#6867 = CARTESIAN_POINT('',(-34.062093113,24.998936728921,
    -7.844417194686));
#6868 = CARTESIAN_POINT('',(-34.02202725699,25.013138814803,
    -7.867102168279));
#6869 = CARTESIAN_POINT('',(-33.95907571563,25.032858283795,
    -7.895279828874));
#6870 = CARTESIAN_POINT('',(-33.93914700092,25.03878260086,
    -7.903284414345));
#6871 = CARTESIAN_POINT('',(-33.91854889109,25.044558918334,
    -7.910705250089));
#6872 = CARTESIAN_POINT('',(-33.89733767964,25.050134960205,
    -7.917554209633));
#6873 = CARTESIAN_POINT('',(-33.87557189362,25.055463480101,
    -7.923845593014));
#6874 = CARTESIAN_POINT('',(-33.83783641969,25.064007140693,
    -7.933591857377));
#6875 = CARTESIAN_POINT('',(-33.82211988088,25.067371887675,
    -7.937327303602));
#6876 = CARTESIAN_POINT('',(-33.80618142619,25.070583943091,
    -7.940806740091));
#6877 = CARTESIAN_POINT('',(-33.79003938702,25.073631170721,
    -7.944035754361));
#6878 = CARTESIAN_POINT('',(-33.77371176186,25.076502836403,
    -7.94701986891));
#6879 = CARTESIAN_POINT('',(-33.74540196277,25.081113897269,
    -7.95173029943));
#6880 = CARTESIAN_POINT('',(-33.73350157745,25.082943338188,
    -7.953573197918));
#6881 = CARTESIAN_POINT('',(-33.72152154035,25.084674500661,
    -7.95529520506));
#6882 = CARTESIAN_POINT('',(-33.70946825797,25.08630430189,
    -7.956898161222));
#6883 = CARTESIAN_POINT('',(-33.69734806311,25.087830006402,
    -7.958383778766));
#6884 = CARTESIAN_POINT('',(-33.65510450444,25.092751904101,
    -7.963134507046));
#6885 = CARTESIAN_POINT('',(-33.62467413933,25.095605746376,
    -7.965810024721));
#6886 = CARTESIAN_POINT('',(-33.59396774565,25.097775206682,
    -7.96780426153));
#6887 = CARTESIAN_POINT('',(-33.56307709318,25.099236621808,
    -7.969134221807));
#6888 = CARTESIAN_POINT('',(-33.53209383644,25.099978134342,
    -7.969808922382));
#6889 = CARTESIAN_POINT('',(-33.45743557613,25.100029893789,
    -7.969856016222));
#6890 = CARTESIAN_POINT('',(-33.41375247443,25.098629651419,
    -7.968581778799));
#6891 = CARTESIAN_POINT('',(-33.37031792552,25.095797600362,
    -7.966006551714));
#6892 = CARTESIAN_POINT('',(-33.32739151008,25.091579383053,
    -7.962094969594));
#6893 = CARTESIAN_POINT('',(-33.28523308083,25.086067903771,
    -7.956782605636));
#6894 = CARTESIAN_POINT('',(-33.22764286438,25.076737005993,
    -7.947262283051));
#6895 = CARTESIAN_POINT('',(-33.21135030869,25.073886040881,
    -7.944303724659));
#6896 = CARTESIAN_POINT('',(-33.19524125975,25.070859961413,
    -7.941102002398));
#6897 = CARTESIAN_POINT('',(-33.17933354449,25.067669349028,
    -7.93765164869));
#6898 = CARTESIAN_POINT('',(-33.16364531878,25.064326169878,
    -7.933947123124));
#6899 = CARTESIAN_POINT('',(-33.12567782957,25.055768522921,
    -7.924205215449));
#6900 = CARTESIAN_POINT('',(-33.10366193227,25.050396665373,
    -7.917874896557));
#6901 = CARTESIAN_POINT('',(-33.08221010611,25.044770511763,
    -7.910975985455));
#6902 = CARTESIAN_POINT('',(-33.06138268361,25.03893864367,
    -7.903493663031));
#6903 = CARTESIAN_POINT('',(-33.0412376868,25.032954891627,
    -7.895415610211));
#6904 = CARTESIAN_POINT('',(-32.97805846891,25.013169183517,
    -7.867150648473));
#6905 = CARTESIAN_POINT('',(-32.93796770959,24.998960665689,
    -7.844461389655));
#6906 = CARTESIAN_POINT('',(-32.90241084249,24.984972388594,
    -7.81863472175));
#6907 = CARTESIAN_POINT('',(-32.87204548364,24.972047706029,
    -7.789805497906));
#6908 = CARTESIAN_POINT('',(-32.84736234484,24.960988072308,
    -7.758382473057));
#6909 = CARTESIAN_POINT('',(-32.82871392089,24.952368754828,-7.725));
#6910 = ORIENTED_EDGE('',*,*,#6911,.F.);
#6911 = EDGE_CURVE('',#4780,#6860,#6912,.T.);
#6912 = LINE('',#6913,#6914);
#6913 = CARTESIAN_POINT('',(-41.,24.952368754828,-7.725));
#6914 = VECTOR('',#6915,1.);
#6915 = DIRECTION('',(1.,0.,0.));
#6916 = CYLINDRICAL_SURFACE('',#6917,0.5);
#6917 = AXIS2_PLACEMENT_3D('',#6918,#6919,#6920);
#6918 = CARTESIAN_POINT('',(-41.,25.436491673104,-7.6));
#6919 = DIRECTION('',(-1.,0.,0.));
#6920 = DIRECTION('',(0.,-1.,0.));
#6921 = ADVANCED_FACE('',(#6922),#6940,.F.);
#6922 = FACE_BOUND('',#6923,.F.);
#6923 = EDGE_LOOP('',(#6924,#6925,#6926,#6934));
#6924 = ORIENTED_EDGE('',*,*,#4765,.F.);
#6925 = ORIENTED_EDGE('',*,*,#6834,.T.);
#6926 = ORIENTED_EDGE('',*,*,#6927,.T.);
#6927 = EDGE_CURVE('',#6835,#6928,#6930,.T.);
#6928 = VERTEX_POINT('',#6929);
#6929 = CARTESIAN_POINT('',(-30.5,26.15,-8.1));
#6930 = LINE('',#6931,#6932);
#6931 = CARTESIAN_POINT('',(-30.5,20.85,-8.1));
#6932 = VECTOR('',#6933,1.);
#6933 = DIRECTION('',(0.,1.,0.));
#6934 = ORIENTED_EDGE('',*,*,#6935,.F.);
#6935 = EDGE_CURVE('',#4758,#6928,#6936,.T.);
#6936 = LINE('',#6937,#6938);
#6937 = CARTESIAN_POINT('',(-41.,26.15,-8.1));
#6938 = VECTOR('',#6939,1.);
#6939 = DIRECTION('',(1.,0.,0.));
#6940 = PLANE('',#6941);
#6941 = AXIS2_PLACEMENT_3D('',#6942,#6943,#6944);
#6942 = CARTESIAN_POINT('',(-41.,20.85,-8.1));
#6943 = DIRECTION('',(0.,0.,1.));
#6944 = DIRECTION('',(0.,1.,0.));
#6945 = ADVANCED_FACE('',(#6946),#6964,.F.);
#6946 = FACE_BOUND('',#6947,.F.);
#6947 = EDGE_LOOP('',(#6948,#6949,#6957,#6963));
#6948 = ORIENTED_EDGE('',*,*,#6935,.T.);
#6949 = ORIENTED_EDGE('',*,*,#6950,.T.);
#6950 = EDGE_CURVE('',#6928,#6951,#6953,.T.);
#6951 = VERTEX_POINT('',#6952);
#6952 = CARTESIAN_POINT('',(-30.5,26.15,-10.1));
#6953 = LINE('',#6954,#6955);
#6954 = CARTESIAN_POINT('',(-30.5,26.15,-8.1));
#6955 = VECTOR('',#6956,1.);
#6956 = DIRECTION('',(0.,0.,-1.));
#6957 = ORIENTED_EDGE('',*,*,#6958,.F.);
#6958 = EDGE_CURVE('',#4840,#6951,#6959,.T.);
#6959 = LINE('',#6960,#6961);
#6960 = CARTESIAN_POINT('',(-41.,26.15,-10.1));
#6961 = VECTOR('',#6962,1.);
#6962 = DIRECTION('',(1.,0.,0.));
#6963 = ORIENTED_EDGE('',*,*,#4847,.F.);
#6964 = PLANE('',#6965);
#6965 = AXIS2_PLACEMENT_3D('',#6966,#6967,#6968);
#6966 = CARTESIAN_POINT('',(-41.,26.15,-8.1));
#6967 = DIRECTION('',(0.,1.,0.));
#6968 = DIRECTION('',(0.,0.,-1.));
#6969 = ADVANCED_FACE('',(#6970),#7025,.F.);
#6970 = FACE_BOUND('',#6971,.F.);
#6971 = EDGE_LOOP('',(#6972,#6973,#6974,#6975,#6976,#6984));
#6972 = ORIENTED_EDGE('',*,*,#6911,.F.);
#6973 = ORIENTED_EDGE('',*,*,#4869,.F.);
#6974 = ORIENTED_EDGE('',*,*,#4929,.F.);
#6975 = ORIENTED_EDGE('',*,*,#4975,.F.);
#6976 = ORIENTED_EDGE('',*,*,#6977,.T.);
#6977 = EDGE_CURVE('',#4969,#6978,#6980,.T.);
#6978 = VERTEX_POINT('',#6979);
#6979 = CARTESIAN_POINT('',(-34.1712860791,22.047631245172,-7.725));
#6980 = LINE('',#6981,#6982);
#6981 = CARTESIAN_POINT('',(-41.,22.047631245172,-7.725));
#6982 = VECTOR('',#6983,1.);
#6983 = DIRECTION('',(1.,0.,0.));
#6984 = ORIENTED_EDGE('',*,*,#6985,.T.);
#6985 = EDGE_CURVE('',#6978,#6860,#6986,.T.);
#6986 = B_SPLINE_CURVE_WITH_KNOTS('',7,(#6987,#6988,#6989,#6990,#6991,
    #6992,#6993,#6994,#6995,#6996,#6997,#6998,#6999,#7000,#7001,#7002,
    #7003,#7004,#7005,#7006,#7007,#7008,#7009,#7010,#7011,#7012,#7013,
    #7014,#7015,#7016,#7017,#7018,#7019,#7020,#7021,#7022,#7023,#7024),
  .UNSPECIFIED.,.F.,.F.,(8,6,6,6,6,6,8),(0.,0.124943921726,
    0.353589022587,0.497928622209,0.648523532928,0.874063634362,1.),
  .UNSPECIFIED.);
#6987 = CARTESIAN_POINT('',(-34.1712860791,22.047631245172,-7.725));
#6988 = CARTESIAN_POINT('',(-34.20623355606,22.063783998874,
    -7.662440653916));
#6989 = CARTESIAN_POINT('',(-34.24485118438,22.082823594383,
    -7.601688221025));
#6990 = CARTESIAN_POINT('',(-34.28557650557,22.10453485129,-7.5428322219
    ));
#6991 = CARTESIAN_POINT('',(-34.3272993001,22.128720578718,
    -7.485918313486));
#6992 = CARTESIAN_POINT('',(-34.36950945533,22.155267134276,
    -7.430745093416));
#6993 = CARTESIAN_POINT('',(-34.41213382032,22.184361190063,
    -7.376849887088));
#6994 = CARTESIAN_POINT('',(-34.53425333662,22.275250977722,
    -7.226565355399));
#6995 = CARTESIAN_POINT('',(-34.614224699,22.343579289116,
    -7.132969938386));
#6996 = CARTESIAN_POINT('',(-34.69302140846,22.421937234716,
    -7.043337300453));
#6997 = CARTESIAN_POINT('',(-34.76907803622,22.510927811481,
    -6.958557743947));
#6998 = CARTESIAN_POINT('',(-34.84064477342,22.611246138541,
    -6.879879788126));
#6999 = CARTESIAN_POINT('',(-34.90561828539,22.723548412987,
    -6.80915217905));
#7000 = CARTESIAN_POINT('',(-34.9963420369,22.926947817374,
    -6.711025973765));
#7001 = CARTESIAN_POINT('',(-35.02806420245,23.011363787736,
    -6.676896429294));
#7002 = CARTESIAN_POINT('',(-35.05512213619,23.100749560302,
    -6.647907665478));
#7003 = CARTESIAN_POINT('',(-35.07648286887,23.194229027037,
    -6.625087365323));
#7004 = CARTESIAN_POINT('',(-35.09137136532,23.290814608192,
    -6.609203838568));
#7005 = CARTESIAN_POINT('',(-35.09927828681,23.38944209204,
    -6.600769829832));
#7006 = CARTESIAN_POINT('',(-35.10067585588,23.592891425554,
    -6.599279084647));
#7007 = CARTESIAN_POINT('',(-35.09351450397,23.696001602226,
    -6.606917779001));
#7008 = CARTESIAN_POINT('',(-35.07869630161,23.79707074913,
    -6.622722395866));
#7009 = CARTESIAN_POINT('',(-35.05676427572,23.894867383207,
    -6.646145616999));
#7010 = CARTESIAN_POINT('',(-35.02858398004,23.988247623266,
    -6.676330141884));
#7011 = CARTESIAN_POINT('',(-34.99533394586,24.076199694073,
    -6.71210403901));
#7012 = CARTESIAN_POINT('',(-34.90330770978,24.280216627593,
    -6.811670857491));
#7013 = CARTESIAN_POINT('',(-34.83887783661,24.39111486036,
    -6.881829477107));
#7014 = CARTESIAN_POINT('',(-34.76771090197,24.490681944824,
    -6.960082723215));
#7015 = CARTESIAN_POINT('',(-34.69189132647,24.579239188397,
    -7.044623964293));
#7016 = CARTESIAN_POINT('',(-34.61333350987,24.657155676383,
    -7.13399405009));
#7017 = CARTESIAN_POINT('',(-34.53401042713,24.724821554306,
    -7.226923331769));
#7018 = CARTESIAN_POINT('',(-34.41310915523,24.814972113727,
    -7.375617310903));
#7019 = CARTESIAN_POINT('',(-34.37031645046,24.844224978386,
    -7.429690717451));
#7020 = CARTESIAN_POINT('',(-34.32793609552,24.870910399211,
    -7.485049775266));
#7021 = CARTESIAN_POINT('',(-34.28604026924,24.895218017107,
    -7.542161737138));
#7022 = CARTESIAN_POINT('',(-34.24514254382,24.917032802157,
    -7.601229584342));
#7023 = CARTESIAN_POINT('',(-34.20636453427,24.936155462882,
    -7.662206190307));
#7024 = CARTESIAN_POINT('',(-34.1712860791,24.952368754828,-7.725));
#7025 = CYLINDRICAL_SURFACE('',#7026,1.5);
#7026 = AXIS2_PLACEMENT_3D('',#7027,#7028,#7029);
#7027 = CARTESIAN_POINT('',(-41.,23.5,-8.1));
#7028 = DIRECTION('',(-1.,0.,0.));
#7029 = DIRECTION('',(0.,-1.,0.));
#7030 = ADVANCED_FACE('',(#7031,#7049),#7060,.F.);
#7031 = FACE_BOUND('',#7032,.F.);
#7032 = EDGE_LOOP('',(#7033,#7034,#7042,#7048));
#7033 = ORIENTED_EDGE('',*,*,#6958,.T.);
#7034 = ORIENTED_EDGE('',*,*,#7035,.T.);
#7035 = EDGE_CURVE('',#6951,#7036,#7038,.T.);
#7036 = VERTEX_POINT('',#7037);
#7037 = CARTESIAN_POINT('',(-30.5,20.85,-10.1));
#7038 = LINE('',#7039,#7040);
#7039 = CARTESIAN_POINT('',(-30.5,26.15,-10.1));
#7040 = VECTOR('',#7041,1.);
#7041 = DIRECTION('',(0.,-1.,0.));
#7042 = ORIENTED_EDGE('',*,*,#7043,.F.);
#7043 = EDGE_CURVE('',#4899,#7036,#7044,.T.);
#7044 = LINE('',#7045,#7046);
#7045 = CARTESIAN_POINT('',(-41.,20.85,-10.1));
#7046 = VECTOR('',#7047,1.);
#7047 = DIRECTION('',(1.,0.,0.));
#7048 = ORIENTED_EDGE('',*,*,#4906,.F.);
#7049 = FACE_BOUND('',#7050,.F.);
#7050 = EDGE_LOOP('',(#7051));
#7051 = ORIENTED_EDGE('',*,*,#7052,.F.);
#7052 = EDGE_CURVE('',#7053,#7053,#7055,.T.);
#7053 = VERTEX_POINT('',#7054);
#7054 = CARTESIAN_POINT('',(-31.9,23.5,-10.1));
#7055 = CIRCLE('',#7056,1.6);
#7056 = AXIS2_PLACEMENT_3D('',#7057,#7058,#7059);
#7057 = CARTESIAN_POINT('',(-33.5,23.5,-10.1));
#7058 = DIRECTION('',(0.,0.,-1.));
#7059 = DIRECTION('',(1.,0.,0.));
#7060 = PLANE('',#7061);
#7061 = AXIS2_PLACEMENT_3D('',#7062,#7063,#7064);
#7062 = CARTESIAN_POINT('',(-41.,26.15,-10.1));
#7063 = DIRECTION('',(0.,0.,-1.));
#7064 = DIRECTION('',(0.,-1.,0.));
#7065 = ADVANCED_FACE('',(#7066),#7084,.F.);
#7066 = FACE_BOUND('',#7067,.F.);
#7067 = EDGE_LOOP('',(#7068,#7069,#7077,#7083));
#7068 = ORIENTED_EDGE('',*,*,#7043,.T.);
#7069 = ORIENTED_EDGE('',*,*,#7070,.T.);
#7070 = EDGE_CURVE('',#7036,#7071,#7073,.T.);
#7071 = VERTEX_POINT('',#7072);
#7072 = CARTESIAN_POINT('',(-30.5,20.85,-8.1));
#7073 = LINE('',#7074,#7075);
#7074 = CARTESIAN_POINT('',(-30.5,20.85,-10.1));
#7075 = VECTOR('',#7076,1.);
#7076 = DIRECTION('',(0.,0.,1.));
#7077 = ORIENTED_EDGE('',*,*,#7078,.F.);
#7078 = EDGE_CURVE('',#4947,#7071,#7079,.T.);
#7079 = LINE('',#7080,#7081);
#7080 = CARTESIAN_POINT('',(-41.,20.85,-8.1));
#7081 = VECTOR('',#7082,1.);
#7082 = DIRECTION('',(1.,0.,0.));
#7083 = ORIENTED_EDGE('',*,*,#4954,.F.);
#7084 = PLANE('',#7085);
#7085 = AXIS2_PLACEMENT_3D('',#7086,#7087,#7088);
#7086 = CARTESIAN_POINT('',(-41.,20.85,-10.1));
#7087 = DIRECTION('',(0.,-1.,0.));
#7088 = DIRECTION('',(0.,0.,1.));
#7089 = ADVANCED_FACE('',(#7090),#7170,.T.);
#7090 = FACE_BOUND('',#7091,.T.);
#7091 = EDGE_LOOP('',(#7092,#7093,#7094,#7095,#7147,#7155,#7164));
#7092 = ORIENTED_EDGE('',*,*,#5002,.F.);
#7093 = ORIENTED_EDGE('',*,*,#5089,.T.);
#7094 = ORIENTED_EDGE('',*,*,#6977,.T.);
#7095 = ORIENTED_EDGE('',*,*,#7096,.F.);
#7096 = EDGE_CURVE('',#7097,#6978,#7099,.T.);
#7097 = VERTEX_POINT('',#7098);
#7098 = CARTESIAN_POINT('',(-32.82871392089,22.047631245172,-7.725));
#7099 = B_SPLINE_CURVE_WITH_KNOTS('',6,(#7100,#7101,#7102,#7103,#7104,
    #7105,#7106,#7107,#7108,#7109,#7110,#7111,#7112,#7113,#7114,#7115,
    #7116,#7117,#7118,#7119,#7120,#7121,#7122,#7123,#7124,#7125,#7126,
    #7127,#7128,#7129,#7130,#7131,#7132,#7133,#7134,#7135,#7136,#7137,
    #7138,#7139,#7140,#7141,#7142,#7143,#7144,#7145,#7146),
  .UNSPECIFIED.,.F.,.F.,(7,5,5,5,5,5,5,5,5,7),(0.,0.199564904862,
    0.287176270631,0.348088192689,0.391713841715,0.49938329481,
    0.651146560919,0.711873650231,0.800377473475,1.),.UNSPECIFIED.);
#7100 = CARTESIAN_POINT('',(-32.82871392089,22.047631245172,-7.725));
#7101 = CARTESIAN_POINT('',(-32.84735459248,22.039015510843,
    -7.758368595574));
#7102 = CARTESIAN_POINT('',(-32.87202471371,22.027961603814,
    -7.789778927881));
#7103 = CARTESIAN_POINT('',(-32.90237210407,22.01504411733,
    -7.818597833254));
#7104 = CARTESIAN_POINT('',(-32.93790688699,22.001063271079,
    -7.844417194686));
#7105 = CARTESIAN_POINT('',(-32.977972743,21.986861185197,
    -7.867102168279));
#7106 = CARTESIAN_POINT('',(-33.04092428437,21.967141716205,
    -7.895279828874));
#7107 = CARTESIAN_POINT('',(-33.06085299907,21.96121739914,
    -7.903284414345));
#7108 = CARTESIAN_POINT('',(-33.0814511089,21.955441081666,
    -7.910705250089));
#7109 = CARTESIAN_POINT('',(-33.10266232035,21.949865039795,
    -7.917554209633));
#7110 = CARTESIAN_POINT('',(-33.12442810637,21.944536519899,
    -7.923845593014));
#7111 = CARTESIAN_POINT('',(-33.1621635803,21.935992859307,
    -7.933591857377));
#7112 = CARTESIAN_POINT('',(-33.17788011911,21.932628112325,
    -7.937327303602));
#7113 = CARTESIAN_POINT('',(-33.1938185738,21.929416056909,
    -7.940806740091));
#7114 = CARTESIAN_POINT('',(-33.20996061297,21.926368829279,
    -7.944035754361));
#7115 = CARTESIAN_POINT('',(-33.22628823813,21.923497163597,
    -7.94701986891));
#7116 = CARTESIAN_POINT('',(-33.25459803722,21.918886102731,
    -7.95173029943));
#7117 = CARTESIAN_POINT('',(-33.26649842254,21.917056661812,
    -7.953573197918));
#7118 = CARTESIAN_POINT('',(-33.27847845964,21.915325499339,
    -7.95529520506));
#7119 = CARTESIAN_POINT('',(-33.29053174202,21.91369569811,
    -7.956898161222));
#7120 = CARTESIAN_POINT('',(-33.30265193688,21.912169993598,
    -7.958383778766));
#7121 = CARTESIAN_POINT('',(-33.34489549555,21.907248095899,
    -7.963134507046));
#7122 = CARTESIAN_POINT('',(-33.37532586066,21.904394253624,
    -7.965810024721));
#7123 = CARTESIAN_POINT('',(-33.40603225434,21.902224793318,
    -7.96780426153));
#7124 = CARTESIAN_POINT('',(-33.43692290681,21.900763378192,
    -7.969134221807));
#7125 = CARTESIAN_POINT('',(-33.46790616355,21.900021865658,
    -7.969808922382));
#7126 = CARTESIAN_POINT('',(-33.54256442387,21.899970106211,
    -7.969856016222));
#7127 = CARTESIAN_POINT('',(-33.58624752556,21.901370348581,
    -7.968581778799));
#7128 = CARTESIAN_POINT('',(-33.62968207447,21.904202399638,
    -7.966006551714));
#7129 = CARTESIAN_POINT('',(-33.67260848991,21.908420616947,
    -7.962094969594));
#7130 = CARTESIAN_POINT('',(-33.71476691916,21.913932096229,
    -7.956782605636));
#7131 = CARTESIAN_POINT('',(-33.77235713561,21.923262994007,
    -7.947262283051));
#7132 = CARTESIAN_POINT('',(-33.7886496913,21.926113959119,
    -7.944303724659));
#7133 = CARTESIAN_POINT('',(-33.80475874024,21.929140038587,
    -7.941102002398));
#7134 = CARTESIAN_POINT('',(-33.8206664555,21.932330650972,
    -7.93765164869));
#7135 = CARTESIAN_POINT('',(-33.83635468122,21.935673830122,
    -7.933947123124));
#7136 = CARTESIAN_POINT('',(-33.87432217042,21.944231477079,
    -7.924205215449));
#7137 = CARTESIAN_POINT('',(-33.89633806772,21.949603334627,
    -7.917874896557));
#7138 = CARTESIAN_POINT('',(-33.91778989388,21.955229488237,
    -7.910975985455));
#7139 = CARTESIAN_POINT('',(-33.93861731638,21.96106135633,
    -7.903493663031));
#7140 = CARTESIAN_POINT('',(-33.95876231319,21.967045108373,
    -7.895415610211));
#7141 = CARTESIAN_POINT('',(-34.02194153109,21.986830816483,
    -7.867150648473));
#7142 = CARTESIAN_POINT('',(-34.0620322904,22.001039334311,
    -7.844461389655));
#7143 = CARTESIAN_POINT('',(-34.0975891575,22.015027611406,
    -7.81863472175));
#7144 = CARTESIAN_POINT('',(-34.12795451635,22.027952293971,
    -7.789805497906));
#7145 = CARTESIAN_POINT('',(-34.15263765515,22.039011927692,
    -7.758382473057));
#7146 = CARTESIAN_POINT('',(-34.1712860791,22.047631245172,-7.725));
#7147 = ORIENTED_EDGE('',*,*,#7148,.T.);
#7148 = EDGE_CURVE('',#7097,#7149,#7151,.T.);
#7149 = VERTEX_POINT('',#7150);
#7150 = CARTESIAN_POINT('',(-30.5,22.047631245172,-7.725));
#7151 = LINE('',#7152,#7153);
#7152 = CARTESIAN_POINT('',(-41.,22.047631245172,-7.725));
#7153 = VECTOR('',#7154,1.);
#7154 = DIRECTION('',(1.,0.,0.));
#7155 = ORIENTED_EDGE('',*,*,#7156,.T.);
#7156 = EDGE_CURVE('',#7149,#7157,#7159,.T.);
#7157 = VERTEX_POINT('',#7158);
#7158 = CARTESIAN_POINT('',(-30.5,21.563508326896,-8.1));
#7159 = CIRCLE('',#7160,0.5);
#7160 = AXIS2_PLACEMENT_3D('',#7161,#7162,#7163);
#7161 = CARTESIAN_POINT('',(-30.5,21.563508326896,-7.6));
#7162 = DIRECTION('',(-1.,0.,0.));
#7163 = DIRECTION('',(0.,-1.,0.));
#7164 = ORIENTED_EDGE('',*,*,#7165,.F.);
#7165 = EDGE_CURVE('',#5005,#7157,#7166,.T.);
#7166 = LINE('',#7167,#7168);
#7167 = CARTESIAN_POINT('',(-41.,21.563508326896,-8.1));
#7168 = VECTOR('',#7169,1.);
#7169 = DIRECTION('',(1.,0.,0.));
#7170 = CYLINDRICAL_SURFACE('',#7171,0.5);
#7171 = AXIS2_PLACEMENT_3D('',#7172,#7173,#7174);
#7172 = CARTESIAN_POINT('',(-41.,21.563508326896,-7.6));
#7173 = DIRECTION('',(-1.,0.,0.));
#7174 = DIRECTION('',(0.,-1.,0.));
#7175 = ADVANCED_FACE('',(#7176),#7187,.F.);
#7176 = FACE_BOUND('',#7177,.F.);
#7177 = EDGE_LOOP('',(#7178,#7179,#7180,#7186));
#7178 = ORIENTED_EDGE('',*,*,#5013,.F.);
#7179 = ORIENTED_EDGE('',*,*,#7078,.T.);
#7180 = ORIENTED_EDGE('',*,*,#7181,.T.);
#7181 = EDGE_CURVE('',#7071,#7157,#7182,.T.);
#7182 = LINE('',#7183,#7184);
#7183 = CARTESIAN_POINT('',(-30.5,20.85,-8.1));
#7184 = VECTOR('',#7185,1.);
#7185 = DIRECTION('',(0.,1.,0.));
#7186 = ORIENTED_EDGE('',*,*,#7165,.F.);
#7187 = PLANE('',#7188);
#7188 = AXIS2_PLACEMENT_3D('',#7189,#7190,#7191);
#7189 = CARTESIAN_POINT('',(-41.,20.85,-8.1));
#7190 = DIRECTION('',(0.,0.,1.));
#7191 = DIRECTION('',(0.,1.,0.));
#7192 = ADVANCED_FACE('',(#7193),#7206,.T.);
#7193 = FACE_BOUND('',#7194,.T.);
#7194 = EDGE_LOOP('',(#7195,#7196,#7197,#7198,#7199,#7200));
#7195 = ORIENTED_EDGE('',*,*,#5571,.F.);
#7196 = ORIENTED_EDGE('',*,*,#5536,.T.);
#7197 = ORIENTED_EDGE('',*,*,#5513,.T.);
#7198 = ORIENTED_EDGE('',*,*,#5455,.F.);
#7199 = ORIENTED_EDGE('',*,*,#5407,.T.);
#7200 = ORIENTED_EDGE('',*,*,#7201,.F.);
#7201 = EDGE_CURVE('',#5572,#5410,#7202,.T.);
#7202 = LINE('',#7203,#7204);
#7203 = CARTESIAN_POINT('',(41.,-46.,-14.5));
#7204 = VECTOR('',#7205,1.);
#7205 = DIRECTION('',(-1.,0.,0.));
#7206 = PLANE('',#7207);
#7207 = AXIS2_PLACEMENT_3D('',#7208,#7209,#7210);
#7208 = CARTESIAN_POINT('',(41.,-48.5,-13.25));
#7209 = DIRECTION('',(0.,-0.4472135955,-0.894427191));
#7210 = DIRECTION('',(-1.,0.,0.));
#7211 = ADVANCED_FACE('',(#7212,#7223),#7234,.F.);
#7212 = FACE_BOUND('',#7213,.F.);
#7213 = EDGE_LOOP('',(#7214,#7215,#7216,#7217));
#7214 = ORIENTED_EDGE('',*,*,#5440,.F.);
#7215 = ORIENTED_EDGE('',*,*,#7201,.F.);
#7216 = ORIENTED_EDGE('',*,*,#5579,.F.);
#7217 = ORIENTED_EDGE('',*,*,#7218,.F.);
#7218 = EDGE_CURVE('',#5433,#5556,#7219,.T.);
#7219 = LINE('',#7220,#7221);
#7220 = CARTESIAN_POINT('',(26.,-41.,-14.5));
#7221 = VECTOR('',#7222,1.);
#7222 = DIRECTION('',(1.,0.,0.));
#7223 = FACE_BOUND('',#7224,.F.);
#7224 = EDGE_LOOP('',(#7225));
#7225 = ORIENTED_EDGE('',*,*,#7226,.T.);
#7226 = EDGE_CURVE('',#7227,#7227,#7229,.T.);
#7227 = VERTEX_POINT('',#7228);
#7228 = CARTESIAN_POINT('',(35.1,-43.5,-14.5));
#7229 = CIRCLE('',#7230,1.6);
#7230 = AXIS2_PLACEMENT_3D('',#7231,#7232,#7233);
#7231 = CARTESIAN_POINT('',(33.5,-43.5,-14.5));
#7232 = DIRECTION('',(0.,0.,-1.));
#7233 = DIRECTION('',(1.,0.,0.));
#7234 = PLANE('',#7235);
#7235 = AXIS2_PLACEMENT_3D('',#7236,#7237,#7238);
#7236 = CARTESIAN_POINT('',(9.5E-16,-10.,-14.5));
#7237 = DIRECTION('',(0.,0.,1.));
#7238 = DIRECTION('',(1.,0.,0.));
#7239 = ADVANCED_FACE('',(#7240),#7248,.T.);
#7240 = FACE_BOUND('',#7241,.T.);
#7241 = EDGE_LOOP('',(#7242,#7243,#7244,#7245,#7246,#7247));
#7242 = ORIENTED_EDGE('',*,*,#5432,.F.);
#7243 = ORIENTED_EDGE('',*,*,#5480,.T.);
#7244 = ORIENTED_EDGE('',*,*,#6074,.T.);
#7245 = ORIENTED_EDGE('',*,*,#5594,.F.);
#7246 = ORIENTED_EDGE('',*,*,#5553,.T.);
#7247 = ORIENTED_EDGE('',*,*,#7218,.F.);
#7248 = PLANE('',#7249);
#7249 = AXIS2_PLACEMENT_3D('',#7250,#7251,#7252);
#7250 = CARTESIAN_POINT('',(26.,-38.5,-13.25));
#7251 = DIRECTION('',(0.,0.4472135955,-0.894427191));
#7252 = DIRECTION('',(1.,0.,0.));
#7253 = ADVANCED_FACE('',(#7254),#7341,.T.);
#7254 = FACE_BOUND('',#7255,.F.);
#7255 = EDGE_LOOP('',(#7256,#7264,#7265,#7266,#7274,#7326,#7334));
#7256 = ORIENTED_EDGE('',*,*,#7257,.F.);
#7257 = EDGE_CURVE('',#6050,#7258,#7260,.T.);
#7258 = VERTEX_POINT('',#7259);
#7259 = CARTESIAN_POINT('',(30.5,-45.4364916731,-8.1));
#7260 = LINE('',#7261,#7262);
#7261 = CARTESIAN_POINT('',(41.,-45.4364916731,-8.1));
#7262 = VECTOR('',#7263,1.);
#7263 = DIRECTION('',(-1.,2.2E-16,-2.2E-16));
#7264 = ORIENTED_EDGE('',*,*,#6049,.T.);
#7265 = ORIENTED_EDGE('',*,*,#5679,.T.);
#7266 = ORIENTED_EDGE('',*,*,#7267,.T.);
#7267 = EDGE_CURVE('',#5680,#7268,#7270,.T.);
#7268 = VERTEX_POINT('',#7269);
#7269 = CARTESIAN_POINT('',(34.171286079105,-44.95236875482,-7.725));
#7270 = LINE('',#7271,#7272);
#7271 = CARTESIAN_POINT('',(41.,-44.95236875482,-7.725));
#7272 = VECTOR('',#7273,1.);
#7273 = DIRECTION('',(-1.,2.2E-16,-2.2E-16));
#7274 = ORIENTED_EDGE('',*,*,#7275,.T.);
#7275 = EDGE_CURVE('',#7268,#7276,#7278,.T.);
#7276 = VERTEX_POINT('',#7277);
#7277 = CARTESIAN_POINT('',(32.828713920895,-44.95236875482,-7.725));
#7278 = B_SPLINE_CURVE_WITH_KNOTS('',6,(#7279,#7280,#7281,#7282,#7283,
    #7284,#7285,#7286,#7287,#7288,#7289,#7290,#7291,#7292,#7293,#7294,
    #7295,#7296,#7297,#7298,#7299,#7300,#7301,#7302,#7303,#7304,#7305,
    #7306,#7307,#7308,#7309,#7310,#7311,#7312,#7313,#7314,#7315,#7316,
    #7317,#7318,#7319,#7320,#7321,#7322,#7323,#7324,#7325),
  .UNSPECIFIED.,.F.,.F.,(7,5,5,5,5,5,5,5,5,7),(0.,0.199564904862,
    0.287176270631,0.348088192689,0.391713841715,0.49938329481,
    0.65114656092,0.711873650231,0.800377473475,1.),.UNSPECIFIED.);
#7279 = CARTESIAN_POINT('',(34.171286079105,-44.95236875482,-7.725));
#7280 = CARTESIAN_POINT('',(34.15264540752,-44.96098448915,
    -7.758368595574));
#7281 = CARTESIAN_POINT('',(34.127975286282,-44.97203839618,
    -7.789778927881));
#7282 = CARTESIAN_POINT('',(34.097627895929,-44.98495588267,
    -7.818597833254));
#7283 = CARTESIAN_POINT('',(34.062093113004,-44.99893672892,
    -7.844417194686));
#7284 = CARTESIAN_POINT('',(34.022027256994,-45.0131388148,
    -7.867102168279));
#7285 = CARTESIAN_POINT('',(33.95907571563,-45.03285828379,
    -7.895279828874));
#7286 = CARTESIAN_POINT('',(33.939147000925,-45.03878260086,
    -7.903284414345));
#7287 = CARTESIAN_POINT('',(33.918548891095,-45.04455891833,
    -7.910705250089));
#7288 = CARTESIAN_POINT('',(33.897337679649,-45.0501349602,
    -7.917554209633));
#7289 = CARTESIAN_POINT('',(33.875571893624,-45.0554634801,
    -7.923845593014));
#7290 = CARTESIAN_POINT('',(33.837836419694,-45.06400714069,
    -7.933591857377));
#7291 = CARTESIAN_POINT('',(33.822119880889,-45.06737188767,
    -7.937327303602));
#7292 = CARTESIAN_POINT('',(33.806181426195,-45.07058394309,
    -7.940806740091));
#7293 = CARTESIAN_POINT('',(33.790039387029,-45.07363117072,
    -7.944035754361));
#7294 = CARTESIAN_POINT('',(33.773711761863,-45.0765028364,
    -7.94701986891));
#7295 = CARTESIAN_POINT('',(33.745401962779,-45.08111389726,
    -7.95173029943));
#7296 = CARTESIAN_POINT('',(33.733501577453,-45.08294333818,
    -7.953573197918));
#7297 = CARTESIAN_POINT('',(33.721521540359,-45.08467450066,
    -7.95529520506));
#7298 = CARTESIAN_POINT('',(33.709468257972,-45.08630430189,
    -7.956898161222));
#7299 = CARTESIAN_POINT('',(33.697348063117,-45.0878300064,
    -7.958383778766));
#7300 = CARTESIAN_POINT('',(33.655104504447,-45.0927519041,
    -7.963134507046));
#7301 = CARTESIAN_POINT('',(33.624674139336,-45.09560574637,
    -7.965810024721));
#7302 = CARTESIAN_POINT('',(33.593967745654,-45.09777520668,
    -7.96780426153));
#7303 = CARTESIAN_POINT('',(33.563077093186,-45.0992366218,
    -7.969134221807));
#7304 = CARTESIAN_POINT('',(33.532093836443,-45.09997813434,
    -7.969808922382));
#7305 = CARTESIAN_POINT('',(33.45743557613,-45.10002989378,
    -7.969856016222));
#7306 = CARTESIAN_POINT('',(33.413752474434,-45.09862965141,
    -7.968581778799));
#7307 = CARTESIAN_POINT('',(33.370317925524,-45.09579760036,
    -7.966006551714));
#7308 = CARTESIAN_POINT('',(33.327391510086,-45.09157938305,
    -7.962094969594));
#7309 = CARTESIAN_POINT('',(33.285233080839,-45.08606790377,
    -7.956782605636));
#7310 = CARTESIAN_POINT('',(33.227642864382,-45.07673700599,
    -7.947262283051));
#7311 = CARTESIAN_POINT('',(33.211350308692,-45.07388604088,
    -7.944303724659));
#7312 = CARTESIAN_POINT('',(33.195241259759,-45.07085996141,
    -7.941102002398));
#7313 = CARTESIAN_POINT('',(33.179333544498,-45.06766934902,
    -7.93765164869));
#7314 = CARTESIAN_POINT('',(33.16364531878,-45.06432616987,
    -7.933947123124));
#7315 = CARTESIAN_POINT('',(33.125677829576,-45.05576852292,
    -7.924205215449));
#7316 = CARTESIAN_POINT('',(33.103661932272,-45.05039666537,
    -7.917874896557));
#7317 = CARTESIAN_POINT('',(33.082210106118,-45.04477051176,
    -7.910975985455));
#7318 = CARTESIAN_POINT('',(33.061382683613,-45.03893864367,
    -7.903493663031));
#7319 = CARTESIAN_POINT('',(33.041237686808,-45.03295489162,
    -7.895415610211));
#7320 = CARTESIAN_POINT('',(32.97805846891,-45.01316918351,
    -7.867150648473));
#7321 = CARTESIAN_POINT('',(32.9379677096,-44.99896066568,
    -7.844461389655));
#7322 = CARTESIAN_POINT('',(32.902410842496,-44.98497238859,
    -7.81863472175));
#7323 = CARTESIAN_POINT('',(32.872045483642,-44.97204770602,
    -7.789805497906));
#7324 = CARTESIAN_POINT('',(32.847362344847,-44.9609880723,
    -7.758382473057));
#7325 = CARTESIAN_POINT('',(32.828713920895,-44.95236875482,-7.725));
#7326 = ORIENTED_EDGE('',*,*,#7327,.T.);
#7327 = EDGE_CURVE('',#7276,#7328,#7330,.T.);
#7328 = VERTEX_POINT('',#7329);
#7329 = CARTESIAN_POINT('',(30.5,-44.95236875482,-7.725));
#7330 = LINE('',#7331,#7332);
#7331 = CARTESIAN_POINT('',(41.,-44.95236875482,-7.725));
#7332 = VECTOR('',#7333,1.);
#7333 = DIRECTION('',(-1.,2.2E-16,-2.2E-16));
#7334 = ORIENTED_EDGE('',*,*,#7335,.T.);
#7335 = EDGE_CURVE('',#7328,#7258,#7336,.T.);
#7336 = CIRCLE('',#7337,0.5);
#7337 = AXIS2_PLACEMENT_3D('',#7338,#7339,#7340);
#7338 = CARTESIAN_POINT('',(30.5,-45.4364916731,-7.6));
#7339 = DIRECTION('',(-1.,2.2E-16,-2.2E-16));
#7340 = DIRECTION('',(-2.2E-16,-1.,0.));
#7341 = CYLINDRICAL_SURFACE('',#7342,0.5);
#7342 = AXIS2_PLACEMENT_3D('',#7343,#7344,#7345);
#7343 = CARTESIAN_POINT('',(41.,-45.4364916731,-7.6));
#7344 = DIRECTION('',(1.,-2.2E-16,2.2E-16));
#7345 = DIRECTION('',(-2.2E-16,-1.,0.));
#7346 = ADVANCED_FACE('',(#7347),#7425,.F.);
#7347 = FACE_BOUND('',#7348,.T.);
#7348 = EDGE_LOOP('',(#7349,#7350,#7351,#7382,#7417,#7423,#7424));
#7349 = ORIENTED_EDGE('',*,*,#5737,.F.);
#7350 = ORIENTED_EDGE('',*,*,#7267,.T.);
#7351 = ORIENTED_EDGE('',*,*,#7352,.F.);
#7352 = EDGE_CURVE('',#7353,#7268,#7355,.T.);
#7353 = VERTEX_POINT('',#7354);
#7354 = CARTESIAN_POINT('',(35.1,-43.5,-6.6));
#7355 = B_SPLINE_CURVE_WITH_KNOTS('',7,(#7356,#7357,#7358,#7359,#7360,
    #7361,#7362,#7363,#7364,#7365,#7366,#7367,#7368,#7369,#7370,#7371,
    #7372,#7373,#7374,#7375,#7376,#7377,#7378,#7379,#7380,#7381),
  .UNSPECIFIED.,.F.,.F.,(8,6,6,6,8),(0.,0.181951352864,0.29816029847,
    0.750825807142,1.),.UNSPECIFIED.);
#7356 = CARTESIAN_POINT('',(35.1,-43.5,-6.6));
#7357 = CARTESIAN_POINT('',(35.1,-43.56237970513,-6.6));
#7358 = CARTESIAN_POINT('',(35.097162683281,-43.62465670936,
    -6.603026548638));
#7359 = CARTESIAN_POINT('',(35.091504746465,-43.68647396062,
    -6.60906154408));
#7360 = CARTESIAN_POINT('',(35.083108782447,-43.74747631781,
    -6.618021882335));
#7361 = CARTESIAN_POINT('',(35.072122555124,-43.80731653183,
    -6.629759156972));
#7362 = CARTESIAN_POINT('',(35.058758274123,-43.86566122658,
    -6.644059358847));
#7363 = CARTESIAN_POINT('',(35.033413764525,-43.95830515044,
    -6.671233968115));
#7364 = CARTESIAN_POINT('',(35.022667454841,-43.99371451287,
    -6.682768058781));
#7365 = CARTESIAN_POINT('',(35.01110582745,-44.02839749912,
    -6.695192331495));
#7366 = CARTESIAN_POINT('',(34.998782826934,-44.06232920927,
    -6.708453459669));
#7367 = CARTESIAN_POINT('',(34.985753455487,-44.09548731159,
    -6.722497306438));
#7368 = CARTESIAN_POINT('',(34.972073772917,-44.12785204258,
    -6.737268924663));
#7369 = CARTESIAN_POINT('',(34.902204154364,-44.28231827523,
    -6.812869712823));
#7370 = CARTESIAN_POINT('',(34.837469575213,-44.39323403608,
    -6.88337072023));
#7371 = CARTESIAN_POINT('',(34.766226588155,-44.49249766646,
    -6.961731270639));
#7372 = CARTESIAN_POINT('',(34.690520166764,-44.58066913392,
    -7.046170441761));
#7373 = CARTESIAN_POINT('',(34.612110550932,-44.65833136823,
    -7.135411862518));
#7374 = CARTESIAN_POINT('',(34.532675238305,-44.72599801991,
    -7.22846654803));
#7375 = CARTESIAN_POINT('',(34.411459249974,-44.81609929291,
    -7.377702856354));
#7376 = CARTESIAN_POINT('',(34.368951326,-44.84508379152,-7.431474718207
    ));
#7377 = CARTESIAN_POINT('',(34.326858476081,-44.87153474912,
    -7.486519844018));
#7378 = CARTESIAN_POINT('',(34.285254896934,-44.89563649497,
    -7.543297326589));
#7379 = CARTESIAN_POINT('',(34.244648693946,-44.9172762036,
    -7.602007001416));
#7380 = CARTESIAN_POINT('',(34.206142304681,-44.93625817759,
    -7.662604002668));
#7381 = CARTESIAN_POINT('',(34.171286079105,-44.95236875482,-7.725));
#7382 = ORIENTED_EDGE('',*,*,#7383,.F.);
#7383 = EDGE_CURVE('',#7384,#7353,#7386,.T.);
#7384 = VERTEX_POINT('',#7385);
#7385 = CARTESIAN_POINT('',(34.171286079104,-42.04763124517,-7.725));
#7386 = B_SPLINE_CURVE_WITH_KNOTS('',8,(#7387,#7388,#7389,#7390,#7391,
    #7392,#7393,#7394,#7395,#7396,#7397,#7398,#7399,#7400,#7401,#7402,
    #7403,#7404,#7405,#7406,#7407,#7408,#7409,#7410,#7411,#7412,#7413,
    #7414,#7415,#7416),.UNSPECIFIED.,.F.,.F.,(9,7,7,7,9),(0.,
    0.244082164363,0.701223169764,0.81644269867,1.),.UNSPECIFIED.);
#7387 = CARTESIAN_POINT('',(34.171286079105,-42.04763124517,-7.725));
#7388 = CARTESIAN_POINT('',(34.20125945364,-42.06148496448,
    -7.671344775816));
#7389 = CARTESIAN_POINT('',(34.233871458086,-42.07741612458,
    -7.619002315255));
#7390 = CARTESIAN_POINT('',(34.268201705663,-42.09529706839,
    -7.568022679376));
#7391 = CARTESIAN_POINT('',(34.303540401633,-42.11500915524,
    -7.518435214459));
#7392 = CARTESIAN_POINT('',(34.339439901647,-42.13646576092,
    -7.470177609059));
#7393 = CARTESIAN_POINT('',(34.375695666009,-42.15966952051,
    -7.423068445935));
#7394 = CARTESIAN_POINT('',(34.412281397891,-42.18476116325,
    -7.376830167304));
#7395 = CARTESIAN_POINT('',(34.518526210963,-42.26306523162,
    -7.245651358057));
#7396 = CARTESIAN_POINT('',(34.588432626334,-42.32115650012,
    -7.163078508877));
#7397 = CARTESIAN_POINT('',(34.657845684996,-42.38670776196,
    -7.083315543151));
#7398 = CARTESIAN_POINT('',(34.725834837075,-42.46022230974,
    -7.006767547762));
#7399 = CARTESIAN_POINT('',(34.791257147313,-42.54216459721,
    -6.934188617956));
#7400 = CARTESIAN_POINT('',(34.852791722606,-42.63286401718,
    -6.866681817083));
#7401 = CARTESIAN_POINT('',(34.908909902122,-42.73246198537,
    -6.805613281501));
#7402 = CARTESIAN_POINT('',(34.970251462084,-42.86813054705,
    -6.739240874054));
#7403 = CARTESIAN_POINT('',(34.982164143803,-42.89603523296,
    -6.726373299542));
#7404 = CARTESIAN_POINT('',(34.993606743904,-42.92452358396,
    -6.714032815612));
#7405 = CARTESIAN_POINT('',(35.004545383931,-42.95358422729,
    -6.702252585092));
#7406 = CARTESIAN_POINT('',(35.014946654904,-42.98320456193,
    -6.691065423016));
#7407 = CARTESIAN_POINT('',(35.024777617317,-43.01337075861,
    -6.680503796632));
#7408 = CARTESIAN_POINT('',(35.034005801137,-43.04406775979,
    -6.6705998254));
#7409 = CARTESIAN_POINT('',(35.056289438576,-43.12500264188,
    -6.646705504731));
#7410 = CARTESIAN_POINT('',(35.068389840621,-43.17610868647,
    -6.63375284518));
#7411 = CARTESIAN_POINT('',(35.078723338969,-43.22839751604,
    -6.622706972459));
#7412 = CARTESIAN_POINT('',(35.087145638878,-43.28165899838,
    -6.613713636379));
#7413 = CARTESIAN_POINT('',(35.093545506026,-43.33567507732,
    -6.606884783513));
#7414 = CARTESIAN_POINT('',(35.097845048703,-43.39022208358,
    -6.602298674277));
#7415 = CARTESIAN_POINT('',(35.1,-43.44507304552,-6.6));
#7416 = CARTESIAN_POINT('',(35.1,-43.5,-6.6));
#7417 = ORIENTED_EDGE('',*,*,#7418,.F.);
#7418 = EDGE_CURVE('',#5797,#7384,#7419,.T.);
#7419 = LINE('',#7420,#7421);
#7420 = CARTESIAN_POINT('',(41.,-42.04763124517,-7.725));
#7421 = VECTOR('',#7422,1.);
#7422 = DIRECTION('',(-1.,2.2E-16,-2.2E-16));
#7423 = ORIENTED_EDGE('',*,*,#5796,.F.);
#7424 = ORIENTED_EDGE('',*,*,#5780,.F.);
#7425 = CYLINDRICAL_SURFACE('',#7426,1.5);
#7426 = AXIS2_PLACEMENT_3D('',#7427,#7428,#7429);
#7427 = CARTESIAN_POINT('',(41.,-43.5,-8.1));
#7428 = DIRECTION('',(1.,-2.2E-16,2.2E-16));
#7429 = DIRECTION('',(-2.2E-16,-1.,0.));
#7430 = ADVANCED_FACE('',(#7431),#7511,.T.);
#7431 = FACE_BOUND('',#7432,.F.);
#7432 = EDGE_LOOP('',(#7433,#7434,#7435,#7443,#7452,#7460,#7510));
#7433 = ORIENTED_EDGE('',*,*,#5830,.T.);
#7434 = ORIENTED_EDGE('',*,*,#5951,.T.);
#7435 = ORIENTED_EDGE('',*,*,#7436,.T.);
#7436 = EDGE_CURVE('',#5942,#7437,#7439,.T.);
#7437 = VERTEX_POINT('',#7438);
#7438 = CARTESIAN_POINT('',(30.5,-41.56350832689,-8.1));
#7439 = LINE('',#7440,#7441);
#7440 = CARTESIAN_POINT('',(41.,-41.56350832689,-8.1));
#7441 = VECTOR('',#7442,1.);
#7442 = DIRECTION('',(-1.,2.2E-16,-2.2E-16));
#7443 = ORIENTED_EDGE('',*,*,#7444,.T.);
#7444 = EDGE_CURVE('',#7437,#7445,#7447,.T.);
#7445 = VERTEX_POINT('',#7446);
#7446 = CARTESIAN_POINT('',(30.5,-42.04763124517,-7.725));
#7447 = CIRCLE('',#7448,0.5);
#7448 = AXIS2_PLACEMENT_3D('',#7449,#7450,#7451);
#7449 = CARTESIAN_POINT('',(30.5,-41.56350832689,-7.6));
#7450 = DIRECTION('',(-1.,2.2E-16,-2.2E-16));
#7451 = DIRECTION('',(-2.2E-16,-1.,0.));
#7452 = ORIENTED_EDGE('',*,*,#7453,.F.);
#7453 = EDGE_CURVE('',#7454,#7445,#7456,.T.);
#7454 = VERTEX_POINT('',#7455);
#7455 = CARTESIAN_POINT('',(32.828713920896,-42.04763124517,-7.725));
#7456 = LINE('',#7457,#7458);
#7457 = CARTESIAN_POINT('',(41.,-42.04763124517,-7.725));
#7458 = VECTOR('',#7459,1.);
#7459 = DIRECTION('',(-1.,2.2E-16,-2.2E-16));
#7460 = ORIENTED_EDGE('',*,*,#7461,.T.);
#7461 = EDGE_CURVE('',#7454,#7384,#7462,.T.);
#7462 = B_SPLINE_CURVE_WITH_KNOTS('',6,(#7463,#7464,#7465,#7466,#7467,
    #7468,#7469,#7470,#7471,#7472,#7473,#7474,#7475,#7476,#7477,#7478,
    #7479,#7480,#7481,#7482,#7483,#7484,#7485,#7486,#7487,#7488,#7489,
    #7490,#7491,#7492,#7493,#7494,#7495,#7496,#7497,#7498,#7499,#7500,
    #7501,#7502,#7503,#7504,#7505,#7506,#7507,#7508,#7509),
  .UNSPECIFIED.,.F.,.F.,(7,5,5,5,5,5,5,5,5,7),(0.,0.199564904862,
    0.287176270631,0.348088192688,0.391713841715,0.49938329481,
    0.651146560919,0.711873650231,0.800377473475,1.),.UNSPECIFIED.);
#7463 = CARTESIAN_POINT('',(32.828713920895,-42.04763124517,-7.725));
#7464 = CARTESIAN_POINT('',(32.84735459248,-42.03901551084,
    -7.758368595574));
#7465 = CARTESIAN_POINT('',(32.872024713718,-42.02796160381,
    -7.789778927881));
#7466 = CARTESIAN_POINT('',(32.902372104071,-42.01504411733,
    -7.818597833254));
#7467 = CARTESIAN_POINT('',(32.937906886996,-42.00106327107,
    -7.844417194686));
#7468 = CARTESIAN_POINT('',(32.977972743006,-41.98686118519,
    -7.867102168279));
#7469 = CARTESIAN_POINT('',(33.04092428437,-41.9671417162,
    -7.895279828874));
#7470 = CARTESIAN_POINT('',(33.060852999075,-41.96121739914,
    -7.903284414345));
#7471 = CARTESIAN_POINT('',(33.081451108905,-41.95544108166,
    -7.910705250089));
#7472 = CARTESIAN_POINT('',(33.102662320351,-41.94986503979,
    -7.917554209633));
#7473 = CARTESIAN_POINT('',(33.124428106376,-41.94453651989,
    -7.923845593014));
#7474 = CARTESIAN_POINT('',(33.162163580306,-41.9359928593,
    -7.933591857377));
#7475 = CARTESIAN_POINT('',(33.177880119111,-41.93262811232,
    -7.937327303602));
#7476 = CARTESIAN_POINT('',(33.193818573805,-41.9294160569,
    -7.940806740091));
#7477 = CARTESIAN_POINT('',(33.209960612971,-41.92636882927,
    -7.944035754361));
#7478 = CARTESIAN_POINT('',(33.226288238137,-41.92349716359,
    -7.94701986891));
#7479 = CARTESIAN_POINT('',(33.254598037221,-41.91888610273,
    -7.95173029943));
#7480 = CARTESIAN_POINT('',(33.266498422547,-41.91705666181,
    -7.953573197918));
#7481 = CARTESIAN_POINT('',(33.278478459641,-41.91532549933,
    -7.95529520506));
#7482 = CARTESIAN_POINT('',(33.290531742028,-41.91369569811,
    -7.956898161222));
#7483 = CARTESIAN_POINT('',(33.302651936883,-41.91216999359,
    -7.958383778766));
#7484 = CARTESIAN_POINT('',(33.344895495553,-41.90724809589,
    -7.963134507046));
#7485 = CARTESIAN_POINT('',(33.375325860664,-41.90439425362,
    -7.965810024721));
#7486 = CARTESIAN_POINT('',(33.406032254346,-41.90222479331,
    -7.96780426153));
#7487 = CARTESIAN_POINT('',(33.436922906814,-41.90076337819,
    -7.969134221807));
#7488 = CARTESIAN_POINT('',(33.467906163557,-41.90002186565,
    -7.969808922382));
#7489 = CARTESIAN_POINT('',(33.54256442387,-41.89997010621,
    -7.969856016222));
#7490 = CARTESIAN_POINT('',(33.586247525566,-41.90137034858,
    -7.968581778799));
#7491 = CARTESIAN_POINT('',(33.629682074476,-41.90420239963,
    -7.966006551714));
#7492 = CARTESIAN_POINT('',(33.672608489914,-41.90842061694,
    -7.962094969594));
#7493 = CARTESIAN_POINT('',(33.714766919161,-41.91393209622,
    -7.956782605636));
#7494 = CARTESIAN_POINT('',(33.772357135618,-41.923262994,
    -7.947262283051));
#7495 = CARTESIAN_POINT('',(33.788649691308,-41.92611395911,
    -7.944303724659));
#7496 = CARTESIAN_POINT('',(33.804758740241,-41.92914003858,
    -7.941102002398));
#7497 = CARTESIAN_POINT('',(33.820666455502,-41.93233065097,
    -7.93765164869));
#7498 = CARTESIAN_POINT('',(33.83635468122,-41.93567383012,
    -7.933947123124));
#7499 = CARTESIAN_POINT('',(33.874322170424,-41.94423147707,
    -7.924205215449));
#7500 = CARTESIAN_POINT('',(33.896338067728,-41.94960333462,
    -7.917874896557));
#7501 = CARTESIAN_POINT('',(33.917789893882,-41.95522948823,
    -7.910975985455));
#7502 = CARTESIAN_POINT('',(33.938617316387,-41.96106135633,
    -7.903493663031));
#7503 = CARTESIAN_POINT('',(33.958762313192,-41.96704510837,
    -7.895415610211));
#7504 = CARTESIAN_POINT('',(34.02194153109,-41.98683081648,
    -7.867150648473));
#7505 = CARTESIAN_POINT('',(34.0620322904,-42.00103933431,
    -7.844461389655));
#7506 = CARTESIAN_POINT('',(34.097589157504,-42.0150276114,
    -7.81863472175));
#7507 = CARTESIAN_POINT('',(34.127954516358,-42.02795229397,
    -7.789805497906));
#7508 = CARTESIAN_POINT('',(34.152637655153,-42.03901192769,
    -7.758382473057));
#7509 = CARTESIAN_POINT('',(34.171286079105,-42.04763124517,-7.725));
#7510 = ORIENTED_EDGE('',*,*,#7418,.F.);
#7511 = CYLINDRICAL_SURFACE('',#7512,0.5);
#7512 = AXIS2_PLACEMENT_3D('',#7513,#7514,#7515);
#7513 = CARTESIAN_POINT('',(41.,-41.56350832689,-7.6));
#7514 = DIRECTION('',(1.,-2.2E-16,2.2E-16));
#7515 = DIRECTION('',(-2.2E-16,-1.,0.));
#7516 = ADVANCED_FACE('',(#7517),#7535,.F.);
#7517 = FACE_BOUND('',#7518,.T.);
#7518 = EDGE_LOOP('',(#7519,#7520,#7521,#7529));
#7519 = ORIENTED_EDGE('',*,*,#5941,.F.);
#7520 = ORIENTED_EDGE('',*,*,#7436,.T.);
#7521 = ORIENTED_EDGE('',*,*,#7522,.T.);
#7522 = EDGE_CURVE('',#7437,#7523,#7525,.T.);
#7523 = VERTEX_POINT('',#7524);
#7524 = CARTESIAN_POINT('',(30.5,-40.85,-8.1));
#7525 = LINE('',#7526,#7527);
#7526 = CARTESIAN_POINT('',(30.5,-46.15,-8.1));
#7527 = VECTOR('',#7528,1.);
#7528 = DIRECTION('',(2.2E-16,1.,0.));
#7529 = ORIENTED_EDGE('',*,*,#7530,.F.);
#7530 = EDGE_CURVE('',#5944,#7523,#7531,.T.);
#7531 = LINE('',#7532,#7533);
#7532 = CARTESIAN_POINT('',(41.,-40.85,-8.1));
#7533 = VECTOR('',#7534,1.);
#7534 = DIRECTION('',(-1.,2.2E-16,-2.2E-16));
#7535 = PLANE('',#7536);
#7536 = AXIS2_PLACEMENT_3D('',#7537,#7538,#7539);
#7537 = CARTESIAN_POINT('',(41.,-46.15,-8.1));
#7538 = DIRECTION('',(-2.2E-16,0.,1.));
#7539 = DIRECTION('',(-2.2E-16,-1.,-4.84E-32));
#7540 = ADVANCED_FACE('',(#7541),#7559,.F.);
#7541 = FACE_BOUND('',#7542,.T.);
#7542 = EDGE_LOOP('',(#7543,#7544,#7545,#7553));
#7543 = ORIENTED_EDGE('',*,*,#5984,.F.);
#7544 = ORIENTED_EDGE('',*,*,#7530,.T.);
#7545 = ORIENTED_EDGE('',*,*,#7546,.T.);
#7546 = EDGE_CURVE('',#7523,#7547,#7549,.T.);
#7547 = VERTEX_POINT('',#7548);
#7548 = CARTESIAN_POINT('',(30.5,-40.85,-10.1));
#7549 = LINE('',#7550,#7551);
#7550 = CARTESIAN_POINT('',(30.5,-40.85,-8.1));
#7551 = VECTOR('',#7552,1.);
#7552 = DIRECTION('',(2.2E-16,-0.,-1.));
#7553 = ORIENTED_EDGE('',*,*,#7554,.F.);
#7554 = EDGE_CURVE('',#5977,#7547,#7555,.T.);
#7555 = LINE('',#7556,#7557);
#7556 = CARTESIAN_POINT('',(41.,-40.85,-10.1));
#7557 = VECTOR('',#7558,1.);
#7558 = DIRECTION('',(-1.,2.2E-16,-2.2E-16));
#7559 = PLANE('',#7560);
#7560 = AXIS2_PLACEMENT_3D('',#7561,#7562,#7563);
#7561 = CARTESIAN_POINT('',(41.,-40.85,-8.1));
#7562 = DIRECTION('',(2.2E-16,1.,0.));
#7563 = DIRECTION('',(-2.2E-16,4.84E-32,1.));
#7564 = ADVANCED_FACE('',(#7565,#7583),#7594,.F.);
#7565 = FACE_BOUND('',#7566,.T.);
#7566 = EDGE_LOOP('',(#7567,#7568,#7569,#7577));
#7567 = ORIENTED_EDGE('',*,*,#6008,.F.);
#7568 = ORIENTED_EDGE('',*,*,#7554,.T.);
#7569 = ORIENTED_EDGE('',*,*,#7570,.T.);
#7570 = EDGE_CURVE('',#7547,#7571,#7573,.T.);
#7571 = VERTEX_POINT('',#7572);
#7572 = CARTESIAN_POINT('',(30.5,-46.15,-10.1));
#7573 = LINE('',#7574,#7575);
#7574 = CARTESIAN_POINT('',(30.5,-40.85,-10.1));
#7575 = VECTOR('',#7576,1.);
#7576 = DIRECTION('',(-2.2E-16,-1.,0.));
#7577 = ORIENTED_EDGE('',*,*,#7578,.F.);
#7578 = EDGE_CURVE('',#6001,#7571,#7579,.T.);
#7579 = LINE('',#7580,#7581);
#7580 = CARTESIAN_POINT('',(41.,-46.15,-10.1));
#7581 = VECTOR('',#7582,1.);
#7582 = DIRECTION('',(-1.,2.2E-16,-2.2E-16));
#7583 = FACE_BOUND('',#7584,.T.);
#7584 = EDGE_LOOP('',(#7585));
#7585 = ORIENTED_EDGE('',*,*,#7586,.T.);
#7586 = EDGE_CURVE('',#7587,#7587,#7589,.T.);
#7587 = VERTEX_POINT('',#7588);
#7588 = CARTESIAN_POINT('',(35.1,-43.5,-10.1));
#7589 = CIRCLE('',#7590,1.6);
#7590 = AXIS2_PLACEMENT_3D('',#7591,#7592,#7593);
#7591 = CARTESIAN_POINT('',(33.5,-43.5,-10.1));
#7592 = DIRECTION('',(0.,0.,-1.));
#7593 = DIRECTION('',(1.,0.,0.));
#7594 = PLANE('',#7595);
#7595 = AXIS2_PLACEMENT_3D('',#7596,#7597,#7598);
#7596 = CARTESIAN_POINT('',(41.,-40.85,-10.1));
#7597 = DIRECTION('',(2.2E-16,0.,-1.));
#7598 = DIRECTION('',(2.2E-16,1.,4.84E-32));
#7599 = ADVANCED_FACE('',(#7600),#7618,.F.);
#7600 = FACE_BOUND('',#7601,.T.);
#7601 = EDGE_LOOP('',(#7602,#7603,#7604,#7612));
#7602 = ORIENTED_EDGE('',*,*,#6032,.F.);
#7603 = ORIENTED_EDGE('',*,*,#7578,.T.);
#7604 = ORIENTED_EDGE('',*,*,#7605,.T.);
#7605 = EDGE_CURVE('',#7571,#7606,#7608,.T.);
#7606 = VERTEX_POINT('',#7607);
#7607 = CARTESIAN_POINT('',(30.5,-46.15,-8.1));
#7608 = LINE('',#7609,#7610);
#7609 = CARTESIAN_POINT('',(30.5,-46.15,-10.1));
#7610 = VECTOR('',#7611,1.);
#7611 = DIRECTION('',(-2.2E-16,0.,1.));
#7612 = ORIENTED_EDGE('',*,*,#7613,.F.);
#7613 = EDGE_CURVE('',#6025,#7606,#7614,.T.);
#7614 = LINE('',#7615,#7616);
#7615 = CARTESIAN_POINT('',(41.,-46.15,-8.1));
#7616 = VECTOR('',#7617,1.);
#7617 = DIRECTION('',(-1.,2.2E-16,-2.2E-16));
#7618 = PLANE('',#7619);
#7619 = AXIS2_PLACEMENT_3D('',#7620,#7621,#7622);
#7620 = CARTESIAN_POINT('',(41.,-46.15,-10.1));
#7621 = DIRECTION('',(-2.2E-16,-1.,-0.));
#7622 = DIRECTION('',(2.2E-16,-4.84E-32,-1.));
#7623 = ADVANCED_FACE('',(#7624),#7635,.F.);
#7624 = FACE_BOUND('',#7625,.T.);
#7625 = EDGE_LOOP('',(#7626,#7627,#7628,#7634));
#7626 = ORIENTED_EDGE('',*,*,#6058,.F.);
#7627 = ORIENTED_EDGE('',*,*,#7613,.T.);
#7628 = ORIENTED_EDGE('',*,*,#7629,.T.);
#7629 = EDGE_CURVE('',#7606,#7258,#7630,.T.);
#7630 = LINE('',#7631,#7632);
#7631 = CARTESIAN_POINT('',(30.5,-46.15,-8.1));
#7632 = VECTOR('',#7633,1.);
#7633 = DIRECTION('',(2.2E-16,1.,0.));
#7634 = ORIENTED_EDGE('',*,*,#7257,.F.);
#7635 = PLANE('',#7636);
#7636 = AXIS2_PLACEMENT_3D('',#7637,#7638,#7639);
#7637 = CARTESIAN_POINT('',(41.,-46.15,-8.1));
#7638 = DIRECTION('',(-2.2E-16,0.,1.));
#7639 = DIRECTION('',(-2.2E-16,-1.,-4.84E-32));
#7640 = ADVANCED_FACE('',(#7641),#7654,.T.);
#7641 = FACE_BOUND('',#7642,.T.);
#7642 = EDGE_LOOP('',(#7643,#7644,#7645,#7646,#7647,#7648));
#7643 = ORIENTED_EDGE('',*,*,#6707,.F.);
#7644 = ORIENTED_EDGE('',*,*,#6672,.T.);
#7645 = ORIENTED_EDGE('',*,*,#6649,.T.);
#7646 = ORIENTED_EDGE('',*,*,#6137,.F.);
#7647 = ORIENTED_EDGE('',*,*,#6089,.T.);
#7648 = ORIENTED_EDGE('',*,*,#7649,.F.);
#7649 = EDGE_CURVE('',#6708,#6092,#7650,.T.);
#7650 = LINE('',#7651,#7652);
#7651 = CARTESIAN_POINT('',(26.,26.,-14.5));
#7652 = VECTOR('',#7653,1.);
#7653 = DIRECTION('',(1.,0.,0.));
#7654 = PLANE('',#7655);
#7655 = AXIS2_PLACEMENT_3D('',#7656,#7657,#7658);
#7656 = CARTESIAN_POINT('',(26.,28.5,-13.25));
#7657 = DIRECTION('',(0.,0.4472135955,-0.894427191));
#7658 = DIRECTION('',(1.,0.,0.));
#7659 = ADVANCED_FACE('',(#7660,#7671),#7682,.F.);
#7660 = FACE_BOUND('',#7661,.F.);
#7661 = EDGE_LOOP('',(#7662,#7663,#7669,#7670));
#7662 = ORIENTED_EDGE('',*,*,#6715,.F.);
#7663 = ORIENTED_EDGE('',*,*,#7664,.F.);
#7664 = EDGE_CURVE('',#6115,#6692,#7665,.T.);
#7665 = LINE('',#7666,#7667);
#7666 = CARTESIAN_POINT('',(41.,21.,-14.5));
#7667 = VECTOR('',#7668,1.);
#7668 = DIRECTION('',(-1.,0.,0.));
#7669 = ORIENTED_EDGE('',*,*,#6122,.F.);
#7670 = ORIENTED_EDGE('',*,*,#7649,.F.);
#7671 = FACE_BOUND('',#7672,.F.);
#7672 = EDGE_LOOP('',(#7673));
#7673 = ORIENTED_EDGE('',*,*,#7674,.T.);
#7674 = EDGE_CURVE('',#7675,#7675,#7677,.T.);
#7675 = VERTEX_POINT('',#7676);
#7676 = CARTESIAN_POINT('',(35.1,23.5,-14.5));
#7677 = CIRCLE('',#7678,1.6);
#7678 = AXIS2_PLACEMENT_3D('',#7679,#7680,#7681);
#7679 = CARTESIAN_POINT('',(33.5,23.5,-14.5));
#7680 = DIRECTION('',(0.,0.,-1.));
#7681 = DIRECTION('',(1.,0.,0.));
#7682 = PLANE('',#7683);
#7683 = AXIS2_PLACEMENT_3D('',#7684,#7685,#7686);
#7684 = CARTESIAN_POINT('',(9.5E-16,-10.,-14.5));
#7685 = DIRECTION('',(0.,0.,1.));
#7686 = DIRECTION('',(1.,0.,0.));
#7687 = ADVANCED_FACE('',(#7688),#7696,.T.);
#7688 = FACE_BOUND('',#7689,.T.);
#7689 = EDGE_LOOP('',(#7690,#7691,#7692,#7693,#7694,#7695));
#7690 = ORIENTED_EDGE('',*,*,#6114,.F.);
#7691 = ORIENTED_EDGE('',*,*,#6162,.T.);
#7692 = ORIENTED_EDGE('',*,*,#6756,.T.);
#7693 = ORIENTED_EDGE('',*,*,#6730,.F.);
#7694 = ORIENTED_EDGE('',*,*,#6689,.T.);
#7695 = ORIENTED_EDGE('',*,*,#7664,.F.);
#7696 = PLANE('',#7697);
#7697 = AXIS2_PLACEMENT_3D('',#7698,#7699,#7700);
#7698 = CARTESIAN_POINT('',(41.,18.5,-13.25));
#7699 = DIRECTION('',(0.,-0.4472135955,-0.894427191));
#7700 = DIRECTION('',(-1.,0.,0.));
#7701 = ADVANCED_FACE('',(#7702),#7789,.T.);
#7702 = FACE_BOUND('',#7703,.F.);
#7703 = EDGE_LOOP('',(#7704,#7712,#7713,#7714,#7722,#7774,#7782));
#7704 = ORIENTED_EDGE('',*,*,#7705,.F.);
#7705 = EDGE_CURVE('',#6618,#7706,#7708,.T.);
#7706 = VERTEX_POINT('',#7707);
#7707 = CARTESIAN_POINT('',(30.5,21.563508326896,-8.1));
#7708 = LINE('',#7709,#7710);
#7709 = CARTESIAN_POINT('',(41.,21.563508326896,-8.1));
#7710 = VECTOR('',#7711,1.);
#7711 = DIRECTION('',(-1.,2.2E-16,-2.2E-16));
#7712 = ORIENTED_EDGE('',*,*,#6617,.T.);
#7713 = ORIENTED_EDGE('',*,*,#6247,.T.);
#7714 = ORIENTED_EDGE('',*,*,#7715,.T.);
#7715 = EDGE_CURVE('',#6248,#7716,#7718,.T.);
#7716 = VERTEX_POINT('',#7717);
#7717 = CARTESIAN_POINT('',(34.171286079105,22.047631245172,-7.725));
#7718 = LINE('',#7719,#7720);
#7719 = CARTESIAN_POINT('',(41.,22.047631245172,-7.725));
#7720 = VECTOR('',#7721,1.);
#7721 = DIRECTION('',(-1.,2.2E-16,-2.2E-16));
#7722 = ORIENTED_EDGE('',*,*,#7723,.T.);
#7723 = EDGE_CURVE('',#7716,#7724,#7726,.T.);
#7724 = VERTEX_POINT('',#7725);
#7725 = CARTESIAN_POINT('',(32.828713920895,22.047631245172,-7.725));
#7726 = B_SPLINE_CURVE_WITH_KNOTS('',6,(#7727,#7728,#7729,#7730,#7731,
    #7732,#7733,#7734,#7735,#7736,#7737,#7738,#7739,#7740,#7741,#7742,
    #7743,#7744,#7745,#7746,#7747,#7748,#7749,#7750,#7751,#7752,#7753,
    #7754,#7755,#7756,#7757,#7758,#7759,#7760,#7761,#7762,#7763,#7764,
    #7765,#7766,#7767,#7768,#7769,#7770,#7771,#7772,#7773),
  .UNSPECIFIED.,.F.,.F.,(7,5,5,5,5,5,5,5,5,7),(0.,0.199564904862,
    0.287176270631,0.348088192689,0.391713841715,0.49938329481,
    0.65114656092,0.711873650231,0.800377473475,1.),.UNSPECIFIED.);
#7727 = CARTESIAN_POINT('',(34.171286079105,22.047631245172,-7.725));
#7728 = CARTESIAN_POINT('',(34.15264540752,22.039015510843,
    -7.758368595574));
#7729 = CARTESIAN_POINT('',(34.127975286282,22.027961603814,
    -7.789778927881));
#7730 = CARTESIAN_POINT('',(34.097627895929,22.01504411733,
    -7.818597833254));
#7731 = CARTESIAN_POINT('',(34.062093113004,22.001063271079,
    -7.844417194686));
#7732 = CARTESIAN_POINT('',(34.022027256994,21.986861185197,
    -7.867102168279));
#7733 = CARTESIAN_POINT('',(33.95907571563,21.967141716205,
    -7.895279828874));
#7734 = CARTESIAN_POINT('',(33.939147000925,21.96121739914,
    -7.903284414345));
#7735 = CARTESIAN_POINT('',(33.918548891095,21.955441081666,
    -7.910705250089));
#7736 = CARTESIAN_POINT('',(33.897337679649,21.949865039795,
    -7.917554209633));
#7737 = CARTESIAN_POINT('',(33.875571893624,21.944536519899,
    -7.923845593014));
#7738 = CARTESIAN_POINT('',(33.837836419694,21.935992859307,
    -7.933591857377));
#7739 = CARTESIAN_POINT('',(33.822119880889,21.932628112325,
    -7.937327303602));
#7740 = CARTESIAN_POINT('',(33.806181426195,21.929416056909,
    -7.940806740091));
#7741 = CARTESIAN_POINT('',(33.790039387029,21.926368829279,
    -7.944035754361));
#7742 = CARTESIAN_POINT('',(33.773711761863,21.923497163597,
    -7.94701986891));
#7743 = CARTESIAN_POINT('',(33.745401962779,21.918886102731,
    -7.95173029943));
#7744 = CARTESIAN_POINT('',(33.733501577453,21.917056661812,
    -7.953573197918));
#7745 = CARTESIAN_POINT('',(33.721521540359,21.915325499339,
    -7.95529520506));
#7746 = CARTESIAN_POINT('',(33.709468257972,21.91369569811,
    -7.956898161222));
#7747 = CARTESIAN_POINT('',(33.697348063117,21.912169993598,
    -7.958383778766));
#7748 = CARTESIAN_POINT('',(33.655104504447,21.907248095899,
    -7.963134507046));
#7749 = CARTESIAN_POINT('',(33.624674139336,21.904394253624,
    -7.965810024721));
#7750 = CARTESIAN_POINT('',(33.593967745654,21.902224793318,
    -7.96780426153));
#7751 = CARTESIAN_POINT('',(33.563077093186,21.900763378192,
    -7.969134221807));
#7752 = CARTESIAN_POINT('',(33.532093836443,21.900021865658,
    -7.969808922382));
#7753 = CARTESIAN_POINT('',(33.45743557613,21.899970106211,
    -7.969856016222));
#7754 = CARTESIAN_POINT('',(33.413752474434,21.901370348581,
    -7.968581778799));
#7755 = CARTESIAN_POINT('',(33.370317925524,21.904202399638,
    -7.966006551714));
#7756 = CARTESIAN_POINT('',(33.327391510086,21.908420616947,
    -7.962094969594));
#7757 = CARTESIAN_POINT('',(33.285233080839,21.913932096229,
    -7.956782605636));
#7758 = CARTESIAN_POINT('',(33.227642864382,21.923262994007,
    -7.947262283051));
#7759 = CARTESIAN_POINT('',(33.211350308692,21.926113959119,
    -7.944303724659));
#7760 = CARTESIAN_POINT('',(33.195241259759,21.929140038587,
    -7.941102002398));
#7761 = CARTESIAN_POINT('',(33.179333544498,21.932330650972,
    -7.93765164869));
#7762 = CARTESIAN_POINT('',(33.16364531878,21.935673830122,
    -7.933947123124));
#7763 = CARTESIAN_POINT('',(33.125677829576,21.944231477079,
    -7.924205215449));
#7764 = CARTESIAN_POINT('',(33.103661932272,21.949603334627,
    -7.917874896557));
#7765 = CARTESIAN_POINT('',(33.082210106118,21.955229488237,
    -7.910975985455));
#7766 = CARTESIAN_POINT('',(33.061382683613,21.96106135633,
    -7.903493663031));
#7767 = CARTESIAN_POINT('',(33.041237686808,21.967045108373,
    -7.895415610211));
#7768 = CARTESIAN_POINT('',(32.97805846891,21.986830816483,
    -7.867150648473));
#7769 = CARTESIAN_POINT('',(32.9379677096,22.001039334311,
    -7.844461389655));
#7770 = CARTESIAN_POINT('',(32.902410842496,22.015027611406,
    -7.81863472175));
#7771 = CARTESIAN_POINT('',(32.872045483642,22.027952293971,
    -7.789805497906));
#7772 = CARTESIAN_POINT('',(32.847362344847,22.039011927692,
    -7.758382473057));
#7773 = CARTESIAN_POINT('',(32.828713920895,22.047631245172,-7.725));
#7774 = ORIENTED_EDGE('',*,*,#7775,.T.);
#7775 = EDGE_CURVE('',#7724,#7776,#7778,.T.);
#7776 = VERTEX_POINT('',#7777);
#7777 = CARTESIAN_POINT('',(30.5,22.047631245172,-7.725));
#7778 = LINE('',#7779,#7780);
#7779 = CARTESIAN_POINT('',(41.,22.047631245172,-7.725));
#7780 = VECTOR('',#7781,1.);
#7781 = DIRECTION('',(-1.,2.2E-16,-2.2E-16));
#7782 = ORIENTED_EDGE('',*,*,#7783,.T.);
#7783 = EDGE_CURVE('',#7776,#7706,#7784,.T.);
#7784 = CIRCLE('',#7785,0.5);
#7785 = AXIS2_PLACEMENT_3D('',#7786,#7787,#7788);
#7786 = CARTESIAN_POINT('',(30.5,21.563508326896,-7.6));
#7787 = DIRECTION('',(-1.,2.2E-16,-2.2E-16));
#7788 = DIRECTION('',(-2.2E-16,-1.,0.));
#7789 = CYLINDRICAL_SURFACE('',#7790,0.5);
#7790 = AXIS2_PLACEMENT_3D('',#7791,#7792,#7793);
#7791 = CARTESIAN_POINT('',(41.,21.563508326896,-7.6));
#7792 = DIRECTION('',(1.,-2.2E-16,2.2E-16));
#7793 = DIRECTION('',(-2.2E-16,-1.,0.));
#7794 = ADVANCED_FACE('',(#7795),#7873,.F.);
#7795 = FACE_BOUND('',#7796,.T.);
#7796 = EDGE_LOOP('',(#7797,#7798,#7799,#7830,#7865,#7871,#7872));
#7797 = ORIENTED_EDGE('',*,*,#6305,.F.);
#7798 = ORIENTED_EDGE('',*,*,#7715,.T.);
#7799 = ORIENTED_EDGE('',*,*,#7800,.F.);
#7800 = EDGE_CURVE('',#7801,#7716,#7803,.T.);
#7801 = VERTEX_POINT('',#7802);
#7802 = CARTESIAN_POINT('',(35.1,23.5,-6.6));
#7803 = B_SPLINE_CURVE_WITH_KNOTS('',7,(#7804,#7805,#7806,#7807,#7808,
    #7809,#7810,#7811,#7812,#7813,#7814,#7815,#7816,#7817,#7818,#7819,
    #7820,#7821,#7822,#7823,#7824,#7825,#7826,#7827,#7828,#7829),
  .UNSPECIFIED.,.F.,.F.,(8,6,6,6,8),(0.,0.181951352765,0.29816029836,
    0.750825807096,1.),.UNSPECIFIED.);
#7804 = CARTESIAN_POINT('',(35.1,23.5,-6.6));
#7805 = CARTESIAN_POINT('',(35.1,23.437620294858,-6.6));
#7806 = CARTESIAN_POINT('',(35.09716268328,23.375343290636,
    -6.60302654864));
#7807 = CARTESIAN_POINT('',(35.091504746465,23.313526039389,
    -6.60906154408));
#7808 = CARTESIAN_POINT('',(35.083108782449,23.252523682199,
    -6.618021882333));
#7809 = CARTESIAN_POINT('',(35.072122555124,23.192683468167,
    -6.629759156972));
#7810 = CARTESIAN_POINT('',(35.05875827412,23.134338773409,
    -6.64405935885));
#7811 = CARTESIAN_POINT('',(35.033413764523,23.041694849549,
    -6.671233968118));
#7812 = CARTESIAN_POINT('',(35.022667454841,23.006285487119,
    -6.682768058781));
#7813 = CARTESIAN_POINT('',(35.011105827453,22.971602500878,
    -6.695192331493));
#7814 = CARTESIAN_POINT('',(34.998782826936,22.937670790735,
    -6.708453459667));
#7815 = CARTESIAN_POINT('',(34.985753455486,22.904512688406,
    -6.722497306439));
#7816 = CARTESIAN_POINT('',(34.972073772913,22.872147957408,
    -6.737268924667));
#7817 = CARTESIAN_POINT('',(34.902204154365,22.717681724766,
    -6.812869712821));
#7818 = CARTESIAN_POINT('',(34.837469575215,22.606765963922,
    -6.883370720227));
#7819 = CARTESIAN_POINT('',(34.766226588157,22.507502333538,
    -6.961731270637));
#7820 = CARTESIAN_POINT('',(34.690520166764,22.419330866073,
    -7.046170441762));
#7821 = CARTESIAN_POINT('',(34.612110550928,22.341668631761,
    -7.135411862522));
#7822 = CARTESIAN_POINT('',(34.532675238301,22.274001980081,
    -7.228466548035));
#7823 = CARTESIAN_POINT('',(34.411459249974,22.18390070709,
    -7.377702856354));
#7824 = CARTESIAN_POINT('',(34.368951325999,22.154916208475,
    -7.431474718207));
#7825 = CARTESIAN_POINT('',(34.326858476082,22.128465250874,
    -7.486519844018));
#7826 = CARTESIAN_POINT('',(34.285254896933,22.104363505025,
    -7.543297326589));
#7827 = CARTESIAN_POINT('',(34.244648693947,22.082723796399,
    -7.602007001416));
#7828 = CARTESIAN_POINT('',(34.206142304681,22.063741822408,
    -7.662604002668));
#7829 = CARTESIAN_POINT('',(34.171286079105,22.047631245172,-7.725));
#7830 = ORIENTED_EDGE('',*,*,#7831,.F.);
#7831 = EDGE_CURVE('',#7832,#7801,#7834,.T.);
#7832 = VERTEX_POINT('',#7833);
#7833 = CARTESIAN_POINT('',(34.171286079105,24.952368754828,-7.725));
#7834 = B_SPLINE_CURVE_WITH_KNOTS('',8,(#7835,#7836,#7837,#7838,#7839,
    #7840,#7841,#7842,#7843,#7844,#7845,#7846,#7847,#7848,#7849,#7850,
    #7851,#7852,#7853,#7854,#7855,#7856,#7857,#7858,#7859,#7860,#7861,
    #7862,#7863,#7864),.UNSPECIFIED.,.F.,.F.,(9,7,7,7,9),(0.,
    0.244082215421,0.701223316462,0.816442822567,1.),.UNSPECIFIED.);
#7835 = CARTESIAN_POINT('',(34.171286079105,24.952368754828,-7.725));
#7836 = CARTESIAN_POINT('',(34.20125945364,24.938515035514,
    -7.671344775816));
#7837 = CARTESIAN_POINT('',(34.233871458086,24.922583875413,
    -7.619002315255));
#7838 = CARTESIAN_POINT('',(34.268201705663,24.904702931609,
    -7.568022679376));
#7839 = CARTESIAN_POINT('',(34.303540401633,24.884990844753,
    -7.518435214459));
#7840 = CARTESIAN_POINT('',(34.339439901647,24.863534239072,
    -7.470177609059));
#7841 = CARTESIAN_POINT('',(34.375695666009,24.840330479483,
    -7.423068445934));
#7842 = CARTESIAN_POINT('',(34.412281397891,24.815238836741,
    -7.376830167304));
#7843 = CARTESIAN_POINT('',(34.518526210965,24.736934768371,
    -7.245651358055));
#7844 = CARTESIAN_POINT('',(34.588432626336,24.678843499871,
    -7.163078508875));
#7845 = CARTESIAN_POINT('',(34.657845684996,24.613292238035,
    -7.083315543152));
#7846 = CARTESIAN_POINT('',(34.725834837077,24.539777690251,
    -7.006767547758));
#7847 = CARTESIAN_POINT('',(34.791257147311,24.457835402785,
    -6.93418861796));
#7848 = CARTESIAN_POINT('',(34.852791722605,24.367135982818,
    -6.866681817084));
#7849 = CARTESIAN_POINT('',(34.908909902121,24.267538014624,
    -6.805613281502));
#7850 = CARTESIAN_POINT('',(34.970251457057,24.131869464066,
    -6.739240879493));
#7851 = CARTESIAN_POINT('',(34.982164141503,24.103964769752,
    -6.726373302047));
#7852 = CARTESIAN_POINT('',(34.9936067459,24.075476407712,-6.71403281348
    ));
#7853 = CARTESIAN_POINT('',(35.004545388028,24.046415760621,
    -6.702252580681));
#7854 = CARTESIAN_POINT('',(35.014946657563,24.016795432439,
    -6.691065420138));
#7855 = CARTESIAN_POINT('',(35.024777616077,23.986629248418,
    -6.680503797945));
#7856 = CARTESIAN_POINT('',(35.034005797037,23.955932255094,
    -6.670599829796));
#7857 = CARTESIAN_POINT('',(35.056289438576,23.874997358119,
    -6.646705504731));
#7858 = CARTESIAN_POINT('',(35.068389840621,23.823891313529,
    -6.63375284518));
#7859 = CARTESIAN_POINT('',(35.078723338969,23.77160248396,
    -6.622706972459));
#7860 = CARTESIAN_POINT('',(35.087145638878,23.71834100162,
    -6.613713636379));
#7861 = CARTESIAN_POINT('',(35.093545506026,23.664324922671,
    -6.606884783513));
#7862 = CARTESIAN_POINT('',(35.097845048703,23.609777916413,
    -6.602298674277));
#7863 = CARTESIAN_POINT('',(35.1,23.554926954476,-6.6));
#7864 = CARTESIAN_POINT('',(35.1,23.5,-6.6));
#7865 = ORIENTED_EDGE('',*,*,#7866,.F.);
#7866 = EDGE_CURVE('',#6365,#7832,#7867,.T.);
#7867 = LINE('',#7868,#7869);
#7868 = CARTESIAN_POINT('',(41.,24.952368754828,-7.725));
#7869 = VECTOR('',#7870,1.);
#7870 = DIRECTION('',(-1.,2.2E-16,-2.2E-16));
#7871 = ORIENTED_EDGE('',*,*,#6364,.F.);
#7872 = ORIENTED_EDGE('',*,*,#6348,.F.);
#7873 = CYLINDRICAL_SURFACE('',#7874,1.5);
#7874 = AXIS2_PLACEMENT_3D('',#7875,#7876,#7877);
#7875 = CARTESIAN_POINT('',(41.,23.5,-8.1));
#7876 = DIRECTION('',(1.,-2.2E-16,2.2E-16));
#7877 = DIRECTION('',(-2.2E-16,-1.,0.));
#7878 = ADVANCED_FACE('',(#7879),#7959,.T.);
#7879 = FACE_BOUND('',#7880,.F.);
#7880 = EDGE_LOOP('',(#7881,#7882,#7883,#7891,#7900,#7908,#7958));
#7881 = ORIENTED_EDGE('',*,*,#6398,.T.);
#7882 = ORIENTED_EDGE('',*,*,#6519,.T.);
#7883 = ORIENTED_EDGE('',*,*,#7884,.T.);
#7884 = EDGE_CURVE('',#6510,#7885,#7887,.T.);
#7885 = VERTEX_POINT('',#7886);
#7886 = CARTESIAN_POINT('',(30.5,25.436491673104,-8.1));
#7887 = LINE('',#7888,#7889);
#7888 = CARTESIAN_POINT('',(41.,25.436491673104,-8.1));
#7889 = VECTOR('',#7890,1.);
#7890 = DIRECTION('',(-1.,2.2E-16,-2.2E-16));
#7891 = ORIENTED_EDGE('',*,*,#7892,.T.);
#7892 = EDGE_CURVE('',#7885,#7893,#7895,.T.);
#7893 = VERTEX_POINT('',#7894);
#7894 = CARTESIAN_POINT('',(30.5,24.952368754828,-7.725));
#7895 = CIRCLE('',#7896,0.5);
#7896 = AXIS2_PLACEMENT_3D('',#7897,#7898,#7899);
#7897 = CARTESIAN_POINT('',(30.5,25.436491673104,-7.6));
#7898 = DIRECTION('',(-1.,2.2E-16,-2.2E-16));
#7899 = DIRECTION('',(-2.2E-16,-1.,0.));
#7900 = ORIENTED_EDGE('',*,*,#7901,.F.);
#7901 = EDGE_CURVE('',#7902,#7893,#7904,.T.);
#7902 = VERTEX_POINT('',#7903);
#7903 = CARTESIAN_POINT('',(32.828713920895,24.952368754828,-7.725));
#7904 = LINE('',#7905,#7906);
#7905 = CARTESIAN_POINT('',(41.,24.952368754828,-7.725));
#7906 = VECTOR('',#7907,1.);
#7907 = DIRECTION('',(-1.,2.2E-16,-2.2E-16));
#7908 = ORIENTED_EDGE('',*,*,#7909,.T.);
#7909 = EDGE_CURVE('',#7902,#7832,#7910,.T.);
#7910 = B_SPLINE_CURVE_WITH_KNOTS('',6,(#7911,#7912,#7913,#7914,#7915,
    #7916,#7917,#7918,#7919,#7920,#7921,#7922,#7923,#7924,#7925,#7926,
    #7927,#7928,#7929,#7930,#7931,#7932,#7933,#7934,#7935,#7936,#7937,
    #7938,#7939,#7940,#7941,#7942,#7943,#7944,#7945,#7946,#7947,#7948,
    #7949,#7950,#7951,#7952,#7953,#7954,#7955,#7956,#7957),
  .UNSPECIFIED.,.F.,.F.,(7,5,5,5,5,5,5,5,5,7),(0.,0.199564904862,
    0.287176270631,0.348088192689,0.391713841715,0.49938329481,
    0.65114656092,0.711873650232,0.800377473475,1.),.UNSPECIFIED.);
#7911 = CARTESIAN_POINT('',(32.828713920895,24.952368754828,-7.725));
#7912 = CARTESIAN_POINT('',(32.84735459248,24.960984489157,
    -7.758368595574));
#7913 = CARTESIAN_POINT('',(32.872024713718,24.972038396186,
    -7.789778927881));
#7914 = CARTESIAN_POINT('',(32.902372104071,24.98495588267,
    -7.818597833254));
#7915 = CARTESIAN_POINT('',(32.937906886996,24.998936728921,
    -7.844417194686));
#7916 = CARTESIAN_POINT('',(32.977972743006,25.013138814803,
    -7.867102168279));
#7917 = CARTESIAN_POINT('',(33.04092428437,25.032858283795,
    -7.895279828874));
#7918 = CARTESIAN_POINT('',(33.060852999075,25.03878260086,
    -7.903284414345));
#7919 = CARTESIAN_POINT('',(33.081451108905,25.044558918334,
    -7.910705250089));
#7920 = CARTESIAN_POINT('',(33.102662320351,25.050134960205,
    -7.917554209633));
#7921 = CARTESIAN_POINT('',(33.124428106376,25.055463480101,
    -7.923845593014));
#7922 = CARTESIAN_POINT('',(33.162163580306,25.064007140693,
    -7.933591857377));
#7923 = CARTESIAN_POINT('',(33.177880119111,25.067371887675,
    -7.937327303602));
#7924 = CARTESIAN_POINT('',(33.193818573805,25.070583943091,
    -7.940806740091));
#7925 = CARTESIAN_POINT('',(33.209960612971,25.073631170721,
    -7.944035754361));
#7926 = CARTESIAN_POINT('',(33.226288238137,25.076502836403,
    -7.94701986891));
#7927 = CARTESIAN_POINT('',(33.254598037221,25.081113897269,
    -7.95173029943));
#7928 = CARTESIAN_POINT('',(33.266498422547,25.082943338188,
    -7.953573197918));
#7929 = CARTESIAN_POINT('',(33.278478459641,25.084674500661,
    -7.95529520506));
#7930 = CARTESIAN_POINT('',(33.290531742028,25.08630430189,
    -7.956898161222));
#7931 = CARTESIAN_POINT('',(33.302651936883,25.087830006402,
    -7.958383778766));
#7932 = CARTESIAN_POINT('',(33.344895495553,25.092751904101,
    -7.963134507046));
#7933 = CARTESIAN_POINT('',(33.375325860664,25.095605746376,
    -7.965810024721));
#7934 = CARTESIAN_POINT('',(33.406032254346,25.097775206682,
    -7.96780426153));
#7935 = CARTESIAN_POINT('',(33.436922906814,25.099236621808,
    -7.969134221807));
#7936 = CARTESIAN_POINT('',(33.467906163557,25.099978134342,
    -7.969808922382));
#7937 = CARTESIAN_POINT('',(33.54256442387,25.100029893789,
    -7.969856016222));
#7938 = CARTESIAN_POINT('',(33.586247525566,25.098629651419,
    -7.968581778799));
#7939 = CARTESIAN_POINT('',(33.629682074476,25.095797600362,
    -7.966006551714));
#7940 = CARTESIAN_POINT('',(33.672608489914,25.091579383053,
    -7.962094969594));
#7941 = CARTESIAN_POINT('',(33.714766919161,25.086067903771,
    -7.956782605636));
#7942 = CARTESIAN_POINT('',(33.772357135618,25.076737005993,
    -7.947262283051));
#7943 = CARTESIAN_POINT('',(33.788649691308,25.073886040881,
    -7.944303724659));
#7944 = CARTESIAN_POINT('',(33.804758740241,25.070859961413,
    -7.941102002398));
#7945 = CARTESIAN_POINT('',(33.820666455502,25.067669349028,
    -7.93765164869));
#7946 = CARTESIAN_POINT('',(33.83635468122,25.064326169878,
    -7.933947123124));
#7947 = CARTESIAN_POINT('',(33.874322170424,25.055768522921,
    -7.924205215449));
#7948 = CARTESIAN_POINT('',(33.896338067728,25.050396665373,
    -7.917874896557));
#7949 = CARTESIAN_POINT('',(33.917789893882,25.044770511763,
    -7.910975985455));
#7950 = CARTESIAN_POINT('',(33.938617316387,25.03893864367,
    -7.903493663031));
#7951 = CARTESIAN_POINT('',(33.958762313192,25.032954891627,
    -7.895415610211));
#7952 = CARTESIAN_POINT('',(34.02194153109,25.013169183517,
    -7.867150648473));
#7953 = CARTESIAN_POINT('',(34.062032290401,24.998960665689,
    -7.844461389655));
#7954 = CARTESIAN_POINT('',(34.097589157504,24.984972388594,
    -7.81863472175));
#7955 = CARTESIAN_POINT('',(34.127954516358,24.972047706029,
    -7.789805497906));
#7956 = CARTESIAN_POINT('',(34.152637655153,24.960988072308,
    -7.758382473057));
#7957 = CARTESIAN_POINT('',(34.171286079105,24.952368754828,-7.725));
#7958 = ORIENTED_EDGE('',*,*,#7866,.F.);
#7959 = CYLINDRICAL_SURFACE('',#7960,0.5);
#7960 = AXIS2_PLACEMENT_3D('',#7961,#7962,#7963);
#7961 = CARTESIAN_POINT('',(41.,25.436491673104,-7.6));
#7962 = DIRECTION('',(1.,-2.2E-16,2.2E-16));
#7963 = DIRECTION('',(-2.2E-16,-1.,0.));
#7964 = ADVANCED_FACE('',(#7965),#7983,.F.);
#7965 = FACE_BOUND('',#7966,.T.);
#7966 = EDGE_LOOP('',(#7967,#7968,#7969,#7977));
#7967 = ORIENTED_EDGE('',*,*,#6509,.F.);
#7968 = ORIENTED_EDGE('',*,*,#7884,.T.);
#7969 = ORIENTED_EDGE('',*,*,#7970,.T.);
#7970 = EDGE_CURVE('',#7885,#7971,#7973,.T.);
#7971 = VERTEX_POINT('',#7972);
#7972 = CARTESIAN_POINT('',(30.5,26.15,-8.1));
#7973 = LINE('',#7974,#7975);
#7974 = CARTESIAN_POINT('',(30.5,20.85,-8.1));
#7975 = VECTOR('',#7976,1.);
#7976 = DIRECTION('',(2.2E-16,1.,0.));
#7977 = ORIENTED_EDGE('',*,*,#7978,.F.);
#7978 = EDGE_CURVE('',#6512,#7971,#7979,.T.);
#7979 = LINE('',#7980,#7981);
#7980 = CARTESIAN_POINT('',(41.,26.15,-8.1));
#7981 = VECTOR('',#7982,1.);
#7982 = DIRECTION('',(-1.,2.2E-16,-2.2E-16));
#7983 = PLANE('',#7984);
#7984 = AXIS2_PLACEMENT_3D('',#7985,#7986,#7987);
#7985 = CARTESIAN_POINT('',(41.,20.85,-8.1));
#7986 = DIRECTION('',(-2.2E-16,0.,1.));
#7987 = DIRECTION('',(-2.2E-16,-1.,-4.84E-32));
#7988 = ADVANCED_FACE('',(#7989),#8007,.F.);
#7989 = FACE_BOUND('',#7990,.T.);
#7990 = EDGE_LOOP('',(#7991,#7992,#7993,#8001));
#7991 = ORIENTED_EDGE('',*,*,#6552,.F.);
#7992 = ORIENTED_EDGE('',*,*,#7978,.T.);
#7993 = ORIENTED_EDGE('',*,*,#7994,.T.);
#7994 = EDGE_CURVE('',#7971,#7995,#7997,.T.);
#7995 = VERTEX_POINT('',#7996);
#7996 = CARTESIAN_POINT('',(30.5,26.15,-10.1));
#7997 = LINE('',#7998,#7999);
#7998 = CARTESIAN_POINT('',(30.5,26.15,-8.1));
#7999 = VECTOR('',#8000,1.);
#8000 = DIRECTION('',(2.2E-16,-0.,-1.));
#8001 = ORIENTED_EDGE('',*,*,#8002,.F.);
#8002 = EDGE_CURVE('',#6545,#7995,#8003,.T.);
#8003 = LINE('',#8004,#8005);
#8004 = CARTESIAN_POINT('',(41.,26.15,-10.1));
#8005 = VECTOR('',#8006,1.);
#8006 = DIRECTION('',(-1.,2.2E-16,-2.2E-16));
#8007 = PLANE('',#8008);
#8008 = AXIS2_PLACEMENT_3D('',#8009,#8010,#8011);
#8009 = CARTESIAN_POINT('',(41.,26.15,-8.1));
#8010 = DIRECTION('',(2.2E-16,1.,0.));
#8011 = DIRECTION('',(-2.2E-16,4.84E-32,1.));
#8012 = ADVANCED_FACE('',(#8013,#8031),#8042,.F.);
#8013 = FACE_BOUND('',#8014,.T.);
#8014 = EDGE_LOOP('',(#8015,#8016,#8017,#8025));
#8015 = ORIENTED_EDGE('',*,*,#6576,.F.);
#8016 = ORIENTED_EDGE('',*,*,#8002,.T.);
#8017 = ORIENTED_EDGE('',*,*,#8018,.T.);
#8018 = EDGE_CURVE('',#7995,#8019,#8021,.T.);
#8019 = VERTEX_POINT('',#8020);
#8020 = CARTESIAN_POINT('',(30.5,20.85,-10.1));
#8021 = LINE('',#8022,#8023);
#8022 = CARTESIAN_POINT('',(30.5,26.15,-10.1));
#8023 = VECTOR('',#8024,1.);
#8024 = DIRECTION('',(-2.2E-16,-1.,0.));
#8025 = ORIENTED_EDGE('',*,*,#8026,.F.);
#8026 = EDGE_CURVE('',#6569,#8019,#8027,.T.);
#8027 = LINE('',#8028,#8029);
#8028 = CARTESIAN_POINT('',(41.,20.85,-10.1));
#8029 = VECTOR('',#8030,1.);
#8030 = DIRECTION('',(-1.,2.2E-16,-2.2E-16));
#8031 = FACE_BOUND('',#8032,.T.);
#8032 = EDGE_LOOP('',(#8033));
#8033 = ORIENTED_EDGE('',*,*,#8034,.T.);
#8034 = EDGE_CURVE('',#8035,#8035,#8037,.T.);
#8035 = VERTEX_POINT('',#8036);
#8036 = CARTESIAN_POINT('',(35.1,23.5,-10.1));
#8037 = CIRCLE('',#8038,1.6);
#8038 = AXIS2_PLACEMENT_3D('',#8039,#8040,#8041);
#8039 = CARTESIAN_POINT('',(33.5,23.5,-10.1));
#8040 = DIRECTION('',(0.,0.,-1.));
#8041 = DIRECTION('',(1.,0.,0.));
#8042 = PLANE('',#8043);
#8043 = AXIS2_PLACEMENT_3D('',#8044,#8045,#8046);
#8044 = CARTESIAN_POINT('',(41.,26.15,-10.1));
#8045 = DIRECTION('',(2.2E-16,0.,-1.));
#8046 = DIRECTION('',(2.2E-16,1.,4.84E-32));
#8047 = ADVANCED_FACE('',(#8048),#8066,.F.);
#8048 = FACE_BOUND('',#8049,.T.);
#8049 = EDGE_LOOP('',(#8050,#8051,#8052,#8060));
#8050 = ORIENTED_EDGE('',*,*,#6600,.F.);
#8051 = ORIENTED_EDGE('',*,*,#8026,.T.);
#8052 = ORIENTED_EDGE('',*,*,#8053,.T.);
#8053 = EDGE_CURVE('',#8019,#8054,#8056,.T.);
#8054 = VERTEX_POINT('',#8055);
#8055 = CARTESIAN_POINT('',(30.5,20.85,-8.1));
#8056 = LINE('',#8057,#8058);
#8057 = CARTESIAN_POINT('',(30.5,20.85,-10.1));
#8058 = VECTOR('',#8059,1.);
#8059 = DIRECTION('',(-2.2E-16,0.,1.));
#8060 = ORIENTED_EDGE('',*,*,#8061,.F.);
#8061 = EDGE_CURVE('',#6593,#8054,#8062,.T.);
#8062 = LINE('',#8063,#8064);
#8063 = CARTESIAN_POINT('',(41.,20.85,-8.1));
#8064 = VECTOR('',#8065,1.);
#8065 = DIRECTION('',(-1.,2.2E-16,-2.2E-16));
#8066 = PLANE('',#8067);
#8067 = AXIS2_PLACEMENT_3D('',#8068,#8069,#8070);
#8068 = CARTESIAN_POINT('',(41.,20.85,-10.1));
#8069 = DIRECTION('',(-2.2E-16,-1.,-0.));
#8070 = DIRECTION('',(2.2E-16,-4.84E-32,-1.));
#8071 = ADVANCED_FACE('',(#8072),#8083,.F.);
#8072 = FACE_BOUND('',#8073,.T.);
#8073 = EDGE_LOOP('',(#8074,#8075,#8076,#8082));
#8074 = ORIENTED_EDGE('',*,*,#6626,.F.);
#8075 = ORIENTED_EDGE('',*,*,#8061,.T.);
#8076 = ORIENTED_EDGE('',*,*,#8077,.T.);
#8077 = EDGE_CURVE('',#8054,#7706,#8078,.T.);
#8078 = LINE('',#8079,#8080);
#8079 = CARTESIAN_POINT('',(30.5,20.85,-8.1));
#8080 = VECTOR('',#8081,1.);
#8081 = DIRECTION('',(2.2E-16,1.,0.));
#8082 = ORIENTED_EDGE('',*,*,#7705,.F.);
#8083 = PLANE('',#8084);
#8084 = AXIS2_PLACEMENT_3D('',#8085,#8086,#8087);
#8085 = CARTESIAN_POINT('',(41.,20.85,-8.1));
#8086 = DIRECTION('',(-2.2E-16,0.,1.));
#8087 = DIRECTION('',(-2.2E-16,-1.,-4.84E-32));
#8088 = ADVANCED_FACE('',(#8089),#8100,.F.);
#8089 = FACE_BOUND('',#8090,.F.);
#8090 = EDGE_LOOP('',(#8091,#8092,#8098,#8099));
#8091 = ORIENTED_EDGE('',*,*,#6801,.F.);
#8092 = ORIENTED_EDGE('',*,*,#8093,.T.);
#8093 = EDGE_CURVE('',#6802,#7053,#8094,.T.);
#8094 = LINE('',#8095,#8096);
#8095 = CARTESIAN_POINT('',(-31.9,23.5,-14.5));
#8096 = VECTOR('',#8097,1.);
#8097 = DIRECTION('',(0.,0.,1.));
#8098 = ORIENTED_EDGE('',*,*,#7052,.T.);
#8099 = ORIENTED_EDGE('',*,*,#8093,.F.);
#8100 = CYLINDRICAL_SURFACE('',#8101,1.6);
#8101 = AXIS2_PLACEMENT_3D('',#8102,#8103,#8104);
#8102 = CARTESIAN_POINT('',(-33.5,23.5,-14.5));
#8103 = DIRECTION('',(0.,0.,-1.));
#8104 = DIRECTION('',(1.,0.,0.));
#8105 = ADVANCED_FACE('',(#8106),#8191,.F.);
#8106 = FACE_BOUND('',#8107,.F.);
#8107 = EDGE_LOOP('',(#8108,#8139,#8147,#8154,#8155,#8188,#8189,#8190));
#8108 = ORIENTED_EDGE('',*,*,#8109,.F.);
#8109 = EDGE_CURVE('',#8110,#7097,#8112,.T.);
#8110 = VERTEX_POINT('',#8111);
#8111 = CARTESIAN_POINT('',(-31.9,23.5,-6.6));
#8112 = B_SPLINE_CURVE_WITH_KNOTS('',7,(#8113,#8114,#8115,#8116,#8117,
    #8118,#8119,#8120,#8121,#8122,#8123,#8124,#8125,#8126,#8127,#8128,
    #8129,#8130,#8131,#8132,#8133,#8134,#8135,#8136,#8137,#8138),
  .UNSPECIFIED.,.F.,.F.,(8,6,6,6,8),(0.,0.181951352697,0.298160298307,
    0.750825807074,1.),.UNSPECIFIED.);
#8113 = CARTESIAN_POINT('',(-31.9,23.5,-6.6));
#8114 = CARTESIAN_POINT('',(-31.9,23.437620294824,-6.6));
#8115 = CARTESIAN_POINT('',(-31.90283731672,23.375343290633,
    -6.603026548643));
#8116 = CARTESIAN_POINT('',(-31.90849525353,23.313526039416,
    -6.609061544079));
#8117 = CARTESIAN_POINT('',(-31.91689121754,23.252523682225,
    -6.618021882326));
#8118 = CARTESIAN_POINT('',(-31.92787744487,23.192683468162,
    -6.62975915697));
#8119 = CARTESIAN_POINT('',(-31.94124172588,23.134338773377,
    -6.644059358859));
#8120 = CARTESIAN_POINT('',(-31.96658623547,23.04169484955,
    -6.671233968118));
#8121 = CARTESIAN_POINT('',(-31.97733254515,23.00628548712,
    -6.682768058781));
#8122 = CARTESIAN_POINT('',(-31.98889417254,22.971602500876,
    -6.695192331493));
#8123 = CARTESIAN_POINT('',(-32.00121717306,22.937670790734,
    -6.708453459667));
#8124 = CARTESIAN_POINT('',(-32.01424654451,22.904512688406,
    -6.722497306438));
#8125 = CARTESIAN_POINT('',(-32.02792622708,22.872147957409,
    -6.737268924666));
#8126 = CARTESIAN_POINT('',(-32.09779584563,22.717681724768,
    -6.81286971282));
#8127 = CARTESIAN_POINT('',(-32.16253042478,22.606765963924,
    -6.883370720226));
#8128 = CARTESIAN_POINT('',(-32.23377341184,22.507502333538,
    -6.961731270636));
#8129 = CARTESIAN_POINT('',(-32.30947983323,22.419330866073,
    -7.046170441762));
#8130 = CARTESIAN_POINT('',(-32.38788944907,22.341668631759,
    -7.135411862525));
#8131 = CARTESIAN_POINT('',(-32.4673247617,22.27400198008,
    -7.228466548037));
#8132 = CARTESIAN_POINT('',(-32.58854075002,22.18390070709,
    -7.377702856354));
#8133 = CARTESIAN_POINT('',(-32.631048674,22.154916208475,
    -7.431474718207));
#8134 = CARTESIAN_POINT('',(-32.67314152391,22.128465250874,
    -7.486519844018));
#8135 = CARTESIAN_POINT('',(-32.71474510306,22.104363505025,
    -7.543297326589));
#8136 = CARTESIAN_POINT('',(-32.75535130605,22.082723796399,
    -7.602007001416));
#8137 = CARTESIAN_POINT('',(-32.79385769531,22.063741822408,
    -7.662604002669));
#8138 = CARTESIAN_POINT('',(-32.82871392089,22.047631245172,-7.725));
#8139 = ORIENTED_EDGE('',*,*,#8140,.T.);
#8140 = EDGE_CURVE('',#8110,#8141,#8143,.T.);
#8141 = VERTEX_POINT('',#8142);
#8142 = CARTESIAN_POINT('',(-31.9,23.5,-5.5));
#8143 = LINE('',#8144,#8145);
#8144 = CARTESIAN_POINT('',(-31.9,23.5,-14.5));
#8145 = VECTOR('',#8146,1.);
#8146 = DIRECTION('',(0.,0.,1.));
#8147 = ORIENTED_EDGE('',*,*,#8148,.T.);
#8148 = EDGE_CURVE('',#8141,#8141,#8149,.T.);
#8149 = CIRCLE('',#8150,1.6);
#8150 = AXIS2_PLACEMENT_3D('',#8151,#8152,#8153);
#8151 = CARTESIAN_POINT('',(-33.5,23.5,-5.5));
#8152 = DIRECTION('',(0.,0.,-1.));
#8153 = DIRECTION('',(1.,0.,0.));
#8154 = ORIENTED_EDGE('',*,*,#8140,.F.);
#8155 = ORIENTED_EDGE('',*,*,#8156,.F.);
#8156 = EDGE_CURVE('',#6852,#8110,#8157,.T.);
#8157 = B_SPLINE_CURVE_WITH_KNOTS('',8,(#8158,#8159,#8160,#8161,#8162,
    #8163,#8164,#8165,#8166,#8167,#8168,#8169,#8170,#8171,#8172,#8173,
    #8174,#8175,#8176,#8177,#8178,#8179,#8180,#8181,#8182,#8183,#8184,
    #8185,#8186,#8187),.UNSPECIFIED.,.F.,.F.,(9,7,7,7,9),(0.,
    0.244082164354,0.701223169768,0.816442698673,1.),.UNSPECIFIED.);
#8158 = CARTESIAN_POINT('',(-32.82871392089,24.952368754828,-7.725));
#8159 = CARTESIAN_POINT('',(-32.79874054636,24.938515035514,
    -7.671344775816));
#8160 = CARTESIAN_POINT('',(-32.76612854191,24.922583875413,
    -7.619002315255));
#8161 = CARTESIAN_POINT('',(-32.73179829433,24.904702931609,
    -7.568022679376));
#8162 = CARTESIAN_POINT('',(-32.69645959836,24.884990844753,
    -7.518435214459));
#8163 = CARTESIAN_POINT('',(-32.66056009835,24.863534239072,
    -7.470177609059));
#8164 = CARTESIAN_POINT('',(-32.62430433399,24.840330479483,
    -7.423068445935));
#8165 = CARTESIAN_POINT('',(-32.5877186021,24.815238836741,
    -7.376830167303));
#8166 = CARTESIAN_POINT('',(-32.48147378903,24.73693476837,
    -7.245651358052));
#8167 = CARTESIAN_POINT('',(-32.41156737366,24.678843499869,
    -7.163078508872));
#8168 = CARTESIAN_POINT('',(-32.342154315,24.613292238033,-7.08331554315
    ));
#8169 = CARTESIAN_POINT('',(-32.27416516292,24.539777690252,
    -7.00676754776));
#8170 = CARTESIAN_POINT('',(-32.20874285269,24.457835402786,
    -6.93418861796));
#8171 = CARTESIAN_POINT('',(-32.14720827739,24.36713598282,
    -6.866681817086));
#8172 = CARTESIAN_POINT('',(-32.09109009788,24.267538014627,
    -6.805613281503));
#8173 = CARTESIAN_POINT('',(-32.02974853791,24.131869452948,
    -6.739240874054));
#8174 = CARTESIAN_POINT('',(-32.01783585619,24.103964767036,
    -6.726373299542));
#8175 = CARTESIAN_POINT('',(-32.00639325609,24.075476416036,
    -6.714032815612));
#8176 = CARTESIAN_POINT('',(-31.99545461606,24.046415772708,
    -6.702252585092));
#8177 = CARTESIAN_POINT('',(-31.98505334509,24.016795438069,
    -6.691065423016));
#8178 = CARTESIAN_POINT('',(-31.97522238268,23.98662924139,
    -6.680503796632));
#8179 = CARTESIAN_POINT('',(-31.96599419886,23.955932240203,
    -6.6705998254));
#8180 = CARTESIAN_POINT('',(-31.94371056142,23.874997358119,
    -6.646705504731));
#8181 = CARTESIAN_POINT('',(-31.93161015937,23.823891313529,
    -6.63375284518));
#8182 = CARTESIAN_POINT('',(-31.92127666103,23.77160248396,
    -6.622706972459));
#8183 = CARTESIAN_POINT('',(-31.91285436112,23.71834100162,
    -6.613713636379));
#8184 = CARTESIAN_POINT('',(-31.90645449397,23.664324922671,
    -6.606884783513));
#8185 = CARTESIAN_POINT('',(-31.90215495129,23.609777916413,
    -6.602298674277));
#8186 = CARTESIAN_POINT('',(-31.9,23.554926954476,-6.6));
#8187 = CARTESIAN_POINT('',(-31.9,23.5,-6.6));
#8188 = ORIENTED_EDGE('',*,*,#6859,.F.);
#8189 = ORIENTED_EDGE('',*,*,#6985,.F.);
#8190 = ORIENTED_EDGE('',*,*,#7096,.F.);
#8191 = CYLINDRICAL_SURFACE('',#8192,1.6);
#8192 = AXIS2_PLACEMENT_3D('',#8193,#8194,#8195);
#8193 = CARTESIAN_POINT('',(-33.5,23.5,-14.5));
#8194 = DIRECTION('',(0.,0.,-1.));
#8195 = DIRECTION('',(1.,0.,0.));
#8196 = ADVANCED_FACE('',(#8197),#8210,.F.);
#8197 = FACE_BOUND('',#8198,.F.);
#8198 = EDGE_LOOP('',(#8199,#8200,#8201,#8202,#8203));
#8199 = ORIENTED_EDGE('',*,*,#6851,.F.);
#8200 = ORIENTED_EDGE('',*,*,#8156,.T.);
#8201 = ORIENTED_EDGE('',*,*,#8109,.T.);
#8202 = ORIENTED_EDGE('',*,*,#7148,.T.);
#8203 = ORIENTED_EDGE('',*,*,#8204,.T.);
#8204 = EDGE_CURVE('',#7149,#6843,#8205,.T.);
#8205 = CIRCLE('',#8206,1.5);
#8206 = AXIS2_PLACEMENT_3D('',#8207,#8208,#8209);
#8207 = CARTESIAN_POINT('',(-30.5,23.5,-8.1));
#8208 = DIRECTION('',(-1.,0.,0.));
#8209 = DIRECTION('',(0.,-1.,0.));
#8210 = CYLINDRICAL_SURFACE('',#8211,1.5);
#8211 = AXIS2_PLACEMENT_3D('',#8212,#8213,#8214);
#8212 = CARTESIAN_POINT('',(-41.,23.5,-8.1));
#8213 = DIRECTION('',(-1.,0.,0.));
#8214 = DIRECTION('',(0.,-1.,0.));
#8215 = ADVANCED_FACE('',(#8216),#8226,.T.);
#8216 = FACE_BOUND('',#8217,.T.);
#8217 = EDGE_LOOP('',(#8218,#8219,#8220,#8221,#8222,#8223,#8224,#8225));
#8218 = ORIENTED_EDGE('',*,*,#6842,.F.);
#8219 = ORIENTED_EDGE('',*,*,#6927,.T.);
#8220 = ORIENTED_EDGE('',*,*,#6950,.T.);
#8221 = ORIENTED_EDGE('',*,*,#7035,.T.);
#8222 = ORIENTED_EDGE('',*,*,#7070,.T.);
#8223 = ORIENTED_EDGE('',*,*,#7181,.T.);
#8224 = ORIENTED_EDGE('',*,*,#7156,.F.);
#8225 = ORIENTED_EDGE('',*,*,#8204,.T.);
#8226 = PLANE('',#8227);
#8227 = AXIS2_PLACEMENT_3D('',#8228,#8229,#8230);
#8228 = CARTESIAN_POINT('',(-30.5,23.5,-8.760374598817));
#8229 = DIRECTION('',(-1.,-0.,-0.));
#8230 = DIRECTION('',(0.,0.,-1.));
#8231 = ADVANCED_FACE('',(#8232),#8243,.F.);
#8232 = FACE_BOUND('',#8233,.F.);
#8233 = EDGE_LOOP('',(#8234,#8235,#8241,#8242));
#8234 = ORIENTED_EDGE('',*,*,#7226,.F.);
#8235 = ORIENTED_EDGE('',*,*,#8236,.T.);
#8236 = EDGE_CURVE('',#7227,#7587,#8237,.T.);
#8237 = LINE('',#8238,#8239);
#8238 = CARTESIAN_POINT('',(35.1,-43.5,-14.5));
#8239 = VECTOR('',#8240,1.);
#8240 = DIRECTION('',(0.,0.,1.));
#8241 = ORIENTED_EDGE('',*,*,#7586,.T.);
#8242 = ORIENTED_EDGE('',*,*,#8236,.F.);
#8243 = CYLINDRICAL_SURFACE('',#8244,1.6);
#8244 = AXIS2_PLACEMENT_3D('',#8245,#8246,#8247);
#8245 = CARTESIAN_POINT('',(33.5,-43.5,-14.5));
#8246 = DIRECTION('',(0.,0.,-1.));
#8247 = DIRECTION('',(1.,0.,0.));
#8248 = ADVANCED_FACE('',(#8249),#8265,.T.);
#8249 = FACE_BOUND('',#8250,.T.);
#8250 = EDGE_LOOP('',(#8251,#8252,#8259,#8260,#8261,#8262,#8263,#8264));
#8251 = ORIENTED_EDGE('',*,*,#7444,.T.);
#8252 = ORIENTED_EDGE('',*,*,#8253,.F.);
#8253 = EDGE_CURVE('',#7328,#7445,#8254,.T.);
#8254 = CIRCLE('',#8255,1.5);
#8255 = AXIS2_PLACEMENT_3D('',#8256,#8257,#8258);
#8256 = CARTESIAN_POINT('',(30.5,-43.5,-8.1));
#8257 = DIRECTION('',(-1.,2.2E-16,-2.2E-16));
#8258 = DIRECTION('',(-2.2E-16,-1.,0.));
#8259 = ORIENTED_EDGE('',*,*,#7335,.T.);
#8260 = ORIENTED_EDGE('',*,*,#7629,.F.);
#8261 = ORIENTED_EDGE('',*,*,#7605,.F.);
#8262 = ORIENTED_EDGE('',*,*,#7570,.F.);
#8263 = ORIENTED_EDGE('',*,*,#7546,.F.);
#8264 = ORIENTED_EDGE('',*,*,#7522,.F.);
#8265 = PLANE('',#8266);
#8266 = AXIS2_PLACEMENT_3D('',#8267,#8268,#8269);
#8267 = CARTESIAN_POINT('',(30.5,-43.5,-8.760374598817));
#8268 = DIRECTION('',(1.,0.,0.));
#8269 = DIRECTION('',(0.,0.,1.));
#8270 = ADVANCED_FACE('',(#8271),#8317,.F.);
#8271 = FACE_BOUND('',#8272,.T.);
#8272 = EDGE_LOOP('',(#8273,#8314,#8315,#8316));
#8273 = ORIENTED_EDGE('',*,*,#8274,.F.);
#8274 = EDGE_CURVE('',#7276,#7454,#8275,.T.);
#8275 = B_SPLINE_CURVE_WITH_KNOTS('',7,(#8276,#8277,#8278,#8279,#8280,
    #8281,#8282,#8283,#8284,#8285,#8286,#8287,#8288,#8289,#8290,#8291,
    #8292,#8293,#8294,#8295,#8296,#8297,#8298,#8299,#8300,#8301,#8302,
    #8303,#8304,#8305,#8306,#8307,#8308,#8309,#8310,#8311,#8312,#8313),
  .UNSPECIFIED.,.F.,.F.,(8,6,6,6,6,6,8),(0.,0.124943921723,
    0.353589022589,0.497928622206,0.648523532914,0.874063634385,1.),
  .UNSPECIFIED.);
#8276 = CARTESIAN_POINT('',(32.828713920895,-44.95236875482,-7.725));
#8277 = CARTESIAN_POINT('',(32.793766443938,-44.93621600112,
    -7.662440653916));
#8278 = CARTESIAN_POINT('',(32.755148815615,-44.91717640561,
    -7.601688221025));
#8279 = CARTESIAN_POINT('',(32.71442349443,-44.89546514871,-7.5428322219
    ));
#8280 = CARTESIAN_POINT('',(32.672700699892,-44.87127942128,
    -7.485918313486));
#8281 = CARTESIAN_POINT('',(32.630490544666,-44.84473286572,
    -7.430745093416));
#8282 = CARTESIAN_POINT('',(32.587866179672,-44.81563880993,
    -7.376849887088));
#8283 = CARTESIAN_POINT('',(32.465746663377,-44.72474902227,
    -7.226565355395));
#8284 = CARTESIAN_POINT('',(32.385775300996,-44.65642071088,
    -7.132969938383));
#8285 = CARTESIAN_POINT('',(32.306978591538,-44.57806276528,
    -7.043337300453));
#8286 = CARTESIAN_POINT('',(32.230921963774,-44.48907218852,
    -6.958557743948));
#8287 = CARTESIAN_POINT('',(32.15935522658,-44.38875386146,
    -6.879879788128));
#8288 = CARTESIAN_POINT('',(32.094381714604,-44.27645158701,
    -6.809152179051));
#8289 = CARTESIAN_POINT('',(32.003657963094,-44.07305218262,
    -6.711025973767));
#8290 = CARTESIAN_POINT('',(31.97193579755,-43.98863621226,
    -6.676896429294));
#8291 = CARTESIAN_POINT('',(31.944877863807,-43.89925043969,
    -6.647907665477));
#8292 = CARTESIAN_POINT('',(31.923517131124,-43.80577097296,
    -6.625087365323));
#8293 = CARTESIAN_POINT('',(31.908628634671,-43.7091853918,
    -6.609203838569));
#8294 = CARTESIAN_POINT('',(31.900721713183,-43.61055790796,
    -6.600769829832));
#8295 = CARTESIAN_POINT('',(31.899324144115,-43.40710857444,
    -6.599279084647));
#8296 = CARTESIAN_POINT('',(31.906485496029,-43.30399839777,
    -6.606917779001));
#8297 = CARTESIAN_POINT('',(31.92130369839,-43.20292925087,
    -6.622722395866));
#8298 = CARTESIAN_POINT('',(31.943235724279,-43.10513261679,
    -6.646145616999));
#8299 = CARTESIAN_POINT('',(31.97141601996,-43.01175237673,
    -6.676330141884));
#8300 = CARTESIAN_POINT('',(32.004666054139,-42.92380030592,
    -6.71210403901));
#8301 = CARTESIAN_POINT('',(32.09669229023,-42.71978337237,
    -6.811670857505));
#8302 = CARTESIAN_POINT('',(32.161122163401,-42.60888513961,
    -6.881829477127));
#8303 = CARTESIAN_POINT('',(32.232289098036,-42.50931805516,
    -6.960082723228));
#8304 = CARTESIAN_POINT('',(32.308108673518,-42.42076081161,
    -7.044623964284));
#8305 = CARTESIAN_POINT('',(32.386666490103,-42.34284432363,
    -7.133994050069));
#8306 = CARTESIAN_POINT('',(32.465989572837,-42.27517844571,
    -7.226923331737));
#8307 = CARTESIAN_POINT('',(32.586890844761,-42.18502788627,
    -7.375617310903));
#8308 = CARTESIAN_POINT('',(32.629683549537,-42.15577502161,
    -7.429690717451));
#8309 = CARTESIAN_POINT('',(32.67206390448,-42.12908960078,
    -7.485049775266));
#8310 = CARTESIAN_POINT('',(32.713959730754,-42.10478198289,
    -7.542161737138));
#8311 = CARTESIAN_POINT('',(32.754857456175,-42.08296719784,
    -7.601229584342));
#8312 = CARTESIAN_POINT('',(32.793635465721,-42.06384453711,
    -7.662206190307));
#8313 = CARTESIAN_POINT('',(32.828713920895,-42.04763124517,-7.725));
#8314 = ORIENTED_EDGE('',*,*,#7327,.T.);
#8315 = ORIENTED_EDGE('',*,*,#8253,.T.);
#8316 = ORIENTED_EDGE('',*,*,#7453,.F.);
#8317 = CYLINDRICAL_SURFACE('',#8318,1.5);
#8318 = AXIS2_PLACEMENT_3D('',#8319,#8320,#8321);
#8319 = CARTESIAN_POINT('',(41.,-43.5,-8.1));
#8320 = DIRECTION('',(1.,-2.2E-16,2.2E-16));
#8321 = DIRECTION('',(-2.2E-16,-1.,0.));
#8322 = ADVANCED_FACE('',(#8323),#8346,.F.);
#8323 = FACE_BOUND('',#8324,.F.);
#8324 = EDGE_LOOP('',(#8325,#8326,#8334,#8341,#8342,#8343,#8344,#8345));
#8325 = ORIENTED_EDGE('',*,*,#7352,.F.);
#8326 = ORIENTED_EDGE('',*,*,#8327,.T.);
#8327 = EDGE_CURVE('',#7353,#8328,#8330,.T.);
#8328 = VERTEX_POINT('',#8329);
#8329 = CARTESIAN_POINT('',(35.1,-43.5,-5.5));
#8330 = LINE('',#8331,#8332);
#8331 = CARTESIAN_POINT('',(35.1,-43.5,-14.5));
#8332 = VECTOR('',#8333,1.);
#8333 = DIRECTION('',(0.,0.,1.));
#8334 = ORIENTED_EDGE('',*,*,#8335,.T.);
#8335 = EDGE_CURVE('',#8328,#8328,#8336,.T.);
#8336 = CIRCLE('',#8337,1.6);
#8337 = AXIS2_PLACEMENT_3D('',#8338,#8339,#8340);
#8338 = CARTESIAN_POINT('',(33.5,-43.5,-5.5));
#8339 = DIRECTION('',(0.,0.,-1.));
#8340 = DIRECTION('',(1.,0.,0.));
#8341 = ORIENTED_EDGE('',*,*,#8327,.F.);
#8342 = ORIENTED_EDGE('',*,*,#7383,.F.);
#8343 = ORIENTED_EDGE('',*,*,#7461,.F.);
#8344 = ORIENTED_EDGE('',*,*,#8274,.F.);
#8345 = ORIENTED_EDGE('',*,*,#7275,.F.);
#8346 = CYLINDRICAL_SURFACE('',#8347,1.6);
#8347 = AXIS2_PLACEMENT_3D('',#8348,#8349,#8350);
#8348 = CARTESIAN_POINT('',(33.5,-43.5,-14.5));
#8349 = DIRECTION('',(0.,0.,-1.));
#8350 = DIRECTION('',(1.,0.,0.));
#8351 = ADVANCED_FACE('',(#8352),#8363,.F.);
#8352 = FACE_BOUND('',#8353,.F.);
#8353 = EDGE_LOOP('',(#8354,#8355,#8361,#8362));
#8354 = ORIENTED_EDGE('',*,*,#7674,.F.);
#8355 = ORIENTED_EDGE('',*,*,#8356,.T.);
#8356 = EDGE_CURVE('',#7675,#8035,#8357,.T.);
#8357 = LINE('',#8358,#8359);
#8358 = CARTESIAN_POINT('',(35.1,23.5,-14.5));
#8359 = VECTOR('',#8360,1.);
#8360 = DIRECTION('',(0.,0.,1.));
#8361 = ORIENTED_EDGE('',*,*,#8034,.T.);
#8362 = ORIENTED_EDGE('',*,*,#8356,.F.);
#8363 = CYLINDRICAL_SURFACE('',#8364,1.6);
#8364 = AXIS2_PLACEMENT_3D('',#8365,#8366,#8367);
#8365 = CARTESIAN_POINT('',(33.5,23.5,-14.5));
#8366 = DIRECTION('',(0.,0.,-1.));
#8367 = DIRECTION('',(1.,0.,0.));
#8368 = ADVANCED_FACE('',(#8369),#8385,.T.);
#8369 = FACE_BOUND('',#8370,.T.);
#8370 = EDGE_LOOP('',(#8371,#8372,#8379,#8380,#8381,#8382,#8383,#8384));
#8371 = ORIENTED_EDGE('',*,*,#7892,.T.);
#8372 = ORIENTED_EDGE('',*,*,#8373,.F.);
#8373 = EDGE_CURVE('',#7776,#7893,#8374,.T.);
#8374 = CIRCLE('',#8375,1.5);
#8375 = AXIS2_PLACEMENT_3D('',#8376,#8377,#8378);
#8376 = CARTESIAN_POINT('',(30.5,23.5,-8.1));
#8377 = DIRECTION('',(-1.,2.2E-16,-2.2E-16));
#8378 = DIRECTION('',(-2.2E-16,-1.,0.));
#8379 = ORIENTED_EDGE('',*,*,#7783,.T.);
#8380 = ORIENTED_EDGE('',*,*,#8077,.F.);
#8381 = ORIENTED_EDGE('',*,*,#8053,.F.);
#8382 = ORIENTED_EDGE('',*,*,#8018,.F.);
#8383 = ORIENTED_EDGE('',*,*,#7994,.F.);
#8384 = ORIENTED_EDGE('',*,*,#7970,.F.);
#8385 = PLANE('',#8386);
#8386 = AXIS2_PLACEMENT_3D('',#8387,#8388,#8389);
#8387 = CARTESIAN_POINT('',(30.5,23.5,-8.760374598817));
#8388 = DIRECTION('',(1.,0.,0.));
#8389 = DIRECTION('',(0.,0.,1.));
#8390 = ADVANCED_FACE('',(#8391),#8437,.F.);
#8391 = FACE_BOUND('',#8392,.T.);
#8392 = EDGE_LOOP('',(#8393,#8434,#8435,#8436));
#8393 = ORIENTED_EDGE('',*,*,#8394,.F.);
#8394 = EDGE_CURVE('',#7724,#7902,#8395,.T.);
#8395 = B_SPLINE_CURVE_WITH_KNOTS('',7,(#8396,#8397,#8398,#8399,#8400,
    #8401,#8402,#8403,#8404,#8405,#8406,#8407,#8408,#8409,#8410,#8411,
    #8412,#8413,#8414,#8415,#8416,#8417,#8418,#8419,#8420,#8421,#8422,
    #8423,#8424,#8425,#8426,#8427,#8428,#8429,#8430,#8431,#8432,#8433),
  .UNSPECIFIED.,.F.,.F.,(8,6,6,6,6,6,8),(0.,0.124943921847,
    0.353589022933,0.497928622556,0.648523533151,0.874063634487,1.),
  .UNSPECIFIED.);
#8396 = CARTESIAN_POINT('',(32.828713920895,22.047631245172,-7.725));
#8397 = CARTESIAN_POINT('',(32.793766443938,22.063783998874,
    -7.662440653916));
#8398 = CARTESIAN_POINT('',(32.755148815615,22.082823594383,
    -7.601688221025));
#8399 = CARTESIAN_POINT('',(32.71442349443,22.10453485129,-7.5428322219)
  );
#8400 = CARTESIAN_POINT('',(32.672700699892,22.128720578718,
    -7.485918313486));
#8401 = CARTESIAN_POINT('',(32.630490544666,22.155267134276,
    -7.430745093416));
#8402 = CARTESIAN_POINT('',(32.587866179672,22.184361190063,
    -7.376849887088));
#8403 = CARTESIAN_POINT('',(32.465746663378,22.275250977723,
    -7.226565355397));
#8404 = CARTESIAN_POINT('',(32.385775300997,22.343579289118,
    -7.132969938384));
#8405 = CARTESIAN_POINT('',(32.306978591538,22.421937234717,
    -7.043337300453));
#8406 = CARTESIAN_POINT('',(32.230921963774,22.510927811479,
    -6.958557743948));
#8407 = CARTESIAN_POINT('',(32.159355226579,22.611246138539,
    -6.879879788127));
#8408 = CARTESIAN_POINT('',(32.094381714603,22.723548412985,
    -6.809152179051));
#8409 = CARTESIAN_POINT('',(32.003657963127,22.926947817297,
    -6.711025973802));
#8410 = CARTESIAN_POINT('',(31.971935797542,23.011363787728,
    -6.676896429285));
#8411 = CARTESIAN_POINT('',(31.944877863784,23.100749560367,
    -6.647907665452));
#8412 = CARTESIAN_POINT('',(31.923517131119,23.194229027101,
    -6.625087365318));
#8413 = CARTESIAN_POINT('',(31.908628634683,23.290814608181,
    -6.609203838581));
#8414 = CARTESIAN_POINT('',(31.900721713183,23.389442091958,
    -6.600769829833));
#8415 = CARTESIAN_POINT('',(31.899324144115,23.592891425554,
    -6.599279084647));
#8416 = CARTESIAN_POINT('',(31.906485496029,23.696001602226,
    -6.606917779001));
#8417 = CARTESIAN_POINT('',(31.92130369839,23.79707074913,
    -6.622722395866));
#8418 = CARTESIAN_POINT('',(31.943235724279,23.894867383207,
    -6.646145616999));
#8419 = CARTESIAN_POINT('',(31.97141601996,23.988247623266,
    -6.676330141884));
#8420 = CARTESIAN_POINT('',(32.004666054139,24.076199694073,
    -6.71210403901));
#8421 = CARTESIAN_POINT('',(32.096692290239,24.28021662764,
    -6.811670857514));
#8422 = CARTESIAN_POINT('',(32.161122163414,24.391114860405,
    -6.881829477142));
#8423 = CARTESIAN_POINT('',(32.232289098043,24.490681944836,
    -6.960082723236));
#8424 = CARTESIAN_POINT('',(32.308108673516,24.579239188378,
    -7.044623964283));
#8425 = CARTESIAN_POINT('',(32.386666490085,24.657155676346,
    -7.133994050049));
#8426 = CARTESIAN_POINT('',(32.465989572821,24.724821554274,
    -7.226923331717));
#8427 = CARTESIAN_POINT('',(32.586890844761,24.814972113727,
    -7.375617310903));
#8428 = CARTESIAN_POINT('',(32.629683549537,24.844224978387,
    -7.429690717451));
#8429 = CARTESIAN_POINT('',(32.672063904479,24.87091039921,
    -7.485049775266));
#8430 = CARTESIAN_POINT('',(32.713959730755,24.895218017107,
    -7.542161737139));
#8431 = CARTESIAN_POINT('',(32.754857456175,24.917032802157,
    -7.601229584342));
#8432 = CARTESIAN_POINT('',(32.793635465721,24.936155462882,
    -7.662206190307));
#8433 = CARTESIAN_POINT('',(32.828713920895,24.952368754828,-7.725));
#8434 = ORIENTED_EDGE('',*,*,#7775,.T.);
#8435 = ORIENTED_EDGE('',*,*,#8373,.T.);
#8436 = ORIENTED_EDGE('',*,*,#7901,.F.);
#8437 = CYLINDRICAL_SURFACE('',#8438,1.5);
#8438 = AXIS2_PLACEMENT_3D('',#8439,#8440,#8441);
#8439 = CARTESIAN_POINT('',(41.,23.5,-8.1));
#8440 = DIRECTION('',(1.,-2.2E-16,2.2E-16));
#8441 = DIRECTION('',(-2.2E-16,-1.,0.));
#8442 = ADVANCED_FACE('',(#8443),#8466,.F.);
#8443 = FACE_BOUND('',#8444,.F.);
#8444 = EDGE_LOOP('',(#8445,#8446,#8454,#8461,#8462,#8463,#8464,#8465));
#8445 = ORIENTED_EDGE('',*,*,#7800,.F.);
#8446 = ORIENTED_EDGE('',*,*,#8447,.T.);
#8447 = EDGE_CURVE('',#7801,#8448,#8450,.T.);
#8448 = VERTEX_POINT('',#8449);
#8449 = CARTESIAN_POINT('',(35.1,23.5,-5.5));
#8450 = LINE('',#8451,#8452);
#8451 = CARTESIAN_POINT('',(35.1,23.5,-14.5));
#8452 = VECTOR('',#8453,1.);
#8453 = DIRECTION('',(0.,0.,1.));
#8454 = ORIENTED_EDGE('',*,*,#8455,.T.);
#8455 = EDGE_CURVE('',#8448,#8448,#8456,.T.);
#8456 = CIRCLE('',#8457,1.6);
#8457 = AXIS2_PLACEMENT_3D('',#8458,#8459,#8460);
#8458 = CARTESIAN_POINT('',(33.5,23.5,-5.5));
#8459 = DIRECTION('',(0.,0.,-1.));
#8460 = DIRECTION('',(1.,0.,0.));
#8461 = ORIENTED_EDGE('',*,*,#8447,.F.);
#8462 = ORIENTED_EDGE('',*,*,#7831,.F.);
#8463 = ORIENTED_EDGE('',*,*,#7909,.F.);
#8464 = ORIENTED_EDGE('',*,*,#8394,.F.);
#8465 = ORIENTED_EDGE('',*,*,#7723,.F.);
#8466 = CYLINDRICAL_SURFACE('',#8467,1.6);
#8467 = AXIS2_PLACEMENT_3D('',#8468,#8469,#8470);
#8468 = CARTESIAN_POINT('',(33.5,23.5,-14.5));
#8469 = DIRECTION('',(0.,0.,-1.));
#8470 = DIRECTION('',(1.,0.,0.));
#8471 = ADVANCED_FACE('',(#8472),#8475,.F.);
#8472 = FACE_BOUND('',#8473,.T.);
#8473 = EDGE_LOOP('',(#8474));
#8474 = ORIENTED_EDGE('',*,*,#8148,.T.);
#8475 = PLANE('',#8476);
#8476 = AXIS2_PLACEMENT_3D('',#8477,#8478,#8479);
#8477 = CARTESIAN_POINT('',(4.49E-15,-10.,-5.5));
#8478 = DIRECTION('',(0.,0.,1.));
#8479 = DIRECTION('',(1.,0.,0.));
#8480 = ADVANCED_FACE('',(#8481),#8484,.F.);
#8481 = FACE_BOUND('',#8482,.T.);
#8482 = EDGE_LOOP('',(#8483));
#8483 = ORIENTED_EDGE('',*,*,#8335,.T.);
#8484 = PLANE('',#8485);
#8485 = AXIS2_PLACEMENT_3D('',#8486,#8487,#8488);
#8486 = CARTESIAN_POINT('',(4.49E-15,-10.,-5.5));
#8487 = DIRECTION('',(0.,0.,1.));
#8488 = DIRECTION('',(1.,0.,0.));
#8489 = ADVANCED_FACE('',(#8490),#8493,.F.);
#8490 = FACE_BOUND('',#8491,.T.);
#8491 = EDGE_LOOP('',(#8492));
#8492 = ORIENTED_EDGE('',*,*,#8455,.T.);
#8493 = PLANE('',#8494);
#8494 = AXIS2_PLACEMENT_3D('',#8495,#8496,#8497);
#8495 = CARTESIAN_POINT('',(4.49E-15,-10.,-5.5));
#8496 = DIRECTION('',(0.,0.,1.));
#8497 = DIRECTION('',(1.,0.,0.));
#8498 = ADVANCED_FACE('',(#8499),#8505,.T.);
#8499 = FACE_BOUND('',#8500,.T.);
#8500 = EDGE_LOOP('',(#8501,#8502,#8503,#8504));
#8501 = ORIENTED_EDGE('',*,*,#1176,.F.);
#8502 = ORIENTED_EDGE('',*,*,#1479,.T.);
#8503 = ORIENTED_EDGE('',*,*,#1218,.T.);
#8504 = ORIENTED_EDGE('',*,*,#244,.F.);
#8505 = PLANE('',#8506);
#8506 = AXIS2_PLACEMENT_3D('',#8507,#8508,#8509);
#8507 = CARTESIAN_POINT('',(-41.5,-43.5,-3.));
#8508 = DIRECTION('',(-0.707106781187,-0.,-0.707106781187));
#8509 = DIRECTION('',(0.707106781187,0.,-0.707106781187));
#8510 = ADVANCED_FACE('',(#8511),#8517,.T.);
#8511 = FACE_BOUND('',#8512,.T.);
#8512 = EDGE_LOOP('',(#8513,#8514,#8515,#8516));
#8513 = ORIENTED_EDGE('',*,*,#2202,.F.);
#8514 = ORIENTED_EDGE('',*,*,#1265,.T.);
#8515 = ORIENTED_EDGE('',*,*,#2269,.T.);
#8516 = ORIENTED_EDGE('',*,*,#47,.F.);
#8517 = PLANE('',#8518);
#8518 = AXIS2_PLACEMENT_3D('',#8519,#8520,#8521);
#8519 = CARTESIAN_POINT('',(-41.5,23.5,-3.));
#8520 = DIRECTION('',(-0.707106781187,1.8E-16,-0.707106781187));
#8521 = DIRECTION('',(-0.707106781187,0.,0.707106781187));
#8522 = ADVANCED_FACE('',(#8523),#8529,.T.);
#8523 = FACE_BOUND('',#8524,.T.);
#8524 = EDGE_LOOP('',(#8525,#8526,#8527,#8528));
#8525 = ORIENTED_EDGE('',*,*,#1295,.T.);
#8526 = ORIENTED_EDGE('',*,*,#2241,.T.);
#8527 = ORIENTED_EDGE('',*,*,#3342,.F.);
#8528 = ORIENTED_EDGE('',*,*,#2312,.F.);
#8529 = PLANE('',#8530);
#8530 = AXIS2_PLACEMENT_3D('',#8531,#8532,#8533);
#8531 = CARTESIAN_POINT('',(-25.5,23.5,-3.));
#8532 = DIRECTION('',(0.707106781187,-1.5E-16,-0.707106781187));
#8533 = DIRECTION('',(0.707106781187,0.,0.707106781187));
#8534 = ADVANCED_FACE('',(#8535),#8541,.T.);
#8535 = FACE_BOUND('',#8536,.T.);
#8536 = EDGE_LOOP('',(#8537,#8538,#8539,#8540));
#8537 = ORIENTED_EDGE('',*,*,#1501,.T.);
#8538 = ORIENTED_EDGE('',*,*,#2786,.T.);
#8539 = ORIENTED_EDGE('',*,*,#3237,.F.);
#8540 = ORIENTED_EDGE('',*,*,#2802,.F.);
#8541 = PLANE('',#8542);
#8542 = AXIS2_PLACEMENT_3D('',#8543,#8544,#8545);
#8543 = CARTESIAN_POINT('',(-25.5,-43.5,-3.));
#8544 = DIRECTION('',(0.707106781187,0.,-0.707106781187));
#8545 = DIRECTION('',(0.707106781187,0.,0.707106781187));
#8546 = ADVANCED_FACE('',(#8547),#8553,.T.);
#8547 = FACE_BOUND('',#8548,.T.);
#8548 = EDGE_LOOP('',(#8549,#8550,#8551,#8552));
#8549 = ORIENTED_EDGE('',*,*,#2824,.F.);
#8550 = ORIENTED_EDGE('',*,*,#1533,.T.);
#8551 = ORIENTED_EDGE('',*,*,#2897,.T.);
#8552 = ORIENTED_EDGE('',*,*,#3945,.F.);
#8553 = PLANE('',#8554);
#8554 = AXIS2_PLACEMENT_3D('',#8555,#8556,#8557);
#8555 = CARTESIAN_POINT('',(25.5,-43.5,-3.));
#8556 = DIRECTION('',(-0.707106781187,-0.,-0.707106781187));
#8557 = DIRECTION('',(0.707106781187,0.,-0.707106781187));
#8558 = ADVANCED_FACE('',(#8559),#8565,.T.);
#8559 = FACE_BOUND('',#8560,.T.);
#8560 = EDGE_LOOP('',(#8561,#8562,#8563,#8564));
#8561 = ORIENTED_EDGE('',*,*,#1625,.T.);
#8562 = ORIENTED_EDGE('',*,*,#3015,.T.);
#8563 = ORIENTED_EDGE('',*,*,#4511,.F.);
#8564 = ORIENTED_EDGE('',*,*,#3088,.F.);
#8565 = PLANE('',#8566);
#8566 = AXIS2_PLACEMENT_3D('',#8567,#8568,#8569);
#8567 = CARTESIAN_POINT('',(25.5,23.5,-3.));
#8568 = DIRECTION('',(-0.707106781187,-0.,-0.707106781187));
#8569 = DIRECTION('',(0.707106781187,0.,-0.707106781187));
#8570 = ADVANCED_FACE('',(#8571),#8577,.T.);
#8571 = FACE_BOUND('',#8572,.T.);
#8572 = EDGE_LOOP('',(#8573,#8574,#8575,#8576));
#8573 = ORIENTED_EDGE('',*,*,#1563,.T.);
#8574 = ORIENTED_EDGE('',*,*,#2869,.T.);
#8575 = ORIENTED_EDGE('',*,*,#4055,.F.);
#8576 = ORIENTED_EDGE('',*,*,#2942,.F.);
#8577 = PLANE('',#8578);
#8578 = AXIS2_PLACEMENT_3D('',#8579,#8580,#8581);
#8579 = CARTESIAN_POINT('',(41.5,-43.5,-3.));
#8580 = DIRECTION('',(0.707106781187,-1.8E-16,-0.707106781187));
#8581 = DIRECTION('',(0.707106781187,0.,0.707106781187));
#8582 = ADVANCED_FACE('',(#8583),#8589,.T.);
#8583 = FACE_BOUND('',#8584,.T.);
#8584 = EDGE_LOOP('',(#8585,#8586,#8587,#8588));
#8585 = ORIENTED_EDGE('',*,*,#2970,.F.);
#8586 = ORIENTED_EDGE('',*,*,#1595,.T.);
#8587 = ORIENTED_EDGE('',*,*,#3043,.T.);
#8588 = ORIENTED_EDGE('',*,*,#4290,.F.);
#8589 = PLANE('',#8590);
#8590 = AXIS2_PLACEMENT_3D('',#8591,#8592,#8593);
#8591 = CARTESIAN_POINT('',(41.5,23.5,-3.));
#8592 = DIRECTION('',(0.707106781187,0.,-0.707106781187));
#8593 = DIRECTION('',(0.707106781187,0.,0.707106781187));
#8594 = ( GEOMETRIC_REPRESENTATION_CONTEXT(3) 
GLOBAL_UNCERTAINTY_ASSIGNED_CONTEXT((#8598)) 
GLOBAL_UNIT_ASSIGNED_CONTEXT((#8595,#8596,#8597)) REPRESENTATION_CONTEXT
('Context #1','3D Context with UNIT and UNCERTAINTY') );
#8595 = ( LENGTH_UNIT() NAMED_UNIT(*) SI_UNIT(.MILLI.,.METRE.) );
#8596 = ( NAMED_UNIT(*) PLANE_ANGLE_UNIT() SI_UNIT($,.RADIAN.) );
#8597 = ( NAMED_UNIT(*) SI_UNIT($,.STERADIAN.) SOLID_ANGLE_UNIT() );
#8598 = UNCERTAINTY_MEASURE_WITH_UNIT(LENGTH_MEASURE(2.E-05),#8595,
  'distance_accuracy_value','confusion accuracy');
#8599 = PRODUCT_RELATED_PRODUCT_CATEGORY('part',$,(#7));
ENDSEC;
END-ISO-10303-21;
